time_unix,elapsed_s,pid,sampler_pid,cpu_percent,rss_bytes,gpu_busy_percent,vram_used_bytes,vram_total_bytes,temp_edge_c,sclk,mclk,smi_error
1789610972.8588471,0.010345588001655415,191358,191400,5.4,719519744,3,2697342976,8573157376,56.0,700Mhz,96Mhz,
1789610973.2935712,0.4450707709984272,191358,191400,0.0,719519744,1,2695245824,8573157376,55.0,700Mhz,96Mhz,
1789610973.7147837,0.8662829489985597,191358,191400,2.4,719519744,1,2695245824,8573157376,56.0,700Mhz,96Mhz,
1789610974.1317737,1.283272937995207,191358,191400,0.0,719519744,2,2695245824,8573157376,55.0,700Mhz,96Mhz,
1789610974.5510325,1.702531992996228,191358,191400,2.4,719519744,2,2695245824,8573157376,55.0,700Mhz,96Mhz,
1789610974.973357,2.124856483002077,191358,191400,0.0,719519744,1,2695245824,8573157376,55.0,700Mhz,96Mhz,
1789610975.397374,2.5488731829973403,191358,191400,2.4,719519744,6,2695245824,8573157376,55.0,700Mhz,96Mhz,
1789610975.8168976,2.9683962509952835,191358,191400,2.4,719519744,4,2695245824,8573157376,55.0,700Mhz,96Mhz,
1789610976.2371736,3.3886724379990483,191358,191400,0.0,719519744,6,2695245824,8573157376,55.0,700Mhz,96Mhz,
1789610976.6557865,3.807285465998575,191358,191400,2.4,719519744,6,2695245824,8573157376,54.0,700Mhz,96Mhz,
1789610977.0791624,4.230661228997633,191358,191400,0.0,719519744,3,2692280320,8573157376,55.0,700Mhz,96Mhz,
1789610977.5119069,4.663405778999731,191358,191400,4.6,719519744,3,2692280320,8573157376,54.0,700Mhz,96Mhz,
1789610977.9441085,5.0956076930015115,191358,191400,0.0,719519744,6,2692280320,8573157376,54.0,700Mhz,96Mhz,
1789610978.3712473,5.522746517999622,191358,191400,2.5,719519744,4,2692280320,8573157376,54.0,700Mhz,96Mhz,
1789610978.7790668,5.930565752001712,191358,191400,2.3,719519744,7,2692280320,8573157376,54.0,700Mhz,96Mhz,
1789610979.222008,6.37350742900162,191358,191400,0.0,720367616,4,2692280320,8573157376,54.0,700Mhz,96Mhz,
1789610979.6425455,6.794044198999472,191358,191400,103.1,733491200,99,2706653184,8573157376,58.0,2635Mhz,675Mhz,
1789610980.0500455,7.201544488998479,191358,191400,101.1,733491200,99,2826190848,8573157376,59.0,2635Mhz,1000Mhz,
1789610980.465378,7.616877059001126,191358,191400,100.3,733491200,99,2826190848,8573157376,59.0,2635Mhz,1000Mhz,
1789610980.8841612,8.035660718996951,191358,191400,104.0,733491200,99,2826190848,8573157376,59.0,2635Mhz,1000Mhz,
1789610981.3076737,8.459172572998796,191358,191400,100.2,733491200,99,2824093696,8573157376,60.0,2635Mhz,675Mhz,
1789610981.7268593,8.878358246998687,191358,191400,100.8,733491200,99,2824093696,8573157376,58.0,2635Mhz,675Mhz,
1789610982.1437008,9.295199565000075,191358,191400,101.3,733491200,99,2821996544,8573157376,59.0,2635Mhz,1000Mhz,
1789610982.558132,9.709631124002044,191358,191400,103.1,733491200,99,2821996544,8573157376,58.0,2635Mhz,541Mhz,
1789610982.9750597,10.126558712996484,191358,191400,100.1,733491200,99,2821996544,8573157376,59.0,2635Mhz,1000Mhz,
1789610983.3949065,10.546405665001657,191358,191400,103.1,733491200,99,2821996544,8573157376,60.0,2635Mhz,1000Mhz,
1789610983.8119998,10.96349935499893,191358,191400,100.7,733491200,99,2824093696,8573157376,60.0,2635Mhz,1000Mhz,
1789610984.2386622,11.390161105002335,191358,191400,101.0,733491200,99,2824093696,8573157376,59.0,2635Mhz,1000Mhz,
1789610984.654527,11.806026330996247,191358,191400,101.1,733491200,99,2824093696,8573157376,59.0,2635Mhz,1000Mhz,
1789610985.0702753,12.221774375997484,191358,191400,102.1,733491200,99,2821996544,8573157376,61.0,2635Mhz,1000Mhz,
1789610985.4816778,12.633177170995623,191358,191400,103.2,733491200,99,2821996544,8573157376,61.0,2635Mhz,1000Mhz,
1789610985.8981586,13.049657543997455,191358,191400,100.1,733491200,99,2821996544,8573157376,61.0,2635Mhz,1000Mhz,
1789610986.3176115,13.469110480997188,191358,191400,102.6,733491200,99,2821996544,8573157376,61.0,2635Mhz,1000Mhz,
1789610986.7367861,13.888284986001963,191358,191400,101.8,733491200,99,2821996544,8573157376,61.0,2635Mhz,1000Mhz,
1789610987.159198,14.310697016997437,191358,191400,100.0,733491200,99,2821996544,8573157376,61.0,2635Mhz,1000Mhz,
1789610987.5794904,14.73098974399909,191358,191400,101.8,733491200,99,2824093696,8573157376,61.0,2635Mhz,1000Mhz,
1789610988.001653,15.153151892998721,191358,191400,101.7,733491200,99,2824093696,8573157376,61.0,2635Mhz,1000Mhz,
1789610988.4144497,15.565948573996138,191358,191400,101.3,733609984,99,2824093696,8573157376,62.0,2635Mhz,1000Mhz,
1789610988.8389742,15.990473338999436,191358,191400,103.2,733609984,99,2821996544,8573157376,62.0,2635Mhz,1000Mhz,
1789610989.2652676,16.416766674999963,191358,191400,163.1,733609984,99,2821996544,8573157376,61.0,2635Mhz,1000Mhz,
1789610989.6821814,16.83368023300136,191358,191400,200.8,733609984,99,2821996544,8573157376,62.0,2635Mhz,1000Mhz,
1789610990.090524,17.242022803002328,191358,191400,148.7,733609984,99,2821996544,8573157376,62.0,2635Mhz,1000Mhz,
1789610990.5143433,17.66584228099964,191358,191400,100.4,733609984,99,2821996544,8573157376,62.0,2625Mhz,1000Mhz,
1789610990.9327397,18.08423894600128,191358,191400,102.2,733609984,99,2821996544,8573157376,62.0,2625Mhz,1000Mhz,
1789610991.3536634,18.505162389999896,191358,191400,103.0,733609984,99,2821996544,8573157376,62.0,2625Mhz,1000Mhz,
1789610991.7711601,18.92265873499855,191358,191400,100.2,733609984,99,2824093696,8573157376,63.0,2625Mhz,1000Mhz,
1789610992.200515,19.352014185998996,191358,191400,102.0,733609984,99,2824093696,8573157376,63.0,2625Mhz,1000Mhz,
1789610992.6222086,19.773707360000117,191358,191400,102.5,733609984,99,2824093696,8573157376,62.0,2625Mhz,1000Mhz,
1789610993.0414991,20.192998164995515,191358,191400,99.8,733609984,99,2821996544,8573157376,62.0,2625Mhz,1000Mhz,
1789610993.4522974,20.603796442999737,191358,191400,101.7,733609984,99,2821996544,8573157376,63.0,2625Mhz,1000Mhz,
1789610993.8653824,21.016881466995983,191358,191400,101.5,733609984,99,2821996544,8573157376,63.0,2625Mhz,1000Mhz,
1789610994.2889671,21.440466052001284,191358,191400,101.0,733716480,99,2821996544,8573157376,62.0,2625Mhz,1000Mhz,
1789610994.704739,21.856238246997236,191358,191400,101.9,733716480,99,2821996544,8573157376,61.0,2625Mhz,1000Mhz,
1789610995.126661,22.278160062996903,191358,191400,100.8,733716480,99,2821996544,8573157376,61.0,2625Mhz,675Mhz,
1789610995.543499,22.694998020997446,191358,191400,101.6,733716480,99,2821996544,8573157376,61.0,2625Mhz,675Mhz,
1789610995.9566236,23.108122634999745,191358,191400,102.4,733716480,99,2824093696,8573157376,60.0,2625Mhz,675Mhz,
1789610996.376674,23.528173049002362,191358,191400,101.8,733716480,99,2824093696,8573157376,61.0,2625Mhz,1000Mhz,
1789610996.7989604,23.950459389998286,191358,191400,100.4,733716480,99,2821996544,8573157376,61.0,2625Mhz,1000Mhz,
1789610997.2173111,24.36881027399795,191358,191400,102.4,733716480,99,2821996544,8573157376,61.0,2625Mhz,1000Mhz,
1789610997.6469305,24.798429228001623,191358,191400,100.0,733716480,99,2830028800,8573157376,61.0,2625Mhz,1000Mhz,
1789610998.0568876,25.208386717000394,191358,191400,103.3,733716480,99,2830028800,8573157376,61.0,2625Mhz,675Mhz,
1789610998.4731913,25.62469016799878,191358,191400,101.5,733716480,99,2830028800,8573157376,61.0,2625Mhz,675Mhz,
1789610998.8868923,26.038391169000533,191358,191400,100.1,733716480,99,2830028800,8573157376,61.0,2625Mhz,541Mhz,
1789610999.3065095,26.458008478999545,191358,191400,102.5,733716480,99,2830028800,8573157376,60.0,2625Mhz,1000Mhz,
1789610999.726151,26.87765009800205,191358,191400,101.7,733716480,99,2832125952,8573157376,61.0,2625Mhz,1000Mhz,
1789611000.1490269,27.300525844999356,191358,191400,99.4,733716480,99,2832125952,8573157376,62.0,2625Mhz,1000Mhz,
1789611000.5712433,27.722742143996584,191358,191400,102.8,733716480,99,2832125952,8573157376,62.0,2625Mhz,1000Mhz,
1789611000.9993625,28.150861390997306,191358,191400,99.8,733716480,99,2830028800,8573157376,62.0,2625Mhz,1000Mhz,
1789611001.410045,28.561542997995275,191358,191400,102.9,733716480,99,2830028800,8573157376,62.0,2625Mhz,1000Mhz,
1789611001.8280187,28.97951777799608,191358,191400,101.0,733716480,99,2830028800,8573157376,62.0,2625Mhz,1000Mhz,
1789611002.2539399,29.405439620000834,191358,191400,99.9,733716480,99,2827931648,8573157376,62.0,2625Mhz,1000Mhz,
1789611002.6841826,29.835681320997537,191358,191400,102.6,733716480,99,2827931648,8573157376,62.0,2625Mhz,1000Mhz,
1789611003.103376,30.254875025995716,191358,191400,100.4,733716480,99,2822000640,8573157376,62.0,2625Mhz,1000Mhz,
1789611003.5215695,30.673068407995743,191358,191400,102.8,733806592,99,2822000640,8573157376,63.0,2625Mhz,1000Mhz,
1789611003.9397871,31.091286151997338,191358,191400,100.7,733806592,99,2824097792,8573157376,63.0,2625Mhz,1000Mhz,
1789611004.3568087,31.508307670999784,191358,191400,102.8,733806592,99,2824097792,8573157376,63.0,2625Mhz,1000Mhz,
1789611004.7748508,31.92634998200083,191358,191400,100.5,733806592,99,2824097792,8573157376,63.0,2625Mhz,1000Mhz,
1789611005.2027822,32.354281296997215,191358,191400,103.1,733806592,99,2822000640,8573157376,62.0,2625Mhz,1000Mhz,
1789611005.6298158,32.78131524199853,191358,191400,99.9,733806592,99,2822000640,8573157376,63.0,2625Mhz,1000Mhz,
1789611006.0502715,33.201770380997914,191358,191400,104.1,733806592,99,2822000640,8573157376,63.0,2625Mhz,1000Mhz,
1789611006.472756,33.62425495299976,191358,191400,100.5,733806592,99,2822000640,8573157376,63.0,2625Mhz,1000Mhz,
1789611006.890919,34.04241798500152,191358,191400,102.6,733806592,99,2822000640,8573157376,63.0,2625Mhz,1000Mhz,
1789611007.3099582,34.461457138000696,191358,191400,100.7,733806592,99,2822000640,8573157376,63.0,2625Mhz,1000Mhz,
1789611007.7370558,34.88855508300185,191358,191400,100.9,733806592,99,2824097792,8573157376,64.0,2625Mhz,1000Mhz,
1789611008.162956,35.31445486500161,191358,191400,103.0,733806592,99,2824097792,8573157376,64.0,2625Mhz,1000Mhz,
1789611008.5805748,35.73207357100182,191358,191400,99.8,733806592,99,2824097792,8573157376,63.0,2625Mhz,1000Mhz,
1789611009.0012796,36.15277869300189,191358,191400,103.5,733806592,99,2822000640,8573157376,63.0,2625Mhz,1000Mhz,
1789611009.4260654,36.57756462100224,191358,191400,100.9,735330304,99,2822000640,8573157376,62.0,2625Mhz,675Mhz,
1789611009.8423831,36.99388233300124,191358,191400,100.7,735330304,99,2822000640,8573157376,62.0,2625Mhz,1000Mhz,
1789611010.2596834,37.41118228599953,191358,191400,100.4,735330304,99,2822000640,8573157376,61.0,2625Mhz,1000Mhz,
1789611010.6880708,37.83956958499766,191358,191400,101.6,735330304,99,2822000640,8573157376,62.0,2625Mhz,1000Mhz,
1789611011.101392,38.25289121199603,191358,191400,102.8,735330304,99,2822000640,8573157376,61.0,2625Mhz,1000Mhz,
1789611011.5198317,38.67133042799833,191358,191400,100.3,735330304,99,2822000640,8573157376,61.0,2625Mhz,675Mhz,
1789611011.948403,39.099901989997306,191358,191400,102.2,735330304,99,2824097792,8573157376,61.0,2625Mhz,1000Mhz,
1789611012.3694077,39.5209065559975,191358,191400,100.2,735330304,99,2824097792,8573157376,62.0,2625Mhz,1000Mhz,
1789611012.788159,39.93965791499795,191358,191400,102.8,735330304,99,2824097792,8573157376,61.0,2625Mhz,1000Mhz,
1789611013.2163846,40.36788397299824,191358,191400,101.1,735330304,99,2822000640,8573157376,62.0,2625Mhz,1000Mhz,
1789611013.6414168,40.79291549499612,191358,191400,101.6,735330304,99,2822000640,8573157376,61.0,2625Mhz,675Mhz,
1789611014.0647874,41.21628674699605,191358,191400,101.2,735330304,99,2822000640,8573157376,61.0,2625Mhz,1000Mhz,
1789611014.489959,41.64145819999976,191358,191400,100.9,735330304,99,2822000640,8573157376,61.0,2625Mhz,1000Mhz,
1789611014.9162645,42.06776355599868,191358,191400,102.9,735334400,99,2822000640,8573157376,62.0,2625Mhz,1000Mhz,
1789611015.343908,42.49540703799721,191358,191400,100.0,735334400,99,2822000640,8573157376,63.0,2625Mhz,1000Mhz,
1789611015.7737324,42.925231503999385,191358,191400,101.0,735334400,99,2824097792,8573157376,63.0,2625Mhz,1000Mhz,
1789611016.1995788,43.351077724997594,191358,191400,103.3,735334400,99,2824097792,8573157376,63.0,2625Mhz,1000Mhz,
1789611016.605892,43.75739113199961,191358,191400,100.0,735334400,99,2824097792,8573157376,63.0,2625Mhz,1000Mhz,
1789611017.0158637,44.1673622399976,191358,191400,102.9,735334400,99,2822000640,8573157376,63.0,2625Mhz,1000Mhz,
1789611017.433983,44.585482251997746,191358,191400,101.0,735334400,99,2822000640,8573157376,63.0,2625Mhz,1000Mhz,
1789611017.8595743,45.011073590001615,191358,191400,101.0,735334400,99,2822000640,8573157376,63.0,2625Mhz,1000Mhz,
1789611018.2754889,45.4269880369975,191358,191400,101.7,736866304,99,2822000640,8573157376,64.0,2625Mhz,1000Mhz,
1789611018.7078607,45.85936030300218,191358,191400,101.4,736866304,99,2822000640,8573157376,64.0,2625Mhz,1000Mhz,
1789611019.1222599,46.273758112001815,191358,191400,102.1,736866304,99,2822000640,8573157376,64.0,2625Mhz,1000Mhz,
1789611019.5532691,46.70476835199952,191358,191400,102.0,736866304,99,2822000640,8573157376,64.0,2625Mhz,1000Mhz,
1789611019.9849775,47.1364763399979,191358,191400,127.5,736866304,99,2824097792,8573157376,64.0,2625Mhz,1000Mhz,
1789611020.4004285,47.55192689199612,191358,191400,202.5,736866304,99,2824097792,8573157376,64.0,2625Mhz,1000Mhz,
1789611020.8103297,47.9618281189978,191358,191400,199.3,736866304,99,2824097792,8573157376,64.0,2625Mhz,1000Mhz,
1789611021.2219205,48.37341892599943,191358,191400,202.3,736866304,99,2822000640,8573157376,64.0,2625Mhz,1000Mhz,
1789611021.6321359,48.78363485800219,191358,191400,200.6,736866304,96,2822000640,8573157376,64.0,2625Mhz,1000Mhz,
1789611022.0458043,49.197303189001104,191358,191400,200.5,736866304,99,2822000640,8573157376,64.0,2625Mhz,1000Mhz,
1789611022.464832,49.61633084099594,191358,191400,203.6,736866304,99,2822000640,8573157376,64.0,2625Mhz,1000Mhz,
1789611022.8724995,50.02399872300157,191358,191400,199.9,736866304,99,2822000640,8573157376,64.0,2625Mhz,1000Mhz,
1789611023.287749,50.439247771995724,191358,191400,201.9,736866304,99,2822000640,8573157376,64.0,2625Mhz,1000Mhz,
1789611023.7037938,50.85529237100127,191358,191400,199.9,736866304,99,2824097792,8573157376,64.0,2625Mhz,1000Mhz,
1789611024.1140823,51.2655814030004,191358,191400,201.5,736866304,99,2824097792,8573157376,64.0,2625Mhz,1000Mhz,
1789611024.5309296,51.68242838999868,191358,191400,51.8,736870400,4,2824097792,8573157376,59.0,700Mhz,96Mhz,
1789611024.956057,52.107556262999424,191358,191400,2.4,736870400,4,2822000640,8573157376,58.0,700Mhz,96Mhz,
1789611025.3775532,52.5290520540002,191358,191400,2.4,736870400,1,2822000640,8573157376,57.0,700Mhz,96Mhz,
1789611025.799156,52.95065495599556,191358,191400,0.0,736870400,2,2822000640,8573157376,57.0,700Mhz,96Mhz,
1789611026.2394612,53.39096037299896,191358,191400,2.4,736870400,3,2822000640,8573157376,57.0,700Mhz,96Mhz,
1789611026.664064,53.81556295899645,191358,191400,2.4,736870400,2,2822000640,8573157376,57.0,700Mhz,96Mhz,
1789611027.0839865,54.23548580199713,191358,191400,2.3,736870400,1,2822000640,8573157376,57.0,700Mhz,96Mhz,
1789611027.51594,54.66743885300093,191358,191400,2.3,736870400,1,2822000640,8573157376,57.0,700Mhz,96Mhz,
1789611027.9506555,55.10215486599918,191358,191400,0.0,736870400,5,2824097792,8573157376,57.0,700Mhz,96Mhz,
1789611028.3872025,55.538701199999196,191358,191400,2.5,736870400,3,2824097792,8573157376,56.0,700Mhz,96Mhz,
1789611028.793424,55.94492286499735,191358,191400,2.4,736870400,2,2822000640,8573157376,56.0,700Mhz,96Mhz,
1789611029.2108843,56.36238353000226,191358,191400,0.0,736870400,3,2832994304,8573157376,56.0,700Mhz,96Mhz,
1789611029.6381347,56.78963373699662,191358,191400,2.3,736870400,1,2832994304,8573157376,56.0,700Mhz,96Mhz,
1789611030.0659654,57.21746406999591,191358,191400,2.4,736870400,2,2832994304,8573157376,56.0,700Mhz,96Mhz,
1789611030.4886224,57.640121204000025,191358,191400,0.0,736870400,1,2832994304,8573157376,56.0,700Mhz,96Mhz,
1789611030.9200122,58.07151138899644,191358,191400,2.3,736870400,2,2832994304,8573157376,56.0,700Mhz,96Mhz,
1789611031.346826,58.498324840998976,191358,191400,2.2,736870400,0,2830897152,8573157376,55.0,700Mhz,96Mhz,
1789611031.8045256,58.95602419699571,191358,191400,0.0,736870400,3,2835087360,8573157376,55.0,700Mhz,96Mhz,
1789611032.2292645,59.38076325500151,191358,191400,192.0,738385920,99,2835087360,8573157376,59.0,2635Mhz,541Mhz,
1789611032.6459484,59.797447550998186,191358,191400,202.4,738385920,99,2835087360,8573157376,59.0,2635Mhz,1000Mhz,
1789611033.0560093,60.20750756099733,191358,191400,203.3,738385920,99,2832990208,8573157376,60.0,2635Mhz,1000Mhz,
1789611033.4642355,60.615734179002175,191358,191400,201.2,738385920,99,2830893056,8573157376,61.0,2635Mhz,1000Mhz,
1789611033.8868372,61.03833609299909,191358,191400,200.6,738385920,99,2830893056,8573157376,61.0,2635Mhz,1000Mhz,
1789611034.3005414,61.45204026399733,191358,191400,200.2,738385920,99,2830893056,8573157376,60.0,2635Mhz,675Mhz,
1789611034.705065,61.85656387999916,191358,191400,201.9,738385920,99,2824962048,8573157376,60.0,2635Mhz,675Mhz,
1789611035.1211593,62.27265823900234,191358,191400,201.8,738385920,99,2824962048,8573157376,60.0,2635Mhz,675Mhz,
1789611035.5373259,62.68882467899675,191358,191400,201.0,738385920,99,2824962048,8573157376,60.0,2635Mhz,1000Mhz,
1789611035.9552598,63.10675865799567,191358,191400,201.2,738385920,99,2827059200,8573157376,59.0,2635Mhz,1000Mhz,
1789611036.367888,63.519386656997085,191358,191400,200.5,738385920,99,2827059200,8573157376,61.0,2635Mhz,1000Mhz,
1789611036.7869208,63.93841933999647,191358,191400,202.0,738385920,99,2824962048,8573157376,61.0,2635Mhz,1000Mhz,
1789611037.1977165,64.34921525800019,191358,191400,203.9,738385920,99,2821996544,8573157376,60.0,2635Mhz,675Mhz,
1789611037.6244123,64.77591116899566,191358,191400,198.6,738385920,99,2821996544,8573157376,61.0,2635Mhz,1000Mhz,
1789611038.037393,65.18889190199843,191358,191400,201.3,738385920,99,2821996544,8573157376,61.0,2635Mhz,1000Mhz,
1789611038.4497652,65.60126414799743,191358,191400,201.6,738385920,99,2821996544,8573157376,61.0,2635Mhz,1000Mhz,
1789611038.8713372,66.02283614000044,191358,191400,201.3,738385920,99,2821996544,8573157376,62.0,2635Mhz,1000Mhz,
1789611039.2837217,66.43522057600057,191358,191400,200.5,738385920,99,2821996544,8573157376,62.0,2635Mhz,1000Mhz,
1789611039.697697,66.84919606999756,191358,191400,204.1,738385920,99,2824093696,8573157376,62.0,2635Mhz,1000Mhz,
1789611040.1093404,67.26083914799528,191358,191400,199.7,738385920,99,2824093696,8573157376,62.0,2635Mhz,1000Mhz,
1789611040.5199363,67.6714351039991,191358,191400,200.2,738385920,99,2824093696,8573157376,62.0,2635Mhz,1000Mhz,
1789611040.9394732,68.09097208199819,191358,191400,201.6,739921920,99,2821996544,8573157376,62.0,2625Mhz,1000Mhz,
1789611041.3660917,68.5175905319993,191358,191400,200.1,739921920,99,2821996544,8573157376,63.0,2625Mhz,1000Mhz,
1789611041.7858949,68.9373936330012,191358,191400,199.1,739921920,99,2821996544,8573157376,63.0,2625Mhz,1000Mhz,
1789611042.1977675,69.34926632299903,191358,191400,202.2,739921920,99,2821996544,8573157376,63.0,2625Mhz,1000Mhz,
1789611042.6231508,69.77464952899754,191358,191400,200.6,739921920,99,2821996544,8573157376,63.0,2625Mhz,1000Mhz,
1789611043.0369453,70.18844431099569,191358,191400,202.9,739921920,99,2821996544,8573157376,63.0,2625Mhz,1000Mhz,
1789611043.4510207,70.60251944699849,191358,191400,198.4,739921920,99,2821996544,8573157376,63.0,2625Mhz,1000Mhz,
1789611043.8693306,71.02082939099637,191358,191400,202.3,739921920,99,2824093696,8573157376,63.0,2625Mhz,1000Mhz,
1789611044.2845101,71.43600876999699,191358,191400,200.0,739921920,99,2824093696,8573157376,63.0,2625Mhz,1000Mhz,
1789611044.709572,71.86107082200033,191358,191400,202.0,739921920,99,2824093696,8573157376,63.0,2625Mhz,1000Mhz,
1789611045.1253653,72.2768644769967,191358,191400,201.9,739921920,99,2821996544,8573157376,64.0,2625Mhz,1000Mhz,
1789611045.5363455,72.68784454699926,191358,191400,200.5,739921920,99,2819031040,8573157376,63.0,2625Mhz,1000Mhz,
1789611045.9552128,73.10671147800167,191358,191400,199.5,739921920,99,2819031040,8573157376,64.0,2625Mhz,1000Mhz,
1789611046.3863366,73.53783530899818,191358,191400,201.1,739921920,99,2819031040,8573157376,63.0,2625Mhz,1000Mhz,
1789611046.7991562,73.95065518000047,191358,191400,200.5,739921920,99,2819031040,8573157376,63.0,2625Mhz,1000Mhz,
1789611047.217894,74.3693929000001,191358,191400,200.2,739983360,99,2819031040,8573157376,61.0,2625Mhz,1000Mhz,
1789611047.6324198,74.78391867000028,191358,191400,201.8,739983360,99,2829156352,8573157376,62.0,2625Mhz,1000Mhz,
1789611048.0635536,75.21505232199706,191358,191400,201.2,739983360,99,2829156352,8573157376,62.0,2625Mhz,1000Mhz,
1789611048.4859788,75.63747799400153,191358,191400,199.1,739983360,99,2829156352,8573157376,61.0,2625Mhz,1000Mhz,
1789611048.9078076,76.0593063080014,191358,191400,203.5,739983360,99,2827059200,8573157376,61.0,2625Mhz,1000Mhz,
1789611049.3205414,76.47204029800196,191358,191400,201.8,739983360,99,2827059200,8573157376,62.0,2625Mhz,1000Mhz,
1789611049.7319064,76.88340511299612,191358,191400,200.5,739983360,99,2824962048,8573157376,61.0,2625Mhz,1000Mhz,
1789611050.145904,77.29740294799558,191358,191400,201.1,739983360,99,2824962048,8573157376,61.0,2625Mhz,675Mhz,
1789611050.558603,77.710101648001,191358,191400,202.5,739983360,99,2824962048,8573157376,61.0,2625Mhz,1000Mhz,
1789611050.973367,78.12486567100132,191358,191400,201.5,739983360,99,2824962048,8573157376,62.0,2625Mhz,1000Mhz,
1789611051.3903446,78.54184389999864,191358,191400,200.1,739983360,99,2824962048,8573157376,61.0,2625Mhz,675Mhz,
1789611051.815136,78.96663464899757,191358,191400,200.9,739983360,99,2827059200,8573157376,61.0,2625Mhz,1000Mhz,
1789611052.2383547,79.38985359000071,191358,191400,202.4,739983360,99,2827059200,8573157376,61.0,2625Mhz,675Mhz,
1789611052.6682503,79.8197491969986,191358,191400,203.1,739983360,99,2827059200,8573157376,61.0,2625Mhz,1000Mhz,
1789611053.0963957,80.24789445399801,191358,191400,199.8,739983360,99,2821996544,8573157376,61.0,2625Mhz,541Mhz,
1789611053.5167632,80.66826177199982,191358,191400,201.5,739983360,99,2821996544,8573157376,61.0,2625Mhz,1000Mhz,
1789611053.9385536,81.09005237599922,191358,191400,202.5,739983360,99,2821996544,8573157376,61.0,2625Mhz,1000Mhz,
1789611054.3535087,81.50500726199971,191358,191400,198.5,739983360,99,2821996544,8573157376,61.0,2625Mhz,1000Mhz,
1789611054.766548,81.91804683599912,191358,191400,203.2,739983360,99,2821996544,8573157376,62.0,2625Mhz,1000Mhz,
1789611055.1800358,82.33153472499544,191358,191400,201.3,739983360,99,2821996544,8573157376,61.0,2625Mhz,675Mhz,
1789611055.5972908,82.74878972699662,191358,191400,200.8,739983360,99,2824093696,8573157376,62.0,2625Mhz,1000Mhz,
1789611056.0104113,83.16191034099757,191358,191400,201.0,739983360,99,2824093696,8573157376,62.0,2625Mhz,1000Mhz,
1789611056.4332557,83.5847544979988,191358,191400,198.7,739983360,99,2824093696,8573157376,63.0,2625Mhz,1000Mhz,
1789611056.856089,84.00758807399689,191358,191400,201.3,739983360,99,2821996544,8573157376,63.0,2625Mhz,1000Mhz,
1789611057.283333,84.43483194099827,191358,191400,204.2,739983360,99,2821996544,8573157376,63.0,2625Mhz,1000Mhz,
1789611057.704503,84.85600192799757,191358,191400,199.0,739983360,99,2821996544,8573157376,63.0,2625Mhz,1000Mhz,
1789611058.1164896,85.26798849999614,191358,191400,200.9,739983360,99,2821996544,8573157376,63.0,2625Mhz,1000Mhz,
1789611058.5296817,85.68118043499999,191358,191400,202.1,739983360,99,2821996544,8573157376,63.0,2625Mhz,1000Mhz,
1789611058.9453735,86.0968724389968,191358,191400,202.3,739983360,99,2821996544,8573157376,63.0,2625Mhz,1000Mhz,
1789611059.3654816,86.51698057400063,191358,191400,200.6,739983360,99,2821996544,8573157376,64.0,2625Mhz,1000Mhz,
1789611059.784326,86.93582487499953,191358,191400,202.6,739983360,99,2824093696,8573157376,63.0,2625Mhz,1000Mhz,
1789611060.2038376,87.35533646299882,191358,191400,200.8,739983360,99,2824093696,8573157376,63.0,2625Mhz,1000Mhz,
1789611060.6221294,87.77362816700042,191358,191400,201.5,739983360,99,2824093696,8573157376,64.0,2625Mhz,1000Mhz,
1789611061.0390198,88.19051867500093,191358,191400,199.9,739983360,99,2830024704,8573157376,63.0,2625Mhz,1000Mhz,
1789611061.4593022,88.61080075200152,191358,191400,200.5,739983360,99,2830024704,8573157376,63.0,2625Mhz,1000Mhz,
1789611061.8783002,89.02979905399843,191358,191400,200.8,739983360,99,2830024704,8573157376,63.0,2625Mhz,1000Mhz,
1789611062.2867348,89.43823355499626,191358,191400,202.1,741519360,99,2830024704,8573157376,64.0,2625Mhz,1000Mhz,
1789611062.7024632,89.85396251999919,191358,191400,200.3,741519360,99,2830024704,8573157376,63.0,2625Mhz,1000Mhz,
1789611063.121793,90.27329215499776,191358,191400,203.5,741519360,99,2830024704,8573157376,63.0,2625Mhz,1000Mhz,
1789611063.534547,90.68604573600169,191358,191400,199.5,741519360,99,2827927552,8573157376,63.0,2625Mhz,1000Mhz,
1789611063.9455147,91.09701330599637,191358,191400,201.9,741519360,99,2830024704,8573157376,63.0,2625Mhz,1000Mhz,
1789611064.3565524,91.50805104699975,191358,191400,201.0,741519360,99,2830024704,8573157376,63.0,2625Mhz,1000Mhz,
1789611064.7843857,91.93588469999668,191358,191400,199.4,741519360,99,2830024704,8573157376,63.0,2625Mhz,1000Mhz,
1789611065.1955655,92.34706440300215,191358,191400,202.0,741519360,99,2827927552,8573157376,64.0,2625Mhz,1000Mhz,
1789611065.616253,92.76775173399801,191358,191400,201.9,741519360,99,2827927552,8573157376,64.0,2625Mhz,1000Mhz,
1789611066.0274124,93.17891149599745,191358,191400,200.8,741519360,99,2827927552,8573157376,64.0,2625Mhz,1000Mhz,
1789611066.4307384,93.5822377489967,191358,191400,199.9,741519360,99,2827927552,8573157376,64.0,2625Mhz,1000Mhz,
1789611066.8459415,93.9974400669962,191358,191400,203.6,741519360,99,2821996544,8573157376,64.0,2625Mhz,1000Mhz,
1789611067.2634234,94.41492248199938,191358,191400,197.4,741519360,99,2821996544,8573157376,64.0,2625Mhz,1000Mhz,
1789611067.6941342,94.8456333389986,191358,191400,203.8,741519360,99,2821128192,8573157376,63.0,2625Mhz,1000Mhz,
1789611068.1259727,95.27747152799566,191358,191400,198.5,741519360,99,2826190848,8573157376,64.0,2625Mhz,1000Mhz,
1789611068.5389934,95.69049222199828,191358,191400,202.9,741519360,99,2826190848,8573157376,64.0,2625Mhz,1000Mhz,
1789611068.9481032,96.0996020800012,191358,191400,200.1,741519360,99,2824093696,8573157376,64.0,2625Mhz,1000Mhz,
1789611069.367785,96.51928380000027,191358,191400,203.0,741519360,99,2824093696,8573157376,64.0,2625Mhz,1000Mhz,
1789611069.7815304,96.93302923200099,191358,191400,199.6,741519360,99,2824093696,8573157376,64.0,2625Mhz,1000Mhz,
1789611070.1973991,97.34889787899738,191358,191400,199.6,741519360,99,2824093696,8573157376,64.0,2625Mhz,1000Mhz,
1789611070.623244,97.7747431989992,191358,191400,201.9,741519360,99,2824093696,8573157376,64.0,2625Mhz,1000Mhz,
1789611071.0393305,98.19082948799769,191358,191400,203.7,741519360,99,2821996544,8573157376,64.0,2625Mhz,1000Mhz,
1789611071.4516234,98.6031228829961,191358,191400,199.9,741519360,99,2821996544,8573157376,64.0,2625Mhz,1000Mhz,
1789611071.8768435,99.02834235699993,191358,191400,200.5,741519360,99,2824093696,8573157376,64.0,2625Mhz,1000Mhz,
1789611072.2857168,99.43721554299555,191358,191400,200.9,741519360,99,2824093696,8573157376,64.0,2625Mhz,1000Mhz,
1789611072.698944,99.85044288900099,191358,191400,199.7,741519360,99,2824093696,8573157376,65.0,2625Mhz,1000Mhz,
1789611073.1196504,100.27114921099565,191358,191400,203.0,741519360,99,2821996544,8573157376,64.0,2625Mhz,1000Mhz,
1789611073.5333922,100.68489083199529,191358,191400,201.5,741519360,99,2821996544,8573157376,64.0,2625Mhz,1000Mhz,
1789611073.9552727,101.10677175800083,191358,191400,200.7,741519360,99,2819031040,8573157376,64.0,2625Mhz,1000Mhz,
1789611074.3787942,101.53029314200103,191358,191400,201.3,741519360,99,2819031040,8573157376,64.0,2625Mhz,1000Mhz,
1789611074.7910504,101.94254926600115,191358,191400,201.1,741519360,99,2819031040,8573157376,64.0,2625Mhz,1000Mhz,
1789611075.2087715,102.36027052399731,191358,191400,201.6,741519360,99,2819031040,8573157376,64.0,2625Mhz,1000Mhz,
1789611075.6204379,102.77193722200172,191358,191400,201.2,741519360,99,2819031040,8573157376,64.0,2625Mhz,1000Mhz,
1789611076.0329628,103.18446165000205,191358,191400,196.9,742318080,99,2821128192,8573157376,62.0,2625Mhz,675Mhz,
1789611076.4494858,103.60098496399587,191358,191400,204.3,742318080,99,2826194944,8573157376,62.0,2625Mhz,1000Mhz,
1789611076.8705113,104.02201027899719,191358,191400,198.9,742318080,99,2826194944,8573157376,63.0,2625Mhz,1000Mhz,
1789611077.2827873,104.43428607399983,191358,191400,200.2,742318080,99,2824097792,8573157376,63.0,2625Mhz,1000Mhz,
1789611077.6973863,104.84888517599757,191358,191400,204.8,742318080,99,2824097792,8573157376,63.0,2625Mhz,1000Mhz,
1789611078.1124332,105.2639318329966,191358,191400,200.9,742318080,99,2824097792,8573157376,63.0,2625Mhz,1000Mhz,
1789611078.520579,105.67207788000087,191358,191400,198.6,742318080,99,2824097792,8573157376,62.0,2625Mhz,1000Mhz,
1789611078.9336526,106.0851517839983,191358,191400,202.8,742318080,99,2822000640,8573157376,62.0,2625Mhz,1000Mhz,
1789611079.3526068,106.50410493600066,191358,191400,199.4,742318080,99,2822000640,8573157376,62.0,2625Mhz,1000Mhz,
1789611079.7639024,106.91540114000236,191358,191400,204.0,742318080,99,2824097792,8573157376,62.0,2625Mhz,1000Mhz,
1789611080.1707346,107.32223438200162,191358,191400,200.3,742318080,99,2829160448,8573157376,62.0,2625Mhz,1000Mhz,
1789611080.585153,107.73665230199549,191358,191400,200.3,742318080,99,2829160448,8573157376,62.0,2625Mhz,1000Mhz,
1789611080.9995594,108.15105842099729,191358,191400,204.0,742318080,99,2827063296,8573157376,62.0,2625Mhz,1000Mhz,
1789611081.416174,108.5676726160018,191358,191400,199.6,742318080,99,2827063296,8573157376,62.0,2625Mhz,1000Mhz,
1789611081.8370388,108.98853760999918,191358,191400,204.4,742318080,99,2824966144,8573157376,62.0,2625Mhz,1000Mhz,
1789611082.247984,109.39948265899875,191358,191400,199.3,742318080,99,2824966144,8573157376,62.0,2625Mhz,675Mhz,
1789611082.6644511,109.81594966199918,191358,191400,199.9,742318080,99,2824966144,8573157376,62.0,2625Mhz,1000Mhz,
1789611083.0745778,110.22607670300204,191358,191400,204.7,742318080,99,2824966144,8573157376,62.0,2625Mhz,1000Mhz,
1789611083.4898052,110.641303892,191358,191400,200.7,742318080,99,2824966144,8573157376,61.0,2625Mhz,675Mhz,
1789611083.9133759,111.06487459599884,191358,191400,200.4,742318080,99,2827063296,8573157376,62.0,2625Mhz,1000Mhz,
1789611084.3274972,111.47899617200164,191358,191400,201.2,742318080,99,2827063296,8573157376,62.0,2625Mhz,1000Mhz,
1789611084.7449367,111.89643563699792,191358,191400,203.5,742318080,99,2827063296,8573157376,62.0,2625Mhz,1000Mhz,
1789611085.1530206,112.30451984299725,191358,191400,196.9,742318080,99,2824966144,8573157376,63.0,2625Mhz,1000Mhz,
1789611085.5641441,112.71564282500185,191358,191400,201.5,742318080,99,2824966144,8573157376,64.0,2625Mhz,1000Mhz,
1789611085.981056,113.13255466299597,191358,191400,200.2,742318080,99,2824966144,8573157376,64.0,2625Mhz,1000Mhz,
1789611086.4006321,113.55213104200084,191358,191400,201.4,742318080,99,2824966144,8573157376,64.0,2625Mhz,1000Mhz,
1789611086.8129025,113.96440119700128,191358,191400,201.3,742318080,99,2824966144,8573157376,64.0,2625Mhz,1000Mhz,
1789611087.230173,114.38167220899777,191358,191400,204.7,742318080,99,2824966144,8573157376,64.0,2625Mhz,1000Mhz,
1789611087.640504,114.79200257200137,191358,191400,200.8,742318080,99,2827063296,8573157376,64.0,2625Mhz,1000Mhz,
1789611088.058913,115.21041200799664,191358,191400,199.9,742318080,99,2827063296,8573157376,64.0,2625Mhz,1000Mhz,
1789611088.4790525,115.63055164300022,191358,191400,200.7,742318080,99,2827063296,8573157376,64.0,2625Mhz,1000Mhz,
1789611088.8926032,116.0441019419959,191358,191400,201.9,742318080,99,2824966144,8573157376,64.0,2625Mhz,1000Mhz,
1789611089.3038445,116.4553431749955,191358,191400,200.4,742318080,99,2824966144,8573157376,64.0,2625Mhz,1000Mhz,
1789611089.7129283,116.86442701399938,191358,191400,201.9,742318080,99,2824966144,8573157376,64.0,2625Mhz,1000Mhz,
1789611090.1338797,117.2853788479988,191358,191400,202.7,742318080,99,2824966144,8573157376,64.0,2625Mhz,1000Mhz,
1789611090.548237,117.6997357270011,191358,191400,200.5,742318080,99,2824966144,8573157376,64.0,2625Mhz,1000Mhz,
1789611090.9622893,118.11378817299556,191358,191400,202.2,742318080,99,2824966144,8573157376,64.0,2625Mhz,1000Mhz,
1789611091.3825839,118.53408271999797,191358,191400,200.3,743854080,99,2824966144,8573157376,64.0,2625Mhz,1000Mhz,
1789611091.8068933,118.95839213299769,191358,191400,199.6,743854080,99,2827063296,8573157376,64.0,2625Mhz,1000Mhz,
1789611092.2177165,119.36921542100026,191358,191400,201.6,743854080,99,2827063296,8573157376,65.0,2625Mhz,1000Mhz,
1789611092.634275,119.78577393500018,191358,191400,203.2,743854080,99,2827063296,8573157376,65.0,2625Mhz,1000Mhz,
1789611093.0477397,120.19923852400098,191358,191400,198.8,743854080,99,2824966144,8573157376,64.0,2625Mhz,1000Mhz,
1789611093.4602578,120.61175654199906,191358,191400,199.5,743854080,99,2832994304,8573157376,64.0,2625Mhz,1000Mhz,
1789611093.86634,121.01783872600208,191358,191400,203.3,743854080,99,2832994304,8573157376,64.0,2625Mhz,1000Mhz,
1789611094.2845106,121.43600944799982,191358,191400,199.8,743854080,99,2832994304,8573157376,64.0,2625Mhz,1000Mhz,
1789611094.7049582,121.8564570669987,191358,191400,203.1,743854080,99,2832994304,8573157376,65.0,2625Mhz,1000Mhz,
1789611095.1185312,122.27003007700114,191358,191400,201.5,743854080,99,2832994304,8573157376,65.0,2625Mhz,1000Mhz,
1789611095.5404093,122.69190810200234,191358,191400,200.3,743854080,99,2832994304,8573157376,65.0,2625Mhz,1000Mhz,
1789611095.9598434,123.11134199999651,191358,191400,201.4,743854080,99,2832994304,8573157376,64.0,2625Mhz,1000Mhz,
1789611096.3769133,123.52841198899841,191358,191400,201.3,743854080,99,2832994304,8573157376,64.0,2625Mhz,1000Mhz,
1789611096.7992368,123.95073561000027,191358,191400,201.0,743854080,99,2830897152,8573157376,64.0,2625Mhz,1000Mhz,
1789611097.2121613,124.36365999199916,191358,191400,199.9,743854080,99,2830897152,8573157376,64.0,2625Mhz,1000Mhz,
1789611097.6321752,124.78367431600054,191358,191400,201.8,743854080,99,2830897152,8573157376,64.0,2625Mhz,1000Mhz,
1789611098.058287,125.20978567999555,191358,191400,202.2,743854080,99,2830897152,8573157376,64.0,2625Mhz,1000Mhz,
1789611098.4687161,125.62021459399693,191358,191400,202.7,743854080,99,2830897152,8573157376,65.0,2625Mhz,1000Mhz,
1789611098.8880508,126.03954970999621,191358,191400,199.0,743854080,99,2830897152,8573157376,64.0,2625Mhz,1000Mhz,
1789611099.2950206,126.44651934399735,191358,191400,200.0,743854080,99,2819035136,8573157376,65.0,2625Mhz,1000Mhz,
1789611099.7100725,126.86157129099593,191358,191400,202.7,743854080,99,2821132288,8573157376,65.0,2625Mhz,1000Mhz,
1789611100.1294103,127.28090909699677,191358,191400,202.7,743854080,99,2821132288,8573157376,65.0,2625Mhz,1000Mhz,
1789611100.5388706,127.69036970999878,191358,191400,200.1,743854080,99,2821132288,8573157376,65.0,2625Mhz,1000Mhz,
1789611100.9537032,128.10520207399532,191358,191400,198.8,743854080,99,2819035136,8573157376,64.0,2625Mhz,1000Mhz,
1789611101.3660834,128.51758208999672,191358,191400,204.0,743854080,99,2819035136,8573157376,65.0,2625Mhz,1000Mhz,
1789611101.782806,128.93430499600072,191358,191400,200.5,743854080,99,2819035136,8573157376,64.0,2625Mhz,1000Mhz,
1789611102.2018466,129.35334521900222,191358,191400,198.6,743854080,99,2819035136,8573157376,64.0,2625Mhz,1000Mhz,
1789611102.6198456,129.77134449000005,191358,191400,205.4,743854080,99,2819035136,8573157376,65.0,2625Mhz,1000Mhz,
1789611103.033685,130.18518388200027,191358,191400,198.3,743854080,99,2819035136,8573157376,65.0,2625Mhz,1000Mhz,
1789611103.45725,130.60874882699864,191358,191400,200.0,743854080,99,2819035136,8573157376,65.0,2625Mhz,1000Mhz,
1789611103.8823435,131.03384223899775,191358,191400,202.7,743854080,99,2821132288,8573157376,64.0,2625Mhz,1000Mhz,
1789611104.3016434,131.4531423149965,191358,191400,201.5,743854080,99,2821132288,8573157376,64.0,2625Mhz,1000Mhz,
1789611104.7134533,131.8649519440005,191358,191400,201.8,743858176,99,2821132288,8573157376,65.0,2625Mhz,1000Mhz,
1789611105.1198566,132.27135570199607,191358,191400,2.3,743858176,1,2819035136,8573157376,59.0,700Mhz,96Mhz,
1789611105.5540175,132.70551624799555,191358,191400,0.0,743858176,2,2819035136,8573157376,59.0,700Mhz,96Mhz,
1789611105.9826796,133.13417857099557,191358,191400,2.2,743858176,2,2819035136,8573157376,58.0,700Mhz,96Mhz,
1789611106.429277,133.5807757809962,191358,191400,2.3,743858176,1,2819035136,8573157376,58.0,700Mhz,96Mhz,
1789611106.8637297,134.01522880999983,191358,191400,0.0,743858176,5,2819035136,8573157376,58.0,700Mhz,96Mhz,
1789611107.2921941,134.44369298099627,191358,191400,2.4,743858176,2,2819035136,8573157376,58.0,700Mhz,96Mhz,
1789611107.7050798,134.8565792629961,191358,191400,0.0,743858176,0,2821132288,8573157376,58.0,700Mhz,96Mhz,
1789611108.1264493,135.27794820300187,191358,191400,2.3,743858176,2,2821144576,8573157376,57.0,700Mhz,96Mhz,
1789611108.5555208,135.70701998000004,191358,191400,2.4,743858176,1,2821132288,8573157376,58.0,700Mhz,96Mhz,
1789611108.968467,136.11996592299693,191358,191400,0.0,743858176,4,2819035136,8573157376,57.0,700Mhz,96Mhz,
1789611109.3974097,136.54890878999868,191358,191400,2.4,743858176,3,2819035136,8573157376,57.0,700Mhz,96Mhz,
1789611109.8169625,136.96846170799836,191358,191400,2.4,743858176,4,2819035136,8573157376,57.0,700Mhz,96Mhz,
1789611110.2376633,137.3891623899981,191358,191400,0.0,743858176,3,2819035136,8573157376,57.0,700Mhz,96Mhz,
1789611110.6663961,137.81789517399739,191358,191400,2.4,743858176,7,2819035136,8573157376,56.0,700Mhz,96Mhz,
1789611111.0911481,138.24264741200022,191358,191400,2.3,743858176,7,2819035136,8573157376,56.0,700Mhz,96Mhz,
1789611111.526386,138.67788492100226,191358,191400,0.0,743858176,3,2819035136,8573157376,57.0,700Mhz,96Mhz,
1789611111.9504888,139.10198793200107,191358,191400,2.3,743858176,5,2821132288,8573157376,56.0,700Mhz,96Mhz,
1789611112.383367,139.5348663229961,191358,191400,58.1,744603648,99,2821132288,8573157376,59.0,2635Mhz,675Mhz,
1789611112.8134897,139.96498854299716,191358,191400,201.1,744603648,99,2821132288,8573157376,60.0,2635Mhz,675Mhz,
1789611113.226308,140.37780707400088,191358,191400,201.1,744603648,99,2819035136,8573157376,60.0,2635Mhz,675Mhz,
1789611113.6490324,140.8005312489986,191358,191400,202.9,744603648,99,2819035136,8573157376,61.0,2635Mhz,1000Mhz,
1789611114.0679138,141.21941243000038,191358,191400,199.6,744603648,99,2819035136,8573157376,60.0,2635Mhz,1000Mhz,
1789611114.4836206,141.6351196350006,191358,191400,201.6,744603648,99,2819035136,8573157376,61.0,2635Mhz,675Mhz,
1789611114.900244,142.05174298900238,191358,191400,200.8,744603648,99,2819035136,8573157376,61.0,2635Mhz,1000Mhz,
1789611115.323614,142.47511256200232,191358,191400,202.5,744603648,99,2819035136,8573157376,61.0,2635Mhz,675Mhz,
1789611115.7351365,142.88663605799957,191358,191400,200.4,744603648,99,2826190848,8573157376,61.0,2635Mhz,1000Mhz,
1789611116.2026072,143.35410607700032,191358,191400,203.0,744603648,99,2826190848,8573157376,61.0,2635Mhz,1000Mhz,
1789611116.6163733,143.76787191900075,191358,191400,200.3,744603648,99,2826190848,8573157376,61.0,2635Mhz,1000Mhz,
1789611117.0257077,144.17720664999797,191358,191400,202.1,744603648,99,2824093696,8573157376,61.0,2635Mhz,1000Mhz,
1789611117.4364622,144.58796113800054,191358,191400,199.5,744603648,99,2824093696,8573157376,61.0,2635Mhz,1000Mhz,
1789611117.8474946,144.99899357899994,191358,191400,202.1,744603648,99,2824093696,8573157376,61.0,2635Mhz,675Mhz,
1789611118.2631938,145.41469250299997,191358,191400,199.9,744603648,99,2821996544,8573157376,62.0,2625Mhz,1000Mhz,
1789611118.6835158,145.83501455999794,191358,191400,201.9,744603648,99,2821996544,8573157376,62.0,2625Mhz,1000Mhz,
1789611119.10452,146.25601912599814,191358,191400,201.0,744603648,99,2821996544,8573157376,63.0,2625Mhz,1000Mhz,
1789611119.522492,146.67399108599784,191358,191400,202.2,744603648,99,2821996544,8573157376,63.0,2625Mhz,1000Mhz,
1789611119.9378424,147.08934123600193,191358,191400,201.4,744603648,99,2824093696,8573157376,63.0,2625Mhz,1000Mhz,
1789611120.3649366,147.51643548099673,191358,191400,200.7,744603648,99,2824093696,8573157376,63.0,2625Mhz,1000Mhz,
1789611120.7784731,147.92997216100048,191358,191400,199.0,744603648,99,2824093696,8573157376,63.0,2625Mhz,1000Mhz,
1789611121.1905217,148.34202054300113,191358,191400,203.2,746139648,99,2821996544,8573157376,63.0,2625Mhz,1000Mhz,
1789611121.603811,148.75531018000038,191358,191400,199.1,746139648,99,2821996544,8573157376,63.0,2625Mhz,1000Mhz,
1789611122.0205927,149.1720914960024,191358,191400,202.3,746139648,99,2821996544,8573157376,64.0,2625Mhz,1000Mhz,
1789611122.430827,149.5823256079966,191358,191400,200.5,746139648,99,2821996544,8573157376,64.0,2625Mhz,1000Mhz,
1789611122.8499002,150.00139909100108,191358,191400,201.4,746139648,99,2821996544,8573157376,63.0,2625Mhz,1000Mhz,
1789611123.2669053,150.4184041299959,191358,191400,200.6,746139648,99,2821996544,8573157376,64.0,2625Mhz,1000Mhz,
1789611123.6907036,150.84220230799838,191358,191400,200.7,746139648,99,2824093696,8573157376,64.0,2625Mhz,1000Mhz,
1789611124.1143243,151.26582348300144,191358,191400,200.7,746139648,99,2824093696,8573157376,64.0,2625Mhz,1000Mhz,
1789611124.537861,151.68935992699699,191358,191400,202.1,746139648,99,2824093696,8573157376,64.0,2625Mhz,1000Mhz,
1789611124.9485629,152.10006194400194,191358,191400,199.3,746139648,99,2821996544,8573157376,64.0,2625Mhz,1000Mhz,
1789611125.3650413,152.51653994699882,191358,191400,203.0,746139648,99,2821996544,8573157376,64.0,2625Mhz,1000Mhz,
1789611125.7837644,152.9352632559967,191358,191400,198.7,746139648,99,2821996544,8573157376,63.0,2625Mhz,1000Mhz,
1789611126.196514,153.34801263699774,191358,191400,201.3,746139648,99,2830024704,8573157376,64.0,2625Mhz,1000Mhz,
1789611126.6037939,153.75529282399657,191358,191400,199.5,746139648,99,2830024704,8573157376,64.0,2625Mhz,1000Mhz,
1789611127.0248966,154.1763953510017,191358,191400,202.2,746139648,99,2830024704,8573157376,64.0,2625Mhz,1000Mhz,
1789611127.4452813,154.5967800090002,191358,191400,200.4,746160128,99,2830024704,8573157376,63.0,2625Mhz,1000Mhz,
1789611127.8594074,155.01090616500005,191358,191400,198.7,746160128,99,2832121856,8573157376,62.0,2625Mhz,675Mhz,
1789611128.2670832,155.41858242699527,191358,191400,204.6,746160128,99,2832121856,8573157376,62.0,2625Mhz,1000Mhz,
1789611128.68255,155.83404894900013,191358,191400,198.4,746160128,99,2832121856,8573157376,62.0,2625Mhz,1000Mhz,
1789611129.1009479,156.25244702400232,191358,191400,201.9,746160128,99,2830024704,8573157376,62.0,2625Mhz,1000Mhz,
1789611129.5170355,156.66853434299992,191358,191400,203.2,746160128,99,2830024704,8573157376,62.0,2625Mhz,1000Mhz,
1789611129.9353614,157.0868600169997,191358,191400,198.3,746160128,99,2827927552,8573157376,62.0,2625Mhz,1000Mhz,
1789611130.348899,157.5003976270018,191358,191400,202.3,746160128,99,2827927552,8573157376,62.0,2625Mhz,1000Mhz,
1789611130.7691104,157.92060930300067,191358,191400,201.2,746160128,99,2827927552,8573157376,62.0,2625Mhz,1000Mhz,
1789611131.191626,158.3431247260014,191358,191400,202.6,746160128,99,2827927552,8573157376,62.0,2625Mhz,1000Mhz,
1789611131.6062105,158.75770946699777,191358,191400,200.7,746160128,99,2824093696,8573157376,61.0,2625Mhz,675Mhz,
1789611132.0247998,159.17629842500173,191358,191400,202.0,746160128,99,2824093696,8573157376,61.0,2625Mhz,1000Mhz,
1789611132.4405737,159.59207241999684,191358,191400,201.5,746160128,99,2824093696,8573157376,62.0,2625Mhz,1000Mhz,
1789611132.8475788,159.99907779399655,191358,191400,200.3,746160128,99,2821996544,8573157376,61.0,2625Mhz,1000Mhz,
1789611133.2669618,160.41846093099593,191358,191400,202.2,746160128,99,2821996544,8573157376,61.0,2625Mhz,1000Mhz,
1789611133.6824875,160.83398660300008,191358,191400,200.3,746160128,99,2821996544,8573157376,62.0,2625Mhz,1000Mhz,
1789611134.0968747,161.2483735019996,191358,191400,202.5,746160128,99,2821996544,8573157376,61.0,2625Mhz,675Mhz,
1789611134.526466,161.67796468600136,191358,191400,200.4,746160128,99,2821996544,8573157376,62.0,2625Mhz,1000Mhz,
1789611134.940525,162.09202396199544,191358,191400,203.1,746160128,99,2821996544,8573157376,62.0,2625Mhz,1000Mhz,
1789611135.3590794,162.51057822899747,191358,191400,200.2,746160128,99,2821996544,8573157376,62.0,2625Mhz,1000Mhz,
1789611135.768477,162.91997620099573,191358,191400,200.0,746160128,99,2824093696,8573157376,61.0,2625Mhz,675Mhz,
1789611136.1833823,163.33488101600233,191358,191400,202.6,746160128,99,2824093696,8573157376,62.0,2625Mhz,1000Mhz,
1789611136.612753,163.76425184700201,191358,191400,202.2,746160128,99,2824093696,8573157376,62.0,2625Mhz,675Mhz,
1789611137.0381026,164.18960131199856,191358,191400,199.3,746160128,99,2821996544,8573157376,62.0,2625Mhz,675Mhz,
1789611137.449623,164.60112139800185,191358,191400,200.2,746160128,99,2821996544,8573157376,62.0,2625Mhz,1000Mhz,
1789611137.8792574,165.0307562529997,191358,191400,204.4,746160128,99,2821996544,8573157376,62.0,2625Mhz,675Mhz,
1789611138.290194,165.4416927919956,191358,191400,200.6,746160128,99,2821996544,8573157376,61.0,2625Mhz,1000Mhz,
1789611138.708997,165.86049623200233,191358,191400,199.0,746160128,99,2819031040,8573157376,62.0,2625Mhz,1000Mhz,
1789611139.1260324,166.2775311219957,191358,191400,204.1,746160128,99,2819031040,8573157376,62.0,2625Mhz,1000Mhz,
1789611139.5424442,166.69394324399764,191358,191400,201.8,746160128,99,2819031040,8573157376,62.0,2625Mhz,1000Mhz,
1789611139.9636214,167.11512024200056,191358,191400,200.0,746160128,99,2826190848,8573157376,62.0,2625Mhz,675Mhz,
1789611140.3885155,167.54001439199783,191358,191400,202.3,746160128,99,2826190848,8573157376,62.0,2625Mhz,675Mhz,
1789611140.8085914,167.96009014599986,191358,191400,199.2,746160128,99,2826190848,8573157376,62.0,2625Mhz,1000Mhz,
1789611141.235302,168.38680108699918,191358,191400,203.3,746160128,99,2824093696,8573157376,62.0,2625Mhz,1000Mhz,
1789611141.6483278,168.79982670099707,191358,191400,203.1,746160128,99,2824093696,8573157376,61.0,2625Mhz,1000Mhz,
1789611142.0718014,169.2233000740016,191358,191400,197.7,746160128,99,2824093696,8573157376,63.0,2625Mhz,1000Mhz,
1789611142.4967856,169.6482843049962,191358,191400,198.9,746160128,99,2821996544,8573157376,63.0,2625Mhz,1000Mhz,
1789611142.9091463,170.06064521100052,191358,191400,202.5,746160128,99,2821996544,8573157376,64.0,2625Mhz,1000Mhz,
1789611143.3189187,170.47041735699895,191358,191400,201.0,746160128,99,2821996544,8573157376,64.0,2625Mhz,1000Mhz,
1789611143.7318904,170.88338927999575,191358,191400,201.8,746160128,99,2824093696,8573157376,64.0,2625Mhz,1000Mhz,
1789611144.1531265,171.30462527799682,191358,191400,202.8,746160128,99,2824093696,8573157376,64.0,2625Mhz,1000Mhz,
1789611144.5672638,171.7187624040016,191358,191400,200.0,746160128,99,2824093696,8573157376,63.0,2625Mhz,1000Mhz,
1789611144.9772518,172.12875067300047,191358,191400,202.3,746160128,99,2821996544,8573157376,64.0,2625Mhz,1000Mhz,
1789611145.397298,172.54879715699644,191358,191400,203.3,746160128,99,2821996544,8573157376,64.0,2625Mhz,1000Mhz,
1789611145.815481,172.96697973000119,191358,191400,198.7,746160128,99,2821996544,8573157376,64.0,2625Mhz,1000Mhz,
1789611146.2333114,173.3848102589982,191358,191400,200.8,746160128,99,2821996544,8573157376,64.0,2625Mhz,1000Mhz,
1789611146.6515825,173.80308108300233,191358,191400,202.7,746160128,99,2821996544,8573157376,64.0,2625Mhz,1000Mhz,
1789611147.0659099,174.21740854100062,191358,191400,199.8,746160128,99,2821996544,8573157376,64.0,2625Mhz,1000Mhz,
1789611147.4812765,174.6327751419958,191358,191400,203.8,746160128,99,2821996544,8573157376,64.0,2625Mhz,1000Mhz,
1789611147.9082718,175.05977055599942,191358,191400,201.1,746160128,99,2829160448,8573157376,64.0,2625Mhz,1000Mhz,
1789611148.335843,175.4873418060015,191358,191400,201.0,746160128,99,2829160448,8573157376,65.0,2625Mhz,1000Mhz,
1789611148.7438285,175.89532741199946,191358,191400,201.4,746160128,99,2829160448,8573157376,64.0,2625Mhz,1000Mhz,
1789611149.1659274,176.3174261899985,191358,191400,200.7,746160128,99,2827063296,8573157376,64.0,2625Mhz,1000Mhz,
1789611149.6343608,176.78585960000055,191358,191400,200.6,746160128,99,2827063296,8573157376,64.0,2625Mhz,1000Mhz,
1789611150.0579855,177.20948464499816,191358,191400,200.8,746160128,99,2827063296,8573157376,64.0,2625Mhz,1000Mhz,
1789611150.4761324,177.62763094800175,191358,191400,202.5,746160128,99,2824966144,8573157376,65.0,2625Mhz,1000Mhz,
1789611150.9008768,178.05237541600218,191358,191400,198.4,746160128,99,2824966144,8573157376,64.0,2625Mhz,1000Mhz,
1789611151.314368,178.46586679499887,191358,191400,205.5,746160128,99,2824966144,8573157376,64.0,2625Mhz,1000Mhz,
1789611151.732833,178.88433186100156,191358,191400,199.3,747696128,99,2827063296,8573157376,65.0,2625Mhz,1000Mhz,
1789611152.149385,179.30088382499525,191358,191400,201.7,747696128,99,2827063296,8573157376,64.0,2625Mhz,1000Mhz,
1789611152.5608468,179.71234572999674,191358,191400,199.7,747696128,99,2827063296,8573157376,64.0,2625Mhz,1000Mhz,
1789611152.9765034,180.12800194400188,191358,191400,201.7,747696128,99,2824966144,8573157376,65.0,2625Mhz,1000Mhz,
1789611153.392945,180.5444438869963,191358,191400,202.3,747696128,99,2822000640,8573157376,64.0,2625Mhz,1000Mhz,
1789611153.8081338,180.95963271599612,191358,191400,199.1,747696128,99,2822000640,8573157376,65.0,2625Mhz,1000Mhz,
1789611154.215054,181.3665523689997,191358,191400,200.1,747696128,99,2822000640,8573157376,65.0,2625Mhz,1000Mhz,
1789611154.6397953,181.7912942069961,191358,191400,201.5,747696128,99,2822000640,8573157376,65.0,2625Mhz,1000Mhz,
1789611155.0566418,182.20814075499948,191358,191400,202.8,747696128,99,2822000640,8573157376,64.0,2625Mhz,1000Mhz,
1789611155.4708676,182.62236664199736,191358,191400,198.3,747696128,99,2822000640,8573157376,64.0,2625Mhz,1000Mhz,
1789611155.8843517,183.03585058099998,191358,191400,202.3,747696128,99,2824097792,8573157376,64.0,2625Mhz,1000Mhz,
1789611156.2996345,183.4511329800007,191358,191400,200.3,747696128,99,2824097792,8573157376,65.0,2625Mhz,1000Mhz,
1789611156.703944,183.85544291399856,191358,191400,202.8,747696128,99,2824097792,8573157376,65.0,2625Mhz,1000Mhz,
1789611157.1379182,184.2894171480002,191358,191400,199.3,747696128,99,2822000640,8573157376,65.0,2625Mhz,1000Mhz,
1789611157.5494556,184.7009544350003,191358,191400,201.5,747696128,99,2830028800,8573157376,65.0,2625Mhz,1000Mhz,
1789611157.976178,185.12767668499873,191358,191400,200.3,747696128,99,2830028800,8573157376,64.0,2625Mhz,1000Mhz,
1789611158.3955312,185.54703008200158,191358,191400,200.2,747696128,99,2830028800,8573157376,65.0,2625Mhz,1000Mhz,
1789611158.8051789,185.95667780599615,191358,191400,203.6,747696128,99,2830028800,8573157376,64.0,2625Mhz,1000Mhz,
1789611159.222657,186.37415563099785,191358,191400,199.7,747696128,99,2830028800,8573157376,65.0,2625Mhz,1000Mhz,
1789611159.6382678,186.78976619499736,191358,191400,200.1,747696128,99,2830028800,8573157376,64.0,2625Mhz,1000Mhz,
1789611160.0530174,187.20451615799539,191358,191400,202.0,747696128,99,2830028800,8573157376,65.0,2625Mhz,1000Mhz,
1789611160.4691322,187.62063108699658,191358,191400,198.4,747696128,99,2830028800,8573157376,64.0,2625Mhz,1000Mhz,
1789611160.88214,188.03363888999593,191358,191400,202.9,747696128,99,2827931648,8573157376,65.0,2625Mhz,1000Mhz,
1789611161.310886,188.4623847249968,191358,191400,199.7,747696128,99,2827931648,8573157376,64.0,2625Mhz,1000Mhz,
1789611161.741565,188.89306395099993,191358,191400,204.5,747696128,99,2827931648,8573157376,65.0,2625Mhz,1000Mhz,
1789611162.1669989,189.31849762699858,191358,191400,197.1,747696128,99,2830028800,8573157376,66.0,2625Mhz,1000Mhz,
1789611162.5881546,189.7396533239953,191358,191400,203.1,747696128,99,2830028800,8573157376,65.0,2625Mhz,1000Mhz,
1789611163.0018504,190.1533490649963,191358,191400,200.0,747696128,99,2830028800,8573157376,65.0,2625Mhz,1000Mhz,
1789611163.4319377,190.58343688499735,191358,191400,200.1,747696128,99,2824097792,8573157376,65.0,2625Mhz,1000Mhz,
1789611163.8567295,191.00822826299554,191358,191400,204.0,747696128,99,2826194944,8573157376,64.0,2625Mhz,1000Mhz,
1789611164.2733483,191.42484708799748,191358,191400,200.0,747696128,99,2824097792,8573157376,65.0,2625Mhz,1000Mhz,
1789611164.6934316,191.84493028299767,191358,191400,201.3,747696128,99,2824097792,8573157376,65.0,2625Mhz,1000Mhz,
1789611165.1006715,192.25217064000026,191358,191400,199.5,747696128,99,2822000640,8573157376,65.0,2625Mhz,1000Mhz,
1789611165.5218298,192.67332856699795,191358,191400,202.6,747696128,99,2822000640,8573157376,65.0,2625Mhz,1000Mhz,
1789611165.9315593,193.0830581229966,191358,191400,201.0,747696128,99,2822000640,8573157376,65.0,2625Mhz,1000Mhz,
1789611166.3394284,193.49092719699547,191358,191400,200.8,747696128,99,2822000640,8573157376,65.0,2625Mhz,1000Mhz,
1789611166.752724,193.90422256400052,191358,191400,198.7,747696128,99,2822000640,8573157376,65.0,2625Mhz,1000Mhz,
1789611167.1653187,194.31681745199603,191358,191400,203.1,747696128,99,2822000640,8573157376,65.0,2625Mhz,1000Mhz,
1789611167.5887818,194.74028068599728,191358,191400,200.0,747696128,99,2822000640,8573157376,65.0,2625Mhz,1000Mhz,
1789611167.9986303,195.15012917300191,191358,191400,201.6,747696128,99,2819035136,8573157376,65.0,2625Mhz,1000Mhz,
1789611168.4301553,195.5816539890002,191358,191400,201.9,747696128,99,2819035136,8573157376,65.0,2625Mhz,1000Mhz,
1789611168.8462384,195.99773713800096,191358,191400,198.6,747696128,99,2819035136,8573157376,65.0,2625Mhz,1000Mhz,
1789611169.264236,196.4157347979999,191358,191400,202.3,747696128,99,2819035136,8573157376,65.0,2625Mhz,1000Mhz,
1789611169.6843736,196.83587230400008,191358,191400,200.6,747696128,99,2819035136,8573157376,65.0,2625Mhz,1000Mhz,
1789611170.1030781,197.2545772730009,191358,191400,201.2,747696128,99,2819035136,8573157376,65.0,2625Mhz,1000Mhz,
1789611170.52078,197.67227894999814,191358,191400,202.2,747696128,99,2824097792,8573157376,65.0,2625Mhz,1000Mhz,
1789611170.9359293,198.08742824799992,191358,191400,200.3,747696128,99,2824097792,8573157376,65.0,2625Mhz,1000Mhz,
1789611171.3654077,198.51690660999884,191358,191400,195.8,749178880,99,2826190848,8573157376,64.0,2625Mhz,1000Mhz,
1789611171.7891347,198.94063347699557,191358,191400,202.4,749178880,99,2828288000,8573157376,64.0,2625Mhz,1000Mhz,
1789611172.2091348,199.3606335509976,191358,191400,202.1,749178880,99,2828288000,8573157376,63.0,2625Mhz,1000Mhz,
1789611172.634652,199.78615086799982,191358,191400,199.2,749178880,99,2826190848,8573157376,63.0,2625Mhz,1000Mhz,
1789611173.0563858,200.20788457099843,191358,191400,203.5,749178880,99,2824093696,8573157376,63.0,2625Mhz,675Mhz,
1789611173.4741573,200.62565609000012,191358,191400,199.3,749178880,99,2824093696,8573157376,63.0,2625Mhz,1000Mhz,
1789611173.8857238,201.03722307700082,191358,191400,202.4,749178880,99,2824093696,8573157376,62.0,2625Mhz,1000Mhz,
1789611174.2957234,201.44722220599942,191358,191400,200.4,749178880,99,2824093696,8573157376,63.0,2625Mhz,1000Mhz,
1789611174.7149308,201.8664293299953,191358,191400,202.2,749178880,99,2824093696,8573157376,63.0,2625Mhz,1000Mhz,
1789611175.125395,202.2768934449996,191358,191400,199.0,749178880,99,2824093696,8573157376,63.0,2625Mhz,1000Mhz,
1789611175.5374753,202.68897340699914,191358,191400,204.3,749178880,99,2824093696,8573157376,64.0,2625Mhz,1000Mhz,
1789611175.9486682,203.10016684999573,191358,191400,200.4,749178880,99,2826190848,8573157376,63.0,2625Mhz,1000Mhz,
1789611176.3677878,203.51928660299745,191358,191400,202.9,749178880,99,2826190848,8573157376,63.0,2625Mhz,1000Mhz,
1789611176.7817764,203.93327520800085,191358,191400,198.7,749178880,99,2824093696,8573157376,62.0,2625Mhz,675Mhz,
1789611177.2095494,204.36104835099832,191358,191400,200.9,749178880,99,2824093696,8573157376,63.0,2625Mhz,1000Mhz,
1789611177.622792,204.77429101699818,191358,191400,201.3,749178880,99,2821128192,8573157376,62.0,2625Mhz,1000Mhz,
1789611178.0401595,205.19165888099815,191358,191400,201.7,749178880,99,2821128192,8573157376,63.0,2625Mhz,675Mhz,
1789611178.4517143,205.603213057002,191358,191400,201.7,749178880,99,2821128192,8573157376,64.0,2625Mhz,1000Mhz,
1789611178.863285,206.0147838539997,191358,191400,201.3,749178880,99,2821128192,8573157376,63.0,2625Mhz,1000Mhz,
1789611179.2804503,206.43194910499733,191358,191400,200.7,749178880,99,2821128192,8573157376,63.0,2625Mhz,1000Mhz,
1789611179.6890109,206.84051001799526,191358,191400,202.2,749178880,99,2828288000,8573157376,62.0,2625Mhz,1000Mhz,
1789611180.0996673,207.2511660539967,191358,191400,201.2,749178880,99,2828288000,8573157376,63.0,2625Mhz,1000Mhz,
1789611180.5269334,207.67843222100055,191358,191400,202.2,749178880,99,2828288000,8573157376,63.0,2625Mhz,1000Mhz,
1789611180.9572697,208.10876913399989,191358,191400,199.9,749178880,99,2826190848,8573157376,63.0,2625Mhz,1000Mhz,
1789611181.3775167,208.52901577000011,191358,191400,200.0,749178880,99,2826190848,8573157376,63.0,2625Mhz,1000Mhz,
1789611181.7973928,208.9488916219998,191358,191400,202.9,749178880,99,2824093696,8573157376,62.0,2625Mhz,675Mhz,
1789611182.2162747,209.36777343299764,191358,191400,201.7,749178880,99,2824093696,8573157376,62.0,2625Mhz,1000Mhz,
1789611182.6326854,209.7841837359956,191358,191400,199.8,749178880,99,2824093696,8573157376,63.0,2625Mhz,1000Mhz,
1789611183.0480785,210.19957738700032,191358,191400,201.8,749178880,99,2824093696,8573157376,63.0,2625Mhz,1000Mhz,
1789611183.4644165,210.61591535800108,191358,191400,200.7,749178880,99,2824093696,8573157376,62.0,2625Mhz,1000Mhz,
1789611183.8828812,211.03438019399618,191358,191400,201.3,749178880,99,2826190848,8573157376,62.0,2625Mhz,1000Mhz,
1789611184.305229,211.4567278350005,191358,191400,203.4,749178880,99,2826190848,8573157376,62.0,2625Mhz,675Mhz,
1789611184.7182398,211.86973837800178,191358,191400,199.5,749178880,99,2826190848,8573157376,63.0,2625Mhz,1000Mhz,
1789611185.134196,212.28569468500064,191358,191400,202.3,749178880,99,2821128192,8573157376,63.0,2625Mhz,1000Mhz,
1789611185.5593786,212.71087742899545,191358,191400,200.7,749178880,99,2821128192,8573157376,62.0,2625Mhz,1000Mhz,
1789611185.9729252,213.12442408799689,191358,191400,200.1,749178880,99,2821128192,8573157376,64.0,2625Mhz,1000Mhz,
1789611186.3827064,213.53420480500063,191358,191400,198.7,749178880,99,2821128192,8573157376,63.0,2625Mhz,1000Mhz,
1789611186.8055272,213.9570263209971,191358,191400,202.0,749178880,99,2821128192,8573157376,64.0,2625Mhz,1000Mhz,
1789611187.226336,214.3778349339991,191358,191400,202.7,749178880,99,2821128192,8573157376,64.0,2625Mhz,675Mhz,
1789611187.635752,214.78725073600071,191358,191400,199.3,749178880,99,2823225344,8573157376,64.0,2625Mhz,1000Mhz,
1789611188.0522187,215.20371739899565,191358,191400,202.8,749178880,99,2828288000,8573157376,64.0,2625Mhz,1000Mhz,
1789611188.4762099,215.62770868799998,191358,191400,199.4,749178880,99,2828288000,8573157376,64.0,2625Mhz,1000Mhz,
1789611188.897498,216.04899663700053,191358,191400,202.1,749178880,99,2826190848,8573157376,64.0,2625Mhz,1000Mhz,
1789611189.3180504,216.46954916699906,191358,191400,200.9,749178880,99,2826190848,8573157376,64.0,2625Mhz,1000Mhz,
1789611189.7361498,216.88764852900204,191358,191400,202.4,749178880,99,2824093696,8573157376,64.0,2625Mhz,1000Mhz,
1789611190.1512704,217.30276929600223,191358,191400,201.0,749178880,99,2824093696,8573157376,64.0,2625Mhz,1000Mhz,
1789611190.5740879,217.72558711299644,191358,191400,201.4,749178880,99,2832121856,8573157376,64.0,2625Mhz,1000Mhz,
1789611191.0159369,218.1674353769995,191358,191400,201.7,749178880,99,2832121856,8573157376,63.0,2625Mhz,1000Mhz,
1789611191.4324088,218.58390748000238,191358,191400,200.0,749178880,99,2832121856,8573157376,64.0,2625Mhz,1000Mhz,
1789611191.8624527,219.01395146900177,191358,191400,204.0,749178880,99,2834219008,8573157376,64.0,2625Mhz,1000Mhz,
1789611192.2888825,219.4403811969969,191358,191400,200.9,749178880,99,2834219008,8573157376,65.0,2625Mhz,1000Mhz,
1789611192.707025,219.8585242889967,191358,191400,197.3,750714880,99,2834219008,8573157376,65.0,2625Mhz,1000Mhz,
1789611193.1226146,220.27411329199822,191358,191400,201.4,750714880,99,2832121856,8573157376,65.0,2625Mhz,1000Mhz,
1789611193.5496569,220.70115571699716,191358,191400,203.2,750714880,99,2830024704,8573157376,65.0,2625Mhz,1000Mhz,
1789611193.9678957,221.11939462999726,191358,191400,200.6,750714880,99,2830024704,8573157376,65.0,2625Mhz,1000Mhz,
1789611194.3866441,221.5381432399954,191358,191400,201.2,750714880,99,2830024704,8573157376,65.0,2625Mhz,1000Mhz,
1789611194.8090808,221.96057944100176,191358,191400,202.5,750714880,99,2830024704,8573157376,65.0,2625Mhz,1000Mhz,
1789611195.2289045,222.38040314299724,191358,191400,201.1,750714880,99,2830024704,8573157376,65.0,2625Mhz,1000Mhz,
1789611195.641583,222.79308141300135,191358,191400,200.2,750714880,99,2830024704,8573157376,65.0,2625Mhz,1000Mhz,
1789611196.0610569,223.21255548000045,191358,191400,198.5,750714880,99,2827059200,8573157376,65.0,2625Mhz,1000Mhz,
1789611196.5649462,223.71644510699844,191358,191400,201.4,750714880,99,2827059200,8573157376,65.0,2625Mhz,1000Mhz,
1789611196.9820187,224.13351771699672,191358,191400,201.0,750714880,99,2827059200,8573157376,65.0,2625Mhz,1000Mhz,
1789611197.4099534,224.5614521719981,191358,191400,202.7,750714880,99,2824093696,8573157376,65.0,2625Mhz,1000Mhz,
1789611197.819396,224.970894924998,191358,191400,201.0,750714880,99,2824093696,8573157376,65.0,2625Mhz,1000Mhz,
1789611198.2373755,225.38887388500007,191358,191400,198.5,750714880,99,2824093696,8573157376,65.0,2625Mhz,1000Mhz,
1789611198.655515,225.8070137179966,191358,191400,202.4,750714880,99,2824093696,8573157376,65.0,2625Mhz,1000Mhz,
1789611199.0755696,226.22706860199833,191358,191400,199.6,750714880,99,2824093696,8573157376,65.0,2625Mhz,1000Mhz,
1789611199.4963899,226.64788863500144,191358,191400,202.8,750714880,99,2824093696,8573157376,65.0,2625Mhz,1000Mhz,
1789611199.9154854,227.06698399799643,191358,191400,202.1,750714880,99,2826190848,8573157376,66.0,2625Mhz,1000Mhz,
1789611200.3360956,227.48759418899863,191358,191400,200.6,750714880,99,2826190848,8573157376,65.0,2625Mhz,1000Mhz,
1789611200.7699142,227.92141302100208,191358,191400,200.9,750714880,99,2826190848,8573157376,65.0,2625Mhz,1000Mhz,
1789611201.1780202,228.32951913800207,191358,191400,199.6,750714880,99,2824093696,8573157376,65.0,2625Mhz,1000Mhz,
1789611201.5989344,228.75043333299982,191358,191400,202.5,750714880,99,2824093696,8573157376,66.0,2625Mhz,1000Mhz,
1789611202.0286293,229.18012802799785,191358,191400,201.2,750714880,99,2824093696,8573157376,65.0,2625Mhz,1000Mhz,
1789611202.4461372,229.59763601300074,191358,191400,200.4,750714880,99,2824093696,8573157376,65.0,2625Mhz,1000Mhz,
1789611202.8603234,230.01182207999955,191358,191400,203.2,750714880,99,2824093696,8573157376,65.0,2625Mhz,1000Mhz,
1789611203.278579,230.43007760299952,191358,191400,199.9,750714880,99,2824093696,8573157376,65.0,2625Mhz,1000Mhz,
1789611203.6987796,230.85027818899835,191358,191400,202.3,750714880,99,2824093696,8573157376,65.0,2625Mhz,1000Mhz,
1789611204.1090727,231.2605713209996,191358,191400,200.1,750714880,99,2824093696,8573157376,65.0,2625Mhz,1000Mhz,
1789611204.5237763,231.67527520399744,191358,191400,200.0,750714880,99,2824093696,8573157376,65.0,2625Mhz,1000Mhz,
1789611204.9436994,232.0951980269965,191358,191400,201.1,750714880,99,2824093696,8573157376,65.0,2625Mhz,1000Mhz,
1789611205.361426,232.51292504499725,191358,191400,203.6,750714880,99,2824093696,8573157376,65.0,2625Mhz,1000Mhz,
1789611205.7788281,232.93032665899955,191358,191400,200.8,750714880,99,2824093696,8573157376,66.0,2625Mhz,1000Mhz,
1789611206.1923053,233.34380408700235,191358,191400,200.0,750714880,99,2824093696,8573157376,65.0,2625Mhz,1000Mhz,
1789611206.6072967,233.7587955830022,191358,191400,200.7,750714880,99,2824093696,8573157376,66.0,2625Mhz,1000Mhz,
1789611207.0256438,234.17714267799602,191358,191400,201.3,750714880,99,2824093696,8573157376,65.0,2625Mhz,1000Mhz,
1789611207.442849,234.59434805999626,191358,191400,201.7,750714880,99,2824093696,8573157376,65.0,2625Mhz,1000Mhz,
1789611207.8593423,235.01084110300144,191358,191400,203.6,750714880,99,2826190848,8573157376,65.0,2625Mhz,1000Mhz,
1789611208.2818315,235.4333301250008,191358,191400,198.3,750714880,99,2826190848,8573157376,66.0,2625Mhz,1000Mhz,
1789611208.7053597,235.85685841999657,191358,191400,202.7,750714880,99,2826190848,8573157376,65.0,2625Mhz,1000Mhz,
1789611209.1198504,236.27134927999577,191358,191400,200.8,750714880,99,2824093696,8573157376,66.0,2625Mhz,1000Mhz,
1789611209.533105,236.68460361599864,191358,191400,199.6,750714880,99,2824093696,8573157376,65.0,2625Mhz,1000Mhz,
1789611209.9590042,237.1105031679981,191358,191400,201.4,750714880,99,2824093696,8573157376,66.0,2625Mhz,1000Mhz,
1789611210.3711379,237.52263687099912,191358,191400,202.1,750714880,99,2824093696,8573157376,65.0,2625Mhz,1000Mhz,
1789611210.7867491,237.93824791399675,191358,191400,202.4,750714880,99,2824093696,8573157376,65.0,2625Mhz,1000Mhz,
1789611211.191952,238.3434509879953,191358,191400,201.8,750714880,99,2824093696,8573157376,66.0,2625Mhz,1000Mhz,
1789611211.608295,238.75979409000138,191358,191400,200.1,750714880,99,2826190848,8573157376,65.0,2625Mhz,1000Mhz,
1789611212.0231934,239.1746922050006,191358,191400,199.6,750714880,99,2826190848,8573157376,66.0,2625Mhz,1000Mhz,
1789611212.4339545,239.58545349199994,191358,191400,68.9,750714880,5,2826190848,8573157376,61.0,700Mhz,96Mhz,
1789611212.8401582,239.9916572180009,191358,191400,0.0,750714880,3,2826190848,8573157376,60.0,700Mhz,96Mhz,
1789611213.2694914,240.4209899990019,191358,191400,2.4,750714880,4,2824093696,8573157376,59.0,700Mhz,96Mhz,
1789611213.6859233,240.83742249100032,191358,191400,2.4,750714880,7,2824093696,8573157376,59.0,700Mhz,96Mhz,
1789611214.1096401,241.2611392079998,191358,191400,0.0,750714880,5,2824093696,8573157376,59.0,700Mhz,96Mhz,
1789611214.5289874,241.68048634399747,191358,191400,2.4,750714880,6,2824093696,8573157376,59.0,700Mhz,96Mhz,
1789611214.9441526,242.0956518019957,191358,191400,2.4,750714880,3,2824093696,8573157376,58.0,700Mhz,96Mhz,
1789611215.367036,242.51853519900033,191358,191400,0.0,750714880,6,2824093696,8573157376,58.0,700Mhz,96Mhz,
1789611215.7895281,242.9410269910004,191358,191400,2.4,750714880,5,2826190848,8573157376,58.0,700Mhz,96Mhz,
1789611216.2067676,243.35826665299828,191358,191400,2.3,750714880,3,2826190848,8573157376,58.0,700Mhz,96Mhz,
1789611216.6328685,243.78436779700132,191358,191400,0.0,750714880,6,2826190848,8573157376,58.0,700Mhz,96Mhz,
1789611217.0531418,244.20464119399549,191358,191400,2.4,750714880,5,2824093696,8573157376,58.0,700Mhz,96Mhz,
1789611217.4739366,244.62543591699796,191358,191400,0.0,750714880,7,2824093696,8573157376,58.0,700Mhz,96Mhz,
1789611217.8909779,245.04247682599816,191358,191400,2.4,750714880,4,2824093696,8573157376,57.0,700Mhz,96Mhz,
1789611218.305368,245.45686696499615,191358,191400,2.4,750714880,2,2824093696,8573157376,57.0,700Mhz,96Mhz,
1789611218.716004,245.86750334200042,191358,191400,0.0,750714880,5,2824093696,8573157376,57.0,700Mhz,96Mhz,
1789611219.145281,246.29677981200075,191358,191400,2.3,750714880,5,2824093696,8573157376,57.0,700Mhz,96Mhz,
1789611219.571689,246.72318814900063,191358,191400,2.4,750714880,2,2826190848,8573157376,57.0,700Mhz,96Mhz,
1789611219.9903078,247.14180668699555,191358,191400,33.4,752562176,99,2826190848,8573157376,58.0,2625Mhz,1000Mhz,
1789611220.4091392,247.56063752699993,191358,191400,200.8,752562176,99,2826190848,8573157376,61.0,2625Mhz,1000Mhz,
1789611220.8125842,247.96408297099697,191358,191400,201.8,752562176,99,2826190848,8573157376,61.0,2625Mhz,1000Mhz,
1789611221.2237968,248.37529542399716,191358,191400,199.4,752562176,99,2824093696,8573157376,61.0,2625Mhz,675Mhz,
1789611221.6399543,248.79145330299798,191358,191400,201.7,752562176,99,2824093696,8573157376,61.0,2625Mhz,675Mhz,
1789611222.066344,249.21784253999795,191358,191400,201.9,752562176,99,2824093696,8573157376,61.0,2625Mhz,1000Mhz,
1789611222.4873714,249.63887013599742,191358,191400,201.4,752562176,99,2832121856,8573157376,62.0,2625Mhz,1000Mhz,
1789611222.9292934,250.0807923609973,191358,191400,202.5,752562176,99,2846076928,8573157376,61.0,2625Mhz,675Mhz,
1789611223.3588965,250.51039494499855,191358,191400,200.2,752562176,99,2848174080,8573157376,61.0,2625Mhz,675Mhz,
1789611223.7934625,250.94496116600203,191358,191400,202.0,752562176,99,2848174080,8573157376,61.0,2625Mhz,1000Mhz,
1789611224.2096043,251.36110313599784,191358,191400,201.2,752562176,99,2846076928,8573157376,62.0,2625Mhz,1000Mhz,
1789611224.6268373,251.7783360569956,191358,191400,199.6,752562176,99,2846076928,8573157376,62.0,2625Mhz,1000Mhz,
1789611225.0477633,252.19926221200149,191358,191400,202.9,752562176,99,2846076928,8573157376,62.0,2625Mhz,1000Mhz,
1789611225.4716375,252.62313628999982,191358,191400,199.6,752562176,99,2846076928,8573157376,61.0,2625Mhz,1000Mhz,
1789611225.8973927,253.04889166999783,191358,191400,202.6,752562176,99,2846076928,8573157376,63.0,2625Mhz,1000Mhz,
1789611226.3070781,253.45857693500147,191358,191400,199.0,752562176,99,2843979776,8573157376,63.0,2625Mhz,1000Mhz,
1789611226.7340915,253.885590398997,191358,191400,203.6,752562176,99,2843979776,8573157376,64.0,2625Mhz,1000Mhz,
1789611227.1516118,254.30311064399575,191358,191400,202.3,752562176,99,2846076928,8573157376,63.0,2625Mhz,1000Mhz,
1789611227.5718083,254.7233072099989,191358,191400,198.6,752562176,99,2846076928,8573157376,63.0,2625Mhz,1000Mhz,
1789611227.9847121,255.13621110299573,191358,191400,200.4,752562176,99,2843979776,8573157376,64.0,2625Mhz,1000Mhz,
1789611228.3990057,255.55050482099614,191358,191400,204.0,752562176,99,2832117760,8573157376,64.0,2625Mhz,1000Mhz,
1789611228.8156884,255.9671872559993,191358,191400,199.6,754098176,91,2832117760,8573157376,64.0,2625Mhz,1000Mhz,
1789611229.2264118,256.3779107829978,191358,191400,200.7,754098176,99,2826186752,8573157376,64.0,2625Mhz,1000Mhz,
1789611229.6449778,256.79647695099993,191358,191400,199.4,754098176,99,2826186752,8573157376,64.0,2625Mhz,1000Mhz,
1789611230.05617,257.2076687029985,191358,191400,203.8,754098176,99,2826186752,8573157376,64.0,2625Mhz,1000Mhz,
1789611230.468382,257.61988082699827,191358,191400,198.1,754098176,99,2826186752,8573157376,64.0,2625Mhz,1000Mhz,
1789611230.8773317,258.02883082399785,191358,191400,201.3,754098176,99,2826186752,8573157376,64.0,2625Mhz,1000Mhz,
1789611231.28991,258.4414090029968,191358,191400,201.9,754098176,99,2828283904,8573157376,64.0,2625Mhz,1000Mhz,
1789611231.725645,258.87714406699524,191358,191400,199.5,754098176,99,2828283904,8573157376,64.0,2625Mhz,1000Mhz,
1789611232.1567488,259.308247627996,191358,191400,200.7,754098176,99,2826186752,8573157376,65.0,2625Mhz,1000Mhz,
1789611232.570312,259.72181107800134,191358,191400,204.1,754098176,99,2826186752,8573157376,65.0,2625Mhz,1000Mhz,
1789611232.9867187,260.1382172599988,191358,191400,200.3,754098176,99,2826186752,8573157376,64.0,2625Mhz,1000Mhz,
1789611233.4010777,260.5525764990016,191358,191400,199.3,754098176,99,2826186752,8573157376,65.0,2625Mhz,1000Mhz,
1789611233.8175404,260.9690391819968,191358,191400,202.1,754098176,99,2826186752,8573157376,64.0,2625Mhz,1000Mhz,
1789611234.2332678,261.3847665669964,191358,191400,198.3,754098176,99,2826186752,8573157376,65.0,2625Mhz,1000Mhz,
1789611234.6518838,261.80338259499695,191358,191400,203.7,754098176,99,2826186752,8573157376,64.0,2625Mhz,1000Mhz,
1789611235.069272,262.2207707289999,191358,191400,196.4,754106368,99,2826186752,8573157376,63.0,2625Mhz,1000Mhz,
1789611235.4867954,262.63829425400036,191358,191400,202.4,754106368,99,2828283904,8573157376,62.0,2625Mhz,541Mhz,
1789611235.8969069,263.0484057540016,191358,191400,199.4,754106368,99,2828283904,8573157376,63.0,2625Mhz,1000Mhz,
1789611236.3183033,263.4698025339967,191358,191400,203.2,754106368,99,2826186752,8573157376,63.0,2625Mhz,1000Mhz,
1789611236.731595,263.8830937199964,191358,191400,203.1,754106368,99,2826186752,8573157376,63.0,2625Mhz,675Mhz,
1789611237.15497,264.30646845299634,191358,191400,199.5,754106368,99,2826186752,8573157376,62.0,2625Mhz,675Mhz,
1789611237.5760887,264.7275873489998,191358,191400,201.7,754106368,99,2826186752,8573157376,62.0,2625Mhz,1000Mhz,
1789611237.9925714,265.144070301998,191358,191400,200.4,754106368,99,2826186752,8573157376,61.0,2625Mhz,541Mhz,
1789611238.4018521,265.5533513229966,191358,191400,201.0,754106368,99,2826186752,8573157376,62.0,2625Mhz,541Mhz,
1789611238.819695,265.97119436199864,191358,191400,204.1,754106368,99,2826186752,8573157376,62.0,2625Mhz,1000Mhz,
1789611239.2361739,266.3876729149997,191358,191400,199.1,754106368,99,2828283904,8573157376,62.0,2625Mhz,1000Mhz,
1789611239.6630933,266.81459213799826,191358,191400,202.6,754106368,99,2828283904,8573157376,62.0,2625Mhz,1000Mhz,
1789611240.0827534,267.23425233799935,191358,191400,201.4,754106368,99,2831249408,8573157376,62.0,2625Mhz,1000Mhz,
1789611240.4948397,267.64633811100066,191358,191400,198.9,754106368,99,2831249408,8573157376,61.0,2625Mhz,1000Mhz,
1789611240.9120953,268.0635937929983,191358,191400,204.2,754106368,99,2831249408,8573157376,61.0,2625Mhz,675Mhz,
1789611241.32341,268.474908406999,191358,191400,200.7,754106368,99,2831249408,8573157376,62.0,2625Mhz,1000Mhz,
1789611241.732019,268.8835177700021,191358,191400,202.5,754106368,99,2831249408,8573157376,62.0,2625Mhz,1000Mhz,
1789611242.1566868,269.30818565699883,191358,191400,200.3,754106368,99,2831249408,8573157376,62.0,2625Mhz,675Mhz,
1789611242.5662432,269.71774174099846,191358,191400,200.4,754106368,99,2829152256,8573157376,63.0,2625Mhz,1000Mhz,
1789611242.9953346,270.146833478997,191358,191400,203.1,754106368,99,2829152256,8573157376,61.0,2625Mhz,1000Mhz,
1789611243.4186692,270.57016821100115,191358,191400,200.2,754106368,99,2831249408,8573157376,61.0,2625Mhz,675Mhz,
1789611243.8432927,270.99479138800234,191358,191400,202.3,754106368,99,2831249408,8573157376,62.0,2625Mhz,1000Mhz,
1789611244.2584364,271.40993529599655,191358,191400,200.2,754106368,99,2829152256,8573157376,63.0,2625Mhz,1000Mhz,
1789611244.6680973,271.81959610099875,191358,191400,201.0,754106368,99,2829152256,8573157376,61.0,2625Mhz,675Mhz,
1789611245.0809867,272.23248591300217,191358,191400,203.6,754106368,99,2829152256,8573157376,63.0,2625Mhz,1000Mhz,
1789611245.5034196,272.6549185740005,191358,191400,198.7,754106368,99,2826186752,8573157376,62.0,2625Mhz,1000Mhz,
1789611245.9160342,273.06753305299935,191358,191400,202.3,754106368,99,2826186752,8573157376,62.0,2625Mhz,1000Mhz,
1789611246.3361325,273.48763131799933,191358,191400,202.2,754106368,99,2826186752,8573157376,62.0,2625Mhz,1000Mhz,
1789611246.7565956,273.90809461699973,191358,191400,201.6,754106368,99,2826186752,8573157376,63.0,2625Mhz,1000Mhz,
1789611247.1683536,274.31985259599605,191358,191400,201.2,754106368,99,2828283904,8573157376,62.0,2625Mhz,675Mhz,
1789611247.5809581,274.73245690499607,191358,191400,200.4,754106368,99,2828283904,8573157376,62.0,2625Mhz,1000Mhz,
1789611248.0101705,275.16166896399955,191358,191400,203.0,754106368,99,2826186752,8573157376,63.0,2625Mhz,1000Mhz,
1789611248.4290006,275.5804996949955,191358,191400,200.8,754106368,99,2826186752,8573157376,61.0,2625Mhz,1000Mhz,
1789611248.847352,275.9988508189999,191358,191400,201.7,754106368,99,2826186752,8573157376,62.0,2625Mhz,1000Mhz,
1789611249.2738235,276.4253222469997,191358,191400,201.4,754106368,99,2826186752,8573157376,63.0,2625Mhz,1000Mhz,
1789611249.6957638,276.84726264300116,191358,191400,203.7,754106368,99,2823221248,8573157376,61.0,2625Mhz,96Mhz,
1789611250.1227818,277.2742808080002,191358,191400,201.1,754106368,99,2823221248,8573157376,62.0,2625Mhz,1000Mhz,
1789611250.535558,277.6870565979989,191358,191400,198.5,754106368,99,2823221248,8573157376,63.0,2625Mhz,1000Mhz,
1789611250.9537349,278.10523378099606,191358,191400,203.1,754106368,99,2823221248,8573157376,63.0,2625Mhz,1000Mhz,
1789611251.3771448,278.5286437839968,191358,191400,200.2,754106368,99,2825318400,8573157376,62.0,2625Mhz,675Mhz,
1789611251.791761,278.94325955599925,191358,191400,200.6,754106368,99,2825318400,8573157376,62.0,2625Mhz,675Mhz,
1789611252.2055004,279.35699920800107,191358,191400,203.3,754106368,99,2823221248,8573157376,63.0,2625Mhz,1000Mhz,
1789611252.6284938,279.77999268599524,191358,191400,200.9,754106368,99,2823221248,8573157376,62.0,2625Mhz,1000Mhz,
1789611253.0466235,280.19812214800186,191358,191400,198.9,754106368,99,2823221248,8573157376,63.0,2625Mhz,1000Mhz,
1789611253.4640179,280.6155168319965,191358,191400,203.3,754106368,99,2823221248,8573157376,63.0,2625Mhz,1000Mhz,
1789611253.8820877,281.03358625299734,191358,191400,199.6,754106368,99,2823221248,8573157376,62.0,2625Mhz,675Mhz,
1789611254.3030198,281.45451863799826,191358,191400,201.5,754106368,99,2823221248,8573157376,63.0,2625Mhz,675Mhz,
1789611254.7199907,281.8714897059981,191358,191400,202.3,754106368,99,2828283904,8573157376,63.0,2625Mhz,1000Mhz,
1789611255.1351483,282.2866470049994,191358,191400,199.7,754106368,99,2830381056,8573157376,63.0,2625Mhz,1000Mhz,
1789611255.5506983,282.7021972270013,191358,191400,203.7,754106368,99,2830381056,8573157376,63.0,2625Mhz,1000Mhz,
1789611255.9680257,283.11952480000036,191358,191400,200.8,754106368,99,2830381056,8573157376,63.0,2625Mhz,1000Mhz,
1789611256.3863463,283.53784499500034,191358,191400,201.1,754106368,99,2826186752,8573157376,62.0,2625Mhz,675Mhz,
1789611256.8139684,283.965467066002,191358,191400,199.5,754106368,99,2826186752,8573157376,62.0,2625Mhz,1000Mhz,
1789611257.2349231,284.38642165000056,191358,191400,204.1,754106368,99,2826186752,8573157376,63.0,2625Mhz,1000Mhz,
1789611257.6563375,284.80783617999987,191358,191400,200.4,754106368,99,2834214912,8573157376,63.0,2625Mhz,1000Mhz,
1789611258.070535,285.2220337769977,191358,191400,199.7,754106368,99,2834214912,8573157376,62.0,2625Mhz,1000Mhz,
1789611258.496035,285.6475341940022,191358,191400,201.3,754106368,99,2834214912,8573157376,62.0,2625Mhz,675Mhz,
1789611258.9083858,286.05988503000117,191358,191400,203.2,754106368,99,2834214912,8573157376,64.0,2625Mhz,1000Mhz,
1789611259.3265834,286.4780820829983,191358,191400,199.2,754106368,99,2836312064,8573157376,64.0,2625Mhz,1000Mhz,
1789611259.738139,286.8896376900011,191358,191400,204.6,754106368,99,2836312064,8573157376,64.0,2625Mhz,1000Mhz,
1789611260.1391313,287.29062963499746,191358,191400,198.6,755642368,99,2834214912,8573157376,64.0,2625Mhz,1000Mhz,
1789611260.5518258,287.70332444499945,191358,191400,203.1,755642368,99,2834214912,8573157376,64.0,2625Mhz,1000Mhz,
1789611260.965376,288.116874845,191358,191400,199.8,755642368,99,2834214912,8573157376,64.0,2625Mhz,1000Mhz,
1789611261.375874,288.52737302899914,191358,191400,198.9,755642368,99,2834214912,8573157376,64.0,2625Mhz,1000Mhz,
1789611261.793395,288.9448943440002,191358,191400,205.6,755642368,99,2832117760,8573157376,65.0,2625Mhz,1000Mhz,
1789611262.21151,289.3630088259961,191358,191400,200.6,755642368,99,2832117760,8573157376,64.0,2625Mhz,1000Mhz,
1789611262.6202323,289.7717313510002,191358,191400,200.4,755642368,99,2832117760,8573157376,64.0,2625Mhz,1000Mhz,
1789611263.0493696,290.20086823900056,191358,191400,201.1,755642368,99,2826186752,8573157376,65.0,2625Mhz,1000Mhz,
1789611263.4670606,290.61855923599796,191358,191400,201.9,755642368,99,2828283904,8573157376,65.0,2625Mhz,1000Mhz,
1789611263.8683486,291.01984814499883,191358,191400,198.8,755642368,99,2828283904,8573157376,65.0,2625Mhz,1000Mhz,
1789611264.2807047,291.4322036509984,191358,191400,200.7,755642368,99,2828283904,8573157376,65.0,2625Mhz,1000Mhz,
1789611264.6942556,291.8457544109988,191358,191400,204.3,755642368,99,2826186752,8573157376,64.0,2625Mhz,1000Mhz,
1789611265.1151578,292.2666565549953,191358,191400,201.0,755642368,99,2826186752,8573157376,64.0,2625Mhz,1000Mhz,
1789611265.5281594,292.6796582379975,191358,191400,199.1,755642368,99,2826186752,8573157376,65.0,2625Mhz,1000Mhz,
1789611265.9499736,293.10147217199847,191358,191400,202.9,755642368,99,2826186752,8573157376,64.0,2625Mhz,1000Mhz,
1789611266.3639917,293.51549045799766,191358,191400,202.2,755642368,99,2826186752,8573157376,65.0,2625Mhz,1000Mhz,
1789611266.7793505,293.9308492179989,191358,191400,198.9,755642368,99,2826186752,8573157376,65.0,2625Mhz,1000Mhz,
1789611267.1965675,294.3480662000002,191358,191400,202.0,755642368,99,2826186752,8573157376,65.0,2625Mhz,1000Mhz,
1789611267.6074648,294.7589634190008,191358,191400,198.7,755642368,99,2828283904,8573157376,65.0,2625Mhz,1000Mhz,
1789611268.0152194,295.1667184120015,191358,191400,203.0,755642368,99,2828283904,8573157376,65.0,2625Mhz,1000Mhz,
1789611268.433913,295.58541191100085,191358,191400,200.9,755642368,99,2826186752,8573157376,64.0,2625Mhz,1000Mhz,
1789611268.8569357,296.0084344889983,191358,191400,199.4,755642368,99,2826186752,8573157376,65.0,2625Mhz,1000Mhz,
1789611269.2682915,296.4197903940003,191358,191400,203.3,755642368,99,2826186752,8573157376,65.0,2625Mhz,1000Mhz,
1789611269.681531,296.83302967000054,191358,191400,202.3,755642368,99,2826186752,8573157376,65.0,2625Mhz,1000Mhz,
1789611270.1017728,297.25327163600014,191358,191400,200.4,755642368,99,2826186752,8573157376,65.0,2625Mhz,1000Mhz,
1789611270.520869,297.6723678499984,191358,191400,200.3,755642368,99,2826186752,8573157376,65.0,2625Mhz,1000Mhz,
1789611270.9353006,298.08679943899915,191358,191400,202.4,755642368,99,2826186752,8573157376,65.0,2625Mhz,1000Mhz,
1789611271.3452847,298.4967833779956,191358,191400,199.9,755642368,99,2828283904,8573157376,65.0,2625Mhz,1000Mhz,
1789611271.7604542,298.91195300599793,191358,191400,201.1,755642368,99,2828283904,8573157376,65.0,2625Mhz,1000Mhz,
1789611272.1831532,299.3346519209954,191358,191400,202.0,755642368,99,2826186752,8573157376,65.0,2625Mhz,1000Mhz,
1789611272.5889902,299.7404892420018,191358,191400,202.0,755642368,99,2826186752,8573157376,65.0,2625Mhz,1000Mhz,
1789611273.0097127,300.1612113039955,191358,191400,200.3,755642368,99,2826186752,8573157376,65.0,2625Mhz,1000Mhz,
1789611273.4242275,300.57572644399625,191358,191400,202.0,755642368,99,2826186752,8573157376,65.0,2625Mhz,1000Mhz,
1789611273.8449705,300.9964693869988,191358,191400,201.3,755642368,99,2826186752,8573157376,65.0,2625Mhz,1000Mhz,
1789611274.2721667,301.4236654729975,191358,191400,203.3,755642368,99,2826186752,8573157376,65.0,2625Mhz,1000Mhz,
1789611274.6854372,301.8369358889977,191358,191400,199.9,755642368,99,2826186752,8573157376,65.0,2625Mhz,1000Mhz,
1789611275.095603,302.2471016299969,191358,191400,199.5,755642368,99,2826186752,8573157376,65.0,2625Mhz,1000Mhz,
1789611275.5165632,302.66806235499826,191358,191400,202.3,755642368,99,2828283904,8573157376,65.0,2625Mhz,1000Mhz,
1789611275.941693,303.0931923579992,191358,191400,200.4,755642368,99,2828283904,8573157376,65.0,2625Mhz,1000Mhz,
1789611276.3508656,303.5023644969988,191358,191400,200.7,755642368,99,2828283904,8573157376,65.0,2625Mhz,1000Mhz,
1789611276.7643988,303.91589754600136,191358,191400,201.7,755642368,99,2826186752,8573157376,65.0,2625Mhz,1000Mhz,
1789611277.1857455,304.33724424499815,191358,191400,201.3,755642368,99,2826186752,8573157376,66.0,2625Mhz,1000Mhz,
1789611277.6029975,304.7544967079957,191358,191400,201.0,755642368,99,2823221248,8573157376,65.0,2625Mhz,1000Mhz,
1789611278.020879,305.1723780169996,191358,191400,203.0,755642368,99,2823221248,8573157376,65.0,2625Mhz,1000Mhz,
1789611278.4395938,305.59109214600176,191358,191400,198.1,755642368,99,2823221248,8573157376,65.0,2625Mhz,1000Mhz,
1789611278.8534853,306.00498463899567,191358,191400,199.8,755642368,99,2823221248,8573157376,65.0,2625Mhz,1000Mhz,
1789611279.2738667,306.4253656369983,191358,191400,203.7,755642368,99,2830381056,8573157376,66.0,2625Mhz,1000Mhz,
1789611279.6961784,306.8476773779985,191358,191400,202.6,755642368,99,2830381056,8573157376,65.0,2625Mhz,1000Mhz,
1789611280.115645,307.26714362500206,191358,191400,197.9,755642368,99,2828283904,8573157376,65.0,2625Mhz,1000Mhz,
1789611280.5349553,307.68645409099554,191358,191400,203.9,755642368,99,2828283904,8573157376,65.0,2625Mhz,1000Mhz,
1789611280.9567301,308.1082288949983,191358,191400,199.6,755642368,99,2828283904,8573157376,65.0,2625Mhz,1000Mhz,
1789611281.372526,308.5240246999965,191358,191400,204.3,755642368,99,2826186752,8573157376,65.0,2625Mhz,1000Mhz,
1789611281.7886162,308.9401150190024,191358,191400,199.1,755642368,99,2826186752,8573157376,65.0,2625Mhz,1000Mhz,
1789611282.2005143,309.3520128599994,191358,191400,199.6,755642368,99,2826186752,8573157376,66.0,2625Mhz,1000Mhz,
1789611282.6214302,309.7729290240022,191358,191400,202.7,755642368,99,2826186752,8573157376,65.0,2625Mhz,1000Mhz,
1789611283.0359051,310.18740403399715,191358,191400,200.4,755642368,99,2826186752,8573157376,65.0,2625Mhz,1000Mhz,
1789611283.4501643,310.6016629119986,191358,191400,201.8,755642368,99,2828283904,8573157376,65.0,2625Mhz,1000Mhz,
1789611283.8714144,311.02291342999524,191358,191400,201.2,755642368,99,2828283904,8573157376,65.0,2625Mhz,1000Mhz,
1789611284.2889347,311.44043356499606,191358,191400,202.0,755642368,99,2826186752,8573157376,65.0,2625Mhz,1000Mhz,
1789611284.699732,311.8512306729972,191358,191400,201.9,755642368,99,2826186752,8573157376,65.0,2625Mhz,1000Mhz,
1789611285.1207774,312.2722762789999,191358,191400,199.2,755642368,99,2826186752,8573157376,65.0,2625Mhz,1000Mhz,
1789611285.532488,312.6839867480012,191358,191400,204.0,755642368,99,2826186752,8573157376,66.0,2625Mhz,1000Mhz,
1789611285.9343636,313.0858620630024,191358,191400,194.7,758222848,99,2826186752,8573157376,64.0,2625Mhz,1000Mhz,
1789611286.365746,313.5172447570003,191358,191400,201.6,758222848,99,2826186752,8573157376,64.0,2625Mhz,541Mhz,
1789611286.787325,313.9388245689988,191358,191400,202.1,758222848,99,2826186752,8573157376,64.0,2625Mhz,1000Mhz,
1789611287.198054,314.3495531669978,191358,191400,201.7,758222848,99,2828283904,8573157376,63.0,2625Mhz,1000Mhz,
1789611287.6294231,314.7809220909985,191358,191400,203.3,758222848,99,2828283904,8573157376,64.0,2625Mhz,1000Mhz,
1789611288.047591,315.1990899730008,191358,191400,199.0,758222848,99,2826186752,8573157376,63.0,2625Mhz,675Mhz,
1789611288.4798412,315.63133992799703,191358,191400,201.5,758222848,99,2826186752,8573157376,63.0,2625Mhz,1000Mhz,
1789611288.8967168,316.04821563600126,191358,191400,200.3,758222848,99,2826186752,8573157376,62.0,2625Mhz,675Mhz,
1789611289.3210495,316.4725485989984,191358,191400,203.2,758222848,99,2834214912,8573157376,63.0,2625Mhz,1000Mhz,
1789611289.7344434,316.8859423370013,191358,191400,200.3,758222848,99,2834214912,8573157376,63.0,2625Mhz,1000Mhz,
1789611290.1537864,317.30528531299933,191358,191400,201.9,758222848,99,2834214912,8573157376,64.0,2625Mhz,1000Mhz,
1789611290.5748336,317.72633289900114,191358,191400,201.1,758222848,99,2834214912,8573157376,64.0,2625Mhz,1000Mhz,
1789611290.9974828,318.14898164299666,191358,191400,201.8,758222848,99,2832117760,8573157376,63.0,2625Mhz,1000Mhz,
1789611291.4188068,318.57030593200034,191358,191400,200.8,758222848,99,2834214912,8573157376,63.0,2625Mhz,1000Mhz,
1789611291.8320632,318.983561948,191358,191400,200.1,758222848,99,2832117760,8573157376,62.0,2625Mhz,675Mhz,
1789611292.2567804,319.4082791460023,191358,191400,204.7,758222848,99,2832117760,8573157376,64.0,2625Mhz,1000Mhz,
1789611292.6721344,319.8236335859983,191358,191400,200.1,758222848,99,2832117760,8573157376,64.0,2625Mhz,1000Mhz,
1789611293.0868893,320.2383879199988,191358,191400,200.3,758222848,99,2832117760,8573157376,63.0,2625Mhz,1000Mhz,
1789611293.5211554,320.6726542469987,191358,191400,203.2,758222848,99,2832117760,8573157376,63.0,2625Mhz,1000Mhz,
1789611293.9394925,321.09099115199933,191358,191400,198.7,758222848,99,2832117760,8573157376,63.0,2625Mhz,1000Mhz,
1789611294.3522522,321.5037510319962,191358,191400,201.6,758222848,99,2832117760,8573157376,62.0,2625Mhz,675Mhz,
1789611294.7690132,321.92051195899694,191358,191400,203.5,758222848,99,2823221248,8573157376,64.0,2625Mhz,1000Mhz,
1789611295.186661,322.3381600249995,191358,191400,201.1,758222848,99,2825318400,8573157376,64.0,2625Mhz,1000Mhz,
1789611295.6093752,322.7608741399963,191358,191400,199.2,758222848,99,2825318400,8573157376,63.0,2625Mhz,1000Mhz,
1789611296.0311086,323.1826076340003,191358,191400,203.2,758222848,99,2823221248,8573157376,63.0,2625Mhz,675Mhz,
1789611296.4542944,323.6057937639998,191358,191400,201.1,758222848,99,2823221248,8573157376,63.0,2625Mhz,1000Mhz,
1789611296.8768733,324.02837179700145,191358,191400,200.0,758222848,99,2823221248,8573157376,63.0,2625Mhz,1000Mhz,
1789611297.2917867,324.4432855729974,191358,191400,202.0,758222848,99,2823221248,8573157376,63.0,2625Mhz,1000Mhz,
1789611297.7027752,324.8542741429992,191358,191400,199.7,758222848,99,2823221248,8573157376,64.0,2625Mhz,1000Mhz,
1789611298.1134503,325.26494875999924,191358,191400,202.7,758222848,99,2823221248,8573157376,64.0,2625Mhz,1000Mhz,
1789611298.5277548,325.67925346799893,191358,191400,201.1,758222848,99,2823221248,8573157376,63.0,2625Mhz,1000Mhz,
1789611298.940465,326.0919633680023,191358,191400,201.1,758222848,99,2823221248,8573157376,63.0,2625Mhz,1000Mhz,
1789611299.353187,326.50468589799857,191358,191400,201.6,758222848,99,2825318400,8573157376,64.0,2625Mhz,1000Mhz,
1789611299.7698152,326.9213142430017,191358,191400,200.0,758222848,99,2825318400,8573157376,63.0,2625Mhz,1000Mhz,
1789611300.1847188,327.33621757799847,191358,191400,202.8,758222848,99,2823221248,8573157376,64.0,2625Mhz,1000Mhz,
1789611300.603888,327.755386912002,191358,191400,201.6,758222848,99,2823221248,8573157376,63.0,2625Mhz,1000Mhz,
1789611301.0305452,328.1820438119976,191358,191400,200.2,758222848,99,2823221248,8573157376,62.0,2625Mhz,675Mhz,
1789611301.4502807,328.60177953299717,191358,191400,201.4,758222848,99,2823221248,8573157376,63.0,2625Mhz,675Mhz,
1789611301.877251,329.02874979699845,191358,191400,201.2,758222848,99,2823221248,8573157376,63.0,2625Mhz,1000Mhz,
1789611302.2896721,329.44117093300156,191358,191400,202.0,758222848,99,2823221248,8573157376,62.0,2625Mhz,1000Mhz,
1789611302.700498,329.85199692199967,191358,191400,201.4,758222848,99,2823221248,8573157376,63.0,2625Mhz,1000Mhz,
1789611303.1176455,330.26914425299765,191358,191400,200.6,758222848,99,2825318400,8573157376,64.0,2625Mhz,1000Mhz,
1789611303.536378,330.68787668200093,191358,191400,202.9,758222848,99,2825318400,8573157376,64.0,2625Mhz,1000Mhz,
1789611303.95031,331.101808555999,191358,191400,199.1,758222848,99,2831249408,8573157376,64.0,2625Mhz,1000Mhz,
1789611304.3772182,331.5287169389994,191358,191400,199.7,758222848,99,2831249408,8573157376,64.0,2625Mhz,1000Mhz,
1789611304.792837,331.944335371998,191358,191400,203.8,758222848,99,2831249408,8573157376,63.0,2625Mhz,675Mhz,
1789611305.2148654,332.3663642589963,191358,191400,200.8,758222848,99,2831249408,8573157376,63.0,2625Mhz,1000Mhz,
1789611305.6382477,332.78974665200076,191358,191400,200.3,758222848,99,2831249408,8573157376,64.0,2625Mhz,1000Mhz,
1789611306.0527296,333.20422873200005,191358,191400,200.2,758222848,99,2829152256,8573157376,64.0,2625Mhz,1000Mhz,
1789611306.467207,333.6187061219971,191358,191400,204.2,758222848,99,2829152256,8573157376,65.0,2625Mhz,1000Mhz,
1789611306.8737662,334.0252648820024,191358,191400,201.5,758222848,99,2829152256,8573157376,63.0,2625Mhz,1000Mhz,
1789611307.2856283,334.4371272319986,191358,191400,199.1,758222848,99,2831249408,8573157376,63.0,2625Mhz,675Mhz,
1789611307.7075875,334.85908633800136,191358,191400,202.5,758222848,99,2831249408,8573157376,64.0,2625Mhz,1000Mhz,
1789611308.117553,335.26905162599724,191358,191400,200.8,758222848,99,2829152256,8573157376,64.0,2625Mhz,1000Mhz,
1789611308.5309165,335.6824151740002,191358,191400,202.1,758222848,99,2829152256,8573157376,63.0,2625Mhz,1000Mhz,
1789611308.93671,336.08820870400086,191358,191400,201.9,758222848,99,2829152256,8573157376,63.0,2625Mhz,1000Mhz,
1789611309.3625863,336.5140851859978,191358,191400,201.0,758222848,99,2829152256,8573157376,63.0,2625Mhz,675Mhz,
1789611309.780577,336.93207583599724,191358,191400,201.7,758222848,99,2826186752,8573157376,64.0,2625Mhz,1000Mhz,
1789611310.2069948,337.3584936539992,191358,191400,200.1,758222848,99,2826186752,8573157376,64.0,2625Mhz,1000Mhz,
1789611310.6169438,337.7684428020002,191358,191400,202.2,758222848,99,2826186752,8573157376,65.0,2625Mhz,1000Mhz,
1789611311.0321996,338.18369804100075,191358,191400,200.8,759758848,99,2826186752,8573157376,65.0,2625Mhz,1000Mhz,
1789611311.455437,338.60693653199996,191358,191400,200.7,759758848,99,2828283904,8573157376,65.0,2625Mhz,1000Mhz,
1789611311.8689513,339.0204501709959,191358,191400,199.8,759758848,99,2828283904,8573157376,65.0,2625Mhz,1000Mhz,
1789611312.2843227,339.4358218519992,191358,191400,201.1,759758848,99,2826186752,8573157376,65.0,2625Mhz,1000Mhz,
1789611312.7069662,339.85846515600133,191358,191400,202.1,759758848,99,2826186752,8573157376,65.0,2625Mhz,1000Mhz,
1789611313.117689,340.2691879929989,191358,191400,202.2,759758848,99,2826186752,8573157376,65.0,2625Mhz,1000Mhz,
1789611313.5379245,340.6894236090011,191358,191400,200.2,759758848,99,2826186752,8573157376,65.0,2625Mhz,1000Mhz,
1789611313.952588,341.10408731200005,191358,191400,201.8,759758848,99,2826186752,8573157376,65.0,2625Mhz,1000Mhz,
1789611314.3839152,341.53541440499976,191358,191400,202.6,759758848,99,2826186752,8573157376,65.0,2625Mhz,1000Mhz,
1789611314.7933772,341.94487568800105,191358,191400,197.0,759758848,99,2826186752,8573157376,66.0,2625Mhz,1000Mhz,
1789611315.2044516,342.3559498789982,191358,191400,203.8,759758848,99,2828283904,8573157376,65.0,2625Mhz,1000Mhz,
1789611315.611795,342.7632933279965,191358,191400,200.7,759758848,99,2828283904,8573157376,66.0,2625Mhz,1000Mhz,
1789611316.0303476,343.1818459249989,191358,191400,201.3,759758848,99,2826186752,8573157376,65.0,2625Mhz,1000Mhz,
1789611316.447637,343.599135876997,191358,191400,202.8,759758848,99,2826186752,8573157376,65.0,2625Mhz,1000Mhz,
1789611316.8618698,344.0133686049958,191358,191400,200.4,759758848,99,2826186752,8573157376,65.0,2625Mhz,1000Mhz,
1789611317.2810957,344.43259448000026,191358,191400,199.5,759758848,99,2826186752,8573157376,66.0,2625Mhz,1000Mhz,
1789611317.6970448,344.84854357699805,191358,191400,202.8,759758848,99,2826186752,8573157376,65.0,2625Mhz,1000Mhz,
1789611318.1062305,345.25772900599986,191358,191400,202.0,759758848,99,2826186752,8573157376,65.0,2625Mhz,1000Mhz,
1789611318.5171385,345.66863733500213,191358,191400,199.8,759758848,99,2826186752,8573157376,65.0,2625Mhz,1000Mhz,
1789611318.9325657,346.08406437600206,191358,191400,201.2,759758848,99,2826186752,8573157376,66.0,2625Mhz,1000Mhz,
1789611319.3501089,346.50160775199765,191358,191400,201.5,759758848,99,2828283904,8573157376,65.0,2625Mhz,1000Mhz,
1789611319.7668767,346.9183756380007,191358,191400,202.7,759758848,99,2828283904,8573157376,65.0,2625Mhz,1000Mhz,
1789611320.18622,347.3377192449989,191358,191400,199.5,759758848,99,2826186752,8573157376,65.0,2625Mhz,1000Mhz,
1789611320.6072817,347.75878040099633,191358,191400,202.6,759758848,99,2826186752,8573157376,66.0,2625Mhz,1000Mhz,
1789611321.0316367,348.18313540399686,191358,191400,200.0,759758848,99,2834214912,8573157376,65.0,2625Mhz,1000Mhz,
1789611321.4566846,348.6081839760009,191358,191400,202.4,759758848,99,2834214912,8573157376,65.0,2625Mhz,1000Mhz,
1789611321.876578,349.02807679800026,191358,191400,198.7,759758848,99,2834214912,8573157376,66.0,2625Mhz,1000Mhz,
1789611322.2892473,349.4407463280004,191358,191400,203.6,759758848,99,2834214912,8573157376,65.0,2625Mhz,1000Mhz,
1789611322.7018838,349.85338268699707,191358,191400,199.2,759758848,99,2832117760,8573157376,66.0,2625Mhz,1000Mhz,
1789611323.113616,350.2651147259967,191358,191400,199.9,759758848,99,2834214912,8573157376,66.0,2625Mhz,1000Mhz,
1789611323.5238142,350.6753128970013,191358,191400,202.9,759758848,99,2836312064,8573157376,66.0,2625Mhz,1000Mhz,
1789611323.9377267,351.08922525100206,191358,191400,201.6,759758848,99,2834214912,8573157376,66.0,2625Mhz,1000Mhz,
1789611324.3445494,351.49604805299896,191358,191400,202.3,759758848,99,2834214912,8573157376,66.0,2625Mhz,1000Mhz,
1789611324.769739,351.9212378759985,191358,191400,198.4,759758848,99,2834214912,8573157376,66.0,2625Mhz,1000Mhz,
1789611325.188262,352.3397607329971,191358,191400,204.8,759758848,99,2834214912,8573157376,65.0,2625Mhz,1000Mhz,
1789611325.6081264,352.7596250150018,191358,191400,199.3,759758848,99,2834214912,8573157376,66.0,2625Mhz,1000Mhz,
1789611326.0194955,353.1709944699978,191358,191400,200.9,759758848,99,2832117760,8573157376,66.0,2625Mhz,1000Mhz,
1789611326.4426157,353.5941144489989,191358,191400,201.3,759758848,99,2826186752,8573157376,65.0,2625Mhz,1000Mhz,
1789611326.8598235,354.011322610997,191358,191400,200.5,759758848,99,2826186752,8573157376,66.0,2625Mhz,1000Mhz,
1789611327.2737358,354.4252346849971,191358,191400,201.8,759758848,99,2828283904,8573157376,66.0,2625Mhz,1000Mhz,
1789611327.6950462,354.84654502299963,191358,191400,201.2,759758848,99,2828283904,8573157376,66.0,2625Mhz,1000Mhz,
1789611328.112435,355.2639341469985,191358,191400,201.1,759758848,99,2826186752,8573157376,66.0,2625Mhz,1000Mhz,
1789611328.5302525,355.6817514159993,191358,191400,202.6,759758848,99,2826186752,8573157376,66.0,2625Mhz,1000Mhz,
1789611328.9498775,356.10137615499843,191358,191400,200.3,759758848,99,2826186752,8573157376,65.0,2625Mhz,1000Mhz,
1789611329.3642013,356.51569950400153,191358,191400,200.3,759758848,99,2826186752,8573157376,66.0,2625Mhz,1000Mhz,
1789611329.7834687,356.9349678189974,191358,191400,203.0,759758848,99,2826186752,8573157376,66.0,2625Mhz,1000Mhz,
1789611330.1972237,357.3487223810007,191358,191400,200.6,759758848,99,2826186752,8573157376,66.0,2625Mhz,1000Mhz,
1789611330.611048,357.76254672299547,191358,191400,199.1,759758848,99,2826186752,8573157376,65.0,2625Mhz,1000Mhz,
1789611331.0280042,358.1795026819964,191358,191400,203.4,759758848,99,2826186752,8573157376,66.0,2625Mhz,1000Mhz,
1789611331.4409778,358.5924768449986,191358,191400,202.1,759758848,99,2828283904,8573157376,65.0,2625Mhz,1000Mhz,
1789611331.8566349,359.0081343290003,191358,191400,200.2,759758848,99,2828283904,8573157376,66.0,2625Mhz,1000Mhz,
1789611332.2712786,359.42277742100123,191358,191400,202.5,759758848,99,2826186752,8573157376,65.0,2625Mhz,1000Mhz,
1789611332.6861117,359.83762510599627,191358,191400,200.5,759758848,99,2826186752,8573157376,66.0,2625Mhz,1000Mhz,
1789611333.1001213,360.25161952000053,191358,191400,200.8,759758848,99,2826186752,8573157376,66.0,2625Mhz,1000Mhz,
1789611333.5185575,360.6700561960024,191358,191400,199.6,759758848,99,2826186752,8573157376,65.0,2625Mhz,1000Mhz,
1789611333.9342864,361.08578521099844,191358,191400,202.1,759758848,99,2826186752,8573157376,66.0,2625Mhz,1000Mhz,
1789611334.3497665,361.5012651329962,191358,191400,201.3,759758848,99,2826186752,8573157376,66.0,2625Mhz,1000Mhz,
1789611334.7670817,361.91858075500204,191358,191400,200.9,759758848,99,2826186752,8573157376,66.0,2625Mhz,1000Mhz,
1789611335.1900992,362.3415983640007,191358,191400,200.0,759758848,99,2828283904,8573157376,66.0,2625Mhz,1000Mhz,
1789611335.609989,362.76148767599807,191358,191400,203.5,759758848,99,2828283904,8573157376,66.0,2625Mhz,1000Mhz,
1789611336.017939,363.1694382419955,191358,191400,200.7,759758848,99,2828283904,8573157376,66.0,2625Mhz,1000Mhz,
1789611336.431624,363.58312273299816,191358,191400,199.7,759758848,99,2826186752,8573157376,66.0,2625Mhz,1000Mhz,
1789611336.8421366,363.9936352980003,191358,191400,110.7,759758848,2,2826186752,8573157376,61.0,700Mhz,96Mhz,
1789611337.2759724,364.4274735200015,191358,191400,2.4,759758848,2,2826186752,8573157376,60.0,700Mhz,96Mhz,
1789611337.6906068,364.84210576199985,191358,191400,0.0,759758848,0,2826186752,8573157376,60.0,700Mhz,96Mhz,
