rocmfpx-plugin: info: registered 1 ROCmFPX Vulkan device(s)
rocmfpx-plugin: info: loaded rocmfpx-vulkan-charlie 0.1.0 from /home/isaac/Documents/Codex/2026-09-16/recalcar-vas-a-estar-en-paralelo-2/work/builds/rocmfpx-vulkan-gfx1032-v3-instrumented/bin/rocmfpx-vulkan-plugin.so
0.00.069.107 I cmn  common_param: common_params_print_info: verbosity = 3 (adjust with the `-lv N` CLI arg)
0.00.069.545 W srv  llama_server: -----------------
0.00.069.548 W srv  llama_server: CORS is set to allow all origins ('*') and no API key is set
0.00.069.548 W srv  llama_server: this can be a security risk (cross-origin attacks)
0.00.069.548 W srv  llama_server: more info: https://github.com/ggml-org/llama.cpp/pull/25655
0.00.069.548 W srv  llama_server: -----------------
0.00.070.804 I srv    load_model: loading model 'work/results/models/LFM2.5-2.6B-ROCmFP4_FAST.gguf'
0.01.865.777 I cmn          init: llama threadpool init, n_threads = 4
----------------
Vulkan Timings:
ADD: 59 x 3.888 us = 229.4 us
CONCAT: 22 x 7.04 us = 154.88 us
CPY: 22 x 7.105 us = 156.32 us
FLASH_ATTN_EXT dst(64,32,2,1),  q(64,2,32,1),  k(64,256,8,1),  v(64,256,8,1),  m(256,2,1,1): 8 x 111.481 us = 891.85 us (37.6234 GFLOPS/s)
GET_ROWS: 24 x 6.705 us = 160.92 us
GLU: 30 x 4.893 us = 146.8 us
MUL: 44 x 5.025 us = 221.12 us
MUL_MAT f32 m=64 n=16 k=64: 16 x 14.507 us = 232.12 us (8.96419 GFLOPS/s)
MUL_MAT f32 m=64 n=64 k=64: 16 x 26.667 us = 426.68 us (19.5066 GFLOPS/s)
MUL_MAT_ADD MUL_MAT_VEC q4_0_rocmfp4_fast m=2048 n=1 k=10752: 1 x 65.96 us = 65.96 us (667.649 GFLOPS/s)
MUL_MAT_VEC q4_0_rocmfp4_fast m=10752 n=1 k=2048: 2 x 75.56 us = 151.12 us (582.708 GFLOPS/s)
MUL_MAT_VEC q4_0_rocmfp4_fast m=10752 n=2 k=2048: 58 x 141.598 us = 8212.72 us (621.891 GFLOPS/s)
MUL_MAT_VEC q4_0_rocmfp4_fast m=128000 n=1 k=2048: 1 x 718.4 us = 718.4 us (729.621 GFLOPS/s)
MUL_MAT_VEC q4_0_rocmfp4_fast m=2048 n=2 k=10752: 29 x 201.082 us = 5831.4 us (438.01 GFLOPS/s)
MUL_MAT_VEC q4_0_rocmfp4_fast m=2048 n=2 k=2048: 38 x 40.53 us = 1540.16 us (413.839 GFLOPS/s)
MUL_MAT_VEC q4_0_rocmfp4_fast m=512 n=2 k=2048: 16 x 11.815 us = 189.04 us (354.912 GFLOPS/s)
MUL_MAT_VEC q4_0_rocmfp4_fast m=6144 n=2 k=2048: 22 x 196.644 us = 4326.17 us (255.891 GFLOPS/s)
RMS_NORM_MUL RMS_NORM(2048,1,1,1): 2 x 12.94 us = 25.88 us
RMS_NORM_MUL RMS_NORM(2048,2,1,1): 59 x 12.048 us = 710.88 us
RMS_NORM_MUL_ROPE RMS_NORM(64,32,2,1): 8 x 12.815 us = 102.52 us
RMS_NORM_MUL_ROPE RMS_NORM(64,8,2,1): 8 x 11.81 us = 94.48 us
SCALE: 22 x 5.858 us = 128.88 us
SET_ROWS: 16 x 6.557 us = 104.92 us
SSM_CONV: 22 x 6.983 us = 153.64 us
Total time: 24976.3 us.
----------------
Vulkan Timings:
ADD: 59 x 1.739 us = 102.64 us
CONCAT: 22 x 2.512 us = 55.28 us
CPY: 22 x 2.452 us = 53.96 us
FLASH_ATTN_EXT dst(64,32,2,1),  q(64,2,32,1),  k(64,256,8,1),  v(64,256,8,1),  m(256,2,1,1): 8 x 10.535 us = 84.28 us (398.13 GFLOPS/s)
GET_ROWS: 24 x 2.441 us = 58.6 us
GLU: 30 x 2.493 us = 74.8 us
MUL: 44 x 2.422 us = 106.6 us
MUL_MAT f32 m=64 n=16 k=64: 16 x 4.395 us = 70.32 us (29.59 GFLOPS/s)
MUL_MAT f32 m=64 n=64 k=64: 16 x 7.88 us = 126.08 us (66.0142 GFLOPS/s)
MUL_MAT_ADD MUL_MAT_VEC q4_0_rocmfp4_fast m=2048 n=1 k=10752: 1 x 51.8 us = 51.8 us (850.157 GFLOPS/s)
MUL_MAT_VEC q4_0_rocmfp4_fast m=10752 n=1 k=2048: 2 x 51.58 us = 103.16 us (853.615 GFLOPS/s)
MUL_MAT_VEC q4_0_rocmfp4_fast m=10752 n=2 k=2048: 58 x 55.711 us = 3231.28 us (1580.62 GFLOPS/s)
MUL_MAT_VEC q4_0_rocmfp4_fast m=128000 n=1 k=2048: 1 x 576.76 us = 576.76 us (908.801 GFLOPS/s)
MUL_MAT_VEC q4_0_rocmfp4_fast m=2048 n=2 k=10752: 29 x 55.44 us = 1607.76 us (1588.68 GFLOPS/s)
MUL_MAT_VEC q4_0_rocmfp4_fast m=2048 n=2 k=2048: 38 x 15.234 us = 578.92 us (1100.98 GFLOPS/s)
MUL_MAT_VEC q4_0_rocmfp4_fast m=512 n=2 k=2048: 16 x 2.91 us = 46.56 us (1440.99 GFLOPS/s)
MUL_MAT_VEC q4_0_rocmfp4_fast m=6144 n=2 k=2048: 22 x 36.232 us = 797.12 us (1388.78 GFLOPS/s)
RMS_NORM_MUL RMS_NORM(2048,1,1,1): 2 x 6.38 us = 12.76 us
RMS_NORM_MUL RMS_NORM(2048,2,1,1): 59 x 4.736 us = 279.48 us
RMS_NORM_MUL_ROPE RMS_NORM(64,32,2,1): 8 x 5.575 us = 44.6 us
RMS_NORM_MUL_ROPE RMS_NORM(64,8,2,1): 8 x 3.095 us = 24.76 us
SCALE: 22 x 2.82 us = 62.04 us
SET_ROWS: 16 x 2.135 us = 34.16 us
SSM_CONV: 22 x 2.449 us = 53.88 us
Total time: 8237.6 us.
0.01.909.954 I srv    load_model: initializing, n_slots = 4, n_ctx_slot = 9216, kv_unified = 'false'
0.01.909.994 W srv    load_model: LLAMA_SERVER_PREFILL_CHUNK_TOKENS = 128
0.01.909.994 I srv    load_model: sequence policy: lowest_slot_first=0 dense_sequences=0 remap_trace=0
0.01.914.876 W srv          init: chat template supports preserving reasoning, it is enabled by default (may use more tokens, disable via --no-reasoning-preserve)
0.01.914.911 I srv  llama_server: model loaded
0.01.914.916 I srv  llama_server: listening on http://127.0.0.1:8002
0.10.092.245 I slot get_availabl: id  3 | task -1 | selected slot by LRU, t_last = -1
0.10.092.337 I slot launch_slot_: id  3 | task 1 | processing task, is_child = 0
----------------
Vulkan Timings:
ADD: 58 x 10.206 us = 591.96 us
CONCAT: 22 x 39.3 us = 864.6 us
CPY: 22 x 3.714 us = 81.72 us
FLASH_ATTN_EXT dst(64,32,128,1),  q(64,128,32,1),  k(64,256,8,1),  v(64,256,8,1),  m(256,128,1,1): 8 x 62.86 us = 502.88 us (4270.37 GFLOPS/s)
GET_ROWS: 22 x 2.21 us = 48.64 us
GLU: 29 x 48.566 us = 1408.44 us
MUL: 44 x 13.692 us = 602.48 us
MUL_MAT f32 m=64 n=1024 k=64: 16 x 9.12 us = 145.92 us (912.618 GFLOPS/s)
MUL_MAT f32 m=64 n=4096 k=64: 16 x 13.595 us = 217.52 us (2448.86 GFLOPS/s)
MUL_MAT q4_0_rocmfp4_fast m=10752 n=128 k=2048: 58 x 504.655 us = 29270 us (11167.5 GFLOPS/s)
MUL_MAT q4_0_rocmfp4_fast m=2048 n=128 k=10752: 29 x 688.441 us = 19964.8 us (8187.89 GFLOPS/s)
MUL_MAT q4_0_rocmfp4_fast m=2048 n=128 k=2048: 38 x 121.21 us = 4606.01 us (8856.3 GFLOPS/s)
MUL_MAT q4_0_rocmfp4_fast m=512 n=128 k=2048: 16 x 85.911 us = 1374.58 us (3123.8 GFLOPS/s)
MUL_MAT q4_0_rocmfp4_fast m=6144 n=128 k=2048: 22 x 390.706 us = 8595.55 us (8242.6 GFLOPS/s)
RMS_NORM_MUL RMS_NORM(2048,128,1,1): 59 x 13.911 us = 820.79 us
RMS_NORM_MUL_ROPE RMS_NORM(64,32,128,1): 8 x 101.75 us = 814 us
RMS_NORM_MUL_ROPE RMS_NORM(64,8,128,1): 8 x 27.44 us = 219.52 us
SCALE: 22 x 5.327 us = 117.2 us
SET_ROWS: 16 x 3.16 us = 50.56 us
SSM_CONV: 22 x 19.783 us = 435.24 us
Total time: 70732.5 us.
0.10.168.415 I slot get_availabl: id  2 | task -1 | selected slot by LRU, t_last = -1
0.10.168.448 I slot launch_slot_: id  2 | task 3 | processing task, is_child = 0
0.10.168.450 I slot get_availabl: id  1 | task -1 | selected slot by LRU, t_last = -1
0.10.168.465 I slot launch_slot_: id  1 | task 4 | processing task, is_child = 0
0.10.168.466 I slot get_availabl: id  0 | task -1 | selected slot by LRU, t_last = -1
0.10.168.481 I slot launch_slot_: id  0 | task 5 | processing task, is_child = 0
----------------
Vulkan Timings:
ADD: 58 x 7.902 us = 458.36 us
CONCAT: 22 x 22.2 us = 488.4 us
CPY: 22 x 3.792 us = 83.44 us
FLASH_ATTN_EXT dst(64,32,32,4),  q(64,32,32,4),  k(64,256,8,4),  v(64,256,8,4),  m(256,32,1,4): 8 x 60.215 us = 481.72 us (4457.95 GFLOPS/s)
GET_ROWS: 22 x 1.887 us = 41.52 us
GLU: 29 x 38.428 us = 1114.44 us
MUL: 44 x 9.976 us = 438.96 us
MUL_MAT f32 m=64 n=1024 k=64: 16 x 8.947 us = 143.16 us (930.212 GFLOPS/s)
MUL_MAT f32 m=64 n=4096 k=64: 16 x 12.845 us = 205.52 us (2591.85 GFLOPS/s)
MUL_MAT q4_0_rocmfp4_fast m=10752 n=128 k=2048: 58 x 423.485 us = 24562.2 us (13308.1 GFLOPS/s)
MUL_MAT q4_0_rocmfp4_fast m=2048 n=128 k=10752: 29 x 573.58 us = 16633.8 us (9827.53 GFLOPS/s)
MUL_MAT q4_0_rocmfp4_fast m=2048 n=128 k=2048: 16 x 98.397 us = 1574.36 us (10909.6 GFLOPS/s)
MUL_MAT q4_0_rocmfp4_fast m=2048 n=32 k=2048 batch=4: 22 x 142.88 us = 3143.36 us (7513.16 GFLOPS/s)
MUL_MAT q4_0_rocmfp4_fast m=512 n=128 k=2048: 16 x 45.315 us = 725.04 us (5922.32 GFLOPS/s)
MUL_MAT q4_0_rocmfp4_fast m=6144 n=32 k=2048 batch=4: 22 x 351.369 us = 7730.12 us (9165.4 GFLOPS/s)
RMS_NORM_MUL RMS_NORM(2048,128,1,1): 59 x 10.37 us = 611.88 us
RMS_NORM_MUL_ROPE RMS_NORM(64,32,128,1): 8 x 101.77 us = 814.16 us
RMS_NORM_MUL_ROPE RMS_NORM(64,8,128,1): 8 x 29.195 us = 233.56 us
SCALE: 22 x 4.143 us = 91.16 us
SET_ROWS: 16 x 2.845 us = 45.52 us
SSM_CONV: 22 x 9.674 us = 212.84 us
Total time: 59833.5 us.
----------------
Vulkan Timings:
ADD: 58 x 7.749 us = 449.48 us
CONCAT: 22 x 23.332 us = 513.32 us
CPY: 22 x 3.761 us = 82.76 us
FLASH_ATTN_EXT dst(64,32,32,4),  q(64,32,32,4),  k(64,256,8,4),  v(64,256,8,4),  m(256,32,1,4): 8 x 69.24 us = 553.92 us (3876.88 GFLOPS/s)
GET_ROWS: 22 x 3.329 us = 73.24 us
GLU: 29 x 38.58 us = 1118.84 us
MUL: 44 x 9.794 us = 430.96 us
MUL_MAT f32 m=64 n=1024 k=64: 16 x 8.862 us = 141.8 us (939.134 GFLOPS/s)
MUL_MAT f32 m=64 n=4096 k=64: 16 x 12.745 us = 203.92 us (2612.18 GFLOPS/s)
MUL_MAT q4_0_rocmfp4_fast m=10752 n=128 k=2048: 58 x 421.614 us = 24453.6 us (13367.1 GFLOPS/s)
MUL_MAT q4_0_rocmfp4_fast m=2048 n=128 k=10752: 29 x 570.96 us = 16557.8 us (9872.64 GFLOPS/s)
MUL_MAT q4_0_rocmfp4_fast m=2048 n=128 k=2048: 16 x 102.35 us = 1637.6 us (10488.3 GFLOPS/s)
MUL_MAT q4_0_rocmfp4_fast m=2048 n=32 k=2048 batch=4: 22 x 144.745 us = 3184.4 us (7416.33 GFLOPS/s)
MUL_MAT q4_0_rocmfp4_fast m=512 n=128 k=2048: 16 x 40.542 us = 648.68 us (6619.47 GFLOPS/s)
MUL_MAT q4_0_rocmfp4_fast m=6144 n=32 k=2048 batch=4: 22 x 353.665 us = 7780.64 us (9105.89 GFLOPS/s)
RMS_NORM_MUL RMS_NORM(2048,128,1,1): 59 x 10.345 us = 610.4 us
RMS_NORM_MUL_ROPE RMS_NORM(64,32,128,1): 8 x 104.075 us = 832.6 us
RMS_NORM_MUL_ROPE RMS_NORM(64,8,128,1): 8 x 29.235 us = 233.88 us
SET_ROWS: 16 x 2.655 us = 42.48 us
SSM_CONV: 22 x 9.632 us = 211.92 us
Total time: 59762.3 us.
----------------
Vulkan Timings:
ADD: 58 x 7.378 us = 427.96 us
CONCAT: 22 x 22.916 us = 504.16 us
CPY: 22 x 3.85 us = 84.72 us
FLASH_ATTN_EXT dst(64,32,32,4),  q(64,32,32,4),  k(64,256,8,4),  v(64,256,8,4),  m(256,32,1,4): 8 x 75.515 us = 604.12 us (3554.73 GFLOPS/s)
GET_ROWS: 22 x 3.341 us = 73.52 us
GLU: 29 x 40.666 us = 1179.32 us
MUL: 44 x 9.765 us = 429.68 us
MUL_MAT f32 m=64 n=1024 k=64: 16 x 8.84 us = 141.44 us (941.524 GFLOPS/s)
MUL_MAT f32 m=64 n=4096 k=64: 16 x 12.765 us = 204.24 us (2608.09 GFLOPS/s)
MUL_MAT q4_0_rocmfp4_fast m=10752 n=128 k=2048: 58 x 420.194 us = 24371.3 us (13412.3 GFLOPS/s)
MUL_MAT q4_0_rocmfp4_fast m=2048 n=128 k=10752: 29 x 571.438 us = 16571.7 us (9864.37 GFLOPS/s)
MUL_MAT q4_0_rocmfp4_fast m=2048 n=128 k=2048: 16 x 101.76 us = 1628.16 us (10549.1 GFLOPS/s)
MUL_MAT q4_0_rocmfp4_fast m=2048 n=32 k=2048 batch=4: 22 x 147.327 us = 3241.2 us (7286.36 GFLOPS/s)
MUL_MAT q4_0_rocmfp4_fast m=512 n=128 k=2048: 16 x 41.32 us = 661.12 us (6494.92 GFLOPS/s)
MUL_MAT q4_0_rocmfp4_fast m=6144 n=32 k=2048 batch=4: 22 x 349.587 us = 7690.92 us (9212.12 GFLOPS/s)
RMS_NORM_MUL RMS_NORM(2048,128,1,1): 59 x 10.357 us = 611.08 us
RMS_NORM_MUL_ROPE RMS_NORM(64,32,128,1): 8 x 100.105 us = 800.84 us
RMS_NORM_MUL_ROPE RMS_NORM(64,8,128,1): 8 x 27.385 us = 219.08 us
SET_ROWS: 16 x 2.655 us = 42.48 us
SSM_CONV: 22 x 9.6 us = 211.2 us
Total time: 59698.2 us.
----------------
Vulkan Timings:
ADD: 58 x 7.488 us = 434.32 us
CONCAT: 22 x 23.07 us = 507.56 us
CPY: 22 x 3.792 us = 83.44 us
FLASH_ATTN_EXT dst(64,32,32,4),  q(64,32,32,4),  k(64,256,8,4),  v(64,256,8,4),  m(256,32,1,4): 8 x 86.795 us = 694.36 us (3092.75 GFLOPS/s)
GET_ROWS: 22 x 3.32 us = 73.04 us
GLU: 29 x 37.939 us = 1100.24 us
MUL: 44 x 10.078 us = 443.44 us
MUL_MAT f32 m=64 n=1024 k=64: 16 x 8.892 us = 142.28 us (935.965 GFLOPS/s)
MUL_MAT f32 m=64 n=4096 k=64: 16 x 12.752 us = 204.04 us (2610.65 GFLOPS/s)
MUL_MAT q4_0_rocmfp4_fast m=10752 n=128 k=2048: 58 x 423.073 us = 24538.2 us (13321 GFLOPS/s)
MUL_MAT q4_0_rocmfp4_fast m=2048 n=128 k=10752: 29 x 573.477 us = 16630.8 us (9829.3 GFLOPS/s)
MUL_MAT q4_0_rocmfp4_fast m=2048 n=128 k=2048: 16 x 102.7 us = 1643.2 us (10452.6 GFLOPS/s)
MUL_MAT q4_0_rocmfp4_fast m=2048 n=32 k=2048 batch=4: 22 x 141.727 us = 3118 us (7574.26 GFLOPS/s)
MUL_MAT q4_0_rocmfp4_fast m=512 n=128 k=2048: 16 x 41.42 us = 662.72 us (6479.24 GFLOPS/s)
MUL_MAT q4_0_rocmfp4_fast m=6144 n=32 k=2048 batch=4: 22 x 354.84 us = 7806.48 us (9075.75 GFLOPS/s)
RMS_NORM_MUL RMS_NORM(2048,128,1,1): 59 x 10.378 us = 612.36 us
RMS_NORM_MUL_ROPE RMS_NORM(64,32,128,1): 8 x 104.02 us = 832.16 us
RMS_NORM_MUL_ROPE RMS_NORM(64,8,128,1): 8 x 32.92 us = 263.36 us
SET_ROWS: 16 x 2.68 us = 42.88 us
SSM_CONV: 22 x 10.89 us = 239.6 us
Total time: 60072.6 us.
----------------
Vulkan Timings:
ADD: 58 x 7.248 us = 420.4 us
CONCAT: 22 x 23.449 us = 515.88 us
CPY: 22 x 3.73 us = 82.08 us
FLASH_ATTN_EXT dst(64,32,32,4),  q(64,32,32,4),  k(64,512,8,4),  v(64,512,8,4),  m(512,32,1,4): 8 x 111.9 us = 895.2 us (4797.77 GFLOPS/s)
GET_ROWS: 22 x 3.172 us = 69.8 us
GLU: 29 x 40.561 us = 1176.28 us
MUL: 44 x 10.223 us = 449.84 us
MUL_MAT f32 m=64 n=1024 k=64: 16 x 8.942 us = 143.08 us (930.732 GFLOPS/s)
MUL_MAT f32 m=64 n=4096 k=64: 16 x 12.84 us = 205.44 us (2592.86 GFLOPS/s)
MUL_MAT q4_0_rocmfp4_fast m=10752 n=128 k=2048: 58 x 423.022 us = 24535.3 us (13322.6 GFLOPS/s)
MUL_MAT q4_0_rocmfp4_fast m=2048 n=128 k=10752: 29 x 569.681 us = 16520.8 us (9894.8 GFLOPS/s)
MUL_MAT q4_0_rocmfp4_fast m=2048 n=128 k=2048: 16 x 105.237 us = 1683.8 us (10200.5 GFLOPS/s)
MUL_MAT q4_0_rocmfp4_fast m=2048 n=32 k=2048 batch=4: 22 x 143.18 us = 3149.96 us (7497.41 GFLOPS/s)
MUL_MAT q4_0_rocmfp4_fast m=512 n=128 k=2048: 16 x 39.915 us = 638.64 us (6723.54 GFLOPS/s)
MUL_MAT q4_0_rocmfp4_fast m=6144 n=32 k=2048 batch=4: 22 x 355.527 us = 7821.6 us (9058.21 GFLOPS/s)
RMS_NORM_MUL RMS_NORM(2048,128,1,1): 59 x 10.482 us = 618.44 us
RMS_NORM_MUL_ROPE RMS_NORM(64,32,128,1): 8 x 103.46 us = 827.68 us
RMS_NORM_MUL_ROPE RMS_NORM(64,8,128,1): 8 x 27.54 us = 220.32 us
SET_ROWS: 16 x 2.9 us = 46.4 us
SSM_CONV: 22 x 9.685 us = 213.08 us
Total time: 60234 us.
----------------
Vulkan Timings:
ADD: 58 x 8.119 us = 470.92 us
CONCAT: 22 x 22.245 us = 489.4 us
CPY: 22 x 3.805 us = 83.72 us
FLASH_ATTN_EXT dst(64,32,32,4),  q(64,32,32,4),  k(64,512,8,4),  v(64,512,8,4),  m(512,32,1,4): 8 x 115.025 us = 920.2 us (4667.43 GFLOPS/s)
GET_ROWS: 22 x 3.243 us = 71.36 us
GLU: 29 x 38.426 us = 1114.36 us
MUL: 44 x 9.613 us = 423 us
MUL_MAT f32 m=64 n=1024 k=64: 16 x 8.93 us = 142.88 us (932.035 GFLOPS/s)
MUL_MAT f32 m=64 n=4096 k=64: 16 x 12.8 us = 204.8 us (2600.96 GFLOPS/s)
MUL_MAT q4_0_rocmfp4_fast m=10752 n=128 k=2048: 58 x 423.351 us = 24554.4 us (13312.3 GFLOPS/s)
MUL_MAT q4_0_rocmfp4_fast m=2048 n=128 k=10752: 29 x 571.082 us = 16561.4 us (9870.52 GFLOPS/s)
MUL_MAT q4_0_rocmfp4_fast m=2048 n=128 k=2048: 16 x 102.897 us = 1646.36 us (10432.5 GFLOPS/s)
MUL_MAT q4_0_rocmfp4_fast m=2048 n=32 k=2048 batch=4: 22 x 139.565 us = 3070.44 us (7691.59 GFLOPS/s)
MUL_MAT q4_0_rocmfp4_fast m=512 n=128 k=2048: 16 x 43.085 us = 689.36 us (6228.85 GFLOPS/s)
MUL_MAT q4_0_rocmfp4_fast m=6144 n=32 k=2048 batch=4: 22 x 358.3 us = 7882.6 us (8988.11 GFLOPS/s)
RMS_NORM_MUL RMS_NORM(2048,128,1,1): 59 x 10.389 us = 613 us
RMS_NORM_MUL_ROPE RMS_NORM(64,32,128,1): 8 x 106.215 us = 849.72 us
RMS_NORM_MUL_ROPE RMS_NORM(64,8,128,1): 8 x 30.405 us = 243.24 us
SET_ROWS: 16 x 2.71 us = 43.36 us
SSM_CONV: 22 x 9.676 us = 212.88 us
Total time: 60287.4 us.
----------------
Vulkan Timings:
ADD: 58 x 7.262 us = 421.24 us
CONCAT: 22 x 24.609 us = 541.4 us
CPY: 22 x 3.798 us = 83.56 us
FLASH_ATTN_EXT dst(64,32,32,4),  q(64,32,32,4),  k(64,512,8,4),  v(64,512,8,4),  m(512,32,1,4): 8 x 124.96 us = 999.68 us (4296.34 GFLOPS/s)
GET_ROWS: 22 x 3.2 us = 70.4 us
GLU: 29 x 41.733 us = 1210.28 us
MUL: 44 x 9.843 us = 433.12 us
MUL_MAT f32 m=64 n=1024 k=64: 16 x 8.795 us = 140.72 us (946.341 GFLOPS/s)
MUL_MAT f32 m=64 n=4096 k=64: 16 x 12.725 us = 203.6 us (2616.29 GFLOPS/s)
MUL_MAT q4_0_rocmfp4_fast m=10752 n=128 k=2048: 58 x 425.475 us = 24677.6 us (13245.8 GFLOPS/s)
MUL_MAT q4_0_rocmfp4_fast m=2048 n=128 k=10752: 29 x 571.092 us = 16561.7 us (9870.35 GFLOPS/s)
MUL_MAT q4_0_rocmfp4_fast m=2048 n=128 k=2048: 16 x 100.657 us = 1610.52 us (10664.7 GFLOPS/s)
MUL_MAT q4_0_rocmfp4_fast m=2048 n=32 k=2048 batch=4: 22 x 145.436 us = 3199.6 us (7381.1 GFLOPS/s)
MUL_MAT q4_0_rocmfp4_fast m=512 n=128 k=2048: 16 x 42.402 us = 678.44 us (6329.11 GFLOPS/s)
MUL_MAT q4_0_rocmfp4_fast m=6144 n=32 k=2048 batch=4: 22 x 354.847 us = 7806.64 us (9075.56 GFLOPS/s)
RMS_NORM_MUL RMS_NORM(2048,128,1,1): 59 x 10.397 us = 613.48 us
RMS_NORM_MUL_ROPE RMS_NORM(64,32,128,1): 8 x 104.57 us = 836.56 us
RMS_NORM_MUL_ROPE RMS_NORM(64,8,128,1): 8 x 27.765 us = 222.12 us
SET_ROWS: 16 x 2.662 us = 42.6 us
SSM_CONV: 22 x 9.698 us = 213.36 us
Total time: 60566.6 us.
----------------
Vulkan Timings:
ADD: 58 x 8.146 us = 472.52 us
CONCAT: 22 x 21.436 us = 471.6 us
CPY: 22 x 3.783 us = 83.24 us
FLASH_ATTN_EXT dst(64,32,32,4),  q(64,32,32,4),  k(64,512,8,4),  v(64,512,8,4),  m(512,32,1,4): 8 x 132.69 us = 1061.52 us (4046.05 GFLOPS/s)
GET_ROWS: 22 x 4.076 us = 89.68 us
GLU: 29 x 39.095 us = 1133.76 us
MUL: 44 x 9.927 us = 436.8 us
MUL_MAT f32 m=64 n=1024 k=64: 16 x 8.91 us = 142.56 us (934.127 GFLOPS/s)
MUL_MAT f32 m=64 n=4096 k=64: 16 x 12.922 us = 206.76 us (2576.3 GFLOPS/s)
MUL_MAT q4_0_rocmfp4_fast m=10752 n=128 k=2048: 58 x 420.701 us = 24400.7 us (13396.1 GFLOPS/s)
MUL_MAT q4_0_rocmfp4_fast m=2048 n=128 k=10752: 29 x 575.631 us = 16693.3 us (9792.52 GFLOPS/s)
MUL_MAT q4_0_rocmfp4_fast m=2048 n=128 k=2048: 16 x 99.71 us = 1595.36 us (10766 GFLOPS/s)
MUL_MAT q4_0_rocmfp4_fast m=2048 n=32 k=2048 batch=4: 22 x 143.858 us = 3164.88 us (7462.07 GFLOPS/s)
MUL_MAT q4_0_rocmfp4_fast m=512 n=128 k=2048: 16 x 42.38 us = 678.08 us (6332.47 GFLOPS/s)
MUL_MAT q4_0_rocmfp4_fast m=6144 n=32 k=2048 batch=4: 22 x 357.58 us = 7866.76 us (9006.21 GFLOPS/s)
RMS_NORM_MUL RMS_NORM(2048,128,1,1): 59 x 10.376 us = 612.24 us
RMS_NORM_MUL_ROPE RMS_NORM(64,32,128,1): 8 x 100.375 us = 803 us
RMS_NORM_MUL_ROPE RMS_NORM(64,8,128,1): 8 x 31.125 us = 249 us
SET_ROWS: 16 x 2.652 us = 42.44 us
SSM_CONV: 22 x 9.64 us = 212.08 us
Total time: 60416.3 us.
----------------
Vulkan Timings:
ADD: 58 x 7.628 us = 442.44 us
CONCAT: 22 x 22.91 us = 504.04 us
CPY: 22 x 3.718 us = 81.8 us
FLASH_ATTN_EXT dst(64,32,32,4),  q(64,32,32,4),  k(64,512,8,4),  v(64,512,8,4),  m(512,32,1,4): 8 x 143.435 us = 1147.48 us (3742.96 GFLOPS/s)
GET_ROWS: 22 x 3.205 us = 70.52 us
GLU: 29 x 38.787 us = 1124.84 us
MUL: 44 x 9.668 us = 425.4 us
MUL_MAT f32 m=64 n=1024 k=64: 16 x 8.937 us = 143 us (931.253 GFLOPS/s)
MUL_MAT f32 m=64 n=4096 k=64: 16 x 12.745 us = 203.92 us (2612.18 GFLOPS/s)
MUL_MAT q4_0_rocmfp4_fast m=10752 n=128 k=2048: 58 x 423.117 us = 24540.8 us (13319.6 GFLOPS/s)
MUL_MAT q4_0_rocmfp4_fast m=2048 n=128 k=10752: 29 x 572.776 us = 16610.5 us (9841.33 GFLOPS/s)
MUL_MAT q4_0_rocmfp4_fast m=2048 n=128 k=2048: 16 x 102.462 us = 1639.4 us (10476.8 GFLOPS/s)
MUL_MAT q4_0_rocmfp4_fast m=2048 n=32 k=2048 batch=4: 22 x 141.703 us = 3117.48 us (7575.53 GFLOPS/s)
MUL_MAT q4_0_rocmfp4_fast m=512 n=128 k=2048: 16 x 42.222 us = 675.56 us (6356.09 GFLOPS/s)
MUL_MAT q4_0_rocmfp4_fast m=6144 n=32 k=2048 batch=4: 22 x 356.381 us = 7840.4 us (9036.49 GFLOPS/s)
RMS_NORM_MUL RMS_NORM(2048,128,1,1): 59 x 10.408 us = 614.12 us
RMS_NORM_MUL_ROPE RMS_NORM(64,32,128,1): 8 x 104.02 us = 832.16 us
RMS_NORM_MUL_ROPE RMS_NORM(64,8,128,1): 8 x 28.25 us = 226 us
SET_ROWS: 16 x 2.632 us = 42.12 us
SSM_CONV: 22 x 10.21 us = 224.64 us
Total time: 60506.7 us.
----------------
Vulkan Timings:
ADD: 58 x 8.015 us = 464.92 us
CONCAT: 22 x 21.374 us = 470.24 us
CPY: 22 x 3.823 us = 84.12 us
FLASH_ATTN_EXT dst(64,32,32,4),  q(64,32,32,4),  k(64,512,8,4),  v(64,512,8,4),  m(512,32,1,4): 8 x 153.175 us = 1225.4 us (3504.95 GFLOPS/s)
GET_ROWS: 22 x 3.31 us = 72.84 us
GLU: 29 x 39.777 us = 1153.56 us
MUL: 44 x 10.375 us = 456.52 us
MUL_MAT f32 m=64 n=1024 k=64: 16 x 8.987 us = 143.8 us (926.072 GFLOPS/s)
MUL_MAT f32 m=64 n=4096 k=64: 16 x 12.697 us = 203.16 us (2621.96 GFLOPS/s)
MUL_MAT q4_0_rocmfp4_fast m=10752 n=128 k=2048: 58 x 424.629 us = 24628.5 us (13272.2 GFLOPS/s)
MUL_MAT q4_0_rocmfp4_fast m=2048 n=128 k=10752: 29 x 572.743 us = 16609.6 us (9841.9 GFLOPS/s)
MUL_MAT q4_0_rocmfp4_fast m=2048 n=128 k=2048: 16 x 100.615 us = 1609.84 us (10669.2 GFLOPS/s)
MUL_MAT q4_0_rocmfp4_fast m=2048 n=32 k=2048 batch=4: 22 x 141.423 us = 3111.32 us (7590.53 GFLOPS/s)
MUL_MAT q4_0_rocmfp4_fast m=512 n=128 k=2048: 16 x 44.475 us = 711.6 us (6034.17 GFLOPS/s)
MUL_MAT q4_0_rocmfp4_fast m=6144 n=32 k=2048 batch=4: 22 x 348.543 us = 7667.96 us (9239.7 GFLOPS/s)
RMS_NORM_MUL RMS_NORM(2048,128,1,1): 59 x 10.356 us = 611.04 us
RMS_NORM_MUL_ROPE RMS_NORM(64,32,128,1): 8 x 104.005 us = 832.04 us
RMS_NORM_MUL_ROPE RMS_NORM(64,8,128,1): 8 x 29.335 us = 234.68 us
SET_ROWS: 16 x 2.657 us = 42.52 us
SSM_CONV: 22 x 9.707 us = 213.56 us
Total time: 60547.2 us.
----------------
Vulkan Timings:
ADD: 58 x 7.432 us = 431.08 us
CONCAT: 22 x 22.183 us = 488.04 us
CPY: 22 x 3.801 us = 83.64 us
FLASH_ATTN_EXT dst(64,32,32,4),  q(64,32,32,4),  k(64,512,8,4),  v(64,512,8,4),  m(512,32,1,4): 8 x 164.4 us = 1315.2 us (3265.64 GFLOPS/s)
GET_ROWS: 22 x 3.303 us = 72.68 us
GLU: 29 x 37.946 us = 1100.44 us
MUL: 44 x 9.773 us = 430.04 us
MUL_MAT f32 m=64 n=1024 k=64: 16 x 8.952 us = 143.24 us (929.692 GFLOPS/s)
MUL_MAT f32 m=64 n=4096 k=64: 16 x 12.847 us = 205.56 us (2591.34 GFLOPS/s)
MUL_MAT q4_0_rocmfp4_fast m=10752 n=128 k=2048: 58 x 422.984 us = 24533.1 us (13323.8 GFLOPS/s)
MUL_MAT q4_0_rocmfp4_fast m=2048 n=128 k=10752: 29 x 572.762 us = 16610.1 us (9841.57 GFLOPS/s)
MUL_MAT q4_0_rocmfp4_fast m=2048 n=128 k=2048: 16 x 100.402 us = 1606.44 us (10691.8 GFLOPS/s)
MUL_MAT q4_0_rocmfp4_fast m=2048 n=32 k=2048 batch=4: 22 x 144.192 us = 3172.24 us (7444.76 GFLOPS/s)
MUL_MAT q4_0_rocmfp4_fast m=512 n=128 k=2048: 16 x 44.742 us = 715.88 us (5998.1 GFLOPS/s)
MUL_MAT q4_0_rocmfp4_fast m=6144 n=32 k=2048 batch=4: 22 x 355.781 us = 7827.2 us (9051.72 GFLOPS/s)
RMS_NORM_MUL RMS_NORM(2048,128,1,1): 59 x 10.355 us = 611 us
RMS_NORM_MUL_ROPE RMS_NORM(64,32,128,1): 8 x 104.635 us = 837.08 us
RMS_NORM_MUL_ROPE RMS_NORM(64,8,128,1): 8 x 32.985 us = 263.88 us
SET_ROWS: 16 x 2.662 us = 42.6 us
SSM_CONV: 22 x 9.636 us = 212 us
Total time: 60701.5 us.
----------------
Vulkan Timings:
ADD: 58 x 7.839 us = 454.68 us
CONCAT: 22 x 21.874 us = 481.24 us
CPY: 22 x 4.023 us = 88.52 us
FLASH_ATTN_EXT dst(64,32,32,4),  q(64,32,32,4),  k(64,512,8,4),  v(64,512,8,4),  m(512,32,1,4): 8 x 169.92 us = 1359.36 us (3159.55 GFLOPS/s)
GET_ROWS: 22 x 3.283 us = 72.24 us
GLU: 29 x 38.732 us = 1123.24 us
MUL: 44 x 9.998 us = 439.92 us
MUL_MAT f32 m=64 n=1024 k=64: 16 x 8.957 us = 143.32 us (929.174 GFLOPS/s)
MUL_MAT f32 m=64 n=4096 k=64: 16 x 12.74 us = 203.84 us (2613.21 GFLOPS/s)
MUL_MAT q4_0_rocmfp4_fast m=10752 n=128 k=2048: 58 x 423.853 us = 24583.5 us (13296.5 GFLOPS/s)
MUL_MAT q4_0_rocmfp4_fast m=2048 n=128 k=10752: 29 x 570.855 us = 16554.8 us (9874.45 GFLOPS/s)
MUL_MAT q4_0_rocmfp4_fast m=2048 n=128 k=2048: 16 x 100.117 us = 1601.88 us (10722.2 GFLOPS/s)
MUL_MAT q4_0_rocmfp4_fast m=2048 n=32 k=2048 batch=4: 22 x 146.043 us = 3212.96 us (7350.4 GFLOPS/s)
MUL_MAT q4_0_rocmfp4_fast m=512 n=128 k=2048: 16 x 43.927 us = 702.84 us (6109.38 GFLOPS/s)
MUL_MAT q4_0_rocmfp4_fast m=6144 n=32 k=2048 batch=4: 22 x 354.02 us = 7788.44 us (9096.77 GFLOPS/s)
RMS_NORM_MUL RMS_NORM(2048,128,1,1): 59 x 10.392 us = 613.16 us
RMS_NORM_MUL_ROPE RMS_NORM(64,32,128,1): 8 x 105.28 us = 842.24 us
RMS_NORM_MUL_ROPE RMS_NORM(64,8,128,1): 8 x 29.285 us = 234.28 us
SET_ROWS: 16 x 2.67 us = 42.72 us
SSM_CONV: 22 x 10.823 us = 238.12 us
Total time: 60781.3 us.
----------------
Vulkan Timings:
ADD: 58 x 7.829 us = 454.12 us
CONCAT: 22 x 23.436 us = 515.6 us
CPY: 22 x 3.805 us = 83.72 us
FLASH_ATTN_EXT dst(64,32,32,4),  q(64,32,32,4),  k(64,768,8,4),  v(64,768,8,4),  m(768,32,1,4): 8 x 189.95 us = 1519.6 us (4239.57 GFLOPS/s)
GET_ROWS: 22 x 3.325 us = 73.16 us
GLU: 29 x 39.113 us = 1134.28 us
MUL: 44 x 10.965 us = 482.48 us
MUL_MAT f32 m=64 n=1024 k=64: 16 x 8.977 us = 143.64 us (927.104 GFLOPS/s)
MUL_MAT f32 m=64 n=4096 k=64: 16 x 12.815 us = 205.04 us (2597.92 GFLOPS/s)
MUL_MAT q4_0_rocmfp4_fast m=10752 n=128 k=2048: 58 x 426.233 us = 24721.6 us (13222.2 GFLOPS/s)
MUL_MAT q4_0_rocmfp4_fast m=2048 n=128 k=10752: 29 x 576.208 us = 16710 us (9782.72 GFLOPS/s)
MUL_MAT q4_0_rocmfp4_fast m=2048 n=128 k=2048: 16 x 100.705 us = 1611.28 us (10659.6 GFLOPS/s)
MUL_MAT q4_0_rocmfp4_fast m=2048 n=32 k=2048 batch=4: 22 x 142.88 us = 3143.36 us (7513.16 GFLOPS/s)
MUL_MAT q4_0_rocmfp4_fast m=512 n=128 k=2048: 16 x 44.162 us = 706.6 us (6076.87 GFLOPS/s)
MUL_MAT q4_0_rocmfp4_fast m=6144 n=32 k=2048 batch=4: 22 x 349.236 us = 7683.2 us (9221.37 GFLOPS/s)
RMS_NORM_MUL RMS_NORM(2048,128,1,1): 59 x 10.409 us = 614.16 us
RMS_NORM_MUL_ROPE RMS_NORM(64,32,128,1): 8 x 107.05 us = 856.4 us
RMS_NORM_MUL_ROPE RMS_NORM(64,8,128,1): 8 x 33.335 us = 266.68 us
SET_ROWS: 16 x 2.697 us = 43.16 us
SSM_CONV: 22 x 9.77 us = 214.96 us
Total time: 61183 us.
----------------
Vulkan Timings:
ADD: 58 x 7.77 us = 450.68 us
CONCAT: 22 x 21.443 us = 471.76 us
CPY: 22 x 3.809 us = 83.8 us
FLASH_ATTN_EXT dst(64,32,32,4),  q(64,32,32,4),  k(64,768,8,4),  v(64,768,8,4),  m(768,32,1,4): 8 x 197.34 us = 1578.72 us (4080.81 GFLOPS/s)
GET_ROWS: 22 x 3.314 us = 72.92 us
GLU: 29 x 39.78 us = 1153.64 us
MUL: 44 x 10.5 us = 462.04 us
MUL_MAT f32 m=64 n=1024 k=64: 16 x 8.947 us = 143.16 us (930.212 GFLOPS/s)
MUL_MAT f32 m=64 n=4096 k=64: 16 x 12.697 us = 203.16 us (2621.96 GFLOPS/s)
MUL_MAT q4_0_rocmfp4_fast m=10752 n=128 k=2048: 58 x 422.766 us = 24520.4 us (13330.7 GFLOPS/s)
MUL_MAT q4_0_rocmfp4_fast m=2048 n=128 k=10752: 29 x 573.358 us = 16627.4 us (9831.34 GFLOPS/s)
MUL_MAT q4_0_rocmfp4_fast m=2048 n=128 k=2048: 16 x 102.017 us = 1632.28 us (10522.5 GFLOPS/s)
MUL_MAT q4_0_rocmfp4_fast m=2048 n=32 k=2048 batch=4: 22 x 142.114 us = 3126.52 us (7553.62 GFLOPS/s)
MUL_MAT q4_0_rocmfp4_fast m=512 n=128 k=2048: 16 x 42.332 us = 677.32 us (6339.57 GFLOPS/s)
MUL_MAT q4_0_rocmfp4_fast m=6144 n=32 k=2048 batch=4: 22 x 352.9 us = 7763.8 us (9125.64 GFLOPS/s)
RMS_NORM_MUL RMS_NORM(2048,128,1,1): 59 x 10.36 us = 611.28 us
RMS_NORM_MUL_ROPE RMS_NORM(64,32,128,1): 8 x 104.49 us = 835.92 us
RMS_NORM_MUL_ROPE RMS_NORM(64,8,128,1): 8 x 31.08 us = 248.64 us
SET_ROWS: 16 x 2.667 us = 42.68 us
SSM_CONV: 22 x 9.721 us = 213.88 us
Total time: 60920 us.
----------------
Vulkan Timings:
ADD: 58 x 7.799 us = 452.36 us
CONCAT: 22 x 22.992 us = 505.84 us
CPY: 22 x 3.801 us = 83.64 us
FLASH_ATTN_EXT dst(64,32,32,4),  q(64,32,32,4),  k(64,768,8,4),  v(64,768,8,4),  m(768,32,1,4): 8 x 212.805 us = 1702.44 us (3784.25 GFLOPS/s)
GET_ROWS: 22 x 3.127 us = 68.8 us
GLU: 29 x 38.896 us = 1128 us
MUL: 44 x 10.21 us = 449.24 us
MUL_MAT f32 m=64 n=1024 k=64: 16 x 8.89 us = 142.24 us (936.229 GFLOPS/s)
MUL_MAT f32 m=64 n=4096 k=64: 16 x 12.81 us = 204.96 us (2598.93 GFLOPS/s)
MUL_MAT q4_0_rocmfp4_fast m=10752 n=128 k=2048: 58 x 424.877 us = 24642.9 us (13264.5 GFLOPS/s)
MUL_MAT q4_0_rocmfp4_fast m=2048 n=128 k=10752: 29 x 575.16 us = 16679.6 us (9800.55 GFLOPS/s)
MUL_MAT q4_0_rocmfp4_fast m=2048 n=128 k=2048: 16 x 106.45 us = 1703.2 us (10084.4 GFLOPS/s)
MUL_MAT q4_0_rocmfp4_fast m=2048 n=32 k=2048 batch=4: 22 x 139.896 us = 3077.72 us (7673.39 GFLOPS/s)
MUL_MAT q4_0_rocmfp4_fast m=512 n=128 k=2048: 16 x 39.745 us = 635.92 us (6752.29 GFLOPS/s)
MUL_MAT q4_0_rocmfp4_fast m=6144 n=32 k=2048 batch=4: 22 x 351.567 us = 7734.48 us (9160.24 GFLOPS/s)
RMS_NORM_MUL RMS_NORM(2048,128,1,1): 59 x 10.386 us = 612.8 us
RMS_NORM_MUL_ROPE RMS_NORM(64,32,128,1): 8 x 104.09 us = 832.72 us
RMS_NORM_MUL_ROPE RMS_NORM(64,8,128,1): 8 x 29.375 us = 235 us
SET_ROWS: 16 x 2.66 us = 42.56 us
SSM_CONV: 22 x 9.658 us = 212.48 us
Total time: 61146.9 us.
----------------
Vulkan Timings:
ADD: 58 x 7.989 us = 463.4 us
CONCAT: 22 x 23.881 us = 525.4 us
CPY: 22 x 3.8 us = 83.6 us
FLASH_ATTN_EXT dst(64,32,32,4),  q(64,32,32,4),  k(64,768,8,4),  v(64,768,8,4),  m(768,32,1,4): 8 x 223.79 us = 1790.32 us (3598.49 GFLOPS/s)
GET_ROWS: 22 x 3.058 us = 67.28 us
GLU: 29 x 39.435 us = 1143.64 us
MUL: 44 x 9.841 us = 433.04 us
MUL_MAT f32 m=64 n=1024 k=64: 16 x 8.835 us = 141.36 us (942.057 GFLOPS/s)
MUL_MAT f32 m=64 n=4096 k=64: 16 x 12.847 us = 205.56 us (2591.34 GFLOPS/s)
MUL_MAT q4_0_rocmfp4_fast m=10752 n=128 k=2048: 58 x 421.457 us = 24444.5 us (13372.1 GFLOPS/s)
MUL_MAT q4_0_rocmfp4_fast m=2048 n=128 k=10752: 29 x 572.88 us = 16613.5 us (9839.55 GFLOPS/s)
MUL_MAT q4_0_rocmfp4_fast m=2048 n=128 k=2048: 16 x 104.69 us = 1675.04 us (10253.9 GFLOPS/s)
MUL_MAT q4_0_rocmfp4_fast m=2048 n=32 k=2048 batch=4: 22 x 141.101 us = 3104.24 us (7607.84 GFLOPS/s)
MUL_MAT q4_0_rocmfp4_fast m=512 n=128 k=2048: 16 x 40.255 us = 644.08 us (6666.75 GFLOPS/s)
MUL_MAT q4_0_rocmfp4_fast m=6144 n=32 k=2048 batch=4: 22 x 351.861 us = 7740.96 us (9152.57 GFLOPS/s)
RMS_NORM_MUL RMS_NORM(2048,128,1,1): 59 x 10.989 us = 648.4 us
RMS_NORM_MUL_ROPE RMS_NORM(64,32,128,1): 8 x 106.32 us = 850.56 us
RMS_NORM_MUL_ROPE RMS_NORM(64,8,128,1): 8 x 27.73 us = 221.84 us
SET_ROWS: 16 x 2.675 us = 42.8 us
SSM_CONV: 22 x 9.669 us = 212.72 us
Total time: 61052.3 us.
----------------
Vulkan Timings:
ADD: 58 x 8.007 us = 464.44 us
CONCAT: 22 x 22.536 us = 495.8 us
CPY: 22 x 3.832 us = 84.32 us
FLASH_ATTN_EXT dst(64,32,32,4),  q(64,32,32,4),  k(64,768,8,4),  v(64,768,8,4),  m(768,32,1,4): 8 x 229.57 us = 1836.56 us (3507.89 GFLOPS/s)
GET_ROWS: 22 x 2.834 us = 62.36 us
GLU: 29 x 38.721 us = 1122.92 us
MUL: 44 x 9.858 us = 433.76 us
MUL_MAT f32 m=64 n=1024 k=64: 16 x 8.887 us = 142.2 us (936.492 GFLOPS/s)
MUL_MAT f32 m=64 n=4096 k=64: 16 x 12.66 us = 202.56 us (2629.72 GFLOPS/s)
MUL_MAT q4_0_rocmfp4_fast m=10752 n=128 k=2048: 58 x 423.767 us = 24578.5 us (13299.2 GFLOPS/s)
MUL_MAT q4_0_rocmfp4_fast m=2048 n=128 k=10752: 29 x 572.412 us = 16600 us (9847.59 GFLOPS/s)
MUL_MAT q4_0_rocmfp4_fast m=2048 n=128 k=2048: 16 x 98.415 us = 1574.64 us (10907.7 GFLOPS/s)
MUL_MAT q4_0_rocmfp4_fast m=2048 n=32 k=2048 batch=4: 22 x 143.82 us = 3164.04 us (7464.05 GFLOPS/s)
MUL_MAT q4_0_rocmfp4_fast m=512 n=128 k=2048: 16 x 45.51 us = 728.16 us (5896.94 GFLOPS/s)
MUL_MAT q4_0_rocmfp4_fast m=6144 n=32 k=2048 batch=4: 22 x 349.538 us = 7689.84 us (9213.41 GFLOPS/s)
RMS_NORM_MUL RMS_NORM(2048,128,1,1): 59 x 10.383 us = 612.6 us
RMS_NORM_MUL_ROPE RMS_NORM(64,32,128,1): 8 x 102.25 us = 818 us
RMS_NORM_MUL_ROPE RMS_NORM(64,8,128,1): 8 x 29.31 us = 234.48 us
SET_ROWS: 16 x 2.677 us = 42.84 us
SSM_CONV: 22 x 9.663 us = 212.6 us
Total time: 61100.6 us.
----------------
Vulkan Timings:
ADD: 58 x 7.503 us = 435.2 us
CONCAT: 22 x 22.236 us = 489.2 us
CPY: 22 x 3.776 us = 83.08 us
FLASH_ATTN_EXT dst(64,32,32,4),  q(64,32,32,4),  k(64,768,8,4),  v(64,768,8,4),  m(768,32,1,4): 8 x 243.95 us = 1951.6 us (3301.11 GFLOPS/s)
GET_ROWS: 22 x 2.983 us = 65.64 us
GLU: 29 x 39.12 us = 1134.48 us
MUL: 44 x 9.632 us = 423.84 us
MUL_MAT f32 m=64 n=1024 k=64: 16 x 9.025 us = 144.4 us (922.224 GFLOPS/s)
MUL_MAT f32 m=64 n=4096 k=64: 16 x 12.777 us = 204.44 us (2605.54 GFLOPS/s)
MUL_MAT q4_0_rocmfp4_fast m=10752 n=128 k=2048: 58 x 422.008 us = 24476.5 us (13354.6 GFLOPS/s)
MUL_MAT q4_0_rocmfp4_fast m=2048 n=128 k=10752: 29 x 573.176 us = 16622.1 us (9834.46 GFLOPS/s)
MUL_MAT q4_0_rocmfp4_fast m=2048 n=128 k=2048: 16 x 97.032 us = 1552.52 us (11063.1 GFLOPS/s)
MUL_MAT q4_0_rocmfp4_fast m=2048 n=32 k=2048 batch=4: 22 x 142.3 us = 3130.6 us (7543.78 GFLOPS/s)
MUL_MAT q4_0_rocmfp4_fast m=512 n=128 k=2048: 16 x 44.89 us = 718.24 us (5978.39 GFLOPS/s)
MUL_MAT q4_0_rocmfp4_fast m=6144 n=32 k=2048 batch=4: 22 x 354.712 us = 7803.68 us (9079.01 GFLOPS/s)
RMS_NORM_MUL RMS_NORM(2048,128,1,1): 59 x 10.362 us = 611.36 us
RMS_NORM_MUL_ROPE RMS_NORM(64,32,128,1): 8 x 107.035 us = 856.28 us
RMS_NORM_MUL_ROPE RMS_NORM(64,8,128,1): 8 x 30.62 us = 244.96 us
SET_ROWS: 16 x 2.65 us = 42.4 us
SSM_CONV: 22 x 9.69 us = 213.2 us
Total time: 61203.8 us.
----------------
Vulkan Timings:
ADD: 58 x 7.795 us = 452.16 us
CONCAT: 22 x 23.787 us = 523.32 us
CPY: 22 x 3.789 us = 83.36 us
FLASH_ATTN_EXT dst(64,32,32,4),  q(64,32,32,4),  k(64,768,8,4),  v(64,768,8,4),  m(768,32,1,4): 8 x 248.64 us = 1989.12 us (3238.84 GFLOPS/s)
GET_ROWS: 22 x 2.794 us = 61.48 us
GLU: 29 x 37.635 us = 1091.44 us
MUL: 44 x 10.022 us = 441 us
MUL_MAT f32 m=64 n=1024 k=64: 16 x 8.86 us = 141.76 us (939.399 GFLOPS/s)
MUL_MAT f32 m=64 n=4096 k=64: 16 x 12.65 us = 202.4 us (2631.8 GFLOPS/s)
MUL_MAT q4_0_rocmfp4_fast m=10752 n=128 k=2048: 58 x 423.437 us = 24559.4 us (13309.6 GFLOPS/s)
MUL_MAT q4_0_rocmfp4_fast m=2048 n=128 k=10752: 29 x 574.729 us = 16667.2 us (9807.89 GFLOPS/s)
MUL_MAT q4_0_rocmfp4_fast m=2048 n=128 k=2048: 16 x 100.607 us = 1609.72 us (10670 GFLOPS/s)
MUL_MAT q4_0_rocmfp4_fast m=2048 n=32 k=2048 batch=4: 22 x 141.329 us = 3109.24 us (7595.6 GFLOPS/s)
MUL_MAT q4_0_rocmfp4_fast m=512 n=128 k=2048: 16 x 43.81 us = 700.96 us (6125.77 GFLOPS/s)
MUL_MAT q4_0_rocmfp4_fast m=6144 n=32 k=2048 batch=4: 22 x 358.89 us = 7895.6 us (8973.31 GFLOPS/s)
RMS_NORM_MUL RMS_NORM(2048,128,1,1): 59 x 10.383 us = 612.64 us
RMS_NORM_MUL_ROPE RMS_NORM(64,32,128,1): 8 x 102.585 us = 820.68 us
RMS_NORM_MUL_ROPE RMS_NORM(64,8,128,1): 8 x 32.98 us = 263.84 us
SET_ROWS: 16 x 2.69 us = 43.04 us
SSM_CONV: 22 x 9.632 us = 211.92 us
Total time: 61480.2 us.
----------------
Vulkan Timings:
ADD: 58 x 7.886 us = 457.4 us
CONCAT: 22 x 21.381 us = 470.4 us
CPY: 22 x 3.807 us = 83.76 us
FLASH_ATTN_EXT dst(64,32,32,4),  q(64,32,32,4),  k(64,768,8,4),  v(64,768,8,4),  m(768,32,1,4): 8 x 259.005 us = 2072.04 us (3109.23 GFLOPS/s)
GET_ROWS: 22 x 2.814 us = 61.92 us
GLU: 29 x 39.237 us = 1137.88 us
MUL: 44 x 9.88 us = 434.72 us
MUL_MAT f32 m=64 n=1024 k=64: 16 x 8.88 us = 142.08 us (937.283 GFLOPS/s)
MUL_MAT f32 m=64 n=4096 k=64: 16 x 12.697 us = 203.16 us (2621.96 GFLOPS/s)
MUL_MAT q4_0_rocmfp4_fast m=10752 n=128 k=2048: 58 x 423.866 us = 24584.3 us (13296.1 GFLOPS/s)
MUL_MAT q4_0_rocmfp4_fast m=2048 n=128 k=10752: 29 x 573.288 us = 16625.4 us (9832.54 GFLOPS/s)
MUL_MAT q4_0_rocmfp4_fast m=2048 n=128 k=2048: 16 x 96.98 us = 1551.68 us (11069.1 GFLOPS/s)
MUL_MAT q4_0_rocmfp4_fast m=2048 n=32 k=2048 batch=4: 22 x 139.865 us = 3077.04 us (7675.09 GFLOPS/s)
MUL_MAT q4_0_rocmfp4_fast m=512 n=128 k=2048: 16 x 46.972 us = 751.56 us (5713.34 GFLOPS/s)
MUL_MAT q4_0_rocmfp4_fast m=6144 n=32 k=2048 batch=4: 22 x 356.01 us = 7832.24 us (9045.9 GFLOPS/s)
RMS_NORM_MUL RMS_NORM(2048,128,1,1): 59 x 10.541 us = 621.96 us
RMS_NORM_MUL_ROPE RMS_NORM(64,32,128,1): 8 x 100.48 us = 803.84 us
RMS_NORM_MUL_ROPE RMS_NORM(64,8,128,1): 8 x 29.39 us = 235.12 us
SET_ROWS: 16 x 2.882 us = 46.12 us
SSM_CONV: 22 x 9.638 us = 212.04 us
Total time: 61404.6 us.
----------------
Vulkan Timings:
ADD: 58 x 8.029 us = 465.72 us
CONCAT: 22 x 21.767 us = 478.88 us
CPY: 22 x 3.809 us = 83.8 us
FLASH_ATTN_EXT dst(64,32,32,4),  q(64,32,32,4),  k(64,1024,8,4),  v(64,1024,8,4),  m(1024,32,1,4): 8 x 252.13 us = 2017.04 us (4258.68 GFLOPS/s)
GET_ROWS: 22 x 2.783 us = 61.24 us
GLU: 29 x 39.678 us = 1150.68 us
MUL: 44 x 10.206 us = 449.08 us
MUL_MAT f32 m=64 n=1024 k=64: 16 x 8.877 us = 142.04 us (937.547 GFLOPS/s)
MUL_MAT f32 m=64 n=4096 k=64: 16 x 13.162 us = 210.6 us (2529.33 GFLOPS/s)
MUL_MAT q4_0_rocmfp4_fast m=10752 n=128 k=2048: 58 x 422.226 us = 24489.2 us (13347.7 GFLOPS/s)
MUL_MAT q4_0_rocmfp4_fast m=2048 n=128 k=10752: 29 x 574.019 us = 16646.6 us (9820.02 GFLOPS/s)
MUL_MAT q4_0_rocmfp4_fast m=2048 n=128 k=2048: 16 x 102.365 us = 1637.84 us (10486.8 GFLOPS/s)
MUL_MAT q4_0_rocmfp4_fast m=2048 n=32 k=2048 batch=4: 22 x 142.538 us = 3135.84 us (7531.17 GFLOPS/s)
MUL_MAT q4_0_rocmfp4_fast m=512 n=128 k=2048: 16 x 43.67 us = 698.72 us (6145.41 GFLOPS/s)
MUL_MAT q4_0_rocmfp4_fast m=6144 n=32 k=2048 batch=4: 22 x 351.643 us = 7736.16 us (9158.25 GFLOPS/s)
RMS_NORM_MUL RMS_NORM(2048,128,1,1): 59 x 10.38 us = 612.44 us
RMS_NORM_MUL_ROPE RMS_NORM(64,32,128,1): 8 x 102.23 us = 817.84 us
RMS_NORM_MUL_ROPE RMS_NORM(64,8,128,1): 8 x 27.465 us = 219.72 us
SET_ROWS: 16 x 2.705 us = 43.28 us
SSM_CONV: 22 x 9.641 us = 212.12 us
Total time: 61308.8 us.
----------------
Vulkan Timings:
ADD: 58 x 7.931 us = 460.04 us
CONCAT: 22 x 22.24 us = 489.28 us
CPY: 22 x 3.816 us = 83.96 us
FLASH_ATTN_EXT dst(64,32,32,4),  q(64,32,32,4),  k(64,1024,8,4),  v(64,1024,8,4),  m(1024,32,1,4): 8 x 253.535 us = 2028.28 us (4235.08 GFLOPS/s)
GET_ROWS: 22 x 2.798 us = 61.56 us
GLU: 29 x 40.958 us = 1187.8 us
MUL: 44 x 9.897 us = 435.48 us
MUL_MAT f32 m=64 n=1024 k=64: 16 x 8.97 us = 143.52 us (927.879 GFLOPS/s)
MUL_MAT f32 m=64 n=4096 k=64: 16 x 13.487 us = 215.8 us (2468.38 GFLOPS/s)
MUL_MAT q4_0_rocmfp4_fast m=10752 n=128 k=2048: 58 x 423.365 us = 24555.2 us (13311.8 GFLOPS/s)
MUL_MAT q4_0_rocmfp4_fast m=2048 n=128 k=10752: 29 x 571.704 us = 16579.4 us (9859.78 GFLOPS/s)
MUL_MAT q4_0_rocmfp4_fast m=2048 n=128 k=2048: 16 x 104.545 us = 1672.72 us (10268.1 GFLOPS/s)
MUL_MAT q4_0_rocmfp4_fast m=2048 n=32 k=2048 batch=4: 22 x 142.796 us = 3141.52 us (7517.56 GFLOPS/s)
MUL_MAT q4_0_rocmfp4_fast m=512 n=128 k=2048: 16 x 42.595 us = 681.52 us (6300.5 GFLOPS/s)
MUL_MAT q4_0_rocmfp4_fast m=6144 n=32 k=2048 batch=4: 22 x 357.643 us = 7868.16 us (9004.6 GFLOPS/s)
RMS_NORM_MUL RMS_NORM(2048,128,1,1): 59 x 10.336 us = 609.88 us
RMS_NORM_MUL_ROPE RMS_NORM(64,32,128,1): 8 x 102.23 us = 817.84 us
RMS_NORM_MUL_ROPE RMS_NORM(64,8,128,1): 8 x 29.38 us = 235.04 us
SET_ROWS: 16 x 2.645 us = 42.32 us
SSM_CONV: 22 x 9.745 us = 214.4 us
Total time: 61523.8 us.
----------------
Vulkan Timings:
ADD: 58 x 7.733 us = 448.52 us
CONCAT: 22 x 22.789 us = 501.36 us
CPY: 22 x 3.818 us = 84 us
FLASH_ATTN_EXT dst(64,32,32,4),  q(64,32,32,4),  k(64,1024,8,4),  v(64,1024,8,4),  m(1024,32,1,4): 8 x 261.24 us = 2089.92 us (4110.17 GFLOPS/s)
GET_ROWS: 22 x 2.8 us = 61.6 us
GLU: 29 x 39.857 us = 1155.88 us
MUL: 44 x 10.23 us = 450.12 us
MUL_MAT f32 m=64 n=1024 k=64: 16 x 8.907 us = 142.52 us (934.389 GFLOPS/s)
MUL_MAT f32 m=64 n=4096 k=64: 16 x 13.177 us = 210.84 us (2526.45 GFLOPS/s)
MUL_MAT q4_0_rocmfp4_fast m=10752 n=128 k=2048: 58 x 422.925 us = 24529.7 us (13325.7 GFLOPS/s)
MUL_MAT q4_0_rocmfp4_fast m=2048 n=128 k=10752: 29 x 572.754 us = 16609.9 us (9841.71 GFLOPS/s)
MUL_MAT q4_0_rocmfp4_fast m=2048 n=128 k=2048: 16 x 103.802 us = 1660.84 us (10341.6 GFLOPS/s)
MUL_MAT q4_0_rocmfp4_fast m=2048 n=32 k=2048 batch=4: 22 x 144.603 us = 3181.28 us (7423.6 GFLOPS/s)
MUL_MAT q4_0_rocmfp4_fast m=512 n=128 k=2048: 16 x 41.1 us = 657.6 us (6529.68 GFLOPS/s)
MUL_MAT q4_0_rocmfp4_fast m=6144 n=32 k=2048 batch=4: 22 x 351.03 us = 7722.68 us (9174.23 GFLOPS/s)
RMS_NORM_MUL RMS_NORM(2048,128,1,1): 59 x 10.333 us = 609.68 us
RMS_NORM_MUL_ROPE RMS_NORM(64,32,128,1): 8 x 102.165 us = 817.32 us
RMS_NORM_MUL_ROPE RMS_NORM(64,8,128,1): 8 x 29.34 us = 234.72 us
SET_ROWS: 16 x 2.68 us = 42.88 us
SSM_CONV: 22 x 10.09 us = 222 us
Total time: 61433.3 us.
----------------
Vulkan Timings:
ADD: 58 x 7.772 us = 450.8 us
CONCAT: 22 x 23.025 us = 506.56 us
CPY: 22 x 3.814 us = 83.92 us
FLASH_ATTN_EXT dst(64,32,32,4),  q(64,32,32,4),  k(64,1024,8,4),  v(64,1024,8,4),  m(1024,32,1,4): 8 x 272.4 us = 2179.2 us (3941.78 GFLOPS/s)
GET_ROWS: 22 x 2.76 us = 60.72 us
GLU: 29 x 40.666 us = 1179.32 us
MUL: 44 x 10.001 us = 440.08 us
MUL_MAT f32 m=64 n=1024 k=64: 16 x 8.872 us = 141.96 us (938.075 GFLOPS/s)
MUL_MAT f32 m=64 n=4096 k=64: 16 x 13.2 us = 211.2 us (2522.14 GFLOPS/s)
MUL_MAT q4_0_rocmfp4_fast m=10752 n=128 k=2048: 58 x 422.9 us = 24528.2 us (13326.5 GFLOPS/s)
MUL_MAT q4_0_rocmfp4_fast m=2048 n=128 k=10752: 29 x 572.259 us = 16595.5 us (9850.22 GFLOPS/s)
MUL_MAT q4_0_rocmfp4_fast m=2048 n=128 k=2048: 16 x 100.48 us = 1607.68 us (10683.5 GFLOPS/s)
MUL_MAT q4_0_rocmfp4_fast m=2048 n=32 k=2048 batch=4: 22 x 141.945 us = 3122.8 us (7562.62 GFLOPS/s)
MUL_MAT q4_0_rocmfp4_fast m=512 n=128 k=2048: 16 x 43.805 us = 700.88 us (6126.47 GFLOPS/s)
MUL_MAT q4_0_rocmfp4_fast m=6144 n=32 k=2048 batch=4: 22 x 349.618 us = 7691.6 us (9211.3 GFLOPS/s)
RMS_NORM_MUL RMS_NORM(2048,128,1,1): 59 x 10.383 us = 612.64 us
RMS_NORM_MUL_ROPE RMS_NORM(64,32,128,1): 8 x 105.595 us = 844.76 us
RMS_NORM_MUL_ROPE RMS_NORM(64,8,128,1): 8 x 29.38 us = 235.04 us
SET_ROWS: 16 x 2.655 us = 42.48 us
SSM_CONV: 22 x 9.687 us = 213.12 us
Total time: 61448.5 us.
----------------
Vulkan Timings:
ADD: 58 x 8.024 us = 465.4 us
CONCAT: 22 x 22.22 us = 488.84 us
CPY: 22 x 3.785 us = 83.28 us
FLASH_ATTN_EXT dst(64,32,32,4),  q(64,32,32,4),  k(64,1024,8,4),  v(64,1024,8,4),  m(1024,32,1,4): 8 x 275.02 us = 2200.16 us (3904.23 GFLOPS/s)
GET_ROWS: 22 x 2.83 us = 62.28 us
GLU: 29 x 38.634 us = 1120.4 us
MUL: 44 x 10.418 us = 458.4 us
MUL_MAT f32 m=64 n=1024 k=64: 16 x 8.97 us = 143.52 us (927.879 GFLOPS/s)
MUL_MAT f32 m=64 n=4096 k=64: 16 x 13.127 us = 210.04 us (2536.07 GFLOPS/s)
MUL_MAT q4_0_rocmfp4_fast m=10752 n=128 k=2048: 58 x 423.399 us = 24557.2 us (13310.8 GFLOPS/s)
MUL_MAT q4_0_rocmfp4_fast m=2048 n=128 k=10752: 29 x 577.384 us = 16744.2 us (9762.78 GFLOPS/s)
MUL_MAT q4_0_rocmfp4_fast m=2048 n=128 k=2048: 16 x 100.5 us = 1608 us (10681.4 GFLOPS/s)
MUL_MAT q4_0_rocmfp4_fast m=2048 n=32 k=2048 batch=4: 22 x 141.676 us = 3116.88 us (7576.98 GFLOPS/s)
MUL_MAT q4_0_rocmfp4_fast m=512 n=128 k=2048: 16 x 43.892 us = 702.28 us (6114.25 GFLOPS/s)
MUL_MAT q4_0_rocmfp4_fast m=6144 n=32 k=2048 batch=4: 22 x 357.432 us = 7863.52 us (9009.92 GFLOPS/s)
RMS_NORM_MUL RMS_NORM(2048,128,1,1): 59 x 10.334 us = 609.76 us
RMS_NORM_MUL_ROPE RMS_NORM(64,32,128,1): 8 x 102.38 us = 819.04 us
RMS_NORM_MUL_ROPE RMS_NORM(64,8,128,1): 8 x 29.985 us = 239.88 us
SET_ROWS: 16 x 2.642 us = 42.28 us
SSM_CONV: 22 x 9.685 us = 213.08 us
Total time: 61748.4 us.
----------------
Vulkan Timings:
ADD: 58 x 8.277 us = 480.08 us
CONCAT: 22 x 22.074 us = 485.64 us
CPY: 22 x 3.81 us = 83.84 us
FLASH_ATTN_EXT dst(64,32,32,4),  q(64,32,32,4),  k(64,1024,8,4),  v(64,1024,8,4),  m(1024,32,1,4): 8 x 285.44 us = 2283.52 us (3761.71 GFLOPS/s)
GET_ROWS: 22 x 2.8 us = 61.6 us
GLU: 29 x 40.02 us = 1160.6 us
MUL: 44 x 9.561 us = 420.72 us
MUL_MAT f32 m=64 n=1024 k=64: 16 x 8.98 us = 143.68 us (926.845 GFLOPS/s)
MUL_MAT f32 m=64 n=4096 k=64: 16 x 13.137 us = 210.2 us (2534.14 GFLOPS/s)
MUL_MAT q4_0_rocmfp4_fast m=10752 n=128 k=2048: 58 x 422.905 us = 24528.5 us (13326.3 GFLOPS/s)
MUL_MAT q4_0_rocmfp4_fast m=2048 n=128 k=10752: 29 x 570.543 us = 16545.8 us (9879.85 GFLOPS/s)
MUL_MAT q4_0_rocmfp4_fast m=2048 n=128 k=2048: 16 x 100.312 us = 1605 us (10701.4 GFLOPS/s)
MUL_MAT q4_0_rocmfp4_fast m=2048 n=32 k=2048 batch=4: 22 x 143.769 us = 3162.92 us (7466.69 GFLOPS/s)
MUL_MAT q4_0_rocmfp4_fast m=512 n=128 k=2048: 16 x 44.612 us = 713.8 us (6015.58 GFLOPS/s)
MUL_MAT q4_0_rocmfp4_fast m=6144 n=32 k=2048 batch=4: 22 x 353.678 us = 7780.92 us (9105.56 GFLOPS/s)
RMS_NORM_MUL RMS_NORM(2048,128,1,1): 59 x 10.335 us = 609.8 us
RMS_NORM_MUL_ROPE RMS_NORM(64,32,128,1): 8 x 102.26 us = 818.08 us
RMS_NORM_MUL_ROPE RMS_NORM(64,8,128,1): 8 x 31.23 us = 249.84 us
SET_ROWS: 16 x 2.632 us = 42.12 us
SSM_CONV: 22 x 9.654 us = 212.4 us
Total time: 61599 us.
----------------
Vulkan Timings:
ADD: 58 x 8.095 us = 469.56 us
CONCAT: 22 x 22.192 us = 488.24 us
CPY: 22 x 3.778 us = 83.12 us
FLASH_ATTN_EXT dst(64,32,32,4),  q(64,32,32,4),  k(64,1024,8,4),  v(64,1024,8,4),  m(1024,32,1,4): 8 x 290.285 us = 2322.28 us (3698.92 GFLOPS/s)
GET_ROWS: 22 x 2.807 us = 61.76 us
GLU: 29 x 37.942 us = 1100.32 us
MUL: 44 x 10.179 us = 447.88 us
MUL_MAT f32 m=64 n=1024 k=64: 16 x 8.947 us = 143.16 us (930.212 GFLOPS/s)
MUL_MAT f32 m=64 n=4096 k=64: 16 x 13.102 us = 209.64 us (2540.91 GFLOPS/s)
MUL_MAT q4_0_rocmfp4_fast m=10752 n=128 k=2048: 58 x 424.342 us = 24611.8 us (13281.2 GFLOPS/s)
MUL_MAT q4_0_rocmfp4_fast m=2048 n=128 k=10752: 29 x 572.135 us = 16591.9 us (9852.36 GFLOPS/s)
MUL_MAT q4_0_rocmfp4_fast m=2048 n=128 k=2048: 16 x 99.285 us = 1588.56 us (10812.1 GFLOPS/s)
MUL_MAT q4_0_rocmfp4_fast m=2048 n=32 k=2048 batch=4: 22 x 141.385 us = 3110.48 us (7592.58 GFLOPS/s)
MUL_MAT q4_0_rocmfp4_fast m=512 n=128 k=2048: 16 x 43.13 us = 690.08 us (6222.35 GFLOPS/s)
MUL_MAT q4_0_rocmfp4_fast m=6144 n=32 k=2048 batch=4: 22 x 354.683 us = 7803.04 us (9079.75 GFLOPS/s)
RMS_NORM_MUL RMS_NORM(2048,128,1,1): 59 x 10.37 us = 611.88 us
RMS_NORM_MUL_ROPE RMS_NORM(64,32,128,1): 8 x 100.5 us = 804 us
RMS_NORM_MUL_ROPE RMS_NORM(64,8,128,1): 8 x 27.53 us = 220.24 us
SET_ROWS: 16 x 2.677 us = 42.84 us
SSM_CONV: 22 x 9.64 us = 212.08 us
Total time: 61612.9 us.
----------------
Vulkan Timings:
ADD: 58 x 7.848 us = 455.2 us
CONCAT: 22 x 23.881 us = 525.4 us
CPY: 22 x 3.809 us = 83.8 us
FLASH_ATTN_EXT dst(64,32,32,4),  q(64,32,32,4),  k(64,1024,8,4),  v(64,1024,8,4),  m(1024,32,1,4): 8 x 298.83 us = 2390.64 us (3593.15 GFLOPS/s)
GET_ROWS: 22 x 2.803 us = 61.68 us
GLU: 29 x 38.605 us = 1119.56 us
MUL: 44 x 9.44 us = 415.36 us
MUL_MAT f32 m=64 n=1024 k=64: 16 x 8.895 us = 142.32 us (935.702 GFLOPS/s)
MUL_MAT f32 m=64 n=4096 k=64: 16 x 13.122 us = 209.96 us (2537.04 GFLOPS/s)
MUL_MAT q4_0_rocmfp4_fast m=10752 n=128 k=2048: 58 x 423.89 us = 24585.6 us (13295.3 GFLOPS/s)
MUL_MAT q4_0_rocmfp4_fast m=2048 n=128 k=10752: 29 x 572.165 us = 16592.8 us (9851.84 GFLOPS/s)
MUL_MAT q4_0_rocmfp4_fast m=2048 n=128 k=2048: 16 x 97.692 us = 1563.08 us (10988.4 GFLOPS/s)
MUL_MAT q4_0_rocmfp4_fast m=2048 n=32 k=2048 batch=4: 22 x 143.221 us = 3150.88 us (7495.22 GFLOPS/s)
MUL_MAT q4_0_rocmfp4_fast m=512 n=128 k=2048: 16 x 45.17 us = 722.72 us (5941.33 GFLOPS/s)
MUL_MAT q4_0_rocmfp4_fast m=6144 n=32 k=2048 batch=4: 22 x 357.854 us = 7872.8 us (8999.3 GFLOPS/s)
RMS_NORM_MUL RMS_NORM(2048,128,1,1): 59 x 10.333 us = 609.68 us
RMS_NORM_MUL_ROPE RMS_NORM(64,32,128,1): 8 x 104.045 us = 832.36 us
RMS_NORM_MUL_ROPE RMS_NORM(64,8,128,1): 8 x 33.005 us = 264.04 us
SET_ROWS: 16 x 2.667 us = 42.68 us
SSM_CONV: 22 x 9.665 us = 212.64 us
Total time: 61853.2 us.
----------------
Vulkan Timings:
ADD: 58 x 7.799 us = 452.36 us
CONCAT: 22 x 21.501 us = 473.04 us
CPY: 22 x 3.743 us = 82.36 us
FLASH_ATTN_EXT dst(64,32,32,4),  q(64,32,32,4),  k(64,1280,8,4),  v(64,1280,8,4),  m(1280,32,1,4): 8 x 263.05 us = 2104.4 us (5102.37 GFLOPS/s)
GET_ROWS: 22 x 2.767 us = 60.88 us
GLU: 29 x 39.368 us = 1141.68 us
MUL: 44 x 10.24 us = 450.6 us
MUL_MAT f32 m=64 n=1024 k=64: 16 x 8.92 us = 142.72 us (933.08 GFLOPS/s)
MUL_MAT f32 m=64 n=4096 k=64: 16 x 13.447 us = 215.16 us (2475.72 GFLOPS/s)
MUL_MAT q4_0_rocmfp4_fast m=10752 n=128 k=2048: 58 x 424.004 us = 24592.2 us (13291.8 GFLOPS/s)
MUL_MAT q4_0_rocmfp4_fast m=2048 n=128 k=10752: 29 x 573.465 us = 16630.5 us (9829.51 GFLOPS/s)
MUL_MAT q4_0_rocmfp4_fast m=2048 n=128 k=2048: 16 x 97.597 us = 1561.56 us (10999 GFLOPS/s)
MUL_MAT q4_0_rocmfp4_fast m=2048 n=32 k=2048 batch=4: 22 x 141.536 us = 3113.8 us (7584.48 GFLOPS/s)
MUL_MAT q4_0_rocmfp4_fast m=512 n=128 k=2048: 16 x 44.032 us = 704.52 us (6094.81 GFLOPS/s)
MUL_MAT q4_0_rocmfp4_fast m=6144 n=32 k=2048 batch=4: 22 x 354.943 us = 7808.76 us (9073.1 GFLOPS/s)
RMS_NORM_MUL RMS_NORM(2048,128,1,1): 59 x 10.438 us = 615.88 us
RMS_NORM_MUL_ROPE RMS_NORM(64,32,128,1): 8 x 100.445 us = 803.56 us
RMS_NORM_MUL_ROPE RMS_NORM(64,8,128,1): 8 x 27.545 us = 220.36 us
SET_ROWS: 16 x 3.082 us = 49.32 us
SSM_CONV: 22 x 10.76 us = 236.72 us
Total time: 61460.4 us.
----------------
Vulkan Timings:
ADD: 58 x 7.411 us = 429.88 us
CONCAT: 22 x 23.016 us = 506.36 us
CPY: 22 x 3.776 us = 83.08 us
FLASH_ATTN_EXT dst(64,32,32,4),  q(64,32,32,4),  k(64,1280,8,4),  v(64,1280,8,4),  m(1280,32,1,4): 8 x 270.165 us = 2161.32 us (4967.99 GFLOPS/s)
GET_ROWS: 22 x 2.758 us = 60.68 us
GLU: 29 x 40.797 us = 1183.12 us
MUL: 44 x 10.16 us = 447.08 us
MUL_MAT f32 m=64 n=1024 k=64: 16 x 8.92 us = 142.72 us (933.08 GFLOPS/s)
MUL_MAT f32 m=64 n=4096 k=64: 16 x 13.562 us = 217 us (2454.73 GFLOPS/s)
MUL_MAT q4_0_rocmfp4_fast m=10752 n=128 k=2048: 58 x 423.881 us = 24585.1 us (13295.6 GFLOPS/s)
MUL_MAT q4_0_rocmfp4_fast m=2048 n=128 k=10752: 29 x 571.016 us = 16559.5 us (9871.66 GFLOPS/s)
MUL_MAT q4_0_rocmfp4_fast m=2048 n=128 k=2048: 16 x 104.535 us = 1672.56 us (10269.1 GFLOPS/s)
MUL_MAT q4_0_rocmfp4_fast m=2048 n=32 k=2048 batch=4: 22 x 142.174 us = 3127.84 us (7550.44 GFLOPS/s)
MUL_MAT q4_0_rocmfp4_fast m=512 n=128 k=2048: 16 x 39.99 us = 639.84 us (6710.93 GFLOPS/s)
MUL_MAT q4_0_rocmfp4_fast m=6144 n=32 k=2048 batch=4: 22 x 353.101 us = 7768.24 us (9120.43 GFLOPS/s)
RMS_NORM_MUL RMS_NORM(2048,128,1,1): 59 x 10.33 us = 609.48 us
RMS_NORM_MUL_ROPE RMS_NORM(64,32,128,1): 8 x 102.945 us = 823.56 us
RMS_NORM_MUL_ROPE RMS_NORM(64,8,128,1): 8 x 29.355 us = 234.84 us
SET_ROWS: 16 x 3.13 us = 50.08 us
SSM_CONV: 22 x 9.75 us = 214.52 us
Total time: 61516.8 us.
----------------
Vulkan Timings:
ADD: 58 x 7.8 us = 452.44 us
CONCAT: 22 x 22.912 us = 504.08 us
CPY: 22 x 3.71 us = 81.64 us
FLASH_ATTN_EXT dst(64,32,32,4),  q(64,32,32,4),  k(64,1280,8,4),  v(64,1280,8,4),  m(1280,32,1,4): 8 x 278.955 us = 2231.64 us (4811.45 GFLOPS/s)
GET_ROWS: 22 x 2.829 us = 62.24 us
GLU: 29 x 40.488 us = 1174.16 us
MUL: 44 x 9.28 us = 408.32 us
MUL_MAT f32 m=64 n=1024 k=64: 16 x 8.915 us = 142.64 us (933.603 GFLOPS/s)
MUL_MAT f32 m=64 n=4096 k=64: 16 x 13.462 us = 215.4 us (2472.96 GFLOPS/s)
MUL_MAT q4_0_rocmfp4_fast m=10752 n=128 k=2048: 58 x 424.025 us = 24593.5 us (13291.1 GFLOPS/s)
MUL_MAT q4_0_rocmfp4_fast m=2048 n=128 k=10752: 29 x 571.593 us = 16576.2 us (9861.7 GFLOPS/s)
MUL_MAT q4_0_rocmfp4_fast m=2048 n=128 k=2048: 16 x 104.932 us = 1678.92 us (10230.2 GFLOPS/s)
MUL_MAT q4_0_rocmfp4_fast m=2048 n=32 k=2048 batch=4: 22 x 144.136 us = 3171 us (7447.67 GFLOPS/s)
MUL_MAT q4_0_rocmfp4_fast m=512 n=128 k=2048: 16 x 41.525 us = 664.4 us (6462.85 GFLOPS/s)
MUL_MAT q4_0_rocmfp4_fast m=6144 n=32 k=2048 batch=4: 22 x 355.941 us = 7830.72 us (9047.66 GFLOPS/s)
RMS_NORM_MUL RMS_NORM(2048,128,1,1): 59 x 10.501 us = 619.56 us
RMS_NORM_MUL_ROPE RMS_NORM(64,32,128,1): 8 x 105.62 us = 844.96 us
RMS_NORM_MUL_ROPE RMS_NORM(64,8,128,1): 8 x 32.605 us = 260.84 us
SET_ROWS: 16 x 3.407 us = 54.52 us
SSM_CONV: 22 x 10.214 us = 224.72 us
Total time: 61791.9 us.
----------------
Vulkan Timings:
ADD: 58 x 7.807 us = 452.84 us
CONCAT: 22 x 22.087 us = 485.92 us
CPY: 22 x 3.821 us = 84.08 us
FLASH_ATTN_EXT dst(64,32,32,4),  q(64,32,32,4),  k(64,1280,8,4),  v(64,1280,8,4),  m(1280,32,1,4): 8 x 280.53 us = 2244.24 us (4784.43 GFLOPS/s)
GET_ROWS: 22 x 2.809 us = 61.8 us
GLU: 29 x 38.383 us = 1113.12 us
MUL: 44 x 10.228 us = 450.04 us
MUL_MAT f32 m=64 n=1024 k=64: 16 x 8.917 us = 142.68 us (933.341 GFLOPS/s)
MUL_MAT f32 m=64 n=4096 k=64: 16 x 13.445 us = 215.12 us (2476.18 GFLOPS/s)
MUL_MAT q4_0_rocmfp4_fast m=10752 n=128 k=2048: 58 x 422.508 us = 24505.5 us (13338.8 GFLOPS/s)
MUL_MAT q4_0_rocmfp4_fast m=2048 n=128 k=10752: 29 x 574.042 us = 16647.2 us (9819.62 GFLOPS/s)
MUL_MAT q4_0_rocmfp4_fast m=2048 n=128 k=2048: 16 x 99.822 us = 1597.16 us (10753.9 GFLOPS/s)
MUL_MAT q4_0_rocmfp4_fast m=2048 n=32 k=2048 batch=4: 22 x 146.016 us = 3212.36 us (7351.78 GFLOPS/s)
MUL_MAT q4_0_rocmfp4_fast m=512 n=128 k=2048: 16 x 43.265 us = 692.24 us (6202.93 GFLOPS/s)
MUL_MAT q4_0_rocmfp4_fast m=6144 n=32 k=2048 batch=4: 22 x 351.338 us = 7729.44 us (9166.21 GFLOPS/s)
RMS_NORM_MUL RMS_NORM(2048,128,1,1): 59 x 10.534 us = 621.56 us
RMS_NORM_MUL_ROPE RMS_NORM(64,32,128,1): 8 x 100.585 us = 804.68 us
RMS_NORM_MUL_ROPE RMS_NORM(64,8,128,1): 8 x 29.4 us = 235.2 us
SET_ROWS: 16 x 3.317 us = 53.08 us
SSM_CONV: 22 x 10.489 us = 230.76 us
Total time: 61579 us.
----------------
Vulkan Timings:
ADD: 58 x 7.257 us = 420.92 us
CONCAT: 22 x 24.13 us = 530.88 us
CPY: 22 x 3.83 us = 84.28 us
FLASH_ATTN_EXT dst(64,32,32,4),  q(64,32,32,4),  k(64,1280,8,4),  v(64,1280,8,4),  m(1280,32,1,4): 8 x 290.53 us = 2324.24 us (4619.75 GFLOPS/s)
GET_ROWS: 22 x 2.774 us = 61.04 us
GLU: 29 x 39.375 us = 1141.88 us
MUL: 44 x 9.4 us = 413.6 us
MUL_MAT f32 m=64 n=1024 k=64: 16 x 8.992 us = 143.88 us (925.557 GFLOPS/s)
MUL_MAT f32 m=64 n=4096 k=64: 16 x 13.465 us = 215.44 us (2472.51 GFLOPS/s)
MUL_MAT q4_0_rocmfp4_fast m=10752 n=128 k=2048: 58 x 424.397 us = 24615.1 us (13279.4 GFLOPS/s)
MUL_MAT q4_0_rocmfp4_fast m=2048 n=128 k=10752: 29 x 570.198 us = 16535.8 us (9885.82 GFLOPS/s)
MUL_MAT q4_0_rocmfp4_fast m=2048 n=128 k=2048: 16 x 101.147 us = 1618.36 us (10613 GFLOPS/s)
MUL_MAT q4_0_rocmfp4_fast m=2048 n=32 k=2048 batch=4: 22 x 146.361 us = 3219.96 us (7334.42 GFLOPS/s)
MUL_MAT q4_0_rocmfp4_fast m=512 n=128 k=2048: 16 x 43.487 us = 695.8 us (6171.2 GFLOPS/s)
MUL_MAT q4_0_rocmfp4_fast m=6144 n=32 k=2048 batch=4: 22 x 359.061 us = 7899.36 us (8969.04 GFLOPS/s)
RMS_NORM_MUL RMS_NORM(2048,128,1,1): 59 x 10.376 us = 612.24 us
RMS_NORM_MUL_ROPE RMS_NORM(64,32,128,1): 8 x 103.24 us = 825.92 us
RMS_NORM_MUL_ROPE RMS_NORM(64,8,128,1): 8 x 31.13 us = 249.04 us
SET_ROWS: 16 x 2.66 us = 42.56 us
SSM_CONV: 22 x 9.654 us = 212.4 us
Total time: 61862.6 us.
----------------
Vulkan Timings:
ADD: 58 x 7.774 us = 450.92 us
CONCAT: 22 x 21.365 us = 470.04 us
CPY: 22 x 3.796 us = 83.52 us
FLASH_ATTN_EXT dst(64,32,32,4),  q(64,32,32,4),  k(64,1280,8,4),  v(64,1280,8,4),  m(1280,32,1,4): 8 x 296.905 us = 2375.24 us (4520.56 GFLOPS/s)
GET_ROWS: 22 x 2.778 us = 61.12 us
GLU: 29 x 38.513 us = 1116.88 us
MUL: 44 x 9.521 us = 418.96 us
MUL_MAT f32 m=64 n=1024 k=64: 16 x 8.94 us = 143.04 us (930.992 GFLOPS/s)
MUL_MAT f32 m=64 n=4096 k=64: 16 x 13.46 us = 215.36 us (2473.42 GFLOPS/s)
MUL_MAT q4_0_rocmfp4_fast m=10752 n=128 k=2048: 58 x 424.755 us = 24635.8 us (13268.3 GFLOPS/s)
MUL_MAT q4_0_rocmfp4_fast m=2048 n=128 k=10752: 29 x 572.881 us = 16613.6 us (9839.53 GFLOPS/s)
MUL_MAT q4_0_rocmfp4_fast m=2048 n=128 k=2048: 16 x 98.715 us = 1579.44 us (10874.5 GFLOPS/s)
MUL_MAT q4_0_rocmfp4_fast m=2048 n=32 k=2048 batch=4: 22 x 142.925 us = 3144.36 us (7510.77 GFLOPS/s)
MUL_MAT q4_0_rocmfp4_fast m=512 n=128 k=2048: 16 x 44.68 us = 714.88 us (6006.49 GFLOPS/s)
MUL_MAT q4_0_rocmfp4_fast m=6144 n=32 k=2048 batch=4: 22 x 355.592 us = 7823.04 us (9056.54 GFLOPS/s)
RMS_NORM_MUL RMS_NORM(2048,128,1,1): 59 x 10.393 us = 613.2 us
RMS_NORM_MUL_ROPE RMS_NORM(64,32,128,1): 8 x 104.105 us = 832.84 us
RMS_NORM_MUL_ROPE RMS_NORM(64,8,128,1): 8 x 31.1 us = 248.8 us
SET_ROWS: 16 x 2.962 us = 47.4 us
SSM_CONV: 22 x 9.649 us = 212.28 us
Total time: 61800.7 us.
----------------
Vulkan Timings:
ADD: 58 x 7.6 us = 440.8 us
CONCAT: 22 x 22.189 us = 488.16 us
CPY: 22 x 3.816 us = 83.96 us
FLASH_ATTN_EXT dst(64,32,32,4),  q(64,32,32,4),  k(64,1280,8,4),  v(64,1280,8,4),  m(1280,32,1,4): 8 x 306.465 us = 2451.72 us (4379.55 GFLOPS/s)
GET_ROWS: 22 x 3.347 us = 73.64 us
GLU: 29 x 39.682 us = 1150.8 us
MUL: 44 x 10.018 us = 440.8 us
MUL_MAT f32 m=64 n=1024 k=64: 16 x 8.957 us = 143.32 us (929.174 GFLOPS/s)
MUL_MAT f32 m=64 n=4096 k=64: 16 x 13.422 us = 214.76 us (2480.33 GFLOPS/s)
MUL_MAT q4_0_rocmfp4_fast m=10752 n=128 k=2048: 58 x 424.237 us = 24605.8 us (13284.5 GFLOPS/s)
MUL_MAT q4_0_rocmfp4_fast m=2048 n=128 k=10752: 29 x 570.684 us = 16549.8 us (9877.41 GFLOPS/s)
MUL_MAT q4_0_rocmfp4_fast m=2048 n=128 k=2048: 16 x 96.84 us = 1549.44 us (11085.1 GFLOPS/s)
MUL_MAT q4_0_rocmfp4_fast m=2048 n=32 k=2048 batch=4: 22 x 143.045 us = 3147 us (7504.47 GFLOPS/s)
MUL_MAT q4_0_rocmfp4_fast m=512 n=128 k=2048: 16 x 45.65 us = 730.4 us (5878.86 GFLOPS/s)
MUL_MAT q4_0_rocmfp4_fast m=6144 n=32 k=2048 batch=4: 22 x 353.678 us = 7780.92 us (9105.56 GFLOPS/s)
RMS_NORM_MUL RMS_NORM(2048,128,1,1): 59 x 10.404 us = 613.84 us
RMS_NORM_MUL_ROPE RMS_NORM(64,32,128,1): 8 x 102.205 us = 817.64 us
RMS_NORM_MUL_ROPE RMS_NORM(64,8,128,1): 8 x 33.275 us = 266.2 us
SET_ROWS: 16 x 3.057 us = 48.92 us
SSM_CONV: 22 x 9.62 us = 211.64 us
Total time: 61809.6 us.
----------------
Vulkan Timings:
ADD: 58 x 6.68 us = 387.48 us
CONCAT: 22 x 22.17 us = 487.76 us
CPY: 22 x 3.81 us = 83.84 us
FLASH_ATTN_EXT dst(64,32,32,4),  q(64,32,32,4),  k(64,1280,8,4),  v(64,1280,8,4),  m(1280,32,1,4): 8 x 311.515 us = 2492.12 us (4308.55 GFLOPS/s)
GET_ROWS: 22 x 2.78 us = 61.16 us
GLU: 29 x 39.944 us = 1158.4 us
MUL: 44 x 10.204 us = 449 us
MUL_MAT f32 m=64 n=1024 k=64: 16 x 8.885 us = 142.16 us (936.755 GFLOPS/s)
MUL_MAT f32 m=64 n=4096 k=64: 16 x 13.527 us = 216.44 us (2461.08 GFLOPS/s)
MUL_MAT q4_0_rocmfp4_fast m=10752 n=128 k=2048: 58 x 423.649 us = 24571.7 us (13302.9 GFLOPS/s)
MUL_MAT q4_0_rocmfp4_fast m=2048 n=128 k=10752: 29 x 572.58 us = 16604.8 us (9844.7 GFLOPS/s)
MUL_MAT q4_0_rocmfp4_fast m=2048 n=128 k=2048: 16 x 104.177 us = 1666.84 us (10304.3 GFLOPS/s)
MUL_MAT q4_0_rocmfp4_fast m=2048 n=32 k=2048 batch=4: 22 x 146.35 us = 3219.72 us (7334.97 GFLOPS/s)
MUL_MAT q4_0_rocmfp4_fast m=512 n=128 k=2048: 16 x 43.142 us = 690.28 us (6220.55 GFLOPS/s)
MUL_MAT q4_0_rocmfp4_fast m=6144 n=32 k=2048 batch=4: 22 x 356.123 us = 7834.72 us (9043.04 GFLOPS/s)
RMS_NORM_MUL RMS_NORM(2048,128,1,1): 59 x 10.387 us = 612.84 us
RMS_NORM_MUL_ROPE RMS_NORM(64,32,128,1): 8 x 104.075 us = 832.6 us
RMS_NORM_MUL_ROPE RMS_NORM(64,8,128,1): 8 x 31.17 us = 249.36 us
SET_ROWS: 16 x 3.235 us = 51.76 us
SSM_CONV: 22 x 9.632 us = 211.92 us
Total time: 62024.9 us.
----------------
Vulkan Timings:
ADD: 58 x 7.68 us = 445.44 us
CONCAT: 22 x 22.258 us = 489.68 us
CPY: 22 x 3.794 us = 83.48 us
FLASH_ATTN_EXT dst(64,32,32,4),  q(64,32,32,4),  k(64,1536,8,4),  v(64,1536,8,4),  m(1536,32,1,4): 8 x 323.35 us = 2586.8 us (4981.02 GFLOPS/s)
GET_ROWS: 22 x 2.812 us = 61.88 us
GLU: 29 x 39.117 us = 1134.4 us
MUL: 44 x 9.854 us = 433.6 us
MUL_MAT f32 m=64 n=1024 k=64: 16 x 9.02 us = 144.32 us (922.735 GFLOPS/s)
MUL_MAT f32 m=64 n=4096 k=64: 16 x 13.565 us = 217.04 us (2454.28 GFLOPS/s)
MUL_MAT q4_0_rocmfp4_fast m=10752 n=128 k=2048: 58 x 426.918 us = 24761.3 us (13201 GFLOPS/s)
MUL_MAT q4_0_rocmfp4_fast m=2048 n=128 k=10752: 29 x 575.518 us = 16690 us (9794.44 GFLOPS/s)
MUL_MAT q4_0_rocmfp4_fast m=2048 n=128 k=2048: 16 x 99.835 us = 1597.36 us (10752.5 GFLOPS/s)
MUL_MAT q4_0_rocmfp4_fast m=2048 n=32 k=2048 batch=4: 22 x 149.607 us = 3291.36 us (7175.32 GFLOPS/s)
MUL_MAT q4_0_rocmfp4_fast m=512 n=128 k=2048: 16 x 45.01 us = 720.16 us (5962.45 GFLOPS/s)
MUL_MAT q4_0_rocmfp4_fast m=6144 n=32 k=2048 batch=4: 22 x 354.38 us = 7796.36 us (9087.53 GFLOPS/s)
RMS_NORM_MUL RMS_NORM(2048,128,1,1): 59 x 10.398 us = 613.52 us
RMS_NORM_MUL_ROPE RMS_NORM(64,32,128,1): 8 x 101.71 us = 813.68 us
RMS_NORM_MUL_ROPE RMS_NORM(64,8,128,1): 8 x 31.505 us = 252.04 us
SET_ROWS: 16 x 3.145 us = 50.32 us
SSM_CONV: 22 x 9.689 us = 213.16 us
Total time: 62395.9 us.
----------------
Vulkan Timings:
ADD: 58 x 8.095 us = 469.52 us
CONCAT: 22 x 23.776 us = 523.08 us
CPY: 22 x 3.78 us = 83.16 us
FLASH_ATTN_EXT dst(64,32,32,4),  q(64,32,32,4),  k(64,1536,8,4),  v(64,1536,8,4),  m(1536,32,1,4): 8 x 328.98 us = 2631.84 us (4895.78 GFLOPS/s)
GET_ROWS: 22 x 2.794 us = 61.48 us
GLU: 29 x 40.809 us = 1183.48 us
MUL: 44 x 10.214 us = 449.44 us
MUL_MAT f32 m=64 n=1024 k=64: 16 x 17.978 us = 287.65 us (462.956 GFLOPS/s)
MUL_MAT f32 m=64 n=4096 k=64: 16 x 13.465 us = 215.44 us (2472.51 GFLOPS/s)
MUL_MAT q4_0_rocmfp4_fast m=10752 n=128 k=2048: 58 x 423.188 us = 24544.9 us (13317.4 GFLOPS/s)
MUL_MAT q4_0_rocmfp4_fast m=2048 n=128 k=10752: 29 x 573.078 us = 16619.3 us (9836.14 GFLOPS/s)
MUL_MAT q4_0_rocmfp4_fast m=2048 n=128 k=2048: 16 x 98.662 us = 1578.6 us (10880.3 GFLOPS/s)
MUL_MAT q4_0_rocmfp4_fast m=2048 n=32 k=2048 batch=4: 22 x 140.469 us = 3090.32 us (7642.11 GFLOPS/s)
MUL_MAT q4_0_rocmfp4_fast m=512 n=128 k=2048: 16 x 42.462 us = 679.4 us (6320.16 GFLOPS/s)
MUL_MAT q4_0_rocmfp4_fast m=6144 n=32 k=2048 batch=4: 22 x 357.514 us = 7865.32 us (9007.85 GFLOPS/s)
RMS_NORM_MUL RMS_NORM(2048,128,1,1): 59 x 10.42 us = 614.8 us
RMS_NORM_MUL_ROPE RMS_NORM(64,32,128,1): 8 x 106.205 us = 849.64 us
RMS_NORM_MUL_ROPE RMS_NORM(64,8,128,1): 8 x 34.91 us = 279.28 us
SET_ROWS: 16 x 3.11 us = 49.76 us
SSM_CONV: 22 x 9.694 us = 213.28 us
Total time: 62289.7 us.
----------------
Vulkan Timings:
ADD: 58 x 7.797 us = 452.24 us
CONCAT: 22 x 21.41 us = 471.04 us
CPY: 22 x 3.787 us = 83.32 us
FLASH_ATTN_EXT dst(64,32,32,4),  q(64,32,32,4),  k(64,1536,8,4),  v(64,1536,8,4),  m(1536,32,1,4): 8 x 333.95 us = 2671.6 us (4822.92 GFLOPS/s)
GET_ROWS: 22 x 2.812 us = 61.88 us
GLU: 29 x 39.66 us = 1150.16 us
MUL: 44 x 10.607 us = 466.72 us
MUL_MAT f32 m=64 n=1024 k=64: 16 x 8.967 us = 143.48 us (928.137 GFLOPS/s)
MUL_MAT f32 m=64 n=4096 k=64: 16 x 13.807 us = 220.92 us (2411.17 GFLOPS/s)
MUL_MAT q4_0_rocmfp4_fast m=10752 n=128 k=2048: 58 x 422.501 us = 24505.1 us (13339.1 GFLOPS/s)
MUL_MAT q4_0_rocmfp4_fast m=2048 n=128 k=10752: 29 x 573.084 us = 16619.4 us (9836.05 GFLOPS/s)
MUL_MAT q4_0_rocmfp4_fast m=2048 n=128 k=2048: 16 x 104.23 us = 1667.68 us (10299.1 GFLOPS/s)
MUL_MAT q4_0_rocmfp4_fast m=2048 n=32 k=2048 batch=4: 22 x 142.407 us = 3132.96 us (7538.1 GFLOPS/s)
MUL_MAT q4_0_rocmfp4_fast m=512 n=128 k=2048: 16 x 42.687 us = 683 us (6286.85 GFLOPS/s)
MUL_MAT q4_0_rocmfp4_fast m=6144 n=32 k=2048 batch=4: 22 x 352.583 us = 7756.84 us (9133.83 GFLOPS/s)
RMS_NORM_MUL RMS_NORM(2048,128,1,1): 59 x 10.362 us = 611.4 us
RMS_NORM_MUL_ROPE RMS_NORM(64,32,128,1): 8 x 102.165 us = 817.32 us
RMS_NORM_MUL_ROPE RMS_NORM(64,8,128,1): 8 x 29.3 us = 234.4 us
SET_ROWS: 16 x 3.152 us = 50.44 us
SSM_CONV: 22 x 9.654 us = 212.4 us
Total time: 62012.3 us.
----------------
Vulkan Timings:
ADD: 58 x 7.715 us = 447.52 us
CONCAT: 22 x 21.44 us = 471.68 us
CPY: 22 x 4.234 us = 93.16 us
FLASH_ATTN_EXT dst(64,32,32,4),  q(64,32,32,4),  k(64,1536,8,4),  v(64,1536,8,4),  m(1536,32,1,4): 8 x 343.995 us = 2751.96 us (4682.08 GFLOPS/s)
GET_ROWS: 22 x 2.796 us = 61.52 us
GLU: 29 x 39.175 us = 1136.08 us
MUL: 44 x 10.401 us = 457.68 us
MUL_MAT f32 m=64 n=1024 k=64: 16 x 8.905 us = 142.48 us (934.652 GFLOPS/s)
MUL_MAT f32 m=64 n=4096 k=64: 16 x 13.717 us = 219.48 us (2426.99 GFLOPS/s)
MUL_MAT q4_0_rocmfp4_fast m=10752 n=128 k=2048: 58 x 422.505 us = 24505.3 us (13338.9 GFLOPS/s)
MUL_MAT q4_0_rocmfp4_fast m=2048 n=128 k=10752: 29 x 570.379 us = 16541 us (9882.69 GFLOPS/s)
MUL_MAT q4_0_rocmfp4_fast m=2048 n=128 k=2048: 16 x 99.432 us = 1590.92 us (10796.1 GFLOPS/s)
MUL_MAT q4_0_rocmfp4_fast m=2048 n=32 k=2048 batch=4: 22 x 145.056 us = 3191.24 us (7400.43 GFLOPS/s)
MUL_MAT q4_0_rocmfp4_fast m=512 n=128 k=2048: 16 x 41.92 us = 670.72 us (6401.95 GFLOPS/s)
MUL_MAT q4_0_rocmfp4_fast m=6144 n=32 k=2048 batch=4: 22 x 353.069 us = 7767.52 us (9121.27 GFLOPS/s)
RMS_NORM_MUL RMS_NORM(2048,128,1,1): 59 x 10.422 us = 614.92 us
RMS_NORM_MUL_ROPE RMS_NORM(64,32,128,1): 8 x 100.37 us = 802.96 us
RMS_NORM_MUL_ROPE RMS_NORM(64,8,128,1): 8 x 29.255 us = 234.04 us
SET_ROWS: 16 x 2.992 us = 47.88 us
SSM_CONV: 22 x 10.281 us = 226.2 us
Total time: 61974.3 us.
----------------
Vulkan Timings:
ADD: 58 x 7.821 us = 453.64 us
CONCAT: 22 x 21.409 us = 471 us
CPY: 22 x 3.772 us = 83 us
FLASH_ATTN_EXT dst(64,32,32,4),  q(64,32,32,4),  k(64,1536,8,4),  v(64,1536,8,4),  m(1536,32,1,4): 8 x 345.08 us = 2760.64 us (4667.36 GFLOPS/s)
GET_ROWS: 22 x 2.756 us = 60.64 us
GLU: 29 x 39.146 us = 1135.24 us
MUL: 44 x 10.381 us = 456.8 us
MUL_MAT f32 m=64 n=1024 k=64: 16 x 9.045 us = 144.72 us (920.185 GFLOPS/s)
MUL_MAT f32 m=64 n=4096 k=64: 16 x 13.492 us = 215.88 us (2467.47 GFLOPS/s)
MUL_MAT q4_0_rocmfp4_fast m=10752 n=128 k=2048: 58 x 421.851 us = 24467.4 us (13359.6 GFLOPS/s)
MUL_MAT q4_0_rocmfp4_fast m=2048 n=128 k=10752: 29 x 570.209 us = 16536.1 us (9885.63 GFLOPS/s)
MUL_MAT q4_0_rocmfp4_fast m=2048 n=128 k=2048: 16 x 96.045 us = 1536.72 us (11176.8 GFLOPS/s)
MUL_MAT q4_0_rocmfp4_fast m=2048 n=32 k=2048 batch=4: 22 x 141.307 us = 3108.76 us (7596.78 GFLOPS/s)
MUL_MAT q4_0_rocmfp4_fast m=512 n=128 k=2048: 16 x 44.135 us = 706.16 us (6080.66 GFLOPS/s)
MUL_MAT q4_0_rocmfp4_fast m=6144 n=32 k=2048 batch=4: 22 x 351.4 us = 7730.8 us (9164.6 GFLOPS/s)
RMS_NORM_MUL RMS_NORM(2048,128,1,1): 59 x 10.33 us = 609.48 us
RMS_NORM_MUL_ROPE RMS_NORM(64,32,128,1): 8 x 102.375 us = 819 us
RMS_NORM_MUL_ROPE RMS_NORM(64,8,128,1): 8 x 32.845 us = 262.76 us
SET_ROWS: 16 x 3.1 us = 49.6 us
SSM_CONV: 22 x 9.67 us = 212.76 us
Total time: 61821 us.
----------------
Vulkan Timings:
ADD: 58 x 8.029 us = 465.72 us
CONCAT: 22 x 21.392 us = 470.64 us
CPY: 22 x 3.78 us = 83.16 us
FLASH_ATTN_EXT dst(64,32,32,4),  q(64,32,32,4),  k(64,1536,8,4),  v(64,1536,8,4),  m(1536,32,1,4): 8 x 358.22 us = 2865.76 us (4496.16 GFLOPS/s)
GET_ROWS: 22 x 2.789 us = 61.36 us
GLU: 29 x 38.977 us = 1130.36 us
MUL: 44 x 10.055 us = 442.44 us
MUL_MAT f32 m=64 n=1024 k=64: 16 x 8.897 us = 142.36 us (935.439 GFLOPS/s)
MUL_MAT f32 m=64 n=4096 k=64: 16 x 13.795 us = 220.72 us (2413.36 GFLOPS/s)
MUL_MAT q4_0_rocmfp4_fast m=10752 n=128 k=2048: 58 x 422.842 us = 24524.8 us (13328.3 GFLOPS/s)
MUL_MAT q4_0_rocmfp4_fast m=2048 n=128 k=10752: 29 x 569.682 us = 16520.8 us (9894.77 GFLOPS/s)
MUL_MAT q4_0_rocmfp4_fast m=2048 n=128 k=2048: 16 x 97.097 us = 1553.56 us (11055.7 GFLOPS/s)
MUL_MAT q4_0_rocmfp4_fast m=2048 n=32 k=2048 batch=4: 22 x 144.945 us = 3188.8 us (7406.09 GFLOPS/s)
MUL_MAT q4_0_rocmfp4_fast m=512 n=128 k=2048: 16 x 44.97 us = 719.52 us (5967.75 GFLOPS/s)
MUL_MAT q4_0_rocmfp4_fast m=6144 n=32 k=2048 batch=4: 22 x 350.78 us = 7717.16 us (9180.79 GFLOPS/s)
RMS_NORM_MUL RMS_NORM(2048,128,1,1): 59 x 10.376 us = 612.2 us
RMS_NORM_MUL_ROPE RMS_NORM(64,32,128,1): 8 x 105.26 us = 842.08 us
RMS_NORM_MUL_ROPE RMS_NORM(64,8,128,1): 8 x 29.32 us = 234.56 us
SET_ROWS: 16 x 2.67 us = 42.72 us
SSM_CONV: 22 x 9.661 us = 212.56 us
Total time: 62051.3 us.
----------------
Vulkan Timings:
ADD: 58 x 8.396 us = 487 us
CONCAT: 22 x 23.794 us = 523.48 us
CPY: 22 x 3.807 us = 83.76 us
FLASH_ATTN_EXT dst(64,32,32,4),  q(64,32,32,4),  k(64,1536,8,4),  v(64,1536,8,4),  m(1536,32,1,4): 8 x 371.755 us = 2974.04 us (4332.46 GFLOPS/s)
GET_ROWS: 22 x 2.821 us = 62.08 us
GLU: 29 x 40.558 us = 1176.2 us
MUL: 44 x 9.43 us = 414.92 us
MUL_MAT f32 m=64 n=1024 k=64: 16 x 8.885 us = 142.16 us (936.755 GFLOPS/s)
MUL_MAT f32 m=64 n=4096 k=64: 16 x 13.452 us = 215.24 us (2474.8 GFLOPS/s)
MUL_MAT q4_0_rocmfp4_fast m=10752 n=128 k=2048: 58 x 422.351 us = 24496.4 us (13343.8 GFLOPS/s)
MUL_MAT q4_0_rocmfp4_fast m=2048 n=128 k=10752: 29 x 570.286 us = 16538.3 us (9884.29 GFLOPS/s)
MUL_MAT q4_0_rocmfp4_fast m=2048 n=128 k=2048: 16 x 96.177 us = 1538.84 us (11161.4 GFLOPS/s)
MUL_MAT q4_0_rocmfp4_fast m=2048 n=32 k=2048 batch=4: 22 x 140.347 us = 3087.64 us (7648.74 GFLOPS/s)
MUL_MAT q4_0_rocmfp4_fast m=512 n=128 k=2048: 16 x 45.29 us = 724.64 us (5925.59 GFLOPS/s)
MUL_MAT q4_0_rocmfp4_fast m=6144 n=32 k=2048 batch=4: 22 x 353.678 us = 7780.92 us (9105.56 GFLOPS/s)
RMS_NORM_MUL RMS_NORM(2048,128,1,1): 59 x 10.345 us = 610.4 us
RMS_NORM_MUL_ROPE RMS_NORM(64,32,128,1): 8 x 101.765 us = 814.12 us
RMS_NORM_MUL_ROPE RMS_NORM(64,8,128,1): 8 x 29.37 us = 234.96 us
SET_ROWS: 16 x 3.17 us = 50.72 us
SSM_CONV: 22 x 9.643 us = 212.16 us
Total time: 62168 us.
----------------
Vulkan Timings:
ADD: 58 x 7.315 us = 424.32 us
CONCAT: 22 x 22.956 us = 505.04 us
CPY: 22 x 3.787 us = 83.32 us
FLASH_ATTN_EXT dst(64,32,32,4),  q(64,32,32,4),  k(64,1536,8,4),  v(64,1536,8,4),  m(1536,32,1,4): 8 x 369.42 us = 2955.36 us (4359.84 GFLOPS/s)
GET_ROWS: 22 x 2.82 us = 62.04 us
GLU: 29 x 39.44 us = 1143.76 us
MUL: 44 x 10.409 us = 458 us
MUL_MAT f32 m=64 n=1024 k=64: 16 x 8.907 us = 142.52 us (934.389 GFLOPS/s)
MUL_MAT f32 m=64 n=4096 k=64: 16 x 13.452 us = 215.24 us (2474.8 GFLOPS/s)
MUL_MAT q4_0_rocmfp4_fast m=10752 n=128 k=2048: 58 x 422.853 us = 24525.5 us (13328 GFLOPS/s)
MUL_MAT q4_0_rocmfp4_fast m=2048 n=128 k=10752: 29 x 574.02 us = 16646.6 us (9820 GFLOPS/s)
MUL_MAT q4_0_rocmfp4_fast m=2048 n=128 k=2048: 16 x 103.152 us = 1650.44 us (10406.7 GFLOPS/s)
MUL_MAT q4_0_rocmfp4_fast m=2048 n=32 k=2048 batch=4: 22 x 140.781 us = 3097.2 us (7625.13 GFLOPS/s)
MUL_MAT q4_0_rocmfp4_fast m=512 n=128 k=2048: 16 x 43.127 us = 690.04 us (6222.71 GFLOPS/s)
MUL_MAT q4_0_rocmfp4_fast m=6144 n=32 k=2048 batch=4: 22 x 355.68 us = 7824.96 us (9054.32 GFLOPS/s)
RMS_NORM_MUL RMS_NORM(2048,128,1,1): 59 x 10.484 us = 618.56 us
RMS_NORM_MUL_ROPE RMS_NORM(64,32,128,1): 8 x 103.075 us = 824.6 us
RMS_NORM_MUL_ROPE RMS_NORM(64,8,128,1): 8 x 33.015 us = 264.12 us
SET_ROWS: 16 x 3.137 us = 50.2 us
SSM_CONV: 22 x 9.665 us = 212.64 us
Total time: 62394.4 us.
----------------
Vulkan Timings:
ADD: 58 x 8.646 us = 501.48 us
CONCAT: 22 x 23.829 us = 524.24 us
CPY: 22 x 3.8 us = 83.6 us
FLASH_ATTN_EXT dst(64,32,32,4),  q(64,32,32,4),  k(64,1792,8,4),  v(64,1792,8,4),  m(1792,32,1,4): 8 x 375.595 us = 3004.76 us (5002.86 GFLOPS/s)
GET_ROWS: 22 x 2.827 us = 62.2 us
GLU: 29 x 38.453 us = 1115.16 us
MUL: 44 x 9.944 us = 437.56 us
MUL_MAT f32 m=64 n=1024 k=64: 16 x 8.942 us = 143.08 us (930.732 GFLOPS/s)
MUL_MAT f32 m=64 n=4096 k=64: 16 x 13.447 us = 215.16 us (2475.72 GFLOPS/s)
MUL_MAT q4_0_rocmfp4_fast m=10752 n=128 k=2048: 58 x 424.217 us = 24604.6 us (13285.1 GFLOPS/s)
MUL_MAT q4_0_rocmfp4_fast m=2048 n=128 k=10752: 29 x 572.044 us = 16589.3 us (9853.93 GFLOPS/s)
MUL_MAT q4_0_rocmfp4_fast m=2048 n=128 k=2048: 16 x 96.475 us = 1543.6 us (11127 GFLOPS/s)
MUL_MAT q4_0_rocmfp4_fast m=2048 n=32 k=2048 batch=4: 22 x 143.225 us = 3150.96 us (7495.03 GFLOPS/s)
MUL_MAT q4_0_rocmfp4_fast m=512 n=128 k=2048: 16 x 45.46 us = 727.36 us (5903.43 GFLOPS/s)
MUL_MAT q4_0_rocmfp4_fast m=6144 n=32 k=2048 batch=4: 22 x 351.34 us = 7729.48 us (9166.16 GFLOPS/s)
RMS_NORM_MUL RMS_NORM(2048,128,1,1): 59 x 10.521 us = 620.76 us
RMS_NORM_MUL_ROPE RMS_NORM(64,32,128,1): 8 x 100.45 us = 803.6 us
RMS_NORM_MUL_ROPE RMS_NORM(64,8,128,1): 8 x 29.33 us = 234.64 us
SET_ROWS: 16 x 3.402 us = 54.44 us
SSM_CONV: 22 x 9.634 us = 211.96 us
Total time: 62358 us.
----------------
Vulkan Timings:
ADD: 58 x 7.986 us = 463.2 us
CONCAT: 22 x 21.43 us = 471.48 us
CPY: 22 x 3.752 us = 82.56 us
FLASH_ATTN_EXT dst(64,32,32,4),  q(64,32,32,4),  k(64,1792,8,4),  v(64,1792,8,4),  m(1792,32,1,4): 8 x 382.795 us = 3062.36 us (4908.76 GFLOPS/s)
GET_ROWS: 22 x 2.834 us = 62.36 us
GLU: 29 x 38.702 us = 1122.36 us
MUL: 44 x 10.611 us = 466.92 us
MUL_MAT f32 m=64 n=1024 k=64: 16 x 9.155 us = 146.48 us (909.129 GFLOPS/s)
MUL_MAT f32 m=64 n=4096 k=64: 16 x 13.415 us = 214.64 us (2481.72 GFLOPS/s)
MUL_MAT q4_0_rocmfp4_fast m=10752 n=128 k=2048: 58 x 421.646 us = 24455.5 us (13366.1 GFLOPS/s)
MUL_MAT q4_0_rocmfp4_fast m=2048 n=128 k=10752: 29 x 577.453 us = 16746.2 us (9761.62 GFLOPS/s)
MUL_MAT q4_0_rocmfp4_fast m=2048 n=128 k=2048: 16 x 102.375 us = 1638 us (10485.8 GFLOPS/s)
MUL_MAT q4_0_rocmfp4_fast m=2048 n=32 k=2048 batch=4: 22 x 141.072 us = 3103.6 us (7609.41 GFLOPS/s)
MUL_MAT q4_0_rocmfp4_fast m=512 n=128 k=2048: 16 x 44.667 us = 714.68 us (6008.17 GFLOPS/s)
MUL_MAT q4_0_rocmfp4_fast m=6144 n=32 k=2048 batch=4: 22 x 347.172 us = 7637.8 us (9276.19 GFLOPS/s)
RMS_NORM_MUL RMS_NORM(2048,128,1,1): 59 x 10.362 us = 611.36 us
RMS_NORM_MUL_ROPE RMS_NORM(64,32,128,1): 8 x 100.625 us = 805 us
RMS_NORM_MUL_ROPE RMS_NORM(64,8,128,1): 8 x 29.08 us = 232.64 us
SET_ROWS: 16 x 3.182 us = 50.92 us
SSM_CONV: 22 x 9.663 us = 212.6 us
Total time: 62300.6 us.
----------------
Vulkan Timings:
ADD: 58 x 7.937 us = 460.36 us
CONCAT: 22 x 23.39 us = 514.6 us
CPY: 22 x 3.812 us = 83.88 us
FLASH_ATTN_EXT dst(64,32,32,4),  q(64,32,32,4),  k(64,1792,8,4),  v(64,1792,8,4),  m(1792,32,1,4): 8 x 391.7 us = 3133.6 us (4797.16 GFLOPS/s)
GET_ROWS: 22 x 2.814 us = 61.92 us
GLU: 29 x 41.318 us = 1198.24 us
MUL: 44 x 8.85 us = 389.44 us
MUL_MAT f32 m=64 n=1024 k=64: 16 x 8.96 us = 143.36 us (928.914 GFLOPS/s)
MUL_MAT f32 m=64 n=4096 k=64: 16 x 13.39 us = 214.24 us (2486.35 GFLOPS/s)
MUL_MAT q4_0_rocmfp4_fast m=10752 n=128 k=2048: 58 x 423.282 us = 24550.4 us (13314.4 GFLOPS/s)
MUL_MAT q4_0_rocmfp4_fast m=2048 n=128 k=10752: 29 x 570.384 us = 16541.2 us (9882.6 GFLOPS/s)
MUL_MAT q4_0_rocmfp4_fast m=2048 n=128 k=2048: 16 x 99.612 us = 1593.8 us (10776.6 GFLOPS/s)
MUL_MAT q4_0_rocmfp4_fast m=2048 n=32 k=2048 batch=4: 22 x 140.896 us = 3099.72 us (7618.93 GFLOPS/s)
MUL_MAT q4_0_rocmfp4_fast m=512 n=128 k=2048: 16 x 45.697 us = 731.16 us (5872.75 GFLOPS/s)
MUL_MAT q4_0_rocmfp4_fast m=6144 n=32 k=2048 batch=4: 22 x 358.412 us = 7885.08 us (8985.28 GFLOPS/s)
RMS_NORM_MUL RMS_NORM(2048,128,1,1): 59 x 10.391 us = 613.12 us
RMS_NORM_MUL_ROPE RMS_NORM(64,32,128,1): 8 x 105.145 us = 841.16 us
RMS_NORM_MUL_ROPE RMS_NORM(64,8,128,1): 8 x 31.19 us = 249.52 us
SET_ROWS: 16 x 3.155 us = 50.48 us
SSM_CONV: 22 x 9.65 us = 212.32 us
Total time: 62567.6 us.
----------------
Vulkan Timings:
ADD: 58 x 8.328 us = 483.04 us
CONCAT: 22 x 22.292 us = 490.44 us
CPY: 22 x 3.769 us = 82.92 us
FLASH_ATTN_EXT dst(64,32,32,4),  q(64,32,32,4),  k(64,1792,8,4),  v(64,1792,8,4),  m(1792,32,1,4): 8 x 401.8 us = 3214.4 us (4676.58 GFLOPS/s)
GET_ROWS: 22 x 2.803 us = 61.68 us
GLU: 29 x 38.736 us = 1123.36 us
MUL: 44 x 10.43 us = 458.96 us
MUL_MAT f32 m=64 n=1024 k=64: 16 x 8.912 us = 142.6 us (933.865 GFLOPS/s)
MUL_MAT f32 m=64 n=4096 k=64: 16 x 13.482 us = 215.72 us (2469.3 GFLOPS/s)
MUL_MAT q4_0_rocmfp4_fast m=10752 n=128 k=2048: 58 x 423.312 us = 24552.1 us (13313.5 GFLOPS/s)
MUL_MAT q4_0_rocmfp4_fast m=2048 n=128 k=10752: 29 x 571.66 us = 16578.2 us (9860.54 GFLOPS/s)
MUL_MAT q4_0_rocmfp4_fast m=2048 n=128 k=2048: 16 x 103.637 us = 1658.2 us (10358 GFLOPS/s)
MUL_MAT q4_0_rocmfp4_fast m=2048 n=32 k=2048 batch=4: 22 x 140.92 us = 3100.24 us (7617.65 GFLOPS/s)
MUL_MAT q4_0_rocmfp4_fast m=512 n=128 k=2048: 16 x 39.662 us = 634.6 us (6766.34 GFLOPS/s)
MUL_MAT q4_0_rocmfp4_fast m=6144 n=32 k=2048 batch=4: 22 x 353.503 us = 7777.08 us (9110.06 GFLOPS/s)
RMS_NORM_MUL RMS_NORM(2048,128,1,1): 59 x 10.429 us = 615.32 us
RMS_NORM_MUL_ROPE RMS_NORM(64,32,128,1): 8 x 100.445 us = 803.56 us
RMS_NORM_MUL_ROPE RMS_NORM(64,8,128,1): 8 x 27.56 us = 220.48 us
SET_ROWS: 16 x 2.74 us = 43.84 us
SSM_CONV: 22 x 9.674 us = 212.84 us
Total time: 62469.6 us.
0.13.295.011 I slot print_timing: id  0 | task 5 | prompt processing, n_tokens =   1536, progress = 0.19, t =   3.13 s / 491.29 tokens per second
0.13.295.046 I slot print_timing: id  1 | task 4 | prompt processing, n_tokens =   1536, progress = 0.19, t =   3.13 s / 491.29 tokens per second
0.13.295.068 I slot print_timing: id  2 | task 3 | prompt processing, n_tokens =   1536, progress = 0.19, t =   3.13 s / 491.30 tokens per second
0.13.295.088 I slot print_timing: id  3 | task 1 | prompt processing, n_tokens =   1664, progress = 0.20, t =   3.20 s / 519.57 tokens per second
----------------
Vulkan Timings:
ADD: 58 x 7.267 us = 421.52 us
CONCAT: 22 x 22.23 us = 489.08 us
CPY: 22 x 3.801 us = 83.64 us
FLASH_ATTN_EXT dst(64,32,32,4),  q(64,32,32,4),  k(64,1792,8,4),  v(64,1792,8,4),  m(1792,32,1,4): 8 x 405.64 us = 3245.12 us (4632.3 GFLOPS/s)
GET_ROWS: 22 x 2.769 us = 60.92 us
GLU: 29 x 39.486 us = 1145.12 us
MUL: 44 x 10.42 us = 458.48 us
MUL_MAT f32 m=64 n=1024 k=64: 16 x 8.945 us = 143.12 us (930.472 GFLOPS/s)
MUL_MAT f32 m=64 n=4096 k=64: 16 x 13.477 us = 215.64 us (2470.21 GFLOPS/s)
MUL_MAT q4_0_rocmfp4_fast m=10752 n=128 k=2048: 58 x 421.58 us = 24451.7 us (13368.2 GFLOPS/s)
MUL_MAT q4_0_rocmfp4_fast m=2048 n=128 k=10752: 29 x 571.995 us = 16587.9 us (9854.76 GFLOPS/s)
MUL_MAT q4_0_rocmfp4_fast m=2048 n=128 k=2048: 16 x 103.637 us = 1658.2 us (10358 GFLOPS/s)
MUL_MAT q4_0_rocmfp4_fast m=2048 n=32 k=2048 batch=4: 22 x 144.736 us = 3184.2 us (7416.79 GFLOPS/s)
MUL_MAT q4_0_rocmfp4_fast m=512 n=128 k=2048: 16 x 42.037 us = 672.6 us (6384.06 GFLOPS/s)
MUL_MAT q4_0_rocmfp4_fast m=6144 n=32 k=2048 batch=4: 22 x 352.585 us = 7756.88 us (9133.78 GFLOPS/s)
RMS_NORM_MUL RMS_NORM(2048,128,1,1): 59 x 10.675 us = 629.84 us
RMS_NORM_MUL_ROPE RMS_NORM(64,32,128,1): 8 x 102.31 us = 818.48 us
RMS_NORM_MUL_ROPE RMS_NORM(64,8,128,1): 8 x 28.155 us = 225.24 us
SET_ROWS: 16 x 2.787 us = 44.6 us
SSM_CONV: 22 x 9.67 us = 212.76 us
Total time: 62505 us.
----------------
Vulkan Timings:
ADD: 58 x 8.044 us = 466.56 us
CONCAT: 22 x 21.449 us = 471.88 us
CPY: 22 x 3.827 us = 84.2 us
FLASH_ATTN_EXT dst(64,32,32,4),  q(64,32,32,4),  k(64,1792,8,4),  v(64,1792,8,4),  m(1792,32,1,4): 8 x 414.475 us = 3315.8 us (4533.56 GFLOPS/s)
GET_ROWS: 22 x 2.792 us = 61.44 us
GLU: 29 x 38.504 us = 1116.64 us
MUL: 44 x 10.229 us = 450.08 us
MUL_MAT f32 m=64 n=1024 k=64: 16 x 8.922 us = 142.76 us (932.818 GFLOPS/s)
MUL_MAT f32 m=64 n=4096 k=64: 16 x 13.532 us = 216.52 us (2460.17 GFLOPS/s)
MUL_MAT q4_0_rocmfp4_fast m=10752 n=128 k=2048: 58 x 424.653 us = 24629.9 us (13271.4 GFLOPS/s)
MUL_MAT q4_0_rocmfp4_fast m=2048 n=128 k=10752: 29 x 571.304 us = 16567.8 us (9866.68 GFLOPS/s)
MUL_MAT q4_0_rocmfp4_fast m=2048 n=128 k=2048: 16 x 100.625 us = 1610 us (10668.1 GFLOPS/s)
MUL_MAT q4_0_rocmfp4_fast m=2048 n=32 k=2048 batch=4: 22 x 141.03 us = 3102.68 us (7611.66 GFLOPS/s)
MUL_MAT q4_0_rocmfp4_fast m=512 n=128 k=2048: 16 x 43.475 us = 695.6 us (6172.97 GFLOPS/s)
MUL_MAT q4_0_rocmfp4_fast m=6144 n=32 k=2048 batch=4: 22 x 354.601 us = 7801.24 us (9081.85 GFLOPS/s)
RMS_NORM_MUL RMS_NORM(2048,128,1,1): 59 x 10.372 us = 612 us
RMS_NORM_MUL_ROPE RMS_NORM(64,32,128,1): 8 x 105.74 us = 845.92 us
RMS_NORM_MUL_ROPE RMS_NORM(64,8,128,1): 8 x 31.2 us = 249.6 us
SET_ROWS: 16 x 3.105 us = 49.68 us
SSM_CONV: 22 x 9.716 us = 213.76 us
Total time: 62704.1 us.
----------------
Vulkan Timings:
ADD: 58 x 7.691 us = 446.08 us
CONCAT: 22 x 21.392 us = 470.64 us
CPY: 22 x 3.792 us = 83.44 us
FLASH_ATTN_EXT dst(64,32,32,4),  q(64,32,32,4),  k(64,1792,8,4),  v(64,1792,8,4),  m(1792,32,1,4): 8 x 426.14 us = 3409.12 us (4409.46 GFLOPS/s)
GET_ROWS: 22 x 2.86 us = 62.92 us
GLU: 29 x 39.197 us = 1136.72 us
MUL: 44 x 10.429 us = 458.88 us
MUL_MAT f32 m=64 n=1024 k=64: 16 x 8.862 us = 141.8 us (939.134 GFLOPS/s)
MUL_MAT f32 m=64 n=4096 k=64: 16 x 13.512 us = 216.2 us (2463.81 GFLOPS/s)
MUL_MAT q4_0_rocmfp4_fast m=10752 n=128 k=2048: 58 x 422.227 us = 24489.2 us (13347.7 GFLOPS/s)
MUL_MAT q4_0_rocmfp4_fast m=2048 n=128 k=10752: 29 x 575.979 us = 16703.4 us (9786.61 GFLOPS/s)
MUL_MAT q4_0_rocmfp4_fast m=2048 n=128 k=2048: 16 x 104.535 us = 1672.56 us (10269.1 GFLOPS/s)
MUL_MAT q4_0_rocmfp4_fast m=2048 n=32 k=2048 batch=4: 22 x 139.176 us = 3061.88 us (7713.09 GFLOPS/s)
MUL_MAT q4_0_rocmfp4_fast m=512 n=128 k=2048: 16 x 41.432 us = 662.92 us (6477.28 GFLOPS/s)
MUL_MAT q4_0_rocmfp4_fast m=6144 n=32 k=2048 batch=4: 22 x 352.047 us = 7745.04 us (9147.75 GFLOPS/s)
RMS_NORM_MUL RMS_NORM(2048,128,1,1): 59 x 10.383 us = 612.64 us
RMS_NORM_MUL_ROPE RMS_NORM(64,32,128,1): 8 x 105.65 us = 845.2 us
RMS_NORM_MUL_ROPE RMS_NORM(64,8,128,1): 8 x 32 us = 256 us
SET_ROWS: 16 x 3.352 us = 53.64 us
SSM_CONV: 22 x 9.729 us = 214.04 us
Total time: 62742.3 us.
----------------
Vulkan Timings:
ADD: 58 x 7.925 us = 459.68 us
CONCAT: 22 x 23.752 us = 522.56 us
CPY: 22 x 3.8 us = 83.6 us
FLASH_ATTN_EXT dst(64,32,32,4),  q(64,32,32,4),  k(64,1792,8,4),  v(64,1792,8,4),  m(1792,32,1,4): 8 x 425.06 us = 3400.48 us (4420.67 GFLOPS/s)
GET_ROWS: 22 x 2.767 us = 60.88 us
GLU: 29 x 38.124 us = 1105.6 us
MUL: 44 x 9.417 us = 414.36 us
MUL_MAT f32 m=64 n=1024 k=64: 16 x 8.912 us = 142.6 us (933.865 GFLOPS/s)
MUL_MAT f32 m=64 n=4096 k=64: 16 x 13.472 us = 215.56 us (2471.13 GFLOPS/s)
MUL_MAT q4_0_rocmfp4_fast m=10752 n=128 k=2048: 58 x 423.846 us = 24583.1 us (13296.7 GFLOPS/s)
MUL_MAT q4_0_rocmfp4_fast m=2048 n=128 k=10752: 29 x 571.812 us = 16582.6 us (9857.92 GFLOPS/s)
MUL_MAT q4_0_rocmfp4_fast m=2048 n=128 k=2048: 16 x 104.85 us = 1677.6 us (10238.2 GFLOPS/s)
MUL_MAT q4_0_rocmfp4_fast m=2048 n=32 k=2048 batch=4: 22 x 143.681 us = 3161 us (7471.23 GFLOPS/s)
MUL_MAT q4_0_rocmfp4_fast m=512 n=128 k=2048: 16 x 41.667 us = 666.68 us (6440.75 GFLOPS/s)
MUL_MAT q4_0_rocmfp4_fast m=6144 n=32 k=2048 batch=4: 22 x 353.352 us = 7773.76 us (9113.95 GFLOPS/s)
RMS_NORM_MUL RMS_NORM(2048,128,1,1): 59 x 10.36 us = 611.28 us
RMS_NORM_MUL_ROPE RMS_NORM(64,32,128,1): 8 x 105.975 us = 847.8 us
RMS_NORM_MUL_ROPE RMS_NORM(64,8,128,1): 8 x 30.23 us = 241.84 us
SET_ROWS: 16 x 2.957 us = 47.32 us
SSM_CONV: 22 x 9.683 us = 213.04 us
Total time: 62811.3 us.
0.13.559.574 I slot print_timing: id  0 | task 5 | prompt processing, n_tokens =   1664, progress = 0.20, t =   3.39 s / 490.70 tokens per second
0.13.559.606 I slot print_timing: id  1 | task 4 | prompt processing, n_tokens =   1664, progress = 0.20, t =   3.39 s / 490.71 tokens per second
0.13.559.628 I slot print_timing: id  2 | task 3 | prompt processing, n_tokens =   1664, progress = 0.20, t =   3.39 s / 490.71 tokens per second
0.13.559.649 I slot print_timing: id  3 | task 1 | prompt processing, n_tokens =   1792, progress = 0.22, t =   3.47 s / 516.85 tokens per second
----------------
Vulkan Timings:
ADD: 58 x 7.82 us = 453.6 us
CONCAT: 22 x 23.41 us = 515.04 us
CPY: 22 x 3.829 us = 84.24 us
FLASH_ATTN_EXT dst(64,32,32,4),  q(64,32,32,4),  k(64,2048,8,4),  v(64,2048,8,4),  m(2048,32,1,4): 8 x 440.36 us = 3522.88 us (4876.65 GFLOPS/s)
GET_ROWS: 22 x 2.81 us = 61.84 us
GLU: 29 x 39.748 us = 1152.72 us
MUL: 44 x 9.2 us = 404.8 us
MUL_MAT f32 m=64 n=1024 k=64: 16 x 8.902 us = 142.44 us (934.914 GFLOPS/s)
MUL_MAT f32 m=64 n=4096 k=64: 16 x 13.52 us = 216.32 us (2462.45 GFLOPS/s)
MUL_MAT q4_0_rocmfp4_fast m=10752 n=128 k=2048: 58 x 423.393 us = 24556.8 us (13310.9 GFLOPS/s)
MUL_MAT q4_0_rocmfp4_fast m=2048 n=128 k=10752: 29 x 571.606 us = 16576.6 us (9861.47 GFLOPS/s)
MUL_MAT q4_0_rocmfp4_fast m=2048 n=128 k=2048: 16 x 102.945 us = 1647.12 us (10427.7 GFLOPS/s)
MUL_MAT q4_0_rocmfp4_fast m=2048 n=32 k=2048 batch=4: 22 x 140.363 us = 3088 us (7647.85 GFLOPS/s)
MUL_MAT q4_0_rocmfp4_fast m=512 n=128 k=2048: 16 x 41.457 us = 663.32 us (6473.37 GFLOPS/s)
MUL_MAT q4_0_rocmfp4_fast m=6144 n=32 k=2048 batch=4: 22 x 356.247 us = 7837.44 us (9039.9 GFLOPS/s)
RMS_NORM_MUL RMS_NORM(2048,128,1,1): 59 x 10.363 us = 611.44 us
RMS_NORM_MUL_ROPE RMS_NORM(64,32,128,1): 8 x 104.24 us = 833.92 us
RMS_NORM_MUL_ROPE RMS_NORM(64,8,128,1): 8 x 30.55 us = 244.4 us
SET_ROWS: 16 x 3.155 us = 50.48 us
SSM_CONV: 22 x 9.718 us = 213.8 us
Total time: 62877.2 us.
----------------
Vulkan Timings:
ADD: 58 x 7.554 us = 438.16 us
CONCAT: 22 x 22.66 us = 498.52 us
CPY: 22 x 3.805 us = 83.72 us
FLASH_ATTN_EXT dst(64,32,32,4),  q(64,32,32,4),  k(64,2048,8,4),  v(64,2048,8,4),  m(2048,32,1,4): 8 x 443.765 us = 3550.12 us (4839.24 GFLOPS/s)
GET_ROWS: 22 x 2.798 us = 61.56 us
GLU: 29 x 39.998 us = 1159.96 us
MUL: 44 x 10.309 us = 453.6 us
MUL_MAT f32 m=64 n=1024 k=64: 16 x 8.925 us = 142.8 us (932.557 GFLOPS/s)
MUL_MAT f32 m=64 n=4096 k=64: 16 x 13.425 us = 214.8 us (2479.87 GFLOPS/s)
MUL_MAT q4_0_rocmfp4_fast m=10752 n=128 k=2048: 58 x 422.886 us = 24527.4 us (13326.9 GFLOPS/s)
MUL_MAT q4_0_rocmfp4_fast m=2048 n=128 k=10752: 29 x 570.805 us = 16553.4 us (9875.31 GFLOPS/s)
MUL_MAT q4_0_rocmfp4_fast m=2048 n=128 k=2048: 16 x 105.275 us = 1684.4 us (10196.9 GFLOPS/s)
MUL_MAT q4_0_rocmfp4_fast m=2048 n=32 k=2048 batch=4: 22 x 142.098 us = 3126.16 us (7554.49 GFLOPS/s)
MUL_MAT q4_0_rocmfp4_fast m=512 n=128 k=2048: 16 x 41.415 us = 662.64 us (6480.02 GFLOPS/s)
MUL_MAT q4_0_rocmfp4_fast m=6144 n=32 k=2048 batch=4: 22 x 357.376 us = 7862.28 us (9011.34 GFLOPS/s)
RMS_NORM_MUL RMS_NORM(2048,128,1,1): 59 x 10.38 us = 612.44 us
RMS_NORM_MUL_ROPE RMS_NORM(64,32,128,1): 8 x 102.56 us = 820.48 us
RMS_NORM_MUL_ROPE RMS_NORM(64,8,128,1): 8 x 31.115 us = 248.92 us
SET_ROWS: 16 x 3.167 us = 50.68 us
SSM_CONV: 22 x 9.72 us = 213.84 us
Total time: 62965.9 us.
----------------
Vulkan Timings:
ADD: 58 x 7.621 us = 442.04 us
CONCAT: 22 x 24.116 us = 530.56 us
CPY: 22 x 3.818 us = 84 us
FLASH_ATTN_EXT dst(64,32,32,4),  q(64,32,32,4),  k(64,2048,8,4),  v(64,2048,8,4),  m(2048,32,1,4): 8 x 457.73 us = 3661.84 us (4691.59 GFLOPS/s)
GET_ROWS: 22 x 2.812 us = 61.88 us
GLU: 29 x 39.132 us = 1134.84 us
MUL: 44 x 9.493 us = 417.72 us
MUL_MAT f32 m=64 n=1024 k=64: 16 x 8.87 us = 141.92 us (938.34 GFLOPS/s)
MUL_MAT f32 m=64 n=4096 k=64: 16 x 13.465 us = 215.44 us (2472.51 GFLOPS/s)
MUL_MAT q4_0_rocmfp4_fast m=10752 n=128 k=2048: 58 x 421.698 us = 24458.5 us (13364.4 GFLOPS/s)
MUL_MAT q4_0_rocmfp4_fast m=2048 n=128 k=10752: 29 x 574.328 us = 16655.5 us (9814.74 GFLOPS/s)
MUL_MAT q4_0_rocmfp4_fast m=2048 n=128 k=2048: 16 x 100.595 us = 1609.52 us (10671.3 GFLOPS/s)
MUL_MAT q4_0_rocmfp4_fast m=2048 n=32 k=2048 batch=4: 22 x 145.17 us = 3193.76 us (7394.59 GFLOPS/s)
MUL_MAT q4_0_rocmfp4_fast m=512 n=128 k=2048: 16 x 45.082 us = 721.32 us (5952.86 GFLOPS/s)
MUL_MAT q4_0_rocmfp4_fast m=6144 n=32 k=2048 batch=4: 22 x 355.265 us = 7815.84 us (9064.88 GFLOPS/s)
RMS_NORM_MUL RMS_NORM(2048,128,1,1): 59 x 10.408 us = 614.08 us
RMS_NORM_MUL_ROPE RMS_NORM(64,32,128,1): 8 x 104.935 us = 839.48 us
RMS_NORM_MUL_ROPE RMS_NORM(64,8,128,1): 8 x 29.775 us = 238.2 us
SET_ROWS: 16 x 2.807 us = 44.92 us
SSM_CONV: 22 x 9.692 us = 213.24 us
Total time: 63094.6 us.
----------------
Vulkan Timings:
ADD: 58 x 7.856 us = 455.68 us
CONCAT: 22 x 22.21 us = 488.64 us
CPY: 22 x 3.79 us = 83.4 us
FLASH_ATTN_EXT dst(64,32,32,4),  q(64,32,32,4),  k(64,2048,8,4),  v(64,2048,8,4),  m(2048,32,1,4): 8 x 456.995 us = 3655.96 us (4699.14 GFLOPS/s)
GET_ROWS: 22 x 2.816 us = 61.96 us
GLU: 29 x 38.761 us = 1124.08 us
MUL: 44 x 10.409 us = 458 us
MUL_MAT f32 m=64 n=1024 k=64: 16 x 8.89 us = 142.24 us (936.229 GFLOPS/s)
MUL_MAT f32 m=64 n=4096 k=64: 16 x 13.445 us = 215.12 us (2476.18 GFLOPS/s)
MUL_MAT q4_0_rocmfp4_fast m=10752 n=128 k=2048: 58 x 424.017 us = 24593 us (13291.3 GFLOPS/s)
MUL_MAT q4_0_rocmfp4_fast m=2048 n=128 k=10752: 29 x 572.542 us = 16603.7 us (9845.36 GFLOPS/s)
MUL_MAT q4_0_rocmfp4_fast m=2048 n=128 k=2048: 16 x 99.445 us = 1591.12 us (10794.7 GFLOPS/s)
MUL_MAT q4_0_rocmfp4_fast m=2048 n=32 k=2048 batch=4: 22 x 142.001 us = 3124.04 us (7559.62 GFLOPS/s)
MUL_MAT q4_0_rocmfp4_fast m=512 n=128 k=2048: 16 x 42.812 us = 685 us (6268.49 GFLOPS/s)
MUL_MAT q4_0_rocmfp4_fast m=6144 n=32 k=2048 batch=4: 22 x 352.372 us = 7752.2 us (9139.3 GFLOPS/s)
RMS_NORM_MUL RMS_NORM(2048,128,1,1): 59 x 10.37 us = 611.84 us
RMS_NORM_MUL_ROPE RMS_NORM(64,32,128,1): 8 x 100.31 us = 802.48 us
RMS_NORM_MUL_ROPE RMS_NORM(64,8,128,1): 8 x 29.415 us = 235.32 us
SET_ROWS: 16 x 3.075 us = 49.2 us
SSM_CONV: 22 x 9.645 us = 212.2 us
Total time: 62945.2 us.
0.13.828.172 I slot print_timing: id  0 | task 5 | prompt processing, n_tokens =   1792, progress = 0.22, t =   3.66 s / 489.66 tokens per second
0.13.828.223 I slot print_timing: id  1 | task 4 | prompt processing, n_tokens =   1792, progress = 0.22, t =   3.66 s / 489.67 tokens per second
0.13.828.281 I slot print_timing: id  2 | task 3 | prompt processing, n_tokens =   1792, progress = 0.22, t =   3.66 s / 489.67 tokens per second
0.13.828.310 I slot print_timing: id  3 | task 1 | prompt processing, n_tokens =   1920, progress = 0.23, t =   3.74 s / 513.95 tokens per second
----------------
Vulkan Timings:
ADD: 58 x 7.722 us = 447.88 us
CONCAT: 22 x 22.676 us = 498.88 us
CPY: 22 x 4.454 us = 98 us
FLASH_ATTN_EXT dst(64,32,32,4),  q(64,32,32,4),  k(64,2048,8,4),  v(64,2048,8,4),  m(2048,32,1,4): 8 x 463.61 us = 3708.88 us (4632.09 GFLOPS/s)
GET_ROWS: 22 x 2.787 us = 61.32 us
GLU: 29 x 38.583 us = 1118.92 us
MUL: 44 x 9.862 us = 433.96 us
MUL_MAT f32 m=64 n=1024 k=64: 16 x 8.982 us = 143.72 us (926.587 GFLOPS/s)
MUL_MAT f32 m=64 n=4096 k=64: 16 x 13.477 us = 215.64 us (2470.21 GFLOPS/s)
MUL_MAT q4_0_rocmfp4_fast m=10752 n=128 k=2048: 58 x 424.113 us = 24598.6 us (13288.3 GFLOPS/s)
MUL_MAT q4_0_rocmfp4_fast m=2048 n=128 k=10752: 29 x 572.251 us = 16595.3 us (9850.37 GFLOPS/s)
MUL_MAT q4_0_rocmfp4_fast m=2048 n=128 k=2048: 16 x 102.305 us = 1636.88 us (10492.9 GFLOPS/s)
MUL_MAT q4_0_rocmfp4_fast m=2048 n=32 k=2048 batch=4: 22 x 141.381 us = 3110.4 us (7592.77 GFLOPS/s)
MUL_MAT q4_0_rocmfp4_fast m=512 n=128 k=2048: 16 x 39.982 us = 639.72 us (6712.18 GFLOPS/s)
MUL_MAT q4_0_rocmfp4_fast m=6144 n=32 k=2048 batch=4: 22 x 357.516 us = 7865.36 us (9007.81 GFLOPS/s)
RMS_NORM_MUL RMS_NORM(2048,128,1,1): 59 x 10.317 us = 608.76 us
RMS_NORM_MUL_ROPE RMS_NORM(64,32,128,1): 8 x 103.975 us = 831.8 us
RMS_NORM_MUL_ROPE RMS_NORM(64,8,128,1): 8 x 29.3 us = 234.4 us
SET_ROWS: 16 x 2.672 us = 42.76 us
SSM_CONV: 22 x 9.725 us = 213.96 us
Total time: 63105.1 us.
----------------
Vulkan Timings:
ADD: 58 x 7.932 us = 460.08 us
CONCAT: 22 x 21.423 us = 471.32 us
CPY: 22 x 3.794 us = 83.48 us
FLASH_ATTN_EXT dst(64,32,32,4),  q(64,32,32,4),  k(64,2048,8,4),  v(64,2048,8,4),  m(2048,32,1,4): 8 x 469.675 us = 3757.4 us (4572.28 GFLOPS/s)
GET_ROWS: 22 x 2.805 us = 61.72 us
GLU: 29 x 38.957 us = 1129.76 us
MUL: 44 x 10.417 us = 458.36 us
MUL_MAT f32 m=64 n=1024 k=64: 16 x 8.975 us = 143.6 us (927.362 GFLOPS/s)
MUL_MAT f32 m=64 n=4096 k=64: 16 x 13.46 us = 215.36 us (2473.42 GFLOPS/s)
MUL_MAT q4_0_rocmfp4_fast m=10752 n=128 k=2048: 58 x 422.795 us = 24522.1 us (13329.8 GFLOPS/s)
MUL_MAT q4_0_rocmfp4_fast m=2048 n=128 k=10752: 29 x 574.993 us = 16674.8 us (9803.39 GFLOPS/s)
MUL_MAT q4_0_rocmfp4_fast m=2048 n=128 k=2048: 16 x 101.867 us = 1629.88 us (10538 GFLOPS/s)
MUL_MAT q4_0_rocmfp4_fast m=2048 n=32 k=2048 batch=4: 22 x 142.06 us = 3125.32 us (7556.52 GFLOPS/s)
MUL_MAT q4_0_rocmfp4_fast m=512 n=128 k=2048: 16 x 42.415 us = 678.64 us (6327.24 GFLOPS/s)
MUL_MAT q4_0_rocmfp4_fast m=6144 n=32 k=2048 batch=4: 22 x 357.672 us = 7868.8 us (9003.87 GFLOPS/s)
RMS_NORM_MUL RMS_NORM(2048,128,1,1): 59 x 10.332 us = 609.6 us
RMS_NORM_MUL_ROPE RMS_NORM(64,32,128,1): 8 x 103.215 us = 825.72 us
RMS_NORM_MUL_ROPE RMS_NORM(64,8,128,1): 8 x 31.285 us = 250.28 us
SET_ROWS: 16 x 3.112 us = 49.8 us
SSM_CONV: 22 x 9.698 us = 213.36 us
Total time: 63229.4 us.
----------------
Vulkan Timings:
ADD: 58 x 7.333 us = 425.32 us
CONCAT: 22 x 23.749 us = 522.48 us
CPY: 22 x 3.805 us = 83.72 us
FLASH_ATTN_EXT dst(64,32,32,4),  q(64,32,32,4),  k(64,2048,8,4),  v(64,2048,8,4),  m(2048,32,1,4): 8 x 481.95 us = 3855.6 us (4455.82 GFLOPS/s)
GET_ROWS: 22 x 2.823 us = 62.12 us
GLU: 29 x 38.833 us = 1126.16 us
MUL: 44 x 9.267 us = 407.76 us
MUL_MAT f32 m=64 n=1024 k=64: 16 x 8.91 us = 142.56 us (934.127 GFLOPS/s)
MUL_MAT f32 m=64 n=4096 k=64: 16 x 13.452 us = 215.24 us (2474.8 GFLOPS/s)
MUL_MAT q4_0_rocmfp4_fast m=10752 n=128 k=2048: 58 x 423.064 us = 24537.8 us (13321.3 GFLOPS/s)
MUL_MAT q4_0_rocmfp4_fast m=2048 n=128 k=10752: 29 x 571.074 us = 16561.2 us (9870.66 GFLOPS/s)
MUL_MAT q4_0_rocmfp4_fast m=2048 n=128 k=2048: 16 x 105.292 us = 1684.68 us (10195.2 GFLOPS/s)
MUL_MAT q4_0_rocmfp4_fast m=2048 n=32 k=2048 batch=4: 22 x 147.045 us = 3235 us (7300.33 GFLOPS/s)
MUL_MAT q4_0_rocmfp4_fast m=512 n=128 k=2048: 16 x 39.892 us = 638.28 us (6727.33 GFLOPS/s)
MUL_MAT q4_0_rocmfp4_fast m=6144 n=32 k=2048 batch=4: 22 x 362.485 us = 7974.68 us (8884.33 GFLOPS/s)
RMS_NORM_MUL RMS_NORM(2048,128,1,1): 59 x 10.373 us = 612.04 us
RMS_NORM_MUL_ROPE RMS_NORM(64,32,128,1): 8 x 104.105 us = 832.84 us
RMS_NORM_MUL_ROPE RMS_NORM(64,8,128,1): 8 x 31.33 us = 250.64 us
SET_ROWS: 16 x 2.95 us = 47.2 us
SSM_CONV: 22 x 9.663 us = 212.6 us
Total time: 63427.8 us.
----------------
Vulkan Timings:
ADD: 58 x 7.688 us = 445.92 us
CONCAT: 22 x 22.225 us = 488.96 us
CPY: 22 x 3.807 us = 83.76 us
FLASH_ATTN_EXT dst(64,32,32,4),  q(64,32,32,4),  k(64,2048,8,4),  v(64,2048,8,4),  m(2048,32,1,4): 8 x 483.315 us = 3866.52 us (4443.24 GFLOPS/s)
GET_ROWS: 22 x 2.78 us = 61.16 us
GLU: 29 x 38.87 us = 1127.24 us
MUL: 44 x 10.21 us = 449.28 us
MUL_MAT f32 m=64 n=1024 k=64: 16 x 8.922 us = 142.76 us (932.818 GFLOPS/s)
MUL_MAT f32 m=64 n=4096 k=64: 16 x 13.48 us = 215.68 us (2469.75 GFLOPS/s)
MUL_MAT q4_0_rocmfp4_fast m=10752 n=128 k=2048: 58 x 423.458 us = 24560.6 us (13308.9 GFLOPS/s)
MUL_MAT q4_0_rocmfp4_fast m=2048 n=128 k=10752: 29 x 570.057 us = 16531.7 us (9888.26 GFLOPS/s)
MUL_MAT q4_0_rocmfp4_fast m=2048 n=128 k=2048: 16 x 100.995 us = 1615.92 us (10629 GFLOPS/s)
MUL_MAT q4_0_rocmfp4_fast m=2048 n=32 k=2048 batch=4: 22 x 143.043 us = 3146.96 us (7504.56 GFLOPS/s)
MUL_MAT q4_0_rocmfp4_fast m=512 n=128 k=2048: 16 x 45.965 us = 735.44 us (5838.57 GFLOPS/s)
MUL_MAT q4_0_rocmfp4_fast m=6144 n=32 k=2048 batch=4: 22 x 360.252 us = 7925.56 us (8939.39 GFLOPS/s)
RMS_NORM_MUL RMS_NORM(2048,128,1,1): 59 x 10.486 us = 618.72 us
RMS_NORM_MUL_ROPE RMS_NORM(64,32,128,1): 8 x 105.815 us = 846.52 us
RMS_NORM_MUL_ROPE RMS_NORM(64,8,128,1): 8 x 29.51 us = 236.08 us
SET_ROWS: 16 x 3.07 us = 49.12 us
SSM_CONV: 22 x 9.641 us = 212.12 us
Total time: 63360 us.
0.14.095.445 I slot print_timing: id  0 | task 5 | prompt processing, n_tokens =   1920, progress = 0.23, t =   3.93 s / 488.93 tokens per second
0.14.095.478 I slot print_timing: id  1 | task 4 | prompt processing, n_tokens =   1920, progress = 0.23, t =   3.93 s / 488.94 tokens per second
0.14.095.499 I slot print_timing: id  2 | task 3 | prompt processing, n_tokens =   1920, progress = 0.23, t =   3.93 s / 488.94 tokens per second
0.14.095.520 I slot print_timing: id  3 | task 1 | prompt processing, n_tokens =   2048, progress = 0.25, t =   4.00 s / 511.61 tokens per second
----------------
Vulkan Timings:
ADD: 58 x 8.2 us = 475.64 us
CONCAT: 22 x 22.909 us = 504 us
CPY: 22 x 3.8 us = 83.6 us
FLASH_ATTN_EXT dst(64,32,32,4),  q(64,32,32,4),  k(64,2304,8,4),  v(64,2304,8,4),  m(2304,32,1,4): 8 x 490.995 us = 3927.96 us (4920.46 GFLOPS/s)
GET_ROWS: 22 x 2.8 us = 61.6 us
GLU: 29 x 38.932 us = 1129.04 us
MUL: 44 x 9.8 us = 431.24 us
MUL_MAT f32 m=64 n=1024 k=64: 16 x 8.857 us = 141.72 us (939.664 GFLOPS/s)
MUL_MAT f32 m=64 n=4096 k=64: 16 x 13.46 us = 215.36 us (2473.42 GFLOPS/s)
MUL_MAT q4_0_rocmfp4_fast m=10752 n=128 k=2048: 58 x 423.53 us = 24564.8 us (13306.6 GFLOPS/s)
MUL_MAT q4_0_rocmfp4_fast m=2048 n=128 k=10752: 29 x 573.071 us = 16619.1 us (9836.26 GFLOPS/s)
MUL_MAT q4_0_rocmfp4_fast m=2048 n=128 k=2048: 16 x 101.165 us = 1618.64 us (10611.2 GFLOPS/s)
MUL_MAT q4_0_rocmfp4_fast m=2048 n=32 k=2048 batch=4: 22 x 145.867 us = 3209.08 us (7359.29 GFLOPS/s)
MUL_MAT q4_0_rocmfp4_fast m=512 n=128 k=2048: 16 x 40.647 us = 650.36 us (6602.37 GFLOPS/s)
MUL_MAT q4_0_rocmfp4_fast m=6144 n=32 k=2048 batch=4: 22 x 353.963 us = 7787.2 us (9098.22 GFLOPS/s)
RMS_NORM_MUL RMS_NORM(2048,128,1,1): 59 x 10.347 us = 610.48 us
RMS_NORM_MUL_ROPE RMS_NORM(64,32,128,1): 8 x 102.2 us = 817.6 us
RMS_NORM_MUL_ROPE RMS_NORM(64,8,128,1): 8 x 29.325 us = 234.6 us
SET_ROWS: 16 x 3.22 us = 51.52 us
SSM_CONV: 22 x 9.641 us = 212.12 us
Total time: 63345.6 us.
----------------
Vulkan Timings:
ADD: 58 x 8.52 us = 494.2 us
CONCAT: 22 x 23.185 us = 510.08 us
CPY: 22 x 3.785 us = 83.28 us
FLASH_ATTN_EXT dst(64,32,32,4),  q(64,32,32,4),  k(64,2304,8,4),  v(64,2304,8,4),  m(2304,32,1,4): 8 x 495.955 us = 3967.64 us (4871.25 GFLOPS/s)
GET_ROWS: 22 x 2.78 us = 61.16 us
GLU: 29 x 42.506 us = 1232.68 us
MUL: 44 x 10.209 us = 449.2 us
MUL_MAT f32 m=64 n=1024 k=64: 16 x 8.905 us = 142.48 us (934.652 GFLOPS/s)
MUL_MAT f32 m=64 n=4096 k=64: 16 x 13.467 us = 215.48 us (2472.05 GFLOPS/s)
MUL_MAT q4_0_rocmfp4_fast m=10752 n=128 k=2048: 58 x 420.994 us = 24417.7 us (13386.8 GFLOPS/s)
MUL_MAT q4_0_rocmfp4_fast m=2048 n=128 k=10752: 29 x 571.195 us = 16564.7 us (9868.56 GFLOPS/s)
MUL_MAT q4_0_rocmfp4_fast m=2048 n=128 k=2048: 16 x 96.317 us = 1541.08 us (11145.2 GFLOPS/s)
MUL_MAT q4_0_rocmfp4_fast m=2048 n=32 k=2048 batch=4: 22 x 144.136 us = 3171 us (7447.67 GFLOPS/s)
MUL_MAT q4_0_rocmfp4_fast m=512 n=128 k=2048: 16 x 44.762 us = 716.2 us (5995.42 GFLOPS/s)
MUL_MAT q4_0_rocmfp4_fast m=6144 n=32 k=2048 batch=4: 22 x 349.801 us = 7695.64 us (9206.47 GFLOPS/s)
RMS_NORM_MUL RMS_NORM(2048,128,1,1): 59 x 10.394 us = 613.28 us
RMS_NORM_MUL_ROPE RMS_NORM(64,32,128,1): 8 x 105.48 us = 843.84 us
RMS_NORM_MUL_ROPE RMS_NORM(64,8,128,1): 8 x 29.385 us = 235.08 us
SET_ROWS: 16 x 3.192 us = 51.08 us
SSM_CONV: 22 x 9.663 us = 212.6 us
Total time: 63218.4 us.
----------------
Vulkan Timings:
ADD: 58 x 8.003 us = 464.2 us
CONCAT: 22 x 22.225 us = 488.96 us
CPY: 22 x 3.778 us = 83.12 us
FLASH_ATTN_EXT dst(64,32,32,4),  q(64,32,32,4),  k(64,2304,8,4),  v(64,2304,8,4),  m(2304,32,1,4): 8 x 505.75 us = 4046 us (4776.9 GFLOPS/s)
GET_ROWS: 22 x 2.783 us = 61.24 us
GLU: 29 x 39.415 us = 1143.04 us
MUL: 44 x 10.202 us = 448.92 us
MUL_MAT f32 m=64 n=1024 k=64: 16 x 8.912 us = 142.6 us (933.865 GFLOPS/s)
MUL_MAT f32 m=64 n=4096 k=64: 16 x 13.472 us = 215.56 us (2471.13 GFLOPS/s)
MUL_MAT q4_0_rocmfp4_fast m=10752 n=128 k=2048: 58 x 422.49 us = 24504.4 us (13339.4 GFLOPS/s)
MUL_MAT q4_0_rocmfp4_fast m=2048 n=128 k=10752: 29 x 574.424 us = 16658.3 us (9813.09 GFLOPS/s)
MUL_MAT q4_0_rocmfp4_fast m=2048 n=128 k=2048: 16 x 98.692 us = 1579.08 us (10877 GFLOPS/s)
MUL_MAT q4_0_rocmfp4_fast m=2048 n=32 k=2048 batch=4: 22 x 142.323 us = 3131.12 us (7542.53 GFLOPS/s)
MUL_MAT q4_0_rocmfp4_fast m=512 n=128 k=2048: 16 x 44.352 us = 709.64 us (6050.84 GFLOPS/s)
MUL_MAT q4_0_rocmfp4_fast m=6144 n=32 k=2048 batch=4: 22 x 349.732 us = 7694.12 us (9208.29 GFLOPS/s)
RMS_NORM_MUL RMS_NORM(2048,128,1,1): 59 x 10.383 us = 612.6 us
RMS_NORM_MUL_ROPE RMS_NORM(64,32,128,1): 8 x 103.98 us = 831.84 us
RMS_NORM_MUL_ROPE RMS_NORM(64,8,128,1): 8 x 31.54 us = 252.32 us
SET_ROWS: 16 x 2.717 us = 43.48 us
SSM_CONV: 22 x 9.661 us = 212.56 us
Total time: 63323.2 us.
----------------
Vulkan Timings:
ADD: 58 x 7.577 us = 439.52 us
CONCAT: 22 x 22.232 us = 489.12 us
CPY: 22 x 3.758 us = 82.68 us
FLASH_ATTN_EXT dst(64,32,32,4),  q(64,32,32,4),  k(64,2304,8,4),  v(64,2304,8,4),  m(2304,32,1,4): 8 x 514.545 us = 4116.36 us (4695.25 GFLOPS/s)
GET_ROWS: 22 x 2.73 us = 60.08 us
GLU: 29 x 39.708 us = 1151.56 us
MUL: 44 x 10.22 us = 449.68 us
MUL_MAT f32 m=64 n=1024 k=64: 16 x 8.917 us = 142.68 us (933.341 GFLOPS/s)
MUL_MAT f32 m=64 n=4096 k=64: 16 x 13.525 us = 216.4 us (2461.54 GFLOPS/s)
MUL_MAT q4_0_rocmfp4_fast m=10752 n=128 k=2048: 58 x 422.96 us = 24531.7 us (13324.6 GFLOPS/s)
MUL_MAT q4_0_rocmfp4_fast m=2048 n=128 k=10752: 29 x 572.732 us = 16609.2 us (9842.09 GFLOPS/s)
MUL_MAT q4_0_rocmfp4_fast m=2048 n=128 k=2048: 16 x 104.305 us = 1668.88 us (10291.7 GFLOPS/s)
MUL_MAT q4_0_rocmfp4_fast m=2048 n=32 k=2048 batch=4: 22 x 145.64 us = 3204.08 us (7370.78 GFLOPS/s)
MUL_MAT q4_0_rocmfp4_fast m=512 n=128 k=2048: 16 x 40.752 us = 652.04 us (6585.36 GFLOPS/s)
MUL_MAT q4_0_rocmfp4_fast m=6144 n=32 k=2048 batch=4: 22 x 351.269 us = 7727.92 us (9168.01 GFLOPS/s)
RMS_NORM_MUL RMS_NORM(2048,128,1,1): 59 x 10.378 us = 612.32 us
RMS_NORM_MUL_ROPE RMS_NORM(64,32,128,1): 8 x 107.5 us = 860 us
RMS_NORM_MUL_ROPE RMS_NORM(64,8,128,1): 8 x 31.17 us = 249.36 us
SET_ROWS: 16 x 3.045 us = 48.72 us
SSM_CONV: 22 x 9.68 us = 212.96 us
Total time: 63525.3 us.
0.14.364.739 I slot print_timing: id  0 | task 5 | prompt processing, n_tokens =   2048, progress = 0.25, t =   4.20 s / 488.06 tokens per second
0.14.364.771 I slot print_timing: id  1 | task 4 | prompt processing, n_tokens =   2048, progress = 0.25, t =   4.20 s / 488.06 tokens per second
0.14.364.794 I slot print_timing: id  2 | task 3 | prompt processing, n_tokens =   2048, progress = 0.25, t =   4.20 s / 488.07 tokens per second
0.14.364.816 I slot print_timing: id  3 | task 1 | prompt processing, n_tokens =   2176, progress = 0.27, t =   4.27 s / 509.32 tokens per second
----------------
Vulkan Timings:
ADD: 58 x 8.196 us = 475.4 us
CONCAT: 22 x 22.167 us = 487.68 us
CPY: 22 x 3.718 us = 81.8 us
FLASH_ATTN_EXT dst(64,32,32,4),  q(64,32,32,4),  k(64,2304,8,4),  v(64,2304,8,4),  m(2304,32,1,4): 8 x 519.755 us = 4158.04 us (4648.19 GFLOPS/s)
GET_ROWS: 22 x 2.8 us = 61.6 us
GLU: 29 x 38.91 us = 1128.4 us
MUL: 44 x 10.372 us = 456.4 us
MUL_MAT f32 m=64 n=1024 k=64: 16 x 8.915 us = 142.64 us (933.603 GFLOPS/s)
MUL_MAT f32 m=64 n=4096 k=64: 16 x 13.542 us = 216.68 us (2458.36 GFLOPS/s)
MUL_MAT q4_0_rocmfp4_fast m=10752 n=128 k=2048: 58 x 423.013 us = 24534.8 us (13322.9 GFLOPS/s)
MUL_MAT q4_0_rocmfp4_fast m=2048 n=128 k=10752: 29 x 573.656 us = 16636 us (9826.23 GFLOPS/s)
MUL_MAT q4_0_rocmfp4_fast m=2048 n=128 k=2048: 16 x 102.062 us = 1633 us (10517.9 GFLOPS/s)
MUL_MAT q4_0_rocmfp4_fast m=2048 n=32 k=2048 batch=4: 22 x 144.609 us = 3181.4 us (7423.32 GFLOPS/s)
MUL_MAT q4_0_rocmfp4_fast m=512 n=128 k=2048: 16 x 41.61 us = 665.76 us (6449.65 GFLOPS/s)
MUL_MAT q4_0_rocmfp4_fast m=6144 n=32 k=2048 batch=4: 22 x 349.783 us = 7695.24 us (9206.95 GFLOPS/s)
RMS_NORM_MUL RMS_NORM(2048,128,1,1): 59 x 10.393 us = 613.2 us
RMS_NORM_MUL_ROPE RMS_NORM(64,32,128,1): 8 x 104.115 us = 832.92 us
RMS_NORM_MUL_ROPE RMS_NORM(64,8,128,1): 8 x 29.31 us = 234.48 us
SET_ROWS: 16 x 2.78 us = 44.48 us
SSM_CONV: 22 x 10.012 us = 220.28 us
Total time: 63500.2 us.
----------------
Vulkan Timings:
ADD: 58 x 7.937 us = 460.36 us
CONCAT: 22 x 23.296 us = 512.52 us
CPY: 22 x 3.77 us = 82.96 us
FLASH_ATTN_EXT dst(64,32,32,4),  q(64,32,32,4),  k(64,2304,8,4),  v(64,2304,8,4),  m(2304,32,1,4): 8 x 525.51 us = 4204.08 us (4597.28 GFLOPS/s)
GET_ROWS: 22 x 2.81 us = 61.84 us
GLU: 29 x 39.697 us = 1151.24 us
MUL: 44 x 10.096 us = 444.24 us
MUL_MAT f32 m=64 n=1024 k=64: 16 x 8.947 us = 143.16 us (930.212 GFLOPS/s)
MUL_MAT f32 m=64 n=4096 k=64: 16 x 13.422 us = 214.76 us (2480.33 GFLOPS/s)
MUL_MAT q4_0_rocmfp4_fast m=10752 n=128 k=2048: 58 x 423.455 us = 24560.4 us (13309 GFLOPS/s)
MUL_MAT q4_0_rocmfp4_fast m=2048 n=128 k=10752: 29 x 573.39 us = 16628.3 us (9830.79 GFLOPS/s)
MUL_MAT q4_0_rocmfp4_fast m=2048 n=128 k=2048: 16 x 96.005 us = 1536.08 us (11181.5 GFLOPS/s)
MUL_MAT q4_0_rocmfp4_fast m=2048 n=32 k=2048 batch=4: 22 x 146.074 us = 3213.64 us (7348.85 GFLOPS/s)
MUL_MAT q4_0_rocmfp4_fast m=512 n=128 k=2048: 16 x 46.115 us = 737.84 us (5819.58 GFLOPS/s)
MUL_MAT q4_0_rocmfp4_fast m=6144 n=32 k=2048 batch=4: 22 x 354.71 us = 7803.64 us (9079.05 GFLOPS/s)
RMS_NORM_MUL RMS_NORM(2048,128,1,1): 59 x 10.353 us = 610.84 us
RMS_NORM_MUL_ROPE RMS_NORM(64,32,128,1): 8 x 103.415 us = 827.32 us
RMS_NORM_MUL_ROPE RMS_NORM(64,8,128,1): 8 x 31.085 us = 248.68 us
SET_ROWS: 16 x 3.255 us = 52.08 us
SSM_CONV: 22 x 9.64 us = 212.08 us
Total time: 63706.1 us.
----------------
Vulkan Timings:
ADD: 58 x 7.702 us = 446.76 us
CONCAT: 22 x 22.109 us = 486.4 us
CPY: 22 x 3.774 us = 83.04 us
FLASH_ATTN_EXT dst(64,32,32,4),  q(64,32,32,4),  k(64,2304,8,4),  v(64,2304,8,4),  m(2304,32,1,4): 8 x 536.835 us = 4294.68 us (4500.3 GFLOPS/s)
GET_ROWS: 22 x 2.83 us = 62.28 us
GLU: 29 x 38.848 us = 1126.6 us
MUL: 44 x 9.916 us = 436.32 us
MUL_MAT f32 m=64 n=1024 k=64: 16 x 8.915 us = 142.64 us (933.603 GFLOPS/s)
MUL_MAT f32 m=64 n=4096 k=64: 16 x 13.407 us = 214.52 us (2483.11 GFLOPS/s)
MUL_MAT q4_0_rocmfp4_fast m=10752 n=128 k=2048: 58 x 425.459 us = 24676.6 us (13246.3 GFLOPS/s)
MUL_MAT q4_0_rocmfp4_fast m=2048 n=128 k=10752: 29 x 569.732 us = 16522.2 us (9893.91 GFLOPS/s)
MUL_MAT q4_0_rocmfp4_fast m=2048 n=128 k=2048: 16 x 99.657 us = 1594.52 us (10771.7 GFLOPS/s)
MUL_MAT q4_0_rocmfp4_fast m=2048 n=32 k=2048 batch=4: 22 x 145.278 us = 3196.12 us (7389.13 GFLOPS/s)
MUL_MAT q4_0_rocmfp4_fast m=512 n=128 k=2048: 16 x 42.437 us = 679 us (6323.89 GFLOPS/s)
MUL_MAT q4_0_rocmfp4_fast m=6144 n=32 k=2048 batch=4: 22 x 357.101 us = 7856.24 us (9018.27 GFLOPS/s)
RMS_NORM_MUL RMS_NORM(2048,128,1,1): 59 x 10.364 us = 611.48 us
RMS_NORM_MUL_ROPE RMS_NORM(64,32,128,1): 8 x 102.155 us = 817.24 us
RMS_NORM_MUL_ROPE RMS_NORM(64,8,128,1): 8 x 29.335 us = 234.68 us
SET_ROWS: 16 x 2.91 us = 46.56 us
SSM_CONV: 22 x 9.64 us = 212.08 us
Total time: 63740 us.
----------------
Vulkan Timings:
ADD: 58 x 7.73 us = 448.36 us
CONCAT: 22 x 22.172 us = 487.8 us
CPY: 22 x 3.787 us = 83.32 us
FLASH_ATTN_EXT dst(64,32,32,4),  q(64,32,32,4),  k(64,2304,8,4),  v(64,2304,8,4),  m(2304,32,1,4): 8 x 540.88 us = 4327.04 us (4466.65 GFLOPS/s)
GET_ROWS: 22 x 2.832 us = 62.32 us
GLU: 29 x 39.633 us = 1149.36 us
MUL: 44 x 10.63 us = 467.72 us
MUL_MAT f32 m=64 n=1024 k=64: 16 x 8.872 us = 141.96 us (938.075 GFLOPS/s)
MUL_MAT f32 m=64 n=4096 k=64: 16 x 13.45 us = 215.2 us (2475.26 GFLOPS/s)
MUL_MAT q4_0_rocmfp4_fast m=10752 n=128 k=2048: 58 x 423.145 us = 24542.4 us (13318.7 GFLOPS/s)
MUL_MAT q4_0_rocmfp4_fast m=2048 n=128 k=10752: 29 x 573.295 us = 16625.6 us (9832.43 GFLOPS/s)
MUL_MAT q4_0_rocmfp4_fast m=2048 n=128 k=2048: 16 x 99.42 us = 1590.72 us (10797.4 GFLOPS/s)
MUL_MAT q4_0_rocmfp4_fast m=2048 n=32 k=2048 batch=4: 22 x 142.758 us = 3140.68 us (7519.57 GFLOPS/s)
MUL_MAT q4_0_rocmfp4_fast m=512 n=128 k=2048: 16 x 43.21 us = 691.36 us (6210.83 GFLOPS/s)
MUL_MAT q4_0_rocmfp4_fast m=6144 n=32 k=2048 batch=4: 22 x 352.729 us = 7760.04 us (9130.06 GFLOPS/s)
RMS_NORM_MUL RMS_NORM(2048,128,1,1): 59 x 10.399 us = 613.56 us
RMS_NORM_MUL_ROPE RMS_NORM(64,32,128,1): 8 x 102.13 us = 817.04 us
RMS_NORM_MUL_ROPE RMS_NORM(64,8,128,1): 8 x 29.36 us = 234.88 us
SET_ROWS: 16 x 3.2 us = 51.2 us
SSM_CONV: 22 x 9.718 us = 213.8 us
Total time: 63664.4 us.
0.14.632.689 I slot print_timing: id  0 | task 5 | prompt processing, n_tokens =   2176, progress = 0.27, t =   4.46 s / 487.44 tokens per second
0.14.632.720 I slot print_timing: id  1 | task 4 | prompt processing, n_tokens =   2176, progress = 0.27, t =   4.46 s / 487.44 tokens per second
0.14.632.740 I slot print_timing: id  2 | task 3 | prompt processing, n_tokens =   2176, progress = 0.27, t =   4.46 s / 487.44 tokens per second
0.14.632.771 I slot print_timing: id  3 | task 1 | prompt processing, n_tokens =   2304, progress = 0.28, t =   4.54 s / 507.46 tokens per second
----------------
Vulkan Timings:
ADD: 58 x 7.767 us = 450.52 us
CONCAT: 22 x 22.996 us = 505.92 us
CPY: 22 x 3.812 us = 83.88 us
FLASH_ATTN_EXT dst(64,32,32,4),  q(64,32,32,4),  k(64,2560,8,4),  v(64,2560,8,4),  m(2560,32,1,4): 8 x 559.58 us = 4476.64 us (4797.09 GFLOPS/s)
GET_ROWS: 22 x 2.8 us = 61.6 us
GLU: 29 x 41.148 us = 1193.32 us
MUL: 44 x 10.227 us = 450 us
MUL_MAT f32 m=64 n=1024 k=64: 16 x 9.062 us = 145 us (918.408 GFLOPS/s)
MUL_MAT f32 m=64 n=4096 k=64: 16 x 13.62 us = 217.92 us (2444.37 GFLOPS/s)
MUL_MAT q4_0_rocmfp4_fast m=10752 n=128 k=2048: 58 x 426.475 us = 24735.6 us (13214.8 GFLOPS/s)
MUL_MAT q4_0_rocmfp4_fast m=2048 n=128 k=10752: 29 x 574.568 us = 16662.5 us (9810.64 GFLOPS/s)
MUL_MAT q4_0_rocmfp4_fast m=2048 n=128 k=2048: 16 x 105.185 us = 1682.96 us (10205.6 GFLOPS/s)
MUL_MAT q4_0_rocmfp4_fast m=2048 n=32 k=2048 batch=4: 22 x 142.485 us = 3134.68 us (7533.96 GFLOPS/s)
MUL_MAT q4_0_rocmfp4_fast m=512 n=128 k=2048: 16 x 42.975 us = 687.6 us (6244.79 GFLOPS/s)
MUL_MAT q4_0_rocmfp4_fast m=6144 n=32 k=2048 batch=4: 22 x 357.041 us = 7854.92 us (9019.78 GFLOPS/s)
RMS_NORM_MUL RMS_NORM(2048,128,1,1): 59 x 10.422 us = 614.92 us
RMS_NORM_MUL_ROPE RMS_NORM(64,32,128,1): 8 x 105.29 us = 842.32 us
RMS_NORM_MUL_ROPE RMS_NORM(64,8,128,1): 8 x 27.97 us = 223.76 us
SET_ROWS: 16 x 3.105 us = 49.68 us
SSM_CONV: 22 x 9.69 us = 213.2 us
Total time: 64286.9 us.
----------------
Vulkan Timings:
ADD: 58 x 7.936 us = 460.32 us
CONCAT: 22 x 22.949 us = 504.88 us
CPY: 22 x 3.794 us = 83.48 us
FLASH_ATTN_EXT dst(64,32,32,4),  q(64,32,32,4),  k(64,2560,8,4),  v(64,2560,8,4),  m(2560,32,1,4): 8 x 559.135 us = 4473.08 us (4800.91 GFLOPS/s)
GET_ROWS: 22 x 2.781 us = 61.2 us
GLU: 29 x 38.562 us = 1118.32 us
MUL: 44 x 10.305 us = 453.44 us
MUL_MAT f32 m=64 n=1024 k=64: 16 x 8.915 us = 142.64 us (933.603 GFLOPS/s)
MUL_MAT f32 m=64 n=4096 k=64: 16 x 13.402 us = 214.44 us (2484.04 GFLOPS/s)
MUL_MAT q4_0_rocmfp4_fast m=10752 n=128 k=2048: 58 x 425.133 us = 24657.8 us (13256.5 GFLOPS/s)
MUL_MAT q4_0_rocmfp4_fast m=2048 n=128 k=10752: 29 x 571.857 us = 16583.9 us (9857.14 GFLOPS/s)
MUL_MAT q4_0_rocmfp4_fast m=2048 n=128 k=2048: 16 x 102.625 us = 1642 us (10460.2 GFLOPS/s)
MUL_MAT q4_0_rocmfp4_fast m=2048 n=32 k=2048 batch=4: 22 x 141.352 us = 3109.76 us (7594.33 GFLOPS/s)
MUL_MAT q4_0_rocmfp4_fast m=512 n=128 k=2048: 16 x 40.26 us = 644.16 us (6665.92 GFLOPS/s)
MUL_MAT q4_0_rocmfp4_fast m=6144 n=32 k=2048 batch=4: 22 x 351.165 us = 7725.64 us (9170.72 GFLOPS/s)
RMS_NORM_MUL RMS_NORM(2048,128,1,1): 59 x 10.312 us = 608.44 us
RMS_NORM_MUL_ROPE RMS_NORM(64,32,128,1): 8 x 102.14 us = 817.12 us
RMS_NORM_MUL_ROPE RMS_NORM(64,8,128,1): 8 x 29.325 us = 234.6 us
SET_ROWS: 16 x 2.995 us = 47.92 us
SSM_CONV: 22 x 9.852 us = 216.76 us
Total time: 63799.8 us.
----------------
Vulkan Timings:
ADD: 58 x 8.112 us = 470.52 us
CONCAT: 22 x 22.238 us = 489.24 us
CPY: 22 x 3.747 us = 82.44 us
FLASH_ATTN_EXT dst(64,32,32,4),  q(64,32,32,4),  k(64,2560,8,4),  v(64,2560,8,4),  m(2560,32,1,4): 8 x 564.2 us = 4513.6 us (4757.81 GFLOPS/s)
GET_ROWS: 22 x 2.778 us = 61.12 us
GLU: 29 x 39.419 us = 1143.16 us
MUL: 44 x 10.437 us = 459.24 us
MUL_MAT f32 m=64 n=1024 k=64: 16 x 8.932 us = 142.92 us (931.774 GFLOPS/s)
MUL_MAT f32 m=64 n=4096 k=64: 16 x 13.377 us = 214.04 us (2488.68 GFLOPS/s)
MUL_MAT q4_0_rocmfp4_fast m=10752 n=128 k=2048: 58 x 422.369 us = 24497.4 us (13343.2 GFLOPS/s)
MUL_MAT q4_0_rocmfp4_fast m=2048 n=128 k=10752: 29 x 570.427 us = 16542.4 us (9881.85 GFLOPS/s)
MUL_MAT q4_0_rocmfp4_fast m=2048 n=128 k=2048: 16 x 99.582 us = 1593.32 us (10779.8 GFLOPS/s)
MUL_MAT q4_0_rocmfp4_fast m=2048 n=32 k=2048 batch=4: 22 x 141.321 us = 3109.08 us (7595.99 GFLOPS/s)
MUL_MAT q4_0_rocmfp4_fast m=512 n=128 k=2048: 16 x 43.262 us = 692.2 us (6203.29 GFLOPS/s)
MUL_MAT q4_0_rocmfp4_fast m=6144 n=32 k=2048 batch=4: 22 x 359.07 us = 7899.56 us (8968.81 GFLOPS/s)
RMS_NORM_MUL RMS_NORM(2048,128,1,1): 59 x 10.315 us = 608.6 us
RMS_NORM_MUL_ROPE RMS_NORM(64,32,128,1): 8 x 102.255 us = 818.04 us
RMS_NORM_MUL_ROPE RMS_NORM(64,8,128,1): 8 x 27.575 us = 220.6 us
SET_ROWS: 16 x 3.097 us = 49.56 us
SSM_CONV: 22 x 9.687 us = 213.12 us
Total time: 63820.2 us.
----------------
Vulkan Timings:
ADD: 58 x 8.148 us = 472.6 us
CONCAT: 22 x 23.73 us = 522.08 us
CPY: 22 x 3.829 us = 84.24 us
FLASH_ATTN_EXT dst(64,32,32,4),  q(64,32,32,4),  k(64,2560,8,4),  v(64,2560,8,4),  m(2560,32,1,4): 8 x 579.91 us = 4639.28 us (4628.92 GFLOPS/s)
GET_ROWS: 22 x 2.783 us = 61.24 us
GLU: 29 x 40.146 us = 1164.24 us
MUL: 44 x 9.778 us = 430.24 us
MUL_MAT f32 m=64 n=1024 k=64: 16 x 8.942 us = 143.08 us (930.732 GFLOPS/s)
MUL_MAT f32 m=64 n=4096 k=64: 16 x 13.475 us = 215.6 us (2470.67 GFLOPS/s)
MUL_MAT q4_0_rocmfp4_fast m=10752 n=128 k=2048: 58 x 424.037 us = 24594.2 us (13290.7 GFLOPS/s)
MUL_MAT q4_0_rocmfp4_fast m=2048 n=128 k=10752: 29 x 573.408 us = 16628.8 us (9830.49 GFLOPS/s)
MUL_MAT q4_0_rocmfp4_fast m=2048 n=128 k=2048: 16 x 102.655 us = 1642.48 us (10457.2 GFLOPS/s)
MUL_MAT q4_0_rocmfp4_fast m=2048 n=32 k=2048 batch=4: 22 x 140.336 us = 3087.4 us (7649.33 GFLOPS/s)
MUL_MAT q4_0_rocmfp4_fast m=512 n=128 k=2048: 16 x 41.477 us = 663.64 us (6470.25 GFLOPS/s)
MUL_MAT q4_0_rocmfp4_fast m=6144 n=32 k=2048 batch=4: 22 x 352.863 us = 7763 us (9126.58 GFLOPS/s)
RMS_NORM_MUL RMS_NORM(2048,128,1,1): 59 x 10.376 us = 612.24 us
RMS_NORM_MUL_ROPE RMS_NORM(64,32,128,1): 8 x 104 us = 832 us
RMS_NORM_MUL_ROPE RMS_NORM(64,8,128,1): 8 x 31.135 us = 249.08 us
SET_ROWS: 16 x 2.647 us = 42.36 us
SSM_CONV: 22 x 9.665 us = 212.64 us
Total time: 64060.4 us.
0.14.905.053 I slot print_timing: id  0 | task 5 | prompt processing, n_tokens =   2304, progress = 0.28, t =   4.74 s / 486.43 tokens per second
0.14.905.095 I slot print_timing: id  1 | task 4 | prompt processing, n_tokens =   2304, progress = 0.28, t =   4.74 s / 486.44 tokens per second
0.14.905.124 I slot print_timing: id  2 | task 3 | prompt processing, n_tokens =   2304, progress = 0.28, t =   4.74 s / 486.44 tokens per second
0.14.905.155 I slot print_timing: id  3 | task 1 | prompt processing, n_tokens =   2432, progress = 0.30, t =   4.81 s / 505.33 tokens per second
----------------
Vulkan Timings:
ADD: 58 x 6.773 us = 392.84 us
CONCAT: 22 x 22.207 us = 488.56 us
CPY: 22 x 3.785 us = 83.28 us
FLASH_ATTN_EXT dst(64,32,32,4),  q(64,32,32,4),  k(64,2560,8,4),  v(64,2560,8,4),  m(2560,32,1,4): 8 x 587.005 us = 4696.04 us (4572.97 GFLOPS/s)
GET_ROWS: 22 x 2.75 us = 60.52 us
GLU: 29 x 38.055 us = 1103.6 us
MUL: 44 x 9.45 us = 415.84 us
MUL_MAT f32 m=64 n=1024 k=64: 16 x 8.96 us = 143.36 us (928.914 GFLOPS/s)
MUL_MAT f32 m=64 n=4096 k=64: 16 x 13.582 us = 217.32 us (2451.12 GFLOPS/s)
MUL_MAT q4_0_rocmfp4_fast m=10752 n=128 k=2048: 58 x 424.504 us = 24621.2 us (13276.1 GFLOPS/s)
MUL_MAT q4_0_rocmfp4_fast m=2048 n=128 k=10752: 29 x 574.783 us = 16668.7 us (9806.97 GFLOPS/s)
MUL_MAT q4_0_rocmfp4_fast m=2048 n=128 k=2048: 16 x 102.047 us = 1632.76 us (10519.4 GFLOPS/s)
MUL_MAT q4_0_rocmfp4_fast m=2048 n=32 k=2048 batch=4: 22 x 143.765 us = 3162.84 us (7466.88 GFLOPS/s)
MUL_MAT q4_0_rocmfp4_fast m=512 n=128 k=2048: 16 x 41.27 us = 660.32 us (6502.78 GFLOPS/s)
MUL_MAT q4_0_rocmfp4_fast m=6144 n=32 k=2048 batch=4: 22 x 351.77 us = 7738.96 us (9154.93 GFLOPS/s)
RMS_NORM_MUL RMS_NORM(2048,128,1,1): 59 x 10.425 us = 615.12 us
RMS_NORM_MUL_ROPE RMS_NORM(64,32,128,1): 8 x 104.03 us = 832.24 us
RMS_NORM_MUL_ROPE RMS_NORM(64,8,128,1): 8 x 32.945 us = 263.56 us
SET_ROWS: 16 x 3.215 us = 51.44 us
SSM_CONV: 22 x 9.663 us = 212.6 us
Total time: 64061.2 us.
----------------
Vulkan Timings:
ADD: 58 x 7.626 us = 442.32 us
CONCAT: 22 x 22.161 us = 487.56 us
CPY: 22 x 3.743 us = 82.36 us
FLASH_ATTN_EXT dst(64,32,32,4),  q(64,32,32,4),  k(64,2560,8,4),  v(64,2560,8,4),  m(2560,32,1,4): 8 x 584.91 us = 4679.28 us (4589.35 GFLOPS/s)
GET_ROWS: 22 x 2.778 us = 61.12 us
GLU: 29 x 39.001 us = 1131.04 us
MUL: 44 x 9.821 us = 432.16 us
MUL_MAT f32 m=64 n=1024 k=64: 16 x 8.977 us = 143.64 us (927.104 GFLOPS/s)
MUL_MAT f32 m=64 n=4096 k=64: 16 x 13.507 us = 216.12 us (2464.73 GFLOPS/s)
MUL_MAT q4_0_rocmfp4_fast m=10752 n=128 k=2048: 58 x 423.897 us = 24586.1 us (13295.1 GFLOPS/s)
MUL_MAT q4_0_rocmfp4_fast m=2048 n=128 k=10752: 29 x 573.179 us = 16622.2 us (9834.41 GFLOPS/s)
MUL_MAT q4_0_rocmfp4_fast m=2048 n=128 k=2048: 16 x 97.205 us = 1555.28 us (11043.5 GFLOPS/s)
MUL_MAT q4_0_rocmfp4_fast m=2048 n=32 k=2048 batch=4: 22 x 141.863 us = 3121 us (7566.98 GFLOPS/s)
MUL_MAT q4_0_rocmfp4_fast m=512 n=128 k=2048: 16 x 44.695 us = 715.12 us (6004.47 GFLOPS/s)
MUL_MAT q4_0_rocmfp4_fast m=6144 n=32 k=2048 batch=4: 22 x 353.689 us = 7781.16 us (9105.28 GFLOPS/s)
RMS_NORM_MUL RMS_NORM(2048,128,1,1): 59 x 10.398 us = 613.52 us
RMS_NORM_MUL_ROPE RMS_NORM(64,32,128,1): 8 x 105.525 us = 844.2 us
RMS_NORM_MUL_ROPE RMS_NORM(64,8,128,1): 8 x 29.435 us = 235.48 us
SET_ROWS: 16 x 3.02 us = 48.32 us
SSM_CONV: 22 x 9.674 us = 212.84 us
Total time: 64010.8 us.
----------------
Vulkan Timings:
ADD: 58 x 7.444 us = 431.8 us
CONCAT: 22 x 24.423 us = 537.32 us
CPY: 22 x 3.809 us = 83.8 us
FLASH_ATTN_EXT dst(64,32,32,4),  q(64,32,32,4),  k(64,2560,8,4),  v(64,2560,8,4),  m(2560,32,1,4): 8 x 598.31 us = 4786.48 us (4486.56 GFLOPS/s)
GET_ROWS: 22 x 2.77 us = 60.96 us
GLU: 29 x 38.249 us = 1109.24 us
MUL: 44 x 9.703 us = 426.96 us
MUL_MAT f32 m=64 n=1024 k=64: 16 x 8.95 us = 143.2 us (929.952 GFLOPS/s)
MUL_MAT f32 m=64 n=4096 k=64: 16 x 13.857 us = 221.72 us (2402.47 GFLOPS/s)
MUL_MAT q4_0_rocmfp4_fast m=10752 n=128 k=2048: 58 x 424.145 us = 24600.4 us (13287.3 GFLOPS/s)
MUL_MAT q4_0_rocmfp4_fast m=2048 n=128 k=10752: 29 x 573.721 us = 16637.9 us (9825.12 GFLOPS/s)
MUL_MAT q4_0_rocmfp4_fast m=2048 n=128 k=2048: 16 x 101.155 us = 1618.48 us (10612.2 GFLOPS/s)
MUL_MAT q4_0_rocmfp4_fast m=2048 n=32 k=2048 batch=4: 22 x 144.358 us = 3175.88 us (7436.22 GFLOPS/s)
MUL_MAT q4_0_rocmfp4_fast m=512 n=128 k=2048: 16 x 43.997 us = 703.96 us (6099.66 GFLOPS/s)
MUL_MAT q4_0_rocmfp4_fast m=6144 n=32 k=2048 batch=4: 22 x 353.943 us = 7786.76 us (9098.73 GFLOPS/s)
RMS_NORM_MUL RMS_NORM(2048,128,1,1): 59 x 10.381 us = 612.48 us
RMS_NORM_MUL_ROPE RMS_NORM(64,32,128,1): 8 x 103.455 us = 827.64 us
RMS_NORM_MUL_ROPE RMS_NORM(64,8,128,1): 8 x 29.995 us = 239.96 us
SET_ROWS: 16 x 3.2 us = 51.2 us
SSM_CONV: 22 x 9.676 us = 212.88 us
Total time: 64269.1 us.
----------------
Vulkan Timings:
ADD: 58 x 7.752 us = 449.64 us
CONCAT: 22 x 23.732 us = 522.12 us
CPY: 22 x 3.843 us = 84.56 us
FLASH_ATTN_EXT dst(64,32,32,4),  q(64,32,32,4),  k(64,2560,8,4),  v(64,2560,8,4),  m(2560,32,1,4): 8 x 605.98 us = 4847.84 us (4429.77 GFLOPS/s)
GET_ROWS: 22 x 2.807 us = 61.76 us
GLU: 29 x 40.328 us = 1169.52 us
MUL: 44 x 9.486 us = 417.4 us
MUL_MAT f32 m=64 n=1024 k=64: 16 x 8.907 us = 142.52 us (934.389 GFLOPS/s)
MUL_MAT f32 m=64 n=4096 k=64: 16 x 13.407 us = 214.52 us (2483.11 GFLOPS/s)
MUL_MAT q4_0_rocmfp4_fast m=10752 n=128 k=2048: 58 x 423.593 us = 24568.4 us (13304.7 GFLOPS/s)
MUL_MAT q4_0_rocmfp4_fast m=2048 n=128 k=10752: 29 x 573.54 us = 16632.7 us (9828.22 GFLOPS/s)
MUL_MAT q4_0_rocmfp4_fast m=2048 n=128 k=2048: 16 x 96.975 us = 1551.6 us (11069.7 GFLOPS/s)
MUL_MAT q4_0_rocmfp4_fast m=2048 n=32 k=2048 batch=4: 22 x 142.59 us = 3137 us (7528.39 GFLOPS/s)
MUL_MAT q4_0_rocmfp4_fast m=512 n=128 k=2048: 16 x 44.787 us = 716.6 us (5992.07 GFLOPS/s)
MUL_MAT q4_0_rocmfp4_fast m=6144 n=32 k=2048 batch=4: 22 x 356.76 us = 7848.72 us (9026.91 GFLOPS/s)
RMS_NORM_MUL RMS_NORM(2048,128,1,1): 59 x 10.409 us = 614.16 us
RMS_NORM_MUL_ROPE RMS_NORM(64,32,128,1): 8 x 102.29 us = 818.32 us
RMS_NORM_MUL_ROPE RMS_NORM(64,8,128,1): 8 x 29.315 us = 234.52 us
SET_ROWS: 16 x 3.23 us = 51.68 us
SSM_CONV: 22 x 9.623 us = 211.72 us
Total time: 64295.3 us.
0.15.176.355 I slot print_timing: id  0 | task 5 | prompt processing, n_tokens =   2432, progress = 0.30, t =   5.01 s / 485.64 tokens per second
0.15.176.387 I slot print_timing: id  1 | task 4 | prompt processing, n_tokens =   2432, progress = 0.30, t =   5.01 s / 485.64 tokens per second
0.15.176.409 I slot print_timing: id  2 | task 3 | prompt processing, n_tokens =   2432, progress = 0.30, t =   5.01 s / 485.65 tokens per second
0.15.176.430 I slot print_timing: id  3 | task 1 | prompt processing, n_tokens =   2560, progress = 0.31, t =   5.08 s / 503.54 tokens per second
----------------
Vulkan Timings:
ADD: 58 x 8.084 us = 468.92 us
CONCAT: 22 x 23.63 us = 519.88 us
CPY: 22 x 3.716 us = 81.76 us
FLASH_ATTN_EXT dst(64,32,32,4),  q(64,32,32,4),  k(64,2816,8,4),  v(64,2816,8,4),  m(2816,32,1,4): 8 x 611.645 us = 4893.16 us (4827.62 GFLOPS/s)
GET_ROWS: 22 x 2.832 us = 62.32 us
GLU: 29 x 40.502 us = 1174.56 us
MUL: 44 x 9.854 us = 433.6 us
MUL_MAT f32 m=64 n=1024 k=64: 16 x 8.915 us = 142.64 us (933.603 GFLOPS/s)
MUL_MAT f32 m=64 n=4096 k=64: 16 x 14.075 us = 225.2 us (2365.35 GFLOPS/s)
MUL_MAT q4_0_rocmfp4_fast m=10752 n=128 k=2048: 58 x 420.984 us = 24417.1 us (13387.1 GFLOPS/s)
MUL_MAT q4_0_rocmfp4_fast m=2048 n=128 k=10752: 29 x 573.372 us = 16627.8 us (9831.1 GFLOPS/s)
MUL_MAT q4_0_rocmfp4_fast m=2048 n=128 k=2048: 16 x 103.042 us = 1648.68 us (10417.8 GFLOPS/s)
MUL_MAT q4_0_rocmfp4_fast m=2048 n=32 k=2048 batch=4: 22 x 142.145 us = 3127.2 us (7551.98 GFLOPS/s)
MUL_MAT q4_0_rocmfp4_fast m=512 n=128 k=2048: 16 x 41.552 us = 664.84 us (6458.57 GFLOPS/s)
MUL_MAT q4_0_rocmfp4_fast m=6144 n=32 k=2048 batch=4: 22 x 351.714 us = 7737.72 us (9156.4 GFLOPS/s)
RMS_NORM_MUL RMS_NORM(2048,128,1,1): 59 x 10.374 us = 612.08 us
RMS_NORM_MUL_ROPE RMS_NORM(64,32,128,1): 8 x 107.085 us = 856.68 us
RMS_NORM_MUL_ROPE RMS_NORM(64,8,128,1): 8 x 27.495 us = 219.96 us
SET_ROWS: 16 x 3.485 us = 55.76 us
SSM_CONV: 22 x 9.734 us = 214.16 us
Total time: 64184 us.
----------------
Vulkan Timings:
ADD: 58 x 8.208 us = 476.12 us
CONCAT: 22 x 25.28 us = 556.16 us
CPY: 22 x 3.812 us = 83.88 us
FLASH_ATTN_EXT dst(64,32,32,4),  q(64,32,32,4),  k(64,2816,8,4),  v(64,2816,8,4),  m(2816,32,1,4): 8 x 616.03 us = 4928.24 us (4793.26 GFLOPS/s)
GET_ROWS: 22 x 2.796 us = 61.52 us
GLU: 29 x 39.122 us = 1134.56 us
MUL: 44 x 9.64 us = 424.16 us
MUL_MAT f32 m=64 n=1024 k=64: 16 x 9.052 us = 144.84 us (919.422 GFLOPS/s)
MUL_MAT f32 m=64 n=4096 k=64: 16 x 13.455 us = 215.28 us (2474.34 GFLOPS/s)
MUL_MAT q4_0_rocmfp4_fast m=10752 n=128 k=2048: 58 x 424.239 us = 24605.9 us (13284.4 GFLOPS/s)
MUL_MAT q4_0_rocmfp4_fast m=2048 n=128 k=10752: 29 x 569.667 us = 16520.4 us (9895.04 GFLOPS/s)
MUL_MAT q4_0_rocmfp4_fast m=2048 n=128 k=2048: 16 x 98.547 us = 1576.76 us (10893 GFLOPS/s)
MUL_MAT q4_0_rocmfp4_fast m=2048 n=32 k=2048 batch=4: 22 x 143.92 us = 3166.24 us (7458.86 GFLOPS/s)
MUL_MAT q4_0_rocmfp4_fast m=512 n=128 k=2048: 16 x 43.892 us = 702.28 us (6114.25 GFLOPS/s)
MUL_MAT q4_0_rocmfp4_fast m=6144 n=32 k=2048 batch=4: 22 x 353.149 us = 7769.28 us (9119.21 GFLOPS/s)
RMS_NORM_MUL RMS_NORM(2048,128,1,1): 59 x 10.375 us = 612.16 us
RMS_NORM_MUL_ROPE RMS_NORM(64,32,128,1): 8 x 102.31 us = 818.48 us
RMS_NORM_MUL_ROPE RMS_NORM(64,8,128,1): 8 x 29.26 us = 234.08 us
SET_ROWS: 16 x 3.135 us = 50.16 us
SSM_CONV: 22 x 9.69 us = 213.2 us
Total time: 64293.6 us.
----------------
Vulkan Timings:
ADD: 58 x 7.971 us = 462.32 us
CONCAT: 22 x 23.398 us = 514.76 us
CPY: 22 x 3.794 us = 83.48 us
FLASH_ATTN_EXT dst(64,32,32,4),  q(64,32,32,4),  k(64,2816,8,4),  v(64,2816,8,4),  m(2816,32,1,4): 8 x 624.7 us = 4997.6 us (4726.73 GFLOPS/s)
GET_ROWS: 22 x 2.789 us = 61.36 us
GLU: 29 x 38.4 us = 1113.6 us
MUL: 44 x 9.819 us = 432.04 us
MUL_MAT f32 m=64 n=1024 k=64: 16 x 8.955 us = 143.28 us (929.433 GFLOPS/s)
MUL_MAT f32 m=64 n=4096 k=64: 16 x 13.492 us = 215.88 us (2467.47 GFLOPS/s)
MUL_MAT q4_0_rocmfp4_fast m=10752 n=128 k=2048: 58 x 423.819 us = 24581.5 us (13297.6 GFLOPS/s)
MUL_MAT q4_0_rocmfp4_fast m=2048 n=128 k=10752: 29 x 573.013 us = 16617.4 us (9837.25 GFLOPS/s)
MUL_MAT q4_0_rocmfp4_fast m=2048 n=128 k=2048: 16 x 100.72 us = 1611.52 us (10658.1 GFLOPS/s)
MUL_MAT q4_0_rocmfp4_fast m=2048 n=32 k=2048 batch=4: 22 x 142.918 us = 3144.2 us (7511.15 GFLOPS/s)
MUL_MAT q4_0_rocmfp4_fast m=512 n=128 k=2048: 16 x 41.735 us = 667.76 us (6430.33 GFLOPS/s)
MUL_MAT q4_0_rocmfp4_fast m=6144 n=32 k=2048 batch=4: 22 x 358.481 us = 7886.6 us (8983.55 GFLOPS/s)
RMS_NORM_MUL RMS_NORM(2048,128,1,1): 59 x 10.345 us = 610.4 us
RMS_NORM_MUL_ROPE RMS_NORM(64,32,128,1): 8 x 104.285 us = 834.28 us
RMS_NORM_MUL_ROPE RMS_NORM(64,8,128,1): 8 x 31.06 us = 248.48 us
SET_ROWS: 16 x 3.152 us = 50.44 us
SSM_CONV: 22 x 9.669 us = 212.72 us
Total time: 64489.6 us.
----------------
Vulkan Timings:
ADD: 58 x 7.457 us = 432.56 us
CONCAT: 22 x 22.17 us = 487.76 us
CPY: 22 x 3.801 us = 83.64 us
FLASH_ATTN_EXT dst(64,32,32,4),  q(64,32,32,4),  k(64,2816,8,4),  v(64,2816,8,4),  m(2816,32,1,4): 8 x 638.5 us = 5108 us (4624.57 GFLOPS/s)
GET_ROWS: 22 x 2.85 us = 62.72 us
GLU: 29 x 39.958 us = 1158.8 us
MUL: 44 x 10.227 us = 450 us
MUL_MAT f32 m=64 n=1024 k=64: 16 x 8.882 us = 142.12 us (937.019 GFLOPS/s)
MUL_MAT f32 m=64 n=4096 k=64: 16 x 13.577 us = 217.24 us (2452.02 GFLOPS/s)
MUL_MAT q4_0_rocmfp4_fast m=10752 n=128 k=2048: 58 x 423.757 us = 24577.9 us (13299.5 GFLOPS/s)
MUL_MAT q4_0_rocmfp4_fast m=2048 n=128 k=10752: 29 x 572.46 us = 16601.4 us (9846.76 GFLOPS/s)
MUL_MAT q4_0_rocmfp4_fast m=2048 n=128 k=2048: 16 x 105.797 us = 1692.76 us (10146.6 GFLOPS/s)
MUL_MAT q4_0_rocmfp4_fast m=2048 n=32 k=2048 batch=4: 22 x 141.523 us = 3113.52 us (7585.16 GFLOPS/s)
MUL_MAT q4_0_rocmfp4_fast m=512 n=128 k=2048: 16 x 40.272 us = 644.36 us (6663.85 GFLOPS/s)
MUL_MAT q4_0_rocmfp4_fast m=6144 n=32 k=2048 batch=4: 22 x 352.281 us = 7750.2 us (9141.66 GFLOPS/s)
RMS_NORM_MUL RMS_NORM(2048,128,1,1): 59 x 10.409 us = 614.16 us
RMS_NORM_MUL_ROPE RMS_NORM(64,32,128,1): 8 x 100.385 us = 803.08 us
RMS_NORM_MUL_ROPE RMS_NORM(64,8,128,1): 8 x 27.465 us = 219.72 us
SET_ROWS: 16 x 2.815 us = 45.04 us
SSM_CONV: 22 x 9.654 us = 212.4 us
Total time: 64417.4 us.
0.15.450.880 I slot print_timing: id  0 | task 5 | prompt processing, n_tokens =   2560, progress = 0.31, t =   5.28 s / 484.63 tokens per second
0.15.450.938 I slot print_timing: id  1 | task 4 | prompt processing, n_tokens =   2560, progress = 0.31, t =   5.28 s / 484.64 tokens per second
0.15.450.972 I slot print_timing: id  2 | task 3 | prompt processing, n_tokens =   2560, progress = 0.31, t =   5.28 s / 484.64 tokens per second
0.15.451.012 I slot print_timing: id  3 | task 1 | prompt processing, n_tokens =   2688, progress = 0.33, t =   5.36 s / 501.63 tokens per second
----------------
Vulkan Timings:
ADD: 58 x 8.307 us = 481.84 us
CONCAT: 22 x 23.42 us = 515.24 us
CPY: 22 x 3.767 us = 82.88 us
FLASH_ATTN_EXT dst(64,32,32,4),  q(64,32,32,4),  k(64,2816,8,4),  v(64,2816,8,4),  m(2816,32,1,4): 8 x 634.06 us = 5072.48 us (4656.96 GFLOPS/s)
GET_ROWS: 22 x 2.77 us = 60.96 us
GLU: 29 x 40.772 us = 1182.4 us
MUL: 44 x 9.632 us = 423.84 us
MUL_MAT f32 m=64 n=1024 k=64: 16 x 8.9 us = 142.4 us (935.177 GFLOPS/s)
MUL_MAT f32 m=64 n=4096 k=64: 16 x 13.512 us = 216.2 us (2463.81 GFLOPS/s)
MUL_MAT q4_0_rocmfp4_fast m=10752 n=128 k=2048: 58 x 423.231 us = 24547.4 us (13316.1 GFLOPS/s)
MUL_MAT q4_0_rocmfp4_fast m=2048 n=128 k=10752: 29 x 570.073 us = 16532.1 us (9888 GFLOPS/s)
MUL_MAT q4_0_rocmfp4_fast m=2048 n=128 k=2048: 16 x 105.572 us = 1689.16 us (10168.2 GFLOPS/s)
MUL_MAT q4_0_rocmfp4_fast m=2048 n=32 k=2048 batch=4: 22 x 141.401 us = 3110.84 us (7591.7 GFLOPS/s)
MUL_MAT q4_0_rocmfp4_fast m=512 n=128 k=2048: 16 x 38.902 us = 622.44 us (6898.53 GFLOPS/s)
MUL_MAT q4_0_rocmfp4_fast m=6144 n=32 k=2048 batch=4: 22 x 357.63 us = 7867.88 us (9004.92 GFLOPS/s)
RMS_NORM_MUL RMS_NORM(2048,128,1,1): 59 x 10.546 us = 622.24 us
RMS_NORM_MUL_ROPE RMS_NORM(64,32,128,1): 8 x 105.85 us = 846.8 us
RMS_NORM_MUL_ROPE RMS_NORM(64,8,128,1): 8 x 32.98 us = 263.84 us
SET_ROWS: 16 x 3.192 us = 51.08 us
SSM_CONV: 22 x 9.683 us = 213.04 us
Total time: 64545.1 us.
----------------
Vulkan Timings:
ADD: 58 x 8.086 us = 469 us
CONCAT: 22 x 21.345 us = 469.6 us
CPY: 22 x 3.809 us = 83.8 us
FLASH_ATTN_EXT dst(64,32,32,4),  q(64,32,32,4),  k(64,2816,8,4),  v(64,2816,8,4),  m(2816,32,1,4): 8 x 644.18 us = 5153.44 us (4583.8 GFLOPS/s)
GET_ROWS: 22 x 2.774 us = 61.04 us
GLU: 29 x 38.802 us = 1125.28 us
MUL: 44 x 10.061 us = 442.72 us
MUL_MAT f32 m=64 n=1024 k=64: 16 x 8.872 us = 141.96 us (938.075 GFLOPS/s)
MUL_MAT f32 m=64 n=4096 k=64: 16 x 13.507 us = 216.12 us (2464.73 GFLOPS/s)
MUL_MAT q4_0_rocmfp4_fast m=10752 n=128 k=2048: 58 x 422.875 us = 24526.8 us (13327.3 GFLOPS/s)
MUL_MAT q4_0_rocmfp4_fast m=2048 n=128 k=10752: 29 x 569.875 us = 16526.4 us (9891.42 GFLOPS/s)
MUL_MAT q4_0_rocmfp4_fast m=2048 n=128 k=2048: 16 x 99.355 us = 1589.68 us (10804.5 GFLOPS/s)
MUL_MAT q4_0_rocmfp4_fast m=2048 n=32 k=2048 batch=4: 22 x 144.236 us = 3173.2 us (7442.5 GFLOPS/s)
MUL_MAT q4_0_rocmfp4_fast m=512 n=128 k=2048: 16 x 44.072 us = 705.16 us (6089.28 GFLOPS/s)
MUL_MAT q4_0_rocmfp4_fast m=6144 n=32 k=2048 batch=4: 22 x 354.558 us = 7800.28 us (9082.96 GFLOPS/s)
RMS_NORM_MUL RMS_NORM(2048,128,1,1): 59 x 10.372 us = 611.96 us
RMS_NORM_MUL_ROPE RMS_NORM(64,32,128,1): 8 x 103.205 us = 825.64 us
RMS_NORM_MUL_ROPE RMS_NORM(64,8,128,1): 8 x 29.365 us = 234.92 us
SET_ROWS: 16 x 3.052 us = 48.84 us
SSM_CONV: 22 x 9.663 us = 212.6 us
Total time: 64418.4 us.
----------------
Vulkan Timings:
ADD: 58 x 7.801 us = 452.48 us
CONCAT: 22 x 22.943 us = 504.76 us
CPY: 22 x 3.807 us = 83.76 us
FLASH_ATTN_EXT dst(64,32,32,4),  q(64,32,32,4),  k(64,2816,8,4),  v(64,2816,8,4),  m(2816,32,1,4): 8 x 650.005 us = 5200.04 us (4542.72 GFLOPS/s)
GET_ROWS: 22 x 2.789 us = 61.36 us
GLU: 29 x 40.788 us = 1182.88 us
MUL: 44 x 10.32 us = 454.12 us
MUL_MAT f32 m=64 n=1024 k=64: 16 x 8.957 us = 143.32 us (929.174 GFLOPS/s)
MUL_MAT f32 m=64 n=4096 k=64: 16 x 13.485 us = 215.76 us (2468.84 GFLOPS/s)
MUL_MAT q4_0_rocmfp4_fast m=10752 n=128 k=2048: 58 x 424.611 us = 24627.4 us (13272.8 GFLOPS/s)
MUL_MAT q4_0_rocmfp4_fast m=2048 n=128 k=10752: 29 x 573.555 us = 16633.1 us (9827.96 GFLOPS/s)
MUL_MAT q4_0_rocmfp4_fast m=2048 n=128 k=2048: 16 x 101.975 us = 1631.6 us (10526.9 GFLOPS/s)
MUL_MAT q4_0_rocmfp4_fast m=2048 n=32 k=2048 batch=4: 22 x 140.714 us = 3095.72 us (7628.78 GFLOPS/s)
MUL_MAT q4_0_rocmfp4_fast m=512 n=128 k=2048: 16 x 40.755 us = 652.08 us (6584.96 GFLOPS/s)
MUL_MAT q4_0_rocmfp4_fast m=6144 n=32 k=2048 batch=4: 22 x 356.02 us = 7832.44 us (9045.67 GFLOPS/s)
RMS_NORM_MUL RMS_NORM(2048,128,1,1): 59 x 10.5 us = 619.52 us
RMS_NORM_MUL_ROPE RMS_NORM(64,32,128,1): 8 x 102.215 us = 817.72 us
RMS_NORM_MUL_ROPE RMS_NORM(64,8,128,1): 8 x 31.11 us = 248.88 us
SET_ROWS: 16 x 3.26 us = 52.16 us
SSM_CONV: 22 x 10.838 us = 238.44 us
Total time: 64747.6 us.
----------------
Vulkan Timings:
ADD: 58 x 7.762 us = 450.24 us
CONCAT: 22 x 23.45 us = 515.92 us
CPY: 22 x 3.816 us = 83.96 us
FLASH_ATTN_EXT dst(64,32,32,4),  q(64,32,32,4),  k(64,2816,8,4),  v(64,2816,8,4),  m(2816,32,1,4): 8 x 660.78 us = 5286.24 us (4468.64 GFLOPS/s)
GET_ROWS: 22 x 2.785 us = 61.28 us
GLU: 29 x 38.862 us = 1127 us
MUL: 44 x 9.923 us = 436.64 us
MUL_MAT f32 m=64 n=1024 k=64: 16 x 8.902 us = 142.44 us (934.914 GFLOPS/s)
MUL_MAT f32 m=64 n=4096 k=64: 16 x 13.54 us = 216.64 us (2458.81 GFLOPS/s)
MUL_MAT q4_0_rocmfp4_fast m=10752 n=128 k=2048: 58 x 424.146 us = 24600.5 us (13287.3 GFLOPS/s)
MUL_MAT q4_0_rocmfp4_fast m=2048 n=128 k=10752: 29 x 570.222 us = 16536.4 us (9885.42 GFLOPS/s)
MUL_MAT q4_0_rocmfp4_fast m=2048 n=128 k=2048: 16 x 96.265 us = 1540.24 us (11151.3 GFLOPS/s)
MUL_MAT q4_0_rocmfp4_fast m=2048 n=32 k=2048 batch=4: 22 x 142.6 us = 3137.2 us (7527.91 GFLOPS/s)
MUL_MAT q4_0_rocmfp4_fast m=512 n=128 k=2048: 16 x 45.825 us = 733.2 us (5856.41 GFLOPS/s)
MUL_MAT q4_0_rocmfp4_fast m=6144 n=32 k=2048 batch=4: 22 x 352.758 us = 7760.68 us (9129.31 GFLOPS/s)
RMS_NORM_MUL RMS_NORM(2048,128,1,1): 59 x 10.427 us = 615.2 us
RMS_NORM_MUL_ROPE RMS_NORM(64,32,128,1): 8 x 104.02 us = 832.16 us
RMS_NORM_MUL_ROPE RMS_NORM(64,8,128,1): 8 x 33.07 us = 264.56 us
SET_ROWS: 16 x 3.18 us = 50.88 us
SSM_CONV: 22 x 9.667 us = 212.68 us
Total time: 64604.1 us.
0.15.722.985 I slot print_timing: id  0 | task 5 | prompt processing, n_tokens =   2688, progress = 0.33, t =   5.55 s / 483.93 tokens per second
0.15.723.017 I slot print_timing: id  1 | task 4 | prompt processing, n_tokens =   2688, progress = 0.33, t =   5.55 s / 483.94 tokens per second
0.15.723.038 I slot print_timing: id  2 | task 3 | prompt processing, n_tokens =   2688, progress = 0.33, t =   5.55 s / 483.94 tokens per second
0.15.723.059 I slot print_timing: id  3 | task 1 | prompt processing, n_tokens =   2816, progress = 0.34, t =   5.63 s / 500.12 tokens per second
----------------
Vulkan Timings:
ADD: 58 x 7.652 us = 443.84 us
CONCAT: 22 x 24.14 us = 531.08 us
CPY: 22 x 3.836 us = 84.4 us
FLASH_ATTN_EXT dst(64,32,32,4),  q(64,32,32,4),  k(64,3072,8,4),  v(64,3072,8,4),  m(3072,32,1,4): 8 x 671.9 us = 5375.2 us (4794.2 GFLOPS/s)
GET_ROWS: 22 x 2.787 us = 61.32 us
GLU: 29 x 38.635 us = 1120.44 us
MUL: 44 x 10.02 us = 440.92 us
MUL_MAT f32 m=64 n=1024 k=64: 16 x 8.96 us = 143.36 us (928.914 GFLOPS/s)
MUL_MAT f32 m=64 n=4096 k=64: 16 x 13.46 us = 215.36 us (2473.42 GFLOPS/s)
MUL_MAT q4_0_rocmfp4_fast m=10752 n=128 k=2048: 58 x 423.957 us = 24589.6 us (13293.2 GFLOPS/s)
MUL_MAT q4_0_rocmfp4_fast m=2048 n=128 k=10752: 29 x 570.605 us = 16547.6 us (9878.77 GFLOPS/s)
MUL_MAT q4_0_rocmfp4_fast m=2048 n=128 k=2048: 16 x 103.867 us = 1661.88 us (10335.1 GFLOPS/s)
MUL_MAT q4_0_rocmfp4_fast m=2048 n=32 k=2048 batch=4: 22 x 142.301 us = 3130.64 us (7543.68 GFLOPS/s)
MUL_MAT q4_0_rocmfp4_fast m=512 n=128 k=2048: 16 x 40.975 us = 655.6 us (6549.6 GFLOPS/s)
MUL_MAT q4_0_rocmfp4_fast m=6144 n=32 k=2048 batch=4: 22 x 356.56 us = 7844.32 us (9031.97 GFLOPS/s)
RMS_NORM_MUL RMS_NORM(2048,128,1,1): 59 x 10.442 us = 616.12 us
RMS_NORM_MUL_ROPE RMS_NORM(64,32,128,1): 8 x 103.17 us = 825.36 us
RMS_NORM_MUL_ROPE RMS_NORM(64,8,128,1): 8 x 31.145 us = 249.16 us
SET_ROWS: 16 x 2.935 us = 46.96 us
SSM_CONV: 22 x 9.632 us = 211.92 us
Total time: 64795 us.
----------------
Vulkan Timings:
ADD: 58 x 8.244 us = 478.16 us
CONCAT: 22 x 23.418 us = 515.2 us
CPY: 22 x 3.741 us = 82.32 us
FLASH_ATTN_EXT dst(64,32,32,4),  q(64,32,32,4),  k(64,3072,8,4),  v(64,3072,8,4),  m(3072,32,1,4): 8 x 678.9 us = 5431.2 us (4744.77 GFLOPS/s)
GET_ROWS: 22 x 2.803 us = 61.68 us
GLU: 29 x 38.998 us = 1130.96 us
MUL: 44 x 10.025 us = 441.12 us
MUL_MAT f32 m=64 n=1024 k=64: 16 x 8.902 us = 142.44 us (934.914 GFLOPS/s)
MUL_MAT f32 m=64 n=4096 k=64: 16 x 13.515 us = 216.24 us (2463.36 GFLOPS/s)
MUL_MAT q4_0_rocmfp4_fast m=10752 n=128 k=2048: 58 x 422.44 us = 24501.5 us (13341 GFLOPS/s)
MUL_MAT q4_0_rocmfp4_fast m=2048 n=128 k=10752: 29 x 572.561 us = 16604.3 us (9845.03 GFLOPS/s)
MUL_MAT q4_0_rocmfp4_fast m=2048 n=128 k=2048: 16 x 105.4 us = 1686.4 us (10184.8 GFLOPS/s)
MUL_MAT q4_0_rocmfp4_fast m=2048 n=32 k=2048 batch=4: 22 x 143.69 us = 3161.2 us (7470.76 GFLOPS/s)
MUL_MAT q4_0_rocmfp4_fast m=512 n=128 k=2048: 16 x 41.715 us = 667.44 us (6433.42 GFLOPS/s)
MUL_MAT q4_0_rocmfp4_fast m=6144 n=32 k=2048 batch=4: 22 x 356.134 us = 7834.96 us (9042.76 GFLOPS/s)
RMS_NORM_MUL RMS_NORM(2048,128,1,1): 59 x 10.507 us = 619.92 us
RMS_NORM_MUL_ROPE RMS_NORM(64,32,128,1): 8 x 104.105 us = 832.84 us
RMS_NORM_MUL_ROPE RMS_NORM(64,8,128,1): 8 x 30.94 us = 247.52 us
SET_ROWS: 16 x 3.167 us = 50.68 us
SSM_CONV: 22 x 10.956 us = 241.04 us
Total time: 64947.1 us.
----------------
Vulkan Timings:
ADD: 58 x 7.904 us = 458.44 us
CONCAT: 22 x 24.596 us = 541.12 us
CPY: 22 x 3.801 us = 83.64 us
FLASH_ATTN_EXT dst(64,32,32,4),  q(64,32,32,4),  k(64,3072,8,4),  v(64,3072,8,4),  m(3072,32,1,4): 8 x 693.83 us = 5550.64 us (4642.67 GFLOPS/s)
GET_ROWS: 22 x 2.854 us = 62.8 us
GLU: 29 x 38.582 us = 1118.88 us
MUL: 44 x 9.566 us = 420.92 us
MUL_MAT f32 m=64 n=1024 k=64: 16 x 9.225 us = 147.6 us (902.23 GFLOPS/s)
MUL_MAT f32 m=64 n=4096 k=64: 16 x 13.502 us = 216.04 us (2465.64 GFLOPS/s)
MUL_MAT q4_0_rocmfp4_fast m=10752 n=128 k=2048: 58 x 424.897 us = 24644.1 us (13263.8 GFLOPS/s)
MUL_MAT q4_0_rocmfp4_fast m=2048 n=128 k=10752: 29 x 570.707 us = 16550.5 us (9877.01 GFLOPS/s)
MUL_MAT q4_0_rocmfp4_fast m=2048 n=128 k=2048: 16 x 100.54 us = 1608.64 us (10677.1 GFLOPS/s)
MUL_MAT q4_0_rocmfp4_fast m=2048 n=32 k=2048 batch=4: 22 x 141.318 us = 3109 us (7596.19 GFLOPS/s)
MUL_MAT q4_0_rocmfp4_fast m=512 n=128 k=2048: 16 x 42.385 us = 678.16 us (6331.72 GFLOPS/s)
MUL_MAT q4_0_rocmfp4_fast m=6144 n=32 k=2048 batch=4: 22 x 352.634 us = 7757.96 us (9132.51 GFLOPS/s)
RMS_NORM_MUL RMS_NORM(2048,128,1,1): 59 x 10.522 us = 620.8 us
RMS_NORM_MUL_ROPE RMS_NORM(64,32,128,1): 8 x 102.305 us = 818.44 us
RMS_NORM_MUL_ROPE RMS_NORM(64,8,128,1): 8 x 30.665 us = 245.32 us
SET_ROWS: 16 x 2.882 us = 46.12 us
SSM_CONV: 22 x 9.736 us = 214.2 us
Total time: 64893.3 us.
----------------
Vulkan Timings:
ADD: 58 x 8.258 us = 479 us
CONCAT: 22 x 22.194 us = 488.28 us
CPY: 22 x 3.803 us = 83.68 us
FLASH_ATTN_EXT dst(64,32,32,4),  q(64,32,32,4),  k(64,3072,8,4),  v(64,3072,8,4),  m(3072,32,1,4): 8 x 688.9 us = 5511.2 us (4675.9 GFLOPS/s)
GET_ROWS: 22 x 2.765 us = 60.84 us
GLU: 29 x 38.972 us = 1130.2 us
MUL: 44 x 10.016 us = 440.72 us
MUL_MAT f32 m=64 n=1024 k=64: 16 x 8.905 us = 142.48 us (934.652 GFLOPS/s)
MUL_MAT f32 m=64 n=4096 k=64: 16 x 13.425 us = 214.8 us (2479.87 GFLOPS/s)
MUL_MAT q4_0_rocmfp4_fast m=10752 n=128 k=2048: 58 x 422.824 us = 24523.8 us (13328.8 GFLOPS/s)
MUL_MAT q4_0_rocmfp4_fast m=2048 n=128 k=10752: 29 x 574.067 us = 16648 us (9819.2 GFLOPS/s)
MUL_MAT q4_0_rocmfp4_fast m=2048 n=128 k=2048: 16 x 98.927 us = 1582.84 us (10851.2 GFLOPS/s)
MUL_MAT q4_0_rocmfp4_fast m=2048 n=32 k=2048 batch=4: 22 x 139.943 us = 3078.76 us (7670.8 GFLOPS/s)
MUL_MAT q4_0_rocmfp4_fast m=512 n=128 k=2048: 16 x 43.225 us = 691.6 us (6208.67 GFLOPS/s)
MUL_MAT q4_0_rocmfp4_fast m=6144 n=32 k=2048 batch=4: 22 x 351.21 us = 7726.64 us (9169.53 GFLOPS/s)
RMS_NORM_MUL RMS_NORM(2048,128,1,1): 59 x 10.398 us = 613.52 us
RMS_NORM_MUL_ROPE RMS_NORM(64,32,128,1): 8 x 104.815 us = 838.52 us
RMS_NORM_MUL_ROPE RMS_NORM(64,8,128,1): 8 x 31.22 us = 249.76 us
SET_ROWS: 16 x 3.04 us = 48.64 us
SSM_CONV: 22 x 9.654 us = 212.4 us
Total time: 64765.7 us.
0.15.998.795 I slot print_timing: id  0 | task 5 | prompt processing, n_tokens =   2816, progress = 0.34, t =   5.83 s / 483.00 tokens per second
0.15.998.845 I slot print_timing: id  1 | task 4 | prompt processing, n_tokens =   2816, progress = 0.34, t =   5.83 s / 483.00 tokens per second
0.15.998.876 I slot print_timing: id  2 | task 3 | prompt processing, n_tokens =   2816, progress = 0.34, t =   5.83 s / 483.00 tokens per second
0.15.998.915 I slot print_timing: id  3 | task 1 | prompt processing, n_tokens =   2944, progress = 0.36, t =   5.91 s / 498.44 tokens per second
----------------
Vulkan Timings:
ADD: 58 x 7.435 us = 431.28 us
CONCAT: 22 x 22.501 us = 495.04 us
CPY: 22 x 3.809 us = 83.8 us
FLASH_ATTN_EXT dst(64,32,32,4),  q(64,32,32,4),  k(64,3072,8,4),  v(64,3072,8,4),  m(3072,32,1,4): 8 x 699.325 us = 5594.6 us (4606.19 GFLOPS/s)
GET_ROWS: 22 x 2.803 us = 61.68 us
GLU: 29 x 39.628 us = 1149.24 us
MUL: 44 x 9.984 us = 439.32 us
MUL_MAT f32 m=64 n=1024 k=64: 16 x 8.947 us = 143.16 us (930.212 GFLOPS/s)
MUL_MAT f32 m=64 n=4096 k=64: 16 x 13.447 us = 215.16 us (2475.72 GFLOPS/s)
MUL_MAT q4_0_rocmfp4_fast m=10752 n=128 k=2048: 58 x 423.821 us = 24581.6 us (13297.5 GFLOPS/s)
MUL_MAT q4_0_rocmfp4_fast m=2048 n=128 k=10752: 29 x 571.124 us = 16562.6 us (9869.8 GFLOPS/s)
MUL_MAT q4_0_rocmfp4_fast m=2048 n=128 k=2048: 16 x 100.465 us = 1607.44 us (10685.1 GFLOPS/s)
MUL_MAT q4_0_rocmfp4_fast m=2048 n=32 k=2048 batch=4: 22 x 144.025 us = 3168.56 us (7453.4 GFLOPS/s)
MUL_MAT q4_0_rocmfp4_fast m=512 n=128 k=2048: 16 x 44.967 us = 719.48 us (5968.09 GFLOPS/s)
MUL_MAT q4_0_rocmfp4_fast m=6144 n=32 k=2048 batch=4: 22 x 358.905 us = 7895.92 us (8972.95 GFLOPS/s)
RMS_NORM_MUL RMS_NORM(2048,128,1,1): 59 x 10.438 us = 615.88 us
RMS_NORM_MUL_ROPE RMS_NORM(64,32,128,1): 8 x 102.22 us = 817.76 us
RMS_NORM_MUL_ROPE RMS_NORM(64,8,128,1): 8 x 29.4 us = 235.2 us
SET_ROWS: 16 x 3.132 us = 50.12 us
SSM_CONV: 22 x 9.621 us = 211.68 us
Total time: 65079.6 us.
----------------
Vulkan Timings:
ADD: 58 x 8.227 us = 477.2 us
CONCAT: 22 x 22.963 us = 505.2 us
CPY: 22 x 3.794 us = 83.48 us
FLASH_ATTN_EXT dst(64,32,32,4),  q(64,32,32,4),  k(64,3072,8,4),  v(64,3072,8,4),  m(3072,32,1,4): 8 x 709.08 us = 5672.64 us (4542.82 GFLOPS/s)
GET_ROWS: 22 x 2.792 us = 61.44 us
GLU: 29 x 39.413 us = 1143 us
MUL: 44 x 10.192 us = 448.48 us
MUL_MAT f32 m=64 n=1024 k=64: 16 x 8.907 us = 142.52 us (934.389 GFLOPS/s)
MUL_MAT f32 m=64 n=4096 k=64: 16 x 13.442 us = 215.08 us (2476.64 GFLOPS/s)
MUL_MAT q4_0_rocmfp4_fast m=10752 n=128 k=2048: 58 x 423.171 us = 24543.9 us (13317.9 GFLOPS/s)
MUL_MAT q4_0_rocmfp4_fast m=2048 n=128 k=10752: 29 x 570.244 us = 16537.1 us (9885.03 GFLOPS/s)
MUL_MAT q4_0_rocmfp4_fast m=2048 n=128 k=2048: 16 x 99.977 us = 1599.64 us (10737.2 GFLOPS/s)
MUL_MAT q4_0_rocmfp4_fast m=2048 n=32 k=2048 batch=4: 22 x 143.749 us = 3162.48 us (7467.73 GFLOPS/s)
MUL_MAT q4_0_rocmfp4_fast m=512 n=128 k=2048: 16 x 44.177 us = 706.84 us (6074.81 GFLOPS/s)
MUL_MAT q4_0_rocmfp4_fast m=6144 n=32 k=2048 batch=4: 22 x 350.992 us = 7721.84 us (9175.23 GFLOPS/s)
RMS_NORM_MUL RMS_NORM(2048,128,1,1): 59 x 10.522 us = 620.84 us
RMS_NORM_MUL_ROPE RMS_NORM(64,32,128,1): 8 x 102.22 us = 817.76 us
RMS_NORM_MUL_ROPE RMS_NORM(64,8,128,1): 8 x 31.26 us = 250.08 us
SET_ROWS: 16 x 3.07 us = 49.12 us
SSM_CONV: 22 x 9.65 us = 212.32 us
Total time: 64971 us.
----------------
Vulkan Timings:
ADD: 58 x 7.673 us = 445.08 us
CONCAT: 22 x 22.95 us = 504.92 us
CPY: 22 x 3.816 us = 83.96 us
FLASH_ATTN_EXT dst(64,32,32,4),  q(64,32,32,4),  k(64,3072,8,4),  v(64,3072,8,4),  m(3072,32,1,4): 8 x 719.625 us = 5757 us (4476.26 GFLOPS/s)
GET_ROWS: 22 x 2.794 us = 61.48 us
GLU: 29 x 39.446 us = 1143.96 us
MUL: 44 x 10.236 us = 450.4 us
MUL_MAT f32 m=64 n=1024 k=64: 16 x 8.905 us = 142.48 us (934.652 GFLOPS/s)
MUL_MAT f32 m=64 n=4096 k=64: 16 x 13.497 us = 215.96 us (2466.55 GFLOPS/s)
MUL_MAT q4_0_rocmfp4_fast m=10752 n=128 k=2048: 58 x 423.52 us = 24564.2 us (13307 GFLOPS/s)
MUL_MAT q4_0_rocmfp4_fast m=2048 n=128 k=10752: 29 x 570.673 us = 16549.5 us (9877.6 GFLOPS/s)
MUL_MAT q4_0_rocmfp4_fast m=2048 n=128 k=2048: 16 x 102.5 us = 1640 us (10473 GFLOPS/s)
MUL_MAT q4_0_rocmfp4_fast m=2048 n=32 k=2048 batch=4: 22 x 140.778 us = 3097.12 us (7625.33 GFLOPS/s)
MUL_MAT q4_0_rocmfp4_fast m=512 n=128 k=2048: 16 x 40.962 us = 655.4 us (6551.6 GFLOPS/s)
MUL_MAT q4_0_rocmfp4_fast m=6144 n=32 k=2048 batch=4: 22 x 356.465 us = 7842.24 us (9034.37 GFLOPS/s)
RMS_NORM_MUL RMS_NORM(2048,128,1,1): 59 x 10.383 us = 612.6 us
RMS_NORM_MUL_ROPE RMS_NORM(64,32,128,1): 8 x 102.155 us = 817.24 us
RMS_NORM_MUL_ROPE RMS_NORM(64,8,128,1): 8 x 29.94 us = 239.52 us
SET_ROWS: 16 x 3.157 us = 50.52 us
SSM_CONV: 22 x 11.969 us = 263.32 us
Total time: 65136.9 us.
----------------
Vulkan Timings:
ADD: 58 x 7.539 us = 437.28 us
CONCAT: 22 x 22.2 us = 488.4 us
CPY: 22 x 3.82 us = 84.04 us
FLASH_ATTN_EXT dst(64,32,32,4),  q(64,32,32,4),  k(64,3072,8,4),  v(64,3072,8,4),  m(3072,32,1,4): 8 x 727.47 us = 5819.76 us (4427.98 GFLOPS/s)
GET_ROWS: 22 x 2.721 us = 59.88 us
GLU: 29 x 39.776 us = 1153.52 us
MUL: 44 x 9.27 us = 407.92 us
MUL_MAT f32 m=64 n=1024 k=64: 16 x 8.915 us = 142.64 us (933.603 GFLOPS/s)
MUL_MAT f32 m=64 n=4096 k=64: 16 x 13.687 us = 219 us (2432.31 GFLOPS/s)
MUL_MAT q4_0_rocmfp4_fast m=10752 n=128 k=2048: 58 x 425.033 us = 24651.9 us (13259.6 GFLOPS/s)
MUL_MAT q4_0_rocmfp4_fast m=2048 n=128 k=10752: 29 x 569.838 us = 16525.3 us (9892.07 GFLOPS/s)
MUL_MAT q4_0_rocmfp4_fast m=2048 n=128 k=2048: 16 x 101.427 us = 1622.84 us (10583.7 GFLOPS/s)
MUL_MAT q4_0_rocmfp4_fast m=2048 n=32 k=2048 batch=4: 22 x 142.569 us = 3136.52 us (7529.54 GFLOPS/s)
MUL_MAT q4_0_rocmfp4_fast m=512 n=128 k=2048: 16 x 42.757 us = 684.12 us (6276.56 GFLOPS/s)
MUL_MAT q4_0_rocmfp4_fast m=6144 n=32 k=2048 batch=4: 22 x 357.941 us = 7874.72 us (8997.1 GFLOPS/s)
RMS_NORM_MUL RMS_NORM(2048,128,1,1): 59 x 10.415 us = 614.52 us
RMS_NORM_MUL_ROPE RMS_NORM(64,32,128,1): 8 x 103.995 us = 831.96 us
RMS_NORM_MUL_ROPE RMS_NORM(64,8,128,1): 8 x 34.015 us = 272.12 us
SET_ROWS: 16 x 3.167 us = 50.68 us
SSM_CONV: 22 x 9.696 us = 213.32 us
Total time: 65290.5 us.
0.16.272.971 I slot print_timing: id  0 | task 5 | prompt processing, n_tokens =   2944, progress = 0.36, t =   6.10 s / 482.27 tokens per second
0.16.273.028 I slot print_timing: id  1 | task 4 | prompt processing, n_tokens =   2944, progress = 0.36, t =   6.10 s / 482.27 tokens per second
0.16.273.059 I slot print_timing: id  2 | task 3 | prompt processing, n_tokens =   2944, progress = 0.36, t =   6.10 s / 482.28 tokens per second
0.16.273.091 I slot print_timing: id  3 | task 1 | prompt processing, n_tokens =   3072, progress = 0.38, t =   6.18 s / 497.04 tokens per second
----------------
Vulkan Timings:
ADD: 58 x 7.844 us = 455 us
CONCAT: 22 x 22.985 us = 505.68 us
CPY: 22 x 3.829 us = 84.24 us
FLASH_ATTN_EXT dst(64,32,32,4),  q(64,32,32,4),  k(64,3328,8,4),  v(64,3328,8,4),  m(3328,32,1,4): 8 x 725.38 us = 5803.04 us (4810.8 GFLOPS/s)
GET_ROWS: 22 x 2.772 us = 61 us
GLU: 29 x 38.971 us = 1130.16 us
MUL: 44 x 9.906 us = 435.88 us
MUL_MAT f32 m=64 n=1024 k=64: 16 x 8.897 us = 142.36 us (935.439 GFLOPS/s)
MUL_MAT f32 m=64 n=4096 k=64: 16 x 13.415 us = 214.64 us (2481.72 GFLOPS/s)
MUL_MAT q4_0_rocmfp4_fast m=10752 n=128 k=2048: 58 x 424.262 us = 24607.2 us (13283.7 GFLOPS/s)
MUL_MAT q4_0_rocmfp4_fast m=2048 n=128 k=10752: 29 x 570.12 us = 16533.5 us (9887.19 GFLOPS/s)
MUL_MAT q4_0_rocmfp4_fast m=2048 n=128 k=2048: 16 x 103.81 us = 1660.96 us (10340.8 GFLOPS/s)
MUL_MAT q4_0_rocmfp4_fast m=2048 n=32 k=2048 batch=4: 22 x 144.456 us = 3178.04 us (7431.17 GFLOPS/s)
MUL_MAT q4_0_rocmfp4_fast m=512 n=128 k=2048: 16 x 41.877 us = 670.04 us (6408.45 GFLOPS/s)
MUL_MAT q4_0_rocmfp4_fast m=6144 n=32 k=2048 batch=4: 22 x 356.105 us = 7834.32 us (9043.5 GFLOPS/s)
RMS_NORM_MUL RMS_NORM(2048,128,1,1): 59 x 10.41 us = 614.2 us
RMS_NORM_MUL_ROPE RMS_NORM(64,32,128,1): 8 x 102.325 us = 818.6 us
RMS_NORM_MUL_ROPE RMS_NORM(64,8,128,1): 8 x 33.04 us = 264.32 us
SET_ROWS: 16 x 2.837 us = 45.4 us
SSM_CONV: 22 x 9.658 us = 212.48 us
Total time: 65271 us.
----------------
Vulkan Timings:
ADD: 58 x 7.577 us = 439.48 us
CONCAT: 22 x 21.474 us = 472.44 us
CPY: 22 x 3.781 us = 83.2 us
FLASH_ATTN_EXT dst(64,32,32,4),  q(64,32,32,4),  k(64,3328,8,4),  v(64,3328,8,4),  m(3328,32,1,4): 8 x 730.655 us = 5845.24 us (4776.07 GFLOPS/s)
GET_ROWS: 22 x 2.769 us = 60.92 us
GLU: 29 x 40.72 us = 1180.88 us
MUL: 44 x 10.04 us = 441.76 us
MUL_MAT f32 m=64 n=1024 k=64: 16 x 8.945 us = 143.12 us (930.472 GFLOPS/s)
MUL_MAT f32 m=64 n=4096 k=64: 16 x 13.57 us = 217.12 us (2453.37 GFLOPS/s)
MUL_MAT q4_0_rocmfp4_fast m=10752 n=128 k=2048: 58 x 423.6 us = 24568.8 us (13304.4 GFLOPS/s)
MUL_MAT q4_0_rocmfp4_fast m=2048 n=128 k=10752: 29 x 572.046 us = 16589.4 us (9853.88 GFLOPS/s)
MUL_MAT q4_0_rocmfp4_fast m=2048 n=128 k=2048: 16 x 98.015 us = 1568.24 us (10952.2 GFLOPS/s)
MUL_MAT q4_0_rocmfp4_fast m=2048 n=32 k=2048 batch=4: 22 x 142.296 us = 3130.52 us (7543.97 GFLOPS/s)
MUL_MAT q4_0_rocmfp4_fast m=512 n=128 k=2048: 16 x 47.67 us = 762.72 us (5629.74 GFLOPS/s)
MUL_MAT q4_0_rocmfp4_fast m=6144 n=32 k=2048 batch=4: 22 x 355.749 us = 7826.48 us (9052.56 GFLOPS/s)
RMS_NORM_MUL RMS_NORM(2048,128,1,1): 59 x 10.426 us = 615.16 us
RMS_NORM_MUL_ROPE RMS_NORM(64,32,128,1): 8 x 102.26 us = 818.08 us
RMS_NORM_MUL_ROPE RMS_NORM(64,8,128,1): 8 x 31.195 us = 249.56 us
SET_ROWS: 16 x 3.182 us = 50.92 us
SSM_CONV: 22 x 9.674 us = 212.84 us
Total time: 65276.9 us.
----------------
Vulkan Timings:
ADD: 58 x 7.72 us = 447.76 us
CONCAT: 22 x 21.407 us = 470.96 us
CPY: 22 x 3.769 us = 82.92 us
FLASH_ATTN_EXT dst(64,32,32,4),  q(64,32,32,4),  k(64,3328,8,4),  v(64,3328,8,4),  m(3328,32,1,4): 8 x 737.865 us = 5902.92 us (4729.4 GFLOPS/s)
GET_ROWS: 22 x 2.727 us = 60 us
GLU: 29 x 39.652 us = 1149.92 us
MUL: 44 x 9.897 us = 435.48 us
MUL_MAT f32 m=64 n=1024 k=64: 16 x 8.945 us = 143.12 us (930.472 GFLOPS/s)
MUL_MAT f32 m=64 n=4096 k=64: 16 x 13.782 us = 220.52 us (2415.55 GFLOPS/s)
MUL_MAT q4_0_rocmfp4_fast m=10752 n=128 k=2048: 58 x 422.544 us = 24507.6 us (13337.7 GFLOPS/s)
MUL_MAT q4_0_rocmfp4_fast m=2048 n=128 k=10752: 29 x 575.634 us = 16693.4 us (9792.47 GFLOPS/s)
MUL_MAT q4_0_rocmfp4_fast m=2048 n=128 k=2048: 16 x 104.067 us = 1665.08 us (10315.2 GFLOPS/s)
MUL_MAT q4_0_rocmfp4_fast m=2048 n=32 k=2048 batch=4: 22 x 140.981 us = 3101.6 us (7614.31 GFLOPS/s)
MUL_MAT q4_0_rocmfp4_fast m=512 n=128 k=2048: 16 x 41.9 us = 670.4 us (6405.01 GFLOPS/s)
MUL_MAT q4_0_rocmfp4_fast m=6144 n=32 k=2048 batch=4: 22 x 353.434 us = 7775.56 us (9111.84 GFLOPS/s)
RMS_NORM_MUL RMS_NORM(2048,128,1,1): 59 x 10.406 us = 613.96 us
RMS_NORM_MUL_ROPE RMS_NORM(64,32,128,1): 8 x 102.245 us = 817.96 us
RMS_NORM_MUL_ROPE RMS_NORM(64,8,128,1): 8 x 29.335 us = 234.68 us
SET_ROWS: 16 x 2.755 us = 44.08 us
SSM_CONV: 22 x 9.667 us = 212.68 us
Total time: 65250.6 us.
----------------
Vulkan Timings:
ADD: 58 x 7.565 us = 438.8 us
CONCAT: 22 x 22.234 us = 489.16 us
CPY: 22 x 3.77 us = 82.96 us
FLASH_ATTN_EXT dst(64,32,32,4),  q(64,32,32,4),  k(64,3328,8,4),  v(64,3328,8,4),  m(3328,32,1,4): 8 x 746.81 us = 5974.48 us (4672.76 GFLOPS/s)
GET_ROWS: 22 x 3.172 us = 69.8 us
GLU: 29 x 40.681 us = 1179.76 us
MUL: 44 x 9.846 us = 433.24 us
MUL_MAT f32 m=64 n=1024 k=64: 16 x 8.82 us = 141.12 us (943.659 GFLOPS/s)
MUL_MAT f32 m=64 n=4096 k=64: 16 x 13.507 us = 216.12 us (2464.73 GFLOPS/s)
MUL_MAT q4_0_rocmfp4_fast m=10752 n=128 k=2048: 58 x 422.556 us = 24508.3 us (13337.3 GFLOPS/s)
MUL_MAT q4_0_rocmfp4_fast m=2048 n=128 k=10752: 29 x 572.659 us = 16607.1 us (9843.34 GFLOPS/s)
MUL_MAT q4_0_rocmfp4_fast m=2048 n=128 k=2048: 16 x 101.11 us = 1617.76 us (10616.9 GFLOPS/s)
MUL_MAT q4_0_rocmfp4_fast m=2048 n=32 k=2048 batch=4: 22 x 142.416 us = 3133.16 us (7537.61 GFLOPS/s)
MUL_MAT q4_0_rocmfp4_fast m=512 n=128 k=2048: 16 x 43.45 us = 695.2 us (6176.52 GFLOPS/s)
MUL_MAT q4_0_rocmfp4_fast m=6144 n=32 k=2048 batch=4: 22 x 358.061 us = 7877.36 us (8994.09 GFLOPS/s)
RMS_NORM_MUL RMS_NORM(2048,128,1,1): 59 x 10.404 us = 613.88 us
RMS_NORM_MUL_ROPE RMS_NORM(64,32,128,1): 8 x 104.54 us = 836.32 us
RMS_NORM_MUL_ROPE RMS_NORM(64,8,128,1): 8 x 29.395 us = 235.16 us
SET_ROWS: 16 x 3.15 us = 50.4 us
SSM_CONV: 22 x 9.64 us = 212.08 us
Total time: 65412.2 us.
0.16.550.323 I slot print_timing: id  0 | task 5 | prompt processing, n_tokens =   3072, progress = 0.38, t =   6.38 s / 481.37 tokens per second
0.16.550.357 I slot print_timing: id  1 | task 4 | prompt processing, n_tokens =   3072, progress = 0.38, t =   6.38 s / 481.37 tokens per second
0.16.550.378 I slot print_timing: id  2 | task 3 | prompt processing, n_tokens =   3072, progress = 0.38, t =   6.38 s / 481.37 tokens per second
0.16.550.399 I slot print_timing: id  3 | task 1 | prompt processing, n_tokens =   3200, progress = 0.39, t =   6.46 s / 495.51 tokens per second
----------------
Vulkan Timings:
ADD: 58 x 7.798 us = 452.32 us
CONCAT: 22 x 23.014 us = 506.32 us
CPY: 22 x 3.832 us = 84.32 us
FLASH_ATTN_EXT dst(64,32,32,4),  q(64,32,32,4),  k(64,3328,8,4),  v(64,3328,8,4),  m(3328,32,1,4): 8 x 751.75 us = 6014 us (4642.05 GFLOPS/s)
GET_ROWS: 22 x 2.792 us = 61.44 us
GLU: 29 x 39.046 us = 1132.36 us
MUL: 44 x 9.816 us = 431.92 us
MUL_MAT f32 m=64 n=1024 k=64: 16 x 8.92 us = 142.72 us (933.08 GFLOPS/s)
MUL_MAT f32 m=64 n=4096 k=64: 16 x 13.492 us = 215.88 us (2467.47 GFLOPS/s)
MUL_MAT q4_0_rocmfp4_fast m=10752 n=128 k=2048: 58 x 423.338 us = 24553.6 us (13312.7 GFLOPS/s)
MUL_MAT q4_0_rocmfp4_fast m=2048 n=128 k=10752: 29 x 573.765 us = 16639.2 us (9824.37 GFLOPS/s)
MUL_MAT q4_0_rocmfp4_fast m=2048 n=128 k=2048: 16 x 100.307 us = 1604.92 us (10701.9 GFLOPS/s)
MUL_MAT q4_0_rocmfp4_fast m=2048 n=32 k=2048 batch=4: 22 x 143.216 us = 3150.76 us (7495.51 GFLOPS/s)
MUL_MAT q4_0_rocmfp4_fast m=512 n=128 k=2048: 16 x 45.63 us = 730.08 us (5881.44 GFLOPS/s)
MUL_MAT q4_0_rocmfp4_fast m=6144 n=32 k=2048 batch=4: 22 x 354.661 us = 7802.56 us (9080.31 GFLOPS/s)
RMS_NORM_MUL RMS_NORM(2048,128,1,1): 59 x 10.409 us = 614.16 us
RMS_NORM_MUL_ROPE RMS_NORM(64,32,128,1): 8 x 104.305 us = 834.44 us
RMS_NORM_MUL_ROPE RMS_NORM(64,8,128,1): 8 x 31.205 us = 249.64 us
SET_ROWS: 16 x 3.005 us = 48.08 us
SSM_CONV: 22 x 9.656 us = 212.44 us
Total time: 65481.2 us.
----------------
Vulkan Timings:
ADD: 58 x 7.478 us = 433.76 us
CONCAT: 22 x 24.89 us = 547.6 us
CPY: 22 x 3.827 us = 84.2 us
FLASH_ATTN_EXT dst(64,32,32,4),  q(64,32,32,4),  k(64,3328,8,4),  v(64,3328,8,4),  m(3328,32,1,4): 8 x 761.935 us = 6095.48 us (4580 GFLOPS/s)
GET_ROWS: 22 x 2.827 us = 62.2 us
GLU: 29 x 39.859 us = 1155.92 us
MUL: 44 x 9.439 us = 415.32 us
MUL_MAT f32 m=64 n=1024 k=64: 16 x 8.977 us = 143.64 us (927.104 GFLOPS/s)
MUL_MAT f32 m=64 n=4096 k=64: 16 x 13.447 us = 215.16 us (2475.72 GFLOPS/s)
MUL_MAT q4_0_rocmfp4_fast m=10752 n=128 k=2048: 58 x 425.477 us = 24677.7 us (13245.8 GFLOPS/s)
MUL_MAT q4_0_rocmfp4_fast m=2048 n=128 k=10752: 29 x 572.064 us = 16589.9 us (9853.57 GFLOPS/s)
MUL_MAT q4_0_rocmfp4_fast m=2048 n=128 k=2048: 16 x 104.345 us = 1669.52 us (10287.8 GFLOPS/s)
MUL_MAT q4_0_rocmfp4_fast m=2048 n=32 k=2048 batch=4: 22 x 144.281 us = 3174.2 us (7440.16 GFLOPS/s)
MUL_MAT q4_0_rocmfp4_fast m=512 n=128 k=2048: 16 x 42.155 us = 674.48 us (6366.27 GFLOPS/s)
MUL_MAT q4_0_rocmfp4_fast m=6144 n=32 k=2048 batch=4: 22 x 351.685 us = 7737.08 us (9157.16 GFLOPS/s)
RMS_NORM_MUL RMS_NORM(2048,128,1,1): 59 x 10.412 us = 614.32 us
RMS_NORM_MUL_ROPE RMS_NORM(64,32,128,1): 8 x 106.41 us = 851.28 us
RMS_NORM_MUL_ROPE RMS_NORM(64,8,128,1): 8 x 33.13 us = 265.04 us
SET_ROWS: 16 x 3.215 us = 51.44 us
SSM_CONV: 22 x 9.658 us = 212.48 us
Total time: 65670.7 us.
----------------
Vulkan Timings:
ADD: 58 x 7.603 us = 441 us
CONCAT: 22 x 24.536 us = 539.8 us
CPY: 22 x 3.792 us = 83.44 us
FLASH_ATTN_EXT dst(64,32,32,4),  q(64,32,32,4),  k(64,3328,8,4),  v(64,3328,8,4),  m(3328,32,1,4): 8 x 768.4 us = 6147.2 us (4541.46 GFLOPS/s)
GET_ROWS: 22 x 2.75 us = 60.52 us
GLU: 29 x 39.94 us = 1158.28 us
MUL: 44 x 9.244 us = 406.76 us
MUL_MAT f32 m=64 n=1024 k=64: 16 x 8.892 us = 142.28 us (935.965 GFLOPS/s)
MUL_MAT f32 m=64 n=4096 k=64: 16 x 13.587 us = 217.4 us (2450.21 GFLOPS/s)
MUL_MAT q4_0_rocmfp4_fast m=10752 n=128 k=2048: 58 x 424.367 us = 24613.3 us (13280.4 GFLOPS/s)
MUL_MAT q4_0_rocmfp4_fast m=2048 n=128 k=10752: 29 x 572.317 us = 16597.2 us (9849.23 GFLOPS/s)
MUL_MAT q4_0_rocmfp4_fast m=2048 n=128 k=2048: 16 x 98.202 us = 1571.24 us (10931.3 GFLOPS/s)
MUL_MAT q4_0_rocmfp4_fast m=2048 n=32 k=2048 batch=4: 22 x 141.623 us = 3115.72 us (7579.81 GFLOPS/s)
MUL_MAT q4_0_rocmfp4_fast m=512 n=128 k=2048: 16 x 47.097 us = 753.56 us (5698.18 GFLOPS/s)
MUL_MAT q4_0_rocmfp4_fast m=6144 n=32 k=2048 batch=4: 22 x 355.358 us = 7817.88 us (9062.52 GFLOPS/s)
RMS_NORM_MUL RMS_NORM(2048,128,1,1): 59 x 10.457 us = 617 us
RMS_NORM_MUL_ROPE RMS_NORM(64,32,128,1): 8 x 106.28 us = 850.24 us
RMS_NORM_MUL_ROPE RMS_NORM(64,8,128,1): 8 x 30.84 us = 246.72 us
SET_ROWS: 16 x 3.307 us = 52.92 us
SSM_CONV: 22 x 9.632 us = 211.92 us
Total time: 65644.4 us.
----------------
Vulkan Timings:
ADD: 58 x 7.439 us = 431.48 us
CONCAT: 22 x 23.325 us = 513.16 us
CPY: 22 x 3.827 us = 84.2 us
FLASH_ATTN_EXT dst(64,32,32,4),  q(64,32,32,4),  k(64,3328,8,4),  v(64,3328,8,4),  m(3328,32,1,4): 8 x 777.92 us = 6223.36 us (4485.89 GFLOPS/s)
GET_ROWS: 22 x 2.78 us = 61.16 us
GLU: 29 x 40.099 us = 1162.88 us
MUL: 44 x 9.412 us = 414.16 us
MUL_MAT f32 m=64 n=1024 k=64: 16 x 8.887 us = 142.2 us (936.492 GFLOPS/s)
MUL_MAT f32 m=64 n=4096 k=64: 16 x 13.59 us = 217.44 us (2449.76 GFLOPS/s)
MUL_MAT q4_0_rocmfp4_fast m=10752 n=128 k=2048: 58 x 423.567 us = 24566.9 us (13305.5 GFLOPS/s)
MUL_MAT q4_0_rocmfp4_fast m=2048 n=128 k=10752: 29 x 571.926 us = 16585.9 us (9855.95 GFLOPS/s)
MUL_MAT q4_0_rocmfp4_fast m=2048 n=128 k=2048: 16 x 100.35 us = 1605.6 us (10697.4 GFLOPS/s)
MUL_MAT q4_0_rocmfp4_fast m=2048 n=32 k=2048 batch=4: 22 x 145.034 us = 3190.76 us (7401.54 GFLOPS/s)
MUL_MAT q4_0_rocmfp4_fast m=512 n=128 k=2048: 16 x 43.15 us = 690.4 us (6219.47 GFLOPS/s)
MUL_MAT q4_0_rocmfp4_fast m=6144 n=32 k=2048 batch=4: 22 x 353.82 us = 7784.04 us (9101.91 GFLOPS/s)
RMS_NORM_MUL RMS_NORM(2048,128,1,1): 59 x 10.401 us = 613.68 us
RMS_NORM_MUL_ROPE RMS_NORM(64,32,128,1): 8 x 102.175 us = 817.4 us
RMS_NORM_MUL_ROPE RMS_NORM(64,8,128,1): 8 x 29.38 us = 235.04 us
SET_ROWS: 16 x 3.28 us = 52.48 us
SSM_CONV: 22 x 9.643 us = 212.16 us
Total time: 65604.4 us.
0.16.826.870 I slot print_timing: id  0 | task 5 | prompt processing, n_tokens =   3200, progress = 0.39, t =   6.66 s / 480.60 tokens per second
0.16.826.913 I slot print_timing: id  1 | task 4 | prompt processing, n_tokens =   3200, progress = 0.39, t =   6.66 s / 480.60 tokens per second
0.16.826.943 I slot print_timing: id  2 | task 3 | prompt processing, n_tokens =   3200, progress = 0.39, t =   6.66 s / 480.60 tokens per second
0.16.826.980 I slot print_timing: id  3 | task 1 | prompt processing, n_tokens =   3328, progress = 0.41, t =   6.73 s / 494.17 tokens per second
----------------
Vulkan Timings:
ADD: 58 x 7.658 us = 444.2 us
CONCAT: 22 x 23.789 us = 523.36 us
CPY: 22 x 3.774 us = 83.04 us
FLASH_ATTN_EXT dst(64,32,32,4),  q(64,32,32,4),  k(64,3584,8,4),  v(64,3584,8,4),  m(3584,32,1,4): 8 x 795.36 us = 6362.88 us (4725.03 GFLOPS/s)
GET_ROWS: 22 x 2.765 us = 60.84 us
GLU: 29 x 39.281 us = 1139.16 us
MUL: 44 x 9.813 us = 431.8 us
MUL_MAT f32 m=64 n=1024 k=64: 16 x 8.777 us = 140.44 us (948.228 GFLOPS/s)
MUL_MAT f32 m=64 n=4096 k=64: 16 x 13.672 us = 218.76 us (2434.98 GFLOPS/s)
MUL_MAT q4_0_rocmfp4_fast m=10752 n=128 k=2048: 58 x 424.195 us = 24603.4 us (13285.8 GFLOPS/s)
MUL_MAT q4_0_rocmfp4_fast m=2048 n=128 k=10752: 29 x 571.412 us = 16571 us (9864.82 GFLOPS/s)
MUL_MAT q4_0_rocmfp4_fast m=2048 n=128 k=2048: 16 x 97.98 us = 1567.68 us (10956.1 GFLOPS/s)
MUL_MAT q4_0_rocmfp4_fast m=2048 n=32 k=2048 batch=4: 22 x 145.16 us = 3193.52 us (7395.15 GFLOPS/s)
MUL_MAT q4_0_rocmfp4_fast m=512 n=128 k=2048: 16 x 46.172 us = 738.76 us (5812.33 GFLOPS/s)
MUL_MAT q4_0_rocmfp4_fast m=6144 n=32 k=2048 batch=4: 22 x 352.852 us = 7762.76 us (9126.86 GFLOPS/s)
RMS_NORM_MUL RMS_NORM(2048,128,1,1): 59 x 10.504 us = 619.76 us
RMS_NORM_MUL_ROPE RMS_NORM(64,32,128,1): 8 x 107.2 us = 857.6 us
RMS_NORM_MUL_ROPE RMS_NORM(64,8,128,1): 8 x 29.605 us = 236.84 us
SET_ROWS: 16 x 2.902 us = 46.44 us
SSM_CONV: 22 x 9.627 us = 211.8 us
Total time: 65814 us.
----------------
Vulkan Timings:
ADD: 58 x 8.053 us = 467.12 us
CONCAT: 22 x 22.907 us = 503.96 us
CPY: 22 x 3.82 us = 84.04 us
FLASH_ATTN_EXT dst(64,32,32,4),  q(64,32,32,4),  k(64,3584,8,4),  v(64,3584,8,4),  m(3584,32,1,4): 8 x 798.925 us = 6391.4 us (4703.94 GFLOPS/s)
GET_ROWS: 22 x 2.763 us = 60.8 us
GLU: 29 x 40.097 us = 1162.84 us
MUL: 44 x 9.379 us = 412.68 us
MUL_MAT f32 m=64 n=1024 k=64: 16 x 8.927 us = 142.84 us (932.296 GFLOPS/s)
MUL_MAT f32 m=64 n=4096 k=64: 16 x 13.467 us = 215.48 us (2472.05 GFLOPS/s)
MUL_MAT q4_0_rocmfp4_fast m=10752 n=128 k=2048: 58 x 424.117 us = 24598.8 us (13288.2 GFLOPS/s)
MUL_MAT q4_0_rocmfp4_fast m=2048 n=128 k=10752: 29 x 572.115 us = 16591.4 us (9852.69 GFLOPS/s)
MUL_MAT q4_0_rocmfp4_fast m=2048 n=128 k=2048: 16 x 101.535 us = 1624.56 us (10572.5 GFLOPS/s)
MUL_MAT q4_0_rocmfp4_fast m=2048 n=32 k=2048 batch=4: 22 x 139.789 us = 3075.36 us (7679.28 GFLOPS/s)
MUL_MAT q4_0_rocmfp4_fast m=512 n=128 k=2048: 16 x 42.557 us = 680.92 us (6306.05 GFLOPS/s)
MUL_MAT q4_0_rocmfp4_fast m=6144 n=32 k=2048 batch=4: 22 x 356.132 us = 7834.92 us (9042.81 GFLOPS/s)
RMS_NORM_MUL RMS_NORM(2048,128,1,1): 59 x 10.384 us = 612.68 us
RMS_NORM_MUL_ROPE RMS_NORM(64,32,128,1): 8 x 102.175 us = 817.4 us
RMS_NORM_MUL_ROPE RMS_NORM(64,8,128,1): 8 x 27.5 us = 220 us
SET_ROWS: 16 x 2.632 us = 42.12 us
SSM_CONV: 22 x 10.767 us = 236.88 us
Total time: 65776.2 us.
----------------
Vulkan Timings:
ADD: 58 x 7.804 us = 452.68 us
CONCAT: 22 x 23.465 us = 516.24 us
CPY: 22 x 3.78 us = 83.16 us
FLASH_ATTN_EXT dst(64,32,32,4),  q(64,32,32,4),  k(64,3584,8,4),  v(64,3584,8,4),  m(3584,32,1,4): 8 x 799.115 us = 6392.92 us (4702.82 GFLOPS/s)
GET_ROWS: 22 x 2.794 us = 61.48 us
GLU: 29 x 40.195 us = 1165.68 us
MUL: 44 x 10.401 us = 457.68 us
MUL_MAT f32 m=64 n=1024 k=64: 16 x 8.947 us = 143.16 us (930.212 GFLOPS/s)
MUL_MAT f32 m=64 n=4096 k=64: 16 x 13.515 us = 216.24 us (2463.36 GFLOPS/s)
MUL_MAT q4_0_rocmfp4_fast m=10752 n=128 k=2048: 58 x 422.385 us = 24498.4 us (13342.7 GFLOPS/s)
MUL_MAT q4_0_rocmfp4_fast m=2048 n=128 k=10752: 29 x 575.045 us = 16676.3 us (9802.5 GFLOPS/s)
MUL_MAT q4_0_rocmfp4_fast m=2048 n=128 k=2048: 16 x 97.585 us = 1561.36 us (11000.5 GFLOPS/s)
MUL_MAT q4_0_rocmfp4_fast m=2048 n=32 k=2048 batch=4: 22 x 142.507 us = 3135.16 us (7532.81 GFLOPS/s)
MUL_MAT q4_0_rocmfp4_fast m=512 n=128 k=2048: 16 x 43.992 us = 703.88 us (6100.36 GFLOPS/s)
MUL_MAT q4_0_rocmfp4_fast m=6144 n=32 k=2048 batch=4: 22 x 354.69 us = 7803.2 us (9079.56 GFLOPS/s)
RMS_NORM_MUL RMS_NORM(2048,128,1,1): 59 x 10.409 us = 614.16 us
RMS_NORM_MUL_ROPE RMS_NORM(64,32,128,1): 8 x 100.39 us = 803.12 us
RMS_NORM_MUL_ROPE RMS_NORM(64,8,128,1): 8 x 27.5 us = 220 us
SET_ROWS: 16 x 3.17 us = 50.72 us
SSM_CONV: 22 x 9.645 us = 212.2 us
Total time: 65767.7 us.
----------------
Vulkan Timings:
ADD: 58 x 7.812 us = 453.12 us
CONCAT: 22 x 21.43 us = 471.48 us
CPY: 22 x 3.781 us = 83.2 us
FLASH_ATTN_EXT dst(64,32,32,4),  q(64,32,32,4),  k(64,3584,8,4),  v(64,3584,8,4),  m(3584,32,1,4): 8 x 824.41 us = 6595.28 us (4558.53 GFLOPS/s)
GET_ROWS: 22 x 2.796 us = 61.52 us
GLU: 29 x 38.306 us = 1110.88 us
MUL: 44 x 10.215 us = 449.48 us
MUL_MAT f32 m=64 n=1024 k=64: 16 x 9.11 us = 145.76 us (913.619 GFLOPS/s)
MUL_MAT f32 m=64 n=4096 k=64: 16 x 13.68 us = 218.88 us (2433.65 GFLOPS/s)
MUL_MAT q4_0_rocmfp4_fast m=10752 n=128 k=2048: 58 x 423.304 us = 24551.7 us (13313.7 GFLOPS/s)
MUL_MAT q4_0_rocmfp4_fast m=2048 n=128 k=10752: 29 x 573.035 us = 16618 us (9836.88 GFLOPS/s)
MUL_MAT q4_0_rocmfp4_fast m=2048 n=128 k=2048: 16 x 102.967 us = 1647.48 us (10425.4 GFLOPS/s)
MUL_MAT q4_0_rocmfp4_fast m=2048 n=32 k=2048 batch=4: 22 x 141.467 us = 3112.28 us (7588.18 GFLOPS/s)
MUL_MAT q4_0_rocmfp4_fast m=512 n=128 k=2048: 16 x 43.052 us = 688.84 us (6233.55 GFLOPS/s)
MUL_MAT q4_0_rocmfp4_fast m=6144 n=32 k=2048 batch=4: 22 x 352.494 us = 7754.88 us (9136.14 GFLOPS/s)
RMS_NORM_MUL RMS_NORM(2048,128,1,1): 59 x 10.418 us = 614.72 us
RMS_NORM_MUL_ROPE RMS_NORM(64,32,128,1): 8 x 100.435 us = 803.48 us
RMS_NORM_MUL_ROPE RMS_NORM(64,8,128,1): 8 x 30.025 us = 240.2 us
SET_ROWS: 16 x 3.15 us = 50.4 us
SSM_CONV: 22 x 9.68 us = 212.96 us
Total time: 65884.6 us.
0.17.106.883 I slot print_timing: id  0 | task 5 | prompt processing, n_tokens =   3328, progress = 0.41, t =   6.94 s / 479.65 tokens per second
0.17.106.930 I slot print_timing: id  1 | task 4 | prompt processing, n_tokens =   3328, progress = 0.41, t =   6.94 s / 479.66 tokens per second
0.17.106.959 I slot print_timing: id  2 | task 3 | prompt processing, n_tokens =   3328, progress = 0.41, t =   6.94 s / 479.66 tokens per second
0.17.106.990 I slot print_timing: id  3 | task 1 | prompt processing, n_tokens =   3456, progress = 0.42, t =   7.01 s / 492.69 tokens per second
----------------
Vulkan Timings:
ADD: 58 x 7.456 us = 432.48 us
CONCAT: 22 x 23.336 us = 513.4 us
CPY: 22 x 3.803 us = 83.68 us
FLASH_ATTN_EXT dst(64,32,32,4),  q(64,32,32,4),  k(64,3584,8,4),  v(64,3584,8,4),  m(3584,32,1,4): 8 x 822.99 us = 6583.92 us (4566.39 GFLOPS/s)
GET_ROWS: 22 x 2.761 us = 60.76 us
GLU: 29 x 37.486 us = 1087.12 us
MUL: 44 x 8.843 us = 389.12 us
MUL_MAT f32 m=64 n=1024 k=64: 16 x 8.785 us = 140.56 us (947.419 GFLOPS/s)
MUL_MAT f32 m=64 n=4096 k=64: 16 x 13.517 us = 216.28 us (2462.9 GFLOPS/s)
MUL_MAT q4_0_rocmfp4_fast m=10752 n=128 k=2048: 58 x 425.856 us = 24699.7 us (13234 GFLOPS/s)
MUL_MAT q4_0_rocmfp4_fast m=2048 n=128 k=10752: 29 x 575.577 us = 16691.8 us (9793.43 GFLOPS/s)
MUL_MAT q4_0_rocmfp4_fast m=2048 n=128 k=2048: 16 x 107.197 us = 1715.16 us (10014 GFLOPS/s)
MUL_MAT q4_0_rocmfp4_fast m=2048 n=32 k=2048 batch=4: 22 x 141.185 us = 3106.08 us (7603.33 GFLOPS/s)
MUL_MAT q4_0_rocmfp4_fast m=512 n=128 k=2048: 16 x 42.102 us = 673.64 us (6374.2 GFLOPS/s)
MUL_MAT q4_0_rocmfp4_fast m=6144 n=32 k=2048 batch=4: 22 x 357.127 us = 7856.8 us (9017.62 GFLOPS/s)
RMS_NORM_MUL RMS_NORM(2048,128,1,1): 59 x 10.402 us = 613.72 us
RMS_NORM_MUL_ROPE RMS_NORM(64,32,128,1): 8 x 109.32 us = 874.56 us
RMS_NORM_MUL_ROPE RMS_NORM(64,8,128,1): 8 x 33.075 us = 264.6 us
SET_ROWS: 16 x 3.162 us = 50.6 us
SSM_CONV: 22 x 9.632 us = 211.92 us
Total time: 66265.8 us.
----------------
Vulkan Timings:
ADD: 58 x 8.037 us = 466.16 us
CONCAT: 22 x 24.954 us = 549 us
CPY: 22 x 4.852 us = 106.76 us
FLASH_ATTN_EXT dst(64,32,32,4),  q(64,32,32,4),  k(64,3584,8,4),  v(64,3584,8,4),  m(3584,32,1,4): 8 x 827.04 us = 6616.32 us (4544.03 GFLOPS/s)
GET_ROWS: 22 x 2.79 us = 61.4 us
GLU: 29 x 39.428 us = 1143.44 us
MUL: 44 x 9.018 us = 396.8 us
MUL_MAT f32 m=64 n=1024 k=64: 16 x 8.9 us = 142.4 us (935.177 GFLOPS/s)
MUL_MAT f32 m=64 n=4096 k=64: 16 x 13.582 us = 217.32 us (2451.12 GFLOPS/s)
MUL_MAT q4_0_rocmfp4_fast m=10752 n=128 k=2048: 58 x 426.013 us = 24708.8 us (13229.1 GFLOPS/s)
MUL_MAT q4_0_rocmfp4_fast m=2048 n=128 k=10752: 29 x 570.133 us = 16533.9 us (9886.95 GFLOPS/s)
MUL_MAT q4_0_rocmfp4_fast m=2048 n=128 k=2048: 16 x 111.25 us = 1780 us (9649.26 GFLOPS/s)
MUL_MAT q4_0_rocmfp4_fast m=2048 n=32 k=2048 batch=4: 22 x 141.669 us = 3116.72 us (7577.37 GFLOPS/s)
MUL_MAT q4_0_rocmfp4_fast m=512 n=128 k=2048: 16 x 37.095 us = 593.52 us (7234.67 GFLOPS/s)
MUL_MAT q4_0_rocmfp4_fast m=6144 n=32 k=2048 batch=4: 22 x 355.192 us = 7814.24 us (9066.74 GFLOPS/s)
RMS_NORM_MUL RMS_NORM(2048,128,1,1): 59 x 10.723 us = 632.68 us
RMS_NORM_MUL_ROPE RMS_NORM(64,32,128,1): 8 x 105.855 us = 846.84 us
RMS_NORM_MUL_ROPE RMS_NORM(64,8,128,1): 8 x 29.885 us = 239.08 us
SET_ROWS: 16 x 3.352 us = 53.64 us
SSM_CONV: 22 x 9.694 us = 213.28 us
Total time: 66232.2 us.
----------------
Vulkan Timings:
ADD: 58 x 8.268 us = 479.6 us
CONCAT: 22 x 22.521 us = 495.48 us
CPY: 22 x 3.78 us = 83.16 us
FLASH_ATTN_EXT dst(64,32,32,4),  q(64,32,32,4),  k(64,3584,8,4),  v(64,3584,8,4),  m(3584,32,1,4): 8 x 835.84 us = 6686.72 us (4496.19 GFLOPS/s)
GET_ROWS: 22 x 2.694 us = 59.28 us
GLU: 29 x 39.863 us = 1156.04 us
MUL: 44 x 9.856 us = 433.68 us
MUL_MAT f32 m=64 n=1024 k=64: 16 x 8.94 us = 143.04 us (930.992 GFLOPS/s)
MUL_MAT f32 m=64 n=4096 k=64: 16 x 13.615 us = 217.84 us (2445.27 GFLOPS/s)
MUL_MAT q4_0_rocmfp4_fast m=10752 n=128 k=2048: 58 x 422.507 us = 24505.4 us (13338.9 GFLOPS/s)
MUL_MAT q4_0_rocmfp4_fast m=2048 n=128 k=10752: 29 x 572.564 us = 16604.4 us (9844.98 GFLOPS/s)
MUL_MAT q4_0_rocmfp4_fast m=2048 n=128 k=2048: 16 x 99.38 us = 1590.08 us (10801.8 GFLOPS/s)
MUL_MAT q4_0_rocmfp4_fast m=2048 n=32 k=2048 batch=4: 22 x 139.576 us = 3070.68 us (7690.98 GFLOPS/s)
MUL_MAT q4_0_rocmfp4_fast m=512 n=128 k=2048: 16 x 42.387 us = 678.2 us (6331.35 GFLOPS/s)
MUL_MAT q4_0_rocmfp4_fast m=6144 n=32 k=2048 batch=4: 22 x 354.003 us = 7788.08 us (9097.19 GFLOPS/s)
RMS_NORM_MUL RMS_NORM(2048,128,1,1): 59 x 10.419 us = 614.76 us
RMS_NORM_MUL_ROPE RMS_NORM(64,32,128,1): 8 x 100.405 us = 803.24 us
RMS_NORM_MUL_ROPE RMS_NORM(64,8,128,1): 8 x 27.435 us = 219.48 us
SET_ROWS: 16 x 3.015 us = 48.24 us
SSM_CONV: 22 x 9.69 us = 213.2 us
Total time: 65890.6 us.
----------------
Vulkan Timings:
ADD: 58 x 7.972 us = 462.4 us
CONCAT: 22 x 22.465 us = 494.24 us
CPY: 22 x 4.527 us = 99.6 us
FLASH_ATTN_EXT dst(64,32,32,4),  q(64,32,32,4),  k(64,3584,8,4),  v(64,3584,8,4),  m(3584,32,1,4): 8 x 838.585 us = 6708.68 us (4481.47 GFLOPS/s)
GET_ROWS: 22 x 2.767 us = 60.88 us
GLU: 29 x 38.697 us = 1122.24 us
MUL: 44 x 10.851 us = 477.48 us
MUL_MAT f32 m=64 n=1024 k=64: 16 x 8.955 us = 143.28 us (929.433 GFLOPS/s)
MUL_MAT f32 m=64 n=4096 k=64: 16 x 13.585 us = 217.36 us (2450.67 GFLOPS/s)
MUL_MAT q4_0_rocmfp4_fast m=10752 n=128 k=2048: 58 x 423.255 us = 24548.8 us (13315.3 GFLOPS/s)
MUL_MAT q4_0_rocmfp4_fast m=2048 n=128 k=10752: 29 x 572.361 us = 16598.5 us (9848.47 GFLOPS/s)
MUL_MAT q4_0_rocmfp4_fast m=2048 n=128 k=2048: 16 x 97.135 us = 1554.16 us (11051.4 GFLOPS/s)
MUL_MAT q4_0_rocmfp4_fast m=2048 n=32 k=2048 batch=4: 22 x 142.78 us = 3141.16 us (7518.42 GFLOPS/s)
MUL_MAT q4_0_rocmfp4_fast m=512 n=128 k=2048: 16 x 44.075 us = 705.2 us (6088.94 GFLOPS/s)
MUL_MAT q4_0_rocmfp4_fast m=6144 n=32 k=2048 batch=4: 22 x 350.318 us = 7707 us (9192.9 GFLOPS/s)
RMS_NORM_MUL RMS_NORM(2048,128,1,1): 59 x 10.341 us = 610.16 us
RMS_NORM_MUL_ROPE RMS_NORM(64,32,128,1): 8 x 100.5 us = 804 us
RMS_NORM_MUL_ROPE RMS_NORM(64,8,128,1): 8 x 29.315 us = 234.52 us
SET_ROWS: 16 x 2.81 us = 44.96 us
SSM_CONV: 22 x 9.636 us = 212 us
Total time: 65946.6 us.
0.17.385.912 I slot print_timing: id  0 | task 5 | prompt processing, n_tokens =   3456, progress = 0.42, t =   7.22 s / 478.84 tokens per second
0.17.385.944 I slot print_timing: id  1 | task 4 | prompt processing, n_tokens =   3456, progress = 0.42, t =   7.22 s / 478.85 tokens per second
0.17.385.965 I slot print_timing: id  2 | task 3 | prompt processing, n_tokens =   3456, progress = 0.42, t =   7.22 s / 478.85 tokens per second
0.17.385.986 I slot print_timing: id  3 | task 1 | prompt processing, n_tokens =   3584, progress = 0.44, t =   7.29 s / 491.39 tokens per second
----------------
Vulkan Timings:
ADD: 58 x 7.224 us = 419.04 us
CONCAT: 22 x 25.57 us = 562.56 us
CPY: 22 x 3.789 us = 83.36 us
FLASH_ATTN_EXT dst(64,32,32,4),  q(64,32,32,4),  k(64,3840,8,4),  v(64,3840,8,4),  m(3840,32,1,4): 8 x 843.99 us = 6751.92 us (4770.83 GFLOPS/s)
GET_ROWS: 22 x 2.767 us = 60.88 us
GLU: 29 x 40.851 us = 1184.68 us
MUL: 44 x 8.056 us = 354.48 us
MUL_MAT f32 m=64 n=1024 k=64: 16 x 8.895 us = 142.32 us (935.702 GFLOPS/s)
MUL_MAT f32 m=64 n=4096 k=64: 16 x 13.832 us = 221.32 us (2406.82 GFLOPS/s)
MUL_MAT q4_0_rocmfp4_fast m=10752 n=128 k=2048: 58 x 426.883 us = 24759.2 us (13202.1 GFLOPS/s)
MUL_MAT q4_0_rocmfp4_fast m=2048 n=128 k=10752: 29 x 570.48 us = 16543.9 us (9880.95 GFLOPS/s)
MUL_MAT q4_0_rocmfp4_fast m=2048 n=128 k=2048: 16 x 100.882 us = 1614.12 us (10640.9 GFLOPS/s)
MUL_MAT q4_0_rocmfp4_fast m=2048 n=32 k=2048 batch=4: 22 x 142.603 us = 3137.28 us (7527.72 GFLOPS/s)
MUL_MAT q4_0_rocmfp4_fast m=512 n=128 k=2048: 16 x 47.055 us = 752.88 us (5703.32 GFLOPS/s)
MUL_MAT q4_0_rocmfp4_fast m=6144 n=32 k=2048 batch=4: 22 x 361.55 us = 7954.12 us (8907.29 GFLOPS/s)
RMS_NORM_MUL RMS_NORM(2048,128,1,1): 59 x 10.68 us = 630.16 us
RMS_NORM_MUL_ROPE RMS_NORM(64,32,128,1): 8 x 104.89 us = 839.12 us
RMS_NORM_MUL_ROPE RMS_NORM(64,8,128,1): 8 x 33.33 us = 266.64 us
SET_ROWS: 16 x 3.12 us = 49.92 us
SSM_CONV: 22 x 9.647 us = 212.24 us
Total time: 66540.2 us.
----------------
Vulkan Timings:
ADD: 58 x 8.39 us = 486.64 us
CONCAT: 22 x 22.189 us = 488.16 us
CPY: 22 x 3.803 us = 83.68 us
FLASH_ATTN_EXT dst(64,32,32,4),  q(64,32,32,4),  k(64,3840,8,4),  v(64,3840,8,4),  m(3840,32,1,4): 8 x 844.97 us = 6759.76 us (4765.3 GFLOPS/s)
GET_ROWS: 22 x 2.758 us = 60.68 us
GLU: 29 x 38.182 us = 1107.28 us
MUL: 44 x 10.378 us = 456.64 us
MUL_MAT f32 m=64 n=1024 k=64: 16 x 8.817 us = 141.08 us (943.927 GFLOPS/s)
MUL_MAT f32 m=64 n=4096 k=64: 16 x 13.572 us = 217.16 us (2452.92 GFLOPS/s)
MUL_MAT q4_0_rocmfp4_fast m=10752 n=128 k=2048: 58 x 423.108 us = 24540.3 us (13319.9 GFLOPS/s)
MUL_MAT q4_0_rocmfp4_fast m=2048 n=128 k=10752: 29 x 574.12 us = 16649.5 us (9818.3 GFLOPS/s)
MUL_MAT q4_0_rocmfp4_fast m=2048 n=128 k=2048: 16 x 98.682 us = 1578.92 us (10878.1 GFLOPS/s)
MUL_MAT q4_0_rocmfp4_fast m=2048 n=32 k=2048 batch=4: 22 x 140.08 us = 3081.76 us (7663.33 GFLOPS/s)
MUL_MAT q4_0_rocmfp4_fast m=512 n=128 k=2048: 16 x 42.845 us = 685.52 us (6263.74 GFLOPS/s)
MUL_MAT q4_0_rocmfp4_fast m=6144 n=32 k=2048 batch=4: 22 x 355.2 us = 7814.4 us (9066.55 GFLOPS/s)
RMS_NORM_MUL RMS_NORM(2048,128,1,1): 59 x 10.394 us = 613.28 us
RMS_NORM_MUL_ROPE RMS_NORM(64,32,128,1): 8 x 107.13 us = 857.04 us
RMS_NORM_MUL_ROPE RMS_NORM(64,8,128,1): 8 x 27.555 us = 220.44 us
SET_ROWS: 16 x 2.852 us = 45.64 us
SSM_CONV: 22 x 9.638 us = 212.04 us
Total time: 66099.9 us.
----------------
Vulkan Timings:
ADD: 58 x 8.324 us = 482.8 us
CONCAT: 22 x 24.972 us = 549.4 us
CPY: 22 x 3.829 us = 84.24 us
FLASH_ATTN_EXT dst(64,32,32,4),  q(64,32,32,4),  k(64,3840,8,4),  v(64,3840,8,4),  m(3840,32,1,4): 8 x 859.08 us = 6872.64 us (4687.03 GFLOPS/s)
GET_ROWS: 22 x 2.72 us = 59.84 us
GLU: 29 x 37.828 us = 1097.04 us
MUL: 44 x 8.943 us = 393.52 us
MUL_MAT f32 m=64 n=1024 k=64: 16 x 8.87 us = 141.92 us (938.34 GFLOPS/s)
MUL_MAT f32 m=64 n=4096 k=64: 16 x 13.482 us = 215.72 us (2469.3 GFLOPS/s)
MUL_MAT q4_0_rocmfp4_fast m=10752 n=128 k=2048: 58 x 423.979 us = 24590.8 us (13292.6 GFLOPS/s)
MUL_MAT q4_0_rocmfp4_fast m=2048 n=128 k=10752: 29 x 571.6 us = 16576.4 us (9861.59 GFLOPS/s)
MUL_MAT q4_0_rocmfp4_fast m=2048 n=128 k=2048: 16 x 106.792 us = 1708.68 us (10052 GFLOPS/s)
MUL_MAT q4_0_rocmfp4_fast m=2048 n=32 k=2048 batch=4: 22 x 140.103 us = 3082.28 us (7662.04 GFLOPS/s)
MUL_MAT q4_0_rocmfp4_fast m=512 n=128 k=2048: 16 x 39.655 us = 634.48 us (6767.62 GFLOPS/s)
MUL_MAT q4_0_rocmfp4_fast m=6144 n=32 k=2048 batch=4: 22 x 358.656 us = 7890.44 us (8979.18 GFLOPS/s)
RMS_NORM_MUL RMS_NORM(2048,128,1,1): 59 x 10.408 us = 614.08 us
RMS_NORM_MUL_ROPE RMS_NORM(64,32,128,1): 8 x 110.82 us = 886.56 us
RMS_NORM_MUL_ROPE RMS_NORM(64,8,128,1): 8 x 32.845 us = 262.76 us
SET_ROWS: 16 x 3.367 us = 53.88 us
SSM_CONV: 22 x 10.689 us = 235.16 us
Total time: 66432.6 us.
----------------
Vulkan Timings:
ADD: 58 x 8.034 us = 466 us
CONCAT: 22 x 21.407 us = 470.96 us
CPY: 22 x 3.796 us = 83.52 us
FLASH_ATTN_EXT dst(64,32,32,4),  q(64,32,32,4),  k(64,3840,8,4),  v(64,3840,8,4),  m(3840,32,1,4): 8 x 866.49 us = 6931.92 us (4646.95 GFLOPS/s)
GET_ROWS: 22 x 2.729 us = 60.04 us
GLU: 29 x 39.5 us = 1145.52 us
MUL: 44 x 10.184 us = 448.12 us
MUL_MAT f32 m=64 n=1024 k=64: 16 x 8.93 us = 142.88 us (932.035 GFLOPS/s)
MUL_MAT f32 m=64 n=4096 k=64: 16 x 13.59 us = 217.44 us (2449.76 GFLOPS/s)
MUL_MAT q4_0_rocmfp4_fast m=10752 n=128 k=2048: 58 x 421.162 us = 24427.4 us (13381.5 GFLOPS/s)
MUL_MAT q4_0_rocmfp4_fast m=2048 n=128 k=10752: 29 x 573.532 us = 16632.4 us (9828.36 GFLOPS/s)
MUL_MAT q4_0_rocmfp4_fast m=2048 n=128 k=2048: 16 x 101.637 us = 1626.2 us (10561.8 GFLOPS/s)
MUL_MAT q4_0_rocmfp4_fast m=2048 n=32 k=2048 batch=4: 22 x 140.427 us = 3089.4 us (7644.38 GFLOPS/s)
MUL_MAT q4_0_rocmfp4_fast m=512 n=128 k=2048: 16 x 44.045 us = 704.72 us (6093.08 GFLOPS/s)
MUL_MAT q4_0_rocmfp4_fast m=6144 n=32 k=2048 batch=4: 22 x 357.48 us = 7864.56 us (9008.73 GFLOPS/s)
RMS_NORM_MUL RMS_NORM(2048,128,1,1): 59 x 10.428 us = 615.28 us
RMS_NORM_MUL_ROPE RMS_NORM(64,32,128,1): 8 x 105.365 us = 842.92 us
RMS_NORM_MUL_ROPE RMS_NORM(64,8,128,1): 8 x 29.32 us = 234.56 us
SET_ROWS: 16 x 3.13 us = 50.08 us
SSM_CONV: 22 x 9.672 us = 212.8 us
Total time: 66266.8 us.
0.17.668.186 I slot print_timing: id  0 | task 5 | prompt processing, n_tokens =   3584, progress = 0.44, t =   7.50 s / 477.89 tokens per second
0.17.668.218 I slot print_timing: id  1 | task 4 | prompt processing, n_tokens =   3584, progress = 0.44, t =   7.50 s / 477.89 tokens per second
0.17.668.258 I slot print_timing: id  2 | task 3 | prompt processing, n_tokens =   3584, progress = 0.44, t =   7.50 s / 477.89 tokens per second
0.17.668.289 I slot print_timing: id  3 | task 1 | prompt processing, n_tokens =   3712, progress = 0.45, t =   7.58 s / 489.98 tokens per second
----------------
Vulkan Timings:
ADD: 58 x 7.613 us = 441.56 us
CONCAT: 22 x 21.385 us = 470.48 us
CPY: 22 x 3.8 us = 83.6 us
FLASH_ATTN_EXT dst(64,32,32,4),  q(64,32,32,4),  k(64,3840,8,4),  v(64,3840,8,4),  m(3840,32,1,4): 8 x 866.505 us = 6932.04 us (4646.87 GFLOPS/s)
GET_ROWS: 22 x 2.772 us = 61 us
GLU: 29 x 38.728 us = 1123.12 us
MUL: 44 x 10.584 us = 465.72 us
MUL_MAT f32 m=64 n=1024 k=64: 16 x 8.905 us = 142.48 us (934.652 GFLOPS/s)
MUL_MAT f32 m=64 n=4096 k=64: 16 x 13.455 us = 215.28 us (2474.34 GFLOPS/s)
MUL_MAT q4_0_rocmfp4_fast m=10752 n=128 k=2048: 58 x 423.128 us = 24541.4 us (13319.3 GFLOPS/s)
MUL_MAT q4_0_rocmfp4_fast m=2048 n=128 k=10752: 29 x 576.322 us = 16713.4 us (9780.77 GFLOPS/s)
MUL_MAT q4_0_rocmfp4_fast m=2048 n=128 k=2048: 16 x 100.367 us = 1605.88 us (10695.5 GFLOPS/s)
MUL_MAT q4_0_rocmfp4_fast m=2048 n=32 k=2048 batch=4: 22 x 140.038 us = 3080.84 us (7665.62 GFLOPS/s)
MUL_MAT q4_0_rocmfp4_fast m=512 n=128 k=2048: 16 x 41.837 us = 669.4 us (6414.58 GFLOPS/s)
MUL_MAT q4_0_rocmfp4_fast m=6144 n=32 k=2048 batch=4: 22 x 354.038 us = 7788.84 us (9096.3 GFLOPS/s)
RMS_NORM_MUL RMS_NORM(2048,128,1,1): 59 x 10.412 us = 614.32 us
RMS_NORM_MUL_ROPE RMS_NORM(64,32,128,1): 8 x 100.39 us = 803.12 us
RMS_NORM_MUL_ROPE RMS_NORM(64,8,128,1): 8 x 27.49 us = 219.92 us
SET_ROWS: 16 x 3.2 us = 51.2 us
SSM_CONV: 22 x 9.605 us = 211.32 us
Total time: 66234.9 us.
----------------
Vulkan Timings:
ADD: 58 x 8.51 us = 493.6 us
CONCAT: 22 x 24.36 us = 535.92 us
CPY: 22 x 3.816 us = 83.96 us
FLASH_ATTN_EXT dst(64,32,32,4),  q(64,32,32,4),  k(64,3840,8,4),  v(64,3840,8,4),  m(3840,32,1,4): 8 x 885.725 us = 7085.8 us (4546.03 GFLOPS/s)
GET_ROWS: 22 x 2.754 us = 60.6 us
GLU: 29 x 39.205 us = 1136.96 us
MUL: 44 x 8.579 us = 377.48 us
MUL_MAT f32 m=64 n=1024 k=64: 16 x 8.977 us = 143.64 us (927.104 GFLOPS/s)
MUL_MAT f32 m=64 n=4096 k=64: 16 x 13.602 us = 217.64 us (2447.51 GFLOPS/s)
MUL_MAT q4_0_rocmfp4_fast m=10752 n=128 k=2048: 58 x 423.16 us = 24543.3 us (13318.3 GFLOPS/s)
MUL_MAT q4_0_rocmfp4_fast m=2048 n=128 k=10752: 29 x 570.802 us = 16553.3 us (9875.36 GFLOPS/s)
MUL_MAT q4_0_rocmfp4_fast m=2048 n=128 k=2048: 16 x 109.54 us = 1752.64 us (9799.89 GFLOPS/s)
MUL_MAT q4_0_rocmfp4_fast m=2048 n=32 k=2048 batch=4: 22 x 141.71 us = 3117.64 us (7575.14 GFLOPS/s)
MUL_MAT q4_0_rocmfp4_fast m=512 n=128 k=2048: 16 x 39.637 us = 634.2 us (6770.61 GFLOPS/s)
MUL_MAT q4_0_rocmfp4_fast m=6144 n=32 k=2048 batch=4: 22 x 357.112 us = 7856.48 us (9017.99 GFLOPS/s)
RMS_NORM_MUL RMS_NORM(2048,128,1,1): 59 x 10.361 us = 611.32 us
RMS_NORM_MUL_ROPE RMS_NORM(64,32,128,1): 8 x 106.03 us = 848.24 us
RMS_NORM_MUL_ROPE RMS_NORM(64,8,128,1): 8 x 27.555 us = 220.44 us
SET_ROWS: 16 x 3.272 us = 52.36 us
SSM_CONV: 22 x 9.71 us = 213.64 us
Total time: 66539.2 us.
----------------
Vulkan Timings:
ADD: 58 x 7.49 us = 434.44 us
CONCAT: 22 x 23.709 us = 521.6 us
CPY: 22 x 3.809 us = 83.8 us
FLASH_ATTN_EXT dst(64,32,32,4),  q(64,32,32,4),  k(64,3840,8,4),  v(64,3840,8,4),  m(3840,32,1,4): 8 x 895.86 us = 7166.88 us (4494.6 GFLOPS/s)
GET_ROWS: 22 x 2.76 us = 60.72 us
GLU: 29 x 39.398 us = 1142.56 us
MUL: 44 x 8.917 us = 392.36 us
MUL_MAT f32 m=64 n=1024 k=64: 16 x 9.002 us = 144.04 us (924.529 GFLOPS/s)
MUL_MAT f32 m=64 n=4096 k=64: 16 x 13.62 us = 217.92 us (2444.37 GFLOPS/s)
MUL_MAT q4_0_rocmfp4_fast m=10752 n=128 k=2048: 58 x 425.778 us = 24695.2 us (13236.4 GFLOPS/s)
MUL_MAT q4_0_rocmfp4_fast m=2048 n=128 k=10752: 29 x 570.04 us = 16531.2 us (9888.57 GFLOPS/s)
MUL_MAT q4_0_rocmfp4_fast m=2048 n=128 k=2048: 16 x 104.932 us = 1678.92 us (10230.2 GFLOPS/s)
MUL_MAT q4_0_rocmfp4_fast m=2048 n=32 k=2048 batch=4: 22 x 142.823 us = 3142.12 us (7516.12 GFLOPS/s)
MUL_MAT q4_0_rocmfp4_fast m=512 n=128 k=2048: 16 x 45.612 us = 729.8 us (5883.69 GFLOPS/s)
MUL_MAT q4_0_rocmfp4_fast m=6144 n=32 k=2048 batch=4: 22 x 359.57 us = 7910.56 us (8956.34 GFLOPS/s)
RMS_NORM_MUL RMS_NORM(2048,128,1,1): 59 x 10.414 us = 614.44 us
RMS_NORM_MUL_ROPE RMS_NORM(64,32,128,1): 8 x 109.49 us = 875.92 us
RMS_NORM_MUL_ROPE RMS_NORM(64,8,128,1): 8 x 33.38 us = 267.04 us
SET_ROWS: 16 x 3.435 us = 54.96 us
SSM_CONV: 22 x 9.616 us = 211.56 us
Total time: 66876 us.
----------------
Vulkan Timings:
ADD: 58 x 7.656 us = 444.08 us
CONCAT: 22 x 21.43 us = 471.48 us
CPY: 22 x 3.807 us = 83.76 us
FLASH_ATTN_EXT dst(64,32,32,4),  q(64,32,32,4),  k(64,3840,8,4),  v(64,3840,8,4),  m(3840,32,1,4): 8 x 892.505 us = 7140.04 us (4511.49 GFLOPS/s)
GET_ROWS: 22 x 2.785 us = 61.28 us
GLU: 29 x 38.862 us = 1127 us
MUL: 44 x 10.244 us = 450.76 us
MUL_MAT f32 m=64 n=1024 k=64: 16 x 8.695 us = 139.12 us (957.225 GFLOPS/s)
MUL_MAT f32 m=64 n=4096 k=64: 16 x 13.677 us = 218.84 us (2434.09 GFLOPS/s)
MUL_MAT q4_0_rocmfp4_fast m=10752 n=128 k=2048: 58 x 422.057 us = 24479.3 us (13353.1 GFLOPS/s)
MUL_MAT q4_0_rocmfp4_fast m=2048 n=128 k=10752: 29 x 573.19 us = 16622.5 us (9834.22 GFLOPS/s)
MUL_MAT q4_0_rocmfp4_fast m=2048 n=128 k=2048: 16 x 97.632 us = 1562.12 us (10995.1 GFLOPS/s)
MUL_MAT q4_0_rocmfp4_fast m=2048 n=32 k=2048 batch=4: 22 x 146.34 us = 3219.48 us (7335.52 GFLOPS/s)
MUL_MAT q4_0_rocmfp4_fast m=512 n=128 k=2048: 16 x 44.03 us = 704.48 us (6095.16 GFLOPS/s)
MUL_MAT q4_0_rocmfp4_fast m=6144 n=32 k=2048 batch=4: 22 x 351.227 us = 7727 us (9169.1 GFLOPS/s)
RMS_NORM_MUL RMS_NORM(2048,128,1,1): 59 x 10.614 us = 626.28 us
RMS_NORM_MUL_ROPE RMS_NORM(64,32,128,1): 8 x 106.92 us = 855.36 us
RMS_NORM_MUL_ROPE RMS_NORM(64,8,128,1): 8 x 27.525 us = 220.2 us
SET_ROWS: 16 x 3.017 us = 48.28 us
SSM_CONV: 22 x 9.67 us = 212.76 us
Total time: 66414.2 us.
0.17.949.435 I slot print_timing: id  0 | task 5 | prompt processing, n_tokens =   3712, progress = 0.45, t =   7.78 s / 477.06 tokens per second
0.17.949.477 I slot print_timing: id  1 | task 4 | prompt processing, n_tokens =   3712, progress = 0.45, t =   7.78 s / 477.07 tokens per second
0.17.949.506 I slot print_timing: id  2 | task 3 | prompt processing, n_tokens =   3712, progress = 0.45, t =   7.78 s / 477.07 tokens per second
0.17.949.538 I slot print_timing: id  3 | task 1 | prompt processing, n_tokens =   3840, progress = 0.47, t =   7.86 s / 488.73 tokens per second
----------------
Vulkan Timings:
ADD: 58 x 7.593 us = 440.44 us
CONCAT: 22 x 21.518 us = 473.4 us
CPY: 22 x 3.8 us = 83.6 us
FLASH_ATTN_EXT dst(64,32,32,4),  q(64,32,32,4),  k(64,4096,8,4),  v(64,4096,8,4),  m(4096,32,1,4): 8 x 905.71 us = 7245.68 us (4742.1 GFLOPS/s)
GET_ROWS: 22 x 2.809 us = 61.8 us
GLU: 29 x 38.98 us = 1130.44 us
MUL: 44 x 10.212 us = 449.36 us
MUL_MAT f32 m=64 n=1024 k=64: 16 x 8.927 us = 142.84 us (932.296 GFLOPS/s)
MUL_MAT f32 m=64 n=4096 k=64: 16 x 13.48 us = 215.68 us (2469.75 GFLOPS/s)
MUL_MAT q4_0_rocmfp4_fast m=10752 n=128 k=2048: 58 x 424.26 us = 24607.1 us (13283.8 GFLOPS/s)
MUL_MAT q4_0_rocmfp4_fast m=2048 n=128 k=10752: 29 x 571.623 us = 16577.1 us (9861.18 GFLOPS/s)
MUL_MAT q4_0_rocmfp4_fast m=2048 n=128 k=2048: 16 x 97.667 us = 1562.68 us (10991.2 GFLOPS/s)
MUL_MAT q4_0_rocmfp4_fast m=2048 n=32 k=2048 batch=4: 22 x 142.078 us = 3125.72 us (7555.56 GFLOPS/s)
MUL_MAT q4_0_rocmfp4_fast m=512 n=128 k=2048: 16 x 44.027 us = 704.44 us (6095.51 GFLOPS/s)
MUL_MAT q4_0_rocmfp4_fast m=6144 n=32 k=2048 batch=4: 22 x 356.19 us = 7836.2 us (9041.33 GFLOPS/s)
RMS_NORM_MUL RMS_NORM(2048,128,1,1): 59 x 10.351 us = 610.72 us
RMS_NORM_MUL_ROPE RMS_NORM(64,32,128,1): 8 x 100.505 us = 804.04 us
RMS_NORM_MUL_ROPE RMS_NORM(64,8,128,1): 8 x 27.445 us = 219.56 us
SET_ROWS: 16 x 2.725 us = 43.6 us
SSM_CONV: 22 x 9.712 us = 213.68 us
Total time: 66548 us.
----------------
Vulkan Timings:
ADD: 58 x 7.721 us = 447.84 us
CONCAT: 22 x 21.383 us = 470.44 us
CPY: 22 x 3.769 us = 82.92 us
FLASH_ATTN_EXT dst(64,32,32,4),  q(64,32,32,4),  k(64,4096,8,4),  v(64,4096,8,4),  m(4096,32,1,4): 8 x 905.505 us = 7244.04 us (4743.17 GFLOPS/s)
GET_ROWS: 22 x 2.781 us = 61.2 us
GLU: 29 x 38.606 us = 1119.6 us
MUL: 44 x 10.203 us = 448.96 us
MUL_MAT f32 m=64 n=1024 k=64: 16 x 8.942 us = 143.08 us (930.732 GFLOPS/s)
MUL_MAT f32 m=64 n=4096 k=64: 16 x 13.817 us = 221.08 us (2409.43 GFLOPS/s)
MUL_MAT q4_0_rocmfp4_fast m=10752 n=128 k=2048: 58 x 422.306 us = 24493.8 us (13345.2 GFLOPS/s)
MUL_MAT q4_0_rocmfp4_fast m=2048 n=128 k=10752: 29 x 578.726 us = 16783.1 us (9740.14 GFLOPS/s)
MUL_MAT q4_0_rocmfp4_fast m=2048 n=128 k=2048: 16 x 98.095 us = 1569.52 us (10943.3 GFLOPS/s)
MUL_MAT q4_0_rocmfp4_fast m=2048 n=32 k=2048 batch=4: 22 x 139.478 us = 3068.52 us (7696.4 GFLOPS/s)
MUL_MAT q4_0_rocmfp4_fast m=512 n=128 k=2048: 16 x 44.055 us = 704.88 us (6091.7 GFLOPS/s)
MUL_MAT q4_0_rocmfp4_fast m=6144 n=32 k=2048 batch=4: 22 x 356.778 us = 7849.12 us (9026.45 GFLOPS/s)
RMS_NORM_MUL RMS_NORM(2048,128,1,1): 59 x 10.421 us = 614.88 us
RMS_NORM_MUL_ROPE RMS_NORM(64,32,128,1): 8 x 100.465 us = 803.72 us
RMS_NORM_MUL_ROPE RMS_NORM(64,8,128,1): 8 x 27.5 us = 220 us
SET_ROWS: 16 x 3.165 us = 50.64 us
SSM_CONV: 22 x 9.643 us = 212.16 us
Total time: 66609.4 us.
----------------
Vulkan Timings:
ADD: 58 x 7.954 us = 461.36 us
CONCAT: 22 x 22.205 us = 488.52 us
CPY: 22 x 3.801 us = 83.64 us
FLASH_ATTN_EXT dst(64,32,32,4),  q(64,32,32,4),  k(64,4096,8,4),  v(64,4096,8,4),  m(4096,32,1,4): 8 x 912.665 us = 7301.32 us (4705.96 GFLOPS/s)
GET_ROWS: 22 x 3.476 us = 76.48 us
GLU: 29 x 38.526 us = 1117.28 us
MUL: 44 x 10.891 us = 479.24 us
MUL_MAT f32 m=64 n=1024 k=64: 16 x 8.95 us = 143.2 us (929.952 GFLOPS/s)
MUL_MAT f32 m=64 n=4096 k=64: 16 x 13.53 us = 216.48 us (2460.63 GFLOPS/s)
MUL_MAT q4_0_rocmfp4_fast m=10752 n=128 k=2048: 58 x 421.032 us = 24419.9 us (13385.6 GFLOPS/s)
MUL_MAT q4_0_rocmfp4_fast m=2048 n=128 k=10752: 29 x 577.704 us = 16753.4 us (9757.37 GFLOPS/s)
MUL_MAT q4_0_rocmfp4_fast m=2048 n=128 k=2048: 16 x 106.21 us = 1699.36 us (10107.1 GFLOPS/s)
MUL_MAT q4_0_rocmfp4_fast m=2048 n=32 k=2048 batch=4: 22 x 145.143 us = 3193.16 us (7395.98 GFLOPS/s)
MUL_MAT q4_0_rocmfp4_fast m=512 n=128 k=2048: 16 x 38.117 us = 609.88 us (7040.6 GFLOPS/s)
MUL_MAT q4_0_rocmfp4_fast m=6144 n=32 k=2048 batch=4: 22 x 355.527 us = 7821.6 us (9058.21 GFLOPS/s)
RMS_NORM_MUL RMS_NORM(2048,128,1,1): 59 x 10.358 us = 611.16 us
RMS_NORM_MUL_ROPE RMS_NORM(64,32,128,1): 8 x 102.655 us = 821.24 us
RMS_NORM_MUL_ROPE RMS_NORM(64,8,128,1): 8 x 29.105 us = 232.84 us
SET_ROWS: 16 x 3.157 us = 50.52 us
SSM_CONV: 22 x 9.71 us = 213.64 us
Total time: 66794.2 us.
----------------
Vulkan Timings:
ADD: 58 x 8.776 us = 509.04 us
CONCAT: 22 x 23.185 us = 510.08 us
CPY: 22 x 3.823 us = 84.12 us
FLASH_ATTN_EXT dst(64,32,32,4),  q(64,32,32,4),  k(64,4096,8,4),  v(64,4096,8,4),  m(4096,32,1,4): 8 x 926.475 us = 7411.8 us (4635.82 GFLOPS/s)
GET_ROWS: 22 x 2.765 us = 60.84 us
GLU: 29 x 38.76 us = 1124.04 us
MUL: 44 x 10.339 us = 454.92 us
MUL_MAT f32 m=64 n=1024 k=64: 16 x 8.912 us = 142.6 us (933.865 GFLOPS/s)
MUL_MAT f32 m=64 n=4096 k=64: 16 x 13.55 us = 216.8 us (2457 GFLOPS/s)
MUL_MAT q4_0_rocmfp4_fast m=10752 n=128 k=2048: 58 x 422.089 us = 24481.2 us (13352.1 GFLOPS/s)
MUL_MAT q4_0_rocmfp4_fast m=2048 n=128 k=10752: 29 x 575.241 us = 16682 us (9799.16 GFLOPS/s)
MUL_MAT q4_0_rocmfp4_fast m=2048 n=128 k=2048: 16 x 109.062 us = 1745 us (9842.79 GFLOPS/s)
MUL_MAT q4_0_rocmfp4_fast m=2048 n=32 k=2048 batch=4: 22 x 138.929 us = 3056.44 us (7726.82 GFLOPS/s)
MUL_MAT q4_0_rocmfp4_fast m=512 n=128 k=2048: 16 x 37.8 us = 604.8 us (7099.73 GFLOPS/s)
MUL_MAT q4_0_rocmfp4_fast m=6144 n=32 k=2048 batch=4: 22 x 348.509 us = 7667.2 us (9240.62 GFLOPS/s)
RMS_NORM_MUL RMS_NORM(2048,128,1,1): 59 x 10.383 us = 612.64 us
RMS_NORM_MUL_ROPE RMS_NORM(64,32,128,1): 8 x 105.07 us = 840.56 us
RMS_NORM_MUL_ROPE RMS_NORM(64,8,128,1): 8 x 27.445 us = 219.56 us
SET_ROWS: 16 x 3.192 us = 51.08 us
SSM_CONV: 22 x 9.721 us = 213.88 us
Total time: 66688.6 us.
0.18.232.930 I slot print_timing: id  0 | task 5 | prompt processing, n_tokens =   3840, progress = 0.47, t =   8.06 s / 476.17 tokens per second
0.18.232.973 I slot print_timing: id  1 | task 4 | prompt processing, n_tokens =   3840, progress = 0.47, t =   8.06 s / 476.17 tokens per second
0.18.233.002 I slot print_timing: id  2 | task 3 | prompt processing, n_tokens =   3840, progress = 0.47, t =   8.06 s / 476.17 tokens per second
0.18.233.035 I slot print_timing: id  3 | task 1 | prompt processing, n_tokens =   3968, progress = 0.48, t =   8.14 s / 487.44 tokens per second
----------------
Vulkan Timings:
ADD: 58 x 8.066 us = 467.88 us
CONCAT: 22 x 21.38 us = 470.36 us
CPY: 22 x 3.827 us = 84.2 us
FLASH_ATTN_EXT dst(64,32,32,4),  q(64,32,32,4),  k(64,4096,8,4),  v(64,4096,8,4),  m(4096,32,1,4): 8 x 945.905 us = 7567.24 us (4540.59 GFLOPS/s)
GET_ROWS: 22 x 2.794 us = 61.48 us
GLU: 29 x 39.662 us = 1150.2 us
MUL: 44 x 10.422 us = 458.6 us
MUL_MAT f32 m=64 n=1024 k=64: 16 x 8.897 us = 142.36 us (935.439 GFLOPS/s)
MUL_MAT f32 m=64 n=4096 k=64: 16 x 13.58 us = 217.28 us (2451.57 GFLOPS/s)
MUL_MAT q4_0_rocmfp4_fast m=10752 n=128 k=2048: 58 x 421.117 us = 24424.8 us (13382.9 GFLOPS/s)
MUL_MAT q4_0_rocmfp4_fast m=2048 n=128 k=10752: 29 x 573.784 us = 16639.8 us (9824.04 GFLOPS/s)
MUL_MAT q4_0_rocmfp4_fast m=2048 n=128 k=2048: 16 x 100.512 us = 1608.2 us (10680.1 GFLOPS/s)
MUL_MAT q4_0_rocmfp4_fast m=2048 n=32 k=2048 batch=4: 22 x 141.509 us = 3113.2 us (7585.94 GFLOPS/s)
MUL_MAT q4_0_rocmfp4_fast m=512 n=128 k=2048: 16 x 41.842 us = 669.48 us (6413.81 GFLOPS/s)
MUL_MAT q4_0_rocmfp4_fast m=6144 n=32 k=2048 batch=4: 22 x 356.37 us = 7840.16 us (9036.76 GFLOPS/s)
RMS_NORM_MUL RMS_NORM(2048,128,1,1): 59 x 10.409 us = 614.16 us
RMS_NORM_MUL_ROPE RMS_NORM(64,32,128,1): 8 x 100.31 us = 802.48 us
RMS_NORM_MUL_ROPE RMS_NORM(64,8,128,1): 8 x 27.525 us = 220.2 us
SET_ROWS: 16 x 3.067 us = 49.08 us
SSM_CONV: 22 x 9.627 us = 211.8 us
Total time: 66812.9 us.
----------------
Vulkan Timings:
ADD: 58 x 8.057 us = 467.36 us
CONCAT: 22 x 21.45 us = 471.92 us
CPY: 22 x 3.787 us = 83.32 us
FLASH_ATTN_EXT dst(64,32,32,4),  q(64,32,32,4),  k(64,4096,8,4),  v(64,4096,8,4),  m(4096,32,1,4): 8 x 959.07 us = 7672.56 us (4478.26 GFLOPS/s)
GET_ROWS: 22 x 3.201 us = 70.44 us
GLU: 29 x 38.554 us = 1118.08 us
MUL: 44 x 10.403 us = 457.76 us
MUL_MAT f32 m=64 n=1024 k=64: 16 x 8.87 us = 141.92 us (938.34 GFLOPS/s)
MUL_MAT f32 m=64 n=4096 k=64: 16 x 13.747 us = 219.96 us (2421.7 GFLOPS/s)
MUL_MAT q4_0_rocmfp4_fast m=10752 n=128 k=2048: 58 x 422.416 us = 24500.2 us (13341.7 GFLOPS/s)
MUL_MAT q4_0_rocmfp4_fast m=2048 n=128 k=10752: 29 x 569.623 us = 16519.1 us (9895.8 GFLOPS/s)
MUL_MAT q4_0_rocmfp4_fast m=2048 n=128 k=2048: 16 x 96.425 us = 1542.8 us (11132.8 GFLOPS/s)
MUL_MAT q4_0_rocmfp4_fast m=2048 n=32 k=2048 batch=4: 22 x 141.836 us = 3120.4 us (7568.44 GFLOPS/s)
MUL_MAT q4_0_rocmfp4_fast m=512 n=128 k=2048: 16 x 44.15 us = 706.4 us (6078.59 GFLOPS/s)
MUL_MAT q4_0_rocmfp4_fast m=6144 n=32 k=2048 batch=4: 22 x 351.374 us = 7730.24 us (9165.26 GFLOPS/s)
RMS_NORM_MUL RMS_NORM(2048,128,1,1): 59 x 10.46 us = 617.16 us
RMS_NORM_MUL_ROPE RMS_NORM(64,32,128,1): 8 x 100.39 us = 803.12 us
RMS_NORM_MUL_ROPE RMS_NORM(64,8,128,1): 8 x 27.545 us = 220.36 us
SET_ROWS: 16 x 3.197 us = 51.16 us
SSM_CONV: 22 x 9.701 us = 213.44 us
Total time: 66727.6 us.
----------------
Vulkan Timings:
ADD: 58 x 7.769 us = 450.64 us
CONCAT: 22 x 22.167 us = 487.68 us
CPY: 22 x 3.821 us = 84.08 us
FLASH_ATTN_EXT dst(64,32,32,4),  q(64,32,32,4),  k(64,4096,8,4),  v(64,4096,8,4),  m(4096,32,1,4): 8 x 956.475 us = 7651.8 us (4490.41 GFLOPS/s)
GET_ROWS: 22 x 2.767 us = 60.88 us
GLU: 29 x 39.064 us = 1132.88 us
MUL: 44 x 10.401 us = 457.68 us
MUL_MAT f32 m=64 n=1024 k=64: 16 x 8.96 us = 143.36 us (928.914 GFLOPS/s)
MUL_MAT f32 m=64 n=4096 k=64: 16 x 13.63 us = 218.08 us (2442.57 GFLOPS/s)
MUL_MAT q4_0_rocmfp4_fast m=10752 n=128 k=2048: 58 x 422.117 us = 24482.8 us (13351.2 GFLOPS/s)
MUL_MAT q4_0_rocmfp4_fast m=2048 n=128 k=10752: 29 x 571.4 us = 16570.6 us (9865.04 GFLOPS/s)
MUL_MAT q4_0_rocmfp4_fast m=2048 n=128 k=2048: 16 x 96.04 us = 1536.64 us (11177.4 GFLOPS/s)
MUL_MAT q4_0_rocmfp4_fast m=2048 n=32 k=2048 batch=4: 22 x 143.232 us = 3151.12 us (7494.65 GFLOPS/s)
MUL_MAT q4_0_rocmfp4_fast m=512 n=128 k=2048: 16 x 43.807 us = 700.92 us (6126.12 GFLOPS/s)
MUL_MAT q4_0_rocmfp4_fast m=6144 n=32 k=2048 batch=4: 22 x 349.996 us = 7699.92 us (9201.35 GFLOPS/s)
RMS_NORM_MUL RMS_NORM(2048,128,1,1): 59 x 10.433 us = 615.6 us
RMS_NORM_MUL_ROPE RMS_NORM(64,32,128,1): 8 x 100.51 us = 804.08 us
RMS_NORM_MUL_ROPE RMS_NORM(64,8,128,1): 8 x 27.465 us = 219.72 us
SET_ROWS: 16 x 2.78 us = 44.48 us
SSM_CONV: 22 x 9.632 us = 211.92 us
Total time: 66724.9 us.
----------------
Vulkan Timings:
ADD: 58 x 7.629 us = 442.52 us
CONCAT: 22 x 22.7 us = 499.4 us
CPY: 22 x 3.716 us = 81.76 us
FLASH_ATTN_EXT dst(64,32,32,4),  q(64,32,32,4),  k(64,4096,8,4),  v(64,4096,8,4),  m(4096,32,1,4): 8 x 949.4 us = 7595.2 us (4523.88 GFLOPS/s)
GET_ROWS: 22 x 2.738 us = 60.24 us
GLU: 29 x 40.22 us = 1166.4 us
MUL: 44 x 10.618 us = 467.2 us
MUL_MAT f32 m=64 n=1024 k=64: 16 x 8.877 us = 142.04 us (937.547 GFLOPS/s)
MUL_MAT f32 m=64 n=4096 k=64: 16 x 13.632 us = 218.12 us (2442.13 GFLOPS/s)
MUL_MAT q4_0_rocmfp4_fast m=10752 n=128 k=2048: 58 x 423.828 us = 24582.1 us (13297.3 GFLOPS/s)
MUL_MAT q4_0_rocmfp4_fast m=2048 n=128 k=10752: 29 x 571.714 us = 16579.7 us (9859.61 GFLOPS/s)
MUL_MAT q4_0_rocmfp4_fast m=2048 n=128 k=2048: 16 x 98.907 us = 1582.52 us (10853.4 GFLOPS/s)
MUL_MAT q4_0_rocmfp4_fast m=2048 n=32 k=2048 batch=4: 22 x 142.174 us = 3127.84 us (7550.44 GFLOPS/s)
MUL_MAT q4_0_rocmfp4_fast m=512 n=128 k=2048: 16 x 43.972 us = 703.56 us (6103.13 GFLOPS/s)
MUL_MAT q4_0_rocmfp4_fast m=6144 n=32 k=2048 batch=4: 22 x 347.452 us = 7643.96 us (9268.71 GFLOPS/s)
RMS_NORM_MUL RMS_NORM(2048,128,1,1): 59 x 10.455 us = 616.88 us
RMS_NORM_MUL_ROPE RMS_NORM(64,32,128,1): 8 x 100.375 us = 803 us
RMS_NORM_MUL_ROPE RMS_NORM(64,8,128,1): 8 x 27.505 us = 220.04 us
SET_ROWS: 16 x 3.145 us = 50.32 us
SSM_CONV: 22 x 9.676 us = 212.88 us
Total time: 66795.7 us.
0.18.514.890 I slot print_timing: id  0 | task 5 | prompt processing, n_tokens =   3968, progress = 0.48, t =   8.35 s / 475.42 tokens per second
0.18.514.934 I slot print_timing: id  1 | task 4 | prompt processing, n_tokens =   3968, progress = 0.48, t =   8.35 s / 475.42 tokens per second
0.18.514.977 I slot print_timing: id  2 | task 3 | prompt processing, n_tokens =   3968, progress = 0.48, t =   8.35 s / 475.42 tokens per second
0.18.515.009 I slot print_timing: id  3 | task 1 | prompt processing, n_tokens =   4096, progress = 0.50, t =   8.42 s / 486.32 tokens per second
----------------
Vulkan Timings:
ADD: 58 x 8.159 us = 473.24 us
CONCAT: 22 x 22.61 us = 497.44 us
CPY: 22 x 3.805 us = 83.72 us
FLASH_ATTN_EXT dst(64,32,32,4),  q(64,32,32,4),  k(64,4352,8,4),  v(64,4352,8,4),  m(4352,32,1,4): 8 x 950.62 us = 7604.96 us (4800.45 GFLOPS/s)
GET_ROWS: 22 x 2.76 us = 60.72 us
GLU: 29 x 38.496 us = 1116.4 us
MUL: 44 x 10.614 us = 467.04 us
MUL_MAT f32 m=64 n=1024 k=64: 16 x 8.952 us = 143.24 us (929.692 GFLOPS/s)
MUL_MAT f32 m=64 n=4096 k=64: 16 x 13.537 us = 216.6 us (2459.26 GFLOPS/s)
MUL_MAT q4_0_rocmfp4_fast m=10752 n=128 k=2048: 58 x 422.77 us = 24520.7 us (13330.6 GFLOPS/s)
MUL_MAT q4_0_rocmfp4_fast m=2048 n=128 k=10752: 29 x 574.044 us = 16647.3 us (9819.6 GFLOPS/s)
MUL_MAT q4_0_rocmfp4_fast m=2048 n=128 k=2048: 16 x 103.445 us = 1655.12 us (10377.3 GFLOPS/s)
MUL_MAT q4_0_rocmfp4_fast m=2048 n=32 k=2048 batch=4: 22 x 140.216 us = 3084.76 us (7655.88 GFLOPS/s)
MUL_MAT q4_0_rocmfp4_fast m=512 n=128 k=2048: 16 x 39.907 us = 638.52 us (6724.8 GFLOPS/s)
MUL_MAT q4_0_rocmfp4_fast m=6144 n=32 k=2048 batch=4: 22 x 358.389 us = 7884.56 us (8985.87 GFLOPS/s)
RMS_NORM_MUL RMS_NORM(2048,128,1,1): 59 x 10.435 us = 615.68 us
RMS_NORM_MUL_ROPE RMS_NORM(64,32,128,1): 8 x 100.255 us = 802.04 us
RMS_NORM_MUL_ROPE RMS_NORM(64,8,128,1): 8 x 27.5 us = 220 us
SET_ROWS: 16 x 2.93 us = 46.88 us
SSM_CONV: 22 x 9.645 us = 212.2 us
Total time: 66991.1 us.
----------------
Vulkan Timings:
ADD: 58 x 6.961 us = 403.76 us
CONCAT: 22 x 23.82 us = 524.04 us
CPY: 22 x 3.77 us = 82.96 us
FLASH_ATTN_EXT dst(64,32,32,4),  q(64,32,32,4),  k(64,4352,8,4),  v(64,4352,8,4),  m(4352,32,1,4): 8 x 959.935 us = 7679.48 us (4753.87 GFLOPS/s)
GET_ROWS: 22 x 2.729 us = 60.04 us
GLU: 29 x 40.307 us = 1168.92 us
MUL: 44 x 10.07 us = 443.08 us
MUL_MAT f32 m=64 n=1024 k=64: 16 x 8.915 us = 142.64 us (933.603 GFLOPS/s)
MUL_MAT f32 m=64 n=4096 k=64: 16 x 13.572 us = 217.16 us (2452.92 GFLOPS/s)
MUL_MAT q4_0_rocmfp4_fast m=10752 n=128 k=2048: 58 x 425.387 us = 24672.5 us (13248.5 GFLOPS/s)
MUL_MAT q4_0_rocmfp4_fast m=2048 n=128 k=10752: 29 x 570.964 us = 16558 us (9872.57 GFLOPS/s)
MUL_MAT q4_0_rocmfp4_fast m=2048 n=128 k=2048: 16 x 98.882 us = 1582.12 us (10856.1 GFLOPS/s)
MUL_MAT q4_0_rocmfp4_fast m=2048 n=32 k=2048 batch=4: 22 x 145.46 us = 3200.12 us (7379.9 GFLOPS/s)
MUL_MAT q4_0_rocmfp4_fast m=512 n=128 k=2048: 16 x 44 us = 704 us (6099.32 GFLOPS/s)
MUL_MAT q4_0_rocmfp4_fast m=6144 n=32 k=2048 batch=4: 22 x 351.801 us = 7739.64 us (9154.13 GFLOPS/s)
RMS_NORM_MUL RMS_NORM(2048,128,1,1): 59 x 10.447 us = 616.4 us
RMS_NORM_MUL_ROPE RMS_NORM(64,32,128,1): 8 x 100.465 us = 803.72 us
RMS_NORM_MUL_ROPE RMS_NORM(64,8,128,1): 8 x 29.31 us = 234.48 us
SET_ROWS: 16 x 3.195 us = 51.12 us
SSM_CONV: 22 x 9.694 us = 213.28 us
Total time: 67097.4 us.
----------------
Vulkan Timings:
ADD: 58 x 8.243 us = 478.12 us
CONCAT: 22 x 22.138 us = 487.04 us
CPY: 22 x 3.79 us = 83.4 us
FLASH_ATTN_EXT dst(64,32,32,4),  q(64,32,32,4),  k(64,4352,8,4),  v(64,4352,8,4),  m(4352,32,1,4): 8 x 967.575 us = 7740.6 us (4716.33 GFLOPS/s)
GET_ROWS: 22 x 3.516 us = 77.36 us
GLU: 29 x 38.51 us = 1116.8 us
MUL: 44 x 10.03 us = 441.36 us
MUL_MAT f32 m=64 n=1024 k=64: 16 x 8.952 us = 143.24 us (929.692 GFLOPS/s)
MUL_MAT f32 m=64 n=4096 k=64: 16 x 13.567 us = 217.08 us (2453.83 GFLOPS/s)
MUL_MAT q4_0_rocmfp4_fast m=10752 n=128 k=2048: 58 x 425.474 us = 24677.5 us (13245.8 GFLOPS/s)
MUL_MAT q4_0_rocmfp4_fast m=2048 n=128 k=10752: 29 x 574.278 us = 16654.1 us (9815.59 GFLOPS/s)
MUL_MAT q4_0_rocmfp4_fast m=2048 n=128 k=2048: 16 x 105.427 us = 1686.84 us (10182.2 GFLOPS/s)
MUL_MAT q4_0_rocmfp4_fast m=2048 n=32 k=2048 batch=4: 22 x 141.885 us = 3121.48 us (7565.82 GFLOPS/s)
MUL_MAT q4_0_rocmfp4_fast m=512 n=128 k=2048: 16 x 41.127 us = 658.04 us (6525.32 GFLOPS/s)
MUL_MAT q4_0_rocmfp4_fast m=6144 n=32 k=2048 batch=4: 22 x 359.858 us = 7916.88 us (8949.19 GFLOPS/s)
RMS_NORM_MUL RMS_NORM(2048,128,1,1): 59 x 10.591 us = 624.88 us
RMS_NORM_MUL_ROPE RMS_NORM(64,32,128,1): 8 x 104.15 us = 833.2 us
RMS_NORM_MUL_ROPE RMS_NORM(64,8,128,1): 8 x 30.48 us = 243.84 us
SET_ROWS: 16 x 3.305 us = 52.88 us
SSM_CONV: 22 x 9.652 us = 212.36 us
Total time: 67467 us.
----------------
Vulkan Timings:
ADD: 58 x 7.894 us = 457.88 us
CONCAT: 22 x 22.127 us = 486.8 us
CPY: 22 x 3.778 us = 83.12 us
FLASH_ATTN_EXT dst(64,32,32,4),  q(64,32,32,4),  k(64,4352,8,4),  v(64,4352,8,4),  m(4352,32,1,4): 8 x 983.225 us = 7865.8 us (4641.26 GFLOPS/s)
GET_ROWS: 22 x 2.718 us = 59.8 us
GLU: 29 x 38.55 us = 1117.96 us
MUL: 44 x 10.213 us = 449.4 us
MUL_MAT f32 m=64 n=1024 k=64: 16 x 8.885 us = 142.16 us (936.755 GFLOPS/s)
MUL_MAT f32 m=64 n=4096 k=64: 16 x 13.82 us = 221.12 us (2408.99 GFLOPS/s)
MUL_MAT q4_0_rocmfp4_fast m=10752 n=128 k=2048: 58 x 423.011 us = 24534.6 us (13323 GFLOPS/s)
MUL_MAT q4_0_rocmfp4_fast m=2048 n=128 k=10752: 29 x 571.582 us = 16575.9 us (9861.9 GFLOPS/s)
MUL_MAT q4_0_rocmfp4_fast m=2048 n=128 k=2048: 16 x 98.08 us = 1569.28 us (10944.9 GFLOPS/s)
MUL_MAT q4_0_rocmfp4_fast m=2048 n=32 k=2048 batch=4: 22 x 142.69 us = 3139.2 us (7523.11 GFLOPS/s)
MUL_MAT q4_0_rocmfp4_fast m=512 n=128 k=2048: 16 x 44.03 us = 704.48 us (6095.16 GFLOPS/s)
MUL_MAT q4_0_rocmfp4_fast m=6144 n=32 k=2048 batch=4: 22 x 348.96 us = 7677.12 us (9228.68 GFLOPS/s)
RMS_NORM_MUL RMS_NORM(2048,128,1,1): 59 x 10.402 us = 613.72 us
RMS_NORM_MUL_ROPE RMS_NORM(64,32,128,1): 8 x 100.285 us = 802.28 us
RMS_NORM_MUL_ROPE RMS_NORM(64,8,128,1): 8 x 29.725 us = 237.8 us
SET_ROWS: 16 x 3.102 us = 49.64 us
SSM_CONV: 22 x 9.614 us = 211.52 us
Total time: 66999.6 us.
0.18.800.634 I slot print_timing: id  0 | task 5 | prompt processing, n_tokens =   4096, progress = 0.50, t =   8.63 s / 474.51 tokens per second
0.18.800.694 I slot print_timing: id  1 | task 4 | prompt processing, n_tokens =   4096, progress = 0.50, t =   8.63 s / 474.51 tokens per second
0.18.800.728 I slot print_timing: id  2 | task 3 | prompt processing, n_tokens =   4096, progress = 0.50, t =   8.63 s / 474.51 tokens per second
0.18.800.762 I slot print_timing: id  3 | task 1 | prompt processing, n_tokens =   4224, progress = 0.52, t =   8.71 s / 485.06 tokens per second
----------------
Vulkan Timings:
ADD: 58 x 8.022 us = 465.32 us
CONCAT: 22 x 21.845 us = 480.6 us
CPY: 22 x 3.801 us = 83.64 us
FLASH_ATTN_EXT dst(64,32,32,4),  q(64,32,32,4),  k(64,4352,8,4),  v(64,4352,8,4),  m(4352,32,1,4): 8 x 978.465 us = 7827.72 us (4663.84 GFLOPS/s)
GET_ROWS: 22 x 2.71 us = 59.64 us
GLU: 29 x 38.562 us = 1118.32 us
MUL: 44 x 10.776 us = 474.16 us
MUL_MAT f32 m=64 n=1024 k=64: 16 x 8.917 us = 142.68 us (933.341 GFLOPS/s)
MUL_MAT f32 m=64 n=4096 k=64: 16 x 13.757 us = 220.12 us (2419.94 GFLOPS/s)
MUL_MAT q4_0_rocmfp4_fast m=10752 n=128 k=2048: 58 x 422.562 us = 24508.6 us (13337.1 GFLOPS/s)
MUL_MAT q4_0_rocmfp4_fast m=2048 n=128 k=10752: 29 x 573.697 us = 16637.2 us (9825.52 GFLOPS/s)
MUL_MAT q4_0_rocmfp4_fast m=2048 n=128 k=2048: 16 x 104.43 us = 1670.88 us (10279.4 GFLOPS/s)
MUL_MAT q4_0_rocmfp4_fast m=2048 n=32 k=2048 batch=4: 22 x 142.403 us = 3132.88 us (7538.29 GFLOPS/s)
MUL_MAT q4_0_rocmfp4_fast m=512 n=128 k=2048: 16 x 40.885 us = 654.16 us (6564.02 GFLOPS/s)
MUL_MAT q4_0_rocmfp4_fast m=6144 n=32 k=2048 batch=4: 22 x 354.525 us = 7799.56 us (9083.8 GFLOPS/s)
RMS_NORM_MUL RMS_NORM(2048,128,1,1): 59 x 10.402 us = 613.72 us
RMS_NORM_MUL_ROPE RMS_NORM(64,32,128,1): 8 x 104.17 us = 833.36 us
RMS_NORM_MUL_ROPE RMS_NORM(64,8,128,1): 8 x 29.4 us = 235.2 us
SET_ROWS: 16 x 3.172 us = 50.76 us
SSM_CONV: 22 x 9.643 us = 212.16 us
Total time: 67220.8 us.
----------------
Vulkan Timings:
ADD: 58 x 8.006 us = 464.36 us
CONCAT: 22 x 22.116 us = 486.56 us
CPY: 22 x 3.818 us = 84 us
FLASH_ATTN_EXT dst(64,32,32,4),  q(64,32,32,4),  k(64,4352,8,4),  v(64,4352,8,4),  m(4352,32,1,4): 8 x 988.77 us = 7910.16 us (4615.23 GFLOPS/s)
GET_ROWS: 22 x 2.718 us = 59.8 us
GLU: 29 x 38.499 us = 1116.48 us
MUL: 44 x 10.177 us = 447.8 us
MUL_MAT f32 m=64 n=1024 k=64: 16 x 8.975 us = 143.6 us (927.362 GFLOPS/s)
MUL_MAT f32 m=64 n=4096 k=64: 16 x 13.607 us = 217.72 us (2446.61 GFLOPS/s)
MUL_MAT q4_0_rocmfp4_fast m=10752 n=128 k=2048: 58 x 424.064 us = 24595.8 us (13289.9 GFLOPS/s)
MUL_MAT q4_0_rocmfp4_fast m=2048 n=128 k=10752: 29 x 573.444 us = 16629.9 us (9829.87 GFLOPS/s)
MUL_MAT q4_0_rocmfp4_fast m=2048 n=128 k=2048: 16 x 105.555 us = 1688.88 us (10169.9 GFLOPS/s)
MUL_MAT q4_0_rocmfp4_fast m=2048 n=32 k=2048 batch=4: 22 x 139.387 us = 3066.52 us (7701.42 GFLOPS/s)
MUL_MAT q4_0_rocmfp4_fast m=512 n=128 k=2048: 16 x 40.812 us = 653 us (6575.68 GFLOPS/s)
MUL_MAT q4_0_rocmfp4_fast m=6144 n=32 k=2048 batch=4: 22 x 354.07 us = 7789.56 us (9095.46 GFLOPS/s)
RMS_NORM_MUL RMS_NORM(2048,128,1,1): 59 x 10.454 us = 616.8 us
RMS_NORM_MUL_ROPE RMS_NORM(64,32,128,1): 8 x 102.02 us = 816.16 us
RMS_NORM_MUL_ROPE RMS_NORM(64,8,128,1): 8 x 29.395 us = 235.16 us
SET_ROWS: 16 x 2.89 us = 46.24 us
SSM_CONV: 22 x 9.652 us = 212.36 us
Total time: 67280.8 us.
----------------
Vulkan Timings:
ADD: 58 x 8.011 us = 464.68 us
CONCAT: 22 x 22.192 us = 488.24 us
CPY: 22 x 3.798 us = 83.56 us
FLASH_ATTN_EXT dst(64,32,32,4),  q(64,32,32,4),  k(64,4352,8,4),  v(64,4352,8,4),  m(4352,32,1,4): 8 x 996.475 us = 7971.8 us (4579.55 GFLOPS/s)
GET_ROWS: 22 x 2.763 us = 60.8 us
GLU: 29 x 39.838 us = 1155.32 us
MUL: 44 x 10.404 us = 457.8 us
MUL_MAT f32 m=64 n=1024 k=64: 16 x 8.897 us = 142.36 us (935.439 GFLOPS/s)
MUL_MAT f32 m=64 n=4096 k=64: 16 x 13.587 us = 217.4 us (2450.21 GFLOPS/s)
MUL_MAT q4_0_rocmfp4_fast m=10752 n=128 k=2048: 58 x 424.711 us = 24633.2 us (13269.7 GFLOPS/s)
MUL_MAT q4_0_rocmfp4_fast m=2048 n=128 k=10752: 29 x 575.12 us = 16678.5 us (9801.23 GFLOPS/s)
MUL_MAT q4_0_rocmfp4_fast m=2048 n=128 k=2048: 16 x 103.362 us = 1653.8 us (10385.6 GFLOPS/s)
MUL_MAT q4_0_rocmfp4_fast m=2048 n=32 k=2048 batch=4: 22 x 142.825 us = 3142.16 us (7516.02 GFLOPS/s)
MUL_MAT q4_0_rocmfp4_fast m=512 n=128 k=2048: 16 x 40.422 us = 646.76 us (6639.12 GFLOPS/s)
MUL_MAT q4_0_rocmfp4_fast m=6144 n=32 k=2048 batch=4: 22 x 354.74 us = 7804.28 us (9078.31 GFLOPS/s)
RMS_NORM_MUL RMS_NORM(2048,128,1,1): 59 x 10.599 us = 625.36 us
RMS_NORM_MUL_ROPE RMS_NORM(64,32,128,1): 8 x 102.165 us = 817.32 us
RMS_NORM_MUL_ROPE RMS_NORM(64,8,128,1): 8 x 29.325 us = 234.6 us
SET_ROWS: 16 x 3.34 us = 53.44 us
SSM_CONV: 22 x 9.676 us = 212.88 us
Total time: 67544.3 us.
----------------
Vulkan Timings:
ADD: 58 x 8.084 us = 468.88 us
CONCAT: 22 x 22.154 us = 487.4 us
CPY: 22 x 3.79 us = 83.4 us
FLASH_ATTN_EXT dst(64,32,32,4),  q(64,32,32,4),  k(64,4352,8,4),  v(64,4352,8,4),  m(4352,32,1,4): 8 x 1018.47 us = 8147.76 us (4480.65 GFLOPS/s)
GET_ROWS: 22 x 2.741 us = 60.32 us
GLU: 29 x 37.739 us = 1094.44 us
MUL: 44 x 10.181 us = 448 us
MUL_MAT f32 m=64 n=1024 k=64: 16 x 8.892 us = 142.28 us (935.965 GFLOPS/s)
MUL_MAT f32 m=64 n=4096 k=64: 16 x 13.72 us = 219.52 us (2426.55 GFLOPS/s)
MUL_MAT q4_0_rocmfp4_fast m=10752 n=128 k=2048: 58 x 421.928 us = 24471.9 us (13357.1 GFLOPS/s)
MUL_MAT q4_0_rocmfp4_fast m=2048 n=128 k=10752: 29 x 572.336 us = 16597.8 us (9848.89 GFLOPS/s)
MUL_MAT q4_0_rocmfp4_fast m=2048 n=128 k=2048: 16 x 101.612 us = 1625.8 us (10564.4 GFLOPS/s)
MUL_MAT q4_0_rocmfp4_fast m=2048 n=32 k=2048 batch=4: 22 x 140.667 us = 3094.68 us (7631.34 GFLOPS/s)
MUL_MAT q4_0_rocmfp4_fast m=512 n=128 k=2048: 16 x 44.565 us = 713.04 us (6021.99 GFLOPS/s)
MUL_MAT q4_0_rocmfp4_fast m=6144 n=32 k=2048 batch=4: 22 x 351.523 us = 7733.52 us (9161.37 GFLOPS/s)
RMS_NORM_MUL RMS_NORM(2048,128,1,1): 59 x 10.474 us = 618 us
RMS_NORM_MUL_ROPE RMS_NORM(64,32,128,1): 8 x 102.175 us = 817.4 us
RMS_NORM_MUL_ROPE RMS_NORM(64,8,128,1): 8 x 29.345 us = 234.76 us
SET_ROWS: 16 x 2.917 us = 46.68 us
SSM_CONV: 22 x 9.63 us = 211.88 us
Total time: 67317.4 us.
0.19.084.573 I slot print_timing: id  0 | task 5 | prompt processing, n_tokens =   4224, progress = 0.52, t =   8.92 s / 473.75 tokens per second
0.19.084.622 I slot print_timing: id  1 | task 4 | prompt processing, n_tokens =   4224, progress = 0.52, t =   8.92 s / 473.75 tokens per second
0.19.084.653 I slot print_timing: id  2 | task 3 | prompt processing, n_tokens =   4224, progress = 0.52, t =   8.92 s / 473.76 tokens per second
0.19.084.685 I slot print_timing: id  3 | task 1 | prompt processing, n_tokens =   4352, progress = 0.53, t =   8.99 s / 483.98 tokens per second
----------------
Vulkan Timings:
ADD: 58 x 8.186 us = 474.84 us
CONCAT: 22 x 23.243 us = 511.36 us
CPY: 22 x 3.774 us = 83.04 us
FLASH_ATTN_EXT dst(64,32,32,4),  q(64,32,32,4),  k(64,4608,8,4),  v(64,4608,8,4),  m(4608,32,1,4): 8 x 1021.52 us = 8172.2 us (4730.02 GFLOPS/s)
GET_ROWS: 22 x 2.65 us = 58.32 us
GLU: 29 x 38.891 us = 1127.84 us
MUL: 44 x 9.835 us = 432.76 us
MUL_MAT f32 m=64 n=1024 k=64: 16 x 8.99 us = 143.84 us (925.814 GFLOPS/s)
MUL_MAT f32 m=64 n=4096 k=64: 16 x 13.76 us = 220.16 us (2419.5 GFLOPS/s)
MUL_MAT q4_0_rocmfp4_fast m=10752 n=128 k=2048: 58 x 422.272 us = 24491.8 us (13346.3 GFLOPS/s)
MUL_MAT q4_0_rocmfp4_fast m=2048 n=128 k=10752: 29 x 573.015 us = 16617.4 us (9837.23 GFLOPS/s)
MUL_MAT q4_0_rocmfp4_fast m=2048 n=128 k=2048: 16 x 100.142 us = 1602.28 us (10719.5 GFLOPS/s)
MUL_MAT q4_0_rocmfp4_fast m=2048 n=32 k=2048 batch=4: 22 x 141.503 us = 3113.08 us (7586.23 GFLOPS/s)
MUL_MAT q4_0_rocmfp4_fast m=512 n=128 k=2048: 16 x 43.9 us = 702.4 us (6113.21 GFLOPS/s)
MUL_MAT q4_0_rocmfp4_fast m=6144 n=32 k=2048 batch=4: 22 x 353.42 us = 7775.24 us (9112.22 GFLOPS/s)
RMS_NORM_MUL RMS_NORM(2048,128,1,1): 59 x 10.414 us = 614.44 us
RMS_NORM_MUL_ROPE RMS_NORM(64,32,128,1): 8 x 102.23 us = 817.84 us
RMS_NORM_MUL_ROPE RMS_NORM(64,8,128,1): 8 x 27.895 us = 223.16 us
SET_ROWS: 16 x 2.877 us = 46.04 us
SSM_CONV: 22 x 9.641 us = 212.12 us
Total time: 67440.2 us.
----------------
Vulkan Timings:
ADD: 58 x 8.102 us = 469.96 us
CONCAT: 22 x 21.832 us = 480.32 us
CPY: 22 x 3.823 us = 84.12 us
FLASH_ATTN_EXT dst(64,32,32,4),  q(64,32,32,4),  k(64,4608,8,4),  v(64,4608,8,4),  m(4608,32,1,4): 8 x 1022.39 us = 8179.12 us (4726.02 GFLOPS/s)
GET_ROWS: 22 x 2.785 us = 61.28 us
GLU: 29 x 38.726 us = 1123.08 us
MUL: 44 x 10.248 us = 450.92 us
MUL_MAT f32 m=64 n=1024 k=64: 16 x 8.907 us = 142.52 us (934.389 GFLOPS/s)
MUL_MAT f32 m=64 n=4096 k=64: 16 x 13.665 us = 218.64 us (2436.32 GFLOPS/s)
MUL_MAT q4_0_rocmfp4_fast m=10752 n=128 k=2048: 58 x 423.755 us = 24577.8 us (13299.6 GFLOPS/s)
MUL_MAT q4_0_rocmfp4_fast m=2048 n=128 k=10752: 29 x 572.666 us = 16607.3 us (9843.23 GFLOPS/s)
MUL_MAT q4_0_rocmfp4_fast m=2048 n=128 k=2048: 16 x 102.222 us = 1635.56 us (10501.4 GFLOPS/s)
MUL_MAT q4_0_rocmfp4_fast m=2048 n=32 k=2048 batch=4: 22 x 142.265 us = 3129.84 us (7545.61 GFLOPS/s)
MUL_MAT q4_0_rocmfp4_fast m=512 n=128 k=2048: 16 x 42.162 us = 674.6 us (6365.13 GFLOPS/s)
MUL_MAT q4_0_rocmfp4_fast m=6144 n=32 k=2048 batch=4: 22 x 360.121 us = 7922.68 us (8942.64 GFLOPS/s)
RMS_NORM_MUL RMS_NORM(2048,128,1,1): 59 x 10.663 us = 629.12 us
RMS_NORM_MUL_ROPE RMS_NORM(64,32,128,1): 8 x 104.16 us = 833.28 us
RMS_NORM_MUL_ROPE RMS_NORM(64,8,128,1): 8 x 29.395 us = 235.16 us
SET_ROWS: 16 x 3.332 us = 53.32 us
SSM_CONV: 22 x 9.647 us = 212.24 us
Total time: 67720.9 us.
----------------
Vulkan Timings:
ADD: 58 x 8.003 us = 464.2 us
CONCAT: 22 x 22.125 us = 486.76 us
CPY: 22 x 3.783 us = 83.24 us
FLASH_ATTN_EXT dst(64,32,32,4),  q(64,32,32,4),  k(64,4608,8,4),  v(64,4608,8,4),  m(4608,32,1,4): 8 x 1041 us = 8328 us (4641.54 GFLOPS/s)
GET_ROWS: 22 x 2.676 us = 58.88 us
GLU: 29 x 38.742 us = 1123.52 us
MUL: 44 x 10.01 us = 440.44 us
MUL_MAT f32 m=64 n=1024 k=64: 16 x 8.897 us = 142.36 us (935.439 GFLOPS/s)
MUL_MAT f32 m=64 n=4096 k=64: 16 x 13.77 us = 220.32 us (2417.74 GFLOPS/s)
MUL_MAT q4_0_rocmfp4_fast m=10752 n=128 k=2048: 58 x 421.895 us = 24469.9 us (13358.2 GFLOPS/s)
MUL_MAT q4_0_rocmfp4_fast m=2048 n=128 k=10752: 29 x 571.091 us = 16561.6 us (9870.37 GFLOPS/s)
MUL_MAT q4_0_rocmfp4_fast m=2048 n=128 k=2048: 16 x 105.505 us = 1688.08 us (10174.7 GFLOPS/s)
MUL_MAT q4_0_rocmfp4_fast m=2048 n=32 k=2048 batch=4: 22 x 141.347 us = 3109.64 us (7594.63 GFLOPS/s)
MUL_MAT q4_0_rocmfp4_fast m=512 n=128 k=2048: 16 x 40.747 us = 651.96 us (6586.17 GFLOPS/s)
MUL_MAT q4_0_rocmfp4_fast m=6144 n=32 k=2048 batch=4: 22 x 353.887 us = 7785.52 us (9100.18 GFLOPS/s)
RMS_NORM_MUL RMS_NORM(2048,128,1,1): 59 x 10.473 us = 617.96 us
RMS_NORM_MUL_ROPE RMS_NORM(64,32,128,1): 8 x 102.28 us = 818.24 us
RMS_NORM_MUL_ROPE RMS_NORM(64,8,128,1): 8 x 29.375 us = 235 us
SET_ROWS: 16 x 3.085 us = 49.36 us
SSM_CONV: 22 x 9.667 us = 212.68 us
Total time: 67547.7 us.
----------------
Vulkan Timings:
ADD: 58 x 7.98 us = 462.84 us
CONCAT: 22 x 23.92 us = 526.24 us
CPY: 22 x 3.803 us = 83.68 us
FLASH_ATTN_EXT dst(64,32,32,4),  q(64,32,32,4),  k(64,4608,8,4),  v(64,4608,8,4),  m(4608,32,1,4): 8 x 1037.62 us = 8300.92 us (4656.68 GFLOPS/s)
GET_ROWS: 22 x 2.734 us = 60.16 us
GLU: 29 x 40.198 us = 1165.76 us
MUL: 44 x 10.271 us = 451.96 us
MUL_MAT f32 m=64 n=1024 k=64: 16 x 8.915 us = 142.64 us (933.603 GFLOPS/s)
MUL_MAT f32 m=64 n=4096 k=64: 16 x 13.71 us = 219.36 us (2428.32 GFLOPS/s)
MUL_MAT q4_0_rocmfp4_fast m=10752 n=128 k=2048: 58 x 422.902 us = 24528.3 us (13326.4 GFLOPS/s)
MUL_MAT q4_0_rocmfp4_fast m=2048 n=128 k=10752: 29 x 572.431 us = 16600.5 us (9847.26 GFLOPS/s)
MUL_MAT q4_0_rocmfp4_fast m=2048 n=128 k=2048: 16 x 100.53 us = 1608.48 us (10678.2 GFLOPS/s)
MUL_MAT q4_0_rocmfp4_fast m=2048 n=32 k=2048 batch=4: 22 x 142.947 us = 3144.84 us (7509.62 GFLOPS/s)
MUL_MAT q4_0_rocmfp4_fast m=512 n=128 k=2048: 16 x 43.942 us = 703.08 us (6107.3 GFLOPS/s)
MUL_MAT q4_0_rocmfp4_fast m=6144 n=32 k=2048 batch=4: 22 x 355.08 us = 7811.76 us (9069.62 GFLOPS/s)
RMS_NORM_MUL RMS_NORM(2048,128,1,1): 59 x 10.423 us = 615 us
RMS_NORM_MUL_ROPE RMS_NORM(64,32,128,1): 8 x 102.24 us = 817.92 us
RMS_NORM_MUL_ROPE RMS_NORM(64,8,128,1): 8 x 29.375 us = 235 us
SET_ROWS: 16 x 3.167 us = 50.68 us
SSM_CONV: 22 x 9.701 us = 213.44 us
Total time: 67742.6 us.
0.19.371.642 I slot print_timing: id  0 | task 5 | prompt processing, n_tokens =   4352, progress = 0.53, t =   9.20 s / 472.88 tokens per second
0.19.371.686 I slot print_timing: id  1 | task 4 | prompt processing, n_tokens =   4352, progress = 0.53, t =   9.20 s / 472.89 tokens per second
0.19.371.716 I slot print_timing: id  2 | task 3 | prompt processing, n_tokens =   4352, progress = 0.53, t =   9.20 s / 472.89 tokens per second
0.19.371.747 I slot print_timing: id  3 | task 1 | prompt processing, n_tokens =   4480, progress = 0.55, t =   9.28 s / 482.80 tokens per second
----------------
Vulkan Timings:
ADD: 58 x 7.324 us = 424.8 us
CONCAT: 22 x 22.949 us = 504.88 us
CPY: 22 x 3.796 us = 83.52 us
FLASH_ATTN_EXT dst(64,32,32,4),  q(64,32,32,4),  k(64,4608,8,4),  v(64,4608,8,4),  m(4608,32,1,4): 8 x 1048.13 us = 8385.08 us (4609.94 GFLOPS/s)
GET_ROWS: 22 x 2.74 us = 60.28 us
GLU: 29 x 39.922 us = 1157.76 us
MUL: 44 x 9.985 us = 439.36 us
MUL_MAT f32 m=64 n=1024 k=64: 16 x 8.917 us = 142.68 us (933.341 GFLOPS/s)
MUL_MAT f32 m=64 n=4096 k=64: 16 x 13.645 us = 218.32 us (2439.89 GFLOPS/s)
MUL_MAT q4_0_rocmfp4_fast m=10752 n=128 k=2048: 58 x 421.261 us = 24433.2 us (13378.3 GFLOPS/s)
MUL_MAT q4_0_rocmfp4_fast m=2048 n=128 k=10752: 29 x 574.761 us = 16668.1 us (9807.34 GFLOPS/s)
MUL_MAT q4_0_rocmfp4_fast m=2048 n=128 k=2048: 16 x 99.917 us = 1598.68 us (10743.7 GFLOPS/s)
MUL_MAT q4_0_rocmfp4_fast m=2048 n=32 k=2048 batch=4: 22 x 142.934 us = 3144.56 us (7510.29 GFLOPS/s)
MUL_MAT q4_0_rocmfp4_fast m=512 n=128 k=2048: 16 x 43.18 us = 690.88 us (6215.14 GFLOPS/s)
MUL_MAT q4_0_rocmfp4_fast m=6144 n=32 k=2048 batch=4: 22 x 353.818 us = 7784 us (9101.96 GFLOPS/s)
RMS_NORM_MUL RMS_NORM(2048,128,1,1): 59 x 10.834 us = 639.24 us
RMS_NORM_MUL_ROPE RMS_NORM(64,32,128,1): 8 x 102.205 us = 817.64 us
RMS_NORM_MUL_ROPE RMS_NORM(64,8,128,1): 8 x 29.35 us = 234.8 us
SET_ROWS: 16 x 3.042 us = 48.68 us
SSM_CONV: 22 x 9.725 us = 213.96 us
Total time: 67690.4 us.
----------------
Vulkan Timings:
ADD: 58 x 7.707 us = 447.04 us
CONCAT: 22 x 22.212 us = 488.68 us
CPY: 22 x 3.787 us = 83.32 us
FLASH_ATTN_EXT dst(64,32,32,4),  q(64,32,32,4),  k(64,4608,8,4),  v(64,4608,8,4),  m(4608,32,1,4): 8 x 1061.78 us = 8494.24 us (4550.7 GFLOPS/s)
GET_ROWS: 22 x 2.747 us = 60.44 us
GLU: 29 x 39.562 us = 1147.32 us
MUL: 44 x 10.141 us = 446.24 us
MUL_MAT f32 m=64 n=1024 k=64: 16 x 8.92 us = 142.72 us (933.08 GFLOPS/s)
MUL_MAT f32 m=64 n=4096 k=64: 16 x 13.69 us = 219.04 us (2431.87 GFLOPS/s)
MUL_MAT q4_0_rocmfp4_fast m=10752 n=128 k=2048: 58 x 422.428 us = 24500.9 us (13341.3 GFLOPS/s)
MUL_MAT q4_0_rocmfp4_fast m=2048 n=128 k=10752: 29 x 572.817 us = 16611.7 us (9840.62 GFLOPS/s)
MUL_MAT q4_0_rocmfp4_fast m=2048 n=128 k=2048: 16 x 104.057 us = 1664.92 us (10316.2 GFLOPS/s)
MUL_MAT q4_0_rocmfp4_fast m=2048 n=32 k=2048 batch=4: 22 x 142.447 us = 3133.84 us (7535.98 GFLOPS/s)
MUL_MAT q4_0_rocmfp4_fast m=512 n=128 k=2048: 16 x 39.777 us = 636.44 us (6746.78 GFLOPS/s)
MUL_MAT q4_0_rocmfp4_fast m=6144 n=32 k=2048 batch=4: 22 x 357.303 us = 7860.68 us (9013.17 GFLOPS/s)
RMS_NORM_MUL RMS_NORM(2048,128,1,1): 59 x 10.468 us = 617.64 us
RMS_NORM_MUL_ROPE RMS_NORM(64,32,128,1): 8 x 102.255 us = 818.04 us
RMS_NORM_MUL_ROPE RMS_NORM(64,8,128,1): 8 x 28.5 us = 228 us
SET_ROWS: 16 x 2.82 us = 45.12 us
SSM_CONV: 22 x 9.814 us = 215.92 us
Total time: 67862.2 us.
----------------
Vulkan Timings:
ADD: 58 x 8.011 us = 464.68 us
CONCAT: 22 x 23.138 us = 509.04 us
CPY: 22 x 3.789 us = 83.36 us
FLASH_ATTN_EXT dst(64,32,32,4),  q(64,32,32,4),  k(64,4608,8,4),  v(64,4608,8,4),  m(4608,32,1,4): 8 x 1058.83 us = 8470.6 us (4563.4 GFLOPS/s)
GET_ROWS: 22 x 2.661 us = 58.56 us
GLU: 29 x 39.179 us = 1136.2 us
MUL: 44 x 10.397 us = 457.48 us
MUL_MAT f32 m=64 n=1024 k=64: 16 x 8.947 us = 143.16 us (930.212 GFLOPS/s)
MUL_MAT f32 m=64 n=4096 k=64: 16 x 13.802 us = 220.84 us (2412.05 GFLOPS/s)
MUL_MAT q4_0_rocmfp4_fast m=10752 n=128 k=2048: 58 x 422.871 us = 24526.6 us (13327.4 GFLOPS/s)
MUL_MAT q4_0_rocmfp4_fast m=2048 n=128 k=10752: 29 x 571.9 us = 16585.1 us (9856.4 GFLOPS/s)
MUL_MAT q4_0_rocmfp4_fast m=2048 n=128 k=2048: 16 x 99.282 us = 1588.52 us (10812.4 GFLOPS/s)
MUL_MAT q4_0_rocmfp4_fast m=2048 n=32 k=2048 batch=4: 22 x 142.089 us = 3125.96 us (7554.98 GFLOPS/s)
MUL_MAT q4_0_rocmfp4_fast m=512 n=128 k=2048: 16 x 43.115 us = 689.84 us (6224.51 GFLOPS/s)
MUL_MAT q4_0_rocmfp4_fast m=6144 n=32 k=2048 batch=4: 22 x 352.863 us = 7763 us (9126.58 GFLOPS/s)
RMS_NORM_MUL RMS_NORM(2048,128,1,1): 59 x 10.455 us = 616.88 us
RMS_NORM_MUL_ROPE RMS_NORM(64,32,128,1): 8 x 100.565 us = 804.52 us
RMS_NORM_MUL_ROPE RMS_NORM(64,8,128,1): 8 x 29.84 us = 238.72 us
SET_ROWS: 16 x 3.22 us = 51.52 us
SSM_CONV: 22 x 9.656 us = 212.44 us
Total time: 67747 us.
----------------
Vulkan Timings:
ADD: 58 x 7.371 us = 427.56 us
CONCAT: 22 x 24.538 us = 539.84 us
CPY: 22 x 3.789 us = 83.36 us
FLASH_ATTN_EXT dst(64,32,32,4),  q(64,32,32,4),  k(64,4608,8,4),  v(64,4608,8,4),  m(4608,32,1,4): 8 x 1074.64 us = 8597.16 us (4496.22 GFLOPS/s)
GET_ROWS: 22 x 2.73 us = 60.08 us
GLU: 29 x 39.964 us = 1158.96 us
MUL: 44 x 10.001 us = 440.08 us
MUL_MAT f32 m=64 n=1024 k=64: 16 x 8.912 us = 142.6 us (933.865 GFLOPS/s)
MUL_MAT f32 m=64 n=4096 k=64: 16 x 13.815 us = 221.04 us (2409.87 GFLOPS/s)
MUL_MAT q4_0_rocmfp4_fast m=10752 n=128 k=2048: 58 x 424.174 us = 24602.1 us (13286.4 GFLOPS/s)
MUL_MAT q4_0_rocmfp4_fast m=2048 n=128 k=10752: 29 x 573.217 us = 16623.3 us (9833.75 GFLOPS/s)
MUL_MAT q4_0_rocmfp4_fast m=2048 n=128 k=2048: 16 x 100.93 us = 1614.88 us (10635.9 GFLOPS/s)
MUL_MAT q4_0_rocmfp4_fast m=2048 n=32 k=2048 batch=4: 22 x 143.78 us = 3163.16 us (7466.13 GFLOPS/s)
MUL_MAT q4_0_rocmfp4_fast m=512 n=128 k=2048: 16 x 42.4 us = 678.4 us (6329.48 GFLOPS/s)
MUL_MAT q4_0_rocmfp4_fast m=6144 n=32 k=2048 batch=4: 22 x 354.91 us = 7808.04 us (9073.94 GFLOPS/s)
RMS_NORM_MUL RMS_NORM(2048,128,1,1): 59 x 10.464 us = 617.4 us
RMS_NORM_MUL_ROPE RMS_NORM(64,32,128,1): 8 x 108.67 us = 869.36 us
RMS_NORM_MUL_ROPE RMS_NORM(64,8,128,1): 8 x 31.115 us = 248.92 us
SET_ROWS: 16 x 2.685 us = 42.96 us
SSM_CONV: 22 x 9.667 us = 212.68 us
Total time: 68151.9 us.
0.19.658.114 I slot print_timing: id  0 | task 5 | prompt processing, n_tokens =   4480, progress = 0.55, t =   9.49 s / 472.10 tokens per second
0.19.658.155 I slot print_timing: id  1 | task 4 | prompt processing, n_tokens =   4480, progress = 0.55, t =   9.49 s / 472.10 tokens per second
0.19.658.186 I slot print_timing: id  2 | task 3 | prompt processing, n_tokens =   4480, progress = 0.55, t =   9.49 s / 472.10 tokens per second
0.19.658.222 I slot print_timing: id  3 | task 1 | prompt processing, n_tokens =   4608, progress = 0.56, t =   9.57 s / 481.72 tokens per second
----------------
Vulkan Timings:
ADD: 58 x 7.783 us = 451.44 us
CONCAT: 22 x 21.421 us = 471.28 us
CPY: 22 x 3.789 us = 83.36 us
FLASH_ATTN_EXT dst(64,32,32,4),  q(64,32,32,4),  k(64,4864,8,4),  v(64,4864,8,4),  m(4864,32,1,4): 8 x 1076.38 us = 8611.04 us (4738.36 GFLOPS/s)
GET_ROWS: 22 x 2.689 us = 59.16 us
GLU: 29 x 39.155 us = 1135.52 us
MUL: 44 x 9.935 us = 437.16 us
MUL_MAT f32 m=64 n=1024 k=64: 16 x 8.872 us = 141.96 us (938.075 GFLOPS/s)
MUL_MAT f32 m=64 n=4096 k=64: 16 x 13.73 us = 219.68 us (2424.78 GFLOPS/s)
MUL_MAT q4_0_rocmfp4_fast m=10752 n=128 k=2048: 58 x 423.828 us = 24582.1 us (13297.3 GFLOPS/s)
MUL_MAT q4_0_rocmfp4_fast m=2048 n=128 k=10752: 29 x 574.644 us = 16664.7 us (9809.34 GFLOPS/s)
MUL_MAT q4_0_rocmfp4_fast m=2048 n=128 k=2048: 16 x 97.015 us = 1552.24 us (11065.1 GFLOPS/s)
MUL_MAT q4_0_rocmfp4_fast m=2048 n=32 k=2048 batch=4: 22 x 141.13 us = 3104.88 us (7606.27 GFLOPS/s)
MUL_MAT q4_0_rocmfp4_fast m=512 n=128 k=2048: 16 x 44.35 us = 709.6 us (6051.18 GFLOPS/s)
MUL_MAT q4_0_rocmfp4_fast m=6144 n=32 k=2048 batch=4: 22 x 350.807 us = 7717.76 us (9180.08 GFLOPS/s)
RMS_NORM_MUL RMS_NORM(2048,128,1,1): 59 x 10.465 us = 617.44 us
RMS_NORM_MUL_ROPE RMS_NORM(64,32,128,1): 8 x 102.225 us = 817.8 us
RMS_NORM_MUL_ROPE RMS_NORM(64,8,128,1): 8 x 29.18 us = 233.44 us
SET_ROWS: 16 x 2.915 us = 46.64 us
SSM_CONV: 22 x 9.703 us = 213.48 us
Total time: 67870.6 us.
----------------
Vulkan Timings:
ADD: 58 x 8.076 us = 468.44 us
CONCAT: 22 x 21.367 us = 470.08 us
CPY: 22 x 3.796 us = 83.52 us
FLASH_ATTN_EXT dst(64,32,32,4),  q(64,32,32,4),  k(64,4864,8,4),  v(64,4864,8,4),  m(4864,32,1,4): 8 x 1077.97 us = 8623.8 us (4731.35 GFLOPS/s)
GET_ROWS: 22 x 2.683 us = 59.04 us
GLU: 29 x 39.659 us = 1150.12 us
MUL: 44 x 10.02 us = 440.88 us
MUL_MAT f32 m=64 n=1024 k=64: 16 x 8.472 us = 135.56 us (982.363 GFLOPS/s)
MUL_MAT f32 m=64 n=4096 k=64: 16 x 14.08 us = 225.28 us (2364.51 GFLOPS/s)
MUL_MAT q4_0_rocmfp4_fast m=10752 n=128 k=2048: 58 x 422.902 us = 24528.3 us (13326.4 GFLOPS/s)
MUL_MAT q4_0_rocmfp4_fast m=2048 n=128 k=10752: 29 x 571.926 us = 16585.9 us (9855.95 GFLOPS/s)
MUL_MAT q4_0_rocmfp4_fast m=2048 n=128 k=2048: 16 x 102.16 us = 1634.56 us (10507.8 GFLOPS/s)
MUL_MAT q4_0_rocmfp4_fast m=2048 n=32 k=2048 batch=4: 22 x 142.854 us = 3142.8 us (7514.49 GFLOPS/s)
MUL_MAT q4_0_rocmfp4_fast m=512 n=128 k=2048: 16 x 40.617 us = 649.88 us (6607.25 GFLOPS/s)
MUL_MAT q4_0_rocmfp4_fast m=6144 n=32 k=2048 batch=4: 22 x 353.025 us = 7766.56 us (9122.4 GFLOPS/s)
RMS_NORM_MUL RMS_NORM(2048,128,1,1): 59 x 10.433 us = 615.56 us
RMS_NORM_MUL_ROPE RMS_NORM(64,32,128,1): 8 x 106.205 us = 849.64 us
RMS_NORM_MUL_ROPE RMS_NORM(64,8,128,1): 8 x 28.53 us = 228.24 us
SET_ROWS: 16 x 2.842 us = 45.48 us
SSM_CONV: 22 x 9.614 us = 211.52 us
Total time: 67915.2 us.
----------------
Vulkan Timings:
ADD: 58 x 7.363 us = 427.08 us
CONCAT: 22 x 21.369 us = 470.12 us
CPY: 22 x 3.803 us = 83.68 us
FLASH_ATTN_EXT dst(64,32,32,4),  q(64,32,32,4),  k(64,4864,8,4),  v(64,4864,8,4),  m(4864,32,1,4): 8 x 1089.64 us = 8717.12 us (4680.7 GFLOPS/s)
GET_ROWS: 22 x 2.703 us = 59.48 us
GLU: 29 x 38.468 us = 1115.6 us
MUL: 44 x 9.83 us = 432.52 us
MUL_MAT f32 m=64 n=1024 k=64: 16 x 8.907 us = 142.52 us (934.389 GFLOPS/s)
MUL_MAT f32 m=64 n=4096 k=64: 16 x 13.82 us = 221.12 us (2408.99 GFLOPS/s)
MUL_MAT q4_0_rocmfp4_fast m=10752 n=128 k=2048: 58 x 421.319 us = 24436.5 us (13376.5 GFLOPS/s)
MUL_MAT q4_0_rocmfp4_fast m=2048 n=128 k=10752: 29 x 574.099 us = 16648.9 us (9818.65 GFLOPS/s)
MUL_MAT q4_0_rocmfp4_fast m=2048 n=128 k=2048: 16 x 101.975 us = 1631.6 us (10526.9 GFLOPS/s)
MUL_MAT q4_0_rocmfp4_fast m=2048 n=32 k=2048 batch=4: 22 x 142.798 us = 3141.56 us (7517.46 GFLOPS/s)
MUL_MAT q4_0_rocmfp4_fast m=512 n=128 k=2048: 16 x 42.285 us = 676.56 us (6346.69 GFLOPS/s)
MUL_MAT q4_0_rocmfp4_fast m=6144 n=32 k=2048 batch=4: 22 x 350.174 us = 7703.84 us (9196.67 GFLOPS/s)
RMS_NORM_MUL RMS_NORM(2048,128,1,1): 59 x 10.477 us = 618.2 us
RMS_NORM_MUL_ROPE RMS_NORM(64,32,128,1): 8 x 102.265 us = 818.12 us
RMS_NORM_MUL_ROPE RMS_NORM(64,8,128,1): 8 x 32.61 us = 260.88 us
SET_ROWS: 16 x 3.105 us = 49.68 us
SSM_CONV: 22 x 9.683 us = 213.04 us
Total time: 67868.1 us.
----------------
Vulkan Timings:
ADD: 58 x 7.906 us = 458.56 us
CONCAT: 22 x 22.147 us = 487.24 us
CPY: 22 x 3.794 us = 83.48 us
FLASH_ATTN_EXT dst(64,32,32,4),  q(64,32,32,4),  k(64,4864,8,4),  v(64,4864,8,4),  m(4864,32,1,4): 8 x 1092.93 us = 8743.48 us (4666.58 GFLOPS/s)
GET_ROWS: 22 x 2.663 us = 58.6 us
GLU: 29 x 39.63 us = 1149.28 us
MUL: 44 x 10.054 us = 442.4 us
MUL_MAT f32 m=64 n=1024 k=64: 16 x 8.915 us = 142.64 us (933.603 GFLOPS/s)
MUL_MAT f32 m=64 n=4096 k=64: 16 x 13.89 us = 222.24 us (2396.85 GFLOPS/s)
MUL_MAT q4_0_rocmfp4_fast m=10752 n=128 k=2048: 58 x 423.627 us = 24570.4 us (13303.6 GFLOPS/s)
MUL_MAT q4_0_rocmfp4_fast m=2048 n=128 k=10752: 29 x 571.237 us = 16565.9 us (9867.85 GFLOPS/s)
MUL_MAT q4_0_rocmfp4_fast m=2048 n=128 k=2048: 16 x 101.395 us = 1622.32 us (10587.1 GFLOPS/s)
MUL_MAT q4_0_rocmfp4_fast m=2048 n=32 k=2048 batch=4: 22 x 140.389 us = 3088.56 us (7646.46 GFLOPS/s)
MUL_MAT q4_0_rocmfp4_fast m=512 n=128 k=2048: 16 x 45.967 us = 735.48 us (5838.25 GFLOPS/s)
MUL_MAT q4_0_rocmfp4_fast m=6144 n=32 k=2048 batch=4: 22 x 363.436 us = 7995.6 us (8861.08 GFLOPS/s)
RMS_NORM_MUL RMS_NORM(2048,128,1,1): 59 x 10.448 us = 616.44 us
RMS_NORM_MUL_ROPE RMS_NORM(64,32,128,1): 8 x 105.9 us = 847.2 us
RMS_NORM_MUL_ROPE RMS_NORM(64,8,128,1): 8 x 31.185 us = 249.48 us
SET_ROWS: 16 x 2.87 us = 45.92 us
SSM_CONV: 22 x 9.643 us = 212.16 us
Total time: 68337.4 us.
0.19.947.026 I slot print_timing: id  0 | task 5 | prompt processing, n_tokens =   4608, progress = 0.56, t =   9.78 s / 471.24 tokens per second
0.19.947.058 I slot print_timing: id  1 | task 4 | prompt processing, n_tokens =   4608, progress = 0.56, t =   9.78 s / 471.24 tokens per second
0.19.947.080 I slot print_timing: id  2 | task 3 | prompt processing, n_tokens =   4608, progress = 0.56, t =   9.78 s / 471.24 tokens per second
0.19.947.102 I slot print_timing: id  3 | task 1 | prompt processing, n_tokens =   4736, progress = 0.58, t =   9.85 s / 480.59 tokens per second
----------------
Vulkan Timings:
ADD: 58 x 7.39 us = 428.64 us
CONCAT: 22 x 22.945 us = 504.8 us
CPY: 22 x 3.774 us = 83.04 us
FLASH_ATTN_EXT dst(64,32,32,4),  q(64,32,32,4),  k(64,4864,8,4),  v(64,4864,8,4),  m(4864,32,1,4): 8 x 1096.57 us = 8772.56 us (4651.12 GFLOPS/s)
GET_ROWS: 22 x 2.645 us = 58.2 us
GLU: 29 x 39.135 us = 1134.92 us
MUL: 44 x 9.433 us = 415.08 us
MUL_MAT f32 m=64 n=1024 k=64: 16 x 8.922 us = 142.76 us (932.818 GFLOPS/s)
MUL_MAT f32 m=64 n=4096 k=64: 16 x 13.715 us = 219.44 us (2427.44 GFLOPS/s)
MUL_MAT q4_0_rocmfp4_fast m=10752 n=128 k=2048: 58 x 423.377 us = 24555.9 us (13311.4 GFLOPS/s)
MUL_MAT q4_0_rocmfp4_fast m=2048 n=128 k=10752: 29 x 572.554 us = 16604.1 us (9845.15 GFLOPS/s)
MUL_MAT q4_0_rocmfp4_fast m=2048 n=128 k=2048: 16 x 99.832 us = 1597.32 us (10752.8 GFLOPS/s)
MUL_MAT q4_0_rocmfp4_fast m=2048 n=32 k=2048 batch=4: 22 x 148.634 us = 3269.96 us (7222.28 GFLOPS/s)
MUL_MAT q4_0_rocmfp4_fast m=512 n=128 k=2048: 16 x 45.122 us = 721.96 us (5947.59 GFLOPS/s)
MUL_MAT q4_0_rocmfp4_fast m=6144 n=32 k=2048 batch=4: 22 x 353.4 us = 7774.8 us (9112.73 GFLOPS/s)
RMS_NORM_MUL RMS_NORM(2048,128,1,1): 59 x 10.517 us = 620.52 us
RMS_NORM_MUL_ROPE RMS_NORM(64,32,128,1): 8 x 102.195 us = 817.56 us
RMS_NORM_MUL_ROPE RMS_NORM(64,8,128,1): 8 x 29.43 us = 235.44 us
SET_ROWS: 16 x 2.982 us = 47.72 us
SSM_CONV: 22 x 9.649 us = 212.28 us
Total time: 68217 us.
----------------
Vulkan Timings:
ADD: 58 x 7.669 us = 444.84 us
CONCAT: 22 x 21.57 us = 474.56 us
CPY: 22 x 3.769 us = 82.92 us
FLASH_ATTN_EXT dst(64,32,32,4),  q(64,32,32,4),  k(64,4864,8,4),  v(64,4864,8,4),  m(4864,32,1,4): 8 x 1106.18 us = 8849.48 us (4610.69 GFLOPS/s)
GET_ROWS: 22 x 2.669 us = 58.72 us
GLU: 29 x 39.133 us = 1134.88 us
MUL: 44 x 9.68 us = 425.96 us
MUL_MAT f32 m=64 n=1024 k=64: 16 x 8.512 us = 136.2 us (977.747 GFLOPS/s)
MUL_MAT f32 m=64 n=4096 k=64: 16 x 15.122 us = 241.96 us (2201.51 GFLOPS/s)
MUL_MAT q4_0_rocmfp4_fast m=10752 n=128 k=2048: 58 x 423.478 us = 24561.8 us (13308.3 GFLOPS/s)
MUL_MAT q4_0_rocmfp4_fast m=2048 n=128 k=10752: 29 x 571.906 us = 16585.3 us (9856.31 GFLOPS/s)
MUL_MAT q4_0_rocmfp4_fast m=2048 n=128 k=2048: 16 x 100.262 us = 1604.2 us (10706.7 GFLOPS/s)
MUL_MAT q4_0_rocmfp4_fast m=2048 n=32 k=2048 batch=4: 22 x 142.321 us = 3131.08 us (7542.62 GFLOPS/s)
MUL_MAT q4_0_rocmfp4_fast m=512 n=128 k=2048: 16 x 45.15 us = 722.4 us (5943.96 GFLOPS/s)
MUL_MAT q4_0_rocmfp4_fast m=6144 n=32 k=2048 batch=4: 22 x 358.514 us = 7887.32 us (8982.73 GFLOPS/s)
RMS_NORM_MUL RMS_NORM(2048,128,1,1): 59 x 10.464 us = 617.4 us
RMS_NORM_MUL_ROPE RMS_NORM(64,32,128,1): 8 x 101.4 us = 811.2 us
RMS_NORM_MUL_ROPE RMS_NORM(64,8,128,1): 8 x 29.325 us = 234.6 us
SET_ROWS: 16 x 2.952 us = 47.24 us
SSM_CONV: 22 x 9.654 us = 212.4 us
Total time: 68264.4 us.
----------------
Vulkan Timings:
ADD: 58 x 8.67 us = 502.88 us
CONCAT: 22 x 22.467 us = 494.28 us
CPY: 22 x 3.79 us = 83.4 us
FLASH_ATTN_EXT dst(64,32,32,4),  q(64,32,32,4),  k(64,4864,8,4),  v(64,4864,8,4),  m(4864,32,1,4): 8 x 1113.81 us = 8910.48 us (4579.12 GFLOPS/s)
GET_ROWS: 22 x 2.645 us = 58.2 us
GLU: 29 x 37.642 us = 1091.64 us
MUL: 44 x 9.86 us = 433.84 us
MUL_MAT f32 m=64 n=1024 k=64: 16 x 8.975 us = 143.6 us (927.362 GFLOPS/s)
MUL_MAT f32 m=64 n=4096 k=64: 16 x 13.71 us = 219.36 us (2428.32 GFLOPS/s)
MUL_MAT q4_0_rocmfp4_fast m=10752 n=128 k=2048: 58 x 425.282 us = 24666.4 us (13251.8 GFLOPS/s)
MUL_MAT q4_0_rocmfp4_fast m=2048 n=128 k=10752: 29 x 577.463 us = 16746.4 us (9761.45 GFLOPS/s)
MUL_MAT q4_0_rocmfp4_fast m=2048 n=128 k=2048: 16 x 102.382 us = 1638.12 us (10485 GFLOPS/s)
MUL_MAT q4_0_rocmfp4_fast m=2048 n=32 k=2048 batch=4: 22 x 138.925 us = 3056.36 us (7727.02 GFLOPS/s)
MUL_MAT q4_0_rocmfp4_fast m=512 n=128 k=2048: 16 x 42.245 us = 675.92 us (6352.7 GFLOPS/s)
MUL_MAT q4_0_rocmfp4_fast m=6144 n=32 k=2048 batch=4: 22 x 354.19 us = 7792.2 us (9092.38 GFLOPS/s)
RMS_NORM_MUL RMS_NORM(2048,128,1,1): 59 x 10.392 us = 613.16 us
RMS_NORM_MUL_ROPE RMS_NORM(64,32,128,1): 8 x 105.95 us = 847.6 us
RMS_NORM_MUL_ROPE RMS_NORM(64,8,128,1): 8 x 31.175 us = 249.4 us
SET_ROWS: 16 x 2.752 us = 44.04 us
SSM_CONV: 22 x 9.705 us = 213.52 us
Total time: 68480.8 us.
----------------
Vulkan Timings:
ADD: 58 x 8.088 us = 469.16 us
CONCAT: 22 x 24.972 us = 549.4 us
CPY: 22 x 3.783 us = 83.24 us
FLASH_ATTN_EXT dst(64,32,32,4),  q(64,32,32,4),  k(64,4864,8,4),  v(64,4864,8,4),  m(4864,32,1,4): 8 x 1130.47 us = 9043.8 us (4511.62 GFLOPS/s)
GET_ROWS: 22 x 2.663 us = 58.6 us
GLU: 29 x 38.419 us = 1114.16 us
MUL: 44 x 9.998 us = 439.92 us
MUL_MAT f32 m=64 n=1024 k=64: 16 x 8.912 us = 142.6 us (933.865 GFLOPS/s)
MUL_MAT f32 m=64 n=4096 k=64: 16 x 13.907 us = 222.52 us (2393.84 GFLOPS/s)
MUL_MAT q4_0_rocmfp4_fast m=10752 n=128 k=2048: 58 x 422.47 us = 24503.3 us (13340 GFLOPS/s)
MUL_MAT q4_0_rocmfp4_fast m=2048 n=128 k=10752: 29 x 575.467 us = 16688.6 us (9795.31 GFLOPS/s)
MUL_MAT q4_0_rocmfp4_fast m=2048 n=128 k=2048: 16 x 96.91 us = 1550.56 us (11077.1 GFLOPS/s)
MUL_MAT q4_0_rocmfp4_fast m=2048 n=32 k=2048 batch=4: 22 x 142.603 us = 3137.28 us (7527.72 GFLOPS/s)
MUL_MAT q4_0_rocmfp4_fast m=512 n=128 k=2048: 16 x 43.97 us = 703.52 us (6103.48 GFLOPS/s)
MUL_MAT q4_0_rocmfp4_fast m=6144 n=32 k=2048 batch=4: 22 x 351.478 us = 7732.52 us (9162.56 GFLOPS/s)
RMS_NORM_MUL RMS_NORM(2048,128,1,1): 59 x 10.465 us = 617.44 us
RMS_NORM_MUL_ROPE RMS_NORM(64,32,128,1): 8 x 105.57 us = 844.56 us
RMS_NORM_MUL_ROPE RMS_NORM(64,8,128,1): 8 x 28.755 us = 230.04 us
SET_ROWS: 16 x 3 us = 48 us
SSM_CONV: 22 x 9.672 us = 212.8 us
Total time: 68392 us.
0.20.235.111 I slot print_timing: id  0 | task 5 | prompt processing, n_tokens =   4736, progress = 0.58, t =  10.07 s / 470.47 tokens per second
0.20.235.147 I slot print_timing: id  1 | task 4 | prompt processing, n_tokens =   4736, progress = 0.58, t =  10.07 s / 470.47 tokens per second
0.20.235.173 I slot print_timing: id  2 | task 3 | prompt processing, n_tokens =   4736, progress = 0.58, t =  10.07 s / 470.47 tokens per second
0.20.235.198 I slot print_timing: id  3 | task 1 | prompt processing, n_tokens =   4864, progress = 0.59, t =  10.14 s / 479.56 tokens per second
----------------
Vulkan Timings:
ADD: 58 x 8.593 us = 498.44 us
CONCAT: 22 x 22.138 us = 487.04 us
CPY: 22 x 3.783 us = 83.24 us
FLASH_ATTN_EXT dst(64,32,32,4),  q(64,32,32,4),  k(64,5120,8,4),  v(64,5120,8,4),  m(5120,32,1,4): 8 x 1143.84 us = 9150.68 us (4693.6 GFLOPS/s)
GET_ROWS: 22 x 2.678 us = 58.92 us
GLU: 29 x 40.126 us = 1163.68 us
MUL: 44 x 10.082 us = 443.64 us
MUL_MAT f32 m=64 n=1024 k=64: 16 x 9.002 us = 144.04 us (924.529 GFLOPS/s)
MUL_MAT f32 m=64 n=4096 k=64: 16 x 13.86 us = 221.76 us (2402.04 GFLOPS/s)
MUL_MAT q4_0_rocmfp4_fast m=10752 n=128 k=2048: 58 x 423.043 us = 24536.5 us (13322 GFLOPS/s)
MUL_MAT q4_0_rocmfp4_fast m=2048 n=128 k=10752: 29 x 571.051 us = 16560.5 us (9871.07 GFLOPS/s)
MUL_MAT q4_0_rocmfp4_fast m=2048 n=128 k=2048: 16 x 100.762 us = 1612.2 us (10653.6 GFLOPS/s)
MUL_MAT q4_0_rocmfp4_fast m=2048 n=32 k=2048 batch=4: 22 x 141.038 us = 3102.84 us (7611.27 GFLOPS/s)
MUL_MAT q4_0_rocmfp4_fast m=512 n=128 k=2048: 16 x 43.96 us = 703.36 us (6104.87 GFLOPS/s)
MUL_MAT q4_0_rocmfp4_fast m=6144 n=32 k=2048 batch=4: 22 x 352.945 us = 7764.8 us (9124.47 GFLOPS/s)
RMS_NORM_MUL RMS_NORM(2048,128,1,1): 59 x 10.477 us = 618.2 us
RMS_NORM_MUL_ROPE RMS_NORM(64,32,128,1): 8 x 104.005 us = 832.04 us
RMS_NORM_MUL_ROPE RMS_NORM(64,8,128,1): 8 x 29.785 us = 238.28 us
SET_ROWS: 16 x 2.945 us = 47.12 us
SSM_CONV: 22 x 9.68 us = 212.96 us
Total time: 68480.2 us.
----------------
Vulkan Timings:
ADD: 58 x 7.748 us = 449.4 us
CONCAT: 22 x 23.023 us = 506.52 us
CPY: 22 x 3.8 us = 83.6 us
FLASH_ATTN_EXT dst(64,32,32,4),  q(64,32,32,4),  k(64,5120,8,4),  v(64,5120,8,4),  m(5120,32,1,4): 8 x 1156.09 us = 9248.68 us (4643.87 GFLOPS/s)
GET_ROWS: 22 x 2.649 us = 58.28 us
GLU: 29 x 41.008 us = 1189.24 us
MUL: 44 x 9.84 us = 432.96 us
MUL_MAT f32 m=64 n=1024 k=64: 16 x 8.892 us = 142.28 us (935.965 GFLOPS/s)
MUL_MAT f32 m=64 n=4096 k=64: 16 x 13.915 us = 222.64 us (2392.55 GFLOPS/s)
MUL_MAT q4_0_rocmfp4_fast m=10752 n=128 k=2048: 58 x 425.336 us = 24669.5 us (13250.1 GFLOPS/s)
MUL_MAT q4_0_rocmfp4_fast m=2048 n=128 k=10752: 29 x 571.609 us = 16576.7 us (9861.42 GFLOPS/s)
MUL_MAT q4_0_rocmfp4_fast m=2048 n=128 k=2048: 16 x 102.74 us = 1643.84 us (10448.5 GFLOPS/s)
MUL_MAT q4_0_rocmfp4_fast m=2048 n=32 k=2048 batch=4: 22 x 145.307 us = 3196.76 us (7387.65 GFLOPS/s)
MUL_MAT q4_0_rocmfp4_fast m=512 n=128 k=2048: 16 x 41.387 us = 662.2 us (6484.32 GFLOPS/s)
MUL_MAT q4_0_rocmfp4_fast m=6144 n=32 k=2048 batch=4: 22 x 351.998 us = 7743.96 us (9149.02 GFLOPS/s)
RMS_NORM_MUL RMS_NORM(2048,128,1,1): 59 x 10.492 us = 619.04 us
RMS_NORM_MUL_ROPE RMS_NORM(64,32,128,1): 8 x 100.56 us = 804.48 us
RMS_NORM_MUL_ROPE RMS_NORM(64,8,128,1): 8 x 30.335 us = 242.68 us
SET_ROWS: 16 x 2.855 us = 45.68 us
SSM_CONV: 22 x 9.703 us = 213.48 us
Total time: 68751.9 us.
----------------
Vulkan Timings:
ADD: 58 x 7.757 us = 449.96 us
CONCAT: 22 x 22.254 us = 489.6 us
CPY: 22 x 3.789 us = 83.36 us
FLASH_ATTN_EXT dst(64,32,32,4),  q(64,32,32,4),  k(64,5120,8,4),  v(64,5120,8,4),  m(5120,32,1,4): 8 x 1148.79 us = 9190.28 us (4673.38 GFLOPS/s)
GET_ROWS: 22 x 2.732 us = 60.12 us
GLU: 29 x 39.333 us = 1140.68 us
MUL: 44 x 10.715 us = 471.48 us
MUL_MAT f32 m=64 n=1024 k=64: 16 x 8.905 us = 142.48 us (934.652 GFLOPS/s)
MUL_MAT f32 m=64 n=4096 k=64: 16 x 13.725 us = 219.6 us (2425.67 GFLOPS/s)
MUL_MAT q4_0_rocmfp4_fast m=10752 n=128 k=2048: 58 x 426.788 us = 24753.7 us (13205.1 GFLOPS/s)
MUL_MAT q4_0_rocmfp4_fast m=2048 n=128 k=10752: 29 x 575.353 us = 16685.2 us (9797.26 GFLOPS/s)
MUL_MAT q4_0_rocmfp4_fast m=2048 n=128 k=2048: 16 x 107.265 us = 1716.24 us (10007.7 GFLOPS/s)
MUL_MAT q4_0_rocmfp4_fast m=2048 n=32 k=2048 batch=4: 22 x 141.438 us = 3111.64 us (7589.74 GFLOPS/s)
MUL_MAT q4_0_rocmfp4_fast m=512 n=128 k=2048: 16 x 38.587 us = 617.4 us (6954.84 GFLOPS/s)
MUL_MAT q4_0_rocmfp4_fast m=6144 n=32 k=2048 batch=4: 22 x 347.963 us = 7655.2 us (9255.1 GFLOPS/s)
RMS_NORM_MUL RMS_NORM(2048,128,1,1): 59 x 10.53 us = 621.32 us
RMS_NORM_MUL_ROPE RMS_NORM(64,32,128,1): 8 x 101.905 us = 815.24 us
RMS_NORM_MUL_ROPE RMS_NORM(64,8,128,1): 8 x 29.395 us = 235.16 us
SET_ROWS: 16 x 2.96 us = 47.36 us
SSM_CONV: 22 x 9.667 us = 212.68 us
Total time: 68718.8 us.
----------------
Vulkan Timings:
ADD: 58 x 7.377 us = 427.92 us
CONCAT: 22 x 21.418 us = 471.2 us
CPY: 22 x 3.812 us = 83.88 us
FLASH_ATTN_EXT dst(64,32,32,4),  q(64,32,32,4),  k(64,5120,8,4),  v(64,5120,8,4),  m(5120,32,1,4): 8 x 1167.18 us = 9337.48 us (4599.71 GFLOPS/s)
GET_ROWS: 22 x 2.69 us = 59.2 us
GLU: 29 x 40.631 us = 1178.32 us
MUL: 44 x 10.303 us = 453.36 us
MUL_MAT f32 m=64 n=1024 k=64: 16 x 8.952 us = 143.24 us (929.692 GFLOPS/s)
MUL_MAT f32 m=64 n=4096 k=64: 16 x 13.76 us = 220.16 us (2419.5 GFLOPS/s)
MUL_MAT q4_0_rocmfp4_fast m=10752 n=128 k=2048: 58 x 425.408 us = 24673.7 us (13247.9 GFLOPS/s)
MUL_MAT q4_0_rocmfp4_fast m=2048 n=128 k=10752: 29 x 574.667 us = 16665.4 us (9808.94 GFLOPS/s)
MUL_MAT q4_0_rocmfp4_fast m=2048 n=128 k=2048: 16 x 103.195 us = 1651.12 us (10402.4 GFLOPS/s)
MUL_MAT q4_0_rocmfp4_fast m=2048 n=32 k=2048 batch=4: 22 x 142.429 us = 3133.44 us (7536.94 GFLOPS/s)
MUL_MAT q4_0_rocmfp4_fast m=512 n=128 k=2048: 16 x 40.557 us = 648.92 us (6617.02 GFLOPS/s)
MUL_MAT q4_0_rocmfp4_fast m=6144 n=32 k=2048 batch=4: 22 x 348.841 us = 7674.52 us (9231.8 GFLOPS/s)
RMS_NORM_MUL RMS_NORM(2048,128,1,1): 59 x 10.482 us = 618.48 us
RMS_NORM_MUL_ROPE RMS_NORM(64,32,128,1): 8 x 100.66 us = 805.28 us
RMS_NORM_MUL_ROPE RMS_NORM(64,8,128,1): 8 x 27.565 us = 220.52 us
SET_ROWS: 16 x 2.912 us = 46.6 us
SSM_CONV: 22 x 9.665 us = 212.64 us
Total time: 68725.4 us.
0.20.528.183 I slot print_timing: id  0 | task 5 | prompt processing, n_tokens =   4864, progress = 0.59, t =  10.36 s / 469.51 tokens per second
0.20.528.215 I slot print_timing: id  1 | task 4 | prompt processing, n_tokens =   4864, progress = 0.59, t =  10.36 s / 469.52 tokens per second
0.20.528.252 I slot print_timing: id  2 | task 3 | prompt processing, n_tokens =   4864, progress = 0.59, t =  10.36 s / 469.52 tokens per second
0.20.528.274 I slot print_timing: id  3 | task 1 | prompt processing, n_tokens =   4992, progress = 0.61, t =  10.44 s / 478.35 tokens per second
----------------
Vulkan Timings:
ADD: 58 x 8.242 us = 478.08 us
CONCAT: 22 x 23.676 us = 520.88 us
CPY: 22 x 4.01 us = 88.24 us
FLASH_ATTN_EXT dst(64,32,32,4),  q(64,32,32,4),  k(64,5120,8,4),  v(64,5120,8,4),  m(5120,32,1,4): 8 x 1169.09 us = 9352.68 us (4592.23 GFLOPS/s)
GET_ROWS: 22 x 2.64 us = 58.08 us
GLU: 29 x 39.744 us = 1152.6 us
MUL: 44 x 9.343 us = 411.12 us
MUL_MAT f32 m=64 n=1024 k=64: 16 x 9.117 us = 145.88 us (912.868 GFLOPS/s)
MUL_MAT f32 m=64 n=4096 k=64: 16 x 13.94 us = 223.04 us (2388.26 GFLOPS/s)
MUL_MAT q4_0_rocmfp4_fast m=10752 n=128 k=2048: 58 x 422.387 us = 24498.5 us (13342.6 GFLOPS/s)
MUL_MAT q4_0_rocmfp4_fast m=2048 n=128 k=10752: 29 x 572.48 us = 16601.9 us (9846.43 GFLOPS/s)
MUL_MAT q4_0_rocmfp4_fast m=2048 n=128 k=2048: 16 x 98.812 us = 1581 us (10863.8 GFLOPS/s)
MUL_MAT q4_0_rocmfp4_fast m=2048 n=32 k=2048 batch=4: 22 x 141.91 us = 3122.04 us (7564.46 GFLOPS/s)
MUL_MAT q4_0_rocmfp4_fast m=512 n=128 k=2048: 16 x 42.995 us = 687.92 us (6241.89 GFLOPS/s)
MUL_MAT q4_0_rocmfp4_fast m=6144 n=32 k=2048 batch=4: 22 x 358.01 us = 7876.24 us (8995.37 GFLOPS/s)
RMS_NORM_MUL RMS_NORM(2048,128,1,1): 59 x 10.49 us = 618.92 us
RMS_NORM_MUL_ROPE RMS_NORM(64,32,128,1): 8 x 102.47 us = 819.76 us
RMS_NORM_MUL_ROPE RMS_NORM(64,8,128,1): 8 x 30.825 us = 246.6 us
SET_ROWS: 16 x 2.945 us = 47.12 us
SSM_CONV: 22 x 10.787 us = 237.32 us
Total time: 68767.9 us.
----------------
Vulkan Timings:
ADD: 58 x 8.138 us = 472.04 us
CONCAT: 22 x 21.456 us = 472.04 us
CPY: 22 x 3.75 us = 82.52 us
FLASH_ATTN_EXT dst(64,32,32,4),  q(64,32,32,4),  k(64,5120,8,4),  v(64,5120,8,4),  m(5120,32,1,4): 8 x 1183.48 us = 9467.88 us (4536.36 GFLOPS/s)
GET_ROWS: 22 x 2.63 us = 57.88 us
GLU: 29 x 38.852 us = 1126.72 us
MUL: 44 x 9.93 us = 436.92 us
MUL_MAT f32 m=64 n=1024 k=64: 16 x 8.947 us = 143.16 us (930.212 GFLOPS/s)
MUL_MAT f32 m=64 n=4096 k=64: 16 x 13.867 us = 221.88 us (2400.74 GFLOPS/s)
MUL_MAT q4_0_rocmfp4_fast m=10752 n=128 k=2048: 58 x 423.137 us = 24542 us (13319 GFLOPS/s)
MUL_MAT q4_0_rocmfp4_fast m=2048 n=128 k=10752: 29 x 574.969 us = 16674.1 us (9803.79 GFLOPS/s)
MUL_MAT q4_0_rocmfp4_fast m=2048 n=128 k=2048: 16 x 100.755 us = 1612.08 us (10654.4 GFLOPS/s)
MUL_MAT q4_0_rocmfp4_fast m=2048 n=32 k=2048 batch=4: 22 x 144.756 us = 3184.64 us (7415.77 GFLOPS/s)
MUL_MAT q4_0_rocmfp4_fast m=512 n=128 k=2048: 16 x 43.172 us = 690.76 us (6216.22 GFLOPS/s)
MUL_MAT q4_0_rocmfp4_fast m=6144 n=32 k=2048 batch=4: 22 x 350.94 us = 7720.68 us (9176.61 GFLOPS/s)
RMS_NORM_MUL RMS_NORM(2048,128,1,1): 59 x 10.494 us = 619.16 us
RMS_NORM_MUL_ROPE RMS_NORM(64,32,128,1): 8 x 104.82 us = 838.56 us
RMS_NORM_MUL_ROPE RMS_NORM(64,8,128,1): 8 x 32.645 us = 261.16 us
SET_ROWS: 16 x 2.877 us = 46.04 us
SSM_CONV: 22 x 9.643 us = 212.16 us
Total time: 68882.4 us.
----------------
Vulkan Timings:
ADD: 58 x 8.446 us = 489.92 us
CONCAT: 22 x 22.923 us = 504.32 us
CPY: 22 x 3.81 us = 83.84 us
FLASH_ATTN_EXT dst(64,32,32,4),  q(64,32,32,4),  k(64,5120,8,4),  v(64,5120,8,4),  m(5120,32,1,4): 8 x 1185.15 us = 9481.2 us (4529.98 GFLOPS/s)
GET_ROWS: 22 x 2.629 us = 57.84 us
GLU: 29 x 38.972 us = 1130.2 us
MUL: 44 x 10.32 us = 454.08 us
MUL_MAT f32 m=64 n=1024 k=64: 16 x 8.902 us = 142.44 us (934.914 GFLOPS/s)
MUL_MAT f32 m=64 n=4096 k=64: 16 x 14.042 us = 224.68 us (2370.82 GFLOPS/s)
MUL_MAT q4_0_rocmfp4_fast m=10752 n=128 k=2048: 58 x 421.375 us = 24439.8 us (13374.7 GFLOPS/s)
MUL_MAT q4_0_rocmfp4_fast m=2048 n=128 k=10752: 29 x 576.348 us = 16714.1 us (9780.33 GFLOPS/s)
MUL_MAT q4_0_rocmfp4_fast m=2048 n=128 k=2048: 16 x 102.18 us = 1634.88 us (10505.8 GFLOPS/s)
MUL_MAT q4_0_rocmfp4_fast m=2048 n=32 k=2048 batch=4: 22 x 143.9 us = 3165.8 us (7459.9 GFLOPS/s)
MUL_MAT q4_0_rocmfp4_fast m=512 n=128 k=2048: 16 x 40.505 us = 648.08 us (6625.6 GFLOPS/s)
MUL_MAT q4_0_rocmfp4_fast m=6144 n=32 k=2048 batch=4: 22 x 355.541 us = 7821.92 us (9057.83 GFLOPS/s)
RMS_NORM_MUL RMS_NORM(2048,128,1,1): 59 x 10.394 us = 613.28 us
RMS_NORM_MUL_ROPE RMS_NORM(64,32,128,1): 8 x 104.375 us = 835 us
RMS_NORM_MUL_ROPE RMS_NORM(64,8,128,1): 8 x 31.23 us = 249.84 us
SET_ROWS: 16 x 2.677 us = 42.84 us
SSM_CONV: 22 x 9.681 us = 213 us
Total time: 68947 us.
----------------
Vulkan Timings:
ADD: 58 x 8.01 us = 464.6 us
CONCAT: 22 x 23.661 us = 520.56 us
CPY: 22 x 3.712 us = 81.68 us
FLASH_ATTN_EXT dst(64,32,32,4),  q(64,32,32,4),  k(64,5120,8,4),  v(64,5120,8,4),  m(5120,32,1,4): 8 x 1196.53 us = 9572.24 us (4486.9 GFLOPS/s)
GET_ROWS: 22 x 2.658 us = 58.48 us
GLU: 29 x 39.242 us = 1138.04 us
MUL: 44 x 9.439 us = 415.32 us
MUL_MAT f32 m=64 n=1024 k=64: 16 x 8.905 us = 142.48 us (934.652 GFLOPS/s)
MUL_MAT f32 m=64 n=4096 k=64: 16 x 13.987 us = 223.8 us (2380.15 GFLOPS/s)
MUL_MAT q4_0_rocmfp4_fast m=10752 n=128 k=2048: 58 x 422.088 us = 24481.2 us (13352.1 GFLOPS/s)
MUL_MAT q4_0_rocmfp4_fast m=2048 n=128 k=10752: 29 x 574.082 us = 16648.4 us (9818.94 GFLOPS/s)
MUL_MAT q4_0_rocmfp4_fast m=2048 n=128 k=2048: 16 x 102.407 us = 1638.52 us (10482.4 GFLOPS/s)
MUL_MAT q4_0_rocmfp4_fast m=2048 n=32 k=2048 batch=4: 22 x 141.761 us = 3118.76 us (7572.42 GFLOPS/s)
MUL_MAT q4_0_rocmfp4_fast m=512 n=128 k=2048: 16 x 39.782 us = 636.52 us (6745.93 GFLOPS/s)
MUL_MAT q4_0_rocmfp4_fast m=6144 n=32 k=2048 batch=4: 22 x 360.772 us = 7937 us (8926.5 GFLOPS/s)
RMS_NORM_MUL RMS_NORM(2048,128,1,1): 59 x 10.755 us = 634.56 us
RMS_NORM_MUL_ROPE RMS_NORM(64,32,128,1): 8 x 103.855 us = 830.84 us
RMS_NORM_MUL_ROPE RMS_NORM(64,8,128,1): 8 x 27.605 us = 220.84 us
SET_ROWS: 16 x 2.88 us = 46.08 us
SSM_CONV: 22 x 10.23 us = 225.08 us
Total time: 69035 us.
0.20.818.283 I slot print_timing: id  0 | task 5 | prompt processing, n_tokens =   4992, progress = 0.61, t =  10.65 s / 468.74 tokens per second
0.20.818.315 I slot print_timing: id  1 | task 4 | prompt processing, n_tokens =   4992, progress = 0.61, t =  10.65 s / 468.74 tokens per second
0.20.818.337 I slot print_timing: id  2 | task 3 | prompt processing, n_tokens =   4992, progress = 0.61, t =  10.65 s / 468.75 tokens per second
0.20.818.358 I slot print_timing: id  3 | task 1 | prompt processing, n_tokens =   5120, progress = 0.62, t =  10.73 s / 477.35 tokens per second
----------------
Vulkan Timings:
ADD: 58 x 7.512 us = 435.72 us
CONCAT: 22 x 22.15 us = 487.32 us
CPY: 22 x 3.807 us = 83.76 us
FLASH_ATTN_EXT dst(64,32,32,4),  q(64,32,32,4),  k(64,5376,8,4),  v(64,5376,8,4),  m(5376,32,1,4): 8 x 1185.02 us = 9480.12 us (4757.02 GFLOPS/s)
GET_ROWS: 22 x 2.725 us = 59.96 us
GLU: 29 x 38.38 us = 1113.04 us
MUL: 44 x 9.811 us = 431.72 us
MUL_MAT f32 m=64 n=1024 k=64: 16 x 8.922 us = 142.76 us (932.818 GFLOPS/s)
MUL_MAT f32 m=64 n=4096 k=64: 16 x 13.707 us = 219.32 us (2428.76 GFLOPS/s)
MUL_MAT q4_0_rocmfp4_fast m=10752 n=128 k=2048: 58 x 424.639 us = 24629.1 us (13271.9 GFLOPS/s)
MUL_MAT q4_0_rocmfp4_fast m=2048 n=128 k=10752: 29 x 579.615 us = 16808.8 us (9725.22 GFLOPS/s)
MUL_MAT q4_0_rocmfp4_fast m=2048 n=128 k=2048: 16 x 103.795 us = 1660.72 us (10342.3 GFLOPS/s)
MUL_MAT q4_0_rocmfp4_fast m=2048 n=32 k=2048 batch=4: 22 x 142.527 us = 3135.6 us (7531.75 GFLOPS/s)
MUL_MAT q4_0_rocmfp4_fast m=512 n=128 k=2048: 16 x 42.79 us = 684.64 us (6271.79 GFLOPS/s)
MUL_MAT q4_0_rocmfp4_fast m=6144 n=32 k=2048 batch=4: 22 x 350.71 us = 7715.64 us (9182.6 GFLOPS/s)
RMS_NORM_MUL RMS_NORM(2048,128,1,1): 59 x 10.498 us = 619.44 us
RMS_NORM_MUL_ROPE RMS_NORM(64,32,128,1): 8 x 100.89 us = 807.12 us
RMS_NORM_MUL_ROPE RMS_NORM(64,8,128,1): 8 x 29.395 us = 235.16 us
SET_ROWS: 16 x 2.797 us = 44.76 us
SSM_CONV: 22 x 9.652 us = 212.36 us
Total time: 69007.1 us.
----------------
Vulkan Timings:
ADD: 58 x 8.033 us = 465.92 us
CONCAT: 22 x 23.04 us = 506.88 us
CPY: 22 x 3.8 us = 83.6 us
FLASH_ATTN_EXT dst(64,32,32,4),  q(64,32,32,4),  k(64,5376,8,4),  v(64,5376,8,4),  m(5376,32,1,4): 8 x 1212.31 us = 9698.44 us (4649.94 GFLOPS/s)
GET_ROWS: 22 x 2.669 us = 58.72 us
GLU: 29 x 38.431 us = 1114.52 us
MUL: 44 x 9.648 us = 424.52 us
MUL_MAT f32 m=64 n=1024 k=64: 16 x 8.915 us = 142.64 us (933.603 GFLOPS/s)
MUL_MAT f32 m=64 n=4096 k=64: 16 x 13.92 us = 222.72 us (2391.69 GFLOPS/s)
MUL_MAT q4_0_rocmfp4_fast m=10752 n=128 k=2048: 58 x 424.366 us = 24613.3 us (13280.4 GFLOPS/s)
MUL_MAT q4_0_rocmfp4_fast m=2048 n=128 k=10752: 29 x 572.649 us = 16606.8 us (9843.51 GFLOPS/s)
MUL_MAT q4_0_rocmfp4_fast m=2048 n=128 k=2048: 16 x 98.9 us = 1582.4 us (10854.2 GFLOPS/s)
MUL_MAT q4_0_rocmfp4_fast m=2048 n=32 k=2048 batch=4: 22 x 143.025 us = 3146.56 us (7505.51 GFLOPS/s)
MUL_MAT q4_0_rocmfp4_fast m=512 n=128 k=2048: 16 x 42.412 us = 678.6 us (6327.61 GFLOPS/s)
MUL_MAT q4_0_rocmfp4_fast m=6144 n=32 k=2048 batch=4: 22 x 354.341 us = 7795.52 us (9088.51 GFLOPS/s)
RMS_NORM_MUL RMS_NORM(2048,128,1,1): 59 x 10.616 us = 626.36 us
RMS_NORM_MUL_ROPE RMS_NORM(64,32,128,1): 8 x 100.53 us = 804.24 us
RMS_NORM_MUL_ROPE RMS_NORM(64,8,128,1): 8 x 27.495 us = 219.96 us
SET_ROWS: 16 x 2.66 us = 42.56 us
SSM_CONV: 22 x 9.683 us = 213.04 us
Total time: 69047.3 us.
----------------
Vulkan Timings:
ADD: 58 x 7.766 us = 450.48 us
CONCAT: 22 x 22.24 us = 489.28 us
CPY: 22 x 3.714 us = 81.72 us
FLASH_ATTN_EXT dst(64,32,32,4),  q(64,32,32,4),  k(64,5376,8,4),  v(64,5376,8,4),  m(5376,32,1,4): 8 x 1200.75 us = 9606 us (4694.69 GFLOPS/s)
GET_ROWS: 22 x 2.698 us = 59.36 us
GLU: 29 x 39.565 us = 1147.4 us
MUL: 44 x 10.254 us = 451.2 us
MUL_MAT f32 m=64 n=1024 k=64: 16 x 8.957 us = 143.32 us (929.174 GFLOPS/s)
MUL_MAT f32 m=64 n=4096 k=64: 16 x 13.832 us = 221.32 us (2406.82 GFLOPS/s)
MUL_MAT q4_0_rocmfp4_fast m=10752 n=128 k=2048: 58 x 424.73 us = 24634.4 us (13269.1 GFLOPS/s)
MUL_MAT q4_0_rocmfp4_fast m=2048 n=128 k=10752: 29 x 573.522 us = 16632.2 us (9828.52 GFLOPS/s)
MUL_MAT q4_0_rocmfp4_fast m=2048 n=128 k=2048: 16 x 103.185 us = 1650.96 us (10403.4 GFLOPS/s)
MUL_MAT q4_0_rocmfp4_fast m=2048 n=32 k=2048 batch=4: 22 x 143.5 us = 3157 us (7480.69 GFLOPS/s)
MUL_MAT q4_0_rocmfp4_fast m=512 n=128 k=2048: 16 x 41.672 us = 666.76 us (6439.98 GFLOPS/s)
MUL_MAT q4_0_rocmfp4_fast m=6144 n=32 k=2048 batch=4: 22 x 351.258 us = 7727.68 us (9168.3 GFLOPS/s)
RMS_NORM_MUL RMS_NORM(2048,128,1,1): 59 x 10.517 us = 620.56 us
RMS_NORM_MUL_ROPE RMS_NORM(64,32,128,1): 8 x 100.615 us = 804.92 us
RMS_NORM_MUL_ROPE RMS_NORM(64,8,128,1): 8 x 29.365 us = 234.92 us
SET_ROWS: 16 x 2.692 us = 43.08 us
SSM_CONV: 22 x 9.716 us = 213.76 us
Total time: 69036.2 us.
----------------
Vulkan Timings:
ADD: 58 x 7.671 us = 444.96 us
CONCAT: 22 x 21.376 us = 470.28 us
CPY: 22 x 3.778 us = 83.12 us
FLASH_ATTN_EXT dst(64,32,32,4),  q(64,32,32,4),  k(64,5376,8,4),  v(64,5376,8,4),  m(5376,32,1,4): 8 x 1207.09 us = 9656.72 us (4670.03 GFLOPS/s)
GET_ROWS: 22 x 2.649 us = 58.28 us
GLU: 29 x 39.022 us = 1131.64 us
MUL: 44 x 10.539 us = 463.72 us
MUL_MAT f32 m=64 n=1024 k=64: 16 x 8.935 us = 142.96 us (931.513 GFLOPS/s)
MUL_MAT f32 m=64 n=4096 k=64: 16 x 13.842 us = 221.48 us (2405.08 GFLOPS/s)
MUL_MAT q4_0_rocmfp4_fast m=10752 n=128 k=2048: 58 x 425.862 us = 24700 us (13233.8 GFLOPS/s)
MUL_MAT q4_0_rocmfp4_fast m=2048 n=128 k=10752: 29 x 571.397 us = 16570.5 us (9865.09 GFLOPS/s)
MUL_MAT q4_0_rocmfp4_fast m=2048 n=128 k=2048: 16 x 102.05 us = 1632.8 us (10519.2 GFLOPS/s)
MUL_MAT q4_0_rocmfp4_fast m=2048 n=32 k=2048 batch=4: 22 x 143.885 us = 3165.48 us (7460.65 GFLOPS/s)
MUL_MAT q4_0_rocmfp4_fast m=512 n=128 k=2048: 16 x 42.5 us = 680 us (6314.59 GFLOPS/s)
MUL_MAT q4_0_rocmfp4_fast m=6144 n=32 k=2048 batch=4: 22 x 355.565 us = 7822.44 us (9057.23 GFLOPS/s)
RMS_NORM_MUL RMS_NORM(2048,128,1,1): 59 x 10.416 us = 614.56 us
RMS_NORM_MUL_ROPE RMS_NORM(64,32,128,1): 8 x 102.93 us = 823.44 us
RMS_NORM_MUL_ROPE RMS_NORM(64,8,128,1): 8 x 27.935 us = 223.48 us
SET_ROWS: 16 x 2.677 us = 42.84 us
SSM_CONV: 22 x 9.696 us = 213.32 us
Total time: 69162.1 us.
0.21.112.290 I slot print_timing: id  0 | task 5 | prompt processing, n_tokens =   5120, progress = 0.62, t =  10.94 s / 467.85 tokens per second
0.21.112.324 I slot print_timing: id  1 | task 4 | prompt processing, n_tokens =   5120, progress = 0.62, t =  10.94 s / 467.85 tokens per second
0.21.112.346 I slot print_timing: id  2 | task 3 | prompt processing, n_tokens =   5120, progress = 0.62, t =  10.94 s / 467.85 tokens per second
0.21.112.368 I slot print_timing: id  3 | task 1 | prompt processing, n_tokens =   5248, progress = 0.64, t =  11.02 s / 476.23 tokens per second
----------------
Vulkan Timings:
ADD: 58 x 7.44 us = 431.56 us
CONCAT: 22 x 22.989 us = 505.76 us
CPY: 22 x 3.776 us = 83.08 us
FLASH_ATTN_EXT dst(64,32,32,4),  q(64,32,32,4),  k(64,5376,8,4),  v(64,5376,8,4),  m(5376,32,1,4): 8 x 1226.99 us = 9815.96 us (4594.27 GFLOPS/s)
GET_ROWS: 22 x 2.703 us = 59.48 us
GLU: 29 x 38.837 us = 1126.28 us
MUL: 44 x 9.646 us = 424.44 us
MUL_MAT f32 m=64 n=1024 k=64: 16 x 8.917 us = 142.68 us (933.341 GFLOPS/s)
MUL_MAT f32 m=64 n=4096 k=64: 16 x 13.827 us = 221.24 us (2407.69 GFLOPS/s)
MUL_MAT q4_0_rocmfp4_fast m=10752 n=128 k=2048: 58 x 424.933 us = 24646.1 us (13262.7 GFLOPS/s)
MUL_MAT q4_0_rocmfp4_fast m=2048 n=128 k=10752: 29 x 570.041 us = 16531.2 us (9888.55 GFLOPS/s)
MUL_MAT q4_0_rocmfp4_fast m=2048 n=128 k=2048: 16 x 102.907 us = 1646.52 us (10431.5 GFLOPS/s)
MUL_MAT q4_0_rocmfp4_fast m=2048 n=32 k=2048 batch=4: 22 x 146.652 us = 3226.36 us (7319.88 GFLOPS/s)
MUL_MAT q4_0_rocmfp4_fast m=512 n=128 k=2048: 16 x 43.182 us = 690.92 us (6214.78 GFLOPS/s)
MUL_MAT q4_0_rocmfp4_fast m=6144 n=32 k=2048 batch=4: 22 x 351.598 us = 7735.16 us (9159.43 GFLOPS/s)
RMS_NORM_MUL RMS_NORM(2048,128,1,1): 59 x 10.534 us = 621.56 us
RMS_NORM_MUL_ROPE RMS_NORM(64,32,128,1): 8 x 102.47 us = 819.76 us
RMS_NORM_MUL_ROPE RMS_NORM(64,8,128,1): 8 x 27.545 us = 220.36 us
SET_ROWS: 16 x 2.642 us = 42.28 us
SSM_CONV: 22 x 9.661 us = 212.56 us
Total time: 69203.3 us.
----------------
Vulkan Timings:
ADD: 58 x 7.654 us = 443.96 us
CONCAT: 22 x 23.447 us = 515.84 us
CPY: 22 x 4.81 us = 105.84 us
FLASH_ATTN_EXT dst(64,32,32,4),  q(64,32,32,4),  k(64,5376,8,4),  v(64,5376,8,4),  m(5376,32,1,4): 8 x 1235.69 us = 9885.56 us (4561.92 GFLOPS/s)
GET_ROWS: 22 x 2.634 us = 57.96 us
GLU: 29 x 39.961 us = 1158.88 us
MUL: 44 x 10.275 us = 452.12 us
MUL_MAT f32 m=64 n=1024 k=64: 16 x 8.902 us = 142.44 us (934.914 GFLOPS/s)
MUL_MAT f32 m=64 n=4096 k=64: 16 x 13.992 us = 223.88 us (2379.3 GFLOPS/s)
MUL_MAT q4_0_rocmfp4_fast m=10752 n=128 k=2048: 58 x 421.582 us = 24451.8 us (13368.1 GFLOPS/s)
MUL_MAT q4_0_rocmfp4_fast m=2048 n=128 k=10752: 29 x 573.63 us = 16635.3 us (9826.68 GFLOPS/s)
MUL_MAT q4_0_rocmfp4_fast m=2048 n=128 k=2048: 16 x 109.157 us = 1746.52 us (9834.23 GFLOPS/s)
MUL_MAT q4_0_rocmfp4_fast m=2048 n=32 k=2048 batch=4: 22 x 148.461 us = 3266.16 us (7230.68 GFLOPS/s)
MUL_MAT q4_0_rocmfp4_fast m=512 n=128 k=2048: 16 x 38.42 us = 614.72 us (6985.16 GFLOPS/s)
MUL_MAT q4_0_rocmfp4_fast m=6144 n=32 k=2048 batch=4: 22 x 349.59 us = 7691 us (9212.02 GFLOPS/s)
RMS_NORM_MUL RMS_NORM(2048,128,1,1): 59 x 10.48 us = 618.36 us
RMS_NORM_MUL_ROPE RMS_NORM(64,32,128,1): 8 x 104.265 us = 834.12 us
RMS_NORM_MUL_ROPE RMS_NORM(64,8,128,1): 8 x 31.18 us = 249.44 us
SET_ROWS: 16 x 2.785 us = 44.56 us
SSM_CONV: 22 x 9.809 us = 215.8 us
Total time: 69354.2 us.
----------------
Vulkan Timings:
ADD: 58 x 9.082 us = 526.76 us
CONCAT: 22 x 22.901 us = 503.84 us
CPY: 22 x 3.858 us = 84.88 us
FLASH_ATTN_EXT dst(64,32,32,4),  q(64,32,32,4),  k(64,5376,8,4),  v(64,5376,8,4),  m(5376,32,1,4): 8 x 1239.44 us = 9915.56 us (4548.12 GFLOPS/s)
GET_ROWS: 22 x 2.696 us = 59.32 us
GLU: 29 x 39.216 us = 1137.28 us
MUL: 44 x 10.55 us = 464.24 us
MUL_MAT f32 m=64 n=1024 k=64: 16 x 8.882 us = 142.12 us (937.019 GFLOPS/s)
MUL_MAT f32 m=64 n=4096 k=64: 16 x 13.887 us = 222.2 us (2397.28 GFLOPS/s)
MUL_MAT q4_0_rocmfp4_fast m=10752 n=128 k=2048: 58 x 424.346 us = 24612.1 us (13281 GFLOPS/s)
MUL_MAT q4_0_rocmfp4_fast m=2048 n=128 k=10752: 29 x 569.187 us = 16506.4 us (9903.38 GFLOPS/s)
MUL_MAT q4_0_rocmfp4_fast m=2048 n=128 k=2048: 16 x 102.96 us = 1647.36 us (10426.2 GFLOPS/s)
MUL_MAT q4_0_rocmfp4_fast m=2048 n=32 k=2048 batch=4: 22 x 138.669 us = 3050.72 us (7741.3 GFLOPS/s)
MUL_MAT q4_0_rocmfp4_fast m=512 n=128 k=2048: 16 x 41.572 us = 665.16 us (6455.47 GFLOPS/s)
MUL_MAT q4_0_rocmfp4_fast m=6144 n=32 k=2048 batch=4: 22 x 360.658 us = 7934.48 us (8929.34 GFLOPS/s)
RMS_NORM_MUL RMS_NORM(2048,128,1,1): 59 x 10.496 us = 619.28 us
RMS_NORM_MUL_ROPE RMS_NORM(64,32,128,1): 8 x 102.395 us = 819.16 us
RMS_NORM_MUL_ROPE RMS_NORM(64,8,128,1): 8 x 29.485 us = 235.88 us
SET_ROWS: 16 x 2.677 us = 42.84 us
SSM_CONV: 22 x 9.687 us = 213.12 us
Total time: 69402.8 us.
----------------
Vulkan Timings:
ADD: 58 x 7.889 us = 457.6 us
CONCAT: 22 x 22.23 us = 489.08 us
CPY: 22 x 3.798 us = 83.56 us
FLASH_ATTN_EXT dst(64,32,32,4),  q(64,32,32,4),  k(64,5376,8,4),  v(64,5376,8,4),  m(5376,32,1,4): 8 x 1239.07 us = 9912.56 us (4549.5 GFLOPS/s)
GET_ROWS: 22 x 2.627 us = 57.8 us
GLU: 29 x 37.805 us = 1096.36 us
MUL: 44 x 10.018 us = 440.8 us
MUL_MAT f32 m=64 n=1024 k=64: 16 x 8.95 us = 143.2 us (929.952 GFLOPS/s)
MUL_MAT f32 m=64 n=4096 k=64: 16 x 13.977 us = 223.64 us (2381.85 GFLOPS/s)
MUL_MAT q4_0_rocmfp4_fast m=10752 n=128 k=2048: 58 x 421.593 us = 24452.4 us (13367.8 GFLOPS/s)
MUL_MAT q4_0_rocmfp4_fast m=2048 n=128 k=10752: 29 x 572.851 us = 16612.7 us (9840.05 GFLOPS/s)
MUL_MAT q4_0_rocmfp4_fast m=2048 n=128 k=2048: 16 x 99.04 us = 1584.64 us (10838.8 GFLOPS/s)
MUL_MAT q4_0_rocmfp4_fast m=2048 n=32 k=2048 batch=4: 22 x 143.507 us = 3157.16 us (7480.32 GFLOPS/s)
MUL_MAT q4_0_rocmfp4_fast m=512 n=128 k=2048: 16 x 44.362 us = 709.8 us (6049.48 GFLOPS/s)
MUL_MAT q4_0_rocmfp4_fast m=6144 n=32 k=2048 batch=4: 22 x 359.325 us = 7905.16 us (8962.46 GFLOPS/s)
RMS_NORM_MUL RMS_NORM(2048,128,1,1): 59 x 10.484 us = 618.6 us
RMS_NORM_MUL_ROPE RMS_NORM(64,32,128,1): 8 x 103.91 us = 831.28 us
RMS_NORM_MUL_ROPE RMS_NORM(64,8,128,1): 8 x 29.375 us = 235 us
SET_ROWS: 16 x 2.795 us = 44.72 us
SSM_CONV: 22 x 9.661 us = 212.56 us
Total time: 69268.6 us.
0.21.403.760 I slot print_timing: id  0 | task 5 | prompt processing, n_tokens =   5248, progress = 0.64, t =  11.24 s / 467.10 tokens per second
0.21.403.810 I slot print_timing: id  1 | task 4 | prompt processing, n_tokens =   5248, progress = 0.64, t =  11.24 s / 467.10 tokens per second
0.21.403.841 I slot print_timing: id  2 | task 3 | prompt processing, n_tokens =   5248, progress = 0.64, t =  11.24 s / 467.10 tokens per second
0.21.403.874 I slot print_timing: id  3 | task 1 | prompt processing, n_tokens =   5376, progress = 0.66, t =  11.31 s / 475.27 tokens per second
----------------
Vulkan Timings:
ADD: 58 x 7.855 us = 455.6 us
CONCAT: 22 x 24.436 us = 537.6 us
CPY: 22 x 3.854 us = 84.8 us
FLASH_ATTN_EXT dst(64,32,32,4),  q(64,32,32,4),  k(64,5632,8,4),  v(64,5632,8,4),  m(5632,32,1,4): 8 x 1267.24 us = 10137.9 us (4660.19 GFLOPS/s)
GET_ROWS: 22 x 2.663 us = 58.6 us
GLU: 29 x 38.888 us = 1127.76 us
MUL: 44 x 10.035 us = 441.56 us
MUL_MAT f32 m=64 n=1024 k=64: 16 x 8.9 us = 142.4 us (935.177 GFLOPS/s)
MUL_MAT f32 m=64 n=4096 k=64: 16 x 13.93 us = 222.88 us (2389.97 GFLOPS/s)
MUL_MAT q4_0_rocmfp4_fast m=10752 n=128 k=2048: 58 x 423.527 us = 24564.6 us (13306.7 GFLOPS/s)
MUL_MAT q4_0_rocmfp4_fast m=2048 n=128 k=10752: 29 x 571.591 us = 16576.2 us (9861.73 GFLOPS/s)
MUL_MAT q4_0_rocmfp4_fast m=2048 n=128 k=2048: 16 x 103.395 us = 1654.32 us (10382.3 GFLOPS/s)
MUL_MAT q4_0_rocmfp4_fast m=2048 n=32 k=2048 batch=4: 22 x 143.085 us = 3147.88 us (7502.37 GFLOPS/s)
MUL_MAT q4_0_rocmfp4_fast m=512 n=128 k=2048: 16 x 43.87 us = 701.92 us (6117.39 GFLOPS/s)
MUL_MAT q4_0_rocmfp4_fast m=6144 n=32 k=2048 batch=4: 22 x 353.967 us = 7787.28 us (9098.13 GFLOPS/s)
RMS_NORM_MUL RMS_NORM(2048,128,1,1): 59 x 10.446 us = 616.36 us
RMS_NORM_MUL_ROPE RMS_NORM(64,32,128,1): 8 x 103.705 us = 829.64 us
RMS_NORM_MUL_ROPE RMS_NORM(64,8,128,1): 8 x 29.45 us = 235.6 us
SET_ROWS: 16 x 2.635 us = 42.16 us
SSM_CONV: 22 x 9.66 us = 212.52 us
Total time: 69577.6 us.
----------------
Vulkan Timings:
ADD: 58 x 8.577 us = 497.52 us
CONCAT: 22 x 23.196 us = 510.32 us
CPY: 22 x 3.749 us = 82.48 us
FLASH_ATTN_EXT dst(64,32,32,4),  q(64,32,32,4),  k(64,5632,8,4),  v(64,5632,8,4),  m(5632,32,1,4): 8 x 1260.56 us = 10084.5 us (4684.89 GFLOPS/s)
GET_ROWS: 22 x 2.629 us = 57.84 us
GLU: 29 x 39.518 us = 1146.04 us
MUL: 44 x 10.639 us = 468.12 us
MUL_MAT f32 m=64 n=1024 k=64: 16 x 8.895 us = 142.32 us (935.702 GFLOPS/s)
MUL_MAT f32 m=64 n=4096 k=64: 16 x 13.972 us = 223.56 us (2382.7 GFLOPS/s)
MUL_MAT q4_0_rocmfp4_fast m=10752 n=128 k=2048: 58 x 421.822 us = 24465.7 us (13360.5 GFLOPS/s)
MUL_MAT q4_0_rocmfp4_fast m=2048 n=128 k=10752: 29 x 573.371 us = 16627.8 us (9831.13 GFLOPS/s)
MUL_MAT q4_0_rocmfp4_fast m=2048 n=128 k=2048: 16 x 97.177 us = 1554.84 us (11046.6 GFLOPS/s)
MUL_MAT q4_0_rocmfp4_fast m=2048 n=32 k=2048 batch=4: 22 x 141.083 us = 3103.84 us (7608.82 GFLOPS/s)
MUL_MAT q4_0_rocmfp4_fast m=512 n=128 k=2048: 16 x 44.9 us = 718.4 us (5977.06 GFLOPS/s)
MUL_MAT q4_0_rocmfp4_fast m=6144 n=32 k=2048 batch=4: 22 x 356.283 us = 7838.24 us (9038.98 GFLOPS/s)
RMS_NORM_MUL RMS_NORM(2048,128,1,1): 59 x 10.515 us = 620.44 us
RMS_NORM_MUL_ROPE RMS_NORM(64,32,128,1): 8 x 100.555 us = 804.44 us
RMS_NORM_MUL_ROPE RMS_NORM(64,8,128,1): 8 x 31.605 us = 252.84 us
SET_ROWS: 16 x 2.755 us = 44.08 us
SSM_CONV: 22 x 9.632 us = 211.92 us
Total time: 69455.2 us.
----------------
Vulkan Timings:
ADD: 58 x 8.382 us = 486.16 us
CONCAT: 22 x 21.416 us = 471.16 us
CPY: 22 x 3.79 us = 83.4 us
FLASH_ATTN_EXT dst(64,32,32,4),  q(64,32,32,4),  k(64,5632,8,4),  v(64,5632,8,4),  m(5632,32,1,4): 8 x 1273.17 us = 10185.4 us (4638.49 GFLOPS/s)
GET_ROWS: 22 x 2.59 us = 57 us
GLU: 29 x 39.442 us = 1143.84 us
MUL: 44 x 10.03 us = 441.36 us
MUL_MAT f32 m=64 n=1024 k=64: 16 x 8.935 us = 142.96 us (931.513 GFLOPS/s)
MUL_MAT f32 m=64 n=4096 k=64: 16 x 14.305 us = 228.88 us (2327.32 GFLOPS/s)
MUL_MAT q4_0_rocmfp4_fast m=10752 n=128 k=2048: 58 x 423.082 us = 24538.8 us (13320.7 GFLOPS/s)
MUL_MAT q4_0_rocmfp4_fast m=2048 n=128 k=10752: 29 x 575.26 us = 16682.6 us (9798.83 GFLOPS/s)
MUL_MAT q4_0_rocmfp4_fast m=2048 n=128 k=2048: 16 x 98.175 us = 1570.8 us (10934.3 GFLOPS/s)
MUL_MAT q4_0_rocmfp4_fast m=2048 n=32 k=2048 batch=4: 22 x 138.447 us = 3045.84 us (7753.71 GFLOPS/s)
MUL_MAT q4_0_rocmfp4_fast m=512 n=128 k=2048: 16 x 46.195 us = 739.12 us (5809.5 GFLOPS/s)
MUL_MAT q4_0_rocmfp4_fast m=6144 n=32 k=2048 batch=4: 22 x 349.1 us = 7680.2 us (9224.98 GFLOPS/s)
RMS_NORM_MUL RMS_NORM(2048,128,1,1): 59 x 10.507 us = 619.96 us
RMS_NORM_MUL_ROPE RMS_NORM(64,32,128,1): 8 x 104.19 us = 833.52 us
RMS_NORM_MUL_ROPE RMS_NORM(64,8,128,1): 8 x 29.465 us = 235.72 us
SET_ROWS: 16 x 2.73 us = 43.68 us
SSM_CONV: 22 x 9.692 us = 213.24 us
Total time: 69443.5 us.
----------------
Vulkan Timings:
ADD: 58 x 7.792 us = 451.96 us
CONCAT: 22 x 23.021 us = 506.48 us
CPY: 22 x 3.803 us = 83.68 us
FLASH_ATTN_EXT dst(64,32,32,4),  q(64,32,32,4),  k(64,5632,8,4),  v(64,5632,8,4),  m(5632,32,1,4): 8 x 1278.56 us = 10228.4 us (4618.95 GFLOPS/s)
GET_ROWS: 22 x 2.889 us = 63.56 us
GLU: 29 x 39.086 us = 1133.52 us
MUL: 44 x 10.04 us = 441.76 us
MUL_MAT f32 m=64 n=1024 k=64: 16 x 8.925 us = 142.8 us (932.557 GFLOPS/s)
MUL_MAT f32 m=64 n=4096 k=64: 16 x 13.895 us = 222.32 us (2395.99 GFLOPS/s)
MUL_MAT q4_0_rocmfp4_fast m=10752 n=128 k=2048: 58 x 427.277 us = 24782.1 us (13190 GFLOPS/s)
MUL_MAT q4_0_rocmfp4_fast m=2048 n=128 k=10752: 29 x 570.948 us = 16557.5 us (9872.83 GFLOPS/s)
MUL_MAT q4_0_rocmfp4_fast m=2048 n=128 k=2048: 16 x 104.67 us = 1674.72 us (10255.8 GFLOPS/s)
MUL_MAT q4_0_rocmfp4_fast m=2048 n=32 k=2048 batch=4: 22 x 143.816 us = 3163.96 us (7464.24 GFLOPS/s)
MUL_MAT q4_0_rocmfp4_fast m=512 n=128 k=2048: 16 x 42.187 us = 675 us (6361.36 GFLOPS/s)
MUL_MAT q4_0_rocmfp4_fast m=6144 n=32 k=2048 batch=4: 22 x 349.76 us = 7694.72 us (9207.57 GFLOPS/s)
RMS_NORM_MUL RMS_NORM(2048,128,1,1): 59 x 10.825 us = 638.68 us
RMS_NORM_MUL_ROPE RMS_NORM(64,32,128,1): 8 x 104.275 us = 834.2 us
RMS_NORM_MUL_ROPE RMS_NORM(64,8,128,1): 8 x 31.335 us = 250.68 us
SET_ROWS: 16 x 2.937 us = 47 us
SSM_CONV: 22 x 9.676 us = 212.88 us
Total time: 69806 us.
0.21.699.248 I slot print_timing: id  0 | task 5 | prompt processing, n_tokens =   5376, progress = 0.66, t =  11.53 s / 466.23 tokens per second
0.21.699.290 I slot print_timing: id  1 | task 4 | prompt processing, n_tokens =   5376, progress = 0.66, t =  11.53 s / 466.23 tokens per second
0.21.699.319 I slot print_timing: id  2 | task 3 | prompt processing, n_tokens =   5376, progress = 0.66, t =  11.53 s / 466.24 tokens per second
0.21.699.354 I slot print_timing: id  3 | task 1 | prompt processing, n_tokens =   5504, progress = 0.67, t =  11.61 s / 474.20 tokens per second
----------------
Vulkan Timings:
ADD: 58 x 8.271 us = 479.72 us
CONCAT: 22 x 22.214 us = 488.72 us
CPY: 22 x 3.778 us = 83.12 us
FLASH_ATTN_EXT dst(64,32,32,4),  q(64,32,32,4),  k(64,5632,8,4),  v(64,5632,8,4),  m(5632,32,1,4): 8 x 1294.64 us = 10357.2 us (4561.54 GFLOPS/s)
GET_ROWS: 22 x 2.665 us = 58.64 us
GLU: 29 x 39.401 us = 1142.64 us
MUL: 44 x 10.222 us = 449.8 us
MUL_MAT f32 m=64 n=1024 k=64: 16 x 23.78 us = 380.48 us (350.003 GFLOPS/s)
MUL_MAT f32 m=64 n=4096 k=64: 16 x 14.042 us = 224.68 us (2370.82 GFLOPS/s)
MUL_MAT q4_0_rocmfp4_fast m=10752 n=128 k=2048: 58 x 424.368 us = 24613.4 us (13280.3 GFLOPS/s)
MUL_MAT q4_0_rocmfp4_fast m=2048 n=128 k=10752: 29 x 572.624 us = 16606.1 us (9843.94 GFLOPS/s)
MUL_MAT q4_0_rocmfp4_fast m=2048 n=128 k=2048: 16 x 99.91 us = 1598.56 us (10744.5 GFLOPS/s)
MUL_MAT q4_0_rocmfp4_fast m=2048 n=32 k=2048 batch=4: 22 x 141.941 us = 3122.72 us (7562.81 GFLOPS/s)
MUL_MAT q4_0_rocmfp4_fast m=512 n=128 k=2048: 16 x 43.872 us = 701.96 us (6117.04 GFLOPS/s)
MUL_MAT q4_0_rocmfp4_fast m=6144 n=32 k=2048 batch=4: 22 x 356.827 us = 7850.2 us (9025.2 GFLOPS/s)
RMS_NORM_MUL RMS_NORM(2048,128,1,1): 59 x 10.48 us = 618.32 us
RMS_NORM_MUL_ROPE RMS_NORM(64,32,128,1): 8 x 104.13 us = 833.04 us
RMS_NORM_MUL_ROPE RMS_NORM(64,8,128,1): 8 x 32.25 us = 258 us
SET_ROWS: 16 x 2.677 us = 42.84 us
SSM_CONV: 22 x 9.69 us = 213.2 us
Total time: 70123.3 us.
----------------
Vulkan Timings:
ADD: 58 x 8.103 us = 470 us
CONCAT: 22 x 22.156 us = 487.44 us
CPY: 22 x 3.818 us = 84 us
FLASH_ATTN_EXT dst(64,32,32,4),  q(64,32,32,4),  k(64,5632,8,4),  v(64,5632,8,4),  m(5632,32,1,4): 8 x 1296.47 us = 10371.8 us (4555.12 GFLOPS/s)
GET_ROWS: 22 x 2.581 us = 56.8 us
GLU: 29 x 39.626 us = 1149.16 us
MUL: 44 x 10.418 us = 458.4 us
MUL_MAT f32 m=64 n=1024 k=64: 16 x 8.917 us = 142.68 us (933.341 GFLOPS/s)
MUL_MAT f32 m=64 n=4096 k=64: 16 x 14.132 us = 226.12 us (2355.73 GFLOPS/s)
MUL_MAT q4_0_rocmfp4_fast m=10752 n=128 k=2048: 58 x 427.222 us = 24778.9 us (13191.7 GFLOPS/s)
MUL_MAT q4_0_rocmfp4_fast m=2048 n=128 k=10752: 29 x 570.493 us = 16544.3 us (9880.71 GFLOPS/s)
MUL_MAT q4_0_rocmfp4_fast m=2048 n=128 k=2048: 16 x 102.135 us = 1634.16 us (10510.4 GFLOPS/s)
MUL_MAT q4_0_rocmfp4_fast m=2048 n=32 k=2048 batch=4: 22 x 141.678 us = 3116.92 us (7576.89 GFLOPS/s)
MUL_MAT q4_0_rocmfp4_fast m=512 n=128 k=2048: 16 x 40.697 us = 651.16 us (6594.26 GFLOPS/s)
MUL_MAT q4_0_rocmfp4_fast m=6144 n=32 k=2048 batch=4: 22 x 354.394 us = 7796.68 us (9087.16 GFLOPS/s)
RMS_NORM_MUL RMS_NORM(2048,128,1,1): 59 x 10.411 us = 614.28 us
RMS_NORM_MUL_ROPE RMS_NORM(64,32,128,1): 8 x 102.375 us = 819 us
RMS_NORM_MUL_ROPE RMS_NORM(64,8,128,1): 8 x 29.365 us = 234.92 us
SET_ROWS: 16 x 2.645 us = 42.32 us
SSM_CONV: 22 x 9.703 us = 213.48 us
Total time: 69892.5 us.
----------------
Vulkan Timings:
ADD: 58 x 7.715 us = 447.48 us
CONCAT: 22 x 22.245 us = 489.4 us
CPY: 22 x 3.796 us = 83.52 us
FLASH_ATTN_EXT dst(64,32,32,4),  q(64,32,32,4),  k(64,5632,8,4),  v(64,5632,8,4),  m(5632,32,1,4): 8 x 1299.5 us = 10396 us (4544.5 GFLOPS/s)
GET_ROWS: 22 x 2.687 us = 59.12 us
GLU: 29 x 40.342 us = 1169.92 us
MUL: 44 x 10.23 us = 450.12 us
MUL_MAT f32 m=64 n=1024 k=64: 16 x 9.105 us = 145.68 us (914.121 GFLOPS/s)
MUL_MAT f32 m=64 n=4096 k=64: 16 x 14.002 us = 224.04 us (2377.6 GFLOPS/s)
MUL_MAT q4_0_rocmfp4_fast m=10752 n=128 k=2048: 58 x 424.697 us = 24632.5 us (13270.1 GFLOPS/s)
MUL_MAT q4_0_rocmfp4_fast m=2048 n=128 k=10752: 29 x 575.017 us = 16675.5 us (9802.97 GFLOPS/s)
MUL_MAT q4_0_rocmfp4_fast m=2048 n=128 k=2048: 16 x 103.022 us = 1648.36 us (10419.9 GFLOPS/s)
MUL_MAT q4_0_rocmfp4_fast m=2048 n=32 k=2048 batch=4: 22 x 141.629 us = 3115.84 us (7579.51 GFLOPS/s)
MUL_MAT q4_0_rocmfp4_fast m=512 n=128 k=2048: 16 x 42.882 us = 686.12 us (6258.26 GFLOPS/s)
MUL_MAT q4_0_rocmfp4_fast m=6144 n=32 k=2048 batch=4: 22 x 353.714 us = 7781.72 us (9104.63 GFLOPS/s)
RMS_NORM_MUL RMS_NORM(2048,128,1,1): 59 x 10.486 us = 618.72 us
RMS_NORM_MUL_ROPE RMS_NORM(64,32,128,1): 8 x 104.605 us = 836.84 us
RMS_NORM_MUL_ROPE RMS_NORM(64,8,128,1): 8 x 36.3 us = 290.4 us
SET_ROWS: 16 x 2.757 us = 44.12 us
SSM_CONV: 22 x 9.69 us = 213.2 us
Total time: 70008.6 us.
----------------
Vulkan Timings:
ADD: 58 x 7.926 us = 459.72 us
CONCAT: 22 x 22.129 us = 486.84 us
CPY: 22 x 3.785 us = 83.28 us
FLASH_ATTN_EXT dst(64,32,32,4),  q(64,32,32,4),  k(64,5632,8,4),  v(64,5632,8,4),  m(5632,32,1,4): 8 x 1310.73 us = 10485.9 us (4505.55 GFLOPS/s)
GET_ROWS: 22 x 2.61 us = 57.44 us
GLU: 29 x 39.022 us = 1131.64 us
MUL: 44 x 9.284 us = 408.52 us
MUL_MAT f32 m=64 n=1024 k=64: 16 x 8.44 us = 135.04 us (986.146 GFLOPS/s)
MUL_MAT f32 m=64 n=4096 k=64: 16 x 15.515 us = 248.24 us (2145.81 GFLOPS/s)
MUL_MAT q4_0_rocmfp4_fast m=10752 n=128 k=2048: 58 x 419.848 us = 24351.2 us (13423.3 GFLOPS/s)
MUL_MAT q4_0_rocmfp4_fast m=2048 n=128 k=10752: 29 x 574.068 us = 16648 us (9819.17 GFLOPS/s)
MUL_MAT q4_0_rocmfp4_fast m=2048 n=128 k=2048: 16 x 98.23 us = 1571.68 us (10928.2 GFLOPS/s)
MUL_MAT q4_0_rocmfp4_fast m=2048 n=32 k=2048 batch=4: 22 x 142.545 us = 3136 us (7530.79 GFLOPS/s)
MUL_MAT q4_0_rocmfp4_fast m=512 n=128 k=2048: 16 x 44.217 us = 707.48 us (6069.31 GFLOPS/s)
MUL_MAT q4_0_rocmfp4_fast m=6144 n=32 k=2048 batch=4: 22 x 356.858 us = 7850.88 us (9024.42 GFLOPS/s)
RMS_NORM_MUL RMS_NORM(2048,128,1,1): 59 x 10.496 us = 619.32 us
RMS_NORM_MUL_ROPE RMS_NORM(64,32,128,1): 8 x 102.72 us = 821.76 us
RMS_NORM_MUL_ROPE RMS_NORM(64,8,128,1): 8 x 27.545 us = 220.36 us
SET_ROWS: 16 x 2.767 us = 44.28 us
SSM_CONV: 22 x 9.672 us = 212.8 us
Total time: 69680.4 us.
0.21.994.169 I slot print_timing: id  0 | task 5 | prompt processing, n_tokens =   5504, progress = 0.67, t =  11.83 s / 465.43 tokens per second
0.21.994.213 I slot print_timing: id  1 | task 4 | prompt processing, n_tokens =   5504, progress = 0.67, t =  11.83 s / 465.43 tokens per second
0.21.994.261 I slot print_timing: id  2 | task 3 | prompt processing, n_tokens =   5504, progress = 0.67, t =  11.83 s / 465.43 tokens per second
0.21.994.293 I slot print_timing: id  3 | task 1 | prompt processing, n_tokens =   5632, progress = 0.69, t =  11.90 s / 473.21 tokens per second
----------------
Vulkan Timings:
ADD: 58 x 7.651 us = 443.8 us
CONCAT: 22 x 23.309 us = 512.8 us
CPY: 22 x 3.801 us = 83.64 us
FLASH_ATTN_EXT dst(64,32,32,4),  q(64,32,32,4),  k(64,5888,8,4),  v(64,5888,8,4),  m(5888,32,1,4): 8 x 1313.8 us = 10510.4 us (4699.36 GFLOPS/s)
GET_ROWS: 22 x 2.663 us = 58.6 us
GLU: 29 x 39.259 us = 1138.52 us
MUL: 44 x 9.803 us = 431.36 us
MUL_MAT f32 m=64 n=1024 k=64: 16 x 8.9 us = 142.4 us (935.177 GFLOPS/s)
MUL_MAT f32 m=64 n=4096 k=64: 16 x 13.91 us = 222.56 us (2393.41 GFLOPS/s)
MUL_MAT q4_0_rocmfp4_fast m=10752 n=128 k=2048: 58 x 424.719 us = 24633.7 us (13269.4 GFLOPS/s)
MUL_MAT q4_0_rocmfp4_fast m=2048 n=128 k=10752: 29 x 571.117 us = 16562.4 us (9869.92 GFLOPS/s)
MUL_MAT q4_0_rocmfp4_fast m=2048 n=128 k=2048: 16 x 101.522 us = 1624.36 us (10573.8 GFLOPS/s)
MUL_MAT q4_0_rocmfp4_fast m=2048 n=32 k=2048 batch=4: 22 x 146.154 us = 3215.4 us (7344.83 GFLOPS/s)
MUL_MAT q4_0_rocmfp4_fast m=512 n=128 k=2048: 16 x 43.27 us = 692.32 us (6202.22 GFLOPS/s)
MUL_MAT q4_0_rocmfp4_fast m=6144 n=32 k=2048 batch=4: 22 x 353.93 us = 7786.48 us (9099.06 GFLOPS/s)
RMS_NORM_MUL RMS_NORM(2048,128,1,1): 59 x 10.521 us = 620.76 us
RMS_NORM_MUL_ROPE RMS_NORM(64,32,128,1): 8 x 103.915 us = 831.32 us
RMS_NORM_MUL_ROPE RMS_NORM(64,8,128,1): 8 x 27.655 us = 221.24 us
SET_ROWS: 16 x 2.662 us = 42.6 us
SSM_CONV: 22 x 9.672 us = 212.8 us
Total time: 69987.5 us.
----------------
Vulkan Timings:
ADD: 58 x 8.728 us = 506.28 us
CONCAT: 22 x 21.423 us = 471.32 us
CPY: 22 x 3.81 us = 83.84 us
FLASH_ATTN_EXT dst(64,32,32,4),  q(64,32,32,4),  k(64,5888,8,4),  v(64,5888,8,4),  m(5888,32,1,4): 8 x 1306.18 us = 10449.5 us (4726.75 GFLOPS/s)
GET_ROWS: 22 x 2.572 us = 56.6 us
GLU: 29 x 38.815 us = 1125.64 us
MUL: 44 x 10.663 us = 469.2 us
MUL_MAT f32 m=64 n=1024 k=64: 16 x 8.975 us = 143.6 us (927.362 GFLOPS/s)
MUL_MAT f32 m=64 n=4096 k=64: 16 x 14.127 us = 226.04 us (2356.56 GFLOPS/s)
MUL_MAT q4_0_rocmfp4_fast m=10752 n=128 k=2048: 58 x 421.593 us = 24452.4 us (13367.8 GFLOPS/s)
MUL_MAT q4_0_rocmfp4_fast m=2048 n=128 k=10752: 29 x 570.591 us = 16547.2 us (9879.01 GFLOPS/s)
MUL_MAT q4_0_rocmfp4_fast m=2048 n=128 k=2048: 16 x 96.71 us = 1547.36 us (11100 GFLOPS/s)
MUL_MAT q4_0_rocmfp4_fast m=2048 n=32 k=2048 batch=4: 22 x 139.285 us = 3064.28 us (7707.05 GFLOPS/s)
MUL_MAT q4_0_rocmfp4_fast m=512 n=128 k=2048: 16 x 44.895 us = 718.32 us (5977.72 GFLOPS/s)
MUL_MAT q4_0_rocmfp4_fast m=6144 n=32 k=2048 batch=4: 22 x 352.458 us = 7754.08 us (9137.08 GFLOPS/s)
RMS_NORM_MUL RMS_NORM(2048,128,1,1): 59 x 10.48 us = 618.32 us
RMS_NORM_MUL_ROPE RMS_NORM(64,32,128,1): 8 x 100.605 us = 804.84 us
RMS_NORM_MUL_ROPE RMS_NORM(64,8,128,1): 8 x 27.54 us = 220.32 us
SET_ROWS: 16 x 3.02 us = 48.32 us
SSM_CONV: 22 x 9.692 us = 213.24 us
Total time: 69520.6 us.
----------------
Vulkan Timings:
ADD: 58 x 7.52 us = 436.16 us
CONCAT: 22 x 23.547 us = 518.04 us
CPY: 22 x 3.918 us = 86.2 us
FLASH_ATTN_EXT dst(64,32,32,4),  q(64,32,32,4),  k(64,5888,8,4),  v(64,5888,8,4),  m(5888,32,1,4): 8 x 1316.42 us = 10531.4 us (4690 GFLOPS/s)
GET_ROWS: 22 x 2.645 us = 58.2 us
GLU: 29 x 40.222 us = 1166.44 us
MUL: 44 x 9.481 us = 417.2 us
MUL_MAT f32 m=64 n=1024 k=64: 16 x 8.96 us = 143.36 us (928.914 GFLOPS/s)
MUL_MAT f32 m=64 n=4096 k=64: 16 x 13.847 us = 221.56 us (2404.21 GFLOPS/s)
MUL_MAT q4_0_rocmfp4_fast m=10752 n=128 k=2048: 58 x 427.18 us = 24776.5 us (13192.9 GFLOPS/s)
MUL_MAT q4_0_rocmfp4_fast m=2048 n=128 k=10752: 29 x 574.456 us = 16659.2 us (9812.55 GFLOPS/s)
MUL_MAT q4_0_rocmfp4_fast m=2048 n=128 k=2048: 16 x 101.25 us = 1620 us (10602.3 GFLOPS/s)
MUL_MAT q4_0_rocmfp4_fast m=2048 n=32 k=2048 batch=4: 22 x 143.447 us = 3155.84 us (7483.44 GFLOPS/s)
MUL_MAT q4_0_rocmfp4_fast m=512 n=128 k=2048: 16 x 43.345 us = 693.52 us (6191.49 GFLOPS/s)
MUL_MAT q4_0_rocmfp4_fast m=6144 n=32 k=2048 batch=4: 22 x 352.812 us = 7761.88 us (9127.9 GFLOPS/s)
RMS_NORM_MUL RMS_NORM(2048,128,1,1): 59 x 10.51 us = 620.12 us
RMS_NORM_MUL_ROPE RMS_NORM(64,32,128,1): 8 x 106.01 us = 848.08 us
RMS_NORM_MUL_ROPE RMS_NORM(64,8,128,1): 8 x 33.745 us = 269.96 us
SET_ROWS: 16 x 2.807 us = 44.92 us
SSM_CONV: 22 x 9.723 us = 213.92 us
Total time: 70242.5 us.
----------------
Vulkan Timings:
ADD: 58 x 7.841 us = 454.8 us
CONCAT: 22 x 22.223 us = 488.92 us
CPY: 22 x 3.787 us = 83.32 us
FLASH_ATTN_EXT dst(64,32,32,4),  q(64,32,32,4),  k(64,5888,8,4),  v(64,5888,8,4),  m(5888,32,1,4): 8 x 1325.62 us = 10605 us (4657.45 GFLOPS/s)
GET_ROWS: 22 x 2.936 us = 64.6 us
GLU: 29 x 40.871 us = 1185.28 us
MUL: 44 x 9.843 us = 433.12 us
MUL_MAT f32 m=64 n=1024 k=64: 16 x 8.975 us = 143.6 us (927.362 GFLOPS/s)
MUL_MAT f32 m=64 n=4096 k=64: 16 x 14.042 us = 224.68 us (2370.82 GFLOPS/s)
MUL_MAT q4_0_rocmfp4_fast m=10752 n=128 k=2048: 58 x 426.053 us = 24711.1 us (13227.8 GFLOPS/s)
MUL_MAT q4_0_rocmfp4_fast m=2048 n=128 k=10752: 29 x 574.361 us = 16656.5 us (9814.17 GFLOPS/s)
MUL_MAT q4_0_rocmfp4_fast m=2048 n=128 k=2048: 16 x 103.95 us = 1663.2 us (10326.9 GFLOPS/s)
MUL_MAT q4_0_rocmfp4_fast m=2048 n=32 k=2048 batch=4: 22 x 140.321 us = 3087.08 us (7650.13 GFLOPS/s)
MUL_MAT q4_0_rocmfp4_fast m=512 n=128 k=2048: 16 x 40.885 us = 654.16 us (6564.02 GFLOPS/s)
MUL_MAT q4_0_rocmfp4_fast m=6144 n=32 k=2048 batch=4: 22 x 351.27 us = 7727.96 us (9167.96 GFLOPS/s)
RMS_NORM_MUL RMS_NORM(2048,128,1,1): 59 x 10.456 us = 616.96 us
RMS_NORM_MUL_ROPE RMS_NORM(64,32,128,1): 8 x 102.335 us = 818.68 us
RMS_NORM_MUL_ROPE RMS_NORM(64,8,128,1): 8 x 29.94 us = 239.52 us
SET_ROWS: 16 x 2.657 us = 42.52 us
SSM_CONV: 22 x 9.645 us = 212.2 us
Total time: 70113.2 us.
0.22.291.470 I slot print_timing: id  0 | task 5 | prompt processing, n_tokens =   5632, progress = 0.69, t =  12.12 s / 464.57 tokens per second
0.22.291.497 I slot print_timing: id  1 | task 4 | prompt processing, n_tokens =   5632, progress = 0.69, t =  12.12 s / 464.57 tokens per second
0.22.291.511 I slot print_timing: id  2 | task 3 | prompt processing, n_tokens =   5632, progress = 0.69, t =  12.12 s / 464.58 tokens per second
0.22.291.529 I slot print_timing: id  3 | task 1 | prompt processing, n_tokens =   5760, progress = 0.70, t =  12.20 s / 472.17 tokens per second
----------------
Vulkan Timings:
ADD: 58 x 8.668 us = 502.76 us
CONCAT: 22 x 23.427 us = 515.4 us
CPY: 22 x 3.82 us = 84.04 us
FLASH_ATTN_EXT dst(64,32,32,4),  q(64,32,32,4),  k(64,5888,8,4),  v(64,5888,8,4),  m(5888,32,1,4): 8 x 1345.74 us = 10765.9 us (4587.82 GFLOPS/s)
GET_ROWS: 22 x 2.603 us = 57.28 us
GLU: 29 x 39.946 us = 1158.44 us
MUL: 44 x 10.274 us = 452.08 us
MUL_MAT f32 m=64 n=1024 k=64: 16 x 8.945 us = 143.12 us (930.472 GFLOPS/s)
MUL_MAT f32 m=64 n=4096 k=64: 16 x 14.112 us = 225.8 us (2359.06 GFLOPS/s)
MUL_MAT q4_0_rocmfp4_fast m=10752 n=128 k=2048: 58 x 422.287 us = 24492.7 us (13345.8 GFLOPS/s)
MUL_MAT q4_0_rocmfp4_fast m=2048 n=128 k=10752: 29 x 572.186 us = 16593.4 us (9851.48 GFLOPS/s)
MUL_MAT q4_0_rocmfp4_fast m=2048 n=128 k=2048: 16 x 102.39 us = 1638.24 us (10484.2 GFLOPS/s)
MUL_MAT q4_0_rocmfp4_fast m=2048 n=32 k=2048 batch=4: 22 x 142.927 us = 3144.4 us (7510.67 GFLOPS/s)
MUL_MAT q4_0_rocmfp4_fast m=512 n=128 k=2048: 16 x 43.962 us = 703.4 us (6104.52 GFLOPS/s)
MUL_MAT q4_0_rocmfp4_fast m=6144 n=32 k=2048 batch=4: 22 x 354.687 us = 7803.12 us (9079.66 GFLOPS/s)
RMS_NORM_MUL RMS_NORM(2048,128,1,1): 59 x 10.915 us = 644 us
RMS_NORM_MUL_ROPE RMS_NORM(64,32,128,1): 8 x 104.32 us = 834.56 us
RMS_NORM_MUL_ROPE RMS_NORM(64,8,128,1): 8 x 30.895 us = 247.16 us
SET_ROWS: 16 x 2.672 us = 42.76 us
SSM_CONV: 22 x 9.734 us = 214.16 us
Total time: 70262.7 us.
----------------
Vulkan Timings:
ADD: 58 x 8.483 us = 492.04 us
CONCAT: 22 x 21.383 us = 470.44 us
CPY: 22 x 3.801 us = 83.64 us
FLASH_ATTN_EXT dst(64,32,32,4),  q(64,32,32,4),  k(64,5888,8,4),  v(64,5888,8,4),  m(5888,32,1,4): 8 x 1362.4 us = 10899.2 us (4531.72 GFLOPS/s)
GET_ROWS: 22 x 2.616 us = 57.56 us
GLU: 29 x 39.711 us = 1151.64 us
MUL: 44 x 10.621 us = 467.36 us
MUL_MAT f32 m=64 n=1024 k=64: 16 x 8.945 us = 143.12 us (930.472 GFLOPS/s)
MUL_MAT f32 m=64 n=4096 k=64: 16 x 14.1 us = 225.6 us (2361.16 GFLOPS/s)
MUL_MAT q4_0_rocmfp4_fast m=10752 n=128 k=2048: 58 x 420.51 us = 24389.6 us (13402.2 GFLOPS/s)
MUL_MAT q4_0_rocmfp4_fast m=2048 n=128 k=10752: 29 x 575.373 us = 16685.8 us (9796.91 GFLOPS/s)
MUL_MAT q4_0_rocmfp4_fast m=2048 n=128 k=2048: 16 x 99.977 us = 1599.64 us (10737.2 GFLOPS/s)
MUL_MAT q4_0_rocmfp4_fast m=2048 n=32 k=2048 batch=4: 22 x 140.267 us = 3085.88 us (7653.1 GFLOPS/s)
MUL_MAT q4_0_rocmfp4_fast m=512 n=128 k=2048: 16 x 42.722 us = 683.56 us (6281.7 GFLOPS/s)
MUL_MAT q4_0_rocmfp4_fast m=6144 n=32 k=2048 batch=4: 22 x 349.445 us = 7687.8 us (9215.86 GFLOPS/s)
RMS_NORM_MUL RMS_NORM(2048,128,1,1): 59 x 11.083 us = 653.92 us
RMS_NORM_MUL_ROPE RMS_NORM(64,32,128,1): 8 x 104.225 us = 833.8 us
RMS_NORM_MUL_ROPE RMS_NORM(64,8,128,1): 8 x 30.11 us = 240.88 us
SET_ROWS: 16 x 2.67 us = 42.72 us
SSM_CONV: 22 x 9.69 us = 213.2 us
Total time: 70107.4 us.
----------------
Vulkan Timings:
ADD: 58 x 8.694 us = 504.28 us
CONCAT: 22 x 22.645 us = 498.2 us
CPY: 22 x 3.79 us = 83.4 us
FLASH_ATTN_EXT dst(64,32,32,4),  q(64,32,32,4),  k(64,5888,8,4),  v(64,5888,8,4),  m(5888,32,1,4): 8 x 1345.23 us = 10761.9 us (4589.54 GFLOPS/s)
GET_ROWS: 22 x 2.681 us = 59 us
GLU: 29 x 38.874 us = 1127.36 us
MUL: 44 x 10.63 us = 467.72 us
MUL_MAT f32 m=64 n=1024 k=64: 16 x 8.9 us = 142.4 us (935.177 GFLOPS/s)
MUL_MAT f32 m=64 n=4096 k=64: 16 x 13.972 us = 223.56 us (2382.7 GFLOPS/s)
MUL_MAT q4_0_rocmfp4_fast m=10752 n=128 k=2048: 58 x 423.78 us = 24579.2 us (13298.8 GFLOPS/s)
MUL_MAT q4_0_rocmfp4_fast m=2048 n=128 k=10752: 29 x 570.6 us = 16547.4 us (9878.87 GFLOPS/s)
MUL_MAT q4_0_rocmfp4_fast m=2048 n=128 k=2048: 16 x 97.592 us = 1561.48 us (10999.6 GFLOPS/s)
MUL_MAT q4_0_rocmfp4_fast m=2048 n=32 k=2048 batch=4: 22 x 142.654 us = 3138.4 us (7525.03 GFLOPS/s)
MUL_MAT q4_0_rocmfp4_fast m=512 n=128 k=2048: 16 x 44.235 us = 707.76 us (6066.91 GFLOPS/s)
MUL_MAT q4_0_rocmfp4_fast m=6144 n=32 k=2048 batch=4: 22 x 349.909 us = 7698 us (9203.64 GFLOPS/s)
RMS_NORM_MUL RMS_NORM(2048,128,1,1): 59 x 10.528 us = 621.2 us
RMS_NORM_MUL_ROPE RMS_NORM(64,32,128,1): 8 x 100.54 us = 804.32 us
RMS_NORM_MUL_ROPE RMS_NORM(64,8,128,1): 8 x 27.59 us = 220.72 us
SET_ROWS: 16 x 2.745 us = 43.92 us
SSM_CONV: 22 x 9.68 us = 212.96 us
Total time: 70003.2 us.
----------------
Vulkan Timings:
ADD: 58 x 8.582 us = 497.8 us
CONCAT: 22 x 24.041 us = 528.92 us
CPY: 22 x 3.823 us = 84.12 us
FLASH_ATTN_EXT dst(64,32,32,4),  q(64,32,32,4),  k(64,5888,8,4),  v(64,5888,8,4),  m(5888,32,1,4): 8 x 1355.58 us = 10844.6 us (4554.52 GFLOPS/s)
GET_ROWS: 22 x 2.62 us = 57.64 us
GLU: 29 x 38.444 us = 1114.88 us
MUL: 44 x 9.89 us = 435.2 us
MUL_MAT f32 m=64 n=1024 k=64: 16 x 8.92 us = 142.72 us (933.08 GFLOPS/s)
MUL_MAT f32 m=64 n=4096 k=64: 16 x 14.002 us = 224.04 us (2377.6 GFLOPS/s)
MUL_MAT q4_0_rocmfp4_fast m=10752 n=128 k=2048: 58 x 423.693 us = 24574.2 us (13301.5 GFLOPS/s)
MUL_MAT q4_0_rocmfp4_fast m=2048 n=128 k=10752: 29 x 572.108 us = 16591.2 us (9852.81 GFLOPS/s)
MUL_MAT q4_0_rocmfp4_fast m=2048 n=128 k=2048: 16 x 97.59 us = 1561.44 us (10999.9 GFLOPS/s)
MUL_MAT q4_0_rocmfp4_fast m=2048 n=32 k=2048 batch=4: 22 x 142.292 us = 3130.44 us (7544.16 GFLOPS/s)
MUL_MAT q4_0_rocmfp4_fast m=512 n=128 k=2048: 16 x 45.45 us = 727.2 us (5904.73 GFLOPS/s)
MUL_MAT q4_0_rocmfp4_fast m=6144 n=32 k=2048 batch=4: 22 x 361.098 us = 7944.16 us (8918.46 GFLOPS/s)
RMS_NORM_MUL RMS_NORM(2048,128,1,1): 59 x 10.492 us = 619.08 us
RMS_NORM_MUL_ROPE RMS_NORM(64,32,128,1): 8 x 102.545 us = 820.36 us
RMS_NORM_MUL_ROPE RMS_NORM(64,8,128,1): 8 x 29.425 us = 235.4 us
SET_ROWS: 16 x 2.665 us = 42.64 us
SSM_CONV: 22 x 9.794 us = 215.48 us
Total time: 70391.6 us.
0.22.587.253 I slot print_timing: id  0 | task 5 | prompt processing, n_tokens =   5760, progress = 0.70, t =  12.42 s / 463.82 tokens per second
0.22.587.273 I slot print_timing: id  1 | task 4 | prompt processing, n_tokens =   5760, progress = 0.70, t =  12.42 s / 463.82 tokens per second
0.22.587.285 I slot print_timing: id  2 | task 3 | prompt processing, n_tokens =   5760, progress = 0.70, t =  12.42 s / 463.82 tokens per second
0.22.587.296 I slot print_timing: id  3 | task 1 | prompt processing, n_tokens =   5888, progress = 0.72, t =  12.49 s / 471.23 tokens per second
----------------
Vulkan Timings:
ADD: 58 x 8.808 us = 510.92 us
CONCAT: 22 x 23.485 us = 516.68 us
CPY: 22 x 3.818 us = 84 us
FLASH_ATTN_EXT dst(64,32,32,4),  q(64,32,32,4),  k(64,6144,8,4),  v(64,6144,8,4),  m(6144,32,1,4): 8 x 1386.71 us = 11093.7 us (4645.85 GFLOPS/s)
GET_ROWS: 22 x 2.636 us = 58 us
GLU: 29 x 38.602 us = 1119.48 us
MUL: 44 x 8.937 us = 393.24 us
MUL_MAT f32 m=64 n=1024 k=64: 16 x 8.925 us = 142.8 us (932.557 GFLOPS/s)
MUL_MAT f32 m=64 n=4096 k=64: 16 x 14.08 us = 225.28 us (2364.51 GFLOPS/s)
MUL_MAT q4_0_rocmfp4_fast m=10752 n=128 k=2048: 58 x 425.02 us = 24651.2 us (13260 GFLOPS/s)
MUL_MAT q4_0_rocmfp4_fast m=2048 n=128 k=10752: 29 x 571.674 us = 16578.6 us (9860.3 GFLOPS/s)
MUL_MAT q4_0_rocmfp4_fast m=2048 n=128 k=2048: 16 x 103.477 us = 1655.64 us (10374 GFLOPS/s)
MUL_MAT q4_0_rocmfp4_fast m=2048 n=32 k=2048 batch=4: 22 x 140.318 us = 3087 us (7650.32 GFLOPS/s)
MUL_MAT q4_0_rocmfp4_fast m=512 n=128 k=2048: 16 x 43.032 us = 688.52 us (6236.45 GFLOPS/s)
MUL_MAT q4_0_rocmfp4_fast m=6144 n=32 k=2048 batch=4: 22 x 360.518 us = 7931.4 us (8932.81 GFLOPS/s)
RMS_NORM_MUL RMS_NORM(2048,128,1,1): 59 x 10.557 us = 622.88 us
RMS_NORM_MUL_ROPE RMS_NORM(64,32,128,1): 8 x 106.085 us = 848.68 us
RMS_NORM_MUL_ROPE RMS_NORM(64,8,128,1): 8 x 32.9 us = 263.2 us
SET_ROWS: 16 x 2.725 us = 43.6 us
SSM_CONV: 22 x 9.683 us = 213.04 us
Total time: 70727.8 us.
----------------
Vulkan Timings:
ADD: 58 x 8.114 us = 470.64 us
CONCAT: 22 x 21.443 us = 471.76 us
CPY: 22 x 3.798 us = 83.56 us
FLASH_ATTN_EXT dst(64,32,32,4),  q(64,32,32,4),  k(64,6144,8,4),  v(64,6144,8,4),  m(6144,32,1,4): 8 x 1391.19 us = 11129.6 us (4630.88 GFLOPS/s)
GET_ROWS: 22 x 2.67 us = 58.76 us
GLU: 29 x 38.009 us = 1102.28 us
MUL: 44 x 10.446 us = 459.64 us
MUL_MAT f32 m=64 n=1024 k=64: 16 x 8.947 us = 143.16 us (930.212 GFLOPS/s)
MUL_MAT f32 m=64 n=4096 k=64: 16 x 14.035 us = 224.56 us (2372.09 GFLOPS/s)
MUL_MAT q4_0_rocmfp4_fast m=10752 n=128 k=2048: 58 x 424.263 us = 24607.3 us (13283.7 GFLOPS/s)
MUL_MAT q4_0_rocmfp4_fast m=2048 n=128 k=10752: 29 x 575.82 us = 16698.8 us (9789.3 GFLOPS/s)
MUL_MAT q4_0_rocmfp4_fast m=2048 n=128 k=2048: 16 x 100.757 us = 1612.12 us (10654.1 GFLOPS/s)
MUL_MAT q4_0_rocmfp4_fast m=2048 n=32 k=2048 batch=4: 22 x 142.62 us = 3137.64 us (7526.85 GFLOPS/s)
MUL_MAT q4_0_rocmfp4_fast m=512 n=128 k=2048: 16 x 43.777 us = 700.44 us (6130.32 GFLOPS/s)
MUL_MAT q4_0_rocmfp4_fast m=6144 n=32 k=2048 batch=4: 22 x 352.469 us = 7754.32 us (9136.8 GFLOPS/s)
RMS_NORM_MUL RMS_NORM(2048,128,1,1): 59 x 10.492 us = 619.08 us
RMS_NORM_MUL_ROPE RMS_NORM(64,32,128,1): 8 x 104.3 us = 834.4 us
RMS_NORM_MUL_ROPE RMS_NORM(64,8,128,1): 8 x 29.105 us = 232.84 us
SET_ROWS: 16 x 2.665 us = 42.64 us
SSM_CONV: 22 x 9.687 us = 213.12 us
Total time: 70596.6 us.
----------------
Vulkan Timings:
ADD: 58 x 8.38 us = 486.04 us
CONCAT: 22 x 23.82 us = 524.04 us
CPY: 22 x 3.818 us = 84 us
FLASH_ATTN_EXT dst(64,32,32,4),  q(64,32,32,4),  k(64,6144,8,4),  v(64,6144,8,4),  m(6144,32,1,4): 8 x 1393.47 us = 11147.8 us (4623.3 GFLOPS/s)
GET_ROWS: 22 x 2.654 us = 58.4 us
GLU: 29 x 38.736 us = 1123.36 us
MUL: 44 x 9.241 us = 406.64 us
MUL_MAT f32 m=64 n=1024 k=64: 16 x 8.952 us = 143.24 us (929.692 GFLOPS/s)
MUL_MAT f32 m=64 n=4096 k=64: 16 x 14.077 us = 225.24 us (2364.93 GFLOPS/s)
MUL_MAT q4_0_rocmfp4_fast m=10752 n=128 k=2048: 58 x 425.814 us = 24697.2 us (13235.3 GFLOPS/s)
MUL_MAT q4_0_rocmfp4_fast m=2048 n=128 k=10752: 29 x 572.771 us = 16610.4 us (9841.42 GFLOPS/s)
MUL_MAT q4_0_rocmfp4_fast m=2048 n=128 k=2048: 16 x 105.33 us = 1685.28 us (10191.6 GFLOPS/s)
MUL_MAT q4_0_rocmfp4_fast m=2048 n=32 k=2048 batch=4: 22 x 141.334 us = 3109.36 us (7595.31 GFLOPS/s)
MUL_MAT q4_0_rocmfp4_fast m=512 n=128 k=2048: 16 x 41.857 us = 669.72 us (6411.51 GFLOPS/s)
MUL_MAT q4_0_rocmfp4_fast m=6144 n=32 k=2048 batch=4: 22 x 353.43 us = 7775.48 us (9111.93 GFLOPS/s)
RMS_NORM_MUL RMS_NORM(2048,128,1,1): 59 x 10.527 us = 621.12 us
RMS_NORM_MUL_ROPE RMS_NORM(64,32,128,1): 8 x 107.81 us = 862.48 us
RMS_NORM_MUL_ROPE RMS_NORM(64,8,128,1): 8 x 31.245 us = 249.96 us
SET_ROWS: 16 x 2.677 us = 42.84 us
SSM_CONV: 22 x 9.661 us = 212.56 us
Total time: 70735.2 us.
----------------
Vulkan Timings:
ADD: 58 x 8.653 us = 501.88 us
CONCAT: 22 x 22.625 us = 497.76 us
CPY: 22 x 3.729 us = 82.04 us
FLASH_ATTN_EXT dst(64,32,32,4),  q(64,32,32,4),  k(64,6144,8,4),  v(64,6144,8,4),  m(6144,32,1,4): 8 x 1399.62 us = 11197 us (4602.98 GFLOPS/s)
GET_ROWS: 22 x 2.654 us = 58.4 us
GLU: 29 x 40.3 us = 1168.72 us
MUL: 44 x 10.232 us = 450.24 us
MUL_MAT f32 m=64 n=1024 k=64: 16 x 8.91 us = 142.56 us (934.127 GFLOPS/s)
MUL_MAT f32 m=64 n=4096 k=64: 16 x 13.917 us = 222.68 us (2392.12 GFLOPS/s)
MUL_MAT q4_0_rocmfp4_fast m=10752 n=128 k=2048: 58 x 424.486 us = 24620.2 us (13276.7 GFLOPS/s)
MUL_MAT q4_0_rocmfp4_fast m=2048 n=128 k=10752: 29 x 571.762 us = 16581.1 us (9858.78 GFLOPS/s)
MUL_MAT q4_0_rocmfp4_fast m=2048 n=128 k=2048: 16 x 99.267 us = 1588.28 us (10814 GFLOPS/s)
MUL_MAT q4_0_rocmfp4_fast m=2048 n=32 k=2048 batch=4: 22 x 140.478 us = 3090.52 us (7641.61 GFLOPS/s)
MUL_MAT q4_0_rocmfp4_fast m=512 n=128 k=2048: 16 x 44.407 us = 710.52 us (6043.35 GFLOPS/s)
MUL_MAT q4_0_rocmfp4_fast m=6144 n=32 k=2048 batch=4: 22 x 352.105 us = 7746.32 us (9146.23 GFLOPS/s)
RMS_NORM_MUL RMS_NORM(2048,128,1,1): 59 x 10.547 us = 622.32 us
RMS_NORM_MUL_ROPE RMS_NORM(64,32,128,1): 8 x 100.605 us = 804.84 us
RMS_NORM_MUL_ROPE RMS_NORM(64,8,128,1): 8 x 27.57 us = 220.56 us
SET_ROWS: 16 x 2.697 us = 43.16 us
SSM_CONV: 22 x 9.689 us = 213.16 us
Total time: 70562.3 us.
0.22.887.371 I slot print_timing: id  0 | task 5 | prompt processing, n_tokens =   5888, progress = 0.72, t =  12.72 s / 462.93 tokens per second
0.22.887.405 I slot print_timing: id  1 | task 4 | prompt processing, n_tokens =   5888, progress = 0.72, t =  12.72 s / 462.94 tokens per second
0.22.887.429 I slot print_timing: id  2 | task 3 | prompt processing, n_tokens =   5888, progress = 0.72, t =  12.72 s / 462.94 tokens per second
0.22.887.452 I slot print_timing: id  3 | task 1 | prompt processing, n_tokens =   6016, progress = 0.73, t =  12.79 s / 470.18 tokens per second
----------------
Vulkan Timings:
ADD: 58 x 8.416 us = 488.16 us
CONCAT: 22 x 21.436 us = 471.6 us
CPY: 22 x 3.789 us = 83.36 us
FLASH_ATTN_EXT dst(64,32,32,4),  q(64,32,32,4),  k(64,6144,8,4),  v(64,6144,8,4),  m(6144,32,1,4): 8 x 1411.67 us = 11293.4 us (4563.71 GFLOPS/s)
GET_ROWS: 22 x 2.547 us = 56.04 us
GLU: 29 x 38.74 us = 1123.48 us
MUL: 44 x 10.606 us = 466.68 us
MUL_MAT f32 m=64 n=1024 k=64: 16 x 8.945 us = 143.12 us (930.472 GFLOPS/s)
MUL_MAT f32 m=64 n=4096 k=64: 16 x 14.105 us = 225.68 us (2360.32 GFLOPS/s)
MUL_MAT q4_0_rocmfp4_fast m=10752 n=128 k=2048: 58 x 423.235 us = 24547.7 us (13315.9 GFLOPS/s)
MUL_MAT q4_0_rocmfp4_fast m=2048 n=128 k=10752: 29 x 572.798 us = 16611.2 us (9840.95 GFLOPS/s)
MUL_MAT q4_0_rocmfp4_fast m=2048 n=128 k=2048: 16 x 97.282 us = 1556.52 us (11034.7 GFLOPS/s)
MUL_MAT q4_0_rocmfp4_fast m=2048 n=32 k=2048 batch=4: 22 x 143.229 us = 3151.04 us (7494.84 GFLOPS/s)
MUL_MAT q4_0_rocmfp4_fast m=512 n=128 k=2048: 16 x 44.162 us = 706.6 us (6076.87 GFLOPS/s)
MUL_MAT q4_0_rocmfp4_fast m=6144 n=32 k=2048 batch=4: 22 x 358.02 us = 7876.44 us (8995.14 GFLOPS/s)
RMS_NORM_MUL RMS_NORM(2048,128,1,1): 59 x 10.538 us = 621.76 us
RMS_NORM_MUL_ROPE RMS_NORM(64,32,128,1): 8 x 100.67 us = 805.36 us
RMS_NORM_MUL_ROPE RMS_NORM(64,8,128,1): 8 x 27.625 us = 221 us
SET_ROWS: 16 x 2.712 us = 43.4 us
SSM_CONV: 22 x 9.66 us = 212.52 us
Total time: 70705 us.
----------------
Vulkan Timings:
ADD: 58 x 8.985 us = 521.16 us
CONCAT: 22 x 23.423 us = 515.32 us
CPY: 22 x 3.816 us = 83.96 us
FLASH_ATTN_EXT dst(64,32,32,4),  q(64,32,32,4),  k(64,6144,8,4),  v(64,6144,8,4),  m(6144,32,1,4): 8 x 1417.03 us = 11336.2 us (4546.46 GFLOPS/s)
GET_ROWS: 22 x 2.618 us = 57.6 us
GLU: 29 x 39.077 us = 1133.24 us
MUL: 44 x 9.541 us = 419.84 us
MUL_MAT f32 m=64 n=1024 k=64: 16 x 8.942 us = 143.08 us (930.732 GFLOPS/s)
MUL_MAT f32 m=64 n=4096 k=64: 16 x 14.085 us = 225.36 us (2363.67 GFLOPS/s)
MUL_MAT q4_0_rocmfp4_fast m=10752 n=128 k=2048: 58 x 424.244 us = 24606.2 us (13284.2 GFLOPS/s)
MUL_MAT q4_0_rocmfp4_fast m=2048 n=128 k=10752: 29 x 572.02 us = 16588.6 us (9854.33 GFLOPS/s)
MUL_MAT q4_0_rocmfp4_fast m=2048 n=128 k=2048: 16 x 101.037 us = 1616.6 us (10624.6 GFLOPS/s)
MUL_MAT q4_0_rocmfp4_fast m=2048 n=32 k=2048 batch=4: 22 x 141.534 us = 3113.76 us (7584.58 GFLOPS/s)
MUL_MAT q4_0_rocmfp4_fast m=512 n=128 k=2048: 16 x 43.287 us = 692.6 us (6199.71 GFLOPS/s)
MUL_MAT q4_0_rocmfp4_fast m=6144 n=32 k=2048 batch=4: 22 x 354.187 us = 7792.12 us (9092.48 GFLOPS/s)
RMS_NORM_MUL RMS_NORM(2048,128,1,1): 59 x 10.557 us = 622.92 us
RMS_NORM_MUL_ROPE RMS_NORM(64,32,128,1): 8 x 106.515 us = 852.12 us
RMS_NORM_MUL_ROPE RMS_NORM(64,8,128,1): 8 x 30.865 us = 246.92 us
SET_ROWS: 16 x 2.867 us = 45.88 us
SSM_CONV: 22 x 9.694 us = 213.28 us
Total time: 70826.8 us.
----------------
Vulkan Timings:
ADD: 58 x 8.558 us = 496.4 us
CONCAT: 22 x 23.016 us = 506.36 us
CPY: 22 x 3.801 us = 83.64 us
FLASH_ATTN_EXT dst(64,32,32,4),  q(64,32,32,4),  k(64,6144,8,4),  v(64,6144,8,4),  m(6144,32,1,4): 8 x 1412.62 us = 11300.9 us (4560.66 GFLOPS/s)
GET_ROWS: 22 x 2.652 us = 58.36 us
GLU: 29 x 38.44 us = 1114.76 us
MUL: 44 x 9.595 us = 422.2 us
MUL_MAT f32 m=64 n=1024 k=64: 16 x 8.885 us = 142.16 us (936.755 GFLOPS/s)
MUL_MAT f32 m=64 n=4096 k=64: 16 x 14.052 us = 224.84 us (2369.14 GFLOPS/s)
MUL_MAT q4_0_rocmfp4_fast m=10752 n=128 k=2048: 58 x 425.712 us = 24691.3 us (13238.4 GFLOPS/s)
MUL_MAT q4_0_rocmfp4_fast m=2048 n=128 k=10752: 29 x 574.94 us = 16673.3 us (9804.29 GFLOPS/s)
MUL_MAT q4_0_rocmfp4_fast m=2048 n=128 k=2048: 16 x 101.36 us = 1621.76 us (10590.8 GFLOPS/s)
MUL_MAT q4_0_rocmfp4_fast m=2048 n=32 k=2048 batch=4: 22 x 140.069 us = 3081.52 us (7663.93 GFLOPS/s)
MUL_MAT q4_0_rocmfp4_fast m=512 n=128 k=2048: 16 x 42.895 us = 686.32 us (6256.44 GFLOPS/s)
MUL_MAT q4_0_rocmfp4_fast m=6144 n=32 k=2048 batch=4: 22 x 355.243 us = 7815.36 us (9065.44 GFLOPS/s)
RMS_NORM_MUL RMS_NORM(2048,128,1,1): 59 x 10.522 us = 620.84 us
RMS_NORM_MUL_ROPE RMS_NORM(64,32,128,1): 8 x 103.41 us = 827.28 us
RMS_NORM_MUL_ROPE RMS_NORM(64,8,128,1): 8 x 31.205 us = 249.64 us
SET_ROWS: 16 x 2.67 us = 42.72 us
SSM_CONV: 22 x 9.641 us = 212.12 us
Total time: 70871.8 us.
----------------
Vulkan Timings:
ADD: 58 x 7.806 us = 452.76 us
CONCAT: 22 x 22.17 us = 487.76 us
CPY: 22 x 3.781 us = 83.2 us
FLASH_ATTN_EXT dst(64,32,32,4),  q(64,32,32,4),  k(64,6144,8,4),  v(64,6144,8,4),  m(6144,32,1,4): 8 x 1424.2 us = 11393.6 us (4523.56 GFLOPS/s)
GET_ROWS: 22 x 2.658 us = 58.48 us
GLU: 29 x 38.51 us = 1116.8 us
MUL: 44 x 10.407 us = 457.92 us
MUL_MAT f32 m=64 n=1024 k=64: 16 x 8.427 us = 134.84 us (987.609 GFLOPS/s)
MUL_MAT f32 m=64 n=4096 k=64: 16 x 15.915 us = 254.64 us (2091.88 GFLOPS/s)
MUL_MAT q4_0_rocmfp4_fast m=10752 n=128 k=2048: 58 x 421.564 us = 24450.7 us (13368.7 GFLOPS/s)
MUL_MAT q4_0_rocmfp4_fast m=2048 n=128 k=10752: 29 x 574.95 us = 16673.6 us (9804.12 GFLOPS/s)
MUL_MAT q4_0_rocmfp4_fast m=2048 n=128 k=2048: 16 x 104.875 us = 1678 us (10235.8 GFLOPS/s)
MUL_MAT q4_0_rocmfp4_fast m=2048 n=32 k=2048 batch=4: 22 x 146.992 us = 3233.84 us (7302.94 GFLOPS/s)
MUL_MAT q4_0_rocmfp4_fast m=512 n=128 k=2048: 16 x 39.057 us = 624.92 us (6871.15 GFLOPS/s)
MUL_MAT q4_0_rocmfp4_fast m=6144 n=32 k=2048 batch=4: 22 x 351.13 us = 7724.88 us (9171.62 GFLOPS/s)
RMS_NORM_MUL RMS_NORM(2048,128,1,1): 59 x 10.538 us = 621.76 us
RMS_NORM_MUL_ROPE RMS_NORM(64,32,128,1): 8 x 100.52 us = 804.16 us
RMS_NORM_MUL_ROPE RMS_NORM(64,8,128,1): 8 x 27.615 us = 220.92 us
SET_ROWS: 16 x 2.825 us = 45.2 us
SSM_CONV: 22 x 9.701 us = 213.44 us
Total time: 70731.4 us.
0.23.186.141 I slot print_timing: id  0 | task 5 | prompt processing, n_tokens =   6016, progress = 0.73, t =  13.02 s / 462.14 tokens per second
0.23.186.188 I slot print_timing: id  1 | task 4 | prompt processing, n_tokens =   6016, progress = 0.73, t =  13.02 s / 462.14 tokens per second
0.23.186.220 I slot print_timing: id  2 | task 3 | prompt processing, n_tokens =   6016, progress = 0.73, t =  13.02 s / 462.15 tokens per second
0.23.186.271 I slot print_timing: id  3 | task 1 | prompt processing, n_tokens =   6144, progress = 0.75, t =  13.09 s / 469.23 tokens per second
----------------
Vulkan Timings:
ADD: 58 x 8.75 us = 507.52 us
CONCAT: 22 x 22.245 us = 489.4 us
CPY: 22 x 3.798 us = 83.56 us
FLASH_ATTN_EXT dst(64,32,32,4),  q(64,32,32,4),  k(64,6400,8,4),  v(64,6400,8,4),  m(6400,32,1,4): 8 x 1425.45 us = 11403.6 us (4707.89 GFLOPS/s)
GET_ROWS: 22 x 2.558 us = 56.28 us
GLU: 29 x 38.433 us = 1114.56 us
MUL: 44 x 10.037 us = 441.64 us
MUL_MAT f32 m=64 n=1024 k=64: 16 x 8.892 us = 142.28 us (935.965 GFLOPS/s)
MUL_MAT f32 m=64 n=4096 k=64: 16 x 14.202 us = 227.24 us (2344.11 GFLOPS/s)
MUL_MAT q4_0_rocmfp4_fast m=10752 n=128 k=2048: 58 x 423.975 us = 24590.6 us (13292.7 GFLOPS/s)
MUL_MAT q4_0_rocmfp4_fast m=2048 n=128 k=10752: 29 x 575.641 us = 16693.6 us (9792.35 GFLOPS/s)
MUL_MAT q4_0_rocmfp4_fast m=2048 n=128 k=2048: 16 x 99.267 us = 1588.28 us (10814 GFLOPS/s)
MUL_MAT q4_0_rocmfp4_fast m=2048 n=32 k=2048 batch=4: 22 x 145.89 us = 3209.6 us (7358.1 GFLOPS/s)
MUL_MAT q4_0_rocmfp4_fast m=512 n=128 k=2048: 16 x 44.625 us = 714 us (6013.89 GFLOPS/s)
MUL_MAT q4_0_rocmfp4_fast m=6144 n=32 k=2048 batch=4: 22 x 358.407 us = 7884.96 us (8985.42 GFLOPS/s)
RMS_NORM_MUL RMS_NORM(2048,128,1,1): 59 x 10.524 us = 620.96 us
RMS_NORM_MUL_ROPE RMS_NORM(64,32,128,1): 8 x 102.365 us = 818.92 us
RMS_NORM_MUL_ROPE RMS_NORM(64,8,128,1): 8 x 29.725 us = 237.8 us
SET_ROWS: 16 x 2.845 us = 45.52 us
SSM_CONV: 22 x 9.672 us = 212.8 us
Total time: 71083.1 us.
----------------
Vulkan Timings:
ADD: 58 x 7.56 us = 438.52 us
CONCAT: 22 x 23.421 us = 515.28 us
CPY: 22 x 3.789 us = 83.36 us
FLASH_ATTN_EXT dst(64,32,32,4),  q(64,32,32,4),  k(64,6400,8,4),  v(64,6400,8,4),  m(6400,32,1,4): 8 x 1427.49 us = 11419.9 us (4701.18 GFLOPS/s)
GET_ROWS: 22 x 3.285 us = 72.28 us
GLU: 29 x 39.246 us = 1138.16 us
MUL: 44 x 10.216 us = 449.52 us
MUL_MAT f32 m=64 n=1024 k=64: 16 x 8.887 us = 142.2 us (936.492 GFLOPS/s)
MUL_MAT f32 m=64 n=4096 k=64: 16 x 14.067 us = 225.08 us (2366.61 GFLOPS/s)
MUL_MAT q4_0_rocmfp4_fast m=10752 n=128 k=2048: 58 x 423.293 us = 24551 us (13314.1 GFLOPS/s)
MUL_MAT q4_0_rocmfp4_fast m=2048 n=128 k=10752: 29 x 571.728 us = 16580.1 us (9859.37 GFLOPS/s)
MUL_MAT q4_0_rocmfp4_fast m=2048 n=128 k=2048: 16 x 97.932 us = 1566.92 us (10961.4 GFLOPS/s)
MUL_MAT q4_0_rocmfp4_fast m=2048 n=32 k=2048 batch=4: 22 x 146.68 us = 3226.96 us (7318.51 GFLOPS/s)
MUL_MAT q4_0_rocmfp4_fast m=512 n=128 k=2048: 16 x 44.07 us = 705.12 us (6089.63 GFLOPS/s)
MUL_MAT q4_0_rocmfp4_fast m=6144 n=32 k=2048 batch=4: 22 x 356.014 us = 7832.32 us (9045.81 GFLOPS/s)
RMS_NORM_MUL RMS_NORM(2048,128,1,1): 59 x 10.538 us = 621.8 us
RMS_NORM_MUL_ROPE RMS_NORM(64,32,128,1): 8 x 100.6 us = 804.8 us
RMS_NORM_MUL_ROPE RMS_NORM(64,8,128,1): 8 x 27.575 us = 220.6 us
SET_ROWS: 16 x 2.652 us = 42.44 us
SSM_CONV: 22 x 9.705 us = 213.52 us
Total time: 70849.9 us.
----------------
Vulkan Timings:
ADD: 58 x 7.48 us = 433.84 us
CONCAT: 22 x 21.405 us = 470.92 us
CPY: 22 x 3.781 us = 83.2 us
FLASH_ATTN_EXT dst(64,32,32,4),  q(64,32,32,4),  k(64,6400,8,4),  v(64,6400,8,4),  m(6400,32,1,4): 8 x 1439.96 us = 11519.7 us (4660.45 GFLOPS/s)
GET_ROWS: 22 x 2.634 us = 57.96 us
GLU: 29 x 38.689 us = 1122 us
MUL: 44 x 10.388 us = 457.08 us
MUL_MAT f32 m=64 n=1024 k=64: 16 x 8.937 us = 143 us (931.253 GFLOPS/s)
MUL_MAT f32 m=64 n=4096 k=64: 16 x 14.12 us = 225.92 us (2357.81 GFLOPS/s)
MUL_MAT q4_0_rocmfp4_fast m=10752 n=128 k=2048: 58 x 423.539 us = 24565.3 us (13306.4 GFLOPS/s)
MUL_MAT q4_0_rocmfp4_fast m=2048 n=128 k=10752: 29 x 572.819 us = 16611.8 us (9840.59 GFLOPS/s)
MUL_MAT q4_0_rocmfp4_fast m=2048 n=128 k=2048: 16 x 102.627 us = 1642.04 us (10460 GFLOPS/s)
MUL_MAT q4_0_rocmfp4_fast m=2048 n=32 k=2048 batch=4: 22 x 144.045 us = 3169 us (7452.37 GFLOPS/s)
MUL_MAT q4_0_rocmfp4_fast m=512 n=128 k=2048: 16 x 43.175 us = 690.8 us (6215.86 GFLOPS/s)
MUL_MAT q4_0_rocmfp4_fast m=6144 n=32 k=2048 batch=4: 22 x 357.056 us = 7855.24 us (9019.41 GFLOPS/s)
RMS_NORM_MUL RMS_NORM(2048,128,1,1): 59 x 10.547 us = 622.32 us
RMS_NORM_MUL_ROPE RMS_NORM(64,32,128,1): 8 x 102.5 us = 820 us
RMS_NORM_MUL_ROPE RMS_NORM(64,8,128,1): 8 x 27.97 us = 223.76 us
SET_ROWS: 16 x 2.66 us = 42.56 us
SSM_CONV: 22 x 9.629 us = 211.84 us
Total time: 70968.2 us.
----------------
Vulkan Timings:
ADD: 58 x 8.428 us = 488.84 us
CONCAT: 22 x 21.38 us = 470.36 us
CPY: 22 x 3.783 us = 83.24 us
FLASH_ATTN_EXT dst(64,32,32,4),  q(64,32,32,4),  k(64,6400,8,4),  v(64,6400,8,4),  m(6400,32,1,4): 8 x 1440.68 us = 11525.5 us (4658.12 GFLOPS/s)
GET_ROWS: 22 x 2.538 us = 55.84 us
GLU: 29 x 38.44 us = 1114.76 us
MUL: 44 x 10.117 us = 445.16 us
MUL_MAT f32 m=64 n=1024 k=64: 16 x 8.915 us = 142.64 us (933.603 GFLOPS/s)
MUL_MAT f32 m=64 n=4096 k=64: 16 x 14.232 us = 227.72 us (2339.17 GFLOPS/s)
MUL_MAT q4_0_rocmfp4_fast m=10752 n=128 k=2048: 58 x 421.077 us = 24422.5 us (13384.2 GFLOPS/s)
MUL_MAT q4_0_rocmfp4_fast m=2048 n=128 k=10752: 29 x 572.811 us = 16611.5 us (9840.74 GFLOPS/s)
MUL_MAT q4_0_rocmfp4_fast m=2048 n=128 k=2048: 16 x 101.397 us = 1622.36 us (10586.8 GFLOPS/s)
MUL_MAT q4_0_rocmfp4_fast m=2048 n=32 k=2048 batch=4: 22 x 140.26 us = 3085.72 us (7653.5 GFLOPS/s)
MUL_MAT q4_0_rocmfp4_fast m=512 n=128 k=2048: 16 x 43.055 us = 688.88 us (6233.19 GFLOPS/s)
MUL_MAT q4_0_rocmfp4_fast m=6144 n=32 k=2048 batch=4: 22 x 352.625 us = 7757.76 us (9132.75 GFLOPS/s)
RMS_NORM_MUL RMS_NORM(2048,128,1,1): 59 x 10.486 us = 618.68 us
RMS_NORM_MUL_ROPE RMS_NORM(64,32,128,1): 8 x 106.28 us = 850.24 us
RMS_NORM_MUL_ROPE RMS_NORM(64,8,128,1): 8 x 28.665 us = 229.32 us
SET_ROWS: 16 x 2.642 us = 42.28 us
SSM_CONV: 22 x 9.654 us = 212.4 us
Total time: 70695.7 us.
0.23.486.919 I slot print_timing: id  0 | task 5 | prompt processing, n_tokens =   6144, progress = 0.75, t =  13.32 s / 461.32 tokens per second
0.23.486.960 I slot print_timing: id  1 | task 4 | prompt processing, n_tokens =   6144, progress = 0.75, t =  13.32 s / 461.32 tokens per second
0.23.486.990 I slot print_timing: id  2 | task 3 | prompt processing, n_tokens =   6144, progress = 0.75, t =  13.32 s / 461.32 tokens per second
0.23.487.022 I slot print_timing: id  3 | task 1 | prompt processing, n_tokens =   6272, progress = 0.77, t =  13.39 s / 468.25 tokens per second
----------------
Vulkan Timings:
ADD: 58 x 8.22 us = 476.8 us
CONCAT: 22 x 24.041 us = 528.92 us
CPY: 22 x 3.785 us = 83.28 us
FLASH_ATTN_EXT dst(64,32,32,4),  q(64,32,32,4),  k(64,6400,8,4),  v(64,6400,8,4),  m(6400,32,1,4): 8 x 1451.19 us = 11609.5 us (4624.4 GFLOPS/s)
GET_ROWS: 22 x 2.754 us = 60.6 us
GLU: 29 x 39.084 us = 1133.44 us
MUL: 44 x 9.847 us = 433.28 us
MUL_MAT f32 m=64 n=1024 k=64: 16 x 8.91 us = 142.56 us (934.127 GFLOPS/s)
MUL_MAT f32 m=64 n=4096 k=64: 16 x 14.107 us = 225.72 us (2359.9 GFLOPS/s)
MUL_MAT q4_0_rocmfp4_fast m=10752 n=128 k=2048: 58 x 424.273 us = 24607.9 us (13283.3 GFLOPS/s)
MUL_MAT q4_0_rocmfp4_fast m=2048 n=128 k=10752: 29 x 573.641 us = 16635.6 us (9826.49 GFLOPS/s)
MUL_MAT q4_0_rocmfp4_fast m=2048 n=128 k=2048: 16 x 102.507 us = 1640.12 us (10472.2 GFLOPS/s)
MUL_MAT q4_0_rocmfp4_fast m=2048 n=32 k=2048 batch=4: 22 x 141.458 us = 3112.08 us (7588.67 GFLOPS/s)
MUL_MAT q4_0_rocmfp4_fast m=512 n=128 k=2048: 16 x 40.717 us = 651.48 us (6591.02 GFLOPS/s)
MUL_MAT q4_0_rocmfp4_fast m=6144 n=32 k=2048 batch=4: 22 x 352.634 us = 7757.96 us (9132.51 GFLOPS/s)
RMS_NORM_MUL RMS_NORM(2048,128,1,1): 59 x 10.658 us = 628.84 us
RMS_NORM_MUL_ROPE RMS_NORM(64,32,128,1): 8 x 102.485 us = 819.88 us
RMS_NORM_MUL_ROPE RMS_NORM(64,8,128,1): 8 x 29.425 us = 235.4 us
SET_ROWS: 16 x 2.867 us = 45.88 us
SSM_CONV: 22 x 9.694 us = 213.28 us
Total time: 71042.5 us.
----------------
Vulkan Timings:
ADD: 58 x 7.714 us = 447.44 us
CONCAT: 22 x 22.705 us = 499.52 us
CPY: 22 x 3.807 us = 83.76 us
FLASH_ATTN_EXT dst(64,32,32,4),  q(64,32,32,4),  k(64,6400,8,4),  v(64,6400,8,4),  m(6400,32,1,4): 8 x 1467.47 us = 11739.8 us (4573.1 GFLOPS/s)
GET_ROWS: 22 x 2.592 us = 57.04 us
GLU: 29 x 38.511 us = 1116.84 us
MUL: 44 x 10.638 us = 468.08 us
MUL_MAT f32 m=64 n=1024 k=64: 16 x 8.94 us = 143.04 us (930.992 GFLOPS/s)
MUL_MAT f32 m=64 n=4096 k=64: 16 x 14.167 us = 226.68 us (2349.91 GFLOPS/s)
MUL_MAT q4_0_rocmfp4_fast m=10752 n=128 k=2048: 58 x 423.795 us = 24580.1 us (13298.3 GFLOPS/s)
MUL_MAT q4_0_rocmfp4_fast m=2048 n=128 k=10752: 29 x 572.502 us = 16602.6 us (9846.05 GFLOPS/s)
MUL_MAT q4_0_rocmfp4_fast m=2048 n=128 k=2048: 16 x 104.062 us = 1665 us (10315.7 GFLOPS/s)
MUL_MAT q4_0_rocmfp4_fast m=2048 n=32 k=2048 batch=4: 22 x 140.896 us = 3099.72 us (7618.93 GFLOPS/s)
MUL_MAT q4_0_rocmfp4_fast m=512 n=128 k=2048: 16 x 42.972 us = 687.56 us (6245.15 GFLOPS/s)
MUL_MAT q4_0_rocmfp4_fast m=6144 n=32 k=2048 batch=4: 22 x 349.26 us = 7683.72 us (9220.75 GFLOPS/s)
RMS_NORM_MUL RMS_NORM(2048,128,1,1): 59 x 10.708 us = 631.8 us
RMS_NORM_MUL_ROPE RMS_NORM(64,32,128,1): 8 x 101.275 us = 810.2 us
RMS_NORM_MUL_ROPE RMS_NORM(64,8,128,1): 8 x 27.55 us = 220.4 us
SET_ROWS: 16 x 2.667 us = 42.68 us
SSM_CONV: 22 x 9.676 us = 212.88 us
Total time: 71018.8 us.
----------------
Vulkan Timings:
ADD: 58 x 7.992 us = 463.56 us
CONCAT: 22 x 22.987 us = 505.72 us
CPY: 22 x 3.805 us = 83.72 us
FLASH_ATTN_EXT dst(64,32,32,4),  q(64,32,32,4),  k(64,6400,8,4),  v(64,6400,8,4),  m(6400,32,1,4): 8 x 1471.66 us = 11773.3 us (4560.06 GFLOPS/s)
GET_ROWS: 22 x 2.6 us = 57.2 us
GLU: 29 x 40.735 us = 1181.32 us
MUL: 44 x 10.037 us = 441.64 us
MUL_MAT f32 m=64 n=1024 k=64: 16 x 8.97 us = 143.52 us (927.879 GFLOPS/s)
MUL_MAT f32 m=64 n=4096 k=64: 16 x 14.19 us = 227.04 us (2346.18 GFLOPS/s)
MUL_MAT q4_0_rocmfp4_fast m=10752 n=128 k=2048: 58 x 423.167 us = 24543.7 us (13318.1 GFLOPS/s)
MUL_MAT q4_0_rocmfp4_fast m=2048 n=128 k=10752: 29 x 575.217 us = 16681.3 us (9799.56 GFLOPS/s)
MUL_MAT q4_0_rocmfp4_fast m=2048 n=128 k=2048: 16 x 103.045 us = 1648.72 us (10417.6 GFLOPS/s)
MUL_MAT q4_0_rocmfp4_fast m=2048 n=32 k=2048 batch=4: 22 x 141.132 us = 3104.92 us (7606.17 GFLOPS/s)
MUL_MAT q4_0_rocmfp4_fast m=512 n=128 k=2048: 16 x 44.345 us = 709.52 us (6051.86 GFLOPS/s)
MUL_MAT q4_0_rocmfp4_fast m=6144 n=32 k=2048 batch=4: 22 x 353.045 us = 7767 us (9121.88 GFLOPS/s)
RMS_NORM_MUL RMS_NORM(2048,128,1,1): 59 x 10.509 us = 620.08 us
RMS_NORM_MUL_ROPE RMS_NORM(64,32,128,1): 8 x 105.905 us = 847.24 us
RMS_NORM_MUL_ROPE RMS_NORM(64,8,128,1): 8 x 31.245 us = 249.96 us
SET_ROWS: 16 x 2.667 us = 42.68 us
SSM_CONV: 22 x 9.678 us = 212.92 us
Total time: 71305.1 us.
----------------
Vulkan Timings:
ADD: 58 x 7.791 us = 451.88 us
CONCAT: 22 x 24.63 us = 541.88 us
CPY: 22 x 3.807 us = 83.76 us
FLASH_ATTN_EXT dst(64,32,32,4),  q(64,32,32,4),  k(64,6400,8,4),  v(64,6400,8,4),  m(6400,32,1,4): 8 x 1491.48 us = 11931.8 us (4499.48 GFLOPS/s)
GET_ROWS: 22 x 2.57 us = 56.56 us
GLU: 29 x 40.027 us = 1160.8 us
MUL: 44 x 9.454 us = 416 us
MUL_MAT f32 m=64 n=1024 k=64: 16 x 8.93 us = 142.88 us (932.035 GFLOPS/s)
MUL_MAT f32 m=64 n=4096 k=64: 16 x 14.302 us = 228.84 us (2327.73 GFLOPS/s)
MUL_MAT q4_0_rocmfp4_fast m=10752 n=128 k=2048: 58 x 424.305 us = 24609.7 us (13282.3 GFLOPS/s)
MUL_MAT q4_0_rocmfp4_fast m=2048 n=128 k=10752: 29 x 570.256 us = 16537.4 us (9884.82 GFLOPS/s)
MUL_MAT q4_0_rocmfp4_fast m=2048 n=128 k=2048: 16 x 101.082 us = 1617.32 us (10619.8 GFLOPS/s)
MUL_MAT q4_0_rocmfp4_fast m=2048 n=32 k=2048 batch=4: 22 x 144.738 us = 3184.24 us (7416.7 GFLOPS/s)
MUL_MAT q4_0_rocmfp4_fast m=512 n=128 k=2048: 16 x 41.647 us = 666.36 us (6443.84 GFLOPS/s)
MUL_MAT q4_0_rocmfp4_fast m=6144 n=32 k=2048 batch=4: 22 x 356.396 us = 7840.72 us (9036.12 GFLOPS/s)
RMS_NORM_MUL RMS_NORM(2048,128,1,1): 59 x 10.511 us = 620.16 us
RMS_NORM_MUL_ROPE RMS_NORM(64,32,128,1): 8 x 100.585 us = 804.68 us
RMS_NORM_MUL_ROPE RMS_NORM(64,8,128,1): 8 x 27.565 us = 220.52 us
SET_ROWS: 16 x 2.74 us = 43.84 us
SSM_CONV: 22 x 9.641 us = 212.12 us
Total time: 71371.6 us.
0.23.786.921 I slot print_timing: id  0 | task 5 | prompt processing, n_tokens =   6272, progress = 0.77, t =  13.62 s / 460.55 tokens per second
0.23.786.955 I slot print_timing: id  1 | task 4 | prompt processing, n_tokens =   6272, progress = 0.77, t =  13.62 s / 460.55 tokens per second
0.23.786.978 I slot print_timing: id  2 | task 3 | prompt processing, n_tokens =   6272, progress = 0.77, t =  13.62 s / 460.56 tokens per second
0.23.787.006 I slot print_timing: id  3 | task 1 | prompt processing, n_tokens =   6400, progress = 0.78, t =  13.69 s / 467.34 tokens per second
----------------
Vulkan Timings:
ADD: 58 x 8.617 us = 499.8 us
CONCAT: 22 x 21.44 us = 471.68 us
CPY: 22 x 3.812 us = 83.88 us
FLASH_ATTN_EXT dst(64,32,32,4),  q(64,32,32,4),  k(64,6656,8,4),  v(64,6656,8,4),  m(6656,32,1,4): 8 x 1499.77 us = 11998.2 us (4653.59 GFLOPS/s)
GET_ROWS: 22 x 2.601 us = 57.24 us
GLU: 29 x 40.067 us = 1161.96 us
MUL: 44 x 9.64 us = 424.16 us
MUL_MAT f32 m=64 n=1024 k=64: 16 x 8.877 us = 142.04 us (937.547 GFLOPS/s)
MUL_MAT f32 m=64 n=4096 k=64: 16 x 14.262 us = 228.2 us (2334.25 GFLOPS/s)
MUL_MAT q4_0_rocmfp4_fast m=10752 n=128 k=2048: 58 x 425.08 us = 24654.6 us (13258.1 GFLOPS/s)
MUL_MAT q4_0_rocmfp4_fast m=2048 n=128 k=10752: 29 x 577.307 us = 16741.9 us (9764.09 GFLOPS/s)
MUL_MAT q4_0_rocmfp4_fast m=2048 n=128 k=2048: 16 x 99.595 us = 1593.52 us (10778.4 GFLOPS/s)
MUL_MAT q4_0_rocmfp4_fast m=2048 n=32 k=2048 batch=4: 22 x 143.305 us = 3152.72 us (7490.85 GFLOPS/s)
MUL_MAT q4_0_rocmfp4_fast m=512 n=128 k=2048: 16 x 43.295 us = 692.72 us (6198.64 GFLOPS/s)
MUL_MAT q4_0_rocmfp4_fast m=6144 n=32 k=2048 batch=4: 22 x 353.705 us = 7781.52 us (9104.86 GFLOPS/s)
RMS_NORM_MUL RMS_NORM(2048,128,1,1): 59 x 10.698 us = 631.24 us
RMS_NORM_MUL_ROPE RMS_NORM(64,32,128,1): 8 x 107.63 us = 861.04 us
RMS_NORM_MUL_ROPE RMS_NORM(64,8,128,1): 8 x 31.225 us = 249.8 us
SET_ROWS: 16 x 2.915 us = 46.64 us
SSM_CONV: 22 x 9.681 us = 213 us
Total time: 71685.9 us.
----------------
Vulkan Timings:
ADD: 58 x 8.175 us = 474.16 us
CONCAT: 22 x 21.381 us = 470.4 us
CPY: 22 x 3.798 us = 83.56 us
FLASH_ATTN_EXT dst(64,32,32,4),  q(64,32,32,4),  k(64,6656,8,4),  v(64,6656,8,4),  m(6656,32,1,4): 8 x 1523.12 us = 12185 us (4582.24 GFLOPS/s)
GET_ROWS: 22 x 2.603 us = 57.28 us
GLU: 29 x 39.23 us = 1137.68 us
MUL: 44 x 10.234 us = 450.32 us
MUL_MAT f32 m=64 n=1024 k=64: 16 x 8.92 us = 142.72 us (933.08 GFLOPS/s)
MUL_MAT f32 m=64 n=4096 k=64: 16 x 14.192 us = 227.08 us (2345.77 GFLOPS/s)
MUL_MAT q4_0_rocmfp4_fast m=10752 n=128 k=2048: 58 x 423.72 us = 24575.8 us (13300.7 GFLOPS/s)
MUL_MAT q4_0_rocmfp4_fast m=2048 n=128 k=10752: 29 x 573.66 us = 16636.2 us (9826.16 GFLOPS/s)
MUL_MAT q4_0_rocmfp4_fast m=2048 n=128 k=2048: 16 x 103.02 us = 1648.32 us (10420.1 GFLOPS/s)
MUL_MAT q4_0_rocmfp4_fast m=2048 n=32 k=2048 batch=4: 22 x 140.254 us = 3085.6 us (7653.8 GFLOPS/s)
MUL_MAT q4_0_rocmfp4_fast m=512 n=128 k=2048: 16 x 42.87 us = 685.92 us (6260.09 GFLOPS/s)
MUL_MAT q4_0_rocmfp4_fast m=6144 n=32 k=2048 batch=4: 22 x 352.703 us = 7759.48 us (9130.72 GFLOPS/s)
RMS_NORM_MUL RMS_NORM(2048,128,1,1): 59 x 10.524 us = 620.96 us
RMS_NORM_MUL_ROPE RMS_NORM(64,32,128,1): 8 x 104.29 us = 834.32 us
RMS_NORM_MUL_ROPE RMS_NORM(64,8,128,1): 8 x 31.275 us = 250.2 us
SET_ROWS: 16 x 2.657 us = 42.52 us
SSM_CONV: 22 x 9.685 us = 213.08 us
Total time: 71580.5 us.
----------------
Vulkan Timings:
ADD: 58 x 8.388 us = 486.52 us
CONCAT: 22 x 22.518 us = 495.4 us
CPY: 22 x 3.765 us = 82.84 us
FLASH_ATTN_EXT dst(64,32,32,4),  q(64,32,32,4),  k(64,6656,8,4),  v(64,6656,8,4),  m(6656,32,1,4): 8 x 1515.17 us = 12121.4 us (4606.3 GFLOPS/s)
GET_ROWS: 22 x 3.514 us = 77.32 us
GLU: 29 x 39.546 us = 1146.84 us
MUL: 44 x 9.848 us = 433.32 us
MUL_MAT f32 m=64 n=1024 k=64: 16 x 8.997 us = 143.96 us (925.043 GFLOPS/s)
MUL_MAT f32 m=64 n=4096 k=64: 16 x 14.202 us = 227.24 us (2344.11 GFLOPS/s)
MUL_MAT q4_0_rocmfp4_fast m=10752 n=128 k=2048: 58 x 421.671 us = 24457 us (13365.3 GFLOPS/s)
MUL_MAT q4_0_rocmfp4_fast m=2048 n=128 k=10752: 29 x 576.04 us = 16705.2 us (9785.57 GFLOPS/s)
MUL_MAT q4_0_rocmfp4_fast m=2048 n=128 k=2048: 16 x 101.75 us = 1628 us (10550.2 GFLOPS/s)
MUL_MAT q4_0_rocmfp4_fast m=2048 n=32 k=2048 batch=4: 22 x 144.469 us = 3178.32 us (7430.51 GFLOPS/s)
MUL_MAT q4_0_rocmfp4_fast m=512 n=128 k=2048: 16 x 40.68 us = 650.88 us (6597.1 GFLOPS/s)
MUL_MAT q4_0_rocmfp4_fast m=6144 n=32 k=2048 batch=4: 22 x 355 us = 7810 us (9071.66 GFLOPS/s)
RMS_NORM_MUL RMS_NORM(2048,128,1,1): 59 x 11.05 us = 652 us
RMS_NORM_MUL_ROPE RMS_NORM(64,32,128,1): 8 x 104.755 us = 838.04 us
RMS_NORM_MUL_ROPE RMS_NORM(64,8,128,1): 8 x 28.035 us = 224.28 us
SET_ROWS: 16 x 2.652 us = 42.44 us
SSM_CONV: 22 x 9.701 us = 213.44 us
Total time: 71614.3 us.
----------------
Vulkan Timings:
ADD: 58 x 7.703 us = 446.8 us
CONCAT: 22 x 22.974 us = 505.44 us
CPY: 22 x 3.761 us = 82.76 us
FLASH_ATTN_EXT dst(64,32,32,4),  q(64,32,32,4),  k(64,6656,8,4),  v(64,6656,8,4),  m(6656,32,1,4): 8 x 1544.93 us = 12359.4 us (4517.57 GFLOPS/s)
GET_ROWS: 22 x 2.589 us = 56.96 us
GLU: 29 x 38.115 us = 1105.36 us
MUL: 44 x 10.232 us = 450.24 us
MUL_MAT f32 m=64 n=1024 k=64: 16 x 8.965 us = 143.44 us (928.396 GFLOPS/s)
MUL_MAT f32 m=64 n=4096 k=64: 16 x 14.272 us = 228.36 us (2332.62 GFLOPS/s)
MUL_MAT q4_0_rocmfp4_fast m=10752 n=128 k=2048: 58 x 423.497 us = 24562.9 us (13307.7 GFLOPS/s)
MUL_MAT q4_0_rocmfp4_fast m=2048 n=128 k=10752: 29 x 571.582 us = 16575.9 us (9861.9 GFLOPS/s)
MUL_MAT q4_0_rocmfp4_fast m=2048 n=128 k=2048: 16 x 103.01 us = 1648.16 us (10421.1 GFLOPS/s)
MUL_MAT q4_0_rocmfp4_fast m=2048 n=32 k=2048 batch=4: 22 x 144.005 us = 3168.12 us (7454.44 GFLOPS/s)
MUL_MAT q4_0_rocmfp4_fast m=512 n=128 k=2048: 16 x 42.807 us = 684.92 us (6269.23 GFLOPS/s)
MUL_MAT q4_0_rocmfp4_fast m=6144 n=32 k=2048 batch=4: 22 x 352.705 us = 7759.52 us (9130.68 GFLOPS/s)
RMS_NORM_MUL RMS_NORM(2048,128,1,1): 59 x 10.496 us = 619.32 us
RMS_NORM_MUL_ROPE RMS_NORM(64,32,128,1): 8 x 103.77 us = 830.16 us
RMS_NORM_MUL_ROPE RMS_NORM(64,8,128,1): 8 x 29.365 us = 234.92 us
SET_ROWS: 16 x 2.662 us = 42.6 us
SSM_CONV: 22 x 9.652 us = 212.36 us
Total time: 71717.6 us.
0.24.091.028 I slot print_timing: id  0 | task 5 | prompt processing, n_tokens =   6400, progress = 0.78, t =  13.92 s / 459.69 tokens per second
0.24.091.062 I slot print_timing: id  1 | task 4 | prompt processing, n_tokens =   6400, progress = 0.78, t =  13.92 s / 459.69 tokens per second
0.24.091.088 I slot print_timing: id  2 | task 3 | prompt processing, n_tokens =   6400, progress = 0.78, t =  13.92 s / 459.69 tokens per second
0.24.091.116 I slot print_timing: id  3 | task 1 | prompt processing, n_tokens =   6528, progress = 0.80, t =  14.00 s / 466.33 tokens per second
----------------
Vulkan Timings:
ADD: 58 x 7.846 us = 455.08 us
CONCAT: 22 x 22.312 us = 490.88 us
CPY: 22 x 3.8 us = 83.6 us
FLASH_ATTN_EXT dst(64,32,32,4),  q(64,32,32,4),  k(64,6656,8,4),  v(64,6656,8,4),  m(6656,32,1,4): 8 x 1528.78 us = 12230.2 us (4565.3 GFLOPS/s)
GET_ROWS: 22 x 2.565 us = 56.44 us
GLU: 29 x 38.798 us = 1125.16 us
MUL: 44 x 10.057 us = 442.52 us
MUL_MAT f32 m=64 n=1024 k=64: 16 x 8.912 us = 142.6 us (933.865 GFLOPS/s)
MUL_MAT f32 m=64 n=4096 k=64: 16 x 14.312 us = 229 us (2326.1 GFLOPS/s)
MUL_MAT q4_0_rocmfp4_fast m=10752 n=128 k=2048: 58 x 423.64 us = 24571.1 us (13303.2 GFLOPS/s)
MUL_MAT q4_0_rocmfp4_fast m=2048 n=128 k=10752: 29 x 572.166 us = 16592.8 us (9851.82 GFLOPS/s)
MUL_MAT q4_0_rocmfp4_fast m=2048 n=128 k=2048: 16 x 103.842 us = 1661.48 us (10337.6 GFLOPS/s)
MUL_MAT q4_0_rocmfp4_fast m=2048 n=32 k=2048 batch=4: 22 x 142.989 us = 3145.76 us (7507.42 GFLOPS/s)
MUL_MAT q4_0_rocmfp4_fast m=512 n=128 k=2048: 16 x 42.332 us = 677.32 us (6339.57 GFLOPS/s)
MUL_MAT q4_0_rocmfp4_fast m=6144 n=32 k=2048 batch=4: 22 x 356.198 us = 7836.36 us (9041.14 GFLOPS/s)
RMS_NORM_MUL RMS_NORM(2048,128,1,1): 59 x 10.501 us = 619.6 us
RMS_NORM_MUL_ROPE RMS_NORM(64,32,128,1): 8 x 102.465 us = 819.72 us
RMS_NORM_MUL_ROPE RMS_NORM(64,8,128,1): 8 x 29.38 us = 235.04 us
SET_ROWS: 16 x 2.642 us = 42.28 us
SSM_CONV: 22 x 9.681 us = 213 us
Total time: 71670 us.
----------------
Vulkan Timings:
ADD: 58 x 8.057 us = 467.32 us
CONCAT: 22 x 22.123 us = 486.72 us
CPY: 22 x 3.785 us = 83.28 us
FLASH_ATTN_EXT dst(64,32,32,4),  q(64,32,32,4),  k(64,6656,8,4),  v(64,6656,8,4),  m(6656,32,1,4): 8 x 1522.38 us = 12179 us (4584.5 GFLOPS/s)
GET_ROWS: 22 x 2.563 us = 56.4 us
GLU: 29 x 40.674 us = 1179.56 us
MUL: 44 x 10.034 us = 441.52 us
MUL_MAT f32 m=64 n=1024 k=64: 16 x 8.9 us = 142.4 us (935.177 GFLOPS/s)
MUL_MAT f32 m=64 n=4096 k=64: 16 x 14.27 us = 228.32 us (2333.03 GFLOPS/s)
MUL_MAT q4_0_rocmfp4_fast m=10752 n=128 k=2048: 58 x 424.945 us = 24646.8 us (13262.3 GFLOPS/s)
MUL_MAT q4_0_rocmfp4_fast m=2048 n=128 k=10752: 29 x 573.613 us = 16634.8 us (9826.96 GFLOPS/s)
MUL_MAT q4_0_rocmfp4_fast m=2048 n=128 k=2048: 16 x 105.277 us = 1684.44 us (10196.7 GFLOPS/s)
MUL_MAT q4_0_rocmfp4_fast m=2048 n=32 k=2048 batch=4: 22 x 142.496 us = 3134.92 us (7533.38 GFLOPS/s)
MUL_MAT q4_0_rocmfp4_fast m=512 n=128 k=2048: 16 x 41.18 us = 658.88 us (6517 GFLOPS/s)
MUL_MAT q4_0_rocmfp4_fast m=6144 n=32 k=2048 batch=4: 22 x 350.276 us = 7706.08 us (9193.99 GFLOPS/s)
RMS_NORM_MUL RMS_NORM(2048,128,1,1): 59 x 10.499 us = 619.48 us
RMS_NORM_MUL_ROPE RMS_NORM(64,32,128,1): 8 x 102.38 us = 819.04 us
RMS_NORM_MUL_ROPE RMS_NORM(64,8,128,1): 8 x 29.42 us = 235.36 us
SET_ROWS: 16 x 2.74 us = 43.84 us
SSM_CONV: 22 x 9.698 us = 213.36 us
Total time: 71661.6 us.
----------------
Vulkan Timings:
ADD: 58 x 7.906 us = 458.56 us
CONCAT: 22 x 23.649 us = 520.28 us
CPY: 22 x 3.803 us = 83.68 us
FLASH_ATTN_EXT dst(64,32,32,4),  q(64,32,32,4),  k(64,6656,8,4),  v(64,6656,8,4),  m(6656,32,1,4): 8 x 1544.49 us = 12356 us (4518.84 GFLOPS/s)
GET_ROWS: 22 x 2.627 us = 57.8 us
GLU: 29 x 39.395 us = 1142.48 us
MUL: 44 x 9.988 us = 439.48 us
MUL_MAT f32 m=64 n=1024 k=64: 16 x 8.945 us = 143.12 us (930.472 GFLOPS/s)
MUL_MAT f32 m=64 n=4096 k=64: 16 x 14.167 us = 226.68 us (2349.91 GFLOPS/s)
MUL_MAT q4_0_rocmfp4_fast m=10752 n=128 k=2048: 58 x 422.62 us = 24512 us (13335.3 GFLOPS/s)
MUL_MAT q4_0_rocmfp4_fast m=2048 n=128 k=10752: 29 x 575.2 us = 16680.8 us (9799.87 GFLOPS/s)
MUL_MAT q4_0_rocmfp4_fast m=2048 n=128 k=2048: 16 x 99.342 us = 1589.48 us (10805.8 GFLOPS/s)
MUL_MAT q4_0_rocmfp4_fast m=2048 n=32 k=2048 batch=4: 22 x 142.461 us = 3134.16 us (7535.21 GFLOPS/s)
MUL_MAT q4_0_rocmfp4_fast m=512 n=128 k=2048: 16 x 43.047 us = 688.76 us (6234.27 GFLOPS/s)
MUL_MAT q4_0_rocmfp4_fast m=6144 n=32 k=2048 batch=4: 22 x 357.332 us = 7861.32 us (9012.44 GFLOPS/s)
RMS_NORM_MUL RMS_NORM(2048,128,1,1): 59 x 10.52 us = 620.72 us
RMS_NORM_MUL_ROPE RMS_NORM(64,32,128,1): 8 x 102.885 us = 823.08 us
RMS_NORM_MUL_ROPE RMS_NORM(64,8,128,1): 8 x 29.43 us = 235.44 us
SET_ROWS: 16 x 2.66 us = 42.56 us
SSM_CONV: 22 x 9.7 us = 213.4 us
Total time: 71829.8 us.
----------------
Vulkan Timings:
ADD: 58 x 7.437 us = 431.36 us
CONCAT: 22 x 22.138 us = 487.04 us
CPY: 22 x 3.789 us = 83.36 us
FLASH_ATTN_EXT dst(64,32,32,4),  q(64,32,32,4),  k(64,6656,8,4),  v(64,6656,8,4),  m(6656,32,1,4): 8 x 1540.03 us = 12320.2 us (4531.94 GFLOPS/s)
GET_ROWS: 22 x 2.57 us = 56.56 us
GLU: 29 x 40.499 us = 1174.48 us
MUL: 44 x 10.337 us = 454.84 us
MUL_MAT f32 m=64 n=1024 k=64: 16 x 8.967 us = 143.48 us (928.137 GFLOPS/s)
MUL_MAT f32 m=64 n=4096 k=64: 16 x 14.162 us = 226.6 us (2350.74 GFLOPS/s)
MUL_MAT q4_0_rocmfp4_fast m=10752 n=128 k=2048: 58 x 426.1 us = 24713.8 us (13226.4 GFLOPS/s)
MUL_MAT q4_0_rocmfp4_fast m=2048 n=128 k=10752: 29 x 574.606 us = 16663.6 us (9809.98 GFLOPS/s)
MUL_MAT q4_0_rocmfp4_fast m=2048 n=128 k=2048: 16 x 101.837 us = 1629.4 us (10541.1 GFLOPS/s)
MUL_MAT q4_0_rocmfp4_fast m=2048 n=32 k=2048 batch=4: 22 x 143.009 us = 3146.2 us (7506.37 GFLOPS/s)
MUL_MAT q4_0_rocmfp4_fast m=512 n=128 k=2048: 16 x 42.325 us = 677.2 us (6340.7 GFLOPS/s)
MUL_MAT q4_0_rocmfp4_fast m=6144 n=32 k=2048 batch=4: 22 x 354.809 us = 7805.8 us (9076.54 GFLOPS/s)
RMS_NORM_MUL RMS_NORM(2048,128,1,1): 59 x 10.482 us = 618.44 us
RMS_NORM_MUL_ROPE RMS_NORM(64,32,128,1): 8 x 102.435 us = 819.48 us
RMS_NORM_MUL_ROPE RMS_NORM(64,8,128,1): 8 x 31.285 us = 250.28 us
SET_ROWS: 16 x 2.642 us = 42.28 us
SSM_CONV: 22 x 9.616 us = 211.56 us
Total time: 71956 us.
0.24.393.105 I slot print_timing: id  0 | task 5 | prompt processing, n_tokens =   6528, progress = 0.80, t =  14.22 s / 458.92 tokens per second
0.24.393.148 I slot print_timing: id  1 | task 4 | prompt processing, n_tokens =   6528, progress = 0.80, t =  14.22 s / 458.93 tokens per second
0.24.393.180 I slot print_timing: id  2 | task 3 | prompt processing, n_tokens =   6528, progress = 0.80, t =  14.22 s / 458.93 tokens per second
0.24.393.213 I slot print_timing: id  3 | task 1 | prompt processing, n_tokens =   6656, progress = 0.81, t =  14.30 s / 465.43 tokens per second
----------------
Vulkan Timings:
ADD: 58 x 8.515 us = 493.92 us
CONCAT: 22 x 23.61 us = 519.44 us
CPY: 22 x 3.7 us = 81.4 us
FLASH_ATTN_EXT dst(64,32,32,4),  q(64,32,32,4),  k(64,6912,8,4),  v(64,6912,8,4),  m(6912,32,1,4): 8 x 1534.26 us = 12274 us (4723.96 GFLOPS/s)
GET_ROWS: 22 x 2.545 us = 56 us
GLU: 29 x 39.022 us = 1131.64 us
MUL: 44 x 9.93 us = 436.96 us
MUL_MAT f32 m=64 n=1024 k=64: 16 x 8.897 us = 142.36 us (935.439 GFLOPS/s)
MUL_MAT f32 m=64 n=4096 k=64: 16 x 14.217 us = 227.48 us (2341.64 GFLOPS/s)
MUL_MAT q4_0_rocmfp4_fast m=10752 n=128 k=2048: 58 x 426.342 us = 24727.9 us (13218.9 GFLOPS/s)
MUL_MAT q4_0_rocmfp4_fast m=2048 n=128 k=10752: 29 x 570.635 us = 16548.4 us (9878.25 GFLOPS/s)
MUL_MAT q4_0_rocmfp4_fast m=2048 n=128 k=2048: 16 x 103.602 us = 1657.64 us (10361.5 GFLOPS/s)
MUL_MAT q4_0_rocmfp4_fast m=2048 n=32 k=2048 batch=4: 22 x 141.725 us = 3117.96 us (7574.36 GFLOPS/s)
MUL_MAT q4_0_rocmfp4_fast m=512 n=128 k=2048: 16 x 41.637 us = 666.2 us (6445.39 GFLOPS/s)
MUL_MAT q4_0_rocmfp4_fast m=6144 n=32 k=2048 batch=4: 22 x 352.805 us = 7761.72 us (9128.09 GFLOPS/s)
RMS_NORM_MUL RMS_NORM(2048,128,1,1): 59 x 10.547 us = 622.28 us
RMS_NORM_MUL_ROPE RMS_NORM(64,32,128,1): 8 x 106.765 us = 854.12 us
RMS_NORM_MUL_ROPE RMS_NORM(64,8,128,1): 8 x 31.255 us = 250.04 us
SET_ROWS: 16 x 2.655 us = 42.48 us
SSM_CONV: 22 x 9.683 us = 213.04 us
Total time: 71825 us.
----------------
Vulkan Timings:
ADD: 58 x 8.052 us = 467.04 us
CONCAT: 22 x 22.207 us = 488.56 us
CPY: 22 x 3.807 us = 83.76 us
FLASH_ATTN_EXT dst(64,32,32,4),  q(64,32,32,4),  k(64,6912,8,4),  v(64,6912,8,4),  m(6912,32,1,4): 8 x 1555.66 us = 12445.3 us (4658.94 GFLOPS/s)
GET_ROWS: 22 x 2.636 us = 58 us
GLU: 29 x 39.422 us = 1143.24 us
MUL: 44 x 10.201 us = 448.88 us
MUL_MAT f32 m=64 n=1024 k=64: 16 x 8.915 us = 142.64 us (933.603 GFLOPS/s)
MUL_MAT f32 m=64 n=4096 k=64: 16 x 14.205 us = 227.28 us (2343.7 GFLOPS/s)
MUL_MAT q4_0_rocmfp4_fast m=10752 n=128 k=2048: 58 x 426.304 us = 24725.7 us (13220 GFLOPS/s)
MUL_MAT q4_0_rocmfp4_fast m=2048 n=128 k=10752: 29 x 573.583 us = 16633.9 us (9827.48 GFLOPS/s)
MUL_MAT q4_0_rocmfp4_fast m=2048 n=128 k=2048: 16 x 100.692 us = 1611.08 us (10661 GFLOPS/s)
MUL_MAT q4_0_rocmfp4_fast m=2048 n=32 k=2048 batch=4: 22 x 140.149 us = 3083.28 us (7659.56 GFLOPS/s)
MUL_MAT q4_0_rocmfp4_fast m=512 n=128 k=2048: 16 x 41.607 us = 665.72 us (6450.04 GFLOPS/s)
MUL_MAT q4_0_rocmfp4_fast m=6144 n=32 k=2048 batch=4: 22 x 350.38 us = 7708.36 us (9191.28 GFLOPS/s)
RMS_NORM_MUL RMS_NORM(2048,128,1,1): 59 x 10.514 us = 620.36 us
RMS_NORM_MUL_ROPE RMS_NORM(64,32,128,1): 8 x 107.215 us = 857.72 us
RMS_NORM_MUL_ROPE RMS_NORM(64,8,128,1): 8 x 29.435 us = 235.48 us
SET_ROWS: 16 x 2.64 us = 42.24 us
SSM_CONV: 22 x 9.669 us = 212.72 us
Total time: 71901.3 us.
----------------
Vulkan Timings:
ADD: 58 x 8.336 us = 483.52 us
CONCAT: 22 x 23.069 us = 507.52 us
CPY: 22 x 3.767 us = 82.88 us
FLASH_ATTN_EXT dst(64,32,32,4),  q(64,32,32,4),  k(64,6912,8,4),  v(64,6912,8,4),  m(6912,32,1,4): 8 x 1552.21 us = 12417.7 us (4669.3 GFLOPS/s)
GET_ROWS: 22 x 2.565 us = 56.44 us
GLU: 29 x 39.765 us = 1153.2 us
MUL: 44 x 10.229 us = 450.08 us
MUL_MAT f32 m=64 n=1024 k=64: 16 x 8.937 us = 143 us (931.253 GFLOPS/s)
MUL_MAT f32 m=64 n=4096 k=64: 16 x 14.532 us = 232.52 us (2290.89 GFLOPS/s)
MUL_MAT q4_0_rocmfp4_fast m=10752 n=128 k=2048: 58 x 424.385 us = 24614.4 us (13279.8 GFLOPS/s)
MUL_MAT q4_0_rocmfp4_fast m=2048 n=128 k=10752: 29 x 572.725 us = 16609 us (9842.21 GFLOPS/s)
MUL_MAT q4_0_rocmfp4_fast m=2048 n=128 k=2048: 16 x 99.455 us = 1591.28 us (10793.6 GFLOPS/s)
MUL_MAT q4_0_rocmfp4_fast m=2048 n=32 k=2048 batch=4: 22 x 143.745 us = 3162.4 us (7467.92 GFLOPS/s)
MUL_MAT q4_0_rocmfp4_fast m=512 n=128 k=2048: 16 x 45.5 us = 728 us (5898.24 GFLOPS/s)
MUL_MAT q4_0_rocmfp4_fast m=6144 n=32 k=2048 batch=4: 22 x 352.952 us = 7764.96 us (9124.28 GFLOPS/s)
RMS_NORM_MUL RMS_NORM(2048,128,1,1): 59 x 10.498 us = 619.44 us
RMS_NORM_MUL_ROPE RMS_NORM(64,32,128,1): 8 x 102.42 us = 819.36 us
RMS_NORM_MUL_ROPE RMS_NORM(64,8,128,1): 8 x 29.415 us = 235.32 us
SET_ROWS: 16 x 2.675 us = 42.8 us
SSM_CONV: 22 x 9.701 us = 213.44 us
Total time: 71927.3 us.
----------------
Vulkan Timings:
ADD: 58 x 8.101 us = 469.88 us
CONCAT: 22 x 25.016 us = 550.36 us
CPY: 22 x 3.774 us = 83.04 us
FLASH_ATTN_EXT dst(64,32,32,4),  q(64,32,32,4),  k(64,6912,8,4),  v(64,6912,8,4),  m(6912,32,1,4): 8 x 1568.69 us = 12549.5 us (4620.26 GFLOPS/s)
GET_ROWS: 22 x 2.55 us = 56.12 us
GLU: 29 x 37.806 us = 1096.4 us
MUL: 44 x 10.053 us = 442.36 us
MUL_MAT f32 m=64 n=1024 k=64: 16 x 8.85 us = 141.6 us (940.46 GFLOPS/s)
MUL_MAT f32 m=64 n=4096 k=64: 16 x 14.165 us = 226.64 us (2350.32 GFLOPS/s)
MUL_MAT q4_0_rocmfp4_fast m=10752 n=128 k=2048: 58 x 424.051 us = 24595 us (13290.3 GFLOPS/s)
MUL_MAT q4_0_rocmfp4_fast m=2048 n=128 k=10752: 29 x 574.31 us = 16655 us (9815.05 GFLOPS/s)
MUL_MAT q4_0_rocmfp4_fast m=2048 n=128 k=2048: 16 x 102.53 us = 1640.48 us (10469.9 GFLOPS/s)
MUL_MAT q4_0_rocmfp4_fast m=2048 n=32 k=2048 batch=4: 22 x 143.956 us = 3167.04 us (7456.98 GFLOPS/s)
MUL_MAT q4_0_rocmfp4_fast m=512 n=128 k=2048: 16 x 43.742 us = 699.88 us (6135.22 GFLOPS/s)
MUL_MAT q4_0_rocmfp4_fast m=6144 n=32 k=2048 batch=4: 22 x 354.936 us = 7808.6 us (9073.29 GFLOPS/s)
RMS_NORM_MUL RMS_NORM(2048,128,1,1): 59 x 10.512 us = 620.24 us
RMS_NORM_MUL_ROPE RMS_NORM(64,32,128,1): 8 x 106.935 us = 855.48 us
RMS_NORM_MUL_ROPE RMS_NORM(64,8,128,1): 8 x 29.965 us = 239.72 us
SET_ROWS: 16 x 2.64 us = 42.24 us
SSM_CONV: 22 x 9.732 us = 214.12 us
Total time: 72153.7 us.
0.24.698.731 I slot print_timing: id  0 | task 5 | prompt processing, n_tokens =   6656, progress = 0.81, t =  14.53 s / 458.08 tokens per second
0.24.698.774 I slot print_timing: id  1 | task 4 | prompt processing, n_tokens =   6656, progress = 0.81, t =  14.53 s / 458.08 tokens per second
0.24.698.803 I slot print_timing: id  2 | task 3 | prompt processing, n_tokens =   6656, progress = 0.81, t =  14.53 s / 458.08 tokens per second
0.24.698.834 I slot print_timing: id  3 | task 1 | prompt processing, n_tokens =   6784, progress = 0.83, t =  14.61 s / 464.46 tokens per second
----------------
Vulkan Timings:
ADD: 58 x 7.918 us = 459.28 us
CONCAT: 22 x 21.429 us = 471.44 us
CPY: 22 x 3.796 us = 83.52 us
FLASH_ATTN_EXT dst(64,32,32,4),  q(64,32,32,4),  k(64,6912,8,4),  v(64,6912,8,4),  m(6912,32,1,4): 8 x 1570.55 us = 12564.4 us (4614.8 GFLOPS/s)
GET_ROWS: 22 x 2.621 us = 57.68 us
GLU: 29 x 38.644 us = 1120.68 us
MUL: 44 x 9.88 us = 434.72 us
MUL_MAT f32 m=64 n=1024 k=64: 16 x 8.952 us = 143.24 us (929.692 GFLOPS/s)
MUL_MAT f32 m=64 n=4096 k=64: 16 x 14.167 us = 226.68 us (2349.91 GFLOPS/s)
MUL_MAT q4_0_rocmfp4_fast m=10752 n=128 k=2048: 58 x 423.137 us = 24542 us (13319 GFLOPS/s)
MUL_MAT q4_0_rocmfp4_fast m=2048 n=128 k=10752: 29 x 572.962 us = 16615.9 us (9838.13 GFLOPS/s)
MUL_MAT q4_0_rocmfp4_fast m=2048 n=128 k=2048: 16 x 102.412 us = 1638.6 us (10481.9 GFLOPS/s)
MUL_MAT q4_0_rocmfp4_fast m=2048 n=32 k=2048 batch=4: 22 x 141.412 us = 3111.08 us (7591.11 GFLOPS/s)
MUL_MAT q4_0_rocmfp4_fast m=512 n=128 k=2048: 16 x 43.792 us = 700.68 us (6128.22 GFLOPS/s)
MUL_MAT q4_0_rocmfp4_fast m=6144 n=32 k=2048 batch=4: 22 x 356.798 us = 7849.56 us (9025.94 GFLOPS/s)
RMS_NORM_MUL RMS_NORM(2048,128,1,1): 59 x 10.522 us = 620.8 us
RMS_NORM_MUL_ROPE RMS_NORM(64,32,128,1): 8 x 102.405 us = 819.24 us
RMS_NORM_MUL_ROPE RMS_NORM(64,8,128,1): 8 x 29.415 us = 235.32 us
SET_ROWS: 16 x 2.635 us = 42.16 us
SSM_CONV: 22 x 9.64 us = 212.08 us
Total time: 71949 us.
----------------
Vulkan Timings:
ADD: 58 x 7.733 us = 448.52 us
CONCAT: 22 x 21.49 us = 472.8 us
CPY: 22 x 3.783 us = 83.24 us
FLASH_ATTN_EXT dst(64,32,32,4),  q(64,32,32,4),  k(64,6912,8,4),  v(64,6912,8,4),  m(6912,32,1,4): 8 x 1586.04 us = 12688.3 us (4569.72 GFLOPS/s)
GET_ROWS: 22 x 2.594 us = 57.08 us
GLU: 29 x 38.9 us = 1128.12 us
MUL: 44 x 9.649 us = 424.56 us
MUL_MAT f32 m=64 n=1024 k=64: 16 x 8.985 us = 143.76 us (926.33 GFLOPS/s)
MUL_MAT f32 m=64 n=4096 k=64: 16 x 14.32 us = 229.12 us (2324.88 GFLOPS/s)
MUL_MAT q4_0_rocmfp4_fast m=10752 n=128 k=2048: 58 x 424.862 us = 24642 us (13264.9 GFLOPS/s)
MUL_MAT q4_0_rocmfp4_fast m=2048 n=128 k=10752: 29 x 573.998 us = 16646 us (9820.38 GFLOPS/s)
MUL_MAT q4_0_rocmfp4_fast m=2048 n=128 k=2048: 16 x 98.745 us = 1579.92 us (10871.2 GFLOPS/s)
MUL_MAT q4_0_rocmfp4_fast m=2048 n=32 k=2048 batch=4: 22 x 146.107 us = 3214.36 us (7347.2 GFLOPS/s)
MUL_MAT q4_0_rocmfp4_fast m=512 n=128 k=2048: 16 x 45.02 us = 720.32 us (5961.13 GFLOPS/s)
MUL_MAT q4_0_rocmfp4_fast m=6144 n=32 k=2048 batch=4: 22 x 351.374 us = 7730.24 us (9165.26 GFLOPS/s)
RMS_NORM_MUL RMS_NORM(2048,128,1,1): 59 x 10.711 us = 631.96 us
RMS_NORM_MUL_ROPE RMS_NORM(64,32,128,1): 8 x 104.3 us = 834.4 us
RMS_NORM_MUL_ROPE RMS_NORM(64,8,128,1): 8 x 29.845 us = 238.76 us
SET_ROWS: 16 x 2.63 us = 42.08 us
SSM_CONV: 22 x 9.649 us = 212.28 us
Total time: 72167.8 us.
----------------
Vulkan Timings:
ADD: 58 x 7.387 us = 428.48 us
CONCAT: 22 x 22.936 us = 504.6 us
CPY: 22 x 3.785 us = 83.28 us
FLASH_ATTN_EXT dst(64,32,32,4),  q(64,32,32,4),  k(64,6912,8,4),  v(64,6912,8,4),  m(6912,32,1,4): 8 x 1589.77 us = 12718.1 us (4559.01 GFLOPS/s)
GET_ROWS: 22 x 2.572 us = 56.6 us
GLU: 29 x 39.495 us = 1145.36 us
MUL: 44 x 9.646 us = 424.44 us
MUL_MAT f32 m=64 n=1024 k=64: 16 x 8.995 us = 143.92 us (925.3 GFLOPS/s)
MUL_MAT f32 m=64 n=4096 k=64: 16 x 14.39 us = 230.24 us (2313.57 GFLOPS/s)
MUL_MAT q4_0_rocmfp4_fast m=10752 n=128 k=2048: 58 x 425.912 us = 24702.9 us (13232.2 GFLOPS/s)
MUL_MAT q4_0_rocmfp4_fast m=2048 n=128 k=10752: 29 x 575.267 us = 16682.8 us (9798.71 GFLOPS/s)
MUL_MAT q4_0_rocmfp4_fast m=2048 n=128 k=2048: 16 x 102.885 us = 1646.16 us (10433.8 GFLOPS/s)
MUL_MAT q4_0_rocmfp4_fast m=2048 n=32 k=2048 batch=4: 22 x 145.156 us = 3193.44 us (7395.33 GFLOPS/s)
MUL_MAT q4_0_rocmfp4_fast m=512 n=128 k=2048: 16 x 41.547 us = 664.76 us (6459.35 GFLOPS/s)
MUL_MAT q4_0_rocmfp4_fast m=6144 n=32 k=2048 batch=4: 22 x 353.989 us = 7787.76 us (9097.57 GFLOPS/s)
RMS_NORM_MUL RMS_NORM(2048,128,1,1): 59 x 10.707 us = 631.76 us
RMS_NORM_MUL_ROPE RMS_NORM(64,32,128,1): 8 x 104.21 us = 833.68 us
RMS_NORM_MUL_ROPE RMS_NORM(64,8,128,1): 8 x 31.41 us = 251.28 us
SET_ROWS: 16 x 2.65 us = 42.4 us
SSM_CONV: 22 x 9.652 us = 212.36 us
Total time: 72384.3 us.
----------------
Vulkan Timings:
ADD: 58 x 7.936 us = 460.32 us
CONCAT: 22 x 24.338 us = 535.44 us
CPY: 22 x 3.643 us = 80.16 us
FLASH_ATTN_EXT dst(64,32,32,4),  q(64,32,32,4),  k(64,6912,8,4),  v(64,6912,8,4),  m(6912,32,1,4): 8 x 1588.79 us = 12710.3 us (4561.82 GFLOPS/s)
GET_ROWS: 22 x 2.57 us = 56.56 us
GLU: 29 x 39.493 us = 1145.32 us
MUL: 44 x 9.838 us = 432.88 us
MUL_MAT f32 m=64 n=1024 k=64: 16 x 8.945 us = 143.12 us (930.472 GFLOPS/s)
MUL_MAT f32 m=64 n=4096 k=64: 16 x 14.302 us = 228.84 us (2327.73 GFLOPS/s)
MUL_MAT q4_0_rocmfp4_fast m=10752 n=128 k=2048: 58 x 423.69 us = 24574 us (13301.6 GFLOPS/s)
MUL_MAT q4_0_rocmfp4_fast m=2048 n=128 k=10752: 29 x 574.715 us = 16666.8 us (9808.12 GFLOPS/s)
MUL_MAT q4_0_rocmfp4_fast m=2048 n=128 k=2048: 16 x 100.672 us = 1610.76 us (10663.1 GFLOPS/s)
MUL_MAT q4_0_rocmfp4_fast m=2048 n=32 k=2048 batch=4: 22 x 142.816 us = 3141.96 us (7516.5 GFLOPS/s)
MUL_MAT q4_0_rocmfp4_fast m=512 n=128 k=2048: 16 x 43.225 us = 691.6 us (6208.67 GFLOPS/s)
MUL_MAT q4_0_rocmfp4_fast m=6144 n=32 k=2048 batch=4: 22 x 353.305 us = 7772.72 us (9115.17 GFLOPS/s)
RMS_NORM_MUL RMS_NORM(2048,128,1,1): 59 x 10.532 us = 621.4 us
RMS_NORM_MUL_ROPE RMS_NORM(64,32,128,1): 8 x 104.23 us = 833.84 us
RMS_NORM_MUL_ROPE RMS_NORM(64,8,128,1): 8 x 29.475 us = 235.8 us
SET_ROWS: 16 x 2.667 us = 42.68 us
SSM_CONV: 22 x 9.68 us = 212.96 us
Total time: 72197.4 us.
0.25.003.547 I slot print_timing: id  0 | task 5 | prompt processing, n_tokens =   6784, progress = 0.83, t =  14.84 s / 457.30 tokens per second
0.25.003.580 I slot print_timing: id  1 | task 4 | prompt processing, n_tokens =   6784, progress = 0.83, t =  14.83 s / 457.30 tokens per second
0.25.003.602 I slot print_timing: id  2 | task 3 | prompt processing, n_tokens =   6784, progress = 0.83, t =  14.83 s / 457.30 tokens per second
0.25.003.623 I slot print_timing: id  3 | task 1 | prompt processing, n_tokens =   6912, progress = 0.84, t =  14.91 s / 463.55 tokens per second
----------------
Vulkan Timings:
ADD: 58 x 8.567 us = 496.92 us
CONCAT: 22 x 22.998 us = 505.96 us
CPY: 22 x 3.787 us = 83.32 us
FLASH_ATTN_EXT dst(64,32,32,4),  q(64,32,32,4),  k(64,7168,8,4),  v(64,7168,8,4),  m(7168,32,1,4): 8 x 1609.91 us = 12879.3 us (4668.69 GFLOPS/s)
GET_ROWS: 22 x 3.512 us = 77.28 us
GLU: 29 x 39.686 us = 1150.92 us
MUL: 44 x 9.596 us = 422.24 us
MUL_MAT f32 m=64 n=1024 k=64: 16 x 9.39 us = 150.24 us (886.376 GFLOPS/s)
MUL_MAT f32 m=64 n=4096 k=64: 16 x 14.302 us = 228.84 us (2327.73 GFLOPS/s)
MUL_MAT q4_0_rocmfp4_fast m=10752 n=128 k=2048: 58 x 426.202 us = 24719.7 us (13223.2 GFLOPS/s)
MUL_MAT q4_0_rocmfp4_fast m=2048 n=128 k=10752: 29 x 573.289 us = 16625.4 us (9832.52 GFLOPS/s)
MUL_MAT q4_0_rocmfp4_fast m=2048 n=128 k=2048: 16 x 100.022 us = 1600.36 us (10732.4 GFLOPS/s)
MUL_MAT q4_0_rocmfp4_fast m=2048 n=32 k=2048 batch=4: 22 x 142.4 us = 3132.8 us (7538.48 GFLOPS/s)
MUL_MAT q4_0_rocmfp4_fast m=512 n=128 k=2048: 16 x 42.525 us = 680.4 us (6310.87 GFLOPS/s)
MUL_MAT q4_0_rocmfp4_fast m=6144 n=32 k=2048 batch=4: 22 x 351.827 us = 7740.2 us (9153.47 GFLOPS/s)
RMS_NORM_MUL RMS_NORM(2048,128,1,1): 59 x 10.55 us = 622.48 us
RMS_NORM_MUL_ROPE RMS_NORM(64,32,128,1): 8 x 104.17 us = 833.36 us
RMS_NORM_MUL_ROPE RMS_NORM(64,8,128,1): 8 x 31.09 us = 248.72 us
SET_ROWS: 16 x 3.032 us = 48.52 us
SSM_CONV: 22 x 9.669 us = 212.72 us
Total time: 72459.7 us.
----------------
Vulkan Timings:
ADD: 58 x 8.236 us = 477.72 us
CONCAT: 22 x 22.192 us = 488.24 us
CPY: 22 x 3.807 us = 83.76 us
FLASH_ATTN_EXT dst(64,32,32,4),  q(64,32,32,4),  k(64,7168,8,4),  v(64,7168,8,4),  m(7168,32,1,4): 8 x 1613.8 us = 12910.4 us (4657.45 GFLOPS/s)
GET_ROWS: 22 x 2.523 us = 55.52 us
GLU: 29 x 38.059 us = 1103.72 us
MUL: 44 x 9.6 us = 422.4 us
MUL_MAT f32 m=64 n=1024 k=64: 16 x 9.007 us = 144.12 us (924.016 GFLOPS/s)
MUL_MAT f32 m=64 n=4096 k=64: 16 x 14.172 us = 226.76 us (2349.08 GFLOPS/s)
MUL_MAT q4_0_rocmfp4_fast m=10752 n=128 k=2048: 58 x 424.386 us = 24614.4 us (13279.8 GFLOPS/s)
MUL_MAT q4_0_rocmfp4_fast m=2048 n=128 k=10752: 29 x 575.262 us = 16682.6 us (9798.81 GFLOPS/s)
MUL_MAT q4_0_rocmfp4_fast m=2048 n=128 k=2048: 16 x 99.952 us = 1599.24 us (10739.9 GFLOPS/s)
MUL_MAT q4_0_rocmfp4_fast m=2048 n=32 k=2048 batch=4: 22 x 143.601 us = 3159.24 us (7475.39 GFLOPS/s)
MUL_MAT q4_0_rocmfp4_fast m=512 n=128 k=2048: 16 x 44.742 us = 715.88 us (5998.1 GFLOPS/s)
MUL_MAT q4_0_rocmfp4_fast m=6144 n=32 k=2048 batch=4: 22 x 359.667 us = 7912.68 us (8953.94 GFLOPS/s)
RMS_NORM_MUL RMS_NORM(2048,128,1,1): 59 x 10.526 us = 621.04 us
RMS_NORM_MUL_ROPE RMS_NORM(64,32,128,1): 8 x 106.145 us = 849.16 us
RMS_NORM_MUL_ROPE RMS_NORM(64,8,128,1): 8 x 33.795 us = 270.36 us
SET_ROWS: 16 x 2.727 us = 43.64 us
SSM_CONV: 22 x 9.636 us = 212 us
Total time: 72592.9 us.
----------------
Vulkan Timings:
ADD: 58 x 7.923 us = 459.56 us
CONCAT: 22 x 22.376 us = 492.28 us
CPY: 22 x 4.016 us = 88.36 us
FLASH_ATTN_EXT dst(64,32,32,4),  q(64,32,32,4),  k(64,7168,8,4),  v(64,7168,8,4),  m(7168,32,1,4): 8 x 1623.93 us = 12991.5 us (4628.38 GFLOPS/s)
GET_ROWS: 22 x 2.585 us = 56.88 us
GLU: 29 x 40.597 us = 1177.32 us
MUL: 44 x 9.4 us = 413.64 us
MUL_MAT f32 m=64 n=1024 k=64: 16 x 8.942 us = 143.08 us (930.732 GFLOPS/s)
MUL_MAT f32 m=64 n=4096 k=64: 16 x 14.187 us = 227 us (2346.59 GFLOPS/s)
MUL_MAT q4_0_rocmfp4_fast m=10752 n=128 k=2048: 58 x 424.68 us = 24631.5 us (13270.6 GFLOPS/s)
MUL_MAT q4_0_rocmfp4_fast m=2048 n=128 k=10752: 29 x 572.485 us = 16602.1 us (9846.33 GFLOPS/s)
MUL_MAT q4_0_rocmfp4_fast m=2048 n=128 k=2048: 16 x 102.097 us = 1633.56 us (10514.3 GFLOPS/s)
MUL_MAT q4_0_rocmfp4_fast m=2048 n=32 k=2048 batch=4: 22 x 141.276 us = 3108.08 us (7598.44 GFLOPS/s)
MUL_MAT q4_0_rocmfp4_fast m=512 n=128 k=2048: 16 x 44.655 us = 714.48 us (6009.85 GFLOPS/s)
MUL_MAT q4_0_rocmfp4_fast m=6144 n=32 k=2048 batch=4: 22 x 354.69 us = 7803.2 us (9079.56 GFLOPS/s)
RMS_NORM_MUL RMS_NORM(2048,128,1,1): 59 x 10.533 us = 621.48 us
RMS_NORM_MUL_ROPE RMS_NORM(64,32,128,1): 8 x 104.075 us = 832.6 us
RMS_NORM_MUL_ROPE RMS_NORM(64,8,128,1): 8 x 29.34 us = 234.72 us
SET_ROWS: 16 x 2.72 us = 43.52 us
SSM_CONV: 22 x 10.756 us = 236.64 us
Total time: 72511.4 us.
----------------
Vulkan Timings:
ADD: 58 x 8.129 us = 471.52 us
CONCAT: 22 x 24.225 us = 532.96 us
CPY: 22 x 3.83 us = 84.28 us
FLASH_ATTN_EXT dst(64,32,32,4),  q(64,32,32,4),  k(64,7168,8,4),  v(64,7168,8,4),  m(7168,32,1,4): 8 x 1661.19 us = 13289.5 us (4524.58 GFLOPS/s)
GET_ROWS: 22 x 2.574 us = 56.64 us
GLU: 29 x 39.26 us = 1138.56 us
MUL: 44 x 9.65 us = 424.64 us
MUL_MAT f32 m=64 n=1024 k=64: 16 x 8.972 us = 143.56 us (927.62 GFLOPS/s)
MUL_MAT f32 m=64 n=4096 k=64: 16 x 14.355 us = 229.68 us (2319.21 GFLOPS/s)
MUL_MAT q4_0_rocmfp4_fast m=10752 n=128 k=2048: 58 x 422.595 us = 24510.5 us (13336.1 GFLOPS/s)
MUL_MAT q4_0_rocmfp4_fast m=2048 n=128 k=10752: 29 x 570.088 us = 16532.6 us (9887.74 GFLOPS/s)
MUL_MAT q4_0_rocmfp4_fast m=2048 n=128 k=2048: 16 x 103.397 us = 1654.36 us (10382.1 GFLOPS/s)
MUL_MAT q4_0_rocmfp4_fast m=2048 n=32 k=2048 batch=4: 22 x 144.8 us = 3185.6 us (7413.53 GFLOPS/s)
MUL_MAT q4_0_rocmfp4_fast m=512 n=128 k=2048: 16 x 42.98 us = 687.68 us (6244.07 GFLOPS/s)
MUL_MAT q4_0_rocmfp4_fast m=6144 n=32 k=2048 batch=4: 22 x 356.725 us = 7847.96 us (9027.78 GFLOPS/s)
RMS_NORM_MUL RMS_NORM(2048,128,1,1): 59 x 10.524 us = 620.92 us
RMS_NORM_MUL_ROPE RMS_NORM(64,32,128,1): 8 x 104.15 us = 833.2 us
RMS_NORM_MUL_ROPE RMS_NORM(64,8,128,1): 8 x 31.14 us = 249.12 us
SET_ROWS: 16 x 2.67 us = 42.72 us
SSM_CONV: 22 x 9.672 us = 212.8 us
Total time: 72748.8 us.
0.25.312.126 I slot print_timing: id  0 | task 5 | prompt processing, n_tokens =   6912, progress = 0.84, t =  15.14 s / 456.43 tokens per second
0.25.312.158 I slot print_timing: id  1 | task 4 | prompt processing, n_tokens =   6912, progress = 0.84, t =  15.14 s / 456.43 tokens per second
0.25.312.190 I slot print_timing: id  2 | task 3 | prompt processing, n_tokens =   6912, progress = 0.84, t =  15.14 s / 456.43 tokens per second
0.25.312.211 I slot print_timing: id  3 | task 1 | prompt processing, n_tokens =   7040, progress = 0.86, t =  15.22 s / 462.56 tokens per second
----------------
Vulkan Timings:
ADD: 58 x 8.56 us = 496.52 us
CONCAT: 22 x 24.4 us = 536.8 us
CPY: 22 x 3.79 us = 83.4 us
FLASH_ATTN_EXT dst(64,32,32,4),  q(64,32,32,4),  k(64,7168,8,4),  v(64,7168,8,4),  m(7168,32,1,4): 8 x 1648.61 us = 13188.9 us (4559.11 GFLOPS/s)
GET_ROWS: 22 x 2.598 us = 57.16 us
GLU: 29 x 39.313 us = 1140.08 us
MUL: 44 x 9.514 us = 418.64 us
MUL_MAT f32 m=64 n=1024 k=64: 16 x 9.007 us = 144.12 us (924.016 GFLOPS/s)
MUL_MAT f32 m=64 n=4096 k=64: 16 x 14.185 us = 226.96 us (2347.01 GFLOPS/s)
MUL_MAT q4_0_rocmfp4_fast m=10752 n=128 k=2048: 58 x 426.551 us = 24740 us (13212.4 GFLOPS/s)
MUL_MAT q4_0_rocmfp4_fast m=2048 n=128 k=10752: 29 x 574.402 us = 16657.7 us (9813.47 GFLOPS/s)
MUL_MAT q4_0_rocmfp4_fast m=2048 n=128 k=2048: 16 x 100.28 us = 1604.48 us (10704.8 GFLOPS/s)
MUL_MAT q4_0_rocmfp4_fast m=2048 n=32 k=2048 batch=4: 22 x 140.583 us = 3092.84 us (7635.88 GFLOPS/s)
MUL_MAT q4_0_rocmfp4_fast m=512 n=128 k=2048: 16 x 42.675 us = 682.8 us (6288.69 GFLOPS/s)
MUL_MAT q4_0_rocmfp4_fast m=6144 n=32 k=2048 batch=4: 22 x 357.33 us = 7861.28 us (9012.48 GFLOPS/s)
RMS_NORM_MUL RMS_NORM(2048,128,1,1): 59 x 10.606 us = 625.76 us
RMS_NORM_MUL_ROPE RMS_NORM(64,32,128,1): 8 x 104.49 us = 835.92 us
RMS_NORM_MUL_ROPE RMS_NORM(64,8,128,1): 8 x 33.025 us = 264.2 us
SET_ROWS: 16 x 2.652 us = 42.44 us
SSM_CONV: 22 x 9.687 us = 213.12 us
Total time: 72913.1 us.
----------------
Vulkan Timings:
ADD: 58 x 8.082 us = 468.8 us
CONCAT: 22 x 24.712 us = 543.68 us
CPY: 22 x 3.805 us = 83.72 us
FLASH_ATTN_EXT dst(64,32,32,4),  q(64,32,32,4),  k(64,7168,8,4),  v(64,7168,8,4),  m(7168,32,1,4): 8 x 1669.38 us = 13355 us (4502.39 GFLOPS/s)
GET_ROWS: 22 x 2.552 us = 56.16 us
GLU: 29 x 38.784 us = 1124.76 us
MUL: 44 x 9.092 us = 400.08 us
MUL_MAT f32 m=64 n=1024 k=64: 16 x 8.925 us = 142.8 us (932.557 GFLOPS/s)
MUL_MAT f32 m=64 n=4096 k=64: 16 x 14.345 us = 229.52 us (2320.83 GFLOPS/s)
MUL_MAT q4_0_rocmfp4_fast m=10752 n=128 k=2048: 58 x 424.556 us = 24624.3 us (13274.5 GFLOPS/s)
MUL_MAT q4_0_rocmfp4_fast m=2048 n=128 k=10752: 29 x 572.438 us = 16600.7 us (9847.14 GFLOPS/s)
MUL_MAT q4_0_rocmfp4_fast m=2048 n=128 k=2048: 16 x 101.96 us = 1631.36 us (10528.4 GFLOPS/s)
MUL_MAT q4_0_rocmfp4_fast m=2048 n=32 k=2048 batch=4: 22 x 146.47 us = 3222.36 us (7328.96 GFLOPS/s)
MUL_MAT q4_0_rocmfp4_fast m=512 n=128 k=2048: 16 x 40.787 us = 652.6 us (6579.71 GFLOPS/s)
MUL_MAT q4_0_rocmfp4_fast m=6144 n=32 k=2048 batch=4: 22 x 356.643 us = 7846.16 us (9029.85 GFLOPS/s)
RMS_NORM_MUL RMS_NORM(2048,128,1,1): 59 x 10.891 us = 642.6 us
RMS_NORM_MUL_ROPE RMS_NORM(64,32,128,1): 8 x 104.18 us = 833.44 us
RMS_NORM_MUL_ROPE RMS_NORM(64,8,128,1): 8 x 30.875 us = 247 us
SET_ROWS: 16 x 2.65 us = 42.4 us
SSM_CONV: 22 x 9.696 us = 213.32 us
Total time: 72960.8 us.
----------------
Vulkan Timings:
ADD: 58 x 7.706 us = 447 us
CONCAT: 22 x 22.987 us = 505.72 us
CPY: 22 x 3.778 us = 83.12 us
FLASH_ATTN_EXT dst(64,32,32,4),  q(64,32,32,4),  k(64,7168,8,4),  v(64,7168,8,4),  m(7168,32,1,4): 8 x 1663.02 us = 13304.1 us (4519.62 GFLOPS/s)
GET_ROWS: 22 x 2.569 us = 56.52 us
GLU: 29 x 40.393 us = 1171.4 us
MUL: 44 x 9.446 us = 415.64 us
MUL_MAT f32 m=64 n=1024 k=64: 16 x 8.945 us = 143.12 us (930.472 GFLOPS/s)
MUL_MAT f32 m=64 n=4096 k=64: 16 x 14.365 us = 229.84 us (2317.6 GFLOPS/s)
MUL_MAT q4_0_rocmfp4_fast m=10752 n=128 k=2048: 58 x 423.444 us = 24559.8 us (13309.4 GFLOPS/s)
MUL_MAT q4_0_rocmfp4_fast m=2048 n=128 k=10752: 29 x 573.104 us = 16620 us (9835.69 GFLOPS/s)
MUL_MAT q4_0_rocmfp4_fast m=2048 n=128 k=2048: 16 x 101.695 us = 1627.12 us (10555.9 GFLOPS/s)
MUL_MAT q4_0_rocmfp4_fast m=2048 n=32 k=2048 batch=4: 22 x 144.74 us = 3184.28 us (7416.61 GFLOPS/s)
MUL_MAT q4_0_rocmfp4_fast m=512 n=128 k=2048: 16 x 47.015 us = 752.24 us (5708.18 GFLOPS/s)
MUL_MAT q4_0_rocmfp4_fast m=6144 n=32 k=2048 batch=4: 22 x 354.427 us = 7797.4 us (9086.32 GFLOPS/s)
RMS_NORM_MUL RMS_NORM(2048,128,1,1): 59 x 10.522 us = 620.84 us
RMS_NORM_MUL_ROPE RMS_NORM(64,32,128,1): 8 x 104.25 us = 834 us
RMS_NORM_MUL_ROPE RMS_NORM(64,8,128,1): 8 x 29.81 us = 238.48 us
SET_ROWS: 16 x 3.195 us = 51.12 us
SSM_CONV: 22 x 9.7 us = 213.4 us
Total time: 72855.2 us.
----------------
Vulkan Timings:
ADD: 58 x 7.54 us = 437.32 us
CONCAT: 22 x 24.534 us = 539.76 us
CPY: 22 x 3.807 us = 83.76 us
FLASH_ATTN_EXT dst(64,32,32,4),  q(64,32,32,4),  k(64,7168,8,4),  v(64,7168,8,4),  m(7168,32,1,4): 8 x 1663.4 us = 13307.2 us (4518.57 GFLOPS/s)
GET_ROWS: 22 x 2.57 us = 56.56 us
GLU: 29 x 39.078 us = 1133.28 us
MUL: 44 x 9.788 us = 430.68 us
MUL_MAT f32 m=64 n=1024 k=64: 16 x 8.952 us = 143.24 us (929.692 GFLOPS/s)
MUL_MAT f32 m=64 n=4096 k=64: 16 x 14.312 us = 229 us (2326.1 GFLOPS/s)
MUL_MAT q4_0_rocmfp4_fast m=10752 n=128 k=2048: 58 x 423.234 us = 24547.6 us (13315.9 GFLOPS/s)
MUL_MAT q4_0_rocmfp4_fast m=2048 n=128 k=10752: 29 x 576.281 us = 16712.2 us (9781.48 GFLOPS/s)
MUL_MAT q4_0_rocmfp4_fast m=2048 n=128 k=2048: 16 x 100.49 us = 1607.84 us (10682.5 GFLOPS/s)
MUL_MAT q4_0_rocmfp4_fast m=2048 n=32 k=2048 batch=4: 22 x 144.896 us = 3187.72 us (7408.6 GFLOPS/s)
MUL_MAT q4_0_rocmfp4_fast m=512 n=128 k=2048: 16 x 43.857 us = 701.72 us (6119.13 GFLOPS/s)
MUL_MAT q4_0_rocmfp4_fast m=6144 n=32 k=2048 batch=4: 22 x 356.03 us = 7832.68 us (9045.39 GFLOPS/s)
RMS_NORM_MUL RMS_NORM(2048,128,1,1): 59 x 10.557 us = 622.92 us
RMS_NORM_MUL_ROPE RMS_NORM(64,32,128,1): 8 x 101.375 us = 811 us
RMS_NORM_MUL_ROPE RMS_NORM(64,8,128,1): 8 x 29.345 us = 234.76 us
SET_ROWS: 16 x 2.737 us = 43.8 us
SSM_CONV: 22 x 9.678 us = 212.92 us
Total time: 72875.9 us.
0.25.619.278 I slot print_timing: id  0 | task 5 | prompt processing, n_tokens =   7040, progress = 0.86, t =  15.45 s / 455.64 tokens per second
0.25.619.314 I slot print_timing: id  1 | task 4 | prompt processing, n_tokens =   7040, progress = 0.86, t =  15.45 s / 455.64 tokens per second
0.25.619.336 I slot print_timing: id  2 | task 3 | prompt processing, n_tokens =   7040, progress = 0.86, t =  15.45 s / 455.64 tokens per second
0.25.619.357 I slot print_timing: id  3 | task 1 | prompt processing, n_tokens =   7168, progress = 0.88, t =  15.53 s / 461.65 tokens per second
----------------
Vulkan Timings:
ADD: 58 x 8.365 us = 485.2 us
CONCAT: 22 x 23.316 us = 512.96 us
CPY: 22 x 3.783 us = 83.24 us
FLASH_ATTN_EXT dst(64,32,32,4),  q(64,32,32,4),  k(64,7424,8,4),  v(64,7424,8,4),  m(7424,32,1,4): 8 x 1664.83 us = 13318.6 us (4675.93 GFLOPS/s)
GET_ROWS: 22 x 3.538 us = 77.84 us
GLU: 29 x 39.299 us = 1139.68 us
MUL: 44 x 9.451 us = 415.88 us
MUL_MAT f32 m=64 n=1024 k=64: 16 x 8.917 us = 142.68 us (933.341 GFLOPS/s)
MUL_MAT f32 m=64 n=4096 k=64: 16 x 14.37 us = 229.92 us (2316.79 GFLOPS/s)
MUL_MAT q4_0_rocmfp4_fast m=10752 n=128 k=2048: 58 x 423.984 us = 24591.1 us (13292.4 GFLOPS/s)
MUL_MAT q4_0_rocmfp4_fast m=2048 n=128 k=10752: 29 x 572.92 us = 16614.7 us (9838.86 GFLOPS/s)
MUL_MAT q4_0_rocmfp4_fast m=2048 n=128 k=2048: 16 x 101.192 us = 1619.08 us (10608.3 GFLOPS/s)
MUL_MAT q4_0_rocmfp4_fast m=2048 n=32 k=2048 batch=4: 22 x 141.092 us = 3104.04 us (7608.33 GFLOPS/s)
MUL_MAT q4_0_rocmfp4_fast m=512 n=128 k=2048: 16 x 44.205 us = 707.28 us (6071.03 GFLOPS/s)
MUL_MAT q4_0_rocmfp4_fast m=6144 n=32 k=2048 batch=4: 22 x 355.638 us = 7824.04 us (9055.38 GFLOPS/s)
RMS_NORM_MUL RMS_NORM(2048,128,1,1): 59 x 10.484 us = 618.6 us
RMS_NORM_MUL_ROPE RMS_NORM(64,32,128,1): 8 x 107.13 us = 857.04 us
RMS_NORM_MUL_ROPE RMS_NORM(64,8,128,1): 8 x 33.045 us = 264.36 us
SET_ROWS: 16 x 2.64 us = 42.24 us
SSM_CONV: 22 x 9.667 us = 212.68 us
Total time: 72861.2 us.
----------------
Vulkan Timings:
ADD: 58 x 8.014 us = 464.84 us
CONCAT: 22 x 23.118 us = 508.6 us
CPY: 22 x 4.745 us = 104.4 us
FLASH_ATTN_EXT dst(64,32,32,4),  q(64,32,32,4),  k(64,7424,8,4),  v(64,7424,8,4),  m(7424,32,1,4): 8 x 1670.73 us = 13365.9 us (4659.4 GFLOPS/s)
GET_ROWS: 22 x 2.567 us = 56.48 us
GLU: 29 x 39.38 us = 1142.04 us
MUL: 44 x 9.753 us = 429.16 us
MUL_MAT f32 m=64 n=1024 k=64: 16 x 8.952 us = 143.24 us (929.692 GFLOPS/s)
MUL_MAT f32 m=64 n=4096 k=64: 16 x 14.232 us = 227.72 us (2339.17 GFLOPS/s)
MUL_MAT q4_0_rocmfp4_fast m=10752 n=128 k=2048: 58 x 421.631 us = 24454.6 us (13366.6 GFLOPS/s)
MUL_MAT q4_0_rocmfp4_fast m=2048 n=128 k=10752: 29 x 573.446 us = 16630 us (9829.82 GFLOPS/s)
MUL_MAT q4_0_rocmfp4_fast m=2048 n=128 k=2048: 16 x 99.037 us = 1584.6 us (10839.1 GFLOPS/s)
MUL_MAT q4_0_rocmfp4_fast m=2048 n=32 k=2048 batch=4: 22 x 143.489 us = 3156.76 us (7481.26 GFLOPS/s)
MUL_MAT q4_0_rocmfp4_fast m=512 n=128 k=2048: 16 x 42.342 us = 677.48 us (6338.07 GFLOPS/s)
MUL_MAT q4_0_rocmfp4_fast m=6144 n=32 k=2048 batch=4: 22 x 355.394 us = 7818.68 us (9061.59 GFLOPS/s)
RMS_NORM_MUL RMS_NORM(2048,128,1,1): 59 x 10.48 us = 618.32 us
RMS_NORM_MUL_ROPE RMS_NORM(64,32,128,1): 8 x 111.84 us = 894.72 us
RMS_NORM_MUL_ROPE RMS_NORM(64,8,128,1): 8 x 29.97 us = 239.76 us
SET_ROWS: 16 x 2.64 us = 42.24 us
SSM_CONV: 22 x 9.723 us = 213.92 us
Total time: 72773.4 us.
----------------
Vulkan Timings:
ADD: 58 x 7.644 us = 443.4 us
CONCAT: 22 x 21.463 us = 472.2 us
CPY: 22 x 3.794 us = 83.48 us
FLASH_ATTN_EXT dst(64,32,32,4),  q(64,32,32,4),  k(64,7424,8,4),  v(64,7424,8,4),  m(7424,32,1,4): 8 x 1676.43 us = 13411.5 us (4643.56 GFLOPS/s)
GET_ROWS: 22 x 2.547 us = 56.04 us
GLU: 29 x 40.176 us = 1165.12 us
MUL: 44 x 10.428 us = 458.84 us
MUL_MAT f32 m=64 n=1024 k=64: 16 x 8.985 us = 143.76 us (926.33 GFLOPS/s)
MUL_MAT f32 m=64 n=4096 k=64: 16 x 14.232 us = 227.72 us (2339.17 GFLOPS/s)
MUL_MAT q4_0_rocmfp4_fast m=10752 n=128 k=2048: 58 x 424.445 us = 24617.8 us (13278 GFLOPS/s)
MUL_MAT q4_0_rocmfp4_fast m=2048 n=128 k=10752: 29 x 573.641 us = 16635.6 us (9826.49 GFLOPS/s)
MUL_MAT q4_0_rocmfp4_fast m=2048 n=128 k=2048: 16 x 102.155 us = 1634.48 us (10508.3 GFLOPS/s)
MUL_MAT q4_0_rocmfp4_fast m=2048 n=32 k=2048 batch=4: 22 x 142.912 us = 3144.08 us (7511.44 GFLOPS/s)
MUL_MAT q4_0_rocmfp4_fast m=512 n=128 k=2048: 16 x 42.26 us = 676.16 us (6350.45 GFLOPS/s)
MUL_MAT q4_0_rocmfp4_fast m=6144 n=32 k=2048 batch=4: 22 x 350.314 us = 7706.92 us (9192.99 GFLOPS/s)
RMS_NORM_MUL RMS_NORM(2048,128,1,1): 59 x 10.906 us = 643.48 us
RMS_NORM_MUL_ROPE RMS_NORM(64,32,128,1): 8 x 100.595 us = 804.76 us
RMS_NORM_MUL_ROPE RMS_NORM(64,8,128,1): 8 x 29.41 us = 235.28 us
SET_ROWS: 16 x 2.62 us = 41.92 us
SSM_CONV: 22 x 9.676 us = 212.88 us
Total time: 72815.4 us.
----------------
Vulkan Timings:
ADD: 58 x 7.453 us = 432.32 us
CONCAT: 22 x 21.416 us = 471.16 us
CPY: 22 x 3.847 us = 84.64 us
FLASH_ATTN_EXT dst(64,32,32,4),  q(64,32,32,4),  k(64,7424,8,4),  v(64,7424,8,4),  m(7424,32,1,4): 8 x 1684.05 us = 13472.4 us (4622.58 GFLOPS/s)
GET_ROWS: 22 x 2.603 us = 57.28 us
GLU: 29 x 40.299 us = 1168.68 us
MUL: 44 x 10.225 us = 449.92 us
MUL_MAT f32 m=64 n=1024 k=64: 16 x 8.925 us = 142.8 us (932.557 GFLOPS/s)
MUL_MAT f32 m=64 n=4096 k=64: 16 x 15.36 us = 245.76 us (2167.47 GFLOPS/s)
MUL_MAT q4_0_rocmfp4_fast m=10752 n=128 k=2048: 58 x 425.133 us = 24657.7 us (13256.5 GFLOPS/s)
MUL_MAT q4_0_rocmfp4_fast m=2048 n=128 k=10752: 29 x 572.34 us = 16597.9 us (9848.82 GFLOPS/s)
MUL_MAT q4_0_rocmfp4_fast m=2048 n=128 k=2048: 16 x 104.812 us = 1677 us (10241.9 GFLOPS/s)
MUL_MAT q4_0_rocmfp4_fast m=2048 n=32 k=2048 batch=4: 22 x 141.44 us = 3111.68 us (7589.65 GFLOPS/s)
MUL_MAT q4_0_rocmfp4_fast m=512 n=128 k=2048: 16 x 43.097 us = 689.56 us (6227.04 GFLOPS/s)
MUL_MAT q4_0_rocmfp4_fast m=6144 n=32 k=2048 batch=4: 22 x 355.067 us = 7811.48 us (9069.94 GFLOPS/s)
RMS_NORM_MUL RMS_NORM(2048,128,1,1): 59 x 10.515 us = 620.44 us
RMS_NORM_MUL_ROPE RMS_NORM(64,32,128,1): 8 x 105.055 us = 840.44 us
RMS_NORM_MUL_ROPE RMS_NORM(64,8,128,1): 8 x 31.19 us = 249.52 us
SET_ROWS: 16 x 2.672 us = 42.76 us
SSM_CONV: 22 x 9.67 us = 212.76 us
Total time: 73036.2 us.
0.25.928.440 I slot print_timing: id  0 | task 5 | prompt processing, n_tokens =   7168, progress = 0.88, t =  15.76 s / 454.82 tokens per second
0.25.928.473 I slot print_timing: id  1 | task 4 | prompt processing, n_tokens =   7168, progress = 0.88, t =  15.76 s / 454.83 tokens per second
0.25.928.494 I slot print_timing: id  2 | task 3 | prompt processing, n_tokens =   7168, progress = 0.88, t =  15.76 s / 454.83 tokens per second
0.25.928.525 I slot print_timing: id  3 | task 1 | prompt processing, n_tokens =   7296, progress = 0.89, t =  15.84 s / 460.72 tokens per second
----------------
Vulkan Timings:
ADD: 58 x 7.997 us = 463.88 us
CONCAT: 22 x 24.614 us = 541.52 us
CPY: 22 x 3.827 us = 84.2 us
FLASH_ATTN_EXT dst(64,32,32,4),  q(64,32,32,4),  k(64,7424,8,4),  v(64,7424,8,4),  m(7424,32,1,4): 8 x 1680.3 us = 13442.4 us (4632.88 GFLOPS/s)
GET_ROWS: 22 x 2.592 us = 57.04 us
GLU: 29 x 40.416 us = 1172.08 us
MUL: 44 x 9.637 us = 424.04 us
MUL_MAT f32 m=64 n=1024 k=64: 16 x 8.86 us = 141.76 us (939.399 GFLOPS/s)
MUL_MAT f32 m=64 n=4096 k=64: 16 x 14.287 us = 228.6 us (2330.17 GFLOPS/s)
MUL_MAT q4_0_rocmfp4_fast m=10752 n=128 k=2048: 58 x 424.071 us = 24596.2 us (13289.7 GFLOPS/s)
MUL_MAT q4_0_rocmfp4_fast m=2048 n=128 k=10752: 29 x 573.868 us = 16642.2 us (9822.6 GFLOPS/s)
MUL_MAT q4_0_rocmfp4_fast m=2048 n=128 k=2048: 16 x 103.195 us = 1651.12 us (10402.4 GFLOPS/s)
MUL_MAT q4_0_rocmfp4_fast m=2048 n=32 k=2048 batch=4: 22 x 144.494 us = 3178.88 us (7429.21 GFLOPS/s)
MUL_MAT q4_0_rocmfp4_fast m=512 n=128 k=2048: 16 x 41.317 us = 661.08 us (6495.31 GFLOPS/s)
MUL_MAT q4_0_rocmfp4_fast m=6144 n=32 k=2048 batch=4: 22 x 353.621 us = 7779.68 us (9107.01 GFLOPS/s)
RMS_NORM_MUL RMS_NORM(2048,128,1,1): 59 x 10.524 us = 620.92 us
RMS_NORM_MUL_ROPE RMS_NORM(64,32,128,1): 8 x 110.43 us = 883.44 us
RMS_NORM_MUL_ROPE RMS_NORM(64,8,128,1): 8 x 31.345 us = 250.76 us
SET_ROWS: 16 x 2.707 us = 43.32 us
SSM_CONV: 22 x 9.69 us = 213.2 us
Total time: 73076.3 us.
----------------
Vulkan Timings:
ADD: 58 x 8.199 us = 475.56 us
CONCAT: 22 x 21.481 us = 472.6 us
CPY: 22 x 3.78 us = 83.16 us
FLASH_ATTN_EXT dst(64,32,32,4),  q(64,32,32,4),  k(64,7424,8,4),  v(64,7424,8,4),  m(7424,32,1,4): 8 x 1715.08 us = 13720.6 us (4538.94 GFLOPS/s)
GET_ROWS: 22 x 2.54 us = 55.88 us
GLU: 29 x 39.2 us = 1136.8 us
MUL: 44 x 10.243 us = 450.72 us
MUL_MAT f32 m=64 n=1024 k=64: 16 x 8.987 us = 143.8 us (926.072 GFLOPS/s)
MUL_MAT f32 m=64 n=4096 k=64: 16 x 14.367 us = 229.88 us (2317.19 GFLOPS/s)
MUL_MAT q4_0_rocmfp4_fast m=10752 n=128 k=2048: 58 x 422.757 us = 24520 us (13331 GFLOPS/s)
MUL_MAT q4_0_rocmfp4_fast m=2048 n=128 k=10752: 29 x 573.671 us = 16636.5 us (9825.97 GFLOPS/s)
MUL_MAT q4_0_rocmfp4_fast m=2048 n=128 k=2048: 16 x 99.807 us = 1596.92 us (10755.5 GFLOPS/s)
MUL_MAT q4_0_rocmfp4_fast m=2048 n=32 k=2048 batch=4: 22 x 143.93 us = 3166.48 us (7458.3 GFLOPS/s)
MUL_MAT q4_0_rocmfp4_fast m=512 n=128 k=2048: 16 x 44.297 us = 708.76 us (6058.35 GFLOPS/s)
MUL_MAT q4_0_rocmfp4_fast m=6144 n=32 k=2048 batch=4: 22 x 353.783 us = 7783.24 us (9102.85 GFLOPS/s)
RMS_NORM_MUL RMS_NORM(2048,128,1,1): 59 x 10.544 us = 622.12 us
RMS_NORM_MUL_ROPE RMS_NORM(64,32,128,1): 8 x 104.375 us = 835 us
RMS_NORM_MUL_ROPE RMS_NORM(64,8,128,1): 8 x 28.335 us = 226.68 us
SET_ROWS: 16 x 2.78 us = 44.48 us
SSM_CONV: 22 x 9.698 us = 213.36 us
Total time: 73122.5 us.
----------------
Vulkan Timings:
ADD: 58 x 8.12 us = 471 us
CONCAT: 22 x 22.123 us = 486.72 us
CPY: 22 x 3.82 us = 84.04 us
FLASH_ATTN_EXT dst(64,32,32,4),  q(64,32,32,4),  k(64,7424,8,4),  v(64,7424,8,4),  m(7424,32,1,4): 8 x 1715.47 us = 13723.8 us (4537.88 GFLOPS/s)
GET_ROWS: 22 x 2.572 us = 56.6 us
GLU: 29 x 41.587 us = 1206.04 us
MUL: 44 x 10.01 us = 440.48 us
MUL_MAT f32 m=64 n=1024 k=64: 16 x 8.972 us = 143.56 us (927.62 GFLOPS/s)
MUL_MAT f32 m=64 n=4096 k=64: 16 x 14.39 us = 230.24 us (2313.57 GFLOPS/s)
MUL_MAT q4_0_rocmfp4_fast m=10752 n=128 k=2048: 58 x 422.538 us = 24507.2 us (13337.9 GFLOPS/s)
MUL_MAT q4_0_rocmfp4_fast m=2048 n=128 k=10752: 29 x 573.419 us = 16629.2 us (9830.3 GFLOPS/s)
MUL_MAT q4_0_rocmfp4_fast m=2048 n=128 k=2048: 16 x 102.51 us = 1640.16 us (10472 GFLOPS/s)
MUL_MAT q4_0_rocmfp4_fast m=2048 n=32 k=2048 batch=4: 22 x 141.652 us = 3116.36 us (7578.25 GFLOPS/s)
MUL_MAT q4_0_rocmfp4_fast m=512 n=128 k=2048: 16 x 42.717 us = 683.48 us (6282.44 GFLOPS/s)
MUL_MAT q4_0_rocmfp4_fast m=6144 n=32 k=2048 batch=4: 22 x 351.863 us = 7741 us (9152.52 GFLOPS/s)
RMS_NORM_MUL RMS_NORM(2048,128,1,1): 59 x 10.718 us = 632.4 us
RMS_NORM_MUL_ROPE RMS_NORM(64,32,128,1): 8 x 104.195 us = 833.56 us
RMS_NORM_MUL_ROPE RMS_NORM(64,8,128,1): 8 x 29.42 us = 235.36 us
SET_ROWS: 16 x 2.687 us = 43 us
SSM_CONV: 22 x 9.645 us = 212.2 us
Total time: 73116.4 us.
----------------
Vulkan Timings:
ADD: 58 x 7.696 us = 446.4 us
CONCAT: 22 x 23.389 us = 514.56 us
CPY: 22 x 3.794 us = 83.48 us
FLASH_ATTN_EXT dst(64,32,32,4),  q(64,32,32,4),  k(64,7424,8,4),  v(64,7424,8,4),  m(7424,32,1,4): 8 x 1712.96 us = 13703.7 us (4544.53 GFLOPS/s)
GET_ROWS: 22 x 2.581 us = 56.8 us
GLU: 29 x 38.933 us = 1129.08 us
MUL: 44 x 10.251 us = 451.08 us
MUL_MAT f32 m=64 n=1024 k=64: 16 x 8.925 us = 142.8 us (932.557 GFLOPS/s)
MUL_MAT f32 m=64 n=4096 k=64: 16 x 14.42 us = 230.72 us (2308.76 GFLOPS/s)
MUL_MAT q4_0_rocmfp4_fast m=10752 n=128 k=2048: 58 x 424.186 us = 24602.8 us (13286.1 GFLOPS/s)
MUL_MAT q4_0_rocmfp4_fast m=2048 n=128 k=10752: 29 x 572.038 us = 16589.1 us (9854.02 GFLOPS/s)
MUL_MAT q4_0_rocmfp4_fast m=2048 n=128 k=2048: 16 x 97.22 us = 1555.52 us (11041.8 GFLOPS/s)
MUL_MAT q4_0_rocmfp4_fast m=2048 n=32 k=2048 batch=4: 22 x 142.356 us = 3131.84 us (7540.79 GFLOPS/s)
MUL_MAT q4_0_rocmfp4_fast m=512 n=128 k=2048: 16 x 44.137 us = 706.2 us (6080.32 GFLOPS/s)
MUL_MAT q4_0_rocmfp4_fast m=6144 n=32 k=2048 batch=4: 22 x 352.461 us = 7754.16 us (9136.99 GFLOPS/s)
RMS_NORM_MUL RMS_NORM(2048,128,1,1): 59 x 10.53 us = 621.28 us
RMS_NORM_MUL_ROPE RMS_NORM(64,32,128,1): 8 x 104.16 us = 833.28 us
RMS_NORM_MUL_ROPE RMS_NORM(64,8,128,1): 8 x 30.765 us = 246.12 us
SET_ROWS: 16 x 2.657 us = 42.52 us
SSM_CONV: 22 x 9.652 us = 212.36 us
Total time: 73053.9 us.
0.26.236.049 I slot print_timing: id  0 | task 5 | prompt processing, n_tokens =   7296, progress = 0.89, t =  16.07 s / 454.08 tokens per second
0.26.236.081 I slot print_timing: id  1 | task 4 | prompt processing, n_tokens =   7296, progress = 0.89, t =  16.07 s / 454.08 tokens per second
0.26.236.103 I slot print_timing: id  2 | task 3 | prompt processing, n_tokens =   7296, progress = 0.89, t =  16.07 s / 454.09 tokens per second
0.26.236.124 I slot print_timing: id  3 | task 1 | prompt processing, n_tokens =   7424, progress = 0.91, t =  16.14 s / 459.87 tokens per second
----------------
Vulkan Timings:
ADD: 58 x 8.694 us = 504.28 us
CONCAT: 22 x 24.107 us = 530.36 us
CPY: 22 x 3.818 us = 84 us
FLASH_ATTN_EXT dst(64,32,32,4),  q(64,32,32,4),  k(64,7680,8,4),  v(64,7680,8,4),  m(7680,32,1,4): 8 x 1738.04 us = 13904.3 us (4633.43 GFLOPS/s)
GET_ROWS: 22 x 2.61 us = 57.44 us
GLU: 29 x 37.628 us = 1091.24 us
MUL: 44 x 9.341 us = 411.04 us
MUL_MAT f32 m=64 n=1024 k=64: 16 x 8.955 us = 143.28 us (929.433 GFLOPS/s)
MUL_MAT f32 m=64 n=4096 k=64: 16 x 14.157 us = 226.52 us (2351.57 GFLOPS/s)
MUL_MAT q4_0_rocmfp4_fast m=10752 n=128 k=2048: 58 x 426.073 us = 24712.2 us (13227.2 GFLOPS/s)
MUL_MAT q4_0_rocmfp4_fast m=2048 n=128 k=10752: 29 x 571.866 us = 16584.1 us (9857 GFLOPS/s)
MUL_MAT q4_0_rocmfp4_fast m=2048 n=128 k=2048: 16 x 101.587 us = 1625.4 us (10567 GFLOPS/s)
MUL_MAT q4_0_rocmfp4_fast m=2048 n=32 k=2048 batch=4: 22 x 142.261 us = 3129.76 us (7545.8 GFLOPS/s)
MUL_MAT q4_0_rocmfp4_fast m=512 n=128 k=2048: 16 x 43.052 us = 688.84 us (6233.55 GFLOPS/s)
MUL_MAT q4_0_rocmfp4_fast m=6144 n=32 k=2048 batch=4: 22 x 360.761 us = 7936.76 us (8926.77 GFLOPS/s)
RMS_NORM_MUL RMS_NORM(2048,128,1,1): 59 x 10.534 us = 621.56 us
RMS_NORM_MUL_ROPE RMS_NORM(64,32,128,1): 8 x 104.32 us = 834.56 us
RMS_NORM_MUL_ROPE RMS_NORM(64,8,128,1): 8 x 29.415 us = 235.32 us
SET_ROWS: 16 x 2.74 us = 43.84 us
SSM_CONV: 22 x 9.829 us = 216.24 us
Total time: 73581.1 us.
----------------
Vulkan Timings:
ADD: 58 x 7.716 us = 447.56 us
CONCAT: 22 x 21.365 us = 470.04 us
CPY: 22 x 3.803 us = 83.68 us
FLASH_ATTN_EXT dst(64,32,32,4),  q(64,32,32,4),  k(64,7680,8,4),  v(64,7680,8,4),  m(7680,32,1,4): 8 x 1730.03 us = 13840.2 us (4654.87 GFLOPS/s)
GET_ROWS: 22 x 2.585 us = 56.88 us
GLU: 29 x 38.114 us = 1105.32 us
MUL: 44 x 9.449 us = 415.76 us
MUL_MAT f32 m=64 n=1024 k=64: 16 x 8.932 us = 142.92 us (931.774 GFLOPS/s)
MUL_MAT f32 m=64 n=4096 k=64: 16 x 14.205 us = 227.28 us (2343.7 GFLOPS/s)
MUL_MAT q4_0_rocmfp4_fast m=10752 n=128 k=2048: 58 x 425.312 us = 24668.1 us (13250.9 GFLOPS/s)
MUL_MAT q4_0_rocmfp4_fast m=2048 n=128 k=10752: 29 x 573.831 us = 16641.1 us (9823.23 GFLOPS/s)
MUL_MAT q4_0_rocmfp4_fast m=2048 n=128 k=2048: 16 x 101.067 us = 1617.08 us (10621.4 GFLOPS/s)
MUL_MAT q4_0_rocmfp4_fast m=2048 n=32 k=2048 batch=4: 22 x 145.194 us = 3194.28 us (7393.39 GFLOPS/s)
MUL_MAT q4_0_rocmfp4_fast m=512 n=128 k=2048: 16 x 43.927 us = 702.84 us (6109.38 GFLOPS/s)
MUL_MAT q4_0_rocmfp4_fast m=6144 n=32 k=2048 batch=4: 22 x 352.207 us = 7748.56 us (9143.59 GFLOPS/s)
RMS_NORM_MUL RMS_NORM(2048,128,1,1): 59 x 10.578 us = 624.12 us
RMS_NORM_MUL_ROPE RMS_NORM(64,32,128,1): 8 x 107.06 us = 856.48 us
RMS_NORM_MUL_ROPE RMS_NORM(64,8,128,1): 8 x 29.485 us = 235.88 us
SET_ROWS: 16 x 2.73 us = 43.68 us
SSM_CONV: 22 x 9.661 us = 212.56 us
Total time: 73334.4 us.
----------------
Vulkan Timings:
ADD: 58 x 7.802 us = 452.56 us
CONCAT: 22 x 23.061 us = 507.36 us
CPY: 22 x 3.845 us = 84.6 us
FLASH_ATTN_EXT dst(64,32,32,4),  q(64,32,32,4),  k(64,7680,8,4),  v(64,7680,8,4),  m(7680,32,1,4): 8 x 1744.36 us = 13954.8 us (4616.64 GFLOPS/s)
GET_ROWS: 22 x 2.61 us = 57.44 us
GLU: 29 x 39.303 us = 1139.8 us
MUL: 44 x 9.547 us = 420.08 us
MUL_MAT f32 m=64 n=1024 k=64: 16 x 8.877 us = 142.04 us (937.547 GFLOPS/s)
MUL_MAT f32 m=64 n=4096 k=64: 16 x 14.195 us = 227.12 us (2345.35 GFLOPS/s)
MUL_MAT q4_0_rocmfp4_fast m=10752 n=128 k=2048: 58 x 423.858 us = 24583.8 us (13296.3 GFLOPS/s)
MUL_MAT q4_0_rocmfp4_fast m=2048 n=128 k=10752: 29 x 572.452 us = 16601.1 us (9846.9 GFLOPS/s)
MUL_MAT q4_0_rocmfp4_fast m=2048 n=128 k=2048: 16 x 105.562 us = 1689 us (10169.1 GFLOPS/s)
MUL_MAT q4_0_rocmfp4_fast m=2048 n=32 k=2048 batch=4: 22 x 144.514 us = 3179.32 us (7428.18 GFLOPS/s)
MUL_MAT q4_0_rocmfp4_fast m=512 n=128 k=2048: 16 x 41.855 us = 669.68 us (6411.9 GFLOPS/s)
MUL_MAT q4_0_rocmfp4_fast m=6144 n=32 k=2048 batch=4: 22 x 356.341 us = 7839.52 us (9037.5 GFLOPS/s)
RMS_NORM_MUL RMS_NORM(2048,128,1,1): 59 x 10.772 us = 635.6 us
RMS_NORM_MUL_ROPE RMS_NORM(64,32,128,1): 8 x 110.655 us = 885.24 us
RMS_NORM_MUL_ROPE RMS_NORM(64,8,128,1): 8 x 30.445 us = 243.56 us
SET_ROWS: 16 x 2.67 us = 42.72 us
SSM_CONV: 22 x 9.654 us = 212.4 us
Total time: 73567.8 us.
----------------
Vulkan Timings:
ADD: 58 x 8.295 us = 481.12 us
CONCAT: 22 x 22.52 us = 495.44 us
CPY: 22 x 3.776 us = 83.08 us
FLASH_ATTN_EXT dst(64,32,32,4),  q(64,32,32,4),  k(64,7680,8,4),  v(64,7680,8,4),  m(7680,32,1,4): 8 x 1748.36 us = 13986.9 us (4606.07 GFLOPS/s)
GET_ROWS: 22 x 2.583 us = 56.84 us
GLU: 29 x 40.58 us = 1176.84 us
MUL: 44 x 9.624 us = 423.48 us
MUL_MAT f32 m=64 n=1024 k=64: 16 x 9.22 us = 147.52 us (902.719 GFLOPS/s)
MUL_MAT f32 m=64 n=4096 k=64: 16 x 14.462 us = 231.4 us (2301.97 GFLOPS/s)
MUL_MAT q4_0_rocmfp4_fast m=10752 n=128 k=2048: 58 x 423.74 us = 24577 us (13300 GFLOPS/s)
MUL_MAT q4_0_rocmfp4_fast m=2048 n=128 k=10752: 29 x 570.728 us = 16551.1 us (9876.65 GFLOPS/s)
MUL_MAT q4_0_rocmfp4_fast m=2048 n=128 k=2048: 16 x 103.71 us = 1659.36 us (10350.8 GFLOPS/s)
MUL_MAT q4_0_rocmfp4_fast m=2048 n=32 k=2048 batch=4: 22 x 143.79 us = 3163.4 us (7465.56 GFLOPS/s)
MUL_MAT q4_0_rocmfp4_fast m=512 n=128 k=2048: 16 x 40.807 us = 652.92 us (6576.49 GFLOPS/s)
MUL_MAT q4_0_rocmfp4_fast m=6144 n=32 k=2048 batch=4: 22 x 355.352 us = 7817.76 us (9062.65 GFLOPS/s)
RMS_NORM_MUL RMS_NORM(2048,128,1,1): 59 x 10.771 us = 635.52 us
RMS_NORM_MUL_ROPE RMS_NORM(64,32,128,1): 8 x 104.245 us = 833.96 us
RMS_NORM_MUL_ROPE RMS_NORM(64,8,128,1): 8 x 33.91 us = 271.28 us
SET_ROWS: 16 x 3.095 us = 49.52 us
SSM_CONV: 22 x 9.661 us = 212.56 us
Total time: 73507 us.
0.26.548.130 I slot print_timing: id  0 | task 5 | prompt processing, n_tokens =   7424, progress = 0.91, t =  16.38 s / 453.25 tokens per second
0.26.548.170 I slot print_timing: id  1 | task 4 | prompt processing, n_tokens =   7424, progress = 0.91, t =  16.38 s / 453.25 tokens per second
0.26.548.192 I slot print_timing: id  2 | task 3 | prompt processing, n_tokens =   7424, progress = 0.91, t =  16.38 s / 453.25 tokens per second
0.26.548.214 I slot print_timing: id  3 | task 1 | prompt processing, n_tokens =   7552, progress = 0.92, t =  16.46 s / 458.93 tokens per second
----------------
Vulkan Timings:
ADD: 58 x 8.248 us = 478.44 us
CONCAT: 22 x 22.241 us = 489.32 us
CPY: 22 x 3.785 us = 83.28 us
FLASH_ATTN_EXT dst(64,32,32,4),  q(64,32,32,4),  k(64,7680,8,4),  v(64,7680,8,4),  m(7680,32,1,4): 8 x 1765.96 us = 14127.7 us (4560.15 GFLOPS/s)
GET_ROWS: 22 x 2.594 us = 57.08 us
GLU: 29 x 37.611 us = 1090.72 us
MUL: 44 x 9.851 us = 433.48 us
MUL_MAT f32 m=64 n=1024 k=64: 16 x 8.952 us = 143.24 us (929.692 GFLOPS/s)
MUL_MAT f32 m=64 n=4096 k=64: 16 x 14.912 us = 238.6 us (2232.51 GFLOPS/s)
MUL_MAT q4_0_rocmfp4_fast m=10752 n=128 k=2048: 58 x 423.935 us = 24588.3 us (13293.9 GFLOPS/s)
MUL_MAT q4_0_rocmfp4_fast m=2048 n=128 k=10752: 29 x 573.976 us = 16645.3 us (9820.75 GFLOPS/s)
MUL_MAT q4_0_rocmfp4_fast m=2048 n=128 k=2048: 16 x 104.227 us = 1667.64 us (10299.4 GFLOPS/s)
MUL_MAT q4_0_rocmfp4_fast m=2048 n=32 k=2048 batch=4: 22 x 144.214 us = 3172.72 us (7443.63 GFLOPS/s)
MUL_MAT q4_0_rocmfp4_fast m=512 n=128 k=2048: 16 x 43.075 us = 689.2 us (6230.29 GFLOPS/s)
MUL_MAT q4_0_rocmfp4_fast m=6144 n=32 k=2048 batch=4: 22 x 352.607 us = 7757.36 us (9133.22 GFLOPS/s)
RMS_NORM_MUL RMS_NORM(2048,128,1,1): 59 x 10.515 us = 620.44 us
RMS_NORM_MUL_ROPE RMS_NORM(64,32,128,1): 8 x 103.855 us = 830.84 us
RMS_NORM_MUL_ROPE RMS_NORM(64,8,128,1): 8 x 31.215 us = 249.72 us
SET_ROWS: 16 x 2.657 us = 42.52 us
SSM_CONV: 22 x 9.71 us = 213.64 us
Total time: 73619.6 us.
----------------
Vulkan Timings:
ADD: 58 x 8.222 us = 476.92 us
CONCAT: 22 x 23.738 us = 522.24 us
CPY: 22 x 3.725 us = 81.96 us
FLASH_ATTN_EXT dst(64,32,32,4),  q(64,32,32,4),  k(64,7680,8,4),  v(64,7680,8,4),  m(7680,32,1,4): 8 x 1763.7 us = 14109.6 us (4566.01 GFLOPS/s)
GET_ROWS: 22 x 2.529 us = 55.64 us
GLU: 29 x 39.566 us = 1147.44 us
MUL: 44 x 9.84 us = 433 us
MUL_MAT f32 m=64 n=1024 k=64: 16 x 9 us = 144 us (924.786 GFLOPS/s)
MUL_MAT f32 m=64 n=4096 k=64: 16 x 14.232 us = 227.72 us (2339.17 GFLOPS/s)
MUL_MAT q4_0_rocmfp4_fast m=10752 n=128 k=2048: 58 x 422.484 us = 24504.1 us (13339.6 GFLOPS/s)
MUL_MAT q4_0_rocmfp4_fast m=2048 n=128 k=10752: 29 x 571.811 us = 16582.5 us (9857.95 GFLOPS/s)
MUL_MAT q4_0_rocmfp4_fast m=2048 n=128 k=2048: 16 x 98.907 us = 1582.52 us (10853.4 GFLOPS/s)
MUL_MAT q4_0_rocmfp4_fast m=2048 n=32 k=2048 batch=4: 22 x 146.605 us = 3225.32 us (7322.24 GFLOPS/s)
MUL_MAT q4_0_rocmfp4_fast m=512 n=128 k=2048: 16 x 44.157 us = 706.52 us (6077.56 GFLOPS/s)
MUL_MAT q4_0_rocmfp4_fast m=6144 n=32 k=2048 batch=4: 22 x 361.68 us = 7956.96 us (8904.11 GFLOPS/s)
RMS_NORM_MUL RMS_NORM(2048,128,1,1): 59 x 10.513 us = 620.32 us
RMS_NORM_MUL_ROPE RMS_NORM(64,32,128,1): 8 x 102.395 us = 819.16 us
RMS_NORM_MUL_ROPE RMS_NORM(64,8,128,1): 8 x 29.32 us = 234.56 us
SET_ROWS: 16 x 2.645 us = 42.32 us
SSM_CONV: 22 x 10.201 us = 224.44 us
Total time: 73697.2 us.
----------------
Vulkan Timings:
ADD: 58 x 8.148 us = 472.64 us
CONCAT: 22 x 21.361 us = 469.96 us
CPY: 22 x 3.783 us = 83.24 us
FLASH_ATTN_EXT dst(64,32,32,4),  q(64,32,32,4),  k(64,7680,8,4),  v(64,7680,8,4),  m(7680,32,1,4): 8 x 1771.02 us = 14168.2 us (4547.13 GFLOPS/s)
GET_ROWS: 22 x 2.567 us = 56.48 us
GLU: 29 x 39.358 us = 1141.4 us
MUL: 44 x 9.722 us = 427.8 us
MUL_MAT f32 m=64 n=1024 k=64: 16 x 9.012 us = 144.2 us (923.503 GFLOPS/s)
MUL_MAT f32 m=64 n=4096 k=64: 16 x 14.347 us = 229.56 us (2320.42 GFLOPS/s)
MUL_MAT q4_0_rocmfp4_fast m=10752 n=128 k=2048: 58 x 425.257 us = 24665 us (13252.6 GFLOPS/s)
MUL_MAT q4_0_rocmfp4_fast m=2048 n=128 k=10752: 29 x 572.166 us = 16592.8 us (9851.82 GFLOPS/s)
MUL_MAT q4_0_rocmfp4_fast m=2048 n=128 k=2048: 16 x 97.512 us = 1560.2 us (11008.6 GFLOPS/s)
MUL_MAT q4_0_rocmfp4_fast m=2048 n=32 k=2048 batch=4: 22 x 146.05 us = 3213.12 us (7350.04 GFLOPS/s)
MUL_MAT q4_0_rocmfp4_fast m=512 n=128 k=2048: 16 x 46.065 us = 737.04 us (5825.9 GFLOPS/s)
MUL_MAT q4_0_rocmfp4_fast m=6144 n=32 k=2048 batch=4: 22 x 350.792 us = 7717.44 us (9180.46 GFLOPS/s)
RMS_NORM_MUL RMS_NORM(2048,128,1,1): 59 x 10.602 us = 625.56 us
RMS_NORM_MUL_ROPE RMS_NORM(64,32,128,1): 8 x 104.18 us = 833.44 us
RMS_NORM_MUL_ROPE RMS_NORM(64,8,128,1): 8 x 30.66 us = 245.28 us
SET_ROWS: 16 x 2.725 us = 43.6 us
SSM_CONV: 22 x 9.643 us = 212.16 us
Total time: 73639.1 us.
----------------
Vulkan Timings:
ADD: 58 x 7.866 us = 456.24 us
CONCAT: 22 x 23.816 us = 523.96 us
CPY: 22 x 3.812 us = 83.88 us
FLASH_ATTN_EXT dst(64,32,32,4),  q(64,32,32,4),  k(64,7680,8,4),  v(64,7680,8,4),  m(7680,32,1,4): 8 x 1791.11 us = 14328.8 us (4496.14 GFLOPS/s)
GET_ROWS: 22 x 2.57 us = 56.56 us
GLU: 29 x 39.347 us = 1141.08 us
MUL: 44 x 9.428 us = 414.84 us
MUL_MAT f32 m=64 n=1024 k=64: 16 x 8.935 us = 142.96 us (931.513 GFLOPS/s)
MUL_MAT f32 m=64 n=4096 k=64: 16 x 14.235 us = 227.76 us (2338.76 GFLOPS/s)
MUL_MAT q4_0_rocmfp4_fast m=10752 n=128 k=2048: 58 x 427.502 us = 24795.1 us (13183 GFLOPS/s)
MUL_MAT q4_0_rocmfp4_fast m=2048 n=128 k=10752: 29 x 571.771 us = 16581.4 us (9858.64 GFLOPS/s)
MUL_MAT q4_0_rocmfp4_fast m=2048 n=128 k=2048: 16 x 105.095 us = 1681.52 us (10214.4 GFLOPS/s)
MUL_MAT q4_0_rocmfp4_fast m=2048 n=32 k=2048 batch=4: 22 x 140.456 us = 3090.04 us (7642.8 GFLOPS/s)
MUL_MAT q4_0_rocmfp4_fast m=512 n=128 k=2048: 16 x 41.867 us = 669.88 us (6409.98 GFLOPS/s)
MUL_MAT q4_0_rocmfp4_fast m=6144 n=32 k=2048 batch=4: 22 x 354.294 us = 7794.48 us (9089.72 GFLOPS/s)
RMS_NORM_MUL RMS_NORM(2048,128,1,1): 59 x 10.548 us = 622.36 us
RMS_NORM_MUL_ROPE RMS_NORM(64,32,128,1): 8 x 101.145 us = 809.16 us
RMS_NORM_MUL_ROPE RMS_NORM(64,8,128,1): 8 x 31.255 us = 250.04 us
SET_ROWS: 16 x 2.66 us = 42.56 us
SSM_CONV: 22 x 9.627 us = 211.8 us
Total time: 73924.4 us.
0.26.858.648 I slot print_timing: id  0 | task 5 | prompt processing, n_tokens =   7552, progress = 0.92, t =  16.69 s / 452.48 tokens per second
0.26.858.681 I slot print_timing: id  1 | task 4 | prompt processing, n_tokens =   7552, progress = 0.92, t =  16.69 s / 452.48 tokens per second
0.26.858.703 I slot print_timing: id  2 | task 3 | prompt processing, n_tokens =   7552, progress = 0.92, t =  16.69 s / 452.48 tokens per second
0.26.858.724 I slot print_timing: id  3 | task 1 | prompt processing, n_tokens =   7680, progress = 0.94, t =  16.77 s / 458.06 tokens per second
----------------
Vulkan Timings:
ADD: 58 x 8.153 us = 472.88 us
CONCAT: 22 x 23.065 us = 507.44 us
CPY: 22 x 3.778 us = 83.12 us
FLASH_ATTN_EXT dst(64,32,32,4),  q(64,32,32,4),  k(64,7936,8,4),  v(64,7936,8,4),  m(7936,32,1,4): 8 x 1774.15 us = 14193.2 us (4690.4 GFLOPS/s)
GET_ROWS: 22 x 2.685 us = 59.08 us
GLU: 29 x 38.136 us = 1105.96 us
MUL: 44 x 9.474 us = 416.88 us
MUL_MAT f32 m=64 n=1024 k=64: 16 x 9.045 us = 144.72 us (920.185 GFLOPS/s)
MUL_MAT f32 m=64 n=4096 k=64: 16 x 14.24 us = 227.84 us (2337.94 GFLOPS/s)
MUL_MAT q4_0_rocmfp4_fast m=10752 n=128 k=2048: 58 x 424.18 us = 24602.5 us (13286.2 GFLOPS/s)
MUL_MAT q4_0_rocmfp4_fast m=2048 n=128 k=10752: 29 x 572.446 us = 16601 us (9847 GFLOPS/s)
MUL_MAT q4_0_rocmfp4_fast m=2048 n=128 k=2048: 16 x 101.24 us = 1619.84 us (10603.3 GFLOPS/s)
MUL_MAT q4_0_rocmfp4_fast m=2048 n=32 k=2048 batch=4: 22 x 147.22 us = 3238.84 us (7291.67 GFLOPS/s)
MUL_MAT q4_0_rocmfp4_fast m=512 n=128 k=2048: 16 x 43.5 us = 696 us (6169.42 GFLOPS/s)
MUL_MAT q4_0_rocmfp4_fast m=6144 n=32 k=2048 batch=4: 22 x 356.398 us = 7840.76 us (9036.07 GFLOPS/s)
RMS_NORM_MUL RMS_NORM(2048,128,1,1): 59 x 10.686 us = 630.48 us
RMS_NORM_MUL_ROPE RMS_NORM(64,32,128,1): 8 x 106.235 us = 849.88 us
RMS_NORM_MUL_ROPE RMS_NORM(64,8,128,1): 8 x 33.17 us = 265.36 us
SET_ROWS: 16 x 2.902 us = 46.44 us
SSM_CONV: 22 x 9.701 us = 213.44 us
Total time: 73815.6 us.
----------------
Vulkan Timings:
ADD: 58 x 8.056 us = 467.28 us
CONCAT: 22 x 22.21 us = 488.64 us
CPY: 22 x 3.787 us = 83.32 us
FLASH_ATTN_EXT dst(64,32,32,4),  q(64,32,32,4),  k(64,7936,8,4),  v(64,7936,8,4),  m(7936,32,1,4): 8 x 1800.53 us = 14404.2 us (4621.71 GFLOPS/s)
GET_ROWS: 22 x 2.541 us = 55.92 us
GLU: 29 x 38.655 us = 1121 us
MUL: 44 x 9.62 us = 423.32 us
MUL_MAT f32 m=64 n=1024 k=64: 16 x 8.962 us = 143.4 us (928.655 GFLOPS/s)
MUL_MAT f32 m=64 n=4096 k=64: 16 x 14.342 us = 229.48 us (2321.23 GFLOPS/s)
MUL_MAT q4_0_rocmfp4_fast m=10752 n=128 k=2048: 58 x 424.395 us = 24614.9 us (13279.5 GFLOPS/s)
MUL_MAT q4_0_rocmfp4_fast m=2048 n=128 k=10752: 29 x 575.473 us = 16688.7 us (9795.21 GFLOPS/s)
MUL_MAT q4_0_rocmfp4_fast m=2048 n=128 k=2048: 16 x 99.812 us = 1597 us (10755 GFLOPS/s)
MUL_MAT q4_0_rocmfp4_fast m=2048 n=32 k=2048 batch=4: 22 x 142.016 us = 3124.36 us (7558.84 GFLOPS/s)
MUL_MAT q4_0_rocmfp4_fast m=512 n=128 k=2048: 16 x 43.382 us = 694.12 us (6186.13 GFLOPS/s)
MUL_MAT q4_0_rocmfp4_fast m=6144 n=32 k=2048 batch=4: 22 x 355.93 us = 7830.48 us (9047.93 GFLOPS/s)
RMS_NORM_MUL RMS_NORM(2048,128,1,1): 59 x 10.515 us = 620.44 us
RMS_NORM_MUL_ROPE RMS_NORM(64,32,128,1): 8 x 102.965 us = 823.72 us
RMS_NORM_MUL_ROPE RMS_NORM(64,8,128,1): 8 x 29.4 us = 235.2 us
SET_ROWS: 16 x 2.635 us = 42.16 us
SSM_CONV: 22 x 9.656 us = 212.44 us
Total time: 73900.1 us.
----------------
Vulkan Timings:
ADD: 58 x 8.254 us = 478.76 us
CONCAT: 22 x 21.396 us = 470.72 us
CPY: 22 x 3.77 us = 82.96 us
FLASH_ATTN_EXT dst(64,32,32,4),  q(64,32,32,4),  k(64,7936,8,4),  v(64,7936,8,4),  m(7936,32,1,4): 8 x 1811.21 us = 14489.7 us (4594.44 GFLOPS/s)
GET_ROWS: 22 x 2.507 us = 55.16 us
GLU: 29 x 38.837 us = 1126.28 us
MUL: 44 x 10.402 us = 457.72 us
MUL_MAT f32 m=64 n=1024 k=64: 16 x 9.015 us = 144.24 us (923.247 GFLOPS/s)
MUL_MAT f32 m=64 n=4096 k=64: 16 x 14.312 us = 229 us (2326.1 GFLOPS/s)
MUL_MAT q4_0_rocmfp4_fast m=10752 n=128 k=2048: 58 x 423.429 us = 24558.9 us (13309.8 GFLOPS/s)
MUL_MAT q4_0_rocmfp4_fast m=2048 n=128 k=10752: 29 x 577.195 us = 16738.7 us (9765.98 GFLOPS/s)
MUL_MAT q4_0_rocmfp4_fast m=2048 n=128 k=2048: 16 x 102.36 us = 1637.76 us (10487.3 GFLOPS/s)
MUL_MAT q4_0_rocmfp4_fast m=2048 n=32 k=2048 batch=4: 22 x 142.345 us = 3131.6 us (7541.37 GFLOPS/s)
MUL_MAT q4_0_rocmfp4_fast m=512 n=128 k=2048: 16 x 43.91 us = 702.56 us (6111.82 GFLOPS/s)
MUL_MAT q4_0_rocmfp4_fast m=6144 n=32 k=2048 batch=4: 22 x 351.558 us = 7734.28 us (9160.47 GFLOPS/s)
RMS_NORM_MUL RMS_NORM(2048,128,1,1): 59 x 10.505 us = 619.8 us
RMS_NORM_MUL_ROPE RMS_NORM(64,32,128,1): 8 x 102.52 us = 820.16 us
RMS_NORM_MUL_ROPE RMS_NORM(64,8,128,1): 8 x 29.495 us = 235.96 us
SET_ROWS: 16 x 2.6 us = 41.6 us
SSM_CONV: 22 x 9.665 us = 212.64 us
Total time: 73968.5 us.
----------------
Vulkan Timings:
ADD: 58 x 8.153 us = 472.92 us
CONCAT: 22 x 27.125 us = 596.76 us
CPY: 22 x 3.729 us = 82.04 us
FLASH_ATTN_EXT dst(64,32,32,4),  q(64,32,32,4),  k(64,7936,8,4),  v(64,7936,8,4),  m(7936,32,1,4): 8 x 1806.34 us = 14450.7 us (4606.84 GFLOPS/s)
GET_ROWS: 22 x 2.627 us = 57.8 us
GLU: 29 x 37.329 us = 1082.56 us
MUL: 44 x 8.898 us = 391.52 us
MUL_MAT f32 m=64 n=1024 k=64: 16 x 8.995 us = 143.92 us (925.3 GFLOPS/s)
MUL_MAT f32 m=64 n=4096 k=64: 16 x 14.225 us = 227.6 us (2340.41 GFLOPS/s)
MUL_MAT q4_0_rocmfp4_fast m=10752 n=128 k=2048: 58 x 425.977 us = 24706.7 us (13230.2 GFLOPS/s)
MUL_MAT q4_0_rocmfp4_fast m=2048 n=128 k=10752: 29 x 571.931 us = 16586 us (9855.88 GFLOPS/s)
MUL_MAT q4_0_rocmfp4_fast m=2048 n=128 k=2048: 16 x 102.027 us = 1632.44 us (10521.5 GFLOPS/s)
MUL_MAT q4_0_rocmfp4_fast m=2048 n=32 k=2048 batch=4: 22 x 142.36 us = 3131.92 us (7540.6 GFLOPS/s)
MUL_MAT q4_0_rocmfp4_fast m=512 n=128 k=2048: 16 x 44.522 us = 712.36 us (6027.74 GFLOPS/s)
MUL_MAT q4_0_rocmfp4_fast m=6144 n=32 k=2048 batch=4: 22 x 356.89 us = 7851.6 us (9023.6 GFLOPS/s)
RMS_NORM_MUL RMS_NORM(2048,128,1,1): 59 x 10.423 us = 614.96 us
RMS_NORM_MUL_ROPE RMS_NORM(64,32,128,1): 8 x 109.345 us = 874.76 us
RMS_NORM_MUL_ROPE RMS_NORM(64,8,128,1): 8 x 36.025 us = 288.2 us
SET_ROWS: 16 x 2.7 us = 43.2 us
SSM_CONV: 22 x 9.687 us = 213.12 us
Total time: 74161.1 us.
0.27.175.635 I slot print_timing: id  0 | task 5 | prompt processing, n_tokens =   7680, progress = 0.94, t =  17.01 s / 451.58 tokens per second
0.27.175.668 I slot print_timing: id  1 | task 4 | prompt processing, n_tokens =   7680, progress = 0.94, t =  17.01 s / 451.58 tokens per second
0.27.175.690 I slot print_timing: id  2 | task 3 | prompt processing, n_tokens =   7680, progress = 0.94, t =  17.01 s / 451.58 tokens per second
0.27.175.715 I slot print_timing: id  3 | task 1 | prompt processing, n_tokens =   7808, progress = 0.95, t =  17.08 s / 457.06 tokens per second
----------------
Vulkan Timings:
ADD: 58 x 8.092 us = 469.36 us
CONCAT: 22 x 22.998 us = 505.96 us
CPY: 22 x 3.82 us = 84.04 us
FLASH_ATTN_EXT dst(64,32,32,4),  q(64,32,32,4),  k(64,7936,8,4),  v(64,7936,8,4),  m(7936,32,1,4): 8 x 1797.83 us = 14382.6 us (4628.64 GFLOPS/s)
GET_ROWS: 22 x 2.565 us = 56.44 us
GLU: 29 x 39.398 us = 1142.56 us
MUL: 44 x 10.232 us = 450.24 us
MUL_MAT f32 m=64 n=1024 k=64: 16 x 8.955 us = 143.28 us (929.433 GFLOPS/s)
MUL_MAT f32 m=64 n=4096 k=64: 16 x 14.305 us = 228.88 us (2327.32 GFLOPS/s)
MUL_MAT q4_0_rocmfp4_fast m=10752 n=128 k=2048: 58 x 425.184 us = 24660.7 us (13254.9 GFLOPS/s)
MUL_MAT q4_0_rocmfp4_fast m=2048 n=128 k=10752: 29 x 574.193 us = 16651.6 us (9817.05 GFLOPS/s)
MUL_MAT q4_0_rocmfp4_fast m=2048 n=128 k=2048: 16 x 98.95 us = 1583.2 us (10848.7 GFLOPS/s)
MUL_MAT q4_0_rocmfp4_fast m=2048 n=32 k=2048 batch=4: 22 x 142.509 us = 3135.2 us (7532.71 GFLOPS/s)
MUL_MAT q4_0_rocmfp4_fast m=512 n=128 k=2048: 16 x 45.637 us = 730.2 us (5880.47 GFLOPS/s)
MUL_MAT q4_0_rocmfp4_fast m=6144 n=32 k=2048 batch=4: 22 x 349.32 us = 7685.04 us (9219.17 GFLOPS/s)
RMS_NORM_MUL RMS_NORM(2048,128,1,1): 59 x 10.743 us = 633.88 us
RMS_NORM_MUL_ROPE RMS_NORM(64,32,128,1): 8 x 100.665 us = 805.32 us
RMS_NORM_MUL_ROPE RMS_NORM(64,8,128,1): 8 x 27.585 us = 220.68 us
SET_ROWS: 16 x 2.835 us = 45.36 us
SSM_CONV: 22 x 9.669 us = 212.72 us
Total time: 73827.3 us.
----------------
Vulkan Timings:
ADD: 58 x 8.189 us = 475 us
CONCAT: 22 x 24.567 us = 540.48 us
CPY: 22 x 3.814 us = 83.92 us
FLASH_ATTN_EXT dst(64,32,32,4),  q(64,32,32,4),  k(64,7936,8,4),  v(64,7936,8,4),  m(7936,32,1,4): 8 x 1810.12 us = 14480.9 us (4597.22 GFLOPS/s)
GET_ROWS: 22 x 2.592 us = 57.04 us
GLU: 29 x 39.417 us = 1143.12 us
MUL: 44 x 8.66 us = 381.04 us
MUL_MAT f32 m=64 n=1024 k=64: 16 x 8.967 us = 143.48 us (928.137 GFLOPS/s)
MUL_MAT f32 m=64 n=4096 k=64: 16 x 14.332 us = 229.32 us (2322.85 GFLOPS/s)
MUL_MAT q4_0_rocmfp4_fast m=10752 n=128 k=2048: 58 x 425.573 us = 24683.2 us (13242.8 GFLOPS/s)
MUL_MAT q4_0_rocmfp4_fast m=2048 n=128 k=10752: 29 x 570.204 us = 16535.9 us (9885.73 GFLOPS/s)
MUL_MAT q4_0_rocmfp4_fast m=2048 n=128 k=2048: 16 x 105.807 us = 1692.92 us (10145.6 GFLOPS/s)
MUL_MAT q4_0_rocmfp4_fast m=2048 n=32 k=2048 batch=4: 22 x 139.912 us = 3078.08 us (7672.49 GFLOPS/s)
MUL_MAT q4_0_rocmfp4_fast m=512 n=128 k=2048: 16 x 42.435 us = 678.96 us (6324.26 GFLOPS/s)
MUL_MAT q4_0_rocmfp4_fast m=6144 n=32 k=2048 batch=4: 22 x 362.901 us = 7983.84 us (8874.13 GFLOPS/s)
RMS_NORM_MUL RMS_NORM(2048,128,1,1): 59 x 10.526 us = 621.08 us
RMS_NORM_MUL_ROPE RMS_NORM(64,32,128,1): 8 x 109.355 us = 874.84 us
RMS_NORM_MUL_ROPE RMS_NORM(64,8,128,1): 8 x 32.175 us = 257.4 us
SET_ROWS: 16 x 2.657 us = 42.52 us
SSM_CONV: 22 x 9.69 us = 213.2 us
Total time: 74196.3 us.
----------------
Vulkan Timings:
ADD: 58 x 8.195 us = 475.36 us
CONCAT: 22 x 21.387 us = 470.52 us
CPY: 22 x 3.776 us = 83.08 us
FLASH_ATTN_EXT dst(64,32,32,4),  q(64,32,32,4),  k(64,7936,8,4),  v(64,7936,8,4),  m(7936,32,1,4): 8 x 1810.28 us = 14482.2 us (4596.81 GFLOPS/s)
GET_ROWS: 22 x 2.601 us = 57.24 us
GLU: 29 x 37.925 us = 1099.84 us
MUL: 44 x 10.41 us = 458.04 us
MUL_MAT f32 m=64 n=1024 k=64: 16 x 9.32 us = 149.12 us (893.033 GFLOPS/s)
MUL_MAT f32 m=64 n=4096 k=64: 16 x 14.32 us = 229.12 us (2324.88 GFLOPS/s)
MUL_MAT q4_0_rocmfp4_fast m=10752 n=128 k=2048: 58 x 421.863 us = 24468.1 us (13359.2 GFLOPS/s)
MUL_MAT q4_0_rocmfp4_fast m=2048 n=128 k=10752: 29 x 573.568 us = 16633.5 us (9827.74 GFLOPS/s)
MUL_MAT q4_0_rocmfp4_fast m=2048 n=128 k=2048: 16 x 102.237 us = 1635.8 us (10499.9 GFLOPS/s)
MUL_MAT q4_0_rocmfp4_fast m=2048 n=32 k=2048 batch=4: 22 x 143.274 us = 3152.04 us (7492.47 GFLOPS/s)
MUL_MAT q4_0_rocmfp4_fast m=512 n=128 k=2048: 16 x 43.427 us = 694.84 us (6179.72 GFLOPS/s)
MUL_MAT q4_0_rocmfp4_fast m=6144 n=32 k=2048 batch=4: 22 x 350.401 us = 7708.84 us (9190.7 GFLOPS/s)
RMS_NORM_MUL RMS_NORM(2048,128,1,1): 59 x 10.539 us = 621.84 us
RMS_NORM_MUL_ROPE RMS_NORM(64,32,128,1): 8 x 102.45 us = 819.6 us
RMS_NORM_MUL_ROPE RMS_NORM(64,8,128,1): 8 x 31.26 us = 250.08 us
SET_ROWS: 16 x 2.77 us = 44.32 us
SSM_CONV: 22 x 9.69 us = 213.2 us
Total time: 73746.6 us.
----------------
Vulkan Timings:
ADD: 58 x 8.254 us = 478.76 us
CONCAT: 22 x 22.176 us = 487.88 us
CPY: 22 x 3.792 us = 83.44 us
FLASH_ATTN_EXT dst(64,32,32,4),  q(64,32,32,4),  k(64,7936,8,4),  v(64,7936,8,4),  m(7936,32,1,4): 8 x 1830.77 us = 14646.2 us (4545.35 GFLOPS/s)
GET_ROWS: 22 x 2.587 us = 56.92 us
GLU: 29 x 38.983 us = 1130.52 us
MUL: 44 x 9.94 us = 437.36 us
MUL_MAT f32 m=64 n=1024 k=64: 16 x 8.905 us = 142.48 us (934.652 GFLOPS/s)
MUL_MAT f32 m=64 n=4096 k=64: 16 x 14.307 us = 228.92 us (2326.91 GFLOPS/s)
MUL_MAT q4_0_rocmfp4_fast m=10752 n=128 k=2048: 58 x 424.011 us = 24592.7 us (13291.5 GFLOPS/s)
MUL_MAT q4_0_rocmfp4_fast m=2048 n=128 k=10752: 29 x 573.722 us = 16638 us (9825.1 GFLOPS/s)
MUL_MAT q4_0_rocmfp4_fast m=2048 n=128 k=2048: 16 x 99.582 us = 1593.32 us (10779.8 GFLOPS/s)
MUL_MAT q4_0_rocmfp4_fast m=2048 n=32 k=2048 batch=4: 22 x 142.16 us = 3127.52 us (7551.21 GFLOPS/s)
MUL_MAT q4_0_rocmfp4_fast m=512 n=128 k=2048: 16 x 42.545 us = 680.72 us (6307.91 GFLOPS/s)
MUL_MAT q4_0_rocmfp4_fast m=6144 n=32 k=2048 batch=4: 22 x 355.754 us = 7826.6 us (9052.42 GFLOPS/s)
RMS_NORM_MUL RMS_NORM(2048,128,1,1): 59 x 10.96 us = 646.64 us
RMS_NORM_MUL_ROPE RMS_NORM(64,32,128,1): 8 x 102.635 us = 821.08 us
RMS_NORM_MUL_ROPE RMS_NORM(64,8,128,1): 8 x 27.58 us = 220.64 us
SET_ROWS: 16 x 2.66 us = 42.56 us
SSM_CONV: 22 x 9.689 us = 213.16 us
Total time: 74095.3 us.
0.27.487.836 I slot print_timing: id  0 | task 5 | prompt processing, n_tokens =   7808, progress = 0.95, t =  17.32 s / 450.83 tokens per second
0.27.487.868 I slot print_timing: id  1 | task 4 | prompt processing, n_tokens =   7808, progress = 0.95, t =  17.32 s / 450.83 tokens per second
0.27.487.890 I slot print_timing: id  2 | task 3 | prompt processing, n_tokens =   7808, progress = 0.95, t =  17.32 s / 450.83 tokens per second
0.27.487.919 I slot print_timing: id  3 | task 1 | prompt processing, n_tokens =   7936, progress = 0.97, t =  17.40 s / 456.21 tokens per second
----------------
Vulkan Timings:
ADD: 58 x 8.672 us = 503 us
CONCAT: 22 x 23.845 us = 524.6 us
CPY: 22 x 3.801 us = 83.64 us
FLASH_ATTN_EXT dst(64,32,32,4),  q(64,32,32,4),  k(64,8192,8,4),  v(64,8192,8,4),  m(8192,32,1,4): 8 x 1888.28 us = 15106.2 us (4549.09 GFLOPS/s)
GET_ROWS: 22 x 2.567 us = 56.48 us
GLU: 29 x 38.892 us = 1127.88 us
MUL: 44 x 9.686 us = 426.2 us
MUL_MAT f32 m=64 n=1024 k=64: 16 x 9.065 us = 145.04 us (918.155 GFLOPS/s)
MUL_MAT f32 m=64 n=4096 k=64: 16 x 14.42 us = 230.72 us (2308.76 GFLOPS/s)
MUL_MAT q4_0_rocmfp4_fast m=10752 n=128 k=2048: 58 x 426.878 us = 24759 us (13202.3 GFLOPS/s)
MUL_MAT q4_0_rocmfp4_fast m=2048 n=128 k=10752: 29 x 575.028 us = 16675.8 us (9802.78 GFLOPS/s)
MUL_MAT q4_0_rocmfp4_fast m=2048 n=128 k=2048: 16 x 106.74 us = 1707.84 us (10057 GFLOPS/s)
MUL_MAT q4_0_rocmfp4_fast m=2048 n=32 k=2048 batch=4: 22 x 144.094 us = 3170.08 us (7449.83 GFLOPS/s)
MUL_MAT q4_0_rocmfp4_fast m=512 n=128 k=2048: 16 x 43.107 us = 689.72 us (6225.6 GFLOPS/s)
MUL_MAT q4_0_rocmfp4_fast m=6144 n=32 k=2048 batch=4: 22 x 363.583 us = 7998.84 us (8857.49 GFLOPS/s)
RMS_NORM_MUL RMS_NORM(2048,128,1,1): 59 x 10.662 us = 629.08 us
RMS_NORM_MUL_ROPE RMS_NORM(64,32,128,1): 8 x 106.045 us = 848.36 us
RMS_NORM_MUL_ROPE RMS_NORM(64,8,128,1): 8 x 31.735 us = 253.88 us
SET_ROWS: 16 x 2.775 us = 44.4 us
SSM_CONV: 22 x 9.745 us = 214.4 us
Total time: 75195.2 us.
----------------
Vulkan Timings:
ADD: 58 x 9.068 us = 525.96 us
CONCAT: 22 x 22.541 us = 495.92 us
CPY: 22 x 3.816 us = 83.96 us
FLASH_ATTN_EXT dst(64,32,32,4),  q(64,32,32,4),  k(64,8192,8,4),  v(64,8192,8,4),  m(8192,32,1,4): 8 x 1857.9 us = 14863.2 us (4623.46 GFLOPS/s)
GET_ROWS: 22 x 2.612 us = 57.48 us
GLU: 29 x 37.892 us = 1098.88 us
MUL: 44 x 9.008 us = 396.36 us
MUL_MAT f32 m=64 n=1024 k=64: 16 x 8.88 us = 142.08 us (937.283 GFLOPS/s)
MUL_MAT f32 m=64 n=4096 k=64: 16 x 14.305 us = 228.88 us (2327.32 GFLOPS/s)
MUL_MAT q4_0_rocmfp4_fast m=10752 n=128 k=2048: 58 x 424.959 us = 24647.6 us (13261.9 GFLOPS/s)
MUL_MAT q4_0_rocmfp4_fast m=2048 n=128 k=10752: 29 x 573.54 us = 16632.7 us (9828.22 GFLOPS/s)
MUL_MAT q4_0_rocmfp4_fast m=2048 n=128 k=2048: 16 x 106.262 us = 1700.2 us (10102.1 GFLOPS/s)
MUL_MAT q4_0_rocmfp4_fast m=2048 n=32 k=2048 batch=4: 22 x 139.032 us = 3058.72 us (7721.06 GFLOPS/s)
MUL_MAT q4_0_rocmfp4_fast m=512 n=128 k=2048: 16 x 40.09 us = 641.44 us (6694.19 GFLOPS/s)
MUL_MAT q4_0_rocmfp4_fast m=6144 n=32 k=2048 batch=4: 22 x 358.489 us = 7886.76 us (8983.37 GFLOPS/s)
RMS_NORM_MUL RMS_NORM(2048,128,1,1): 59 x 10.537 us = 621.72 us
RMS_NORM_MUL_ROPE RMS_NORM(64,32,128,1): 8 x 102.065 us = 816.52 us
RMS_NORM_MUL_ROPE RMS_NORM(64,8,128,1): 8 x 27.565 us = 220.52 us
SET_ROWS: 16 x 2.755 us = 44.08 us
SSM_CONV: 22 x 9.676 us = 212.88 us
Total time: 74375.9 us.
----------------
Vulkan Timings:
ADD: 58 x 7.944 us = 460.8 us
CONCAT: 22 x 22.292 us = 490.44 us
CPY: 22 x 3.798 us = 83.56 us
FLASH_ATTN_EXT dst(64,32,32,4),  q(64,32,32,4),  k(64,8192,8,4),  v(64,8192,8,4),  m(8192,32,1,4): 8 x 1882.79 us = 15062.3 us (4562.36 GFLOPS/s)
GET_ROWS: 22 x 2.627 us = 57.8 us
GLU: 29 x 38.944 us = 1129.4 us
MUL: 44 x 10.727 us = 472 us
MUL_MAT f32 m=64 n=1024 k=64: 16 x 8.9 us = 142.4 us (935.177 GFLOPS/s)
MUL_MAT f32 m=64 n=4096 k=64: 16 x 14.35 us = 229.6 us (2320.02 GFLOPS/s)
MUL_MAT q4_0_rocmfp4_fast m=10752 n=128 k=2048: 58 x 422.831 us = 24524.2 us (13328.6 GFLOPS/s)
MUL_MAT q4_0_rocmfp4_fast m=2048 n=128 k=10752: 29 x 576.27 us = 16711.8 us (9781.66 GFLOPS/s)
MUL_MAT q4_0_rocmfp4_fast m=2048 n=128 k=2048: 16 x 106.392 us = 1702.28 us (10089.8 GFLOPS/s)
MUL_MAT q4_0_rocmfp4_fast m=2048 n=32 k=2048 batch=4: 22 x 139.756 us = 3074.64 us (7681.08 GFLOPS/s)
MUL_MAT q4_0_rocmfp4_fast m=512 n=128 k=2048: 16 x 37.715 us = 603.44 us (7115.73 GFLOPS/s)
MUL_MAT q4_0_rocmfp4_fast m=6144 n=32 k=2048 batch=4: 22 x 354.796 us = 7805.52 us (9076.87 GFLOPS/s)
RMS_NORM_MUL RMS_NORM(2048,128,1,1): 59 x 10.473 us = 617.92 us
RMS_NORM_MUL_ROPE RMS_NORM(64,32,128,1): 8 x 100.735 us = 805.88 us
RMS_NORM_MUL_ROPE RMS_NORM(64,8,128,1): 8 x 27.545 us = 220.36 us
SET_ROWS: 16 x 2.677 us = 42.84 us
SSM_CONV: 22 x 10.001 us = 220.04 us
Total time: 74457.3 us.
----------------
Vulkan Timings:
ADD: 58 x 7.208 us = 418.12 us
CONCAT: 22 x 12.52 us = 275.44 us
CPY: 22 x 3.694 us = 81.28 us
FLASH_ATTN_EXT dst(64,32,28,4),  q(64,28,32,4),  k(64,8192,8,4),  v(64,8192,8,4),  m(8192,28,1,4): 8 x 2241.67 us = 17933.4 us (3352.94 GFLOPS/s)
GET_ROWS: 22 x 2.56 us = 56.32 us
GLU: 29 x 32.899 us = 954.08 us
MUL: 44 x 8.873 us = 390.44 us
MUL_MAT f32 m=64 n=3584 k=64: 16 x 13.21 us = 211.36 us (2205.2 GFLOPS/s)
MUL_MAT f32 m=64 n=896 k=64: 16 x 8.76 us = 140.16 us (831.357 GFLOPS/s)
MUL_MAT q4_0_rocmfp4_fast m=10752 n=112 k=2048: 58 x 420.552 us = 24392 us (11725.8 GFLOPS/s)
MUL_MAT q4_0_rocmfp4_fast m=2048 n=112 k=10752: 29 x 568.788 us = 16494.9 us (8671.53 GFLOPS/s)
MUL_MAT q4_0_rocmfp4_fast m=2048 n=112 k=2048: 16 x 101.715 us = 1627.44 us (9234.57 GFLOPS/s)
MUL_MAT q4_0_rocmfp4_fast m=2048 n=28 k=2048 batch=4: 22 x 139.487 us = 3068.72 us (6733.91 GFLOPS/s)
MUL_MAT q4_0_rocmfp4_fast m=512 n=112 k=2048: 16 x 41.01 us = 656.16 us (5726.01 GFLOPS/s)
MUL_MAT q4_0_rocmfp4_fast m=6144 n=28 k=2048 batch=4: 22 x 351.62 us = 7735.64 us (8014 GFLOPS/s)
RMS_NORM_MUL RMS_NORM(2048,112,1,1): 59 x 9.538 us = 562.8 us
RMS_NORM_MUL_ROPE RMS_NORM(64,32,112,1): 8 x 90.545 us = 724.36 us
RMS_NORM_MUL_ROPE RMS_NORM(64,8,112,1): 8 x 25.215 us = 201.72 us
SET_ROWS: 16 x 2.625 us = 42 us
SSM_CONV: 22 x 8.98 us = 197.56 us
Total time: 76163.9 us.
----------------
Vulkan Timings:
ADD: 58 x 1.722 us = 99.92 us
CONCAT: 22 x 4.774 us = 105.04 us
CPY: 22 x 1.587 us = 34.92 us
FLASH_ATTN_EXT dst(64,32,4,3),  q(64,4,32,3),  k(64,7936,8,3),  v(64,7936,8,3),  m(7936,4,1,3): 8 x 466.805 us = 3734.44 us (1671.23 GFLOPS/s)
GET_ROWS: 22 x 3.305 us = 72.72 us
GLU: 29 x 5.968 us = 173.08 us
MUL: 44 x 2.153 us = 94.76 us
MUL_MAT f32 m=64 n=384 k=64: 16 x 11.357 us = 181.72 us (274.81 GFLOPS/s)
MUL_MAT f32 m=64 n=96 k=64: 16 x 4.722 us = 75.56 us (165.228 GFLOPS/s)
MUL_MAT q4_0_rocmfp4_fast m=10752 n=12 k=2048: 58 x 182.693 us = 10596.2 us (2892.02 GFLOPS/s)
MUL_MAT q4_0_rocmfp4_fast m=2048 n=12 k=10752: 29 x 491.022 us = 14239.6 us (1076.24 GFLOPS/s)
MUL_MAT q4_0_rocmfp4_fast m=2048 n=12 k=2048: 16 x 92.102 us = 1473.64 us (1092.68 GFLOPS/s)
MUL_MAT q4_0_rocmfp4_fast m=512 n=12 k=2048: 16 x 27.467 us = 439.48 us (915.98 GFLOPS/s)
MUL_MAT_VEC q4_0_rocmfp4_fast m=2048 n=4 k=2048 batch=3: 22 x 83.681 us = 1841 us (1202.64 GFLOPS/s)
MUL_MAT_VEC q4_0_rocmfp4_fast m=6144 n=4 k=2048 batch=3: 22 x 253.554 us = 5578.2 us (1190.73 GFLOPS/s)
RMS_NORM_MUL RMS_NORM(2048,12,1,1): 59 x 4.543 us = 268.08 us
RMS_NORM_MUL_ROPE RMS_NORM(64,32,12,1): 8 x 14.41 us = 115.28 us
RMS_NORM_MUL_ROPE RMS_NORM(64,8,12,1): 8 x 5.5 us = 44 us
SET_ROWS: 16 x 2.192 us = 35.08 us
SSM_CONV: 22 x 3.965 us = 87.24 us
Total time: 39290 us.
0.27.853.314 I slot print_timing: id  0 | task 5 | prompt processing, n_tokens =   7936, progress = 0.97, t =  17.68 s / 448.75 tokens per second
0.27.853.345 I slot print_timing: id  1 | task 4 | prompt processing, n_tokens =   7936, progress = 0.97, t =  17.68 s / 448.75 tokens per second
0.27.853.366 I slot print_timing: id  2 | task 3 | prompt processing, n_tokens =   7936, progress = 0.97, t =  17.68 s / 448.75 tokens per second
0.27.853.388 I slot print_timing: id  3 | task 1 | prompt processing, n_tokens =   8060, progress = 0.98, t =  17.76 s / 453.81 tokens per second
----------------
Vulkan Timings:
ADD: 58 x 8.953 us = 519.32 us
CONCAT: 22 x 25.2 us = 554.4 us
CPY: 22 x 3.885 us = 85.48 us
FLASH_ATTN_EXT dst(64,32,32,4),  q(64,32,32,4),  k(64,8192,8,4),  v(64,8192,8,4),  m(8192,32,1,4): 8 x 2063.41 us = 16507.2 us (4162.99 GFLOPS/s)
GET_ROWS: 22 x 2.623 us = 57.72 us
GLU: 29 x 41.114 us = 1192.32 us
MUL: 44 x 9.79 us = 430.8 us
MUL_MAT f32 m=64 n=1024 k=64: 16 x 9.97 us = 159.52 us (834.812 GFLOPS/s)
MUL_MAT f32 m=64 n=4096 k=64: 16 x 15.645 us = 250.32 us (2127.98 GFLOPS/s)
MUL_MAT q4_0_rocmfp4_fast m=10752 n=128 k=2048: 58 x 457.72 us = 26547.8 us (12312.7 GFLOPS/s)
MUL_MAT q4_0_rocmfp4_fast m=2048 n=128 k=10752: 29 x 610.467 us = 17703.6 us (9233.71 GFLOPS/s)
MUL_MAT q4_0_rocmfp4_fast m=2048 n=128 k=2048: 16 x 113.98 us = 1823.68 us (9418.14 GFLOPS/s)
MUL_MAT q4_0_rocmfp4_fast m=2048 n=32 k=2048 batch=4: 22 x 150.634 us = 3313.96 us (7126.38 GFLOPS/s)
MUL_MAT q4_0_rocmfp4_fast m=512 n=128 k=2048: 16 x 48.852 us = 781.64 us (5493.47 GFLOPS/s)
MUL_MAT q4_0_rocmfp4_fast m=6144 n=32 k=2048 batch=4: 22 x 375.278 us = 8256.12 us (8581.47 GFLOPS/s)
RMS_NORM_MUL RMS_NORM(2048,128,1,1): 59 x 10.921 us = 644.36 us
RMS_NORM_MUL_ROPE RMS_NORM(64,32,128,1): 8 x 118.63 us = 949.04 us
RMS_NORM_MUL_ROPE RMS_NORM(64,8,128,1): 8 x 35.16 us = 281.28 us
SET_ROWS: 16 x 3.112 us = 49.8 us
SSM_CONV: 22 x 10.181 us = 224 us
Total time: 80332.3 us.
----------------
Vulkan Timings:
ADD: 58 x 9.364 us = 543.16 us
CONCAT: 22 x 21.467 us = 472.28 us
CPY: 22 x 3.767 us = 82.88 us
FLASH_ATTN_EXT dst(64,32,32,4),  q(64,32,32,4),  k(64,8192,8,4),  v(64,8192,8,4),  m(8192,32,1,4): 8 x 1876.27 us = 15010.1 us (4578.21 GFLOPS/s)
GET_ROWS: 22 x 2.605 us = 57.32 us
GLU: 29 x 39.328 us = 1140.52 us
MUL: 44 x 9.888 us = 435.08 us
MUL_MAT f32 m=64 n=1024 k=64: 16 x 8.917 us = 142.68 us (933.341 GFLOPS/s)
MUL_MAT f32 m=64 n=4096 k=64: 16 x 15.562 us = 249 us (2139.26 GFLOPS/s)
MUL_MAT q4_0_rocmfp4_fast m=10752 n=128 k=2048: 58 x 422.137 us = 24484 us (13350.5 GFLOPS/s)
MUL_MAT q4_0_rocmfp4_fast m=2048 n=128 k=10752: 29 x 576.143 us = 16708.2 us (9783.82 GFLOPS/s)
MUL_MAT q4_0_rocmfp4_fast m=2048 n=128 k=2048: 16 x 106.355 us = 1701.68 us (10093.4 GFLOPS/s)
MUL_MAT q4_0_rocmfp4_fast m=2048 n=32 k=2048 batch=4: 22 x 139.16 us = 3061.52 us (7714 GFLOPS/s)
MUL_MAT q4_0_rocmfp4_fast m=512 n=128 k=2048: 16 x 36.125 us = 578 us (7428.93 GFLOPS/s)
MUL_MAT q4_0_rocmfp4_fast m=6144 n=32 k=2048 batch=4: 22 x 354.36 us = 7795.92 us (9088.04 GFLOPS/s)
RMS_NORM_MUL RMS_NORM(2048,128,1,1): 59 x 10.581 us = 624.32 us
RMS_NORM_MUL_ROPE RMS_NORM(64,32,128,1): 8 x 100.455 us = 803.64 us
RMS_NORM_MUL_ROPE RMS_NORM(64,8,128,1): 8 x 28.435 us = 227.48 us
SET_ROWS: 16 x 2.675 us = 42.8 us
SSM_CONV: 22 x 9.709 us = 213.6 us
Total time: 74374.2 us.
----------------
Vulkan Timings:
ADD: 58 x 8.098 us = 469.72 us
CONCAT: 22 x 21.39 us = 470.6 us
CPY: 22 x 3.796 us = 83.52 us
FLASH_ATTN_EXT dst(64,32,32,4),  q(64,32,32,4),  k(64,8192,8,4),  v(64,8192,8,4),  m(8192,32,1,4): 8 x 1894.78 us = 15158.2 us (4533.49 GFLOPS/s)
GET_ROWS: 22 x 2.543 us = 55.96 us
GLU: 29 x 38.677 us = 1121.64 us
MUL: 44 x 10.598 us = 466.32 us
MUL_MAT f32 m=64 n=1024 k=64: 16 x 8.895 us = 142.32 us (935.702 GFLOPS/s)
MUL_MAT f32 m=64 n=4096 k=64: 16 x 14.54 us = 232.64 us (2289.7 GFLOPS/s)
MUL_MAT q4_0_rocmfp4_fast m=10752 n=128 k=2048: 58 x 422.831 us = 24524.2 us (13328.7 GFLOPS/s)
MUL_MAT q4_0_rocmfp4_fast m=2048 n=128 k=10752: 29 x 577.684 us = 16752.8 us (9757.72 GFLOPS/s)
MUL_MAT q4_0_rocmfp4_fast m=2048 n=128 k=2048: 16 x 100.42 us = 1606.72 us (10689.9 GFLOPS/s)
MUL_MAT q4_0_rocmfp4_fast m=2048 n=32 k=2048 batch=4: 22 x 142.84 us = 3142.48 us (7515.26 GFLOPS/s)
MUL_MAT q4_0_rocmfp4_fast m=512 n=128 k=2048: 16 x 43.067 us = 689.08 us (6231.38 GFLOPS/s)
MUL_MAT q4_0_rocmfp4_fast m=6144 n=32 k=2048 batch=4: 22 x 350.05 us = 7701.12 us (9199.92 GFLOPS/s)
RMS_NORM_MUL RMS_NORM(2048,128,1,1): 59 x 10.462 us = 617.28 us
RMS_NORM_MUL_ROPE RMS_NORM(64,32,128,1): 8 x 102.275 us = 818.2 us
RMS_NORM_MUL_ROPE RMS_NORM(64,8,128,1): 8 x 27.505 us = 220.04 us
SET_ROWS: 16 x 2.637 us = 42.2 us
SSM_CONV: 22 x 10.827 us = 238.2 us
Total time: 74553.3 us.
----------------
Vulkan Timings:
ADD: 58 x 7.519 us = 436.12 us
CONCAT: 22 x 12.498 us = 274.96 us
CPY: 22 x 3.68 us = 80.96 us
FLASH_ATTN_EXT dst(64,32,28,4),  q(64,28,32,4),  k(64,8192,8,4),  v(64,8192,8,4),  m(8192,28,1,4): 8 x 2264.99 us = 18119.9 us (3318.43 GFLOPS/s)
GET_ROWS: 22 x 2.58 us = 56.76 us
GLU: 29 x 34.554 us = 1002.08 us
MUL: 44 x 9.393 us = 413.32 us
MUL_MAT f32 m=64 n=3584 k=64: 16 x 13.315 us = 213.04 us (2187.81 GFLOPS/s)
MUL_MAT f32 m=64 n=896 k=64: 16 x 9.022 us = 144.36 us (807.17 GFLOPS/s)
MUL_MAT q4_0_rocmfp4_fast m=10752 n=112 k=2048: 58 x 416.804 us = 24174.7 us (11831.2 GFLOPS/s)
MUL_MAT q4_0_rocmfp4_fast m=2048 n=112 k=10752: 29 x 569.718 us = 16521.8 us (8657.38 GFLOPS/s)
MUL_MAT q4_0_rocmfp4_fast m=2048 n=112 k=2048: 16 x 102.24 us = 1635.84 us (9187.15 GFLOPS/s)
MUL_MAT q4_0_rocmfp4_fast m=2048 n=28 k=2048 batch=4: 22 x 142.69 us = 3139.2 us (6582.72 GFLOPS/s)
MUL_MAT q4_0_rocmfp4_fast m=512 n=112 k=2048: 16 x 40.102 us = 641.64 us (5855.59 GFLOPS/s)
MUL_MAT q4_0_rocmfp4_fast m=6144 n=28 k=2048 batch=4: 22 x 347.39 us = 7642.6 us (8111.57 GFLOPS/s)
RMS_NORM_MUL RMS_NORM(2048,112,1,1): 59 x 9.021 us = 532.24 us
RMS_NORM_MUL_ROPE RMS_NORM(64,32,112,1): 8 x 93.285 us = 746.28 us
RMS_NORM_MUL_ROPE RMS_NORM(64,8,112,1): 8 x 33.14 us = 265.12 us
SET_ROWS: 16 x 2.61 us = 41.76 us
SSM_CONV: 22 x 8.91 us = 196.04 us
Total time: 76278.7 us.
----------------
Vulkan Timings:
ADD: 58 x 1.662 us = 96.44 us
CONCAT: 22 x 2.392 us = 52.64 us
CPY: 22 x 2.358 us = 51.88 us
FLASH_ATTN_EXT dst(64,32,4,1),  q(64,4,32,1),  k(64,8192,8,1),  v(64,8192,8,1),  m(8192,4,1,1): 8 x 223.16 us = 1785.28 us (1202.88 GFLOPS/s)
GET_ROWS: 22 x 2.469 us = 54.32 us
GLU: 29 x 4.702 us = 136.36 us
MUL: 44 x 2.433 us = 107.08 us
MUL_MAT f32 m=64 n=128 k=64: 16 x 6.595 us = 105.52 us (157.753 GFLOPS/s)
MUL_MAT f32 m=64 n=32 k=64: 16 x 5.403 us = 86.46 us (48.1325 GFLOPS/s)
MUL_MAT_VEC q4_0_rocmfp4_fast m=10752 n=4 k=2048: 58 x 57.373 us = 3327.68 us (3069.66 GFLOPS/s)
MUL_MAT_VEC q4_0_rocmfp4_fast m=2048 n=4 k=10752: 29 x 59.099 us = 1713.88 us (2980.62 GFLOPS/s)
MUL_MAT_VEC q4_0_rocmfp4_fast m=2048 n=4 k=2048: 38 x 16.93 us = 643.36 us (1981.41 GFLOPS/s)
MUL_MAT_VEC q4_0_rocmfp4_fast m=512 n=4 k=2048: 16 x 3.175 us = 50.8 us (2641.44 GFLOPS/s)
MUL_MAT_VEC q4_0_rocmfp4_fast m=6144 n=4 k=2048: 22 x 36.281 us = 798.2 us (2773.81 GFLOPS/s)
RMS_NORM_MUL RMS_NORM(2048,4,1,1): 59 x 4.252 us = 250.88 us
RMS_NORM_MUL_ROPE RMS_NORM(64,32,4,1): 8 x 8.285 us = 66.28 us
RMS_NORM_MUL_ROPE RMS_NORM(64,8,4,1): 8 x 3.36 us = 26.88 us
SET_ROWS: 16 x 2.047 us = 32.76 us
SSM_CONV: 22 x 2.327 us = 51.2 us
Total time: 9437.9 us.
0.28.197.716 I slot print_timing: id  0 | task 5 | prompt processing, n_tokens =   8060, progress = 0.98, t =  18.03 s / 447.05 tokens per second
0.28.200.204 I slot print_timing: id  1 | task 4 | prompt processing, n_tokens =   8060, progress = 0.98, t =  18.03 s / 447.05 tokens per second
0.28.202.398 I slot print_timing: id  2 | task 3 | prompt processing, n_tokens =   8060, progress = 0.98, t =  18.03 s / 447.05 tokens per second
0.28.204.642 I slot print_timing: id  3 | task 1 | prompt processing, n_tokens =   8188, progress = 1.00, t =  18.11 s / 452.24 tokens per second
----------------
Vulkan Timings:
ADD: 59 x 2.155 us = 127.2 us
CONCAT: 22 x 5.965 us = 131.24 us
CPY: 22 x 2.485 us = 54.68 us
FLASH_ATTN_EXT dst(64,32,4,4),  q(64,4,32,4),  k(64,8192,8,4),  v(64,8192,8,4),  m(8192,4,1,4): 8 x 712.59 us = 5700.72 us (1506.82 GFLOPS/s)
GET_ROWS: 24 x 3.421 us = 82.12 us
GLU: 30 x 8.67 us = 260.12 us
MUL: 44 x 2.69 us = 118.36 us
MUL_MAT f32 m=64 n=128 k=64: 16 x 9.652 us = 154.44 us (107.784 GFLOPS/s)
MUL_MAT f32 m=64 n=512 k=64: 16 x 14.43 us = 230.88 us (288.395 GFLOPS/s)
MUL_MAT q4_0_rocmfp4_fast m=10752 n=16 k=2048: 58 x 242.724 us = 14078 us (2902.35 GFLOPS/s)
MUL_MAT q4_0_rocmfp4_fast m=2048 n=16 k=10752: 29 x 623.445 us = 18079.9 us (1130.19 GFLOPS/s)
MUL_MAT q4_0_rocmfp4_fast m=2048 n=16 k=2048: 16 x 112.822 us = 1805.16 us (1189.35 GFLOPS/s)
MUL_MAT q4_0_rocmfp4_fast m=512 n=16 k=2048: 16 x 50.72 us = 811.52 us (661.401 GFLOPS/s)
MUL_MAT_ADD MUL_MAT_VEC q4_0_rocmfp4_fast m=2048 n=1 k=10752: 1 x 55 us = 55 us (800.694 GFLOPS/s)
MUL_MAT_VEC q4_0_rocmfp4_fast m=10752 n=1 k=2048: 2 x 51.62 us = 103.24 us (852.953 GFLOPS/s)
MUL_MAT_VEC q4_0_rocmfp4_fast m=128000 n=1 k=2048: 1 x 570.28 us = 570.28 us (919.127 GFLOPS/s)
MUL_MAT_VEC q4_0_rocmfp4_fast m=2048 n=4 k=2048 batch=4: 22 x 191.723 us = 4217.92 us (699.887 GFLOPS/s)
MUL_MAT_VEC q4_0_rocmfp4_fast m=6144 n=4 k=2048 batch=4: 22 x 460.278 us = 10126.1 us (874.59 GFLOPS/s)
RMS_NORM_MUL RMS_NORM(2048,1,1,1): 2 x 2.78 us = 5.56 us
RMS_NORM_MUL RMS_NORM(2048,16,1,1): 59 x 6.117 us = 360.96 us
RMS_NORM_MUL_ROPE RMS_NORM(64,32,16,1): 8 x 21.41 us = 171.28 us
RMS_NORM_MUL_ROPE RMS_NORM(64,8,16,1): 8 x 5.72 us = 45.76 us
SET_ROWS: 16 x 2.847 us = 45.56 us
SSM_CONV: 22 x 5.441 us = 119.72 us
Total time: 57455.8 us.
----------------
Vulkan Timings:
ADD: 58 x 7.772 us = 450.8 us
CONCAT: 22 x 26.198 us = 576.36 us
CPY: 22 x 3.276 us = 72.08 us
FLASH_ATTN_EXT dst(64,32,42,3),  q(64,42,32,3),  k(64,8192,8,3),  v(64,8192,8,3),  m(8192,42,1,3): 8 x 2086.65 us = 16693.2 us (4052.29 GFLOPS/s)
GET_ROWS: 22 x 2.616 us = 57.56 us
GLU: 29 x 38.211 us = 1108.12 us
MUL: 44 x 9.751 us = 429.08 us
MUL_MAT f32 m=64 n=1008 k=64: 16 x 8.87 us = 141.92 us (923.678 GFLOPS/s)
MUL_MAT f32 m=64 n=4032 k=64: 16 x 14.037 us = 224.6 us (2334.61 GFLOPS/s)
MUL_MAT q4_0_rocmfp4_fast m=10752 n=126 k=2048: 58 x 421.353 us = 24438.5 us (13166.4 GFLOPS/s)
MUL_MAT q4_0_rocmfp4_fast m=2048 n=126 k=10752: 29 x 570.164 us = 16534.8 us (9731.95 GFLOPS/s)
MUL_MAT q4_0_rocmfp4_fast m=2048 n=126 k=2048: 16 x 97.872 us = 1565.96 us (10796.8 GFLOPS/s)
MUL_MAT q4_0_rocmfp4_fast m=2048 n=42 k=2048 batch=3: 22 x 121.107 us = 2664.36 us (8725.38 GFLOPS/s)
MUL_MAT q4_0_rocmfp4_fast m=512 n=126 k=2048: 16 x 43.982 us = 703.72 us (6006.4 GFLOPS/s)
MUL_MAT q4_0_rocmfp4_fast m=6144 n=42 k=2048 batch=3: 22 x 352.327 us = 7751.2 us (8997.66 GFLOPS/s)
RMS_NORM_MUL RMS_NORM(2048,126,1,1): 59 x 9.309 us = 549.24 us
RMS_NORM_MUL_ROPE RMS_NORM(64,32,126,1): 8 x 104.79 us = 838.32 us
RMS_NORM_MUL_ROPE RMS_NORM(64,8,126,1): 8 x 29.11 us = 232.88 us
SET_ROWS: 16 x 2.887 us = 46.2 us
SSM_CONV: 22 x 10.381 us = 228.4 us
Total time: 75307.2 us.
----------------
Vulkan Timings:
ADD: 58 x 8.258 us = 479 us
CONCAT: 22 x 25.883 us = 569.44 us
CPY: 22 x 3.245 us = 71.4 us
FLASH_ATTN_EXT dst(64,32,42,3),  q(64,42,32,3),  k(64,8192,8,3),  v(64,8192,8,3),  m(8192,42,1,3): 8 x 2128.32 us = 17026.5 us (3972.96 GFLOPS/s)
GET_ROWS: 22 x 2.563 us = 56.4 us
GLU: 29 x 37.914 us = 1099.52 us
MUL: 44 x 9.78 us = 430.36 us
MUL_MAT f32 m=64 n=1008 k=64: 16 x 8.81 us = 140.96 us (929.969 GFLOPS/s)
MUL_MAT f32 m=64 n=4032 k=64: 16 x 14.08 us = 225.28 us (2327.56 GFLOPS/s)
MUL_MAT q4_0_rocmfp4_fast m=10752 n=126 k=2048: 58 x 422.204 us = 24487.8 us (13139.9 GFLOPS/s)
MUL_MAT q4_0_rocmfp4_fast m=2048 n=126 k=10752: 29 x 570.571 us = 16546.6 us (9725 GFLOPS/s)
MUL_MAT q4_0_rocmfp4_fast m=2048 n=126 k=2048: 16 x 96.402 us = 1542.44 us (10961.4 GFLOPS/s)
MUL_MAT q4_0_rocmfp4_fast m=2048 n=42 k=2048 batch=3: 22 x 119.014 us = 2618.32 us (8878.8 GFLOPS/s)
MUL_MAT q4_0_rocmfp4_fast m=512 n=126 k=2048: 16 x 43.955 us = 703.28 us (6010.16 GFLOPS/s)
MUL_MAT q4_0_rocmfp4_fast m=6144 n=42 k=2048 batch=3: 22 x 345.774 us = 7607.04 us (9168.17 GFLOPS/s)
RMS_NORM_MUL RMS_NORM(2048,126,1,1): 59 x 9.248 us = 545.64 us
RMS_NORM_MUL_ROPE RMS_NORM(64,32,126,1): 8 x 101.29 us = 810.32 us
RMS_NORM_MUL_ROPE RMS_NORM(64,8,126,1): 8 x 27.32 us = 218.56 us
SET_ROWS: 16 x 2.612 us = 41.8 us
SSM_CONV: 22 x 10.352 us = 227.76 us
Total time: 75448.4 us.
----------------
Vulkan Timings:
ADD: 58 x 7.822 us = 453.72 us
CONCAT: 22 x 23.28 us = 512.16 us
CPY: 22 x 3.158 us = 69.48 us
FLASH_ATTN_EXT dst(64,32,40,3),  q(64,40,32,3),  k(64,8192,8,3),  v(64,8192,8,3),  m(8192,40,1,3): 8 x 1805.73 us = 14445.8 us (4459.73 GFLOPS/s)
GET_ROWS: 22 x 2.545 us = 56 us
GLU: 29 x 35.268 us = 1022.8 us
MUL: 44 x 9.692 us = 426.48 us
MUL_MAT f32 m=64 n=3840 k=64: 16 x 13.907 us = 222.52 us (2244.22 GFLOPS/s)
MUL_MAT f32 m=64 n=960 k=64: 16 x 8.867 us = 141.88 us (879.941 GFLOPS/s)
MUL_MAT q4_0_rocmfp4_fast m=10752 n=120 k=2048: 58 x 421.182 us = 24428.6 us (12544.5 GFLOPS/s)
MUL_MAT q4_0_rocmfp4_fast m=2048 n=120 k=10752: 29 x 570.135 us = 16533.9 us (9268.99 GFLOPS/s)
MUL_MAT q4_0_rocmfp4_fast m=2048 n=120 k=2048: 16 x 98.922 us = 1582.76 us (10173.5 GFLOPS/s)
MUL_MAT q4_0_rocmfp4_fast m=2048 n=40 k=2048 batch=3: 22 x 117.974 us = 2595.44 us (8530.55 GFLOPS/s)
MUL_MAT q4_0_rocmfp4_fast m=512 n=120 k=2048: 16 x 42 us = 672 us (5990.4 GFLOPS/s)
MUL_MAT q4_0_rocmfp4_fast m=6144 n=40 k=2048 batch=3: 22 x 343.918 us = 7566.2 us (8778.72 GFLOPS/s)
RMS_NORM_MUL RMS_NORM(2048,120,1,1): 59 x 8.981 us = 529.88 us
RMS_NORM_MUL_ROPE RMS_NORM(64,32,120,1): 8 x 94.495 us = 755.96 us
RMS_NORM_MUL_ROPE RMS_NORM(64,8,120,1): 8 x 29.565 us = 236.52 us
SET_ROWS: 16 x 2.597 us = 41.56 us
SSM_CONV: 22 x 10.503 us = 231.08 us
Total time: 72524.8 us.
0.28.514.676 I slot print_timing: id  3 | task 1 | prompt eval time =   18422.27 ms /  8192 tokens (    2.25 ms per token,   444.68 tokens per second)
0.28.514.693 I slot print_timing: id  3 | task 1 |        eval time =       0.00 ms /     1 tokens (    0.00 ms per token,     0.00 tokens per second)
0.28.514.695 I slot print_timing: id  3 | task 1 |       total time =   18422.27 ms /  8193 tokens
0.28.514.702 I slot print_timing: id  3 | task 1 |    graphs reused =        218
0.28.515.740 I slot      release: id  3 | task 1 | stop processing: n_tokens = 8192, truncated = 0
0.28.515.781 I slot print_timing: id  0 | task 5 | prompt processing, n_tokens =   8188, progress = 1.00, t =  18.35 s / 446.32 tokens per second
0.28.521.593 I slot print_timing: id  1 | task 4 | prompt processing, n_tokens =   8188, progress = 1.00, t =  18.35 s / 446.32 tokens per second
0.28.527.581 I slot print_timing: id  2 | task 3 | prompt processing, n_tokens =   8188, progress = 1.00, t =  18.35 s / 446.32 tokens per second
----------------
Vulkan Timings:
ADD: 60 x 2.366 us = 141.96 us
CONCAT: 22 x 5.914 us = 130.12 us
CPY: 22 x 2.629 us = 57.84 us
FLASH_ATTN_EXT dst(64,32,4,3),  q(64,4,32,3),  k(64,8192,8,3),  v(64,8192,8,3),  m(8192,4,1,3): 8 x 654.105 us = 5232.84 us (1231.16 GFLOPS/s)
GET_ROWS: 24 x 3.99 us = 95.76 us
GLU: 30 x 8.016 us = 240.48 us
MUL: 44 x 2.694 us = 118.56 us
MUL_MAT f32 m=64 n=384 k=64: 16 x 13.347 us = 213.56 us (233.838 GFLOPS/s)
MUL_MAT f32 m=64 n=96 k=64: 16 x 9.585 us = 153.36 us (81.4072 GFLOPS/s)
MUL_MAT q4_0_rocmfp4_fast m=10752 n=12 k=2048: 58 x 251.859 us = 14607.8 us (2097.81 GFLOPS/s)
MUL_MAT q4_0_rocmfp4_fast m=2048 n=12 k=10752: 29 x 655.935 us = 19022.1 us (805.655 GFLOPS/s)
MUL_MAT q4_0_rocmfp4_fast m=2048 n=12 k=2048: 16 x 129.985 us = 2079.76 us (774.233 GFLOPS/s)
MUL_MAT q4_0_rocmfp4_fast m=512 n=12 k=2048: 16 x 58.082 us = 929.32 us (433.171 GFLOPS/s)
MUL_MAT_VEC q4_0_rocmfp4_fast m=10752 n=3 k=2048: 2 x 64.74 us = 129.48 us (2040.29 GFLOPS/s)
MUL_MAT_VEC q4_0_rocmfp4_fast m=128000 n=3 k=2048: 1 x 586.12 us = 586.12 us (2682.86 GFLOPS/s)
MUL_MAT_VEC q4_0_rocmfp4_fast m=2048 n=3 k=10752: 1 x 58.08 us = 58.08 us (2274.7 GFLOPS/s)
MUL_MAT_VEC q4_0_rocmfp4_fast m=2048 n=4 k=2048 batch=3: 22 x 117.029 us = 2574.64 us (859.946 GFLOPS/s)
MUL_MAT_VEC q4_0_rocmfp4_fast m=6144 n=4 k=2048 batch=3: 22 x 368.178 us = 8099.92 us (820.027 GFLOPS/s)
RMS_NORM_MUL RMS_NORM(2048,12,1,1): 59 x 6.087 us = 359.16 us
RMS_NORM_MUL RMS_NORM(2048,3,1,1): 2 x 4.8 us = 9.6 us
RMS_NORM_MUL_ROPE RMS_NORM(64,32,12,1): 8 x 19.445 us = 155.56 us
RMS_NORM_MUL_ROPE RMS_NORM(64,8,12,1): 8 x 7.15 us = 57.2 us
SET_ROWS: 16 x 3.17 us = 50.72 us
SSM_CONV: 22 x 4.845 us = 106.6 us
Total time: 55210.6 us.
0.28.595.761 I slot print_timing: id  0 | task 5 | prompt eval time =   18427.24 ms /  8192 tokens (    2.25 ms per token,   444.56 tokens per second)
0.28.595.786 I slot print_timing: id  0 | task 5 |        eval time =       0.00 ms /     1 tokens (    0.00 ms per token,     0.00 tokens per second)
0.28.595.788 I slot print_timing: id  0 | task 5 |       total time =   18427.24 ms /  8193 tokens
0.28.595.790 I slot print_timing: id  0 | task 5 |    graphs reused =        218
0.28.596.804 I slot      release: id  0 | task 5 | stop processing: n_tokens = 8192, truncated = 0
0.28.597.544 I slot print_timing: id  1 | task 4 | prompt eval time =   18428.99 ms /  8192 tokens (    2.25 ms per token,   444.52 tokens per second)
0.28.597.554 I slot print_timing: id  1 | task 4 |        eval time =       0.00 ms /     1 tokens (    0.00 ms per token,     0.00 tokens per second)
0.28.597.557 I slot print_timing: id  1 | task 4 |       total time =   18428.99 ms /  8193 tokens
0.28.597.559 I slot print_timing: id  1 | task 4 |    graphs reused =        218
0.28.598.557 I slot      release: id  1 | task 4 | stop processing: n_tokens = 8192, truncated = 0
0.28.599.292 I slot print_timing: id  2 | task 3 | prompt eval time =   18430.71 ms /  8192 tokens (    2.25 ms per token,   444.48 tokens per second)
0.28.599.299 I slot print_timing: id  2 | task 3 |        eval time =       0.00 ms /     1 tokens (    0.00 ms per token,     0.00 tokens per second)
0.28.599.301 I slot print_timing: id  2 | task 3 |       total time =   18430.71 ms /  8193 tokens
0.28.599.303 I slot print_timing: id  2 | task 3 |    graphs reused =        218
0.28.600.261 I slot      release: id  2 | task 3 | stop processing: n_tokens = 8192, truncated = 0
0.34.127.535 I srv    operator(): operator(): cleaning up before exit...
