rocmfpx-plugin: info: registered 1 ROCmFPX Vulkan device(s)
rocmfpx-plugin: info: loaded rocmfpx-vulkan-charlie 0.1.0 from /home/isaac/Documents/Codex/2026-09-16/recalcar-vas-a-estar-en-paralelo-2/work/builds/rocmfpx-vulkan-gfx1032-v3-instrumented/bin/rocmfpx-vulkan-plugin.so
0.00.125.795 I cmn  common_param: common_params_print_info: verbosity = 3 (adjust with the `-lv N` CLI arg)
0.00.129.740 W srv  llama_server: -----------------
0.00.129.747 W srv  llama_server: CORS is set to allow all origins ('*') and no API key is set
0.00.129.747 W srv  llama_server: this can be a security risk (cross-origin attacks)
0.00.129.748 W srv  llama_server: more info: https://github.com/ggml-org/llama.cpp/pull/25655
0.00.129.748 W srv  llama_server: -----------------
0.00.132.075 I srv    load_model: loading model '/home/isaac/Documents/Codex/2026-09-16/recalcar-vas-a-estar-en-paralelo-2/work/results/models/LFM2.5-2.6B-ROCmFP4_FAST_COHERENT-own.gguf'
0.02.163.066 I cmn          init: llama threadpool init, n_threads = 4
----------------
Vulkan Timings:
ADD: 59 x 7.18 us = 423.64 us
CONCAT: 22 x 7.29 us = 160.4 us
CPY: 22 x 6.847 us = 150.64 us
FLASH_ATTN_EXT dst(64,32,2,1),  q(64,2,32,1),  k(64,256,8,1),  v(64,256,8,1),  m(256,2,1,1): 8 x 148.988 us = 1191.91 us (28.1518 GFLOPS/s)
GET_ROWS: 24 x 7.405 us = 177.72 us
GLU: 30 x 7.969 us = 239.08 us
MUL: 44 x 5.565 us = 244.88 us
MUL_MAT f32 m=64 n=16 k=64: 16 x 5.777 us = 92.44 us (22.5094 GFLOPS/s)
MUL_MAT f32 m=64 n=64 k=64: 16 x 6.595 us = 105.52 us (78.8767 GFLOPS/s)
MUL_MAT_ADD MUL_MAT_VEC q4_0_rocmfp4_fast m=2048 n=1 k=10752: 1 x 74.84 us = 74.84 us (588.431 GFLOPS/s)
MUL_MAT_VEC q4_0_rocmfp4_fast m=10752 n=1 k=2048: 2 x 77.96 us = 155.92 us (564.77 GFLOPS/s)
MUL_MAT_VEC q4_0_rocmfp4_fast m=10752 n=2 k=2048: 58 x 136.75 us = 7931.52 us (643.939 GFLOPS/s)
MUL_MAT_VEC q4_0_rocmfp4_fast m=2048 n=2 k=10752: 29 x 239.827 us = 6955 us (367.248 GFLOPS/s)
MUL_MAT_VEC q4_0_rocmfp4_fast m=2048 n=2 k=2048: 38 x 39.361 us = 1495.72 us (426.135 GFLOPS/s)
MUL_MAT_VEC q4_0_rocmfp4_fast m=512 n=2 k=2048: 16 x 11.297 us = 180.76 us (371.169 GFLOPS/s)
MUL_MAT_VEC q4_0_rocmfp4_fast m=6144 n=2 k=2048: 22 x 228.16 us = 5019.52 us (220.544 GFLOPS/s)
MUL_MAT_VEC q6_K m=128000 n=1 k=2048: 1 x 914.32 us = 914.32 us (573.279 GFLOPS/s)
RMS_NORM_MUL RMS_NORM(2048,1,1,1): 2 x 11.4 us = 22.8 us
RMS_NORM_MUL RMS_NORM(2048,2,1,1): 59 x 13.132 us = 774.84 us
RMS_NORM_MUL_ROPE RMS_NORM(64,32,2,1): 8 x 12.325 us = 98.6 us
RMS_NORM_MUL_ROPE RMS_NORM(64,8,2,1): 8 x 14.59 us = 116.72 us
SCALE: 22 x 6.02 us = 132.44 us
SET_ROWS: 16 x 6.767 us = 108.28 us
SSM_CONV: 22 x 8.378 us = 184.32 us
Total time: 26951.8 us.
----------------
Vulkan Timings:
ADD: 59 x 1.86 us = 109.76 us
CONCAT: 22 x 2.283 us = 50.24 us
CPY: 22 x 2.61 us = 57.44 us
FLASH_ATTN_EXT dst(64,32,2,1),  q(64,2,32,1),  k(64,256,8,1),  v(64,256,8,1),  m(256,2,1,1): 8 x 9.815 us = 78.52 us (427.336 GFLOPS/s)
GET_ROWS: 24 x 1.966 us = 47.2 us
GLU: 30 x 2.338 us = 70.16 us
MUL: 44 x 2.313 us = 101.8 us
MUL_MAT f32 m=64 n=16 k=64: 16 x 2.092 us = 33.48 us (62.1496 GFLOPS/s)
MUL_MAT f32 m=64 n=64 k=64: 16 x 2.082 us = 33.32 us (249.792 GFLOPS/s)
MUL_MAT_ADD MUL_MAT_VEC q4_0_rocmfp4_fast m=2048 n=1 k=10752: 1 x 51.48 us = 51.48 us (855.442 GFLOPS/s)
MUL_MAT_VEC q4_0_rocmfp4_fast m=10752 n=1 k=2048: 2 x 51.62 us = 103.24 us (852.953 GFLOPS/s)
MUL_MAT_VEC q4_0_rocmfp4_fast m=10752 n=2 k=2048: 58 x 55.182 us = 3200.6 us (1595.77 GFLOPS/s)
MUL_MAT_VEC q4_0_rocmfp4_fast m=2048 n=2 k=10752: 29 x 54.521 us = 1581.12 us (1615.44 GFLOPS/s)
MUL_MAT_VEC q4_0_rocmfp4_fast m=2048 n=2 k=2048: 38 x 14.48 us = 550.24 us (1158.36 GFLOPS/s)
MUL_MAT_VEC q4_0_rocmfp4_fast m=512 n=2 k=2048: 16 x 2.747 us = 43.96 us (1526.22 GFLOPS/s)
MUL_MAT_VEC q4_0_rocmfp4_fast m=6144 n=2 k=2048: 22 x 34.93 us = 768.48 us (1440.54 GFLOPS/s)
MUL_MAT_VEC q6_K m=128000 n=1 k=2048: 1 x 873.84 us = 873.84 us (599.835 GFLOPS/s)
RMS_NORM_MUL RMS_NORM(2048,1,1,1): 2 x 6.1 us = 12.2 us
RMS_NORM_MUL RMS_NORM(2048,2,1,1): 59 x 4.512 us = 266.24 us
RMS_NORM_MUL_ROPE RMS_NORM(64,32,2,1): 8 x 5.135 us = 41.08 us
RMS_NORM_MUL_ROPE RMS_NORM(64,8,2,1): 8 x 3.49 us = 27.92 us
SCALE: 22 x 2.472 us = 54.4 us
SET_ROWS: 16 x 2.012 us = 32.2 us
SSM_CONV: 22 x 2.29 us = 50.4 us
Total time: 8239.32 us.
0.02.277.830 I srv    load_model: initializing, n_slots = 4, n_ctx_slot = 131072, kv_unified = 'false'
0.02.277.898 I srv    load_model: sequence policy: lowest_slot_first=1 dense_sequences=1 remap_trace=1
0.02.290.077 W srv          init: chat template supports preserving reasoning, it is enabled by default (may use more tokens, disable via --no-reasoning-preserve)
0.02.290.182 I srv  llama_server: model loaded
0.02.290.193 I srv  llama_server: listening on http://127.0.0.1:18161
0.16.742.079 I slot get_availabl: id  1 | task -1 | selected slot by id (1)
0.16.742.254 W srv  assign_compa: SEQCOMPACT event=assign logical=1 physical=0 swapped_logical=0 swapped_physical=1
0.16.742.284 I slot launch_slot_: id  1 | task 0 | processing task, is_child = 0
0.16.742.288 I slot get_availabl: id  3 | task -1 | selected slot by id (3)
0.16.742.443 W srv  assign_compa: SEQCOMPACT event=assign logical=3 physical=1 swapped_logical=0 swapped_physical=3
0.16.742.454 I slot launch_slot_: id  3 | task 1 | processing task, is_child = 0
0.16.742.455 I slot get_availabl: id  2 | task -1 | selected slot by id (2)
0.16.742.464 I slot launch_slot_: id  2 | task 2 | processing task, is_child = 0
0.16.742.465 I slot get_availabl: id  0 | task -1 | selected slot by id (0)
0.16.742.474 I slot launch_slot_: id  0 | task 3 | processing task, is_child = 0
----------------
Vulkan Timings:
ADD: 58 x 13.299 us = 771.36 us
CONCAT: 22 x 27.316 us = 600.96 us
CPY: 22 x 4.292 us = 94.44 us
FLASH_ATTN_EXT dst(64,32,32,4),  q(64,32,32,4),  k(64,256,8,4),  v(64,256,8,4),  m(256,32,1,4): 8 x 61.63 us = 493.04 us (4355.6 GFLOPS/s)
GET_ROWS: 22 x 3.385 us = 74.48 us
GLU: 29 x 47.906 us = 1389.28 us
MUL: 44 x 12.141 us = 534.24 us
MUL_MAT f32 m=64 n=1024 k=64: 16 x 4.932 us = 78.92 us (1687.39 GFLOPS/s)
MUL_MAT f32 m=64 n=4096 k=64: 16 x 6.9 us = 110.4 us (4824.97 GFLOPS/s)
MUL_MAT q4_0_rocmfp4_fast m=10752 n=128 k=2048: 58 x 669.976 us = 38858.7 us (8411.89 GFLOPS/s)
MUL_MAT q4_0_rocmfp4_fast m=2048 n=128 k=10752: 29 x 687.261 us = 19930.6 us (8201.94 GFLOPS/s)
MUL_MAT q4_0_rocmfp4_fast m=2048 n=128 k=2048: 16 x 131.29 us = 2100.64 us (8176.4 GFLOPS/s)
MUL_MAT q4_0_rocmfp4_fast m=2048 n=32 k=2048 batch=4: 22 x 219.665 us = 4832.64 us (4886.88 GFLOPS/s)
MUL_MAT q4_0_rocmfp4_fast m=512 n=128 k=2048: 16 x 114.083 us = 1825.34 us (2352.39 GFLOPS/s)
MUL_MAT q4_0_rocmfp4_fast m=6144 n=32 k=2048 batch=4: 22 x 1174.39 us = 25836.6 us (2742.22 GFLOPS/s)
RMS_NORM_MUL RMS_NORM(2048,128,1,1): 59 x 13.397 us = 790.44 us
RMS_NORM_MUL_ROPE RMS_NORM(64,32,128,1): 8 x 136.995 us = 1095.96 us
RMS_NORM_MUL_ROPE RMS_NORM(64,8,128,1): 8 x 36.055 us = 288.44 us
SCALE: 22 x 5.043 us = 110.96 us
SET_ROWS: 16 x 3.792 us = 60.68 us
SSM_CONV: 22 x 11.729 us = 258.04 us
Total time: 100136 us.
----------------
Vulkan Timings:
ADD: 58 x 7.95 us = 461.12 us
CONCAT: 22 x 21.463 us = 472.2 us
CPY: 22 x 3.805 us = 83.72 us
FLASH_ATTN_EXT dst(64,32,32,4),  q(64,32,32,4),  k(64,256,8,4),  v(64,256,8,4),  m(256,32,1,4): 8 x 56.775 us = 454.2 us (4728.06 GFLOPS/s)
GET_ROWS: 22 x 3.107 us = 68.36 us
GLU: 29 x 38.435 us = 1114.64 us
MUL: 44 x 10.048 us = 442.12 us
MUL_MAT f32 m=64 n=1024 k=64: 16 x 4.36 us = 69.76 us (1908.96 GFLOPS/s)
MUL_MAT f32 m=64 n=4096 k=64: 16 x 5.727 us = 91.64 us (5812.71 GFLOPS/s)
MUL_MAT q4_0_rocmfp4_fast m=10752 n=128 k=2048: 58 x 423.58 us = 24567.7 us (13305.1 GFLOPS/s)
MUL_MAT q4_0_rocmfp4_fast m=2048 n=128 k=10752: 29 x 569.284 us = 16509.2 us (9901.7 GFLOPS/s)
MUL_MAT q4_0_rocmfp4_fast m=2048 n=128 k=2048: 16 x 96.82 us = 1549.12 us (11087.4 GFLOPS/s)
MUL_MAT q4_0_rocmfp4_fast m=2048 n=32 k=2048 batch=4: 22 x 141.37 us = 3110.16 us (7593.36 GFLOPS/s)
MUL_MAT q4_0_rocmfp4_fast m=512 n=128 k=2048: 16 x 45.052 us = 720.84 us (5956.83 GFLOPS/s)
MUL_MAT q4_0_rocmfp4_fast m=6144 n=32 k=2048 batch=4: 22 x 358.152 us = 7879.36 us (8991.8 GFLOPS/s)
RMS_NORM_MUL RMS_NORM(2048,128,1,1): 59 x 10.3 us = 607.72 us
RMS_NORM_MUL_ROPE RMS_NORM(64,32,128,1): 8 x 101.835 us = 814.68 us
RMS_NORM_MUL_ROPE RMS_NORM(64,8,128,1): 8 x 27.41 us = 219.28 us
SET_ROWS: 16 x 2.66 us = 42.56 us
SSM_CONV: 22 x 9.603 us = 211.28 us
Total time: 59489.7 us.
----------------
Vulkan Timings:
ADD: 58 x 7.826 us = 453.96 us
CONCAT: 22 x 21.449 us = 471.88 us
CPY: 22 x 3.896 us = 85.72 us
FLASH_ATTN_EXT dst(64,32,32,4),  q(64,32,32,4),  k(64,256,8,4),  v(64,256,8,4),  m(256,32,1,4): 8 x 66.02 us = 528.16 us (4065.97 GFLOPS/s)
GET_ROWS: 22 x 3.594 us = 79.08 us
GLU: 29 x 41.078 us = 1191.28 us
MUL: 44 x 10.45 us = 459.8 us
MUL_MAT f32 m=64 n=1024 k=64: 16 x 4.415 us = 70.64 us (1885.18 GFLOPS/s)
MUL_MAT f32 m=64 n=4096 k=64: 16 x 5.8 us = 92.8 us (5740.05 GFLOPS/s)
MUL_MAT q4_0_rocmfp4_fast m=10752 n=128 k=2048: 58 x 420.966 us = 24416.1 us (13387.7 GFLOPS/s)
MUL_MAT q4_0_rocmfp4_fast m=2048 n=128 k=10752: 29 x 571.495 us = 16573.4 us (9863.39 GFLOPS/s)
MUL_MAT q4_0_rocmfp4_fast m=2048 n=128 k=2048: 16 x 100.08 us = 1601.28 us (10726.2 GFLOPS/s)
MUL_MAT q4_0_rocmfp4_fast m=2048 n=32 k=2048 batch=4: 22 x 142.034 us = 3124.76 us (7557.88 GFLOPS/s)
MUL_MAT q4_0_rocmfp4_fast m=512 n=128 k=2048: 16 x 42.347 us = 677.56 us (6337.33 GFLOPS/s)
MUL_MAT q4_0_rocmfp4_fast m=6144 n=32 k=2048 batch=4: 22 x 354.756 us = 7804.64 us (9077.89 GFLOPS/s)
RMS_NORM_MUL RMS_NORM(2048,128,1,1): 59 x 10.368 us = 611.72 us
RMS_NORM_MUL_ROPE RMS_NORM(64,32,128,1): 8 x 102.415 us = 819.32 us
RMS_NORM_MUL_ROPE RMS_NORM(64,8,128,1): 8 x 27.145 us = 217.16 us
SET_ROWS: 16 x 2.83 us = 45.28 us
SSM_CONV: 22 x 9.596 us = 211.12 us
Total time: 59535.6 us.
----------------
Vulkan Timings:
ADD: 58 x 7.767 us = 450.52 us
CONCAT: 22 x 12.867 us = 283.08 us
CPY: 22 x 3.523 us = 77.52 us
FLASH_ATTN_EXT dst(64,32,28,4),  q(64,28,32,4),  k(64,256,8,4),  v(64,256,8,4),  m(256,28,1,4): 8 x 69.855 us = 558.84 us (3362.41 GFLOPS/s)
GET_ROWS: 22 x 3.434 us = 75.56 us
GLU: 29 x 34.646 us = 1004.76 us
MUL: 44 x 10.019 us = 440.84 us
MUL_MAT f32 m=64 n=3584 k=64: 16 x 5.457 us = 87.32 us (5337.75 GFLOPS/s)
MUL_MAT f32 m=64 n=896 k=64: 16 x 3.807 us = 60.92 us (1912.72 GFLOPS/s)
MUL_MAT q4_0_rocmfp4_fast m=10752 n=112 k=2048: 58 x 439.255 us = 25476.8 us (11226.5 GFLOPS/s)
MUL_MAT q4_0_rocmfp4_fast m=2048 n=112 k=10752: 29 x 594.19 us = 17231.5 us (8300.83 GFLOPS/s)
MUL_MAT q4_0_rocmfp4_fast m=2048 n=112 k=2048: 16 x 104.76 us = 1676.16 us (8966.16 GFLOPS/s)
MUL_MAT q4_0_rocmfp4_fast m=2048 n=28 k=2048 batch=4: 22 x 144.778 us = 3185.12 us (6487.82 GFLOPS/s)
MUL_MAT q4_0_rocmfp4_fast m=512 n=112 k=2048: 16 x 42.207 us = 675.32 us (5563.55 GFLOPS/s)
MUL_MAT q4_0_rocmfp4_fast m=6144 n=28 k=2048 batch=4: 22 x 358.841 us = 7894.52 us (7852.72 GFLOPS/s)
RMS_NORM_MUL RMS_NORM(2048,112,1,1): 59 x 9.48 us = 559.32 us
RMS_NORM_MUL_ROPE RMS_NORM(64,32,112,1): 8 x 96.07 us = 768.56 us
RMS_NORM_MUL_ROPE RMS_NORM(64,8,112,1): 8 x 25.57 us = 204.56 us
SET_ROWS: 16 x 2.677 us = 42.84 us
SSM_CONV: 22 x 9.225 us = 202.96 us
Total time: 60957.1 us.
----------------
Vulkan Timings:
ADD: 60 x 2.743 us = 164.6 us
CONCAT: 22 x 6.32 us = 139.04 us
CPY: 22 x 2.569 us = 56.52 us
FLASH_ATTN_EXT dst(64,32,4,4),  q(64,4,32,4),  k(64,256,8,4),  v(64,256,8,4),  m(256,4,1,4): 8 x 26.7 us = 213.6 us (1256.72 GFLOPS/s)
GET_ROWS: 24 x 3.33 us = 79.92 us
GLU: 30 x 9.386 us = 281.6 us
MUL: 44 x 2.536 us = 111.6 us
MUL_MAT f32 m=64 n=128 k=64: 16 x 3.035 us = 48.56 us (342.795 GFLOPS/s)
MUL_MAT f32 m=64 n=512 k=64: 16 x 2.92 us = 46.72 us (1425.18 GFLOPS/s)
MUL_MAT q4_0_rocmfp4_fast m=10752 n=16 k=2048: 58 x 252.735 us = 14658.6 us (2787.39 GFLOPS/s)
MUL_MAT q4_0_rocmfp4_fast m=2048 n=16 k=10752: 29 x 639.417 us = 18543.1 us (1101.96 GFLOPS/s)
MUL_MAT q4_0_rocmfp4_fast m=2048 n=16 k=2048: 16 x 144.462 us = 2311.4 us (928.857 GFLOPS/s)
MUL_MAT q4_0_rocmfp4_fast m=512 n=16 k=2048: 16 x 56.25 us = 900 us (596.378 GFLOPS/s)
MUL_MAT_VEC q4_0_rocmfp4_fast m=10752 n=4 k=2048: 2 x 61.12 us = 122.24 us (2881.51 GFLOPS/s)
MUL_MAT_VEC q4_0_rocmfp4_fast m=2048 n=4 k=10752: 1 x 76.56 us = 76.56 us (2300.84 GFLOPS/s)
MUL_MAT_VEC q4_0_rocmfp4_fast m=2048 n=4 k=2048 batch=4: 22 x 191.009 us = 4202.2 us (702.506 GFLOPS/s)
MUL_MAT_VEC q4_0_rocmfp4_fast m=6144 n=4 k=2048 batch=4: 22 x 470.005 us = 10340.1 us (856.49 GFLOPS/s)
MUL_MAT_VEC q6_K m=128000 n=4 k=2048: 1 x 1085.88 us = 1085.88 us (1930.82 GFLOPS/s)
RMS_NORM_MUL RMS_NORM(2048,16,1,1): 59 x 6.094 us = 359.6 us
RMS_NORM_MUL RMS_NORM(2048,4,1,1): 2 x 4.82 us = 9.64 us
RMS_NORM_MUL_ROPE RMS_NORM(64,32,16,1): 8 x 26.76 us = 214.08 us
RMS_NORM_MUL_ROPE RMS_NORM(64,8,16,1): 8 x 7.88 us = 63.04 us
SET_ROWS: 16 x 3.235 us = 51.76 us
SSM_CONV: 22 x 5.561 us = 122.36 us
Total time: 54202.8 us.
----------------
Vulkan Timings:
ADD: 60 x 3.73 us = 223.84 us
CONCAT: 22 x 5.427 us = 119.4 us
CPY: 22 x 5.032 us = 110.72 us
FLASH_ATTN_EXT dst(64,32,1,4),  q(64,1,32,4),  k(64,256,8,4),  v(64,256,8,4),  m(256,1,1,4): 8 x 33.49 us = 267.92 us (250.481 GFLOPS/s)
GET_ROWS: 24 x 5.346 us = 128.32 us
GLU: 30 x 7.213 us = 216.4 us
MUL: 44 x 4.71 us = 207.28 us
MUL_MAT f32 m=64 n=128 k=64: 16 x 5.49 us = 87.84 us (189.505 GFLOPS/s)
MUL_MAT f32 m=64 n=32 k=64: 16 x 4.167 us = 66.68 us (62.4106 GFLOPS/s)
MUL_MAT_VEC q4_0_rocmfp4_fast m=10752 n=4 k=2048: 60 x 151.356 us = 9081.36 us (1163.6 GFLOPS/s)
MUL_MAT_VEC q4_0_rocmfp4_fast m=2048 n=1 k=2048 batch=4: 22 x 71.17 us = 1565.76 us (471.348 GFLOPS/s)
MUL_MAT_VEC q4_0_rocmfp4_fast m=2048 n=4 k=10752: 30 x 145.437 us = 4363.12 us (1211.19 GFLOPS/s)
MUL_MAT_VEC q4_0_rocmfp4_fast m=2048 n=4 k=2048: 16 x 39.437 us = 631 us (850.618 GFLOPS/s)
MUL_MAT_VEC q4_0_rocmfp4_fast m=512 n=4 k=2048: 16 x 13.39 us = 214.24 us (626.33 GFLOPS/s)
MUL_MAT_VEC q4_0_rocmfp4_fast m=6144 n=1 k=2048 batch=4: 22 x 189.95 us = 4178.92 us (529.814 GFLOPS/s)
MUL_MAT_VEC q6_K m=128000 n=4 k=2048: 1 x 1085.88 us = 1085.88 us (1930.82 GFLOPS/s)
RMS_NORM_MUL RMS_NORM(2048,4,1,1): 61 x 9.806 us = 598.2 us
RMS_NORM_MUL_ROPE RMS_NORM(64,32,4,1): 8 x 14.26 us = 114.08 us
RMS_NORM_MUL_ROPE RMS_NORM(64,8,4,1): 8 x 11.97 us = 95.76 us
SET_ROWS: 16 x 4.897 us = 78.36 us
SSM_CONV: 22 x 8.256 us = 181.64 us
Total time: 23616.7 us.
----------------
Vulkan Timings:
ADD: 60 x 1.982 us = 118.92 us
CONCAT: 22 x 3.089 us = 67.96 us
CPY: 22 x 1.605 us = 35.32 us
FLASH_ATTN_EXT dst(64,32,1,4),  q(64,1,32,4),  k(64,256,8,4),  v(64,256,8,4),  m(256,1,1,4): 8 x 19.24 us = 153.92 us (435.998 GFLOPS/s)
GET_ROWS: 24 x 2.391 us = 57.4 us
GLU: 30 x 4.936 us = 148.08 us
MUL: 44 x 2.732 us = 120.24 us
MUL_MAT f32 m=64 n=128 k=64: 16 x 2.237 us = 35.8 us (464.976 GFLOPS/s)
MUL_MAT f32 m=64 n=32 k=64: 16 x 1.997 us = 31.96 us (130.211 GFLOPS/s)
MUL_MAT_VEC q4_0_rocmfp4_fast m=10752 n=4 k=2048: 60 x 66.455 us = 3987.32 us (2650.17 GFLOPS/s)
MUL_MAT_VEC q4_0_rocmfp4_fast m=2048 n=1 k=2048 batch=4: 22 x 32.536 us = 715.8 us (1031.04 GFLOPS/s)
MUL_MAT_VEC q4_0_rocmfp4_fast m=2048 n=4 k=10752: 30 x 67.785 us = 2033.56 us (2598.68 GFLOPS/s)
MUL_MAT_VEC q4_0_rocmfp4_fast m=2048 n=4 k=2048: 16 x 19.94 us = 319.04 us (1682.36 GFLOPS/s)
MUL_MAT_VEC q4_0_rocmfp4_fast m=512 n=4 k=2048: 16 x 3.825 us = 61.2 us (2192.56 GFLOPS/s)
MUL_MAT_VEC q4_0_rocmfp4_fast m=6144 n=1 k=2048 batch=4: 22 x 88.572 us = 1948.6 us (1136.23 GFLOPS/s)
MUL_MAT_VEC q6_K m=128000 n=4 k=2048: 1 x 1098.12 us = 1098.12 us (1909.3 GFLOPS/s)
RMS_NORM_MUL RMS_NORM(2048,4,1,1): 61 x 4.881 us = 297.76 us
RMS_NORM_MUL_ROPE RMS_NORM(64,32,4,1): 8 x 9.14 us = 73.12 us
RMS_NORM_MUL_ROPE RMS_NORM(64,8,4,1): 8 x 3.745 us = 29.96 us
SET_ROWS: 16 x 2.317 us = 37.08 us
SSM_CONV: 22 x 4.983 us = 109.64 us
Total time: 11480.8 us.
----------------
Vulkan Timings:
ADD: 60 x 1.9 us = 114 us
CONCAT: 22 x 2.41 us = 53.04 us
CPY: 22 x 1.598 us = 35.16 us
FLASH_ATTN_EXT dst(64,32,1,4),  q(64,1,32,4),  k(64,256,8,4),  v(64,256,8,4),  m(256,1,1,4): 8 x 15.59 us = 124.72 us (538.076 GFLOPS/s)
GET_ROWS: 24 x 2.316 us = 55.6 us
GLU: 30 x 4.824 us = 144.72 us
MUL: 44 x 2.539 us = 111.72 us
MUL_MAT f32 m=64 n=128 k=64: 16 x 2.145 us = 34.32 us (485.028 GFLOPS/s)
MUL_MAT f32 m=64 n=32 k=64: 16 x 2.147 us = 34.36 us (121.116 GFLOPS/s)
MUL_MAT_VEC q4_0_rocmfp4_fast m=10752 n=4 k=2048: 60 x 61.598 us = 3695.88 us (2859.15 GFLOPS/s)
MUL_MAT_VEC q4_0_rocmfp4_fast m=2048 n=1 k=2048 batch=4: 22 x 29.947 us = 658.84 us (1120.18 GFLOPS/s)
MUL_MAT_VEC q4_0_rocmfp4_fast m=2048 n=4 k=10752: 30 x 62.957 us = 1888.72 us (2797.97 GFLOPS/s)
MUL_MAT_VEC q4_0_rocmfp4_fast m=2048 n=4 k=2048: 16 x 19.045 us = 304.72 us (1761.42 GFLOPS/s)
MUL_MAT_VEC q4_0_rocmfp4_fast m=512 n=4 k=2048: 16 x 3.645 us = 58.32 us (2300.84 GFLOPS/s)
MUL_MAT_VEC q4_0_rocmfp4_fast m=6144 n=1 k=2048 batch=4: 22 x 83.112 us = 1828.48 us (1210.87 GFLOPS/s)
MUL_MAT_VEC q6_K m=128000 n=4 k=2048: 1 x 1106.76 us = 1106.76 us (1894.39 GFLOPS/s)
RMS_NORM_MUL RMS_NORM(2048,4,1,1): 61 x 5.125 us = 312.68 us
RMS_NORM_MUL_ROPE RMS_NORM(64,32,4,1): 8 x 8.805 us = 70.44 us
RMS_NORM_MUL_ROPE RMS_NORM(64,8,4,1): 8 x 3.585 us = 28.68 us
SET_ROWS: 16 x 2.295 us = 36.72 us
SSM_CONV: 22 x 4.647 us = 102.24 us
Total time: 10800.1 us.
----------------
Vulkan Timings:
ADD: 60 x 2.148 us = 128.92 us
CONCAT: 22 x 2.769 us = 60.92 us
CPY: 22 x 1.645 us = 36.2 us
FLASH_ATTN_EXT dst(64,32,1,4),  q(64,1,32,4),  k(64,256,8,4),  v(64,256,8,4),  m(256,1,1,4): 8 x 18.235 us = 145.88 us (460.028 GFLOPS/s)
GET_ROWS: 24 x 2.593 us = 62.24 us
GLU: 30 x 5.42 us = 162.6 us
MUL: 44 x 2.89 us = 127.2 us
MUL_MAT f32 m=64 n=128 k=64: 16 x 2.32 us = 37.12 us (448.441 GFLOPS/s)
MUL_MAT f32 m=64 n=32 k=64: 16 x 2.302 us = 36.84 us (112.962 GFLOPS/s)
MUL_MAT_VEC q4_0_rocmfp4_fast m=10752 n=4 k=2048: 60 x 73.875 us = 4432.52 us (2383.99 GFLOPS/s)
MUL_MAT_VEC q4_0_rocmfp4_fast m=2048 n=1 k=2048 batch=4: 22 x 35.221 us = 774.88 us (952.428 GFLOPS/s)
MUL_MAT_VEC q4_0_rocmfp4_fast m=2048 n=4 k=10752: 30 x 72.033 us = 2161 us (2445.43 GFLOPS/s)
MUL_MAT_VEC q4_0_rocmfp4_fast m=2048 n=4 k=2048: 16 x 20.747 us = 331.96 us (1616.88 GFLOPS/s)
MUL_MAT_VEC q4_0_rocmfp4_fast m=512 n=4 k=2048: 16 x 4.97 us = 79.52 us (1687.44 GFLOPS/s)
MUL_MAT_VEC q4_0_rocmfp4_fast m=6144 n=1 k=2048 batch=4: 22 x 95.607 us = 2103.36 us (1052.63 GFLOPS/s)
MUL_MAT_VEC q6_K m=128000 n=4 k=2048: 1 x 1063.08 us = 1063.08 us (1972.23 GFLOPS/s)
RMS_NORM_MUL RMS_NORM(2048,4,1,1): 61 x 5.664 us = 345.52 us
RMS_NORM_MUL_ROPE RMS_NORM(64,32,4,1): 8 x 9.84 us = 78.72 us
RMS_NORM_MUL_ROPE RMS_NORM(64,8,4,1): 8 x 4.105 us = 32.84 us
SET_ROWS: 16 x 2.58 us = 41.28 us
SSM_CONV: 22 x 5.374 us = 118.24 us
Total time: 12360.8 us.
----------------
Vulkan Timings:
ADD: 60 x 1.888 us = 113.32 us
CONCAT: 22 x 2.64 us = 58.08 us
CPY: 22 x 1.585 us = 34.88 us
FLASH_ATTN_EXT dst(64,32,1,4),  q(64,1,32,4),  k(64,256,8,4),  v(64,256,8,4),  m(256,1,1,4): 8 x 17.255 us = 138.04 us (486.155 GFLOPS/s)
GET_ROWS: 24 x 2.728 us = 65.48 us
GLU: 30 x 4.742 us = 142.28 us
MUL: 44 x 2.639 us = 116.12 us
MUL_MAT f32 m=64 n=128 k=64: 16 x 2.127 us = 34.04 us (489.017 GFLOPS/s)
MUL_MAT f32 m=64 n=32 k=64: 16 x 2.14 us = 34.24 us (121.54 GFLOPS/s)
MUL_MAT_VEC q4_0_rocmfp4_fast m=10752 n=4 k=2048: 60 x 62.406 us = 3744.4 us (2822.1 GFLOPS/s)
MUL_MAT_VEC q4_0_rocmfp4_fast m=2048 n=1 k=2048 batch=4: 22 x 29.983 us = 659.64 us (1118.82 GFLOPS/s)
MUL_MAT_VEC q4_0_rocmfp4_fast m=2048 n=4 k=10752: 30 x 62.286 us = 1868.6 us (2828.09 GFLOPS/s)
MUL_MAT_VEC q4_0_rocmfp4_fast m=2048 n=4 k=2048: 16 x 19.082 us = 305.32 us (1757.96 GFLOPS/s)
MUL_MAT_VEC q4_0_rocmfp4_fast m=512 n=4 k=2048: 16 x 3.672 us = 58.76 us (2283.61 GFLOPS/s)
MUL_MAT_VEC q4_0_rocmfp4_fast m=6144 n=1 k=2048 batch=4: 22 x 82.84 us = 1822.48 us (1214.86 GFLOPS/s)
MUL_MAT_VEC q6_K m=128000 n=4 k=2048: 1 x 1066.4 us = 1066.4 us (1966.09 GFLOPS/s)
RMS_NORM_MUL RMS_NORM(2048,4,1,1): 61 x 4.697 us = 286.56 us
RMS_NORM_MUL_ROPE RMS_NORM(64,32,4,1): 8 x 8.75 us = 70 us
RMS_NORM_MUL_ROPE RMS_NORM(64,8,4,1): 8 x 3.7 us = 29.6 us
SET_ROWS: 16 x 2.122 us = 33.96 us
SSM_CONV: 22 x 4.661 us = 102.56 us
Total time: 10784.8 us.
----------------
Vulkan Timings:
ADD: 60 x 2.031 us = 121.88 us
CONCAT: 22 x 2.632 us = 57.92 us
CPY: 22 x 1.601 us = 35.24 us
FLASH_ATTN_EXT dst(64,32,1,4),  q(64,1,32,4),  k(64,256,8,4),  v(64,256,8,4),  m(256,1,1,4): 8 x 17.84 us = 142.72 us (470.213 GFLOPS/s)
GET_ROWS: 24 x 2.48 us = 59.52 us
GLU: 30 x 5.846 us = 175.4 us
MUL: 44 x 2.754 us = 121.2 us
MUL_MAT f32 m=64 n=128 k=64: 16 x 2.31 us = 36.96 us (450.383 GFLOPS/s)
MUL_MAT f32 m=64 n=32 k=64: 16 x 1.985 us = 31.76 us (131.031 GFLOPS/s)
MUL_MAT_VEC q4_0_rocmfp4_fast m=10752 n=4 k=2048: 60 x 69.455 us = 4167.32 us (2535.7 GFLOPS/s)
MUL_MAT_VEC q4_0_rocmfp4_fast m=2048 n=1 k=2048 batch=4: 22 x 33.114 us = 728.52 us (1013.04 GFLOPS/s)
MUL_MAT_VEC q4_0_rocmfp4_fast m=2048 n=4 k=10752: 30 x 68.121 us = 2043.64 us (2585.87 GFLOPS/s)
MUL_MAT_VEC q4_0_rocmfp4_fast m=2048 n=4 k=2048: 16 x 20.847 us = 333.56 us (1609.13 GFLOPS/s)
MUL_MAT_VEC q4_0_rocmfp4_fast m=512 n=4 k=2048: 16 x 4.012 us = 64.2 us (2090.11 GFLOPS/s)
MUL_MAT_VEC q4_0_rocmfp4_fast m=6144 n=1 k=2048 batch=4: 22 x 91.796 us = 2019.52 us (1096.33 GFLOPS/s)
MUL_MAT_VEC q6_K m=128000 n=4 k=2048: 1 x 1062.96 us = 1062.96 us (1972.45 GFLOPS/s)
RMS_NORM_MUL RMS_NORM(2048,4,1,1): 61 x 5.158 us = 314.64 us
RMS_NORM_MUL_ROPE RMS_NORM(64,32,4,1): 8 x 9.525 us = 76.2 us
RMS_NORM_MUL_ROPE RMS_NORM(64,8,4,1): 8 x 3.92 us = 31.36 us
SET_ROWS: 16 x 2.592 us = 41.48 us
SSM_CONV: 22 x 5.136 us = 113 us
Total time: 11779 us.
----------------
Vulkan Timings:
ADD: 60 x 2.474 us = 148.44 us
CONCAT: 22 x 2.981 us = 65.6 us
CPY: 22 x 1.701 us = 37.44 us
FLASH_ATTN_EXT dst(64,32,1,4),  q(64,1,32,4),  k(64,256,8,4),  v(64,256,8,4),  m(256,1,1,4): 8 x 19.775 us = 158.2 us (424.203 GFLOPS/s)
GET_ROWS: 24 x 2.773 us = 66.56 us
GLU: 30 x 5.857 us = 175.72 us
MUL: 44 x 3.075 us = 135.32 us
MUL_MAT f32 m=64 n=128 k=64: 16 x 2.477 us = 39.64 us (419.933 GFLOPS/s)
MUL_MAT f32 m=64 n=32 k=64: 16 x 2.24 us = 35.84 us (116.114 GFLOPS/s)
MUL_MAT_VEC q4_0_rocmfp4_fast m=10752 n=4 k=2048: 60 x 79.726 us = 4783.56 us (2209.04 GFLOPS/s)
MUL_MAT_VEC q4_0_rocmfp4_fast m=2048 n=1 k=2048 batch=4: 22 x 37.44 us = 823.68 us (896 GFLOPS/s)
MUL_MAT_VEC q4_0_rocmfp4_fast m=2048 n=4 k=10752: 30 x 77.221 us = 2316.64 us (2281.14 GFLOPS/s)
MUL_MAT_VEC q4_0_rocmfp4_fast m=2048 n=4 k=2048: 16 x 21.767 us = 348.28 us (1541.12 GFLOPS/s)
MUL_MAT_VEC q4_0_rocmfp4_fast m=512 n=4 k=2048: 16 x 6.112 us = 97.8 us (1372.03 GFLOPS/s)
MUL_MAT_VEC q4_0_rocmfp4_fast m=6144 n=1 k=2048 batch=4: 22 x 101.34 us = 2229.48 us (993.08 GFLOPS/s)
MUL_MAT_VEC q6_K m=128000 n=4 k=2048: 1 x 1138.68 us = 1138.68 us (1841.29 GFLOPS/s)
RMS_NORM_MUL RMS_NORM(2048,4,1,1): 61 x 5.805 us = 354.12 us
RMS_NORM_MUL_ROPE RMS_NORM(64,32,4,1): 8 x 10.65 us = 85.2 us
RMS_NORM_MUL_ROPE RMS_NORM(64,8,4,1): 8 x 4.435 us = 35.48 us
SET_ROWS: 16 x 3.027 us = 48.44 us
SSM_CONV: 22 x 5.76 us = 126.72 us
Total time: 13250.8 us.
----------------
Vulkan Timings:
ADD: 60 x 2.017 us = 121.04 us
CONCAT: 22 x 2.563 us = 56.4 us
CPY: 22 x 1.605 us = 35.32 us
FLASH_ATTN_EXT dst(64,32,1,4),  q(64,1,32,4),  k(64,256,8,4),  v(64,256,8,4),  m(256,1,1,4): 8 x 17.09 us = 136.72 us (490.849 GFLOPS/s)
GET_ROWS: 24 x 2.406 us = 57.76 us
GLU: 30 x 5.1 us = 153 us
MUL: 44 x 2.774 us = 122.08 us
MUL_MAT f32 m=64 n=128 k=64: 16 x 2.25 us = 36 us (462.393 GFLOPS/s)
MUL_MAT f32 m=64 n=32 k=64: 16 x 1.925 us = 30.8 us (135.115 GFLOPS/s)
MUL_MAT_VEC q4_0_rocmfp4_fast m=10752 n=4 k=2048: 60 x 67.18 us = 4030.8 us (2621.58 GFLOPS/s)
MUL_MAT_VEC q4_0_rocmfp4_fast m=2048 n=1 k=2048 batch=4: 22 x 32.134 us = 706.96 us (1043.93 GFLOPS/s)
MUL_MAT_VEC q4_0_rocmfp4_fast m=2048 n=4 k=10752: 30 x 65.684 us = 1970.52 us (2681.82 GFLOPS/s)
MUL_MAT_VEC q4_0_rocmfp4_fast m=2048 n=4 k=2048: 16 x 20.117 us = 321.88 us (1667.52 GFLOPS/s)
MUL_MAT_VEC q4_0_rocmfp4_fast m=512 n=4 k=2048: 16 x 3.875 us = 62 us (2164.27 GFLOPS/s)
MUL_MAT_VEC q4_0_rocmfp4_fast m=6144 n=1 k=2048 batch=4: 22 x 88.752 us = 1952.56 us (1133.92 GFLOPS/s)
MUL_MAT_VEC q6_K m=128000 n=4 k=2048: 1 x 1127.48 us = 1127.48 us (1859.58 GFLOPS/s)
RMS_NORM_MUL RMS_NORM(2048,4,1,1): 61 x 5.04 us = 307.44 us
RMS_NORM_MUL_ROPE RMS_NORM(64,32,4,1): 8 x 9.24 us = 73.92 us
RMS_NORM_MUL_ROPE RMS_NORM(64,8,4,1): 8 x 3.785 us = 30.28 us
SET_ROWS: 16 x 2.47 us = 39.52 us
SSM_CONV: 22 x 4.983 us = 109.64 us
Total time: 11482.1 us.
0.17.291.406 W srv          stop: cancel task, id_task = 3
0.17.292.539 I slot      release: id  0 | task 3 | stop processing: n_tokens = 136, truncated = 0
----------------
Vulkan Timings:
ADD: 60 x 3.183 us = 191 us
CONCAT: 22 x 7.027 us = 154.6 us
CPY: 22 x 4.88 us = 107.36 us
FLASH_ATTN_EXT dst(64,32,1,3),  q(64,1,32,3),  k(64,256,8,3),  v(64,256,8,3),  m(256,1,1,3): 8 x 36.15 us = 289.2 us (174.038 GFLOPS/s)
GET_ROWS: 24 x 5.57 us = 133.68 us
GLU: 30 x 3.576 us = 107.28 us
MUL: 44 x 4.928 us = 216.84 us
MUL_MAT f32 m=64 n=24 k=64: 16 x 4.62 us = 73.92 us (42.2234 GFLOPS/s)
MUL_MAT f32 m=64 n=96 k=64: 16 x 5.505 us = 88.08 us (141.742 GFLOPS/s)
MUL_MAT_VEC q4_0_rocmfp4_fast m=10752 n=3 k=2048: 60 x 143.669 us = 8620.16 us (919.391 GFLOPS/s)
MUL_MAT_VEC q4_0_rocmfp4_fast m=2048 n=1 k=2048 batch=3: 22 x 59.265 us = 1303.84 us (424.525 GFLOPS/s)
MUL_MAT_VEC q4_0_rocmfp4_fast m=2048 n=3 k=10752: 30 x 132.005 us = 3960.16 us (1000.83 GFLOPS/s)
MUL_MAT_VEC q4_0_rocmfp4_fast m=2048 n=3 k=2048: 16 x 37.302 us = 596.84 us (674.477 GFLOPS/s)
MUL_MAT_VEC q4_0_rocmfp4_fast m=512 n=3 k=2048: 16 x 11.765 us = 188.24 us (534.63 GFLOPS/s)
MUL_MAT_VEC q4_0_rocmfp4_fast m=6144 n=1 k=2048 batch=3: 22 x 157.501 us = 3465.04 us (479.226 GFLOPS/s)
MUL_MAT_VEC q6_K m=128000 n=3 k=2048: 1 x 1043.56 us = 1043.56 us (1506.84 GFLOPS/s)
RMS_NORM_MUL RMS_NORM(2048,3,1,1): 61 x 10.597 us = 646.44 us
RMS_NORM_MUL_ROPE RMS_NORM(64,32,3,1): 8 x 13.69 us = 109.52 us
RMS_NORM_MUL_ROPE RMS_NORM(64,8,3,1): 8 x 7.405 us = 59.24 us
SET_ROWS: 16 x 5.222 us = 83.56 us
SSM_CONV: 22 x 8.532 us = 187.72 us
Total time: 21626.3 us.
0.17.328.950 I slot get_availabl: id  0 | task -1 | selected slot by id (0)
0.17.328.997 I slot launch_slot_: id  0 | task 16 | processing task, is_child = 0
----------------
Vulkan Timings:
ADD: 60 x 3.384 us = 203.04 us
CONCAT: 22 x 7.329 us = 161.24 us
CPY: 22 x 4.57 us = 100.56 us
FLASH_ATTN_EXT dst(64,32,1,4),  q(64,1,32,4),  k(64,256,8,4),  v(64,256,8,4),  m(256,1,1,4): 8 x 31.48 us = 251.84 us (266.474 GFLOPS/s)
GET_ROWS: 24 x 4.616 us = 110.8 us
GLU: 30 x 7.306 us = 219.2 us
MUL: 44 x 4.561 us = 200.72 us
MUL_MAT f32 m=64 n=128 k=64: 16 x 4.665 us = 74.64 us (223.019 GFLOPS/s)
MUL_MAT f32 m=64 n=32 k=64: 16 x 4.2 us = 67.2 us (61.9276 GFLOPS/s)
MUL_MAT_VEC q4_0_rocmfp4_fast m=10752 n=3 k=2048: 2 x 57.24 us = 114.48 us (2307.62 GFLOPS/s)
MUL_MAT_VEC q4_0_rocmfp4_fast m=10752 n=4 k=2048: 58 x 143.606 us = 8329.16 us (1226.39 GFLOPS/s)
MUL_MAT_VEC q4_0_rocmfp4_fast m=2048 n=1 k=2048 batch=4: 22 x 63.143 us = 1389.16 us (531.269 GFLOPS/s)
MUL_MAT_VEC q4_0_rocmfp4_fast m=2048 n=3 k=10752: 1 x 55.96 us = 55.96 us (2360.87 GFLOPS/s)
MUL_MAT_VEC q4_0_rocmfp4_fast m=2048 n=4 k=10752: 29 x 132.816 us = 3851.68 us (1326.28 GFLOPS/s)
MUL_MAT_VEC q4_0_rocmfp4_fast m=2048 n=4 k=2048: 16 x 36.57 us = 585.12 us (917.316 GFLOPS/s)
MUL_MAT_VEC q4_0_rocmfp4_fast m=512 n=4 k=2048: 16 x 10.697 us = 171.16 us (783.974 GFLOPS/s)
MUL_MAT_VEC q4_0_rocmfp4_fast m=6144 n=1 k=2048 batch=4: 22 x 184.363 us = 4056 us (545.871 GFLOPS/s)
MUL_MAT_VEC q6_K m=128000 n=3 k=2048: 1 x 986.56 us = 986.56 us (1593.9 GFLOPS/s)
RMS_NORM_MUL RMS_NORM(2048,3,1,1): 2 x 4.12 us = 8.24 us
RMS_NORM_MUL RMS_NORM(2048,4,1,1): 59 x 9.168 us = 540.96 us
RMS_NORM_MUL_ROPE RMS_NORM(64,32,4,1): 8 x 12.11 us = 96.88 us
RMS_NORM_MUL_ROPE RMS_NORM(64,8,4,1): 8 x 6.24 us = 49.92 us
SCALE: 22 x 4.923 us = 108.32 us
SET_ROWS: 16 x 4.105 us = 65.68 us
SSM_CONV: 22 x 11.174 us = 245.84 us
Total time: 22044.4 us.
----------------
Vulkan Timings:
ADD: 58 x 11.515 us = 667.92 us
CONCAT: 22 x 29.736 us = 654.2 us
CPY: 22 x 3.258 us = 71.68 us
FLASH_ATTN_EXT dst(64,32,123,1),  q(64,123,32,1),  k(64,256,8,1),  v(64,256,8,1),  m(256,123,1,1): 8 x 128.455 us = 1027.64 us (2008.09 GFLOPS/s)
GET_ROWS: 22 x 3.478 us = 76.52 us
GLU: 29 x 42.813 us = 1241.6 us
MUL: 44 x 11.813 us = 519.8 us
MUL_MAT f32 m=64 n=3936 k=64: 16 x 6.077 us = 97.24 us (5263.97 GFLOPS/s)
MUL_MAT f32 m=64 n=984 k=64: 16 x 3.957 us = 63.32 us (2020.96 GFLOPS/s)
MUL_MAT q4_0_rocmfp4_fast m=10752 n=123 k=2048: 58 x 500.857 us = 29049.7 us (10812.7 GFLOPS/s)
MUL_MAT q4_0_rocmfp4_fast m=2048 n=123 k=10752: 29 x 655.547 us = 19010.9 us (8262.85 GFLOPS/s)
MUL_MAT q4_0_rocmfp4_fast m=2048 n=123 k=2048: 38 x 109.669 us = 4167.44 us (9405.96 GFLOPS/s)
MUL_MAT q4_0_rocmfp4_fast m=512 n=123 k=2048: 16 x 49.437 us = 791 us (5216.42 GFLOPS/s)
MUL_MAT q4_0_rocmfp4_fast m=6144 n=123 k=2048: 22 x 279.296 us = 6144.52 us (11080.1 GFLOPS/s)
RMS_NORM_MUL RMS_NORM(2048,123,1,1): 59 x 10.699 us = 631.28 us
RMS_NORM_MUL_ROPE RMS_NORM(64,32,123,1): 8 x 113.25 us = 906 us
RMS_NORM_MUL_ROPE RMS_NORM(64,8,123,1): 8 x 30.36 us = 242.88 us
SET_ROWS: 16 x 3.33 us = 53.28 us
SSM_CONV: 22 x 14.607 us = 321.36 us
Total time: 65738.3 us.
----------------
Vulkan Timings:
ADD: 60 x 3.046 us = 182.76 us
CONCAT: 22 x 4.698 us = 103.36 us
CPY: 22 x 4.709 us = 103.6 us
FLASH_ATTN_EXT dst(64,32,1,4),  q(64,1,32,4),  k(64,256,8,4),  v(64,256,8,4),  m(256,1,1,4): 8 x 31.07 us = 248.56 us (269.991 GFLOPS/s)
GET_ROWS: 24 x 4.273 us = 102.56 us
GLU: 30 x 6.996 us = 209.88 us
MUL: 44 x 4.254 us = 187.2 us
MUL_MAT f32 m=64 n=128 k=64: 16 x 4.647 us = 74.36 us (223.859 GFLOPS/s)
MUL_MAT f32 m=64 n=32 k=64: 16 x 4.457 us = 71.32 us (58.3502 GFLOPS/s)
MUL_MAT_VEC q4_0_rocmfp4_fast m=10752 n=3 k=2048: 2 x 57.64 us = 115.28 us (2291.61 GFLOPS/s)
MUL_MAT_VEC q4_0_rocmfp4_fast m=10752 n=4 k=2048: 58 x 136.333 us = 7907.36 us (1291.81 GFLOPS/s)
MUL_MAT_VEC q4_0_rocmfp4_fast m=2048 n=1 k=2048 batch=4: 22 x 63.494 us = 1396.88 us (528.333 GFLOPS/s)
MUL_MAT_VEC q4_0_rocmfp4_fast m=2048 n=3 k=10752: 1 x 58.32 us = 58.32 us (2265.34 GFLOPS/s)
MUL_MAT_VEC q4_0_rocmfp4_fast m=2048 n=4 k=10752: 29 x 130.726 us = 3791.08 us (1347.49 GFLOPS/s)
MUL_MAT_VEC q4_0_rocmfp4_fast m=2048 n=4 k=2048: 16 x 36.562 us = 585 us (917.504 GFLOPS/s)
MUL_MAT_VEC q4_0_rocmfp4_fast m=512 n=4 k=2048: 16 x 9.935 us = 158.96 us (844.143 GFLOPS/s)
MUL_MAT_VEC q4_0_rocmfp4_fast m=6144 n=1 k=2048 batch=4: 22 x 182.763 us = 4020.8 us (550.65 GFLOPS/s)
MUL_MAT_VEC q6_K m=128000 n=3 k=2048: 1 x 978.08 us = 978.08 us (1607.72 GFLOPS/s)
RMS_NORM_MUL RMS_NORM(2048,3,1,1): 2 x 4.46 us = 8.92 us
RMS_NORM_MUL RMS_NORM(2048,4,1,1): 59 x 8.958 us = 528.56 us
RMS_NORM_MUL_ROPE RMS_NORM(64,32,4,1): 8 x 12.375 us = 99 us
RMS_NORM_MUL_ROPE RMS_NORM(64,8,4,1): 8 x 6.16 us = 49.28 us
SET_ROWS: 16 x 5.03 us = 80.48 us
SSM_CONV: 22 x 8.432 us = 185.52 us
Total time: 21247.1 us.
----------------
Vulkan Timings:
ADD: 59 x 3.368 us = 198.72 us
CONCAT: 22 x 4.736 us = 104.2 us
CPY: 22 x 5.356 us = 117.84 us
FLASH_ATTN_EXT dst(64,32,3,1),  q(64,3,32,1),  k(64,256,8,1),  v(64,256,8,1),  m(256,3,1,1): 8 x 32.755 us = 262.04 us (192.076 GFLOPS/s)
GET_ROWS: 24 x 4.346 us = 104.32 us
GLU: 30 x 2.886 us = 86.6 us
MUL: 44 x 4.275 us = 188.12 us
MUL_MAT f32 m=64 n=24 k=64: 16 x 3.79 us = 60.64 us (51.4702 GFLOPS/s)
MUL_MAT f32 m=64 n=96 k=64: 16 x 4.447 us = 71.16 us (175.444 GFLOPS/s)
MUL_MAT_ADD MUL_MAT_VEC q4_0_rocmfp4_fast m=2048 n=1 k=10752: 1 x 70.56 us = 70.56 us (624.123 GFLOPS/s)
MUL_MAT_VEC q4_0_rocmfp4_fast m=10752 n=1 k=2048: 2 x 51.9 us = 103.8 us (848.351 GFLOPS/s)
MUL_MAT_VEC q4_0_rocmfp4_fast m=10752 n=3 k=2048: 58 x 117.702 us = 6826.72 us (1122.23 GFLOPS/s)
MUL_MAT_VEC q4_0_rocmfp4_fast m=2048 n=3 k=10752: 29 x 112.711 us = 3268.64 us (1172.14 GFLOPS/s)
MUL_MAT_VEC q4_0_rocmfp4_fast m=2048 n=3 k=2048: 38 x 31.155 us = 1183.92 us (807.544 GFLOPS/s)
MUL_MAT_VEC q4_0_rocmfp4_fast m=512 n=3 k=2048: 16 x 9.577 us = 153.24 us (656.739 GFLOPS/s)
MUL_MAT_VEC q4_0_rocmfp4_fast m=6144 n=3 k=2048: 22 x 71.701 us = 1577.44 us (1052.68 GFLOPS/s)
MUL_MAT_VEC q6_K m=128000 n=1 k=2048: 1 x 875.84 us = 875.84 us (598.465 GFLOPS/s)
RMS_NORM_MUL RMS_NORM(2048,1,1,1): 2 x 1.4 us = 2.8 us
RMS_NORM_MUL RMS_NORM(2048,3,1,1): 59 x 9.89 us = 583.52 us
RMS_NORM_MUL_ROPE RMS_NORM(64,32,3,1): 8 x 13.74 us = 109.92 us
RMS_NORM_MUL_ROPE RMS_NORM(64,8,3,1): 8 x 6.55 us = 52.4 us
SET_ROWS: 16 x 4.692 us = 75.08 us
SSM_CONV: 22 x 4.765 us = 104.84 us
Total time: 16182.4 us.
----------------
Vulkan Timings:
ADD: 60 x 3.482 us = 208.92 us
CONCAT: 22 x 5.016 us = 110.36 us
CPY: 22 x 4.201 us = 92.44 us
FLASH_ATTN_EXT dst(64,32,1,4),  q(64,1,32,4),  k(64,256,8,4),  v(64,256,8,4),  m(256,1,1,4): 8 x 31.375 us = 251 us (267.366 GFLOPS/s)
GET_ROWS: 24 x 4.07 us = 97.68 us
GLU: 30 x 6.897 us = 206.92 us
MUL: 44 x 4.088 us = 179.88 us
MUL_MAT f32 m=64 n=128 k=64: 16 x 4.655 us = 74.48 us (223.498 GFLOPS/s)
MUL_MAT f32 m=64 n=32 k=64: 16 x 3.737 us = 59.8 us (69.5909 GFLOPS/s)
MUL_MAT_VEC q4_0_rocmfp4_fast m=10752 n=4 k=2048: 60 x 136.574 us = 8194.48 us (1289.53 GFLOPS/s)
MUL_MAT_VEC q4_0_rocmfp4_fast m=2048 n=1 k=2048 batch=4: 22 x 63.401 us = 1394.84 us (529.105 GFLOPS/s)
MUL_MAT_VEC q4_0_rocmfp4_fast m=2048 n=4 k=10752: 30 x 138.89 us = 4166.72 us (1268.28 GFLOPS/s)
MUL_MAT_VEC q4_0_rocmfp4_fast m=2048 n=4 k=2048: 16 x 36.152 us = 578.44 us (927.909 GFLOPS/s)
MUL_MAT_VEC q4_0_rocmfp4_fast m=512 n=4 k=2048: 16 x 11.03 us = 176.48 us (760.341 GFLOPS/s)
MUL_MAT_VEC q4_0_rocmfp4_fast m=6144 n=1 k=2048 batch=4: 22 x 171.461 us = 3772.16 us (586.945 GFLOPS/s)
MUL_MAT_VEC q6_K m=128000 n=4 k=2048: 1 x 1087.12 us = 1087.12 us (1928.62 GFLOPS/s)
RMS_NORM_MUL RMS_NORM(2048,4,1,1): 61 x 8.959 us = 546.52 us
RMS_NORM_MUL_ROPE RMS_NORM(64,32,4,1): 8 x 16.655 us = 133.24 us
RMS_NORM_MUL_ROPE RMS_NORM(64,8,4,1): 8 x 6.405 us = 51.24 us
SET_ROWS: 16 x 4.81 us = 76.96 us
SSM_CONV: 22 x 8.121 us = 178.68 us
Total time: 21638.4 us.
----------------
Vulkan Timings:
ADD: 60 x 2.075 us = 124.52 us
CONCAT: 22 x 2.609 us = 57.4 us
CPY: 22 x 1.667 us = 36.68 us
FLASH_ATTN_EXT dst(64,32,1,4),  q(64,1,32,4),  k(64,256,8,4),  v(64,256,8,4),  m(256,1,1,4): 8 x 17.265 us = 138.12 us (485.874 GFLOPS/s)
GET_ROWS: 24 x 2.443 us = 58.64 us
GLU: 30 x 5.192 us = 155.76 us
MUL: 44 x 2.748 us = 120.92 us
MUL_MAT f32 m=64 n=128 k=64: 16 x 2.28 us = 36.48 us (456.309 GFLOPS/s)
MUL_MAT f32 m=64 n=32 k=64: 16 x 2.035 us = 32.56 us (127.811 GFLOPS/s)
MUL_MAT_VEC q4_0_rocmfp4_fast m=10752 n=4 k=2048: 60 x 67.876 us = 4072.6 us (2594.67 GFLOPS/s)
MUL_MAT_VEC q4_0_rocmfp4_fast m=2048 n=1 k=2048 batch=4: 22 x 34.376 us = 756.28 us (975.852 GFLOPS/s)
MUL_MAT_VEC q4_0_rocmfp4_fast m=2048 n=4 k=10752: 30 x 67.753 us = 2032.6 us (2599.91 GFLOPS/s)
MUL_MAT_VEC q4_0_rocmfp4_fast m=2048 n=4 k=2048: 16 x 20.232 us = 323.72 us (1658.04 GFLOPS/s)
MUL_MAT_VEC q4_0_rocmfp4_fast m=512 n=4 k=2048: 16 x 3.892 us = 62.28 us (2154.54 GFLOPS/s)
MUL_MAT_VEC q4_0_rocmfp4_fast m=6144 n=1 k=2048 batch=4: 22 x 90.516 us = 1991.36 us (1111.83 GFLOPS/s)
MUL_MAT_VEC q6_K m=128000 n=4 k=2048: 1 x 1062.2 us = 1062.2 us (1973.87 GFLOPS/s)
RMS_NORM_MUL RMS_NORM(2048,4,1,1): 61 x 5.15 us = 314.2 us
RMS_NORM_MUL_ROPE RMS_NORM(64,32,4,1): 8 x 9.33 us = 74.64 us
RMS_NORM_MUL_ROPE RMS_NORM(64,8,4,1): 8 x 3.83 us = 30.64 us
SET_ROWS: 16 x 2.407 us = 38.52 us
SSM_CONV: 22 x 4.996 us = 109.92 us
Total time: 11630 us.
----------------
Vulkan Timings:
ADD: 60 x 2.566 us = 153.96 us
CONCAT: 22 x 3.31 us = 72.84 us
CPY: 22 x 1.814 us = 39.92 us
FLASH_ATTN_EXT dst(64,32,1,4),  q(64,1,32,4),  k(64,256,8,4),  v(64,256,8,4),  m(256,1,1,4): 8 x 21.55 us = 172.4 us (389.263 GFLOPS/s)
GET_ROWS: 24 x 3.075 us = 73.8 us
GLU: 30 x 5.489 us = 164.68 us
MUL: 44 x 3.421 us = 150.56 us
MUL_MAT f32 m=64 n=128 k=64: 16 x 2.675 us = 42.8 us (388.929 GFLOPS/s)
MUL_MAT f32 m=64 n=32 k=64: 16 x 2.602 us = 41.64 us (99.9408 GFLOPS/s)
MUL_MAT_VEC q4_0_rocmfp4_fast m=10752 n=4 k=2048: 60 x 89.7 us = 5382.04 us (1963.39 GFLOPS/s)
MUL_MAT_VEC q4_0_rocmfp4_fast m=2048 n=1 k=2048 batch=4: 22 x 41.267 us = 907.88 us (812.902 GFLOPS/s)
MUL_MAT_VEC q4_0_rocmfp4_fast m=2048 n=4 k=10752: 30 x 89.444 us = 2683.32 us (1969.42 GFLOPS/s)
MUL_MAT_VEC q4_0_rocmfp4_fast m=2048 n=4 k=2048: 16 x 23.845 us = 381.52 us (1406.85 GFLOPS/s)
MUL_MAT_VEC q4_0_rocmfp4_fast m=512 n=4 k=2048: 16 x 6.625 us = 106 us (1265.9 GFLOPS/s)
MUL_MAT_VEC q4_0_rocmfp4_fast m=6144 n=1 k=2048 batch=4: 22 x 113.169 us = 2489.72 us (889.277 GFLOPS/s)
MUL_MAT_VEC q6_K m=128000 n=4 k=2048: 1 x 1067.44 us = 1067.44 us (1964.18 GFLOPS/s)
RMS_NORM_MUL RMS_NORM(2048,4,1,1): 61 x 6.419 us = 391.56 us
RMS_NORM_MUL_ROPE RMS_NORM(64,32,4,1): 8 x 11.58 us = 92.64 us
RMS_NORM_MUL_ROPE RMS_NORM(64,8,4,1): 8 x 4.92 us = 39.36 us
SET_ROWS: 16 x 3.275 us = 52.4 us
SSM_CONV: 22 x 6.376 us = 140.28 us
Total time: 14646.8 us.
----------------
Vulkan Timings:
ADD: 60 x 1.997 us = 119.84 us
CONCAT: 22 x 2.523 us = 55.52 us
CPY: 22 x 1.616 us = 35.56 us
FLASH_ATTN_EXT dst(64,32,1,4),  q(64,1,32,4),  k(64,256,8,4),  v(64,256,8,4),  m(256,1,1,4): 8 x 18.785 us = 150.28 us (446.559 GFLOPS/s)
GET_ROWS: 24 x 2.396 us = 57.52 us
GLU: 30 x 4.864 us = 145.92 us
MUL: 44 x 2.65 us = 116.6 us
MUL_MAT f32 m=64 n=128 k=64: 16 x 2.245 us = 35.92 us (463.423 GFLOPS/s)
MUL_MAT f32 m=64 n=32 k=64: 16 x 1.985 us = 31.76 us (131.031 GFLOPS/s)
MUL_MAT_VEC q4_0_rocmfp4_fast m=10752 n=4 k=2048: 60 x 65.941 us = 3956.48 us (2670.82 GFLOPS/s)
MUL_MAT_VEC q4_0_rocmfp4_fast m=2048 n=1 k=2048 batch=4: 22 x 32.458 us = 714.08 us (1033.52 GFLOPS/s)
MUL_MAT_VEC q4_0_rocmfp4_fast m=2048 n=4 k=10752: 30 x 66.321 us = 1989.64 us (2656.05 GFLOPS/s)
MUL_MAT_VEC q4_0_rocmfp4_fast m=2048 n=4 k=2048: 16 x 19.712 us = 315.4 us (1701.78 GFLOPS/s)
MUL_MAT_VEC q4_0_rocmfp4_fast m=512 n=4 k=2048: 16 x 3.77 us = 60.32 us (2224.55 GFLOPS/s)
MUL_MAT_VEC q4_0_rocmfp4_fast m=6144 n=1 k=2048 batch=4: 22 x 88.607 us = 1949.36 us (1135.78 GFLOPS/s)
MUL_MAT_VEC q6_K m=128000 n=4 k=2048: 1 x 1058.2 us = 1058.2 us (1981.33 GFLOPS/s)
RMS_NORM_MUL RMS_NORM(2048,4,1,1): 61 x 4.792 us = 292.36 us
RMS_NORM_MUL_ROPE RMS_NORM(64,32,4,1): 8 x 9.11 us = 72.88 us
RMS_NORM_MUL_ROPE RMS_NORM(64,8,4,1): 8 x 3.74 us = 29.92 us
SET_ROWS: 16 x 2.38 us = 38.08 us
SSM_CONV: 22 x 4.9 us = 107.8 us
Total time: 11333.4 us.
----------------
Vulkan Timings:
ADD: 60 x 2.179 us = 130.76 us
CONCAT: 22 x 2.729 us = 60.04 us
CPY: 22 x 1.658 us = 36.48 us
FLASH_ATTN_EXT dst(64,32,1,4),  q(64,1,32,4),  k(64,256,8,4),  v(64,256,8,4),  m(256,1,1,4): 8 x 18.3 us = 146.4 us (458.394 GFLOPS/s)
GET_ROWS: 24 x 2.555 us = 61.32 us
GLU: 30 x 5.514 us = 165.44 us
MUL: 44 x 2.839 us = 124.92 us
MUL_MAT f32 m=64 n=128 k=64: 16 x 2.325 us = 37.2 us (447.477 GFLOPS/s)
MUL_MAT f32 m=64 n=32 k=64: 16 x 2.107 us = 33.72 us (123.414 GFLOPS/s)
MUL_MAT_VEC q4_0_rocmfp4_fast m=10752 n=4 k=2048: 60 x 72.877 us = 4372.64 us (2416.63 GFLOPS/s)
MUL_MAT_VEC q4_0_rocmfp4_fast m=2048 n=1 k=2048 batch=4: 22 x 34.732 us = 764.12 us (965.84 GFLOPS/s)
MUL_MAT_VEC q4_0_rocmfp4_fast m=2048 n=4 k=10752: 30 x 72.006 us = 2160.2 us (2446.34 GFLOPS/s)
MUL_MAT_VEC q4_0_rocmfp4_fast m=2048 n=4 k=2048: 16 x 21.645 us = 346.32 us (1549.84 GFLOPS/s)
MUL_MAT_VEC q4_0_rocmfp4_fast m=512 n=4 k=2048: 16 x 4.18 us = 66.88 us (2006.35 GFLOPS/s)
MUL_MAT_VEC q4_0_rocmfp4_fast m=6144 n=1 k=2048 batch=4: 22 x 95.072 us = 2091.6 us (1058.54 GFLOPS/s)
MUL_MAT_VEC q6_K m=128000 n=4 k=2048: 1 x 1075.8 us = 1075.8 us (1948.91 GFLOPS/s)
RMS_NORM_MUL RMS_NORM(2048,4,1,1): 61 x 5.476 us = 334.04 us
RMS_NORM_MUL_ROPE RMS_NORM(64,32,4,1): 8 x 9.865 us = 78.92 us
RMS_NORM_MUL_ROPE RMS_NORM(64,8,4,1): 8 x 4.095 us = 32.76 us
SET_ROWS: 16 x 2.692 us = 43.08 us
SSM_CONV: 22 x 5.274 us = 116.04 us
Total time: 12278.7 us.
----------------
Vulkan Timings:
ADD: 60 x 2.564 us = 153.88 us
CONCAT: 22 x 3.361 us = 73.96 us
CPY: 22 x 1.85 us = 40.72 us
FLASH_ATTN_EXT dst(64,32,1,4),  q(64,1,32,4),  k(64,256,8,4),  v(64,256,8,4),  m(256,1,1,4): 8 x 22.94 us = 183.52 us (365.676 GFLOPS/s)
GET_ROWS: 24 x 3.016 us = 72.4 us
GLU: 30 x 5.308 us = 159.24 us
MUL: 44 x 3.476 us = 152.96 us
MUL_MAT f32 m=64 n=128 k=64: 16 x 2.667 us = 42.68 us (390.022 GFLOPS/s)
MUL_MAT f32 m=64 n=32 k=64: 16 x 2.615 us = 41.84 us (99.4631 GFLOPS/s)
MUL_MAT_VEC q4_0_rocmfp4_fast m=10752 n=4 k=2048: 60 x 89.385 us = 5363.12 us (1970.32 GFLOPS/s)
MUL_MAT_VEC q4_0_rocmfp4_fast m=2048 n=1 k=2048 batch=4: 22 x 41.318 us = 909 us (811.9 GFLOPS/s)
MUL_MAT_VEC q4_0_rocmfp4_fast m=2048 n=4 k=10752: 30 x 88.105 us = 2643.16 us (1999.34 GFLOPS/s)
MUL_MAT_VEC q4_0_rocmfp4_fast m=2048 n=4 k=2048: 16 x 24.145 us = 386.32 us (1389.37 GFLOPS/s)
MUL_MAT_VEC q4_0_rocmfp4_fast m=512 n=4 k=2048: 16 x 7.03 us = 112.48 us (1192.97 GFLOPS/s)
MUL_MAT_VEC q4_0_rocmfp4_fast m=6144 n=1 k=2048 batch=4: 22 x 113.809 us = 2503.8 us (884.277 GFLOPS/s)
MUL_MAT_VEC q6_K m=128000 n=4 k=2048: 1 x 1069.16 us = 1069.16 us (1961.02 GFLOPS/s)
RMS_NORM_MUL RMS_NORM(2048,4,1,1): 61 x 6.398 us = 390.28 us
RMS_NORM_MUL_ROPE RMS_NORM(64,32,4,1): 8 x 11.29 us = 90.32 us
RMS_NORM_MUL_ROPE RMS_NORM(64,8,4,1): 8 x 4.755 us = 38.04 us
SET_ROWS: 16 x 3.017 us = 48.28 us
SSM_CONV: 22 x 6.42 us = 141.24 us
Total time: 14616.4 us.
----------------
Vulkan Timings:
ADD: 60 x 1.884 us = 113.04 us
CONCAT: 22 x 2.36 us = 51.92 us
CPY: 22 x 1.634 us = 35.96 us
FLASH_ATTN_EXT dst(64,32,1,4),  q(64,1,32,4),  k(64,256,8,4),  v(64,256,8,4),  m(256,1,1,4): 8 x 15.145 us = 121.16 us (553.886 GFLOPS/s)
GET_ROWS: 24 x 2.27 us = 54.48 us
GLU: 30 x 4.492 us = 134.76 us
MUL: 44 x 2.482 us = 109.24 us
MUL_MAT f32 m=64 n=128 k=64: 16 x 2.127 us = 34.04 us (489.017 GFLOPS/s)
MUL_MAT f32 m=64 n=32 k=64: 16 x 2.1 us = 33.6 us (123.855 GFLOPS/s)
MUL_MAT_VEC q4_0_rocmfp4_fast m=10752 n=4 k=2048: 60 x 60.832 us = 3649.96 us (2895.12 GFLOPS/s)
MUL_MAT_VEC q4_0_rocmfp4_fast m=2048 n=1 k=2048 batch=4: 22 x 29.161 us = 641.56 us (1150.35 GFLOPS/s)
MUL_MAT_VEC q4_0_rocmfp4_fast m=2048 n=4 k=10752: 30 x 61.772 us = 1853.16 us (2851.66 GFLOPS/s)
MUL_MAT_VEC q4_0_rocmfp4_fast m=2048 n=4 k=2048: 16 x 18.447 us = 295.16 us (1818.47 GFLOPS/s)
MUL_MAT_VEC q4_0_rocmfp4_fast m=512 n=4 k=2048: 16 x 3.547 us = 56.76 us (2364.08 GFLOPS/s)
MUL_MAT_VEC q4_0_rocmfp4_fast m=6144 n=1 k=2048 batch=4: 22 x 78.901 us = 1735.84 us (1275.49 GFLOPS/s)
MUL_MAT_VEC q6_K m=128000 n=4 k=2048: 1 x 1051.8 us = 1051.8 us (1993.38 GFLOPS/s)
RMS_NORM_MUL RMS_NORM(2048,4,1,1): 61 x 4.384 us = 267.44 us
RMS_NORM_MUL_ROPE RMS_NORM(64,32,4,1): 8 x 8.355 us = 66.84 us
RMS_NORM_MUL_ROPE RMS_NORM(64,8,4,1): 8 x 3.435 us = 27.48 us
SET_ROWS: 16 x 2.077 us = 33.24 us
SSM_CONV: 22 x 4.44 us = 97.68 us
Total time: 10465.1 us.
----------------
Vulkan Timings:
ADD: 60 x 1.866 us = 111.96 us
CONCAT: 22 x 2.358 us = 51.88 us
CPY: 22 x 1.625 us = 35.76 us
FLASH_ATTN_EXT dst(64,32,1,4),  q(64,1,32,4),  k(64,256,8,4),  v(64,256,8,4),  m(256,1,1,4): 8 x 15.195 us = 121.56 us (552.064 GFLOPS/s)
GET_ROWS: 24 x 2.321 us = 55.72 us
GLU: 30 x 4.648 us = 139.44 us
MUL: 44 x 2.498 us = 109.92 us
MUL_MAT f32 m=64 n=128 k=64: 16 x 2.127 us = 34.04 us (489.017 GFLOPS/s)
MUL_MAT f32 m=64 n=32 k=64: 16 x 2.107 us = 33.72 us (123.414 GFLOPS/s)
MUL_MAT_VEC q4_0_rocmfp4_fast m=10752 n=4 k=2048: 60 x 60.364 us = 3621.88 us (2917.56 GFLOPS/s)
MUL_MAT_VEC q4_0_rocmfp4_fast m=2048 n=1 k=2048 batch=4: 22 x 29.665 us = 652.64 us (1130.82 GFLOPS/s)
MUL_MAT_VEC q4_0_rocmfp4_fast m=2048 n=4 k=10752: 30 x 61.24 us = 1837.2 us (2876.43 GFLOPS/s)
MUL_MAT_VEC q4_0_rocmfp4_fast m=2048 n=4 k=2048: 16 x 18.445 us = 295.12 us (1818.72 GFLOPS/s)
MUL_MAT_VEC q4_0_rocmfp4_fast m=512 n=4 k=2048: 16 x 3.522 us = 56.36 us (2380.85 GFLOPS/s)
MUL_MAT_VEC q4_0_rocmfp4_fast m=6144 n=1 k=2048 batch=4: 22 x 79.301 us = 1744.64 us (1269.06 GFLOPS/s)
MUL_MAT_VEC q6_K m=128000 n=4 k=2048: 1 x 1128.52 us = 1128.52 us (1857.87 GFLOPS/s)
RMS_NORM_MUL RMS_NORM(2048,4,1,1): 61 x 4.508 us = 275.04 us
RMS_NORM_MUL_ROPE RMS_NORM(64,32,4,1): 8 x 8.44 us = 67.52 us
RMS_NORM_MUL_ROPE RMS_NORM(64,8,4,1): 8 x 3.485 us = 27.88 us
SET_ROWS: 16 x 2.107 us = 33.72 us
SSM_CONV: 22 x 4.467 us = 98.28 us
Total time: 10532.8 us.
----------------
Vulkan Timings:
ADD: 60 x 1.837 us = 110.24 us
CONCAT: 22 x 2.356 us = 51.84 us
CPY: 22 x 1.6 us = 35.2 us
FLASH_ATTN_EXT dst(64,32,1,4),  q(64,1,32,4),  k(64,256,8,4),  v(64,256,8,4),  m(256,1,1,4): 8 x 15.015 us = 120.12 us (558.682 GFLOPS/s)
GET_ROWS: 24 x 2.251 us = 54.04 us
GLU: 30 x 4.577 us = 137.32 us
MUL: 44 x 2.468 us = 108.6 us
MUL_MAT f32 m=64 n=128 k=64: 16 x 2.1 us = 33.6 us (495.421 GFLOPS/s)
MUL_MAT f32 m=64 n=32 k=64: 16 x 2.072 us = 33.16 us (125.499 GFLOPS/s)
MUL_MAT_VEC q4_0_rocmfp4_fast m=10752 n=4 k=2048: 60 x 60.177 us = 3610.64 us (2926.65 GFLOPS/s)
MUL_MAT_VEC q4_0_rocmfp4_fast m=2048 n=1 k=2048 batch=4: 22 x 30.043 us = 660.96 us (1116.58 GFLOPS/s)
MUL_MAT_VEC q4_0_rocmfp4_fast m=2048 n=4 k=10752: 30 x 61.873 us = 1856.2 us (2846.99 GFLOPS/s)
MUL_MAT_VEC q4_0_rocmfp4_fast m=2048 n=4 k=2048: 16 x 18.38 us = 294.08 us (1825.15 GFLOPS/s)
MUL_MAT_VEC q4_0_rocmfp4_fast m=512 n=4 k=2048: 16 x 3.53 us = 56.48 us (2375.8 GFLOPS/s)
MUL_MAT_VEC q4_0_rocmfp4_fast m=6144 n=1 k=2048 batch=4: 22 x 80.87 us = 1779.16 us (1244.44 GFLOPS/s)
MUL_MAT_VEC q6_K m=128000 n=4 k=2048: 1 x 1055.96 us = 1055.96 us (1985.53 GFLOPS/s)
RMS_NORM_MUL RMS_NORM(2048,4,1,1): 61 x 4.38 us = 267.2 us
RMS_NORM_MUL_ROPE RMS_NORM(64,32,4,1): 8 x 8.365 us = 66.92 us
RMS_NORM_MUL_ROPE RMS_NORM(64,8,4,1): 8 x 3.405 us = 27.24 us
SET_ROWS: 16 x 2.067 us = 33.08 us
SSM_CONV: 22 x 4.43 us = 97.48 us
Total time: 10489.5 us.
----------------
Vulkan Timings:
ADD: 60 x 1.852 us = 111.12 us
CONCAT: 22 x 2.358 us = 51.88 us
CPY: 22 x 1.616 us = 35.56 us
FLASH_ATTN_EXT dst(64,32,1,4),  q(64,1,32,4),  k(64,256,8,4),  v(64,256,8,4),  m(256,1,1,4): 8 x 15.04 us = 120.32 us (557.753 GFLOPS/s)
GET_ROWS: 24 x 2.255 us = 54.12 us
GLU: 30 x 4.533 us = 136 us
MUL: 44 x 2.463 us = 108.4 us
MUL_MAT f32 m=64 n=128 k=64: 16 x 2.112 us = 33.8 us (492.489 GFLOPS/s)
MUL_MAT f32 m=64 n=32 k=64: 16 x 2.075 us = 33.2 us (125.347 GFLOPS/s)
MUL_MAT_VEC q4_0_rocmfp4_fast m=10752 n=4 k=2048: 60 x 60.455 us = 3627.32 us (2913.19 GFLOPS/s)
MUL_MAT_VEC q4_0_rocmfp4_fast m=2048 n=1 k=2048 batch=4: 22 x 29.972 us = 659.4 us (1119.23 GFLOPS/s)
MUL_MAT_VEC q4_0_rocmfp4_fast m=2048 n=4 k=10752: 30 x 63.254 us = 1897.64 us (2784.82 GFLOPS/s)
MUL_MAT_VEC q4_0_rocmfp4_fast m=2048 n=4 k=2048: 16 x 18.375 us = 294 us (1825.65 GFLOPS/s)
MUL_MAT_VEC q4_0_rocmfp4_fast m=512 n=4 k=2048: 16 x 3.535 us = 56.56 us (2372.44 GFLOPS/s)
MUL_MAT_VEC q4_0_rocmfp4_fast m=6144 n=1 k=2048 batch=4: 22 x 80.683 us = 1775.04 us (1247.33 GFLOPS/s)
MUL_MAT_VEC q6_K m=128000 n=4 k=2048: 1 x 1065.52 us = 1065.52 us (1967.72 GFLOPS/s)
RMS_NORM_MUL RMS_NORM(2048,4,1,1): 61 x 4.392 us = 267.92 us
RMS_NORM_MUL_ROPE RMS_NORM(64,32,4,1): 8 x 8.325 us = 66.6 us
RMS_NORM_MUL_ROPE RMS_NORM(64,8,4,1): 8 x 3.42 us = 27.36 us
SET_ROWS: 16 x 2.03 us = 32.48 us
SSM_CONV: 22 x 4.441 us = 97.72 us
Total time: 10552 us.
----------------
Vulkan Timings:
ADD: 60 x 1.942 us = 116.52 us
CONCAT: 22 x 2.694 us = 59.28 us
CPY: 22 x 1.601 us = 35.24 us
FLASH_ATTN_EXT dst(64,32,1,4),  q(64,1,32,4),  k(64,256,8,4),  v(64,256,8,4),  m(256,1,1,4): 8 x 15.095 us = 120.76 us (555.721 GFLOPS/s)
GET_ROWS: 24 x 2.268 us = 54.44 us
GLU: 30 x 4.49 us = 134.72 us
MUL: 44 x 2.575 us = 113.32 us
MUL_MAT f32 m=64 n=128 k=64: 16 x 2.077 us = 33.24 us (500.787 GFLOPS/s)
MUL_MAT f32 m=64 n=32 k=64: 16 x 2.062 us = 33 us (126.107 GFLOPS/s)
MUL_MAT_VEC q4_0_rocmfp4_fast m=10752 n=4 k=2048: 60 x 60.971 us = 3658.28 us (2888.53 GFLOPS/s)
MUL_MAT_VEC q4_0_rocmfp4_fast m=2048 n=1 k=2048 batch=4: 22 x 29.183 us = 642.04 us (1149.49 GFLOPS/s)
MUL_MAT_VEC q4_0_rocmfp4_fast m=2048 n=4 k=10752: 30 x 61.949 us = 1858.48 us (2843.49 GFLOPS/s)
MUL_MAT_VEC q4_0_rocmfp4_fast m=2048 n=4 k=2048: 16 x 18.427 us = 294.84 us (1820.44 GFLOPS/s)
MUL_MAT_VEC q4_0_rocmfp4_fast m=512 n=4 k=2048: 16 x 3.562 us = 57 us (2354.12 GFLOPS/s)
MUL_MAT_VEC q4_0_rocmfp4_fast m=6144 n=1 k=2048 batch=4: 22 x 80.98 us = 1781.56 us (1242.76 GFLOPS/s)
MUL_MAT_VEC q6_K m=128000 n=4 k=2048: 1 x 1070.16 us = 1070.16 us (1959.18 GFLOPS/s)
RMS_NORM_MUL RMS_NORM(2048,4,1,1): 61 x 4.552 us = 277.72 us
RMS_NORM_MUL_ROPE RMS_NORM(64,32,4,1): 8 x 8.355 us = 66.84 us
RMS_NORM_MUL_ROPE RMS_NORM(64,8,4,1): 8 x 3.415 us = 27.32 us
SET_ROWS: 16 x 2.072 us = 33.16 us
SSM_CONV: 22 x 4.421 us = 97.28 us
Total time: 10565.2 us.
----------------
Vulkan Timings:
ADD: 60 x 2.066 us = 124 us
CONCAT: 22 x 2.616 us = 57.56 us
CPY: 22 x 2.423 us = 53.32 us
FLASH_ATTN_EXT dst(64,32,1,4),  q(64,1,32,4),  k(64,256,8,4),  v(64,256,8,4),  m(256,1,1,4): 8 x 20.04 us = 160.32 us (418.593 GFLOPS/s)
GET_ROWS: 24 x 2.525 us = 60.6 us
GLU: 30 x 5.286 us = 158.6 us
MUL: 44 x 2.91 us = 128.08 us
MUL_MAT f32 m=64 n=128 k=64: 16 x 2.325 us = 37.2 us (447.477 GFLOPS/s)
MUL_MAT f32 m=64 n=32 k=64: 16 x 1.932 us = 30.92 us (134.59 GFLOPS/s)
MUL_MAT_VEC q4_0_rocmfp4_fast m=10752 n=4 k=2048: 60 x 70.384 us = 4223.04 us (2502.24 GFLOPS/s)
MUL_MAT_VEC q4_0_rocmfp4_fast m=2048 n=1 k=2048 batch=4: 22 x 33.916 us = 746.16 us (989.087 GFLOPS/s)
MUL_MAT_VEC q4_0_rocmfp4_fast m=2048 n=4 k=10752: 30 x 70.801 us = 2124.04 us (2487.98 GFLOPS/s)
MUL_MAT_VEC q4_0_rocmfp4_fast m=2048 n=4 k=2048: 16 x 21.035 us = 336.56 us (1594.78 GFLOPS/s)
MUL_MAT_VEC q4_0_rocmfp4_fast m=512 n=4 k=2048: 16 x 4.057 us = 64.92 us (2066.93 GFLOPS/s)
MUL_MAT_VEC q4_0_rocmfp4_fast m=6144 n=1 k=2048 batch=4: 22 x 92.554 us = 2036.2 us (1087.34 GFLOPS/s)
MUL_MAT_VEC q6_K m=128000 n=4 k=2048: 1 x 1070.2 us = 1070.2 us (1959.11 GFLOPS/s)
RMS_NORM_MUL RMS_NORM(2048,4,1,1): 61 x 5.309 us = 323.88 us
RMS_NORM_MUL_ROPE RMS_NORM(64,32,4,1): 8 x 9.65 us = 77.2 us
RMS_NORM_MUL_ROPE RMS_NORM(64,8,4,1): 8 x 3.99 us = 31.92 us
SET_ROWS: 16 x 2.8 us = 44.8 us
SSM_CONV: 22 x 5.232 us = 115.12 us
Total time: 12004.6 us.
----------------
Vulkan Timings:
ADD: 60 x 2.455 us = 147.32 us
CONCAT: 22 x 3.309 us = 72.8 us
CPY: 22 x 2.392 us = 52.64 us
FLASH_ATTN_EXT dst(64,32,1,4),  q(64,1,32,4),  k(64,256,8,4),  v(64,256,8,4),  m(256,1,1,4): 8 x 25.145 us = 201.16 us (333.609 GFLOPS/s)
GET_ROWS: 24 x 2.91 us = 69.84 us
GLU: 30 x 5.526 us = 165.8 us
MUL: 44 x 3.478 us = 153.04 us
MUL_MAT f32 m=64 n=128 k=64: 16 x 2.575 us = 41.2 us (404.033 GFLOPS/s)
MUL_MAT f32 m=64 n=32 k=64: 16 x 2.732 us = 43.72 us (95.1861 GFLOPS/s)
MUL_MAT_VEC q4_0_rocmfp4_fast m=10752 n=4 k=2048: 60 x 86.784 us = 5207.04 us (2029.38 GFLOPS/s)
MUL_MAT_VEC q4_0_rocmfp4_fast m=2048 n=1 k=2048 batch=4: 22 x 40.276 us = 886.08 us (832.901 GFLOPS/s)
MUL_MAT_VEC q4_0_rocmfp4_fast m=2048 n=4 k=10752: 30 x 86.36 us = 2590.82 us (2039.73 GFLOPS/s)
MUL_MAT_VEC q4_0_rocmfp4_fast m=2048 n=4 k=2048: 16 x 24.295 us = 388.72 us (1380.79 GFLOPS/s)
MUL_MAT_VEC q4_0_rocmfp4_fast m=512 n=4 k=2048: 16 x 5.415 us = 86.64 us (1548.76 GFLOPS/s)
MUL_MAT_VEC q4_0_rocmfp4_fast m=6144 n=1 k=2048 batch=4: 22 x 108.512 us = 2387.28 us (927.437 GFLOPS/s)
MUL_MAT_VEC q6_K m=128000 n=4 k=2048: 1 x 1092.68 us = 1092.68 us (1918.81 GFLOPS/s)
RMS_NORM_MUL RMS_NORM(2048,4,1,1): 61 x 6.137 us = 374.4 us
RMS_NORM_MUL_ROPE RMS_NORM(64,32,4,1): 8 x 11.285 us = 90.28 us
RMS_NORM_MUL_ROPE RMS_NORM(64,8,4,1): 8 x 4.71 us = 37.68 us
SET_ROWS: 16 x 2.83 us = 45.28 us
SSM_CONV: 22 x 6.627 us = 145.8 us
Total time: 14280.2 us.
----------------
Vulkan Timings:
ADD: 60 x 2.503 us = 150.2 us
CONCAT: 22 x 3.205 us = 70.52 us
CPY: 22 x 1.865 us = 41.04 us
FLASH_ATTN_EXT dst(64,32,1,4),  q(64,1,32,4),  k(64,256,8,4),  v(64,256,8,4),  m(256,1,1,4): 8 x 26.22 us = 209.76 us (319.932 GFLOPS/s)
GET_ROWS: 24 x 2.905 us = 69.72 us
GLU: 30 x 5.754 us = 172.64 us
MUL: 44 x 3.261 us = 143.52 us
MUL_MAT f32 m=64 n=128 k=64: 16 x 2.595 us = 41.52 us (400.919 GFLOPS/s)
MUL_MAT f32 m=64 n=32 k=64: 16 x 2.552 us = 40.84 us (101.899 GFLOPS/s)
MUL_MAT_VEC q4_0_rocmfp4_fast m=10752 n=4 k=2048: 60 x 85.23 us = 5113.84 us (2066.37 GFLOPS/s)
MUL_MAT_VEC q4_0_rocmfp4_fast m=2048 n=1 k=2048 batch=4: 22 x 40.252 us = 885.56 us (833.39 GFLOPS/s)
MUL_MAT_VEC q4_0_rocmfp4_fast m=2048 n=4 k=10752: 30 x 83.382 us = 2501.48 us (2112.58 GFLOPS/s)
MUL_MAT_VEC q4_0_rocmfp4_fast m=2048 n=4 k=2048: 16 x 24.757 us = 396.12 us (1354.99 GFLOPS/s)
MUL_MAT_VEC q4_0_rocmfp4_fast m=512 n=4 k=2048: 16 x 5.287 us = 84.6 us (1586.11 GFLOPS/s)
MUL_MAT_VEC q4_0_rocmfp4_fast m=6144 n=1 k=2048 batch=4: 22 x 107.967 us = 2375.28 us (932.122 GFLOPS/s)
MUL_MAT_VEC q6_K m=128000 n=4 k=2048: 1 x 1057.76 us = 1057.76 us (1982.15 GFLOPS/s)
RMS_NORM_MUL RMS_NORM(2048,4,1,1): 61 x 5.948 us = 362.88 us
RMS_NORM_MUL_ROPE RMS_NORM(64,32,4,1): 8 x 11.045 us = 88.36 us
RMS_NORM_MUL_ROPE RMS_NORM(64,8,4,1): 8 x 4.61 us = 36.88 us
SET_ROWS: 16 x 2.787 us = 44.6 us
SSM_CONV: 22 x 6.081 us = 133.8 us
Total time: 14020.9 us.
----------------
Vulkan Timings:
ADD: 60 x 1.956 us = 117.36 us
CONCAT: 22 x 2.521 us = 55.48 us
CPY: 22 x 1.616 us = 35.56 us
FLASH_ATTN_EXT dst(64,32,1,4),  q(64,1,32,4),  k(64,256,8,4),  v(64,256,8,4),  m(256,1,1,4): 8 x 16.425 us = 131.4 us (510.722 GFLOPS/s)
GET_ROWS: 24 x 2.375 us = 57 us
GLU: 30 x 4.944 us = 148.32 us
MUL: 44 x 2.678 us = 117.84 us
MUL_MAT f32 m=64 n=128 k=64: 16 x 2.18 us = 34.88 us (477.24 GFLOPS/s)
MUL_MAT f32 m=64 n=32 k=64: 16 x 2.045 us = 32.72 us (127.186 GFLOPS/s)
MUL_MAT_VEC q4_0_rocmfp4_fast m=10752 n=4 k=2048: 60 x 64.875 us = 3892.52 us (2714.71 GFLOPS/s)
MUL_MAT_VEC q4_0_rocmfp4_fast m=2048 n=1 k=2048 batch=4: 22 x 31.796 us = 699.52 us (1055.03 GFLOPS/s)
MUL_MAT_VEC q4_0_rocmfp4_fast m=2048 n=4 k=10752: 30 x 63.972 us = 1919.16 us (2753.59 GFLOPS/s)
MUL_MAT_VEC q4_0_rocmfp4_fast m=2048 n=4 k=2048: 16 x 19.517 us = 312.28 us (1718.78 GFLOPS/s)
MUL_MAT_VEC q4_0_rocmfp4_fast m=512 n=4 k=2048: 16 x 3.732 us = 59.72 us (2246.9 GFLOPS/s)
MUL_MAT_VEC q4_0_rocmfp4_fast m=6144 n=1 k=2048 batch=4: 22 x 85.58 us = 1882.76 us (1175.96 GFLOPS/s)
MUL_MAT_VEC q6_K m=128000 n=4 k=2048: 1 x 1064.24 us = 1064.24 us (1970.08 GFLOPS/s)
RMS_NORM_MUL RMS_NORM(2048,4,1,1): 61 x 4.849 us = 295.8 us
RMS_NORM_MUL_ROPE RMS_NORM(64,32,4,1): 8 x 8.945 us = 71.56 us
RMS_NORM_MUL_ROPE RMS_NORM(64,8,4,1): 8 x 3.58 us = 28.64 us
SET_ROWS: 16 x 2.457 us = 39.32 us
SSM_CONV: 22 x 4.763 us = 104.8 us
Total time: 11100.9 us.
----------------
Vulkan Timings:
ADD: 60 x 2.018 us = 121.08 us
CONCAT: 22 x 2.587 us = 56.92 us
CPY: 22 x 1.612 us = 35.48 us
FLASH_ATTN_EXT dst(64,32,1,4),  q(64,1,32,4),  k(64,256,8,4),  v(64,256,8,4),  m(256,1,1,4): 8 x 17.45 us = 139.6 us (480.723 GFLOPS/s)
GET_ROWS: 24 x 2.47 us = 59.28 us
GLU: 30 x 5.18 us = 155.4 us
MUL: 44 x 2.7 us = 118.84 us
MUL_MAT f32 m=64 n=128 k=64: 16 x 2.327 us = 37.24 us (446.996 GFLOPS/s)
MUL_MAT f32 m=64 n=32 k=64: 16 x 1.842 us = 29.48 us (141.165 GFLOPS/s)
MUL_MAT_VEC q4_0_rocmfp4_fast m=10752 n=4 k=2048: 60 x 67.088 us = 4025.28 us (2625.18 GFLOPS/s)
MUL_MAT_VEC q4_0_rocmfp4_fast m=2048 n=1 k=2048 batch=4: 22 x 32.476 us = 714.48 us (1032.94 GFLOPS/s)
MUL_MAT_VEC q4_0_rocmfp4_fast m=2048 n=4 k=10752: 30 x 67.633 us = 2029 us (2604.52 GFLOPS/s)
MUL_MAT_VEC q4_0_rocmfp4_fast m=2048 n=4 k=2048: 16 x 20.435 us = 326.96 us (1641.61 GFLOPS/s)
MUL_MAT_VEC q4_0_rocmfp4_fast m=512 n=4 k=2048: 16 x 3.892 us = 62.28 us (2154.54 GFLOPS/s)
MUL_MAT_VEC q4_0_rocmfp4_fast m=6144 n=1 k=2048 batch=4: 22 x 88.705 us = 1951.52 us (1134.53 GFLOPS/s)
MUL_MAT_VEC q6_K m=128000 n=4 k=2048: 1 x 1079.72 us = 1079.72 us (1941.84 GFLOPS/s)
RMS_NORM_MUL RMS_NORM(2048,4,1,1): 61 x 5.051 us = 308.12 us
RMS_NORM_MUL_ROPE RMS_NORM(64,32,4,1): 8 x 9.385 us = 75.08 us
RMS_NORM_MUL_ROPE RMS_NORM(64,8,4,1): 8 x 3.96 us = 31.68 us
SET_ROWS: 16 x 2.805 us = 44.88 us
SSM_CONV: 22 x 5.012 us = 110.28 us
Total time: 11512.6 us.
----------------
Vulkan Timings:
ADD: 60 x 2.842 us = 170.56 us
CONCAT: 22 x 3.247 us = 71.44 us
CPY: 22 x 1.932 us = 42.52 us
FLASH_ATTN_EXT dst(64,32,1,4),  q(64,1,32,4),  k(64,256,8,4),  v(64,256,8,4),  m(256,1,1,4): 8 x 20.885 us = 167.08 us (401.657 GFLOPS/s)
GET_ROWS: 24 x 2.965 us = 71.16 us
GLU: 30 x 5.633 us = 169 us
MUL: 44 x 3.423 us = 150.64 us
MUL_MAT f32 m=64 n=128 k=64: 16 x 2.62 us = 41.92 us (397.093 GFLOPS/s)
MUL_MAT f32 m=64 n=32 k=64: 16 x 2.595 us = 41.52 us (100.23 GFLOPS/s)
MUL_MAT_VEC q4_0_rocmfp4_fast m=10752 n=4 k=2048: 60 x 89.203 us = 5352.2 us (1974.34 GFLOPS/s)
MUL_MAT_VEC q4_0_rocmfp4_fast m=2048 n=1 k=2048 batch=4: 22 x 41.363 us = 910 us (811.008 GFLOPS/s)
MUL_MAT_VEC q4_0_rocmfp4_fast m=2048 n=4 k=10752: 30 x 87.766 us = 2633 us (2007.06 GFLOPS/s)
MUL_MAT_VEC q4_0_rocmfp4_fast m=2048 n=4 k=2048: 16 x 22.887 us = 366.2 us (1465.7 GFLOPS/s)
MUL_MAT_VEC q4_0_rocmfp4_fast m=512 n=4 k=2048: 16 x 6.375 us = 102 us (1315.54 GFLOPS/s)
MUL_MAT_VEC q4_0_rocmfp4_fast m=6144 n=1 k=2048 batch=4: 22 x 112.35 us = 2471.72 us (895.753 GFLOPS/s)
MUL_MAT_VEC q6_K m=128000 n=4 k=2048: 1 x 1066.4 us = 1066.4 us (1966.09 GFLOPS/s)
RMS_NORM_MUL RMS_NORM(2048,4,1,1): 61 x 6.151 us = 375.24 us
RMS_NORM_MUL_ROPE RMS_NORM(64,32,4,1): 8 x 11.025 us = 88.2 us
RMS_NORM_MUL_ROPE RMS_NORM(64,8,4,1): 8 x 4.68 us = 37.44 us
SET_ROWS: 16 x 2.79 us = 44.64 us
SSM_CONV: 22 x 6.401 us = 140.84 us
Total time: 14513.7 us.
----------------
Vulkan Timings:
ADD: 60 x 1.862 us = 111.72 us
CONCAT: 22 x 2.36 us = 51.92 us
CPY: 22 x 1.638 us = 36.04 us
FLASH_ATTN_EXT dst(64,32,1,4),  q(64,1,32,4),  k(64,256,8,4),  v(64,256,8,4),  m(256,1,1,4): 8 x 14.93 us = 119.44 us (561.863 GFLOPS/s)
GET_ROWS: 24 x 2.27 us = 54.48 us
GLU: 30 x 4.682 us = 140.48 us
MUL: 44 x 2.5 us = 110.04 us
MUL_MAT f32 m=64 n=128 k=64: 16 x 2.135 us = 34.16 us (487.299 GFLOPS/s)
MUL_MAT f32 m=64 n=32 k=64: 16 x 2.417 us = 38.68 us (107.589 GFLOPS/s)
MUL_MAT_VEC q4_0_rocmfp4_fast m=10752 n=4 k=2048: 60 x 60.066 us = 3603.96 us (2932.07 GFLOPS/s)
MUL_MAT_VEC q4_0_rocmfp4_fast m=2048 n=1 k=2048 batch=4: 22 x 28.652 us = 630.36 us (1170.79 GFLOPS/s)
MUL_MAT_VEC q4_0_rocmfp4_fast m=2048 n=4 k=10752: 30 x 61.12 us = 1833.6 us (2882.08 GFLOPS/s)
MUL_MAT_VEC q4_0_rocmfp4_fast m=2048 n=4 k=2048: 16 x 18.38 us = 294.08 us (1825.15 GFLOPS/s)
MUL_MAT_VEC q4_0_rocmfp4_fast m=512 n=4 k=2048: 16 x 3.515 us = 56.24 us (2385.93 GFLOPS/s)
MUL_MAT_VEC q4_0_rocmfp4_fast m=6144 n=1 k=2048 batch=4: 22 x 79.989 us = 1759.76 us (1258.16 GFLOPS/s)
MUL_MAT_VEC q6_K m=128000 n=4 k=2048: 1 x 1115.04 us = 1115.04 us (1880.33 GFLOPS/s)
RMS_NORM_MUL RMS_NORM(2048,4,1,1): 61 x 4.374 us = 266.84 us
RMS_NORM_MUL_ROPE RMS_NORM(64,32,4,1): 8 x 8.5 us = 68 us
RMS_NORM_MUL_ROPE RMS_NORM(64,8,4,1): 8 x 3.41 us = 27.28 us
SET_ROWS: 16 x 2.137 us = 34.2 us
SSM_CONV: 22 x 4.445 us = 97.8 us
Total time: 10484.1 us.
----------------
Vulkan Timings:
ADD: 60 x 1.86 us = 111.6 us
CONCAT: 22 x 2.367 us = 52.08 us
CPY: 22 x 1.609 us = 35.4 us
FLASH_ATTN_EXT dst(64,32,1,4),  q(64,1,32,4),  k(64,256,8,4),  v(64,256,8,4),  m(256,1,1,4): 8 x 14.82 us = 118.56 us (566.033 GFLOPS/s)
GET_ROWS: 24 x 2.28 us = 54.72 us
GLU: 30 x 4.58 us = 137.4 us
MUL: 44 x 2.49 us = 109.6 us
MUL_MAT f32 m=64 n=128 k=64: 16 x 2.157 us = 34.52 us (482.217 GFLOPS/s)
MUL_MAT f32 m=64 n=32 k=64: 16 x 2.257 us = 36.12 us (115.214 GFLOPS/s)
MUL_MAT_VEC q4_0_rocmfp4_fast m=10752 n=4 k=2048: 60 x 60.866 us = 3651.96 us (2893.53 GFLOPS/s)
MUL_MAT_VEC q4_0_rocmfp4_fast m=2048 n=1 k=2048 batch=4: 22 x 28.678 us = 630.92 us (1169.75 GFLOPS/s)
MUL_MAT_VEC q4_0_rocmfp4_fast m=2048 n=4 k=10752: 30 x 61.013 us = 1830.4 us (2887.12 GFLOPS/s)
MUL_MAT_VEC q4_0_rocmfp4_fast m=2048 n=4 k=2048: 16 x 18.45 us = 295.2 us (1818.22 GFLOPS/s)
MUL_MAT_VEC q4_0_rocmfp4_fast m=512 n=4 k=2048: 16 x 3.537 us = 56.6 us (2370.76 GFLOPS/s)
MUL_MAT_VEC q4_0_rocmfp4_fast m=6144 n=1 k=2048 batch=4: 22 x 79.383 us = 1746.44 us (1267.75 GFLOPS/s)
MUL_MAT_VEC q6_K m=128000 n=4 k=2048: 1 x 1061.92 us = 1061.92 us (1974.39 GFLOPS/s)
RMS_NORM_MUL RMS_NORM(2048,4,1,1): 61 x 4.422 us = 269.76 us
RMS_NORM_MUL_ROPE RMS_NORM(64,32,4,1): 8 x 8.405 us = 67.24 us
RMS_NORM_MUL_ROPE RMS_NORM(64,8,4,1): 8 x 3.45 us = 27.6 us
SET_ROWS: 16 x 2.127 us = 34.04 us
SSM_CONV: 22 x 4.458 us = 98.08 us
Total time: 10460.2 us.
----------------
Vulkan Timings:
ADD: 60 x 1.86 us = 111.64 us
CONCAT: 22 x 2.336 us = 51.4 us
CPY: 22 x 1.592 us = 35.04 us
FLASH_ATTN_EXT dst(64,32,1,4),  q(64,1,32,4),  k(64,256,8,4),  v(64,256,8,4),  m(256,1,1,4): 8 x 15.035 us = 120.28 us (557.939 GFLOPS/s)
GET_ROWS: 24 x 2.251 us = 54.04 us
GLU: 30 x 4.464 us = 133.92 us
MUL: 44 x 2.485 us = 109.36 us
MUL_MAT f32 m=64 n=128 k=64: 16 x 2.12 us = 33.92 us (490.747 GFLOPS/s)
MUL_MAT f32 m=64 n=32 k=64: 16 x 2.092 us = 33.48 us (124.299 GFLOPS/s)
MUL_MAT_VEC q4_0_rocmfp4_fast m=10752 n=4 k=2048: 60 x 60.028 us = 3601.68 us (2933.93 GFLOPS/s)
MUL_MAT_VEC q4_0_rocmfp4_fast m=2048 n=1 k=2048 batch=4: 22 x 30.212 us = 664.68 us (1110.33 GFLOPS/s)
MUL_MAT_VEC q4_0_rocmfp4_fast m=2048 n=4 k=10752: 30 x 61.892 us = 1856.76 us (2846.13 GFLOPS/s)
MUL_MAT_VEC q4_0_rocmfp4_fast m=2048 n=4 k=2048: 16 x 18.447 us = 295.16 us (1818.47 GFLOPS/s)
MUL_MAT_VEC q4_0_rocmfp4_fast m=512 n=4 k=2048: 16 x 3.54 us = 56.64 us (2369.08 GFLOPS/s)
MUL_MAT_VEC q4_0_rocmfp4_fast m=6144 n=1 k=2048 batch=4: 22 x 79.923 us = 1758.32 us (1259.19 GFLOPS/s)
MUL_MAT_VEC q6_K m=128000 n=4 k=2048: 1 x 1112.64 us = 1112.64 us (1884.38 GFLOPS/s)
RMS_NORM_MUL RMS_NORM(2048,4,1,1): 61 x 4.373 us = 266.8 us
RMS_NORM_MUL_ROPE RMS_NORM(64,32,4,1): 8 x 8.405 us = 67.24 us
RMS_NORM_MUL_ROPE RMS_NORM(64,8,4,1): 8 x 3.44 us = 27.52 us
SET_ROWS: 16 x 2.045 us = 32.72 us
SSM_CONV: 22 x 4.447 us = 97.84 us
Total time: 10521.1 us.
----------------
Vulkan Timings:
ADD: 60 x 2.027 us = 121.64 us
CONCAT: 22 x 2.312 us = 50.88 us
CPY: 22 x 1.581 us = 34.8 us
FLASH_ATTN_EXT dst(64,32,1,4),  q(64,1,32,4),  k(64,256,8,4),  v(64,256,8,4),  m(256,1,1,4): 8 x 15.195 us = 121.56 us (552.064 GFLOPS/s)
GET_ROWS: 24 x 2.243 us = 53.84 us
GLU: 30 x 4.388 us = 131.64 us
MUL: 44 x 2.46 us = 108.28 us
MUL_MAT f32 m=64 n=128 k=64: 16 x 2.085 us = 33.36 us (498.985 GFLOPS/s)
MUL_MAT f32 m=64 n=32 k=64: 16 x 2.087 us = 33.4 us (124.597 GFLOPS/s)
MUL_MAT_VEC q4_0_rocmfp4_fast m=10752 n=4 k=2048: 60 x 60.324 us = 3619.48 us (2919.5 GFLOPS/s)
MUL_MAT_VEC q4_0_rocmfp4_fast m=2048 n=1 k=2048 batch=4: 22 x 29.62 us = 651.64 us (1132.55 GFLOPS/s)
MUL_MAT_VEC q4_0_rocmfp4_fast m=2048 n=4 k=10752: 30 x 62.912 us = 1887.36 us (2799.98 GFLOPS/s)
MUL_MAT_VEC q4_0_rocmfp4_fast m=2048 n=4 k=2048: 16 x 18.187 us = 291 us (1844.47 GFLOPS/s)
MUL_MAT_VEC q4_0_rocmfp4_fast m=512 n=4 k=2048: 16 x 4.12 us = 65.92 us (2035.57 GFLOPS/s)
MUL_MAT_VEC q4_0_rocmfp4_fast m=6144 n=1 k=2048 batch=4: 22 x 79.37 us = 1746.16 us (1267.95 GFLOPS/s)
MUL_MAT_VEC q6_K m=128000 n=4 k=2048: 1 x 1064.8 us = 1064.8 us (1969.05 GFLOPS/s)
RMS_NORM_MUL RMS_NORM(2048,4,1,1): 61 x 4.415 us = 269.32 us
RMS_NORM_MUL_ROPE RMS_NORM(64,32,4,1): 8 x 10.26 us = 82.08 us
RMS_NORM_MUL_ROPE RMS_NORM(64,8,4,1): 8 x 3.395 us = 27.16 us
SET_ROWS: 16 x 2.015 us = 32.24 us
SSM_CONV: 22 x 4.421 us = 97.28 us
Total time: 10523.8 us.
----------------
Vulkan Timings:
ADD: 60 x 1.85 us = 111 us
CONCAT: 22 x 2.405 us = 52.92 us
CPY: 22 x 1.681 us = 37 us
FLASH_ATTN_EXT dst(64,32,1,4),  q(64,1,32,4),  k(64,256,8,4),  v(64,256,8,4),  m(256,1,1,4): 8 x 15.095 us = 120.76 us (555.721 GFLOPS/s)
GET_ROWS: 24 x 2.278 us = 54.68 us
GLU: 30 x 4.68 us = 140.4 us
MUL: 44 x 2.486 us = 109.4 us
MUL_MAT f32 m=64 n=128 k=64: 16 x 2.115 us = 33.84 us (491.907 GFLOPS/s)
MUL_MAT f32 m=64 n=32 k=64: 16 x 2.065 us = 33.04 us (125.954 GFLOPS/s)
MUL_MAT_VEC q4_0_rocmfp4_fast m=10752 n=4 k=2048: 60 x 60.192 us = 3611.56 us (2925.9 GFLOPS/s)
MUL_MAT_VEC q4_0_rocmfp4_fast m=2048 n=1 k=2048 batch=4: 22 x 28.687 us = 631.12 us (1169.38 GFLOPS/s)
MUL_MAT_VEC q4_0_rocmfp4_fast m=2048 n=4 k=10752: 30 x 61.793 us = 1853.8 us (2850.67 GFLOPS/s)
MUL_MAT_VEC q4_0_rocmfp4_fast m=2048 n=4 k=2048: 16 x 19.485 us = 311.76 us (1721.64 GFLOPS/s)
MUL_MAT_VEC q4_0_rocmfp4_fast m=512 n=4 k=2048: 16 x 3.55 us = 56.8 us (2362.41 GFLOPS/s)
MUL_MAT_VEC q4_0_rocmfp4_fast m=6144 n=1 k=2048 batch=4: 22 x 78.909 us = 1736 us (1275.38 GFLOPS/s)
MUL_MAT_VEC q6_K m=128000 n=4 k=2048: 1 x 1064 us = 1064 us (1970.53 GFLOPS/s)
RMS_NORM_MUL RMS_NORM(2048,4,1,1): 61 x 4.406 us = 268.8 us
RMS_NORM_MUL_ROPE RMS_NORM(64,32,4,1): 8 x 8.36 us = 66.88 us
RMS_NORM_MUL_ROPE RMS_NORM(64,8,4,1): 8 x 3.415 us = 27.32 us
SET_ROWS: 16 x 2.075 us = 33.2 us
SSM_CONV: 22 x 4.374 us = 96.24 us
Total time: 10450.5 us.
----------------
Vulkan Timings:
ADD: 60 x 1.82 us = 109.24 us
CONCAT: 22 x 2.35 us = 51.72 us
CPY: 22 x 2.501 us = 55.04 us
FLASH_ATTN_EXT dst(64,32,1,4),  q(64,1,32,4),  k(64,256,8,4),  v(64,256,8,4),  m(256,1,1,4): 8 x 15.12 us = 120.96 us (554.802 GFLOPS/s)
GET_ROWS: 24 x 2.235 us = 53.64 us
GLU: 30 x 4.726 us = 141.8 us
MUL: 44 x 2.561 us = 112.72 us
MUL_MAT f32 m=64 n=128 k=64: 16 x 2.087 us = 33.4 us (498.388 GFLOPS/s)
MUL_MAT f32 m=64 n=32 k=64: 16 x 2.052 us = 32.84 us (126.722 GFLOPS/s)
MUL_MAT_VEC q4_0_rocmfp4_fast m=10752 n=4 k=2048: 60 x 59.79 us = 3587.44 us (2945.57 GFLOPS/s)
MUL_MAT_VEC q4_0_rocmfp4_fast m=2048 n=1 k=2048 batch=4: 22 x 28.73 us = 632.08 us (1167.6 GFLOPS/s)
MUL_MAT_VEC q4_0_rocmfp4_fast m=2048 n=4 k=10752: 30 x 60.878 us = 1826.36 us (2893.5 GFLOPS/s)
MUL_MAT_VEC q4_0_rocmfp4_fast m=2048 n=4 k=2048: 16 x 18.37 us = 293.92 us (1826.14 GFLOPS/s)
MUL_MAT_VEC q4_0_rocmfp4_fast m=512 n=4 k=2048: 16 x 3.552 us = 56.84 us (2360.75 GFLOPS/s)
MUL_MAT_VEC q4_0_rocmfp4_fast m=6144 n=1 k=2048 batch=4: 22 x 80.036 us = 1760.8 us (1257.41 GFLOPS/s)
MUL_MAT_VEC q6_K m=128000 n=4 k=2048: 1 x 1063.16 us = 1063.16 us (1972.08 GFLOPS/s)
RMS_NORM_MUL RMS_NORM(2048,4,1,1): 61 x 4.782 us = 291.76 us
RMS_NORM_MUL_ROPE RMS_NORM(64,32,4,1): 8 x 8.34 us = 66.72 us
RMS_NORM_MUL_ROPE RMS_NORM(64,8,4,1): 8 x 3.43 us = 27.44 us
SET_ROWS: 16 x 2 us = 32 us
SSM_CONV: 22 x 4.41 us = 97.04 us
Total time: 10446.9 us.
----------------
Vulkan Timings:
ADD: 60 x 1.896 us = 113.76 us
CONCAT: 22 x 2.34 us = 51.48 us
CPY: 22 x 1.585 us = 34.88 us
FLASH_ATTN_EXT dst(64,32,1,4),  q(64,1,32,4),  k(64,256,8,4),  v(64,256,8,4),  m(256,1,1,4): 8 x 15.12 us = 120.96 us (554.802 GFLOPS/s)
GET_ROWS: 24 x 2.261 us = 54.28 us
GLU: 30 x 4.717 us = 141.52 us
MUL: 44 x 2.465 us = 108.48 us
MUL_MAT f32 m=64 n=128 k=64: 16 x 2.117 us = 33.88 us (491.327 GFLOPS/s)
MUL_MAT f32 m=64 n=32 k=64: 16 x 2.077 us = 33.24 us (125.197 GFLOPS/s)
MUL_MAT_VEC q4_0_rocmfp4_fast m=10752 n=4 k=2048: 60 x 59.813 us = 3588.8 us (2944.46 GFLOPS/s)
MUL_MAT_VEC q4_0_rocmfp4_fast m=2048 n=1 k=2048 batch=4: 22 x 29.605 us = 651.32 us (1133.11 GFLOPS/s)
MUL_MAT_VEC q4_0_rocmfp4_fast m=2048 n=4 k=10752: 30 x 62.097 us = 1862.92 us (2836.72 GFLOPS/s)
MUL_MAT_VEC q4_0_rocmfp4_fast m=2048 n=4 k=2048: 16 x 18.427 us = 294.84 us (1820.44 GFLOPS/s)
MUL_MAT_VEC q4_0_rocmfp4_fast m=512 n=4 k=2048: 16 x 3.565 us = 57.04 us (2352.47 GFLOPS/s)
MUL_MAT_VEC q4_0_rocmfp4_fast m=6144 n=1 k=2048 batch=4: 22 x 79.556 us = 1750.24 us (1265 GFLOPS/s)
MUL_MAT_VEC q6_K m=128000 n=4 k=2048: 1 x 1064.2 us = 1064.2 us (1970.16 GFLOPS/s)
RMS_NORM_MUL RMS_NORM(2048,4,1,1): 61 x 4.393 us = 268 us
RMS_NORM_MUL_ROPE RMS_NORM(64,32,4,1): 8 x 8.39 us = 67.12 us
RMS_NORM_MUL_ROPE RMS_NORM(64,8,4,1): 8 x 3.435 us = 27.48 us
SET_ROWS: 16 x 1.992 us = 31.88 us
SSM_CONV: 22 x 4.438 us = 97.64 us
Total time: 10454 us.
----------------
Vulkan Timings:
ADD: 60 x 1.873 us = 112.4 us
CONCAT: 22 x 2.387 us = 52.52 us
CPY: 22 x 1.645 us = 36.2 us
FLASH_ATTN_EXT dst(64,32,1,4),  q(64,1,32,4),  k(64,256,8,4),  v(64,256,8,4),  m(256,1,1,4): 8 x 14.78 us = 118.24 us (567.565 GFLOPS/s)
GET_ROWS: 24 x 2.263 us = 54.32 us
GLU: 30 x 4.585 us = 137.56 us
MUL: 44 x 2.496 us = 109.84 us
MUL_MAT f32 m=64 n=128 k=64: 16 x 2.125 us = 34 us (489.592 GFLOPS/s)
MUL_MAT f32 m=64 n=32 k=64: 16 x 2.105 us = 33.68 us (123.561 GFLOPS/s)
MUL_MAT_VEC q4_0_rocmfp4_fast m=10752 n=4 k=2048: 60 x 59.776 us = 3586.56 us (2946.3 GFLOPS/s)
MUL_MAT_VEC q4_0_rocmfp4_fast m=2048 n=1 k=2048 batch=4: 22 x 28.649 us = 630.28 us (1170.94 GFLOPS/s)
MUL_MAT_VEC q4_0_rocmfp4_fast m=2048 n=4 k=10752: 30 x 61.417 us = 1842.52 us (2868.12 GFLOPS/s)
MUL_MAT_VEC q4_0_rocmfp4_fast m=2048 n=4 k=2048: 16 x 18.422 us = 294.76 us (1820.94 GFLOPS/s)
MUL_MAT_VEC q4_0_rocmfp4_fast m=512 n=4 k=2048: 16 x 3.532 us = 56.52 us (2374.11 GFLOPS/s)
MUL_MAT_VEC q4_0_rocmfp4_fast m=6144 n=1 k=2048 batch=4: 22 x 79.83 us = 1756.28 us (1260.65 GFLOPS/s)
MUL_MAT_VEC q6_K m=128000 n=4 k=2048: 1 x 1063.24 us = 1063.24 us (1971.93 GFLOPS/s)
RMS_NORM_MUL RMS_NORM(2048,4,1,1): 61 x 4.423 us = 269.84 us
RMS_NORM_MUL_ROPE RMS_NORM(64,32,4,1): 8 x 8.505 us = 68.04 us
RMS_NORM_MUL_ROPE RMS_NORM(64,8,4,1): 8 x 3.45 us = 27.6 us
SET_ROWS: 16 x 2.16 us = 34.56 us
SSM_CONV: 22 x 4.447 us = 97.84 us
Total time: 10416.8 us.
----------------
Vulkan Timings:
ADD: 60 x 1.9 us = 114 us
CONCAT: 22 x 2.365 us = 52.04 us
CPY: 22 x 1.643 us = 36.16 us
FLASH_ATTN_EXT dst(64,32,1,4),  q(64,1,32,4),  k(64,256,8,4),  v(64,256,8,4),  m(256,1,1,4): 8 x 14.98 us = 119.84 us (559.987 GFLOPS/s)
GET_ROWS: 24 x 2.261 us = 54.28 us
GLU: 30 x 4.552 us = 136.56 us
MUL: 44 x 2.497 us = 109.88 us
MUL_MAT f32 m=64 n=128 k=64: 16 x 2.152 us = 34.44 us (483.338 GFLOPS/s)
MUL_MAT f32 m=64 n=32 k=64: 16 x 2.265 us = 36.24 us (114.833 GFLOPS/s)
MUL_MAT_VEC q4_0_rocmfp4_fast m=10752 n=4 k=2048: 60 x 60.063 us = 3603.8 us (2932.2 GFLOPS/s)
MUL_MAT_VEC q4_0_rocmfp4_fast m=2048 n=1 k=2048 batch=4: 22 x 29.143 us = 641.16 us (1151.07 GFLOPS/s)
MUL_MAT_VEC q4_0_rocmfp4_fast m=2048 n=4 k=10752: 30 x 61.712 us = 1851.36 us (2854.43 GFLOPS/s)
MUL_MAT_VEC q4_0_rocmfp4_fast m=2048 n=4 k=2048: 16 x 18.38 us = 294.08 us (1825.15 GFLOPS/s)
MUL_MAT_VEC q4_0_rocmfp4_fast m=512 n=4 k=2048: 16 x 3.537 us = 56.6 us (2370.76 GFLOPS/s)
MUL_MAT_VEC q4_0_rocmfp4_fast m=6144 n=1 k=2048 batch=4: 22 x 79.785 us = 1755.28 us (1261.37 GFLOPS/s)
MUL_MAT_VEC q6_K m=128000 n=4 k=2048: 1 x 1063.64 us = 1063.64 us (1971.19 GFLOPS/s)
RMS_NORM_MUL RMS_NORM(2048,4,1,1): 61 x 4.566 us = 278.56 us
RMS_NORM_MUL_ROPE RMS_NORM(64,32,4,1): 8 x 8.445 us = 67.56 us
RMS_NORM_MUL_ROPE RMS_NORM(64,8,4,1): 8 x 3.51 us = 28.08 us
SET_ROWS: 16 x 2.127 us = 34.04 us
SSM_CONV: 22 x 4.467 us = 98.28 us
Total time: 10465.9 us.
----------------
Vulkan Timings:
ADD: 60 x 2.61 us = 156.64 us
CONCAT: 22 x 2.981 us = 65.6 us
CPY: 22 x 1.79 us = 39.4 us
FLASH_ATTN_EXT dst(64,32,1,4),  q(64,1,32,4),  k(64,256,8,4),  v(64,256,8,4),  m(256,1,1,4): 8 x 20.45 us = 163.6 us (410.201 GFLOPS/s)
GET_ROWS: 24 x 2.76 us = 66.24 us
GLU: 30 x 5.49 us = 164.72 us
MUL: 44 x 3.154 us = 138.8 us
MUL_MAT f32 m=64 n=128 k=64: 16 x 2.512 us = 40.2 us (414.083 GFLOPS/s)
MUL_MAT f32 m=64 n=32 k=64: 16 x 2.215 us = 35.44 us (117.425 GFLOPS/s)
MUL_MAT_VEC q4_0_rocmfp4_fast m=10752 n=4 k=2048: 60 x 79.835 us = 4790.12 us (2206.01 GFLOPS/s)
MUL_MAT_VEC q4_0_rocmfp4_fast m=2048 n=1 k=2048 batch=4: 22 x 39.314 us = 864.92 us (853.278 GFLOPS/s)
MUL_MAT_VEC q4_0_rocmfp4_fast m=2048 n=4 k=10752: 30 x 78.406 us = 2352.2 us (2246.65 GFLOPS/s)
MUL_MAT_VEC q4_0_rocmfp4_fast m=2048 n=4 k=2048: 16 x 21.79 us = 348.64 us (1539.52 GFLOPS/s)
MUL_MAT_VEC q4_0_rocmfp4_fast m=512 n=4 k=2048: 16 x 6.122 us = 97.96 us (1369.79 GFLOPS/s)
MUL_MAT_VEC q4_0_rocmfp4_fast m=6144 n=1 k=2048 batch=4: 22 x 101.62 us = 2235.64 us (990.344 GFLOPS/s)
MUL_MAT_VEC q6_K m=128000 n=4 k=2048: 1 x 1064.44 us = 1064.44 us (1969.71 GFLOPS/s)
RMS_NORM_MUL RMS_NORM(2048,4,1,1): 61 x 5.683 us = 346.72 us
RMS_NORM_MUL_ROPE RMS_NORM(64,32,4,1): 8 x 10.64 us = 85.12 us
RMS_NORM_MUL_ROPE RMS_NORM(64,8,4,1): 8 x 4.43 us = 35.44 us
SET_ROWS: 16 x 2.85 us = 45.6 us
SSM_CONV: 22 x 6.734 us = 148.16 us
Total time: 13285.6 us.
----------------
Vulkan Timings:
ADD: 60 x 1.99 us = 119.4 us
CONCAT: 22 x 2.343 us = 51.56 us
CPY: 22 x 1.609 us = 35.4 us
FLASH_ATTN_EXT dst(64,32,1,4),  q(64,1,32,4),  k(64,256,8,4),  v(64,256,8,4),  m(256,1,1,4): 8 x 15.195 us = 121.56 us (552.064 GFLOPS/s)
GET_ROWS: 24 x 2.235 us = 53.64 us
GLU: 30 x 4.67 us = 140.12 us
MUL: 44 x 2.554 us = 112.4 us
MUL_MAT f32 m=64 n=128 k=64: 16 x 2.107 us = 33.72 us (493.658 GFLOPS/s)
MUL_MAT f32 m=64 n=32 k=64: 16 x 2.087 us = 33.4 us (124.597 GFLOPS/s)
MUL_MAT_VEC q4_0_rocmfp4_fast m=10752 n=4 k=2048: 60 x 60.466 us = 3627.96 us (2912.67 GFLOPS/s)
MUL_MAT_VEC q4_0_rocmfp4_fast m=2048 n=1 k=2048 batch=4: 22 x 29.18 us = 641.96 us (1149.63 GFLOPS/s)
MUL_MAT_VEC q4_0_rocmfp4_fast m=2048 n=4 k=10752: 30 x 61.56 us = 1846.8 us (2861.48 GFLOPS/s)
MUL_MAT_VEC q4_0_rocmfp4_fast m=2048 n=4 k=2048: 16 x 18.475 us = 295.6 us (1815.76 GFLOPS/s)
MUL_MAT_VEC q4_0_rocmfp4_fast m=512 n=4 k=2048: 16 x 3.55 us = 56.8 us (2362.41 GFLOPS/s)
MUL_MAT_VEC q4_0_rocmfp4_fast m=6144 n=1 k=2048 batch=4: 22 x 79.38 us = 1746.36 us (1267.81 GFLOPS/s)
MUL_MAT_VEC q6_K m=128000 n=4 k=2048: 1 x 1063.4 us = 1063.4 us (1971.64 GFLOPS/s)
RMS_NORM_MUL RMS_NORM(2048,4,1,1): 61 x 4.641 us = 283.16 us
RMS_NORM_MUL_ROPE RMS_NORM(64,32,4,1): 8 x 8.385 us = 67.08 us
RMS_NORM_MUL_ROPE RMS_NORM(64,8,4,1): 8 x 3.42 us = 27.36 us
SET_ROWS: 16 x 1.98 us = 31.68 us
SSM_CONV: 22 x 4.421 us = 97.28 us
Total time: 10486.6 us.
----------------
Vulkan Timings:
ADD: 60 x 1.8 us = 108 us
CONCAT: 22 x 2.285 us = 50.28 us
CPY: 22 x 1.56 us = 34.32 us
FLASH_ATTN_EXT dst(64,32,1,4),  q(64,1,32,4),  k(64,256,8,4),  v(64,256,8,4),  m(256,1,1,4): 8 x 15.115 us = 120.92 us (554.986 GFLOPS/s)
GET_ROWS: 24 x 2.211 us = 53.08 us
GLU: 30 x 4.405 us = 132.16 us
MUL: 44 x 2.429 us = 106.88 us
MUL_MAT f32 m=64 n=128 k=64: 16 x 2.06 us = 32.96 us (505.041 GFLOPS/s)
MUL_MAT f32 m=64 n=32 k=64: 16 x 2.057 us = 32.92 us (126.414 GFLOPS/s)
MUL_MAT_VEC q4_0_rocmfp4_fast m=10752 n=4 k=2048: 60 x 59.764 us = 3585.84 us (2946.89 GFLOPS/s)
MUL_MAT_VEC q4_0_rocmfp4_fast m=2048 n=1 k=2048 batch=4: 22 x 29.614 us = 651.52 us (1132.76 GFLOPS/s)
MUL_MAT_VEC q4_0_rocmfp4_fast m=2048 n=4 k=10752: 30 x 60.95 us = 1828.52 us (2890.08 GFLOPS/s)
MUL_MAT_VEC q4_0_rocmfp4_fast m=2048 n=4 k=2048: 16 x 18.455 us = 295.28 us (1817.73 GFLOPS/s)
MUL_MAT_VEC q4_0_rocmfp4_fast m=512 n=4 k=2048: 16 x 3.545 us = 56.72 us (2365.74 GFLOPS/s)
MUL_MAT_VEC q4_0_rocmfp4_fast m=6144 n=1 k=2048 batch=4: 22 x 79.889 us = 1757.56 us (1259.73 GFLOPS/s)
MUL_MAT_VEC q6_K m=128000 n=4 k=2048: 1 x 1065.64 us = 1065.64 us (1967.49 GFLOPS/s)
RMS_NORM_MUL RMS_NORM(2048,4,1,1): 61 x 4.365 us = 266.28 us
RMS_NORM_MUL_ROPE RMS_NORM(64,32,4,1): 8 x 8.34 us = 66.72 us
RMS_NORM_MUL_ROPE RMS_NORM(64,8,4,1): 8 x 3.39 us = 27.12 us
SET_ROWS: 16 x 2.022 us = 32.36 us
SSM_CONV: 22 x 4.398 us = 96.76 us
Total time: 10401.8 us.
----------------
Vulkan Timings:
ADD: 60 x 2.338 us = 140.28 us
CONCAT: 22 x 2.889 us = 63.56 us
CPY: 22 x 1.692 us = 37.24 us
FLASH_ATTN_EXT dst(64,32,1,4),  q(64,1,32,4),  k(64,256,8,4),  v(64,256,8,4),  m(256,1,1,4): 8 x 18.97 us = 151.76 us (442.204 GFLOPS/s)
GET_ROWS: 24 x 2.638 us = 63.32 us
GLU: 30 x 7.149 us = 214.48 us
MUL: 44 x 2.995 us = 131.8 us
MUL_MAT f32 m=64 n=128 k=64: 16 x 2.355 us = 37.68 us (441.777 GFLOPS/s)
MUL_MAT f32 m=64 n=32 k=64: 16 x 2.442 us = 39.08 us (106.488 GFLOPS/s)
MUL_MAT_VEC q4_0_rocmfp4_fast m=10752 n=4 k=2048: 60 x 76.578 us = 4594.68 us (2299.85 GFLOPS/s)
MUL_MAT_VEC q4_0_rocmfp4_fast m=2048 n=1 k=2048 batch=4: 22 x 36.05 us = 793.12 us (930.524 GFLOPS/s)
MUL_MAT_VEC q4_0_rocmfp4_fast m=2048 n=4 k=10752: 30 x 75.682 us = 2270.48 us (2327.52 GFLOPS/s)
MUL_MAT_VEC q4_0_rocmfp4_fast m=2048 n=4 k=2048: 16 x 20.792 us = 332.68 us (1613.38 GFLOPS/s)
MUL_MAT_VEC q4_0_rocmfp4_fast m=512 n=4 k=2048: 16 x 6.272 us = 100.36 us (1337.04 GFLOPS/s)
MUL_MAT_VEC q4_0_rocmfp4_fast m=6144 n=1 k=2048 batch=4: 22 x 97.987 us = 2155.72 us (1027.06 GFLOPS/s)
MUL_MAT_VEC q6_K m=128000 n=4 k=2048: 1 x 1058.12 us = 1058.12 us (1981.48 GFLOPS/s)
RMS_NORM_MUL RMS_NORM(2048,4,1,1): 61 x 5.465 us = 333.4 us
RMS_NORM_MUL_ROPE RMS_NORM(64,32,4,1): 8 x 12.405 us = 99.24 us
RMS_NORM_MUL_ROPE RMS_NORM(64,8,4,1): 8 x 4.175 us = 33.4 us
SET_ROWS: 16 x 2.507 us = 40.12 us
SSM_CONV: 22 x 5.572 us = 122.6 us
Total time: 12813.1 us.
----------------
Vulkan Timings:
ADD: 60 x 1.836 us = 110.2 us
CONCAT: 22 x 2.336 us = 51.4 us
CPY: 22 x 1.58 us = 34.76 us
FLASH_ATTN_EXT dst(64,32,1,4),  q(64,1,32,4),  k(64,256,8,4),  v(64,256,8,4),  m(256,1,1,4): 8 x 15.205 us = 121.64 us (551.701 GFLOPS/s)
GET_ROWS: 24 x 2.25 us = 54 us
GLU: 30 x 4.552 us = 136.56 us
MUL: 44 x 2.452 us = 107.92 us
MUL_MAT f32 m=64 n=128 k=64: 16 x 2.087 us = 33.4 us (498.388 GFLOPS/s)
MUL_MAT f32 m=64 n=32 k=64: 16 x 2.085 us = 33.36 us (124.746 GFLOPS/s)
MUL_MAT_VEC q4_0_rocmfp4_fast m=10752 n=4 k=2048: 60 x 60.189 us = 3611.36 us (2926.06 GFLOPS/s)
MUL_MAT_VEC q4_0_rocmfp4_fast m=2048 n=1 k=2048 batch=4: 22 x 30.22 us = 664.84 us (1110.07 GFLOPS/s)
MUL_MAT_VEC q4_0_rocmfp4_fast m=2048 n=4 k=10752: 30 x 60.892 us = 1826.76 us (2892.87 GFLOPS/s)
MUL_MAT_VEC q4_0_rocmfp4_fast m=2048 n=4 k=2048: 16 x 18.32 us = 293.12 us (1831.13 GFLOPS/s)
MUL_MAT_VEC q4_0_rocmfp4_fast m=512 n=4 k=2048: 16 x 3.52 us = 56.32 us (2382.55 GFLOPS/s)
MUL_MAT_VEC q4_0_rocmfp4_fast m=6144 n=1 k=2048 batch=4: 22 x 79.881 us = 1757.4 us (1259.85 GFLOPS/s)
MUL_MAT_VEC q6_K m=128000 n=4 k=2048: 1 x 1116.96 us = 1116.96 us (1877.09 GFLOPS/s)
RMS_NORM_MUL RMS_NORM(2048,4,1,1): 61 x 4.405 us = 268.72 us
RMS_NORM_MUL_ROPE RMS_NORM(64,32,4,1): 8 x 8.405 us = 67.24 us
RMS_NORM_MUL_ROPE RMS_NORM(64,8,4,1): 8 x 3.435 us = 27.48 us
SET_ROWS: 16 x 1.98 us = 31.68 us
SSM_CONV: 22 x 4.421 us = 97.28 us
Total time: 10502.4 us.
----------------
Vulkan Timings:
ADD: 60 x 2.276 us = 136.6 us
CONCAT: 22 x 2.954 us = 65 us
CPY: 22 x 1.723 us = 37.92 us
FLASH_ATTN_EXT dst(64,32,1,4),  q(64,1,32,4),  k(64,256,8,4),  v(64,256,8,4),  m(256,1,1,4): 8 x 19.75 us = 158 us (424.74 GFLOPS/s)
GET_ROWS: 24 x 2.726 us = 65.44 us
GLU: 30 x 5.717 us = 171.52 us
MUL: 44 x 3.062 us = 134.76 us
MUL_MAT f32 m=64 n=128 k=64: 16 x 2.487 us = 39.8 us (418.245 GFLOPS/s)
MUL_MAT f32 m=64 n=32 k=64: 16 x 2.275 us = 36.4 us (114.328 GFLOPS/s)
MUL_MAT_VEC q4_0_rocmfp4_fast m=10752 n=4 k=2048: 60 x 78.548 us = 4712.88 us (2242.17 GFLOPS/s)
MUL_MAT_VEC q4_0_rocmfp4_fast m=2048 n=1 k=2048 batch=4: 22 x 37.761 us = 830.76 us (888.364 GFLOPS/s)
MUL_MAT_VEC q4_0_rocmfp4_fast m=2048 n=4 k=10752: 30 x 76.608 us = 2298.24 us (2299.4 GFLOPS/s)
MUL_MAT_VEC q4_0_rocmfp4_fast m=2048 n=4 k=2048: 16 x 21.682 us = 346.92 us (1547.16 GFLOPS/s)
MUL_MAT_VEC q4_0_rocmfp4_fast m=512 n=4 k=2048: 16 x 5.702 us = 91.24 us (1470.68 GFLOPS/s)
MUL_MAT_VEC q4_0_rocmfp4_fast m=6144 n=1 k=2048 batch=4: 22 x 102.234 us = 2249.16 us (984.391 GFLOPS/s)
MUL_MAT_VEC q6_K m=128000 n=4 k=2048: 1 x 1063.84 us = 1063.84 us (1970.82 GFLOPS/s)
RMS_NORM_MUL RMS_NORM(2048,4,1,1): 61 x 5.619 us = 342.76 us
RMS_NORM_MUL_ROPE RMS_NORM(64,32,4,1): 8 x 10.43 us = 83.44 us
RMS_NORM_MUL_ROPE RMS_NORM(64,8,4,1): 8 x 4.375 us = 35 us
SET_ROWS: 16 x 2.692 us = 43.08 us
SSM_CONV: 22 x 5.66 us = 124.52 us
Total time: 13067.3 us.
----------------
Vulkan Timings:
ADD: 60 x 2.171 us = 130.28 us
CONCAT: 22 x 2.84 us = 62.48 us
CPY: 22 x 1.683 us = 37.04 us
FLASH_ATTN_EXT dst(64,32,1,4),  q(64,1,32,4),  k(64,256,8,4),  v(64,256,8,4),  m(256,1,1,4): 8 x 18.82 us = 150.56 us (445.728 GFLOPS/s)
GET_ROWS: 24 x 2.598 us = 62.36 us
GLU: 30 x 5.428 us = 162.84 us
MUL: 44 x 2.941 us = 129.44 us
MUL_MAT f32 m=64 n=128 k=64: 16 x 2.327 us = 37.24 us (446.996 GFLOPS/s)
MUL_MAT f32 m=64 n=32 k=64: 16 x 2.235 us = 35.76 us (116.374 GFLOPS/s)
MUL_MAT_VEC q4_0_rocmfp4_fast m=10752 n=4 k=2048: 60 x 74.074 us = 4444.48 us (2377.57 GFLOPS/s)
MUL_MAT_VEC q4_0_rocmfp4_fast m=2048 n=1 k=2048 batch=4: 22 x 35.567 us = 782.48 us (943.177 GFLOPS/s)
MUL_MAT_VEC q4_0_rocmfp4_fast m=2048 n=4 k=10752: 30 x 72.921 us = 2187.64 us (2415.65 GFLOPS/s)
MUL_MAT_VEC q4_0_rocmfp4_fast m=2048 n=4 k=2048: 16 x 20.4 us = 326.4 us (1644.42 GFLOPS/s)
MUL_MAT_VEC q4_0_rocmfp4_fast m=512 n=4 k=2048: 16 x 5.372 us = 85.96 us (1561.02 GFLOPS/s)
MUL_MAT_VEC q4_0_rocmfp4_fast m=6144 n=1 k=2048 batch=4: 22 x 95.836 us = 2108.4 us (1050.11 GFLOPS/s)
MUL_MAT_VEC q6_K m=128000 n=4 k=2048: 1 x 1063.24 us = 1063.24 us (1971.93 GFLOPS/s)
RMS_NORM_MUL RMS_NORM(2048,4,1,1): 61 x 5.318 us = 324.4 us
RMS_NORM_MUL_ROPE RMS_NORM(64,32,4,1): 8 x 9.845 us = 78.76 us
RMS_NORM_MUL_ROPE RMS_NORM(64,8,4,1): 8 x 4.125 us = 33 us
SET_ROWS: 16 x 2.437 us = 39 us
SSM_CONV: 22 x 5.469 us = 120.32 us
Total time: 12402.1 us.
----------------
Vulkan Timings:
ADD: 60 x 1.936 us = 116.16 us
CONCAT: 22 x 2.814 us = 61.92 us
CPY: 22 x 1.609 us = 35.4 us
FLASH_ATTN_EXT dst(64,32,1,4),  q(64,1,32,4),  k(64,256,8,4),  v(64,256,8,4),  m(256,1,1,4): 8 x 15.88 us = 127.04 us (528.25 GFLOPS/s)
GET_ROWS: 24 x 2.351 us = 56.44 us
GLU: 30 x 5.648 us = 169.44 us
MUL: 44 x 2.679 us = 117.88 us
MUL_MAT f32 m=64 n=128 k=64: 16 x 2.167 us = 34.68 us (479.993 GFLOPS/s)
MUL_MAT f32 m=64 n=32 k=64: 16 x 2.102 us = 33.64 us (123.708 GFLOPS/s)
MUL_MAT_VEC q4_0_rocmfp4_fast m=10752 n=4 k=2048: 60 x 62.736 us = 3764.2 us (2807.25 GFLOPS/s)
MUL_MAT_VEC q4_0_rocmfp4_fast m=2048 n=1 k=2048 batch=4: 22 x 30.534 us = 671.76 us (1098.63 GFLOPS/s)
MUL_MAT_VEC q4_0_rocmfp4_fast m=2048 n=4 k=10752: 30 x 62.405 us = 1872.16 us (2822.72 GFLOPS/s)
MUL_MAT_VEC q4_0_rocmfp4_fast m=2048 n=4 k=2048: 16 x 19.22 us = 307.52 us (1745.38 GFLOPS/s)
MUL_MAT_VEC q4_0_rocmfp4_fast m=512 n=4 k=2048: 16 x 3.702 us = 59.24 us (2265.11 GFLOPS/s)
MUL_MAT_VEC q4_0_rocmfp4_fast m=6144 n=1 k=2048 batch=4: 22 x 84.643 us = 1862.16 us (1188.97 GFLOPS/s)
MUL_MAT_VEC q6_K m=128000 n=4 k=2048: 1 x 1063.04 us = 1063.04 us (1972.31 GFLOPS/s)
RMS_NORM_MUL RMS_NORM(2048,4,1,1): 61 x 4.81 us = 293.44 us
RMS_NORM_MUL_ROPE RMS_NORM(64,32,4,1): 8 x 8.88 us = 71.04 us
RMS_NORM_MUL_ROPE RMS_NORM(64,8,4,1): 8 x 3.615 us = 28.92 us
SET_ROWS: 16 x 2.317 us = 37.08 us
SSM_CONV: 22 x 4.77 us = 104.96 us
Total time: 10888.1 us.
----------------
Vulkan Timings:
ADD: 60 x 1.864 us = 111.88 us
CONCAT: 22 x 2.354 us = 51.8 us
CPY: 22 x 1.636 us = 36 us
FLASH_ATTN_EXT dst(64,32,1,4),  q(64,1,32,4),  k(64,256,8,4),  v(64,256,8,4),  m(256,1,1,4): 8 x 15.105 us = 120.84 us (555.353 GFLOPS/s)
GET_ROWS: 24 x 2.301 us = 55.24 us
GLU: 30 x 4.513 us = 135.4 us
MUL: 44 x 2.492 us = 109.68 us
MUL_MAT f32 m=64 n=128 k=64: 16 x 2.127 us = 34.04 us (489.017 GFLOPS/s)
MUL_MAT f32 m=64 n=32 k=64: 16 x 2.102 us = 33.64 us (123.708 GFLOPS/s)
MUL_MAT_VEC q4_0_rocmfp4_fast m=10752 n=4 k=2048: 60 x 60.476 us = 3628.56 us (2912.19 GFLOPS/s)
MUL_MAT_VEC q4_0_rocmfp4_fast m=2048 n=1 k=2048 batch=4: 22 x 30.01 us = 660.24 us (1117.8 GFLOPS/s)
MUL_MAT_VEC q4_0_rocmfp4_fast m=2048 n=4 k=10752: 30 x 62.001 us = 1860.04 us (2841.11 GFLOPS/s)
MUL_MAT_VEC q4_0_rocmfp4_fast m=2048 n=4 k=2048: 16 x 18.58 us = 297.28 us (1805.5 GFLOPS/s)
MUL_MAT_VEC q4_0_rocmfp4_fast m=512 n=4 k=2048: 16 x 3.56 us = 56.96 us (2355.78 GFLOPS/s)
MUL_MAT_VEC q4_0_rocmfp4_fast m=6144 n=1 k=2048 batch=4: 22 x 80.718 us = 1775.8 us (1246.79 GFLOPS/s)
MUL_MAT_VEC q6_K m=128000 n=4 k=2048: 1 x 1075.6 us = 1075.6 us (1949.27 GFLOPS/s)
RMS_NORM_MUL RMS_NORM(2048,4,1,1): 61 x 4.559 us = 278.12 us
RMS_NORM_MUL_ROPE RMS_NORM(64,32,4,1): 8 x 10.555 us = 84.44 us
RMS_NORM_MUL_ROPE RMS_NORM(64,8,4,1): 8 x 4.61 us = 36.88 us
SET_ROWS: 16 x 2.132 us = 34.12 us
SSM_CONV: 22 x 4.42 us = 97.24 us
Total time: 10573.8 us.
----------------
Vulkan Timings:
ADD: 60 x 1.874 us = 112.48 us
CONCAT: 22 x 2.358 us = 51.88 us
CPY: 22 x 1.612 us = 35.48 us
FLASH_ATTN_EXT dst(64,32,1,4),  q(64,1,32,4),  k(64,256,8,4),  v(64,256,8,4),  m(256,1,1,4): 8 x 14.825 us = 118.6 us (565.842 GFLOPS/s)
GET_ROWS: 24 x 2.251 us = 54.04 us
GLU: 30 x 4.374 us = 131.24 us
MUL: 44 x 2.483 us = 109.28 us
MUL_MAT f32 m=64 n=128 k=64: 16 x 2.112 us = 33.8 us (492.489 GFLOPS/s)
MUL_MAT f32 m=64 n=32 k=64: 16 x 2.057 us = 32.92 us (126.414 GFLOPS/s)
MUL_MAT_VEC q4_0_rocmfp4_fast m=10752 n=4 k=2048: 60 x 60.154 us = 3609.28 us (2927.75 GFLOPS/s)
MUL_MAT_VEC q4_0_rocmfp4_fast m=2048 n=1 k=2048 batch=4: 22 x 30.212 us = 664.68 us (1110.33 GFLOPS/s)
MUL_MAT_VEC q4_0_rocmfp4_fast m=2048 n=4 k=10752: 30 x 62.581 us = 1877.44 us (2814.78 GFLOPS/s)
MUL_MAT_VEC q4_0_rocmfp4_fast m=2048 n=4 k=2048: 16 x 18.4 us = 294.4 us (1823.17 GFLOPS/s)
MUL_MAT_VEC q4_0_rocmfp4_fast m=512 n=4 k=2048: 16 x 3.522 us = 56.36 us (2380.85 GFLOPS/s)
MUL_MAT_VEC q4_0_rocmfp4_fast m=6144 n=1 k=2048 batch=4: 22 x 80.072 us = 1761.6 us (1256.84 GFLOPS/s)
MUL_MAT_VEC q6_K m=128000 n=4 k=2048: 1 x 1088.6 us = 1088.6 us (1926 GFLOPS/s)
RMS_NORM_MUL RMS_NORM(2048,4,1,1): 61 x 4.402 us = 268.56 us
RMS_NORM_MUL_ROPE RMS_NORM(64,32,4,1): 8 x 8.38 us = 67.04 us
RMS_NORM_MUL_ROPE RMS_NORM(64,8,4,1): 8 x 3.43 us = 27.44 us
SET_ROWS: 16 x 2.107 us = 33.72 us
SSM_CONV: 22 x 4.467 us = 98.28 us
Total time: 10527.1 us.
----------------
Vulkan Timings:
ADD: 60 x 1.816 us = 109 us
CONCAT: 22 x 2.327 us = 51.2 us
CPY: 22 x 1.563 us = 34.4 us
FLASH_ATTN_EXT dst(64,32,1,4),  q(64,1,32,4),  k(64,256,8,4),  v(64,256,8,4),  m(256,1,1,4): 8 x 14.995 us = 119.96 us (559.427 GFLOPS/s)
GET_ROWS: 24 x 2.215 us = 53.16 us
GLU: 30 x 4.634 us = 139.04 us
MUL: 44 x 2.447 us = 107.68 us
MUL_MAT f32 m=64 n=128 k=64: 16 x 2.09 us = 33.44 us (497.791 GFLOPS/s)
MUL_MAT f32 m=64 n=32 k=64: 16 x 2.065 us = 33.04 us (125.954 GFLOPS/s)
MUL_MAT_VEC q4_0_rocmfp4_fast m=10752 n=4 k=2048: 60 x 60.392 us = 3623.56 us (2916.21 GFLOPS/s)
MUL_MAT_VEC q4_0_rocmfp4_fast m=2048 n=1 k=2048 batch=4: 22 x 29.643 us = 652.16 us (1131.65 GFLOPS/s)
MUL_MAT_VEC q4_0_rocmfp4_fast m=2048 n=4 k=10752: 30 x 62.232 us = 1866.96 us (2830.58 GFLOPS/s)
MUL_MAT_VEC q4_0_rocmfp4_fast m=2048 n=4 k=2048: 16 x 18.41 us = 294.56 us (1822.17 GFLOPS/s)
MUL_MAT_VEC q4_0_rocmfp4_fast m=512 n=4 k=2048: 16 x 3.567 us = 57.08 us (2350.82 GFLOPS/s)
MUL_MAT_VEC q4_0_rocmfp4_fast m=6144 n=1 k=2048 batch=4: 22 x 80.729 us = 1776.04 us (1246.62 GFLOPS/s)
MUL_MAT_VEC q6_K m=128000 n=4 k=2048: 1 x 1063.68 us = 1063.68 us (1971.12 GFLOPS/s)
RMS_NORM_MUL RMS_NORM(2048,4,1,1): 61 x 4.442 us = 271 us
RMS_NORM_MUL_ROPE RMS_NORM(64,32,4,1): 8 x 8.305 us = 66.44 us
RMS_NORM_MUL_ROPE RMS_NORM(64,8,4,1): 8 x 3.41 us = 27.28 us
SET_ROWS: 16 x 2.102 us = 33.64 us
SSM_CONV: 22 x 4.412 us = 97.08 us
Total time: 10510.4 us.
----------------
Vulkan Timings:
ADD: 60 x 1.812 us = 108.76 us
CONCAT: 22 x 3.323 us = 73.12 us
CPY: 22 x 1.567 us = 34.48 us
FLASH_ATTN_EXT dst(64,32,1,4),  q(64,1,32,4),  k(64,256,8,4),  v(64,256,8,4),  m(256,1,1,4): 8 x 15.3 us = 122.4 us (548.275 GFLOPS/s)
GET_ROWS: 24 x 2.231 us = 53.56 us
GLU: 30 x 4.452 us = 133.56 us
MUL: 44 x 2.464 us = 108.44 us
MUL_MAT f32 m=64 n=128 k=64: 16 x 2.077 us = 33.24 us (500.787 GFLOPS/s)
MUL_MAT f32 m=64 n=32 k=64: 16 x 2.082 us = 33.32 us (124.896 GFLOPS/s)
MUL_MAT_VEC q4_0_rocmfp4_fast m=10752 n=4 k=2048: 60 x 60.137 us = 3608.24 us (2928.59 GFLOPS/s)
MUL_MAT_VEC q4_0_rocmfp4_fast m=2048 n=1 k=2048 batch=4: 22 x 28.696 us = 631.32 us (1169.01 GFLOPS/s)
MUL_MAT_VEC q4_0_rocmfp4_fast m=2048 n=4 k=10752: 30 x 60.753 us = 1822.6 us (2899.47 GFLOPS/s)
MUL_MAT_VEC q4_0_rocmfp4_fast m=2048 n=4 k=2048: 16 x 18.365 us = 293.84 us (1826.64 GFLOPS/s)
MUL_MAT_VEC q4_0_rocmfp4_fast m=512 n=4 k=2048: 16 x 3.53 us = 56.48 us (2375.8 GFLOPS/s)
MUL_MAT_VEC q4_0_rocmfp4_fast m=6144 n=1 k=2048 batch=4: 22 x 79.8 us = 1755.6 us (1261.14 GFLOPS/s)
MUL_MAT_VEC q6_K m=128000 n=4 k=2048: 1 x 1076.52 us = 1076.52 us (1947.61 GFLOPS/s)
RMS_NORM_MUL RMS_NORM(2048,4,1,1): 61 x 4.437 us = 270.68 us
RMS_NORM_MUL_ROPE RMS_NORM(64,32,4,1): 8 x 8.395 us = 67.16 us
RMS_NORM_MUL_ROPE RMS_NORM(64,8,4,1): 8 x 3.38 us = 27.04 us
SET_ROWS: 16 x 1.972 us = 31.56 us
SSM_CONV: 22 x 4.374 us = 96.24 us
Total time: 10438.2 us.
----------------
Vulkan Timings:
ADD: 60 x 2.353 us = 141.2 us
CONCAT: 22 x 2.978 us = 65.52 us
CPY: 22 x 1.854 us = 40.8 us
FLASH_ATTN_EXT dst(64,32,1,4),  q(64,1,32,4),  k(64,256,8,4),  v(64,256,8,4),  m(256,1,1,4): 8 x 23.925 us = 191.4 us (350.621 GFLOPS/s)
GET_ROWS: 24 x 2.818 us = 67.64 us
GLU: 30 x 5.529 us = 165.88 us
MUL: 44 x 3.207 us = 141.12 us
MUL_MAT f32 m=64 n=128 k=64: 16 x 2.47 us = 39.52 us (421.208 GFLOPS/s)
MUL_MAT f32 m=64 n=32 k=64: 16 x 2.515 us = 40.24 us (103.418 GFLOPS/s)
MUL_MAT_VEC q4_0_rocmfp4_fast m=10752 n=4 k=2048: 60 x 80.934 us = 4856.08 us (2176.05 GFLOPS/s)
MUL_MAT_VEC q4_0_rocmfp4_fast m=2048 n=1 k=2048 batch=4: 22 x 38.33 us = 843.28 us (875.175 GFLOPS/s)
MUL_MAT_VEC q4_0_rocmfp4_fast m=2048 n=4 k=10752: 30 x 80.209 us = 2406.28 us (2196.16 GFLOPS/s)
MUL_MAT_VEC q4_0_rocmfp4_fast m=2048 n=4 k=2048: 16 x 23.122 us = 369.96 us (1450.81 GFLOPS/s)
MUL_MAT_VEC q4_0_rocmfp4_fast m=512 n=4 k=2048: 16 x 5.202 us = 83.24 us (1612.02 GFLOPS/s)
MUL_MAT_VEC q4_0_rocmfp4_fast m=6144 n=1 k=2048 batch=4: 22 x 104.392 us = 2296.64 us (964.04 GFLOPS/s)
MUL_MAT_VEC q6_K m=128000 n=4 k=2048: 1 x 1067.24 us = 1067.24 us (1964.54 GFLOPS/s)
RMS_NORM_MUL RMS_NORM(2048,4,1,1): 61 x 5.924 us = 361.4 us
RMS_NORM_MUL_ROPE RMS_NORM(64,32,4,1): 8 x 10.925 us = 87.4 us
RMS_NORM_MUL_ROPE RMS_NORM(64,8,4,1): 8 x 4.54 us = 36.32 us
SET_ROWS: 16 x 2.707 us = 43.32 us
SSM_CONV: 22 x 6.93 us = 152.48 us
Total time: 13497 us.
----------------
Vulkan Timings:
ADD: 60 x 2.006 us = 120.36 us
CONCAT: 22 x 2.565 us = 56.44 us
CPY: 22 x 1.66 us = 36.52 us
FLASH_ATTN_EXT dst(64,32,1,4),  q(64,1,32,4),  k(64,256,8,4),  v(64,256,8,4),  m(256,1,1,4): 8 x 19.875 us = 159 us (422.068 GFLOPS/s)
GET_ROWS: 24 x 2.418 us = 58.04 us
GLU: 30 x 5.142 us = 154.28 us
MUL: 44 x 2.888 us = 127.08 us
MUL_MAT f32 m=64 n=128 k=64: 16 x 2.265 us = 36.24 us (459.331 GFLOPS/s)
MUL_MAT f32 m=64 n=32 k=64: 16 x 1.87 us = 29.92 us (139.089 GFLOPS/s)
MUL_MAT_VEC q4_0_rocmfp4_fast m=10752 n=4 k=2048: 60 x 68.584 us = 4115.08 us (2567.89 GFLOPS/s)
MUL_MAT_VEC q4_0_rocmfp4_fast m=2048 n=1 k=2048 batch=4: 22 x 34.612 us = 761.48 us (969.188 GFLOPS/s)
MUL_MAT_VEC q4_0_rocmfp4_fast m=2048 n=4 k=10752: 30 x 68.073 us = 2042.2 us (2587.69 GFLOPS/s)
MUL_MAT_VEC q4_0_rocmfp4_fast m=2048 n=4 k=2048: 16 x 20.04 us = 320.64 us (1673.96 GFLOPS/s)
MUL_MAT_VEC q4_0_rocmfp4_fast m=512 n=4 k=2048: 16 x 4.317 us = 69.08 us (1942.46 GFLOPS/s)
MUL_MAT_VEC q4_0_rocmfp4_fast m=6144 n=1 k=2048 batch=4: 22 x 92.576 us = 2036.68 us (1087.09 GFLOPS/s)
MUL_MAT_VEC q6_K m=128000 n=4 k=2048: 1 x 1154.4 us = 1154.4 us (1816.22 GFLOPS/s)
RMS_NORM_MUL RMS_NORM(2048,4,1,1): 61 x 5.006 us = 305.4 us
RMS_NORM_MUL_ROPE RMS_NORM(64,32,4,1): 8 x 9.37 us = 74.96 us
RMS_NORM_MUL_ROPE RMS_NORM(64,8,4,1): 8 x 3.835 us = 30.68 us
SET_ROWS: 16 x 2.557 us = 40.92 us
SSM_CONV: 22 x 5.029 us = 110.64 us
Total time: 11840 us.
----------------
Vulkan Timings:
ADD: 60 x 1.841 us = 110.48 us
CONCAT: 22 x 2.398 us = 52.76 us
CPY: 22 x 2.625 us = 57.76 us
FLASH_ATTN_EXT dst(64,32,1,4),  q(64,1,32,4),  k(64,256,8,4),  v(64,256,8,4),  m(256,1,1,4): 8 x 15.02 us = 120.16 us (558.496 GFLOPS/s)
GET_ROWS: 24 x 2.19 us = 52.56 us
GLU: 30 x 4.456 us = 133.68 us
MUL: 44 x 2.418 us = 106.4 us
MUL_MAT f32 m=64 n=128 k=64: 16 x 2.075 us = 33.2 us (501.39 GFLOPS/s)
MUL_MAT f32 m=64 n=32 k=64: 16 x 2.085 us = 33.36 us (124.746 GFLOPS/s)
MUL_MAT_VEC q4_0_rocmfp4_fast m=10752 n=4 k=2048: 60 x 60.145 us = 3608.72 us (2928.2 GFLOPS/s)
MUL_MAT_VEC q4_0_rocmfp4_fast m=2048 n=1 k=2048 batch=4: 22 x 29.712 us = 653.68 us (1129.02 GFLOPS/s)
MUL_MAT_VEC q4_0_rocmfp4_fast m=2048 n=4 k=10752: 30 x 61.22 us = 1836.6 us (2877.37 GFLOPS/s)
MUL_MAT_VEC q4_0_rocmfp4_fast m=2048 n=4 k=2048: 16 x 18.387 us = 294.2 us (1824.4 GFLOPS/s)
MUL_MAT_VEC q4_0_rocmfp4_fast m=512 n=4 k=2048: 16 x 3.565 us = 57.04 us (2352.47 GFLOPS/s)
MUL_MAT_VEC q4_0_rocmfp4_fast m=6144 n=1 k=2048 batch=4: 22 x 80.901 us = 1779.84 us (1243.96 GFLOPS/s)
MUL_MAT_VEC q6_K m=128000 n=4 k=2048: 1 x 1066.64 us = 1066.64 us (1965.65 GFLOPS/s)
RMS_NORM_MUL RMS_NORM(2048,4,1,1): 61 x 4.405 us = 268.76 us
RMS_NORM_MUL_ROPE RMS_NORM(64,32,4,1): 8 x 8.305 us = 66.44 us
RMS_NORM_MUL_ROPE RMS_NORM(64,8,4,1): 8 x 3.37 us = 26.96 us
SET_ROWS: 16 x 2.092 us = 33.48 us
SSM_CONV: 22 x 4.4 us = 96.8 us
Total time: 10489.5 us.
----------------
Vulkan Timings:
ADD: 60 x 1.818 us = 109.12 us
CONCAT: 22 x 3.332 us = 73.32 us
CPY: 22 x 1.569 us = 34.52 us
FLASH_ATTN_EXT dst(64,32,1,4),  q(64,1,32,4),  k(64,256,8,4),  v(64,256,8,4),  m(256,1,1,4): 8 x 15.33 us = 122.64 us (547.202 GFLOPS/s)
GET_ROWS: 24 x 2.206 us = 52.96 us
GLU: 30 x 4.449 us = 133.48 us
MUL: 44 x 2.415 us = 106.28 us
MUL_MAT f32 m=64 n=128 k=64: 16 x 2.072 us = 33.16 us (501.995 GFLOPS/s)
MUL_MAT f32 m=64 n=32 k=64: 16 x 2.065 us = 33.04 us (125.954 GFLOPS/s)
MUL_MAT_VEC q4_0_rocmfp4_fast m=10752 n=4 k=2048: 60 x 59.783 us = 3587 us (2945.93 GFLOPS/s)
MUL_MAT_VEC q4_0_rocmfp4_fast m=2048 n=1 k=2048 batch=4: 22 x 29.594 us = 651.08 us (1133.53 GFLOPS/s)
MUL_MAT_VEC q4_0_rocmfp4_fast m=2048 n=4 k=10752: 30 x 61.352 us = 1840.56 us (2871.18 GFLOPS/s)
MUL_MAT_VEC q4_0_rocmfp4_fast m=2048 n=4 k=2048: 16 x 18.36 us = 293.76 us (1827.14 GFLOPS/s)
MUL_MAT_VEC q4_0_rocmfp4_fast m=512 n=4 k=2048: 16 x 3.535 us = 56.56 us (2372.44 GFLOPS/s)
MUL_MAT_VEC q4_0_rocmfp4_fast m=6144 n=1 k=2048 batch=4: 22 x 80.258 us = 1765.68 us (1253.94 GFLOPS/s)
MUL_MAT_VEC q6_K m=128000 n=4 k=2048: 1 x 1066.96 us = 1066.96 us (1965.06 GFLOPS/s)
RMS_NORM_MUL RMS_NORM(2048,4,1,1): 61 x 4.396 us = 268.16 us
RMS_NORM_MUL_ROPE RMS_NORM(64,32,4,1): 8 x 8.33 us = 66.64 us
RMS_NORM_MUL_ROPE RMS_NORM(64,8,4,1): 8 x 3.42 us = 27.36 us
SET_ROWS: 16 x 1.977 us = 31.64 us
SSM_CONV: 22 x 4.398 us = 96.76 us
Total time: 10450.7 us.
----------------
Vulkan Timings:
ADD: 60 x 1.914 us = 114.88 us
CONCAT: 22 x 2.59 us = 57 us
CPY: 22 x 1.572 us = 34.6 us
FLASH_ATTN_EXT dst(64,32,1,4),  q(64,1,32,4),  k(64,256,8,4),  v(64,256,8,4),  m(256,1,1,4): 8 x 15.085 us = 120.68 us (556.089 GFLOPS/s)
GET_ROWS: 24 x 2.35 us = 56.4 us
GLU: 30 x 4.586 us = 137.6 us
MUL: 44 x 2.505 us = 110.24 us
MUL_MAT f32 m=64 n=128 k=64: 16 x 2.082 us = 33.32 us (499.584 GFLOPS/s)
MUL_MAT f32 m=64 n=32 k=64: 16 x 2.07 us = 33.12 us (125.65 GFLOPS/s)
MUL_MAT_VEC q4_0_rocmfp4_fast m=10752 n=4 k=2048: 60 x 60.004 us = 3600.28 us (2935.07 GFLOPS/s)
MUL_MAT_VEC q4_0_rocmfp4_fast m=2048 n=1 k=2048 batch=4: 22 x 28.898 us = 635.76 us (1160.84 GFLOPS/s)
MUL_MAT_VEC q4_0_rocmfp4_fast m=2048 n=4 k=10752: 30 x 62.048 us = 1861.44 us (2838.97 GFLOPS/s)
MUL_MAT_VEC q4_0_rocmfp4_fast m=2048 n=4 k=2048: 16 x 18.317 us = 293.08 us (1831.38 GFLOPS/s)
MUL_MAT_VEC q4_0_rocmfp4_fast m=512 n=4 k=2048: 16 x 3.55 us = 56.8 us (2362.41 GFLOPS/s)
MUL_MAT_VEC q4_0_rocmfp4_fast m=6144 n=1 k=2048 batch=4: 22 x 80.285 us = 1766.28 us (1253.51 GFLOPS/s)
MUL_MAT_VEC q6_K m=128000 n=4 k=2048: 1 x 1062.72 us = 1062.72 us (1972.9 GFLOPS/s)
RMS_NORM_MUL RMS_NORM(2048,4,1,1): 61 x 4.462 us = 272.24 us
RMS_NORM_MUL_ROPE RMS_NORM(64,32,4,1): 8 x 8.345 us = 66.76 us
RMS_NORM_MUL_ROPE RMS_NORM(64,8,4,1): 8 x 3.41 us = 27.28 us
SET_ROWS: 16 x 2.005 us = 32.08 us
SSM_CONV: 22 x 4.905 us = 107.92 us
Total time: 10480.5 us.
----------------
Vulkan Timings:
ADD: 60 x 1.813 us = 108.8 us
CONCAT: 22 x 2.31 us = 50.84 us
CPY: 22 x 1.587 us = 34.92 us
FLASH_ATTN_EXT dst(64,32,1,4),  q(64,1,32,4),  k(64,256,8,4),  v(64,256,8,4),  m(256,1,1,4): 8 x 15.06 us = 120.48 us (557.012 GFLOPS/s)
GET_ROWS: 24 x 2.228 us = 53.48 us
GLU: 30 x 5.201 us = 156.04 us
MUL: 44 x 2.44 us = 107.36 us
MUL_MAT f32 m=64 n=128 k=64: 16 x 2.082 us = 33.32 us (499.584 GFLOPS/s)
MUL_MAT f32 m=64 n=32 k=64: 16 x 2.062 us = 33 us (126.107 GFLOPS/s)
MUL_MAT_VEC q4_0_rocmfp4_fast m=10752 n=4 k=2048: 60 x 59.978 us = 3598.68 us (2936.37 GFLOPS/s)
MUL_MAT_VEC q4_0_rocmfp4_fast m=2048 n=1 k=2048 batch=4: 22 x 28.605 us = 629.32 us (1172.72 GFLOPS/s)
MUL_MAT_VEC q4_0_rocmfp4_fast m=2048 n=4 k=10752: 30 x 61.076 us = 1832.28 us (2884.15 GFLOPS/s)
MUL_MAT_VEC q4_0_rocmfp4_fast m=2048 n=4 k=2048: 16 x 18.332 us = 293.32 us (1829.88 GFLOPS/s)
MUL_MAT_VEC q4_0_rocmfp4_fast m=512 n=4 k=2048: 16 x 3.552 us = 56.84 us (2360.75 GFLOPS/s)
MUL_MAT_VEC q4_0_rocmfp4_fast m=6144 n=1 k=2048 batch=4: 22 x 78.781 us = 1733.2 us (1277.44 GFLOPS/s)
MUL_MAT_VEC q6_K m=128000 n=4 k=2048: 1 x 1057.64 us = 1057.64 us (1982.38 GFLOPS/s)
RMS_NORM_MUL RMS_NORM(2048,4,1,1): 61 x 4.416 us = 269.4 us
RMS_NORM_MUL_ROPE RMS_NORM(64,32,4,1): 8 x 8.33 us = 66.64 us
RMS_NORM_MUL_ROPE RMS_NORM(64,8,4,1): 8 x 3.46 us = 27.68 us
SET_ROWS: 16 x 2.065 us = 33.04 us
SSM_CONV: 22 x 4.403 us = 96.88 us
Total time: 10393.2 us.
----------------
Vulkan Timings:
ADD: 60 x 1.821 us = 109.28 us
CONCAT: 22 x 2.296 us = 50.52 us
CPY: 22 x 1.57 us = 34.56 us
FLASH_ATTN_EXT dst(64,32,1,4),  q(64,1,32,4),  k(64,256,8,4),  v(64,256,8,4),  m(256,1,1,4): 8 x 15.225 us = 121.8 us (550.976 GFLOPS/s)
GET_ROWS: 24 x 2.193 us = 52.64 us
GLU: 30 x 4.812 us = 144.36 us
MUL: 44 x 2.432 us = 107.04 us
MUL_MAT f32 m=64 n=128 k=64: 16 x 2.075 us = 33.2 us (501.39 GFLOPS/s)
MUL_MAT f32 m=64 n=32 k=64: 16 x 2.055 us = 32.88 us (126.567 GFLOPS/s)
MUL_MAT_VEC q4_0_rocmfp4_fast m=10752 n=4 k=2048: 60 x 60.108 us = 3606.48 us (2930.02 GFLOPS/s)
MUL_MAT_VEC q4_0_rocmfp4_fast m=2048 n=1 k=2048 batch=4: 22 x 29.114 us = 640.52 us (1152.22 GFLOPS/s)
MUL_MAT_VEC q4_0_rocmfp4_fast m=2048 n=4 k=10752: 30 x 61.886 us = 1856.6 us (2846.37 GFLOPS/s)
MUL_MAT_VEC q4_0_rocmfp4_fast m=2048 n=4 k=2048: 16 x 18.442 us = 295.08 us (1818.96 GFLOPS/s)
MUL_MAT_VEC q4_0_rocmfp4_fast m=512 n=4 k=2048: 16 x 3.585 us = 57.36 us (2339.35 GFLOPS/s)
MUL_MAT_VEC q4_0_rocmfp4_fast m=6144 n=1 k=2048 batch=4: 22 x 79.38 us = 1746.36 us (1267.81 GFLOPS/s)
MUL_MAT_VEC q6_K m=128000 n=4 k=2048: 1 x 1054.96 us = 1054.96 us (1987.41 GFLOPS/s)
RMS_NORM_MUL RMS_NORM(2048,4,1,1): 61 x 4.585 us = 279.72 us
RMS_NORM_MUL_ROPE RMS_NORM(64,32,4,1): 8 x 8.385 us = 67.08 us
RMS_NORM_MUL_ROPE RMS_NORM(64,8,4,1): 8 x 5.26 us = 42.08 us
SET_ROWS: 16 x 2.04 us = 32.64 us
SSM_CONV: 22 x 4.36 us = 95.92 us
Total time: 10461.1 us.
----------------
Vulkan Timings:
ADD: 60 x 1.817 us = 109.04 us
CONCAT: 22 x 2.312 us = 50.88 us
CPY: 22 x 1.572 us = 34.6 us
FLASH_ATTN_EXT dst(64,32,1,4),  q(64,1,32,4),  k(64,256,8,4),  v(64,256,8,4),  m(256,1,1,4): 8 x 15.055 us = 120.44 us (557.197 GFLOPS/s)
GET_ROWS: 24 x 2.495 us = 59.88 us
GLU: 30 x 4.493 us = 134.8 us
MUL: 44 x 2.432 us = 107.04 us
MUL_MAT f32 m=64 n=128 k=64: 16 x 2.075 us = 33.2 us (501.39 GFLOPS/s)
MUL_MAT f32 m=64 n=32 k=64: 16 x 2.075 us = 33.2 us (125.347 GFLOPS/s)
MUL_MAT_VEC q4_0_rocmfp4_fast m=10752 n=4 k=2048: 60 x 60.21 us = 3612.64 us (2925.03 GFLOPS/s)
MUL_MAT_VEC q4_0_rocmfp4_fast m=2048 n=1 k=2048 batch=4: 22 x 29.414 us = 647.12 us (1140.46 GFLOPS/s)
MUL_MAT_VEC q4_0_rocmfp4_fast m=2048 n=4 k=10752: 30 x 61.257 us = 1837.72 us (2875.62 GFLOPS/s)
MUL_MAT_VEC q4_0_rocmfp4_fast m=2048 n=4 k=2048: 16 x 18.47 us = 295.52 us (1816.26 GFLOPS/s)
MUL_MAT_VEC q4_0_rocmfp4_fast m=512 n=4 k=2048: 16 x 3.532 us = 56.52 us (2374.11 GFLOPS/s)
MUL_MAT_VEC q4_0_rocmfp4_fast m=6144 n=1 k=2048 batch=4: 22 x 80.158 us = 1763.48 us (1255.5 GFLOPS/s)
MUL_MAT_VEC q6_K m=128000 n=4 k=2048: 1 x 1110.2 us = 1110.2 us (1888.52 GFLOPS/s)
RMS_NORM_MUL RMS_NORM(2048,4,1,1): 61 x 4.514 us = 275.36 us
RMS_NORM_MUL_ROPE RMS_NORM(64,32,4,1): 8 x 8.37 us = 66.96 us
RMS_NORM_MUL_ROPE RMS_NORM(64,8,4,1): 8 x 3.415 us = 27.32 us
SET_ROWS: 16 x 2.147 us = 34.36 us
SSM_CONV: 22 x 4.405 us = 96.92 us
Total time: 10507.2 us.
----------------
Vulkan Timings:
ADD: 60 x 1.902 us = 114.16 us
CONCAT: 22 x 2.545 us = 56 us
CPY: 22 x 1.632 us = 35.92 us
FLASH_ATTN_EXT dst(64,32,1,4),  q(64,1,32,4),  k(64,256,8,4),  v(64,256,8,4),  m(256,1,1,4): 8 x 15.215 us = 121.72 us (551.338 GFLOPS/s)
GET_ROWS: 24 x 2.215 us = 53.16 us
GLU: 30 x 4.401 us = 132.04 us
MUL: 44 x 2.573 us = 113.24 us
MUL_MAT f32 m=64 n=128 k=64: 16 x 2.087 us = 33.4 us (498.388 GFLOPS/s)
MUL_MAT f32 m=64 n=32 k=64: 16 x 2.075 us = 33.2 us (125.347 GFLOPS/s)
MUL_MAT_VEC q4_0_rocmfp4_fast m=10752 n=4 k=2048: 60 x 60.25 us = 3615.04 us (2923.08 GFLOPS/s)
MUL_MAT_VEC q4_0_rocmfp4_fast m=2048 n=1 k=2048 batch=4: 22 x 29.287 us = 644.32 us (1145.42 GFLOPS/s)
MUL_MAT_VEC q4_0_rocmfp4_fast m=2048 n=4 k=10752: 30 x 61.148 us = 1834.44 us (2880.76 GFLOPS/s)
MUL_MAT_VEC q4_0_rocmfp4_fast m=2048 n=4 k=2048: 16 x 18.387 us = 294.2 us (1824.4 GFLOPS/s)
MUL_MAT_VEC q4_0_rocmfp4_fast m=512 n=4 k=2048: 16 x 3.535 us = 56.56 us (2372.44 GFLOPS/s)
MUL_MAT_VEC q4_0_rocmfp4_fast m=6144 n=1 k=2048 batch=4: 22 x 79.876 us = 1757.28 us (1259.93 GFLOPS/s)
MUL_MAT_VEC q6_K m=128000 n=4 k=2048: 1 x 1063.16 us = 1063.16 us (1972.08 GFLOPS/s)
RMS_NORM_MUL RMS_NORM(2048,4,1,1): 61 x 4.58 us = 279.44 us
RMS_NORM_MUL_ROPE RMS_NORM(64,32,4,1): 8 x 8.31 us = 66.48 us
RMS_NORM_MUL_ROPE RMS_NORM(64,8,4,1): 8 x 3.385 us = 27.08 us
SET_ROWS: 16 x 2.032 us = 32.52 us
SSM_CONV: 22 x 4.392 us = 96.64 us
Total time: 10460 us.
0.18.265.095 I slot print_timing: id  0 | task 16 | prompt eval time =     166.88 ms /   128 tokens (    1.30 ms per token,   767.02 tokens per second)
0.18.265.101 I slot print_timing: id  0 | task 16 |        eval time =     769.15 ms /    48 tokens (   16.36 ms per token,    61.11 tokens per second)
0.18.265.102 I slot print_timing: id  0 | task 16 |       total time =     936.03 ms /   176 tokens
0.18.265.108 I slot print_timing: id  0 | task 16 |    graphs reused =         55
0.18.265.176 I slot      release: id  0 | task 16 | stop processing: n_tokens = 175, truncated = 0
----------------
Vulkan Timings:
ADD: 60 x 1.989 us = 119.36 us
CONCAT: 22 x 2.56 us = 56.32 us
CPY: 22 x 1.589 us = 34.96 us
FLASH_ATTN_EXT dst(64,32,1,3),  q(64,1,32,3),  k(64,256,8,3),  v(64,256,8,3),  m(256,1,1,3): 8 x 18.175 us = 145.4 us (346.16 GFLOPS/s)
GET_ROWS: 24 x 2.431 us = 58.36 us
GLU: 30 x 2.856 us = 85.68 us
MUL: 44 x 2.57 us = 113.12 us
MUL_MAT f32 m=64 n=24 k=64: 16 x 2.012 us = 32.2 us (96.9302 GFLOPS/s)
MUL_MAT f32 m=64 n=96 k=64: 16 x 2.25 us = 36 us (346.795 GFLOPS/s)
MUL_MAT_VEC q4_0_rocmfp4_fast m=10752 n=3 k=2048: 60 x 60.03 us = 3601.8 us (2200.37 GFLOPS/s)
MUL_MAT_VEC q4_0_rocmfp4_fast m=2048 n=1 k=2048 batch=3: 22 x 26.663 us = 586.6 us (943.595 GFLOPS/s)
MUL_MAT_VEC q4_0_rocmfp4_fast m=2048 n=3 k=10752: 30 x 60.069 us = 1802.08 us (2199.37 GFLOPS/s)
MUL_MAT_VEC q4_0_rocmfp4_fast m=2048 n=3 k=2048: 16 x 18.205 us = 291.28 us (1382.02 GFLOPS/s)
MUL_MAT_VEC q4_0_rocmfp4_fast m=512 n=3 k=2048: 16 x 3.47 us = 55.52 us (1812.66 GFLOPS/s)
MUL_MAT_VEC q4_0_rocmfp4_fast m=6144 n=1 k=2048 batch=3: 22 x 71.094 us = 1564.08 us (1061.67 GFLOPS/s)
MUL_MAT_VEC q6_K m=128000 n=3 k=2048: 1 x 1001.84 us = 1001.84 us (1569.59 GFLOPS/s)
RMS_NORM_MUL RMS_NORM(2048,3,1,1): 61 x 4.952 us = 302.08 us
RMS_NORM_MUL_ROPE RMS_NORM(64,32,3,1): 8 x 8.84 us = 70.72 us
RMS_NORM_MUL_ROPE RMS_NORM(64,8,3,1): 8 x 3.92 us = 31.36 us
SET_ROWS: 16 x 2.435 us = 38.96 us
SSM_CONV: 22 x 4.727 us = 104 us
Total time: 10131.7 us.
----------------
Vulkan Timings:
ADD: 60 x 1.822 us = 109.32 us
CONCAT: 22 x 2.312 us = 50.88 us
CPY: 22 x 1.561 us = 34.36 us
FLASH_ATTN_EXT dst(64,32,1,3),  q(64,1,32,3),  k(64,256,8,3),  v(64,256,8,3),  m(256,1,1,3): 8 x 14.47 us = 115.76 us (434.793 GFLOPS/s)
GET_ROWS: 24 x 2.226 us = 53.44 us
GLU: 30 x 2.478 us = 74.36 us
MUL: 44 x 2.416 us = 106.32 us
MUL_MAT f32 m=64 n=24 k=64: 16 x 2.07 us = 33.12 us (94.2377 GFLOPS/s)
MUL_MAT f32 m=64 n=96 k=64: 16 x 2.055 us = 32.88 us (379.702 GFLOPS/s)
MUL_MAT_VEC q4_0_rocmfp4_fast m=10752 n=3 k=2048: 60 x 57.023 us = 3421.4 us (2316.39 GFLOPS/s)
MUL_MAT_VEC q4_0_rocmfp4_fast m=2048 n=1 k=2048 batch=3: 22 x 23.46 us = 516.12 us (1072.45 GFLOPS/s)
MUL_MAT_VEC q4_0_rocmfp4_fast m=2048 n=3 k=10752: 30 x 56.309 us = 1689.28 us (2346.23 GFLOPS/s)
MUL_MAT_VEC q4_0_rocmfp4_fast m=2048 n=3 k=2048: 16 x 16.72 us = 267.52 us (1504.77 GFLOPS/s)
MUL_MAT_VEC q4_0_rocmfp4_fast m=512 n=3 k=2048: 16 x 3.17 us = 50.72 us (1984.2 GFLOPS/s)
MUL_MAT_VEC q4_0_rocmfp4_fast m=6144 n=1 k=2048 batch=3: 22 x 63.181 us = 1390 us (1194.63 GFLOPS/s)
MUL_MAT_VEC q6_K m=128000 n=3 k=2048: 1 x 981.6 us = 981.6 us (1601.96 GFLOPS/s)
RMS_NORM_MUL RMS_NORM(2048,3,1,1): 61 x 4.331 us = 264.24 us
RMS_NORM_MUL_ROPE RMS_NORM(64,32,3,1): 8 x 7.915 us = 63.32 us
RMS_NORM_MUL_ROPE RMS_NORM(64,8,3,1): 8 x 3.395 us = 27.16 us
SET_ROWS: 16 x 2.045 us = 32.72 us
SSM_CONV: 22 x 3.885 us = 85.48 us
Total time: 9400 us.
----------------
Vulkan Timings:
ADD: 60 x 1.879 us = 112.76 us
CONCAT: 22 x 2.498 us = 54.96 us
CPY: 22 x 1.66 us = 36.52 us
FLASH_ATTN_EXT dst(64,32,1,3),  q(64,1,32,3),  k(64,256,8,3),  v(64,256,8,3),  m(256,1,1,3): 8 x 14.7 us = 117.6 us (427.99 GFLOPS/s)
GET_ROWS: 24 x 2.283 us = 54.8 us
GLU: 30 x 2.426 us = 72.8 us
MUL: 44 x 2.535 us = 111.56 us
MUL_MAT f32 m=64 n=24 k=64: 16 x 2.067 us = 33.08 us (94.3516 GFLOPS/s)
MUL_MAT f32 m=64 n=96 k=64: 16 x 2.05 us = 32.8 us (380.628 GFLOPS/s)
MUL_MAT_VEC q4_0_rocmfp4_fast m=10752 n=3 k=2048: 60 x 56.412 us = 3384.76 us (2341.47 GFLOPS/s)
MUL_MAT_VEC q4_0_rocmfp4_fast m=2048 n=1 k=2048 batch=3: 22 x 23.356 us = 513.84 us (1077.21 GFLOPS/s)
MUL_MAT_VEC q4_0_rocmfp4_fast m=2048 n=3 k=10752: 30 x 57.46 us = 1723.8 us (2299.24 GFLOPS/s)
MUL_MAT_VEC q4_0_rocmfp4_fast m=2048 n=3 k=2048: 16 x 17.92 us = 286.72 us (1404 GFLOPS/s)
MUL_MAT_VEC q4_0_rocmfp4_fast m=512 n=3 k=2048: 16 x 3.16 us = 50.56 us (1990.48 GFLOPS/s)
MUL_MAT_VEC q4_0_rocmfp4_fast m=6144 n=1 k=2048 batch=3: 22 x 64.532 us = 1419.72 us (1169.62 GFLOPS/s)
MUL_MAT_VEC q6_K m=128000 n=3 k=2048: 1 x 980.44 us = 980.44 us (1603.85 GFLOPS/s)
RMS_NORM_MUL RMS_NORM(2048,3,1,1): 61 x 4.407 us = 268.84 us
RMS_NORM_MUL_ROPE RMS_NORM(64,32,3,1): 8 x 7.91 us = 63.28 us
RMS_NORM_MUL_ROPE RMS_NORM(64,8,3,1): 8 x 3.38 us = 27.04 us
SET_ROWS: 16 x 2.04 us = 32.64 us
SSM_CONV: 22 x 4.889 us = 107.56 us
Total time: 9486.08 us.
----------------
Vulkan Timings:
ADD: 60 x 1.81 us = 108.64 us
CONCAT: 22 x 2.28 us = 50.16 us
CPY: 22 x 1.594 us = 35.08 us
FLASH_ATTN_EXT dst(64,32,1,3),  q(64,1,32,3),  k(64,256,8,3),  v(64,256,8,3),  m(256,1,1,3): 8 x 14.55 us = 116.4 us (432.402 GFLOPS/s)
GET_ROWS: 24 x 2.216 us = 53.2 us
GLU: 30 x 2.574 us = 77.24 us
MUL: 44 x 2.423 us = 106.64 us
MUL_MAT f32 m=64 n=24 k=64: 16 x 2.077 us = 33.24 us (93.8975 GFLOPS/s)
MUL_MAT f32 m=64 n=96 k=64: 16 x 2.07 us = 33.12 us (376.951 GFLOPS/s)
MUL_MAT_VEC q4_0_rocmfp4_fast m=10752 n=3 k=2048: 60 x 57.418 us = 3445.12 us (2300.44 GFLOPS/s)
MUL_MAT_VEC q4_0_rocmfp4_fast m=2048 n=1 k=2048 batch=3: 22 x 24.385 us = 536.48 us (1031.75 GFLOPS/s)
MUL_MAT_VEC q4_0_rocmfp4_fast m=2048 n=3 k=10752: 30 x 56.266 us = 1688 us (2348.01 GFLOPS/s)
MUL_MAT_VEC q4_0_rocmfp4_fast m=2048 n=3 k=2048: 16 x 16.757 us = 268.12 us (1501.4 GFLOPS/s)
MUL_MAT_VEC q4_0_rocmfp4_fast m=512 n=3 k=2048: 16 x 3.145 us = 50.32 us (1999.97 GFLOPS/s)
MUL_MAT_VEC q4_0_rocmfp4_fast m=6144 n=1 k=2048 batch=3: 22 x 64.172 us = 1411.8 us (1176.19 GFLOPS/s)
MUL_MAT_VEC q6_K m=128000 n=3 k=2048: 1 x 970.72 us = 970.72 us (1619.91 GFLOPS/s)
RMS_NORM_MUL RMS_NORM(2048,3,1,1): 61 x 4.38 us = 267.24 us
RMS_NORM_MUL_ROPE RMS_NORM(64,32,3,1): 8 x 7.88 us = 63.04 us
RMS_NORM_MUL_ROPE RMS_NORM(64,8,3,1): 8 x 3.38 us = 27.04 us
SET_ROWS: 16 x 2.04 us = 32.64 us
SSM_CONV: 22 x 3.843 us = 84.56 us
Total time: 9458.8 us.
----------------
Vulkan Timings:
ADD: 60 x 1.816 us = 108.96 us
CONCAT: 22 x 2.296 us = 50.52 us
CPY: 22 x 1.552 us = 34.16 us
FLASH_ATTN_EXT dst(64,32,1,3),  q(64,1,32,3),  k(64,256,8,3),  v(64,256,8,3),  m(256,1,1,3): 8 x 14.615 us = 116.92 us (430.479 GFLOPS/s)
GET_ROWS: 24 x 2.215 us = 53.16 us
GLU: 30 x 2.452 us = 73.56 us
MUL: 44 x 2.42 us = 106.48 us
MUL_MAT f32 m=64 n=24 k=64: 16 x 2.07 us = 33.12 us (94.2377 GFLOPS/s)
MUL_MAT f32 m=64 n=96 k=64: 16 x 2.047 us = 32.76 us (381.093 GFLOPS/s)
MUL_MAT_VEC q4_0_rocmfp4_fast m=10752 n=3 k=2048: 60 x 56.813 us = 3408.8 us (2324.95 GFLOPS/s)
MUL_MAT_VEC q4_0_rocmfp4_fast m=2048 n=1 k=2048 batch=3: 22 x 23.88 us = 525.36 us (1053.59 GFLOPS/s)
MUL_MAT_VEC q4_0_rocmfp4_fast m=2048 n=3 k=10752: 30 x 57.836 us = 1735.08 us (2284.29 GFLOPS/s)
MUL_MAT_VEC q4_0_rocmfp4_fast m=2048 n=3 k=2048: 16 x 16.702 us = 267.24 us (1506.34 GFLOPS/s)
MUL_MAT_VEC q4_0_rocmfp4_fast m=512 n=3 k=2048: 16 x 3.147 us = 50.36 us (1998.39 GFLOPS/s)
MUL_MAT_VEC q4_0_rocmfp4_fast m=6144 n=1 k=2048 batch=3: 22 x 64.1 us = 1410.2 us (1177.52 GFLOPS/s)
MUL_MAT_VEC q6_K m=128000 n=3 k=2048: 1 x 971.24 us = 971.24 us (1619.04 GFLOPS/s)
RMS_NORM_MUL RMS_NORM(2048,3,1,1): 61 x 4.361 us = 266.08 us
RMS_NORM_MUL_ROPE RMS_NORM(64,32,3,1): 8 x 7.93 us = 63.44 us
RMS_NORM_MUL_ROPE RMS_NORM(64,8,3,1): 8 x 3.415 us = 27.32 us
SET_ROWS: 16 x 1.962 us = 31.4 us
SSM_CONV: 22 x 3.88 us = 85.36 us
Total time: 9451.52 us.
----------------
Vulkan Timings:
ADD: 60 x 2.197 us = 131.84 us
CONCAT: 22 x 2.852 us = 62.76 us
CPY: 22 x 1.718 us = 37.8 us
FLASH_ATTN_EXT dst(64,32,1,3),  q(64,1,32,3),  k(64,256,8,3),  v(64,256,8,3),  m(256,1,1,3): 8 x 17.965 us = 143.72 us (350.206 GFLOPS/s)
GET_ROWS: 24 x 2.596 us = 62.32 us
GLU: 30 x 3.036 us = 91.08 us
MUL: 44 x 2.921 us = 128.56 us
MUL_MAT f32 m=64 n=24 k=64: 16 x 2.34 us = 37.44 us (83.3641 GFLOPS/s)
MUL_MAT f32 m=64 n=96 k=64: 16 x 2.3 us = 36.8 us (339.256 GFLOPS/s)
MUL_MAT_VEC q4_0_rocmfp4_fast m=10752 n=3 k=2048: 60 x 65.822 us = 3949.32 us (2006.75 GFLOPS/s)
MUL_MAT_VEC q4_0_rocmfp4_fast m=2048 n=1 k=2048 batch=3: 22 x 29.418 us = 647.2 us (855.243 GFLOPS/s)
MUL_MAT_VEC q4_0_rocmfp4_fast m=2048 n=3 k=10752: 30 x 64.574 us = 1937.24 us (2045.92 GFLOPS/s)
MUL_MAT_VEC q4_0_rocmfp4_fast m=2048 n=3 k=2048: 16 x 18.505 us = 296.08 us (1359.62 GFLOPS/s)
MUL_MAT_VEC q4_0_rocmfp4_fast m=512 n=3 k=2048: 16 x 4.322 us = 69.16 us (1455.16 GFLOPS/s)
MUL_MAT_VEC q4_0_rocmfp4_fast m=6144 n=1 k=2048 batch=3: 22 x 76.934 us = 1692.56 us (981.081 GFLOPS/s)
MUL_MAT_VEC q6_K m=128000 n=3 k=2048: 1 x 1025.76 us = 1025.76 us (1532.99 GFLOPS/s)
RMS_NORM_MUL RMS_NORM(2048,3,1,1): 61 x 5.662 us = 345.4 us
RMS_NORM_MUL_ROPE RMS_NORM(64,32,3,1): 8 x 9.4 us = 75.2 us
RMS_NORM_MUL_ROPE RMS_NORM(64,8,3,1): 8 x 4.13 us = 33.04 us
SET_ROWS: 16 x 2.487 us = 39.8 us
SSM_CONV: 22 x 4.885 us = 107.48 us
Total time: 10950.6 us.
----------------
Vulkan Timings:
ADD: 60 x 1.812 us = 108.76 us
CONCAT: 22 x 2.292 us = 50.44 us
CPY: 22 x 1.58 us = 34.76 us
FLASH_ATTN_EXT dst(64,32,1,3),  q(64,1,32,3),  k(64,256,8,3),  v(64,256,8,3),  m(256,1,1,3): 8 x 14.675 us = 117.4 us (428.719 GFLOPS/s)
GET_ROWS: 24 x 2.231 us = 53.56 us
GLU: 30 x 2.72 us = 81.6 us
MUL: 44 x 2.426 us = 106.76 us
MUL_MAT f32 m=64 n=24 k=64: 16 x 2.052 us = 32.84 us (95.0412 GFLOPS/s)
MUL_MAT f32 m=64 n=96 k=64: 16 x 2.067 us = 33.08 us (377.407 GFLOPS/s)
MUL_MAT_VEC q4_0_rocmfp4_fast m=10752 n=3 k=2048: 60 x 57.186 us = 3431.2 us (2309.77 GFLOPS/s)
MUL_MAT_VEC q4_0_rocmfp4_fast m=2048 n=1 k=2048 batch=3: 22 x 24.409 us = 537 us (1030.75 GFLOPS/s)
MUL_MAT_VEC q4_0_rocmfp4_fast m=2048 n=3 k=10752: 30 x 57.512 us = 1725.36 us (2297.16 GFLOPS/s)
MUL_MAT_VEC q4_0_rocmfp4_fast m=2048 n=3 k=2048: 16 x 16.467 us = 263.48 us (1527.84 GFLOPS/s)
MUL_MAT_VEC q4_0_rocmfp4_fast m=512 n=3 k=2048: 16 x 3.99 us = 63.84 us (1576.42 GFLOPS/s)
MUL_MAT_VEC q4_0_rocmfp4_fast m=6144 n=1 k=2048 batch=3: 22 x 64.069 us = 1409.52 us (1178.09 GFLOPS/s)
MUL_MAT_VEC q6_K m=128000 n=3 k=2048: 1 x 993.52 us = 993.52 us (1582.74 GFLOPS/s)
RMS_NORM_MUL RMS_NORM(2048,3,1,1): 61 x 4.378 us = 267.08 us
RMS_NORM_MUL_ROPE RMS_NORM(64,32,3,1): 8 x 8.975 us = 71.8 us
RMS_NORM_MUL_ROPE RMS_NORM(64,8,3,1): 8 x 3.385 us = 27.08 us
SET_ROWS: 16 x 1.96 us = 31.36 us
SSM_CONV: 22 x 3.89 us = 85.6 us
Total time: 9526.04 us.
----------------
Vulkan Timings:
ADD: 60 x 2.01 us = 120.6 us
CONCAT: 22 x 2.607 us = 57.36 us
CPY: 22 x 1.674 us = 36.84 us
FLASH_ATTN_EXT dst(64,32,1,3),  q(64,1,32,3),  k(64,256,8,3),  v(64,256,8,3),  m(256,1,1,3): 8 x 14.445 us = 115.56 us (435.546 GFLOPS/s)
GET_ROWS: 24 x 2.243 us = 53.84 us
GLU: 30 x 2.482 us = 74.48 us
MUL: 44 x 2.52 us = 110.92 us
MUL_MAT f32 m=64 n=24 k=64: 16 x 2.09 us = 33.44 us (93.3359 GFLOPS/s)
MUL_MAT f32 m=64 n=96 k=64: 16 x 2.102 us = 33.64 us (371.124 GFLOPS/s)
MUL_MAT_VEC q4_0_rocmfp4_fast m=10752 n=3 k=2048: 60 x 57.489 us = 3449.36 us (2297.61 GFLOPS/s)
MUL_MAT_VEC q4_0_rocmfp4_fast m=2048 n=1 k=2048 batch=3: 22 x 23.5 us = 517 us (1070.62 GFLOPS/s)
MUL_MAT_VEC q4_0_rocmfp4_fast m=2048 n=3 k=10752: 30 x 57.154 us = 1714.64 us (2311.52 GFLOPS/s)
MUL_MAT_VEC q4_0_rocmfp4_fast m=2048 n=3 k=2048: 16 x 16.755 us = 268.08 us (1501.62 GFLOPS/s)
MUL_MAT_VEC q4_0_rocmfp4_fast m=512 n=3 k=2048: 16 x 3.15 us = 50.4 us (1996.8 GFLOPS/s)
MUL_MAT_VEC q4_0_rocmfp4_fast m=6144 n=1 k=2048 batch=3: 22 x 63.24 us = 1391.28 us (1193.53 GFLOPS/s)
MUL_MAT_VEC q6_K m=128000 n=3 k=2048: 1 x 980.8 us = 980.8 us (1603.26 GFLOPS/s)
RMS_NORM_MUL RMS_NORM(2048,3,1,1): 61 x 4.563 us = 278.4 us
RMS_NORM_MUL_ROPE RMS_NORM(64,32,3,1): 8 x 7.84 us = 62.72 us
RMS_NORM_MUL_ROPE RMS_NORM(64,8,3,1): 8 x 3.41 us = 27.28 us
SET_ROWS: 16 x 2.102 us = 33.64 us
SSM_CONV: 22 x 4.836 us = 106.4 us
Total time: 9516.68 us.
----------------
Vulkan Timings:
ADD: 60 x 1.916 us = 114.96 us
CONCAT: 22 x 2.58 us = 56.76 us
CPY: 22 x 1.61 us = 35.44 us
FLASH_ATTN_EXT dst(64,32,1,3),  q(64,1,32,3),  k(64,256,8,3),  v(64,256,8,3),  m(256,1,1,3): 8 x 14.53 us = 116.24 us (432.998 GFLOPS/s)
GET_ROWS: 24 x 2.35 us = 56.4 us
GLU: 30 x 2.506 us = 75.2 us
MUL: 44 x 2.556 us = 112.48 us
MUL_MAT f32 m=64 n=24 k=64: 16 x 2.117 us = 33.88 us (92.1237 GFLOPS/s)
MUL_MAT f32 m=64 n=96 k=64: 16 x 2.137 us = 34.2 us (365.047 GFLOPS/s)
MUL_MAT_VEC q4_0_rocmfp4_fast m=10752 n=3 k=2048: 60 x 56.154 us = 3369.24 us (2352.25 GFLOPS/s)
MUL_MAT_VEC q4_0_rocmfp4_fast m=2048 n=1 k=2048 batch=3: 22 x 24.61 us = 541.44 us (1022.3 GFLOPS/s)
MUL_MAT_VEC q4_0_rocmfp4_fast m=2048 n=3 k=10752: 30 x 56.898 us = 1706.96 us (2321.92 GFLOPS/s)
MUL_MAT_VEC q4_0_rocmfp4_fast m=2048 n=3 k=2048: 16 x 16.705 us = 267.28 us (1506.12 GFLOPS/s)
MUL_MAT_VEC q4_0_rocmfp4_fast m=512 n=3 k=2048: 16 x 3.175 us = 50.8 us (1981.08 GFLOPS/s)
MUL_MAT_VEC q4_0_rocmfp4_fast m=6144 n=1 k=2048 batch=3: 22 x 63.518 us = 1397.4 us (1188.31 GFLOPS/s)
MUL_MAT_VEC q6_K m=128000 n=3 k=2048: 1 x 975.96 us = 975.96 us (1611.21 GFLOPS/s)
RMS_NORM_MUL RMS_NORM(2048,3,1,1): 61 x 4.401 us = 268.48 us
RMS_NORM_MUL_ROPE RMS_NORM(64,32,3,1): 8 x 8.03 us = 64.24 us
RMS_NORM_MUL_ROPE RMS_NORM(64,8,3,1): 8 x 3.44 us = 27.52 us
SET_ROWS: 16 x 2.07 us = 33.12 us
SSM_CONV: 22 x 3.934 us = 86.56 us
Total time: 9424.56 us.
----------------
Vulkan Timings:
ADD: 60 x 1.982 us = 118.92 us
CONCAT: 22 x 2.325 us = 51.16 us
CPY: 22 x 1.663 us = 36.6 us
FLASH_ATTN_EXT dst(64,32,1,3),  q(64,1,32,3),  k(64,256,8,3),  v(64,256,8,3),  m(256,1,1,3): 8 x 14.68 us = 117.44 us (428.573 GFLOPS/s)
GET_ROWS: 24 x 2.285 us = 54.84 us
GLU: 30 x 2.694 us = 80.84 us
MUL: 44 x 2.477 us = 109 us
MUL_MAT f32 m=64 n=24 k=64: 16 x 2.075 us = 33.2 us (94.0106 GFLOPS/s)
MUL_MAT f32 m=64 n=96 k=64: 16 x 2.107 us = 33.72 us (370.243 GFLOPS/s)
MUL_MAT_VEC q4_0_rocmfp4_fast m=10752 n=3 k=2048: 60 x 57.123 us = 3427.4 us (2312.34 GFLOPS/s)
MUL_MAT_VEC q4_0_rocmfp4_fast m=2048 n=1 k=2048 batch=3: 22 x 23.901 us = 525.84 us (1052.63 GFLOPS/s)
MUL_MAT_VEC q4_0_rocmfp4_fast m=2048 n=3 k=10752: 30 x 59.284 us = 1778.52 us (2228.5 GFLOPS/s)
MUL_MAT_VEC q4_0_rocmfp4_fast m=2048 n=3 k=2048: 16 x 16.737 us = 267.8 us (1503.19 GFLOPS/s)
MUL_MAT_VEC q4_0_rocmfp4_fast m=512 n=3 k=2048: 16 x 3.185 us = 50.96 us (1974.86 GFLOPS/s)
MUL_MAT_VEC q4_0_rocmfp4_fast m=6144 n=1 k=2048 batch=3: 22 x 64.381 us = 1416.4 us (1172.37 GFLOPS/s)
MUL_MAT_VEC q6_K m=128000 n=3 k=2048: 1 x 1033.2 us = 1033.2 us (1521.95 GFLOPS/s)
RMS_NORM_MUL RMS_NORM(2048,3,1,1): 61 x 4.379 us = 267.12 us
RMS_NORM_MUL_ROPE RMS_NORM(64,32,3,1): 8 x 7.92 us = 63.36 us
RMS_NORM_MUL_ROPE RMS_NORM(64,8,3,1): 8 x 3.43 us = 27.44 us
SET_ROWS: 16 x 1.972 us = 31.56 us
SSM_CONV: 22 x 3.88 us = 85.36 us
Total time: 9610.68 us.
----------------
Vulkan Timings:
ADD: 60 x 1.938 us = 116.28 us
CONCAT: 22 x 2.307 us = 50.76 us
CPY: 22 x 1.585 us = 34.88 us
FLASH_ATTN_EXT dst(64,32,1,3),  q(64,1,32,3),  k(64,256,8,3),  v(64,256,8,3),  m(256,1,1,3): 8 x 14.695 us = 117.56 us (428.136 GFLOPS/s)
GET_ROWS: 24 x 2.448 us = 58.76 us
GLU: 30 x 2.51 us = 75.32 us
MUL: 44 x 2.443 us = 107.52 us
MUL_MAT f32 m=64 n=24 k=64: 16 x 2.077 us = 33.24 us (93.8975 GFLOPS/s)
MUL_MAT f32 m=64 n=96 k=64: 16 x 2.062 us = 33 us (378.321 GFLOPS/s)
MUL_MAT_VEC q4_0_rocmfp4_fast m=10752 n=3 k=2048: 60 x 56.945 us = 3416.72 us (2319.56 GFLOPS/s)
MUL_MAT_VEC q4_0_rocmfp4_fast m=2048 n=1 k=2048 batch=3: 22 x 25.143 us = 553.16 us (1000.64 GFLOPS/s)
MUL_MAT_VEC q4_0_rocmfp4_fast m=2048 n=3 k=10752: 30 x 59.281 us = 1778.44 us (2228.6 GFLOPS/s)
MUL_MAT_VEC q4_0_rocmfp4_fast m=2048 n=3 k=2048: 16 x 16.685 us = 266.96 us (1507.92 GFLOPS/s)
MUL_MAT_VEC q4_0_rocmfp4_fast m=512 n=3 k=2048: 16 x 3.162 us = 50.6 us (1988.91 GFLOPS/s)
MUL_MAT_VEC q4_0_rocmfp4_fast m=6144 n=1 k=2048 batch=3: 22 x 64.929 us = 1428.44 us (1162.48 GFLOPS/s)
MUL_MAT_VEC q6_K m=128000 n=3 k=2048: 1 x 979.28 us = 979.28 us (1605.75 GFLOPS/s)
RMS_NORM_MUL RMS_NORM(2048,3,1,1): 61 x 4.39 us = 267.8 us
RMS_NORM_MUL_ROPE RMS_NORM(64,32,3,1): 8 x 7.865 us = 62.92 us
RMS_NORM_MUL_ROPE RMS_NORM(64,8,3,1): 8 x 3.41 us = 27.28 us
SET_ROWS: 16 x 1.982 us = 31.72 us
SSM_CONV: 22 x 3.89 us = 85.6 us
Total time: 9576.24 us.
----------------
Vulkan Timings:
ADD: 60 x 1.961 us = 117.68 us
CONCAT: 22 x 2.341 us = 51.52 us
CPY: 22 x 1.625 us = 35.76 us
FLASH_ATTN_EXT dst(64,32,1,3),  q(64,1,32,3),  k(64,256,8,3),  v(64,256,8,3),  m(256,1,1,3): 8 x 14.76 us = 118.08 us (426.25 GFLOPS/s)
GET_ROWS: 24 x 2.265 us = 54.36 us
GLU: 30 x 2.672 us = 80.16 us
MUL: 44 x 2.662 us = 117.16 us
MUL_MAT f32 m=64 n=24 k=64: 16 x 2.072 us = 33.16 us (94.124 GFLOPS/s)
MUL_MAT f32 m=64 n=96 k=64: 16 x 2.105 us = 33.68 us (370.683 GFLOPS/s)
MUL_MAT_VEC q4_0_rocmfp4_fast m=10752 n=3 k=2048: 60 x 56.529 us = 3391.76 us (2336.63 GFLOPS/s)
MUL_MAT_VEC q4_0_rocmfp4_fast m=2048 n=1 k=2048 batch=3: 22 x 23.454 us = 516 us (1072.7 GFLOPS/s)
MUL_MAT_VEC q4_0_rocmfp4_fast m=2048 n=3 k=10752: 30 x 58.438 us = 1753.16 us (2260.74 GFLOPS/s)
MUL_MAT_VEC q4_0_rocmfp4_fast m=2048 n=3 k=2048: 16 x 16.762 us = 268.2 us (1500.95 GFLOPS/s)
MUL_MAT_VEC q4_0_rocmfp4_fast m=512 n=3 k=2048: 16 x 3.147 us = 50.36 us (1998.39 GFLOPS/s)
MUL_MAT_VEC q4_0_rocmfp4_fast m=6144 n=1 k=2048 batch=3: 22 x 63.858 us = 1404.88 us (1181.98 GFLOPS/s)
MUL_MAT_VEC q6_K m=128000 n=3 k=2048: 1 x 992.56 us = 992.56 us (1584.27 GFLOPS/s)
RMS_NORM_MUL RMS_NORM(2048,3,1,1): 61 x 4.469 us = 272.64 us
RMS_NORM_MUL_ROPE RMS_NORM(64,32,3,1): 8 x 7.945 us = 63.56 us
RMS_NORM_MUL_ROPE RMS_NORM(64,8,3,1): 8 x 3.48 us = 27.84 us
SET_ROWS: 16 x 1.96 us = 31.36 us
SSM_CONV: 22 x 3.945 us = 86.8 us
Total time: 9500.68 us.
----------------
Vulkan Timings:
ADD: 60 x 1.863 us = 111.8 us
CONCAT: 22 x 2.35 us = 51.72 us
CPY: 22 x 1.63 us = 35.88 us
FLASH_ATTN_EXT dst(64,32,1,3),  q(64,1,32,3),  k(64,256,8,3),  v(64,256,8,3),  m(256,1,1,3): 8 x 14.55 us = 116.4 us (432.402 GFLOPS/s)
GET_ROWS: 24 x 2.281 us = 54.76 us
GLU: 30 x 2.514 us = 75.44 us
MUL: 44 x 2.497 us = 109.88 us
MUL_MAT f32 m=64 n=24 k=64: 16 x 2.107 us = 33.72 us (92.5609 GFLOPS/s)
MUL_MAT f32 m=64 n=96 k=64: 16 x 2.132 us = 34.12 us (365.903 GFLOPS/s)
MUL_MAT_VEC q4_0_rocmfp4_fast m=10752 n=3 k=2048: 60 x 56.799 us = 3407.96 us (2325.53 GFLOPS/s)
MUL_MAT_VEC q4_0_rocmfp4_fast m=2048 n=1 k=2048 batch=3: 22 x 23.909 us = 526 us (1052.31 GFLOPS/s)
MUL_MAT_VEC q4_0_rocmfp4_fast m=2048 n=3 k=10752: 30 x 57.165 us = 1714.96 us (2311.09 GFLOPS/s)
MUL_MAT_VEC q4_0_rocmfp4_fast m=2048 n=3 k=2048: 16 x 17.517 us = 280.28 us (1436.26 GFLOPS/s)
MUL_MAT_VEC q4_0_rocmfp4_fast m=512 n=3 k=2048: 16 x 3.345 us = 53.52 us (1880.39 GFLOPS/s)
MUL_MAT_VEC q4_0_rocmfp4_fast m=6144 n=1 k=2048 batch=3: 22 x 64.085 us = 1409.88 us (1177.79 GFLOPS/s)
MUL_MAT_VEC q6_K m=128000 n=3 k=2048: 1 x 1040.76 us = 1040.76 us (1510.9 GFLOPS/s)
RMS_NORM_MUL RMS_NORM(2048,3,1,1): 61 x 4.379 us = 267.12 us
RMS_NORM_MUL_ROPE RMS_NORM(64,32,3,1): 8 x 8.52 us = 68.16 us
RMS_NORM_MUL_ROPE RMS_NORM(64,8,3,1): 8 x 3.445 us = 27.56 us
SET_ROWS: 16 x 2.062 us = 33 us
SSM_CONV: 22 x 3.921 us = 86.28 us
Total time: 9539.2 us.
----------------
Vulkan Timings:
ADD: 60 x 1.86 us = 111.64 us
CONCAT: 22 x 2.345 us = 51.6 us
CPY: 22 x 1.623 us = 35.72 us
FLASH_ATTN_EXT dst(64,32,1,3),  q(64,1,32,3),  k(64,256,8,3),  v(64,256,8,3),  m(256,1,1,3): 8 x 14.64 us = 117.12 us (429.744 GFLOPS/s)
GET_ROWS: 24 x 2.281 us = 54.76 us
GLU: 30 x 2.504 us = 75.12 us
MUL: 44 x 2.738 us = 120.48 us
MUL_MAT f32 m=64 n=24 k=64: 16 x 2.07 us = 33.12 us (94.2377 GFLOPS/s)
MUL_MAT f32 m=64 n=96 k=64: 16 x 2.112 us = 33.8 us (369.367 GFLOPS/s)
MUL_MAT_VEC q4_0_rocmfp4_fast m=10752 n=3 k=2048: 60 x 56.548 us = 3392.88 us (2335.86 GFLOPS/s)
MUL_MAT_VEC q4_0_rocmfp4_fast m=2048 n=1 k=2048 batch=3: 22 x 25.401 us = 558.84 us (990.468 GFLOPS/s)
MUL_MAT_VEC q4_0_rocmfp4_fast m=2048 n=3 k=10752: 30 x 56.845 us = 1705.36 us (2324.1 GFLOPS/s)
MUL_MAT_VEC q4_0_rocmfp4_fast m=2048 n=3 k=2048: 16 x 16.707 us = 267.32 us (1505.89 GFLOPS/s)
MUL_MAT_VEC q4_0_rocmfp4_fast m=512 n=3 k=2048: 16 x 3.145 us = 50.32 us (1999.97 GFLOPS/s)
MUL_MAT_VEC q4_0_rocmfp4_fast m=6144 n=1 k=2048 batch=3: 22 x 64.163 us = 1411.6 us (1176.35 GFLOPS/s)
MUL_MAT_VEC q6_K m=128000 n=3 k=2048: 1 x 1035.04 us = 1035.04 us (1519.25 GFLOPS/s)
RMS_NORM_MUL RMS_NORM(2048,3,1,1): 61 x 4.346 us = 265.16 us
RMS_NORM_MUL_ROPE RMS_NORM(64,32,3,1): 8 x 7.89 us = 63.12 us
RMS_NORM_MUL_ROPE RMS_NORM(64,8,3,1): 8 x 3.43 us = 27.44 us
SET_ROWS: 16 x 2.017 us = 32.28 us
SSM_CONV: 22 x 3.898 us = 85.76 us
Total time: 9528.48 us.
----------------
Vulkan Timings:
ADD: 60 x 1.867 us = 112.04 us
CONCAT: 22 x 2.336 us = 51.4 us
CPY: 22 x 1.685 us = 37.08 us
FLASH_ATTN_EXT dst(64,32,1,3),  q(64,1,32,3),  k(64,256,8,3),  v(64,256,8,3),  m(256,1,1,3): 8 x 14.775 us = 118.2 us (425.818 GFLOPS/s)
GET_ROWS: 24 x 2.263 us = 54.32 us
GLU: 30 x 2.632 us = 78.96 us
MUL: 44 x 2.493 us = 109.72 us
MUL_MAT f32 m=64 n=24 k=64: 16 x 2.092 us = 33.48 us (93.2244 GFLOPS/s)
MUL_MAT f32 m=64 n=96 k=64: 16 x 2.102 us = 33.64 us (371.124 GFLOPS/s)
MUL_MAT_VEC q4_0_rocmfp4_fast m=10752 n=3 k=2048: 60 x 57.07 us = 3424.2 us (2314.5 GFLOPS/s)
MUL_MAT_VEC q4_0_rocmfp4_fast m=2048 n=1 k=2048 batch=3: 22 x 23.976 us = 527.48 us (1049.35 GFLOPS/s)
MUL_MAT_VEC q4_0_rocmfp4_fast m=2048 n=3 k=10752: 30 x 58.89 us = 1766.72 us (2243.38 GFLOPS/s)
MUL_MAT_VEC q4_0_rocmfp4_fast m=2048 n=3 k=2048: 16 x 16.687 us = 267 us (1507.7 GFLOPS/s)
MUL_MAT_VEC q4_0_rocmfp4_fast m=512 n=3 k=2048: 16 x 3.137 us = 50.2 us (2004.76 GFLOPS/s)
MUL_MAT_VEC q4_0_rocmfp4_fast m=6144 n=1 k=2048 batch=3: 22 x 63.58 us = 1398.76 us (1187.15 GFLOPS/s)
MUL_MAT_VEC q6_K m=128000 n=3 k=2048: 1 x 979.72 us = 979.72 us (1605.03 GFLOPS/s)
RMS_NORM_MUL RMS_NORM(2048,3,1,1): 61 x 4.393 us = 268 us
RMS_NORM_MUL_ROPE RMS_NORM(64,32,3,1): 8 x 7.945 us = 63.56 us
RMS_NORM_MUL_ROPE RMS_NORM(64,8,3,1): 8 x 3.425 us = 27.4 us
SET_ROWS: 16 x 1.965 us = 31.44 us
SSM_CONV: 22 x 3.847 us = 84.64 us
Total time: 9517.96 us.
----------------
Vulkan Timings:
ADD: 60 x 1.868 us = 112.08 us
CONCAT: 22 x 2.88 us = 63.36 us
CPY: 22 x 1.589 us = 34.96 us
FLASH_ATTN_EXT dst(64,32,1,3),  q(64,1,32,3),  k(64,256,8,3),  v(64,256,8,3),  m(256,1,1,3): 8 x 14.74 us = 117.92 us (426.829 GFLOPS/s)
GET_ROWS: 24 x 2.643 us = 63.44 us
GLU: 30 x 2.673 us = 80.2 us
MUL: 44 x 2.85 us = 125.44 us
MUL_MAT f32 m=64 n=24 k=64: 16 x 2.1 us = 33.6 us (92.8914 GFLOPS/s)
MUL_MAT f32 m=64 n=96 k=64: 16 x 2.092 us = 33.48 us (372.897 GFLOPS/s)
MUL_MAT_VEC q4_0_rocmfp4_fast m=10752 n=3 k=2048: 60 x 56.897 us = 3413.84 us (2321.52 GFLOPS/s)
MUL_MAT_VEC q4_0_rocmfp4_fast m=2048 n=1 k=2048 batch=3: 22 x 23.403 us = 514.88 us (1075.03 GFLOPS/s)
MUL_MAT_VEC q4_0_rocmfp4_fast m=2048 n=3 k=10752: 30 x 57.178 us = 1715.36 us (2310.55 GFLOPS/s)
MUL_MAT_VEC q4_0_rocmfp4_fast m=2048 n=3 k=2048: 16 x 16.842 us = 269.48 us (1493.82 GFLOPS/s)
MUL_MAT_VEC q4_0_rocmfp4_fast m=512 n=3 k=2048: 16 x 3.175 us = 50.8 us (1981.08 GFLOPS/s)
MUL_MAT_VEC q4_0_rocmfp4_fast m=6144 n=1 k=2048 batch=3: 22 x 63.98 us = 1407.56 us (1179.73 GFLOPS/s)
MUL_MAT_VEC q6_K m=128000 n=3 k=2048: 1 x 979.96 us = 979.96 us (1604.64 GFLOPS/s)
RMS_NORM_MUL RMS_NORM(2048,3,1,1): 61 x 4.363 us = 266.16 us
RMS_NORM_MUL_ROPE RMS_NORM(64,32,3,1): 8 x 8.02 us = 64.16 us
RMS_NORM_MUL_ROPE RMS_NORM(64,8,3,1): 8 x 3.42 us = 27.36 us
SET_ROWS: 16 x 2.012 us = 32.2 us
SSM_CONV: 22 x 3.905 us = 85.92 us
Total time: 9492.16 us.
----------------
Vulkan Timings:
ADD: 60 x 2.051 us = 123.08 us
CONCAT: 22 x 2.378 us = 52.32 us
CPY: 22 x 1.716 us = 37.76 us
FLASH_ATTN_EXT dst(64,32,1,3),  q(64,1,32,3),  k(64,256,8,3),  v(64,256,8,3),  m(256,1,1,3): 8 x 14.585 us = 116.68 us (431.365 GFLOPS/s)
GET_ROWS: 24 x 2.413 us = 57.92 us
GLU: 30 x 2.749 us = 82.48 us
MUL: 44 x 2.505 us = 110.24 us
MUL_MAT f32 m=64 n=24 k=64: 16 x 2.11 us = 33.76 us (92.4512 GFLOPS/s)
MUL_MAT f32 m=64 n=96 k=64: 16 x 2.147 us = 34.36 us (363.347 GFLOPS/s)
MUL_MAT_VEC q4_0_rocmfp4_fast m=10752 n=3 k=2048: 60 x 56.912 us = 3414.72 us (2320.92 GFLOPS/s)
MUL_MAT_VEC q4_0_rocmfp4_fast m=2048 n=1 k=2048 batch=3: 22 x 23.956 us = 527.04 us (1050.23 GFLOPS/s)
MUL_MAT_VEC q4_0_rocmfp4_fast m=2048 n=3 k=10752: 30 x 57.525 us = 1725.76 us (2296.63 GFLOPS/s)
MUL_MAT_VEC q4_0_rocmfp4_fast m=2048 n=3 k=2048: 16 x 16.742 us = 267.88 us (1502.74 GFLOPS/s)
MUL_MAT_VEC q4_0_rocmfp4_fast m=512 n=3 k=2048: 16 x 3.157 us = 50.52 us (1992.06 GFLOPS/s)
MUL_MAT_VEC q4_0_rocmfp4_fast m=6144 n=1 k=2048 batch=3: 22 x 63.95 us = 1406.92 us (1180.27 GFLOPS/s)
MUL_MAT_VEC q6_K m=128000 n=3 k=2048: 1 x 1012.4 us = 1012.4 us (1553.22 GFLOPS/s)
RMS_NORM_MUL RMS_NORM(2048,3,1,1): 61 x 4.373 us = 266.76 us
RMS_NORM_MUL_ROPE RMS_NORM(64,32,3,1): 8 x 8.08 us = 64.64 us
RMS_NORM_MUL_ROPE RMS_NORM(64,8,3,1): 8 x 3.47 us = 27.76 us
SET_ROWS: 16 x 2.032 us = 32.52 us
SSM_CONV: 22 x 3.898 us = 85.76 us
Total time: 9531.28 us.
----------------
Vulkan Timings:
ADD: 60 x 1.852 us = 111.16 us
CONCAT: 22 x 2.332 us = 51.32 us
CPY: 22 x 1.641 us = 36.12 us
FLASH_ATTN_EXT dst(64,32,1,3),  q(64,1,32,3),  k(64,256,8,3),  v(64,256,8,3),  m(256,1,1,3): 8 x 14.675 us = 117.4 us (428.719 GFLOPS/s)
GET_ROWS: 24 x 2.266 us = 54.4 us
GLU: 30 x 2.572 us = 77.16 us
MUL: 44 x 2.491 us = 109.64 us
MUL_MAT f32 m=64 n=24 k=64: 16 x 2.097 us = 33.56 us (93.0021 GFLOPS/s)
MUL_MAT f32 m=64 n=96 k=64: 16 x 2.13 us = 34.08 us (366.332 GFLOPS/s)
MUL_MAT_VEC q4_0_rocmfp4_fast m=10752 n=3 k=2048: 60 x 57.358 us = 3441.52 us (2302.85 GFLOPS/s)
MUL_MAT_VEC q4_0_rocmfp4_fast m=2048 n=1 k=2048 batch=3: 22 x 23.947 us = 526.84 us (1050.63 GFLOPS/s)
MUL_MAT_VEC q4_0_rocmfp4_fast m=2048 n=3 k=10752: 30 x 57.713 us = 1731.4 us (2289.15 GFLOPS/s)
MUL_MAT_VEC q4_0_rocmfp4_fast m=2048 n=3 k=2048: 16 x 16.805 us = 268.88 us (1497.15 GFLOPS/s)
MUL_MAT_VEC q4_0_rocmfp4_fast m=512 n=3 k=2048: 16 x 3.16 us = 50.56 us (1990.48 GFLOPS/s)
MUL_MAT_VEC q4_0_rocmfp4_fast m=6144 n=1 k=2048 batch=3: 22 x 63.814 us = 1403.92 us (1182.79 GFLOPS/s)
MUL_MAT_VEC q6_K m=128000 n=3 k=2048: 1 x 982.32 us = 982.32 us (1600.78 GFLOPS/s)
RMS_NORM_MUL RMS_NORM(2048,3,1,1): 61 x 4.352 us = 265.52 us
RMS_NORM_MUL_ROPE RMS_NORM(64,32,3,1): 8 x 7.96 us = 63.68 us
RMS_NORM_MUL_ROPE RMS_NORM(64,8,3,1): 8 x 3.445 us = 27.56 us
SET_ROWS: 16 x 2.022 us = 32.36 us
SSM_CONV: 22 x 3.934 us = 86.56 us
Total time: 9505.96 us.
----------------
Vulkan Timings:
ADD: 60 x 1.849 us = 110.96 us
CONCAT: 22 x 2.323 us = 51.12 us
CPY: 22 x 1.674 us = 36.84 us
FLASH_ATTN_EXT dst(64,32,1,3),  q(64,1,32,3),  k(64,256,8,3),  v(64,256,8,3),  m(256,1,1,3): 8 x 16.69 us = 133.52 us (376.96 GFLOPS/s)
GET_ROWS: 24 x 2.275 us = 54.6 us
GLU: 30 x 2.553 us = 76.6 us
MUL: 44 x 2.483 us = 109.28 us
MUL_MAT f32 m=64 n=24 k=64: 16 x 2.09 us = 33.44 us (93.3359 GFLOPS/s)
MUL_MAT f32 m=64 n=96 k=64: 16 x 2.107 us = 33.72 us (370.243 GFLOPS/s)
MUL_MAT_VEC q4_0_rocmfp4_fast m=10752 n=3 k=2048: 60 x 56.562 us = 3393.76 us (2335.26 GFLOPS/s)
MUL_MAT_VEC q4_0_rocmfp4_fast m=2048 n=1 k=2048 batch=3: 22 x 23.909 us = 526 us (1052.31 GFLOPS/s)
MUL_MAT_VEC q4_0_rocmfp4_fast m=2048 n=3 k=10752: 30 x 57.736 us = 1732.08 us (2288.25 GFLOPS/s)
MUL_MAT_VEC q4_0_rocmfp4_fast m=2048 n=3 k=2048: 16 x 17.645 us = 282.32 us (1425.88 GFLOPS/s)
MUL_MAT_VEC q4_0_rocmfp4_fast m=512 n=3 k=2048: 16 x 3.85 us = 61.6 us (1633.75 GFLOPS/s)
MUL_MAT_VEC q4_0_rocmfp4_fast m=6144 n=1 k=2048 batch=3: 22 x 63.674 us = 1400.84 us (1185.39 GFLOPS/s)
MUL_MAT_VEC q6_K m=128000 n=3 k=2048: 1 x 975.72 us = 975.72 us (1611.61 GFLOPS/s)
RMS_NORM_MUL RMS_NORM(2048,3,1,1): 61 x 4.344 us = 265.04 us
RMS_NORM_MUL_ROPE RMS_NORM(64,32,3,1): 8 x 8.515 us = 68.12 us
RMS_NORM_MUL_ROPE RMS_NORM(64,8,3,1): 8 x 3.41 us = 27.28 us
SET_ROWS: 16 x 2.042 us = 32.68 us
SSM_CONV: 22 x 3.843 us = 84.56 us
Total time: 9490.08 us.
----------------
Vulkan Timings:
ADD: 60 x 1.856 us = 111.4 us
CONCAT: 22 x 2.361 us = 51.96 us
CPY: 22 x 1.77 us = 38.96 us
FLASH_ATTN_EXT dst(64,32,1,3),  q(64,1,32,3),  k(64,256,8,3),  v(64,256,8,3),  m(256,1,1,3): 8 x 14.595 us = 116.76 us (431.069 GFLOPS/s)
GET_ROWS: 24 x 2.281 us = 54.76 us
GLU: 30 x 2.626 us = 78.8 us
MUL: 44 x 2.51 us = 110.48 us
MUL_MAT f32 m=64 n=24 k=64: 16 x 2.087 us = 33.4 us (93.4477 GFLOPS/s)
MUL_MAT f32 m=64 n=96 k=64: 16 x 2.077 us = 33.24 us (375.59 GFLOPS/s)
MUL_MAT_VEC q4_0_rocmfp4_fast m=10752 n=3 k=2048: 60 x 57.226 us = 3433.6 us (2308.16 GFLOPS/s)
MUL_MAT_VEC q4_0_rocmfp4_fast m=2048 n=1 k=2048 batch=3: 22 x 23.432 us = 515.52 us (1073.7 GFLOPS/s)
MUL_MAT_VEC q4_0_rocmfp4_fast m=2048 n=3 k=10752: 30 x 57.741 us = 1732.24 us (2288.04 GFLOPS/s)
MUL_MAT_VEC q4_0_rocmfp4_fast m=2048 n=3 k=2048: 16 x 16.835 us = 269.36 us (1494.49 GFLOPS/s)
MUL_MAT_VEC q4_0_rocmfp4_fast m=512 n=3 k=2048: 16 x 3.195 us = 51.12 us (1968.68 GFLOPS/s)
MUL_MAT_VEC q4_0_rocmfp4_fast m=6144 n=1 k=2048 batch=3: 22 x 63.66 us = 1400.52 us (1185.66 GFLOPS/s)
MUL_MAT_VEC q6_K m=128000 n=3 k=2048: 1 x 993.6 us = 993.6 us (1582.61 GFLOPS/s)
RMS_NORM_MUL RMS_NORM(2048,3,1,1): 61 x 4.57 us = 278.8 us
RMS_NORM_MUL_ROPE RMS_NORM(64,32,3,1): 8 x 7.905 us = 63.24 us
RMS_NORM_MUL_ROPE RMS_NORM(64,8,3,1): 8 x 3.445 us = 27.56 us
SET_ROWS: 16 x 2.145 us = 34.32 us
SSM_CONV: 22 x 3.812 us = 83.88 us
Total time: 9513.52 us.
----------------
Vulkan Timings:
ADD: 60 x 1.862 us = 111.76 us
CONCAT: 22 x 2.347 us = 51.64 us
CPY: 22 x 1.618 us = 35.6 us
FLASH_ATTN_EXT dst(64,32,1,3),  q(64,1,32,3),  k(64,256,8,3),  v(64,256,8,3),  m(256,1,1,3): 8 x 14.59 us = 116.72 us (431.217 GFLOPS/s)
GET_ROWS: 24 x 2.278 us = 54.68 us
GLU: 30 x 2.504 us = 75.12 us
MUL: 44 x 2.499 us = 109.96 us
MUL_MAT f32 m=64 n=24 k=64: 16 x 2.077 us = 33.24 us (93.8975 GFLOPS/s)
MUL_MAT f32 m=64 n=96 k=64: 16 x 2.115 us = 33.84 us (368.93 GFLOPS/s)
MUL_MAT_VEC q4_0_rocmfp4_fast m=10752 n=3 k=2048: 60 x 57.92 us = 3475.2 us (2280.53 GFLOPS/s)
MUL_MAT_VEC q4_0_rocmfp4_fast m=2048 n=1 k=2048 batch=3: 22 x 23.529 us = 517.64 us (1069.3 GFLOPS/s)
MUL_MAT_VEC q4_0_rocmfp4_fast m=2048 n=3 k=10752: 30 x 57.249 us = 1717.48 us (2307.7 GFLOPS/s)
MUL_MAT_VEC q4_0_rocmfp4_fast m=2048 n=3 k=2048: 16 x 16.802 us = 268.84 us (1497.38 GFLOPS/s)
MUL_MAT_VEC q4_0_rocmfp4_fast m=512 n=3 k=2048: 16 x 3.177 us = 50.84 us (1979.52 GFLOPS/s)
MUL_MAT_VEC q4_0_rocmfp4_fast m=6144 n=1 k=2048 batch=3: 22 x 63.183 us = 1390.04 us (1194.6 GFLOPS/s)
MUL_MAT_VEC q6_K m=128000 n=3 k=2048: 1 x 980 us = 980 us (1604.57 GFLOPS/s)
RMS_NORM_MUL RMS_NORM(2048,3,1,1): 61 x 4.37 us = 266.6 us
RMS_NORM_MUL_ROPE RMS_NORM(64,32,3,1): 8 x 7.905 us = 63.24 us
RMS_NORM_MUL_ROPE RMS_NORM(64,8,3,1): 8 x 3.435 us = 27.48 us
SET_ROWS: 16 x 2.052 us = 32.84 us
SSM_CONV: 22 x 3.92 us = 86.24 us
Total time: 9499 us.
----------------
Vulkan Timings:
ADD: 60 x 1.852 us = 111.16 us
CONCAT: 22 x 2.343 us = 51.56 us
CPY: 22 x 1.667 us = 36.68 us
FLASH_ATTN_EXT dst(64,32,1,3),  q(64,1,32,3),  k(64,256,8,3),  v(64,256,8,3),  m(256,1,1,3): 8 x 14.56 us = 116.48 us (432.105 GFLOPS/s)
GET_ROWS: 24 x 2.276 us = 54.64 us
GLU: 30 x 2.512 us = 75.36 us
MUL: 44 x 2.471 us = 108.76 us
MUL_MAT f32 m=64 n=24 k=64: 16 x 2.105 us = 33.68 us (92.6708 GFLOPS/s)
MUL_MAT f32 m=64 n=96 k=64: 16 x 2.1 us = 33.6 us (371.566 GFLOPS/s)
MUL_MAT_VEC q4_0_rocmfp4_fast m=10752 n=3 k=2048: 60 x 57.194 us = 3431.68 us (2309.45 GFLOPS/s)
MUL_MAT_VEC q4_0_rocmfp4_fast m=2048 n=1 k=2048 batch=3: 22 x 23.952 us = 526.96 us (1050.39 GFLOPS/s)
MUL_MAT_VEC q4_0_rocmfp4_fast m=2048 n=3 k=10752: 30 x 56.752 us = 1702.56 us (2327.93 GFLOPS/s)
MUL_MAT_VEC q4_0_rocmfp4_fast m=2048 n=3 k=2048: 16 x 16.79 us = 268.64 us (1498.49 GFLOPS/s)
MUL_MAT_VEC q4_0_rocmfp4_fast m=512 n=3 k=2048: 16 x 3.125 us = 50 us (2012.77 GFLOPS/s)
MUL_MAT_VEC q4_0_rocmfp4_fast m=6144 n=1 k=2048 batch=3: 22 x 64.92 us = 1428.24 us (1162.65 GFLOPS/s)
MUL_MAT_VEC q6_K m=128000 n=3 k=2048: 1 x 981 us = 981 us (1602.94 GFLOPS/s)
RMS_NORM_MUL RMS_NORM(2048,3,1,1): 61 x 4.316 us = 263.32 us
RMS_NORM_MUL_ROPE RMS_NORM(64,32,3,1): 8 x 7.99 us = 63.92 us
RMS_NORM_MUL_ROPE RMS_NORM(64,8,3,1): 8 x 3.46 us = 27.68 us
SET_ROWS: 16 x 2.01 us = 32.16 us
SSM_CONV: 22 x 3.861 us = 84.96 us
Total time: 9483.04 us.
----------------
Vulkan Timings:
ADD: 60 x 1.867 us = 112.04 us
CONCAT: 22 x 2.347 us = 51.64 us
CPY: 22 x 1.625 us = 35.76 us
FLASH_ATTN_EXT dst(64,32,1,3),  q(64,1,32,3),  k(64,256,8,3),  v(64,256,8,3),  m(256,1,1,3): 8 x 14.63 us = 117.04 us (430.038 GFLOPS/s)
GET_ROWS: 24 x 2.26 us = 54.24 us
GLU: 30 x 2.529 us = 75.88 us
MUL: 44 x 2.62 us = 115.32 us
MUL_MAT f32 m=64 n=24 k=64: 16 x 2.097 us = 33.56 us (93.0021 GFLOPS/s)
MUL_MAT f32 m=64 n=96 k=64: 16 x 2.112 us = 33.8 us (369.367 GFLOPS/s)
MUL_MAT_VEC q4_0_rocmfp4_fast m=10752 n=3 k=2048: 60 x 57.184 us = 3431.04 us (2309.88 GFLOPS/s)
MUL_MAT_VEC q4_0_rocmfp4_fast m=2048 n=1 k=2048 batch=3: 22 x 24.716 us = 543.76 us (1017.94 GFLOPS/s)
MUL_MAT_VEC q4_0_rocmfp4_fast m=2048 n=3 k=10752: 30 x 57.841 us = 1735.24 us (2284.08 GFLOPS/s)
MUL_MAT_VEC q4_0_rocmfp4_fast m=2048 n=3 k=2048: 16 x 16.73 us = 267.68 us (1503.87 GFLOPS/s)
MUL_MAT_VEC q4_0_rocmfp4_fast m=512 n=3 k=2048: 16 x 3.167 us = 50.68 us (1985.77 GFLOPS/s)
MUL_MAT_VEC q4_0_rocmfp4_fast m=6144 n=1 k=2048 batch=3: 22 x 63.745 us = 1402.4 us (1184.07 GFLOPS/s)
MUL_MAT_VEC q6_K m=128000 n=3 k=2048: 1 x 977.76 us = 977.76 us (1608.25 GFLOPS/s)
RMS_NORM_MUL RMS_NORM(2048,3,1,1): 61 x 4.346 us = 265.12 us
RMS_NORM_MUL_ROPE RMS_NORM(64,32,3,1): 8 x 7.875 us = 63 us
RMS_NORM_MUL_ROPE RMS_NORM(64,8,3,1): 8 x 3.455 us = 27.64 us
SET_ROWS: 16 x 2.035 us = 32.56 us
SSM_CONV: 22 x 3.936 us = 86.6 us
Total time: 9512.76 us.
----------------
Vulkan Timings:
ADD: 60 x 1.907 us = 114.44 us
CONCAT: 22 x 2.349 us = 51.68 us
CPY: 22 x 1.62 us = 35.64 us
FLASH_ATTN_EXT dst(64,32,1,3),  q(64,1,32,3),  k(64,256,8,3),  v(64,256,8,3),  m(256,1,1,3): 8 x 14.53 us = 116.24 us (432.998 GFLOPS/s)
GET_ROWS: 24 x 2.301 us = 55.24 us
GLU: 30 x 2.734 us = 82.04 us
MUL: 44 x 2.48 us = 109.16 us
MUL_MAT f32 m=64 n=24 k=64: 16 x 2.115 us = 33.84 us (92.2326 GFLOPS/s)
MUL_MAT f32 m=64 n=96 k=64: 16 x 2.1 us = 33.6 us (371.566 GFLOPS/s)
MUL_MAT_VEC q4_0_rocmfp4_fast m=10752 n=3 k=2048: 60 x 57.082 us = 3424.96 us (2313.98 GFLOPS/s)
MUL_MAT_VEC q4_0_rocmfp4_fast m=2048 n=1 k=2048 batch=3: 22 x 24.467 us = 538.28 us (1028.3 GFLOPS/s)
MUL_MAT_VEC q4_0_rocmfp4_fast m=2048 n=3 k=10752: 30 x 58.025 us = 1740.76 us (2276.84 GFLOPS/s)
MUL_MAT_VEC q4_0_rocmfp4_fast m=2048 n=3 k=2048: 16 x 16.87 us = 269.92 us (1491.39 GFLOPS/s)
MUL_MAT_VEC q4_0_rocmfp4_fast m=512 n=3 k=2048: 16 x 3.137 us = 50.2 us (2004.76 GFLOPS/s)
MUL_MAT_VEC q4_0_rocmfp4_fast m=6144 n=1 k=2048 batch=3: 22 x 64.22 us = 1412.84 us (1175.32 GFLOPS/s)
MUL_MAT_VEC q6_K m=128000 n=3 k=2048: 1 x 985.88 us = 985.88 us (1595 GFLOPS/s)
RMS_NORM_MUL RMS_NORM(2048,3,1,1): 61 x 4.521 us = 275.84 us
RMS_NORM_MUL_ROPE RMS_NORM(64,32,3,1): 8 x 8.115 us = 64.92 us
RMS_NORM_MUL_ROPE RMS_NORM(64,8,3,1): 8 x 3.45 us = 27.6 us
SET_ROWS: 16 x 2.175 us = 34.8 us
SSM_CONV: 22 x 3.92 us = 86.24 us
Total time: 9544.12 us.
----------------
Vulkan Timings:
ADD: 60 x 2.082 us = 124.96 us
CONCAT: 22 x 2.347 us = 51.64 us
CPY: 22 x 1.612 us = 35.48 us
FLASH_ATTN_EXT dst(64,32,1,3),  q(64,1,32,3),  k(64,256,8,3),  v(64,256,8,3),  m(256,1,1,3): 8 x 14.96 us = 119.68 us (420.552 GFLOPS/s)
GET_ROWS: 24 x 2.28 us = 54.72 us
GLU: 30 x 2.525 us = 75.76 us
MUL: 44 x 2.495 us = 109.8 us
MUL_MAT f32 m=64 n=24 k=64: 16 x 2.487 us = 39.8 us (78.4209 GFLOPS/s)
MUL_MAT f32 m=64 n=96 k=64: 16 x 2.1 us = 33.6 us (371.566 GFLOPS/s)
MUL_MAT_VEC q4_0_rocmfp4_fast m=10752 n=3 k=2048: 60 x 56.077 us = 3364.64 us (2355.47 GFLOPS/s)
MUL_MAT_VEC q4_0_rocmfp4_fast m=2048 n=1 k=2048 batch=3: 22 x 23.454 us = 516 us (1072.7 GFLOPS/s)
MUL_MAT_VEC q4_0_rocmfp4_fast m=2048 n=3 k=10752: 30 x 56.6 us = 1698 us (2334.18 GFLOPS/s)
MUL_MAT_VEC q4_0_rocmfp4_fast m=2048 n=3 k=2048: 16 x 16.705 us = 267.28 us (1506.12 GFLOPS/s)
MUL_MAT_VEC q4_0_rocmfp4_fast m=512 n=3 k=2048: 16 x 3.122 us = 49.96 us (2014.39 GFLOPS/s)
MUL_MAT_VEC q4_0_rocmfp4_fast m=6144 n=1 k=2048 batch=3: 22 x 63.269 us = 1391.92 us (1192.98 GFLOPS/s)
MUL_MAT_VEC q6_K m=128000 n=3 k=2048: 1 x 971.72 us = 971.72 us (1618.24 GFLOPS/s)
RMS_NORM_MUL RMS_NORM(2048,3,1,1): 61 x 4.773 us = 291.2 us
RMS_NORM_MUL_ROPE RMS_NORM(64,32,3,1): 8 x 7.83 us = 62.64 us
RMS_NORM_MUL_ROPE RMS_NORM(64,8,3,1): 8 x 5.065 us = 40.52 us
SET_ROWS: 16 x 2.045 us = 32.72 us
SSM_CONV: 22 x 3.938 us = 86.64 us
Total time: 9418.68 us.
----------------
Vulkan Timings:
ADD: 60 x 2.044 us = 122.68 us
CONCAT: 22 x 2.34 us = 51.48 us
CPY: 22 x 1.601 us = 35.24 us
FLASH_ATTN_EXT dst(64,32,1,3),  q(64,1,32,3),  k(64,256,8,3),  v(64,256,8,3),  m(256,1,1,3): 8 x 15.15 us = 121.2 us (415.278 GFLOPS/s)
GET_ROWS: 24 x 2.303 us = 55.28 us
GLU: 30 x 2.554 us = 76.64 us
MUL: 44 x 2.478 us = 109.04 us
MUL_MAT f32 m=64 n=24 k=64: 16 x 2.17 us = 34.72 us (89.8949 GFLOPS/s)
MUL_MAT f32 m=64 n=96 k=64: 16 x 2.22 us = 35.52 us (351.481 GFLOPS/s)
MUL_MAT_VEC q4_0_rocmfp4_fast m=10752 n=3 k=2048: 60 x 56.988 us = 3419.32 us (2317.8 GFLOPS/s)
MUL_MAT_VEC q4_0_rocmfp4_fast m=2048 n=1 k=2048 batch=3: 22 x 24.974 us = 549.44 us (1007.41 GFLOPS/s)
MUL_MAT_VEC q4_0_rocmfp4_fast m=2048 n=3 k=10752: 30 x 58.497 us = 1754.92 us (2258.47 GFLOPS/s)
MUL_MAT_VEC q4_0_rocmfp4_fast m=2048 n=3 k=2048: 16 x 16.8 us = 268.8 us (1497.6 GFLOPS/s)
MUL_MAT_VEC q4_0_rocmfp4_fast m=512 n=3 k=2048: 16 x 3.135 us = 50.16 us (2006.35 GFLOPS/s)
MUL_MAT_VEC q4_0_rocmfp4_fast m=6144 n=1 k=2048 batch=3: 22 x 63.95 us = 1406.92 us (1180.27 GFLOPS/s)
MUL_MAT_VEC q6_K m=128000 n=3 k=2048: 1 x 987.56 us = 987.56 us (1592.29 GFLOPS/s)
RMS_NORM_MUL RMS_NORM(2048,3,1,1): 61 x 4.511 us = 275.2 us
RMS_NORM_MUL_ROPE RMS_NORM(64,32,3,1): 8 x 8.12 us = 64.96 us
RMS_NORM_MUL_ROPE RMS_NORM(64,8,3,1): 8 x 3.38 us = 27.04 us
SET_ROWS: 16 x 2.195 us = 35.12 us
SSM_CONV: 22 x 3.938 us = 86.64 us
Total time: 9567.88 us.
----------------
Vulkan Timings:
ADD: 60 x 1.853 us = 111.2 us
CONCAT: 22 x 2.332 us = 51.32 us
CPY: 22 x 1.598 us = 35.16 us
FLASH_ATTN_EXT dst(64,32,1,3),  q(64,1,32,3),  k(64,256,8,3),  v(64,256,8,3),  m(256,1,1,3): 8 x 16.75 us = 134 us (375.609 GFLOPS/s)
GET_ROWS: 24 x 2.251 us = 54.04 us
GLU: 30 x 2.505 us = 75.16 us
MUL: 44 x 2.482 us = 109.24 us
MUL_MAT f32 m=64 n=24 k=64: 16 x 2.075 us = 33.2 us (94.0106 GFLOPS/s)
MUL_MAT f32 m=64 n=96 k=64: 16 x 2.115 us = 33.84 us (368.93 GFLOPS/s)
MUL_MAT_VEC q4_0_rocmfp4_fast m=10752 n=3 k=2048: 60 x 56.926 us = 3415.56 us (2320.35 GFLOPS/s)
MUL_MAT_VEC q4_0_rocmfp4_fast m=2048 n=1 k=2048 batch=3: 22 x 23.938 us = 526.64 us (1051.03 GFLOPS/s)
MUL_MAT_VEC q4_0_rocmfp4_fast m=2048 n=3 k=10752: 30 x 59.456 us = 1783.68 us (2222.05 GFLOPS/s)
MUL_MAT_VEC q4_0_rocmfp4_fast m=2048 n=3 k=2048: 16 x 17.647 us = 282.36 us (1425.68 GFLOPS/s)
MUL_MAT_VEC q4_0_rocmfp4_fast m=512 n=3 k=2048: 16 x 3.88 us = 62.08 us (1621.11 GFLOPS/s)
MUL_MAT_VEC q4_0_rocmfp4_fast m=6144 n=1 k=2048 batch=3: 22 x 64.141 us = 1411.12 us (1176.75 GFLOPS/s)
MUL_MAT_VEC q6_K m=128000 n=3 k=2048: 1 x 976.16 us = 976.16 us (1610.88 GFLOPS/s)
RMS_NORM_MUL RMS_NORM(2048,3,1,1): 61 x 4.403 us = 268.64 us
RMS_NORM_MUL_ROPE RMS_NORM(64,32,3,1): 8 x 8.475 us = 67.8 us
RMS_NORM_MUL_ROPE RMS_NORM(64,8,3,1): 8 x 3.445 us = 27.56 us
SET_ROWS: 16 x 2.022 us = 32.36 us
SSM_CONV: 22 x 3.92 us = 86.24 us
Total time: 9577.36 us.
----------------
Vulkan Timings:
ADD: 60 x 1.96 us = 117.64 us
CONCAT: 22 x 2.336 us = 51.4 us
CPY: 22 x 1.612 us = 35.48 us
FLASH_ATTN_EXT dst(64,32,1,3),  q(64,1,32,3),  k(64,256,8,3),  v(64,256,8,3),  m(256,1,1,3): 8 x 14.65 us = 117.2 us (429.451 GFLOPS/s)
GET_ROWS: 24 x 2.511 us = 60.28 us
GLU: 30 x 2.6 us = 78 us
MUL: 44 x 2.483 us = 109.28 us
MUL_MAT f32 m=64 n=24 k=64: 16 x 2.112 us = 33.8 us (92.3418 GFLOPS/s)
MUL_MAT f32 m=64 n=96 k=64: 16 x 2.125 us = 34 us (367.194 GFLOPS/s)
MUL_MAT_VEC q4_0_rocmfp4_fast m=10752 n=3 k=2048: 60 x 56.615 us = 3396.92 us (2333.08 GFLOPS/s)
MUL_MAT_VEC q4_0_rocmfp4_fast m=2048 n=1 k=2048 batch=3: 22 x 23.38 us = 514.36 us (1076.12 GFLOPS/s)
MUL_MAT_VEC q4_0_rocmfp4_fast m=2048 n=3 k=10752: 30 x 58.486 us = 1754.6 us (2258.88 GFLOPS/s)
MUL_MAT_VEC q4_0_rocmfp4_fast m=2048 n=3 k=2048: 16 x 16.715 us = 267.44 us (1505.22 GFLOPS/s)
MUL_MAT_VEC q4_0_rocmfp4_fast m=512 n=3 k=2048: 16 x 3.152 us = 50.44 us (1995.22 GFLOPS/s)
MUL_MAT_VEC q4_0_rocmfp4_fast m=6144 n=1 k=2048 batch=3: 22 x 64.403 us = 1416.88 us (1171.97 GFLOPS/s)
MUL_MAT_VEC q6_K m=128000 n=3 k=2048: 1 x 979.52 us = 979.52 us (1605.36 GFLOPS/s)
RMS_NORM_MUL RMS_NORM(2048,3,1,1): 61 x 4.392 us = 267.92 us
RMS_NORM_MUL_ROPE RMS_NORM(64,32,3,1): 8 x 7.995 us = 63.96 us
RMS_NORM_MUL_ROPE RMS_NORM(64,8,3,1): 8 x 3.46 us = 27.68 us
SET_ROWS: 16 x 2.03 us = 32.48 us
SSM_CONV: 22 x 3.934 us = 86.56 us
Total time: 9495.84 us.
----------------
Vulkan Timings:
ADD: 60 x 1.838 us = 110.28 us
CONCAT: 22 x 2.834 us = 62.36 us
CPY: 22 x 1.72 us = 37.84 us
FLASH_ATTN_EXT dst(64,32,1,3),  q(64,1,32,3),  k(64,256,8,3),  v(64,256,8,3),  m(256,1,1,3): 8 x 15.36 us = 122.88 us (409.6 GFLOPS/s)
GET_ROWS: 24 x 2.268 us = 54.44 us
GLU: 30 x 2.493 us = 74.8 us
MUL: 44 x 2.706 us = 119.08 us
MUL_MAT f32 m=64 n=24 k=64: 16 x 2.08 us = 33.28 us (93.7846 GFLOPS/s)
MUL_MAT f32 m=64 n=96 k=64: 16 x 2.112 us = 33.8 us (369.367 GFLOPS/s)
MUL_MAT_VEC q4_0_rocmfp4_fast m=10752 n=3 k=2048: 60 x 56.882 us = 3412.92 us (2322.15 GFLOPS/s)
MUL_MAT_VEC q4_0_rocmfp4_fast m=2048 n=1 k=2048 batch=3: 22 x 23.412 us = 515.08 us (1074.62 GFLOPS/s)
MUL_MAT_VEC q4_0_rocmfp4_fast m=2048 n=3 k=10752: 30 x 56.324 us = 1689.72 us (2345.62 GFLOPS/s)
MUL_MAT_VEC q4_0_rocmfp4_fast m=2048 n=3 k=2048: 16 x 16.832 us = 269.32 us (1494.71 GFLOPS/s)
MUL_MAT_VEC q4_0_rocmfp4_fast m=512 n=3 k=2048: 16 x 3.142 us = 50.28 us (2001.57 GFLOPS/s)
MUL_MAT_VEC q4_0_rocmfp4_fast m=6144 n=1 k=2048 batch=3: 22 x 63.156 us = 1389.44 us (1195.11 GFLOPS/s)
MUL_MAT_VEC q6_K m=128000 n=3 k=2048: 1 x 972.76 us = 972.76 us (1616.51 GFLOPS/s)
RMS_NORM_MUL RMS_NORM(2048,3,1,1): 61 x 4.349 us = 265.32 us
RMS_NORM_MUL_ROPE RMS_NORM(64,32,3,1): 8 x 7.96 us = 63.68 us
RMS_NORM_MUL_ROPE RMS_NORM(64,8,3,1): 8 x 3.42 us = 27.36 us
SET_ROWS: 16 x 1.975 us = 31.6 us
SSM_CONV: 22 x 3.785 us = 83.28 us
Total time: 9419.52 us.
----------------
Vulkan Timings:
ADD: 60 x 1.924 us = 115.44 us
CONCAT: 22 x 2.352 us = 51.76 us
CPY: 22 x 1.625 us = 35.76 us
FLASH_ATTN_EXT dst(64,32,1,3),  q(64,1,32,3),  k(64,256,8,3),  v(64,256,8,3),  m(256,1,1,3): 8 x 14.565 us = 116.52 us (431.957 GFLOPS/s)
GET_ROWS: 24 x 2.3 us = 55.2 us
GLU: 30 x 2.596 us = 77.88 us
MUL: 44 x 2.493 us = 109.72 us
MUL_MAT f32 m=64 n=24 k=64: 16 x 2.102 us = 33.64 us (92.781 GFLOPS/s)
MUL_MAT f32 m=64 n=96 k=64: 16 x 2.127 us = 34.04 us (366.763 GFLOPS/s)
MUL_MAT_VEC q4_0_rocmfp4_fast m=10752 n=3 k=2048: 60 x 57.228 us = 3433.68 us (2308.11 GFLOPS/s)
MUL_MAT_VEC q4_0_rocmfp4_fast m=2048 n=1 k=2048 batch=3: 22 x 24.976 us = 549.48 us (1007.34 GFLOPS/s)
MUL_MAT_VEC q4_0_rocmfp4_fast m=2048 n=3 k=10752: 30 x 57.754 us = 1732.64 us (2287.51 GFLOPS/s)
MUL_MAT_VEC q4_0_rocmfp4_fast m=2048 n=3 k=2048: 16 x 16.985 us = 271.76 us (1481.29 GFLOPS/s)
MUL_MAT_VEC q4_0_rocmfp4_fast m=512 n=3 k=2048: 16 x 3.137 us = 50.2 us (2004.76 GFLOPS/s)
MUL_MAT_VEC q4_0_rocmfp4_fast m=6144 n=1 k=2048 batch=3: 22 x 65.692 us = 1445.24 us (1148.97 GFLOPS/s)
MUL_MAT_VEC q6_K m=128000 n=3 k=2048: 1 x 986.96 us = 986.96 us (1593.26 GFLOPS/s)
RMS_NORM_MUL RMS_NORM(2048,3,1,1): 61 x 4.629 us = 282.4 us
RMS_NORM_MUL_ROPE RMS_NORM(64,32,3,1): 8 x 8.02 us = 64.16 us
RMS_NORM_MUL_ROPE RMS_NORM(64,8,3,1): 8 x 3.455 us = 27.64 us
SET_ROWS: 16 x 2.117 us = 33.88 us
SSM_CONV: 22 x 3.945 us = 86.8 us
Total time: 9594.8 us.
----------------
Vulkan Timings:
ADD: 60 x 1.87 us = 112.24 us
CONCAT: 22 x 2.309 us = 50.8 us
CPY: 22 x 1.934 us = 42.56 us
FLASH_ATTN_EXT dst(64,32,1,3),  q(64,1,32,3),  k(64,256,8,3),  v(64,256,8,3),  m(256,1,1,3): 8 x 14.69 us = 117.52 us (428.282 GFLOPS/s)
GET_ROWS: 24 x 2.281 us = 54.76 us
GLU: 30 x 2.524 us = 75.72 us
MUL: 44 x 2.473 us = 108.84 us
MUL_MAT f32 m=64 n=24 k=64: 16 x 2.107 us = 33.72 us (92.5609 GFLOPS/s)
MUL_MAT f32 m=64 n=96 k=64: 16 x 2.102 us = 33.64 us (371.124 GFLOPS/s)
MUL_MAT_VEC q4_0_rocmfp4_fast m=10752 n=3 k=2048: 60 x 57.484 us = 3449.08 us (2297.8 GFLOPS/s)
MUL_MAT_VEC q4_0_rocmfp4_fast m=2048 n=1 k=2048 batch=3: 22 x 25.176 us = 553.88 us (999.337 GFLOPS/s)
MUL_MAT_VEC q4_0_rocmfp4_fast m=2048 n=3 k=10752: 30 x 57.957 us = 1738.72 us (2279.51 GFLOPS/s)
MUL_MAT_VEC q4_0_rocmfp4_fast m=2048 n=3 k=2048: 16 x 16.74 us = 267.84 us (1502.97 GFLOPS/s)
MUL_MAT_VEC q4_0_rocmfp4_fast m=512 n=3 k=2048: 16 x 3.167 us = 50.68 us (1985.77 GFLOPS/s)
MUL_MAT_VEC q4_0_rocmfp4_fast m=6144 n=1 k=2048 batch=3: 22 x 65.345 us = 1437.6 us (1155.08 GFLOPS/s)
MUL_MAT_VEC q6_K m=128000 n=3 k=2048: 1 x 978.6 us = 978.6 us (1606.87 GFLOPS/s)
RMS_NORM_MUL RMS_NORM(2048,3,1,1): 61 x 4.373 us = 266.8 us
RMS_NORM_MUL_ROPE RMS_NORM(64,32,3,1): 8 x 8.015 us = 64.12 us
RMS_NORM_MUL_ROPE RMS_NORM(64,8,3,1): 8 x 3.45 us = 27.6 us
SET_ROWS: 16 x 1.982 us = 31.72 us
SSM_CONV: 22 x 4.292 us = 94.44 us
Total time: 9590.88 us.
----------------
Vulkan Timings:
ADD: 60 x 2.031 us = 121.88 us
CONCAT: 22 x 2.389 us = 52.56 us
CPY: 22 x 1.67 us = 36.76 us
FLASH_ATTN_EXT dst(64,32,1,3),  q(64,1,32,3),  k(64,256,8,3),  v(64,256,8,3),  m(256,1,1,3): 8 x 14.71 us = 117.68 us (427.699 GFLOPS/s)
GET_ROWS: 24 x 2.245 us = 53.88 us
GLU: 30 x 2.501 us = 75.04 us
MUL: 44 x 2.62 us = 115.32 us
MUL_MAT f32 m=64 n=24 k=64: 16 x 2.09 us = 33.44 us (93.3359 GFLOPS/s)
MUL_MAT f32 m=64 n=96 k=64: 16 x 2.125 us = 34 us (367.194 GFLOPS/s)
MUL_MAT_VEC q4_0_rocmfp4_fast m=10752 n=3 k=2048: 60 x 56.516 us = 3390.96 us (2337.18 GFLOPS/s)
MUL_MAT_VEC q4_0_rocmfp4_fast m=2048 n=1 k=2048 batch=3: 22 x 24.147 us = 531.24 us (1041.93 GFLOPS/s)
MUL_MAT_VEC q4_0_rocmfp4_fast m=2048 n=3 k=10752: 30 x 56.46 us = 1693.8 us (2339.97 GFLOPS/s)
MUL_MAT_VEC q4_0_rocmfp4_fast m=2048 n=3 k=2048: 16 x 16.82 us = 269.12 us (1495.82 GFLOPS/s)
MUL_MAT_VEC q4_0_rocmfp4_fast m=512 n=3 k=2048: 16 x 3.235 us = 51.76 us (1944.33 GFLOPS/s)
MUL_MAT_VEC q4_0_rocmfp4_fast m=6144 n=1 k=2048 batch=3: 22 x 63.13 us = 1388.88 us (1195.6 GFLOPS/s)
MUL_MAT_VEC q6_K m=128000 n=3 k=2048: 1 x 994.28 us = 994.28 us (1581.53 GFLOPS/s)
RMS_NORM_MUL RMS_NORM(2048,3,1,1): 61 x 4.434 us = 270.48 us
RMS_NORM_MUL_ROPE RMS_NORM(64,32,3,1): 8 x 8.065 us = 64.52 us
RMS_NORM_MUL_ROPE RMS_NORM(64,8,3,1): 8 x 3.445 us = 27.56 us
SET_ROWS: 16 x 2.047 us = 32.76 us
SSM_CONV: 22 x 4.761 us = 104.76 us
Total time: 9460.68 us.
----------------
Vulkan Timings:
ADD: 60 x 1.891 us = 113.48 us
CONCAT: 22 x 2.347 us = 51.64 us
CPY: 22 x 1.623 us = 35.72 us
FLASH_ATTN_EXT dst(64,32,1,3),  q(64,1,32,3),  k(64,256,8,3),  v(64,256,8,3),  m(256,1,1,3): 8 x 14.795 us = 118.36 us (425.242 GFLOPS/s)
GET_ROWS: 24 x 2.288 us = 54.92 us
GLU: 30 x 2.538 us = 76.16 us
MUL: 44 x 2.498 us = 109.92 us
MUL_MAT f32 m=64 n=24 k=64: 16 x 2.205 us = 35.28 us (88.468 GFLOPS/s)
MUL_MAT f32 m=64 n=96 k=64: 16 x 2.145 us = 34.32 us (363.771 GFLOPS/s)
MUL_MAT_VEC q4_0_rocmfp4_fast m=10752 n=3 k=2048: 60 x 57.049 us = 3422.96 us (2315.34 GFLOPS/s)
MUL_MAT_VEC q4_0_rocmfp4_fast m=2048 n=1 k=2048 batch=3: 22 x 23.476 us = 516.48 us (1071.7 GFLOPS/s)
MUL_MAT_VEC q4_0_rocmfp4_fast m=2048 n=3 k=10752: 30 x 56.464 us = 1693.92 us (2339.8 GFLOPS/s)
MUL_MAT_VEC q4_0_rocmfp4_fast m=2048 n=3 k=2048: 16 x 16.792 us = 268.68 us (1498.27 GFLOPS/s)
MUL_MAT_VEC q4_0_rocmfp4_fast m=512 n=3 k=2048: 16 x 3.162 us = 50.6 us (1988.91 GFLOPS/s)
MUL_MAT_VEC q4_0_rocmfp4_fast m=6144 n=1 k=2048 batch=3: 22 x 63.185 us = 1390.08 us (1194.56 GFLOPS/s)
MUL_MAT_VEC q6_K m=128000 n=3 k=2048: 1 x 1038.68 us = 1038.68 us (1513.92 GFLOPS/s)
RMS_NORM_MUL RMS_NORM(2048,3,1,1): 61 x 4.394 us = 268.04 us
RMS_NORM_MUL_ROPE RMS_NORM(64,32,3,1): 8 x 7.975 us = 63.8 us
RMS_NORM_MUL_ROPE RMS_NORM(64,8,3,1): 8 x 5.25 us = 42 us
SET_ROWS: 16 x 1.997 us = 31.96 us
SSM_CONV: 22 x 3.932 us = 86.52 us
Total time: 9503.52 us.
----------------
Vulkan Timings:
ADD: 60 x 2.018 us = 121.12 us
CONCAT: 22 x 2.367 us = 52.08 us
CPY: 22 x 1.632 us = 35.92 us
FLASH_ATTN_EXT dst(64,32,1,3),  q(64,1,32,3),  k(64,256,8,3),  v(64,256,8,3),  m(256,1,1,3): 8 x 14.73 us = 117.84 us (427.119 GFLOPS/s)
GET_ROWS: 24 x 2.29 us = 54.96 us
GLU: 30 x 2.908 us = 87.24 us
MUL: 44 x 2.522 us = 111 us
MUL_MAT f32 m=64 n=24 k=64: 16 x 2.125 us = 34 us (91.7986 GFLOPS/s)
MUL_MAT f32 m=64 n=96 k=64: 16 x 2.12 us = 33.92 us (368.06 GFLOPS/s)
MUL_MAT_VEC q4_0_rocmfp4_fast m=10752 n=3 k=2048: 60 x 56.88 us = 3412.84 us (2322.2 GFLOPS/s)
MUL_MAT_VEC q4_0_rocmfp4_fast m=2048 n=1 k=2048 batch=3: 22 x 23.689 us = 521.16 us (1062.08 GFLOPS/s)
MUL_MAT_VEC q4_0_rocmfp4_fast m=2048 n=3 k=10752: 30 x 57.072 us = 1712.16 us (2314.87 GFLOPS/s)
MUL_MAT_VEC q4_0_rocmfp4_fast m=2048 n=3 k=2048: 16 x 16.89 us = 270.24 us (1489.62 GFLOPS/s)
MUL_MAT_VEC q4_0_rocmfp4_fast m=512 n=3 k=2048: 16 x 3.2 us = 51.2 us (1965.6 GFLOPS/s)
MUL_MAT_VEC q4_0_rocmfp4_fast m=6144 n=1 k=2048 batch=3: 22 x 63.905 us = 1405.92 us (1181.1 GFLOPS/s)
MUL_MAT_VEC q6_K m=128000 n=3 k=2048: 1 x 1033.72 us = 1033.72 us (1521.19 GFLOPS/s)
RMS_NORM_MUL RMS_NORM(2048,3,1,1): 61 x 4.395 us = 268.12 us
RMS_NORM_MUL_ROPE RMS_NORM(64,32,3,1): 8 x 8 us = 64 us
RMS_NORM_MUL_ROPE RMS_NORM(64,8,3,1): 8 x 3.48 us = 27.84 us
SET_ROWS: 16 x 2.06 us = 32.96 us
SSM_CONV: 22 x 4.003 us = 88.08 us
Total time: 9536.32 us.
----------------
Vulkan Timings:
ADD: 60 x 2.023 us = 121.4 us
CONCAT: 22 x 2.341 us = 51.52 us
CPY: 22 x 1.62 us = 35.64 us
FLASH_ATTN_EXT dst(64,32,1,3),  q(64,1,32,3),  k(64,256,8,3),  v(64,256,8,3),  m(256,1,1,3): 8 x 14.525 us = 116.2 us (433.147 GFLOPS/s)
GET_ROWS: 24 x 2.266 us = 54.4 us
GLU: 30 x 2.509 us = 75.28 us
MUL: 44 x 2.479 us = 109.08 us
MUL_MAT f32 m=64 n=24 k=64: 16 x 2.102 us = 33.64 us (92.781 GFLOPS/s)
MUL_MAT f32 m=64 n=96 k=64: 16 x 2.087 us = 33.4 us (373.791 GFLOPS/s)
MUL_MAT_VEC q4_0_rocmfp4_fast m=10752 n=3 k=2048: 60 x 56.253 us = 3375.2 us (2348.1 GFLOPS/s)
MUL_MAT_VEC q4_0_rocmfp4_fast m=2048 n=1 k=2048 batch=3: 22 x 23.941 us = 526.72 us (1050.87 GFLOPS/s)
MUL_MAT_VEC q4_0_rocmfp4_fast m=2048 n=3 k=10752: 30 x 57.877 us = 1736.32 us (2282.66 GFLOPS/s)
MUL_MAT_VEC q4_0_rocmfp4_fast m=2048 n=3 k=2048: 16 x 16.757 us = 268.12 us (1501.4 GFLOPS/s)
MUL_MAT_VEC q4_0_rocmfp4_fast m=512 n=3 k=2048: 16 x 3.167 us = 50.68 us (1985.77 GFLOPS/s)
MUL_MAT_VEC q4_0_rocmfp4_fast m=6144 n=1 k=2048 batch=3: 22 x 64.132 us = 1410.92 us (1176.92 GFLOPS/s)
MUL_MAT_VEC q6_K m=128000 n=3 k=2048: 1 x 1038 us = 1038 us (1514.91 GFLOPS/s)
RMS_NORM_MUL RMS_NORM(2048,3,1,1): 61 x 4.394 us = 268.04 us
RMS_NORM_MUL_ROPE RMS_NORM(64,32,3,1): 8 x 7.985 us = 63.88 us
RMS_NORM_MUL_ROPE RMS_NORM(64,8,3,1): 8 x 3.4 us = 27.2 us
SET_ROWS: 16 x 2.115 us = 33.84 us
SSM_CONV: 22 x 3.91 us = 86.04 us
Total time: 9515.52 us.
----------------
Vulkan Timings:
ADD: 60 x 1.849 us = 110.96 us
CONCAT: 22 x 2.334 us = 51.36 us
CPY: 22 x 1.61 us = 35.44 us
FLASH_ATTN_EXT dst(64,32,1,3),  q(64,1,32,3),  k(64,256,8,3),  v(64,256,8,3),  m(256,1,1,3): 8 x 14.665 us = 117.32 us (429.012 GFLOPS/s)
GET_ROWS: 24 x 2.961 us = 71.08 us
GLU: 30 x 2.509 us = 75.28 us
MUL: 44 x 2.471 us = 108.76 us
MUL_MAT f32 m=64 n=24 k=64: 16 x 2.082 us = 33.32 us (93.672 GFLOPS/s)
MUL_MAT f32 m=64 n=96 k=64: 16 x 2.087 us = 33.4 us (373.791 GFLOPS/s)
MUL_MAT_VEC q4_0_rocmfp4_fast m=10752 n=3 k=2048: 60 x 56.529 us = 3391.76 us (2336.63 GFLOPS/s)
MUL_MAT_VEC q4_0_rocmfp4_fast m=2048 n=1 k=2048 batch=3: 22 x 23.9 us = 525.8 us (1052.71 GFLOPS/s)
MUL_MAT_VEC q4_0_rocmfp4_fast m=2048 n=3 k=10752: 30 x 58.369 us = 1751.08 us (2263.42 GFLOPS/s)
MUL_MAT_VEC q4_0_rocmfp4_fast m=2048 n=3 k=2048: 16 x 16.855 us = 269.68 us (1492.71 GFLOPS/s)
MUL_MAT_VEC q4_0_rocmfp4_fast m=512 n=3 k=2048: 16 x 3.14 us = 50.24 us (2003.16 GFLOPS/s)
MUL_MAT_VEC q4_0_rocmfp4_fast m=6144 n=1 k=2048 batch=3: 22 x 64.503 us = 1419.08 us (1170.15 GFLOPS/s)
MUL_MAT_VEC q6_K m=128000 n=3 k=2048: 1 x 979.8 us = 979.8 us (1604.9 GFLOPS/s)
RMS_NORM_MUL RMS_NORM(2048,3,1,1): 61 x 4.359 us = 265.92 us
RMS_NORM_MUL_ROPE RMS_NORM(64,32,3,1): 8 x 7.98 us = 63.84 us
RMS_NORM_MUL_ROPE RMS_NORM(64,8,3,1): 8 x 3.425 us = 27.4 us
SET_ROWS: 16 x 2.022 us = 32.36 us
SSM_CONV: 22 x 3.921 us = 86.28 us
Total time: 9500.16 us.
----------------
Vulkan Timings:
ADD: 60 x 1.912 us = 114.72 us
CONCAT: 22 x 2.31 us = 50.84 us
CPY: 22 x 1.589 us = 34.96 us
FLASH_ATTN_EXT dst(64,32,1,3),  q(64,1,32,3),  k(64,256,8,3),  v(64,256,8,3),  m(256,1,1,3): 8 x 15.63 us = 125.04 us (402.524 GFLOPS/s)
GET_ROWS: 24 x 2.276 us = 54.64 us
GLU: 30 x 2.665 us = 79.96 us
MUL: 44 x 2.446 us = 107.64 us
MUL_MAT f32 m=64 n=24 k=64: 16 x 2.182 us = 34.92 us (89.3801 GFLOPS/s)
MUL_MAT f32 m=64 n=96 k=64: 16 x 2.04 us = 32.64 us (382.494 GFLOPS/s)
MUL_MAT_VEC q4_0_rocmfp4_fast m=10752 n=3 k=2048: 60 x 56.588 us = 3395.28 us (2334.21 GFLOPS/s)
MUL_MAT_VEC q4_0_rocmfp4_fast m=2048 n=1 k=2048 batch=3: 22 x 23.352 us = 513.76 us (1077.38 GFLOPS/s)
MUL_MAT_VEC q4_0_rocmfp4_fast m=2048 n=3 k=10752: 30 x 56.94 us = 1708.2 us (2320.24 GFLOPS/s)
MUL_MAT_VEC q4_0_rocmfp4_fast m=2048 n=3 k=2048: 16 x 16.947 us = 271.16 us (1484.57 GFLOPS/s)
MUL_MAT_VEC q4_0_rocmfp4_fast m=512 n=3 k=2048: 16 x 3.21 us = 51.36 us (1959.48 GFLOPS/s)
MUL_MAT_VEC q4_0_rocmfp4_fast m=6144 n=1 k=2048 batch=3: 22 x 63.096 us = 1388.12 us (1196.25 GFLOPS/s)
MUL_MAT_VEC q6_K m=128000 n=3 k=2048: 1 x 993.76 us = 993.76 us (1582.35 GFLOPS/s)
RMS_NORM_MUL RMS_NORM(2048,3,1,1): 61 x 4.788 us = 292.08 us
RMS_NORM_MUL_ROPE RMS_NORM(64,32,3,1): 8 x 8.15 us = 65.2 us
RMS_NORM_MUL_ROPE RMS_NORM(64,8,3,1): 8 x 5.14 us = 41.12 us
SET_ROWS: 16 x 2.135 us = 34.16 us
SSM_CONV: 22 x 3.889 us = 85.56 us
Total time: 9475.12 us.
----------------
Vulkan Timings:
ADD: 60 x 1.878 us = 112.68 us
CONCAT: 22 x 2.38 us = 52.36 us
CPY: 22 x 1.625 us = 35.76 us
FLASH_ATTN_EXT dst(64,32,1,3),  q(64,1,32,3),  k(64,256,8,3),  v(64,256,8,3),  m(256,1,1,3): 8 x 14.64 us = 117.12 us (429.744 GFLOPS/s)
GET_ROWS: 24 x 2.291 us = 55 us
GLU: 30 x 2.522 us = 75.68 us
MUL: 44 x 2.477 us = 109 us
MUL_MAT f32 m=64 n=24 k=64: 16 x 2.095 us = 33.52 us (93.1131 GFLOPS/s)
MUL_MAT f32 m=64 n=96 k=64: 16 x 2.125 us = 34 us (367.194 GFLOPS/s)
MUL_MAT_VEC q4_0_rocmfp4_fast m=10752 n=3 k=2048: 60 x 56.366 us = 3381.96 us (2343.4 GFLOPS/s)
MUL_MAT_VEC q4_0_rocmfp4_fast m=2048 n=1 k=2048 batch=3: 22 x 23.941 us = 526.72 us (1050.87 GFLOPS/s)
MUL_MAT_VEC q4_0_rocmfp4_fast m=2048 n=3 k=10752: 30 x 56.425 us = 1692.76 us (2341.4 GFLOPS/s)
MUL_MAT_VEC q4_0_rocmfp4_fast m=2048 n=3 k=2048: 16 x 16.722 us = 267.56 us (1504.54 GFLOPS/s)
MUL_MAT_VEC q4_0_rocmfp4_fast m=512 n=3 k=2048: 16 x 3.142 us = 50.28 us (2001.57 GFLOPS/s)
MUL_MAT_VEC q4_0_rocmfp4_fast m=6144 n=1 k=2048 batch=3: 22 x 63.156 us = 1389.44 us (1195.11 GFLOPS/s)
MUL_MAT_VEC q6_K m=128000 n=3 k=2048: 1 x 971 us = 971 us (1619.44 GFLOPS/s)
RMS_NORM_MUL RMS_NORM(2048,3,1,1): 61 x 4.556 us = 277.92 us
RMS_NORM_MUL_ROPE RMS_NORM(64,32,3,1): 8 x 7.93 us = 63.44 us
RMS_NORM_MUL_ROPE RMS_NORM(64,8,3,1): 8 x 6.615 us = 52.92 us
SET_ROWS: 16 x 1.992 us = 31.88 us
SSM_CONV: 22 x 4.005 us = 88.12 us
Total time: 9419.12 us.
----------------
Vulkan Timings:
ADD: 60 x 1.952 us = 117.12 us
CONCAT: 22 x 2.369 us = 52.12 us
CPY: 22 x 1.632 us = 35.92 us
FLASH_ATTN_EXT dst(64,32,1,3),  q(64,1,32,3),  k(64,256,8,3),  v(64,256,8,3),  m(256,1,1,3): 8 x 14.675 us = 117.4 us (428.719 GFLOPS/s)
GET_ROWS: 24 x 2.285 us = 54.84 us
GLU: 30 x 2.656 us = 79.68 us
MUL: 44 x 2.494 us = 109.76 us
MUL_MAT f32 m=64 n=24 k=64: 16 x 2.105 us = 33.68 us (92.6708 GFLOPS/s)
MUL_MAT f32 m=64 n=96 k=64: 16 x 2.122 us = 33.96 us (367.627 GFLOPS/s)
MUL_MAT_VEC q4_0_rocmfp4_fast m=10752 n=3 k=2048: 60 x 57.128 us = 3427.68 us (2312.15 GFLOPS/s)
MUL_MAT_VEC q4_0_rocmfp4_fast m=2048 n=1 k=2048 batch=3: 22 x 24.447 us = 537.84 us (1029.14 GFLOPS/s)
MUL_MAT_VEC q4_0_rocmfp4_fast m=2048 n=3 k=10752: 30 x 57.298 us = 1718.96 us (2305.72 GFLOPS/s)
MUL_MAT_VEC q4_0_rocmfp4_fast m=2048 n=3 k=2048: 16 x 16.802 us = 268.84 us (1497.38 GFLOPS/s)
MUL_MAT_VEC q4_0_rocmfp4_fast m=512 n=3 k=2048: 16 x 3.15 us = 50.4 us (1996.8 GFLOPS/s)
MUL_MAT_VEC q4_0_rocmfp4_fast m=6144 n=1 k=2048 batch=3: 22 x 64.025 us = 1408.56 us (1178.89 GFLOPS/s)
MUL_MAT_VEC q6_K m=128000 n=3 k=2048: 1 x 986.48 us = 986.48 us (1594.03 GFLOPS/s)
RMS_NORM_MUL RMS_NORM(2048,3,1,1): 61 x 4.738 us = 289.04 us
RMS_NORM_MUL_ROPE RMS_NORM(64,32,3,1): 8 x 8.02 us = 64.16 us
RMS_NORM_MUL_ROPE RMS_NORM(64,8,3,1): 8 x 3.485 us = 27.88 us
SET_ROWS: 16 x 2.222 us = 35.56 us
SSM_CONV: 22 x 3.925 us = 86.36 us
Total time: 9536.24 us.
----------------
Vulkan Timings:
ADD: 60 x 1.87 us = 112.24 us
CONCAT: 22 x 2.35 us = 51.72 us
CPY: 22 x 1.616 us = 35.56 us
FLASH_ATTN_EXT dst(64,32,1,3),  q(64,1,32,3),  k(64,256,8,3),  v(64,256,8,3),  m(256,1,1,3): 8 x 14.84 us = 118.72 us (423.953 GFLOPS/s)
GET_ROWS: 24 x 2.27 us = 54.48 us
GLU: 30 x 2.526 us = 75.8 us
MUL: 44 x 2.473 us = 108.84 us
MUL_MAT f32 m=64 n=24 k=64: 16 x 2.097 us = 33.56 us (93.0021 GFLOPS/s)
MUL_MAT f32 m=64 n=96 k=64: 16 x 2.105 us = 33.68 us (370.683 GFLOPS/s)
MUL_MAT_VEC q4_0_rocmfp4_fast m=10752 n=3 k=2048: 60 x 56.956 us = 3417.36 us (2319.13 GFLOPS/s)
MUL_MAT_VEC q4_0_rocmfp4_fast m=2048 n=1 k=2048 batch=3: 22 x 24.75 us = 544.52 us (1016.52 GFLOPS/s)
MUL_MAT_VEC q4_0_rocmfp4_fast m=2048 n=3 k=10752: 30 x 58.194 us = 1745.84 us (2270.22 GFLOPS/s)
MUL_MAT_VEC q4_0_rocmfp4_fast m=2048 n=3 k=2048: 16 x 16.692 us = 267.08 us (1507.24 GFLOPS/s)
MUL_MAT_VEC q4_0_rocmfp4_fast m=512 n=3 k=2048: 16 x 3.14 us = 50.24 us (2003.16 GFLOPS/s)
MUL_MAT_VEC q4_0_rocmfp4_fast m=6144 n=1 k=2048 batch=3: 22 x 64.134 us = 1410.96 us (1176.89 GFLOPS/s)
MUL_MAT_VEC q6_K m=128000 n=3 k=2048: 1 x 979.8 us = 979.8 us (1604.9 GFLOPS/s)
RMS_NORM_MUL RMS_NORM(2048,3,1,1): 61 x 4.367 us = 266.44 us
RMS_NORM_MUL_ROPE RMS_NORM(64,32,3,1): 8 x 7.965 us = 63.72 us
RMS_NORM_MUL_ROPE RMS_NORM(64,8,3,1): 8 x 3.435 us = 27.48 us
SET_ROWS: 16 x 2.037 us = 32.6 us
SSM_CONV: 22 x 3.92 us = 86.24 us
Total time: 9516.88 us.
----------------
Vulkan Timings:
ADD: 60 x 2.018 us = 121.08 us
CONCAT: 22 x 2.363 us = 52 us
CPY: 22 x 1.632 us = 35.92 us
FLASH_ATTN_EXT dst(64,32,1,3),  q(64,1,32,3),  k(64,256,8,3),  v(64,256,8,3),  m(256,1,1,3): 8 x 15.05 us = 120.4 us (418.037 GFLOPS/s)
GET_ROWS: 24 x 2.356 us = 56.56 us
GLU: 30 x 2.642 us = 79.28 us
MUL: 44 x 2.506 us = 110.28 us
MUL_MAT f32 m=64 n=24 k=64: 16 x 2.1 us = 33.6 us (92.8914 GFLOPS/s)
MUL_MAT f32 m=64 n=96 k=64: 16 x 2.12 us = 33.92 us (368.06 GFLOPS/s)
MUL_MAT_VEC q4_0_rocmfp4_fast m=10752 n=3 k=2048: 60 x 57.484 us = 3449.08 us (2297.8 GFLOPS/s)
MUL_MAT_VEC q4_0_rocmfp4_fast m=2048 n=1 k=2048 batch=3: 22 x 24.463 us = 538.2 us (1028.45 GFLOPS/s)
MUL_MAT_VEC q4_0_rocmfp4_fast m=2048 n=3 k=10752: 30 x 56.386 us = 1691.6 us (2343.01 GFLOPS/s)
MUL_MAT_VEC q4_0_rocmfp4_fast m=2048 n=3 k=2048: 16 x 17.417 us = 278.68 us (1444.51 GFLOPS/s)
MUL_MAT_VEC q4_0_rocmfp4_fast m=512 n=3 k=2048: 16 x 3.14 us = 50.24 us (2003.16 GFLOPS/s)
MUL_MAT_VEC q4_0_rocmfp4_fast m=6144 n=1 k=2048 batch=3: 22 x 63.621 us = 1399.68 us (1186.37 GFLOPS/s)
MUL_MAT_VEC q6_K m=128000 n=3 k=2048: 1 x 1001.96 us = 1001.96 us (1569.4 GFLOPS/s)
RMS_NORM_MUL RMS_NORM(2048,3,1,1): 61 x 4.6 us = 280.64 us
RMS_NORM_MUL_ROPE RMS_NORM(64,32,3,1): 8 x 8.085 us = 64.68 us
RMS_NORM_MUL_ROPE RMS_NORM(64,8,3,1): 8 x 3.53 us = 28.24 us
SET_ROWS: 16 x 2.122 us = 33.96 us
SSM_CONV: 22 x 3.936 us = 86.6 us
Total time: 9546.6 us.
----------------
Vulkan Timings:
ADD: 60 x 1.922 us = 115.36 us
CONCAT: 22 x 2.376 us = 52.28 us
CPY: 22 x 1.636 us = 36 us
FLASH_ATTN_EXT dst(64,32,1,3),  q(64,1,32,3),  k(64,256,8,3),  v(64,256,8,3),  m(256,1,1,3): 8 x 14.885 us = 119.08 us (422.671 GFLOPS/s)
GET_ROWS: 24 x 2.286 us = 54.88 us
GLU: 30 x 2.533 us = 76 us
MUL: 44 x 2.513 us = 110.6 us
MUL_MAT f32 m=64 n=24 k=64: 16 x 2.127 us = 34.04 us (91.6907 GFLOPS/s)
MUL_MAT f32 m=64 n=96 k=64: 16 x 2.137 us = 34.2 us (365.047 GFLOPS/s)
MUL_MAT_VEC q4_0_rocmfp4_fast m=10752 n=3 k=2048: 60 x 56.978 us = 3418.68 us (2318.23 GFLOPS/s)
MUL_MAT_VEC q4_0_rocmfp4_fast m=2048 n=1 k=2048 batch=3: 22 x 23.816 us = 523.96 us (1056.4 GFLOPS/s)
MUL_MAT_VEC q4_0_rocmfp4_fast m=2048 n=3 k=10752: 30 x 56.392 us = 1691.76 us (2342.79 GFLOPS/s)
MUL_MAT_VEC q4_0_rocmfp4_fast m=2048 n=3 k=2048: 16 x 16.86 us = 269.76 us (1492.27 GFLOPS/s)
MUL_MAT_VEC q4_0_rocmfp4_fast m=512 n=3 k=2048: 16 x 3.175 us = 50.8 us (1981.08 GFLOPS/s)
MUL_MAT_VEC q4_0_rocmfp4_fast m=6144 n=1 k=2048 batch=3: 22 x 63.223 us = 1390.92 us (1193.84 GFLOPS/s)
MUL_MAT_VEC q6_K m=128000 n=3 k=2048: 1 x 976.68 us = 976.68 us (1610.03 GFLOPS/s)
RMS_NORM_MUL RMS_NORM(2048,3,1,1): 61 x 4.352 us = 265.52 us
RMS_NORM_MUL_ROPE RMS_NORM(64,32,3,1): 8 x 7.975 us = 63.8 us
RMS_NORM_MUL_ROPE RMS_NORM(64,8,3,1): 8 x 3.455 us = 27.64 us
SET_ROWS: 16 x 2.035 us = 32.56 us
SSM_CONV: 22 x 4.014 us = 88.32 us
Total time: 9432.84 us.
----------------
Vulkan Timings:
ADD: 60 x 1.865 us = 111.92 us
CONCAT: 22 x 2.343 us = 51.56 us
CPY: 22 x 1.612 us = 35.48 us
FLASH_ATTN_EXT dst(64,32,1,3),  q(64,1,32,3),  k(64,256,8,3),  v(64,256,8,3),  m(256,1,1,3): 8 x 14.92 us = 119.36 us (421.679 GFLOPS/s)
GET_ROWS: 24 x 2.286 us = 54.88 us
GLU: 30 x 3.109 us = 93.28 us
MUL: 44 x 2.477 us = 109 us
MUL_MAT f32 m=64 n=24 k=64: 16 x 2.11 us = 33.76 us (92.4512 GFLOPS/s)
MUL_MAT f32 m=64 n=96 k=64: 16 x 2.117 us = 33.88 us (368.495 GFLOPS/s)
MUL_MAT_VEC q4_0_rocmfp4_fast m=10752 n=3 k=2048: 60 x 57.113 us = 3426.8 us (2312.74 GFLOPS/s)
MUL_MAT_VEC q4_0_rocmfp4_fast m=2048 n=1 k=2048 batch=3: 22 x 23.441 us = 515.72 us (1073.28 GFLOPS/s)
MUL_MAT_VEC q4_0_rocmfp4_fast m=2048 n=3 k=10752: 30 x 56.473 us = 1694.2 us (2339.41 GFLOPS/s)
MUL_MAT_VEC q4_0_rocmfp4_fast m=2048 n=3 k=2048: 16 x 16.762 us = 268.2 us (1500.95 GFLOPS/s)
MUL_MAT_VEC q4_0_rocmfp4_fast m=512 n=3 k=2048: 16 x 3.162 us = 50.6 us (1988.91 GFLOPS/s)
MUL_MAT_VEC q4_0_rocmfp4_fast m=6144 n=1 k=2048 batch=3: 22 x 63.181 us = 1390 us (1194.63 GFLOPS/s)
MUL_MAT_VEC q6_K m=128000 n=3 k=2048: 1 x 971.36 us = 971.36 us (1618.84 GFLOPS/s)
RMS_NORM_MUL RMS_NORM(2048,3,1,1): 61 x 4.388 us = 267.68 us
RMS_NORM_MUL_ROPE RMS_NORM(64,32,3,1): 8 x 7.965 us = 63.72 us
RMS_NORM_MUL_ROPE RMS_NORM(64,8,3,1): 8 x 3.485 us = 27.88 us
SET_ROWS: 16 x 1.992 us = 31.88 us
SSM_CONV: 22 x 3.927 us = 86.4 us
Total time: 9437.56 us.
----------------
Vulkan Timings:
ADD: 60 x 1.822 us = 109.32 us
CONCAT: 22 x 2.298 us = 50.56 us
CPY: 22 x 1.581 us = 34.8 us
FLASH_ATTN_EXT dst(64,32,1,3),  q(64,1,32,3),  k(64,256,8,3),  v(64,256,8,3),  m(256,1,1,3): 8 x 14.745 us = 117.96 us (426.684 GFLOPS/s)
GET_ROWS: 24 x 2.24 us = 53.76 us
GLU: 30 x 2.864 us = 85.92 us
MUL: 44 x 2.444 us = 107.56 us
MUL_MAT f32 m=64 n=24 k=64: 16 x 2.067 us = 33.08 us (94.3516 GFLOPS/s)
MUL_MAT f32 m=64 n=96 k=64: 16 x 2.06 us = 32.96 us (378.781 GFLOPS/s)
MUL_MAT_VEC q4_0_rocmfp4_fast m=10752 n=3 k=2048: 60 x 57.051 us = 3423.08 us (2315.25 GFLOPS/s)
MUL_MAT_VEC q4_0_rocmfp4_fast m=2048 n=1 k=2048 batch=3: 22 x 23.363 us = 514 us (1076.87 GFLOPS/s)
MUL_MAT_VEC q4_0_rocmfp4_fast m=2048 n=3 k=10752: 30 x 56.472 us = 1694.16 us (2339.47 GFLOPS/s)
MUL_MAT_VEC q4_0_rocmfp4_fast m=2048 n=3 k=2048: 16 x 16.74 us = 267.84 us (1502.97 GFLOPS/s)
MUL_MAT_VEC q4_0_rocmfp4_fast m=512 n=3 k=2048: 16 x 3.145 us = 50.32 us (1999.97 GFLOPS/s)
MUL_MAT_VEC q4_0_rocmfp4_fast m=6144 n=1 k=2048 batch=3: 22 x 63.069 us = 1387.52 us (1196.77 GFLOPS/s)
MUL_MAT_VEC q6_K m=128000 n=3 k=2048: 1 x 985.4 us = 985.4 us (1595.78 GFLOPS/s)
RMS_NORM_MUL RMS_NORM(2048,3,1,1): 61 x 4.366 us = 266.36 us
RMS_NORM_MUL_ROPE RMS_NORM(64,32,3,1): 8 x 7.975 us = 63.8 us
RMS_NORM_MUL_ROPE RMS_NORM(64,8,3,1): 8 x 3.39 us = 27.12 us
SET_ROWS: 16 x 2.007 us = 32.12 us
SSM_CONV: 22 x 3.878 us = 85.32 us
Total time: 9422.96 us.
----------------
Vulkan Timings:
ADD: 60 x 1.87 us = 112.2 us
CONCAT: 22 x 2.343 us = 51.56 us
CPY: 22 x 1.61 us = 35.44 us
FLASH_ATTN_EXT dst(64,32,1,3),  q(64,1,32,3),  k(64,256,8,3),  v(64,256,8,3),  m(256,1,1,3): 8 x 14.715 us = 117.72 us (427.554 GFLOPS/s)
GET_ROWS: 24 x 2.285 us = 54.84 us
GLU: 30 x 2.521 us = 75.64 us
MUL: 44 x 2.48 us = 109.16 us
MUL_MAT f32 m=64 n=24 k=64: 16 x 2.095 us = 33.52 us (93.1131 GFLOPS/s)
MUL_MAT f32 m=64 n=96 k=64: 16 x 2.13 us = 34.08 us (366.332 GFLOPS/s)
MUL_MAT_VEC q4_0_rocmfp4_fast m=10752 n=3 k=2048: 60 x 56.042 us = 3362.56 us (2356.92 GFLOPS/s)
MUL_MAT_VEC q4_0_rocmfp4_fast m=2048 n=1 k=2048 batch=3: 22 x 23.383 us = 514.44 us (1075.95 GFLOPS/s)
MUL_MAT_VEC q4_0_rocmfp4_fast m=2048 n=3 k=10752: 30 x 56.168 us = 1685.04 us (2352.13 GFLOPS/s)
MUL_MAT_VEC q4_0_rocmfp4_fast m=2048 n=3 k=2048: 16 x 16.742 us = 267.88 us (1502.74 GFLOPS/s)
MUL_MAT_VEC q4_0_rocmfp4_fast m=512 n=3 k=2048: 16 x 3.177 us = 50.84 us (1979.52 GFLOPS/s)
MUL_MAT_VEC q4_0_rocmfp4_fast m=6144 n=1 k=2048 batch=3: 22 x 63.058 us = 1387.28 us (1196.97 GFLOPS/s)
MUL_MAT_VEC q6_K m=128000 n=3 k=2048: 1 x 979.08 us = 979.08 us (1606.08 GFLOPS/s)
RMS_NORM_MUL RMS_NORM(2048,3,1,1): 61 x 4.35 us = 265.4 us
RMS_NORM_MUL_ROPE RMS_NORM(64,32,3,1): 8 x 7.945 us = 63.56 us
RMS_NORM_MUL_ROPE RMS_NORM(64,8,3,1): 8 x 3.445 us = 27.56 us
SET_ROWS: 16 x 2.062 us = 33 us
SSM_CONV: 22 x 3.929 us = 86.44 us
Total time: 9347.24 us.
----------------
Vulkan Timings:
ADD: 60 x 1.916 us = 115 us
CONCAT: 22 x 2.581 us = 56.8 us
CPY: 22 x 1.605 us = 35.32 us
FLASH_ATTN_EXT dst(64,32,1,3),  q(64,1,32,3),  k(64,256,8,3),  v(64,256,8,3),  m(256,1,1,3): 8 x 14.61 us = 116.88 us (430.627 GFLOPS/s)
GET_ROWS: 24 x 2.281 us = 54.76 us
GLU: 30 x 3.229 us = 96.88 us
MUL: 44 x 2.549 us = 112.16 us
MUL_MAT f32 m=64 n=24 k=64: 16 x 2.13 us = 34.08 us (91.5831 GFLOPS/s)
MUL_MAT f32 m=64 n=96 k=64: 16 x 2.135 us = 34.16 us (365.474 GFLOPS/s)
MUL_MAT_VEC q4_0_rocmfp4_fast m=10752 n=3 k=2048: 60 x 56.727 us = 3403.64 us (2328.48 GFLOPS/s)
MUL_MAT_VEC q4_0_rocmfp4_fast m=2048 n=1 k=2048 batch=3: 22 x 23.718 us = 521.8 us (1060.78 GFLOPS/s)
MUL_MAT_VEC q4_0_rocmfp4_fast m=2048 n=3 k=10752: 30 x 56.489 us = 1694.68 us (2338.75 GFLOPS/s)
MUL_MAT_VEC q4_0_rocmfp4_fast m=2048 n=3 k=2048: 16 x 16.88 us = 270.08 us (1490.5 GFLOPS/s)
MUL_MAT_VEC q4_0_rocmfp4_fast m=512 n=3 k=2048: 16 x 3.127 us = 50.04 us (2011.17 GFLOPS/s)
MUL_MAT_VEC q4_0_rocmfp4_fast m=6144 n=1 k=2048 batch=3: 22 x 63.401 us = 1394.84 us (1190.49 GFLOPS/s)
MUL_MAT_VEC q6_K m=128000 n=3 k=2048: 1 x 984.36 us = 984.36 us (1597.46 GFLOPS/s)
RMS_NORM_MUL RMS_NORM(2048,3,1,1): 61 x 4.529 us = 276.28 us
RMS_NORM_MUL_ROPE RMS_NORM(64,32,3,1): 8 x 8.025 us = 64.2 us
RMS_NORM_MUL_ROPE RMS_NORM(64,8,3,1): 8 x 3.455 us = 27.64 us
SET_ROWS: 16 x 2.237 us = 35.8 us
SSM_CONV: 22 x 4.441 us = 97.72 us
Total time: 9477.12 us.
----------------
Vulkan Timings:
ADD: 60 x 2.056 us = 123.4 us
CONCAT: 22 x 2.327 us = 51.2 us
CPY: 22 x 1.59 us = 35 us
FLASH_ATTN_EXT dst(64,32,1,3),  q(64,1,32,3),  k(64,256,8,3),  v(64,256,8,3),  m(256,1,1,3): 8 x 16.63 us = 133.04 us (378.32 GFLOPS/s)
GET_ROWS: 24 x 2.245 us = 53.88 us
GLU: 30 x 2.517 us = 75.52 us
MUL: 44 x 2.458 us = 108.16 us
MUL_MAT f32 m=64 n=24 k=64: 16 x 2.067 us = 33.08 us (94.3516 GFLOPS/s)
MUL_MAT f32 m=64 n=96 k=64: 16 x 2.13 us = 34.08 us (366.332 GFLOPS/s)
MUL_MAT_VEC q4_0_rocmfp4_fast m=10752 n=3 k=2048: 60 x 56.44 us = 3386.44 us (2340.3 GFLOPS/s)
MUL_MAT_VEC q4_0_rocmfp4_fast m=2048 n=1 k=2048 batch=3: 22 x 23.405 us = 514.92 us (1074.95 GFLOPS/s)
MUL_MAT_VEC q4_0_rocmfp4_fast m=2048 n=3 k=10752: 30 x 57.337 us = 1720.12 us (2304.16 GFLOPS/s)
MUL_MAT_VEC q4_0_rocmfp4_fast m=2048 n=3 k=2048: 16 x 16.692 us = 267.08 us (1507.24 GFLOPS/s)
MUL_MAT_VEC q4_0_rocmfp4_fast m=512 n=3 k=2048: 16 x 4.115 us = 65.84 us (1528.53 GFLOPS/s)
MUL_MAT_VEC q4_0_rocmfp4_fast m=6144 n=1 k=2048 batch=3: 22 x 63.154 us = 1389.4 us (1195.15 GFLOPS/s)
MUL_MAT_VEC q6_K m=128000 n=3 k=2048: 1 x 1034.08 us = 1034.08 us (1520.66 GFLOPS/s)
RMS_NORM_MUL RMS_NORM(2048,3,1,1): 61 x 4.384 us = 267.44 us
RMS_NORM_MUL_ROPE RMS_NORM(64,32,3,1): 8 x 10.11 us = 80.88 us
RMS_NORM_MUL_ROPE RMS_NORM(64,8,3,1): 8 x 3.42 us = 27.36 us
SET_ROWS: 16 x 2.06 us = 32.96 us
SSM_CONV: 22 x 3.9 us = 85.8 us
Total time: 9519.68 us.
----------------
Vulkan Timings:
ADD: 60 x 1.979 us = 118.76 us
CONCAT: 22 x 2.29 us = 50.4 us
CPY: 22 x 1.565 us = 34.44 us
FLASH_ATTN_EXT dst(64,32,1,3),  q(64,1,32,3),  k(64,256,8,3),  v(64,256,8,3),  m(256,1,1,3): 8 x 14.79 us = 118.32 us (425.386 GFLOPS/s)
GET_ROWS: 24 x 2.213 us = 53.12 us
GLU: 30 x 2.469 us = 74.08 us
MUL: 44 x 2.433 us = 107.08 us
MUL_MAT f32 m=64 n=24 k=64: 16 x 2.057 us = 32.92 us (94.8102 GFLOPS/s)
MUL_MAT f32 m=64 n=96 k=64: 16 x 2.077 us = 33.24 us (375.59 GFLOPS/s)
MUL_MAT_VEC q4_0_rocmfp4_fast m=10752 n=3 k=2048: 60 x 56.292 us = 3377.52 us (2346.48 GFLOPS/s)
MUL_MAT_VEC q4_0_rocmfp4_fast m=2048 n=1 k=2048 batch=3: 22 x 23.356 us = 513.84 us (1077.21 GFLOPS/s)
MUL_MAT_VEC q4_0_rocmfp4_fast m=2048 n=3 k=10752: 30 x 56.634 us = 1699.04 us (2332.75 GFLOPS/s)
MUL_MAT_VEC q4_0_rocmfp4_fast m=2048 n=3 k=2048: 16 x 16.712 us = 267.4 us (1505.44 GFLOPS/s)
MUL_MAT_VEC q4_0_rocmfp4_fast m=512 n=3 k=2048: 16 x 3.165 us = 50.64 us (1987.34 GFLOPS/s)
MUL_MAT_VEC q4_0_rocmfp4_fast m=6144 n=1 k=2048 batch=3: 22 x 63.076 us = 1387.68 us (1196.63 GFLOPS/s)
MUL_MAT_VEC q6_K m=128000 n=3 k=2048: 1 x 1015.48 us = 1015.48 us (1548.51 GFLOPS/s)
RMS_NORM_MUL RMS_NORM(2048,3,1,1): 61 x 4.397 us = 268.24 us
RMS_NORM_MUL_ROPE RMS_NORM(64,32,3,1): 8 x 7.87 us = 62.96 us
RMS_NORM_MUL_ROPE RMS_NORM(64,8,3,1): 8 x 3.395 us = 27.16 us
SET_ROWS: 16 x 2.042 us = 32.68 us
SSM_CONV: 22 x 3.881 us = 85.4 us
Total time: 9410.4 us.
----------------
Vulkan Timings:
ADD: 60 x 1.819 us = 109.16 us
CONCAT: 22 x 2.298 us = 50.56 us
CPY: 22 x 1.627 us = 35.8 us
FLASH_ATTN_EXT dst(64,32,1,3),  q(64,1,32,3),  k(64,256,8,3),  v(64,256,8,3),  m(256,1,1,3): 8 x 14.58 us = 116.64 us (431.513 GFLOPS/s)
GET_ROWS: 24 x 2.243 us = 53.84 us
GLU: 30 x 2.48 us = 74.4 us
MUL: 44 x 2.442 us = 107.48 us
MUL_MAT f32 m=64 n=24 k=64: 16 x 2.082 us = 33.32 us (93.672 GFLOPS/s)
MUL_MAT f32 m=64 n=96 k=64: 16 x 2.067 us = 33.08 us (377.407 GFLOPS/s)
MUL_MAT_VEC q4_0_rocmfp4_fast m=10752 n=3 k=2048: 60 x 55.976 us = 3358.6 us (2359.7 GFLOPS/s)
MUL_MAT_VEC q4_0_rocmfp4_fast m=2048 n=1 k=2048 batch=3: 22 x 23.37 us = 514.16 us (1076.54 GFLOPS/s)
MUL_MAT_VEC q4_0_rocmfp4_fast m=2048 n=3 k=10752: 30 x 56.209 us = 1686.28 us (2350.4 GFLOPS/s)
MUL_MAT_VEC q4_0_rocmfp4_fast m=2048 n=3 k=2048: 16 x 16.757 us = 268.12 us (1501.4 GFLOPS/s)
MUL_MAT_VEC q4_0_rocmfp4_fast m=512 n=3 k=2048: 16 x 3.177 us = 50.84 us (1979.52 GFLOPS/s)
MUL_MAT_VEC q4_0_rocmfp4_fast m=6144 n=1 k=2048 batch=3: 22 x 63.052 us = 1387.16 us (1197.08 GFLOPS/s)
MUL_MAT_VEC q6_K m=128000 n=3 k=2048: 1 x 980 us = 980 us (1604.57 GFLOPS/s)
RMS_NORM_MUL RMS_NORM(2048,3,1,1): 61 x 4.39 us = 267.84 us
RMS_NORM_MUL_ROPE RMS_NORM(64,32,3,1): 8 x 7.895 us = 63.16 us
RMS_NORM_MUL_ROPE RMS_NORM(64,8,3,1): 8 x 3.41 us = 27.28 us
SET_ROWS: 16 x 2.05 us = 32.8 us
SSM_CONV: 22 x 3.812 us = 83.88 us
Total time: 9334.4 us.
----------------
Vulkan Timings:
ADD: 60 x 1.832 us = 109.96 us
CONCAT: 22 x 2.31 us = 50.84 us
CPY: 22 x 1.552 us = 34.16 us
FLASH_ATTN_EXT dst(64,32,1,3),  q(64,1,32,3),  k(64,256,8,3),  v(64,256,8,3),  m(256,1,1,3): 8 x 15.36 us = 122.88 us (409.6 GFLOPS/s)
GET_ROWS: 24 x 2.22 us = 53.28 us
GLU: 30 x 3.332 us = 99.96 us
MUL: 44 x 2.441 us = 107.44 us
MUL_MAT f32 m=64 n=24 k=64: 16 x 2.115 us = 33.84 us (92.2326 GFLOPS/s)
MUL_MAT f32 m=64 n=96 k=64: 16 x 2.167 us = 34.68 us (359.994 GFLOPS/s)
MUL_MAT_VEC q4_0_rocmfp4_fast m=10752 n=3 k=2048: 60 x 56.447 us = 3386.84 us (2340.03 GFLOPS/s)
MUL_MAT_VEC q4_0_rocmfp4_fast m=2048 n=1 k=2048 batch=3: 22 x 23.836 us = 524.4 us (1055.52 GFLOPS/s)
MUL_MAT_VEC q4_0_rocmfp4_fast m=2048 n=3 k=10752: 30 x 56.314 us = 1689.44 us (2346 GFLOPS/s)
MUL_MAT_VEC q4_0_rocmfp4_fast m=2048 n=3 k=2048: 16 x 16.727 us = 267.64 us (1504.09 GFLOPS/s)
MUL_MAT_VEC q4_0_rocmfp4_fast m=512 n=3 k=2048: 16 x 3.16 us = 50.56 us (1990.48 GFLOPS/s)
MUL_MAT_VEC q4_0_rocmfp4_fast m=6144 n=1 k=2048 batch=3: 22 x 63.494 us = 1396.88 us (1188.75 GFLOPS/s)
MUL_MAT_VEC q6_K m=128000 n=3 k=2048: 1 x 979.32 us = 979.32 us (1605.69 GFLOPS/s)
RMS_NORM_MUL RMS_NORM(2048,3,1,1): 61 x 4.656 us = 284.04 us
RMS_NORM_MUL_ROPE RMS_NORM(64,32,3,1): 8 x 7.975 us = 63.8 us
RMS_NORM_MUL_ROPE RMS_NORM(64,8,3,1): 8 x 3.38 us = 27.04 us
SET_ROWS: 16 x 1.982 us = 31.72 us
SSM_CONV: 22 x 4.418 us = 97.2 us
Total time: 9445.92 us.
----------------
Vulkan Timings:
ADD: 60 x 1.934 us = 116.04 us
CONCAT: 22 x 2.289 us = 50.36 us
CPY: 22 x 1.663 us = 36.6 us
FLASH_ATTN_EXT dst(64,32,1,3),  q(64,1,32,3),  k(64,256,8,3),  v(64,256,8,3),  m(256,1,1,3): 8 x 14.845 us = 118.76 us (423.81 GFLOPS/s)
GET_ROWS: 24 x 2.31 us = 55.44 us
GLU: 30 x 3.252 us = 97.56 us
MUL: 44 x 2.52 us = 110.88 us
MUL_MAT f32 m=64 n=24 k=64: 16 x 175.99 us = 2815.84 us (1.10843 GFLOPS/s)
MUL_MAT f32 m=64 n=96 k=64: 16 x 2.062 us = 33 us (378.321 GFLOPS/s)
MUL_MAT_VEC q4_0_rocmfp4_fast m=10752 n=3 k=2048: 60 x 57.23 us = 3433.84 us (2308 GFLOPS/s)
MUL_MAT_VEC q4_0_rocmfp4_fast m=2048 n=1 k=2048 batch=3: 22 x 24.19 us = 532.2 us (1040.05 GFLOPS/s)
MUL_MAT_VEC q4_0_rocmfp4_fast m=2048 n=3 k=10752: 30 x 56.585 us = 1697.56 us (2334.78 GFLOPS/s)
MUL_MAT_VEC q4_0_rocmfp4_fast m=2048 n=3 k=2048: 16 x 16.712 us = 267.4 us (1505.44 GFLOPS/s)
MUL_MAT_VEC q4_0_rocmfp4_fast m=512 n=3 k=2048: 16 x 3.15 us = 50.4 us (1996.8 GFLOPS/s)
MUL_MAT_VEC q4_0_rocmfp4_fast m=6144 n=1 k=2048 batch=3: 22 x 64.29 us = 1414.4 us (1174.02 GFLOPS/s)
MUL_MAT_VEC q6_K m=128000 n=3 k=2048: 1 x 980.28 us = 980.28 us (1604.11 GFLOPS/s)
RMS_NORM_MUL RMS_NORM(2048,3,1,1): 61 x 4.366 us = 266.36 us
RMS_NORM_MUL_ROPE RMS_NORM(64,32,3,1): 8 x 8.05 us = 64.4 us
RMS_NORM_MUL_ROPE RMS_NORM(64,8,3,1): 8 x 3.4 us = 27.2 us
SET_ROWS: 16 x 2.002 us = 32.04 us
SSM_CONV: 22 x 3.854 us = 84.8 us
Total time: 12285.4 us.
----------------
Vulkan Timings:
ADD: 60 x 2.034 us = 122.08 us
CONCAT: 22 x 2.31 us = 50.84 us
CPY: 22 x 1.565 us = 34.44 us
FLASH_ATTN_EXT dst(64,32,1,3),  q(64,1,32,3),  k(64,256,8,3),  v(64,256,8,3),  m(256,1,1,3): 8 x 14.83 us = 118.64 us (424.238 GFLOPS/s)
GET_ROWS: 24 x 2.255 us = 54.12 us
GLU: 30 x 2.573 us = 77.2 us
MUL: 44 x 2.458 us = 108.16 us
MUL_MAT f32 m=64 n=24 k=64: 16 x 2.105 us = 33.68 us (92.6708 GFLOPS/s)
MUL_MAT f32 m=64 n=96 k=64: 16 x 2.075 us = 33.2 us (376.042 GFLOPS/s)
MUL_MAT_VEC q4_0_rocmfp4_fast m=10752 n=3 k=2048: 60 x 56.694 us = 3401.68 us (2329.82 GFLOPS/s)
MUL_MAT_VEC q4_0_rocmfp4_fast m=2048 n=1 k=2048 batch=3: 22 x 23.867 us = 525.08 us (1054.15 GFLOPS/s)
MUL_MAT_VEC q4_0_rocmfp4_fast m=2048 n=3 k=10752: 30 x 56.589 us = 1697.68 us (2334.62 GFLOPS/s)
MUL_MAT_VEC q4_0_rocmfp4_fast m=2048 n=3 k=2048: 16 x 16.762 us = 268.2 us (1500.95 GFLOPS/s)
MUL_MAT_VEC q4_0_rocmfp4_fast m=512 n=3 k=2048: 16 x 3.145 us = 50.32 us (1999.97 GFLOPS/s)
MUL_MAT_VEC q4_0_rocmfp4_fast m=6144 n=1 k=2048 batch=3: 22 x 63.549 us = 1398.08 us (1187.73 GFLOPS/s)
MUL_MAT_VEC q6_K m=128000 n=3 k=2048: 1 x 980.28 us = 980.28 us (1604.11 GFLOPS/s)
RMS_NORM_MUL RMS_NORM(2048,3,1,1): 61 x 4.426 us = 270.04 us
RMS_NORM_MUL_ROPE RMS_NORM(64,32,3,1): 8 x 7.94 us = 63.52 us
RMS_NORM_MUL_ROPE RMS_NORM(64,8,3,1): 8 x 3.42 us = 27.36 us
SET_ROWS: 16 x 2.005 us = 32.08 us
SSM_CONV: 22 x 3.887 us = 85.52 us
Total time: 9432.2 us.
----------------
Vulkan Timings:
ADD: 60 x 1.916 us = 115 us
CONCAT: 22 x 2.449 us = 53.88 us
CPY: 22 x 1.565 us = 34.44 us
FLASH_ATTN_EXT dst(64,32,1,3),  q(64,1,32,3),  k(64,256,8,3),  v(64,256,8,3),  m(256,1,1,3): 8 x 16.115 us = 128.92 us (390.41 GFLOPS/s)
GET_ROWS: 24 x 2.345 us = 56.28 us
GLU: 30 x 2.638 us = 79.16 us
MUL: 44 x 2.586 us = 113.8 us
MUL_MAT f32 m=64 n=24 k=64: 16 x 2.575 us = 41.2 us (75.7561 GFLOPS/s)
MUL_MAT f32 m=64 n=96 k=64: 16 x 2.177 us = 34.84 us (358.341 GFLOPS/s)
MUL_MAT_VEC q4_0_rocmfp4_fast m=10752 n=3 k=2048: 60 x 58.177 us = 3490.64 us (2270.44 GFLOPS/s)
MUL_MAT_VEC q4_0_rocmfp4_fast m=2048 n=1 k=2048 batch=3: 22 x 25.492 us = 560.84 us (986.936 GFLOPS/s)
MUL_MAT_VEC q4_0_rocmfp4_fast m=2048 n=3 k=10752: 30 x 59.452 us = 1783.56 us (2222.2 GFLOPS/s)
MUL_MAT_VEC q4_0_rocmfp4_fast m=2048 n=3 k=2048: 16 x 17.44 us = 279.04 us (1442.64 GFLOPS/s)
MUL_MAT_VEC q4_0_rocmfp4_fast m=512 n=3 k=2048: 16 x 3.312 us = 53 us (1898.84 GFLOPS/s)
MUL_MAT_VEC q4_0_rocmfp4_fast m=6144 n=1 k=2048 batch=3: 22 x 67.958 us = 1495.08 us (1110.67 GFLOPS/s)
MUL_MAT_VEC q6_K m=128000 n=3 k=2048: 1 x 980.08 us = 980.08 us (1604.44 GFLOPS/s)
RMS_NORM_MUL RMS_NORM(2048,3,1,1): 61 x 4.671 us = 284.96 us
RMS_NORM_MUL_ROPE RMS_NORM(64,32,3,1): 8 x 8.51 us = 68.08 us
RMS_NORM_MUL_ROPE RMS_NORM(64,8,3,1): 8 x 3.74 us = 29.92 us
SET_ROWS: 16 x 2.187 us = 35 us
SSM_CONV: 22 x 4.221 us = 92.88 us
Total time: 9810.6 us.
----------------
Vulkan Timings:
ADD: 60 x 2.006 us = 120.4 us
CONCAT: 22 x 2.572 us = 56.6 us
CPY: 22 x 1.614 us = 35.52 us
FLASH_ATTN_EXT dst(64,32,1,3),  q(64,1,32,3),  k(64,256,8,3),  v(64,256,8,3),  m(256,1,1,3): 8 x 19.28 us = 154.24 us (326.32 GFLOPS/s)
GET_ROWS: 24 x 2.436 us = 58.48 us
GLU: 30 x 2.776 us = 83.28 us
MUL: 44 x 2.706 us = 119.08 us
MUL_MAT f32 m=64 n=24 k=64: 16 x 1.885 us = 30.16 us (103.486 GFLOPS/s)
MUL_MAT f32 m=64 n=96 k=64: 16 x 2.297 us = 36.76 us (339.625 GFLOPS/s)
MUL_MAT_VEC q4_0_rocmfp4_fast m=10752 n=3 k=2048: 60 x 58.598 us = 3515.88 us (2254.14 GFLOPS/s)
MUL_MAT_VEC q4_0_rocmfp4_fast m=2048 n=1 k=2048 batch=3: 22 x 26.554 us = 584.2 us (947.472 GFLOPS/s)
MUL_MAT_VEC q4_0_rocmfp4_fast m=2048 n=3 k=10752: 30 x 59.753 us = 1792.6 us (2211 GFLOPS/s)
MUL_MAT_VEC q4_0_rocmfp4_fast m=2048 n=3 k=2048: 16 x 17.967 us = 287.48 us (1400.29 GFLOPS/s)
MUL_MAT_VEC q4_0_rocmfp4_fast m=512 n=3 k=2048: 16 x 3.427 us = 54.84 us (1835.13 GFLOPS/s)
MUL_MAT_VEC q4_0_rocmfp4_fast m=6144 n=1 k=2048 batch=3: 22 x 69.927 us = 1538.4 us (1079.39 GFLOPS/s)
MUL_MAT_VEC q6_K m=128000 n=3 k=2048: 1 x 1067.12 us = 1067.12 us (1473.57 GFLOPS/s)
RMS_NORM_MUL RMS_NORM(2048,3,1,1): 61 x 4.888 us = 298.2 us
RMS_NORM_MUL_ROPE RMS_NORM(64,32,3,1): 8 x 8.995 us = 71.96 us
RMS_NORM_MUL_ROPE RMS_NORM(64,8,3,1): 8 x 3.88 us = 31.04 us
SET_ROWS: 16 x 2.54 us = 40.64 us
SSM_CONV: 22 x 4.385 us = 96.48 us
Total time: 10073.4 us.
----------------
Vulkan Timings:
ADD: 60 x 2.394 us = 143.68 us
CONCAT: 22 x 3.141 us = 69.12 us
CPY: 22 x 1.761 us = 38.76 us
FLASH_ATTN_EXT dst(64,32,1,3),  q(64,1,32,3),  k(64,256,8,3),  v(64,256,8,3),  m(256,1,1,3): 8 x 22.235 us = 177.88 us (282.953 GFLOPS/s)
GET_ROWS: 24 x 3.901 us = 93.64 us
GLU: 30 x 3.133 us = 94 us
MUL: 44 x 3.268 us = 143.8 us
MUL_MAT f32 m=64 n=24 k=64: 16 x 2.497 us = 39.96 us (78.1069 GFLOPS/s)
MUL_MAT f32 m=64 n=96 k=64: 16 x 2.57 us = 41.12 us (303.614 GFLOPS/s)
MUL_MAT_VEC q4_0_rocmfp4_fast m=10752 n=3 k=2048: 60 x 72.499 us = 4349.96 us (1821.92 GFLOPS/s)
MUL_MAT_VEC q4_0_rocmfp4_fast m=2048 n=1 k=2048 batch=3: 22 x 31.614 us = 695.52 us (795.826 GFLOPS/s)
MUL_MAT_VEC q4_0_rocmfp4_fast m=2048 n=3 k=10752: 30 x 70.77 us = 2123.12 us (1866.8 GFLOPS/s)
MUL_MAT_VEC q4_0_rocmfp4_fast m=2048 n=3 k=2048: 16 x 19.607 us = 313.72 us (1283.17 GFLOPS/s)
MUL_MAT_VEC q4_0_rocmfp4_fast m=512 n=3 k=2048: 16 x 6.8 us = 108.8 us (924.988 GFLOPS/s)
MUL_MAT_VEC q4_0_rocmfp4_fast m=6144 n=1 k=2048 batch=3: 22 x 82.676 us = 1818.88 us (912.946 GFLOPS/s)
MUL_MAT_VEC q6_K m=128000 n=3 k=2048: 1 x 1060.84 us = 1060.84 us (1482.3 GFLOPS/s)
RMS_NORM_MUL RMS_NORM(2048,3,1,1): 61 x 5.921 us = 361.2 us
RMS_NORM_MUL_ROPE RMS_NORM(64,32,3,1): 8 x 12.6 us = 100.8 us
RMS_NORM_MUL_ROPE RMS_NORM(64,8,3,1): 8 x 4.57 us = 36.56 us
SET_ROWS: 16 x 2.697 us = 43.16 us
SSM_CONV: 22 x 5.41 us = 119.04 us
Total time: 11973.6 us.
----------------
Vulkan Timings:
ADD: 60 x 2.066 us = 123.96 us
CONCAT: 22 x 2.645 us = 58.2 us
CPY: 22 x 1.638 us = 36.04 us
FLASH_ATTN_EXT dst(64,32,1,3),  q(64,1,32,3),  k(64,256,8,3),  v(64,256,8,3),  m(256,1,1,3): 8 x 17.96 us = 143.68 us (350.304 GFLOPS/s)
GET_ROWS: 24 x 2.481 us = 59.56 us
GLU: 30 x 2.836 us = 85.08 us
MUL: 44 x 2.766 us = 121.72 us
MUL_MAT f32 m=64 n=24 k=64: 16 x 2.032 us = 32.52 us (95.9764 GFLOPS/s)
MUL_MAT f32 m=64 n=96 k=64: 16 x 2.332 us = 37.32 us (334.529 GFLOPS/s)
MUL_MAT_VEC q4_0_rocmfp4_fast m=10752 n=3 k=2048: 60 x 60.132 us = 3607.96 us (2196.62 GFLOPS/s)
MUL_MAT_VEC q4_0_rocmfp4_fast m=2048 n=1 k=2048 batch=3: 22 x 26.465 us = 582.24 us (950.661 GFLOPS/s)
MUL_MAT_VEC q4_0_rocmfp4_fast m=2048 n=3 k=10752: 30 x 60.46 us = 1813.8 us (2185.15 GFLOPS/s)
MUL_MAT_VEC q4_0_rocmfp4_fast m=2048 n=3 k=2048: 16 x 18.38 us = 294.08 us (1368.86 GFLOPS/s)
MUL_MAT_VEC q4_0_rocmfp4_fast m=512 n=3 k=2048: 16 x 3.505 us = 56.08 us (1794.56 GFLOPS/s)
MUL_MAT_VEC q4_0_rocmfp4_fast m=6144 n=1 k=2048 batch=3: 22 x 70.892 us = 1559.64 us (1064.69 GFLOPS/s)
MUL_MAT_VEC q6_K m=128000 n=3 k=2048: 1 x 1034.08 us = 1034.08 us (1520.66 GFLOPS/s)
RMS_NORM_MUL RMS_NORM(2048,3,1,1): 61 x 5 us = 305.04 us
RMS_NORM_MUL_ROPE RMS_NORM(64,32,3,1): 8 x 9.1 us = 72.8 us
RMS_NORM_MUL_ROPE RMS_NORM(64,8,3,1): 8 x 4.03 us = 32.24 us
SET_ROWS: 16 x 2.412 us = 38.6 us
SSM_CONV: 22 x 4.529 us = 99.64 us
Total time: 10194.3 us.
----------------
Vulkan Timings:
ADD: 60 x 2.51 us = 150.64 us
CONCAT: 22 x 3.289 us = 72.36 us
CPY: 22 x 1.821 us = 40.08 us
FLASH_ATTN_EXT dst(64,32,1,3),  q(64,1,32,3),  k(64,256,8,3),  v(64,256,8,3),  m(256,1,1,3): 8 x 22.295 us = 178.36 us (282.191 GFLOPS/s)
GET_ROWS: 24 x 2.991 us = 71.8 us
GLU: 30 x 3.582 us = 107.48 us
MUL: 44 x 3.436 us = 151.2 us
MUL_MAT f32 m=64 n=24 k=64: 16 x 2.842 us = 45.48 us (68.6269 GFLOPS/s)
MUL_MAT f32 m=64 n=96 k=64: 16 x 2.55 us = 40.8 us (305.995 GFLOPS/s)
MUL_MAT_VEC q4_0_rocmfp4_fast m=10752 n=3 k=2048: 60 x 75.999 us = 4559.96 us (1738.02 GFLOPS/s)
MUL_MAT_VEC q4_0_rocmfp4_fast m=2048 n=1 k=2048 batch=3: 22 x 32.723 us = 719.92 us (768.853 GFLOPS/s)
MUL_MAT_VEC q4_0_rocmfp4_fast m=2048 n=3 k=10752: 30 x 75.55 us = 2266.52 us (1748.69 GFLOPS/s)
MUL_MAT_VEC q4_0_rocmfp4_fast m=2048 n=3 k=2048: 16 x 21.01 us = 336.16 us (1197.51 GFLOPS/s)
MUL_MAT_VEC q4_0_rocmfp4_fast m=512 n=3 k=2048: 16 x 5.875 us = 94 us (1070.62 GFLOPS/s)
MUL_MAT_VEC q4_0_rocmfp4_fast m=6144 n=1 k=2048 batch=3: 22 x 88.016 us = 1936.36 us (857.557 GFLOPS/s)
MUL_MAT_VEC q6_K m=128000 n=3 k=2048: 1 x 1053.04 us = 1053.04 us (1493.28 GFLOPS/s)
RMS_NORM_MUL RMS_NORM(2048,3,1,1): 61 x 6.152 us = 375.28 us
RMS_NORM_MUL_ROPE RMS_NORM(64,32,3,1): 8 x 10.53 us = 84.24 us
RMS_NORM_MUL_ROPE RMS_NORM(64,8,3,1): 8 x 4.695 us = 37.56 us
SET_ROWS: 16 x 2.532 us = 40.52 us
SSM_CONV: 22 x 5.627 us = 123.8 us
Total time: 12485.6 us.
----------------
Vulkan Timings:
ADD: 60 x 1.951 us = 117.08 us
CONCAT: 22 x 2.283 us = 50.24 us
CPY: 22 x 1.56 us = 34.32 us
FLASH_ATTN_EXT dst(64,32,1,3),  q(64,1,32,3),  k(64,256,8,3),  v(64,256,8,3),  m(256,1,1,3): 8 x 14.645 us = 117.16 us (429.598 GFLOPS/s)
GET_ROWS: 24 x 2.371 us = 56.92 us
GLU: 30 x 2.462 us = 73.88 us
MUL: 44 x 2.43 us = 106.92 us
MUL_MAT f32 m=64 n=24 k=64: 16 x 2.065 us = 33.04 us (94.4659 GFLOPS/s)
MUL_MAT f32 m=64 n=96 k=64: 16 x 2.04 us = 32.64 us (382.494 GFLOPS/s)
MUL_MAT_VEC q4_0_rocmfp4_fast m=10752 n=3 k=2048: 60 x 56.818 us = 3409.08 us (2324.76 GFLOPS/s)
MUL_MAT_VEC q4_0_rocmfp4_fast m=2048 n=1 k=2048 batch=3: 22 x 24.354 us = 535.8 us (1033.06 GFLOPS/s)
MUL_MAT_VEC q4_0_rocmfp4_fast m=2048 n=3 k=10752: 30 x 57.646 us = 1729.4 us (2291.8 GFLOPS/s)
MUL_MAT_VEC q4_0_rocmfp4_fast m=2048 n=3 k=2048: 16 x 16.787 us = 268.6 us (1498.72 GFLOPS/s)
MUL_MAT_VEC q4_0_rocmfp4_fast m=512 n=3 k=2048: 16 x 3.147 us = 50.36 us (1998.39 GFLOPS/s)
MUL_MAT_VEC q4_0_rocmfp4_fast m=6144 n=1 k=2048 batch=3: 22 x 63.814 us = 1403.92 us (1182.79 GFLOPS/s)
MUL_MAT_VEC q6_K m=128000 n=3 k=2048: 1 x 980.56 us = 980.56 us (1603.66 GFLOPS/s)
RMS_NORM_MUL RMS_NORM(2048,3,1,1): 61 x 4.354 us = 265.64 us
RMS_NORM_MUL_ROPE RMS_NORM(64,32,3,1): 8 x 7.89 us = 63.12 us
RMS_NORM_MUL_ROPE RMS_NORM(64,8,3,1): 8 x 3.4 us = 27.2 us
SET_ROWS: 16 x 2.122 us = 33.96 us
SSM_CONV: 22 x 3.887 us = 85.52 us
Total time: 9475.36 us.
----------------
Vulkan Timings:
ADD: 60 x 1.867 us = 112.04 us
CONCAT: 22 x 2.325 us = 51.16 us
CPY: 22 x 1.696 us = 37.32 us
FLASH_ATTN_EXT dst(64,32,1,3),  q(64,1,32,3),  k(64,256,8,3),  v(64,256,8,3),  m(256,1,1,3): 8 x 15.225 us = 121.8 us (413.232 GFLOPS/s)
GET_ROWS: 24 x 2.368 us = 56.84 us
GLU: 30 x 2.612 us = 78.36 us
MUL: 44 x 2.519 us = 110.84 us
MUL_MAT f32 m=64 n=24 k=64: 16 x 2.115 us = 33.84 us (92.2326 GFLOPS/s)
MUL_MAT f32 m=64 n=96 k=64: 16 x 2.115 us = 33.84 us (368.93 GFLOPS/s)
MUL_MAT_VEC q4_0_rocmfp4_fast m=10752 n=3 k=2048: 60 x 57.664 us = 3459.88 us (2290.63 GFLOPS/s)
MUL_MAT_VEC q4_0_rocmfp4_fast m=2048 n=1 k=2048 batch=3: 22 x 25.743 us = 566.36 us (977.316 GFLOPS/s)
MUL_MAT_VEC q4_0_rocmfp4_fast m=2048 n=3 k=10752: 30 x 57.678 us = 1730.36 us (2290.53 GFLOPS/s)
MUL_MAT_VEC q4_0_rocmfp4_fast m=2048 n=3 k=2048: 16 x 17.055 us = 272.88 us (1475.21 GFLOPS/s)
MUL_MAT_VEC q4_0_rocmfp4_fast m=512 n=3 k=2048: 16 x 3.225 us = 51.6 us (1950.36 GFLOPS/s)
MUL_MAT_VEC q4_0_rocmfp4_fast m=6144 n=1 k=2048 batch=3: 22 x 67.198 us = 1478.36 us (1123.23 GFLOPS/s)
MUL_MAT_VEC q6_K m=128000 n=3 k=2048: 1 x 985.16 us = 985.16 us (1596.17 GFLOPS/s)
RMS_NORM_MUL RMS_NORM(2048,3,1,1): 61 x 4.684 us = 285.76 us
RMS_NORM_MUL_ROPE RMS_NORM(64,32,3,1): 8 x 8.155 us = 65.24 us
RMS_NORM_MUL_ROPE RMS_NORM(64,8,3,1): 8 x 3.54 us = 28.32 us
SET_ROWS: 16 x 2.142 us = 34.28 us
SSM_CONV: 22 x 5.056 us = 111.24 us
Total time: 9705.48 us.
----------------
Vulkan Timings:
ADD: 60 x 1.942 us = 116.52 us
CONCAT: 22 x 2.441 us = 53.72 us
CPY: 22 x 2.6 us = 57.2 us
FLASH_ATTN_EXT dst(64,32,1,3),  q(64,1,32,3),  k(64,256,8,3),  v(64,256,8,3),  m(256,1,1,3): 8 x 15.98 us = 127.84 us (393.708 GFLOPS/s)
GET_ROWS: 24 x 2.516 us = 60.4 us
GLU: 30 x 2.841 us = 85.24 us
MUL: 44 x 2.776 us = 122.16 us
MUL_MAT f32 m=64 n=24 k=64: 16 x 2.037 us = 32.6 us (95.7409 GFLOPS/s)
MUL_MAT f32 m=64 n=96 k=64: 16 x 2.155 us = 34.48 us (362.083 GFLOPS/s)
MUL_MAT_VEC q4_0_rocmfp4_fast m=10752 n=3 k=2048: 60 x 57.483 us = 3449 us (2297.85 GFLOPS/s)
MUL_MAT_VEC q4_0_rocmfp4_fast m=2048 n=1 k=2048 batch=3: 22 x 25.085 us = 551.88 us (1002.96 GFLOPS/s)
MUL_MAT_VEC q4_0_rocmfp4_fast m=2048 n=3 k=10752: 30 x 58.146 us = 1744.4 us (2272.09 GFLOPS/s)
MUL_MAT_VEC q4_0_rocmfp4_fast m=2048 n=3 k=2048: 16 x 17.407 us = 278.52 us (1445.34 GFLOPS/s)
MUL_MAT_VEC q4_0_rocmfp4_fast m=512 n=3 k=2048: 16 x 3.297 us = 52.76 us (1907.48 GFLOPS/s)
MUL_MAT_VEC q4_0_rocmfp4_fast m=6144 n=1 k=2048 batch=3: 22 x 68.021 us = 1496.48 us (1109.63 GFLOPS/s)
MUL_MAT_VEC q6_K m=128000 n=3 k=2048: 1 x 986.8 us = 986.8 us (1593.51 GFLOPS/s)
RMS_NORM_MUL RMS_NORM(2048,3,1,1): 61 x 4.965 us = 302.92 us
RMS_NORM_MUL_ROPE RMS_NORM(64,32,3,1): 8 x 8.48 us = 67.84 us
RMS_NORM_MUL_ROPE RMS_NORM(64,8,3,1): 8 x 3.69 us = 29.52 us
SET_ROWS: 16 x 2.362 us = 37.8 us
SSM_CONV: 22 x 4.201 us = 92.44 us
Total time: 9780.52 us.
----------------
Vulkan Timings:
ADD: 60 x 2.432 us = 145.92 us
CONCAT: 22 x 3.038 us = 66.84 us
CPY: 22 x 1.763 us = 38.8 us
FLASH_ATTN_EXT dst(64,32,1,3),  q(64,1,32,3),  k(64,256,8,3),  v(64,256,8,3),  m(256,1,1,3): 8 x 21.495 us = 171.96 us (292.694 GFLOPS/s)
GET_ROWS: 24 x 2.89 us = 69.36 us
GLU: 30 x 3.593 us = 107.8 us
MUL: 44 x 3.173 us = 139.64 us
MUL_MAT f32 m=64 n=24 k=64: 16 x 2.432 us = 38.92 us (80.194 GFLOPS/s)
MUL_MAT f32 m=64 n=96 k=64: 16 x 2.505 us = 40.08 us (311.492 GFLOPS/s)
MUL_MAT_VEC q4_0_rocmfp4_fast m=10752 n=3 k=2048: 60 x 70.301 us = 4218.08 us (1878.89 GFLOPS/s)
MUL_MAT_VEC q4_0_rocmfp4_fast m=2048 n=1 k=2048 batch=3: 22 x 30.465 us = 670.24 us (825.843 GFLOPS/s)
MUL_MAT_VEC q4_0_rocmfp4_fast m=2048 n=3 k=10752: 30 x 67.969 us = 2039.07 us (1943.75 GFLOPS/s)
MUL_MAT_VEC q4_0_rocmfp4_fast m=2048 n=3 k=2048: 16 x 19.82 us = 317.12 us (1269.41 GFLOPS/s)
MUL_MAT_VEC q4_0_rocmfp4_fast m=512 n=3 k=2048: 16 x 5.51 us = 88.16 us (1141.55 GFLOPS/s)
MUL_MAT_VEC q4_0_rocmfp4_fast m=6144 n=1 k=2048 batch=3: 22 x 79.834 us = 1756.36 us (945.443 GFLOPS/s)
MUL_MAT_VEC q6_K m=128000 n=3 k=2048: 1 x 1017.88 us = 1017.88 us (1544.86 GFLOPS/s)
RMS_NORM_MUL RMS_NORM(2048,3,1,1): 61 x 5.956 us = 363.36 us
RMS_NORM_MUL_ROPE RMS_NORM(64,32,3,1): 8 x 10.025 us = 80.2 us
RMS_NORM_MUL_ROPE RMS_NORM(64,8,3,1): 8 x 4.42 us = 35.36 us
SET_ROWS: 16 x 2.622 us = 41.96 us
SSM_CONV: 22 x 5.247 us = 115.44 us
Total time: 11562.5 us.
----------------
Vulkan Timings:
ADD: 60 x 2.023 us = 121.4 us
CONCAT: 22 x 2.56 us = 56.32 us
CPY: 22 x 1.598 us = 35.16 us
FLASH_ATTN_EXT dst(64,32,1,3),  q(64,1,32,3),  k(64,256,8,3),  v(64,256,8,3),  m(256,1,1,3): 8 x 17.125 us = 137 us (367.384 GFLOPS/s)
GET_ROWS: 24 x 2.431 us = 58.36 us
GLU: 30 x 2.869 us = 86.08 us
MUL: 44 x 2.681 us = 118 us
MUL_MAT f32 m=64 n=24 k=64: 16 x 1.897 us = 30.36 us (102.805 GFLOPS/s)
MUL_MAT f32 m=64 n=96 k=64: 16 x 2.232 us = 35.72 us (349.513 GFLOPS/s)
MUL_MAT_VEC q4_0_rocmfp4_fast m=10752 n=3 k=2048: 60 x 59.371 us = 3562.28 us (2224.78 GFLOPS/s)
MUL_MAT_VEC q4_0_rocmfp4_fast m=2048 n=1 k=2048 batch=3: 22 x 25.843 us = 568.56 us (973.535 GFLOPS/s)
MUL_MAT_VEC q4_0_rocmfp4_fast m=2048 n=3 k=10752: 30 x 59.377 us = 1781.32 us (2225 GFLOPS/s)
MUL_MAT_VEC q4_0_rocmfp4_fast m=2048 n=3 k=2048: 16 x 18.04 us = 288.64 us (1394.66 GFLOPS/s)
MUL_MAT_VEC q4_0_rocmfp4_fast m=512 n=3 k=2048: 16 x 3.452 us = 55.24 us (1821.85 GFLOPS/s)
MUL_MAT_VEC q4_0_rocmfp4_fast m=6144 n=1 k=2048 batch=3: 22 x 69.669 us = 1532.72 us (1083.39 GFLOPS/s)
MUL_MAT_VEC q6_K m=128000 n=3 k=2048: 1 x 1055.92 us = 1055.92 us (1489.2 GFLOPS/s)
RMS_NORM_MUL RMS_NORM(2048,3,1,1): 61 x 5.262 us = 321 us
RMS_NORM_MUL_ROPE RMS_NORM(64,32,3,1): 8 x 8.82 us = 70.56 us
RMS_NORM_MUL_ROPE RMS_NORM(64,8,3,1): 8 x 3.825 us = 30.6 us
SET_ROWS: 16 x 2.627 us = 42.04 us
SSM_CONV: 22 x 4.372 us = 96.2 us
Total time: 10083.5 us.
----------------
Vulkan Timings:
ADD: 60 x 2.074 us = 124.48 us
CONCAT: 22 x 2.629 us = 57.84 us
CPY: 22 x 1.61 us = 35.44 us
FLASH_ATTN_EXT dst(64,32,1,3),  q(64,1,32,3),  k(64,256,8,3),  v(64,256,8,3),  m(256,1,1,3): 8 x 17.76 us = 142.08 us (354.249 GFLOPS/s)
GET_ROWS: 24 x 2.47 us = 59.28 us
GLU: 30 x 2.964 us = 88.92 us
MUL: 44 x 2.762 us = 121.56 us
MUL_MAT f32 m=64 n=24 k=64: 16 x 1.785 us = 28.56 us (109.284 GFLOPS/s)
MUL_MAT f32 m=64 n=96 k=64: 16 x 2.332 us = 37.32 us (334.529 GFLOPS/s)
MUL_MAT_VEC q4_0_rocmfp4_fast m=10752 n=3 k=2048: 60 x 61.685 us = 3701.12 us (2141.32 GFLOPS/s)
MUL_MAT_VEC q4_0_rocmfp4_fast m=2048 n=1 k=2048 batch=3: 22 x 27.32 us = 601.04 us (920.925 GFLOPS/s)
MUL_MAT_VEC q4_0_rocmfp4_fast m=2048 n=3 k=10752: 30 x 62.185 us = 1865.56 us (2124.53 GFLOPS/s)
MUL_MAT_VEC q4_0_rocmfp4_fast m=2048 n=3 k=2048: 16 x 18.515 us = 296.24 us (1358.88 GFLOPS/s)
MUL_MAT_VEC q4_0_rocmfp4_fast m=512 n=3 k=2048: 16 x 3.577 us = 57.24 us (1758.19 GFLOPS/s)
MUL_MAT_VEC q4_0_rocmfp4_fast m=6144 n=1 k=2048 batch=3: 22 x 71.656 us = 1576.44 us (1053.35 GFLOPS/s)
MUL_MAT_VEC q6_K m=128000 n=3 k=2048: 1 x 986.76 us = 986.76 us (1593.58 GFLOPS/s)
RMS_NORM_MUL RMS_NORM(2048,3,1,1): 61 x 5.084 us = 310.16 us
RMS_NORM_MUL_ROPE RMS_NORM(64,32,3,1): 8 x 9.29 us = 74.32 us
RMS_NORM_MUL_ROPE RMS_NORM(64,8,3,1): 8 x 4.07 us = 32.56 us
SET_ROWS: 16 x 2.79 us = 44.64 us
SSM_CONV: 22 x 4.547 us = 100.04 us
Total time: 10341.6 us.
----------------
Vulkan Timings:
ADD: 60 x 2.812 us = 168.76 us
CONCAT: 22 x 3.596 us = 79.12 us
CPY: 22 x 1.849 us = 40.68 us
FLASH_ATTN_EXT dst(64,32,1,3),  q(64,1,32,3),  k(64,256,8,3),  v(64,256,8,3),  m(256,1,1,3): 8 x 22.645 us = 181.16 us (277.83 GFLOPS/s)
GET_ROWS: 24 x 3.041 us = 73 us
GLU: 30 x 3.16 us = 94.8 us
MUL: 44 x 3.604 us = 158.6 us
MUL_MAT f32 m=64 n=24 k=64: 16 x 2.625 us = 42 us (74.3131 GFLOPS/s)
MUL_MAT f32 m=64 n=96 k=64: 16 x 2.647 us = 42.36 us (294.726 GFLOPS/s)
MUL_MAT_VEC q4_0_rocmfp4_fast m=10752 n=3 k=2048: 60 x 77.61 us = 4656.64 us (1701.94 GFLOPS/s)
MUL_MAT_VEC q4_0_rocmfp4_fast m=2048 n=1 k=2048 batch=3: 22 x 32.636 us = 718 us (770.909 GFLOPS/s)
MUL_MAT_VEC q4_0_rocmfp4_fast m=2048 n=3 k=10752: 30 x 75.285 us = 2258.56 us (1754.85 GFLOPS/s)
MUL_MAT_VEC q4_0_rocmfp4_fast m=2048 n=3 k=2048: 16 x 20.355 us = 325.68 us (1236.04 GFLOPS/s)
MUL_MAT_VEC q4_0_rocmfp4_fast m=512 n=3 k=2048: 16 x 5.96 us = 95.36 us (1055.36 GFLOPS/s)
MUL_MAT_VEC q4_0_rocmfp4_fast m=6144 n=1 k=2048 batch=3: 22 x 86.998 us = 1913.96 us (867.593 GFLOPS/s)
MUL_MAT_VEC q6_K m=128000 n=3 k=2048: 1 x 1023.48 us = 1023.48 us (1536.41 GFLOPS/s)
RMS_NORM_MUL RMS_NORM(2048,3,1,1): 61 x 6.239 us = 380.6 us
RMS_NORM_MUL_ROPE RMS_NORM(64,32,3,1): 8 x 10.645 us = 85.16 us
RMS_NORM_MUL_ROPE RMS_NORM(64,8,3,1): 8 x 4.77 us = 38.16 us
SET_ROWS: 16 x 2.977 us = 47.64 us
SSM_CONV: 22 x 5.656 us = 124.44 us
Total time: 12548.2 us.
----------------
Vulkan Timings:
ADD: 60 x 1.93 us = 115.8 us
CONCAT: 22 x 2.472 us = 54.4 us
CPY: 22 x 1.56 us = 34.32 us
FLASH_ATTN_EXT dst(64,32,1,3),  q(64,1,32,3),  k(64,256,8,3),  v(64,256,8,3),  m(256,1,1,3): 8 x 16.425 us = 131.4 us (383.041 GFLOPS/s)
GET_ROWS: 24 x 2.351 us = 56.44 us
GLU: 30 x 2.696 us = 80.88 us
MUL: 44 x 2.606 us = 114.68 us
MUL_MAT f32 m=64 n=24 k=64: 16 x 1.927 us = 30.84 us (101.205 GFLOPS/s)
MUL_MAT f32 m=64 n=96 k=64: 16 x 2.192 us = 35.08 us (355.89 GFLOPS/s)
MUL_MAT_VEC q4_0_rocmfp4_fast m=10752 n=3 k=2048: 60 x 58.148 us = 3488.92 us (2271.56 GFLOPS/s)
MUL_MAT_VEC q4_0_rocmfp4_fast m=2048 n=1 k=2048 batch=3: 22 x 25.358 us = 557.88 us (992.172 GFLOPS/s)
MUL_MAT_VEC q4_0_rocmfp4_fast m=2048 n=3 k=10752: 30 x 58.525 us = 1755.76 us (2257.39 GFLOPS/s)
MUL_MAT_VEC q4_0_rocmfp4_fast m=2048 n=3 k=2048: 16 x 17.682 us = 282.92 us (1422.86 GFLOPS/s)
MUL_MAT_VEC q4_0_rocmfp4_fast m=512 n=3 k=2048: 16 x 3.405 us = 54.48 us (1847.26 GFLOPS/s)
MUL_MAT_VEC q4_0_rocmfp4_fast m=6144 n=1 k=2048 batch=3: 22 x 69.605 us = 1531.32 us (1084.38 GFLOPS/s)
MUL_MAT_VEC q6_K m=128000 n=3 k=2048: 1 x 973.84 us = 973.84 us (1614.72 GFLOPS/s)
RMS_NORM_MUL RMS_NORM(2048,3,1,1): 61 x 4.783 us = 291.8 us
RMS_NORM_MUL_ROPE RMS_NORM(64,32,3,1): 8 x 8.66 us = 69.28 us
RMS_NORM_MUL_ROPE RMS_NORM(64,8,3,1): 8 x 3.755 us = 30.04 us
SET_ROWS: 16 x 2.512 us = 40.2 us
SSM_CONV: 22 x 4.274 us = 94.04 us
Total time: 9824.32 us.
----------------
Vulkan Timings:
ADD: 60 x 2.036 us = 122.16 us
CONCAT: 22 x 2.483 us = 54.64 us
CPY: 22 x 1.598 us = 35.16 us
FLASH_ATTN_EXT dst(64,32,1,3),  q(64,1,32,3),  k(64,256,8,3),  v(64,256,8,3),  m(256,1,1,3): 8 x 16.325 us = 130.6 us (385.388 GFLOPS/s)
GET_ROWS: 24 x 2.386 us = 57.28 us
GLU: 30 x 3.266 us = 98 us
MUL: 44 x 2.62 us = 115.32 us
MUL_MAT f32 m=64 n=24 k=64: 16 x 1.922 us = 30.76 us (101.468 GFLOPS/s)
MUL_MAT f32 m=64 n=96 k=64: 16 x 2.2 us = 35.2 us (354.676 GFLOPS/s)
MUL_MAT_VEC q4_0_rocmfp4_fast m=10752 n=3 k=2048: 60 x 58.32 us = 3499.2 us (2264.89 GFLOPS/s)
MUL_MAT_VEC q4_0_rocmfp4_fast m=2048 n=1 k=2048 batch=3: 22 x 25.172 us = 553.8 us (999.482 GFLOPS/s)
MUL_MAT_VEC q4_0_rocmfp4_fast m=2048 n=3 k=10752: 30 x 58.728 us = 1761.84 us (2249.6 GFLOPS/s)
MUL_MAT_VEC q4_0_rocmfp4_fast m=2048 n=3 k=2048: 16 x 17.657 us = 282.52 us (1424.87 GFLOPS/s)
MUL_MAT_VEC q4_0_rocmfp4_fast m=512 n=3 k=2048: 16 x 3.362 us = 53.8 us (1870.61 GFLOPS/s)
MUL_MAT_VEC q4_0_rocmfp4_fast m=6144 n=1 k=2048 batch=3: 22 x 67.69 us = 1489.2 us (1115.05 GFLOPS/s)
MUL_MAT_VEC q6_K m=128000 n=3 k=2048: 1 x 1043.68 us = 1043.68 us (1506.67 GFLOPS/s)
RMS_NORM_MUL RMS_NORM(2048,3,1,1): 61 x 4.855 us = 296.16 us
RMS_NORM_MUL_ROPE RMS_NORM(64,32,3,1): 8 x 8.58 us = 68.64 us
RMS_NORM_MUL_ROPE RMS_NORM(64,8,3,1): 8 x 3.81 us = 30.48 us
SET_ROWS: 16 x 2.677 us = 42.84 us
SSM_CONV: 22 x 4.261 us = 93.76 us
Total time: 9895.04 us.
----------------
Vulkan Timings:
ADD: 60 x 2.09 us = 125.4 us
CONCAT: 22 x 2.687 us = 59.12 us
CPY: 22 x 1.652 us = 36.36 us
FLASH_ATTN_EXT dst(64,32,1,3),  q(64,1,32,3),  k(64,256,8,3),  v(64,256,8,3),  m(256,1,1,3): 8 x 17.565 us = 140.52 us (358.181 GFLOPS/s)
GET_ROWS: 24 x 2.535 us = 60.84 us
GLU: 30 x 3.194 us = 95.84 us
MUL: 44 x 2.819 us = 124.04 us
MUL_MAT f32 m=64 n=24 k=64: 16 x 2.002 us = 32.04 us (97.4142 GFLOPS/s)
MUL_MAT f32 m=64 n=96 k=64: 16 x 2.362 us = 37.8 us (330.281 GFLOPS/s)
MUL_MAT_VEC q4_0_rocmfp4_fast m=10752 n=3 k=2048: 60 x 61.121 us = 3667.28 us (2161.08 GFLOPS/s)
MUL_MAT_VEC q4_0_rocmfp4_fast m=2048 n=1 k=2048 batch=3: 22 x 26.949 us = 592.88 us (933.6 GFLOPS/s)
MUL_MAT_VEC q4_0_rocmfp4_fast m=2048 n=3 k=10752: 30 x 60.914 us = 1827.44 us (2168.84 GFLOPS/s)
MUL_MAT_VEC q4_0_rocmfp4_fast m=2048 n=3 k=2048: 16 x 18.415 us = 294.64 us (1366.26 GFLOPS/s)
MUL_MAT_VEC q4_0_rocmfp4_fast m=512 n=3 k=2048: 16 x 3.517 us = 56.28 us (1788.18 GFLOPS/s)
MUL_MAT_VEC q4_0_rocmfp4_fast m=6144 n=1 k=2048 batch=3: 22 x 72.636 us = 1598 us (1039.14 GFLOPS/s)
MUL_MAT_VEC q6_K m=128000 n=3 k=2048: 1 x 990.92 us = 990.92 us (1586.89 GFLOPS/s)
RMS_NORM_MUL RMS_NORM(2048,3,1,1): 61 x 5.094 us = 310.76 us
RMS_NORM_MUL_ROPE RMS_NORM(64,32,3,1): 8 x 9.2 us = 73.6 us
RMS_NORM_MUL_ROPE RMS_NORM(64,8,3,1): 8 x 4.035 us = 32.28 us
SET_ROWS: 16 x 2.53 us = 40.48 us
SSM_CONV: 22 x 4.623 us = 101.72 us
Total time: 10298.2 us.
----------------
Vulkan Timings:
ADD: 60 x 1.904 us = 114.24 us
CONCAT: 22 x 2.44 us = 53.68 us
CPY: 22 x 1.552 us = 34.16 us
FLASH_ATTN_EXT dst(64,32,1,3),  q(64,1,32,3),  k(64,256,8,3),  v(64,256,8,3),  m(256,1,1,3): 8 x 15.975 us = 127.8 us (393.831 GFLOPS/s)
GET_ROWS: 24 x 2.298 us = 55.16 us
GLU: 30 x 2.768 us = 83.04 us
MUL: 44 x 2.569 us = 113.04 us
MUL_MAT f32 m=64 n=24 k=64: 16 x 2.02 us = 32.32 us (96.5703 GFLOPS/s)
MUL_MAT f32 m=64 n=96 k=64: 16 x 2.137 us = 34.2 us (365.047 GFLOPS/s)
MUL_MAT_VEC q4_0_rocmfp4_fast m=10752 n=3 k=2048: 60 x 58.487 us = 3509.24 us (2258.41 GFLOPS/s)
MUL_MAT_VEC q4_0_rocmfp4_fast m=2048 n=1 k=2048 batch=3: 22 x 25.478 us = 560.52 us (987.499 GFLOPS/s)
MUL_MAT_VEC q4_0_rocmfp4_fast m=2048 n=3 k=10752: 30 x 58.516 us = 1755.48 us (2257.75 GFLOPS/s)
MUL_MAT_VEC q4_0_rocmfp4_fast m=2048 n=3 k=2048: 16 x 17.415 us = 278.64 us (1444.71 GFLOPS/s)
MUL_MAT_VEC q4_0_rocmfp4_fast m=512 n=3 k=2048: 16 x 3.307 us = 52.92 us (1901.71 GFLOPS/s)
MUL_MAT_VEC q4_0_rocmfp4_fast m=6144 n=1 k=2048 batch=3: 22 x 67.41 us = 1483.04 us (1119.69 GFLOPS/s)
MUL_MAT_VEC q6_K m=128000 n=3 k=2048: 1 x 985.84 us = 985.84 us (1595.07 GFLOPS/s)
RMS_NORM_MUL RMS_NORM(2048,3,1,1): 61 x 4.655 us = 284 us
RMS_NORM_MUL_ROPE RMS_NORM(64,32,3,1): 8 x 8.365 us = 66.92 us
RMS_NORM_MUL_ROPE RMS_NORM(64,8,3,1): 8 x 3.62 us = 28.96 us
SET_ROWS: 16 x 2.247 us = 35.96 us
SSM_CONV: 22 x 4.205 us = 92.52 us
Total time: 9781.68 us.
----------------
Vulkan Timings:
ADD: 60 x 1.845 us = 110.72 us
CONCAT: 22 x 2.472 us = 54.4 us
CPY: 22 x 1.77 us = 38.96 us
FLASH_ATTN_EXT dst(64,32,1,3),  q(64,1,32,3),  k(64,256,8,3),  v(64,256,8,3),  m(256,1,1,3): 8 x 14.81 us = 118.48 us (424.811 GFLOPS/s)
GET_ROWS: 24 x 2.218 us = 53.24 us
GLU: 30 x 2.464 us = 73.92 us
MUL: 44 x 2.735 us = 120.36 us
MUL_MAT f32 m=64 n=24 k=64: 16 x 2.082 us = 33.32 us (93.672 GFLOPS/s)
MUL_MAT f32 m=64 n=96 k=64: 16 x 2.065 us = 33.04 us (377.863 GFLOPS/s)
MUL_MAT_VEC q4_0_rocmfp4_fast m=10752 n=3 k=2048: 60 x 56.934 us = 3416.04 us (2320.03 GFLOPS/s)
MUL_MAT_VEC q4_0_rocmfp4_fast m=2048 n=1 k=2048 batch=3: 22 x 23.852 us = 524.76 us (1054.79 GFLOPS/s)
MUL_MAT_VEC q4_0_rocmfp4_fast m=2048 n=3 k=10752: 30 x 58.238 us = 1747.16 us (2268.5 GFLOPS/s)
MUL_MAT_VEC q4_0_rocmfp4_fast m=2048 n=3 k=2048: 16 x 16.73 us = 267.68 us (1503.87 GFLOPS/s)
MUL_MAT_VEC q4_0_rocmfp4_fast m=512 n=3 k=2048: 16 x 3.17 us = 50.72 us (1984.2 GFLOPS/s)
MUL_MAT_VEC q4_0_rocmfp4_fast m=6144 n=1 k=2048 batch=3: 22 x 64.129 us = 1410.84 us (1176.99 GFLOPS/s)
MUL_MAT_VEC q6_K m=128000 n=3 k=2048: 1 x 980.44 us = 980.44 us (1603.85 GFLOPS/s)
RMS_NORM_MUL RMS_NORM(2048,3,1,1): 61 x 4.358 us = 265.88 us
RMS_NORM_MUL_ROPE RMS_NORM(64,32,3,1): 8 x 7.91 us = 63.28 us
RMS_NORM_MUL_ROPE RMS_NORM(64,8,3,1): 8 x 3.41 us = 27.28 us
SET_ROWS: 16 x 2.037 us = 32.6 us
SSM_CONV: 22 x 3.763 us = 82.8 us
Total time: 9505.92 us.
0.19.199.259 I slot print_timing: id  1 | task 0 | prompt eval time =     387.50 ms /   128 tokens (    3.03 ms per token,   330.32 tokens per second)
0.19.199.264 I slot print_timing: id  1 | task 0 |        eval time =    2069.25 ms /   128 tokens (   16.29 ms per token,    61.37 tokens per second)
0.19.199.265 I slot print_timing: id  1 | task 0 |       total time =    2456.75 ms /   256 tokens
0.19.199.267 I slot print_timing: id  1 | task 0 |    graphs reused =        123
0.19.199.304 I slot      release: id  1 | task 0 | stop processing: n_tokens = 255, truncated = 0
0.19.199.592 I slot print_timing: id  2 | task 2 | prompt eval time =     389.74 ms /   128 tokens (    3.04 ms per token,   328.42 tokens per second)
0.19.199.596 I slot print_timing: id  2 | task 2 |        eval time =    2067.16 ms /   128 tokens (   16.28 ms per token,    61.44 tokens per second)
0.19.199.597 I slot print_timing: id  2 | task 2 |       total time =    2456.91 ms /   256 tokens
0.19.199.598 I slot print_timing: id  2 | task 2 |    graphs reused =        123
0.19.199.626 I slot      release: id  2 | task 2 | stop processing: n_tokens = 255, truncated = 0
0.19.199.894 I slot print_timing: id  3 | task 1 | prompt eval time =     392.41 ms /   128 tokens (    3.07 ms per token,   326.19 tokens per second)
0.19.199.900 I slot print_timing: id  3 | task 1 |        eval time =    2064.88 ms /   128 tokens (   16.26 ms per token,    61.50 tokens per second)
0.19.199.901 I slot print_timing: id  3 | task 1 |       total time =    2457.30 ms /   256 tokens
0.19.199.902 I slot print_timing: id  3 | task 1 |    graphs reused =        123
0.19.199.916 I slot      release: id  3 | task 1 | stop processing: n_tokens = 255, truncated = 0
0.19.207.356 I slot get_availabl: id  2 | task -1 | selected slot by id (2)
0.19.207.595 W srv  assign_compa: SEQCOMPACT event=assign logical=2 physical=0 swapped_logical=1 swapped_physical=2
0.19.207.639 I slot launch_slot_: id  2 | task 135 | processing task, is_child = 0
----------------
Vulkan Timings:
ADD: 58 x 12.036 us = 698.12 us
CONCAT: 22 x 32.061 us = 705.36 us
CPY: 22 x 3.565 us = 78.44 us
FLASH_ATTN_EXT dst(64,32,124,1),  q(64,124,32,1),  k(64,256,8,1),  v(64,256,8,1),  m(256,124,1,1): 8 x 139.76 us = 1118.08 us (1860.67 GFLOPS/s)
GET_ROWS: 22 x 3.265 us = 71.84 us
GLU: 29 x 44.4 us = 1287.6 us
MUL: 44 x 12.64 us = 556.2 us
MUL_MAT f32 m=64 n=3968 k=64: 16 x 6.57 us = 105.12 us (4908.97 GFLOPS/s)
MUL_MAT f32 m=64 n=992 k=64: 16 x 4.165 us = 66.64 us (1935.89 GFLOPS/s)
MUL_MAT q4_0_rocmfp4_fast m=10752 n=124 k=2048: 58 x 526.829 us = 30556.1 us (10363.2 GFLOPS/s)
MUL_MAT q4_0_rocmfp4_fast m=2048 n=124 k=10752: 29 x 685.393 us = 19876.4 us (7967.29 GFLOPS/s)
MUL_MAT q4_0_rocmfp4_fast m=2048 n=124 k=2048: 38 x 130.766 us = 4969.12 us (7952.61 GFLOPS/s)
MUL_MAT q4_0_rocmfp4_fast m=512 n=124 k=2048: 16 x 56.485 us = 903.76 us (4602.7 GFLOPS/s)
MUL_MAT q4_0_rocmfp4_fast m=6144 n=124 k=2048: 22 x 308.505 us = 6787.12 us (10112.6 GFLOPS/s)
RMS_NORM_MUL RMS_NORM(2048,124,1,1): 59 x 11.38 us = 671.44 us
RMS_NORM_MUL_ROPE RMS_NORM(64,32,124,1): 8 x 127.405 us = 1019.24 us
RMS_NORM_MUL_ROPE RMS_NORM(64,8,124,1): 8 x 34.12 us = 272.96 us
SCALE: 22 x 4.403 us = 96.88 us
SET_ROWS: 16 x 3.485 us = 55.76 us
SSM_CONV: 22 x 18.521 us = 407.48 us
Total time: 70303.7 us.
0.19.283.659 I slot get_availabl: id  0 | task -1 | selected slot by id (0)
0.19.284.046 W srv  assign_compa: SEQCOMPACT event=assign logical=0 physical=1 swapped_logical=3 swapped_physical=3
0.19.284.086 I slot launch_slot_: id  0 | task 137 | processing task, is_child = 0
0.19.284.089 I slot get_availabl: id  1 | task -1 | selected slot by id (1)
0.19.284.107 I slot launch_slot_: id  1 | task 138 | processing task, is_child = 0
0.19.284.109 I slot get_availabl: id  3 | task -1 | selected slot by id (3)
0.19.284.127 I slot launch_slot_: id  3 | task 139 | processing task, is_child = 0
----------------
Vulkan Timings:
ADD: 59 x 2.389 us = 140.96 us
CONCAT: 22 x 5.794 us = 127.48 us
CPY: 22 x 2.75 us = 60.52 us
FLASH_ATTN_EXT dst(64,32,4,4),  q(64,4,32,4),  k(64,256,8,4),  v(64,256,8,4),  m(256,4,1,4): 8 x 16.99 us = 135.92 us (1974.95 GFLOPS/s)
GET_ROWS: 24 x 3.025 us = 72.6 us
GLU: 30 x 8.241 us = 247.24 us
MUL: 44 x 2.974 us = 130.88 us
MUL_MAT f32 m=64 n=128 k=64: 16 x 2.605 us = 41.68 us (399.38 GFLOPS/s)
MUL_MAT f32 m=64 n=512 k=64: 16 x 2.895 us = 46.32 us (1437.49 GFLOPS/s)
MUL_MAT q4_0_rocmfp4_fast m=10752 n=16 k=2048: 58 x 236.235 us = 13701.6 us (2982.08 GFLOPS/s)
MUL_MAT q4_0_rocmfp4_fast m=2048 n=16 k=10752: 29 x 610.106 us = 17693.1 us (1154.9 GFLOPS/s)
MUL_MAT q4_0_rocmfp4_fast m=2048 n=16 k=2048: 16 x 109.952 us = 1759.24 us (1220.39 GFLOPS/s)
MUL_MAT q4_0_rocmfp4_fast m=512 n=16 k=2048: 16 x 48.665 us = 778.64 us (689.33 GFLOPS/s)
MUL_MAT_ADD MUL_MAT_VEC q4_0_rocmfp4_fast m=2048 n=1 k=10752: 1 x 52.12 us = 52.12 us (844.938 GFLOPS/s)
MUL_MAT_VEC q4_0_rocmfp4_fast m=10752 n=1 k=2048: 2 x 52.06 us = 104.12 us (845.744 GFLOPS/s)
MUL_MAT_VEC q4_0_rocmfp4_fast m=2048 n=4 k=2048 batch=4: 22 x 176.616 us = 3885.56 us (759.754 GFLOPS/s)
MUL_MAT_VEC q4_0_rocmfp4_fast m=6144 n=4 k=2048 batch=4: 22 x 457.12 us = 10056.6 us (880.633 GFLOPS/s)
MUL_MAT_VEC q6_K m=128000 n=1 k=2048: 1 x 873.76 us = 873.76 us (599.89 GFLOPS/s)
RMS_NORM_MUL RMS_NORM(2048,1,1,1): 2 x 6.04 us = 12.08 us
RMS_NORM_MUL RMS_NORM(2048,16,1,1): 59 x 5.751 us = 339.32 us
RMS_NORM_MUL_ROPE RMS_NORM(64,32,16,1): 8 x 23.66 us = 189.28 us
RMS_NORM_MUL_ROPE RMS_NORM(64,8,16,1): 8 x 7.415 us = 59.32 us
SCALE: 22 x 4.112 us = 90.48 us
SET_ROWS: 16 x 3.095 us = 49.52 us
SSM_CONV: 22 x 5.632 us = 123.92 us
Total time: 50772.3 us.
----------------
Vulkan Timings:
ADD: 58 x 10.836 us = 628.52 us
CONCAT: 22 x 25.983 us = 571.64 us
CPY: 22 x 3.312 us = 72.88 us
FLASH_ATTN_EXT dst(64,32,42,3),  q(64,42,32,3),  k(64,256,8,3),  v(64,256,8,3),  m(256,42,1,3): 8 x 58.26 us = 466.08 us (4535.55 GFLOPS/s)
GET_ROWS: 22 x 3.29 us = 72.4 us
GLU: 29 x 40.782 us = 1182.68 us
MUL: 44 x 10.982 us = 483.24 us
MUL_MAT f32 m=64 n=1008 k=64: 16 x 3.9 us = 62.4 us (2100.78 GFLOPS/s)
MUL_MAT f32 m=64 n=4032 k=64: 16 x 5.972 us = 95.56 us (5487.17 GFLOPS/s)
MUL_MAT q4_0_rocmfp4_fast m=10752 n=126 k=2048: 58 x 457.561 us = 26538.6 us (12124.5 GFLOPS/s)
MUL_MAT q4_0_rocmfp4_fast m=2048 n=126 k=10752: 29 x 602.824 us = 17481.9 us (9204.67 GFLOPS/s)
MUL_MAT q4_0_rocmfp4_fast m=2048 n=126 k=2048: 16 x 115.157 us = 1842.52 us (9176.19 GFLOPS/s)
MUL_MAT q4_0_rocmfp4_fast m=2048 n=42 k=2048 batch=3: 22 x 124.305 us = 2734.72 us (8500.89 GFLOPS/s)
MUL_MAT q4_0_rocmfp4_fast m=512 n=126 k=2048: 16 x 41.847 us = 669.56 us (6312.84 GFLOPS/s)
MUL_MAT q4_0_rocmfp4_fast m=6144 n=42 k=2048 batch=3: 22 x 369.85 us = 8136.71 us (8571.36 GFLOPS/s)
RMS_NORM_MUL RMS_NORM(2048,126,1,1): 59 x 9.915 us = 585 us
RMS_NORM_MUL_ROPE RMS_NORM(64,32,126,1): 8 x 114.745 us = 917.96 us
RMS_NORM_MUL_ROPE RMS_NORM(64,8,126,1): 8 x 30.09 us = 240.72 us
SET_ROWS: 16 x 2.962 us = 47.4 us
SSM_CONV: 22 x 10.838 us = 238.44 us
Total time: 63068.9 us.
----------------
Vulkan Timings:
ADD: 58 x 8.637 us = 500.96 us
CONCAT: 22 x 25.44 us = 559.68 us
CPY: 22 x 3.423 us = 75.32 us
FLASH_ATTN_EXT dst(64,32,42,3),  q(64,42,32,3),  k(64,256,8,3),  v(64,256,8,3),  m(256,42,1,3): 8 x 67.46 us = 539.68 us (3917 GFLOPS/s)
GET_ROWS: 22 x 3.049 us = 67.08 us
GLU: 29 x 37.344 us = 1083 us
MUL: 44 x 9.246 us = 406.84 us
MUL_MAT f32 m=64 n=1008 k=64: 16 x 4.385 us = 70.16 us (1868.42 GFLOPS/s)
MUL_MAT f32 m=64 n=4032 k=64: 16 x 5.697 us = 91.16 us (5752.01 GFLOPS/s)
MUL_MAT q4_0_rocmfp4_fast m=10752 n=126 k=2048: 58 x 423.393 us = 24556.8 us (13103 GFLOPS/s)
MUL_MAT q4_0_rocmfp4_fast m=2048 n=126 k=10752: 29 x 569.419 us = 16513.2 us (9744.68 GFLOPS/s)
MUL_MAT q4_0_rocmfp4_fast m=2048 n=126 k=2048: 16 x 102.442 us = 1639.08 us (10315.1 GFLOPS/s)
MUL_MAT q4_0_rocmfp4_fast m=2048 n=42 k=2048 batch=3: 22 x 115.749 us = 2546.48 us (9129.29 GFLOPS/s)
MUL_MAT q4_0_rocmfp4_fast m=512 n=126 k=2048: 16 x 42.177 us = 674.84 us (6263.45 GFLOPS/s)
MUL_MAT q4_0_rocmfp4_fast m=6144 n=42 k=2048 batch=3: 22 x 341.201 us = 7506.44 us (9291.04 GFLOPS/s)
RMS_NORM_MUL RMS_NORM(2048,126,1,1): 59 x 9.101 us = 536.96 us
RMS_NORM_MUL_ROPE RMS_NORM(64,32,126,1): 8 x 107.78 us = 862.24 us
RMS_NORM_MUL_ROPE RMS_NORM(64,8,126,1): 8 x 35.725 us = 285.8 us
SET_ROWS: 16 x 2.662 us = 42.6 us
SSM_CONV: 22 x 10.207 us = 224.56 us
Total time: 58782.9 us.
----------------
Vulkan Timings:
ADD: 58 x 7.317 us = 424.4 us
CONCAT: 22 x 19.394 us = 426.68 us
CPY: 22 x 3.145 us = 69.2 us
FLASH_ATTN_EXT dst(64,32,36,3),  q(64,36,32,3),  k(64,256,8,3),  v(64,256,8,3),  m(256,36,1,3): 8 x 63.29 us = 506.32 us (3578.64 GFLOPS/s)
GET_ROWS: 22 x 3.123 us = 68.72 us
GLU: 29 x 32.968 us = 956.08 us
MUL: 44 x 9.213 us = 405.4 us
MUL_MAT f32 m=64 n=3456 k=64: 16 x 5.27 us = 84.32 us (5330.24 GFLOPS/s)
MUL_MAT f32 m=64 n=864 k=64: 16 x 3.707 us = 59.32 us (1894.16 GFLOPS/s)
MUL_MAT q4_0_rocmfp4_fast m=10752 n=108 k=2048: 58 x 419.793 us = 24348 us (11327.4 GFLOPS/s)
MUL_MAT q4_0_rocmfp4_fast m=2048 n=108 k=10752: 29 x 572.906 us = 16614.3 us (8301.74 GFLOPS/s)
MUL_MAT q4_0_rocmfp4_fast m=2048 n=108 k=2048: 16 x 95.895 us = 1534.32 us (9445.21 GFLOPS/s)
MUL_MAT q4_0_rocmfp4_fast m=2048 n=36 k=2048 batch=3: 22 x 116.216 us = 2556.76 us (7793.64 GFLOPS/s)
MUL_MAT q4_0_rocmfp4_fast m=512 n=108 k=2048: 16 x 43.862 us = 701.8 us (5162.43 GFLOPS/s)
MUL_MAT q4_0_rocmfp4_fast m=6144 n=36 k=2048 batch=3: 22 x 342.563 us = 7536.4 us (7932.09 GFLOPS/s)
RMS_NORM_MUL RMS_NORM(2048,108,1,1): 59 x 8.995 us = 530.72 us
RMS_NORM_MUL_ROPE RMS_NORM(64,32,108,1): 8 x 88.285 us = 706.28 us
RMS_NORM_MUL_ROPE RMS_NORM(64,8,108,1): 8 x 23.635 us = 189.08 us
SET_ROWS: 16 x 2.57 us = 41.12 us
SSM_CONV: 22 x 9.36 us = 205.92 us
Total time: 57965.2 us.
----------------
Vulkan Timings:
ADD: 59 x 3.627 us = 214 us
CONCAT: 22 x 5.2 us = 114.4 us
CPY: 22 x 4.936 us = 108.6 us
FLASH_ATTN_EXT dst(64,32,1,4),  q(64,1,32,4),  k(64,256,8,4),  v(64,256,8,4),  m(256,1,1,4): 8 x 31.255 us = 250.04 us (268.393 GFLOPS/s)
GET_ROWS: 24 x 4.691 us = 112.6 us
GLU: 30 x 6.913 us = 207.4 us
MUL: 44 x 4.594 us = 202.16 us
MUL_MAT f32 m=64 n=128 k=64: 16 x 4.86 us = 77.76 us (214.071 GFLOPS/s)
MUL_MAT f32 m=64 n=32 k=64: 16 x 4.02 us = 64.32 us (64.7005 GFLOPS/s)
MUL_MAT_ADD MUL_MAT_VEC q4_0_rocmfp4_fast m=2048 n=1 k=10752: 1 x 54.52 us = 54.52 us (807.743 GFLOPS/s)
MUL_MAT_VEC q4_0_rocmfp4_fast m=10752 n=1 k=2048: 2 x 50.36 us = 100.72 us (874.294 GFLOPS/s)
MUL_MAT_VEC q4_0_rocmfp4_fast m=10752 n=4 k=2048: 58 x 150.399 us = 8723.16 us (1171 GFLOPS/s)
MUL_MAT_VEC q4_0_rocmfp4_fast m=2048 n=1 k=2048 batch=4: 22 x 66.747 us = 1468.44 us (502.586 GFLOPS/s)
MUL_MAT_VEC q4_0_rocmfp4_fast m=2048 n=4 k=10752: 29 x 145.044 us = 4206.28 us (1214.48 GFLOPS/s)
MUL_MAT_VEC q4_0_rocmfp4_fast m=2048 n=4 k=2048: 16 x 37.047 us = 592.76 us (905.493 GFLOPS/s)
MUL_MAT_VEC q4_0_rocmfp4_fast m=512 n=4 k=2048: 16 x 11.467 us = 183.48 us (731.333 GFLOPS/s)
MUL_MAT_VEC q4_0_rocmfp4_fast m=6144 n=1 k=2048 batch=4: 22 x 180.19 us = 3964.2 us (558.512 GFLOPS/s)
MUL_MAT_VEC q6_K m=128000 n=1 k=2048: 1 x 865.72 us = 865.72 us (605.461 GFLOPS/s)
RMS_NORM_MUL RMS_NORM(2048,1,1,1): 2 x 2.22 us = 4.44 us
RMS_NORM_MUL RMS_NORM(2048,4,1,1): 59 x 9.568 us = 564.56 us
RMS_NORM_MUL_ROPE RMS_NORM(64,32,4,1): 8 x 15.06 us = 120.48 us
RMS_NORM_MUL_ROPE RMS_NORM(64,8,4,1): 8 x 6.715 us = 53.72 us
SET_ROWS: 16 x 5.3 us = 84.8 us
SSM_CONV: 22 x 8.072 us = 177.6 us
Total time: 22516.2 us.
----------------
Vulkan Timings:
ADD: 60 x 2.189 us = 131.36 us
CONCAT: 22 x 3.027 us = 66.6 us
CPY: 22 x 2.063 us = 45.4 us
FLASH_ATTN_EXT dst(64,32,3,3),  q(64,3,32,3),  k(64,256,8,3),  v(64,256,8,3),  m(256,3,1,3): 8 x 19.78 us = 158.24 us (954.215 GFLOPS/s)
GET_ROWS: 24 x 2.548 us = 61.16 us
GLU: 30 x 6.662 us = 199.88 us
MUL: 44 x 2.827 us = 124.4 us
MUL_MAT f32 m=64 n=288 k=64: 16 x 2.755 us = 44.08 us (849.678 GFLOPS/s)
MUL_MAT f32 m=64 n=72 k=64: 16 x 2.557 us = 40.92 us (228.823 GFLOPS/s)
MUL_MAT q4_0_rocmfp4_fast m=10752 n=9 k=2048: 58 x 224.333 us = 13011.4 us (1766.41 GFLOPS/s)
MUL_MAT q4_0_rocmfp4_fast m=2048 n=9 k=10752: 29 x 589.768 us = 17103.3 us (672.032 GFLOPS/s)
MUL_MAT q4_0_rocmfp4_fast m=2048 n=9 k=2048: 16 x 114.597 us = 1833.56 us (658.645 GFLOPS/s)
MUL_MAT q4_0_rocmfp4_fast m=512 n=9 k=2048: 16 x 50.525 us = 808.4 us (373.474 GFLOPS/s)
MUL_MAT_VEC q4_0_rocmfp4_fast m=10752 n=3 k=2048: 2 x 57.7 us = 115.4 us (2289.23 GFLOPS/s)
MUL_MAT_VEC q4_0_rocmfp4_fast m=2048 n=3 k=10752: 1 x 63.8 us = 63.8 us (2070.76 GFLOPS/s)
MUL_MAT_VEC q4_0_rocmfp4_fast m=2048 n=3 k=2048 batch=3: 22 x 105.529 us = 2321.64 us (715.244 GFLOPS/s)
MUL_MAT_VEC q4_0_rocmfp4_fast m=6144 n=3 k=2048 batch=3: 22 x 320.198 us = 7044.36 us (707.178 GFLOPS/s)
MUL_MAT_VEC q6_K m=128000 n=3 k=2048: 1 x 987.84 us = 987.84 us (1591.84 GFLOPS/s)
RMS_NORM_MUL RMS_NORM(2048,3,1,1): 2 x 4.08 us = 8.16 us
RMS_NORM_MUL RMS_NORM(2048,9,1,1): 59 x 5.372 us = 317 us
RMS_NORM_MUL_ROPE RMS_NORM(64,32,9,1): 8 x 15.27 us = 122.16 us
RMS_NORM_MUL_ROPE RMS_NORM(64,8,9,1): 8 x 6.83 us = 54.64 us
SET_ROWS: 16 x 3.01 us = 48.16 us
SSM_CONV: 22 x 4.621 us = 101.68 us
Total time: 44813.5 us.
----------------
Vulkan Timings:
ADD: 60 x 2.579 us = 154.76 us
CONCAT: 22 x 4.736 us = 104.2 us
CPY: 22 x 4.245 us = 93.4 us
FLASH_ATTN_EXT dst(64,32,1,4),  q(64,1,32,4),  k(64,256,8,4),  v(64,256,8,4),  m(256,1,1,4): 8 x 30.47 us = 243.76 us (275.307 GFLOPS/s)
GET_ROWS: 24 x 5.048 us = 121.16 us
GLU: 30 x 6.508 us = 195.24 us
MUL: 44 x 4.815 us = 211.88 us
MUL_MAT f32 m=64 n=128 k=64: 16 x 4.3 us = 68.8 us (241.95 GFLOPS/s)
MUL_MAT f32 m=64 n=32 k=64: 16 x 3.582 us = 57.32 us (72.6018 GFLOPS/s)
MUL_MAT_VEC q4_0_rocmfp4_fast m=10752 n=4 k=2048: 60 x 132.668 us = 7960.08 us (1327.51 GFLOPS/s)
MUL_MAT_VEC q4_0_rocmfp4_fast m=2048 n=1 k=2048 batch=4: 22 x 60.638 us = 1334.04 us (553.22 GFLOPS/s)
MUL_MAT_VEC q4_0_rocmfp4_fast m=2048 n=4 k=10752: 30 x 128.053 us = 3841.6 us (1375.62 GFLOPS/s)
MUL_MAT_VEC q4_0_rocmfp4_fast m=2048 n=4 k=2048: 16 x 35.215 us = 563.44 us (952.612 GFLOPS/s)
MUL_MAT_VEC q4_0_rocmfp4_fast m=512 n=4 k=2048: 16 x 10.21 us = 163.36 us (821.406 GFLOPS/s)
MUL_MAT_VEC q4_0_rocmfp4_fast m=6144 n=1 k=2048 batch=4: 22 x 176.674 us = 3886.84 us (569.628 GFLOPS/s)
MUL_MAT_VEC q6_K m=128000 n=4 k=2048: 1 x 1063.8 us = 1063.8 us (1970.9 GFLOPS/s)
RMS_NORM_MUL RMS_NORM(2048,4,1,1): 61 x 8.489 us = 517.84 us
RMS_NORM_MUL_ROPE RMS_NORM(64,32,4,1): 8 x 14.375 us = 115 us
RMS_NORM_MUL_ROPE RMS_NORM(64,8,4,1): 8 x 6.185 us = 49.48 us
SET_ROWS: 16 x 4.747 us = 75.96 us
SSM_CONV: 22 x 7.456 us = 164.04 us
Total time: 20986 us.
----------------
Vulkan Timings:
ADD: 60 x 2.572 us = 154.32 us
CONCAT: 22 x 3.263 us = 71.8 us
CPY: 22 x 2.112 us = 46.48 us
FLASH_ATTN_EXT dst(64,32,1,4),  q(64,1,32,4),  k(64,256,8,4),  v(64,256,8,4),  m(256,1,1,4): 8 x 21.835 us = 174.68 us (384.182 GFLOPS/s)
GET_ROWS: 24 x 3.065 us = 73.56 us
GLU: 30 x 5.944 us = 178.32 us
MUL: 44 x 3.587 us = 157.84 us
MUL_MAT f32 m=64 n=128 k=64: 16 x 2.742 us = 43.88 us (379.356 GFLOPS/s)
MUL_MAT f32 m=64 n=32 k=64: 16 x 2.41 us = 38.56 us (107.924 GFLOPS/s)
MUL_MAT_VEC q4_0_rocmfp4_fast m=10752 n=4 k=2048: 60 x 93.381 us = 5602.88 us (1886.01 GFLOPS/s)
MUL_MAT_VEC q4_0_rocmfp4_fast m=2048 n=1 k=2048 batch=4: 22 x 43.112 us = 948.48 us (778.105 GFLOPS/s)
MUL_MAT_VEC q4_0_rocmfp4_fast m=2048 n=4 k=10752: 30 x 93.34 us = 2800.2 us (1887.21 GFLOPS/s)
MUL_MAT_VEC q4_0_rocmfp4_fast m=2048 n=4 k=2048: 16 x 24.22 us = 387.52 us (1385.06 GFLOPS/s)
MUL_MAT_VEC q4_0_rocmfp4_fast m=512 n=4 k=2048: 16 x 7.352 us = 117.64 us (1140.64 GFLOPS/s)
MUL_MAT_VEC q4_0_rocmfp4_fast m=6144 n=1 k=2048 batch=4: 22 x 117.965 us = 2595.24 us (853.12 GFLOPS/s)
MUL_MAT_VEC q6_K m=128000 n=4 k=2048: 1 x 1114.8 us = 1114.8 us (1880.73 GFLOPS/s)
RMS_NORM_MUL RMS_NORM(2048,4,1,1): 61 x 6.561 us = 400.24 us
RMS_NORM_MUL_ROPE RMS_NORM(64,32,4,1): 8 x 11.79 us = 94.32 us
RMS_NORM_MUL_ROPE RMS_NORM(64,8,4,1): 8 x 5.005 us = 40.04 us
SET_ROWS: 16 x 3.522 us = 56.36 us
SSM_CONV: 22 x 6.649 us = 146.28 us
Total time: 15243.4 us.
----------------
Vulkan Timings:
ADD: 60 x 2.565 us = 153.92 us
CONCAT: 22 x 3.627 us = 79.8 us
CPY: 22 x 3.985 us = 87.68 us
FLASH_ATTN_EXT dst(64,32,1,4),  q(64,1,32,4),  k(64,256,8,4),  v(64,256,8,4),  m(256,1,1,4): 8 x 22.805 us = 182.44 us (367.841 GFLOPS/s)
GET_ROWS: 24 x 3.65 us = 87.6 us
GLU: 30 x 5.697 us = 170.92 us
MUL: 44 x 3.725 us = 163.92 us
MUL_MAT f32 m=64 n=128 k=64: 16 x 2.717 us = 43.48 us (382.846 GFLOPS/s)
MUL_MAT f32 m=64 n=32 k=64: 16 x 2.952 us = 47.24 us (88.0935 GFLOPS/s)
MUL_MAT_VEC q4_0_rocmfp4_fast m=10752 n=4 k=2048: 60 x 101.052 us = 6063.12 us (1742.84 GFLOPS/s)
MUL_MAT_VEC q4_0_rocmfp4_fast m=2048 n=1 k=2048 batch=4: 22 x 47.523 us = 1045.52 us (705.885 GFLOPS/s)
MUL_MAT_VEC q4_0_rocmfp4_fast m=2048 n=4 k=10752: 30 x 99.185 us = 2975.56 us (1775.99 GFLOPS/s)
MUL_MAT_VEC q4_0_rocmfp4_fast m=2048 n=4 k=2048: 16 x 25.922 us = 414.76 us (1294.1 GFLOPS/s)
MUL_MAT_VEC q4_0_rocmfp4_fast m=512 n=4 k=2048: 16 x 8.502 us = 136.04 us (986.364 GFLOPS/s)
MUL_MAT_VEC q4_0_rocmfp4_fast m=6144 n=1 k=2048 batch=4: 22 x 128.427 us = 2825.4 us (783.624 GFLOPS/s)
MUL_MAT_VEC q6_K m=128000 n=4 k=2048: 1 x 1063.16 us = 1063.16 us (1972.08 GFLOPS/s)
RMS_NORM_MUL RMS_NORM(2048,4,1,1): 61 x 6.782 us = 413.72 us
RMS_NORM_MUL_ROPE RMS_NORM(64,32,4,1): 8 x 12.87 us = 102.96 us
RMS_NORM_MUL_ROPE RMS_NORM(64,8,4,1): 8 x 5.235 us = 41.88 us
SET_ROWS: 16 x 3.64 us = 58.24 us
SSM_CONV: 22 x 6.921 us = 152.28 us
Total time: 16309.6 us.
----------------
Vulkan Timings:
ADD: 60 x 1.974 us = 118.44 us
CONCAT: 22 x 2.874 us = 63.24 us
CPY: 22 x 1.572 us = 34.6 us
FLASH_ATTN_EXT dst(64,32,1,4),  q(64,1,32,4),  k(64,256,8,4),  v(64,256,8,4),  m(256,1,1,4): 8 x 15.52 us = 124.16 us (540.503 GFLOPS/s)
GET_ROWS: 24 x 2.275 us = 54.6 us
GLU: 30 x 4.734 us = 142.04 us
MUL: 44 x 2.552 us = 112.32 us
MUL_MAT f32 m=64 n=128 k=64: 16 x 2.112 us = 33.8 us (492.489 GFLOPS/s)
MUL_MAT f32 m=64 n=32 k=64: 16 x 2.132 us = 34.12 us (121.968 GFLOPS/s)
MUL_MAT_VEC q4_0_rocmfp4_fast m=10752 n=4 k=2048: 60 x 61.743 us = 3704.6 us (2852.42 GFLOPS/s)
MUL_MAT_VEC q4_0_rocmfp4_fast m=2048 n=1 k=2048 batch=4: 22 x 29.956 us = 659.04 us (1119.84 GFLOPS/s)
MUL_MAT_VEC q4_0_rocmfp4_fast m=2048 n=4 k=10752: 30 x 63.366 us = 1901 us (2779.89 GFLOPS/s)
MUL_MAT_VEC q4_0_rocmfp4_fast m=2048 n=4 k=2048: 16 x 18.845 us = 301.52 us (1780.11 GFLOPS/s)
MUL_MAT_VEC q4_0_rocmfp4_fast m=512 n=4 k=2048: 16 x 3.65 us = 58.4 us (2297.69 GFLOPS/s)
MUL_MAT_VEC q4_0_rocmfp4_fast m=6144 n=1 k=2048 batch=4: 22 x 82.196 us = 1808.32 us (1224.37 GFLOPS/s)
MUL_MAT_VEC q6_K m=128000 n=4 k=2048: 1 x 1063.68 us = 1063.68 us (1971.12 GFLOPS/s)
RMS_NORM_MUL RMS_NORM(2048,4,1,1): 61 x 4.614 us = 281.48 us
RMS_NORM_MUL_ROPE RMS_NORM(64,32,4,1): 8 x 8.635 us = 69.08 us
RMS_NORM_MUL_ROPE RMS_NORM(64,8,4,1): 8 x 3.51 us = 28.08 us
SET_ROWS: 16 x 2.072 us = 33.16 us
SSM_CONV: 22 x 5.192 us = 114.24 us
Total time: 10739.9 us.
----------------
Vulkan Timings:
ADD: 60 x 2.512 us = 150.76 us
CONCAT: 22 x 3.405 us = 74.92 us
CPY: 22 x 2.016 us = 44.36 us
FLASH_ATTN_EXT dst(64,32,1,4),  q(64,1,32,4),  k(64,256,8,4),  v(64,256,8,4),  m(256,1,1,4): 8 x 21.75 us = 174 us (385.683 GFLOPS/s)
GET_ROWS: 24 x 4.256 us = 102.16 us
GLU: 30 x 6.505 us = 195.16 us
MUL: 44 x 3.768 us = 165.8 us
MUL_MAT f32 m=64 n=128 k=64: 16 x 2.717 us = 43.48 us (382.846 GFLOPS/s)
MUL_MAT f32 m=64 n=32 k=64: 16 x 2.535 us = 40.56 us (102.602 GFLOPS/s)
MUL_MAT_VEC q4_0_rocmfp4_fast m=10752 n=4 k=2048: 60 x 94.52 us = 5671.24 us (1863.27 GFLOPS/s)
MUL_MAT_VEC q4_0_rocmfp4_fast m=2048 n=1 k=2048 batch=4: 22 x 44.458 us = 978.08 us (754.557 GFLOPS/s)
MUL_MAT_VEC q4_0_rocmfp4_fast m=2048 n=4 k=10752: 30 x 92.473 us = 2774.2 us (1904.9 GFLOPS/s)
MUL_MAT_VEC q4_0_rocmfp4_fast m=2048 n=4 k=2048: 16 x 24.54 us = 392.64 us (1367 GFLOPS/s)
MUL_MAT_VEC q4_0_rocmfp4_fast m=512 n=4 k=2048: 16 x 6.797 us = 108.76 us (1233.77 GFLOPS/s)
MUL_MAT_VEC q4_0_rocmfp4_fast m=6144 n=1 k=2048 batch=4: 22 x 118.961 us = 2617.16 us (845.975 GFLOPS/s)
MUL_MAT_VEC q6_K m=128000 n=4 k=2048: 1 x 1064.68 us = 1064.68 us (1969.27 GFLOPS/s)
RMS_NORM_MUL RMS_NORM(2048,4,1,1): 61 x 6.558 us = 400.04 us
RMS_NORM_MUL_ROPE RMS_NORM(64,32,4,1): 8 x 11.685 us = 93.48 us
RMS_NORM_MUL_ROPE RMS_NORM(64,8,4,1): 8 x 4.915 us = 39.32 us
SET_ROWS: 16 x 3.265 us = 52.24 us
SSM_CONV: 22 x 6.703 us = 147.48 us
Total time: 15330.5 us.
----------------
Vulkan Timings:
ADD: 60 x 2.139 us = 128.36 us
CONCAT: 22 x 2.654 us = 58.4 us
CPY: 22 x 1.621 us = 35.68 us
FLASH_ATTN_EXT dst(64,32,1,4),  q(64,1,32,4),  k(64,256,8,4),  v(64,256,8,4),  m(256,1,1,4): 8 x 17.755 us = 142.04 us (472.465 GFLOPS/s)
GET_ROWS: 24 x 2.486 us = 59.68 us
GLU: 30 x 5.293 us = 158.8 us
MUL: 44 x 2.82 us = 124.08 us
MUL_MAT f32 m=64 n=128 k=64: 16 x 2.31 us = 36.96 us (450.383 GFLOPS/s)
MUL_MAT f32 m=64 n=32 k=64: 16 x 2.002 us = 32.04 us (129.886 GFLOPS/s)
MUL_MAT_VEC q4_0_rocmfp4_fast m=10752 n=4 k=2048: 60 x 69.749 us = 4184.96 us (2525.01 GFLOPS/s)
MUL_MAT_VEC q4_0_rocmfp4_fast m=2048 n=1 k=2048 batch=4: 22 x 34.06 us = 749.32 us (984.916 GFLOPS/s)
MUL_MAT_VEC q4_0_rocmfp4_fast m=2048 n=4 k=10752: 30 x 68.608 us = 2058.24 us (2567.52 GFLOPS/s)
MUL_MAT_VEC q4_0_rocmfp4_fast m=2048 n=4 k=2048: 16 x 20.83 us = 333.28 us (1610.48 GFLOPS/s)
MUL_MAT_VEC q4_0_rocmfp4_fast m=512 n=4 k=2048: 16 x 4.01 us = 64.16 us (2091.41 GFLOPS/s)
MUL_MAT_VEC q4_0_rocmfp4_fast m=6144 n=1 k=2048 batch=4: 22 x 92.661 us = 2038.56 us (1086.09 GFLOPS/s)
MUL_MAT_VEC q6_K m=128000 n=4 k=2048: 1 x 1072.08 us = 1072.08 us (1955.67 GFLOPS/s)
RMS_NORM_MUL RMS_NORM(2048,4,1,1): 61 x 5.247 us = 320.12 us
RMS_NORM_MUL_ROPE RMS_NORM(64,32,4,1): 8 x 9.535 us = 76.28 us
RMS_NORM_MUL_ROPE RMS_NORM(64,8,4,1): 8 x 3.93 us = 31.44 us
SET_ROWS: 16 x 2.612 us = 41.8 us
SSM_CONV: 22 x 5.145 us = 113.2 us
Total time: 11859.5 us.
----------------
Vulkan Timings:
ADD: 60 x 2.615 us = 156.92 us
CONCAT: 22 x 3.445 us = 75.8 us
CPY: 22 x 1.869 us = 41.12 us
FLASH_ATTN_EXT dst(64,32,1,4),  q(64,1,32,4),  k(64,256,8,4),  v(64,256,8,4),  m(256,1,1,4): 8 x 21.48 us = 171.84 us (390.531 GFLOPS/s)
GET_ROWS: 24 x 3.1 us = 74.4 us
GLU: 30 x 5.692 us = 170.76 us
MUL: 44 x 3.574 us = 157.28 us
MUL_MAT f32 m=64 n=128 k=64: 16 x 2.74 us = 43.84 us (379.702 GFLOPS/s)
MUL_MAT f32 m=64 n=32 k=64: 16 x 2.587 us = 41.4 us (100.52 GFLOPS/s)
MUL_MAT_VEC q4_0_rocmfp4_fast m=10752 n=4 k=2048: 60 x 92.228 us = 5533.68 us (1909.59 GFLOPS/s)
MUL_MAT_VEC q4_0_rocmfp4_fast m=2048 n=1 k=2048 batch=4: 22 x 42.681 us = 939 us (785.961 GFLOPS/s)
MUL_MAT_VEC q4_0_rocmfp4_fast m=2048 n=4 k=10752: 30 x 91.274 us = 2738.24 us (1929.92 GFLOPS/s)
MUL_MAT_VEC q4_0_rocmfp4_fast m=2048 n=4 k=2048: 16 x 24.085 us = 385.36 us (1392.83 GFLOPS/s)
MUL_MAT_VEC q4_0_rocmfp4_fast m=512 n=4 k=2048: 16 x 7.352 us = 117.64 us (1140.64 GFLOPS/s)
MUL_MAT_VEC q4_0_rocmfp4_fast m=6144 n=1 k=2048 batch=4: 22 x 115.821 us = 2548.08 us (868.91 GFLOPS/s)
MUL_MAT_VEC q6_K m=128000 n=4 k=2048: 1 x 1093.8 us = 1093.8 us (1916.84 GFLOPS/s)
RMS_NORM_MUL RMS_NORM(2048,4,1,1): 61 x 6.502 us = 396.64 us
RMS_NORM_MUL_ROPE RMS_NORM(64,32,4,1): 8 x 11.79 us = 94.32 us
RMS_NORM_MUL_ROPE RMS_NORM(64,8,4,1): 8 x 4.97 us = 39.76 us
SET_ROWS: 16 x 3.482 us = 55.72 us
SSM_CONV: 22 x 6.581 us = 144.8 us
Total time: 15020.4 us.
----------------
Vulkan Timings:
ADD: 60 x 1.98 us = 118.8 us
CONCAT: 22 x 2.449 us = 53.88 us
CPY: 22 x 1.705 us = 37.52 us
FLASH_ATTN_EXT dst(64,32,1,4),  q(64,1,32,4),  k(64,256,8,4),  v(64,256,8,4),  m(256,1,1,4): 8 x 16.655 us = 133.24 us (503.669 GFLOPS/s)
GET_ROWS: 24 x 2.361 us = 56.68 us
GLU: 30 x 4.97 us = 149.12 us
MUL: 44 x 2.612 us = 114.96 us
MUL_MAT f32 m=64 n=128 k=64: 16 x 2.222 us = 35.56 us (468.114 GFLOPS/s)
MUL_MAT f32 m=64 n=32 k=64: 16 x 1.905 us = 30.48 us (136.533 GFLOPS/s)
MUL_MAT_VEC q4_0_rocmfp4_fast m=10752 n=4 k=2048: 60 x 68.239 us = 4094.35 us (2580.89 GFLOPS/s)
MUL_MAT_VEC q4_0_rocmfp4_fast m=2048 n=1 k=2048 batch=4: 22 x 32.045 us = 705 us (1046.83 GFLOPS/s)
MUL_MAT_VEC q4_0_rocmfp4_fast m=2048 n=4 k=10752: 30 x 64.874 us = 1946.24 us (2715.28 GFLOPS/s)
MUL_MAT_VEC q4_0_rocmfp4_fast m=2048 n=4 k=2048: 16 x 19.73 us = 315.68 us (1700.27 GFLOPS/s)
MUL_MAT_VEC q4_0_rocmfp4_fast m=512 n=4 k=2048: 16 x 3.815 us = 61.04 us (2198.31 GFLOPS/s)
MUL_MAT_VEC q4_0_rocmfp4_fast m=6144 n=1 k=2048 batch=4: 22 x 86.369 us = 1900.12 us (1165.22 GFLOPS/s)
MUL_MAT_VEC q6_K m=128000 n=4 k=2048: 1 x 1120.72 us = 1120.72 us (1870.8 GFLOPS/s)
RMS_NORM_MUL RMS_NORM(2048,4,1,1): 61 x 4.805 us = 293.12 us
RMS_NORM_MUL_ROPE RMS_NORM(64,32,4,1): 8 x 9.075 us = 72.6 us
RMS_NORM_MUL_ROPE RMS_NORM(64,8,4,1): 8 x 3.73 us = 29.84 us
SET_ROWS: 16 x 2.502 us = 40.04 us
SSM_CONV: 22 x 4.905 us = 107.92 us
Total time: 11416.9 us.
0.19.819.879 W srv          stop: cancel task, id_task = 138
0.19.820.919 I slot      release: id  1 | task 138 | stop processing: n_tokens = 136, truncated = 0
----------------
Vulkan Timings:
ADD: 60 x 3.228 us = 193.68 us
CONCAT: 22 x 6.685 us = 147.08 us
CPY: 22 x 6.121 us = 134.68 us
FLASH_ATTN_EXT dst(64,32,1,2),  q(64,1,32,2),  k(64,256,8,2),  v(64,256,8,2),  m(256,1,1,2): 8 x 31.59 us = 252.72 us (132.773 GFLOPS/s)
GET_ROWS: 24 x 5.111 us = 122.68 us
GLU: 30 x 3.806 us = 114.2 us
MUL: 44 x 5.12 us = 225.28 us
MUL_MAT f32 m=64 n=16 k=64: 16 x 4.867 us = 77.88 us (26.7176 GFLOPS/s)
MUL_MAT f32 m=64 n=64 k=64: 16 x 6.097 us = 97.56 us (85.3123 GFLOPS/s)
MUL_MAT_VEC q4_0_rocmfp4_fast m=10752 n=2 k=2048: 60 x 120.913 us = 7254.8 us (728.281 GFLOPS/s)
MUL_MAT_VEC q4_0_rocmfp4_fast m=2048 n=1 k=2048 batch=2: 22 x 47.481 us = 1044.6 us (353.254 GFLOPS/s)
MUL_MAT_VEC q4_0_rocmfp4_fast m=2048 n=2 k=10752: 30 x 117.492 us = 3524.76 us (749.636 GFLOPS/s)
MUL_MAT_VEC q4_0_rocmfp4_fast m=2048 n=2 k=2048: 16 x 34.135 us = 546.16 us (491.376 GFLOPS/s)
MUL_MAT_VEC q4_0_rocmfp4_fast m=512 n=2 k=2048: 16 x 9.045 us = 144.72 us (463.602 GFLOPS/s)
MUL_MAT_VEC q4_0_rocmfp4_fast m=6144 n=1 k=2048 batch=2: 22 x 114.021 us = 2508.48 us (441.313 GFLOPS/s)
MUL_MAT_VEC q6_K m=128000 n=2 k=2048: 1 x 942.76 us = 942.76 us (1111.97 GFLOPS/s)
RMS_NORM_MUL RMS_NORM(2048,2,1,1): 61 x 11.142 us = 679.72 us
RMS_NORM_MUL_ROPE RMS_NORM(64,32,2,1): 8 x 10.82 us = 86.56 us
RMS_NORM_MUL_ROPE RMS_NORM(64,8,2,1): 8 x 8 us = 64 us
SET_ROWS: 16 x 6.08 us = 97.28 us
SSM_CONV: 22 x 7.438 us = 163.64 us
Total time: 18423.2 us.
----------------
Vulkan Timings:
ADD: 22 x 2.64 us = 58.08 us
CONCAT: 22 x 2.565 us = 56.44 us
CPY: 22 x 2.654 us = 58.4 us
FLASH_ATTN_EXT dst(64,32,1,1),  q(64,1,32,1),  k(64,256,8,1),  v(64,256,8,1),  m(256,1,1,1): 8 x 12.735 us = 101.88 us (164.676 GFLOPS/s)
GET_ROWS: 24 x 2.441 us = 58.6 us
GLU: 30 x 2.618 us = 78.56 us
MUL: 44 x 2.703 us = 118.96 us
MUL_MAT f32 m=64 n=32 k=64: 16 x 2.357 us = 37.72 us (110.327 GFLOPS/s)
MUL_MAT_ADD MUL_MAT_VEC q4_0_rocmfp4_fast m=2048 n=1 k=10752: 30 x 53.765 us = 1612.96 us (819.081 GFLOPS/s)
MUL_MAT_ADD MUL_MAT_VEC q4_0_rocmfp4_fast m=2048 n=1 k=2048: 8 x 13.365 us = 106.92 us (627.502 GFLOPS/s)
MUL_MAT_VEC f32 m=64 n=8 k=64: 16 x 2.18 us = 34.88 us (29.8275 GFLOPS/s)
MUL_MAT_VEC q4_0_rocmfp4_fast m=10752 n=1 k=2048: 60 x 51.776 us = 3106.6 us (850.372 GFLOPS/s)
MUL_MAT_VEC q4_0_rocmfp4_fast m=2048 n=1 k=2048: 30 x 14.933 us = 448 us (561.6 GFLOPS/s)
MUL_MAT_VEC q4_0_rocmfp4_fast m=512 n=1 k=2048: 16 x 2.87 us = 45.92 us (730.537 GFLOPS/s)
MUL_MAT_VEC q4_0_rocmfp4_fast m=6144 n=1 k=2048: 22 x 33.216 us = 730.76 us (757.448 GFLOPS/s)
MUL_MAT_VEC q6_K m=128000 n=1 k=2048: 1 x 875.44 us = 875.44 us (598.739 GFLOPS/s)
RMS_NORM_MUL RMS_NORM(2048,1,1,1): 61 x 4.771 us = 291.08 us
RMS_NORM_MUL_ROPE RMS_NORM(64,32,1,1): 8 x 4.585 us = 36.68 us
RMS_NORM_MUL_ROPE RMS_NORM(64,8,1,1): 8 x 3.945 us = 31.56 us
SET_ROWS: 16 x 2.637 us = 42.2 us
SSM_CONV: 22 x 2.667 us = 58.68 us
Total time: 7990.32 us.
0.19.860.429 W srv  compact_acti: SEQCOMPACT event=move logical=3 physical_from=3 physical_to=2 idle_logical=1 backend_sampling=0 pos_min=136 pos_max=136
0.19.860.446 I slot get_availabl: id  1 | task -1 | selected slot by id (1)
0.19.860.474 I slot launch_slot_: id  1 | task 152 | processing task, is_child = 0
----------------
Vulkan Timings:
ADD: 60 x 2.48 us = 148.8 us
CONCAT: 22 x 4.198 us = 92.36 us
CPY: 22 x 3.16 us = 69.52 us
FLASH_ATTN_EXT dst(64,32,1,4),  q(64,1,32,4),  k(64,256,8,4),  v(64,256,8,4),  m(256,1,1,4): 8 x 25.16 us = 201.28 us (333.41 GFLOPS/s)
GET_ROWS: 24 x 3.678 us = 88.28 us
GLU: 30 x 6.85 us = 205.52 us
MUL: 44 x 4.557 us = 200.52 us
MUL_MAT f32 m=64 n=128 k=64: 16 x 4.032 us = 64.52 us (258 GFLOPS/s)
MUL_MAT f32 m=64 n=32 k=64: 16 x 2.887 us = 46.2 us (90.0765 GFLOPS/s)
MUL_MAT_VEC q4_0_rocmfp4_fast m=10752 n=3 k=2048: 2 x 57.66 us = 115.32 us (2290.81 GFLOPS/s)
MUL_MAT_VEC q4_0_rocmfp4_fast m=10752 n=4 k=2048: 58 x 115.514 us = 6699.84 us (1524.64 GFLOPS/s)
MUL_MAT_VEC q4_0_rocmfp4_fast m=2048 n=1 k=2048 batch=4: 22 x 52.154 us = 1147.4 us (643.208 GFLOPS/s)
MUL_MAT_VEC q4_0_rocmfp4_fast m=2048 n=3 k=10752: 1 x 57 us = 57 us (2317.8 GFLOPS/s)
MUL_MAT_VEC q4_0_rocmfp4_fast m=2048 n=4 k=10752: 29 x 114.6 us = 3323.4 us (1537.11 GFLOPS/s)
MUL_MAT_VEC q4_0_rocmfp4_fast m=2048 n=4 k=2048: 16 x 28.967 us = 463.48 us (1158.06 GFLOPS/s)
MUL_MAT_VEC q4_0_rocmfp4_fast m=512 n=4 k=2048: 16 x 8.785 us = 140.56 us (954.645 GFLOPS/s)
MUL_MAT_VEC q4_0_rocmfp4_fast m=6144 n=1 k=2048 batch=4: 22 x 144.178 us = 3171.92 us (698.016 GFLOPS/s)
MUL_MAT_VEC q6_K m=128000 n=3 k=2048: 1 x 985.08 us = 985.08 us (1596.3 GFLOPS/s)
RMS_NORM_MUL RMS_NORM(2048,3,1,1): 2 x 4.02 us = 8.04 us
RMS_NORM_MUL RMS_NORM(2048,4,1,1): 59 x 7.58 us = 447.24 us
RMS_NORM_MUL_ROPE RMS_NORM(64,32,4,1): 8 x 13.36 us = 106.88 us
RMS_NORM_MUL_ROPE RMS_NORM(64,8,4,1): 8 x 5.275 us = 42.2 us
SCALE: 22 x 3.852 us = 84.76 us
SET_ROWS: 16 x 4.005 us = 64.08 us
SSM_CONV: 22 x 6.969 us = 153.32 us
Total time: 18127.5 us.
----------------
Vulkan Timings:
ADD: 58 x 10.058 us = 583.4 us
CONCAT: 22 x 25.829 us = 568.24 us
CPY: 22 x 3.007 us = 66.16 us
FLASH_ATTN_EXT dst(64,32,123,1),  q(64,123,32,1),  k(64,256,8,1),  v(64,256,8,1),  m(256,123,1,1): 8 x 116.62 us = 932.96 us (2211.88 GFLOPS/s)
GET_ROWS: 22 x 3.14 us = 69.08 us
GLU: 29 x 36.503 us = 1058.6 us
MUL: 44 x 10.191 us = 448.44 us
MUL_MAT f32 m=64 n=3936 k=64: 16 x 5.625 us = 90 us (5687.43 GFLOPS/s)
MUL_MAT f32 m=64 n=984 k=64: 16 x 3.76 us = 60.16 us (2127.11 GFLOPS/s)
MUL_MAT q4_0_rocmfp4_fast m=10752 n=123 k=2048: 58 x 428.286 us = 24840.6 us (12644.9 GFLOPS/s)
MUL_MAT q4_0_rocmfp4_fast m=2048 n=123 k=10752: 29 x 580.022 us = 16820.7 us (9338.76 GFLOPS/s)
MUL_MAT q4_0_rocmfp4_fast m=2048 n=123 k=2048: 38 x 95.041 us = 3611.56 us (10853.7 GFLOPS/s)
MUL_MAT q4_0_rocmfp4_fast m=512 n=123 k=2048: 16 x 43.712 us = 699.4 us (5899.61 GFLOPS/s)
MUL_MAT q4_0_rocmfp4_fast m=6144 n=123 k=2048: 22 x 239.213 us = 5262.69 us (12936.7 GFLOPS/s)
RMS_NORM_MUL RMS_NORM(2048,123,1,1): 59 x 9.578 us = 565.12 us
RMS_NORM_MUL_ROPE RMS_NORM(64,32,123,1): 8 x 99.26 us = 794.08 us
RMS_NORM_MUL_ROPE RMS_NORM(64,8,123,1): 8 x 26.6 us = 212.8 us
SET_ROWS: 16 x 2.88 us = 46.08 us
SSM_CONV: 22 x 12.136 us = 267 us
Total time: 56997 us.
----------------
Vulkan Timings:
ADD: 60 x 3.165 us = 189.92 us
CONCAT: 22 x 5.11 us = 112.44 us
CPY: 22 x 4.661 us = 102.56 us
FLASH_ATTN_EXT dst(64,32,1,4),  q(64,1,32,4),  k(64,256,8,4),  v(64,256,8,4),  m(256,1,1,4): 8 x 30.545 us = 244.36 us (274.631 GFLOPS/s)
GET_ROWS: 24 x 5.163 us = 123.92 us
GLU: 30 x 8.337 us = 250.12 us
MUL: 44 x 4.624 us = 203.48 us
MUL_MAT f32 m=64 n=128 k=64: 16 x 4.625 us = 74 us (224.948 GFLOPS/s)
MUL_MAT f32 m=64 n=32 k=64: 16 x 3.905 us = 62.48 us (66.6059 GFLOPS/s)
MUL_MAT_VEC q4_0_rocmfp4_fast m=10752 n=3 k=2048: 2 x 65.7 us = 131.4 us (2010.48 GFLOPS/s)
MUL_MAT_VEC q4_0_rocmfp4_fast m=10752 n=4 k=2048: 58 x 138.553 us = 8036.12 us (1271.11 GFLOPS/s)
MUL_MAT_VEC q4_0_rocmfp4_fast m=2048 n=1 k=2048 batch=4: 22 x 74.189 us = 1632.16 us (452.172 GFLOPS/s)
MUL_MAT_VEC q4_0_rocmfp4_fast m=2048 n=3 k=10752: 1 x 58.72 us = 58.72 us (2249.91 GFLOPS/s)
MUL_MAT_VEC q4_0_rocmfp4_fast m=2048 n=4 k=10752: 29 x 134.226 us = 3892.56 us (1312.36 GFLOPS/s)
MUL_MAT_VEC q4_0_rocmfp4_fast m=2048 n=4 k=2048: 16 x 36.335 us = 581.36 us (923.249 GFLOPS/s)
MUL_MAT_VEC q4_0_rocmfp4_fast m=512 n=4 k=2048: 16 x 10.982 us = 175.72 us (763.629 GFLOPS/s)
MUL_MAT_VEC q4_0_rocmfp4_fast m=6144 n=1 k=2048 batch=4: 22 x 171.36 us = 3769.92 us (587.294 GFLOPS/s)
MUL_MAT_VEC q6_K m=128000 n=3 k=2048: 1 x 986.2 us = 986.2 us (1594.48 GFLOPS/s)
RMS_NORM_MUL RMS_NORM(2048,3,1,1): 2 x 4.7 us = 9.4 us
RMS_NORM_MUL RMS_NORM(2048,4,1,1): 59 x 9.016 us = 531.96 us
RMS_NORM_MUL_ROPE RMS_NORM(64,32,4,1): 8 x 14.745 us = 117.96 us
RMS_NORM_MUL_ROPE RMS_NORM(64,8,4,1): 8 x 6.365 us = 50.92 us
SET_ROWS: 16 x 4.9 us = 78.4 us
SSM_CONV: 22 x 10.518 us = 231.4 us
Total time: 21647.5 us.
----------------
Vulkan Timings:
ADD: 59 x 3.089 us = 182.28 us
CONCAT: 22 x 5.225 us = 114.96 us
CPY: 22 x 5.663 us = 124.6 us
FLASH_ATTN_EXT dst(64,32,3,1),  q(64,3,32,1),  k(64,256,8,1),  v(64,256,8,1),  m(256,3,1,1): 8 x 34.475 us = 275.8 us (182.493 GFLOPS/s)
GET_ROWS: 24 x 4.721 us = 113.32 us
GLU: 30 x 3.649 us = 109.48 us
MUL: 44 x 4.468 us = 196.6 us
MUL_MAT f32 m=64 n=24 k=64: 16 x 4.192 us = 67.08 us (46.5288 GFLOPS/s)
MUL_MAT f32 m=64 n=96 k=64: 16 x 5 us = 80 us (156.058 GFLOPS/s)
MUL_MAT_ADD MUL_MAT_VEC q4_0_rocmfp4_fast m=2048 n=1 k=10752: 1 x 54.64 us = 54.64 us (805.969 GFLOPS/s)
MUL_MAT_VEC q4_0_rocmfp4_fast m=10752 n=1 k=2048: 2 x 52.06 us = 104.12 us (845.744 GFLOPS/s)
MUL_MAT_VEC q4_0_rocmfp4_fast m=10752 n=3 k=2048: 58 x 128.209 us = 7436.16 us (1030.25 GFLOPS/s)
MUL_MAT_VEC q4_0_rocmfp4_fast m=2048 n=3 k=10752: 29 x 123.057 us = 3568.68 us (1073.6 GFLOPS/s)
MUL_MAT_VEC q4_0_rocmfp4_fast m=2048 n=3 k=2048: 38 x 34.542 us = 1312.6 us (728.377 GFLOPS/s)
MUL_MAT_VEC q4_0_rocmfp4_fast m=512 n=3 k=2048: 16 x 10.665 us = 170.64 us (589.772 GFLOPS/s)
MUL_MAT_VEC q4_0_rocmfp4_fast m=6144 n=3 k=2048: 22 x 77.583 us = 1706.84 us (972.873 GFLOPS/s)
MUL_MAT_VEC q6_K m=128000 n=1 k=2048: 1 x 865.68 us = 865.68 us (605.489 GFLOPS/s)
RMS_NORM_MUL RMS_NORM(2048,1,1,1): 2 x 2.78 us = 5.56 us
RMS_NORM_MUL RMS_NORM(2048,3,1,1): 59 x 9.73 us = 574.12 us
RMS_NORM_MUL_ROPE RMS_NORM(64,32,3,1): 8 x 15.8 us = 126.4 us
RMS_NORM_MUL_ROPE RMS_NORM(64,8,3,1): 8 x 6.625 us = 53 us
SET_ROWS: 16 x 5.102 us = 81.64 us
SSM_CONV: 22 x 6.072 us = 133.6 us
Total time: 17457.8 us.
----------------
Vulkan Timings:
ADD: 60 x 2.722 us = 163.32 us
CONCAT: 22 x 5.249 us = 115.48 us
CPY: 22 x 4.409 us = 97 us
FLASH_ATTN_EXT dst(64,32,1,4),  q(64,1,32,4),  k(64,256,8,4),  v(64,256,8,4),  m(256,1,1,4): 8 x 30.125 us = 241 us (278.46 GFLOPS/s)
GET_ROWS: 24 x 4.648 us = 111.56 us
GLU: 30 x 7.566 us = 227 us
MUL: 44 x 4.34 us = 191 us
MUL_MAT f32 m=64 n=128 k=64: 16 x 4.697 us = 75.16 us (221.476 GFLOPS/s)
MUL_MAT f32 m=64 n=32 k=64: 16 x 3.955 us = 63.28 us (65.7638 GFLOPS/s)
MUL_MAT_VEC q4_0_rocmfp4_fast m=10752 n=4 k=2048: 60 x 139.065 us = 8343.92 us (1266.44 GFLOPS/s)
MUL_MAT_VEC q4_0_rocmfp4_fast m=2048 n=1 k=2048 batch=4: 22 x 64.254 us = 1413.6 us (522.084 GFLOPS/s)
MUL_MAT_VEC q4_0_rocmfp4_fast m=2048 n=4 k=10752: 30 x 134.661 us = 4039.84 us (1308.12 GFLOPS/s)
MUL_MAT_VEC q4_0_rocmfp4_fast m=2048 n=4 k=2048: 16 x 36.985 us = 591.76 us (907.023 GFLOPS/s)
MUL_MAT_VEC q4_0_rocmfp4_fast m=512 n=4 k=2048: 16 x 11.72 us = 187.52 us (715.577 GFLOPS/s)
MUL_MAT_VEC q4_0_rocmfp4_fast m=6144 n=1 k=2048 batch=4: 22 x 185.681 us = 4085 us (541.996 GFLOPS/s)
MUL_MAT_VEC q6_K m=128000 n=4 k=2048: 1 x 1077.36 us = 1077.36 us (1946.09 GFLOPS/s)
RMS_NORM_MUL RMS_NORM(2048,4,1,1): 61 x 9.178 us = 559.88 us
RMS_NORM_MUL_ROPE RMS_NORM(64,32,4,1): 8 x 14.49 us = 115.92 us
RMS_NORM_MUL_ROPE RMS_NORM(64,8,4,1): 8 x 6.425 us = 51.4 us
SET_ROWS: 16 x 4.515 us = 72.24 us
SSM_CONV: 22 x 8.029 us = 176.64 us
Total time: 21999.9 us.
----------------
Vulkan Timings:
ADD: 60 x 1.828 us = 109.72 us
CONCAT: 22 x 2.34 us = 51.48 us
CPY: 22 x 1.587 us = 34.92 us
FLASH_ATTN_EXT dst(64,32,1,4),  q(64,1,32,4),  k(64,256,8,4),  v(64,256,8,4),  m(256,1,1,4): 8 x 15.085 us = 120.68 us (556.089 GFLOPS/s)
GET_ROWS: 24 x 2.22 us = 53.28 us
GLU: 30 x 4.496 us = 134.88 us
MUL: 44 x 2.519 us = 110.84 us
MUL_MAT f32 m=64 n=128 k=64: 16 x 2.107 us = 33.72 us (493.658 GFLOPS/s)
MUL_MAT f32 m=64 n=32 k=64: 16 x 2.082 us = 33.32 us (124.896 GFLOPS/s)
MUL_MAT_VEC q4_0_rocmfp4_fast m=10752 n=4 k=2048: 60 x 60.236 us = 3614.2 us (2923.76 GFLOPS/s)
MUL_MAT_VEC q4_0_rocmfp4_fast m=2048 n=1 k=2048 batch=4: 22 x 28.585 us = 628.88 us (1173.54 GFLOPS/s)
MUL_MAT_VEC q4_0_rocmfp4_fast m=2048 n=4 k=10752: 30 x 60.941 us = 1828.24 us (2890.53 GFLOPS/s)
MUL_MAT_VEC q4_0_rocmfp4_fast m=2048 n=4 k=2048: 16 x 18.41 us = 294.56 us (1822.17 GFLOPS/s)
MUL_MAT_VEC q4_0_rocmfp4_fast m=512 n=4 k=2048: 16 x 3.535 us = 56.56 us (2372.44 GFLOPS/s)
MUL_MAT_VEC q4_0_rocmfp4_fast m=6144 n=1 k=2048 batch=4: 22 x 79.532 us = 1749.72 us (1265.37 GFLOPS/s)
MUL_MAT_VEC q6_K m=128000 n=4 k=2048: 1 x 1055.52 us = 1055.52 us (1986.36 GFLOPS/s)
RMS_NORM_MUL RMS_NORM(2048,4,1,1): 61 x 4.392 us = 267.92 us
RMS_NORM_MUL_ROPE RMS_NORM(64,32,4,1): 8 x 8.36 us = 66.88 us
RMS_NORM_MUL_ROPE RMS_NORM(64,8,4,1): 8 x 3.395 us = 27.16 us
SET_ROWS: 16 x 2.055 us = 32.88 us
SSM_CONV: 22 x 4.909 us = 108 us
Total time: 10413.4 us.
----------------
Vulkan Timings:
ADD: 60 x 1.868 us = 112.12 us
CONCAT: 22 x 2.3 us = 50.6 us
CPY: 22 x 1.558 us = 34.28 us
FLASH_ATTN_EXT dst(64,32,1,4),  q(64,1,32,4),  k(64,256,8,4),  v(64,256,8,4),  m(256,1,1,4): 8 x 14.98 us = 119.84 us (559.987 GFLOPS/s)
GET_ROWS: 24 x 2.628 us = 63.08 us
GLU: 30 x 4.454 us = 133.64 us
MUL: 44 x 2.436 us = 107.2 us
MUL_MAT f32 m=64 n=128 k=64: 16 x 2.07 us = 33.12 us (502.601 GFLOPS/s)
MUL_MAT f32 m=64 n=32 k=64: 16 x 2.072 us = 33.16 us (125.499 GFLOPS/s)
MUL_MAT_VEC q4_0_rocmfp4_fast m=10752 n=4 k=2048: 60 x 60.308 us = 3618.52 us (2920.27 GFLOPS/s)
MUL_MAT_VEC q4_0_rocmfp4_fast m=2048 n=1 k=2048 batch=4: 22 x 29.101 us = 640.24 us (1152.72 GFLOPS/s)
MUL_MAT_VEC q4_0_rocmfp4_fast m=2048 n=4 k=10752: 30 x 61.438 us = 1843.16 us (2867.13 GFLOPS/s)
MUL_MAT_VEC q4_0_rocmfp4_fast m=2048 n=4 k=2048: 16 x 18.46 us = 295.36 us (1817.24 GFLOPS/s)
MUL_MAT_VEC q4_0_rocmfp4_fast m=512 n=4 k=2048: 16 x 3.532 us = 56.52 us (2374.11 GFLOPS/s)
MUL_MAT_VEC q4_0_rocmfp4_fast m=6144 n=1 k=2048 batch=4: 22 x 79.4 us = 1746.8 us (1267.49 GFLOPS/s)
MUL_MAT_VEC q6_K m=128000 n=4 k=2048: 1 x 1078 us = 1078 us (1944.94 GFLOPS/s)
RMS_NORM_MUL RMS_NORM(2048,4,1,1): 61 x 4.41 us = 269.04 us
RMS_NORM_MUL_ROPE RMS_NORM(64,32,4,1): 8 x 8.34 us = 66.72 us
RMS_NORM_MUL_ROPE RMS_NORM(64,8,4,1): 8 x 3.38 us = 27.04 us
SET_ROWS: 16 x 2.042 us = 32.68 us
SSM_CONV: 22 x 4.405 us = 96.92 us
Total time: 10458 us.
----------------
Vulkan Timings:
ADD: 60 x 1.808 us = 108.52 us
CONCAT: 22 x 2.365 us = 52.04 us
CPY: 22 x 1.556 us = 34.24 us
FLASH_ATTN_EXT dst(64,32,1,4),  q(64,1,32,4),  k(64,256,8,4),  v(64,256,8,4),  m(256,1,1,4): 8 x 14.925 us = 119.4 us (562.051 GFLOPS/s)
GET_ROWS: 24 x 2.215 us = 53.16 us
GLU: 30 x 4.526 us = 135.8 us
MUL: 44 x 2.42 us = 106.48 us
MUL_MAT f32 m=64 n=128 k=64: 16 x 2.06 us = 32.96 us (505.041 GFLOPS/s)
MUL_MAT f32 m=64 n=32 k=64: 16 x 2.082 us = 33.32 us (124.896 GFLOPS/s)
MUL_MAT_VEC q4_0_rocmfp4_fast m=10752 n=4 k=2048: 60 x 60.114 us = 3606.88 us (2929.7 GFLOPS/s)
MUL_MAT_VEC q4_0_rocmfp4_fast m=2048 n=1 k=2048 batch=4: 22 x 29.752 us = 654.56 us (1127.5 GFLOPS/s)
MUL_MAT_VEC q4_0_rocmfp4_fast m=2048 n=4 k=10752: 30 x 63.073 us = 1892.2 us (2792.82 GFLOPS/s)
MUL_MAT_VEC q4_0_rocmfp4_fast m=2048 n=4 k=2048: 16 x 18.335 us = 293.36 us (1829.63 GFLOPS/s)
MUL_MAT_VEC q4_0_rocmfp4_fast m=512 n=4 k=2048: 16 x 3.552 us = 56.84 us (2360.75 GFLOPS/s)
MUL_MAT_VEC q4_0_rocmfp4_fast m=6144 n=1 k=2048 batch=4: 22 x 80.487 us = 1770.72 us (1250.37 GFLOPS/s)
MUL_MAT_VEC q6_K m=128000 n=4 k=2048: 1 x 1081.04 us = 1081.04 us (1939.47 GFLOPS/s)
RMS_NORM_MUL RMS_NORM(2048,4,1,1): 61 x 4.416 us = 269.4 us
RMS_NORM_MUL_ROPE RMS_NORM(64,32,4,1): 8 x 8.385 us = 67.08 us
RMS_NORM_MUL_ROPE RMS_NORM(64,8,4,1): 8 x 3.39 us = 27.12 us
SET_ROWS: 16 x 2.125 us = 34 us
SSM_CONV: 22 x 4.39 us = 96.6 us
Total time: 10525.7 us.
----------------
Vulkan Timings:
ADD: 60 x 1.827 us = 109.64 us
CONCAT: 22 x 2.316 us = 50.96 us
CPY: 22 x 1.563 us = 34.4 us
FLASH_ATTN_EXT dst(64,32,1,4),  q(64,1,32,4),  k(64,256,8,4),  v(64,256,8,4),  m(256,1,1,4): 8 x 14.985 us = 119.88 us (559.8 GFLOPS/s)
GET_ROWS: 24 x 2.235 us = 53.64 us
GLU: 30 x 4.537 us = 136.12 us
MUL: 44 x 2.44 us = 107.4 us
MUL_MAT f32 m=64 n=128 k=64: 16 x 2.082 us = 33.32 us (499.584 GFLOPS/s)
MUL_MAT f32 m=64 n=32 k=64: 16 x 2.082 us = 33.32 us (124.896 GFLOPS/s)
MUL_MAT_VEC q4_0_rocmfp4_fast m=10752 n=4 k=2048: 60 x 60.179 us = 3610.76 us (2926.55 GFLOPS/s)
MUL_MAT_VEC q4_0_rocmfp4_fast m=2048 n=1 k=2048 batch=4: 22 x 29.543 us = 649.96 us (1135.48 GFLOPS/s)
MUL_MAT_VEC q4_0_rocmfp4_fast m=2048 n=4 k=10752: 30 x 61.641 us = 1849.24 us (2857.7 GFLOPS/s)
MUL_MAT_VEC q4_0_rocmfp4_fast m=2048 n=4 k=2048: 16 x 18.392 us = 294.28 us (1823.91 GFLOPS/s)
MUL_MAT_VEC q4_0_rocmfp4_fast m=512 n=4 k=2048: 16 x 3.537 us = 56.6 us (2370.76 GFLOPS/s)
MUL_MAT_VEC q4_0_rocmfp4_fast m=6144 n=1 k=2048 batch=4: 22 x 79.389 us = 1746.56 us (1267.66 GFLOPS/s)
MUL_MAT_VEC q6_K m=128000 n=4 k=2048: 1 x 1062.76 us = 1062.76 us (1972.83 GFLOPS/s)
RMS_NORM_MUL RMS_NORM(2048,4,1,1): 61 x 4.369 us = 266.52 us
RMS_NORM_MUL_ROPE RMS_NORM(64,32,4,1): 8 x 8.355 us = 66.84 us
RMS_NORM_MUL_ROPE RMS_NORM(64,8,4,1): 8 x 3.385 us = 27.08 us
SET_ROWS: 16 x 2.065 us = 33.04 us
SSM_CONV: 22 x 4.429 us = 97.44 us
Total time: 10439.8 us.
----------------
Vulkan Timings:
ADD: 60 x 1.808 us = 108.52 us
CONCAT: 22 x 2.325 us = 51.16 us
CPY: 22 x 1.554 us = 34.2 us
FLASH_ATTN_EXT dst(64,32,1,4),  q(64,1,32,4),  k(64,256,8,4),  v(64,256,8,4),  m(256,1,1,4): 8 x 15.035 us = 120.28 us (557.939 GFLOPS/s)
GET_ROWS: 24 x 2.24 us = 53.76 us
GLU: 30 x 4.598 us = 137.96 us
MUL: 44 x 2.45 us = 107.84 us
MUL_MAT f32 m=64 n=128 k=64: 16 x 2.06 us = 32.96 us (505.041 GFLOPS/s)
MUL_MAT f32 m=64 n=32 k=64: 16 x 2.077 us = 33.24 us (125.197 GFLOPS/s)
MUL_MAT_VEC q4_0_rocmfp4_fast m=10752 n=4 k=2048: 60 x 60.601 us = 3636.08 us (2906.17 GFLOPS/s)
MUL_MAT_VEC q4_0_rocmfp4_fast m=2048 n=1 k=2048 batch=4: 22 x 29.669 us = 652.72 us (1130.68 GFLOPS/s)
MUL_MAT_VEC q4_0_rocmfp4_fast m=2048 n=4 k=10752: 30 x 61.384 us = 1841.52 us (2869.68 GFLOPS/s)
MUL_MAT_VEC q4_0_rocmfp4_fast m=2048 n=4 k=2048: 16 x 18.462 us = 295.4 us (1816.99 GFLOPS/s)
MUL_MAT_VEC q4_0_rocmfp4_fast m=512 n=4 k=2048: 16 x 3.55 us = 56.8 us (2362.41 GFLOPS/s)
MUL_MAT_VEC q4_0_rocmfp4_fast m=6144 n=1 k=2048 batch=4: 22 x 79.89 us = 1757.6 us (1259.7 GFLOPS/s)
MUL_MAT_VEC q6_K m=128000 n=4 k=2048: 1 x 1069.56 us = 1069.56 us (1960.28 GFLOPS/s)
RMS_NORM_MUL RMS_NORM(2048,4,1,1): 61 x 4.804 us = 293.08 us
RMS_NORM_MUL_ROPE RMS_NORM(64,32,4,1): 8 x 8.355 us = 66.84 us
RMS_NORM_MUL_ROPE RMS_NORM(64,8,4,1): 8 x 3.405 us = 27.24 us
SET_ROWS: 16 x 2.102 us = 33.64 us
SSM_CONV: 22 x 4.403 us = 96.88 us
Total time: 10507.3 us.
----------------
Vulkan Timings:
ADD: 60 x 1.839 us = 110.36 us
CONCAT: 22 x 2.301 us = 50.64 us
CPY: 22 x 1.585 us = 34.88 us
FLASH_ATTN_EXT dst(64,32,1,4),  q(64,1,32,4),  k(64,256,8,4),  v(64,256,8,4),  m(256,1,1,4): 8 x 16.25 us = 130 us (516.222 GFLOPS/s)
GET_ROWS: 24 x 2.61 us = 62.64 us
GLU: 30 x 4.545 us = 136.36 us
MUL: 44 x 2.441 us = 107.44 us
MUL_MAT f32 m=64 n=128 k=64: 16 x 2.092 us = 33.48 us (497.197 GFLOPS/s)
MUL_MAT f32 m=64 n=32 k=64: 16 x 2.072 us = 33.16 us (125.499 GFLOPS/s)
MUL_MAT_VEC q4_0_rocmfp4_fast m=10752 n=4 k=2048: 60 x 60.612 us = 3636.76 us (2905.63 GFLOPS/s)
MUL_MAT_VEC q4_0_rocmfp4_fast m=2048 n=1 k=2048 batch=4: 22 x 28.803 us = 633.68 us (1164.65 GFLOPS/s)
MUL_MAT_VEC q4_0_rocmfp4_fast m=2048 n=4 k=10752: 30 x 60.368 us = 1811.04 us (2917.98 GFLOPS/s)
MUL_MAT_VEC q4_0_rocmfp4_fast m=2048 n=4 k=2048: 16 x 18.842 us = 301.48 us (1780.35 GFLOPS/s)
MUL_MAT_VEC q4_0_rocmfp4_fast m=512 n=4 k=2048: 16 x 3.56 us = 56.96 us (2355.78 GFLOPS/s)
MUL_MAT_VEC q4_0_rocmfp4_fast m=6144 n=1 k=2048 batch=4: 22 x 79.701 us = 1753.44 us (1262.69 GFLOPS/s)
MUL_MAT_VEC q6_K m=128000 n=4 k=2048: 1 x 1065.68 us = 1065.68 us (1967.42 GFLOPS/s)
RMS_NORM_MUL RMS_NORM(2048,4,1,1): 61 x 4.442 us = 271 us
RMS_NORM_MUL_ROPE RMS_NORM(64,32,4,1): 8 x 8.295 us = 66.36 us
RMS_NORM_MUL_ROPE RMS_NORM(64,8,4,1): 8 x 3.395 us = 27.16 us
SET_ROWS: 16 x 1.98 us = 31.68 us
SSM_CONV: 22 x 4.385 us = 96.48 us
Total time: 10450.7 us.
----------------
Vulkan Timings:
ADD: 60 x 1.808 us = 108.48 us
CONCAT: 22 x 3.363 us = 74 us
CPY: 22 x 1.581 us = 34.8 us
FLASH_ATTN_EXT dst(64,32,1,4),  q(64,1,32,4),  k(64,256,8,4),  v(64,256,8,4),  m(256,1,1,4): 8 x 14.99 us = 119.92 us (559.614 GFLOPS/s)
GET_ROWS: 24 x 2.203 us = 52.88 us
GLU: 30 x 4.534 us = 136.04 us
MUL: 44 x 2.409 us = 106 us
MUL_MAT f32 m=64 n=128 k=64: 16 x 2.057 us = 32.92 us (505.654 GFLOPS/s)
MUL_MAT f32 m=64 n=32 k=64: 16 x 2.305 us = 36.88 us (112.84 GFLOPS/s)
MUL_MAT_VEC q4_0_rocmfp4_fast m=10752 n=4 k=2048: 60 x 59.957 us = 3597.44 us (2937.38 GFLOPS/s)
MUL_MAT_VEC q4_0_rocmfp4_fast m=2048 n=1 k=2048 batch=4: 22 x 28.605 us = 629.32 us (1172.72 GFLOPS/s)
MUL_MAT_VEC q4_0_rocmfp4_fast m=2048 n=4 k=10752: 30 x 61.22 us = 1836.6 us (2877.37 GFLOPS/s)
MUL_MAT_VEC q4_0_rocmfp4_fast m=2048 n=4 k=2048: 16 x 18.277 us = 292.44 us (1835.38 GFLOPS/s)
MUL_MAT_VEC q4_0_rocmfp4_fast m=512 n=4 k=2048: 16 x 3.545 us = 56.72 us (2365.74 GFLOPS/s)
MUL_MAT_VEC q4_0_rocmfp4_fast m=6144 n=1 k=2048 batch=4: 22 x 80.47 us = 1770.36 us (1250.62 GFLOPS/s)
MUL_MAT_VEC q6_K m=128000 n=4 k=2048: 1 x 1063.76 us = 1063.76 us (1970.97 GFLOPS/s)
RMS_NORM_MUL RMS_NORM(2048,4,1,1): 61 x 4.415 us = 269.36 us
RMS_NORM_MUL_ROPE RMS_NORM(64,32,4,1): 8 x 8.34 us = 66.72 us
RMS_NORM_MUL_ROPE RMS_NORM(64,8,4,1): 8 x 3.4 us = 27.2 us
SET_ROWS: 16 x 2.007 us = 32.12 us
SSM_CONV: 22 x 4.35 us = 95.72 us
Total time: 10439.7 us.
----------------
Vulkan Timings:
ADD: 60 x 1.813 us = 108.8 us
CONCAT: 22 x 2.307 us = 50.76 us
CPY: 22 x 1.565 us = 34.44 us
FLASH_ATTN_EXT dst(64,32,1,4),  q(64,1,32,4),  k(64,256,8,4),  v(64,256,8,4),  m(256,1,1,4): 8 x 15.365 us = 122.92 us (545.956 GFLOPS/s)
GET_ROWS: 24 x 2.218 us = 53.24 us
GLU: 30 x 4.536 us = 136.08 us
MUL: 44 x 2.434 us = 107.12 us
MUL_MAT f32 m=64 n=128 k=64: 16 x 2.075 us = 33.2 us (501.39 GFLOPS/s)
MUL_MAT f32 m=64 n=32 k=64: 16 x 2.087 us = 33.4 us (124.597 GFLOPS/s)
MUL_MAT_VEC q4_0_rocmfp4_fast m=10752 n=4 k=2048: 60 x 60.65 us = 3639 us (2903.84 GFLOPS/s)
MUL_MAT_VEC q4_0_rocmfp4_fast m=2048 n=1 k=2048 batch=4: 22 x 29.136 us = 641 us (1151.35 GFLOPS/s)
MUL_MAT_VEC q4_0_rocmfp4_fast m=2048 n=4 k=10752: 30 x 60.344 us = 1810.32 us (2919.14 GFLOPS/s)
MUL_MAT_VEC q4_0_rocmfp4_fast m=2048 n=4 k=2048: 16 x 18.392 us = 294.28 us (1823.91 GFLOPS/s)
MUL_MAT_VEC q4_0_rocmfp4_fast m=512 n=4 k=2048: 16 x 3.532 us = 56.52 us (2374.11 GFLOPS/s)
MUL_MAT_VEC q4_0_rocmfp4_fast m=6144 n=1 k=2048 batch=4: 22 x 79.416 us = 1747.16 us (1267.23 GFLOPS/s)
MUL_MAT_VEC q6_K m=128000 n=4 k=2048: 1 x 1064.24 us = 1064.24 us (1970.08 GFLOPS/s)
RMS_NORM_MUL RMS_NORM(2048,4,1,1): 61 x 4.373 us = 266.8 us
RMS_NORM_MUL_ROPE RMS_NORM(64,32,4,1): 8 x 8.355 us = 66.84 us
RMS_NORM_MUL_ROPE RMS_NORM(64,8,4,1): 8 x 3.405 us = 27.24 us
SET_ROWS: 16 x 2.005 us = 32.08 us
SSM_CONV: 22 x 4.409 us = 97 us
Total time: 10422.4 us.
----------------
Vulkan Timings:
ADD: 60 x 1.823 us = 109.4 us
CONCAT: 22 x 2.321 us = 51.08 us
CPY: 22 x 1.598 us = 35.16 us
FLASH_ATTN_EXT dst(64,32,1,4),  q(64,1,32,4),  k(64,256,8,4),  v(64,256,8,4),  m(256,1,1,4): 8 x 14.935 us = 119.48 us (561.674 GFLOPS/s)
GET_ROWS: 24 x 2.243 us = 53.84 us
GLU: 30 x 4.562 us = 136.88 us
MUL: 44 x 2.447 us = 107.68 us
MUL_MAT f32 m=64 n=128 k=64: 16 x 2.097 us = 33.56 us (496.011 GFLOPS/s)
MUL_MAT f32 m=64 n=32 k=64: 16 x 2.055 us = 32.88 us (126.567 GFLOPS/s)
MUL_MAT_VEC q4_0_rocmfp4_fast m=10752 n=4 k=2048: 60 x 60.827 us = 3649.64 us (2895.37 GFLOPS/s)
MUL_MAT_VEC q4_0_rocmfp4_fast m=2048 n=1 k=2048 batch=4: 22 x 28.601 us = 629.24 us (1172.87 GFLOPS/s)
MUL_MAT_VEC q4_0_rocmfp4_fast m=2048 n=4 k=10752: 30 x 61.305 us = 1839.16 us (2873.36 GFLOPS/s)
MUL_MAT_VEC q4_0_rocmfp4_fast m=2048 n=4 k=2048: 16 x 18.475 us = 295.6 us (1815.76 GFLOPS/s)
MUL_MAT_VEC q4_0_rocmfp4_fast m=512 n=4 k=2048: 16 x 3.555 us = 56.88 us (2359.09 GFLOPS/s)
MUL_MAT_VEC q4_0_rocmfp4_fast m=6144 n=1 k=2048 batch=4: 22 x 79.367 us = 1746.08 us (1268.01 GFLOPS/s)
MUL_MAT_VEC q6_K m=128000 n=4 k=2048: 1 x 1062.04 us = 1062.04 us (1974.16 GFLOPS/s)
RMS_NORM_MUL RMS_NORM(2048,4,1,1): 61 x 4.624 us = 282.12 us
RMS_NORM_MUL_ROPE RMS_NORM(64,32,4,1): 8 x 8.335 us = 66.68 us
RMS_NORM_MUL_ROPE RMS_NORM(64,8,4,1): 8 x 3.4 us = 27.2 us
SET_ROWS: 16 x 2.055 us = 32.88 us
SSM_CONV: 22 x 4.4 us = 96.8 us
Total time: 10464.3 us.
----------------
Vulkan Timings:
ADD: 60 x 1.807 us = 108.44 us
CONCAT: 22 x 2.309 us = 50.8 us
CPY: 22 x 1.561 us = 34.36 us
FLASH_ATTN_EXT dst(64,32,1,4),  q(64,1,32,4),  k(64,256,8,4),  v(64,256,8,4),  m(256,1,1,4): 8 x 15.07 us = 120.56 us (556.643 GFLOPS/s)
GET_ROWS: 24 x 2.253 us = 54.08 us
GLU: 30 x 4.466 us = 134 us
MUL: 44 x 2.436 us = 107.2 us
MUL_MAT f32 m=64 n=128 k=64: 16 x 2.09 us = 33.44 us (497.791 GFLOPS/s)
MUL_MAT f32 m=64 n=32 k=64: 16 x 2.085 us = 33.36 us (124.746 GFLOPS/s)
MUL_MAT_VEC q4_0_rocmfp4_fast m=10752 n=4 k=2048: 60 x 60.352 us = 3621.16 us (2918.14 GFLOPS/s)
MUL_MAT_VEC q4_0_rocmfp4_fast m=2048 n=1 k=2048 batch=4: 22 x 29.343 us = 645.56 us (1143.22 GFLOPS/s)
MUL_MAT_VEC q4_0_rocmfp4_fast m=2048 n=4 k=10752: 30 x 60.642 us = 1819.28 us (2904.76 GFLOPS/s)
MUL_MAT_VEC q4_0_rocmfp4_fast m=2048 n=4 k=2048: 16 x 18.447 us = 295.16 us (1818.47 GFLOPS/s)
MUL_MAT_VEC q4_0_rocmfp4_fast m=512 n=4 k=2048: 16 x 3.545 us = 56.72 us (2365.74 GFLOPS/s)
MUL_MAT_VEC q4_0_rocmfp4_fast m=6144 n=1 k=2048 batch=4: 22 x 79.44 us = 1747.68 us (1266.85 GFLOPS/s)
MUL_MAT_VEC q6_K m=128000 n=4 k=2048: 1 x 1119.36 us = 1119.36 us (1873.07 GFLOPS/s)
RMS_NORM_MUL RMS_NORM(2048,4,1,1): 61 x 4.533 us = 276.56 us
RMS_NORM_MUL_ROPE RMS_NORM(64,32,4,1): 8 x 8.355 us = 66.84 us
RMS_NORM_MUL_ROPE RMS_NORM(64,8,4,1): 8 x 3.435 us = 27.48 us
SET_ROWS: 16 x 2.1 us = 33.6 us
SSM_CONV: 22 x 4.43 us = 97.48 us
Total time: 10483.1 us.
----------------
Vulkan Timings:
ADD: 60 x 1.802 us = 108.12 us
CONCAT: 22 x 2.343 us = 51.56 us
CPY: 22 x 2.618 us = 57.6 us
FLASH_ATTN_EXT dst(64,32,1,4),  q(64,1,32,4),  k(64,256,8,4),  v(64,256,8,4),  m(256,1,1,4): 8 x 15.075 us = 120.6 us (556.458 GFLOPS/s)
GET_ROWS: 24 x 2.225 us = 53.4 us
GLU: 30 x 4.369 us = 131.08 us
MUL: 44 x 2.417 us = 106.36 us
MUL_MAT f32 m=64 n=128 k=64: 16 x 2.082 us = 33.32 us (499.584 GFLOPS/s)
MUL_MAT f32 m=64 n=32 k=64: 16 x 2.062 us = 33 us (126.107 GFLOPS/s)
MUL_MAT_VEC q4_0_rocmfp4_fast m=10752 n=4 k=2048: 60 x 60.278 us = 3616.72 us (2921.73 GFLOPS/s)
MUL_MAT_VEC q4_0_rocmfp4_fast m=2048 n=1 k=2048 batch=4: 22 x 29.74 us = 654.28 us (1127.98 GFLOPS/s)
MUL_MAT_VEC q4_0_rocmfp4_fast m=2048 n=4 k=10752: 30 x 61.586 us = 1847.6 us (2860.24 GFLOPS/s)
MUL_MAT_VEC q4_0_rocmfp4_fast m=2048 n=4 k=2048: 16 x 18.31 us = 292.96 us (1832.13 GFLOPS/s)
MUL_MAT_VEC q4_0_rocmfp4_fast m=512 n=4 k=2048: 16 x 3.535 us = 56.56 us (2372.44 GFLOPS/s)
MUL_MAT_VEC q4_0_rocmfp4_fast m=6144 n=1 k=2048 batch=4: 22 x 80.452 us = 1769.96 us (1250.91 GFLOPS/s)
MUL_MAT_VEC q6_K m=128000 n=4 k=2048: 1 x 1064.24 us = 1064.24 us (1970.08 GFLOPS/s)
RMS_NORM_MUL RMS_NORM(2048,4,1,1): 61 x 4.419 us = 269.56 us
RMS_NORM_MUL_ROPE RMS_NORM(64,32,4,1): 8 x 8.36 us = 66.88 us
RMS_NORM_MUL_ROPE RMS_NORM(64,8,4,1): 8 x 3.39 us = 27.12 us
SET_ROWS: 16 x 2.045 us = 32.72 us
SSM_CONV: 22 x 4.387 us = 96.52 us
Total time: 10490.2 us.
----------------
Vulkan Timings:
ADD: 60 x 1.794 us = 107.68 us
CONCAT: 22 x 2.3 us = 50.6 us
CPY: 22 x 1.55 us = 34.12 us
FLASH_ATTN_EXT dst(64,32,1,4),  q(64,1,32,4),  k(64,256,8,4),  v(64,256,8,4),  m(256,1,1,4): 8 x 15 us = 120 us (559.241 GFLOPS/s)
GET_ROWS: 24 x 3.146 us = 75.52 us
GLU: 30 x 4.736 us = 142.08 us
MUL: 44 x 2.432 us = 107.04 us
MUL_MAT f32 m=64 n=128 k=64: 16 x 2.09 us = 33.44 us (497.791 GFLOPS/s)
MUL_MAT f32 m=64 n=32 k=64: 16 x 2.07 us = 33.12 us (125.65 GFLOPS/s)
MUL_MAT_VEC q4_0_rocmfp4_fast m=10752 n=4 k=2048: 60 x 60.03 us = 3601.8 us (2933.83 GFLOPS/s)
MUL_MAT_VEC q4_0_rocmfp4_fast m=2048 n=1 k=2048 batch=4: 22 x 29.112 us = 640.48 us (1152.29 GFLOPS/s)
MUL_MAT_VEC q4_0_rocmfp4_fast m=2048 n=4 k=10752: 30 x 61.169 us = 1835.08 us (2879.75 GFLOPS/s)
MUL_MAT_VEC q4_0_rocmfp4_fast m=2048 n=4 k=2048: 16 x 18.41 us = 294.56 us (1822.17 GFLOPS/s)
MUL_MAT_VEC q4_0_rocmfp4_fast m=512 n=4 k=2048: 16 x 3.582 us = 57.32 us (2340.98 GFLOPS/s)
MUL_MAT_VEC q4_0_rocmfp4_fast m=6144 n=1 k=2048 batch=4: 22 x 79.33 us = 1745.28 us (1268.59 GFLOPS/s)
MUL_MAT_VEC q6_K m=128000 n=4 k=2048: 1 x 1064.6 us = 1064.6 us (1969.42 GFLOPS/s)
RMS_NORM_MUL RMS_NORM(2048,4,1,1): 61 x 4.392 us = 267.96 us
RMS_NORM_MUL_ROPE RMS_NORM(64,32,4,1): 8 x 8.255 us = 66.04 us
RMS_NORM_MUL_ROPE RMS_NORM(64,8,4,1): 8 x 3.405 us = 27.24 us
SET_ROWS: 16 x 2.005 us = 32.08 us
SSM_CONV: 22 x 4.412 us = 97.08 us
Total time: 10433.1 us.
----------------
Vulkan Timings:
ADD: 60 x 1.807 us = 108.44 us
CONCAT: 22 x 2.301 us = 50.64 us
CPY: 22 x 1.567 us = 34.48 us
FLASH_ATTN_EXT dst(64,32,1,4),  q(64,1,32,4),  k(64,256,8,4),  v(64,256,8,4),  m(256,1,1,4): 8 x 15.03 us = 120.24 us (558.124 GFLOPS/s)
GET_ROWS: 24 x 2.226 us = 53.44 us
GLU: 30 x 4.873 us = 146.2 us
MUL: 44 x 2.446 us = 107.64 us
MUL_MAT f32 m=64 n=128 k=64: 16 x 2.07 us = 33.12 us (502.601 GFLOPS/s)
MUL_MAT f32 m=64 n=32 k=64: 16 x 2.087 us = 33.4 us (124.597 GFLOPS/s)
MUL_MAT_VEC q4_0_rocmfp4_fast m=10752 n=4 k=2048: 60 x 60.819 us = 3649.16 us (2895.75 GFLOPS/s)
MUL_MAT_VEC q4_0_rocmfp4_fast m=2048 n=1 k=2048 batch=4: 22 x 29.127 us = 640.8 us (1151.71 GFLOPS/s)
MUL_MAT_VEC q4_0_rocmfp4_fast m=2048 n=4 k=10752: 30 x 62.136 us = 1864.08 us (2834.95 GFLOPS/s)
MUL_MAT_VEC q4_0_rocmfp4_fast m=2048 n=4 k=2048: 16 x 18.37 us = 293.92 us (1826.14 GFLOPS/s)
MUL_MAT_VEC q4_0_rocmfp4_fast m=512 n=4 k=2048: 16 x 3.562 us = 57 us (2354.12 GFLOPS/s)
MUL_MAT_VEC q4_0_rocmfp4_fast m=6144 n=1 k=2048 batch=4: 22 x 79.594 us = 1751.08 us (1264.39 GFLOPS/s)
MUL_MAT_VEC q6_K m=128000 n=4 k=2048: 1 x 1064.04 us = 1064.04 us (1970.45 GFLOPS/s)
RMS_NORM_MUL RMS_NORM(2048,4,1,1): 61 x 4.366 us = 266.36 us
RMS_NORM_MUL_ROPE RMS_NORM(64,32,4,1): 8 x 8.345 us = 66.76 us
RMS_NORM_MUL_ROPE RMS_NORM(64,8,4,1): 8 x 3.39 us = 27.12 us
SET_ROWS: 16 x 2.062 us = 33 us
SSM_CONV: 22 x 4.396 us = 96.72 us
Total time: 10497.6 us.
----------------
Vulkan Timings:
ADD: 60 x 1.822 us = 109.32 us
CONCAT: 22 x 2.307 us = 50.76 us
CPY: 22 x 1.6 us = 35.2 us
FLASH_ATTN_EXT dst(64,32,1,4),  q(64,1,32,4),  k(64,256,8,4),  v(64,256,8,4),  m(256,1,1,4): 8 x 14.83 us = 118.64 us (565.651 GFLOPS/s)
GET_ROWS: 24 x 2.201 us = 52.84 us
GLU: 30 x 4.513 us = 135.4 us
MUL: 44 x 2.444 us = 107.56 us
MUL_MAT f32 m=64 n=128 k=64: 16 x 2.05 us = 32.8 us (507.504 GFLOPS/s)
MUL_MAT f32 m=64 n=32 k=64: 16 x 2.077 us = 33.24 us (125.197 GFLOPS/s)
MUL_MAT_VEC q4_0_rocmfp4_fast m=10752 n=4 k=2048: 60 x 60.23 us = 3613.84 us (2924.05 GFLOPS/s)
MUL_MAT_VEC q4_0_rocmfp4_fast m=2048 n=1 k=2048 batch=4: 22 x 29.456 us = 648.04 us (1138.85 GFLOPS/s)
MUL_MAT_VEC q4_0_rocmfp4_fast m=2048 n=4 k=10752: 30 x 60.094 us = 1802.84 us (2931.25 GFLOPS/s)
MUL_MAT_VEC q4_0_rocmfp4_fast m=2048 n=4 k=2048: 16 x 18.492 us = 295.88 us (1814.05 GFLOPS/s)
MUL_MAT_VEC q4_0_rocmfp4_fast m=512 n=4 k=2048: 16 x 3.537 us = 56.6 us (2370.76 GFLOPS/s)
MUL_MAT_VEC q4_0_rocmfp4_fast m=6144 n=1 k=2048 batch=4: 22 x 78.801 us = 1733.64 us (1277.11 GFLOPS/s)
MUL_MAT_VEC q6_K m=128000 n=4 k=2048: 1 x 1054.6 us = 1054.6 us (1988.09 GFLOPS/s)
RMS_NORM_MUL RMS_NORM(2048,4,1,1): 61 x 4.377 us = 267 us
RMS_NORM_MUL_ROPE RMS_NORM(64,32,4,1): 8 x 8.38 us = 67.04 us
RMS_NORM_MUL_ROPE RMS_NORM(64,8,4,1): 8 x 3.385 us = 27.08 us
SET_ROWS: 16 x 2.087 us = 33.4 us
SSM_CONV: 22 x 4.356 us = 95.84 us
Total time: 10371.6 us.
----------------
Vulkan Timings:
ADD: 60 x 1.98 us = 118.8 us
CONCAT: 22 x 2.314 us = 50.92 us
CPY: 22 x 1.601 us = 35.24 us
FLASH_ATTN_EXT dst(64,32,1,4),  q(64,1,32,4),  k(64,256,8,4),  v(64,256,8,4),  m(256,1,1,4): 8 x 15.125 us = 121 us (554.619 GFLOPS/s)
GET_ROWS: 24 x 2.748 us = 65.96 us
GLU: 30 x 4.532 us = 135.96 us
MUL: 44 x 2.453 us = 107.96 us
MUL_MAT f32 m=64 n=128 k=64: 16 x 2.08 us = 33.28 us (500.185 GFLOPS/s)
MUL_MAT f32 m=64 n=32 k=64: 16 x 2.077 us = 33.24 us (125.197 GFLOPS/s)
MUL_MAT_VEC q4_0_rocmfp4_fast m=10752 n=4 k=2048: 60 x 59.598 us = 3575.88 us (2955.1 GFLOPS/s)
MUL_MAT_VEC q4_0_rocmfp4_fast m=2048 n=1 k=2048 batch=4: 22 x 28.603 us = 629.28 us (1172.8 GFLOPS/s)
MUL_MAT_VEC q4_0_rocmfp4_fast m=2048 n=4 k=10752: 30 x 60.63 us = 1818.92 us (2905.34 GFLOPS/s)
MUL_MAT_VEC q4_0_rocmfp4_fast m=2048 n=4 k=2048: 16 x 18.412 us = 294.6 us (1821.93 GFLOPS/s)
MUL_MAT_VEC q4_0_rocmfp4_fast m=512 n=4 k=2048: 16 x 3.537 us = 56.6 us (2370.76 GFLOPS/s)
MUL_MAT_VEC q4_0_rocmfp4_fast m=6144 n=1 k=2048 batch=4: 22 x 79.285 us = 1744.28 us (1269.32 GFLOPS/s)
MUL_MAT_VEC q6_K m=128000 n=4 k=2048: 1 x 1064.36 us = 1064.36 us (1969.86 GFLOPS/s)
RMS_NORM_MUL RMS_NORM(2048,4,1,1): 61 x 4.548 us = 277.48 us
RMS_NORM_MUL_ROPE RMS_NORM(64,32,4,1): 8 x 8.415 us = 67.32 us
RMS_NORM_MUL_ROPE RMS_NORM(64,8,4,1): 8 x 3.48 us = 27.84 us
SET_ROWS: 16 x 2.02 us = 32.32 us
SSM_CONV: 22 x 4.381 us = 96.4 us
Total time: 10387.6 us.
----------------
Vulkan Timings:
ADD: 60 x 1.82 us = 109.24 us
CONCAT: 22 x 2.249 us = 49.48 us
CPY: 22 x 2.541 us = 55.92 us
FLASH_ATTN_EXT dst(64,32,1,4),  q(64,1,32,4),  k(64,256,8,4),  v(64,256,8,4),  m(256,1,1,4): 8 x 14.9 us = 119.2 us (562.994 GFLOPS/s)
GET_ROWS: 24 x 2.301 us = 55.24 us
GLU: 30 x 5.132 us = 153.96 us
MUL: 44 x 2.459 us = 108.2 us
MUL_MAT f32 m=64 n=128 k=64: 16 x 2.065 us = 33.04 us (503.818 GFLOPS/s)
MUL_MAT f32 m=64 n=32 k=64: 16 x 2.07 us = 33.12 us (125.65 GFLOPS/s)
MUL_MAT_VEC q4_0_rocmfp4_fast m=10752 n=4 k=2048: 60 x 59.639 us = 3578.36 us (2953.05 GFLOPS/s)
MUL_MAT_VEC q4_0_rocmfp4_fast m=2048 n=1 k=2048 batch=4: 22 x 28.572 us = 628.6 us (1174.07 GFLOPS/s)
MUL_MAT_VEC q4_0_rocmfp4_fast m=2048 n=4 k=10752: 30 x 60.474 us = 1814.24 us (2912.83 GFLOPS/s)
MUL_MAT_VEC q4_0_rocmfp4_fast m=2048 n=4 k=2048: 16 x 18.447 us = 295.16 us (1818.47 GFLOPS/s)
MUL_MAT_VEC q4_0_rocmfp4_fast m=512 n=4 k=2048: 16 x 3.537 us = 56.6 us (2370.76 GFLOPS/s)
MUL_MAT_VEC q4_0_rocmfp4_fast m=6144 n=1 k=2048 batch=4: 22 x 80.721 us = 1775.88 us (1246.74 GFLOPS/s)
MUL_MAT_VEC q6_K m=128000 n=4 k=2048: 1 x 1069.84 us = 1069.84 us (1959.77 GFLOPS/s)
RMS_NORM_MUL RMS_NORM(2048,4,1,1): 61 x 4.613 us = 281.44 us
RMS_NORM_MUL_ROPE RMS_NORM(64,32,4,1): 8 x 8.375 us = 67 us
RMS_NORM_MUL_ROPE RMS_NORM(64,8,4,1): 8 x 3.385 us = 27.08 us
SET_ROWS: 16 x 2.08 us = 33.28 us
SSM_CONV: 22 x 4.39 us = 96.6 us
Total time: 10441.5 us.
----------------
Vulkan Timings:
ADD: 60 x 1.823 us = 109.4 us
CONCAT: 22 x 2.321 us = 51.08 us
CPY: 22 x 1.574 us = 34.64 us
FLASH_ATTN_EXT dst(64,32,1,4),  q(64,1,32,4),  k(64,256,8,4),  v(64,256,8,4),  m(256,1,1,4): 8 x 15.195 us = 121.56 us (552.064 GFLOPS/s)
GET_ROWS: 24 x 2.23 us = 53.52 us
GLU: 30 x 4.56 us = 136.8 us
MUL: 44 x 2.456 us = 108.08 us
MUL_MAT f32 m=64 n=128 k=64: 16 x 2.102 us = 33.64 us (494.832 GFLOPS/s)
MUL_MAT f32 m=64 n=32 k=64: 16 x 2.082 us = 33.32 us (124.896 GFLOPS/s)
MUL_MAT_VEC q4_0_rocmfp4_fast m=10752 n=4 k=2048: 60 x 59.942 us = 3596.56 us (2938.1 GFLOPS/s)
MUL_MAT_VEC q4_0_rocmfp4_fast m=2048 n=1 k=2048 batch=4: 22 x 28.6 us = 629.2 us (1172.95 GFLOPS/s)
MUL_MAT_VEC q4_0_rocmfp4_fast m=2048 n=4 k=10752: 30 x 60.292 us = 1808.76 us (2921.66 GFLOPS/s)
MUL_MAT_VEC q4_0_rocmfp4_fast m=2048 n=4 k=2048: 16 x 18.365 us = 293.84 us (1826.64 GFLOPS/s)
MUL_MAT_VEC q4_0_rocmfp4_fast m=512 n=4 k=2048: 16 x 3.565 us = 57.04 us (2352.47 GFLOPS/s)
MUL_MAT_VEC q4_0_rocmfp4_fast m=6144 n=1 k=2048 batch=4: 22 x 78.858 us = 1734.88 us (1276.2 GFLOPS/s)
MUL_MAT_VEC q6_K m=128000 n=4 k=2048: 1 x 1121.72 us = 1121.72 us (1869.13 GFLOPS/s)
RMS_NORM_MUL RMS_NORM(2048,4,1,1): 61 x 4.405 us = 268.72 us
RMS_NORM_MUL_ROPE RMS_NORM(64,32,4,1): 8 x 8.405 us = 67.24 us
RMS_NORM_MUL_ROPE RMS_NORM(64,8,4,1): 8 x 3.405 us = 27.24 us
SET_ROWS: 16 x 2.005 us = 32.08 us
SSM_CONV: 22 x 4.392 us = 96.64 us
Total time: 10416 us.
----------------
Vulkan Timings:
ADD: 60 x 2.203 us = 132.2 us
CONCAT: 22 x 2.863 us = 63 us
CPY: 22 x 1.69 us = 37.2 us
FLASH_ATTN_EXT dst(64,32,1,4),  q(64,1,32,4),  k(64,256,8,4),  v(64,256,8,4),  m(256,1,1,4): 8 x 19.245 us = 153.96 us (435.885 GFLOPS/s)
GET_ROWS: 24 x 2.665 us = 63.96 us
GLU: 30 x 5.642 us = 169.28 us
MUL: 44 x 2.982 us = 131.24 us
MUL_MAT f32 m=64 n=128 k=64: 16 x 2.78 us = 44.48 us (374.239 GFLOPS/s)
MUL_MAT f32 m=64 n=32 k=64: 16 x 2.595 us = 41.52 us (100.23 GFLOPS/s)
MUL_MAT_VEC q4_0_rocmfp4_fast m=10752 n=4 k=2048: 60 x 76.581 us = 4594.88 us (2299.75 GFLOPS/s)
MUL_MAT_VEC q4_0_rocmfp4_fast m=2048 n=1 k=2048 batch=4: 22 x 36.847 us = 810.64 us (910.413 GFLOPS/s)
MUL_MAT_VEC q4_0_rocmfp4_fast m=2048 n=4 k=10752: 30 x 74.2 us = 2226 us (2374.02 GFLOPS/s)
MUL_MAT_VEC q4_0_rocmfp4_fast m=2048 n=4 k=2048: 16 x 21.187 us = 339 us (1583.3 GFLOPS/s)
MUL_MAT_VEC q4_0_rocmfp4_fast m=512 n=4 k=2048: 16 x 5.557 us = 88.92 us (1509.05 GFLOPS/s)
MUL_MAT_VEC q4_0_rocmfp4_fast m=6144 n=1 k=2048 batch=4: 22 x 98.796 us = 2173.52 us (1018.65 GFLOPS/s)
MUL_MAT_VEC q6_K m=128000 n=4 k=2048: 1 x 1121.8 us = 1121.8 us (1869 GFLOPS/s)
RMS_NORM_MUL RMS_NORM(2048,4,1,1): 61 x 5.6 us = 341.6 us
RMS_NORM_MUL_ROPE RMS_NORM(64,32,4,1): 8 x 10.11 us = 80.88 us
RMS_NORM_MUL_ROPE RMS_NORM(64,8,4,1): 8 x 4.195 us = 33.56 us
SET_ROWS: 16 x 2.915 us = 46.64 us
SSM_CONV: 22 x 5.514 us = 121.32 us
Total time: 12815.6 us.
----------------
Vulkan Timings:
ADD: 60 x 1.828 us = 109.72 us
CONCAT: 22 x 2.307 us = 50.76 us
CPY: 22 x 1.563 us = 34.4 us
FLASH_ATTN_EXT dst(64,32,1,4),  q(64,1,32,4),  k(64,256,8,4),  v(64,256,8,4),  m(256,1,1,4): 8 x 15.125 us = 121 us (554.619 GFLOPS/s)
GET_ROWS: 24 x 2.23 us = 53.52 us
GLU: 30 x 4.568 us = 137.04 us
MUL: 44 x 2.447 us = 107.68 us
MUL_MAT f32 m=64 n=128 k=64: 16 x 2.087 us = 33.4 us (498.388 GFLOPS/s)
MUL_MAT f32 m=64 n=32 k=64: 16 x 2.072 us = 33.16 us (125.499 GFLOPS/s)
MUL_MAT_VEC q4_0_rocmfp4_fast m=10752 n=4 k=2048: 60 x 60.364 us = 3621.88 us (2917.56 GFLOPS/s)
MUL_MAT_VEC q4_0_rocmfp4_fast m=2048 n=1 k=2048 batch=4: 22 x 28.59 us = 629 us (1173.32 GFLOPS/s)
MUL_MAT_VEC q4_0_rocmfp4_fast m=2048 n=4 k=10752: 30 x 61.676 us = 1850.28 us (2856.1 GFLOPS/s)
MUL_MAT_VEC q4_0_rocmfp4_fast m=2048 n=4 k=2048: 16 x 18.395 us = 294.32 us (1823.66 GFLOPS/s)
MUL_MAT_VEC q4_0_rocmfp4_fast m=512 n=4 k=2048: 16 x 3.532 us = 56.52 us (2374.11 GFLOPS/s)
MUL_MAT_VEC q4_0_rocmfp4_fast m=6144 n=1 k=2048 batch=4: 22 x 79.118 us = 1740.6 us (1272 GFLOPS/s)
MUL_MAT_VEC q6_K m=128000 n=4 k=2048: 1 x 1075.92 us = 1075.92 us (1948.7 GFLOPS/s)
RMS_NORM_MUL RMS_NORM(2048,4,1,1): 61 x 4.565 us = 278.48 us
RMS_NORM_MUL_ROPE RMS_NORM(64,32,4,1): 8 x 8.415 us = 67.32 us
RMS_NORM_MUL_ROPE RMS_NORM(64,8,4,1): 8 x 3.39 us = 27.12 us
SET_ROWS: 16 x 2.01 us = 32.16 us
SSM_CONV: 22 x 4.407 us = 96.96 us
Total time: 10451.2 us.
----------------
Vulkan Timings:
ADD: 60 x 2.002 us = 120.12 us
CONCAT: 22 x 2.6 us = 57.2 us
CPY: 22 x 1.623 us = 35.72 us
FLASH_ATTN_EXT dst(64,32,1,4),  q(64,1,32,4),  k(64,256,8,4),  v(64,256,8,4),  m(256,1,1,4): 8 x 17.27 us = 138.16 us (485.733 GFLOPS/s)
GET_ROWS: 24 x 2.416 us = 58 us
GLU: 30 x 5.326 us = 159.8 us
MUL: 44 x 2.682 us = 118.04 us
MUL_MAT f32 m=64 n=128 k=64: 16 x 2.267 us = 36.28 us (458.824 GFLOPS/s)
MUL_MAT f32 m=64 n=32 k=64: 16 x 1.992 us = 31.88 us (130.538 GFLOPS/s)
MUL_MAT_VEC q4_0_rocmfp4_fast m=10752 n=4 k=2048: 60 x 67.974 us = 4078.44 us (2590.96 GFLOPS/s)
MUL_MAT_VEC q4_0_rocmfp4_fast m=2048 n=1 k=2048 batch=4: 22 x 33.441 us = 735.72 us (1003.12 GFLOPS/s)
MUL_MAT_VEC q4_0_rocmfp4_fast m=2048 n=4 k=10752: 30 x 67.062 us = 2011.88 us (2626.69 GFLOPS/s)
MUL_MAT_VEC q4_0_rocmfp4_fast m=2048 n=4 k=2048: 16 x 20.4 us = 326.4 us (1644.42 GFLOPS/s)
MUL_MAT_VEC q4_0_rocmfp4_fast m=512 n=4 k=2048: 16 x 3.897 us = 62.36 us (2151.78 GFLOPS/s)
MUL_MAT_VEC q4_0_rocmfp4_fast m=6144 n=1 k=2048 batch=4: 22 x 89.552 us = 1970.16 us (1123.79 GFLOPS/s)
MUL_MAT_VEC q6_K m=128000 n=4 k=2048: 1 x 1194.11 us = 1194.11 us (1755.82 GFLOPS/s)
RMS_NORM_MUL RMS_NORM(2048,4,1,1): 61 x 4.959 us = 302.52 us
RMS_NORM_MUL_ROPE RMS_NORM(64,32,4,1): 8 x 9.39 us = 75.12 us
RMS_NORM_MUL_ROPE RMS_NORM(64,8,4,1): 8 x 5.495 us = 43.96 us
SET_ROWS: 16 x 2.537 us = 40.6 us
SSM_CONV: 22 x 5.029 us = 110.64 us
Total time: 11707.1 us.
----------------
Vulkan Timings:
ADD: 60 x 1.803 us = 108.2 us
CONCAT: 22 x 2.289 us = 50.36 us
CPY: 22 x 1.565 us = 34.44 us
FLASH_ATTN_EXT dst(64,32,1,4),  q(64,1,32,4),  k(64,256,8,4),  v(64,256,8,4),  m(256,1,1,4): 8 x 15.155 us = 121.24 us (553.521 GFLOPS/s)
GET_ROWS: 24 x 2.206 us = 52.96 us
GLU: 30 x 4.508 us = 135.24 us
MUL: 44 x 2.418 us = 106.4 us
MUL_MAT f32 m=64 n=128 k=64: 16 x 2.057 us = 32.92 us (505.654 GFLOPS/s)
MUL_MAT f32 m=64 n=32 k=64: 16 x 2.062 us = 33 us (126.107 GFLOPS/s)
MUL_MAT_VEC q4_0_rocmfp4_fast m=10752 n=4 k=2048: 60 x 59.46 us = 3567.64 us (2961.92 GFLOPS/s)
MUL_MAT_VEC q4_0_rocmfp4_fast m=2048 n=1 k=2048 batch=4: 22 x 28.563 us = 628.4 us (1174.44 GFLOPS/s)
MUL_MAT_VEC q4_0_rocmfp4_fast m=2048 n=4 k=10752: 30 x 59.952 us = 1798.56 us (2938.23 GFLOPS/s)
MUL_MAT_VEC q4_0_rocmfp4_fast m=2048 n=4 k=2048: 16 x 18.382 us = 294.12 us (1824.9 GFLOPS/s)
MUL_MAT_VEC q4_0_rocmfp4_fast m=512 n=4 k=2048: 16 x 3.555 us = 56.88 us (2359.09 GFLOPS/s)
MUL_MAT_VEC q4_0_rocmfp4_fast m=6144 n=1 k=2048 batch=4: 22 x 78.774 us = 1733.04 us (1277.55 GFLOPS/s)
MUL_MAT_VEC q6_K m=128000 n=4 k=2048: 1 x 1144.52 us = 1144.52 us (1831.89 GFLOPS/s)
RMS_NORM_MUL RMS_NORM(2048,4,1,1): 61 x 4.379 us = 267.12 us
RMS_NORM_MUL_ROPE RMS_NORM(64,32,4,1): 8 x 8.285 us = 66.28 us
RMS_NORM_MUL_ROPE RMS_NORM(64,8,4,1): 8 x 3.435 us = 27.48 us
SET_ROWS: 16 x 2.007 us = 32.12 us
SSM_CONV: 22 x 4.378 us = 96.32 us
Total time: 10387.2 us.
----------------
Vulkan Timings:
ADD: 60 x 1.824 us = 109.48 us
CONCAT: 22 x 2.372 us = 52.2 us
CPY: 22 x 1.561 us = 34.36 us
FLASH_ATTN_EXT dst(64,32,1,4),  q(64,1,32,4),  k(64,256,8,4),  v(64,256,8,4),  m(256,1,1,4): 8 x 15.195 us = 121.56 us (552.064 GFLOPS/s)
GET_ROWS: 24 x 3.213 us = 77.12 us
GLU: 30 x 4.618 us = 138.56 us
MUL: 44 x 2.44 us = 107.4 us
MUL_MAT f32 m=64 n=128 k=64: 16 x 2.09 us = 33.44 us (497.791 GFLOPS/s)
MUL_MAT f32 m=64 n=32 k=64: 16 x 2.085 us = 33.36 us (124.746 GFLOPS/s)
MUL_MAT_VEC q4_0_rocmfp4_fast m=10752 n=4 k=2048: 60 x 60.152 us = 3609.12 us (2927.88 GFLOPS/s)
MUL_MAT_VEC q4_0_rocmfp4_fast m=2048 n=1 k=2048 batch=4: 22 x 29.254 us = 643.6 us (1146.7 GFLOPS/s)
MUL_MAT_VEC q4_0_rocmfp4_fast m=2048 n=4 k=10752: 30 x 61.294 us = 1838.84 us (2873.86 GFLOPS/s)
MUL_MAT_VEC q4_0_rocmfp4_fast m=2048 n=4 k=2048: 16 x 18.422 us = 294.76 us (1820.94 GFLOPS/s)
MUL_MAT_VEC q4_0_rocmfp4_fast m=512 n=4 k=2048: 16 x 3.555 us = 56.88 us (2359.09 GFLOPS/s)
MUL_MAT_VEC q4_0_rocmfp4_fast m=6144 n=1 k=2048 batch=4: 22 x 81.51 us = 1793.24 us (1234.67 GFLOPS/s)
MUL_MAT_VEC q6_K m=128000 n=4 k=2048: 1 x 1063.72 us = 1063.72 us (1971.05 GFLOPS/s)
RMS_NORM_MUL RMS_NORM(2048,4,1,1): 61 x 4.56 us = 278.16 us
RMS_NORM_MUL_ROPE RMS_NORM(64,32,4,1): 8 x 8.4 us = 67.2 us
RMS_NORM_MUL_ROPE RMS_NORM(64,8,4,1): 8 x 3.45 us = 27.6 us
SET_ROWS: 16 x 2.125 us = 34 us
SSM_CONV: 22 x 4.43 us = 97.48 us
Total time: 10512.1 us.
----------------
Vulkan Timings:
ADD: 60 x 1.813 us = 108.8 us
CONCAT: 22 x 2.283 us = 50.24 us
CPY: 22 x 1.925 us = 42.36 us
FLASH_ATTN_EXT dst(64,32,1,4),  q(64,1,32,4),  k(64,256,8,4),  v(64,256,8,4),  m(256,1,1,4): 8 x 15.2 us = 121.6 us (551.882 GFLOPS/s)
GET_ROWS: 24 x 2.235 us = 53.64 us
GLU: 30 x 4.55 us = 136.52 us
MUL: 44 x 2.422 us = 106.6 us
MUL_MAT f32 m=64 n=128 k=64: 16 x 2.097 us = 33.56 us (496.011 GFLOPS/s)
MUL_MAT f32 m=64 n=32 k=64: 16 x 2.067 us = 33.08 us (125.802 GFLOPS/s)
MUL_MAT_VEC q4_0_rocmfp4_fast m=10752 n=4 k=2048: 60 x 60.154 us = 3609.24 us (2927.78 GFLOPS/s)
MUL_MAT_VEC q4_0_rocmfp4_fast m=2048 n=1 k=2048 batch=4: 22 x 29.716 us = 653.76 us (1128.88 GFLOPS/s)
MUL_MAT_VEC q4_0_rocmfp4_fast m=2048 n=4 k=10752: 30 x 60.669 us = 1820.08 us (2903.49 GFLOPS/s)
MUL_MAT_VEC q4_0_rocmfp4_fast m=2048 n=4 k=2048: 16 x 18.357 us = 293.72 us (1827.39 GFLOPS/s)
MUL_MAT_VEC q4_0_rocmfp4_fast m=512 n=4 k=2048: 16 x 3.527 us = 56.44 us (2377.48 GFLOPS/s)
MUL_MAT_VEC q4_0_rocmfp4_fast m=6144 n=1 k=2048 batch=4: 22 x 79.5 us = 1749 us (1265.9 GFLOPS/s)
MUL_MAT_VEC q6_K m=128000 n=4 k=2048: 1 x 1064.76 us = 1064.76 us (1969.12 GFLOPS/s)
RMS_NORM_MUL RMS_NORM(2048,4,1,1): 61 x 4.407 us = 268.88 us
RMS_NORM_MUL_ROPE RMS_NORM(64,32,4,1): 8 x 8.405 us = 67.24 us
RMS_NORM_MUL_ROPE RMS_NORM(64,8,4,1): 8 x 3.39 us = 27.12 us
SET_ROWS: 16 x 2.022 us = 32.36 us
SSM_CONV: 22 x 4.767 us = 104.88 us
Total time: 10433.9 us.
----------------
Vulkan Timings:
ADD: 60 x 1.907 us = 114.44 us
CONCAT: 22 x 2.305 us = 50.72 us
CPY: 22 x 1.572 us = 34.6 us
FLASH_ATTN_EXT dst(64,32,1,4),  q(64,1,32,4),  k(64,256,8,4),  v(64,256,8,4),  m(256,1,1,4): 8 x 15.305 us = 122.44 us (548.096 GFLOPS/s)
GET_ROWS: 24 x 2.231 us = 53.56 us
GLU: 30 x 5.133 us = 154 us
MUL: 44 x 2.44 us = 107.4 us
MUL_MAT f32 m=64 n=128 k=64: 16 x 2.1 us = 33.6 us (495.421 GFLOPS/s)
MUL_MAT f32 m=64 n=32 k=64: 16 x 2.042 us = 32.68 us (127.342 GFLOPS/s)
MUL_MAT_VEC q4_0_rocmfp4_fast m=10752 n=4 k=2048: 60 x 61.27 us = 3676.24 us (2874.42 GFLOPS/s)
MUL_MAT_VEC q4_0_rocmfp4_fast m=2048 n=1 k=2048 batch=4: 22 x 29.189 us = 642.16 us (1149.27 GFLOPS/s)
MUL_MAT_VEC q4_0_rocmfp4_fast m=2048 n=4 k=10752: 30 x 60.568 us = 1817.04 us (2908.34 GFLOPS/s)
MUL_MAT_VEC q4_0_rocmfp4_fast m=2048 n=4 k=2048: 16 x 18.922 us = 302.76 us (1772.82 GFLOPS/s)
MUL_MAT_VEC q4_0_rocmfp4_fast m=512 n=4 k=2048: 16 x 3.55 us = 56.8 us (2362.41 GFLOPS/s)
MUL_MAT_VEC q4_0_rocmfp4_fast m=6144 n=1 k=2048 batch=4: 22 x 79.449 us = 1747.88 us (1266.71 GFLOPS/s)
MUL_MAT_VEC q6_K m=128000 n=4 k=2048: 1 x 1066.96 us = 1066.96 us (1965.06 GFLOPS/s)
RMS_NORM_MUL RMS_NORM(2048,4,1,1): 61 x 4.567 us = 278.6 us
RMS_NORM_MUL_ROPE RMS_NORM(64,32,4,1): 8 x 8.35 us = 66.8 us
RMS_NORM_MUL_ROPE RMS_NORM(64,8,4,1): 8 x 3.385 us = 27.08 us
SET_ROWS: 16 x 2.015 us = 32.24 us
SSM_CONV: 22 x 4.41 us = 97.04 us
Total time: 10515 us.
----------------
Vulkan Timings:
ADD: 60 x 1.852 us = 111.12 us
CONCAT: 22 x 2.318 us = 51 us
CPY: 22 x 1.581 us = 34.8 us
FLASH_ATTN_EXT dst(64,32,1,4),  q(64,1,32,4),  k(64,256,8,4),  v(64,256,8,4),  m(256,1,1,4): 8 x 15.045 us = 120.36 us (557.568 GFLOPS/s)
GET_ROWS: 24 x 2.211 us = 53.08 us
GLU: 30 x 4.513 us = 135.4 us
MUL: 44 x 2.428 us = 106.84 us
MUL_MAT f32 m=64 n=128 k=64: 16 x 2.06 us = 32.96 us (505.041 GFLOPS/s)
MUL_MAT f32 m=64 n=32 k=64: 16 x 2.07 us = 33.12 us (125.65 GFLOPS/s)
MUL_MAT_VEC q4_0_rocmfp4_fast m=10752 n=4 k=2048: 60 x 60.366 us = 3621.96 us (2917.5 GFLOPS/s)
MUL_MAT_VEC q4_0_rocmfp4_fast m=2048 n=1 k=2048 batch=4: 22 x 28.581 us = 628.8 us (1173.69 GFLOPS/s)
MUL_MAT_VEC q4_0_rocmfp4_fast m=2048 n=4 k=10752: 30 x 60.238 us = 1807.16 us (2924.24 GFLOPS/s)
MUL_MAT_VEC q4_0_rocmfp4_fast m=2048 n=4 k=2048: 16 x 18.805 us = 300.88 us (1783.9 GFLOPS/s)
MUL_MAT_VEC q4_0_rocmfp4_fast m=512 n=4 k=2048: 16 x 3.552 us = 56.84 us (2360.75 GFLOPS/s)
MUL_MAT_VEC q4_0_rocmfp4_fast m=6144 n=1 k=2048 batch=4: 22 x 78.774 us = 1733.04 us (1277.55 GFLOPS/s)
MUL_MAT_VEC q6_K m=128000 n=4 k=2048: 1 x 1062.84 us = 1062.84 us (1972.68 GFLOPS/s)
RMS_NORM_MUL RMS_NORM(2048,4,1,1): 61 x 4.529 us = 276.32 us
RMS_NORM_MUL_ROPE RMS_NORM(64,32,4,1): 8 x 8.365 us = 66.92 us
RMS_NORM_MUL_ROPE RMS_NORM(64,8,4,1): 8 x 3.39 us = 27.12 us
SET_ROWS: 16 x 2.04 us = 32.64 us
SSM_CONV: 22 x 4.39 us = 96.6 us
Total time: 10389.8 us.
----------------
Vulkan Timings:
ADD: 60 x 2.006 us = 120.4 us
CONCAT: 22 x 2.305 us = 50.72 us
CPY: 22 x 1.563 us = 34.4 us
FLASH_ATTN_EXT dst(64,32,1,4),  q(64,1,32,4),  k(64,256,8,4),  v(64,256,8,4),  m(256,1,1,4): 8 x 15.245 us = 121.96 us (550.253 GFLOPS/s)
GET_ROWS: 24 x 2.236 us = 53.68 us
GLU: 30 x 4.516 us = 135.48 us
MUL: 44 x 2.436 us = 107.2 us
MUL_MAT f32 m=64 n=128 k=64: 16 x 2.065 us = 33.04 us (503.818 GFLOPS/s)
MUL_MAT f32 m=64 n=32 k=64: 16 x 2.067 us = 33.08 us (125.802 GFLOPS/s)
MUL_MAT_VEC q4_0_rocmfp4_fast m=10752 n=4 k=2048: 60 x 60.094 us = 3605.64 us (2930.7 GFLOPS/s)
MUL_MAT_VEC q4_0_rocmfp4_fast m=2048 n=1 k=2048 batch=4: 22 x 30.48 us = 670.56 us (1100.6 GFLOPS/s)
MUL_MAT_VEC q4_0_rocmfp4_fast m=2048 n=4 k=10752: 30 x 61.486 us = 1844.6 us (2864.89 GFLOPS/s)
MUL_MAT_VEC q4_0_rocmfp4_fast m=2048 n=4 k=2048: 16 x 18.41 us = 294.56 us (1822.17 GFLOPS/s)
MUL_MAT_VEC q4_0_rocmfp4_fast m=512 n=4 k=2048: 16 x 3.532 us = 56.52 us (2374.11 GFLOPS/s)
MUL_MAT_VEC q4_0_rocmfp4_fast m=6144 n=1 k=2048 batch=4: 22 x 79.85 us = 1756.72 us (1260.33 GFLOPS/s)
MUL_MAT_VEC q6_K m=128000 n=4 k=2048: 1 x 1061.92 us = 1061.92 us (1974.39 GFLOPS/s)
RMS_NORM_MUL RMS_NORM(2048,4,1,1): 61 x 4.598 us = 280.52 us
RMS_NORM_MUL_ROPE RMS_NORM(64,32,4,1): 8 x 8.37 us = 66.96 us
RMS_NORM_MUL_ROPE RMS_NORM(64,8,4,1): 8 x 3.37 us = 26.96 us
SET_ROWS: 16 x 2.005 us = 32.08 us
SSM_CONV: 22 x 4.394 us = 96.68 us
Total time: 10483.7 us.
----------------
Vulkan Timings:
ADD: 60 x 1.812 us = 108.72 us
CONCAT: 22 x 2.309 us = 50.8 us
CPY: 22 x 1.581 us = 34.8 us
FLASH_ATTN_EXT dst(64,32,1,4),  q(64,1,32,4),  k(64,256,8,4),  v(64,256,8,4),  m(256,1,1,4): 8 x 15.105 us = 120.84 us (555.353 GFLOPS/s)
GET_ROWS: 24 x 2.233 us = 53.6 us
GLU: 30 x 4.517 us = 135.52 us
MUL: 44 x 2.436 us = 107.2 us
MUL_MAT f32 m=64 n=128 k=64: 16 x 2.102 us = 33.64 us (494.832 GFLOPS/s)
MUL_MAT f32 m=64 n=32 k=64: 16 x 2.042 us = 32.68 us (127.342 GFLOPS/s)
MUL_MAT_VEC q4_0_rocmfp4_fast m=10752 n=4 k=2048: 60 x 60.763 us = 3645.8 us (2898.42 GFLOPS/s)
MUL_MAT_VEC q4_0_rocmfp4_fast m=2048 n=1 k=2048 batch=4: 22 x 29.738 us = 654.24 us (1128.05 GFLOPS/s)
MUL_MAT_VEC q4_0_rocmfp4_fast m=2048 n=4 k=10752: 30 x 61.13 us = 1833.92 us (2881.57 GFLOPS/s)
MUL_MAT_VEC q4_0_rocmfp4_fast m=2048 n=4 k=2048: 16 x 18.395 us = 294.32 us (1823.66 GFLOPS/s)
MUL_MAT_VEC q4_0_rocmfp4_fast m=512 n=4 k=2048: 16 x 3.555 us = 56.88 us (2359.09 GFLOPS/s)
MUL_MAT_VEC q4_0_rocmfp4_fast m=6144 n=1 k=2048 batch=4: 22 x 79.354 us = 1745.8 us (1268.22 GFLOPS/s)
MUL_MAT_VEC q6_K m=128000 n=4 k=2048: 1 x 1154.4 us = 1154.4 us (1816.22 GFLOPS/s)
RMS_NORM_MUL RMS_NORM(2048,4,1,1): 61 x 4.531 us = 276.4 us
RMS_NORM_MUL_ROPE RMS_NORM(64,32,4,1): 8 x 8.36 us = 66.88 us
RMS_NORM_MUL_ROPE RMS_NORM(64,8,4,1): 8 x 3.465 us = 27.72 us
SET_ROWS: 16 x 2.147 us = 34.36 us
SSM_CONV: 22 x 4.389 us = 96.56 us
Total time: 10565.1 us.
----------------
Vulkan Timings:
ADD: 60 x 1.948 us = 116.92 us
CONCAT: 22 x 2.507 us = 55.16 us
CPY: 22 x 1.565 us = 34.44 us
FLASH_ATTN_EXT dst(64,32,1,4),  q(64,1,32,4),  k(64,256,8,4),  v(64,256,8,4),  m(256,1,1,4): 8 x 19.135 us = 153.08 us (438.391 GFLOPS/s)
GET_ROWS: 24 x 2.383 us = 57.2 us
GLU: 30 x 5.889 us = 176.68 us
MUL: 44 x 2.637 us = 116.04 us
MUL_MAT f32 m=64 n=128 k=64: 16 x 2.2 us = 35.2 us (472.902 GFLOPS/s)
MUL_MAT f32 m=64 n=32 k=64: 16 x 2.077 us = 33.24 us (125.197 GFLOPS/s)
MUL_MAT_VEC q4_0_rocmfp4_fast m=10752 n=4 k=2048: 60 x 66.459 us = 3987.56 us (2650.01 GFLOPS/s)
MUL_MAT_VEC q4_0_rocmfp4_fast m=2048 n=1 k=2048 batch=4: 22 x 32.232 us = 709.12 us (1040.75 GFLOPS/s)
MUL_MAT_VEC q4_0_rocmfp4_fast m=2048 n=4 k=10752: 30 x 65.233 us = 1957 us (2700.35 GFLOPS/s)
MUL_MAT_VEC q4_0_rocmfp4_fast m=2048 n=4 k=2048: 16 x 20.172 us = 322.76 us (1662.97 GFLOPS/s)
MUL_MAT_VEC q4_0_rocmfp4_fast m=512 n=4 k=2048: 16 x 3.875 us = 62 us (2164.27 GFLOPS/s)
MUL_MAT_VEC q4_0_rocmfp4_fast m=6144 n=1 k=2048 batch=4: 22 x 88.354 us = 1943.8 us (1139.03 GFLOPS/s)
MUL_MAT_VEC q6_K m=128000 n=4 k=2048: 1 x 1069.84 us = 1069.84 us (1959.77 GFLOPS/s)
RMS_NORM_MUL RMS_NORM(2048,4,1,1): 61 x 5.023 us = 306.44 us
RMS_NORM_MUL_ROPE RMS_NORM(64,32,4,1): 8 x 9.125 us = 73 us
RMS_NORM_MUL_ROPE RMS_NORM(64,8,4,1): 8 x 3.74 us = 29.92 us
SET_ROWS: 16 x 2.387 us = 38.2 us
SSM_CONV: 22 x 4.927 us = 108.4 us
Total time: 11386 us.
----------------
Vulkan Timings:
ADD: 60 x 2.514 us = 150.84 us
CONCAT: 22 x 4.15 us = 91.32 us
CPY: 22 x 3.43 us = 75.48 us
FLASH_ATTN_EXT dst(64,32,1,4),  q(64,1,32,4),  k(64,256,8,4),  v(64,256,8,4),  m(256,1,1,4): 8 x 26.995 us = 215.96 us (310.747 GFLOPS/s)
GET_ROWS: 24 x 3.981 us = 95.56 us
GLU: 30 x 7.46 us = 223.8 us
MUL: 44 x 3.882 us = 170.84 us
MUL_MAT f32 m=64 n=128 k=64: 16 x 4.017 us = 64.28 us (258.963 GFLOPS/s)
MUL_MAT f32 m=64 n=32 k=64: 16 x 3.25 us = 52 us (80.0295 GFLOPS/s)
MUL_MAT_VEC q4_0_rocmfp4_fast m=10752 n=4 k=2048: 60 x 117.676 us = 7060.6 us (1496.62 GFLOPS/s)
MUL_MAT_VEC q4_0_rocmfp4_fast m=2048 n=1 k=2048 batch=4: 22 x 53.925 us = 1186.36 us (622.085 GFLOPS/s)
MUL_MAT_VEC q4_0_rocmfp4_fast m=2048 n=4 k=10752: 30 x 116.602 us = 3498.08 us (1510.71 GFLOPS/s)
MUL_MAT_VEC q4_0_rocmfp4_fast m=2048 n=4 k=2048: 16 x 34.667 us = 554.68 us (967.657 GFLOPS/s)
MUL_MAT_VEC q4_0_rocmfp4_fast m=512 n=4 k=2048: 16 x 9.51 us = 152.16 us (881.868 GFLOPS/s)
MUL_MAT_VEC q4_0_rocmfp4_fast m=6144 n=1 k=2048 batch=4: 22 x 144.187 us = 3172.12 us (697.972 GFLOPS/s)
MUL_MAT_VEC q6_K m=128000 n=4 k=2048: 1 x 1069.68 us = 1069.68 us (1960.06 GFLOPS/s)
RMS_NORM_MUL RMS_NORM(2048,4,1,1): 61 x 7.866 us = 479.84 us
RMS_NORM_MUL_ROPE RMS_NORM(64,32,4,1): 8 x 13.795 us = 110.36 us
RMS_NORM_MUL_ROPE RMS_NORM(64,8,4,1): 8 x 5.935 us = 47.48 us
SET_ROWS: 16 x 4.37 us = 69.92 us
SSM_CONV: 22 x 7.074 us = 155.64 us
Total time: 18697 us.
----------------
Vulkan Timings:
ADD: 60 x 2 us = 120.04 us
CONCAT: 22 x 2.581 us = 56.8 us
CPY: 22 x 1.601 us = 35.24 us
FLASH_ATTN_EXT dst(64,32,1,4),  q(64,1,32,4),  k(64,256,8,4),  v(64,256,8,4),  m(256,1,1,4): 8 x 19.66 us = 157.28 us (426.684 GFLOPS/s)
GET_ROWS: 24 x 2.72 us = 65.28 us
GLU: 30 x 5.189 us = 155.68 us
MUL: 44 x 2.701 us = 118.88 us
MUL_MAT f32 m=64 n=128 k=64: 16 x 2.292 us = 36.68 us (453.821 GFLOPS/s)
MUL_MAT f32 m=64 n=32 k=64: 16 x 2.155 us = 34.48 us (120.694 GFLOPS/s)
MUL_MAT_VEC q4_0_rocmfp4_fast m=10752 n=4 k=2048: 60 x 67.828 us = 4069.68 us (2596.53 GFLOPS/s)
MUL_MAT_VEC q4_0_rocmfp4_fast m=2048 n=1 k=2048 batch=4: 22 x 32.496 us = 714.92 us (1032.31 GFLOPS/s)
MUL_MAT_VEC q4_0_rocmfp4_fast m=2048 n=4 k=10752: 30 x 67.108 us = 2013.24 us (2624.91 GFLOPS/s)
MUL_MAT_VEC q4_0_rocmfp4_fast m=2048 n=4 k=2048: 16 x 20.665 us = 330.64 us (1623.34 GFLOPS/s)
MUL_MAT_VEC q4_0_rocmfp4_fast m=512 n=4 k=2048: 16 x 3.955 us = 63.28 us (2120.5 GFLOPS/s)
MUL_MAT_VEC q4_0_rocmfp4_fast m=6144 n=1 k=2048 batch=4: 22 x 89.21 us = 1962.64 us (1128.1 GFLOPS/s)
MUL_MAT_VEC q6_K m=128000 n=4 k=2048: 1 x 1071.16 us = 1071.16 us (1957.35 GFLOPS/s)
RMS_NORM_MUL RMS_NORM(2048,4,1,1): 61 x 5.135 us = 313.28 us
RMS_NORM_MUL_ROPE RMS_NORM(64,32,4,1): 8 x 9.36 us = 74.88 us
RMS_NORM_MUL_ROPE RMS_NORM(64,8,4,1): 8 x 3.905 us = 31.24 us
SET_ROWS: 16 x 2.597 us = 41.56 us
SSM_CONV: 22 x 5.043 us = 110.96 us
Total time: 11577.8 us.
----------------
Vulkan Timings:
ADD: 60 x 2.085 us = 125.12 us
CONCAT: 22 x 2.594 us = 57.08 us
CPY: 22 x 1.581 us = 34.8 us
FLASH_ATTN_EXT dst(64,32,1,4),  q(64,1,32,4),  k(64,256,8,4),  v(64,256,8,4),  m(256,1,1,4): 8 x 19.8 us = 158.4 us (423.667 GFLOPS/s)
GET_ROWS: 24 x 2.441 us = 58.6 us
GLU: 30 x 5.086 us = 152.6 us
MUL: 44 x 2.717 us = 119.56 us
MUL_MAT f32 m=64 n=128 k=64: 16 x 2.285 us = 36.56 us (455.31 GFLOPS/s)
MUL_MAT f32 m=64 n=32 k=64: 16 x 1.89 us = 30.24 us (137.617 GFLOPS/s)
MUL_MAT_VEC q4_0_rocmfp4_fast m=10752 n=4 k=2048: 60 x 69.309 us = 4158.56 us (2541.04 GFLOPS/s)
MUL_MAT_VEC q4_0_rocmfp4_fast m=2048 n=1 k=2048 batch=4: 22 x 34.752 us = 764.56 us (965.284 GFLOPS/s)
MUL_MAT_VEC q4_0_rocmfp4_fast m=2048 n=4 k=10752: 30 x 67.69 us = 2030.72 us (2602.32 GFLOPS/s)
MUL_MAT_VEC q4_0_rocmfp4_fast m=2048 n=4 k=2048: 16 x 20.55 us = 328.8 us (1632.42 GFLOPS/s)
MUL_MAT_VEC q4_0_rocmfp4_fast m=512 n=4 k=2048: 16 x 4 us = 64 us (2096.64 GFLOPS/s)
MUL_MAT_VEC q4_0_rocmfp4_fast m=6144 n=1 k=2048 batch=4: 22 x 91.12 us = 2004.64 us (1104.46 GFLOPS/s)
MUL_MAT_VEC q6_K m=128000 n=4 k=2048: 1 x 1070.36 us = 1070.36 us (1958.82 GFLOPS/s)
RMS_NORM_MUL RMS_NORM(2048,4,1,1): 61 x 5.289 us = 322.64 us
RMS_NORM_MUL_ROPE RMS_NORM(64,32,4,1): 8 x 9.365 us = 74.92 us
RMS_NORM_MUL_ROPE RMS_NORM(64,8,4,1): 8 x 3.885 us = 31.08 us
SET_ROWS: 16 x 2.657 us = 42.52 us
SSM_CONV: 22 x 5.087 us = 111.92 us
Total time: 11777.7 us.
----------------
Vulkan Timings:
ADD: 60 x 2.27 us = 136.24 us
CONCAT: 22 x 2.65 us = 58.32 us
CPY: 22 x 1.643 us = 36.16 us
FLASH_ATTN_EXT dst(64,32,1,4),  q(64,1,32,4),  k(64,256,8,4),  v(64,256,8,4),  m(256,1,1,4): 8 x 18.005 us = 144.04 us (465.904 GFLOPS/s)
GET_ROWS: 24 x 2.641 us = 63.4 us
GLU: 30 x 5.706 us = 171.2 us
MUL: 44 x 2.773 us = 122.04 us
MUL_MAT f32 m=64 n=128 k=64: 16 x 2.337 us = 37.4 us (445.084 GFLOPS/s)
MUL_MAT f32 m=64 n=32 k=64: 16 x 2.007 us = 32.12 us (129.562 GFLOPS/s)
MUL_MAT_VEC q4_0_rocmfp4_fast m=10752 n=4 k=2048: 60 x 69.642 us = 4178.56 us (2528.88 GFLOPS/s)
MUL_MAT_VEC q4_0_rocmfp4_fast m=2048 n=1 k=2048 batch=4: 22 x 34.39 us = 756.6 us (975.439 GFLOPS/s)
MUL_MAT_VEC q4_0_rocmfp4_fast m=2048 n=4 k=10752: 30 x 68.653 us = 2059.6 us (2565.83 GFLOPS/s)
MUL_MAT_VEC q4_0_rocmfp4_fast m=2048 n=4 k=2048: 16 x 20.735 us = 331.76 us (1617.86 GFLOPS/s)
MUL_MAT_VEC q4_0_rocmfp4_fast m=512 n=4 k=2048: 16 x 4.04 us = 64.64 us (2075.88 GFLOPS/s)
MUL_MAT_VEC q4_0_rocmfp4_fast m=6144 n=1 k=2048 batch=4: 22 x 92.269 us = 2029.92 us (1090.71 GFLOPS/s)
MUL_MAT_VEC q6_K m=128000 n=4 k=2048: 1 x 1066.2 us = 1066.2 us (1966.46 GFLOPS/s)
RMS_NORM_MUL RMS_NORM(2048,4,1,1): 61 x 5.047 us = 307.88 us
RMS_NORM_MUL_ROPE RMS_NORM(64,32,4,1): 8 x 9.54 us = 76.32 us
RMS_NORM_MUL_ROPE RMS_NORM(64,8,4,1): 8 x 3.955 us = 31.64 us
SET_ROWS: 16 x 2.535 us = 40.56 us
SSM_CONV: 22 x 5.156 us = 113.44 us
Total time: 11858 us.
----------------
Vulkan Timings:
ADD: 60 x 1.981 us = 118.88 us
CONCAT: 22 x 2.501 us = 55.04 us
CPY: 22 x 1.703 us = 37.48 us
FLASH_ATTN_EXT dst(64,32,1,4),  q(64,1,32,4),  k(64,256,8,4),  v(64,256,8,4),  m(256,1,1,4): 8 x 16.9 us = 135.2 us (496.367 GFLOPS/s)
GET_ROWS: 24 x 2.401 us = 57.64 us
GLU: 30 x 5.048 us = 151.44 us
MUL: 44 x 2.665 us = 117.28 us
MUL_MAT f32 m=64 n=128 k=64: 16 x 2.225 us = 35.6 us (467.588 GFLOPS/s)
MUL_MAT f32 m=64 n=32 k=64: 16 x 1.92 us = 30.72 us (135.467 GFLOPS/s)
MUL_MAT_VEC q4_0_rocmfp4_fast m=10752 n=4 k=2048: 60 x 67.026 us = 4021.56 us (2627.6 GFLOPS/s)
MUL_MAT_VEC q4_0_rocmfp4_fast m=2048 n=1 k=2048 batch=4: 22 x 31.972 us = 703.4 us (1049.21 GFLOPS/s)
MUL_MAT_VEC q4_0_rocmfp4_fast m=2048 n=4 k=10752: 30 x 67.546 us = 2026.4 us (2607.86 GFLOPS/s)
MUL_MAT_VEC q4_0_rocmfp4_fast m=2048 n=4 k=2048: 16 x 20.022 us = 320.36 us (1675.43 GFLOPS/s)
MUL_MAT_VEC q4_0_rocmfp4_fast m=512 n=4 k=2048: 16 x 3.847 us = 61.56 us (2179.74 GFLOPS/s)
MUL_MAT_VEC q4_0_rocmfp4_fast m=6144 n=1 k=2048 batch=4: 22 x 87.738 us = 1930.24 us (1147.03 GFLOPS/s)
MUL_MAT_VEC q6_K m=128000 n=4 k=2048: 1 x 1062.16 us = 1062.16 us (1973.94 GFLOPS/s)
RMS_NORM_MUL RMS_NORM(2048,4,1,1): 61 x 4.988 us = 304.32 us
RMS_NORM_MUL_ROPE RMS_NORM(64,32,4,1): 8 x 9.16 us = 73.28 us
RMS_NORM_MUL_ROPE RMS_NORM(64,8,4,1): 8 x 3.79 us = 30.32 us
SET_ROWS: 16 x 2.612 us = 41.8 us
SSM_CONV: 22 x 5.014 us = 110.32 us
Total time: 11425 us.
----------------
Vulkan Timings:
ADD: 60 x 2.006 us = 120.4 us
CONCAT: 22 x 2.587 us = 56.92 us
CPY: 22 x 1.66 us = 36.52 us
FLASH_ATTN_EXT dst(64,32,1,4),  q(64,1,32,4),  k(64,256,8,4),  v(64,256,8,4),  m(256,1,1,4): 8 x 19.12 us = 152.96 us (438.735 GFLOPS/s)
GET_ROWS: 24 x 2.431 us = 58.36 us
GLU: 30 x 5.137 us = 154.12 us
MUL: 44 x 2.706 us = 119.08 us
MUL_MAT f32 m=64 n=128 k=64: 16 x 2.272 us = 36.36 us (457.815 GFLOPS/s)
MUL_MAT f32 m=64 n=32 k=64: 16 x 2.032 us = 32.52 us (127.969 GFLOPS/s)
MUL_MAT_VEC q4_0_rocmfp4_fast m=10752 n=4 k=2048: 60 x 66.827 us = 4009.64 us (2635.42 GFLOPS/s)
MUL_MAT_VEC q4_0_rocmfp4_fast m=2048 n=1 k=2048 batch=4: 22 x 32.832 us = 722.32 us (1021.73 GFLOPS/s)
MUL_MAT_VEC q4_0_rocmfp4_fast m=2048 n=4 k=10752: 30 x 67.458 us = 2023.76 us (2611.27 GFLOPS/s)
MUL_MAT_VEC q4_0_rocmfp4_fast m=2048 n=4 k=2048: 16 x 19.75 us = 316 us (1698.54 GFLOPS/s)
MUL_MAT_VEC q4_0_rocmfp4_fast m=512 n=4 k=2048: 16 x 4.215 us = 67.44 us (1989.69 GFLOPS/s)
MUL_MAT_VEC q4_0_rocmfp4_fast m=6144 n=1 k=2048 batch=4: 22 x 88.352 us = 1943.76 us (1139.06 GFLOPS/s)
MUL_MAT_VEC q6_K m=128000 n=4 k=2048: 1 x 1062.2 us = 1062.2 us (1973.87 GFLOPS/s)
RMS_NORM_MUL RMS_NORM(2048,4,1,1): 61 x 5.003 us = 305.2 us
RMS_NORM_MUL_ROPE RMS_NORM(64,32,4,1): 8 x 9.205 us = 73.64 us
RMS_NORM_MUL_ROPE RMS_NORM(64,8,4,1): 8 x 3.825 us = 30.6 us
SET_ROWS: 16 x 2.53 us = 40.48 us
SSM_CONV: 22 x 4.978 us = 109.52 us
Total time: 11471.8 us.
----------------
Vulkan Timings:
ADD: 60 x 2.186 us = 131.16 us
CONCAT: 22 x 2.685 us = 59.08 us
CPY: 22 x 1.627 us = 35.8 us
FLASH_ATTN_EXT dst(64,32,1,4),  q(64,1,32,4),  k(64,256,8,4),  v(64,256,8,4),  m(256,1,1,4): 8 x 18.48 us = 147.84 us (453.929 GFLOPS/s)
GET_ROWS: 24 x 2.503 us = 60.08 us
GLU: 30 x 5.249 us = 157.48 us
MUL: 44 x 2.804 us = 123.4 us
MUL_MAT f32 m=64 n=128 k=64: 16 x 2.272 us = 36.36 us (457.815 GFLOPS/s)
MUL_MAT f32 m=64 n=32 k=64: 16 x 2.077 us = 33.24 us (125.197 GFLOPS/s)
MUL_MAT_VEC q4_0_rocmfp4_fast m=10752 n=4 k=2048: 60 x 72.316 us = 4338.96 us (2435.39 GFLOPS/s)
MUL_MAT_VEC q4_0_rocmfp4_fast m=2048 n=1 k=2048 batch=4: 22 x 34.03 us = 748.68 us (985.758 GFLOPS/s)
MUL_MAT_VEC q4_0_rocmfp4_fast m=2048 n=4 k=10752: 30 x 70.234 us = 2107.04 us (2508.06 GFLOPS/s)
MUL_MAT_VEC q4_0_rocmfp4_fast m=2048 n=4 k=2048: 16 x 21.542 us = 344.68 us (1557.21 GFLOPS/s)
MUL_MAT_VEC q4_0_rocmfp4_fast m=512 n=4 k=2048: 16 x 4.597 us = 73.56 us (1824.16 GFLOPS/s)
MUL_MAT_VEC q4_0_rocmfp4_fast m=6144 n=1 k=2048 batch=4: 22 x 93.03 us = 2046.68 us (1081.78 GFLOPS/s)
MUL_MAT_VEC q6_K m=128000 n=4 k=2048: 1 x 1151.68 us = 1151.68 us (1820.51 GFLOPS/s)
RMS_NORM_MUL RMS_NORM(2048,4,1,1): 61 x 5.184 us = 316.28 us
RMS_NORM_MUL_ROPE RMS_NORM(64,32,4,1): 8 x 9.67 us = 77.36 us
RMS_NORM_MUL_ROPE RMS_NORM(64,8,4,1): 8 x 4.05 us = 32.4 us
SET_ROWS: 16 x 2.517 us = 40.28 us
SSM_CONV: 22 x 5.234 us = 115.16 us
Total time: 12177.2 us.
----------------
Vulkan Timings:
ADD: 60 x 2.637 us = 158.24 us
CONCAT: 22 x 3.37 us = 74.16 us
CPY: 22 x 1.861 us = 40.96 us
FLASH_ATTN_EXT dst(64,32,1,4),  q(64,1,32,4),  k(64,256,8,4),  v(64,256,8,4),  m(256,1,1,4): 8 x 21.365 us = 170.92 us (392.633 GFLOPS/s)
GET_ROWS: 24 x 3.006 us = 72.16 us
GLU: 30 x 5.365 us = 160.96 us
MUL: 44 x 3.484 us = 153.32 us
MUL_MAT f32 m=64 n=128 k=64: 16 x 2.667 us = 42.68 us (390.022 GFLOPS/s)
MUL_MAT f32 m=64 n=32 k=64: 16 x 2.35 us = 37.6 us (110.679 GFLOPS/s)
MUL_MAT_VEC q4_0_rocmfp4_fast m=10752 n=4 k=2048: 60 x 90.792 us = 5447.52 us (1939.79 GFLOPS/s)
MUL_MAT_VEC q4_0_rocmfp4_fast m=2048 n=1 k=2048 batch=4: 22 x 41.614 us = 915.52 us (806.118 GFLOPS/s)
MUL_MAT_VEC q4_0_rocmfp4_fast m=2048 n=4 k=10752: 30 x 87.473 us = 2624.2 us (2013.79 GFLOPS/s)
MUL_MAT_VEC q4_0_rocmfp4_fast m=2048 n=4 k=2048: 16 x 23.56 us = 376.96 us (1423.86 GFLOPS/s)
MUL_MAT_VEC q4_0_rocmfp4_fast m=512 n=4 k=2048: 16 x 6.585 us = 105.36 us (1273.59 GFLOPS/s)
MUL_MAT_VEC q4_0_rocmfp4_fast m=6144 n=1 k=2048 batch=4: 22 x 113.754 us = 2502.6 us (884.701 GFLOPS/s)
MUL_MAT_VEC q6_K m=128000 n=4 k=2048: 1 x 1057.36 us = 1057.36 us (1982.9 GFLOPS/s)
RMS_NORM_MUL RMS_NORM(2048,4,1,1): 61 x 6.236 us = 380.44 us
RMS_NORM_MUL_ROPE RMS_NORM(64,32,4,1): 8 x 11.275 us = 90.2 us
RMS_NORM_MUL_ROPE RMS_NORM(64,8,4,1): 8 x 4.755 us = 38.04 us
SET_ROWS: 16 x 3.11 us = 49.76 us
SSM_CONV: 22 x 6.443 us = 141.76 us
Total time: 14640.7 us.
----------------
Vulkan Timings:
ADD: 60 x 1.89 us = 113.44 us
CONCAT: 22 x 2.381 us = 52.4 us
CPY: 22 x 1.643 us = 36.16 us
FLASH_ATTN_EXT dst(64,32,1,4),  q(64,1,32,4),  k(64,256,8,4),  v(64,256,8,4),  m(256,1,1,4): 8 x 15.43 us = 123.44 us (543.656 GFLOPS/s)
GET_ROWS: 24 x 2.283 us = 54.8 us
GLU: 30 x 4.629 us = 138.88 us
MUL: 44 x 2.512 us = 110.56 us
MUL_MAT f32 m=64 n=128 k=64: 16 x 2.147 us = 34.36 us (484.463 GFLOPS/s)
MUL_MAT f32 m=64 n=32 k=64: 16 x 2.11 us = 33.76 us (123.268 GFLOPS/s)
MUL_MAT_VEC q4_0_rocmfp4_fast m=10752 n=4 k=2048: 60 x 60.009 us = 3600.56 us (2934.84 GFLOPS/s)
MUL_MAT_VEC q4_0_rocmfp4_fast m=2048 n=1 k=2048 batch=4: 22 x 28.923 us = 636.32 us (1159.82 GFLOPS/s)
MUL_MAT_VEC q4_0_rocmfp4_fast m=2048 n=4 k=10752: 30 x 61.152 us = 1834.56 us (2880.57 GFLOPS/s)
MUL_MAT_VEC q4_0_rocmfp4_fast m=2048 n=4 k=2048: 16 x 19.012 us = 304.2 us (1764.43 GFLOPS/s)
MUL_MAT_VEC q4_0_rocmfp4_fast m=512 n=4 k=2048: 16 x 3.57 us = 57.12 us (2349.18 GFLOPS/s)
MUL_MAT_VEC q4_0_rocmfp4_fast m=6144 n=1 k=2048 batch=4: 22 x 79.463 us = 1748.2 us (1266.48 GFLOPS/s)
MUL_MAT_VEC q6_K m=128000 n=4 k=2048: 1 x 1066.24 us = 1066.24 us (1966.39 GFLOPS/s)
RMS_NORM_MUL RMS_NORM(2048,4,1,1): 61 x 4.718 us = 287.8 us
RMS_NORM_MUL_ROPE RMS_NORM(64,32,4,1): 8 x 8.47 us = 67.76 us
RMS_NORM_MUL_ROPE RMS_NORM(64,8,4,1): 8 x 3.515 us = 28.12 us
SET_ROWS: 16 x 2.045 us = 32.72 us
SSM_CONV: 22 x 4.498 us = 98.96 us
Total time: 10460.4 us.
----------------
Vulkan Timings:
ADD: 60 x 1.939 us = 116.36 us
CONCAT: 22 x 2.483 us = 54.64 us
CPY: 22 x 1.612 us = 35.48 us
FLASH_ATTN_EXT dst(64,32,1,4),  q(64,1,32,4),  k(64,256,8,4),  v(64,256,8,4),  m(256,1,1,4): 8 x 16.54 us = 132.32 us (507.171 GFLOPS/s)
GET_ROWS: 24 x 2.37 us = 56.88 us
GLU: 30 x 5.129 us = 153.88 us
MUL: 44 x 2.626 us = 115.56 us
MUL_MAT f32 m=64 n=128 k=64: 16 x 2.205 us = 35.28 us (471.829 GFLOPS/s)
MUL_MAT f32 m=64 n=32 k=64: 16 x 2.077 us = 33.24 us (125.197 GFLOPS/s)
MUL_MAT_VEC q4_0_rocmfp4_fast m=10752 n=4 k=2048: 60 x 65.011 us = 3900.68 us (2709.03 GFLOPS/s)
MUL_MAT_VEC q4_0_rocmfp4_fast m=2048 n=1 k=2048 batch=4: 22 x 31.003 us = 682.08 us (1082.01 GFLOPS/s)
MUL_MAT_VEC q4_0_rocmfp4_fast m=2048 n=4 k=10752: 30 x 63.716 us = 1911.48 us (2764.65 GFLOPS/s)
MUL_MAT_VEC q4_0_rocmfp4_fast m=2048 n=4 k=2048: 16 x 19.695 us = 315.12 us (1703.29 GFLOPS/s)
MUL_MAT_VEC q4_0_rocmfp4_fast m=512 n=4 k=2048: 16 x 3.772 us = 60.36 us (2223.08 GFLOPS/s)
MUL_MAT_VEC q4_0_rocmfp4_fast m=6144 n=1 k=2048 batch=4: 22 x 85.01 us = 1870.24 us (1183.83 GFLOPS/s)
MUL_MAT_VEC q6_K m=128000 n=4 k=2048: 1 x 1063.76 us = 1063.76 us (1970.97 GFLOPS/s)
RMS_NORM_MUL RMS_NORM(2048,4,1,1): 61 x 4.875 us = 297.4 us
RMS_NORM_MUL_ROPE RMS_NORM(64,32,4,1): 8 x 8.94 us = 71.52 us
RMS_NORM_MUL_ROPE RMS_NORM(64,8,4,1): 8 x 3.725 us = 29.8 us
SET_ROWS: 16 x 2.397 us = 38.36 us
SSM_CONV: 22 x 4.87 us = 107.16 us
Total time: 11081.6 us.
----------------
Vulkan Timings:
ADD: 60 x 2.366 us = 142 us
CONCAT: 22 x 2.956 us = 65.04 us
CPY: 22 x 1.727 us = 38 us
FLASH_ATTN_EXT dst(64,32,1,4),  q(64,1,32,4),  k(64,256,8,4),  v(64,256,8,4),  m(256,1,1,4): 8 x 19.4 us = 155.2 us (432.402 GFLOPS/s)
GET_ROWS: 24 x 2.69 us = 64.56 us
GLU: 30 x 5.62 us = 168.6 us
MUL: 44 x 3.065 us = 134.88 us
MUL_MAT f32 m=64 n=128 k=64: 16 x 2.405 us = 38.48 us (432.592 GFLOPS/s)
MUL_MAT f32 m=64 n=32 k=64: 16 x 2.44 us = 39.04 us (106.597 GFLOPS/s)
MUL_MAT_VEC q4_0_rocmfp4_fast m=10752 n=4 k=2048: 60 x 76.948 us = 4616.92 us (2288.77 GFLOPS/s)
MUL_MAT_VEC q4_0_rocmfp4_fast m=2048 n=1 k=2048 batch=4: 22 x 36.803 us = 809.68 us (911.493 GFLOPS/s)
MUL_MAT_VEC q4_0_rocmfp4_fast m=2048 n=4 k=10752: 30 x 75.577 us = 2267.32 us (2330.76 GFLOPS/s)
MUL_MAT_VEC q4_0_rocmfp4_fast m=2048 n=4 k=2048: 16 x 21.235 us = 339.76 us (1579.76 GFLOPS/s)
MUL_MAT_VEC q4_0_rocmfp4_fast m=512 n=4 k=2048: 16 x 5.552 us = 88.84 us (1510.41 GFLOPS/s)
MUL_MAT_VEC q4_0_rocmfp4_fast m=6144 n=1 k=2048 batch=4: 22 x 101.005 us = 2222.12 us (996.369 GFLOPS/s)
MUL_MAT_VEC q6_K m=128000 n=4 k=2048: 1 x 1056.52 us = 1056.52 us (1984.48 GFLOPS/s)
RMS_NORM_MUL RMS_NORM(2048,4,1,1): 61 x 5.71 us = 348.36 us
RMS_NORM_MUL_ROPE RMS_NORM(64,32,4,1): 8 x 10.275 us = 82.2 us
RMS_NORM_MUL_ROPE RMS_NORM(64,8,4,1): 8 x 4.295 us = 34.36 us
SET_ROWS: 16 x 2.462 us = 39.4 us
SSM_CONV: 22 x 5.66 us = 124.52 us
Total time: 12875.8 us.
----------------
Vulkan Timings:
ADD: 60 x 2.069 us = 124.16 us
CONCAT: 22 x 2.629 us = 57.84 us
CPY: 22 x 1.616 us = 35.56 us
FLASH_ATTN_EXT dst(64,32,1,4),  q(64,1,32,4),  k(64,256,8,4),  v(64,256,8,4),  m(256,1,1,4): 8 x 17.48 us = 139.84 us (479.897 GFLOPS/s)
GET_ROWS: 24 x 2.446 us = 58.72 us
GLU: 30 x 5.252 us = 157.56 us
MUL: 44 x 3.035 us = 133.56 us
MUL_MAT f32 m=64 n=128 k=64: 16 x 2.34 us = 37.44 us (444.609 GFLOPS/s)
MUL_MAT f32 m=64 n=32 k=64: 16 x 2.155 us = 34.48 us (120.694 GFLOPS/s)
MUL_MAT_VEC q4_0_rocmfp4_fast m=10752 n=4 k=2048: 60 x 68.716 us = 4122.96 us (2562.98 GFLOPS/s)
MUL_MAT_VEC q4_0_rocmfp4_fast m=2048 n=1 k=2048 batch=4: 22 x 32.88 us = 723.36 us (1020.26 GFLOPS/s)
MUL_MAT_VEC q4_0_rocmfp4_fast m=2048 n=4 k=10752: 30 x 68.125 us = 2043.76 us (2585.71 GFLOPS/s)
MUL_MAT_VEC q4_0_rocmfp4_fast m=2048 n=4 k=2048: 16 x 20.532 us = 328.52 us (1633.81 GFLOPS/s)
MUL_MAT_VEC q4_0_rocmfp4_fast m=512 n=4 k=2048: 16 x 4.005 us = 64.08 us (2094.02 GFLOPS/s)
MUL_MAT_VEC q4_0_rocmfp4_fast m=6144 n=1 k=2048 batch=4: 22 x 91.58 us = 2014.76 us (1098.92 GFLOPS/s)
MUL_MAT_VEC q6_K m=128000 n=4 k=2048: 1 x 1082.12 us = 1082.12 us (1937.53 GFLOPS/s)
RMS_NORM_MUL RMS_NORM(2048,4,1,1): 61 x 5.011 us = 305.68 us
RMS_NORM_MUL_ROPE RMS_NORM(64,32,4,1): 8 x 9.465 us = 75.72 us
RMS_NORM_MUL_ROPE RMS_NORM(64,8,4,1): 8 x 3.92 us = 31.36 us
SET_ROWS: 16 x 2.397 us = 38.36 us
SSM_CONV: 22 x 5.103 us = 112.28 us
Total time: 11722.1 us.
----------------
Vulkan Timings:
ADD: 60 x 2.846 us = 170.8 us
CONCAT: 22 x 3.063 us = 67.4 us
CPY: 22 x 1.745 us = 38.4 us
FLASH_ATTN_EXT dst(64,32,1,4),  q(64,1,32,4),  k(64,256,8,4),  v(64,256,8,4),  m(256,1,1,4): 8 x 22.76 us = 182.08 us (368.568 GFLOPS/s)
GET_ROWS: 24 x 3.251 us = 78.04 us
GLU: 30 x 6.08 us = 182.4 us
MUL: 44 x 3.179 us = 139.88 us
MUL_MAT f32 m=64 n=128 k=64: 16 x 2.567 us = 41.08 us (405.213 GFLOPS/s)
MUL_MAT f32 m=64 n=32 k=64: 16 x 2.3 us = 36.8 us (113.085 GFLOPS/s)
MUL_MAT_VEC q4_0_rocmfp4_fast m=10752 n=4 k=2048: 60 x 81.688 us = 4901.32 us (2155.96 GFLOPS/s)
MUL_MAT_VEC q4_0_rocmfp4_fast m=2048 n=1 k=2048 batch=4: 22 x 38.536 us = 847.8 us (870.509 GFLOPS/s)
MUL_MAT_VEC q4_0_rocmfp4_fast m=2048 n=4 k=10752: 30 x 80.438 us = 2413.16 us (2189.9 GFLOPS/s)
MUL_MAT_VEC q4_0_rocmfp4_fast m=2048 n=4 k=2048: 16 x 22.17 us = 354.72 us (1513.14 GFLOPS/s)
MUL_MAT_VEC q4_0_rocmfp4_fast m=512 n=4 k=2048: 16 x 6.255 us = 100.08 us (1340.78 GFLOPS/s)
MUL_MAT_VEC q4_0_rocmfp4_fast m=6144 n=1 k=2048 batch=4: 22 x 104.563 us = 2300.4 us (962.464 GFLOPS/s)
MUL_MAT_VEC q6_K m=128000 n=4 k=2048: 1 x 1074 us = 1074 us (1952.18 GFLOPS/s)
RMS_NORM_MUL RMS_NORM(2048,4,1,1): 61 x 5.956 us = 363.32 us
RMS_NORM_MUL_ROPE RMS_NORM(64,32,4,1): 8 x 10.8 us = 86.4 us
RMS_NORM_MUL_ROPE RMS_NORM(64,8,4,1): 8 x 4.535 us = 36.28 us
SET_ROWS: 16 x 2.955 us = 47.28 us
SSM_CONV: 22 x 5.865 us = 129.04 us
Total time: 13590.7 us.
----------------
Vulkan Timings:
ADD: 60 x 2.37 us = 142.2 us
CONCAT: 22 x 3.396 us = 74.72 us
CPY: 22 x 1.8 us = 39.6 us
FLASH_ATTN_EXT dst(64,32,1,4),  q(64,1,32,4),  k(64,256,8,4),  v(64,256,8,4),  m(256,1,1,4): 8 x 20.69 us = 165.52 us (405.443 GFLOPS/s)
GET_ROWS: 24 x 2.961 us = 71.08 us
GLU: 30 x 5.264 us = 157.92 us
MUL: 44 x 3.262 us = 143.56 us
MUL_MAT f32 m=64 n=128 k=64: 16 x 2.55 us = 40.8 us (407.994 GFLOPS/s)
MUL_MAT f32 m=64 n=32 k=64: 16 x 2.427 us = 38.84 us (107.146 GFLOPS/s)
MUL_MAT_VEC q4_0_rocmfp4_fast m=10752 n=4 k=2048: 60 x 83.818 us = 5029.08 us (2101.19 GFLOPS/s)
MUL_MAT_VEC q4_0_rocmfp4_fast m=2048 n=1 k=2048 batch=4: 22 x 39.532 us = 869.72 us (848.569 GFLOPS/s)
MUL_MAT_VEC q4_0_rocmfp4_fast m=2048 n=4 k=10752: 30 x 83.881 us = 2516.44 us (2100.02 GFLOPS/s)
MUL_MAT_VEC q4_0_rocmfp4_fast m=2048 n=4 k=2048: 16 x 22.45 us = 359.2 us (1494.26 GFLOPS/s)
MUL_MAT_VEC q4_0_rocmfp4_fast m=512 n=4 k=2048: 16 x 6.275 us = 100.4 us (1336.5 GFLOPS/s)
MUL_MAT_VEC q4_0_rocmfp4_fast m=6144 n=1 k=2048 batch=4: 22 x 108.754 us = 2392.6 us (925.375 GFLOPS/s)
MUL_MAT_VEC q6_K m=128000 n=4 k=2048: 1 x 1084.52 us = 1084.52 us (1933.24 GFLOPS/s)
RMS_NORM_MUL RMS_NORM(2048,4,1,1): 61 x 5.895 us = 359.64 us
RMS_NORM_MUL_ROPE RMS_NORM(64,32,4,1): 8 x 10.855 us = 86.84 us
RMS_NORM_MUL_ROPE RMS_NORM(64,8,4,1): 8 x 4.57 us = 36.56 us
SET_ROWS: 16 x 2.732 us = 43.72 us
SSM_CONV: 22 x 7.083 us = 155.84 us
Total time: 13908.8 us.
----------------
Vulkan Timings:
ADD: 60 x 1.842 us = 110.56 us
CONCAT: 22 x 2.316 us = 50.96 us
CPY: 22 x 1.598 us = 35.16 us
FLASH_ATTN_EXT dst(64,32,1,4),  q(64,1,32,4),  k(64,256,8,4),  v(64,256,8,4),  m(256,1,1,4): 8 x 15.125 us = 121 us (554.619 GFLOPS/s)
GET_ROWS: 24 x 2.231 us = 53.56 us
GLU: 30 x 4.545 us = 136.36 us
MUL: 44 x 2.442 us = 107.48 us
MUL_MAT f32 m=64 n=128 k=64: 16 x 2.095 us = 33.52 us (496.603 GFLOPS/s)
MUL_MAT f32 m=64 n=32 k=64: 16 x 2.057 us = 32.92 us (126.414 GFLOPS/s)
MUL_MAT_VEC q4_0_rocmfp4_fast m=10752 n=4 k=2048: 60 x 60.976 us = 3658.6 us (2888.28 GFLOPS/s)
MUL_MAT_VEC q4_0_rocmfp4_fast m=2048 n=1 k=2048 batch=4: 22 x 28.63 us = 629.88 us (1171.68 GFLOPS/s)
MUL_MAT_VEC q4_0_rocmfp4_fast m=2048 n=4 k=10752: 30 x 61.068 us = 1832.04 us (2884.53 GFLOPS/s)
MUL_MAT_VEC q4_0_rocmfp4_fast m=2048 n=4 k=2048: 16 x 18.517 us = 296.28 us (1811.6 GFLOPS/s)
MUL_MAT_VEC q4_0_rocmfp4_fast m=512 n=4 k=2048: 16 x 3.79 us = 60.64 us (2212.81 GFLOPS/s)
MUL_MAT_VEC q4_0_rocmfp4_fast m=6144 n=1 k=2048 batch=4: 22 x 78.998 us = 1737.96 us (1273.94 GFLOPS/s)
MUL_MAT_VEC q6_K m=128000 n=4 k=2048: 1 x 1080.84 us = 1080.84 us (1939.82 GFLOPS/s)
RMS_NORM_MUL RMS_NORM(2048,4,1,1): 61 x 4.695 us = 286.44 us
RMS_NORM_MUL_ROPE RMS_NORM(64,32,4,1): 8 x 10.19 us = 81.52 us
RMS_NORM_MUL_ROPE RMS_NORM(64,8,4,1): 8 x 3.44 us = 27.52 us
SET_ROWS: 16 x 2.117 us = 33.88 us
SSM_CONV: 22 x 4.421 us = 97.28 us
Total time: 10504.4 us.
----------------
Vulkan Timings:
ADD: 60 x 1.878 us = 112.68 us
CONCAT: 22 x 2.325 us = 51.16 us
CPY: 22 x 1.589 us = 34.96 us
FLASH_ATTN_EXT dst(64,32,1,4),  q(64,1,32,4),  k(64,256,8,4),  v(64,256,8,4),  m(256,1,1,4): 8 x 15.03 us = 120.24 us (558.124 GFLOPS/s)
GET_ROWS: 24 x 2.241 us = 53.8 us
GLU: 30 x 4.6 us = 138 us
MUL: 44 x 2.451 us = 107.88 us
MUL_MAT f32 m=64 n=128 k=64: 16 x 2.107 us = 33.72 us (493.658 GFLOPS/s)
MUL_MAT f32 m=64 n=32 k=64: 16 x 2.06 us = 32.96 us (126.26 GFLOPS/s)
MUL_MAT_VEC q4_0_rocmfp4_fast m=10752 n=4 k=2048: 60 x 59.958 us = 3597.52 us (2937.32 GFLOPS/s)
MUL_MAT_VEC q4_0_rocmfp4_fast m=2048 n=1 k=2048 batch=4: 22 x 28.81 us = 633.84 us (1164.36 GFLOPS/s)
MUL_MAT_VEC q4_0_rocmfp4_fast m=2048 n=4 k=10752: 30 x 60.716 us = 1821.48 us (2901.25 GFLOPS/s)
MUL_MAT_VEC q4_0_rocmfp4_fast m=2048 n=4 k=2048: 16 x 18.422 us = 294.76 us (1820.94 GFLOPS/s)
MUL_MAT_VEC q4_0_rocmfp4_fast m=512 n=4 k=2048: 16 x 3.56 us = 56.96 us (2355.78 GFLOPS/s)
MUL_MAT_VEC q4_0_rocmfp4_fast m=6144 n=1 k=2048 batch=4: 22 x 78.816 us = 1733.96 us (1276.88 GFLOPS/s)
MUL_MAT_VEC q6_K m=128000 n=4 k=2048: 1 x 1056.76 us = 1056.76 us (1984.03 GFLOPS/s)
RMS_NORM_MUL RMS_NORM(2048,4,1,1): 61 x 4.454 us = 271.72 us
RMS_NORM_MUL_ROPE RMS_NORM(64,32,4,1): 8 x 8.32 us = 66.56 us
RMS_NORM_MUL_ROPE RMS_NORM(64,8,4,1): 8 x 3.38 us = 27.04 us
SET_ROWS: 16 x 2.072 us = 33.16 us
SSM_CONV: 22 x 4.447 us = 97.84 us
Total time: 10377 us.
----------------
Vulkan Timings:
ADD: 60 x 1.918 us = 115.12 us
CONCAT: 22 x 2.356 us = 51.84 us
CPY: 22 x 1.621 us = 35.68 us
FLASH_ATTN_EXT dst(64,32,1,4),  q(64,1,32,4),  k(64,256,8,4),  v(64,256,8,4),  m(256,1,1,4): 8 x 15.045 us = 120.36 us (557.568 GFLOPS/s)
GET_ROWS: 24 x 2.63 us = 63.12 us
GLU: 30 x 4.848 us = 145.44 us
MUL: 44 x 2.504 us = 110.2 us
MUL_MAT f32 m=64 n=128 k=64: 16 x 2.117 us = 33.88 us (491.327 GFLOPS/s)
MUL_MAT f32 m=64 n=32 k=64: 16 x 2.102 us = 33.64 us (123.708 GFLOPS/s)
MUL_MAT_VEC q4_0_rocmfp4_fast m=10752 n=4 k=2048: 60 x 60.14 us = 3608.4 us (2928.46 GFLOPS/s)
MUL_MAT_VEC q4_0_rocmfp4_fast m=2048 n=1 k=2048 batch=4: 22 x 28.634 us = 629.96 us (1171.53 GFLOPS/s)
MUL_MAT_VEC q4_0_rocmfp4_fast m=2048 n=4 k=10752: 30 x 60.864 us = 1825.92 us (2894.2 GFLOPS/s)
MUL_MAT_VEC q4_0_rocmfp4_fast m=2048 n=4 k=2048: 16 x 18.587 us = 297.4 us (1804.77 GFLOPS/s)
MUL_MAT_VEC q4_0_rocmfp4_fast m=512 n=4 k=2048: 16 x 3.535 us = 56.56 us (2372.44 GFLOPS/s)
MUL_MAT_VEC q4_0_rocmfp4_fast m=6144 n=1 k=2048 batch=4: 22 x 80.021 us = 1760.48 us (1257.64 GFLOPS/s)
MUL_MAT_VEC q6_K m=128000 n=4 k=2048: 1 x 1063.76 us = 1063.76 us (1970.97 GFLOPS/s)
RMS_NORM_MUL RMS_NORM(2048,4,1,1): 61 x 4.54 us = 276.96 us
RMS_NORM_MUL_ROPE RMS_NORM(64,32,4,1): 8 x 8.42 us = 67.36 us
RMS_NORM_MUL_ROPE RMS_NORM(64,8,4,1): 8 x 3.495 us = 27.96 us
SET_ROWS: 16 x 2.177 us = 34.84 us
SSM_CONV: 22 x 4.441 us = 97.72 us
Total time: 10456.6 us.
----------------
Vulkan Timings:
ADD: 60 x 2.051 us = 123.08 us
CONCAT: 22 x 2.378 us = 52.32 us
CPY: 22 x 1.649 us = 36.28 us
FLASH_ATTN_EXT dst(64,32,1,4),  q(64,1,32,4),  k(64,256,8,4),  v(64,256,8,4),  m(256,1,1,4): 8 x 15.22 us = 121.76 us (551.157 GFLOPS/s)
GET_ROWS: 24 x 2.293 us = 55.04 us
GLU: 30 x 4.508 us = 135.24 us
MUL: 44 x 2.497 us = 109.88 us
MUL_MAT f32 m=64 n=128 k=64: 16 x 2.12 us = 33.92 us (490.747 GFLOPS/s)
MUL_MAT f32 m=64 n=32 k=64: 16 x 2.097 us = 33.56 us (124.003 GFLOPS/s)
MUL_MAT_VEC q4_0_rocmfp4_fast m=10752 n=4 k=2048: 60 x 60.385 us = 3623.12 us (2916.57 GFLOPS/s)
MUL_MAT_VEC q4_0_rocmfp4_fast m=2048 n=1 k=2048 batch=4: 22 x 29.192 us = 642.24 us (1149.13 GFLOPS/s)
MUL_MAT_VEC q4_0_rocmfp4_fast m=2048 n=4 k=10752: 30 x 61.673 us = 1850.2 us (2856.22 GFLOPS/s)
MUL_MAT_VEC q4_0_rocmfp4_fast m=2048 n=4 k=2048: 16 x 18.682 us = 298.92 us (1795.6 GFLOPS/s)
MUL_MAT_VEC q4_0_rocmfp4_fast m=512 n=4 k=2048: 16 x 3.532 us = 56.52 us (2374.11 GFLOPS/s)
MUL_MAT_VEC q4_0_rocmfp4_fast m=6144 n=1 k=2048 batch=4: 22 x 79.481 us = 1748.6 us (1266.19 GFLOPS/s)
MUL_MAT_VEC q6_K m=128000 n=4 k=2048: 1 x 1107.2 us = 1107.2 us (1893.64 GFLOPS/s)
RMS_NORM_MUL RMS_NORM(2048,4,1,1): 61 x 4.668 us = 284.76 us
RMS_NORM_MUL_ROPE RMS_NORM(64,32,4,1): 8 x 8.415 us = 67.32 us
RMS_NORM_MUL_ROPE RMS_NORM(64,8,4,1): 8 x 3.44 us = 27.52 us
SET_ROWS: 16 x 2.11 us = 33.76 us
SSM_CONV: 22 x 4.456 us = 98.04 us
Total time: 10539.3 us.
0.20.785.264 I slot print_timing: id  1 | task 152 | prompt eval time =     164.49 ms /   128 tokens (    1.29 ms per token,   778.15 tokens per second)
0.20.785.274 I slot print_timing: id  1 | task 152 |        eval time =     760.27 ms /    48 tokens (   16.18 ms per token,    61.82 tokens per second)
0.20.785.275 I slot print_timing: id  1 | task 152 |       total time =     924.76 ms /   176 tokens
0.20.785.277 I slot print_timing: id  1 | task 152 |    graphs reused =        177
0.20.785.314 I slot      release: id  1 | task 152 | stop processing: n_tokens = 175, truncated = 0
----------------
Vulkan Timings:
ADD: 60 x 2.227 us = 133.64 us
CONCAT: 22 x 2.88 us = 63.36 us
CPY: 22 x 1.689 us = 37.16 us
FLASH_ATTN_EXT dst(64,32,1,3),  q(64,1,32,3),  k(64,256,8,3),  v(64,256,8,3),  m(256,1,1,3): 8 x 18.63 us = 149.04 us (337.706 GFLOPS/s)
GET_ROWS: 24 x 2.705 us = 64.92 us
GLU: 30 x 3.166 us = 95 us
MUL: 44 x 2.86 us = 125.88 us
MUL_MAT f32 m=64 n=24 k=64: 16 x 2.387 us = 38.2 us (81.7055 GFLOPS/s)
MUL_MAT f32 m=64 n=96 k=64: 16 x 2.337 us = 37.4 us (333.813 GFLOPS/s)
MUL_MAT_VEC q4_0_rocmfp4_fast m=10752 n=3 k=2048: 60 x 66.589 us = 3995.36 us (1983.63 GFLOPS/s)
MUL_MAT_VEC q4_0_rocmfp4_fast m=2048 n=1 k=2048 batch=3: 22 x 29.565 us = 650.44 us (850.982 GFLOPS/s)
MUL_MAT_VEC q4_0_rocmfp4_fast m=2048 n=3 k=10752: 30 x 66.162 us = 1984.88 us (1996.81 GFLOPS/s)
MUL_MAT_VEC q4_0_rocmfp4_fast m=2048 n=3 k=2048: 16 x 20.135 us = 322.16 us (1249.55 GFLOPS/s)
MUL_MAT_VEC q4_0_rocmfp4_fast m=512 n=3 k=2048: 16 x 4.765 us = 76.24 us (1320.03 GFLOPS/s)
MUL_MAT_VEC q4_0_rocmfp4_fast m=6144 n=1 k=2048 batch=3: 22 x 77.281 us = 1700.2 us (976.673 GFLOPS/s)
MUL_MAT_VEC q6_K m=128000 n=3 k=2048: 1 x 1019.68 us = 1019.68 us (1542.13 GFLOPS/s)
RMS_NORM_MUL RMS_NORM(2048,3,1,1): 61 x 5.655 us = 345 us
RMS_NORM_MUL_ROPE RMS_NORM(64,32,3,1): 8 x 9.735 us = 77.88 us
RMS_NORM_MUL_ROPE RMS_NORM(64,8,3,1): 8 x 4.325 us = 34.6 us
SET_ROWS: 16 x 2.77 us = 44.32 us
SSM_CONV: 22 x 5.27 us = 115.96 us
Total time: 11111.3 us.
----------------
Vulkan Timings:
ADD: 60 x 1.966 us = 117.96 us
CONCAT: 22 x 2.498 us = 54.96 us
CPY: 22 x 1.612 us = 35.48 us
FLASH_ATTN_EXT dst(64,32,1,3),  q(64,1,32,3),  k(64,256,8,3),  v(64,256,8,3),  m(256,1,1,3): 8 x 15.685 us = 125.48 us (401.113 GFLOPS/s)
GET_ROWS: 24 x 2.375 us = 57 us
GLU: 30 x 2.778 us = 83.36 us
MUL: 44 x 2.62 us = 115.28 us
MUL_MAT f32 m=64 n=24 k=64: 16 x 2.032 us = 32.52 us (95.9764 GFLOPS/s)
MUL_MAT f32 m=64 n=96 k=64: 16 x 2.195 us = 35.12 us (355.484 GFLOPS/s)
MUL_MAT_VEC q4_0_rocmfp4_fast m=10752 n=3 k=2048: 60 x 57.918 us = 3475.12 us (2280.58 GFLOPS/s)
MUL_MAT_VEC q4_0_rocmfp4_fast m=2048 n=1 k=2048 batch=3: 22 x 24.983 us = 549.64 us (1007.05 GFLOPS/s)
MUL_MAT_VEC q4_0_rocmfp4_fast m=2048 n=3 k=10752: 30 x 58.7 us = 1761 us (2250.67 GFLOPS/s)
MUL_MAT_VEC q4_0_rocmfp4_fast m=2048 n=3 k=2048: 16 x 17.54 us = 280.64 us (1434.42 GFLOPS/s)
MUL_MAT_VEC q4_0_rocmfp4_fast m=512 n=3 k=2048: 16 x 3.322 us = 53.16 us (1893.13 GFLOPS/s)
MUL_MAT_VEC q4_0_rocmfp4_fast m=6144 n=1 k=2048 batch=3: 22 x 67.314 us = 1480.92 us (1121.29 GFLOPS/s)
MUL_MAT_VEC q6_K m=128000 n=3 k=2048: 1 x 973.88 us = 973.88 us (1614.65 GFLOPS/s)
RMS_NORM_MUL RMS_NORM(2048,3,1,1): 61 x 4.65 us = 283.68 us
RMS_NORM_MUL_ROPE RMS_NORM(64,32,3,1): 8 x 8.515 us = 68.12 us
RMS_NORM_MUL_ROPE RMS_NORM(64,8,3,1): 8 x 3.695 us = 29.56 us
SET_ROWS: 16 x 2.362 us = 37.8 us
SSM_CONV: 22 x 4.256 us = 93.64 us
Total time: 9744.32 us.
----------------
Vulkan Timings:
ADD: 60 x 1.846 us = 110.8 us
CONCAT: 22 x 2.309 us = 50.8 us
CPY: 22 x 1.583 us = 34.84 us
FLASH_ATTN_EXT dst(64,32,1,3),  q(64,1,32,3),  k(64,256,8,3),  v(64,256,8,3),  m(256,1,1,3): 8 x 14.53 us = 116.24 us (432.998 GFLOPS/s)
GET_ROWS: 24 x 2.255 us = 54.12 us
GLU: 30 x 2.632 us = 78.96 us
MUL: 44 x 2.454 us = 108 us
MUL_MAT f32 m=64 n=24 k=64: 16 x 2.07 us = 33.12 us (94.2377 GFLOPS/s)
MUL_MAT f32 m=64 n=96 k=64: 16 x 2.092 us = 33.48 us (372.897 GFLOPS/s)
MUL_MAT_VEC q4_0_rocmfp4_fast m=10752 n=3 k=2048: 60 x 56.813 us = 3408.8 us (2324.95 GFLOPS/s)
MUL_MAT_VEC q4_0_rocmfp4_fast m=2048 n=1 k=2048 batch=3: 22 x 24.421 us = 537.28 us (1030.21 GFLOPS/s)
MUL_MAT_VEC q4_0_rocmfp4_fast m=2048 n=3 k=10752: 30 x 58.19 us = 1745.72 us (2270.37 GFLOPS/s)
MUL_MAT_VEC q4_0_rocmfp4_fast m=2048 n=3 k=2048: 16 x 16.865 us = 269.84 us (1491.83 GFLOPS/s)
MUL_MAT_VEC q4_0_rocmfp4_fast m=512 n=3 k=2048: 16 x 3.167 us = 50.68 us (1985.77 GFLOPS/s)
MUL_MAT_VEC q4_0_rocmfp4_fast m=6144 n=1 k=2048 batch=3: 22 x 64.34 us = 1415.48 us (1173.13 GFLOPS/s)
MUL_MAT_VEC q6_K m=128000 n=3 k=2048: 1 x 986.92 us = 986.92 us (1593.32 GFLOPS/s)
RMS_NORM_MUL RMS_NORM(2048,3,1,1): 61 x 4.509 us = 275.08 us
RMS_NORM_MUL_ROPE RMS_NORM(64,32,3,1): 8 x 8.025 us = 64.2 us
RMS_NORM_MUL_ROPE RMS_NORM(64,8,3,1): 8 x 3.435 us = 27.48 us
SET_ROWS: 16 x 2.155 us = 34.48 us
SSM_CONV: 22 x 3.905 us = 85.92 us
Total time: 9522.24 us.
----------------
Vulkan Timings:
ADD: 60 x 1.908 us = 114.52 us
CONCAT: 22 x 2.887 us = 63.52 us
CPY: 22 x 1.585 us = 34.88 us
FLASH_ATTN_EXT dst(64,32,1,3),  q(64,1,32,3),  k(64,256,8,3),  v(64,256,8,3),  m(256,1,1,3): 8 x 14.68 us = 117.44 us (428.573 GFLOPS/s)
GET_ROWS: 24 x 2.226 us = 53.44 us
GLU: 30 x 2.5 us = 75 us
MUL: 44 x 2.733 us = 120.28 us
MUL_MAT f32 m=64 n=24 k=64: 16 x 2.087 us = 33.4 us (93.4477 GFLOPS/s)
MUL_MAT f32 m=64 n=96 k=64: 16 x 2.085 us = 33.36 us (374.239 GFLOPS/s)
MUL_MAT_VEC q4_0_rocmfp4_fast m=10752 n=3 k=2048: 60 x 56.18 us = 3370.84 us (2351.13 GFLOPS/s)
MUL_MAT_VEC q4_0_rocmfp4_fast m=2048 n=1 k=2048 batch=3: 22 x 23.38 us = 514.36 us (1076.12 GFLOPS/s)
MUL_MAT_VEC q4_0_rocmfp4_fast m=2048 n=3 k=10752: 30 x 56.912 us = 1707.36 us (2321.38 GFLOPS/s)
MUL_MAT_VEC q4_0_rocmfp4_fast m=2048 n=3 k=2048: 16 x 16.762 us = 268.2 us (1500.95 GFLOPS/s)
MUL_MAT_VEC q4_0_rocmfp4_fast m=512 n=3 k=2048: 16 x 3.152 us = 50.44 us (1995.22 GFLOPS/s)
MUL_MAT_VEC q4_0_rocmfp4_fast m=6144 n=1 k=2048 batch=3: 22 x 63.418 us = 1395.2 us (1190.18 GFLOPS/s)
MUL_MAT_VEC q6_K m=128000 n=3 k=2048: 1 x 979.72 us = 979.72 us (1605.03 GFLOPS/s)
RMS_NORM_MUL RMS_NORM(2048,3,1,1): 61 x 4.314 us = 263.16 us
RMS_NORM_MUL_ROPE RMS_NORM(64,32,3,1): 8 x 7.975 us = 63.8 us
RMS_NORM_MUL_ROPE RMS_NORM(64,8,3,1): 8 x 3.41 us = 27.28 us
SET_ROWS: 16 x 1.96 us = 31.36 us
SSM_CONV: 22 x 4.392 us = 96.64 us
Total time: 9414.2 us.
----------------
Vulkan Timings:
ADD: 60 x 1.827 us = 109.64 us
CONCAT: 22 x 2.303 us = 50.68 us
CPY: 22 x 1.645 us = 36.2 us
FLASH_ATTN_EXT dst(64,32,1,3),  q(64,1,32,3),  k(64,256,8,3),  v(64,256,8,3),  m(256,1,1,3): 8 x 14.605 us = 116.84 us (430.774 GFLOPS/s)
GET_ROWS: 24 x 2.216 us = 53.2 us
GLU: 30 x 2.47 us = 74.12 us
MUL: 44 x 2.448 us = 107.72 us
MUL_MAT f32 m=64 n=24 k=64: 16 x 2.087 us = 33.4 us (93.4477 GFLOPS/s)
MUL_MAT f32 m=64 n=96 k=64: 16 x 2.072 us = 33.16 us (376.496 GFLOPS/s)
MUL_MAT_VEC q4_0_rocmfp4_fast m=10752 n=3 k=2048: 60 x 57.382 us = 3442.92 us (2301.91 GFLOPS/s)
MUL_MAT_VEC q4_0_rocmfp4_fast m=2048 n=1 k=2048 batch=3: 22 x 23.37 us = 514.16 us (1076.54 GFLOPS/s)
MUL_MAT_VEC q4_0_rocmfp4_fast m=2048 n=3 k=10752: 30 x 56.424 us = 1692.72 us (2341.46 GFLOPS/s)
MUL_MAT_VEC q4_0_rocmfp4_fast m=2048 n=3 k=2048: 16 x 16.76 us = 268.16 us (1501.17 GFLOPS/s)
MUL_MAT_VEC q4_0_rocmfp4_fast m=512 n=3 k=2048: 16 x 3.177 us = 50.84 us (1979.52 GFLOPS/s)
MUL_MAT_VEC q4_0_rocmfp4_fast m=6144 n=1 k=2048 batch=3: 22 x 63.078 us = 1387.72 us (1196.6 GFLOPS/s)
MUL_MAT_VEC q6_K m=128000 n=3 k=2048: 1 x 970.88 us = 970.88 us (1619.64 GFLOPS/s)
RMS_NORM_MUL RMS_NORM(2048,3,1,1): 61 x 4.386 us = 267.56 us
RMS_NORM_MUL_ROPE RMS_NORM(64,32,3,1): 8 x 7.95 us = 63.6 us
RMS_NORM_MUL_ROPE RMS_NORM(64,8,3,1): 8 x 3.41 us = 27.28 us
SET_ROWS: 16 x 1.99 us = 31.84 us
SSM_CONV: 22 x 3.832 us = 84.32 us
Total time: 9416.96 us.
----------------
Vulkan Timings:
ADD: 60 x 1.822 us = 109.36 us
CONCAT: 22 x 2.32 us = 51.04 us
CPY: 22 x 1.587 us = 34.92 us
FLASH_ATTN_EXT dst(64,32,1,3),  q(64,1,32,3),  k(64,256,8,3),  v(64,256,8,3),  m(256,1,1,3): 8 x 14.43 us = 115.44 us (435.998 GFLOPS/s)
GET_ROWS: 24 x 2.236 us = 53.68 us
GLU: 30 x 2.485 us = 74.56 us
MUL: 44 x 2.454 us = 108 us
MUL_MAT f32 m=64 n=24 k=64: 16 x 2.087 us = 33.4 us (93.4477 GFLOPS/s)
MUL_MAT f32 m=64 n=96 k=64: 16 x 2.08 us = 33.28 us (375.138 GFLOPS/s)
MUL_MAT_VEC q4_0_rocmfp4_fast m=10752 n=3 k=2048: 60 x 56.774 us = 3406.48 us (2326.54 GFLOPS/s)
MUL_MAT_VEC q4_0_rocmfp4_fast m=2048 n=1 k=2048 batch=3: 22 x 24.405 us = 536.92 us (1030.9 GFLOPS/s)
MUL_MAT_VEC q4_0_rocmfp4_fast m=2048 n=3 k=10752: 30 x 57.406 us = 1722.2 us (2301.38 GFLOPS/s)
MUL_MAT_VEC q4_0_rocmfp4_fast m=2048 n=3 k=2048: 16 x 16.747 us = 267.96 us (1502.29 GFLOPS/s)
MUL_MAT_VEC q4_0_rocmfp4_fast m=512 n=3 k=2048: 16 x 3.15 us = 50.4 us (1996.8 GFLOPS/s)
MUL_MAT_VEC q4_0_rocmfp4_fast m=6144 n=1 k=2048 batch=3: 22 x 63.427 us = 1395.4 us (1190.01 GFLOPS/s)
MUL_MAT_VEC q6_K m=128000 n=3 k=2048: 1 x 1023.64 us = 1023.64 us (1536.17 GFLOPS/s)
RMS_NORM_MUL RMS_NORM(2048,3,1,1): 61 x 4.331 us = 264.24 us
RMS_NORM_MUL_ROPE RMS_NORM(64,32,3,1): 8 x 7.94 us = 63.52 us
RMS_NORM_MUL_ROPE RMS_NORM(64,8,3,1): 8 x 3.405 us = 27.24 us
SET_ROWS: 16 x 2.052 us = 32.84 us
SSM_CONV: 22 x 3.905 us = 85.92 us
Total time: 9490.44 us.
----------------
Vulkan Timings:
ADD: 60 x 1.832 us = 109.92 us
CONCAT: 22 x 2.305 us = 50.72 us
CPY: 22 x 1.572 us = 34.6 us
FLASH_ATTN_EXT dst(64,32,1,3),  q(64,1,32,3),  k(64,256,8,3),  v(64,256,8,3),  m(256,1,1,3): 8 x 14.635 us = 117.08 us (429.891 GFLOPS/s)
GET_ROWS: 24 x 2.245 us = 53.88 us
GLU: 30 x 2.546 us = 76.4 us
MUL: 44 x 2.45 us = 107.84 us
MUL_MAT f32 m=64 n=24 k=64: 16 x 2.092 us = 33.48 us (93.2244 GFLOPS/s)
MUL_MAT f32 m=64 n=96 k=64: 16 x 2.08 us = 33.28 us (375.138 GFLOPS/s)
MUL_MAT_VEC q4_0_rocmfp4_fast m=10752 n=3 k=2048: 60 x 57.542 us = 3452.56 us (2295.48 GFLOPS/s)
MUL_MAT_VEC q4_0_rocmfp4_fast m=2048 n=1 k=2048 batch=3: 22 x 23.872 us = 525.2 us (1053.91 GFLOPS/s)
MUL_MAT_VEC q4_0_rocmfp4_fast m=2048 n=3 k=10752: 30 x 58.889 us = 1766.68 us (2243.44 GFLOPS/s)
MUL_MAT_VEC q4_0_rocmfp4_fast m=2048 n=3 k=2048: 16 x 16.697 us = 267.16 us (1506.79 GFLOPS/s)
MUL_MAT_VEC q4_0_rocmfp4_fast m=512 n=3 k=2048: 16 x 3.14 us = 50.24 us (2003.16 GFLOPS/s)
MUL_MAT_VEC q4_0_rocmfp4_fast m=6144 n=1 k=2048 batch=3: 22 x 64.29 us = 1414.4 us (1174.02 GFLOPS/s)
MUL_MAT_VEC q6_K m=128000 n=3 k=2048: 1 x 978.08 us = 978.08 us (1607.72 GFLOPS/s)
RMS_NORM_MUL RMS_NORM(2048,3,1,1): 61 x 4.344 us = 265.04 us
RMS_NORM_MUL_ROPE RMS_NORM(64,32,3,1): 8 x 7.92 us = 63.36 us
RMS_NORM_MUL_ROPE RMS_NORM(64,8,3,1): 8 x 3.43 us = 27.44 us
SET_ROWS: 16 x 2.007 us = 32.12 us
SSM_CONV: 22 x 3.907 us = 85.96 us
Total time: 9545.44 us.
----------------
Vulkan Timings:
ADD: 60 x 1.828 us = 109.72 us
CONCAT: 22 x 2.3 us = 50.6 us
CPY: 22 x 1.581 us = 34.8 us
FLASH_ATTN_EXT dst(64,32,1,3),  q(64,1,32,3),  k(64,256,8,3),  v(64,256,8,3),  m(256,1,1,3): 8 x 14.555 us = 116.44 us (432.254 GFLOPS/s)
GET_ROWS: 24 x 2.228 us = 53.48 us
GLU: 30 x 2.465 us = 73.96 us
MUL: 44 x 2.434 us = 107.12 us
MUL_MAT f32 m=64 n=24 k=64: 16 x 2.087 us = 33.4 us (93.4477 GFLOPS/s)
MUL_MAT f32 m=64 n=96 k=64: 16 x 2.052 us = 32.84 us (380.165 GFLOPS/s)
MUL_MAT_VEC q4_0_rocmfp4_fast m=10752 n=3 k=2048: 60 x 57.09 us = 3425.4 us (2313.69 GFLOPS/s)
MUL_MAT_VEC q4_0_rocmfp4_fast m=2048 n=1 k=2048 batch=3: 22 x 23.372 us = 514.2 us (1076.45 GFLOPS/s)
MUL_MAT_VEC q4_0_rocmfp4_fast m=2048 n=3 k=10752: 30 x 56.124 us = 1683.72 us (2353.97 GFLOPS/s)
MUL_MAT_VEC q4_0_rocmfp4_fast m=2048 n=3 k=2048: 16 x 16.79 us = 268.64 us (1498.49 GFLOPS/s)
MUL_MAT_VEC q4_0_rocmfp4_fast m=512 n=3 k=2048: 16 x 3.16 us = 50.56 us (1990.48 GFLOPS/s)
MUL_MAT_VEC q4_0_rocmfp4_fast m=6144 n=1 k=2048 batch=3: 22 x 63.056 us = 1387.24 us (1197.01 GFLOPS/s)
MUL_MAT_VEC q6_K m=128000 n=3 k=2048: 1 x 970 us = 970 us (1621.11 GFLOPS/s)
RMS_NORM_MUL RMS_NORM(2048,3,1,1): 61 x 4.352 us = 265.48 us
RMS_NORM_MUL_ROPE RMS_NORM(64,32,3,1): 8 x 7.91 us = 63.28 us
RMS_NORM_MUL_ROPE RMS_NORM(64,8,3,1): 8 x 3.38 us = 27.04 us
SET_ROWS: 16 x 2.075 us = 33.2 us
SSM_CONV: 22 x 3.907 us = 85.96 us
Total time: 9387.08 us.
----------------
Vulkan Timings:
ADD: 60 x 2.216 us = 132.96 us
CONCAT: 22 x 2.696 us = 59.32 us
CPY: 22 x 2.701 us = 59.44 us
FLASH_ATTN_EXT dst(64,32,1,3),  q(64,1,32,3),  k(64,256,8,3),  v(64,256,8,3),  m(256,1,1,3): 8 x 17.635 us = 141.08 us (356.76 GFLOPS/s)
GET_ROWS: 24 x 2.92 us = 70.08 us
GLU: 30 x 3.296 us = 98.88 us
MUL: 44 x 2.865 us = 126.08 us
MUL_MAT f32 m=64 n=24 k=64: 16 x 2.075 us = 33.2 us (94.0106 GFLOPS/s)
MUL_MAT f32 m=64 n=96 k=64: 16 x 2.292 us = 36.68 us (340.366 GFLOPS/s)
MUL_MAT_VEC q4_0_rocmfp4_fast m=10752 n=3 k=2048: 60 x 63.38 us = 3802.84 us (2084.05 GFLOPS/s)
MUL_MAT_VEC q4_0_rocmfp4_fast m=2048 n=1 k=2048 batch=3: 22 x 28.012 us = 616.28 us (898.152 GFLOPS/s)
MUL_MAT_VEC q4_0_rocmfp4_fast m=2048 n=3 k=10752: 30 x 62.141 us = 1864.24 us (2126.03 GFLOPS/s)
MUL_MAT_VEC q4_0_rocmfp4_fast m=2048 n=3 k=2048: 16 x 18.765 us = 300.24 us (1340.78 GFLOPS/s)
MUL_MAT_VEC q4_0_rocmfp4_fast m=512 n=3 k=2048: 16 x 3.61 us = 57.76 us (1742.36 GFLOPS/s)
MUL_MAT_VEC q4_0_rocmfp4_fast m=6144 n=1 k=2048 batch=3: 22 x 74.81 us = 1645.84 us (1008.93 GFLOPS/s)
MUL_MAT_VEC q6_K m=128000 n=3 k=2048: 1 x 993.6 us = 993.6 us (1582.61 GFLOPS/s)
RMS_NORM_MUL RMS_NORM(2048,3,1,1): 61 x 5.466 us = 333.44 us
RMS_NORM_MUL_ROPE RMS_NORM(64,32,3,1): 8 x 9.34 us = 74.72 us
RMS_NORM_MUL_ROPE RMS_NORM(64,8,3,1): 8 x 4.055 us = 32.44 us
SET_ROWS: 16 x 2.59 us = 41.44 us
SSM_CONV: 22 x 4.669 us = 102.72 us
Total time: 10623.3 us.
----------------
Vulkan Timings:
ADD: 60 x 2.395 us = 143.72 us
CONCAT: 22 x 2.949 us = 64.88 us
CPY: 22 x 1.716 us = 37.76 us
FLASH_ATTN_EXT dst(64,32,1,3),  q(64,1,32,3),  k(64,256,8,3),  v(64,256,8,3),  m(256,1,1,3): 8 x 18.79 us = 150.32 us (334.83 GFLOPS/s)
GET_ROWS: 24 x 2.71 us = 65.04 us
GLU: 30 x 3.206 us = 96.2 us
MUL: 44 x 3.079 us = 135.48 us
MUL_MAT f32 m=64 n=24 k=64: 16 x 2.222 us = 35.56 us (87.7714 GFLOPS/s)
MUL_MAT f32 m=64 n=96 k=64: 16 x 2.402 us = 38.44 us (324.782 GFLOPS/s)
MUL_MAT_VEC q4_0_rocmfp4_fast m=10752 n=3 k=2048: 60 x 67.414 us = 4044.88 us (1959.34 GFLOPS/s)
MUL_MAT_VEC q4_0_rocmfp4_fast m=2048 n=1 k=2048 batch=3: 22 x 29.434 us = 647.56 us (854.767 GFLOPS/s)
MUL_MAT_VEC q4_0_rocmfp4_fast m=2048 n=3 k=10752: 30 x 65.152 us = 1954.56 us (2027.79 GFLOPS/s)
MUL_MAT_VEC q4_0_rocmfp4_fast m=2048 n=3 k=2048: 16 x 19.06 us = 304.96 us (1320.03 GFLOPS/s)
MUL_MAT_VEC q4_0_rocmfp4_fast m=512 n=3 k=2048: 16 x 4.44 us = 71.04 us (1416.65 GFLOPS/s)
MUL_MAT_VEC q4_0_rocmfp4_fast m=6144 n=1 k=2048 batch=3: 22 x 78.414 us = 1725.12 us (962.564 GFLOPS/s)
MUL_MAT_VEC q6_K m=128000 n=3 k=2048: 1 x 1006.16 us = 1006.16 us (1562.85 GFLOPS/s)
RMS_NORM_MUL RMS_NORM(2048,3,1,1): 61 x 5.656 us = 345.04 us
RMS_NORM_MUL_ROPE RMS_NORM(64,32,3,1): 8 x 9.66 us = 77.28 us
RMS_NORM_MUL_ROPE RMS_NORM(64,8,3,1): 8 x 4.255 us = 34.04 us
SET_ROWS: 16 x 2.67 us = 42.72 us
SSM_CONV: 22 x 5.06 us = 111.32 us
Total time: 11132.1 us.
----------------
Vulkan Timings:
ADD: 60 x 1.964 us = 117.84 us
CONCAT: 22 x 2.474 us = 54.44 us
CPY: 22 x 1.59 us = 35 us
FLASH_ATTN_EXT dst(64,32,1,3),  q(64,1,32,3),  k(64,256,8,3),  v(64,256,8,3),  m(256,1,1,3): 8 x 16.335 us = 130.68 us (385.152 GFLOPS/s)
GET_ROWS: 24 x 2.378 us = 57.08 us
GLU: 30 x 2.676 us = 80.28 us
MUL: 44 x 2.623 us = 115.44 us
MUL_MAT f32 m=64 n=24 k=64: 16 x 2.07 us = 33.12 us (94.2377 GFLOPS/s)
MUL_MAT f32 m=64 n=96 k=64: 16 x 2.225 us = 35.6 us (350.691 GFLOPS/s)
MUL_MAT_VEC q4_0_rocmfp4_fast m=10752 n=3 k=2048: 60 x 58.332 us = 3499.92 us (2264.42 GFLOPS/s)
MUL_MAT_VEC q4_0_rocmfp4_fast m=2048 n=1 k=2048 batch=3: 22 x 25.22 us = 554.84 us (997.608 GFLOPS/s)
MUL_MAT_VEC q4_0_rocmfp4_fast m=2048 n=3 k=10752: 30 x 57.944 us = 1738.32 us (2280.04 GFLOPS/s)
MUL_MAT_VEC q4_0_rocmfp4_fast m=2048 n=3 k=2048: 16 x 17.487 us = 279.8 us (1438.72 GFLOPS/s)
MUL_MAT_VEC q4_0_rocmfp4_fast m=512 n=3 k=2048: 16 x 3.35 us = 53.6 us (1877.59 GFLOPS/s)
MUL_MAT_VEC q4_0_rocmfp4_fast m=6144 n=1 k=2048 batch=3: 22 x 68.172 us = 1499.8 us (1107.17 GFLOPS/s)
MUL_MAT_VEC q6_K m=128000 n=3 k=2048: 1 x 1033.04 us = 1033.04 us (1522.19 GFLOPS/s)
RMS_NORM_MUL RMS_NORM(2048,3,1,1): 61 x 4.767 us = 290.8 us
RMS_NORM_MUL_ROPE RMS_NORM(64,32,3,1): 8 x 8.575 us = 68.6 us
RMS_NORM_MUL_ROPE RMS_NORM(64,8,3,1): 8 x 3.76 us = 30.08 us
SET_ROWS: 16 x 2.187 us = 35 us
SSM_CONV: 22 x 4.296 us = 94.52 us
Total time: 9837.8 us.
----------------
Vulkan Timings:
ADD: 60 x 2.285 us = 137.12 us
CONCAT: 22 x 2.961 us = 65.16 us
CPY: 22 x 1.725 us = 37.96 us
FLASH_ATTN_EXT dst(64,32,1,3),  q(64,1,32,3),  k(64,256,8,3),  v(64,256,8,3),  m(256,1,1,3): 8 x 19.605 us = 156.84 us (320.911 GFLOPS/s)
GET_ROWS: 24 x 2.771 us = 66.52 us
GLU: 30 x 3.185 us = 95.56 us
MUL: 44 x 3.089 us = 135.92 us
MUL_MAT f32 m=64 n=24 k=64: 16 x 2.355 us = 37.68 us (82.8331 GFLOPS/s)
MUL_MAT f32 m=64 n=96 k=64: 16 x 2.477 us = 39.64 us (314.95 GFLOPS/s)
MUL_MAT_VEC q4_0_rocmfp4_fast m=10752 n=3 k=2048: 60 x 69.352 us = 4161.16 us (1904.59 GFLOPS/s)
MUL_MAT_VEC q4_0_rocmfp4_fast m=2048 n=1 k=2048 batch=3: 22 x 29.621 us = 651.68 us (849.363 GFLOPS/s)
MUL_MAT_VEC q4_0_rocmfp4_fast m=2048 n=3 k=10752: 30 x 66.774 us = 2003.24 us (1978.51 GFLOPS/s)
MUL_MAT_VEC q4_0_rocmfp4_fast m=2048 n=3 k=2048: 16 x 19.035 us = 304.56 us (1321.76 GFLOPS/s)
MUL_MAT_VEC q4_0_rocmfp4_fast m=512 n=3 k=2048: 16 x 5.217 us = 83.48 us (1205.54 GFLOPS/s)
MUL_MAT_VEC q4_0_rocmfp4_fast m=6144 n=1 k=2048 batch=3: 22 x 78.585 us = 1728.88 us (960.471 GFLOPS/s)
MUL_MAT_VEC q6_K m=128000 n=3 k=2048: 1 x 1063.76 us = 1063.76 us (1478.23 GFLOPS/s)
RMS_NORM_MUL RMS_NORM(2048,3,1,1): 61 x 5.656 us = 345.04 us
RMS_NORM_MUL_ROPE RMS_NORM(64,32,3,1): 8 x 10.185 us = 81.48 us
RMS_NORM_MUL_ROPE RMS_NORM(64,8,3,1): 8 x 4.445 us = 35.56 us
SET_ROWS: 16 x 2.72 us = 43.52 us
SSM_CONV: 22 x 5.096 us = 112.12 us
Total time: 11386.9 us.
----------------
Vulkan Timings:
ADD: 60 x 2.36 us = 141.64 us
CONCAT: 22 x 3.4 us = 74.8 us
CPY: 22 x 1.749 us = 38.48 us
FLASH_ATTN_EXT dst(64,32,1,3),  q(64,1,32,3),  k(64,256,8,3),  v(64,256,8,3),  m(256,1,1,3): 8 x 19.73 us = 157.84 us (318.878 GFLOPS/s)
GET_ROWS: 24 x 2.836 us = 68.08 us
GLU: 30 x 3.194 us = 95.84 us
MUL: 44 x 3.243 us = 142.72 us
MUL_MAT f32 m=64 n=24 k=64: 16 x 2.462 us = 39.4 us (79.2171 GFLOPS/s)
MUL_MAT f32 m=64 n=96 k=64: 16 x 2.52 us = 40.32 us (309.638 GFLOPS/s)
MUL_MAT_VEC q4_0_rocmfp4_fast m=10752 n=3 k=2048: 60 x 70.33 us = 4219.84 us (1878.1 GFLOPS/s)
MUL_MAT_VEC q4_0_rocmfp4_fast m=2048 n=1 k=2048 batch=3: 22 x 30.636 us = 674 us (821.236 GFLOPS/s)
MUL_MAT_VEC q4_0_rocmfp4_fast m=2048 n=3 k=10752: 30 x 69.42 us = 2082.6 us (1903.12 GFLOPS/s)
MUL_MAT_VEC q4_0_rocmfp4_fast m=2048 n=3 k=2048: 16 x 19.06 us = 304.96 us (1320.03 GFLOPS/s)
MUL_MAT_VEC q4_0_rocmfp4_fast m=512 n=3 k=2048: 16 x 5.597 us = 89.56 us (1123.7 GFLOPS/s)
MUL_MAT_VEC q4_0_rocmfp4_fast m=6144 n=1 k=2048 batch=3: 22 x 81.2 us = 1786.4 us (929.545 GFLOPS/s)
MUL_MAT_VEC q6_K m=128000 n=3 k=2048: 1 x 1008.68 us = 1008.68 us (1558.95 GFLOPS/s)
RMS_NORM_MUL RMS_NORM(2048,3,1,1): 61 x 6.162 us = 375.92 us
RMS_NORM_MUL_ROPE RMS_NORM(64,32,3,1): 8 x 10.335 us = 82.68 us
RMS_NORM_MUL_ROPE RMS_NORM(64,8,3,1): 8 x 4.52 us = 36.16 us
SET_ROWS: 16 x 2.682 us = 42.92 us
SSM_CONV: 22 x 5.267 us = 115.88 us
Total time: 11618.7 us.
----------------
Vulkan Timings:
ADD: 60 x 1.964 us = 117.88 us
CONCAT: 22 x 2.498 us = 54.96 us
CPY: 22 x 1.601 us = 35.24 us
FLASH_ATTN_EXT dst(64,32,1,3),  q(64,1,32,3),  k(64,256,8,3),  v(64,256,8,3),  m(256,1,1,3): 8 x 16.25 us = 130 us (387.167 GFLOPS/s)
GET_ROWS: 24 x 2.403 us = 57.68 us
GLU: 30 x 2.74 us = 82.2 us
MUL: 44 x 2.622 us = 115.4 us
MUL_MAT f32 m=64 n=24 k=64: 16 x 2.02 us = 32.32 us (96.5703 GFLOPS/s)
MUL_MAT f32 m=64 n=96 k=64: 16 x 2.245 us = 35.92 us (347.567 GFLOPS/s)
MUL_MAT_VEC q4_0_rocmfp4_fast m=10752 n=3 k=2048: 60 x 58.412 us = 3504.72 us (2261.32 GFLOPS/s)
MUL_MAT_VEC q4_0_rocmfp4_fast m=2048 n=1 k=2048 batch=3: 22 x 25.189 us = 554.16 us (998.832 GFLOPS/s)
MUL_MAT_VEC q4_0_rocmfp4_fast m=2048 n=3 k=10752: 30 x 59.109 us = 1773.28 us (2235.09 GFLOPS/s)
MUL_MAT_VEC q4_0_rocmfp4_fast m=2048 n=3 k=2048: 16 x 17.807 us = 284.92 us (1412.87 GFLOPS/s)
MUL_MAT_VEC q4_0_rocmfp4_fast m=512 n=3 k=2048: 16 x 3.38 us = 54.08 us (1860.92 GFLOPS/s)
MUL_MAT_VEC q4_0_rocmfp4_fast m=6144 n=1 k=2048 batch=3: 22 x 67.605 us = 1487.32 us (1116.46 GFLOPS/s)
MUL_MAT_VEC q6_K m=128000 n=3 k=2048: 1 x 977.28 us = 977.28 us (1609.04 GFLOPS/s)
RMS_NORM_MUL RMS_NORM(2048,3,1,1): 61 x 4.924 us = 300.4 us
RMS_NORM_MUL_ROPE RMS_NORM(64,32,3,1): 8 x 8.695 us = 69.56 us
RMS_NORM_MUL_ROPE RMS_NORM(64,8,3,1): 8 x 3.805 us = 30.44 us
SET_ROWS: 16 x 2.477 us = 39.64 us
SSM_CONV: 22 x 4.261 us = 93.76 us
Total time: 9831.16 us.
----------------
Vulkan Timings:
ADD: 60 x 2.322 us = 139.32 us
CONCAT: 22 x 3.014 us = 66.32 us
CPY: 22 x 1.758 us = 38.68 us
FLASH_ATTN_EXT dst(64,32,1,3),  q(64,1,32,3),  k(64,256,8,3),  v(64,256,8,3),  m(256,1,1,3): 8 x 19.44 us = 155.52 us (323.635 GFLOPS/s)
GET_ROWS: 24 x 2.801 us = 67.24 us
GLU: 30 x 3.201 us = 96.04 us
MUL: 44 x 3.139 us = 138.12 us
MUL_MAT f32 m=64 n=24 k=64: 16 x 2.24 us = 35.84 us (87.0857 GFLOPS/s)
MUL_MAT f32 m=64 n=96 k=64: 16 x 2.54 us = 40.64 us (307.2 GFLOPS/s)
MUL_MAT_VEC q4_0_rocmfp4_fast m=10752 n=3 k=2048: 60 x 69.748 us = 4184.88 us (1893.79 GFLOPS/s)
MUL_MAT_VEC q4_0_rocmfp4_fast m=2048 n=1 k=2048 batch=3: 22 x 30.474 us = 670.44 us (825.597 GFLOPS/s)
MUL_MAT_VEC q4_0_rocmfp4_fast m=2048 n=3 k=10752: 30 x 67.628 us = 2028.84 us (1953.55 GFLOPS/s)
MUL_MAT_VEC q4_0_rocmfp4_fast m=2048 n=3 k=2048: 16 x 19.32 us = 309.12 us (1302.26 GFLOPS/s)
MUL_MAT_VEC q4_0_rocmfp4_fast m=512 n=3 k=2048: 16 x 5.272 us = 84.36 us (1192.97 GFLOPS/s)
MUL_MAT_VEC q4_0_rocmfp4_fast m=6144 n=1 k=2048 batch=3: 22 x 79.334 us = 1745.36 us (951.402 GFLOPS/s)
MUL_MAT_VEC q6_K m=128000 n=3 k=2048: 1 x 1015.32 us = 1015.32 us (1548.75 GFLOPS/s)
RMS_NORM_MUL RMS_NORM(2048,3,1,1): 61 x 6.022 us = 367.36 us
RMS_NORM_MUL_ROPE RMS_NORM(64,32,3,1): 8 x 10.195 us = 81.56 us
RMS_NORM_MUL_ROPE RMS_NORM(64,8,3,1): 8 x 4.535 us = 36.28 us
SET_ROWS: 16 x 2.87 us = 45.92 us
SSM_CONV: 22 x 5.17 us = 113.76 us
Total time: 11460.9 us.
----------------
Vulkan Timings:
ADD: 60 x 1.942 us = 116.52 us
CONCAT: 22 x 2.412 us = 53.08 us
CPY: 22 x 1.594 us = 35.08 us
FLASH_ATTN_EXT dst(64,32,1,3),  q(64,1,32,3),  k(64,256,8,3),  v(64,256,8,3),  m(256,1,1,3): 8 x 15.325 us = 122.6 us (410.535 GFLOPS/s)
GET_ROWS: 24 x 2.405 us = 57.72 us
GLU: 30 x 2.808 us = 84.24 us
MUL: 44 x 2.55 us = 112.2 us
MUL_MAT f32 m=64 n=24 k=64: 16 x 2.352 us = 37.64 us (82.9211 GFLOPS/s)
MUL_MAT f32 m=64 n=96 k=64: 16 x 2.19 us = 35.04 us (356.296 GFLOPS/s)
MUL_MAT_VEC q4_0_rocmfp4_fast m=10752 n=3 k=2048: 60 x 57.562 us = 3453.72 us (2294.71 GFLOPS/s)
MUL_MAT_VEC q4_0_rocmfp4_fast m=2048 n=1 k=2048 batch=3: 22 x 24.39 us = 536.6 us (1031.52 GFLOPS/s)
MUL_MAT_VEC q4_0_rocmfp4_fast m=2048 n=3 k=10752: 30 x 58.329 us = 1749.88 us (2264.97 GFLOPS/s)
MUL_MAT_VEC q4_0_rocmfp4_fast m=2048 n=3 k=2048: 16 x 17.262 us = 276.2 us (1457.48 GFLOPS/s)
MUL_MAT_VEC q4_0_rocmfp4_fast m=512 n=3 k=2048: 16 x 3.297 us = 52.76 us (1907.48 GFLOPS/s)
MUL_MAT_VEC q4_0_rocmfp4_fast m=6144 n=1 k=2048 batch=3: 22 x 66.74 us = 1468.28 us (1130.94 GFLOPS/s)
MUL_MAT_VEC q6_K m=128000 n=3 k=2048: 1 x 986.16 us = 986.16 us (1594.55 GFLOPS/s)
RMS_NORM_MUL RMS_NORM(2048,3,1,1): 61 x 4.765 us = 290.72 us
RMS_NORM_MUL_ROPE RMS_NORM(64,32,3,1): 8 x 8.31 us = 66.48 us
RMS_NORM_MUL_ROPE RMS_NORM(64,8,3,1): 8 x 3.56 us = 28.48 us
SET_ROWS: 16 x 2.212 us = 35.4 us
SSM_CONV: 22 x 4.1 us = 90.2 us
Total time: 9689 us.
----------------
Vulkan Timings:
ADD: 60 x 2.478 us = 148.72 us
CONCAT: 22 x 3.061 us = 67.36 us
CPY: 22 x 1.745 us = 38.4 us
FLASH_ATTN_EXT dst(64,32,1,3),  q(64,1,32,3),  k(64,256,8,3),  v(64,256,8,3),  m(256,1,1,3): 8 x 19.9 us = 159.2 us (316.154 GFLOPS/s)
GET_ROWS: 24 x 2.891 us = 69.4 us
GLU: 30 x 3.318 us = 99.56 us
MUL: 44 x 3.192 us = 140.48 us
MUL_MAT f32 m=64 n=24 k=64: 16 x 2.635 us = 42.16 us (74.0311 GFLOPS/s)
MUL_MAT f32 m=64 n=96 k=64: 16 x 2.495 us = 39.92 us (312.741 GFLOPS/s)
MUL_MAT_VEC q4_0_rocmfp4_fast m=10752 n=3 k=2048: 60 x 71.437 us = 4286.24 us (1849.01 GFLOPS/s)
MUL_MAT_VEC q4_0_rocmfp4_fast m=2048 n=1 k=2048 batch=3: 22 x 31.672 us = 696.8 us (794.364 GFLOPS/s)
MUL_MAT_VEC q4_0_rocmfp4_fast m=2048 n=3 k=10752: 30 x 68.933 us = 2068 us (1916.55 GFLOPS/s)
MUL_MAT_VEC q4_0_rocmfp4_fast m=2048 n=3 k=2048: 16 x 19.54 us = 312.64 us (1287.6 GFLOPS/s)
MUL_MAT_VEC q4_0_rocmfp4_fast m=512 n=3 k=2048: 16 x 5.35 us = 85.6 us (1175.69 GFLOPS/s)
MUL_MAT_VEC q4_0_rocmfp4_fast m=6144 n=1 k=2048 batch=3: 22 x 82.812 us = 1821.88 us (911.443 GFLOPS/s)
MUL_MAT_VEC q6_K m=128000 n=3 k=2048: 1 x 1032.04 us = 1032.04 us (1523.66 GFLOPS/s)
RMS_NORM_MUL RMS_NORM(2048,3,1,1): 61 x 6.29 us = 383.72 us
RMS_NORM_MUL_ROPE RMS_NORM(64,32,3,1): 8 x 10.205 us = 81.64 us
RMS_NORM_MUL_ROPE RMS_NORM(64,8,3,1): 8 x 4.59 us = 36.72 us
SET_ROWS: 16 x 2.697 us = 43.16 us
SSM_CONV: 22 x 5.234 us = 115.16 us
Total time: 11768.8 us.
----------------
Vulkan Timings:
ADD: 60 x 2.588 us = 155.32 us
CONCAT: 22 x 3.35 us = 73.72 us
CPY: 22 x 1.845 us = 40.6 us
FLASH_ATTN_EXT dst(64,32,1,3),  q(64,1,32,3),  k(64,256,8,3),  v(64,256,8,3),  m(256,1,1,3): 8 x 21.295 us = 170.36 us (295.443 GFLOPS/s)
GET_ROWS: 24 x 3.11 us = 74.64 us
GLU: 30 x 2.714 us = 81.44 us
MUL: 44 x 3.49 us = 153.56 us
MUL_MAT f32 m=64 n=24 k=64: 16 x 2.492 us = 39.88 us (78.2636 GFLOPS/s)
MUL_MAT f32 m=64 n=96 k=64: 16 x 2.72 us = 43.52 us (286.871 GFLOPS/s)
MUL_MAT_VEC q4_0_rocmfp4_fast m=10752 n=3 k=2048: 60 x 77.905 us = 4674.32 us (1695.5 GFLOPS/s)
MUL_MAT_VEC q4_0_rocmfp4_fast m=2048 n=1 k=2048 batch=3: 22 x 33.072 us = 727.6 us (760.738 GFLOPS/s)
MUL_MAT_VEC q4_0_rocmfp4_fast m=2048 n=3 k=10752: 30 x 77.501 us = 2325.04 us (1704.67 GFLOPS/s)
MUL_MAT_VEC q4_0_rocmfp4_fast m=2048 n=3 k=2048: 16 x 21.477 us = 343.64 us (1171.44 GFLOPS/s)
MUL_MAT_VEC q4_0_rocmfp4_fast m=512 n=3 k=2048: 16 x 5.492 us = 87.88 us (1145.18 GFLOPS/s)
MUL_MAT_VEC q4_0_rocmfp4_fast m=6144 n=1 k=2048 batch=3: 22 x 87.645 us = 1928.2 us (861.186 GFLOPS/s)
MUL_MAT_VEC q6_K m=128000 n=3 k=2048: 1 x 1021.72 us = 1021.72 us (1539.05 GFLOPS/s)
RMS_NORM_MUL RMS_NORM(2048,3,1,1): 61 x 6.278 us = 382.96 us
RMS_NORM_MUL_ROPE RMS_NORM(64,32,3,1): 8 x 14.1 us = 112.8 us
RMS_NORM_MUL_ROPE RMS_NORM(64,8,3,1): 8 x 4.945 us = 39.56 us
SET_ROWS: 16 x 3.2 us = 51.2 us
SSM_CONV: 22 x 5.78 us = 127.16 us
Total time: 12655.1 us.
----------------
Vulkan Timings:
ADD: 60 x 2.282 us = 136.96 us
CONCAT: 22 x 2.556 us = 56.24 us
CPY: 22 x 1.6 us = 35.2 us
FLASH_ATTN_EXT dst(64,32,1,3),  q(64,1,32,3),  k(64,256,8,3),  v(64,256,8,3),  m(256,1,1,3): 8 x 18.905 us = 151.24 us (332.793 GFLOPS/s)
GET_ROWS: 24 x 2.635 us = 63.24 us
GLU: 30 x 2.729 us = 81.88 us
MUL: 44 x 2.667 us = 117.36 us
MUL_MAT f32 m=64 n=24 k=64: 16 x 2.277 us = 36.44 us (85.6518 GFLOPS/s)
MUL_MAT f32 m=64 n=96 k=64: 16 x 2.21 us = 35.36 us (353.071 GFLOPS/s)
MUL_MAT_VEC q4_0_rocmfp4_fast m=10752 n=3 k=2048: 60 x 58.472 us = 3508.32 us (2259 GFLOPS/s)
MUL_MAT_VEC q4_0_rocmfp4_fast m=2048 n=1 k=2048 batch=3: 22 x 26.09 us = 574 us (964.308 GFLOPS/s)
MUL_MAT_VEC q4_0_rocmfp4_fast m=2048 n=3 k=10752: 30 x 59.566 us = 1787 us (2217.93 GFLOPS/s)
MUL_MAT_VEC q4_0_rocmfp4_fast m=2048 n=3 k=2048: 16 x 17.635 us = 282.16 us (1426.69 GFLOPS/s)
MUL_MAT_VEC q4_0_rocmfp4_fast m=512 n=3 k=2048: 16 x 3.792 us = 60.68 us (1658.52 GFLOPS/s)
MUL_MAT_VEC q4_0_rocmfp4_fast m=6144 n=1 k=2048 batch=3: 22 x 69.01 us = 1518.24 us (1093.73 GFLOPS/s)
MUL_MAT_VEC q6_K m=128000 n=3 k=2048: 1 x 985.72 us = 985.72 us (1595.26 GFLOPS/s)
RMS_NORM_MUL RMS_NORM(2048,3,1,1): 61 x 5.056 us = 308.44 us
RMS_NORM_MUL_ROPE RMS_NORM(64,32,3,1): 8 x 8.92 us = 71.36 us
RMS_NORM_MUL_ROPE RMS_NORM(64,8,3,1): 8 x 3.895 us = 31.16 us
SET_ROWS: 16 x 2.535 us = 40.56 us
SSM_CONV: 22 x 4.37 us = 96.16 us
Total time: 9977.72 us.
----------------
Vulkan Timings:
ADD: 60 x 2.782 us = 166.92 us
CONCAT: 22 x 3.312 us = 72.88 us
CPY: 22 x 1.841 us = 40.52 us
FLASH_ATTN_EXT dst(64,32,1,3),  q(64,1,32,3),  k(64,256,8,3),  v(64,256,8,3),  m(256,1,1,3): 8 x 20.605 us = 164.84 us (305.336 GFLOPS/s)
GET_ROWS: 24 x 3.053 us = 73.28 us
GLU: 30 x 3.334 us = 100.04 us
MUL: 44 x 3.477 us = 153 us
MUL_MAT f32 m=64 n=24 k=64: 16 x 2.82 us = 45.12 us (69.1745 GFLOPS/s)
MUL_MAT f32 m=64 n=96 k=64: 16 x 2.6 us = 41.6 us (300.111 GFLOPS/s)
MUL_MAT_VEC q4_0_rocmfp4_fast m=10752 n=3 k=2048: 60 x 77.102 us = 4626.12 us (1713.16 GFLOPS/s)
MUL_MAT_VEC q4_0_rocmfp4_fast m=2048 n=1 k=2048 batch=3: 22 x 33.367 us = 734.08 us (754.023 GFLOPS/s)
MUL_MAT_VEC q4_0_rocmfp4_fast m=2048 n=3 k=10752: 30 x 74.245 us = 2227.36 us (1779.43 GFLOPS/s)
MUL_MAT_VEC q4_0_rocmfp4_fast m=2048 n=3 k=2048: 16 x 21.565 us = 345.04 us (1166.69 GFLOPS/s)
MUL_MAT_VEC q4_0_rocmfp4_fast m=512 n=3 k=2048: 16 x 6.932 us = 110.92 us (907.309 GFLOPS/s)
MUL_MAT_VEC q4_0_rocmfp4_fast m=6144 n=1 k=2048 batch=3: 22 x 86.967 us = 1913.28 us (867.902 GFLOPS/s)
MUL_MAT_VEC q6_K m=128000 n=3 k=2048: 1 x 1027.96 us = 1027.96 us (1529.71 GFLOPS/s)
RMS_NORM_MUL RMS_NORM(2048,3,1,1): 61 x 6.487 us = 395.72 us
RMS_NORM_MUL_ROPE RMS_NORM(64,32,3,1): 8 x 10.795 us = 86.36 us
RMS_NORM_MUL_ROPE RMS_NORM(64,8,3,1): 8 x 4.795 us = 38.36 us
SET_ROWS: 16 x 2.94 us = 47.04 us
SSM_CONV: 22 x 5.68 us = 124.96 us
Total time: 12535.4 us.
----------------
Vulkan Timings:
ADD: 60 x 2.001 us = 120.08 us
CONCAT: 22 x 2.49 us = 54.8 us
CPY: 22 x 2.452 us = 53.96 us
FLASH_ATTN_EXT dst(64,32,1,3),  q(64,1,32,3),  k(64,256,8,3),  v(64,256,8,3),  m(256,1,1,3): 8 x 16.315 us = 130.52 us (385.624 GFLOPS/s)
GET_ROWS: 24 x 2.411 us = 57.88 us
GLU: 30 x 2.769 us = 83.08 us
MUL: 44 x 2.704 us = 119 us
MUL_MAT f32 m=64 n=24 k=64: 16 x 2.025 us = 32.4 us (96.3319 GFLOPS/s)
MUL_MAT f32 m=64 n=96 k=64: 16 x 2.235 us = 35.76 us (349.122 GFLOPS/s)
MUL_MAT_VEC q4_0_rocmfp4_fast m=10752 n=3 k=2048: 60 x 58.209 us = 3492.56 us (2269.19 GFLOPS/s)
MUL_MAT_VEC q4_0_rocmfp4_fast m=2048 n=1 k=2048 batch=3: 22 x 26.027 us = 572.6 us (966.666 GFLOPS/s)
MUL_MAT_VEC q4_0_rocmfp4_fast m=2048 n=3 k=10752: 30 x 58.745 us = 1762.36 us (2248.93 GFLOPS/s)
MUL_MAT_VEC q4_0_rocmfp4_fast m=2048 n=3 k=2048: 16 x 17.725 us = 283.6 us (1419.45 GFLOPS/s)
MUL_MAT_VEC q4_0_rocmfp4_fast m=512 n=3 k=2048: 16 x 3.35 us = 53.6 us (1877.59 GFLOPS/s)
MUL_MAT_VEC q4_0_rocmfp4_fast m=6144 n=1 k=2048 batch=3: 22 x 69.267 us = 1523.88 us (1089.68 GFLOPS/s)
MUL_MAT_VEC q6_K m=128000 n=3 k=2048: 1 x 985.28 us = 985.28 us (1595.97 GFLOPS/s)
RMS_NORM_MUL RMS_NORM(2048,3,1,1): 61 x 4.933 us = 300.96 us
RMS_NORM_MUL_ROPE RMS_NORM(64,32,3,1): 8 x 8.65 us = 69.2 us
RMS_NORM_MUL_ROPE RMS_NORM(64,8,3,1): 8 x 3.77 us = 30.16 us
SET_ROWS: 16 x 2.44 us = 39.04 us
SSM_CONV: 22 x 4.247 us = 93.44 us
Total time: 9894.16 us.
----------------
Vulkan Timings:
ADD: 60 x 1.981 us = 118.88 us
CONCAT: 22 x 2.52 us = 55.44 us
CPY: 22 x 1.621 us = 35.68 us
FLASH_ATTN_EXT dst(64,32,1,3),  q(64,1,32,3),  k(64,256,8,3),  v(64,256,8,3),  m(256,1,1,3): 8 x 16.255 us = 130.04 us (387.047 GFLOPS/s)
GET_ROWS: 24 x 2.398 us = 57.56 us
GLU: 30 x 2.714 us = 81.44 us
MUL: 44 x 2.648 us = 116.52 us
MUL_MAT f32 m=64 n=24 k=64: 16 x 1.932 us = 30.92 us (100.943 GFLOPS/s)
MUL_MAT f32 m=64 n=96 k=64: 16 x 2.24 us = 35.84 us (348.343 GFLOPS/s)
MUL_MAT_VEC q4_0_rocmfp4_fast m=10752 n=3 k=2048: 60 x 57.575 us = 3454.52 us (2294.18 GFLOPS/s)
MUL_MAT_VEC q4_0_rocmfp4_fast m=2048 n=1 k=2048 batch=3: 22 x 25.83 us = 568.28 us (974.014 GFLOPS/s)
MUL_MAT_VEC q4_0_rocmfp4_fast m=2048 n=3 k=10752: 30 x 58.669 us = 1760.08 us (2251.85 GFLOPS/s)
MUL_MAT_VEC q4_0_rocmfp4_fast m=2048 n=3 k=2048: 16 x 17.6 us = 281.6 us (1429.53 GFLOPS/s)
MUL_MAT_VEC q4_0_rocmfp4_fast m=512 n=3 k=2048: 16 x 3.38 us = 54.08 us (1860.92 GFLOPS/s)
MUL_MAT_VEC q4_0_rocmfp4_fast m=6144 n=1 k=2048 batch=3: 22 x 68.414 us = 1505.12 us (1103.26 GFLOPS/s)
MUL_MAT_VEC q6_K m=128000 n=3 k=2048: 1 x 1024 us = 1024 us (1535.63 GFLOPS/s)
RMS_NORM_MUL RMS_NORM(2048,3,1,1): 61 x 4.771 us = 291.08 us
RMS_NORM_MUL_ROPE RMS_NORM(64,32,3,1): 8 x 8.745 us = 69.96 us
RMS_NORM_MUL_ROPE RMS_NORM(64,8,3,1): 8 x 3.8 us = 30.4 us
SET_ROWS: 16 x 2.45 us = 39.2 us
SSM_CONV: 22 x 4.327 us = 95.2 us
Total time: 9835.84 us.
----------------
Vulkan Timings:
ADD: 60 x 2.309 us = 138.56 us
CONCAT: 22 x 2.998 us = 65.96 us
CPY: 22 x 1.781 us = 39.2 us
FLASH_ATTN_EXT dst(64,32,1,3),  q(64,1,32,3),  k(64,256,8,3),  v(64,256,8,3),  m(256,1,1,3): 8 x 20.505 us = 164.04 us (306.825 GFLOPS/s)
GET_ROWS: 24 x 2.688 us = 64.52 us
GLU: 30 x 3.124 us = 93.72 us
MUL: 44 x 3.119 us = 137.24 us
MUL_MAT f32 m=64 n=24 k=64: 16 x 2.492 us = 39.88 us (78.2636 GFLOPS/s)
MUL_MAT f32 m=64 n=96 k=64: 16 x 2.39 us = 38.24 us (326.48 GFLOPS/s)
MUL_MAT_VEC q4_0_rocmfp4_fast m=10752 n=3 k=2048: 60 x 67.508 us = 4050.48 us (1956.63 GFLOPS/s)
MUL_MAT_VEC q4_0_rocmfp4_fast m=2048 n=1 k=2048 batch=3: 22 x 29.925 us = 658.36 us (840.745 GFLOPS/s)
MUL_MAT_VEC q4_0_rocmfp4_fast m=2048 n=3 k=10752: 30 x 65.988 us = 1979.64 us (2002.1 GFLOPS/s)
MUL_MAT_VEC q4_0_rocmfp4_fast m=2048 n=3 k=2048: 16 x 18.532 us = 296.52 us (1357.6 GFLOPS/s)
MUL_MAT_VEC q4_0_rocmfp4_fast m=512 n=3 k=2048: 16 x 5.087 us = 81.4 us (1236.35 GFLOPS/s)
MUL_MAT_VEC q4_0_rocmfp4_fast m=6144 n=1 k=2048 batch=3: 22 x 78.141 us = 1719.12 us (965.924 GFLOPS/s)
MUL_MAT_VEC q6_K m=128000 n=3 k=2048: 1 x 1035.68 us = 1035.68 us (1518.31 GFLOPS/s)
RMS_NORM_MUL RMS_NORM(2048,3,1,1): 61 x 5.64 us = 344.04 us
RMS_NORM_MUL_ROPE RMS_NORM(64,32,3,1): 8 x 9.885 us = 79.08 us
RMS_NORM_MUL_ROPE RMS_NORM(64,8,3,1): 8 x 4.36 us = 34.88 us
SET_ROWS: 16 x 2.48 us = 39.68 us
SSM_CONV: 22 x 5.003 us = 110.08 us
Total time: 11210.3 us.
----------------
Vulkan Timings:
ADD: 60 x 2.02 us = 121.24 us
CONCAT: 22 x 2.518 us = 55.4 us
CPY: 22 x 2.609 us = 57.4 us
FLASH_ATTN_EXT dst(64,32,1,3),  q(64,1,32,3),  k(64,256,8,3),  v(64,256,8,3),  m(256,1,1,3): 8 x 16.515 us = 132.12 us (380.954 GFLOPS/s)
GET_ROWS: 24 x 2.388 us = 57.32 us
GLU: 30 x 2.732 us = 81.96 us
MUL: 44 x 2.708 us = 119.16 us
MUL_MAT f32 m=64 n=24 k=64: 16 x 1.885 us = 30.16 us (103.486 GFLOPS/s)
MUL_MAT f32 m=64 n=96 k=64: 16 x 2.22 us = 35.52 us (351.481 GFLOPS/s)
MUL_MAT_VEC q4_0_rocmfp4_fast m=10752 n=3 k=2048: 60 x 58.464 us = 3507.84 us (2259.31 GFLOPS/s)
MUL_MAT_VEC q4_0_rocmfp4_fast m=2048 n=1 k=2048 batch=3: 22 x 26.745 us = 588.4 us (940.709 GFLOPS/s)
MUL_MAT_VEC q4_0_rocmfp4_fast m=2048 n=3 k=10752: 30 x 60.048 us = 1801.44 us (2200.15 GFLOPS/s)
MUL_MAT_VEC q4_0_rocmfp4_fast m=2048 n=3 k=2048: 16 x 17.59 us = 281.44 us (1430.34 GFLOPS/s)
MUL_MAT_VEC q4_0_rocmfp4_fast m=512 n=3 k=2048: 16 x 3.377 us = 54.04 us (1862.3 GFLOPS/s)
MUL_MAT_VEC q4_0_rocmfp4_fast m=6144 n=1 k=2048 batch=3: 22 x 69.878 us = 1537.32 us (1080.15 GFLOPS/s)
MUL_MAT_VEC q6_K m=128000 n=3 k=2048: 1 x 976.04 us = 976.04 us (1611.08 GFLOPS/s)
RMS_NORM_MUL RMS_NORM(2048,3,1,1): 61 x 5.012 us = 305.76 us
RMS_NORM_MUL_ROPE RMS_NORM(64,32,3,1): 8 x 8.64 us = 69.12 us
RMS_NORM_MUL_ROPE RMS_NORM(64,8,3,1): 8 x 3.745 us = 29.96 us
SET_ROWS: 16 x 2.4 us = 38.4 us
SSM_CONV: 22 x 4.358 us = 95.88 us
Total time: 9975.92 us.
----------------
Vulkan Timings:
ADD: 60 x 2.067 us = 124.04 us
CONCAT: 22 x 2.56 us = 56.32 us
CPY: 22 x 1.574 us = 34.64 us
FLASH_ATTN_EXT dst(64,32,1,3),  q(64,1,32,3),  k(64,256,8,3),  v(64,256,8,3),  m(256,1,1,3): 8 x 16.675 us = 133.4 us (377.299 GFLOPS/s)
GET_ROWS: 24 x 2.413 us = 57.92 us
GLU: 30 x 2.87 us = 86.12 us
MUL: 44 x 2.776 us = 122.16 us
MUL_MAT f32 m=64 n=24 k=64: 16 x 1.872 us = 29.96 us (104.177 GFLOPS/s)
MUL_MAT f32 m=64 n=96 k=64: 16 x 2.22 us = 35.52 us (351.481 GFLOPS/s)
MUL_MAT_VEC q4_0_rocmfp4_fast m=10752 n=3 k=2048: 60 x 59.926 us = 3595.56 us (2204.19 GFLOPS/s)
MUL_MAT_VEC q4_0_rocmfp4_fast m=2048 n=1 k=2048 batch=3: 22 x 28.096 us = 618.12 us (895.478 GFLOPS/s)
MUL_MAT_VEC q4_0_rocmfp4_fast m=2048 n=3 k=10752: 30 x 60.542 us = 1816.28 us (2182.17 GFLOPS/s)
MUL_MAT_VEC q4_0_rocmfp4_fast m=2048 n=3 k=2048: 16 x 17.987 us = 287.8 us (1398.73 GFLOPS/s)
MUL_MAT_VEC q4_0_rocmfp4_fast m=512 n=3 k=2048: 16 x 3.425 us = 54.8 us (1836.47 GFLOPS/s)
MUL_MAT_VEC q4_0_rocmfp4_fast m=6144 n=1 k=2048 batch=3: 22 x 69.923 us = 1538.32 us (1079.45 GFLOPS/s)
MUL_MAT_VEC q6_K m=128000 n=3 k=2048: 1 x 989.56 us = 989.56 us (1589.07 GFLOPS/s)
RMS_NORM_MUL RMS_NORM(2048,3,1,1): 61 x 5.113 us = 311.92 us
RMS_NORM_MUL_ROPE RMS_NORM(64,32,3,1): 8 x 8.76 us = 70.08 us
RMS_NORM_MUL_ROPE RMS_NORM(64,8,3,1): 8 x 3.845 us = 30.76 us
SET_ROWS: 16 x 2.622 us = 41.96 us
SSM_CONV: 22 x 4.358 us = 95.88 us
Total time: 10131.1 us.
----------------
Vulkan Timings:
ADD: 60 x 1.974 us = 118.44 us
CONCAT: 22 x 2.532 us = 55.72 us
CPY: 22 x 1.696 us = 37.32 us
FLASH_ATTN_EXT dst(64,32,1,3),  q(64,1,32,3),  k(64,256,8,3),  v(64,256,8,3),  m(256,1,1,3): 8 x 16.715 us = 133.72 us (376.396 GFLOPS/s)
GET_ROWS: 24 x 2.395 us = 57.48 us
GLU: 30 x 2.74 us = 82.2 us
MUL: 44 x 2.691 us = 118.44 us
MUL_MAT f32 m=64 n=24 k=64: 16 x 2.005 us = 32.08 us (97.2928 GFLOPS/s)
MUL_MAT f32 m=64 n=96 k=64: 16 x 2.227 us = 35.64 us (350.298 GFLOPS/s)
MUL_MAT_VEC q4_0_rocmfp4_fast m=10752 n=3 k=2048: 60 x 59.083 us = 3545 us (2235.63 GFLOPS/s)
MUL_MAT_VEC q4_0_rocmfp4_fast m=2048 n=1 k=2048 batch=3: 22 x 26.656 us = 586.44 us (943.853 GFLOPS/s)
MUL_MAT_VEC q4_0_rocmfp4_fast m=2048 n=3 k=10752: 30 x 59.625 us = 1788.76 us (2215.74 GFLOPS/s)
MUL_MAT_VEC q4_0_rocmfp4_fast m=2048 n=3 k=2048: 16 x 17.845 us = 285.52 us (1409.9 GFLOPS/s)
MUL_MAT_VEC q4_0_rocmfp4_fast m=512 n=3 k=2048: 16 x 3.405 us = 54.48 us (1847.26 GFLOPS/s)
MUL_MAT_VEC q4_0_rocmfp4_fast m=6144 n=1 k=2048 batch=3: 22 x 70.774 us = 1557.04 us (1066.47 GFLOPS/s)
MUL_MAT_VEC q6_K m=128000 n=3 k=2048: 1 x 982.08 us = 982.08 us (1601.17 GFLOPS/s)
RMS_NORM_MUL RMS_NORM(2048,3,1,1): 61 x 4.887 us = 298.16 us
RMS_NORM_MUL_ROPE RMS_NORM(64,32,3,1): 8 x 8.71 us = 69.68 us
RMS_NORM_MUL_ROPE RMS_NORM(64,8,3,1): 8 x 3.79 us = 30.32 us
SET_ROWS: 16 x 2.307 us = 36.92 us
SSM_CONV: 22 x 4.354 us = 95.8 us
Total time: 10001.2 us.
----------------
Vulkan Timings:
ADD: 60 x 2.348 us = 140.92 us
CONCAT: 22 x 3.083 us = 67.84 us
CPY: 22 x 1.745 us = 38.4 us
FLASH_ATTN_EXT dst(64,32,1,3),  q(64,1,32,3),  k(64,256,8,3),  v(64,256,8,3),  m(256,1,1,3): 8 x 19.9 us = 159.2 us (316.154 GFLOPS/s)
GET_ROWS: 24 x 2.86 us = 68.64 us
GLU: 30 x 3.272 us = 98.16 us
MUL: 44 x 3.203 us = 140.96 us
MUL_MAT f32 m=64 n=24 k=64: 16 x 2.53 us = 40.48 us (77.1036 GFLOPS/s)
MUL_MAT f32 m=64 n=96 k=64: 16 x 2.47 us = 39.52 us (315.906 GFLOPS/s)
MUL_MAT_VEC q4_0_rocmfp4_fast m=10752 n=3 k=2048: 60 x 71.852 us = 4311.12 us (1838.34 GFLOPS/s)
MUL_MAT_VEC q4_0_rocmfp4_fast m=2048 n=1 k=2048 batch=3: 22 x 31.489 us = 692.76 us (798.997 GFLOPS/s)
MUL_MAT_VEC q4_0_rocmfp4_fast m=2048 n=3 k=10752: 30 x 70.298 us = 2108.96 us (1879.33 GFLOPS/s)
MUL_MAT_VEC q4_0_rocmfp4_fast m=2048 n=3 k=2048: 16 x 19.515 us = 312.24 us (1289.25 GFLOPS/s)
MUL_MAT_VEC q4_0_rocmfp4_fast m=512 n=3 k=2048: 16 x 5.375 us = 86 us (1170.22 GFLOPS/s)
MUL_MAT_VEC q4_0_rocmfp4_fast m=6144 n=1 k=2048 batch=3: 22 x 82.576 us = 1816.68 us (914.051 GFLOPS/s)
MUL_MAT_VEC q6_K m=128000 n=3 k=2048: 1 x 1024.12 us = 1024.12 us (1535.45 GFLOPS/s)
RMS_NORM_MUL RMS_NORM(2048,3,1,1): 61 x 6.022 us = 367.36 us
RMS_NORM_MUL_ROPE RMS_NORM(64,32,3,1): 8 x 10.37 us = 82.96 us
RMS_NORM_MUL_ROPE RMS_NORM(64,8,3,1): 8 x 4.58 us = 36.64 us
SET_ROWS: 16 x 2.802 us = 44.84 us
SSM_CONV: 22 x 5.269 us = 115.92 us
Total time: 11793.7 us.
----------------
Vulkan Timings:
ADD: 60 x 1.983 us = 119 us
CONCAT: 22 x 2.572 us = 56.6 us
CPY: 22 x 1.607 us = 35.36 us
FLASH_ATTN_EXT dst(64,32,1,3),  q(64,1,32,3),  k(64,256,8,3),  v(64,256,8,3),  m(256,1,1,3): 8 x 17.1 us = 136.8 us (367.921 GFLOPS/s)
GET_ROWS: 24 x 3.326 us = 79.84 us
GLU: 30 x 2.956 us = 88.68 us
MUL: 44 x 2.685 us = 118.16 us
MUL_MAT f32 m=64 n=24 k=64: 16 x 2.147 us = 34.36 us (90.8368 GFLOPS/s)
MUL_MAT f32 m=64 n=96 k=64: 16 x 2.237 us = 35.8 us (348.732 GFLOPS/s)
MUL_MAT_VEC q4_0_rocmfp4_fast m=10752 n=3 k=2048: 60 x 59.736 us = 3584.16 us (2211.2 GFLOPS/s)
MUL_MAT_VEC q4_0_rocmfp4_fast m=2048 n=1 k=2048 batch=3: 22 x 26.167 us = 575.68 us (961.494 GFLOPS/s)
MUL_MAT_VEC q4_0_rocmfp4_fast m=2048 n=3 k=10752: 30 x 60.21 us = 1806.32 us (2194.2 GFLOPS/s)
MUL_MAT_VEC q4_0_rocmfp4_fast m=2048 n=3 k=2048: 16 x 17.8 us = 284.8 us (1413.47 GFLOPS/s)
MUL_MAT_VEC q4_0_rocmfp4_fast m=512 n=3 k=2048: 16 x 4.032 us = 64.52 us (1559.81 GFLOPS/s)
MUL_MAT_VEC q4_0_rocmfp4_fast m=6144 n=1 k=2048 batch=3: 22 x 70.112 us = 1542.48 us (1076.54 GFLOPS/s)
MUL_MAT_VEC q6_K m=128000 n=3 k=2048: 1 x 988.56 us = 988.56 us (1590.68 GFLOPS/s)
RMS_NORM_MUL RMS_NORM(2048,3,1,1): 61 x 5.085 us = 310.2 us
RMS_NORM_MUL_ROPE RMS_NORM(64,32,3,1): 8 x 9.44 us = 75.52 us
RMS_NORM_MUL_ROPE RMS_NORM(64,8,3,1): 8 x 6.85 us = 54.8 us
SET_ROWS: 16 x 2.435 us = 38.96 us
SSM_CONV: 22 x 4.409 us = 97 us
Total time: 10127.6 us.
----------------
Vulkan Timings:
ADD: 60 x 2.034 us = 122.08 us
CONCAT: 22 x 2.625 us = 57.76 us
CPY: 22 x 1.849 us = 40.68 us
FLASH_ATTN_EXT dst(64,32,1,3),  q(64,1,32,3),  k(64,256,8,3),  v(64,256,8,3),  m(256,1,1,3): 8 x 18.445 us = 147.56 us (341.093 GFLOPS/s)
GET_ROWS: 24 x 2.55 us = 61.2 us
GLU: 30 x 2.864 us = 85.92 us
MUL: 44 x 2.846 us = 125.24 us
MUL_MAT f32 m=64 n=24 k=64: 16 x 1.91 us = 30.56 us (102.132 GFLOPS/s)
MUL_MAT f32 m=64 n=96 k=64: 16 x 2.297 us = 36.76 us (339.625 GFLOPS/s)
MUL_MAT_VEC q4_0_rocmfp4_fast m=10752 n=3 k=2048: 60 x 60.768 us = 3646.12 us (2173.63 GFLOPS/s)
MUL_MAT_VEC q4_0_rocmfp4_fast m=2048 n=1 k=2048 batch=3: 22 x 28.105 us = 618.32 us (895.189 GFLOPS/s)
MUL_MAT_VEC q4_0_rocmfp4_fast m=2048 n=3 k=10752: 30 x 60.328 us = 1809.84 us (2189.94 GFLOPS/s)
MUL_MAT_VEC q4_0_rocmfp4_fast m=2048 n=3 k=2048: 16 x 18.552 us = 296.84 us (1356.13 GFLOPS/s)
MUL_MAT_VEC q4_0_rocmfp4_fast m=512 n=3 k=2048: 16 x 3.597 us = 57.56 us (1748.41 GFLOPS/s)
MUL_MAT_VEC q4_0_rocmfp4_fast m=6144 n=1 k=2048 batch=3: 22 x 72.392 us = 1592.64 us (1042.63 GFLOPS/s)
MUL_MAT_VEC q6_K m=128000 n=3 k=2048: 1 x 1004.16 us = 1004.16 us (1565.97 GFLOPS/s)
RMS_NORM_MUL RMS_NORM(2048,3,1,1): 61 x 5.02 us = 306.28 us
RMS_NORM_MUL_ROPE RMS_NORM(64,32,3,1): 8 x 9.305 us = 74.44 us
RMS_NORM_MUL_ROPE RMS_NORM(64,8,3,1): 8 x 4.075 us = 32.6 us
SET_ROWS: 16 x 2.777 us = 44.44 us
SSM_CONV: 22 x 4.923 us = 108.32 us
Total time: 10299.3 us.
----------------
Vulkan Timings:
ADD: 60 x 2.75 us = 165.04 us
CONCAT: 22 x 3.587 us = 78.92 us
CPY: 22 x 1.92 us = 42.24 us
FLASH_ATTN_EXT dst(64,32,1,3),  q(64,1,32,3),  k(64,256,8,3),  v(64,256,8,3),  m(256,1,1,3): 8 x 21.68 us = 173.44 us (290.196 GFLOPS/s)
GET_ROWS: 24 x 3.228 us = 77.48 us
GLU: 30 x 3.218 us = 96.56 us
MUL: 44 x 3.71 us = 163.28 us
MUL_MAT f32 m=64 n=24 k=64: 16 x 2.732 us = 43.72 us (71.3896 GFLOPS/s)
MUL_MAT f32 m=64 n=96 k=64: 16 x 2.767 us = 44.28 us (281.947 GFLOPS/s)
MUL_MAT_VEC q4_0_rocmfp4_fast m=10752 n=3 k=2048: 60 x 82.471 us = 4948.28 us (1601.63 GFLOPS/s)
MUL_MAT_VEC q4_0_rocmfp4_fast m=2048 n=1 k=2048 batch=3: 22 x 35.572 us = 782.6 us (707.274 GFLOPS/s)
MUL_MAT_VEC q4_0_rocmfp4_fast m=2048 n=3 k=10752: 30 x 82.149 us = 2464.48 us (1608.22 GFLOPS/s)
MUL_MAT_VEC q4_0_rocmfp4_fast m=2048 n=3 k=2048: 16 x 21.43 us = 342.88 us (1174.04 GFLOPS/s)
MUL_MAT_VEC q4_0_rocmfp4_fast m=512 n=3 k=2048: 16 x 7.987 us = 127.8 us (787.47 GFLOPS/s)
MUL_MAT_VEC q4_0_rocmfp4_fast m=6144 n=1 k=2048 batch=3: 22 x 93.396 us = 2054.72 us (808.158 GFLOPS/s)
MUL_MAT_VEC q6_K m=128000 n=3 k=2048: 1 x 1020.84 us = 1020.84 us (1540.38 GFLOPS/s)
RMS_NORM_MUL RMS_NORM(2048,3,1,1): 61 x 6.681 us = 407.56 us
RMS_NORM_MUL_ROPE RMS_NORM(64,32,3,1): 8 x 12.85 us = 102.8 us
RMS_NORM_MUL_ROPE RMS_NORM(64,8,3,1): 8 x 5.085 us = 40.68 us
SET_ROWS: 16 x 3.242 us = 51.88 us
SSM_CONV: 22 x 6.121 us = 134.68 us
Total time: 13364.2 us.
----------------
Vulkan Timings:
ADD: 60 x 1.811 us = 108.68 us
CONCAT: 22 x 2.33 us = 51.28 us
CPY: 22 x 1.574 us = 34.64 us
FLASH_ATTN_EXT dst(64,32,1,3),  q(64,1,32,3),  k(64,256,8,3),  v(64,256,8,3),  m(256,1,1,3): 8 x 14.545 us = 116.36 us (432.551 GFLOPS/s)
GET_ROWS: 24 x 2.231 us = 53.56 us
GLU: 30 x 2.469 us = 74.08 us
MUL: 44 x 2.433 us = 107.08 us
MUL_MAT f32 m=64 n=24 k=64: 16 x 2.072 us = 33.16 us (94.124 GFLOPS/s)
MUL_MAT f32 m=64 n=96 k=64: 16 x 2.052 us = 32.84 us (380.165 GFLOPS/s)
MUL_MAT_VEC q4_0_rocmfp4_fast m=10752 n=3 k=2048: 60 x 57.004 us = 3420.28 us (2317.15 GFLOPS/s)
MUL_MAT_VEC q4_0_rocmfp4_fast m=2048 n=1 k=2048 batch=3: 22 x 23.401 us = 514.84 us (1075.12 GFLOPS/s)
MUL_MAT_VEC q4_0_rocmfp4_fast m=2048 n=3 k=10752: 30 x 56.453 us = 1693.6 us (2340.24 GFLOPS/s)
MUL_MAT_VEC q4_0_rocmfp4_fast m=2048 n=3 k=2048: 16 x 16.755 us = 268.08 us (1501.62 GFLOPS/s)
MUL_MAT_VEC q4_0_rocmfp4_fast m=512 n=3 k=2048: 16 x 3.152 us = 50.44 us (1995.22 GFLOPS/s)
MUL_MAT_VEC q4_0_rocmfp4_fast m=6144 n=1 k=2048 batch=3: 22 x 63.094 us = 1388.08 us (1196.28 GFLOPS/s)
MUL_MAT_VEC q6_K m=128000 n=3 k=2048: 1 x 972.8 us = 972.8 us (1616.45 GFLOPS/s)
RMS_NORM_MUL RMS_NORM(2048,3,1,1): 61 x 4.668 us = 284.76 us
RMS_NORM_MUL_ROPE RMS_NORM(64,32,3,1): 8 x 7.93 us = 63.44 us
RMS_NORM_MUL_ROPE RMS_NORM(64,8,3,1): 8 x 3.39 us = 27.12 us
SET_ROWS: 16 x 1.997 us = 31.96 us
SSM_CONV: 22 x 3.892 us = 85.64 us
Total time: 9412.72 us.
----------------
Vulkan Timings:
ADD: 60 x 1.928 us = 115.68 us
CONCAT: 22 x 2.343 us = 51.56 us
CPY: 22 x 1.618 us = 35.6 us
FLASH_ATTN_EXT dst(64,32,1,3),  q(64,1,32,3),  k(64,256,8,3),  v(64,256,8,3),  m(256,1,1,3): 8 x 14.465 us = 115.72 us (434.943 GFLOPS/s)
GET_ROWS: 24 x 2.273 us = 54.56 us
GLU: 30 x 2.516 us = 75.48 us
MUL: 44 x 2.474 us = 108.88 us
MUL_MAT f32 m=64 n=24 k=64: 16 x 2.247 us = 35.96 us (86.7951 GFLOPS/s)
MUL_MAT f32 m=64 n=96 k=64: 16 x 2.1 us = 33.6 us (371.566 GFLOPS/s)
MUL_MAT_VEC q4_0_rocmfp4_fast m=10752 n=3 k=2048: 60 x 56.408 us = 3384.52 us (2341.63 GFLOPS/s)
MUL_MAT_VEC q4_0_rocmfp4_fast m=2048 n=1 k=2048 batch=3: 22 x 23.916 us = 526.16 us (1051.99 GFLOPS/s)
MUL_MAT_VEC q4_0_rocmfp4_fast m=2048 n=3 k=10752: 30 x 57.509 us = 1725.28 us (2297.27 GFLOPS/s)
MUL_MAT_VEC q4_0_rocmfp4_fast m=2048 n=3 k=2048: 16 x 16.607 us = 265.72 us (1514.96 GFLOPS/s)
MUL_MAT_VEC q4_0_rocmfp4_fast m=512 n=3 k=2048: 16 x 3.967 us = 63.48 us (1585.36 GFLOPS/s)
MUL_MAT_VEC q4_0_rocmfp4_fast m=6144 n=1 k=2048 batch=3: 22 x 63.089 us = 1387.96 us (1196.39 GFLOPS/s)
MUL_MAT_VEC q6_K m=128000 n=3 k=2048: 1 x 977.92 us = 977.92 us (1607.98 GFLOPS/s)
RMS_NORM_MUL RMS_NORM(2048,3,1,1): 61 x 4.817 us = 293.88 us
RMS_NORM_MUL_ROPE RMS_NORM(64,32,3,1): 8 x 7.93 us = 63.44 us
RMS_NORM_MUL_ROPE RMS_NORM(64,8,3,1): 8 x 3.84 us = 30.72 us
SET_ROWS: 16 x 2.072 us = 33.16 us
SSM_CONV: 22 x 3.918 us = 86.2 us
Total time: 9465.48 us.
----------------
Vulkan Timings:
ADD: 60 x 1.839 us = 110.36 us
CONCAT: 22 x 2.449 us = 53.88 us
CPY: 22 x 1.665 us = 36.64 us
FLASH_ATTN_EXT dst(64,32,1,3),  q(64,1,32,3),  k(64,256,8,3),  v(64,256,8,3),  m(256,1,1,3): 8 x 14.56 us = 116.48 us (432.105 GFLOPS/s)
GET_ROWS: 24 x 2.245 us = 53.88 us
GLU: 30 x 2.498 us = 74.96 us
MUL: 44 x 2.476 us = 108.96 us
MUL_MAT f32 m=64 n=24 k=64: 16 x 2.085 us = 33.36 us (93.5597 GFLOPS/s)
MUL_MAT f32 m=64 n=96 k=64: 16 x 2.102 us = 33.64 us (371.124 GFLOPS/s)
MUL_MAT_VEC q4_0_rocmfp4_fast m=10752 n=3 k=2048: 60 x 56.526 us = 3391.56 us (2336.77 GFLOPS/s)
MUL_MAT_VEC q4_0_rocmfp4_fast m=2048 n=1 k=2048 batch=3: 22 x 23.865 us = 525.04 us (1054.23 GFLOPS/s)
MUL_MAT_VEC q4_0_rocmfp4_fast m=2048 n=3 k=10752: 30 x 56.997 us = 1709.92 us (2317.91 GFLOPS/s)
MUL_MAT_VEC q4_0_rocmfp4_fast m=2048 n=3 k=2048: 16 x 16.74 us = 267.84 us (1502.97 GFLOPS/s)
MUL_MAT_VEC q4_0_rocmfp4_fast m=512 n=3 k=2048: 16 x 3.18 us = 50.88 us (1977.96 GFLOPS/s)
MUL_MAT_VEC q4_0_rocmfp4_fast m=6144 n=1 k=2048 batch=3: 22 x 64.561 us = 1420.36 us (1169.1 GFLOPS/s)
MUL_MAT_VEC q6_K m=128000 n=3 k=2048: 1 x 972.72 us = 972.72 us (1616.58 GFLOPS/s)
RMS_NORM_MUL RMS_NORM(2048,3,1,1): 61 x 4.389 us = 267.76 us
RMS_NORM_MUL_ROPE RMS_NORM(64,32,3,1): 8 x 8.02 us = 64.16 us
RMS_NORM_MUL_ROPE RMS_NORM(64,8,3,1): 8 x 3.4 us = 27.2 us
SET_ROWS: 16 x 2.057 us = 32.92 us
SSM_CONV: 22 x 4.776 us = 105.08 us
Total time: 9457.6 us.
----------------
Vulkan Timings:
ADD: 60 x 1.853 us = 111.2 us
CONCAT: 22 x 2.347 us = 51.64 us
CPY: 22 x 1.592 us = 35.04 us
FLASH_ATTN_EXT dst(64,32,1,3),  q(64,1,32,3),  k(64,256,8,3),  v(64,256,8,3),  m(256,1,1,3): 8 x 14.62 us = 116.96 us (430.332 GFLOPS/s)
GET_ROWS: 24 x 2.263 us = 54.32 us
GLU: 30 x 2.557 us = 76.72 us
MUL: 44 x 2.478 us = 109.04 us
MUL_MAT f32 m=64 n=24 k=64: 16 x 2.09 us = 33.44 us (93.3359 GFLOPS/s)
MUL_MAT f32 m=64 n=96 k=64: 16 x 2.085 us = 33.36 us (374.239 GFLOPS/s)
MUL_MAT_VEC q4_0_rocmfp4_fast m=10752 n=3 k=2048: 60 x 56.42 us = 3385.2 us (2341.16 GFLOPS/s)
MUL_MAT_VEC q4_0_rocmfp4_fast m=2048 n=1 k=2048 batch=3: 22 x 23.374 us = 514.24 us (1076.37 GFLOPS/s)
MUL_MAT_VEC q4_0_rocmfp4_fast m=2048 n=3 k=10752: 30 x 56.277 us = 1688.32 us (2347.56 GFLOPS/s)
MUL_MAT_VEC q4_0_rocmfp4_fast m=2048 n=3 k=2048: 16 x 16.9 us = 270.4 us (1488.74 GFLOPS/s)
MUL_MAT_VEC q4_0_rocmfp4_fast m=512 n=3 k=2048: 16 x 3.15 us = 50.4 us (1996.8 GFLOPS/s)
MUL_MAT_VEC q4_0_rocmfp4_fast m=6144 n=1 k=2048 batch=3: 22 x 63.11 us = 1388.44 us (1195.97 GFLOPS/s)
MUL_MAT_VEC q6_K m=128000 n=3 k=2048: 1 x 986.96 us = 986.96 us (1593.26 GFLOPS/s)
RMS_NORM_MUL RMS_NORM(2048,3,1,1): 61 x 4.507 us = 274.96 us
RMS_NORM_MUL_ROPE RMS_NORM(64,32,3,1): 8 x 8.045 us = 64.36 us
RMS_NORM_MUL_ROPE RMS_NORM(64,8,3,1): 8 x 3.475 us = 27.8 us
SET_ROWS: 16 x 2.105 us = 33.68 us
SSM_CONV: 22 x 3.925 us = 86.36 us
Total time: 9392.84 us.
----------------
Vulkan Timings:
ADD: 60 x 1.868 us = 112.08 us
CONCAT: 22 x 2.33 us = 51.28 us
CPY: 22 x 1.58 us = 34.76 us
FLASH_ATTN_EXT dst(64,32,1,3),  q(64,1,32,3),  k(64,256,8,3),  v(64,256,8,3),  m(256,1,1,3): 8 x 14.68 us = 117.44 us (428.573 GFLOPS/s)
GET_ROWS: 24 x 2.243 us = 53.84 us
GLU: 30 x 2.498 us = 74.96 us
MUL: 44 x 2.484 us = 109.32 us
MUL_MAT f32 m=64 n=24 k=64: 16 x 2.067 us = 33.08 us (94.3516 GFLOPS/s)
MUL_MAT f32 m=64 n=96 k=64: 16 x 2.11 us = 33.76 us (369.805 GFLOPS/s)
MUL_MAT_VEC q4_0_rocmfp4_fast m=10752 n=3 k=2048: 60 x 57.322 us = 3439.36 us (2304.29 GFLOPS/s)
MUL_MAT_VEC q4_0_rocmfp4_fast m=2048 n=1 k=2048 batch=3: 22 x 23.84 us = 524.48 us (1055.36 GFLOPS/s)
MUL_MAT_VEC q4_0_rocmfp4_fast m=2048 n=3 k=10752: 30 x 56.929 us = 1707.88 us (2320.67 GFLOPS/s)
MUL_MAT_VEC q4_0_rocmfp4_fast m=2048 n=3 k=2048: 16 x 16.79 us = 268.64 us (1498.49 GFLOPS/s)
MUL_MAT_VEC q4_0_rocmfp4_fast m=512 n=3 k=2048: 16 x 3.147 us = 50.36 us (1998.39 GFLOPS/s)
MUL_MAT_VEC q4_0_rocmfp4_fast m=6144 n=1 k=2048 batch=3: 22 x 63.207 us = 1390.56 us (1194.15 GFLOPS/s)
MUL_MAT_VEC q6_K m=128000 n=3 k=2048: 1 x 979.88 us = 979.88 us (1604.77 GFLOPS/s)
RMS_NORM_MUL RMS_NORM(2048,3,1,1): 61 x 4.348 us = 265.28 us
RMS_NORM_MUL_ROPE RMS_NORM(64,32,3,1): 8 x 7.955 us = 63.64 us
RMS_NORM_MUL_ROPE RMS_NORM(64,8,3,1): 8 x 3.405 us = 27.24 us
SET_ROWS: 16 x 1.99 us = 31.84 us
SSM_CONV: 22 x 3.883 us = 85.44 us
Total time: 9455.12 us.
----------------
Vulkan Timings:
ADD: 60 x 1.958 us = 117.52 us
CONCAT: 22 x 2.3 us = 50.6 us
CPY: 22 x 1.565 us = 34.44 us
FLASH_ATTN_EXT dst(64,32,1,3),  q(64,1,32,3),  k(64,256,8,3),  v(64,256,8,3),  m(256,1,1,3): 8 x 14.22 us = 113.76 us (442.437 GFLOPS/s)
GET_ROWS: 24 x 2.241 us = 53.8 us
GLU: 30 x 2.525 us = 75.76 us
MUL: 44 x 2.455 us = 108.04 us
MUL_MAT f32 m=64 n=24 k=64: 16 x 2.077 us = 33.24 us (93.8975 GFLOPS/s)
MUL_MAT f32 m=64 n=96 k=64: 16 x 2.087 us = 33.4 us (373.791 GFLOPS/s)
MUL_MAT_VEC q4_0_rocmfp4_fast m=10752 n=3 k=2048: 60 x 56.26 us = 3375.64 us (2347.79 GFLOPS/s)
MUL_MAT_VEC q4_0_rocmfp4_fast m=2048 n=1 k=2048 batch=3: 22 x 24.338 us = 535.44 us (1033.75 GFLOPS/s)
MUL_MAT_VEC q4_0_rocmfp4_fast m=2048 n=3 k=10752: 30 x 56.692 us = 1700.76 us (2330.39 GFLOPS/s)
MUL_MAT_VEC q4_0_rocmfp4_fast m=2048 n=3 k=2048: 16 x 16.815 us = 269.04 us (1496.26 GFLOPS/s)
MUL_MAT_VEC q4_0_rocmfp4_fast m=512 n=3 k=2048: 16 x 3.172 us = 50.76 us (1982.64 GFLOPS/s)
MUL_MAT_VEC q4_0_rocmfp4_fast m=6144 n=1 k=2048 batch=3: 22 x 64.58 us = 1420.76 us (1168.77 GFLOPS/s)
MUL_MAT_VEC q6_K m=128000 n=3 k=2048: 1 x 978.56 us = 978.56 us (1606.93 GFLOPS/s)
RMS_NORM_MUL RMS_NORM(2048,3,1,1): 61 x 4.681 us = 285.6 us
RMS_NORM_MUL_ROPE RMS_NORM(64,32,3,1): 8 x 7.94 us = 63.52 us
RMS_NORM_MUL_ROPE RMS_NORM(64,8,3,1): 8 x 3.41 us = 27.28 us
SET_ROWS: 16 x 2.175 us = 34.8 us
SSM_CONV: 22 x 3.961 us = 87.16 us
Total time: 9449.88 us.
----------------
Vulkan Timings:
ADD: 60 x 1.829 us = 109.76 us
CONCAT: 22 x 2.301 us = 50.64 us
CPY: 22 x 1.596 us = 35.12 us
FLASH_ATTN_EXT dst(64,32,1,3),  q(64,1,32,3),  k(64,256,8,3),  v(64,256,8,3),  m(256,1,1,3): 8 x 14.74 us = 117.92 us (426.829 GFLOPS/s)
GET_ROWS: 24 x 2.25 us = 54 us
GLU: 30 x 3.114 us = 93.44 us
MUL: 44 x 2.442 us = 107.48 us
MUL_MAT f32 m=64 n=24 k=64: 16 x 2.075 us = 33.2 us (94.0106 GFLOPS/s)
MUL_MAT f32 m=64 n=96 k=64: 16 x 2.072 us = 33.16 us (376.496 GFLOPS/s)
MUL_MAT_VEC q4_0_rocmfp4_fast m=10752 n=3 k=2048: 60 x 56.797 us = 3407.84 us (2325.61 GFLOPS/s)
MUL_MAT_VEC q4_0_rocmfp4_fast m=2048 n=1 k=2048 batch=3: 22 x 24.385 us = 536.48 us (1031.75 GFLOPS/s)
MUL_MAT_VEC q4_0_rocmfp4_fast m=2048 n=3 k=10752: 30 x 57.736 us = 1732.08 us (2288.25 GFLOPS/s)
MUL_MAT_VEC q4_0_rocmfp4_fast m=2048 n=3 k=2048: 16 x 16.68 us = 266.88 us (1508.37 GFLOPS/s)
MUL_MAT_VEC q4_0_rocmfp4_fast m=512 n=3 k=2048: 16 x 3.135 us = 50.16 us (2006.35 GFLOPS/s)
MUL_MAT_VEC q4_0_rocmfp4_fast m=6144 n=1 k=2048 batch=3: 22 x 64.154 us = 1411.4 us (1176.52 GFLOPS/s)
MUL_MAT_VEC q6_K m=128000 n=3 k=2048: 1 x 977.2 us = 977.2 us (1609.17 GFLOPS/s)
RMS_NORM_MUL RMS_NORM(2048,3,1,1): 61 x 4.675 us = 285.2 us
RMS_NORM_MUL_ROPE RMS_NORM(64,32,3,1): 8 x 7.965 us = 63.72 us
RMS_NORM_MUL_ROPE RMS_NORM(64,8,3,1): 8 x 3.4 us = 27.2 us
SET_ROWS: 16 x 2.005 us = 32.08 us
SSM_CONV: 22 x 3.878 us = 85.32 us
Total time: 9510.28 us.
----------------
Vulkan Timings:
ADD: 60 x 1.822 us = 109.32 us
CONCAT: 22 x 2.303 us = 50.68 us
CPY: 22 x 1.581 us = 34.8 us
FLASH_ATTN_EXT dst(64,32,1,3),  q(64,1,32,3),  k(64,256,8,3),  v(64,256,8,3),  m(256,1,1,3): 8 x 14.785 us = 118.28 us (425.53 GFLOPS/s)
GET_ROWS: 24 x 2.253 us = 54.08 us
GLU: 30 x 2.477 us = 74.32 us
MUL: 44 x 2.471 us = 108.76 us
MUL_MAT f32 m=64 n=24 k=64: 16 x 2.082 us = 33.32 us (93.672 GFLOPS/s)
MUL_MAT f32 m=64 n=96 k=64: 16 x 2.087 us = 33.4 us (373.791 GFLOPS/s)
MUL_MAT_VEC q4_0_rocmfp4_fast m=10752 n=3 k=2048: 60 x 56.244 us = 3374.68 us (2348.46 GFLOPS/s)
MUL_MAT_VEC q4_0_rocmfp4_fast m=2048 n=1 k=2048 batch=3: 22 x 23.37 us = 514.16 us (1076.54 GFLOPS/s)
MUL_MAT_VEC q4_0_rocmfp4_fast m=2048 n=3 k=10752: 30 x 56.25 us = 1687.52 us (2348.67 GFLOPS/s)
MUL_MAT_VEC q4_0_rocmfp4_fast m=2048 n=3 k=2048: 16 x 17.062 us = 273 us (1474.56 GFLOPS/s)
MUL_MAT_VEC q4_0_rocmfp4_fast m=512 n=3 k=2048: 16 x 3.17 us = 50.72 us (1984.2 GFLOPS/s)
MUL_MAT_VEC q4_0_rocmfp4_fast m=6144 n=1 k=2048 batch=3: 22 x 63.04 us = 1386.88 us (1197.32 GFLOPS/s)
MUL_MAT_VEC q6_K m=128000 n=3 k=2048: 1 x 1035.56 us = 1035.56 us (1518.48 GFLOPS/s)
RMS_NORM_MUL RMS_NORM(2048,3,1,1): 61 x 4.348 us = 265.24 us
RMS_NORM_MUL_ROPE RMS_NORM(64,32,3,1): 8 x 7.915 us = 63.32 us
RMS_NORM_MUL_ROPE RMS_NORM(64,8,3,1): 8 x 3.41 us = 27.28 us
SET_ROWS: 16 x 2.01 us = 32.16 us
SSM_CONV: 22 x 3.892 us = 85.64 us
Total time: 9413.12 us.
----------------
Vulkan Timings:
ADD: 60 x 1.828 us = 109.68 us
CONCAT: 22 x 3.1 us = 68.2 us
CPY: 22 x 1.574 us = 34.64 us
FLASH_ATTN_EXT dst(64,32,1,3),  q(64,1,32,3),  k(64,256,8,3),  v(64,256,8,3),  m(256,1,1,3): 8 x 14.5 us = 116 us (433.894 GFLOPS/s)
GET_ROWS: 24 x 2.216 us = 53.2 us
GLU: 30 x 2.474 us = 74.24 us
MUL: 44 x 2.432 us = 107.04 us
MUL_MAT f32 m=64 n=24 k=64: 16 x 2.067 us = 33.08 us (94.3516 GFLOPS/s)
MUL_MAT f32 m=64 n=96 k=64: 16 x 2.062 us = 33 us (378.321 GFLOPS/s)
MUL_MAT_VEC q4_0_rocmfp4_fast m=10752 n=3 k=2048: 60 x 57.04 us = 3422.4 us (2315.71 GFLOPS/s)
MUL_MAT_VEC q4_0_rocmfp4_fast m=2048 n=1 k=2048 batch=3: 22 x 23.392 us = 514.64 us (1075.53 GFLOPS/s)
MUL_MAT_VEC q4_0_rocmfp4_fast m=2048 n=3 k=10752: 30 x 56.45 us = 1693.52 us (2340.35 GFLOPS/s)
MUL_MAT_VEC q4_0_rocmfp4_fast m=2048 n=3 k=2048: 16 x 16.715 us = 267.44 us (1505.22 GFLOPS/s)
MUL_MAT_VEC q4_0_rocmfp4_fast m=512 n=3 k=2048: 16 x 3.167 us = 50.68 us (1985.77 GFLOPS/s)
MUL_MAT_VEC q4_0_rocmfp4_fast m=6144 n=1 k=2048 batch=3: 22 x 63.147 us = 1389.24 us (1195.29 GFLOPS/s)
MUL_MAT_VEC q6_K m=128000 n=3 k=2048: 1 x 972.32 us = 972.32 us (1617.25 GFLOPS/s)
RMS_NORM_MUL RMS_NORM(2048,3,1,1): 61 x 4.346 us = 265.16 us
RMS_NORM_MUL_ROPE RMS_NORM(64,32,3,1): 8 x 7.92 us = 63.36 us
RMS_NORM_MUL_ROPE RMS_NORM(64,8,3,1): 8 x 3.47 us = 27.76 us
SET_ROWS: 16 x 2.172 us = 34.76 us
SSM_CONV: 22 x 3.892 us = 85.64 us
Total time: 9416 us.
----------------
Vulkan Timings:
ADD: 60 x 1.878 us = 112.72 us
CONCAT: 22 x 2.325 us = 51.16 us
CPY: 22 x 1.581 us = 34.8 us
FLASH_ATTN_EXT dst(64,32,1,3),  q(64,1,32,3),  k(64,256,8,3),  v(64,256,8,3),  m(256,1,1,3): 8 x 14.82 us = 118.56 us (424.525 GFLOPS/s)
GET_ROWS: 24 x 3.013 us = 72.32 us
GLU: 30 x 2.477 us = 74.32 us
MUL: 44 x 2.517 us = 110.76 us
MUL_MAT f32 m=64 n=24 k=64: 16 x 2.057 us = 32.92 us (94.8102 GFLOPS/s)
MUL_MAT f32 m=64 n=96 k=64: 16 x 2.087 us = 33.4 us (373.791 GFLOPS/s)
MUL_MAT_VEC q4_0_rocmfp4_fast m=10752 n=3 k=2048: 60 x 56.788 us = 3407.32 us (2325.96 GFLOPS/s)
MUL_MAT_VEC q4_0_rocmfp4_fast m=2048 n=1 k=2048 batch=3: 22 x 25.025 us = 550.56 us (1005.36 GFLOPS/s)
MUL_MAT_VEC q4_0_rocmfp4_fast m=2048 n=3 k=10752: 30 x 58.024 us = 1740.72 us (2276.89 GFLOPS/s)
MUL_MAT_VEC q4_0_rocmfp4_fast m=2048 n=3 k=2048: 16 x 16.772 us = 268.36 us (1500.06 GFLOPS/s)
MUL_MAT_VEC q4_0_rocmfp4_fast m=512 n=3 k=2048: 16 x 3.142 us = 50.28 us (2001.57 GFLOPS/s)
MUL_MAT_VEC q4_0_rocmfp4_fast m=6144 n=1 k=2048 batch=3: 22 x 64.832 us = 1426.32 us (1164.21 GFLOPS/s)
MUL_MAT_VEC q6_K m=128000 n=3 k=2048: 1 x 980.04 us = 980.04 us (1604.51 GFLOPS/s)
RMS_NORM_MUL RMS_NORM(2048,3,1,1): 61 x 4.367 us = 266.4 us
RMS_NORM_MUL_ROPE RMS_NORM(64,32,3,1): 8 x 7.98 us = 63.84 us
RMS_NORM_MUL_ROPE RMS_NORM(64,8,3,1): 8 x 3.395 us = 27.16 us
SET_ROWS: 16 x 1.965 us = 31.44 us
SSM_CONV: 22 x 4.45 us = 97.92 us
Total time: 9551.32 us.
----------------
Vulkan Timings:
ADD: 60 x 1.83 us = 109.8 us
CONCAT: 22 x 2.28 us = 50.16 us
CPY: 22 x 1.61 us = 35.44 us
FLASH_ATTN_EXT dst(64,32,1,3),  q(64,1,32,3),  k(64,256,8,3),  v(64,256,8,3),  m(256,1,1,3): 8 x 14.765 us = 118.12 us (426.106 GFLOPS/s)
GET_ROWS: 24 x 2.226 us = 53.44 us
GLU: 30 x 2.557 us = 76.72 us
MUL: 44 x 2.426 us = 106.76 us
MUL_MAT f32 m=64 n=24 k=64: 16 x 2.08 us = 33.28 us (93.7846 GFLOPS/s)
MUL_MAT f32 m=64 n=96 k=64: 16 x 2.077 us = 33.24 us (375.59 GFLOPS/s)
MUL_MAT_VEC q4_0_rocmfp4_fast m=10752 n=3 k=2048: 60 x 57.392 us = 3443.52 us (2301.51 GFLOPS/s)
MUL_MAT_VEC q4_0_rocmfp4_fast m=2048 n=1 k=2048 batch=3: 22 x 23.961 us = 527.16 us (1049.99 GFLOPS/s)
MUL_MAT_VEC q4_0_rocmfp4_fast m=2048 n=3 k=10752: 30 x 57.708 us = 1731.24 us (2289.36 GFLOPS/s)
MUL_MAT_VEC q4_0_rocmfp4_fast m=2048 n=3 k=2048: 16 x 16.772 us = 268.36 us (1500.06 GFLOPS/s)
MUL_MAT_VEC q4_0_rocmfp4_fast m=512 n=3 k=2048: 16 x 3.167 us = 50.68 us (1985.77 GFLOPS/s)
MUL_MAT_VEC q4_0_rocmfp4_fast m=6144 n=1 k=2048 batch=3: 22 x 63.583 us = 1398.84 us (1187.08 GFLOPS/s)
MUL_MAT_VEC q6_K m=128000 n=3 k=2048: 1 x 975.8 us = 975.8 us (1611.48 GFLOPS/s)
RMS_NORM_MUL RMS_NORM(2048,3,1,1): 61 x 4.398 us = 268.32 us
RMS_NORM_MUL_ROPE RMS_NORM(64,32,3,1): 8 x 8.01 us = 64.08 us
RMS_NORM_MUL_ROPE RMS_NORM(64,8,3,1): 8 x 3.405 us = 27.24 us
SET_ROWS: 16 x 2.012 us = 32.2 us
SSM_CONV: 22 x 3.914 us = 86.12 us
Total time: 9490.52 us.
----------------
Vulkan Timings:
ADD: 60 x 1.881 us = 112.88 us
CONCAT: 22 x 2.301 us = 50.64 us
CPY: 22 x 1.569 us = 34.52 us
FLASH_ATTN_EXT dst(64,32,1,3),  q(64,1,32,3),  k(64,256,8,3),  v(64,256,8,3),  m(256,1,1,3): 8 x 14.77 us = 118.16 us (425.962 GFLOPS/s)
GET_ROWS: 24 x 2.221 us = 53.32 us
GLU: 30 x 2.468 us = 74.04 us
MUL: 44 x 2.433 us = 107.08 us
MUL_MAT f32 m=64 n=24 k=64: 16 x 2.077 us = 33.24 us (93.8975 GFLOPS/s)
MUL_MAT f32 m=64 n=96 k=64: 16 x 2.09 us = 33.44 us (373.344 GFLOPS/s)
MUL_MAT_VEC q4_0_rocmfp4_fast m=10752 n=3 k=2048: 60 x 56.128 us = 3367.68 us (2353.34 GFLOPS/s)
MUL_MAT_VEC q4_0_rocmfp4_fast m=2048 n=1 k=2048 batch=3: 22 x 23.396 us = 514.72 us (1075.37 GFLOPS/s)
MUL_MAT_VEC q4_0_rocmfp4_fast m=2048 n=3 k=10752: 30 x 56.513 us = 1695.4 us (2337.76 GFLOPS/s)
MUL_MAT_VEC q4_0_rocmfp4_fast m=2048 n=3 k=2048: 16 x 16.745 us = 267.92 us (1502.52 GFLOPS/s)
MUL_MAT_VEC q4_0_rocmfp4_fast m=512 n=3 k=2048: 16 x 3.147 us = 50.36 us (1998.39 GFLOPS/s)
MUL_MAT_VEC q4_0_rocmfp4_fast m=6144 n=1 k=2048 batch=3: 22 x 64.225 us = 1412.96 us (1175.22 GFLOPS/s)
MUL_MAT_VEC q6_K m=128000 n=3 k=2048: 1 x 1043.44 us = 1043.44 us (1507.02 GFLOPS/s)
RMS_NORM_MUL RMS_NORM(2048,3,1,1): 61 x 4.403 us = 268.64 us
RMS_NORM_MUL_ROPE RMS_NORM(64,32,3,1): 8 x 7.945 us = 63.56 us
RMS_NORM_MUL_ROPE RMS_NORM(64,8,3,1): 8 x 3.415 us = 27.32 us
SET_ROWS: 16 x 2.012 us = 32.2 us
SSM_CONV: 22 x 3.905 us = 85.92 us
Total time: 9447.44 us.
----------------
Vulkan Timings:
ADD: 60 x 1.823 us = 109.4 us
CONCAT: 22 x 2.312 us = 50.88 us
CPY: 22 x 1.572 us = 34.6 us
FLASH_ATTN_EXT dst(64,32,1,3),  q(64,1,32,3),  k(64,256,8,3),  v(64,256,8,3),  m(256,1,1,3): 8 x 14.35 us = 114.8 us (438.429 GFLOPS/s)
GET_ROWS: 24 x 2.238 us = 53.72 us
GLU: 30 x 2.464 us = 73.92 us
MUL: 44 x 2.437 us = 107.24 us
MUL_MAT f32 m=64 n=24 k=64: 16 x 2.075 us = 33.2 us (94.0106 GFLOPS/s)
MUL_MAT f32 m=64 n=96 k=64: 16 x 2.072 us = 33.16 us (376.496 GFLOPS/s)
MUL_MAT_VEC q4_0_rocmfp4_fast m=10752 n=3 k=2048: 60 x 56.95 us = 3417 us (2319.37 GFLOPS/s)
MUL_MAT_VEC q4_0_rocmfp4_fast m=2048 n=1 k=2048 batch=3: 22 x 23.418 us = 515.2 us (1074.37 GFLOPS/s)
MUL_MAT_VEC q4_0_rocmfp4_fast m=2048 n=3 k=10752: 30 x 57.154 us = 1714.64 us (2311.52 GFLOPS/s)
MUL_MAT_VEC q4_0_rocmfp4_fast m=2048 n=3 k=2048: 16 x 16.812 us = 269 us (1496.49 GFLOPS/s)
MUL_MAT_VEC q4_0_rocmfp4_fast m=512 n=3 k=2048: 16 x 3.155 us = 50.48 us (1993.64 GFLOPS/s)
MUL_MAT_VEC q4_0_rocmfp4_fast m=6144 n=1 k=2048 batch=3: 22 x 64.576 us = 1420.68 us (1168.83 GFLOPS/s)
MUL_MAT_VEC q6_K m=128000 n=3 k=2048: 1 x 979.28 us = 979.28 us (1605.75 GFLOPS/s)
RMS_NORM_MUL RMS_NORM(2048,3,1,1): 61 x 4.34 us = 264.8 us
RMS_NORM_MUL_ROPE RMS_NORM(64,32,3,1): 8 x 7.97 us = 63.76 us
RMS_NORM_MUL_ROPE RMS_NORM(64,8,3,1): 8 x 3.4 us = 27.2 us
SET_ROWS: 16 x 2.172 us = 34.76 us
SSM_CONV: 22 x 3.887 us = 85.52 us
Total time: 9453.24 us.
----------------
Vulkan Timings:
ADD: 60 x 1.83 us = 109.8 us
CONCAT: 22 x 2.3 us = 50.6 us
CPY: 22 x 1.59 us = 35 us
FLASH_ATTN_EXT dst(64,32,1,3),  q(64,1,32,3),  k(64,256,8,3),  v(64,256,8,3),  m(256,1,1,3): 8 x 14.885 us = 119.08 us (422.671 GFLOPS/s)
GET_ROWS: 24 x 2.24 us = 53.76 us
GLU: 30 x 2.574 us = 77.24 us
MUL: 44 x 2.451 us = 107.88 us
MUL_MAT f32 m=64 n=24 k=64: 16 x 2.09 us = 33.44 us (93.3359 GFLOPS/s)
MUL_MAT f32 m=64 n=96 k=64: 16 x 2.077 us = 33.24 us (375.59 GFLOPS/s)
MUL_MAT_VEC q4_0_rocmfp4_fast m=10752 n=3 k=2048: 60 x 57.232 us = 3433.96 us (2307.92 GFLOPS/s)
MUL_MAT_VEC q4_0_rocmfp4_fast m=2048 n=1 k=2048 batch=3: 22 x 24.383 us = 536.44 us (1031.83 GFLOPS/s)
MUL_MAT_VEC q4_0_rocmfp4_fast m=2048 n=3 k=10752: 30 x 57.645 us = 1729.36 us (2291.85 GFLOPS/s)
MUL_MAT_VEC q4_0_rocmfp4_fast m=2048 n=3 k=2048: 16 x 16.802 us = 268.84 us (1497.38 GFLOPS/s)
MUL_MAT_VEC q4_0_rocmfp4_fast m=512 n=3 k=2048: 16 x 3.177 us = 50.84 us (1979.52 GFLOPS/s)
MUL_MAT_VEC q4_0_rocmfp4_fast m=6144 n=1 k=2048 batch=3: 22 x 64.501 us = 1419.04 us (1170.18 GFLOPS/s)
MUL_MAT_VEC q6_K m=128000 n=3 k=2048: 1 x 1043.6 us = 1043.6 us (1506.78 GFLOPS/s)
RMS_NORM_MUL RMS_NORM(2048,3,1,1): 61 x 4.482 us = 273.44 us
RMS_NORM_MUL_ROPE RMS_NORM(64,32,3,1): 8 x 7.945 us = 63.56 us
RMS_NORM_MUL_ROPE RMS_NORM(64,8,3,1): 8 x 3.44 us = 27.52 us
SET_ROWS: 16 x 2.067 us = 33.08 us
SSM_CONV: 22 x 3.896 us = 85.72 us
Total time: 9585.44 us.
----------------
Vulkan Timings:
ADD: 60 x 1.913 us = 114.8 us
CONCAT: 22 x 2.336 us = 51.4 us
CPY: 22 x 1.658 us = 36.48 us
FLASH_ATTN_EXT dst(64,32,1,3),  q(64,1,32,3),  k(64,256,8,3),  v(64,256,8,3),  m(256,1,1,3): 8 x 14.78 us = 118.24 us (425.674 GFLOPS/s)
GET_ROWS: 24 x 2.336 us = 56.08 us
GLU: 30 x 2.541 us = 76.24 us
MUL: 44 x 2.446 us = 107.64 us
MUL_MAT f32 m=64 n=24 k=64: 16 x 2.082 us = 33.32 us (93.672 GFLOPS/s)
MUL_MAT f32 m=64 n=96 k=64: 16 x 2.072 us = 33.16 us (376.496 GFLOPS/s)
MUL_MAT_VEC q4_0_rocmfp4_fast m=10752 n=3 k=2048: 60 x 56.539 us = 3392.36 us (2336.22 GFLOPS/s)
MUL_MAT_VEC q4_0_rocmfp4_fast m=2048 n=1 k=2048 batch=3: 22 x 23.376 us = 514.28 us (1076.29 GFLOPS/s)
MUL_MAT_VEC q4_0_rocmfp4_fast m=2048 n=3 k=10752: 30 x 57.541 us = 1726.24 us (2295.99 GFLOPS/s)
MUL_MAT_VEC q4_0_rocmfp4_fast m=2048 n=3 k=2048: 16 x 16.792 us = 268.68 us (1498.27 GFLOPS/s)
MUL_MAT_VEC q4_0_rocmfp4_fast m=512 n=3 k=2048: 16 x 3.147 us = 50.36 us (1998.39 GFLOPS/s)
MUL_MAT_VEC q4_0_rocmfp4_fast m=6144 n=1 k=2048 batch=3: 22 x 63.012 us = 1386.28 us (1197.84 GFLOPS/s)
MUL_MAT_VEC q6_K m=128000 n=3 k=2048: 1 x 978.12 us = 978.12 us (1607.66 GFLOPS/s)
RMS_NORM_MUL RMS_NORM(2048,3,1,1): 61 x 4.645 us = 283.36 us
RMS_NORM_MUL_ROPE RMS_NORM(64,32,3,1): 8 x 7.88 us = 63.04 us
RMS_NORM_MUL_ROPE RMS_NORM(64,8,3,1): 8 x 3.39 us = 27.12 us
SET_ROWS: 16 x 2 us = 32 us
SSM_CONV: 22 x 3.816 us = 83.96 us
Total time: 9433.16 us.
----------------
Vulkan Timings:
ADD: 60 x 1.826 us = 109.6 us
CONCAT: 22 x 2.296 us = 50.52 us
CPY: 22 x 1.603 us = 35.28 us
FLASH_ATTN_EXT dst(64,32,1,3),  q(64,1,32,3),  k(64,256,8,3),  v(64,256,8,3),  m(256,1,1,3): 8 x 14.535 us = 116.28 us (432.849 GFLOPS/s)
GET_ROWS: 24 x 2.225 us = 53.4 us
GLU: 30 x 2.922 us = 87.68 us
MUL: 44 x 2.47 us = 108.68 us
MUL_MAT f32 m=64 n=24 k=64: 16 x 2.067 us = 33.08 us (94.3516 GFLOPS/s)
MUL_MAT f32 m=64 n=96 k=64: 16 x 2.067 us = 33.08 us (377.407 GFLOPS/s)
MUL_MAT_VEC q4_0_rocmfp4_fast m=10752 n=3 k=2048: 60 x 56.197 us = 3371.84 us (2350.44 GFLOPS/s)
MUL_MAT_VEC q4_0_rocmfp4_fast m=2048 n=1 k=2048 batch=3: 22 x 23.385 us = 514.48 us (1075.87 GFLOPS/s)
MUL_MAT_VEC q4_0_rocmfp4_fast m=2048 n=3 k=10752: 30 x 57.236 us = 1717.08 us (2308.24 GFLOPS/s)
MUL_MAT_VEC q4_0_rocmfp4_fast m=2048 n=3 k=2048: 16 x 16.66 us = 266.56 us (1510.18 GFLOPS/s)
MUL_MAT_VEC q4_0_rocmfp4_fast m=512 n=3 k=2048: 16 x 3.142 us = 50.28 us (2001.57 GFLOPS/s)
MUL_MAT_VEC q4_0_rocmfp4_fast m=6144 n=1 k=2048 batch=3: 22 x 64.065 us = 1409.44 us (1178.16 GFLOPS/s)
MUL_MAT_VEC q6_K m=128000 n=3 k=2048: 1 x 1038.6 us = 1038.6 us (1514.04 GFLOPS/s)
RMS_NORM_MUL RMS_NORM(2048,3,1,1): 61 x 4.377 us = 267 us
RMS_NORM_MUL_ROPE RMS_NORM(64,32,3,1): 8 x 7.885 us = 63.08 us
RMS_NORM_MUL_ROPE RMS_NORM(64,8,3,1): 8 x 3.4 us = 27.2 us
SET_ROWS: 16 x 2.082 us = 33.32 us
SSM_CONV: 22 x 3.861 us = 84.96 us
Total time: 9471.44 us.
----------------
Vulkan Timings:
ADD: 60 x 1.952 us = 117.12 us
CONCAT: 22 x 2.316 us = 50.96 us
CPY: 22 x 1.58 us = 34.76 us
FLASH_ATTN_EXT dst(64,32,1,3),  q(64,1,32,3),  k(64,256,8,3),  v(64,256,8,3),  m(256,1,1,3): 8 x 14.415 us = 115.32 us (436.452 GFLOPS/s)
GET_ROWS: 24 x 2.24 us = 53.76 us
GLU: 30 x 2.48 us = 74.4 us
MUL: 44 x 2.58 us = 113.52 us
MUL_MAT f32 m=64 n=24 k=64: 16 x 2.082 us = 33.32 us (93.672 GFLOPS/s)
MUL_MAT f32 m=64 n=96 k=64: 16 x 2.072 us = 33.16 us (376.496 GFLOPS/s)
MUL_MAT_VEC q4_0_rocmfp4_fast m=10752 n=3 k=2048: 60 x 56.395 us = 3383.72 us (2342.19 GFLOPS/s)
MUL_MAT_VEC q4_0_rocmfp4_fast m=2048 n=1 k=2048 batch=3: 22 x 24.094 us = 530.08 us (1044.21 GFLOPS/s)
MUL_MAT_VEC q4_0_rocmfp4_fast m=2048 n=3 k=10752: 30 x 57.581 us = 1727.44 us (2294.4 GFLOPS/s)
MUL_MAT_VEC q4_0_rocmfp4_fast m=2048 n=3 k=2048: 16 x 16.78 us = 268.48 us (1499.38 GFLOPS/s)
MUL_MAT_VEC q4_0_rocmfp4_fast m=512 n=3 k=2048: 16 x 3.17 us = 50.72 us (1984.2 GFLOPS/s)
MUL_MAT_VEC q4_0_rocmfp4_fast m=6144 n=1 k=2048 batch=3: 22 x 63.363 us = 1394 us (1191.2 GFLOPS/s)
MUL_MAT_VEC q6_K m=128000 n=3 k=2048: 1 x 981.8 us = 981.8 us (1601.63 GFLOPS/s)
RMS_NORM_MUL RMS_NORM(2048,3,1,1): 61 x 4.383 us = 267.4 us
RMS_NORM_MUL_ROPE RMS_NORM(64,32,3,1): 8 x 7.985 us = 63.88 us
RMS_NORM_MUL_ROPE RMS_NORM(64,8,3,1): 8 x 3.405 us = 27.24 us
SET_ROWS: 16 x 2.177 us = 34.84 us
SSM_CONV: 22 x 3.863 us = 85 us
Total time: 9440.92 us.
----------------
Vulkan Timings:
ADD: 60 x 1.905 us = 114.32 us
CONCAT: 22 x 2.254 us = 49.6 us
CPY: 22 x 2.62 us = 57.64 us
FLASH_ATTN_EXT dst(64,32,1,3),  q(64,1,32,3),  k(64,256,8,3),  v(64,256,8,3),  m(256,1,1,3): 8 x 14.875 us = 119 us (422.955 GFLOPS/s)
GET_ROWS: 24 x 2.241 us = 53.8 us
GLU: 30 x 2.482 us = 74.48 us
MUL: 44 x 2.43 us = 106.96 us
MUL_MAT f32 m=64 n=24 k=64: 16 x 2.06 us = 32.96 us (94.6951 GFLOPS/s)
MUL_MAT f32 m=64 n=96 k=64: 16 x 2.082 us = 33.32 us (374.688 GFLOPS/s)
MUL_MAT_VEC q4_0_rocmfp4_fast m=10752 n=3 k=2048: 60 x 56.71 us = 3402.6 us (2329.19 GFLOPS/s)
MUL_MAT_VEC q4_0_rocmfp4_fast m=2048 n=1 k=2048 batch=3: 22 x 23.896 us = 525.72 us (1052.87 GFLOPS/s)
MUL_MAT_VEC q4_0_rocmfp4_fast m=2048 n=3 k=10752: 30 x 57.749 us = 1732.48 us (2287.72 GFLOPS/s)
MUL_MAT_VEC q4_0_rocmfp4_fast m=2048 n=3 k=2048: 16 x 16.75 us = 268 us (1502.07 GFLOPS/s)
MUL_MAT_VEC q4_0_rocmfp4_fast m=512 n=3 k=2048: 16 x 3.147 us = 50.36 us (1998.39 GFLOPS/s)
MUL_MAT_VEC q4_0_rocmfp4_fast m=6144 n=1 k=2048 batch=3: 22 x 63.658 us = 1400.48 us (1185.69 GFLOPS/s)
MUL_MAT_VEC q6_K m=128000 n=3 k=2048: 1 x 1061.44 us = 1061.44 us (1481.46 GFLOPS/s)
RMS_NORM_MUL RMS_NORM(2048,3,1,1): 61 x 4.472 us = 272.8 us
RMS_NORM_MUL_ROPE RMS_NORM(64,32,3,1): 8 x 8 us = 64 us
RMS_NORM_MUL_ROPE RMS_NORM(64,8,3,1): 8 x 3.4 us = 27.2 us
SET_ROWS: 16 x 1.972 us = 31.56 us
SSM_CONV: 22 x 3.789 us = 83.36 us
Total time: 9562.08 us.
----------------
Vulkan Timings:
ADD: 60 x 1.956 us = 117.36 us
CONCAT: 22 x 2.26 us = 49.72 us
CPY: 22 x 1.64 us = 36.08 us
FLASH_ATTN_EXT dst(64,32,1,3),  q(64,1,32,3),  k(64,256,8,3),  v(64,256,8,3),  m(256,1,1,3): 8 x 14.66 us = 117.28 us (429.158 GFLOPS/s)
GET_ROWS: 24 x 2.225 us = 53.4 us
GLU: 30 x 2.465 us = 73.96 us
MUL: 44 x 2.447 us = 107.68 us
MUL_MAT f32 m=64 n=24 k=64: 16 x 2.067 us = 33.08 us (94.3516 GFLOPS/s)
MUL_MAT f32 m=64 n=96 k=64: 16 x 2.092 us = 33.48 us (372.897 GFLOPS/s)
MUL_MAT_VEC q4_0_rocmfp4_fast m=10752 n=3 k=2048: 60 x 56.852 us = 3411.16 us (2323.34 GFLOPS/s)
MUL_MAT_VEC q4_0_rocmfp4_fast m=2048 n=1 k=2048 batch=3: 22 x 24.06 us = 529.32 us (1045.71 GFLOPS/s)
MUL_MAT_VEC q4_0_rocmfp4_fast m=2048 n=3 k=10752: 30 x 57.15 us = 1714.52 us (2311.69 GFLOPS/s)
MUL_MAT_VEC q4_0_rocmfp4_fast m=2048 n=3 k=2048: 16 x 16.815 us = 269.04 us (1496.26 GFLOPS/s)
MUL_MAT_VEC q4_0_rocmfp4_fast m=512 n=3 k=2048: 16 x 3.165 us = 50.64 us (1987.34 GFLOPS/s)
MUL_MAT_VEC q4_0_rocmfp4_fast m=6144 n=1 k=2048 batch=3: 22 x 63.105 us = 1388.32 us (1196.08 GFLOPS/s)
MUL_MAT_VEC q6_K m=128000 n=3 k=2048: 1 x 980.56 us = 980.56 us (1603.66 GFLOPS/s)
RMS_NORM_MUL RMS_NORM(2048,3,1,1): 61 x 4.386 us = 267.6 us
RMS_NORM_MUL_ROPE RMS_NORM(64,32,3,1): 8 x 7.975 us = 63.8 us
RMS_NORM_MUL_ROPE RMS_NORM(64,8,3,1): 8 x 3.405 us = 27.24 us
SET_ROWS: 16 x 2.007 us = 32.12 us
SSM_CONV: 22 x 3.892 us = 85.64 us
Total time: 9442 us.
----------------
Vulkan Timings:
ADD: 60 x 1.895 us = 113.72 us
CONCAT: 22 x 2.296 us = 50.52 us
CPY: 22 x 1.585 us = 34.88 us
FLASH_ATTN_EXT dst(64,32,1,3),  q(64,1,32,3),  k(64,256,8,3),  v(64,256,8,3),  m(256,1,1,3): 8 x 14.645 us = 117.16 us (429.598 GFLOPS/s)
GET_ROWS: 24 x 2.24 us = 53.76 us
GLU: 30 x 2.49 us = 74.72 us
MUL: 44 x 2.454 us = 108 us
MUL_MAT f32 m=64 n=24 k=64: 16 x 2.057 us = 32.92 us (94.8102 GFLOPS/s)
MUL_MAT f32 m=64 n=96 k=64: 16 x 2.087 us = 33.4 us (373.791 GFLOPS/s)
MUL_MAT_VEC q4_0_rocmfp4_fast m=10752 n=3 k=2048: 60 x 56.938 us = 3416.28 us (2319.86 GFLOPS/s)
MUL_MAT_VEC q4_0_rocmfp4_fast m=2048 n=1 k=2048 batch=3: 22 x 23.707 us = 521.56 us (1061.26 GFLOPS/s)
MUL_MAT_VEC q4_0_rocmfp4_fast m=2048 n=3 k=10752: 30 x 56.486 us = 1694.6 us (2338.86 GFLOPS/s)
MUL_MAT_VEC q4_0_rocmfp4_fast m=2048 n=3 k=2048: 16 x 16.885 us = 270.16 us (1490.06 GFLOPS/s)
MUL_MAT_VEC q4_0_rocmfp4_fast m=512 n=3 k=2048: 16 x 3.16 us = 50.56 us (1990.48 GFLOPS/s)
MUL_MAT_VEC q4_0_rocmfp4_fast m=6144 n=1 k=2048 batch=3: 22 x 63.034 us = 1386.76 us (1197.42 GFLOPS/s)
MUL_MAT_VEC q6_K m=128000 n=3 k=2048: 1 x 972.32 us = 972.32 us (1617.25 GFLOPS/s)
RMS_NORM_MUL RMS_NORM(2048,3,1,1): 61 x 4.378 us = 267.08 us
RMS_NORM_MUL_ROPE RMS_NORM(64,32,3,1): 8 x 8 us = 64 us
RMS_NORM_MUL_ROPE RMS_NORM(64,8,3,1): 8 x 3.445 us = 27.56 us
SET_ROWS: 16 x 2.095 us = 33.52 us
SSM_CONV: 22 x 3.883 us = 85.44 us
Total time: 9408.92 us.
----------------
Vulkan Timings:
ADD: 60 x 1.856 us = 111.36 us
CONCAT: 22 x 2.298 us = 50.56 us
CPY: 22 x 1.554 us = 34.2 us
FLASH_ATTN_EXT dst(64,32,1,3),  q(64,1,32,3),  k(64,256,8,3),  v(64,256,8,3),  m(256,1,1,3): 8 x 14.44 us = 115.52 us (435.696 GFLOPS/s)
GET_ROWS: 24 x 2.216 us = 53.2 us
GLU: 30 x 2.472 us = 74.16 us
MUL: 44 x 2.432 us = 107.04 us
MUL_MAT f32 m=64 n=24 k=64: 16 x 2.07 us = 33.12 us (94.2377 GFLOPS/s)
MUL_MAT f32 m=64 n=96 k=64: 16 x 2.072 us = 33.16 us (376.496 GFLOPS/s)
MUL_MAT_VEC q4_0_rocmfp4_fast m=10752 n=3 k=2048: 60 x 56.958 us = 3417.52 us (2319.02 GFLOPS/s)
MUL_MAT_VEC q4_0_rocmfp4_fast m=2048 n=1 k=2048 batch=3: 22 x 23.734 us = 522.16 us (1060.04 GFLOPS/s)
MUL_MAT_VEC q4_0_rocmfp4_fast m=2048 n=3 k=10752: 30 x 56.289 us = 1688.68 us (2347.06 GFLOPS/s)
MUL_MAT_VEC q4_0_rocmfp4_fast m=2048 n=3 k=2048: 16 x 16.84 us = 269.44 us (1494.04 GFLOPS/s)
MUL_MAT_VEC q4_0_rocmfp4_fast m=512 n=3 k=2048: 16 x 3.137 us = 50.2 us (2004.76 GFLOPS/s)
MUL_MAT_VEC q4_0_rocmfp4_fast m=6144 n=1 k=2048 batch=3: 22 x 63.06 us = 1387.32 us (1196.94 GFLOPS/s)
MUL_MAT_VEC q6_K m=128000 n=3 k=2048: 1 x 980.44 us = 980.44 us (1603.85 GFLOPS/s)
RMS_NORM_MUL RMS_NORM(2048,3,1,1): 61 x 4.343 us = 264.96 us
RMS_NORM_MUL_ROPE RMS_NORM(64,32,3,1): 8 x 7.875 us = 63 us
RMS_NORM_MUL_ROPE RMS_NORM(64,8,3,1): 8 x 3.39 us = 27.12 us
SET_ROWS: 16 x 2.167 us = 34.68 us
SSM_CONV: 22 x 3.929 us = 86.44 us
Total time: 9404.28 us.
----------------
Vulkan Timings:
ADD: 60 x 1.81 us = 108.6 us
CONCAT: 22 x 2.37 us = 52.16 us
CPY: 22 x 1.552 us = 34.16 us
FLASH_ATTN_EXT dst(64,32,1,3),  q(64,1,32,3),  k(64,256,8,3),  v(64,256,8,3),  m(256,1,1,3): 8 x 14.9 us = 119.2 us (422.245 GFLOPS/s)
GET_ROWS: 24 x 2.211 us = 53.08 us
GLU: 30 x 3.004 us = 90.12 us
MUL: 44 x 2.394 us = 105.36 us
MUL_MAT f32 m=64 n=24 k=64: 16 x 2.072 us = 33.16 us (94.124 GFLOPS/s)
MUL_MAT f32 m=64 n=96 k=64: 16 x 2.05 us = 32.8 us (380.628 GFLOPS/s)
MUL_MAT_VEC q4_0_rocmfp4_fast m=10752 n=3 k=2048: 60 x 56.927 us = 3415.64 us (2320.3 GFLOPS/s)
MUL_MAT_VEC q4_0_rocmfp4_fast m=2048 n=1 k=2048 batch=3: 22 x 24.509 us = 539.2 us (1026.54 GFLOPS/s)
MUL_MAT_VEC q4_0_rocmfp4_fast m=2048 n=3 k=10752: 30 x 57.3 us = 1719 us (2305.66 GFLOPS/s)
MUL_MAT_VEC q4_0_rocmfp4_fast m=2048 n=3 k=2048: 16 x 16.775 us = 268.4 us (1499.83 GFLOPS/s)
MUL_MAT_VEC q4_0_rocmfp4_fast m=512 n=3 k=2048: 16 x 3.135 us = 50.16 us (2006.35 GFLOPS/s)
MUL_MAT_VEC q4_0_rocmfp4_fast m=6144 n=1 k=2048 batch=3: 22 x 63.529 us = 1397.64 us (1188.1 GFLOPS/s)
MUL_MAT_VEC q6_K m=128000 n=3 k=2048: 1 x 1001.8 us = 1001.8 us (1569.65 GFLOPS/s)
RMS_NORM_MUL RMS_NORM(2048,3,1,1): 61 x 4.387 us = 267.64 us
RMS_NORM_MUL_ROPE RMS_NORM(64,32,3,1): 8 x 7.88 us = 63.04 us
RMS_NORM_MUL_ROPE RMS_NORM(64,8,3,1): 8 x 3.385 us = 27.08 us
SET_ROWS: 16 x 2.037 us = 32.6 us
SSM_CONV: 22 x 3.87 us = 85.16 us
Total time: 9496 us.
----------------
Vulkan Timings:
ADD: 60 x 1.848 us = 110.92 us
CONCAT: 22 x 2.256 us = 49.64 us
CPY: 22 x 1.607 us = 35.36 us
FLASH_ATTN_EXT dst(64,32,1,3),  q(64,1,32,3),  k(64,256,8,3),  v(64,256,8,3),  m(256,1,1,3): 8 x 14.885 us = 119.08 us (422.671 GFLOPS/s)
GET_ROWS: 24 x 2.223 us = 53.36 us
GLU: 30 x 2.514 us = 75.44 us
MUL: 44 x 2.438 us = 107.28 us
MUL_MAT f32 m=64 n=24 k=64: 16 x 2.072 us = 33.16 us (94.124 GFLOPS/s)
MUL_MAT f32 m=64 n=96 k=64: 16 x 2.052 us = 32.84 us (380.165 GFLOPS/s)
MUL_MAT_VEC q4_0_rocmfp4_fast m=10752 n=3 k=2048: 60 x 56.929 us = 3415.76 us (2320.22 GFLOPS/s)
MUL_MAT_VEC q4_0_rocmfp4_fast m=2048 n=1 k=2048 batch=3: 22 x 23.461 us = 516.16 us (1072.37 GFLOPS/s)
MUL_MAT_VEC q4_0_rocmfp4_fast m=2048 n=3 k=10752: 30 x 57.488 us = 1724.64 us (2298.12 GFLOPS/s)
MUL_MAT_VEC q4_0_rocmfp4_fast m=2048 n=3 k=2048: 16 x 16.75 us = 268 us (1502.07 GFLOPS/s)
MUL_MAT_VEC q4_0_rocmfp4_fast m=512 n=3 k=2048: 16 x 3.16 us = 50.56 us (1990.48 GFLOPS/s)
MUL_MAT_VEC q4_0_rocmfp4_fast m=6144 n=1 k=2048 batch=3: 22 x 63.085 us = 1387.88 us (1196.46 GFLOPS/s)
MUL_MAT_VEC q6_K m=128000 n=3 k=2048: 1 x 979.32 us = 979.32 us (1605.69 GFLOPS/s)
RMS_NORM_MUL RMS_NORM(2048,3,1,1): 61 x 4.348 us = 265.24 us
RMS_NORM_MUL_ROPE RMS_NORM(64,32,3,1): 8 x 7.86 us = 62.88 us
RMS_NORM_MUL_ROPE RMS_NORM(64,8,3,1): 8 x 3.4 us = 27.2 us
SET_ROWS: 16 x 1.995 us = 31.92 us
SSM_CONV: 22 x 3.9 us = 85.8 us
Total time: 9432.44 us.
----------------
Vulkan Timings:
ADD: 60 x 1.872 us = 112.32 us
CONCAT: 22 x 2.314 us = 50.92 us
CPY: 22 x 1.6 us = 35.2 us
FLASH_ATTN_EXT dst(64,32,1,3),  q(64,1,32,3),  k(64,256,8,3),  v(64,256,8,3),  m(256,1,1,3): 8 x 15.155 us = 121.24 us (415.141 GFLOPS/s)
GET_ROWS: 24 x 2.24 us = 53.76 us
GLU: 30 x 2.462 us = 73.88 us
MUL: 44 x 2.447 us = 107.68 us
MUL_MAT f32 m=64 n=24 k=64: 16 x 2.082 us = 33.32 us (93.672 GFLOPS/s)
MUL_MAT f32 m=64 n=96 k=64: 16 x 2.077 us = 33.24 us (375.59 GFLOPS/s)
MUL_MAT_VEC q4_0_rocmfp4_fast m=10752 n=3 k=2048: 60 x 56.514 us = 3390.88 us (2337.24 GFLOPS/s)
MUL_MAT_VEC q4_0_rocmfp4_fast m=2048 n=1 k=2048 batch=3: 22 x 23.37 us = 514.16 us (1076.54 GFLOPS/s)
MUL_MAT_VEC q4_0_rocmfp4_fast m=2048 n=3 k=10752: 30 x 57.364 us = 1720.92 us (2303.09 GFLOPS/s)
MUL_MAT_VEC q4_0_rocmfp4_fast m=2048 n=3 k=2048: 16 x 16.78 us = 268.48 us (1499.38 GFLOPS/s)
MUL_MAT_VEC q4_0_rocmfp4_fast m=512 n=3 k=2048: 16 x 3.157 us = 50.52 us (1992.06 GFLOPS/s)
MUL_MAT_VEC q4_0_rocmfp4_fast m=6144 n=1 k=2048 batch=3: 22 x 63.289 us = 1392.36 us (1192.61 GFLOPS/s)
MUL_MAT_VEC q6_K m=128000 n=3 k=2048: 1 x 974.48 us = 974.48 us (1613.66 GFLOPS/s)
RMS_NORM_MUL RMS_NORM(2048,3,1,1): 61 x 4.369 us = 266.56 us
RMS_NORM_MUL_ROPE RMS_NORM(64,32,3,1): 8 x 7.915 us = 63.32 us
RMS_NORM_MUL_ROPE RMS_NORM(64,8,3,1): 8 x 3.425 us = 27.4 us
SET_ROWS: 16 x 2.095 us = 33.52 us
SSM_CONV: 22 x 3.88 us = 85.36 us
Total time: 9409.52 us.
----------------
Vulkan Timings:
ADD: 60 x 1.99 us = 119.4 us
CONCAT: 22 x 2.307 us = 50.76 us
CPY: 22 x 1.583 us = 34.84 us
FLASH_ATTN_EXT dst(64,32,1,3),  q(64,1,32,3),  k(64,256,8,3),  v(64,256,8,3),  m(256,1,1,3): 8 x 14.715 us = 117.72 us (427.554 GFLOPS/s)
GET_ROWS: 24 x 2.256 us = 54.16 us
GLU: 30 x 2.67 us = 80.12 us
MUL: 44 x 2.443 us = 107.52 us
MUL_MAT f32 m=64 n=24 k=64: 16 x 2.09 us = 33.44 us (93.3359 GFLOPS/s)
MUL_MAT f32 m=64 n=96 k=64: 16 x 2.082 us = 33.32 us (374.688 GFLOPS/s)
MUL_MAT_VEC q4_0_rocmfp4_fast m=10752 n=3 k=2048: 60 x 56.391 us = 3383.48 us (2342.35 GFLOPS/s)
MUL_MAT_VEC q4_0_rocmfp4_fast m=2048 n=1 k=2048 batch=3: 22 x 23.381 us = 514.4 us (1076.04 GFLOPS/s)
MUL_MAT_VEC q4_0_rocmfp4_fast m=2048 n=3 k=10752: 30 x 56.784 us = 1703.52 us (2326.61 GFLOPS/s)
MUL_MAT_VEC q4_0_rocmfp4_fast m=2048 n=3 k=2048: 16 x 17.23 us = 275.68 us (1460.23 GFLOPS/s)
MUL_MAT_VEC q4_0_rocmfp4_fast m=512 n=3 k=2048: 16 x 3.15 us = 50.4 us (1996.8 GFLOPS/s)
MUL_MAT_VEC q4_0_rocmfp4_fast m=6144 n=1 k=2048 batch=3: 22 x 63.8 us = 1403.6 us (1183.06 GFLOPS/s)
MUL_MAT_VEC q6_K m=128000 n=3 k=2048: 1 x 987.6 us = 987.6 us (1592.22 GFLOPS/s)
RMS_NORM_MUL RMS_NORM(2048,3,1,1): 61 x 4.91 us = 299.52 us
RMS_NORM_MUL_ROPE RMS_NORM(64,32,3,1): 8 x 7.975 us = 63.8 us
RMS_NORM_MUL_ROPE RMS_NORM(64,8,3,1): 8 x 3.45 us = 27.6 us
SET_ROWS: 16 x 2.15 us = 34.4 us
SSM_CONV: 22 x 3.883 us = 85.44 us
Total time: 9460.72 us.
----------------
Vulkan Timings:
ADD: 60 x 1.827 us = 109.64 us
CONCAT: 22 x 2.552 us = 56.16 us
CPY: 22 x 1.7 us = 37.4 us
FLASH_ATTN_EXT dst(64,32,1,3),  q(64,1,32,3),  k(64,256,8,3),  v(64,256,8,3),  m(256,1,1,3): 8 x 14.71 us = 117.68 us (427.699 GFLOPS/s)
GET_ROWS: 24 x 2.22 us = 53.28 us
GLU: 30 x 2.458 us = 73.76 us
MUL: 44 x 2.475 us = 108.92 us
MUL_MAT f32 m=64 n=24 k=64: 16 x 2.07 us = 33.12 us (94.2377 GFLOPS/s)
MUL_MAT f32 m=64 n=96 k=64: 16 x 2.055 us = 32.88 us (379.702 GFLOPS/s)
MUL_MAT_VEC q4_0_rocmfp4_fast m=10752 n=3 k=2048: 60 x 56.68 us = 3400.8 us (2330.42 GFLOPS/s)
MUL_MAT_VEC q4_0_rocmfp4_fast m=2048 n=1 k=2048 batch=3: 22 x 24.521 us = 539.48 us (1026.01 GFLOPS/s)
MUL_MAT_VEC q4_0_rocmfp4_fast m=2048 n=3 k=10752: 30 x 57.885 us = 1736.56 us (2282.35 GFLOPS/s)
MUL_MAT_VEC q4_0_rocmfp4_fast m=2048 n=3 k=2048: 16 x 16.74 us = 267.84 us (1502.97 GFLOPS/s)
MUL_MAT_VEC q4_0_rocmfp4_fast m=512 n=3 k=2048: 16 x 3.125 us = 50 us (2012.77 GFLOPS/s)
MUL_MAT_VEC q4_0_rocmfp4_fast m=6144 n=1 k=2048 batch=3: 22 x 64.08 us = 1409.76 us (1177.89 GFLOPS/s)
MUL_MAT_VEC q6_K m=128000 n=3 k=2048: 1 x 1000.56 us = 1000.56 us (1571.6 GFLOPS/s)
RMS_NORM_MUL RMS_NORM(2048,3,1,1): 61 x 4.362 us = 266.12 us
RMS_NORM_MUL_ROPE RMS_NORM(64,32,3,1): 8 x 7.935 us = 63.48 us
RMS_NORM_MUL_ROPE RMS_NORM(64,8,3,1): 8 x 3.39 us = 27.12 us
SET_ROWS: 16 x 1.992 us = 31.88 us
SSM_CONV: 22 x 4.723 us = 103.92 us
Total time: 9520.36 us.
----------------
Vulkan Timings:
ADD: 60 x 1.818 us = 109.12 us
CONCAT: 22 x 2.292 us = 50.44 us
CPY: 22 x 1.632 us = 35.92 us
FLASH_ATTN_EXT dst(64,32,1,3),  q(64,1,32,3),  k(64,256,8,3),  v(64,256,8,3),  m(256,1,1,3): 8 x 14.775 us = 118.2 us (425.818 GFLOPS/s)
GET_ROWS: 24 x 2.223 us = 53.36 us
GLU: 30 x 2.446 us = 73.4 us
MUL: 44 x 2.43 us = 106.96 us
MUL_MAT f32 m=64 n=24 k=64: 16 x 2.08 us = 33.28 us (93.7846 GFLOPS/s)
MUL_MAT f32 m=64 n=96 k=64: 16 x 2.09 us = 33.44 us (373.344 GFLOPS/s)
MUL_MAT_VEC q4_0_rocmfp4_fast m=10752 n=3 k=2048: 60 x 56.48 us = 3388.8 us (2338.67 GFLOPS/s)
MUL_MAT_VEC q4_0_rocmfp4_fast m=2048 n=1 k=2048 batch=3: 22 x 23.409 us = 515 us (1074.78 GFLOPS/s)
MUL_MAT_VEC q4_0_rocmfp4_fast m=2048 n=3 k=10752: 30 x 57.37 us = 1721.12 us (2302.82 GFLOPS/s)
MUL_MAT_VEC q4_0_rocmfp4_fast m=2048 n=3 k=2048: 16 x 16.732 us = 267.72 us (1503.64 GFLOPS/s)
MUL_MAT_VEC q4_0_rocmfp4_fast m=512 n=3 k=2048: 16 x 3.162 us = 50.6 us (1988.91 GFLOPS/s)
MUL_MAT_VEC q4_0_rocmfp4_fast m=6144 n=1 k=2048 batch=3: 22 x 63.087 us = 1387.92 us (1196.42 GFLOPS/s)
MUL_MAT_VEC q6_K m=128000 n=3 k=2048: 1 x 979.44 us = 979.44 us (1605.49 GFLOPS/s)
RMS_NORM_MUL RMS_NORM(2048,3,1,1): 61 x 4.354 us = 265.6 us
RMS_NORM_MUL_ROPE RMS_NORM(64,32,3,1): 8 x 8.04 us = 64.32 us
RMS_NORM_MUL_ROPE RMS_NORM(64,8,3,1): 8 x 3.455 us = 27.64 us
SET_ROWS: 16 x 2.005 us = 32.08 us
SSM_CONV: 22 x 3.83 us = 84.28 us
Total time: 9398.64 us.
----------------
Vulkan Timings:
ADD: 60 x 1.824 us = 109.44 us
CONCAT: 22 x 2.314 us = 50.92 us
CPY: 22 x 1.643 us = 36.16 us
FLASH_ATTN_EXT dst(64,32,1,3),  q(64,1,32,3),  k(64,256,8,3),  v(64,256,8,3),  m(256,1,1,3): 8 x 14.65 us = 117.2 us (429.451 GFLOPS/s)
GET_ROWS: 24 x 2.218 us = 53.24 us
GLU: 30 x 2.649 us = 79.48 us
MUL: 44 x 2.45 us = 107.84 us
MUL_MAT f32 m=64 n=24 k=64: 16 x 2.075 us = 33.2 us (94.0106 GFLOPS/s)
MUL_MAT f32 m=64 n=96 k=64: 16 x 2.057 us = 32.92 us (379.241 GFLOPS/s)
MUL_MAT_VEC q4_0_rocmfp4_fast m=10752 n=3 k=2048: 60 x 57.088 us = 3425.28 us (2313.77 GFLOPS/s)
MUL_MAT_VEC q4_0_rocmfp4_fast m=2048 n=1 k=2048 batch=3: 22 x 23.396 us = 514.72 us (1075.37 GFLOPS/s)
MUL_MAT_VEC q4_0_rocmfp4_fast m=2048 n=3 k=10752: 30 x 56.29 us = 1688.72 us (2347 GFLOPS/s)
MUL_MAT_VEC q4_0_rocmfp4_fast m=2048 n=3 k=2048: 16 x 16.732 us = 267.72 us (1503.64 GFLOPS/s)
MUL_MAT_VEC q4_0_rocmfp4_fast m=512 n=3 k=2048: 16 x 3.125 us = 50 us (2012.77 GFLOPS/s)
MUL_MAT_VEC q4_0_rocmfp4_fast m=6144 n=1 k=2048 batch=3: 22 x 63.278 us = 1392.12 us (1192.81 GFLOPS/s)
MUL_MAT_VEC q6_K m=128000 n=3 k=2048: 1 x 972.76 us = 972.76 us (1616.51 GFLOPS/s)
RMS_NORM_MUL RMS_NORM(2048,3,1,1): 61 x 4.371 us = 266.68 us
RMS_NORM_MUL_ROPE RMS_NORM(64,32,3,1): 8 x 7.96 us = 63.68 us
RMS_NORM_MUL_ROPE RMS_NORM(64,8,3,1): 8 x 3.4 us = 27.2 us
SET_ROWS: 16 x 2.05 us = 32.8 us
SSM_CONV: 22 x 3.836 us = 84.4 us
Total time: 9406.48 us.
----------------
Vulkan Timings:
ADD: 60 x 1.821 us = 109.28 us
CONCAT: 22 x 2.301 us = 50.64 us
CPY: 22 x 1.58 us = 34.76 us
FLASH_ATTN_EXT dst(64,32,1,3),  q(64,1,32,3),  k(64,256,8,3),  v(64,256,8,3),  m(256,1,1,3): 8 x 14.69 us = 117.52 us (428.282 GFLOPS/s)
GET_ROWS: 24 x 2.288 us = 54.92 us
GLU: 30 x 2.848 us = 85.44 us
MUL: 44 x 2.45 us = 107.8 us
MUL_MAT f32 m=64 n=24 k=64: 16 x 2.095 us = 33.52 us (93.1131 GFLOPS/s)
MUL_MAT f32 m=64 n=96 k=64: 16 x 2.08 us = 33.28 us (375.138 GFLOPS/s)
MUL_MAT_VEC q4_0_rocmfp4_fast m=10752 n=3 k=2048: 60 x 57.288 us = 3437.32 us (2305.66 GFLOPS/s)
MUL_MAT_VEC q4_0_rocmfp4_fast m=2048 n=1 k=2048 batch=3: 22 x 23.872 us = 525.2 us (1053.91 GFLOPS/s)
MUL_MAT_VEC q4_0_rocmfp4_fast m=2048 n=3 k=10752: 30 x 57.114 us = 1713.44 us (2313.14 GFLOPS/s)
MUL_MAT_VEC q4_0_rocmfp4_fast m=2048 n=3 k=2048: 16 x 16.91 us = 270.56 us (1487.86 GFLOPS/s)
MUL_MAT_VEC q4_0_rocmfp4_fast m=512 n=3 k=2048: 16 x 3.145 us = 50.32 us (1999.97 GFLOPS/s)
MUL_MAT_VEC q4_0_rocmfp4_fast m=6144 n=1 k=2048 batch=3: 22 x 63.029 us = 1386.64 us (1197.53 GFLOPS/s)
MUL_MAT_VEC q6_K m=128000 n=3 k=2048: 1 x 985.16 us = 985.16 us (1596.17 GFLOPS/s)
RMS_NORM_MUL RMS_NORM(2048,3,1,1): 61 x 4.483 us = 273.52 us
RMS_NORM_MUL_ROPE RMS_NORM(64,32,3,1): 8 x 7.915 us = 63.32 us
RMS_NORM_MUL_ROPE RMS_NORM(64,8,3,1): 8 x 3.43 us = 27.44 us
SET_ROWS: 16 x 2.11 us = 33.76 us
SSM_CONV: 22 x 3.883 us = 85.44 us
Total time: 9479.28 us.
----------------
Vulkan Timings:
ADD: 60 x 1.827 us = 109.64 us
CONCAT: 22 x 2.363 us = 52 us
CPY: 22 x 1.56 us = 34.32 us
FLASH_ATTN_EXT dst(64,32,1,3),  q(64,1,32,3),  k(64,256,8,3),  v(64,256,8,3),  m(256,1,1,3): 8 x 14.825 us = 118.6 us (424.382 GFLOPS/s)
GET_ROWS: 24 x 2.233 us = 53.6 us
GLU: 30 x 2.468 us = 74.04 us
MUL: 44 x 2.427 us = 106.8 us
MUL_MAT f32 m=64 n=24 k=64: 16 x 2.077 us = 33.24 us (93.8975 GFLOPS/s)
MUL_MAT f32 m=64 n=96 k=64: 16 x 2.057 us = 32.92 us (379.241 GFLOPS/s)
MUL_MAT_VEC q4_0_rocmfp4_fast m=10752 n=3 k=2048: 60 x 56.366 us = 3381.96 us (2343.4 GFLOPS/s)
MUL_MAT_VEC q4_0_rocmfp4_fast m=2048 n=1 k=2048 batch=3: 22 x 24.54 us = 539.88 us (1025.25 GFLOPS/s)
MUL_MAT_VEC q4_0_rocmfp4_fast m=2048 n=3 k=10752: 30 x 57.541 us = 1726.24 us (2295.99 GFLOPS/s)
MUL_MAT_VEC q4_0_rocmfp4_fast m=2048 n=3 k=2048: 16 x 16.68 us = 266.88 us (1508.37 GFLOPS/s)
MUL_MAT_VEC q4_0_rocmfp4_fast m=512 n=3 k=2048: 16 x 3.16 us = 50.56 us (1990.48 GFLOPS/s)
MUL_MAT_VEC q4_0_rocmfp4_fast m=6144 n=1 k=2048 batch=3: 22 x 64.572 us = 1420.6 us (1168.9 GFLOPS/s)
MUL_MAT_VEC q6_K m=128000 n=3 k=2048: 1 x 1001.04 us = 1001.04 us (1570.85 GFLOPS/s)
RMS_NORM_MUL RMS_NORM(2048,3,1,1): 61 x 4.388 us = 267.72 us
RMS_NORM_MUL_ROPE RMS_NORM(64,32,3,1): 8 x 7.92 us = 63.36 us
RMS_NORM_MUL_ROPE RMS_NORM(64,8,3,1): 8 x 3.405 us = 27.24 us
SET_ROWS: 16 x 1.96 us = 31.36 us
SSM_CONV: 22 x 3.9 us = 85.8 us
Total time: 9477.8 us.
----------------
Vulkan Timings:
ADD: 60 x 1.826 us = 109.6 us
CONCAT: 22 x 2.303 us = 50.68 us
CPY: 22 x 1.678 us = 36.92 us
FLASH_ATTN_EXT dst(64,32,1,3),  q(64,1,32,3),  k(64,256,8,3),  v(64,256,8,3),  m(256,1,1,3): 8 x 14.775 us = 118.2 us (425.818 GFLOPS/s)
GET_ROWS: 24 x 2.23 us = 53.52 us
GLU: 30 x 2.458 us = 73.76 us
MUL: 44 x 2.424 us = 106.68 us
MUL_MAT f32 m=64 n=24 k=64: 16 x 2.055 us = 32.88 us (94.9255 GFLOPS/s)
MUL_MAT f32 m=64 n=96 k=64: 16 x 2.075 us = 33.2 us (376.042 GFLOPS/s)
MUL_MAT_VEC q4_0_rocmfp4_fast m=10752 n=3 k=2048: 60 x 56.241 us = 3374.48 us (2348.6 GFLOPS/s)
MUL_MAT_VEC q4_0_rocmfp4_fast m=2048 n=1 k=2048 batch=3: 22 x 23.372 us = 514.2 us (1076.45 GFLOPS/s)
MUL_MAT_VEC q4_0_rocmfp4_fast m=2048 n=3 k=10752: 30 x 56.346 us = 1690.4 us (2344.67 GFLOPS/s)
MUL_MAT_VEC q4_0_rocmfp4_fast m=2048 n=3 k=2048: 16 x 16.682 us = 266.92 us (1508.15 GFLOPS/s)
MUL_MAT_VEC q4_0_rocmfp4_fast m=512 n=3 k=2048: 16 x 3.172 us = 50.76 us (1982.64 GFLOPS/s)
MUL_MAT_VEC q4_0_rocmfp4_fast m=6144 n=1 k=2048 batch=3: 22 x 63.007 us = 1386.16 us (1197.94 GFLOPS/s)
MUL_MAT_VEC q6_K m=128000 n=3 k=2048: 1 x 1047.12 us = 1047.12 us (1501.72 GFLOPS/s)
RMS_NORM_MUL RMS_NORM(2048,3,1,1): 61 x 4.356 us = 265.76 us
RMS_NORM_MUL_ROPE RMS_NORM(64,32,3,1): 8 x 7.87 us = 62.96 us
RMS_NORM_MUL_ROPE RMS_NORM(64,8,3,1): 8 x 3.44 us = 27.52 us
SET_ROWS: 16 x 2.005 us = 32.08 us
SSM_CONV: 22 x 3.747 us = 82.44 us
Total time: 9416.24 us.
----------------
Vulkan Timings:
ADD: 60 x 2.032 us = 121.92 us
CONCAT: 22 x 2.69 us = 59.2 us
CPY: 22 x 1.581 us = 34.8 us
FLASH_ATTN_EXT dst(64,32,1,3),  q(64,1,32,3),  k(64,256,8,3),  v(64,256,8,3),  m(256,1,1,3): 8 x 14.495 us = 115.96 us (434.043 GFLOPS/s)
GET_ROWS: 24 x 2.196 us = 52.72 us
GLU: 30 x 2.47 us = 74.12 us
MUL: 44 x 2.599 us = 114.36 us
MUL_MAT f32 m=64 n=24 k=64: 16 x 2.087 us = 33.4 us (93.4477 GFLOPS/s)
MUL_MAT f32 m=64 n=96 k=64: 16 x 2.07 us = 33.12 us (376.951 GFLOPS/s)
MUL_MAT_VEC q4_0_rocmfp4_fast m=10752 n=3 k=2048: 60 x 56.109 us = 3366.56 us (2354.12 GFLOPS/s)
MUL_MAT_VEC q4_0_rocmfp4_fast m=2048 n=1 k=2048 batch=3: 22 x 23.56 us = 518.32 us (1067.9 GFLOPS/s)
MUL_MAT_VEC q4_0_rocmfp4_fast m=2048 n=3 k=10752: 30 x 57.264 us = 1717.92 us (2307.11 GFLOPS/s)
MUL_MAT_VEC q4_0_rocmfp4_fast m=2048 n=3 k=2048: 16 x 16.747 us = 267.96 us (1502.29 GFLOPS/s)
MUL_MAT_VEC q4_0_rocmfp4_fast m=512 n=3 k=2048: 16 x 3.187 us = 51 us (1973.31 GFLOPS/s)
MUL_MAT_VEC q4_0_rocmfp4_fast m=6144 n=1 k=2048 batch=3: 22 x 63.95 us = 1406.92 us (1180.27 GFLOPS/s)
MUL_MAT_VEC q6_K m=128000 n=3 k=2048: 1 x 981.16 us = 981.16 us (1602.67 GFLOPS/s)
RMS_NORM_MUL RMS_NORM(2048,3,1,1): 61 x 4.977 us = 303.64 us
RMS_NORM_MUL_ROPE RMS_NORM(64,32,3,1): 8 x 7.87 us = 62.96 us
RMS_NORM_MUL_ROPE RMS_NORM(64,8,3,1): 8 x 3.37 us = 26.96 us
SET_ROWS: 16 x 2.167 us = 34.68 us
SSM_CONV: 22 x 3.916 us = 86.16 us
Total time: 9463.84 us.
----------------
Vulkan Timings:
ADD: 60 x 1.831 us = 109.88 us
CONCAT: 22 x 2.296 us = 50.52 us
CPY: 22 x 1.565 us = 34.44 us
FLASH_ATTN_EXT dst(64,32,1,3),  q(64,1,32,3),  k(64,256,8,3),  v(64,256,8,3),  m(256,1,1,3): 8 x 14.73 us = 117.84 us (427.119 GFLOPS/s)
GET_ROWS: 24 x 2.226 us = 53.44 us
GLU: 30 x 2.466 us = 74 us
MUL: 44 x 2.482 us = 109.24 us
MUL_MAT f32 m=64 n=24 k=64: 16 x 2.072 us = 33.16 us (94.124 GFLOPS/s)
MUL_MAT f32 m=64 n=96 k=64: 16 x 2.085 us = 33.36 us (374.239 GFLOPS/s)
MUL_MAT_VEC q4_0_rocmfp4_fast m=10752 n=3 k=2048: 60 x 56.903 us = 3414.2 us (2321.28 GFLOPS/s)
MUL_MAT_VEC q4_0_rocmfp4_fast m=2048 n=1 k=2048 batch=3: 22 x 24.354 us = 535.8 us (1033.06 GFLOPS/s)
MUL_MAT_VEC q4_0_rocmfp4_fast m=2048 n=3 k=10752: 30 x 56.276 us = 1688.28 us (2347.62 GFLOPS/s)
MUL_MAT_VEC q4_0_rocmfp4_fast m=2048 n=3 k=2048: 16 x 16.715 us = 267.44 us (1505.22 GFLOPS/s)
MUL_MAT_VEC q4_0_rocmfp4_fast m=512 n=3 k=2048: 16 x 3.16 us = 50.56 us (1990.48 GFLOPS/s)
MUL_MAT_VEC q4_0_rocmfp4_fast m=6144 n=1 k=2048 batch=3: 22 x 63.141 us = 1389.12 us (1195.39 GFLOPS/s)
MUL_MAT_VEC q6_K m=128000 n=3 k=2048: 1 x 979.44 us = 979.44 us (1605.49 GFLOPS/s)
RMS_NORM_MUL RMS_NORM(2048,3,1,1): 61 x 4.344 us = 265.04 us
RMS_NORM_MUL_ROPE RMS_NORM(64,32,3,1): 8 x 7.92 us = 63.36 us
RMS_NORM_MUL_ROPE RMS_NORM(64,8,3,1): 8 x 3.43 us = 27.44 us
SET_ROWS: 16 x 2.002 us = 32.04 us
SSM_CONV: 22 x 3.85 us = 84.72 us
Total time: 9413.32 us.
----------------
Vulkan Timings:
ADD: 60 x 1.83 us = 109.84 us
CONCAT: 22 x 2.305 us = 50.72 us
CPY: 22 x 1.565 us = 34.44 us
FLASH_ATTN_EXT dst(64,32,1,3),  q(64,1,32,3),  k(64,256,8,3),  v(64,256,8,3),  m(256,1,1,3): 8 x 14.85 us = 118.8 us (423.667 GFLOPS/s)
GET_ROWS: 24 x 2.238 us = 53.72 us
GLU: 30 x 2.613 us = 78.4 us
MUL: 44 x 2.478 us = 109.04 us
MUL_MAT f32 m=64 n=24 k=64: 16 x 2.062 us = 33 us (94.5804 GFLOPS/s)
MUL_MAT f32 m=64 n=96 k=64: 16 x 2.057 us = 32.92 us (379.241 GFLOPS/s)
MUL_MAT_VEC q4_0_rocmfp4_fast m=10752 n=3 k=2048: 60 x 56.787 us = 3407.24 us (2326.02 GFLOPS/s)
MUL_MAT_VEC q4_0_rocmfp4_fast m=2048 n=1 k=2048 batch=3: 22 x 24.603 us = 541.28 us (1022.6 GFLOPS/s)
MUL_MAT_VEC q4_0_rocmfp4_fast m=2048 n=3 k=10752: 30 x 58.198 us = 1745.96 us (2270.06 GFLOPS/s)
MUL_MAT_VEC q4_0_rocmfp4_fast m=2048 n=3 k=2048: 16 x 16.815 us = 269.04 us (1496.26 GFLOPS/s)
MUL_MAT_VEC q4_0_rocmfp4_fast m=512 n=3 k=2048: 16 x 3.165 us = 50.64 us (1987.34 GFLOPS/s)
MUL_MAT_VEC q4_0_rocmfp4_fast m=6144 n=1 k=2048 batch=3: 22 x 65.114 us = 1432.52 us (1159.17 GFLOPS/s)
MUL_MAT_VEC q6_K m=128000 n=3 k=2048: 1 x 1008.12 us = 1008.12 us (1559.81 GFLOPS/s)
RMS_NORM_MUL RMS_NORM(2048,3,1,1): 61 x 4.551 us = 277.64 us
RMS_NORM_MUL_ROPE RMS_NORM(64,32,3,1): 8 x 7.915 us = 63.32 us
RMS_NORM_MUL_ROPE RMS_NORM(64,8,3,1): 8 x 3.42 us = 27.36 us
SET_ROWS: 16 x 2.052 us = 32.84 us
SSM_CONV: 22 x 3.925 us = 86.36 us
Total time: 9563.2 us.
----------------
Vulkan Timings:
ADD: 60 x 1.82 us = 109.24 us
CONCAT: 22 x 2.276 us = 50.08 us
CPY: 22 x 1.62 us = 35.64 us
FLASH_ATTN_EXT dst(64,32,1,3),  q(64,1,32,3),  k(64,256,8,3),  v(64,256,8,3),  m(256,1,1,3): 8 x 14.805 us = 118.44 us (424.955 GFLOPS/s)
GET_ROWS: 24 x 2.236 us = 53.68 us
GLU: 30 x 2.457 us = 73.72 us
MUL: 44 x 2.452 us = 107.92 us
MUL_MAT f32 m=64 n=24 k=64: 16 x 2.082 us = 33.32 us (93.672 GFLOPS/s)
MUL_MAT f32 m=64 n=96 k=64: 16 x 2.092 us = 33.48 us (372.897 GFLOPS/s)
MUL_MAT_VEC q4_0_rocmfp4_fast m=10752 n=3 k=2048: 60 x 56.136 us = 3368.16 us (2353.01 GFLOPS/s)
MUL_MAT_VEC q4_0_rocmfp4_fast m=2048 n=1 k=2048 batch=3: 22 x 24.187 us = 532.12 us (1040.2 GFLOPS/s)
MUL_MAT_VEC q4_0_rocmfp4_fast m=2048 n=3 k=10752: 30 x 56.578 us = 1697.36 us (2335.06 GFLOPS/s)
MUL_MAT_VEC q4_0_rocmfp4_fast m=2048 n=3 k=2048: 16 x 16.782 us = 268.52 us (1499.16 GFLOPS/s)
MUL_MAT_VEC q4_0_rocmfp4_fast m=512 n=3 k=2048: 16 x 3.155 us = 50.48 us (1993.64 GFLOPS/s)
MUL_MAT_VEC q4_0_rocmfp4_fast m=6144 n=1 k=2048 batch=3: 22 x 64.112 us = 1410.48 us (1177.29 GFLOPS/s)
MUL_MAT_VEC q6_K m=128000 n=3 k=2048: 1 x 980.76 us = 980.76 us (1603.33 GFLOPS/s)
RMS_NORM_MUL RMS_NORM(2048,3,1,1): 61 x 4.38 us = 267.2 us
RMS_NORM_MUL_ROPE RMS_NORM(64,32,3,1): 8 x 8.005 us = 64.04 us
RMS_NORM_MUL_ROPE RMS_NORM(64,8,3,1): 8 x 3.42 us = 27.36 us
SET_ROWS: 16 x 2.04 us = 32.64 us
SSM_CONV: 22 x 3.896 us = 85.72 us
Total time: 9400.36 us.
----------------
Vulkan Timings:
ADD: 60 x 1.826 us = 109.56 us
CONCAT: 22 x 2.316 us = 50.96 us
CPY: 22 x 1.649 us = 36.28 us
FLASH_ATTN_EXT dst(64,32,1,3),  q(64,1,32,3),  k(64,256,8,3),  v(64,256,8,3),  m(256,1,1,3): 8 x 14.61 us = 116.88 us (430.627 GFLOPS/s)
GET_ROWS: 24 x 2.24 us = 53.76 us
GLU: 30 x 3.105 us = 93.16 us
MUL: 44 x 2.507 us = 110.32 us
MUL_MAT f32 m=64 n=24 k=64: 16 x 2.052 us = 32.84 us (95.0412 GFLOPS/s)
MUL_MAT f32 m=64 n=96 k=64: 16 x 2.082 us = 33.32 us (374.688 GFLOPS/s)
MUL_MAT_VEC q4_0_rocmfp4_fast m=10752 n=3 k=2048: 60 x 56.436 us = 3386.16 us (2340.5 GFLOPS/s)
MUL_MAT_VEC q4_0_rocmfp4_fast m=2048 n=1 k=2048 batch=3: 22 x 24.252 us = 533.56 us (1037.4 GFLOPS/s)
MUL_MAT_VEC q4_0_rocmfp4_fast m=2048 n=3 k=10752: 30 x 56.99 us = 1709.72 us (2318.18 GFLOPS/s)
MUL_MAT_VEC q4_0_rocmfp4_fast m=2048 n=3 k=2048: 16 x 16.707 us = 267.32 us (1505.89 GFLOPS/s)
MUL_MAT_VEC q4_0_rocmfp4_fast m=512 n=3 k=2048: 16 x 3.155 us = 50.48 us (1993.64 GFLOPS/s)
MUL_MAT_VEC q4_0_rocmfp4_fast m=6144 n=1 k=2048 batch=3: 22 x 63.129 us = 1388.84 us (1195.63 GFLOPS/s)
MUL_MAT_VEC q6_K m=128000 n=3 k=2048: 1 x 972.16 us = 972.16 us (1617.51 GFLOPS/s)
RMS_NORM_MUL RMS_NORM(2048,3,1,1): 61 x 4.371 us = 266.68 us
RMS_NORM_MUL_ROPE RMS_NORM(64,32,3,1): 8 x 7.975 us = 63.8 us
RMS_NORM_MUL_ROPE RMS_NORM(64,8,3,1): 8 x 3.42 us = 27.36 us
SET_ROWS: 16 x 2.09 us = 33.44 us
SSM_CONV: 22 x 3.821 us = 84.08 us
Total time: 9420.68 us.
----------------
Vulkan Timings:
ADD: 60 x 1.92 us = 115.24 us
CONCAT: 22 x 2.316 us = 50.96 us
CPY: 22 x 1.556 us = 34.24 us
FLASH_ATTN_EXT dst(64,32,1,3),  q(64,1,32,3),  k(64,256,8,3),  v(64,256,8,3),  m(256,1,1,3): 8 x 14.77 us = 118.16 us (425.962 GFLOPS/s)
GET_ROWS: 24 x 2.23 us = 53.52 us
GLU: 30 x 2.65 us = 79.52 us
MUL: 44 x 2.43 us = 106.96 us
MUL_MAT f32 m=64 n=24 k=64: 16 x 2.092 us = 33.48 us (93.2244 GFLOPS/s)
MUL_MAT f32 m=64 n=96 k=64: 16 x 2.05 us = 32.8 us (380.628 GFLOPS/s)
MUL_MAT_VEC q4_0_rocmfp4_fast m=10752 n=3 k=2048: 60 x 56.942 us = 3416.52 us (2319.7 GFLOPS/s)
MUL_MAT_VEC q4_0_rocmfp4_fast m=2048 n=1 k=2048 batch=3: 22 x 24.427 us = 537.4 us (1029.98 GFLOPS/s)
MUL_MAT_VEC q4_0_rocmfp4_fast m=2048 n=3 k=10752: 30 x 57.368 us = 1721.04 us (2302.93 GFLOPS/s)
MUL_MAT_VEC q4_0_rocmfp4_fast m=2048 n=3 k=2048: 16 x 16.785 us = 268.56 us (1498.94 GFLOPS/s)
MUL_MAT_VEC q4_0_rocmfp4_fast m=512 n=3 k=2048: 16 x 3.157 us = 50.52 us (1992.06 GFLOPS/s)
MUL_MAT_VEC q4_0_rocmfp4_fast m=6144 n=1 k=2048 batch=3: 22 x 64.587 us = 1420.92 us (1168.64 GFLOPS/s)
MUL_MAT_VEC q6_K m=128000 n=3 k=2048: 1 x 986.36 us = 986.36 us (1594.23 GFLOPS/s)
RMS_NORM_MUL RMS_NORM(2048,3,1,1): 61 x 4.641 us = 283.12 us
RMS_NORM_MUL_ROPE RMS_NORM(64,32,3,1): 8 x 8.045 us = 64.36 us
RMS_NORM_MUL_ROPE RMS_NORM(64,8,3,1): 8 x 3.395 us = 27.16 us
SET_ROWS: 16 x 2.09 us = 33.44 us
SSM_CONV: 22 x 3.87 us = 85.16 us
Total time: 9519.44 us.
----------------
Vulkan Timings:
ADD: 60 x 1.936 us = 116.2 us
CONCAT: 22 x 2.303 us = 50.68 us
CPY: 22 x 1.618 us = 35.6 us
FLASH_ATTN_EXT dst(64,32,1,3),  q(64,1,32,3),  k(64,256,8,3),  v(64,256,8,3),  m(256,1,1,3): 8 x 14.64 us = 117.12 us (429.744 GFLOPS/s)
GET_ROWS: 24 x 2.22 us = 53.28 us
GLU: 30 x 2.465 us = 73.96 us
MUL: 44 x 2.452 us = 107.92 us
MUL_MAT f32 m=64 n=24 k=64: 16 x 2.065 us = 33.04 us (94.4659 GFLOPS/s)
MUL_MAT f32 m=64 n=96 k=64: 16 x 2.05 us = 32.8 us (380.628 GFLOPS/s)
MUL_MAT_VEC q4_0_rocmfp4_fast m=10752 n=3 k=2048: 60 x 56.709 us = 3402.56 us (2329.22 GFLOPS/s)
MUL_MAT_VEC q4_0_rocmfp4_fast m=2048 n=1 k=2048 batch=3: 22 x 24.056 us = 529.24 us (1045.86 GFLOPS/s)
MUL_MAT_VEC q4_0_rocmfp4_fast m=2048 n=3 k=10752: 30 x 56.794 us = 1703.84 us (2326.18 GFLOPS/s)
MUL_MAT_VEC q4_0_rocmfp4_fast m=2048 n=3 k=2048: 16 x 16.757 us = 268.12 us (1501.4 GFLOPS/s)
MUL_MAT_VEC q4_0_rocmfp4_fast m=512 n=3 k=2048: 16 x 3.125 us = 50 us (2012.77 GFLOPS/s)
MUL_MAT_VEC q4_0_rocmfp4_fast m=6144 n=1 k=2048 batch=3: 22 x 63.15 us = 1389.32 us (1195.22 GFLOPS/s)
MUL_MAT_VEC q6_K m=128000 n=3 k=2048: 1 x 972.68 us = 972.68 us (1616.65 GFLOPS/s)
RMS_NORM_MUL RMS_NORM(2048,3,1,1): 61 x 4.354 us = 265.6 us
RMS_NORM_MUL_ROPE RMS_NORM(64,32,3,1): 8 x 7.85 us = 62.8 us
RMS_NORM_MUL_ROPE RMS_NORM(64,8,3,1): 8 x 3.39 us = 27.12 us
SET_ROWS: 16 x 2.08 us = 33.28 us
SSM_CONV: 22 x 3.852 us = 84.76 us
Total time: 9409.92 us.
0.21.715.953 I slot print_timing: id  2 | task 135 | prompt eval time =     343.03 ms /   128 tokens (    2.68 ms per token,   373.14 tokens per second)
0.21.715.965 I slot print_timing: id  2 | task 135 |        eval time =    2165.26 ms /   128 tokens (   17.05 ms per token,    58.65 tokens per second)
0.21.715.966 I slot print_timing: id  2 | task 135 |       total time =    2508.29 ms /   256 tokens
0.21.715.968 I slot print_timing: id  2 | task 135 |    graphs reused =        244
0.21.716.006 I slot      release: id  2 | task 135 | stop processing: n_tokens = 255, truncated = 0
0.21.718.099 W srv  compact_acti: SEQCOMPACT event=move logical=3 physical_from=2 physical_to=0 idle_logical=2 backend_sampling=0 pos_min=253 pos_max=253
----------------
Vulkan Timings:
ADD: 60 x 2.05 us = 123.04 us
CONCAT: 22 x 2.972 us = 65.4 us
CPY: 22 x 2.043 us = 44.96 us
FLASH_ATTN_EXT dst(64,32,1,2),  q(64,1,32,2),  k(64,256,8,2),  v(64,256,8,2),  m(256,1,1,2): 8 x 14.52 us = 116.16 us (288.864 GFLOPS/s)
GET_ROWS: 24 x 2.248 us = 53.96 us
GLU: 30 x 2.756 us = 82.68 us
MUL: 44 x 2.74 us = 120.6 us
MUL_MAT f32 m=64 n=16 k=64: 16 x 2.095 us = 33.52 us (62.0754 GFLOPS/s)
MUL_MAT f32 m=64 n=64 k=64: 16 x 2.302 us = 36.84 us (225.925 GFLOPS/s)
MUL_MAT_VEC q4_0_rocmfp4_fast m=10752 n=2 k=2048: 60 x 54.463 us = 3267.8 us (1616.85 GFLOPS/s)
MUL_MAT_VEC q4_0_rocmfp4_fast m=2048 n=1 k=2048 batch=2: 22 x 21.005 us = 462.12 us (798.513 GFLOPS/s)
MUL_MAT_VEC q4_0_rocmfp4_fast m=2048 n=2 k=10752: 30 x 56.292 us = 1688.76 us (1564.63 GFLOPS/s)
MUL_MAT_VEC q4_0_rocmfp4_fast m=2048 n=2 k=2048: 16 x 16.177 us = 258.84 us (1036.82 GFLOPS/s)
MUL_MAT_VEC q4_0_rocmfp4_fast m=512 n=2 k=2048: 16 x 3.142 us = 50.28 us (1334.38 GFLOPS/s)
MUL_MAT_VEC q4_0_rocmfp4_fast m=6144 n=1 k=2048 batch=2: 22 x 54.041 us = 1188.92 us (931.119 GFLOPS/s)
MUL_MAT_VEC q6_K m=128000 n=2 k=2048: 1 x 915.16 us = 915.16 us (1145.5 GFLOPS/s)
RMS_NORM_MUL RMS_NORM(2048,2,1,1): 61 x 5.376 us = 327.96 us
RMS_NORM_MUL_ROPE RMS_NORM(64,32,2,1): 8 x 6.015 us = 48.12 us
RMS_NORM_MUL_ROPE RMS_NORM(64,8,2,1): 8 x 4.015 us = 32.12 us
SET_ROWS: 16 x 2.65 us = 42.4 us
SSM_CONV: 22 x 4.287 us = 94.32 us
Total time: 9053.96 us.
0.21.745.656 I slot print_timing: id  0 | task 137 | prompt eval time =     358.47 ms /   128 tokens (    2.80 ms per token,   357.08 tokens per second)
0.21.745.667 I slot print_timing: id  0 | task 137 |        eval time =    2099.84 ms /   128 tokens (   16.53 ms per token,    60.48 tokens per second)
0.21.745.668 I slot print_timing: id  0 | task 137 |       total time =    2458.30 ms /   256 tokens
0.21.745.669 I slot print_timing: id  0 | task 137 |    graphs reused =        244
0.21.745.703 I slot      release: id  0 | task 137 | stop processing: n_tokens = 255, truncated = 0
0.21.746.029 I slot print_timing: id  3 | task 139 | prompt eval time =     359.94 ms /   128 tokens (    2.81 ms per token,   355.61 tokens per second)
0.21.746.034 I slot print_timing: id  3 | task 139 |        eval time =    2098.19 ms /   128 tokens (   16.52 ms per token,    60.53 tokens per second)
0.21.746.035 I slot print_timing: id  3 | task 139 |       total time =    2458.13 ms /   256 tokens
0.21.746.036 I slot print_timing: id  3 | task 139 |    graphs reused =        244
0.21.746.058 I slot      release: id  3 | task 139 | stop processing: n_tokens = 255, truncated = 0
0.21.755.327 I slot get_availabl: id  0 | task -1 | selected slot by id (0)
0.21.755.533 W srv  assign_compa: SEQCOMPACT event=assign logical=0 physical=0 swapped_logical=3 swapped_physical=1
0.21.755.560 I slot launch_slot_: id  0 | task 271 | processing task, is_child = 0
----------------
Vulkan Timings:
ADD: 58 x 11.19 us = 649.04 us
CONCAT: 22 x 32.603 us = 717.28 us
CPY: 22 x 3.549 us = 78.08 us
FLASH_ATTN_EXT dst(64,32,124,1),  q(64,124,32,1),  k(64,256,8,1),  v(64,256,8,1),  m(256,124,1,1): 8 x 144.48 us = 1155.84 us (1799.88 GFLOPS/s)
GET_ROWS: 22 x 3.258 us = 71.68 us
GLU: 29 x 46.475 us = 1347.8 us
MUL: 44 x 12.122 us = 533.4 us
MUL_MAT f32 m=64 n=3968 k=64: 16 x 6.83 us = 109.28 us (4722.09 GFLOPS/s)
MUL_MAT f32 m=64 n=992 k=64: 16 x 4.262 us = 68.2 us (1891.61 GFLOPS/s)
MUL_MAT q4_0_rocmfp4_fast m=10752 n=124 k=2048: 58 x 535.239 us = 31043.9 us (10200.4 GFLOPS/s)
MUL_MAT q4_0_rocmfp4_fast m=2048 n=124 k=10752: 29 x 700.587 us = 20317 us (7794.5 GFLOPS/s)
MUL_MAT q4_0_rocmfp4_fast m=2048 n=124 k=2048: 38 x 124.353 us = 4725.44 us (8362.71 GFLOPS/s)
MUL_MAT q4_0_rocmfp4_fast m=512 n=124 k=2048: 16 x 58.705 us = 939.28 us (4428.64 GFLOPS/s)
MUL_MAT q4_0_rocmfp4_fast m=6144 n=124 k=2048: 22 x 332.954 us = 7325 us (9370.05 GFLOPS/s)
RMS_NORM_MUL RMS_NORM(2048,124,1,1): 59 x 11.848 us = 699.08 us
RMS_NORM_MUL_ROPE RMS_NORM(64,32,124,1): 8 x 164.47 us = 1315.76 us
RMS_NORM_MUL_ROPE RMS_NORM(64,8,124,1): 8 x 34.65 us = 277.2 us
SCALE: 22 x 4.283 us = 94.24 us
SET_ROWS: 16 x 3.59 us = 57.44 us
SSM_CONV: 22 x 18.929 us = 416.44 us
Total time: 71941.4 us.
0.21.831.790 I slot get_availabl: id  3 | task -1 | selected slot by id (3)
0.21.831.817 I slot launch_slot_: id  3 | task 273 | processing task, is_child = 0
0.21.831.818 I slot get_availabl: id  2 | task -1 | selected slot by id (2)
0.21.831.827 I slot launch_slot_: id  2 | task 274 | processing task, is_child = 0
0.21.831.827 I slot get_availabl: id  1 | task -1 | selected slot by id (1)
0.21.831.836 I slot launch_slot_: id  1 | task 275 | processing task, is_child = 0
----------------
Vulkan Timings:
ADD: 59 x 2.013 us = 118.8 us
CONCAT: 22 x 4.861 us = 106.96 us
CPY: 22 x 1.589 us = 34.96 us
FLASH_ATTN_EXT dst(64,32,4,4),  q(64,4,32,4),  k(64,256,8,4),  v(64,256,8,4),  m(256,4,1,4): 8 x 14.63 us = 117.04 us (2293.54 GFLOPS/s)
GET_ROWS: 24 x 2.9 us = 69.6 us
GLU: 30 x 6.634 us = 199.04 us
MUL: 44 x 2.076 us = 91.36 us
MUL_MAT f32 m=64 n=128 k=64: 16 x 2.092 us = 33.48 us (497.197 GFLOPS/s)
MUL_MAT f32 m=64 n=512 k=64: 16 x 2.295 us = 36.72 us (1813.31 GFLOPS/s)
MUL_MAT q4_0_rocmfp4_fast m=10752 n=16 k=2048: 58 x 181.822 us = 10545.7 us (3874.51 GFLOPS/s)
MUL_MAT q4_0_rocmfp4_fast m=2048 n=16 k=10752: 29 x 485.822 us = 14088.8 us (1450.35 GFLOPS/s)
MUL_MAT q4_0_rocmfp4_fast m=2048 n=16 k=2048: 16 x 91.425 us = 1462.8 us (1467.71 GFLOPS/s)
MUL_MAT q4_0_rocmfp4_fast m=512 n=16 k=2048: 16 x 27.71 us = 443.36 us (1210.62 GFLOPS/s)
MUL_MAT_ADD MUL_MAT_VEC q4_0_rocmfp4_fast m=2048 n=1 k=10752: 1 x 52.08 us = 52.08 us (845.586 GFLOPS/s)
MUL_MAT_VEC q4_0_rocmfp4_fast m=10752 n=1 k=2048: 2 x 52.1 us = 104.2 us (845.095 GFLOPS/s)
MUL_MAT_VEC q4_0_rocmfp4_fast m=2048 n=4 k=2048 batch=4: 22 x 134.345 us = 2955.6 us (998.805 GFLOPS/s)
MUL_MAT_VEC q4_0_rocmfp4_fast m=6144 n=4 k=2048 batch=4: 22 x 329.349 us = 7245.68 us (1222.27 GFLOPS/s)
MUL_MAT_VEC q6_K m=128000 n=1 k=2048: 1 x 873.72 us = 873.72 us (599.918 GFLOPS/s)
RMS_NORM_MUL RMS_NORM(2048,1,1,1): 2 x 5.72 us = 11.44 us
RMS_NORM_MUL RMS_NORM(2048,16,1,1): 59 x 4.48 us = 264.36 us
RMS_NORM_MUL_ROPE RMS_NORM(64,32,16,1): 8 x 20.005 us = 160.04 us
RMS_NORM_MUL_ROPE RMS_NORM(64,8,16,1): 8 x 6.18 us = 49.44 us
SCALE: 22 x 3.278 us = 72.12 us
SET_ROWS: 16 x 2.42 us = 38.72 us
SSM_CONV: 22 x 5.03 us = 110.68 us
Total time: 39286.7 us.
----------------
Vulkan Timings:
ADD: 58 x 10.264 us = 595.32 us
CONCAT: 22 x 26.161 us = 575.56 us
CPY: 22 x 3.287 us = 72.32 us
FLASH_ATTN_EXT dst(64,32,42,3),  q(64,42,32,3),  k(64,256,8,3),  v(64,256,8,3),  m(256,42,1,3): 8 x 53.2 us = 425.6 us (4966.94 GFLOPS/s)
GET_ROWS: 22 x 3.167 us = 69.68 us
GLU: 29 x 38.216 us = 1108.28 us
MUL: 44 x 10.482 us = 461.24 us
MUL_MAT f32 m=64 n=1008 k=64: 16 x 3.842 us = 61.48 us (2132.21 GFLOPS/s)
MUL_MAT f32 m=64 n=4032 k=64: 16 x 5.717 us = 91.48 us (5731.89 GFLOPS/s)
MUL_MAT q4_0_rocmfp4_fast m=10752 n=126 k=2048: 58 x 424.9 us = 24644.2 us (13056.5 GFLOPS/s)
MUL_MAT q4_0_rocmfp4_fast m=2048 n=126 k=10752: 29 x 571.946 us = 16586.4 us (9701.62 GFLOPS/s)
MUL_MAT q4_0_rocmfp4_fast m=2048 n=126 k=2048: 16 x 94.945 us = 1519.12 us (11129.7 GFLOPS/s)
MUL_MAT q4_0_rocmfp4_fast m=2048 n=42 k=2048 batch=3: 22 x 116.521 us = 2563.48 us (9068.74 GFLOPS/s)
MUL_MAT q4_0_rocmfp4_fast m=512 n=126 k=2048: 16 x 44.077 us = 705.24 us (5993.46 GFLOPS/s)
MUL_MAT q4_0_rocmfp4_fast m=6144 n=42 k=2048 batch=3: 22 x 348.135 us = 7658.99 us (9105.98 GFLOPS/s)
RMS_NORM_MUL RMS_NORM(2048,126,1,1): 59 x 9.533 us = 562.48 us
RMS_NORM_MUL_ROPE RMS_NORM(64,32,126,1): 8 x 101.305 us = 810.44 us
RMS_NORM_MUL_ROPE RMS_NORM(64,8,126,1): 8 x 27.08 us = 216.64 us
SET_ROWS: 16 x 2.615 us = 41.84 us
SSM_CONV: 22 x 10.429 us = 229.44 us
Total time: 58999.3 us.
----------------
Vulkan Timings:
ADD: 58 x 9.066 us = 525.84 us
CONCAT: 22 x 24.703 us = 543.48 us
CPY: 22 x 3.416 us = 75.16 us
FLASH_ATTN_EXT dst(64,32,42,3),  q(64,42,32,3),  k(64,256,8,3),  v(64,256,8,3),  m(256,42,1,3): 8 x 63.665 us = 509.32 us (4150.49 GFLOPS/s)
GET_ROWS: 22 x 3.127 us = 68.8 us
GLU: 29 x 38.435 us = 1114.64 us
MUL: 44 x 10.35 us = 455.4 us
MUL_MAT f32 m=64 n=1008 k=64: 16 x 3.835 us = 61.36 us (2136.38 GFLOPS/s)
MUL_MAT f32 m=64 n=4032 k=64: 16 x 5.707 us = 91.32 us (5741.94 GFLOPS/s)
MUL_MAT q4_0_rocmfp4_fast m=10752 n=126 k=2048: 58 x 420.712 us = 24401.3 us (13186.5 GFLOPS/s)
MUL_MAT q4_0_rocmfp4_fast m=2048 n=126 k=10752: 29 x 571.227 us = 16565.6 us (9713.83 GFLOPS/s)
MUL_MAT q4_0_rocmfp4_fast m=2048 n=126 k=2048: 16 x 97.38 us = 1558.08 us (10851.4 GFLOPS/s)
MUL_MAT q4_0_rocmfp4_fast m=2048 n=42 k=2048 batch=3: 22 x 116.383 us = 2560.44 us (9079.51 GFLOPS/s)
MUL_MAT q4_0_rocmfp4_fast m=512 n=126 k=2048: 16 x 45.102 us = 721.64 us (5857.25 GFLOPS/s)
MUL_MAT q4_0_rocmfp4_fast m=6144 n=42 k=2048 batch=3: 22 x 342.307 us = 7530.76 us (9261.04 GFLOPS/s)
RMS_NORM_MUL RMS_NORM(2048,126,1,1): 59 x 9.104 us = 537.16 us
RMS_NORM_MUL_ROPE RMS_NORM(64,32,126,1): 8 x 100.44 us = 803.52 us
RMS_NORM_MUL_ROPE RMS_NORM(64,8,126,1): 8 x 26.845 us = 214.76 us
SET_ROWS: 16 x 2.622 us = 41.96 us
SSM_CONV: 22 x 10.21 us = 224.64 us
Total time: 58605.2 us.
----------------
Vulkan Timings:
ADD: 58 x 7.791 us = 451.88 us
CONCAT: 22 x 20.238 us = 445.24 us
CPY: 22 x 3.17 us = 69.76 us
FLASH_ATTN_EXT dst(64,32,36,3),  q(64,36,32,3),  k(64,256,8,3),  v(64,256,8,3),  m(256,36,1,3): 8 x 63.94 us = 511.52 us (3542.26 GFLOPS/s)
GET_ROWS: 22 x 3.143 us = 69.16 us
GLU: 29 x 32.91 us = 954.4 us
MUL: 44 x 9.236 us = 406.4 us
MUL_MAT f32 m=64 n=3456 k=64: 16 x 5.28 us = 84.48 us (5320.15 GFLOPS/s)
MUL_MAT f32 m=64 n=864 k=64: 16 x 3.705 us = 59.28 us (1895.44 GFLOPS/s)
MUL_MAT q4_0_rocmfp4_fast m=10752 n=108 k=2048: 58 x 423.429 us = 24558.9 us (11230.2 GFLOPS/s)
MUL_MAT q4_0_rocmfp4_fast m=2048 n=108 k=10752: 29 x 575.405 us = 16686.8 us (8265.68 GFLOPS/s)
MUL_MAT q4_0_rocmfp4_fast m=2048 n=108 k=2048: 16 x 102.222 us = 1635.56 us (8860.56 GFLOPS/s)
MUL_MAT q4_0_rocmfp4_fast m=2048 n=36 k=2048 batch=3: 22 x 124.23 us = 2733.08 us (7290.85 GFLOPS/s)
MUL_MAT q4_0_rocmfp4_fast m=512 n=108 k=2048: 16 x 42.432 us = 678.92 us (5336.41 GFLOPS/s)
MUL_MAT q4_0_rocmfp4_fast m=6144 n=36 k=2048 batch=3: 22 x 348.34 us = 7663.48 us (7800.56 GFLOPS/s)
RMS_NORM_MUL RMS_NORM(2048,108,1,1): 59 x 9.084 us = 535.96 us
RMS_NORM_MUL_ROPE RMS_NORM(64,32,108,1): 8 x 89.46 us = 715.68 us
RMS_NORM_MUL_ROPE RMS_NORM(64,8,108,1): 8 x 24.02 us = 192.16 us
SET_ROWS: 16 x 2.65 us = 42.4 us
SSM_CONV: 22 x 9.518 us = 209.4 us
Total time: 58704.4 us.
----------------
Vulkan Timings:
ADD: 59 x 3.214 us = 189.68 us
CONCAT: 22 x 5.081 us = 111.8 us
CPY: 22 x 5.067 us = 111.48 us
FLASH_ATTN_EXT dst(64,32,1,4),  q(64,1,32,4),  k(64,256,8,4),  v(64,256,8,4),  m(256,1,1,4): 8 x 31.075 us = 248.6 us (269.947 GFLOPS/s)
GET_ROWS: 24 x 4.858 us = 116.6 us
GLU: 30 x 7.169 us = 215.08 us
MUL: 44 x 4.705 us = 207.04 us
MUL_MAT f32 m=64 n=128 k=64: 16 x 4.82 us = 77.12 us (215.847 GFLOPS/s)
MUL_MAT f32 m=64 n=32 k=64: 16 x 3.91 us = 62.56 us (66.5207 GFLOPS/s)
MUL_MAT_ADD MUL_MAT_VEC q4_0_rocmfp4_fast m=2048 n=1 k=10752: 1 x 54.32 us = 54.32 us (810.717 GFLOPS/s)
MUL_MAT_VEC q4_0_rocmfp4_fast m=10752 n=1 k=2048: 2 x 50.2 us = 100.4 us (877.08 GFLOPS/s)
MUL_MAT_VEC q4_0_rocmfp4_fast m=10752 n=4 k=2048: 58 x 146.514 us = 8497.84 us (1202.05 GFLOPS/s)
MUL_MAT_VEC q4_0_rocmfp4_fast m=2048 n=1 k=2048 batch=4: 22 x 78.741 us = 1732.32 us (426.028 GFLOPS/s)
MUL_MAT_VEC q4_0_rocmfp4_fast m=2048 n=4 k=10752: 29 x 141.663 us = 4108.24 us (1243.46 GFLOPS/s)
MUL_MAT_VEC q4_0_rocmfp4_fast m=2048 n=4 k=2048: 16 x 36.707 us = 587.32 us (913.88 GFLOPS/s)
MUL_MAT_VEC q4_0_rocmfp4_fast m=512 n=4 k=2048: 16 x 11.215 us = 179.44 us (747.798 GFLOPS/s)
MUL_MAT_VEC q4_0_rocmfp4_fast m=6144 n=1 k=2048 batch=4: 22 x 180.24 us = 3965.28 us (558.36 GFLOPS/s)
MUL_MAT_VEC q6_K m=128000 n=1 k=2048: 1 x 865.68 us = 865.68 us (605.489 GFLOPS/s)
RMS_NORM_MUL RMS_NORM(2048,1,1,1): 2 x 2.16 us = 4.32 us
RMS_NORM_MUL RMS_NORM(2048,4,1,1): 59 x 9.35 us = 551.68 us
RMS_NORM_MUL_ROPE RMS_NORM(64,32,4,1): 8 x 14.745 us = 117.96 us
RMS_NORM_MUL_ROPE RMS_NORM(64,8,4,1): 8 x 6.59 us = 52.72 us
SET_ROWS: 16 x 4.995 us = 79.92 us
SSM_CONV: 22 x 8.029 us = 176.64 us
Total time: 22414 us.
----------------
Vulkan Timings:
ADD: 60 x 2.151 us = 129.08 us
CONCAT: 22 x 3.058 us = 67.28 us
CPY: 22 x 1.856 us = 40.84 us
FLASH_ATTN_EXT dst(64,32,3,3),  q(64,3,32,3),  k(64,256,8,3),  v(64,256,8,3),  m(256,3,1,3): 8 x 18.31 us = 146.48 us (1030.82 GFLOPS/s)
GET_ROWS: 24 x 2.525 us = 60.6 us
GLU: 30 x 6.068 us = 182.04 us
MUL: 44 x 2.692 us = 118.48 us
MUL_MAT f32 m=64 n=288 k=64: 16 x 2.772 us = 44.36 us (844.315 GFLOPS/s)
MUL_MAT f32 m=64 n=72 k=64: 16 x 2.567 us = 41.08 us (227.932 GFLOPS/s)
MUL_MAT q4_0_rocmfp4_fast m=10752 n=9 k=2048: 58 x 222.288 us = 12892.8 us (1782.66 GFLOPS/s)
MUL_MAT q4_0_rocmfp4_fast m=2048 n=9 k=10752: 29 x 580.954 us = 16847.7 us (682.228 GFLOPS/s)
MUL_MAT q4_0_rocmfp4_fast m=2048 n=9 k=2048: 16 x 108.655 us = 1738.48 us (694.667 GFLOPS/s)
MUL_MAT q4_0_rocmfp4_fast m=512 n=9 k=2048: 16 x 49.127 us = 786.04 us (384.098 GFLOPS/s)
MUL_MAT_VEC q4_0_rocmfp4_fast m=10752 n=3 k=2048: 2 x 62.28 us = 124.56 us (2120.88 GFLOPS/s)
MUL_MAT_VEC q4_0_rocmfp4_fast m=2048 n=3 k=10752: 1 x 64.48 us = 64.48 us (2048.92 GFLOPS/s)
MUL_MAT_VEC q4_0_rocmfp4_fast m=2048 n=3 k=2048 batch=3: 22 x 102.978 us = 2265.52 us (732.961 GFLOPS/s)
MUL_MAT_VEC q4_0_rocmfp4_fast m=6144 n=3 k=2048 batch=3: 22 x 322.063 us = 7085.4 us (703.082 GFLOPS/s)
MUL_MAT_VEC q6_K m=128000 n=3 k=2048: 1 x 1016 us = 1016 us (1547.72 GFLOPS/s)
RMS_NORM_MUL RMS_NORM(2048,3,1,1): 2 x 4.06 us = 8.12 us
RMS_NORM_MUL RMS_NORM(2048,9,1,1): 59 x 5.246 us = 309.56 us
RMS_NORM_MUL_ROPE RMS_NORM(64,32,9,1): 8 x 16.235 us = 129.88 us
RMS_NORM_MUL_ROPE RMS_NORM(64,8,9,1): 8 x 6.81 us = 54.48 us
SET_ROWS: 16 x 2.757 us = 44.12 us
SSM_CONV: 22 x 4.694 us = 103.28 us
Total time: 44300.6 us.
----------------
Vulkan Timings:
ADD: 60 x 2.544 us = 152.64 us
CONCAT: 22 x 4.398 us = 96.76 us
CPY: 22 x 3.6 us = 79.2 us
FLASH_ATTN_EXT dst(64,32,1,4),  q(64,1,32,4),  k(64,256,8,4),  v(64,256,8,4),  m(256,1,1,4): 8 x 31.44 us = 251.52 us (266.813 GFLOPS/s)
GET_ROWS: 24 x 5.116 us = 122.8 us
GLU: 30 x 8.105 us = 243.16 us
MUL: 44 x 4.344 us = 191.16 us
MUL_MAT f32 m=64 n=128 k=64: 16 x 4.325 us = 69.2 us (240.551 GFLOPS/s)
MUL_MAT f32 m=64 n=32 k=64: 16 x 3.772 us = 60.36 us (68.9453 GFLOPS/s)
MUL_MAT_VEC q4_0_rocmfp4_fast m=10752 n=4 k=2048: 60 x 127.714 us = 7662.84 us (1379 GFLOPS/s)
MUL_MAT_VEC q4_0_rocmfp4_fast m=2048 n=1 k=2048 batch=4: 22 x 69.349 us = 1525.68 us (483.73 GFLOPS/s)
MUL_MAT_VEC q4_0_rocmfp4_fast m=2048 n=4 k=10752: 30 x 119.382 us = 3581.48 us (1475.53 GFLOPS/s)
MUL_MAT_VEC q4_0_rocmfp4_fast m=2048 n=4 k=2048: 16 x 34.002 us = 544.04 us (986.582 GFLOPS/s)
MUL_MAT_VEC q4_0_rocmfp4_fast m=512 n=4 k=2048: 16 x 10.157 us = 162.52 us (825.652 GFLOPS/s)
MUL_MAT_VEC q4_0_rocmfp4_fast m=6144 n=1 k=2048 batch=4: 22 x 152.356 us = 3351.84 us (660.548 GFLOPS/s)
MUL_MAT_VEC q6_K m=128000 n=4 k=2048: 1 x 1070.8 us = 1070.8 us (1958.01 GFLOPS/s)
RMS_NORM_MUL RMS_NORM(2048,4,1,1): 61 x 8.098 us = 494 us
RMS_NORM_MUL_ROPE RMS_NORM(64,32,4,1): 8 x 13.6 us = 108.8 us
RMS_NORM_MUL_ROPE RMS_NORM(64,8,4,1): 8 x 6.125 us = 49 us
SET_ROWS: 16 x 4.47 us = 71.52 us
SSM_CONV: 22 x 7.218 us = 158.8 us
Total time: 20048.1 us.
----------------
Vulkan Timings:
ADD: 60 x 1.982 us = 118.96 us
CONCAT: 22 x 2.483 us = 54.64 us
CPY: 22 x 1.732 us = 38.12 us
FLASH_ATTN_EXT dst(64,32,1,4),  q(64,1,32,4),  k(64,256,8,4),  v(64,256,8,4),  m(256,1,1,4): 8 x 16.82 us = 134.56 us (498.728 GFLOPS/s)
GET_ROWS: 24 x 2.39 us = 57.36 us
GLU: 30 x 4.924 us = 147.72 us
MUL: 44 x 2.744 us = 120.76 us
MUL_MAT f32 m=64 n=128 k=64: 16 x 2.23 us = 35.68 us (466.54 GFLOPS/s)
MUL_MAT f32 m=64 n=32 k=64: 16 x 1.987 us = 31.8 us (130.866 GFLOPS/s)
MUL_MAT_VEC q4_0_rocmfp4_fast m=10752 n=4 k=2048: 60 x 64.178 us = 3850.68 us (2744.21 GFLOPS/s)
MUL_MAT_VEC q4_0_rocmfp4_fast m=2048 n=1 k=2048 batch=4: 22 x 31.832 us = 700.32 us (1053.83 GFLOPS/s)
MUL_MAT_VEC q4_0_rocmfp4_fast m=2048 n=4 k=10752: 30 x 64.642 us = 1939.28 us (2725.02 GFLOPS/s)
MUL_MAT_VEC q4_0_rocmfp4_fast m=2048 n=4 k=2048: 16 x 19.65 us = 314.4 us (1707.19 GFLOPS/s)
MUL_MAT_VEC q4_0_rocmfp4_fast m=512 n=4 k=2048: 16 x 3.78 us = 60.48 us (2218.67 GFLOPS/s)
MUL_MAT_VEC q4_0_rocmfp4_fast m=6144 n=1 k=2048 batch=4: 22 x 87.727 us = 1930 us (1147.18 GFLOPS/s)
MUL_MAT_VEC q6_K m=128000 n=4 k=2048: 1 x 1085.88 us = 1085.88 us (1930.82 GFLOPS/s)
RMS_NORM_MUL RMS_NORM(2048,4,1,1): 61 x 4.729 us = 288.48 us
RMS_NORM_MUL_ROPE RMS_NORM(64,32,4,1): 8 x 9.035 us = 72.28 us
RMS_NORM_MUL_ROPE RMS_NORM(64,8,4,1): 8 x 3.765 us = 30.12 us
SET_ROWS: 16 x 2.4 us = 38.4 us
SSM_CONV: 22 x 4.818 us = 106 us
Total time: 11155.9 us.
----------------
Vulkan Timings:
ADD: 60 x 2.632 us = 157.92 us
CONCAT: 22 x 3.341 us = 73.52 us
CPY: 22 x 3.112 us = 68.48 us
FLASH_ATTN_EXT dst(64,32,1,4),  q(64,1,32,4),  k(64,256,8,4),  v(64,256,8,4),  m(256,1,1,4): 8 x 21.565 us = 172.52 us (388.992 GFLOPS/s)
GET_ROWS: 24 x 3.033 us = 72.8 us
GLU: 30 x 5.928 us = 177.84 us
MUL: 44 x 3.545 us = 156 us
MUL_MAT f32 m=64 n=128 k=64: 16 x 2.652 us = 42.44 us (392.228 GFLOPS/s)
MUL_MAT f32 m=64 n=32 k=64: 16 x 2.652 us = 42.44 us (98.0569 GFLOPS/s)
MUL_MAT_VEC q4_0_rocmfp4_fast m=10752 n=4 k=2048: 60 x 90.744 us = 5444.64 us (1940.82 GFLOPS/s)
MUL_MAT_VEC q4_0_rocmfp4_fast m=2048 n=1 k=2048 batch=4: 22 x 42.265 us = 929.84 us (793.704 GFLOPS/s)
MUL_MAT_VEC q4_0_rocmfp4_fast m=2048 n=4 k=10752: 30 x 89.069 us = 2672.08 us (1977.7 GFLOPS/s)
MUL_MAT_VEC q4_0_rocmfp4_fast m=2048 n=4 k=2048: 16 x 23.757 us = 380.12 us (1412.03 GFLOPS/s)
MUL_MAT_VEC q4_0_rocmfp4_fast m=512 n=4 k=2048: 16 x 6.702 us = 107.24 us (1251.26 GFLOPS/s)
MUL_MAT_VEC q4_0_rocmfp4_fast m=6144 n=1 k=2048 batch=4: 22 x 117.201 us = 2578.44 us (858.679 GFLOPS/s)
MUL_MAT_VEC q6_K m=128000 n=4 k=2048: 1 x 1073.72 us = 1073.72 us (1952.69 GFLOPS/s)
RMS_NORM_MUL RMS_NORM(2048,4,1,1): 61 x 6.28 us = 383.08 us
RMS_NORM_MUL_ROPE RMS_NORM(64,32,4,1): 8 x 11.385 us = 91.08 us
RMS_NORM_MUL_ROPE RMS_NORM(64,8,4,1): 8 x 4.81 us = 38.48 us
SET_ROWS: 16 x 2.93 us = 46.88 us
SSM_CONV: 22 x 6.563 us = 144.4 us
Total time: 14854 us.
----------------
Vulkan Timings:
ADD: 60 x 2.259 us = 135.56 us
CONCAT: 22 x 2.958 us = 65.08 us
CPY: 22 x 1.727 us = 38 us
FLASH_ATTN_EXT dst(64,32,1,4),  q(64,1,32,4),  k(64,256,8,4),  v(64,256,8,4),  m(256,1,1,4): 8 x 19.83 us = 158.64 us (423.026 GFLOPS/s)
GET_ROWS: 24 x 2.711 us = 65.08 us
GLU: 30 x 5.525 us = 165.76 us
MUL: 44 x 3.053 us = 134.36 us
MUL_MAT f32 m=64 n=128 k=64: 16 x 2.412 us = 38.6 us (431.247 GFLOPS/s)
MUL_MAT f32 m=64 n=32 k=64: 16 x 2.392 us = 38.28 us (108.713 GFLOPS/s)
MUL_MAT_VEC q4_0_rocmfp4_fast m=10752 n=4 k=2048: 60 x 78.354 us = 4701.24 us (2247.72 GFLOPS/s)
MUL_MAT_VEC q4_0_rocmfp4_fast m=2048 n=1 k=2048 batch=4: 22 x 36.767 us = 808.88 us (912.394 GFLOPS/s)
MUL_MAT_VEC q4_0_rocmfp4_fast m=2048 n=4 k=10752: 30 x 76.364 us = 2290.92 us (2306.75 GFLOPS/s)
MUL_MAT_VEC q4_0_rocmfp4_fast m=2048 n=4 k=2048: 16 x 21.797 us = 348.76 us (1538.99 GFLOPS/s)
MUL_MAT_VEC q4_0_rocmfp4_fast m=512 n=4 k=2048: 16 x 5.7 us = 91.2 us (1471.33 GFLOPS/s)
MUL_MAT_VEC q4_0_rocmfp4_fast m=6144 n=1 k=2048 batch=4: 22 x 102.27 us = 2249.96 us (984.041 GFLOPS/s)
MUL_MAT_VEC q6_K m=128000 n=4 k=2048: 1 x 1061.84 us = 1061.84 us (1974.53 GFLOPS/s)
RMS_NORM_MUL RMS_NORM(2048,4,1,1): 61 x 5.573 us = 339.96 us
RMS_NORM_MUL_ROPE RMS_NORM(64,32,4,1): 8 x 10.375 us = 83 us
RMS_NORM_MUL_ROPE RMS_NORM(64,8,4,1): 8 x 4.33 us = 34.64 us
SET_ROWS: 16 x 2.565 us = 41.04 us
SSM_CONV: 22 x 5.647 us = 124.24 us
Total time: 13015 us.
----------------
Vulkan Timings:
ADD: 60 x 2.498 us = 149.92 us
CONCAT: 22 x 3.98 us = 87.56 us
CPY: 22 x 2.501 us = 55.04 us
FLASH_ATTN_EXT dst(64,32,1,4),  q(64,1,32,4),  k(64,256,8,4),  v(64,256,8,4),  m(256,1,1,4): 8 x 24.545 us = 196.36 us (341.764 GFLOPS/s)
GET_ROWS: 24 x 3.573 us = 85.76 us
GLU: 30 x 6.9 us = 207 us
MUL: 44 x 3.757 us = 165.32 us
MUL_MAT f32 m=64 n=128 k=64: 16 x 3.22 us = 51.52 us (323.101 GFLOPS/s)
MUL_MAT f32 m=64 n=32 k=64: 16 x 2.717 us = 43.48 us (95.7115 GFLOPS/s)
MUL_MAT_VEC q4_0_rocmfp4_fast m=10752 n=4 k=2048: 60 x 103.597 us = 6215.84 us (1700.02 GFLOPS/s)
MUL_MAT_VEC q4_0_rocmfp4_fast m=2048 n=1 k=2048 batch=4: 22 x 48.052 us = 1057.16 us (698.113 GFLOPS/s)
MUL_MAT_VEC q4_0_rocmfp4_fast m=2048 n=4 k=10752: 30 x 100.914 us = 3027.44 us (1745.56 GFLOPS/s)
MUL_MAT_VEC q4_0_rocmfp4_fast m=2048 n=4 k=2048: 16 x 26.9 us = 430.4 us (1247.07 GFLOPS/s)
MUL_MAT_VEC q4_0_rocmfp4_fast m=512 n=4 k=2048: 16 x 8.495 us = 135.92 us (987.235 GFLOPS/s)
MUL_MAT_VEC q4_0_rocmfp4_fast m=6144 n=1 k=2048 batch=4: 22 x 129.487 us = 2848.72 us (777.209 GFLOPS/s)
MUL_MAT_VEC q6_K m=128000 n=4 k=2048: 1 x 1064.12 us = 1064.12 us (1970.3 GFLOPS/s)
RMS_NORM_MUL RMS_NORM(2048,4,1,1): 61 x 7.554 us = 460.8 us
RMS_NORM_MUL_ROPE RMS_NORM(64,32,4,1): 8 x 12.55 us = 100.4 us
RMS_NORM_MUL_ROPE RMS_NORM(64,8,4,1): 8 x 5.325 us = 42.6 us
SET_ROWS: 16 x 3.71 us = 59.36 us
SSM_CONV: 22 x 6.863 us = 151 us
Total time: 16635.7 us.
----------------
Vulkan Timings:
ADD: 60 x 1.99 us = 119.44 us
CONCAT: 22 x 2.563 us = 56.4 us
CPY: 22 x 1.574 us = 34.64 us
FLASH_ATTN_EXT dst(64,32,1,4),  q(64,1,32,4),  k(64,256,8,4),  v(64,256,8,4),  m(256,1,1,4): 8 x 17.215 us = 137.72 us (487.285 GFLOPS/s)
GET_ROWS: 24 x 2.425 us = 58.2 us
GLU: 30 x 5.154 us = 154.64 us
MUL: 44 x 2.669 us = 117.44 us
MUL_MAT f32 m=64 n=128 k=64: 16 x 2.262 us = 36.2 us (459.838 GFLOPS/s)
MUL_MAT f32 m=64 n=32 k=64: 16 x 1.945 us = 31.12 us (133.725 GFLOPS/s)
MUL_MAT_VEC q4_0_rocmfp4_fast m=10752 n=4 k=2048: 60 x 67.15 us = 4029.04 us (2622.73 GFLOPS/s)
MUL_MAT_VEC q4_0_rocmfp4_fast m=2048 n=1 k=2048 batch=4: 22 x 32.174 us = 707.84 us (1042.63 GFLOPS/s)
MUL_MAT_VEC q4_0_rocmfp4_fast m=2048 n=4 k=10752: 30 x 66.018 us = 1980.56 us (2668.22 GFLOPS/s)
MUL_MAT_VEC q4_0_rocmfp4_fast m=2048 n=4 k=2048: 16 x 20.22 us = 323.52 us (1659.06 GFLOPS/s)
MUL_MAT_VEC q4_0_rocmfp4_fast m=512 n=4 k=2048: 16 x 3.885 us = 62.16 us (2158.7 GFLOPS/s)
MUL_MAT_VEC q4_0_rocmfp4_fast m=6144 n=1 k=2048 batch=4: 22 x 89.096 us = 1960.12 us (1129.55 GFLOPS/s)
MUL_MAT_VEC q6_K m=128000 n=4 k=2048: 1 x 1064.12 us = 1064.12 us (1970.3 GFLOPS/s)
RMS_NORM_MUL RMS_NORM(2048,4,1,1): 61 x 5.055 us = 308.4 us
RMS_NORM_MUL_ROPE RMS_NORM(64,32,4,1): 8 x 9.32 us = 74.56 us
RMS_NORM_MUL_ROPE RMS_NORM(64,8,4,1): 8 x 3.83 us = 30.64 us
SET_ROWS: 16 x 2.62 us = 41.92 us
SSM_CONV: 22 x 5.016 us = 110.36 us
Total time: 11439 us.
----------------
Vulkan Timings:
ADD: 60 x 2.288 us = 137.28 us
CONCAT: 22 x 2.985 us = 65.68 us
CPY: 22 x 2.009 us = 44.2 us
FLASH_ATTN_EXT dst(64,32,1,4),  q(64,1,32,4),  k(64,256,8,4),  v(64,256,8,4),  m(256,1,1,4): 8 x 18.98 us = 151.84 us (441.971 GFLOPS/s)
GET_ROWS: 24 x 2.72 us = 65.28 us
GLU: 30 x 5.61 us = 168.32 us
MUL: 44 x 3.078 us = 135.44 us
MUL_MAT f32 m=64 n=128 k=64: 16 x 2.47 us = 39.52 us (421.208 GFLOPS/s)
MUL_MAT f32 m=64 n=32 k=64: 16 x 2.165 us = 34.64 us (120.137 GFLOPS/s)
MUL_MAT_VEC q4_0_rocmfp4_fast m=10752 n=4 k=2048: 60 x 78.382 us = 4702.92 us (2246.92 GFLOPS/s)
MUL_MAT_VEC q4_0_rocmfp4_fast m=2048 n=1 k=2048 batch=4: 22 x 38.33 us = 843.28 us (875.175 GFLOPS/s)
MUL_MAT_VEC q4_0_rocmfp4_fast m=2048 n=4 k=10752: 30 x 77.829 us = 2334.88 us (2263.32 GFLOPS/s)
MUL_MAT_VEC q4_0_rocmfp4_fast m=2048 n=4 k=2048: 16 x 20.805 us = 332.88 us (1612.41 GFLOPS/s)
MUL_MAT_VEC q4_0_rocmfp4_fast m=512 n=4 k=2048: 16 x 5.962 us = 95.4 us (1406.55 GFLOPS/s)
MUL_MAT_VEC q4_0_rocmfp4_fast m=6144 n=1 k=2048 batch=4: 22 x 101.654 us = 2236.4 us (990.007 GFLOPS/s)
MUL_MAT_VEC q6_K m=128000 n=4 k=2048: 1 x 1061.96 us = 1061.96 us (1974.31 GFLOPS/s)
RMS_NORM_MUL RMS_NORM(2048,4,1,1): 61 x 6.013 us = 366.8 us
RMS_NORM_MUL_ROPE RMS_NORM(64,32,4,1): 8 x 10.175 us = 81.4 us
RMS_NORM_MUL_ROPE RMS_NORM(64,8,4,1): 8 x 4.28 us = 34.24 us
SET_ROWS: 16 x 2.812 us = 45 us
SSM_CONV: 22 x 6.449 us = 141.88 us
Total time: 13119.2 us.
----------------
Vulkan Timings:
ADD: 60 x 2.068 us = 124.12 us
CONCAT: 22 x 2.634 us = 57.96 us
CPY: 22 x 1.78 us = 39.16 us
FLASH_ATTN_EXT dst(64,32,1,4),  q(64,1,32,4),  k(64,256,8,4),  v(64,256,8,4),  m(256,1,1,4): 8 x 17.9 us = 143.2 us (468.637 GFLOPS/s)
GET_ROWS: 24 x 2.515 us = 60.36 us
GLU: 30 x 5.297 us = 158.92 us
MUL: 44 x 2.791 us = 122.84 us
MUL_MAT f32 m=64 n=128 k=64: 16 x 2.367 us = 37.88 us (439.444 GFLOPS/s)
MUL_MAT f32 m=64 n=32 k=64: 16 x 1.93 us = 30.88 us (134.765 GFLOPS/s)
MUL_MAT_VEC q4_0_rocmfp4_fast m=10752 n=4 k=2048: 60 x 69.506 us = 4170.36 us (2533.85 GFLOPS/s)
MUL_MAT_VEC q4_0_rocmfp4_fast m=2048 n=1 k=2048 batch=4: 22 x 34.625 us = 761.76 us (968.832 GFLOPS/s)
MUL_MAT_VEC q4_0_rocmfp4_fast m=2048 n=4 k=10752: 30 x 68.596 us = 2057.88 us (2567.97 GFLOPS/s)
MUL_MAT_VEC q4_0_rocmfp4_fast m=2048 n=4 k=2048: 16 x 20.972 us = 335.56 us (1599.53 GFLOPS/s)
MUL_MAT_VEC q4_0_rocmfp4_fast m=512 n=4 k=2048: 16 x 4.025 us = 64.4 us (2083.62 GFLOPS/s)
MUL_MAT_VEC q4_0_rocmfp4_fast m=6144 n=1 k=2048 batch=4: 22 x 94.167 us = 2071.68 us (1068.72 GFLOPS/s)
MUL_MAT_VEC q6_K m=128000 n=4 k=2048: 1 x 1064.8 us = 1064.8 us (1969.05 GFLOPS/s)
RMS_NORM_MUL RMS_NORM(2048,4,1,1): 61 x 5.232 us = 319.2 us
RMS_NORM_MUL_ROPE RMS_NORM(64,32,4,1): 8 x 9.595 us = 76.76 us
RMS_NORM_MUL_ROPE RMS_NORM(64,8,4,1): 8 x 4.04 us = 32.32 us
SET_ROWS: 16 x 2.795 us = 44.72 us
SSM_CONV: 22 x 6.147 us = 135.24 us
Total time: 11910 us.
0.22.335.783 W srv          stop: cancel task, id_task = 273
----------------
Vulkan Timings:
ADD: 60 x 2.654 us = 159.28 us
CONCAT: 22 x 3.14 us = 69.08 us
CPY: 22 x 1.765 us = 38.84 us
FLASH_ATTN_EXT dst(64,32,1,4),  q(64,1,32,4),  k(64,256,8,4),  v(64,256,8,4),  m(256,1,1,4): 8 x 20.15 us = 161.2 us (416.308 GFLOPS/s)
GET_ROWS: 24 x 2.831 us = 67.96 us
GLU: 30 x 6.005 us = 180.16 us
MUL: 44 x 3.294 us = 144.96 us
MUL_MAT f32 m=64 n=128 k=64: 16 x 2.497 us = 39.96 us (416.57 GFLOPS/s)
MUL_MAT f32 m=64 n=32 k=64: 16 x 2.477 us = 39.64 us (104.983 GFLOPS/s)
MUL_MAT_VEC q4_0_rocmfp4_fast m=10752 n=4 k=2048: 60 x 83.433 us = 5006 us (2110.88 GFLOPS/s)
MUL_MAT_VEC q4_0_rocmfp4_fast m=2048 n=1 k=2048 batch=4: 22 x 38.627 us = 849.8 us (868.46 GFLOPS/s)
MUL_MAT_VEC q4_0_rocmfp4_fast m=2048 n=4 k=10752: 30 x 81.924 us = 2457.72 us (2150.2 GFLOPS/s)
MUL_MAT_VEC q4_0_rocmfp4_fast m=2048 n=4 k=2048: 16 x 22.01 us = 352.16 us (1524.14 GFLOPS/s)
MUL_MAT_VEC q4_0_rocmfp4_fast m=512 n=4 k=2048: 16 x 6.165 us = 98.64 us (1360.35 GFLOPS/s)
MUL_MAT_VEC q4_0_rocmfp4_fast m=6144 n=1 k=2048 batch=4: 22 x 104.94 us = 2308.68 us (959.012 GFLOPS/s)
MUL_MAT_VEC q6_K m=128000 n=4 k=2048: 1 x 1076.52 us = 1076.52 us (1947.61 GFLOPS/s)
RMS_NORM_MUL RMS_NORM(2048,4,1,1): 61 x 5.969 us = 364.16 us
RMS_NORM_MUL_ROPE RMS_NORM(64,32,4,1): 8 x 10.73 us = 85.84 us
RMS_NORM_MUL_ROPE RMS_NORM(64,8,4,1): 8 x 4.505 us = 36.04 us
SET_ROWS: 16 x 2.767 us = 44.28 us
SSM_CONV: 22 x 5.936 us = 130.6 us
Total time: 13711.5 us.
0.22.355.059 I slot      release: id  3 | task 273 | stop processing: n_tokens = 137, truncated = 0
----------------
Vulkan Timings:
ADD: 22 x 3.496 us = 76.92 us
CONCAT: 22 x 6.838 us = 150.44 us
CPY: 22 x 6.69 us = 147.2 us
FLASH_ATTN_EXT dst(64,32,1,1),  q(64,1,32,1),  k(64,256,8,1),  v(64,256,8,1),  m(256,1,1,1): 8 x 31.515 us = 252.12 us (66.5446 GFLOPS/s)
GET_ROWS: 24 x 3.433 us = 82.4 us
GLU: 30 x 5.328 us = 159.84 us
MUL: 44 x 5.58 us = 245.52 us
MUL_MAT f32 m=64 n=32 k=64: 16 x 6.967 us = 111.48 us (37.3299 GFLOPS/s)
MUL_MAT_ADD MUL_MAT_VEC q4_0_rocmfp4_fast m=2048 n=1 k=10752: 30 x 97.746 us = 2932.4 us (450.533 GFLOPS/s)
MUL_MAT_ADD MUL_MAT_VEC q4_0_rocmfp4_fast m=2048 n=1 k=2048: 8 x 29.425 us = 235.4 us (285.015 GFLOPS/s)
MUL_MAT_VEC f32 m=64 n=8 k=64: 16 x 5.48 us = 87.68 us (11.8657 GFLOPS/s)
MUL_MAT_VEC q4_0_rocmfp4_fast m=10752 n=1 k=2048: 60 x 102.698 us = 6161.88 us (428.727 GFLOPS/s)
MUL_MAT_VEC q4_0_rocmfp4_fast m=2048 n=1 k=2048: 30 x 32.078 us = 962.36 us (261.437 GFLOPS/s)
MUL_MAT_VEC q4_0_rocmfp4_fast m=512 n=1 k=2048: 16 x 9.45 us = 151.2 us (221.867 GFLOPS/s)
MUL_MAT_VEC q4_0_rocmfp4_fast m=6144 n=1 k=2048: 22 x 65.769 us = 1446.92 us (382.546 GFLOPS/s)
MUL_MAT_VEC q6_K m=128000 n=1 k=2048: 1 x 877.88 us = 877.88 us (597.075 GFLOPS/s)
RMS_NORM_MUL RMS_NORM(2048,1,1,1): 61 x 9.694 us = 591.36 us
RMS_NORM_MUL_ROPE RMS_NORM(64,32,1,1): 8 x 9.32 us = 74.56 us
RMS_NORM_MUL_ROPE RMS_NORM(64,8,1,1): 8 x 7.785 us = 62.28 us
SET_ROWS: 16 x 6.237 us = 99.8 us
SSM_CONV: 22 x 9.25 us = 203.52 us
Total time: 15113.2 us.
----------------
Vulkan Timings:
ADD: 60 x 3.072 us = 184.36 us
CONCAT: 22 x 5.889 us = 129.56 us
CPY: 22 x 4.976 us = 109.48 us
FLASH_ATTN_EXT dst(64,32,1,2),  q(64,1,32,2),  k(64,256,8,2),  v(64,256,8,2),  m(256,1,1,2): 8 x 29.125 us = 233 us (144.01 GFLOPS/s)
GET_ROWS: 24 x 4.79 us = 114.96 us
GLU: 30 x 4.281 us = 128.44 us
MUL: 44 x 4.655 us = 204.84 us
MUL_MAT f32 m=64 n=16 k=64: 16 x 4.525 us = 72.4 us (28.7399 GFLOPS/s)
MUL_MAT f32 m=64 n=64 k=64: 16 x 5.355 us = 85.68 us (97.1414 GFLOPS/s)
MUL_MAT_VEC q4_0_rocmfp4_fast m=10752 n=2 k=2048: 60 x 111.384 us = 6683.04 us (790.588 GFLOPS/s)
MUL_MAT_VEC q4_0_rocmfp4_fast m=2048 n=1 k=2048 batch=2: 22 x 42.027 us = 924.6 us (399.101 GFLOPS/s)
MUL_MAT_VEC q4_0_rocmfp4_fast m=2048 n=2 k=10752: 30 x 106.445 us = 3193.36 us (827.432 GFLOPS/s)
MUL_MAT_VEC q4_0_rocmfp4_fast m=2048 n=2 k=2048: 16 x 30.55 us = 488.8 us (549.038 GFLOPS/s)
MUL_MAT_VEC q4_0_rocmfp4_fast m=512 n=2 k=2048: 16 x 9.057 us = 144.92 us (462.962 GFLOPS/s)
MUL_MAT_VEC q4_0_rocmfp4_fast m=6144 n=1 k=2048 batch=2: 22 x 107.685 us = 2369.08 us (467.281 GFLOPS/s)
MUL_MAT_VEC q6_K m=128000 n=2 k=2048: 1 x 914.92 us = 914.92 us (1145.81 GFLOPS/s)
RMS_NORM_MUL RMS_NORM(2048,2,1,1): 61 x 10.489 us = 639.88 us
RMS_NORM_MUL_ROPE RMS_NORM(64,32,2,1): 8 x 10.44 us = 83.52 us
RMS_NORM_MUL_ROPE RMS_NORM(64,8,2,1): 8 x 7.4 us = 59.2 us
SET_ROWS: 16 x 5.132 us = 82.12 us
SSM_CONV: 22 x 7.212 us = 158.68 us
Total time: 17004.8 us.
0.22.406.865 W srv  compact_acti: SEQCOMPACT event=move logical=1 physical_from=3 physical_to=1 idle_logical=3 backend_sampling=0 pos_min=137 pos_max=137
0.22.406.891 I slot get_availabl: id  3 | task -1 | selected slot by id (3)
0.22.406.937 I slot launch_slot_: id  3 | task 289 | processing task, is_child = 0
----------------
Vulkan Timings:
ADD: 60 x 3.43 us = 205.84 us
CONCAT: 22 x 5.556 us = 122.24 us
CPY: 22 x 4.409 us = 97 us
FLASH_ATTN_EXT dst(64,32,1,4),  q(64,1,32,4),  k(64,256,8,4),  v(64,256,8,4),  m(256,1,1,4): 8 x 32.66 us = 261.28 us (256.847 GFLOPS/s)
GET_ROWS: 24 x 5.316 us = 127.6 us
GLU: 30 x 7.25 us = 217.52 us
MUL: 44 x 4.637 us = 204.04 us
MUL_MAT f32 m=64 n=128 k=64: 16 x 4.927 us = 78.84 us (211.138 GFLOPS/s)
MUL_MAT f32 m=64 n=32 k=64: 16 x 3.927 us = 62.84 us (66.2243 GFLOPS/s)
MUL_MAT_VEC q4_0_rocmfp4_fast m=10752 n=3 k=2048: 2 x 57.82 us = 115.64 us (2284.47 GFLOPS/s)
MUL_MAT_VEC q4_0_rocmfp4_fast m=10752 n=4 k=2048: 58 x 149.152 us = 8650.84 us (1180.79 GFLOPS/s)
MUL_MAT_VEC q4_0_rocmfp4_fast m=2048 n=1 k=2048 batch=4: 22 x 66.378 us = 1460.32 us (505.381 GFLOPS/s)
MUL_MAT_VEC q4_0_rocmfp4_fast m=2048 n=3 k=10752: 1 x 55.64 us = 55.64 us (2374.45 GFLOPS/s)
MUL_MAT_VEC q4_0_rocmfp4_fast m=2048 n=4 k=10752: 29 x 144.626 us = 4194.16 us (1217.99 GFLOPS/s)
MUL_MAT_VEC q4_0_rocmfp4_fast m=2048 n=4 k=2048: 16 x 38.752 us = 620.04 us (865.654 GFLOPS/s)
MUL_MAT_VEC q4_0_rocmfp4_fast m=512 n=4 k=2048: 16 x 11.62 us = 185.92 us (721.735 GFLOPS/s)
MUL_MAT_VEC q4_0_rocmfp4_fast m=6144 n=1 k=2048 batch=4: 22 x 186.652 us = 4106.36 us (539.176 GFLOPS/s)
MUL_MAT_VEC q6_K m=128000 n=3 k=2048: 1 x 1050.92 us = 1050.92 us (1496.29 GFLOPS/s)
RMS_NORM_MUL RMS_NORM(2048,3,1,1): 2 x 4.06 us = 8.12 us
RMS_NORM_MUL RMS_NORM(2048,4,1,1): 59 x 9.362 us = 552.4 us
RMS_NORM_MUL_ROPE RMS_NORM(64,32,4,1): 8 x 15.405 us = 123.24 us
RMS_NORM_MUL_ROPE RMS_NORM(64,8,4,1): 8 x 6.83 us = 54.64 us
SCALE: 22 x 5.067 us = 111.48 us
SET_ROWS: 16 x 5.06 us = 80.96 us
SSM_CONV: 22 x 7.905 us = 173.92 us
Total time: 22921.8 us.
----------------
Vulkan Timings:
ADD: 58 x 11.779 us = 683.2 us
CONCAT: 22 x 30.814 us = 677.92 us
CPY: 22 x 3.494 us = 76.88 us
FLASH_ATTN_EXT dst(64,32,123,1),  q(64,123,32,1),  k(64,256,8,1),  v(64,256,8,1),  m(256,123,1,1): 8 x 140.36 us = 1122.88 us (1837.77 GFLOPS/s)
GET_ROWS: 22 x 3.38 us = 74.36 us
GLU: 29 x 42.193 us = 1223.6 us
MUL: 44 x 12.239 us = 538.52 us
MUL_MAT f32 m=64 n=3936 k=64: 16 x 6.127 us = 98.04 us (5221.02 GFLOPS/s)
MUL_MAT f32 m=64 n=984 k=64: 16 x 3.885 us = 62.16 us (2058.67 GFLOPS/s)
MUL_MAT q4_0_rocmfp4_fast m=10752 n=123 k=2048: 58 x 510.861 us = 29630 us (10601 GFLOPS/s)
MUL_MAT q4_0_rocmfp4_fast m=2048 n=123 k=10752: 29 x 655.611 us = 19012.7 us (8262.05 GFLOPS/s)
MUL_MAT q4_0_rocmfp4_fast m=2048 n=123 k=2048: 38 x 113.638 us = 4318.28 us (9077.41 GFLOPS/s)
MUL_MAT q4_0_rocmfp4_fast m=512 n=123 k=2048: 16 x 51.055 us = 816.88 us (5051.16 GFLOPS/s)
MUL_MAT q4_0_rocmfp4_fast m=6144 n=123 k=2048: 22 x 290.949 us = 6400.89 us (10636.3 GFLOPS/s)
RMS_NORM_MUL RMS_NORM(2048,123,1,1): 59 x 10.572 us = 623.76 us
RMS_NORM_MUL_ROPE RMS_NORM(64,32,123,1): 8 x 114.7 us = 917.6 us
RMS_NORM_MUL_ROPE RMS_NORM(64,8,123,1): 8 x 30.725 us = 245.8 us
SET_ROWS: 16 x 3.255 us = 52.08 us
SSM_CONV: 22 x 14.18 us = 311.96 us
Total time: 66887.5 us.
----------------
Vulkan Timings:
ADD: 60 x 3.147 us = 188.84 us
CONCAT: 22 x 4.28 us = 94.16 us
CPY: 22 x 4.603 us = 101.28 us
FLASH_ATTN_EXT dst(64,32,1,4),  q(64,1,32,4),  k(64,256,8,4),  v(64,256,8,4),  m(256,1,1,4): 8 x 30.915 us = 247.32 us (271.344 GFLOPS/s)
GET_ROWS: 24 x 5.133 us = 123.2 us
GLU: 30 x 6.868 us = 206.04 us
MUL: 44 x 4.233 us = 186.28 us
MUL_MAT f32 m=64 n=128 k=64: 16 x 4.587 us = 73.4 us (226.787 GFLOPS/s)
MUL_MAT f32 m=64 n=32 k=64: 16 x 3.51 us = 56.16 us (74.1014 GFLOPS/s)
MUL_MAT_VEC q4_0_rocmfp4_fast m=10752 n=3 k=2048: 2 x 57.76 us = 115.52 us (2286.85 GFLOPS/s)
MUL_MAT_VEC q4_0_rocmfp4_fast m=10752 n=4 k=2048: 58 x 138.928 us = 8057.84 us (1267.69 GFLOPS/s)
MUL_MAT_VEC q4_0_rocmfp4_fast m=2048 n=1 k=2048 batch=4: 22 x 60.347 us = 1327.64 us (555.887 GFLOPS/s)
MUL_MAT_VEC q4_0_rocmfp4_fast m=2048 n=3 k=10752: 1 x 58.08 us = 58.08 us (2274.7 GFLOPS/s)
MUL_MAT_VEC q4_0_rocmfp4_fast m=2048 n=4 k=10752: 29 x 128.442 us = 3724.84 us (1371.45 GFLOPS/s)
MUL_MAT_VEC q4_0_rocmfp4_fast m=2048 n=4 k=2048: 16 x 35.007 us = 560.12 us (958.259 GFLOPS/s)
MUL_MAT_VEC q4_0_rocmfp4_fast m=512 n=4 k=2048: 16 x 10.275 us = 164.4 us (816.21 GFLOPS/s)
MUL_MAT_VEC q4_0_rocmfp4_fast m=6144 n=1 k=2048 batch=4: 22 x 174.98 us = 3849.56 us (575.144 GFLOPS/s)
MUL_MAT_VEC q6_K m=128000 n=3 k=2048: 1 x 977.24 us = 977.24 us (1609.1 GFLOPS/s)
RMS_NORM_MUL RMS_NORM(2048,3,1,1): 2 x 4.56 us = 9.12 us
RMS_NORM_MUL RMS_NORM(2048,4,1,1): 59 x 8.743 us = 515.84 us
RMS_NORM_MUL_ROPE RMS_NORM(64,32,4,1): 8 x 14.765 us = 118.12 us
RMS_NORM_MUL_ROPE RMS_NORM(64,8,4,1): 8 x 5.55 us = 44.4 us
SET_ROWS: 16 x 4.94 us = 79.04 us
SSM_CONV: 22 x 8.63 us = 189.88 us
Total time: 21068.3 us.
----------------
Vulkan Timings:
ADD: 59 x 3.265 us = 192.64 us
CONCAT: 22 x 4.729 us = 104.04 us
CPY: 22 x 6.854 us = 150.8 us
FLASH_ATTN_EXT dst(64,32,3,1),  q(64,3,32,1),  k(64,256,8,1),  v(64,256,8,1),  m(256,3,1,1): 8 x 30.43 us = 243.44 us (206.752 GFLOPS/s)
GET_ROWS: 24 x 5.165 us = 123.96 us
GLU: 30 x 3.049 us = 91.48 us
MUL: 44 x 4.31 us = 189.68 us
MUL_MAT f32 m=64 n=24 k=64: 16 x 3.86 us = 61.76 us (50.5368 GFLOPS/s)
MUL_MAT f32 m=64 n=96 k=64: 16 x 4.46 us = 71.36 us (174.952 GFLOPS/s)
MUL_MAT_ADD MUL_MAT_VEC q4_0_rocmfp4_fast m=2048 n=1 k=10752: 1 x 54.56 us = 54.56 us (807.151 GFLOPS/s)
MUL_MAT_VEC q4_0_rocmfp4_fast m=10752 n=1 k=2048: 2 x 52.18 us = 104.36 us (843.799 GFLOPS/s)
MUL_MAT_VEC q4_0_rocmfp4_fast m=10752 n=3 k=2048: 58 x 117.215 us = 6798.48 us (1126.89 GFLOPS/s)
MUL_MAT_VEC q4_0_rocmfp4_fast m=2048 n=3 k=10752: 29 x 111.798 us = 3242.16 us (1181.72 GFLOPS/s)
MUL_MAT_VEC q4_0_rocmfp4_fast m=2048 n=3 k=2048: 38 x 32.14 us = 1221.32 us (782.815 GFLOPS/s)
MUL_MAT_VEC q4_0_rocmfp4_fast m=512 n=3 k=2048: 16 x 9.055 us = 144.88 us (694.635 GFLOPS/s)
MUL_MAT_VEC q4_0_rocmfp4_fast m=6144 n=3 k=2048: 22 x 71.774 us = 1579.04 us (1051.61 GFLOPS/s)
MUL_MAT_VEC q6_K m=128000 n=1 k=2048: 1 x 865.6 us = 865.6 us (605.545 GFLOPS/s)
RMS_NORM_MUL RMS_NORM(2048,1,1,1): 2 x 2.62 us = 5.24 us
RMS_NORM_MUL RMS_NORM(2048,3,1,1): 59 x 8.837 us = 521.4 us
RMS_NORM_MUL_ROPE RMS_NORM(64,32,3,1): 8 x 11.875 us = 95 us
RMS_NORM_MUL_ROPE RMS_NORM(64,8,3,1): 8 x 6.555 us = 52.44 us
SET_ROWS: 16 x 4.507 us = 72.12 us
SSM_CONV: 22 x 4.827 us = 106.2 us
Total time: 16092 us.
----------------
Vulkan Timings:
ADD: 60 x 2.845 us = 170.72 us
CONCAT: 22 x 4.785 us = 105.28 us
CPY: 22 x 3.967 us = 87.28 us
FLASH_ATTN_EXT dst(64,32,1,4),  q(64,1,32,4),  k(64,256,8,4),  v(64,256,8,4),  m(256,1,1,4): 8 x 29.04 us = 232.32 us (288.864 GFLOPS/s)
GET_ROWS: 24 x 4.665 us = 111.96 us
GLU: 30 x 6.948 us = 208.44 us
MUL: 44 x 4.068 us = 179 us
MUL_MAT f32 m=64 n=128 k=64: 16 x 4.405 us = 70.48 us (236.183 GFLOPS/s)
MUL_MAT f32 m=64 n=32 k=64: 16 x 3.492 us = 55.88 us (74.4727 GFLOPS/s)
MUL_MAT_VEC q4_0_rocmfp4_fast m=10752 n=4 k=2048: 60 x 129.064 us = 7743.84 us (1364.58 GFLOPS/s)
MUL_MAT_VEC q4_0_rocmfp4_fast m=2048 n=1 k=2048 batch=4: 22 x 60.121 us = 1322.68 us (557.971 GFLOPS/s)
MUL_MAT_VEC q4_0_rocmfp4_fast m=2048 n=4 k=10752: 30 x 124.608 us = 3738.24 us (1413.65 GFLOPS/s)
MUL_MAT_VEC q4_0_rocmfp4_fast m=2048 n=4 k=2048: 16 x 34.18 us = 546.88 us (981.458 GFLOPS/s)
MUL_MAT_VEC q4_0_rocmfp4_fast m=512 n=4 k=2048: 16 x 10.18 us = 162.88 us (823.827 GFLOPS/s)
MUL_MAT_VEC q4_0_rocmfp4_fast m=6144 n=1 k=2048 batch=4: 22 x 166.59 us = 3665 us (604.107 GFLOPS/s)
MUL_MAT_VEC q6_K m=128000 n=4 k=2048: 1 x 1134.04 us = 1134.04 us (1848.82 GFLOPS/s)
RMS_NORM_MUL RMS_NORM(2048,4,1,1): 61 x 8.729 us = 532.52 us
RMS_NORM_MUL_ROPE RMS_NORM(64,32,4,1): 8 x 14.185 us = 113.48 us
RMS_NORM_MUL_ROPE RMS_NORM(64,8,4,1): 8 x 6.225 us = 49.8 us
SET_ROWS: 16 x 4.66 us = 74.56 us
SSM_CONV: 22 x 7.57 us = 166.56 us
Total time: 20471.8 us.
----------------
Vulkan Timings:
ADD: 60 x 1.87 us = 112.2 us
CONCAT: 22 x 2.392 us = 52.64 us
CPY: 22 x 1.581 us = 34.8 us
FLASH_ATTN_EXT dst(64,32,1,4),  q(64,1,32,4),  k(64,256,8,4),  v(64,256,8,4),  m(256,1,1,4): 8 x 15.455 us = 123.64 us (542.776 GFLOPS/s)
GET_ROWS: 24 x 2.281 us = 54.76 us
GLU: 30 x 4.737 us = 142.12 us
MUL: 44 x 2.513 us = 110.6 us
MUL_MAT f32 m=64 n=128 k=64: 16 x 2.117 us = 33.88 us (491.327 GFLOPS/s)
MUL_MAT f32 m=64 n=32 k=64: 16 x 2.117 us = 33.88 us (122.832 GFLOPS/s)
MUL_MAT_VEC q4_0_rocmfp4_fast m=10752 n=4 k=2048: 60 x 61.99 us = 3719.44 us (2841.04 GFLOPS/s)
MUL_MAT_VEC q4_0_rocmfp4_fast m=2048 n=1 k=2048 batch=4: 22 x 29.701 us = 653.44 us (1129.43 GFLOPS/s)
MUL_MAT_VEC q4_0_rocmfp4_fast m=2048 n=4 k=10752: 30 x 61.461 us = 1843.84 us (2866.07 GFLOPS/s)
MUL_MAT_VEC q4_0_rocmfp4_fast m=2048 n=4 k=2048: 16 x 18.942 us = 303.08 us (1770.95 GFLOPS/s)
MUL_MAT_VEC q4_0_rocmfp4_fast m=512 n=4 k=2048: 16 x 3.66 us = 58.56 us (2291.41 GFLOPS/s)
MUL_MAT_VEC q4_0_rocmfp4_fast m=6144 n=1 k=2048 batch=4: 22 x 82.021 us = 1804.48 us (1226.97 GFLOPS/s)
MUL_MAT_VEC q6_K m=128000 n=4 k=2048: 1 x 1063.92 us = 1063.92 us (1970.67 GFLOPS/s)
RMS_NORM_MUL RMS_NORM(2048,4,1,1): 61 x 4.504 us = 274.8 us
RMS_NORM_MUL_ROPE RMS_NORM(64,32,4,1): 8 x 8.56 us = 68.48 us
RMS_NORM_MUL_ROPE RMS_NORM(64,8,4,1): 8 x 3.5 us = 28 us
SET_ROWS: 16 x 2.127 us = 34.04 us
SSM_CONV: 22 x 4.601 us = 101.24 us
Total time: 10651.8 us.
----------------
Vulkan Timings:
ADD: 60 x 2.475 us = 148.52 us
CONCAT: 22 x 3.185 us = 70.08 us
CPY: 22 x 1.794 us = 39.48 us
FLASH_ATTN_EXT dst(64,32,1,4),  q(64,1,32,4),  k(64,256,8,4),  v(64,256,8,4),  m(256,1,1,4): 8 x 21.14 us = 169.12 us (396.812 GFLOPS/s)
GET_ROWS: 24 x 2.916 us = 70 us
GLU: 30 x 6.028 us = 180.84 us
MUL: 44 x 3.282 us = 144.44 us
MUL_MAT f32 m=64 n=128 k=64: 16 x 2.562 us = 41 us (406.004 GFLOPS/s)
MUL_MAT f32 m=64 n=32 k=64: 16 x 2.612 us = 41.8 us (99.5583 GFLOPS/s)
MUL_MAT_VEC q4_0_rocmfp4_fast m=10752 n=4 k=2048: 60 x 85.792 us = 5147.52 us (2052.85 GFLOPS/s)
MUL_MAT_VEC q4_0_rocmfp4_fast m=2048 n=1 k=2048 batch=4: 22 x 39.749 us = 874.48 us (843.95 GFLOPS/s)
MUL_MAT_VEC q4_0_rocmfp4_fast m=2048 n=4 k=10752: 30 x 84.845 us = 2545.36 us (2076.16 GFLOPS/s)
MUL_MAT_VEC q4_0_rocmfp4_fast m=2048 n=4 k=2048: 16 x 23.012 us = 368.2 us (1457.74 GFLOPS/s)
MUL_MAT_VEC q4_0_rocmfp4_fast m=512 n=4 k=2048: 16 x 6.415 us = 102.64 us (1307.34 GFLOPS/s)
MUL_MAT_VEC q4_0_rocmfp4_fast m=6144 n=1 k=2048 batch=4: 22 x 109.25 us = 2403.52 us (921.171 GFLOPS/s)
MUL_MAT_VEC q6_K m=128000 n=4 k=2048: 1 x 1068.72 us = 1068.72 us (1961.82 GFLOPS/s)
RMS_NORM_MUL RMS_NORM(2048,4,1,1): 61 x 5.977 us = 364.6 us
RMS_NORM_MUL_ROPE RMS_NORM(64,32,4,1): 8 x 11.01 us = 88.08 us
RMS_NORM_MUL_ROPE RMS_NORM(64,8,4,1): 8 x 4.66 us = 37.28 us
SET_ROWS: 16 x 2.72 us = 43.52 us
SSM_CONV: 22 x 6.09 us = 134 us
Total time: 14083.2 us.
----------------
Vulkan Timings:
ADD: 60 x 2.444 us = 146.64 us
CONCAT: 22 x 3.198 us = 70.36 us
CPY: 22 x 1.82 us = 40.04 us
FLASH_ATTN_EXT dst(64,32,1,4),  q(64,1,32,4),  k(64,256,8,4),  v(64,256,8,4),  m(256,1,1,4): 8 x 22.83 us = 182.64 us (367.438 GFLOPS/s)
GET_ROWS: 24 x 2.886 us = 69.28 us
GLU: 30 x 5.398 us = 161.96 us
MUL: 44 x 3.305 us = 145.44 us
MUL_MAT f32 m=64 n=128 k=64: 16 x 2.575 us = 41.2 us (404.033 GFLOPS/s)
MUL_MAT f32 m=64 n=32 k=64: 16 x 2.787 us = 44.6 us (93.308 GFLOPS/s)
MUL_MAT_VEC q4_0_rocmfp4_fast m=10752 n=4 k=2048: 60 x 84.564 us = 5073.88 us (2082.64 GFLOPS/s)
MUL_MAT_VEC q4_0_rocmfp4_fast m=2048 n=1 k=2048 batch=4: 22 x 39.332 us = 865.32 us (852.884 GFLOPS/s)
MUL_MAT_VEC q4_0_rocmfp4_fast m=2048 n=4 k=10752: 30 x 83.48 us = 2504.4 us (2110.12 GFLOPS/s)
MUL_MAT_VEC q4_0_rocmfp4_fast m=2048 n=4 k=2048: 16 x 22.567 us = 361.08 us (1486.48 GFLOPS/s)
MUL_MAT_VEC q4_0_rocmfp4_fast m=512 n=4 k=2048: 16 x 7.365 us = 117.84 us (1138.7 GFLOPS/s)
MUL_MAT_VEC q4_0_rocmfp4_fast m=6144 n=1 k=2048 batch=4: 22 x 107.121 us = 2356.68 us (939.479 GFLOPS/s)
MUL_MAT_VEC q6_K m=128000 n=4 k=2048: 1 x 1064.36 us = 1064.36 us (1969.86 GFLOPS/s)
RMS_NORM_MUL RMS_NORM(2048,4,1,1): 61 x 5.916 us = 360.92 us
RMS_NORM_MUL_ROPE RMS_NORM(64,32,4,1): 8 x 13.53 us = 108.24 us
RMS_NORM_MUL_ROPE RMS_NORM(64,8,4,1): 8 x 4.715 us = 37.72 us
SET_ROWS: 16 x 2.517 us = 40.28 us
SSM_CONV: 22 x 6.118 us = 134.6 us
Total time: 13927.5 us.
----------------
Vulkan Timings:
ADD: 60 x 2.164 us = 129.88 us
CONCAT: 22 x 2.649 us = 58.28 us
CPY: 22 x 1.63 us = 35.88 us
FLASH_ATTN_EXT dst(64,32,1,4),  q(64,1,32,4),  k(64,256,8,4),  v(64,256,8,4),  m(256,1,1,4): 8 x 17.705 us = 141.64 us (473.799 GFLOPS/s)
GET_ROWS: 24 x 3.265 us = 78.36 us
GLU: 30 x 5.153 us = 154.6 us
MUL: 44 x 2.829 us = 124.48 us
MUL_MAT f32 m=64 n=128 k=64: 16 x 2.325 us = 37.2 us (447.477 GFLOPS/s)
MUL_MAT f32 m=64 n=32 k=64: 16 x 1.962 us = 31.4 us (132.533 GFLOPS/s)
MUL_MAT_VEC q4_0_rocmfp4_fast m=10752 n=4 k=2048: 60 x 69.262 us = 4155.76 us (2542.75 GFLOPS/s)
MUL_MAT_VEC q4_0_rocmfp4_fast m=2048 n=1 k=2048 batch=4: 22 x 34.581 us = 760.8 us (970.054 GFLOPS/s)
MUL_MAT_VEC q4_0_rocmfp4_fast m=2048 n=4 k=10752: 30 x 68.384 us = 2051.52 us (2575.93 GFLOPS/s)
MUL_MAT_VEC q4_0_rocmfp4_fast m=2048 n=4 k=2048: 16 x 20.447 us = 327.16 us (1640.6 GFLOPS/s)
MUL_MAT_VEC q4_0_rocmfp4_fast m=512 n=4 k=2048: 16 x 4.76 us = 76.16 us (1761.88 GFLOPS/s)
MUL_MAT_VEC q4_0_rocmfp4_fast m=6144 n=1 k=2048 batch=4: 22 x 93.616 us = 2059.56 us (1075.01 GFLOPS/s)
MUL_MAT_VEC q6_K m=128000 n=4 k=2048: 1 x 1065.48 us = 1065.48 us (1967.79 GFLOPS/s)
RMS_NORM_MUL RMS_NORM(2048,4,1,1): 61 x 5.089 us = 310.44 us
RMS_NORM_MUL_ROPE RMS_NORM(64,32,4,1): 8 x 11.07 us = 88.56 us
RMS_NORM_MUL_ROPE RMS_NORM(64,8,4,1): 8 x 3.885 us = 31.08 us
SET_ROWS: 16 x 2.52 us = 40.32 us
SSM_CONV: 22 x 5.118 us = 112.6 us
Total time: 11871.2 us.
----------------
Vulkan Timings:
ADD: 60 x 2.218 us = 133.08 us
CONCAT: 22 x 2.892 us = 63.64 us
CPY: 22 x 1.709 us = 37.6 us
FLASH_ATTN_EXT dst(64,32,1,4),  q(64,1,32,4),  k(64,256,8,4),  v(64,256,8,4),  m(256,1,1,4): 8 x 22.61 us = 180.88 us (371.013 GFLOPS/s)
GET_ROWS: 24 x 2.66 us = 63.84 us
GLU: 30 x 5.694 us = 170.84 us
MUL: 44 x 3.01 us = 132.48 us
MUL_MAT f32 m=64 n=128 k=64: 16 x 2.775 us = 44.4 us (374.913 GFLOPS/s)
MUL_MAT f32 m=64 n=32 k=64: 16 x 2.352 us = 37.64 us (110.562 GFLOPS/s)
MUL_MAT_VEC q4_0_rocmfp4_fast m=10752 n=4 k=2048: 60 x 76.886 us = 4613.16 us (2290.63 GFLOPS/s)
MUL_MAT_VEC q4_0_rocmfp4_fast m=2048 n=1 k=2048 batch=4: 22 x 36.467 us = 802.28 us (919.9 GFLOPS/s)
MUL_MAT_VEC q4_0_rocmfp4_fast m=2048 n=4 k=10752: 30 x 75.198 us = 2255.96 us (2342.5 GFLOPS/s)
MUL_MAT_VEC q4_0_rocmfp4_fast m=2048 n=4 k=2048: 16 x 21.527 us = 344.44 us (1558.3 GFLOPS/s)
MUL_MAT_VEC q4_0_rocmfp4_fast m=512 n=4 k=2048: 16 x 5.27 us = 84.32 us (1591.38 GFLOPS/s)
MUL_MAT_VEC q4_0_rocmfp4_fast m=6144 n=1 k=2048 batch=4: 22 x 99.249 us = 2183.48 us (1014 GFLOPS/s)
MUL_MAT_VEC q6_K m=128000 n=4 k=2048: 1 x 1087.72 us = 1087.72 us (1927.55 GFLOPS/s)
RMS_NORM_MUL RMS_NORM(2048,4,1,1): 61 x 5.636 us = 343.84 us
RMS_NORM_MUL_ROPE RMS_NORM(64,32,4,1): 8 x 10.24 us = 81.92 us
RMS_NORM_MUL_ROPE RMS_NORM(64,8,4,1): 8 x 5.11 us = 40.88 us
SET_ROWS: 16 x 2.622 us = 41.96 us
SSM_CONV: 22 x 5.543 us = 121.96 us
Total time: 12866.3 us.
----------------
Vulkan Timings:
ADD: 60 x 1.932 us = 115.92 us
CONCAT: 22 x 2.487 us = 54.72 us
CPY: 22 x 1.607 us = 35.36 us
FLASH_ATTN_EXT dst(64,32,1,4),  q(64,1,32,4),  k(64,256,8,4),  v(64,256,8,4),  m(256,1,1,4): 8 x 16.5 us = 132 us (508.4 GFLOPS/s)
GET_ROWS: 24 x 2.365 us = 56.76 us
GLU: 30 x 4.944 us = 148.32 us
MUL: 44 x 2.598 us = 114.32 us
MUL_MAT f32 m=64 n=128 k=64: 16 x 2.21 us = 35.36 us (470.762 GFLOPS/s)
MUL_MAT f32 m=64 n=32 k=64: 16 x 1.995 us = 31.92 us (130.374 GFLOPS/s)
MUL_MAT_VEC q4_0_rocmfp4_fast m=10752 n=4 k=2048: 60 x 64.592 us = 3875.52 us (2726.62 GFLOPS/s)
MUL_MAT_VEC q4_0_rocmfp4_fast m=2048 n=1 k=2048 batch=4: 22 x 30.912 us = 680.08 us (1085.19 GFLOPS/s)
MUL_MAT_VEC q4_0_rocmfp4_fast m=2048 n=4 k=10752: 30 x 64.645 us = 1939.36 us (2724.91 GFLOPS/s)
MUL_MAT_VEC q4_0_rocmfp4_fast m=2048 n=4 k=2048: 16 x 19.592 us = 313.48 us (1712.2 GFLOPS/s)
MUL_MAT_VEC q4_0_rocmfp4_fast m=512 n=4 k=2048: 16 x 3.757 us = 60.12 us (2231.95 GFLOPS/s)
MUL_MAT_VEC q4_0_rocmfp4_fast m=6144 n=1 k=2048 batch=4: 22 x 85.394 us = 1878.68 us (1178.51 GFLOPS/s)
MUL_MAT_VEC q6_K m=128000 n=4 k=2048: 1 x 1083.16 us = 1083.16 us (1935.67 GFLOPS/s)
RMS_NORM_MUL RMS_NORM(2048,4,1,1): 61 x 4.838 us = 295.12 us
RMS_NORM_MUL_ROPE RMS_NORM(64,32,4,1): 8 x 9.02 us = 72.16 us
RMS_NORM_MUL_ROPE RMS_NORM(64,8,4,1): 8 x 3.7 us = 29.6 us
SET_ROWS: 16 x 2.415 us = 38.64 us
SSM_CONV: 22 x 4.805 us = 105.72 us
Total time: 11096.3 us.
----------------
Vulkan Timings:
ADD: 60 x 2.512 us = 150.76 us
CONCAT: 22 x 4.376 us = 96.28 us
CPY: 22 x 1.767 us = 38.88 us
FLASH_ATTN_EXT dst(64,32,1,4),  q(64,1,32,4),  k(64,256,8,4),  v(64,256,8,4),  m(256,1,1,4): 8 x 22.745 us = 181.96 us (368.811 GFLOPS/s)
GET_ROWS: 24 x 2.871 us = 68.92 us
GLU: 30 x 5.465 us = 163.96 us
MUL: 44 x 3.204 us = 141 us
MUL_MAT f32 m=64 n=128 k=64: 16 x 2.555 us = 40.88 us (407.195 GFLOPS/s)
MUL_MAT f32 m=64 n=32 k=64: 16 x 2.532 us = 40.52 us (102.703 GFLOPS/s)
MUL_MAT_VEC q4_0_rocmfp4_fast m=10752 n=4 k=2048: 60 x 83.674 us = 5020.44 us (2104.81 GFLOPS/s)
MUL_MAT_VEC q4_0_rocmfp4_fast m=2048 n=1 k=2048 batch=4: 22 x 39.854 us = 876.8 us (841.717 GFLOPS/s)
MUL_MAT_VEC q4_0_rocmfp4_fast m=2048 n=4 k=10752: 30 x 83.732 us = 2511.96 us (2103.77 GFLOPS/s)
MUL_MAT_VEC q4_0_rocmfp4_fast m=2048 n=4 k=2048: 16 x 23.485 us = 375.76 us (1428.41 GFLOPS/s)
MUL_MAT_VEC q4_0_rocmfp4_fast m=512 n=4 k=2048: 16 x 5.262 us = 84.2 us (1593.65 GFLOPS/s)
MUL_MAT_VEC q4_0_rocmfp4_fast m=6144 n=1 k=2048 batch=4: 22 x 107.6 us = 2367.2 us (935.304 GFLOPS/s)
MUL_MAT_VEC q6_K m=128000 n=4 k=2048: 1 x 1158.72 us = 1158.72 us (1809.44 GFLOPS/s)
RMS_NORM_MUL RMS_NORM(2048,4,1,1): 61 x 6.16 us = 375.8 us
RMS_NORM_MUL_ROPE RMS_NORM(64,32,4,1): 8 x 11.05 us = 88.4 us
RMS_NORM_MUL_ROPE RMS_NORM(64,8,4,1): 8 x 4.555 us = 36.44 us
SET_ROWS: 16 x 2.69 us = 43.04 us
SSM_CONV: 22 x 6.021 us = 132.48 us
Total time: 13994.4 us.
----------------
Vulkan Timings:
ADD: 60 x 2.709 us = 162.56 us
CONCAT: 22 x 4.041 us = 88.92 us
CPY: 22 x 3.24 us = 71.28 us
FLASH_ATTN_EXT dst(64,32,1,4),  q(64,1,32,4),  k(64,256,8,4),  v(64,256,8,4),  m(256,1,1,4): 8 x 25.015 us = 200.12 us (335.343 GFLOPS/s)
GET_ROWS: 24 x 3.961 us = 95.08 us
GLU: 30 x 6.106 us = 183.2 us
MUL: 44 x 3.811 us = 167.72 us
MUL_MAT f32 m=64 n=128 k=64: 16 x 3.595 us = 57.52 us (289.397 GFLOPS/s)
MUL_MAT f32 m=64 n=32 k=64: 16 x 3.16 us = 50.56 us (82.3089 GFLOPS/s)
MUL_MAT_VEC q4_0_rocmfp4_fast m=10752 n=4 k=2048: 60 x 112.428 us = 6745.72 us (1566.48 GFLOPS/s)
MUL_MAT_VEC q4_0_rocmfp4_fast m=2048 n=1 k=2048 batch=4: 22 x 51.334 us = 1129.36 us (653.483 GFLOPS/s)
MUL_MAT_VEC q4_0_rocmfp4_fast m=2048 n=4 k=10752: 30 x 109.39 us = 3281.72 us (1610.31 GFLOPS/s)
MUL_MAT_VEC q4_0_rocmfp4_fast m=2048 n=4 k=2048: 16 x 31.095 us = 497.52 us (1078.83 GFLOPS/s)
MUL_MAT_VEC q4_0_rocmfp4_fast m=512 n=4 k=2048: 16 x 8.665 us = 138.64 us (967.866 GFLOPS/s)
MUL_MAT_VEC q4_0_rocmfp4_fast m=6144 n=1 k=2048 batch=4: 22 x 141.249 us = 3107.48 us (712.491 GFLOPS/s)
MUL_MAT_VEC q6_K m=128000 n=4 k=2048: 1 x 1062.32 us = 1062.32 us (1973.64 GFLOPS/s)
RMS_NORM_MUL RMS_NORM(2048,4,1,1): 61 x 7.809 us = 476.4 us
RMS_NORM_MUL_ROPE RMS_NORM(64,32,4,1): 8 x 15.345 us = 122.76 us
RMS_NORM_MUL_ROPE RMS_NORM(64,8,4,1): 8 x 5.535 us = 44.28 us
SET_ROWS: 16 x 3.925 us = 62.8 us
SSM_CONV: 22 x 6.92 us = 152.24 us
Total time: 17898.2 us.
----------------
Vulkan Timings:
ADD: 60 x 2.159 us = 129.56 us
CONCAT: 22 x 2.852 us = 62.76 us
CPY: 22 x 1.741 us = 38.32 us
FLASH_ATTN_EXT dst(64,32,1,4),  q(64,1,32,4),  k(64,256,8,4),  v(64,256,8,4),  m(256,1,1,4): 8 x 18.54 us = 148.32 us (452.46 GFLOPS/s)
GET_ROWS: 24 x 3.36 us = 80.64 us
GLU: 30 x 5.425 us = 162.76 us
MUL: 44 x 2.87 us = 126.32 us
MUL_MAT f32 m=64 n=128 k=64: 16 x 2.375 us = 38 us (438.056 GFLOPS/s)
MUL_MAT f32 m=64 n=32 k=64: 16 x 2.117 us = 33.88 us (122.832 GFLOPS/s)
MUL_MAT_VEC q4_0_rocmfp4_fast m=10752 n=4 k=2048: 60 x 72.984 us = 4379.08 us (2413.08 GFLOPS/s)
MUL_MAT_VEC q4_0_rocmfp4_fast m=2048 n=1 k=2048 batch=4: 22 x 35.525 us = 781.56 us (944.287 GFLOPS/s)
MUL_MAT_VEC q4_0_rocmfp4_fast m=2048 n=4 k=10752: 30 x 73.848 us = 2215.44 us (2385.34 GFLOPS/s)
MUL_MAT_VEC q4_0_rocmfp4_fast m=2048 n=4 k=2048: 16 x 21.202 us = 339.24 us (1582.18 GFLOPS/s)
MUL_MAT_VEC q4_0_rocmfp4_fast m=512 n=4 k=2048: 16 x 4.565 us = 73.04 us (1837.14 GFLOPS/s)
MUL_MAT_VEC q4_0_rocmfp4_fast m=6144 n=1 k=2048 batch=4: 22 x 95.47 us = 2100.36 us (1054.13 GFLOPS/s)
MUL_MAT_VEC q6_K m=128000 n=4 k=2048: 1 x 1061.52 us = 1061.52 us (1975.13 GFLOPS/s)
RMS_NORM_MUL RMS_NORM(2048,4,1,1): 61 x 5.652 us = 344.8 us
RMS_NORM_MUL_ROPE RMS_NORM(64,32,4,1): 8 x 9.94 us = 79.52 us
RMS_NORM_MUL_ROPE RMS_NORM(64,8,4,1): 8 x 4.15 us = 33.2 us
SET_ROWS: 16 x 2.617 us = 41.88 us
SSM_CONV: 22 x 6.365 us = 140.04 us
Total time: 12410.2 us.
----------------
Vulkan Timings:
ADD: 60 x 2.383 us = 143 us
CONCAT: 22 x 3.11 us = 68.44 us
CPY: 22 x 1.796 us = 39.52 us
FLASH_ATTN_EXT dst(64,32,1,4),  q(64,1,32,4),  k(64,256,8,4),  v(64,256,8,4),  m(256,1,1,4): 8 x 22.17 us = 177.36 us (378.377 GFLOPS/s)
GET_ROWS: 24 x 3.858 us = 92.6 us
GLU: 30 x 5.608 us = 168.24 us
MUL: 44 x 3.239 us = 142.52 us
MUL_MAT f32 m=64 n=128 k=64: 16 x 2.67 us = 42.72 us (389.657 GFLOPS/s)
MUL_MAT f32 m=64 n=32 k=64: 16 x 2.612 us = 41.8 us (99.5583 GFLOPS/s)
MUL_MAT_VEC q4_0_rocmfp4_fast m=10752 n=4 k=2048: 60 x 82.932 us = 4975.92 us (2123.64 GFLOPS/s)
MUL_MAT_VEC q4_0_rocmfp4_fast m=2048 n=1 k=2048 batch=4: 22 x 38.761 us = 852.76 us (865.445 GFLOPS/s)
MUL_MAT_VEC q4_0_rocmfp4_fast m=2048 n=4 k=10752: 30 x 82.533 us = 2476 us (2134.32 GFLOPS/s)
MUL_MAT_VEC q4_0_rocmfp4_fast m=2048 n=4 k=2048: 16 x 22.515 us = 360.24 us (1489.95 GFLOPS/s)
MUL_MAT_VEC q4_0_rocmfp4_fast m=512 n=4 k=2048: 16 x 6.25 us = 100 us (1341.85 GFLOPS/s)
MUL_MAT_VEC q4_0_rocmfp4_fast m=6144 n=1 k=2048 batch=4: 22 x 106.052 us = 2333.16 us (948.95 GFLOPS/s)
MUL_MAT_VEC q6_K m=128000 n=4 k=2048: 1 x 1064.64 us = 1064.64 us (1969.34 GFLOPS/s)
RMS_NORM_MUL RMS_NORM(2048,4,1,1): 61 x 5.849 us = 356.84 us
RMS_NORM_MUL_ROPE RMS_NORM(64,32,4,1): 8 x 10.73 us = 85.84 us
RMS_NORM_MUL_ROPE RMS_NORM(64,8,4,1): 8 x 4.365 us = 34.92 us
SET_ROWS: 16 x 2.58 us = 41.28 us
SSM_CONV: 22 x 5.947 us = 130.84 us
Total time: 13728.6 us.
----------------
Vulkan Timings:
ADD: 60 x 2.228 us = 133.72 us
CONCAT: 22 x 2.878 us = 63.32 us
CPY: 22 x 1.698 us = 37.36 us
FLASH_ATTN_EXT dst(64,32,1,4),  q(64,1,32,4),  k(64,256,8,4),  v(64,256,8,4),  m(256,1,1,4): 8 x 20.855 us = 166.84 us (402.235 GFLOPS/s)
GET_ROWS: 24 x 2.668 us = 64.04 us
GLU: 30 x 5.712 us = 171.36 us
MUL: 44 x 2.992 us = 131.68 us
MUL_MAT f32 m=64 n=128 k=64: 16 x 2.37 us = 37.92 us (438.981 GFLOPS/s)
MUL_MAT f32 m=64 n=32 k=64: 16 x 2.415 us = 38.64 us (107.7 GFLOPS/s)
MUL_MAT_VEC q4_0_rocmfp4_fast m=10752 n=4 k=2048: 60 x 76.63 us = 4597.8 us (2298.29 GFLOPS/s)
MUL_MAT_VEC q4_0_rocmfp4_fast m=2048 n=1 k=2048 batch=4: 22 x 37.207 us = 818.56 us (901.604 GFLOPS/s)
MUL_MAT_VEC q4_0_rocmfp4_fast m=2048 n=4 k=10752: 30 x 75.68 us = 2270.4 us (2327.6 GFLOPS/s)
MUL_MAT_VEC q4_0_rocmfp4_fast m=2048 n=4 k=2048: 16 x 21.155 us = 338.48 us (1585.74 GFLOPS/s)
MUL_MAT_VEC q4_0_rocmfp4_fast m=512 n=4 k=2048: 16 x 5.497 us = 87.96 us (1525.52 GFLOPS/s)
MUL_MAT_VEC q4_0_rocmfp4_fast m=6144 n=1 k=2048 batch=4: 22 x 98.46 us = 2166.12 us (1022.13 GFLOPS/s)
MUL_MAT_VEC q6_K m=128000 n=4 k=2048: 1 x 1068.56 us = 1068.56 us (1962.12 GFLOPS/s)
RMS_NORM_MUL RMS_NORM(2048,4,1,1): 61 x 5.599 us = 341.56 us
RMS_NORM_MUL_ROPE RMS_NORM(64,32,4,1): 8 x 10.235 us = 81.88 us
RMS_NORM_MUL_ROPE RMS_NORM(64,8,4,1): 8 x 4.265 us = 34.12 us
SET_ROWS: 16 x 2.542 us = 40.68 us
SSM_CONV: 22 x 5.55 us = 122.12 us
Total time: 12813.1 us.
----------------
Vulkan Timings:
ADD: 60 x 2.47 us = 148.24 us
CONCAT: 22 x 3.616 us = 79.56 us
CPY: 22 x 2.041 us = 44.92 us
FLASH_ATTN_EXT dst(64,32,1,4),  q(64,1,32,4),  k(64,256,8,4),  v(64,256,8,4),  m(256,1,1,4): 8 x 22.93 us = 183.44 us (365.835 GFLOPS/s)
GET_ROWS: 24 x 3.605 us = 86.52 us
GLU: 30 x 5.854 us = 175.64 us
MUL: 44 x 3.615 us = 159.08 us
MUL_MAT f32 m=64 n=128 k=64: 16 x 2.885 us = 46.16 us (360.618 GFLOPS/s)
MUL_MAT f32 m=64 n=32 k=64: 16 x 2.57 us = 41.12 us (101.205 GFLOPS/s)
MUL_MAT_VEC q4_0_rocmfp4_fast m=10752 n=4 k=2048: 60 x 97 us = 5820 us (1815.65 GFLOPS/s)
MUL_MAT_VEC q4_0_rocmfp4_fast m=2048 n=1 k=2048 batch=4: 22 x 43.796 us = 963.52 us (765.959 GFLOPS/s)
MUL_MAT_VEC q4_0_rocmfp4_fast m=2048 n=4 k=10752: 30 x 95.658 us = 2869.76 us (1841.47 GFLOPS/s)
MUL_MAT_VEC q4_0_rocmfp4_fast m=2048 n=4 k=2048: 16 x 26.907 us = 430.52 us (1246.72 GFLOPS/s)
MUL_MAT_VEC q4_0_rocmfp4_fast m=512 n=4 k=2048: 16 x 7.187 us = 115 us (1166.83 GFLOPS/s)
MUL_MAT_VEC q4_0_rocmfp4_fast m=6144 n=1 k=2048 batch=4: 22 x 119.978 us = 2639.52 us (838.809 GFLOPS/s)
MUL_MAT_VEC q6_K m=128000 n=4 k=2048: 1 x 1060.44 us = 1060.44 us (1977.14 GFLOPS/s)
RMS_NORM_MUL RMS_NORM(2048,4,1,1): 61 x 7.381 us = 450.28 us
RMS_NORM_MUL_ROPE RMS_NORM(64,32,4,1): 8 x 14.265 us = 114.12 us
RMS_NORM_MUL_ROPE RMS_NORM(64,8,4,1): 8 x 5.25 us = 42 us
SET_ROWS: 16 x 3.69 us = 59.04 us
SSM_CONV: 22 x 7.834 us = 172.36 us
Total time: 15701.2 us.
----------------
Vulkan Timings:
ADD: 60 x 1.967 us = 118.04 us
CONCAT: 22 x 2.483 us = 54.64 us
CPY: 22 x 2.538 us = 55.84 us
FLASH_ATTN_EXT dst(64,32,1,4),  q(64,1,32,4),  k(64,256,8,4),  v(64,256,8,4),  m(256,1,1,4): 8 x 16.925 us = 135.4 us (495.634 GFLOPS/s)
GET_ROWS: 24 x 2.43 us = 58.32 us
GLU: 30 x 5.072 us = 152.16 us
MUL: 44 x 2.661 us = 117.12 us
MUL_MAT f32 m=64 n=128 k=64: 16 x 2.237 us = 35.8 us (464.976 GFLOPS/s)
MUL_MAT f32 m=64 n=32 k=64: 16 x 1.862 us = 29.8 us (139.649 GFLOPS/s)
MUL_MAT_VEC q4_0_rocmfp4_fast m=10752 n=4 k=2048: 60 x 64.772 us = 3886.36 us (2719.01 GFLOPS/s)
MUL_MAT_VEC q4_0_rocmfp4_fast m=2048 n=1 k=2048 batch=4: 22 x 31.414 us = 691.12 us (1067.86 GFLOPS/s)
MUL_MAT_VEC q4_0_rocmfp4_fast m=2048 n=4 k=10752: 30 x 64.773 us = 1943.2 us (2719.52 GFLOPS/s)
MUL_MAT_VEC q4_0_rocmfp4_fast m=2048 n=4 k=2048: 16 x 19.93 us = 318.88 us (1683.2 GFLOPS/s)
MUL_MAT_VEC q4_0_rocmfp4_fast m=512 n=4 k=2048: 16 x 3.832 us = 61.32 us (2188.27 GFLOPS/s)
MUL_MAT_VEC q4_0_rocmfp4_fast m=6144 n=1 k=2048 batch=4: 22 x 87.14 us = 1917.08 us (1154.91 GFLOPS/s)
MUL_MAT_VEC q6_K m=128000 n=4 k=2048: 1 x 1065.28 us = 1065.28 us (1968.16 GFLOPS/s)
RMS_NORM_MUL RMS_NORM(2048,4,1,1): 61 x 4.919 us = 300.08 us
RMS_NORM_MUL_ROPE RMS_NORM(64,32,4,1): 8 x 9.12 us = 72.96 us
RMS_NORM_MUL_ROPE RMS_NORM(64,8,4,1): 8 x 3.805 us = 30.44 us
SET_ROWS: 16 x 2.727 us = 43.64 us
SSM_CONV: 22 x 4.876 us = 107.28 us
Total time: 11194.8 us.
----------------
Vulkan Timings:
ADD: 60 x 2.588 us = 155.28 us
CONCAT: 22 x 3.409 us = 75 us
CPY: 22 x 1.852 us = 40.76 us
FLASH_ATTN_EXT dst(64,32,1,4),  q(64,1,32,4),  k(64,256,8,4),  v(64,256,8,4),  m(256,1,1,4): 8 x 25.835 us = 206.68 us (324.699 GFLOPS/s)
GET_ROWS: 24 x 3.048 us = 73.16 us
GLU: 30 x 5.557 us = 166.72 us
MUL: 44 x 3.518 us = 154.8 us
MUL_MAT f32 m=64 n=128 k=64: 16 x 2.642 us = 42.28 us (393.712 GFLOPS/s)
MUL_MAT f32 m=64 n=32 k=64: 16 x 2.555 us = 40.88 us (101.799 GFLOPS/s)
MUL_MAT_VEC q4_0_rocmfp4_fast m=10752 n=4 k=2048: 60 x 90.882 us = 5452.96 us (1937.86 GFLOPS/s)
MUL_MAT_VEC q4_0_rocmfp4_fast m=2048 n=1 k=2048 batch=4: 22 x 41.909 us = 922 us (800.453 GFLOPS/s)
MUL_MAT_VEC q4_0_rocmfp4_fast m=2048 n=4 k=10752: 30 x 88.146 us = 2644.4 us (1998.4 GFLOPS/s)
MUL_MAT_VEC q4_0_rocmfp4_fast m=2048 n=4 k=2048: 16 x 23.715 us = 379.44 us (1414.56 GFLOPS/s)
MUL_MAT_VEC q4_0_rocmfp4_fast m=512 n=4 k=2048: 16 x 6.712 us = 107.4 us (1249.39 GFLOPS/s)
MUL_MAT_VEC q4_0_rocmfp4_fast m=6144 n=1 k=2048 batch=4: 22 x 115.067 us = 2531.48 us (874.608 GFLOPS/s)
MUL_MAT_VEC q6_K m=128000 n=4 k=2048: 1 x 1151.96 us = 1151.96 us (1820.06 GFLOPS/s)
RMS_NORM_MUL RMS_NORM(2048,4,1,1): 61 x 6.544 us = 399.2 us
RMS_NORM_MUL_ROPE RMS_NORM(64,32,4,1): 8 x 11.395 us = 91.16 us
RMS_NORM_MUL_ROPE RMS_NORM(64,8,4,1): 8 x 4.84 us = 38.72 us
SET_ROWS: 16 x 3.172 us = 50.76 us
SSM_CONV: 22 x 6.512 us = 143.28 us
Total time: 14868.3 us.
----------------
Vulkan Timings:
ADD: 60 x 2.678 us = 160.72 us
CONCAT: 22 x 3.447 us = 75.84 us
CPY: 22 x 1.849 us = 40.68 us
FLASH_ATTN_EXT dst(64,32,1,4),  q(64,1,32,4),  k(64,256,8,4),  v(64,256,8,4),  m(256,1,1,4): 8 x 22.5 us = 180 us (372.827 GFLOPS/s)
GET_ROWS: 24 x 3.755 us = 90.12 us
GLU: 30 x 5.501 us = 165.04 us
MUL: 44 x 3.545 us = 156 us
MUL_MAT f32 m=64 n=128 k=64: 16 x 2.707 us = 43.32 us (384.26 GFLOPS/s)
MUL_MAT f32 m=64 n=32 k=64: 16 x 2.447 us = 39.16 us (106.27 GFLOPS/s)
MUL_MAT_VEC q4_0_rocmfp4_fast m=10752 n=4 k=2048: 60 x 92.119 us = 5527.16 us (1911.84 GFLOPS/s)
MUL_MAT_VEC q4_0_rocmfp4_fast m=2048 n=1 k=2048 batch=4: 22 x 42.549 us = 936.08 us (788.413 GFLOPS/s)
MUL_MAT_VEC q4_0_rocmfp4_fast m=2048 n=4 k=10752: 30 x 90.349 us = 2710.48 us (1949.68 GFLOPS/s)
MUL_MAT_VEC q4_0_rocmfp4_fast m=2048 n=4 k=2048: 16 x 23.587 us = 377.4 us (1422.2 GFLOPS/s)
MUL_MAT_VEC q4_0_rocmfp4_fast m=512 n=4 k=2048: 16 x 7.097 us = 113.56 us (1181.62 GFLOPS/s)
MUL_MAT_VEC q4_0_rocmfp4_fast m=6144 n=1 k=2048 batch=4: 22 x 115.38 us = 2538.36 us (872.237 GFLOPS/s)
MUL_MAT_VEC q6_K m=128000 n=4 k=2048: 1 x 1083.52 us = 1083.52 us (1935.03 GFLOPS/s)
RMS_NORM_MUL RMS_NORM(2048,4,1,1): 61 x 6.476 us = 395.08 us
RMS_NORM_MUL_ROPE RMS_NORM(64,32,4,1): 8 x 11.485 us = 91.88 us
RMS_NORM_MUL_ROPE RMS_NORM(64,8,4,1): 8 x 4.845 us = 38.76 us
SET_ROWS: 16 x 3.272 us = 52.36 us
SSM_CONV: 22 x 6.585 us = 144.88 us
Total time: 14960.4 us.
----------------
Vulkan Timings:
ADD: 60 x 1.996 us = 119.76 us
CONCAT: 22 x 2.627 us = 57.8 us
CPY: 22 x 1.921 us = 42.28 us
FLASH_ATTN_EXT dst(64,32,1,4),  q(64,1,32,4),  k(64,256,8,4),  v(64,256,8,4),  m(256,1,1,4): 8 x 17.26 us = 138.08 us (486.014 GFLOPS/s)
GET_ROWS: 24 x 2.425 us = 58.2 us
GLU: 30 x 5.053 us = 151.6 us
MUL: 44 x 3.216 us = 141.52 us
MUL_MAT f32 m=64 n=128 k=64: 16 x 2.265 us = 36.24 us (459.331 GFLOPS/s)
MUL_MAT f32 m=64 n=32 k=64: 16 x 2.025 us = 32.4 us (128.442 GFLOPS/s)
MUL_MAT_VEC q4_0_rocmfp4_fast m=10752 n=4 k=2048: 60 x 68.172 us = 4090.32 us (2583.43 GFLOPS/s)
MUL_MAT_VEC q4_0_rocmfp4_fast m=2048 n=1 k=2048 batch=4: 22 x 33.841 us = 744.52 us (991.266 GFLOPS/s)
MUL_MAT_VEC q4_0_rocmfp4_fast m=2048 n=4 k=10752: 30 x 67.312 us = 2019.36 us (2616.96 GFLOPS/s)
MUL_MAT_VEC q4_0_rocmfp4_fast m=2048 n=4 k=2048: 16 x 20.37 us = 325.92 us (1646.85 GFLOPS/s)
MUL_MAT_VEC q4_0_rocmfp4_fast m=512 n=4 k=2048: 16 x 3.865 us = 61.84 us (2169.87 GFLOPS/s)
MUL_MAT_VEC q4_0_rocmfp4_fast m=6144 n=1 k=2048 batch=4: 22 x 90.238 us = 1985.24 us (1115.26 GFLOPS/s)
MUL_MAT_VEC q6_K m=128000 n=4 k=2048: 1 x 1066.24 us = 1066.24 us (1966.39 GFLOPS/s)
RMS_NORM_MUL RMS_NORM(2048,4,1,1): 61 x 5.095 us = 310.8 us
RMS_NORM_MUL_ROPE RMS_NORM(64,32,4,1): 8 x 9.28 us = 74.24 us
RMS_NORM_MUL_ROPE RMS_NORM(64,8,4,1): 8 x 3.835 us = 30.68 us
SET_ROWS: 16 x 2.545 us = 40.72 us
SSM_CONV: 22 x 5.041 us = 110.92 us
Total time: 11638.7 us.
----------------
Vulkan Timings:
ADD: 60 x 2.286 us = 137.16 us
CONCAT: 22 x 2.992 us = 65.84 us
CPY: 22 x 1.745 us = 38.4 us
FLASH_ATTN_EXT dst(64,32,1,4),  q(64,1,32,4),  k(64,256,8,4),  v(64,256,8,4),  m(256,1,1,4): 8 x 19.525 us = 156.2 us (429.634 GFLOPS/s)
GET_ROWS: 24 x 2.723 us = 65.36 us
GLU: 30 x 5.454 us = 163.64 us
MUL: 44 x 3.125 us = 137.52 us
MUL_MAT f32 m=64 n=128 k=64: 16 x 2.46 us = 39.36 us (422.92 GFLOPS/s)
MUL_MAT f32 m=64 n=32 k=64: 16 x 2.42 us = 38.72 us (107.478 GFLOPS/s)
MUL_MAT_VEC q4_0_rocmfp4_fast m=10752 n=4 k=2048: 60 x 79.147 us = 4748.84 us (2225.19 GFLOPS/s)
MUL_MAT_VEC q4_0_rocmfp4_fast m=2048 n=1 k=2048 batch=4: 22 x 38.156 us = 839.44 us (879.178 GFLOPS/s)
MUL_MAT_VEC q4_0_rocmfp4_fast m=2048 n=4 k=10752: 30 x 78.697 us = 2360.92 us (2238.36 GFLOPS/s)
MUL_MAT_VEC q4_0_rocmfp4_fast m=2048 n=4 k=2048: 16 x 21.315 us = 341.04 us (1573.83 GFLOPS/s)
MUL_MAT_VEC q4_0_rocmfp4_fast m=512 n=4 k=2048: 16 x 6.03 us = 96.48 us (1390.81 GFLOPS/s)
MUL_MAT_VEC q4_0_rocmfp4_fast m=6144 n=1 k=2048 batch=4: 22 x 103.31 us = 2272.84 us (974.134 GFLOPS/s)
MUL_MAT_VEC q6_K m=128000 n=4 k=2048: 1 x 1093.48 us = 1093.48 us (1917.4 GFLOPS/s)
RMS_NORM_MUL RMS_NORM(2048,4,1,1): 61 x 5.764 us = 351.64 us
RMS_NORM_MUL_ROPE RMS_NORM(64,32,4,1): 8 x 10.305 us = 82.44 us
RMS_NORM_MUL_ROPE RMS_NORM(64,8,4,1): 8 x 4.3 us = 34.4 us
SET_ROWS: 16 x 2.485 us = 39.76 us
SSM_CONV: 22 x 5.75 us = 126.52 us
Total time: 13230 us.
----------------
Vulkan Timings:
ADD: 60 x 2.413 us = 144.8 us
CONCAT: 22 x 3.118 us = 68.6 us
CPY: 22 x 1.781 us = 39.2 us
FLASH_ATTN_EXT dst(64,32,1,4),  q(64,1,32,4),  k(64,256,8,4),  v(64,256,8,4),  m(256,1,1,4): 8 x 24.28 us = 194.24 us (345.495 GFLOPS/s)
GET_ROWS: 24 x 3.075 us = 73.8 us
GLU: 30 x 5.301 us = 159.04 us
MUL: 44 x 3.23 us = 142.12 us
MUL_MAT f32 m=64 n=128 k=64: 16 x 2.957 us = 47.32 us (351.778 GFLOPS/s)
MUL_MAT f32 m=64 n=32 k=64: 16 x 2.455 us = 39.28 us (105.945 GFLOPS/s)
MUL_MAT_VEC q4_0_rocmfp4_fast m=10752 n=4 k=2048: 60 x 83.067 us = 4984.04 us (2120.18 GFLOPS/s)
MUL_MAT_VEC q4_0_rocmfp4_fast m=2048 n=1 k=2048 batch=4: 22 x 39.407 us = 866.96 us (851.27 GFLOPS/s)
MUL_MAT_VEC q4_0_rocmfp4_fast m=2048 n=4 k=10752: 30 x 80.69 us = 2420.72 us (2183.06 GFLOPS/s)
MUL_MAT_VEC q4_0_rocmfp4_fast m=2048 n=4 k=2048: 16 x 24.935 us = 398.96 us (1345.35 GFLOPS/s)
MUL_MAT_VEC q4_0_rocmfp4_fast m=512 n=4 k=2048: 16 x 6.182 us = 98.92 us (1356.5 GFLOPS/s)
MUL_MAT_VEC q4_0_rocmfp4_fast m=6144 n=1 k=2048 batch=4: 22 x 104.905 us = 2307.92 us (959.328 GFLOPS/s)
MUL_MAT_VEC q6_K m=128000 n=4 k=2048: 1 x 1075.4 us = 1075.4 us (1949.64 GFLOPS/s)
RMS_NORM_MUL RMS_NORM(2048,4,1,1): 61 x 5.832 us = 355.8 us
RMS_NORM_MUL_ROPE RMS_NORM(64,32,4,1): 8 x 10.855 us = 86.84 us
RMS_NORM_MUL_ROPE RMS_NORM(64,8,4,1): 8 x 4.475 us = 35.8 us
SET_ROWS: 16 x 2.605 us = 41.68 us
SSM_CONV: 22 x 6.001 us = 132.04 us
Total time: 13713.5 us.
----------------
Vulkan Timings:
ADD: 60 x 2.458 us = 147.48 us
CONCAT: 22 x 3.174 us = 69.84 us
CPY: 22 x 1.923 us = 42.32 us
FLASH_ATTN_EXT dst(64,32,1,4),  q(64,1,32,4),  k(64,256,8,4),  v(64,256,8,4),  m(256,1,1,4): 8 x 22.365 us = 178.92 us (375.077 GFLOPS/s)
GET_ROWS: 24 x 3.423 us = 82.16 us
GLU: 30 x 5.458 us = 163.76 us
MUL: 44 x 3.426 us = 150.76 us
MUL_MAT f32 m=64 n=128 k=64: 16 x 2.57 us = 41.12 us (404.819 GFLOPS/s)
MUL_MAT f32 m=64 n=32 k=64: 16 x 2.497 us = 39.96 us (104.143 GFLOPS/s)
MUL_MAT_VEC q4_0_rocmfp4_fast m=10752 n=4 k=2048: 60 x 84.91 us = 5094.64 us (2074.15 GFLOPS/s)
MUL_MAT_VEC q4_0_rocmfp4_fast m=2048 n=1 k=2048 batch=4: 22 x 40.841 us = 898.52 us (821.37 GFLOPS/s)
MUL_MAT_VEC q4_0_rocmfp4_fast m=2048 n=4 k=10752: 30 x 83.96 us = 2518.8 us (2098.05 GFLOPS/s)
MUL_MAT_VEC q4_0_rocmfp4_fast m=2048 n=4 k=2048: 16 x 23.357 us = 373.72 us (1436.21 GFLOPS/s)
MUL_MAT_VEC q4_0_rocmfp4_fast m=512 n=4 k=2048: 16 x 5.972 us = 95.56 us (1404.2 GFLOPS/s)
MUL_MAT_VEC q4_0_rocmfp4_fast m=6144 n=1 k=2048 batch=4: 22 x 109.847 us = 2416.64 us (916.169 GFLOPS/s)
MUL_MAT_VEC q6_K m=128000 n=4 k=2048: 1 x 1128.92 us = 1128.92 us (1857.21 GFLOPS/s)
RMS_NORM_MUL RMS_NORM(2048,4,1,1): 61 x 6.008 us = 366.52 us
RMS_NORM_MUL_ROPE RMS_NORM(64,32,4,1): 8 x 11.065 us = 88.52 us
RMS_NORM_MUL_ROPE RMS_NORM(64,8,4,1): 8 x 4.72 us = 37.76 us
SET_ROWS: 16 x 2.887 us = 46.2 us
SSM_CONV: 22 x 6.134 us = 134.96 us
Total time: 14117.1 us.
----------------
Vulkan Timings:
ADD: 60 x 2.94 us = 176.44 us
CONCAT: 22 x 3.283 us = 72.24 us
CPY: 22 x 2.229 us = 49.04 us
FLASH_ATTN_EXT dst(64,32,1,4),  q(64,1,32,4),  k(64,256,8,4),  v(64,256,8,4),  m(256,1,1,4): 8 x 22.7 us = 181.6 us (369.542 GFLOPS/s)
GET_ROWS: 24 x 3.286 us = 78.88 us
GLU: 30 x 5.778 us = 173.36 us
MUL: 44 x 3.756 us = 165.28 us
MUL_MAT f32 m=64 n=128 k=64: 16 x 2.877 us = 46.04 us (361.558 GFLOPS/s)
MUL_MAT f32 m=64 n=32 k=64: 16 x 2.527 us = 40.44 us (102.906 GFLOPS/s)
MUL_MAT_VEC q4_0_rocmfp4_fast m=10752 n=4 k=2048: 60 x 97.082 us = 5824.92 us (1814.11 GFLOPS/s)
MUL_MAT_VEC q4_0_rocmfp4_fast m=2048 n=1 k=2048 batch=4: 22 x 43.75 us = 962.52 us (766.755 GFLOPS/s)
MUL_MAT_VEC q4_0_rocmfp4_fast m=2048 n=4 k=10752: 30 x 96.184 us = 2885.52 us (1831.41 GFLOPS/s)
MUL_MAT_VEC q4_0_rocmfp4_fast m=2048 n=4 k=2048: 16 x 25.16 us = 402.56 us (1333.32 GFLOPS/s)
MUL_MAT_VEC q4_0_rocmfp4_fast m=512 n=4 k=2048: 16 x 7.98 us = 127.68 us (1050.95 GFLOPS/s)
MUL_MAT_VEC q4_0_rocmfp4_fast m=6144 n=1 k=2048 batch=4: 22 x 119.334 us = 2625.36 us (843.333 GFLOPS/s)
MUL_MAT_VEC q6_K m=128000 n=4 k=2048: 1 x 1065.96 us = 1065.96 us (1966.9 GFLOPS/s)
RMS_NORM_MUL RMS_NORM(2048,4,1,1): 61 x 6.889 us = 420.28 us
RMS_NORM_MUL_ROPE RMS_NORM(64,32,4,1): 8 x 12.22 us = 97.76 us
RMS_NORM_MUL_ROPE RMS_NORM(64,8,4,1): 8 x 5.2 us = 41.6 us
SET_ROWS: 16 x 3.62 us = 57.92 us
SSM_CONV: 22 x 6.745 us = 148.4 us
Total time: 15643.8 us.
----------------
Vulkan Timings:
ADD: 60 x 2.515 us = 150.92 us
CONCAT: 22 x 3.843 us = 84.56 us
CPY: 22 x 2.669 us = 58.72 us
FLASH_ATTN_EXT dst(64,32,1,4),  q(64,1,32,4),  k(64,256,8,4),  v(64,256,8,4),  m(256,1,1,4): 8 x 23.885 us = 191.08 us (351.208 GFLOPS/s)
GET_ROWS: 24 x 4.553 us = 109.28 us
GLU: 30 x 6.405 us = 192.16 us
MUL: 44 x 3.845 us = 169.2 us
MUL_MAT f32 m=64 n=128 k=64: 16 x 3.417 us = 54.68 us (304.428 GFLOPS/s)
MUL_MAT f32 m=64 n=32 k=64: 16 x 2.905 us = 46.48 us (89.5339 GFLOPS/s)
MUL_MAT_VEC q4_0_rocmfp4_fast m=10752 n=4 k=2048: 60 x 106.779 us = 6406.76 us (1649.36 GFLOPS/s)
MUL_MAT_VEC q4_0_rocmfp4_fast m=2048 n=1 k=2048 batch=4: 22 x 49.84 us = 1096.48 us (673.079 GFLOPS/s)
MUL_MAT_VEC q4_0_rocmfp4_fast m=2048 n=4 k=10752: 30 x 105.753 us = 3172.6 us (1665.69 GFLOPS/s)
MUL_MAT_VEC q4_0_rocmfp4_fast m=2048 n=4 k=2048: 16 x 28.202 us = 451.24 us (1189.48 GFLOPS/s)
MUL_MAT_VEC q4_0_rocmfp4_fast m=512 n=4 k=2048: 16 x 7.677 us = 122.84 us (1092.36 GFLOPS/s)
MUL_MAT_VEC q4_0_rocmfp4_fast m=6144 n=1 k=2048 batch=4: 22 x 134.585 us = 2960.88 us (747.768 GFLOPS/s)
MUL_MAT_VEC q6_K m=128000 n=4 k=2048: 1 x 1069.76 us = 1069.76 us (1959.92 GFLOPS/s)
RMS_NORM_MUL RMS_NORM(2048,4,1,1): 61 x 7.867 us = 479.92 us
RMS_NORM_MUL_ROPE RMS_NORM(64,32,4,1): 8 x 11.84 us = 94.72 us
RMS_NORM_MUL_ROPE RMS_NORM(64,8,4,1): 8 x 4.875 us = 39 us
SET_ROWS: 16 x 3.772 us = 60.36 us
SSM_CONV: 22 x 6.987 us = 153.72 us
Total time: 17165.4 us.
----------------
Vulkan Timings:
ADD: 60 x 1.943 us = 116.6 us
CONCAT: 22 x 2.374 us = 52.24 us
CPY: 22 x 1.629 us = 35.84 us
FLASH_ATTN_EXT dst(64,32,1,4),  q(64,1,32,4),  k(64,256,8,4),  v(64,256,8,4),  m(256,1,1,4): 8 x 15.36 us = 122.88 us (546.133 GFLOPS/s)
GET_ROWS: 24 x 2.298 us = 55.16 us
GLU: 30 x 5.132 us = 153.96 us
MUL: 44 x 2.511 us = 110.52 us
MUL_MAT f32 m=64 n=128 k=64: 16 x 2.13 us = 34.08 us (488.443 GFLOPS/s)
MUL_MAT f32 m=64 n=32 k=64: 16 x 2.115 us = 33.84 us (122.977 GFLOPS/s)
MUL_MAT_VEC q4_0_rocmfp4_fast m=10752 n=4 k=2048: 60 x 60.342 us = 3620.56 us (2918.63 GFLOPS/s)
MUL_MAT_VEC q4_0_rocmfp4_fast m=2048 n=1 k=2048 batch=4: 22 x 29.478 us = 648.52 us (1138 GFLOPS/s)
MUL_MAT_VEC q4_0_rocmfp4_fast m=2048 n=4 k=10752: 30 x 61.484 us = 1844.52 us (2865.01 GFLOPS/s)
MUL_MAT_VEC q4_0_rocmfp4_fast m=2048 n=4 k=2048: 16 x 18.585 us = 297.36 us (1805.02 GFLOPS/s)
MUL_MAT_VEC q4_0_rocmfp4_fast m=512 n=4 k=2048: 16 x 3.545 us = 56.72 us (2365.74 GFLOPS/s)
MUL_MAT_VEC q4_0_rocmfp4_fast m=6144 n=1 k=2048 batch=4: 22 x 80.438 us = 1769.64 us (1251.13 GFLOPS/s)
MUL_MAT_VEC q6_K m=128000 n=4 k=2048: 1 x 1067.56 us = 1067.56 us (1963.96 GFLOPS/s)
RMS_NORM_MUL RMS_NORM(2048,4,1,1): 61 x 4.647 us = 283.52 us
RMS_NORM_MUL_ROPE RMS_NORM(64,32,4,1): 8 x 8.455 us = 67.64 us
RMS_NORM_MUL_ROPE RMS_NORM(64,8,4,1): 8 x 3.465 us = 27.72 us
SET_ROWS: 16 x 2.14 us = 34.24 us
SSM_CONV: 22 x 4.518 us = 99.4 us
Total time: 10532.5 us.
----------------
Vulkan Timings:
ADD: 60 x 2.37 us = 142.24 us
CONCAT: 22 x 3.001 us = 66.04 us
CPY: 22 x 2.72 us = 59.84 us
FLASH_ATTN_EXT dst(64,32,1,4),  q(64,1,32,4),  k(64,256,8,4),  v(64,256,8,4),  m(256,1,1,4): 8 x 21.41 us = 171.28 us (391.808 GFLOPS/s)
GET_ROWS: 24 x 2.711 us = 65.08 us
GLU: 30 x 5.577 us = 167.32 us
MUL: 44 x 3.082 us = 135.64 us
MUL_MAT f32 m=64 n=128 k=64: 16 x 2.437 us = 39 us (426.824 GFLOPS/s)
MUL_MAT f32 m=64 n=32 k=64: 16 x 2.407 us = 38.52 us (108.036 GFLOPS/s)
MUL_MAT_VEC q4_0_rocmfp4_fast m=10752 n=4 k=2048: 60 x 78.702 us = 4722.16 us (2237.76 GFLOPS/s)
MUL_MAT_VEC q4_0_rocmfp4_fast m=2048 n=1 k=2048 batch=4: 22 x 37.01 us = 814.24 us (906.388 GFLOPS/s)
MUL_MAT_VEC q4_0_rocmfp4_fast m=2048 n=4 k=10752: 30 x 78.102 us = 2343.08 us (2255.4 GFLOPS/s)
MUL_MAT_VEC q4_0_rocmfp4_fast m=2048 n=4 k=2048: 16 x 22.06 us = 352.96 us (1520.68 GFLOPS/s)
MUL_MAT_VEC q4_0_rocmfp4_fast m=512 n=4 k=2048: 16 x 5.58 us = 89.28 us (1502.97 GFLOPS/s)
MUL_MAT_VEC q4_0_rocmfp4_fast m=6144 n=1 k=2048 batch=4: 22 x 101.19 us = 2226.2 us (994.543 GFLOPS/s)
MUL_MAT_VEC q6_K m=128000 n=4 k=2048: 1 x 1058.64 us = 1058.64 us (1980.5 GFLOPS/s)
RMS_NORM_MUL RMS_NORM(2048,4,1,1): 61 x 5.588 us = 340.92 us
RMS_NORM_MUL_ROPE RMS_NORM(64,32,4,1): 8 x 10.375 us = 83 us
RMS_NORM_MUL_ROPE RMS_NORM(64,8,4,1): 8 x 4.305 us = 34.44 us
SET_ROWS: 16 x 2.48 us = 39.68 us
SSM_CONV: 22 x 5.727 us = 126 us
Total time: 13115.6 us.
----------------
Vulkan Timings:
ADD: 60 x 1.9 us = 114 us
CONCAT: 22 x 2.427 us = 53.4 us
CPY: 22 x 1.632 us = 35.92 us
FLASH_ATTN_EXT dst(64,32,1,4),  q(64,1,32,4),  k(64,256,8,4),  v(64,256,8,4),  m(256,1,1,4): 8 x 15.175 us = 121.4 us (552.791 GFLOPS/s)
GET_ROWS: 24 x 2.278 us = 54.68 us
GLU: 30 x 4.684 us = 140.52 us
MUL: 44 x 2.542 us = 111.88 us
MUL_MAT f32 m=64 n=128 k=64: 16 x 2.152 us = 34.44 us (483.338 GFLOPS/s)
MUL_MAT f32 m=64 n=32 k=64: 16 x 2.14 us = 34.24 us (121.54 GFLOPS/s)
MUL_MAT_VEC q4_0_rocmfp4_fast m=10752 n=4 k=2048: 60 x 60.745 us = 3644.72 us (2899.28 GFLOPS/s)
MUL_MAT_VEC q4_0_rocmfp4_fast m=2048 n=1 k=2048 batch=4: 22 x 29.327 us = 645.2 us (1143.86 GFLOPS/s)
MUL_MAT_VEC q4_0_rocmfp4_fast m=2048 n=4 k=10752: 30 x 61.869 us = 1856.08 us (2847.17 GFLOPS/s)
MUL_MAT_VEC q4_0_rocmfp4_fast m=2048 n=4 k=2048: 16 x 19.23 us = 307.68 us (1744.47 GFLOPS/s)
MUL_MAT_VEC q4_0_rocmfp4_fast m=512 n=4 k=2048: 16 x 3.587 us = 57.4 us (2337.72 GFLOPS/s)
MUL_MAT_VEC q4_0_rocmfp4_fast m=6144 n=1 k=2048 batch=4: 22 x 80.972 us = 1781.4 us (1242.87 GFLOPS/s)
MUL_MAT_VEC q6_K m=128000 n=4 k=2048: 1 x 1069.96 us = 1069.96 us (1959.55 GFLOPS/s)
RMS_NORM_MUL RMS_NORM(2048,4,1,1): 61 x 4.474 us = 272.96 us
RMS_NORM_MUL_ROPE RMS_NORM(64,32,4,1): 8 x 8.605 us = 68.84 us
RMS_NORM_MUL_ROPE RMS_NORM(64,8,4,1): 8 x 3.51 us = 28.08 us
SET_ROWS: 16 x 2.16 us = 34.56 us
SSM_CONV: 22 x 4.578 us = 100.72 us
Total time: 10568.1 us.
----------------
Vulkan Timings:
ADD: 60 x 2.432 us = 145.92 us
CONCAT: 22 x 3.116 us = 68.56 us
CPY: 22 x 2.887 us = 63.52 us
FLASH_ATTN_EXT dst(64,32,1,4),  q(64,1,32,4),  k(64,256,8,4),  v(64,256,8,4),  m(256,1,1,4): 8 x 20.265 us = 162.12 us (413.946 GFLOPS/s)
GET_ROWS: 24 x 2.866 us = 68.8 us
GLU: 30 x 5.968 us = 179.04 us
MUL: 44 x 3.435 us = 151.16 us
MUL_MAT f32 m=64 n=128 k=64: 16 x 2.54 us = 40.64 us (409.6 GFLOPS/s)
MUL_MAT f32 m=64 n=32 k=64: 16 x 2.687 us = 43 us (96.7799 GFLOPS/s)
MUL_MAT_VEC q4_0_rocmfp4_fast m=10752 n=4 k=2048: 60 x 84.446 us = 5066.76 us (2085.57 GFLOPS/s)
MUL_MAT_VEC q4_0_rocmfp4_fast m=2048 n=1 k=2048 batch=4: 22 x 39.223 us = 862.92 us (855.256 GFLOPS/s)
MUL_MAT_VEC q4_0_rocmfp4_fast m=2048 n=4 k=10752: 30 x 82.038 us = 2461.16 us (2147.19 GFLOPS/s)
MUL_MAT_VEC q4_0_rocmfp4_fast m=2048 n=4 k=2048: 16 x 22.117 us = 353.88 us (1516.73 GFLOPS/s)
MUL_MAT_VEC q4_0_rocmfp4_fast m=512 n=4 k=2048: 16 x 6.79 us = 108.64 us (1235.13 GFLOPS/s)
MUL_MAT_VEC q4_0_rocmfp4_fast m=6144 n=1 k=2048 batch=4: 22 x 107.669 us = 2368.72 us (934.704 GFLOPS/s)
MUL_MAT_VEC q6_K m=128000 n=4 k=2048: 1 x 1074.72 us = 1074.72 us (1950.87 GFLOPS/s)
RMS_NORM_MUL RMS_NORM(2048,4,1,1): 61 x 6.344 us = 387.04 us
RMS_NORM_MUL_ROPE RMS_NORM(64,32,4,1): 8 x 11.08 us = 88.64 us
RMS_NORM_MUL_ROPE RMS_NORM(64,8,4,1): 8 x 4.73 us = 37.84 us
SET_ROWS: 16 x 2.897 us = 46.36 us
SSM_CONV: 22 x 6.087 us = 133.92 us
Total time: 13913.4 us.
----------------
Vulkan Timings:
ADD: 60 x 2.187 us = 131.24 us
CONCAT: 22 x 2.807 us = 61.76 us
CPY: 22 x 1.707 us = 37.56 us
FLASH_ATTN_EXT dst(64,32,1,4),  q(64,1,32,4),  k(64,256,8,4),  v(64,256,8,4),  m(256,1,1,4): 8 x 18.13 us = 145.04 us (462.692 GFLOPS/s)
GET_ROWS: 24 x 3.666 us = 88 us
GLU: 30 x 6.181 us = 185.44 us
MUL: 44 x 2.926 us = 128.76 us
MUL_MAT f32 m=64 n=128 k=64: 16 x 2.34 us = 37.44 us (444.609 GFLOPS/s)
MUL_MAT f32 m=64 n=32 k=64: 16 x 2.31 us = 36.96 us (112.596 GFLOPS/s)
MUL_MAT_VEC q4_0_rocmfp4_fast m=10752 n=4 k=2048: 60 x 72.981 us = 4378.88 us (2413.19 GFLOPS/s)
MUL_MAT_VEC q4_0_rocmfp4_fast m=2048 n=1 k=2048 batch=4: 22 x 35.123 us = 772.72 us (955.09 GFLOPS/s)
MUL_MAT_VEC q4_0_rocmfp4_fast m=2048 n=4 k=10752: 30 x 71.454 us = 2143.64 us (2465.24 GFLOPS/s)
MUL_MAT_VEC q4_0_rocmfp4_fast m=2048 n=4 k=2048: 16 x 20.557 us = 328.92 us (1631.82 GFLOPS/s)
MUL_MAT_VEC q4_0_rocmfp4_fast m=512 n=4 k=2048: 16 x 4.88 us = 78.08 us (1718.56 GFLOPS/s)
MUL_MAT_VEC q4_0_rocmfp4_fast m=6144 n=1 k=2048 batch=4: 22 x 96.014 us = 2112.32 us (1048.16 GFLOPS/s)
MUL_MAT_VEC q6_K m=128000 n=4 k=2048: 1 x 1065.4 us = 1065.4 us (1967.94 GFLOPS/s)
RMS_NORM_MUL RMS_NORM(2048,4,1,1): 61 x 5.249 us = 320.24 us
RMS_NORM_MUL_ROPE RMS_NORM(64,32,4,1): 8 x 9.875 us = 79 us
RMS_NORM_MUL_ROPE RMS_NORM(64,8,4,1): 8 x 4.135 us = 33.08 us
SET_ROWS: 16 x 2.432 us = 38.92 us
SSM_CONV: 22 x 5.436 us = 119.6 us
Total time: 12323 us.
----------------
Vulkan Timings:
ADD: 60 x 2.79 us = 167.4 us
CONCAT: 22 x 3.327 us = 73.2 us
CPY: 22 x 1.863 us = 41 us
FLASH_ATTN_EXT dst(64,32,1,4),  q(64,1,32,4),  k(64,256,8,4),  v(64,256,8,4),  m(256,1,1,4): 8 x 21.24 us = 169.92 us (394.944 GFLOPS/s)
GET_ROWS: 24 x 3.936 us = 94.48 us
GLU: 30 x 5.42 us = 162.6 us
MUL: 44 x 3.435 us = 151.16 us
MUL_MAT f32 m=64 n=128 k=64: 16 x 2.59 us = 41.44 us (401.693 GFLOPS/s)
MUL_MAT f32 m=64 n=32 k=64: 16 x 2.512 us = 40.2 us (103.521 GFLOPS/s)
MUL_MAT_VEC q4_0_rocmfp4_fast m=10752 n=4 k=2048: 60 x 89.41 us = 5364.64 us (1969.76 GFLOPS/s)
MUL_MAT_VEC q4_0_rocmfp4_fast m=2048 n=1 k=2048 batch=4: 22 x 41.385 us = 910.48 us (810.58 GFLOPS/s)
MUL_MAT_VEC q4_0_rocmfp4_fast m=2048 n=4 k=10752: 30 x 88.48 us = 2654.4 us (1990.87 GFLOPS/s)
MUL_MAT_VEC q4_0_rocmfp4_fast m=2048 n=4 k=2048: 16 x 23.17 us = 370.72 us (1447.83 GFLOPS/s)
MUL_MAT_VEC q4_0_rocmfp4_fast m=512 n=4 k=2048: 16 x 6.475 us = 103.6 us (1295.22 GFLOPS/s)
MUL_MAT_VEC q4_0_rocmfp4_fast m=6144 n=1 k=2048 batch=4: 22 x 112.05 us = 2465.12 us (898.152 GFLOPS/s)
MUL_MAT_VEC q6_K m=128000 n=4 k=2048: 1 x 1078 us = 1078 us (1944.94 GFLOPS/s)
RMS_NORM_MUL RMS_NORM(2048,4,1,1): 61 x 6.274 us = 382.72 us
RMS_NORM_MUL_ROPE RMS_NORM(64,32,4,1): 8 x 11.09 us = 88.72 us
RMS_NORM_MUL_ROPE RMS_NORM(64,8,4,1): 8 x 4.64 us = 37.12 us
SET_ROWS: 16 x 2.865 us = 45.84 us
SSM_CONV: 22 x 6.298 us = 138.56 us
Total time: 14581.3 us.
----------------
Vulkan Timings:
ADD: 60 x 1.998 us = 119.92 us
CONCAT: 22 x 2.552 us = 56.16 us
CPY: 22 x 1.641 us = 36.12 us
FLASH_ATTN_EXT dst(64,32,1,4),  q(64,1,32,4),  k(64,256,8,4),  v(64,256,8,4),  m(256,1,1,4): 8 x 16.165 us = 129.32 us (518.936 GFLOPS/s)
GET_ROWS: 24 x 2.415 us = 57.96 us
GLU: 30 x 4.97 us = 149.12 us
MUL: 44 x 2.657 us = 116.92 us
MUL_MAT f32 m=64 n=128 k=64: 16 x 2.252 us = 36.04 us (461.88 GFLOPS/s)
MUL_MAT f32 m=64 n=32 k=64: 16 x 2.067 us = 33.08 us (125.802 GFLOPS/s)
MUL_MAT_VEC q4_0_rocmfp4_fast m=10752 n=4 k=2048: 60 x 64.72 us = 3883.24 us (2721.2 GFLOPS/s)
MUL_MAT_VEC q4_0_rocmfp4_fast m=2048 n=1 k=2048 batch=4: 22 x 31.281 us = 688.2 us (1072.39 GFLOPS/s)
MUL_MAT_VEC q4_0_rocmfp4_fast m=2048 n=4 k=10752: 30 x 65.156 us = 1954.68 us (2703.55 GFLOPS/s)
MUL_MAT_VEC q4_0_rocmfp4_fast m=2048 n=4 k=2048: 16 x 19.562 us = 313 us (1714.82 GFLOPS/s)
MUL_MAT_VEC q4_0_rocmfp4_fast m=512 n=4 k=2048: 16 x 3.755 us = 60.08 us (2233.44 GFLOPS/s)
MUL_MAT_VEC q4_0_rocmfp4_fast m=6144 n=1 k=2048 batch=4: 22 x 84.934 us = 1868.56 us (1184.9 GFLOPS/s)
MUL_MAT_VEC q6_K m=128000 n=4 k=2048: 1 x 1076 us = 1076 us (1948.55 GFLOPS/s)
RMS_NORM_MUL RMS_NORM(2048,4,1,1): 61 x 4.723 us = 288.12 us
RMS_NORM_MUL_ROPE RMS_NORM(64,32,4,1): 8 x 9.035 us = 72.28 us
RMS_NORM_MUL_ROPE RMS_NORM(64,8,4,1): 8 x 3.72 us = 29.76 us
SET_ROWS: 16 x 2.382 us = 38.12 us
SSM_CONV: 22 x 4.887 us = 107.52 us
Total time: 11114.2 us.
----------------
Vulkan Timings:
ADD: 60 x 2.13 us = 127.84 us
CONCAT: 22 x 2.52 us = 55.44 us
CPY: 22 x 1.576 us = 34.68 us
FLASH_ATTN_EXT dst(64,32,1,4),  q(64,1,32,4),  k(64,256,8,4),  v(64,256,8,4),  m(256,1,1,4): 8 x 17.01 us = 136.08 us (493.157 GFLOPS/s)
GET_ROWS: 24 x 2.4 us = 57.6 us
GLU: 30 x 5.368 us = 161.04 us
MUL: 44 x 2.65 us = 116.6 us
MUL_MAT f32 m=64 n=128 k=64: 16 x 2.232 us = 35.72 us (466.017 GFLOPS/s)
MUL_MAT f32 m=64 n=32 k=64: 16 x 1.945 us = 31.12 us (133.725 GFLOPS/s)
MUL_MAT_VEC q4_0_rocmfp4_fast m=10752 n=4 k=2048: 60 x 66.72 us = 4003.2 us (2639.65 GFLOPS/s)
MUL_MAT_VEC q4_0_rocmfp4_fast m=2048 n=1 k=2048 batch=4: 22 x 32.156 us = 707.44 us (1043.22 GFLOPS/s)
MUL_MAT_VEC q4_0_rocmfp4_fast m=2048 n=4 k=10752: 30 x 66.037 us = 1981.12 us (2667.47 GFLOPS/s)
MUL_MAT_VEC q4_0_rocmfp4_fast m=2048 n=4 k=2048: 16 x 20.175 us = 322.8 us (1662.76 GFLOPS/s)
MUL_MAT_VEC q4_0_rocmfp4_fast m=512 n=4 k=2048: 16 x 3.905 us = 62.48 us (2147.65 GFLOPS/s)
MUL_MAT_VEC q4_0_rocmfp4_fast m=6144 n=1 k=2048 batch=4: 22 x 86.996 us = 1913.92 us (1156.82 GFLOPS/s)
MUL_MAT_VEC q6_K m=128000 n=4 k=2048: 1 x 1071.8 us = 1071.8 us (1956.19 GFLOPS/s)
RMS_NORM_MUL RMS_NORM(2048,4,1,1): 61 x 4.986 us = 304.2 us
RMS_NORM_MUL_ROPE RMS_NORM(64,32,4,1): 8 x 9.26 us = 74.08 us
RMS_NORM_MUL_ROPE RMS_NORM(64,8,4,1): 8 x 3.835 us = 30.68 us
SET_ROWS: 16 x 2.727 us = 43.64 us
SSM_CONV: 22 x 4.91 us = 108.04 us
Total time: 11379.5 us.
----------------
Vulkan Timings:
ADD: 60 x 2.215 us = 132.92 us
CONCAT: 22 x 2.876 us = 63.28 us
CPY: 22 x 1.694 us = 37.28 us
FLASH_ATTN_EXT dst(64,32,1,4),  q(64,1,32,4),  k(64,256,8,4),  v(64,256,8,4),  m(256,1,1,4): 8 x 22.82 us = 182.56 us (367.599 GFLOPS/s)
GET_ROWS: 24 x 2.643 us = 63.44 us
GLU: 30 x 5.557 us = 166.72 us
MUL: 44 x 2.989 us = 131.52 us
MUL_MAT f32 m=64 n=128 k=64: 16 x 2.407 us = 38.52 us (432.143 GFLOPS/s)
MUL_MAT f32 m=64 n=32 k=64: 16 x 2.337 us = 37.4 us (111.271 GFLOPS/s)
MUL_MAT_VEC q4_0_rocmfp4_fast m=10752 n=4 k=2048: 60 x 76.049 us = 4562.96 us (2315.84 GFLOPS/s)
MUL_MAT_VEC q4_0_rocmfp4_fast m=2048 n=1 k=2048 batch=4: 22 x 36.24 us = 797.28 us (925.669 GFLOPS/s)
MUL_MAT_VEC q4_0_rocmfp4_fast m=2048 n=4 k=10752: 30 x 74.722 us = 2241.68 us (2357.42 GFLOPS/s)
MUL_MAT_VEC q4_0_rocmfp4_fast m=2048 n=4 k=2048: 16 x 22.437 us = 359 us (1495.1 GFLOPS/s)
MUL_MAT_VEC q4_0_rocmfp4_fast m=512 n=4 k=2048: 16 x 6.157 us = 98.52 us (1362.01 GFLOPS/s)
MUL_MAT_VEC q4_0_rocmfp4_fast m=6144 n=1 k=2048 batch=4: 22 x 98.118 us = 2158.6 us (1025.69 GFLOPS/s)
MUL_MAT_VEC q6_K m=128000 n=4 k=2048: 1 x 1078 us = 1078 us (1944.94 GFLOPS/s)
RMS_NORM_MUL RMS_NORM(2048,4,1,1): 61 x 5.408 us = 329.92 us
RMS_NORM_MUL_ROPE RMS_NORM(64,32,4,1): 8 x 10.17 us = 81.36 us
RMS_NORM_MUL_ROPE RMS_NORM(64,8,4,1): 8 x 4.32 us = 34.56 us
SET_ROWS: 16 x 2.57 us = 41.12 us
SSM_CONV: 22 x 5.578 us = 122.72 us
Total time: 12759.4 us.
----------------
Vulkan Timings:
ADD: 60 x 2.544 us = 152.68 us
CONCAT: 22 x 3.141 us = 69.12 us
CPY: 22 x 1.787 us = 39.32 us
FLASH_ATTN_EXT dst(64,32,1,4),  q(64,1,32,4),  k(64,256,8,4),  v(64,256,8,4),  m(256,1,1,4): 8 x 23.915 us = 191.32 us (350.768 GFLOPS/s)
GET_ROWS: 24 x 2.895 us = 69.48 us
GLU: 30 x 5.477 us = 164.32 us
MUL: 44 x 3.408 us = 149.96 us
MUL_MAT f32 m=64 n=128 k=64: 16 x 2.55 us = 40.8 us (407.994 GFLOPS/s)
MUL_MAT f32 m=64 n=32 k=64: 16 x 2.552 us = 40.84 us (101.899 GFLOPS/s)
MUL_MAT_VEC q4_0_rocmfp4_fast m=10752 n=4 k=2048: 60 x 83.61 us = 5016.64 us (2106.4 GFLOPS/s)
MUL_MAT_VEC q4_0_rocmfp4_fast m=2048 n=1 k=2048 batch=4: 22 x 39.945 us = 878.8 us (839.801 GFLOPS/s)
MUL_MAT_VEC q4_0_rocmfp4_fast m=2048 n=4 k=10752: 30 x 82.104 us = 2463.12 us (2145.48 GFLOPS/s)
MUL_MAT_VEC q4_0_rocmfp4_fast m=2048 n=4 k=2048: 16 x 23.415 us = 374.64 us (1432.68 GFLOPS/s)
MUL_MAT_VEC q4_0_rocmfp4_fast m=512 n=4 k=2048: 16 x 6.3 us = 100.8 us (1331.2 GFLOPS/s)
MUL_MAT_VEC q4_0_rocmfp4_fast m=6144 n=1 k=2048 batch=4: 22 x 107.436 us = 2363.6 us (936.729 GFLOPS/s)
MUL_MAT_VEC q6_K m=128000 n=4 k=2048: 1 x 1076.44 us = 1076.44 us (1947.75 GFLOPS/s)
RMS_NORM_MUL RMS_NORM(2048,4,1,1): 61 x 6.435 us = 392.56 us
RMS_NORM_MUL_ROPE RMS_NORM(64,32,4,1): 8 x 10.845 us = 86.76 us
RMS_NORM_MUL_ROPE RMS_NORM(64,8,4,1): 8 x 4.6 us = 36.8 us
SET_ROWS: 16 x 2.917 us = 46.68 us
SSM_CONV: 22 x 6.06 us = 133.32 us
Total time: 13888 us.
----------------
Vulkan Timings:
ADD: 60 x 2.562 us = 153.72 us
CONCAT: 22 x 4.027 us = 88.6 us
CPY: 22 x 3.636 us = 80 us
FLASH_ATTN_EXT dst(64,32,1,4),  q(64,1,32,4),  k(64,256,8,4),  v(64,256,8,4),  m(256,1,1,4): 8 x 24.75 us = 198 us (338.934 GFLOPS/s)
GET_ROWS: 24 x 4.005 us = 96.12 us
GLU: 30 x 6.149 us = 184.48 us
MUL: 44 x 3.95 us = 173.84 us
MUL_MAT f32 m=64 n=128 k=64: 16 x 3.652 us = 58.44 us (284.842 GFLOPS/s)
MUL_MAT f32 m=64 n=32 k=64: 16 x 2.967 us = 47.48 us (87.6482 GFLOPS/s)
MUL_MAT_VEC q4_0_rocmfp4_fast m=10752 n=4 k=2048: 60 x 114.74 us = 6884.4 us (1534.93 GFLOPS/s)
MUL_MAT_VEC q4_0_rocmfp4_fast m=2048 n=1 k=2048 batch=4: 22 x 52.82 us = 1162.04 us (635.105 GFLOPS/s)
MUL_MAT_VEC q4_0_rocmfp4_fast m=2048 n=4 k=10752: 30 x 112.166 us = 3365 us (1570.45 GFLOPS/s)
MUL_MAT_VEC q4_0_rocmfp4_fast m=2048 n=4 k=2048: 16 x 30.7 us = 491.2 us (1092.71 GFLOPS/s)
MUL_MAT_VEC q4_0_rocmfp4_fast m=512 n=4 k=2048: 16 x 8.327 us = 133.24 us (1007.09 GFLOPS/s)
MUL_MAT_VEC q4_0_rocmfp4_fast m=6144 n=1 k=2048 batch=4: 22 x 142.674 us = 3138.84 us (705.373 GFLOPS/s)
MUL_MAT_VEC q6_K m=128000 n=4 k=2048: 1 x 1064.52 us = 1064.52 us (1969.56 GFLOPS/s)
RMS_NORM_MUL RMS_NORM(2048,4,1,1): 61 x 7.55 us = 460.56 us
RMS_NORM_MUL_ROPE RMS_NORM(64,32,4,1): 8 x 12.465 us = 99.72 us
RMS_NORM_MUL_ROPE RMS_NORM(64,8,4,1): 8 x 5.44 us = 43.52 us
SET_ROWS: 16 x 4.067 us = 65.08 us
SSM_CONV: 22 x 7.903 us = 173.88 us
Total time: 18162.7 us.
----------------
Vulkan Timings:
ADD: 60 x 1.974 us = 118.48 us
CONCAT: 22 x 2.536 us = 55.8 us
CPY: 22 x 1.59 us = 35 us
FLASH_ATTN_EXT dst(64,32,1,4),  q(64,1,32,4),  k(64,256,8,4),  v(64,256,8,4),  m(256,1,1,4): 8 x 17.4 us = 139.2 us (482.104 GFLOPS/s)
GET_ROWS: 24 x 2.418 us = 58.04 us
GLU: 30 x 5.249 us = 157.48 us
MUL: 44 x 2.648 us = 116.52 us
MUL_MAT f32 m=64 n=128 k=64: 16 x 2.265 us = 36.24 us (459.331 GFLOPS/s)
MUL_MAT f32 m=64 n=32 k=64: 16 x 2.272 us = 36.36 us (114.454 GFLOPS/s)
MUL_MAT_VEC q4_0_rocmfp4_fast m=10752 n=4 k=2048: 60 x 66.091 us = 3965.48 us (2664.76 GFLOPS/s)
MUL_MAT_VEC q4_0_rocmfp4_fast m=2048 n=1 k=2048 batch=4: 22 x 32.576 us = 716.68 us (1029.77 GFLOPS/s)
MUL_MAT_VEC q4_0_rocmfp4_fast m=2048 n=4 k=10752: 30 x 67.018 us = 2010.56 us (2628.41 GFLOPS/s)
MUL_MAT_VEC q4_0_rocmfp4_fast m=2048 n=4 k=2048: 16 x 20.062 us = 321 us (1672.09 GFLOPS/s)
MUL_MAT_VEC q4_0_rocmfp4_fast m=512 n=4 k=2048: 16 x 3.87 us = 61.92 us (2167.07 GFLOPS/s)
MUL_MAT_VEC q4_0_rocmfp4_fast m=6144 n=1 k=2048 batch=4: 22 x 88.074 us = 1937.64 us (1142.65 GFLOPS/s)
MUL_MAT_VEC q6_K m=128000 n=4 k=2048: 1 x 1063.8 us = 1063.8 us (1970.9 GFLOPS/s)
RMS_NORM_MUL RMS_NORM(2048,4,1,1): 61 x 5.12 us = 312.32 us
RMS_NORM_MUL_ROPE RMS_NORM(64,32,4,1): 8 x 9.165 us = 73.32 us
RMS_NORM_MUL_ROPE RMS_NORM(64,8,4,1): 8 x 3.835 us = 30.68 us
SET_ROWS: 16 x 2.46 us = 39.36 us
SSM_CONV: 22 x 4.894 us = 107.68 us
Total time: 11393.6 us.
----------------
Vulkan Timings:
ADD: 60 x 2.6 us = 156.04 us
CONCAT: 22 x 6.343 us = 139.56 us
CPY: 22 x 3.401 us = 74.84 us
FLASH_ATTN_EXT dst(64,32,1,4),  q(64,1,32,4),  k(64,256,8,4),  v(64,256,8,4),  m(256,1,1,4): 8 x 27.8 us = 222.4 us (301.748 GFLOPS/s)
GET_ROWS: 24 x 4.255 us = 102.12 us
GLU: 30 x 6.877 us = 206.32 us
MUL: 44 x 4.213 us = 185.4 us
MUL_MAT f32 m=64 n=128 k=64: 16 x 3.525 us = 56.4 us (295.144 GFLOPS/s)
MUL_MAT f32 m=64 n=32 k=64: 16 x 3.202 us = 51.24 us (81.2165 GFLOPS/s)
MUL_MAT_VEC q4_0_rocmfp4_fast m=10752 n=4 k=2048: 60 x 115.215 us = 6912.92 us (1528.6 GFLOPS/s)
MUL_MAT_VEC q4_0_rocmfp4_fast m=2048 n=1 k=2048 batch=4: 22 x 54.54 us = 1199.88 us (615.076 GFLOPS/s)
MUL_MAT_VEC q4_0_rocmfp4_fast m=2048 n=4 k=10752: 30 x 112.428 us = 3372.84 us (1566.8 GFLOPS/s)
MUL_MAT_VEC q4_0_rocmfp4_fast m=2048 n=4 k=2048: 16 x 30.245 us = 483.92 us (1109.15 GFLOPS/s)
MUL_MAT_VEC q4_0_rocmfp4_fast m=512 n=4 k=2048: 16 x 8.42 us = 134.72 us (996.029 GFLOPS/s)
MUL_MAT_VEC q4_0_rocmfp4_fast m=6144 n=1 k=2048 batch=4: 22 x 147.481 us = 3244.6 us (682.381 GFLOPS/s)
MUL_MAT_VEC q6_K m=128000 n=4 k=2048: 1 x 1064.24 us = 1064.24 us (1970.08 GFLOPS/s)
RMS_NORM_MUL RMS_NORM(2048,4,1,1): 61 x 7.62 us = 464.88 us
RMS_NORM_MUL_ROPE RMS_NORM(64,32,4,1): 8 x 12.925 us = 103.4 us
RMS_NORM_MUL_ROPE RMS_NORM(64,8,4,1): 8 x 5.565 us = 44.52 us
SET_ROWS: 16 x 3.765 us = 60.24 us
SSM_CONV: 22 x 8.036 us = 176.8 us
Total time: 18457.3 us.
----------------
Vulkan Timings:
ADD: 60 x 1.863 us = 111.8 us
CONCAT: 22 x 2.356 us = 51.84 us
CPY: 22 x 1.572 us = 34.6 us
FLASH_ATTN_EXT dst(64,32,1,4),  q(64,1,32,4),  k(64,256,8,4),  v(64,256,8,4),  m(256,1,1,4): 8 x 15.04 us = 120.32 us (557.753 GFLOPS/s)
GET_ROWS: 24 x 2.305 us = 55.32 us
GLU: 30 x 4.674 us = 140.24 us
MUL: 44 x 2.479 us = 109.08 us
MUL_MAT f32 m=64 n=128 k=64: 16 x 2.117 us = 33.88 us (491.327 GFLOPS/s)
MUL_MAT f32 m=64 n=32 k=64: 16 x 2.107 us = 33.72 us (123.414 GFLOPS/s)
MUL_MAT_VEC q4_0_rocmfp4_fast m=10752 n=4 k=2048: 60 x 60.796 us = 3647.76 us (2896.86 GFLOPS/s)
MUL_MAT_VEC q4_0_rocmfp4_fast m=2048 n=1 k=2048 batch=4: 22 x 30.218 us = 664.8 us (1110.13 GFLOPS/s)
MUL_MAT_VEC q4_0_rocmfp4_fast m=2048 n=4 k=10752: 30 x 61.473 us = 1844.2 us (2865.51 GFLOPS/s)
MUL_MAT_VEC q4_0_rocmfp4_fast m=2048 n=4 k=2048: 16 x 18.665 us = 298.64 us (1797.28 GFLOPS/s)
MUL_MAT_VEC q4_0_rocmfp4_fast m=512 n=4 k=2048: 16 x 3.597 us = 57.56 us (2331.22 GFLOPS/s)
MUL_MAT_VEC q4_0_rocmfp4_fast m=6144 n=1 k=2048 batch=4: 22 x 82.763 us = 1820.8 us (1215.98 GFLOPS/s)
MUL_MAT_VEC q6_K m=128000 n=4 k=2048: 1 x 1061.04 us = 1061.04 us (1976.02 GFLOPS/s)
RMS_NORM_MUL RMS_NORM(2048,4,1,1): 61 x 4.468 us = 272.6 us
RMS_NORM_MUL_ROPE RMS_NORM(64,32,4,1): 8 x 8.52 us = 68.16 us
RMS_NORM_MUL_ROPE RMS_NORM(64,8,4,1): 8 x 3.465 us = 27.72 us
SET_ROWS: 16 x 2.172 us = 34.76 us
SSM_CONV: 22 x 4.527 us = 99.6 us
Total time: 10588.4 us.
----------------
Vulkan Timings:
ADD: 60 x 2.228 us = 133.72 us
CONCAT: 22 x 2.936 us = 64.6 us
CPY: 22 x 1.698 us = 37.36 us
FLASH_ATTN_EXT dst(64,32,1,4),  q(64,1,32,4),  k(64,256,8,4),  v(64,256,8,4),  m(256,1,1,4): 8 x 20.365 us = 162.92 us (411.913 GFLOPS/s)
GET_ROWS: 24 x 3.361 us = 80.68 us
GLU: 30 x 5.466 us = 164 us
MUL: 44 x 3.045 us = 134 us
MUL_MAT f32 m=64 n=128 k=64: 16 x 2.407 us = 38.52 us (432.143 GFLOPS/s)
MUL_MAT f32 m=64 n=32 k=64: 16 x 2.46 us = 39.36 us (105.73 GFLOPS/s)
MUL_MAT_VEC q4_0_rocmfp4_fast m=10752 n=4 k=2048: 60 x 78.701 us = 4722.08 us (2237.8 GFLOPS/s)
MUL_MAT_VEC q4_0_rocmfp4_fast m=2048 n=1 k=2048 batch=4: 22 x 36.901 us = 811.84 us (909.067 GFLOPS/s)
MUL_MAT_VEC q4_0_rocmfp4_fast m=2048 n=4 k=10752: 30 x 76.658 us = 2299.76 us (2297.88 GFLOPS/s)
MUL_MAT_VEC q4_0_rocmfp4_fast m=2048 n=4 k=2048: 16 x 20.907 us = 334.52 us (1604.51 GFLOPS/s)
MUL_MAT_VEC q4_0_rocmfp4_fast m=512 n=4 k=2048: 16 x 6.007 us = 96.12 us (1396.01 GFLOPS/s)
MUL_MAT_VEC q4_0_rocmfp4_fast m=6144 n=1 k=2048 batch=4: 22 x 101.583 us = 2234.84 us (990.698 GFLOPS/s)
MUL_MAT_VEC q6_K m=128000 n=4 k=2048: 1 x 1055.64 us = 1055.64 us (1986.13 GFLOPS/s)
RMS_NORM_MUL RMS_NORM(2048,4,1,1): 61 x 5.628 us = 343.36 us
RMS_NORM_MUL_ROPE RMS_NORM(64,32,4,1): 8 x 10.42 us = 83.36 us
RMS_NORM_MUL_ROPE RMS_NORM(64,8,4,1): 8 x 4.5 us = 36 us
SET_ROWS: 16 x 2.635 us = 42.16 us
SSM_CONV: 22 x 5.676 us = 124.88 us
Total time: 13039.7 us.
----------------
Vulkan Timings:
ADD: 60 x 1.988 us = 119.28 us
CONCAT: 22 x 2.583 us = 56.84 us
CPY: 22 x 1.59 us = 35 us
FLASH_ATTN_EXT dst(64,32,1,4),  q(64,1,32,4),  k(64,256,8,4),  v(64,256,8,4),  m(256,1,1,4): 8 x 17.265 us = 138.12 us (485.874 GFLOPS/s)
GET_ROWS: 24 x 2.4 us = 57.6 us
GLU: 30 x 6.509 us = 195.28 us
MUL: 44 x 2.691 us = 118.44 us
MUL_MAT f32 m=64 n=128 k=64: 16 x 2.26 us = 36.16 us (460.347 GFLOPS/s)
MUL_MAT f32 m=64 n=32 k=64: 16 x 1.942 us = 31.08 us (133.898 GFLOPS/s)
MUL_MAT_VEC q4_0_rocmfp4_fast m=10752 n=4 k=2048: 60 x 67.513 us = 4050.8 us (2608.64 GFLOPS/s)
MUL_MAT_VEC q4_0_rocmfp4_fast m=2048 n=1 k=2048 batch=4: 22 x 32.325 us = 711.16 us (1037.77 GFLOPS/s)
MUL_MAT_VEC q4_0_rocmfp4_fast m=2048 n=4 k=10752: 30 x 66.801 us = 2004.04 us (2636.96 GFLOPS/s)
MUL_MAT_VEC q4_0_rocmfp4_fast m=2048 n=4 k=2048: 16 x 20.165 us = 322.64 us (1663.59 GFLOPS/s)
MUL_MAT_VEC q4_0_rocmfp4_fast m=512 n=4 k=2048: 16 x 3.89 us = 62.24 us (2155.93 GFLOPS/s)
MUL_MAT_VEC q4_0_rocmfp4_fast m=6144 n=1 k=2048 batch=4: 22 x 89.318 us = 1965 us (1126.74 GFLOPS/s)
MUL_MAT_VEC q6_K m=128000 n=4 k=2048: 1 x 1062.16 us = 1062.16 us (1973.94 GFLOPS/s)
RMS_NORM_MUL RMS_NORM(2048,4,1,1): 61 x 4.943 us = 301.56 us
RMS_NORM_MUL_ROPE RMS_NORM(64,32,4,1): 8 x 9.31 us = 74.48 us
RMS_NORM_MUL_ROPE RMS_NORM(64,8,4,1): 8 x 3.82 us = 30.56 us
SET_ROWS: 16 x 2.542 us = 40.68 us
SSM_CONV: 22 x 5.03 us = 110.68 us
Total time: 11523.8 us.
----------------
Vulkan Timings:
ADD: 60 x 2.162 us = 129.76 us
CONCAT: 22 x 2.794 us = 61.48 us
CPY: 22 x 1.661 us = 36.56 us
FLASH_ATTN_EXT dst(64,32,1,4),  q(64,1,32,4),  k(64,256,8,4),  v(64,256,8,4),  m(256,1,1,4): 8 x 18.445 us = 147.56 us (454.79 GFLOPS/s)
GET_ROWS: 24 x 2.606 us = 62.56 us
GLU: 30 x 6.197 us = 185.92 us
MUL: 44 x 2.905 us = 127.84 us
MUL_MAT f32 m=64 n=128 k=64: 16 x 2.367 us = 37.88 us (439.444 GFLOPS/s)
MUL_MAT f32 m=64 n=32 k=64: 16 x 2.217 us = 35.48 us (117.292 GFLOPS/s)
MUL_MAT_VEC q4_0_rocmfp4_fast m=10752 n=4 k=2048: 60 x 73.816 us = 4428.96 us (2385.9 GFLOPS/s)
MUL_MAT_VEC q4_0_rocmfp4_fast m=2048 n=1 k=2048 batch=4: 22 x 34.638 us = 762.04 us (968.476 GFLOPS/s)
MUL_MAT_VEC q4_0_rocmfp4_fast m=2048 n=4 k=10752: 30 x 70.88 us = 2126.4 us (2485.22 GFLOPS/s)
MUL_MAT_VEC q4_0_rocmfp4_fast m=2048 n=4 k=2048: 16 x 20.875 us = 334 us (1607.01 GFLOPS/s)
MUL_MAT_VEC q4_0_rocmfp4_fast m=512 n=4 k=2048: 16 x 4.937 us = 79 us (1698.54 GFLOPS/s)
MUL_MAT_VEC q4_0_rocmfp4_fast m=6144 n=1 k=2048 batch=4: 22 x 94.876 us = 2087.28 us (1060.74 GFLOPS/s)
MUL_MAT_VEC q6_K m=128000 n=4 k=2048: 1 x 1140.92 us = 1140.92 us (1837.67 GFLOPS/s)
RMS_NORM_MUL RMS_NORM(2048,4,1,1): 61 x 5.44 us = 331.88 us
RMS_NORM_MUL_ROPE RMS_NORM(64,32,4,1): 8 x 9.795 us = 78.36 us
RMS_NORM_MUL_ROPE RMS_NORM(64,8,4,1): 8 x 4.105 us = 32.84 us
SET_ROWS: 16 x 2.625 us = 42 us
SSM_CONV: 22 x 5.405 us = 118.92 us
Total time: 12387.6 us.
----------------
Vulkan Timings:
ADD: 60 x 2.435 us = 146.12 us
CONCAT: 22 x 3.298 us = 72.56 us
CPY: 22 x 1.967 us = 43.28 us
FLASH_ATTN_EXT dst(64,32,1,4),  q(64,1,32,4),  k(64,256,8,4),  v(64,256,8,4),  m(256,1,1,4): 8 x 21.16 us = 169.28 us (396.437 GFLOPS/s)
GET_ROWS: 24 x 2.906 us = 69.76 us
GLU: 30 x 5.38 us = 161.4 us
MUL: 44 x 3.755 us = 165.24 us
MUL_MAT f32 m=64 n=128 k=64: 16 x 2.567 us = 41.08 us (405.213 GFLOPS/s)
MUL_MAT f32 m=64 n=32 k=64: 16 x 2.647 us = 42.36 us (98.2421 GFLOPS/s)
MUL_MAT_VEC q4_0_rocmfp4_fast m=10752 n=4 k=2048: 60 x 84.638 us = 5078.28 us (2080.84 GFLOPS/s)
MUL_MAT_VEC q4_0_rocmfp4_fast m=2048 n=1 k=2048 batch=4: 22 x 39.174 us = 861.84 us (856.327 GFLOPS/s)
MUL_MAT_VEC q4_0_rocmfp4_fast m=2048 n=4 k=10752: 30 x 82.816 us = 2484.48 us (2127.04 GFLOPS/s)
MUL_MAT_VEC q4_0_rocmfp4_fast m=2048 n=4 k=2048: 16 x 22.23 us = 355.68 us (1509.05 GFLOPS/s)
MUL_MAT_VEC q4_0_rocmfp4_fast m=512 n=4 k=2048: 16 x 6.767 us = 108.28 us (1239.24 GFLOPS/s)
MUL_MAT_VEC q4_0_rocmfp4_fast m=6144 n=1 k=2048 batch=4: 22 x 110.141 us = 2423.12 us (913.719 GFLOPS/s)
MUL_MAT_VEC q6_K m=128000 n=4 k=2048: 1 x 1064.16 us = 1064.16 us (1970.23 GFLOPS/s)
RMS_NORM_MUL RMS_NORM(2048,4,1,1): 61 x 5.96 us = 363.6 us
RMS_NORM_MUL_ROPE RMS_NORM(64,32,4,1): 8 x 10.93 us = 87.44 us
RMS_NORM_MUL_ROPE RMS_NORM(64,8,4,1): 8 x 4.59 us = 36.72 us
SET_ROWS: 16 x 2.585 us = 41.36 us
SSM_CONV: 22 x 6.09 us = 134 us
Total time: 13950 us.
----------------
Vulkan Timings:
ADD: 60 x 2.272 us = 136.36 us
CONCAT: 22 x 2.667 us = 58.68 us
CPY: 22 x 1.658 us = 36.48 us
FLASH_ATTN_EXT dst(64,32,1,4),  q(64,1,32,4),  k(64,256,8,4),  v(64,256,8,4),  m(256,1,1,4): 8 x 18.875 us = 151 us (444.43 GFLOPS/s)
GET_ROWS: 24 x 2.671 us = 64.12 us
GLU: 30 x 5.249 us = 157.48 us
MUL: 44 x 2.786 us = 122.6 us
MUL_MAT f32 m=64 n=128 k=64: 16 x 2.315 us = 37.04 us (449.41 GFLOPS/s)
MUL_MAT f32 m=64 n=32 k=64: 16 x 1.872 us = 29.96 us (138.903 GFLOPS/s)
MUL_MAT_VEC q4_0_rocmfp4_fast m=10752 n=4 k=2048: 60 x 69.064 us = 4143.84 us (2550.07 GFLOPS/s)
MUL_MAT_VEC q4_0_rocmfp4_fast m=2048 n=1 k=2048 batch=4: 22 x 33.134 us = 728.96 us (1012.42 GFLOPS/s)
MUL_MAT_VEC q4_0_rocmfp4_fast m=2048 n=4 k=10752: 30 x 69.194 us = 2075.84 us (2545.75 GFLOPS/s)
MUL_MAT_VEC q4_0_rocmfp4_fast m=2048 n=4 k=2048: 16 x 21.372 us = 341.96 us (1569.6 GFLOPS/s)
MUL_MAT_VEC q4_0_rocmfp4_fast m=512 n=4 k=2048: 16 x 4.31 us = 68.96 us (1945.84 GFLOPS/s)
MUL_MAT_VEC q4_0_rocmfp4_fast m=6144 n=1 k=2048 batch=4: 22 x 90.843 us = 1998.56 us (1107.82 GFLOPS/s)
MUL_MAT_VEC q6_K m=128000 n=4 k=2048: 1 x 1063.48 us = 1063.48 us (1971.49 GFLOPS/s)
RMS_NORM_MUL RMS_NORM(2048,4,1,1): 61 x 5.202 us = 317.36 us
RMS_NORM_MUL_ROPE RMS_NORM(64,32,4,1): 8 x 11.515 us = 92.12 us
RMS_NORM_MUL_ROPE RMS_NORM(64,8,4,1): 8 x 3.995 us = 31.96 us
SET_ROWS: 16 x 2.755 us = 44.08 us
SSM_CONV: 22 x 6.056 us = 133.24 us
Total time: 11834.1 us.
----------------
Vulkan Timings:
ADD: 60 x 2.503 us = 150.2 us
CONCAT: 22 x 3.15 us = 69.32 us
CPY: 22 x 2 us = 44 us
FLASH_ATTN_EXT dst(64,32,1,4),  q(64,1,32,4),  k(64,256,8,4),  v(64,256,8,4),  m(256,1,1,4): 8 x 21.385 us = 171.08 us (392.266 GFLOPS/s)
GET_ROWS: 24 x 4.113 us = 98.72 us
GLU: 30 x 5.669 us = 170.08 us
MUL: 44 x 3.417 us = 150.36 us
MUL_MAT f32 m=64 n=128 k=64: 16 x 2.67 us = 42.72 us (389.657 GFLOPS/s)
MUL_MAT f32 m=64 n=32 k=64: 16 x 2.502 us = 40.04 us (103.934 GFLOPS/s)
MUL_MAT_VEC q4_0_rocmfp4_fast m=10752 n=4 k=2048: 60 x 86.748 us = 5204.88 us (2030.22 GFLOPS/s)
MUL_MAT_VEC q4_0_rocmfp4_fast m=2048 n=1 k=2048 batch=4: 22 x 40.943 us = 900.76 us (819.327 GFLOPS/s)
MUL_MAT_VEC q4_0_rocmfp4_fast m=2048 n=4 k=10752: 30 x 85.821 us = 2574.64 us (2052.55 GFLOPS/s)
MUL_MAT_VEC q4_0_rocmfp4_fast m=2048 n=4 k=2048: 16 x 23.172 us = 370.76 us (1447.67 GFLOPS/s)
MUL_MAT_VEC q4_0_rocmfp4_fast m=512 n=4 k=2048: 16 x 6.56 us = 104.96 us (1278.44 GFLOPS/s)
MUL_MAT_VEC q4_0_rocmfp4_fast m=6144 n=1 k=2048 batch=4: 22 x 109.38 us = 2406.36 us (920.083 GFLOPS/s)
MUL_MAT_VEC q6_K m=128000 n=4 k=2048: 1 x 1066.2 us = 1066.2 us (1966.46 GFLOPS/s)
RMS_NORM_MUL RMS_NORM(2048,4,1,1): 61 x 6.064 us = 369.96 us
RMS_NORM_MUL_ROPE RMS_NORM(64,32,4,1): 8 x 11.13 us = 89.04 us
RMS_NORM_MUL_ROPE RMS_NORM(64,8,4,1): 8 x 4.745 us = 37.96 us
SET_ROWS: 16 x 2.967 us = 47.48 us
SSM_CONV: 22 x 6.178 us = 135.92 us
Total time: 14245.4 us.
----------------
Vulkan Timings:
ADD: 60 x 2.387 us = 143.24 us
CONCAT: 22 x 3.11 us = 68.44 us
CPY: 22 x 1.78 us = 39.16 us
FLASH_ATTN_EXT dst(64,32,1,4),  q(64,1,32,4),  k(64,256,8,4),  v(64,256,8,4),  m(256,1,1,4): 8 x 20.385 us = 163.08 us (411.509 GFLOPS/s)
GET_ROWS: 24 x 2.81 us = 67.44 us
GLU: 30 x 5.544 us = 166.32 us
MUL: 44 x 3.245 us = 142.8 us
MUL_MAT f32 m=64 n=128 k=64: 16 x 2.502 us = 40.04 us (415.738 GFLOPS/s)
MUL_MAT f32 m=64 n=32 k=64: 16 x 2.57 us = 41.12 us (101.205 GFLOPS/s)
MUL_MAT_VEC q4_0_rocmfp4_fast m=10752 n=4 k=2048: 60 x 82.59 us = 4955.44 us (2132.42 GFLOPS/s)
MUL_MAT_VEC q4_0_rocmfp4_fast m=2048 n=1 k=2048 batch=4: 22 x 39.803 us = 875.68 us (842.793 GFLOPS/s)
MUL_MAT_VEC q4_0_rocmfp4_fast m=2048 n=4 k=10752: 30 x 83.378 us = 2501.36 us (2112.68 GFLOPS/s)
MUL_MAT_VEC q4_0_rocmfp4_fast m=2048 n=4 k=2048: 16 x 22.627 us = 362.04 us (1482.54 GFLOPS/s)
MUL_MAT_VEC q4_0_rocmfp4_fast m=512 n=4 k=2048: 16 x 5.83 us = 93.28 us (1438.52 GFLOPS/s)
MUL_MAT_VEC q4_0_rocmfp4_fast m=6144 n=1 k=2048 batch=4: 22 x 107.48 us = 2364.56 us (936.348 GFLOPS/s)
MUL_MAT_VEC q6_K m=128000 n=4 k=2048: 1 x 1126.92 us = 1126.92 us (1860.5 GFLOPS/s)
RMS_NORM_MUL RMS_NORM(2048,4,1,1): 61 x 5.82 us = 355.08 us
RMS_NORM_MUL_ROPE RMS_NORM(64,32,4,1): 8 x 10.725 us = 85.8 us
RMS_NORM_MUL_ROPE RMS_NORM(64,8,4,1): 8 x 4.51 us = 36.08 us
SET_ROWS: 16 x 2.547 us = 40.76 us
SSM_CONV: 22 x 5.97 us = 131.36 us
Total time: 13800 us.
----------------
Vulkan Timings:
ADD: 60 x 2.258 us = 135.52 us
CONCAT: 22 x 2.927 us = 64.4 us
CPY: 22 x 1.712 us = 37.68 us
FLASH_ATTN_EXT dst(64,32,1,4),  q(64,1,32,4),  k(64,256,8,4),  v(64,256,8,4),  m(256,1,1,4): 8 x 19.475 us = 155.8 us (430.737 GFLOPS/s)
GET_ROWS: 24 x 2.703 us = 64.88 us
GLU: 30 x 6.049 us = 181.48 us
MUL: 44 x 3.072 us = 135.2 us
MUL_MAT f32 m=64 n=128 k=64: 16 x 2.457 us = 39.32 us (423.351 GFLOPS/s)
MUL_MAT f32 m=64 n=32 k=64: 16 x 2.255 us = 36.08 us (115.342 GFLOPS/s)
MUL_MAT_VEC q4_0_rocmfp4_fast m=10752 n=4 k=2048: 60 x 77.05 us = 4623 us (2285.76 GFLOPS/s)
MUL_MAT_VEC q4_0_rocmfp4_fast m=2048 n=1 k=2048 batch=4: 22 x 37.854 us = 832.8 us (886.188 GFLOPS/s)
MUL_MAT_VEC q4_0_rocmfp4_fast m=2048 n=4 k=10752: 30 x 76.37 us = 2291.12 us (2306.55 GFLOPS/s)
MUL_MAT_VEC q4_0_rocmfp4_fast m=2048 n=4 k=2048: 16 x 21.022 us = 336.36 us (1595.73 GFLOPS/s)
MUL_MAT_VEC q4_0_rocmfp4_fast m=512 n=4 k=2048: 16 x 5.945 us = 95.12 us (1410.69 GFLOPS/s)
MUL_MAT_VEC q4_0_rocmfp4_fast m=6144 n=1 k=2048 batch=4: 22 x 101.256 us = 2227.64 us (993.9 GFLOPS/s)
MUL_MAT_VEC q6_K m=128000 n=4 k=2048: 1 x 1067.84 us = 1067.84 us (1963.44 GFLOPS/s)
RMS_NORM_MUL RMS_NORM(2048,4,1,1): 61 x 5.512 us = 336.24 us
RMS_NORM_MUL_ROPE RMS_NORM(64,32,4,1): 8 x 10.28 us = 82.24 us
RMS_NORM_MUL_ROPE RMS_NORM(64,8,4,1): 8 x 4.315 us = 34.52 us
SET_ROWS: 16 x 2.67 us = 42.72 us
SSM_CONV: 22 x 5.65 us = 124.32 us
Total time: 12944.3 us.
----------------
Vulkan Timings:
ADD: 60 x 2.083 us = 125 us
CONCAT: 22 x 2.93 us = 64.48 us
CPY: 22 x 1.649 us = 36.28 us
FLASH_ATTN_EXT dst(64,32,1,4),  q(64,1,32,4),  k(64,256,8,4),  v(64,256,8,4),  m(256,1,1,4): 8 x 18.155 us = 145.24 us (462.055 GFLOPS/s)
GET_ROWS: 24 x 3.606 us = 86.56 us
GLU: 30 x 5.212 us = 156.36 us
MUL: 44 x 2.902 us = 127.72 us
MUL_MAT f32 m=64 n=128 k=64: 16 x 2.31 us = 36.96 us (450.383 GFLOPS/s)
MUL_MAT f32 m=64 n=32 k=64: 16 x 2.03 us = 32.48 us (128.126 GFLOPS/s)
MUL_MAT_VEC q4_0_rocmfp4_fast m=10752 n=4 k=2048: 60 x 69.792 us = 4187.56 us (2523.44 GFLOPS/s)
MUL_MAT_VEC q4_0_rocmfp4_fast m=2048 n=1 k=2048 batch=4: 22 x 33.514 us = 737.32 us (1000.95 GFLOPS/s)
MUL_MAT_VEC q4_0_rocmfp4_fast m=2048 n=4 k=10752: 30 x 68.477 us = 2054.32 us (2572.42 GFLOPS/s)
MUL_MAT_VEC q4_0_rocmfp4_fast m=2048 n=4 k=2048: 16 x 20.92 us = 334.72 us (1603.55 GFLOPS/s)
MUL_MAT_VEC q4_0_rocmfp4_fast m=512 n=4 k=2048: 16 x 4.052 us = 64.84 us (2069.48 GFLOPS/s)
MUL_MAT_VEC q4_0_rocmfp4_fast m=6144 n=1 k=2048 batch=4: 22 x 91.314 us = 2008.92 us (1102.11 GFLOPS/s)
MUL_MAT_VEC q6_K m=128000 n=4 k=2048: 1 x 1070.08 us = 1070.08 us (1959.33 GFLOPS/s)
RMS_NORM_MUL RMS_NORM(2048,4,1,1): 61 x 5.182 us = 316.16 us
RMS_NORM_MUL_ROPE RMS_NORM(64,32,4,1): 8 x 9.505 us = 76.04 us
RMS_NORM_MUL_ROPE RMS_NORM(64,8,4,1): 8 x 3.98 us = 31.84 us
SET_ROWS: 16 x 2.612 us = 41.8 us
SSM_CONV: 22 x 5.745 us = 126.4 us
Total time: 11861.1 us.
----------------
Vulkan Timings:
ADD: 60 x 2.104 us = 126.28 us
CONCAT: 22 x 2.729 us = 60.04 us
CPY: 22 x 1.647 us = 36.24 us
FLASH_ATTN_EXT dst(64,32,1,4),  q(64,1,32,4),  k(64,256,8,4),  v(64,256,8,4),  m(256,1,1,4): 8 x 17.61 us = 140.88 us (476.355 GFLOPS/s)
GET_ROWS: 24 x 2.526 us = 60.64 us
GLU: 30 x 6.021 us = 180.64 us
MUL: 44 x 2.844 us = 125.16 us
MUL_MAT f32 m=64 n=128 k=64: 16 x 2.295 us = 36.72 us (453.326 GFLOPS/s)
MUL_MAT f32 m=64 n=32 k=64: 16 x 2.225 us = 35.6 us (116.897 GFLOPS/s)
MUL_MAT_VEC q4_0_rocmfp4_fast m=10752 n=4 k=2048: 60 x 71.536 us = 4292.16 us (2461.95 GFLOPS/s)
MUL_MAT_VEC q4_0_rocmfp4_fast m=2048 n=1 k=2048 batch=4: 22 x 33.909 us = 746 us (989.299 GFLOPS/s)
MUL_MAT_VEC q4_0_rocmfp4_fast m=2048 n=4 k=10752: 30 x 69.498 us = 2084.96 us (2534.62 GFLOPS/s)
MUL_MAT_VEC q4_0_rocmfp4_fast m=2048 n=4 k=2048: 16 x 21.06 us = 336.96 us (1592.89 GFLOPS/s)
MUL_MAT_VEC q4_0_rocmfp4_fast m=512 n=4 k=2048: 16 x 4.06 us = 64.96 us (2065.66 GFLOPS/s)
MUL_MAT_VEC q4_0_rocmfp4_fast m=6144 n=1 k=2048 batch=4: 22 x 92.93 us = 2044.48 us (1082.94 GFLOPS/s)
MUL_MAT_VEC q6_K m=128000 n=4 k=2048: 1 x 1063.92 us = 1063.92 us (1970.67 GFLOPS/s)
RMS_NORM_MUL RMS_NORM(2048,4,1,1): 61 x 5.283 us = 322.32 us
RMS_NORM_MUL_ROPE RMS_NORM(64,32,4,1): 8 x 9.63 us = 77.04 us
RMS_NORM_MUL_ROPE RMS_NORM(64,8,4,1): 8 x 4 us = 32 us
SET_ROWS: 16 x 2.54 us = 40.64 us
SSM_CONV: 22 x 5.287 us = 116.32 us
Total time: 12024 us.
----------------
Vulkan Timings:
ADD: 60 x 2.03 us = 121.84 us
CONCAT: 22 x 2.463 us = 54.2 us
CPY: 22 x 1.609 us = 35.4 us
FLASH_ATTN_EXT dst(64,32,1,4),  q(64,1,32,4),  k(64,256,8,4),  v(64,256,8,4),  m(256,1,1,4): 8 x 16.26 us = 130.08 us (515.905 GFLOPS/s)
GET_ROWS: 24 x 2.35 us = 56.4 us
GLU: 30 x 5.58 us = 167.4 us
MUL: 44 x 2.61 us = 114.84 us
MUL_MAT f32 m=64 n=128 k=64: 16 x 2.172 us = 34.76 us (478.888 GFLOPS/s)
MUL_MAT f32 m=64 n=32 k=64: 16 x 2.082 us = 33.32 us (124.896 GFLOPS/s)
MUL_MAT_VEC q4_0_rocmfp4_fast m=10752 n=4 k=2048: 60 x 64.168 us = 3850.12 us (2744.61 GFLOPS/s)
MUL_MAT_VEC q4_0_rocmfp4_fast m=2048 n=1 k=2048 batch=4: 22 x 30.861 us = 678.96 us (1086.98 GFLOPS/s)
MUL_MAT_VEC q4_0_rocmfp4_fast m=2048 n=4 k=10752: 30 x 63.428 us = 1902.84 us (2777.21 GFLOPS/s)
MUL_MAT_VEC q4_0_rocmfp4_fast m=2048 n=4 k=2048: 16 x 19.705 us = 315.28 us (1702.42 GFLOPS/s)
MUL_MAT_VEC q4_0_rocmfp4_fast m=512 n=4 k=2048: 16 x 3.745 us = 59.92 us (2239.4 GFLOPS/s)
MUL_MAT_VEC q4_0_rocmfp4_fast m=6144 n=1 k=2048 batch=4: 22 x 84.769 us = 1864.92 us (1187.21 GFLOPS/s)
MUL_MAT_VEC q6_K m=128000 n=4 k=2048: 1 x 1070.84 us = 1070.84 us (1957.94 GFLOPS/s)
RMS_NORM_MUL RMS_NORM(2048,4,1,1): 61 x 5.033 us = 307.04 us
RMS_NORM_MUL_ROPE RMS_NORM(64,32,4,1): 8 x 8.82 us = 70.56 us
RMS_NORM_MUL_ROPE RMS_NORM(64,8,4,1): 8 x 3.555 us = 28.44 us
SET_ROWS: 16 x 2.327 us = 37.24 us
SSM_CONV: 22 x 4.796 us = 105.52 us
Total time: 11039.9 us.
0.23.507.879 I slot print_timing: id  3 | task 289 | prompt eval time =     186.20 ms /   128 tokens (    1.45 ms per token,   687.43 tokens per second)
0.23.507.888 I slot print_timing: id  3 | task 289 |        eval time =     914.69 ms /    48 tokens (   19.46 ms per token,    51.38 tokens per second)
0.23.507.890 I slot print_timing: id  3 | task 289 |       total time =    1100.89 ms /   176 tokens
0.23.507.893 I slot print_timing: id  3 | task 289 |    graphs reused =        299
0.23.507.941 I slot      release: id  3 | task 289 | stop processing: n_tokens = 175, truncated = 0
----------------
Vulkan Timings:
ADD: 60 x 2.964 us = 177.88 us
CONCAT: 22 x 6.154 us = 135.4 us
CPY: 22 x 5.638 us = 124.04 us
FLASH_ATTN_EXT dst(64,32,1,3),  q(64,1,32,3),  k(64,256,8,3),  v(64,256,8,3),  m(256,1,1,3): 8 x 33.005 us = 264.04 us (190.621 GFLOPS/s)
GET_ROWS: 24 x 5.21 us = 125.04 us
GLU: 30 x 3.513 us = 105.4 us
MUL: 44 x 4.477 us = 197 us
MUL_MAT f32 m=64 n=24 k=64: 16 x 4.115 us = 65.84 us (47.4051 GFLOPS/s)
MUL_MAT f32 m=64 n=96 k=64: 16 x 5.075 us = 81.2 us (153.751 GFLOPS/s)
MUL_MAT_VEC q4_0_rocmfp4_fast m=10752 n=3 k=2048: 60 x 130.56 us = 7833.64 us (1011.7 GFLOPS/s)
MUL_MAT_VEC q4_0_rocmfp4_fast m=2048 n=1 k=2048 batch=3: 22 x 55.38 us = 1218.36 us (454.31 GFLOPS/s)
MUL_MAT_VEC q4_0_rocmfp4_fast m=2048 n=3 k=10752: 30 x 124.444 us = 3733.32 us (1061.64 GFLOPS/s)
MUL_MAT_VEC q4_0_rocmfp4_fast m=2048 n=3 k=2048: 16 x 35.37 us = 565.92 us (711.328 GFLOPS/s)
MUL_MAT_VEC q4_0_rocmfp4_fast m=512 n=3 k=2048: 16 x 9.33 us = 149.28 us (674.161 GFLOPS/s)
MUL_MAT_VEC q4_0_rocmfp4_fast m=6144 n=1 k=2048 batch=3: 22 x 148.361 us = 3263.96 us (508.75 GFLOPS/s)
MUL_MAT_VEC q6_K m=128000 n=3 k=2048: 1 x 986.24 us = 986.24 us (1594.42 GFLOPS/s)
RMS_NORM_MUL RMS_NORM(2048,3,1,1): 61 x 10.1 us = 616.16 us
RMS_NORM_MUL_ROPE RMS_NORM(64,32,3,1): 8 x 14.59 us = 116.72 us
RMS_NORM_MUL_ROPE RMS_NORM(64,8,3,1): 8 x 7.47 us = 59.76 us
SET_ROWS: 16 x 5.142 us = 82.28 us
SSM_CONV: 22 x 7.94 us = 174.68 us
Total time: 20076.2 us.
----------------
Vulkan Timings:
ADD: 60 x 1.88 us = 112.84 us
CONCAT: 22 x 2.36 us = 51.92 us
CPY: 22 x 1.672 us = 36.8 us
FLASH_ATTN_EXT dst(64,32,1,3),  q(64,1,32,3),  k(64,256,8,3),  v(64,256,8,3),  m(256,1,1,3): 8 x 14.57 us = 116.56 us (431.809 GFLOPS/s)
GET_ROWS: 24 x 2.308 us = 55.4 us
GLU: 30 x 2.668 us = 80.04 us
MUL: 44 x 2.507 us = 110.32 us
MUL_MAT f32 m=64 n=24 k=64: 16 x 2.125 us = 34 us (91.7986 GFLOPS/s)
MUL_MAT f32 m=64 n=96 k=64: 16 x 2.117 us = 33.88 us (368.495 GFLOPS/s)
MUL_MAT_VEC q4_0_rocmfp4_fast m=10752 n=3 k=2048: 60 x 57.299 us = 3437.96 us (2305.23 GFLOPS/s)
MUL_MAT_VEC q4_0_rocmfp4_fast m=2048 n=1 k=2048 batch=3: 22 x 24.114 us = 530.52 us (1043.34 GFLOPS/s)
MUL_MAT_VEC q4_0_rocmfp4_fast m=2048 n=3 k=10752: 30 x 56.436 us = 1693.08 us (2340.96 GFLOPS/s)
MUL_MAT_VEC q4_0_rocmfp4_fast m=2048 n=3 k=2048: 16 x 16.887 us = 270.2 us (1489.84 GFLOPS/s)
MUL_MAT_VEC q4_0_rocmfp4_fast m=512 n=3 k=2048: 16 x 3.15 us = 50.4 us (1996.8 GFLOPS/s)
MUL_MAT_VEC q4_0_rocmfp4_fast m=6144 n=1 k=2048 batch=3: 22 x 63.629 us = 1399.84 us (1186.23 GFLOPS/s)
MUL_MAT_VEC q6_K m=128000 n=3 k=2048: 1 x 1041.16 us = 1041.16 us (1510.32 GFLOPS/s)
RMS_NORM_MUL RMS_NORM(2048,3,1,1): 61 x 4.516 us = 275.52 us
RMS_NORM_MUL_ROPE RMS_NORM(64,32,3,1): 8 x 7.985 us = 63.88 us
RMS_NORM_MUL_ROPE RMS_NORM(64,8,3,1): 8 x 3.52 us = 28.16 us
SET_ROWS: 16 x 2.185 us = 34.96 us
SSM_CONV: 22 x 3.903 us = 85.88 us
Total time: 9543.32 us.
----------------
Vulkan Timings:
ADD: 60 x 2.169 us = 130.16 us
CONCAT: 22 x 2.79 us = 61.4 us
CPY: 22 x 1.658 us = 36.48 us
FLASH_ATTN_EXT dst(64,32,1,3),  q(64,1,32,3),  k(64,256,8,3),  v(64,256,8,3),  m(256,1,1,3): 8 x 18.615 us = 148.92 us (337.978 GFLOPS/s)
GET_ROWS: 24 x 3.506 us = 84.16 us
GLU: 30 x 3.01 us = 90.32 us
MUL: 44 x 2.933 us = 129.08 us
MUL_MAT f32 m=64 n=24 k=64: 16 x 2.302 us = 36.84 us (84.7218 GFLOPS/s)
MUL_MAT f32 m=64 n=96 k=64: 16 x 2.37 us = 37.92 us (329.235 GFLOPS/s)
MUL_MAT_VEC q4_0_rocmfp4_fast m=10752 n=3 k=2048: 60 x 64.222 us = 3853.32 us (2056.75 GFLOPS/s)
MUL_MAT_VEC q4_0_rocmfp4_fast m=2048 n=1 k=2048 batch=3: 22 x 28.589 us = 628.96 us (880.045 GFLOPS/s)
MUL_MAT_VEC q4_0_rocmfp4_fast m=2048 n=3 k=10752: 30 x 63.05 us = 1891.52 us (2095.37 GFLOPS/s)
MUL_MAT_VEC q4_0_rocmfp4_fast m=2048 n=3 k=2048: 16 x 18.845 us = 301.52 us (1335.09 GFLOPS/s)
MUL_MAT_VEC q4_0_rocmfp4_fast m=512 n=3 k=2048: 16 x 4.492 us = 71.88 us (1400.09 GFLOPS/s)
MUL_MAT_VEC q4_0_rocmfp4_fast m=6144 n=1 k=2048 batch=3: 22 x 75.532 us = 1661.72 us (999.289 GFLOPS/s)
MUL_MAT_VEC q6_K m=128000 n=3 k=2048: 1 x 1084.88 us = 1084.88 us (1449.45 GFLOPS/s)
RMS_NORM_MUL RMS_NORM(2048,3,1,1): 61 x 5.34 us = 325.76 us
RMS_NORM_MUL_ROPE RMS_NORM(64,32,3,1): 8 x 10.555 us = 84.44 us
RMS_NORM_MUL_ROPE RMS_NORM(64,8,3,1): 8 x 7.285 us = 58.28 us
SET_ROWS: 16 x 2.617 us = 41.88 us
SSM_CONV: 22 x 4.845 us = 106.6 us
Total time: 10866 us.
----------------
Vulkan Timings:
ADD: 60 x 2.704 us = 162.24 us
CONCAT: 22 x 4.05 us = 89.12 us
CPY: 22 x 3.09 us = 68 us
FLASH_ATTN_EXT dst(64,32,1,3),  q(64,1,32,3),  k(64,256,8,3),  v(64,256,8,3),  m(256,1,1,3): 8 x 25.28 us = 202.24 us (248.871 GFLOPS/s)
GET_ROWS: 24 x 3.736 us = 89.68 us
GLU: 30 x 2.841 us = 85.24 us
MUL: 44 x 4.14 us = 182.2 us
MUL_MAT f32 m=64 n=24 k=64: 16 x 2.972 us = 47.56 us (65.6256 GFLOPS/s)
MUL_MAT f32 m=64 n=96 k=64: 16 x 3.445 us = 55.12 us (226.499 GFLOPS/s)
MUL_MAT_VEC q4_0_rocmfp4_fast m=10752 n=3 k=2048: 60 x 98.221 us = 5893.28 us (1344.8 GFLOPS/s)
MUL_MAT_VEC q4_0_rocmfp4_fast m=2048 n=1 k=2048 batch=3: 22 x 42.872 us = 943.2 us (586.846 GFLOPS/s)
MUL_MAT_VEC q4_0_rocmfp4_fast m=2048 n=3 k=10752: 30 x 95.238 us = 2857.16 us (1387.19 GFLOPS/s)
MUL_MAT_VEC q4_0_rocmfp4_fast m=2048 n=3 k=2048: 16 x 25.385 us = 406.16 us (991.124 GFLOPS/s)
MUL_MAT_VEC q4_0_rocmfp4_fast m=512 n=3 k=2048: 16 x 7.765 us = 124.24 us (810.035 GFLOPS/s)
MUL_MAT_VEC q4_0_rocmfp4_fast m=6144 n=1 k=2048 batch=3: 22 x 111.074 us = 2443.64 us (679.535 GFLOPS/s)
MUL_MAT_VEC q6_K m=128000 n=3 k=2048: 1 x 1009.08 us = 1009.08 us (1558.33 GFLOPS/s)
RMS_NORM_MUL RMS_NORM(2048,3,1,1): 61 x 8.003 us = 488.24 us
RMS_NORM_MUL_ROPE RMS_NORM(64,32,3,1): 8 x 12.42 us = 99.36 us
RMS_NORM_MUL_ROPE RMS_NORM(64,8,3,1): 8 x 5.71 us = 45.68 us
SET_ROWS: 16 x 4.225 us = 67.6 us
SSM_CONV: 22 x 6.516 us = 143.36 us
Total time: 15502.4 us.
----------------
Vulkan Timings:
ADD: 60 x 2.691 us = 161.48 us
CONCAT: 22 x 3.254 us = 71.6 us
CPY: 22 x 1.812 us = 39.88 us
FLASH_ATTN_EXT dst(64,32,1,3),  q(64,1,32,3),  k(64,256,8,3),  v(64,256,8,3),  m(256,1,1,3): 8 x 20.16 us = 161.28 us (312.076 GFLOPS/s)
GET_ROWS: 24 x 2.993 us = 71.84 us
GLU: 30 x 4.958 us = 148.76 us
MUL: 44 x 3.393 us = 149.32 us
MUL_MAT f32 m=64 n=24 k=64: 16 x 2.852 us = 45.64 us (68.3863 GFLOPS/s)
MUL_MAT f32 m=64 n=96 k=64: 16 x 2.565 us = 41.04 us (304.206 GFLOPS/s)
MUL_MAT_VEC q4_0_rocmfp4_fast m=10752 n=3 k=2048: 60 x 74.828 us = 4489.72 us (1765.21 GFLOPS/s)
MUL_MAT_VEC q4_0_rocmfp4_fast m=2048 n=1 k=2048 batch=3: 22 x 32.112 us = 706.48 us (783.48 GFLOPS/s)
MUL_MAT_VEC q4_0_rocmfp4_fast m=2048 n=3 k=10752: 30 x 72.31 us = 2169.32 us (1827.04 GFLOPS/s)
MUL_MAT_VEC q4_0_rocmfp4_fast m=2048 n=3 k=2048: 16 x 19.805 us = 316.88 us (1270.37 GFLOPS/s)
MUL_MAT_VEC q4_0_rocmfp4_fast m=512 n=3 k=2048: 16 x 5.842 us = 93.48 us (1076.58 GFLOPS/s)
MUL_MAT_VEC q4_0_rocmfp4_fast m=6144 n=1 k=2048 batch=3: 22 x 85.327 us = 1877.2 us (884.583 GFLOPS/s)
MUL_MAT_VEC q6_K m=128000 n=3 k=2048: 1 x 1070.52 us = 1070.52 us (1468.89 GFLOPS/s)
RMS_NORM_MUL RMS_NORM(2048,3,1,1): 61 x 6.167 us = 376.2 us
RMS_NORM_MUL_ROPE RMS_NORM(64,32,3,1): 8 x 10.545 us = 84.36 us
RMS_NORM_MUL_ROPE RMS_NORM(64,8,3,1): 8 x 4.705 us = 37.64 us
SET_ROWS: 16 x 2.707 us = 43.32 us
SSM_CONV: 22 x 5.592 us = 123.04 us
Total time: 12279 us.
----------------
Vulkan Timings:
ADD: 60 x 2.602 us = 156.16 us
CONCAT: 22 x 4.467 us = 98.28 us
CPY: 22 x 2.929 us = 64.44 us
FLASH_ATTN_EXT dst(64,32,1,3),  q(64,1,32,3),  k(64,256,8,3),  v(64,256,8,3),  m(256,1,1,3): 8 x 24.395 us = 195.16 us (257.899 GFLOPS/s)
GET_ROWS: 24 x 3.908 us = 93.8 us
GLU: 30 x 2.862 us = 85.88 us
MUL: 44 x 3.833 us = 168.68 us
MUL_MAT f32 m=64 n=24 k=64: 16 x 2.867 us = 45.88 us (68.0286 GFLOPS/s)
MUL_MAT f32 m=64 n=96 k=64: 16 x 3.517 us = 56.28 us (221.83 GFLOPS/s)
MUL_MAT_VEC q4_0_rocmfp4_fast m=10752 n=3 k=2048: 60 x 95.726 us = 5743.6 us (1379.85 GFLOPS/s)
MUL_MAT_VEC q4_0_rocmfp4_fast m=2048 n=1 k=2048 batch=3: 22 x 41.705 us = 917.52 us (603.271 GFLOPS/s)
MUL_MAT_VEC q4_0_rocmfp4_fast m=2048 n=3 k=10752: 30 x 91.812 us = 2754.36 us (1438.97 GFLOPS/s)
MUL_MAT_VEC q4_0_rocmfp4_fast m=2048 n=3 k=2048: 16 x 24.46 us = 391.36 us (1028.61 GFLOPS/s)
MUL_MAT_VEC q4_0_rocmfp4_fast m=512 n=3 k=2048: 16 x 7.537 us = 120.6 us (834.484 GFLOPS/s)
MUL_MAT_VEC q4_0_rocmfp4_fast m=6144 n=1 k=2048 batch=3: 22 x 107.347 us = 2361.64 us (703.13 GFLOPS/s)
MUL_MAT_VEC q6_K m=128000 n=3 k=2048: 1 x 1011.04 us = 1011.04 us (1555.31 GFLOPS/s)
RMS_NORM_MUL RMS_NORM(2048,3,1,1): 61 x 7.929 us = 483.72 us
RMS_NORM_MUL_ROPE RMS_NORM(64,32,3,1): 8 x 11.98 us = 95.84 us
RMS_NORM_MUL_ROPE RMS_NORM(64,8,3,1): 8 x 5.45 us = 43.6 us
SET_ROWS: 16 x 4.05 us = 64.8 us
SSM_CONV: 22 x 6.487 us = 142.72 us
Total time: 15095.4 us.
----------------
Vulkan Timings:
ADD: 60 x 1.885 us = 113.12 us
CONCAT: 22 x 2.383 us = 52.44 us
CPY: 22 x 1.6 us = 35.2 us
FLASH_ATTN_EXT dst(64,32,1,3),  q(64,1,32,3),  k(64,256,8,3),  v(64,256,8,3),  m(256,1,1,3): 8 x 15.435 us = 123.48 us (407.61 GFLOPS/s)
GET_ROWS: 24 x 2.281 us = 54.76 us
GLU: 30 x 2.57 us = 77.12 us
MUL: 44 x 2.533 us = 111.48 us
MUL_MAT f32 m=64 n=24 k=64: 16 x 2.15 us = 34.4 us (90.7312 GFLOPS/s)
MUL_MAT f32 m=64 n=96 k=64: 16 x 2.147 us = 34.36 us (363.347 GFLOPS/s)
MUL_MAT_VEC q4_0_rocmfp4_fast m=10752 n=3 k=2048: 60 x 57.763 us = 3465.8 us (2286.72 GFLOPS/s)
MUL_MAT_VEC q4_0_rocmfp4_fast m=2048 n=1 k=2048 batch=3: 22 x 24.398 us = 536.76 us (1031.21 GFLOPS/s)
MUL_MAT_VEC q4_0_rocmfp4_fast m=2048 n=3 k=10752: 30 x 57.262 us = 1717.88 us (2307.17 GFLOPS/s)
MUL_MAT_VEC q4_0_rocmfp4_fast m=2048 n=3 k=2048: 16 x 17.3 us = 276.8 us (1454.32 GFLOPS/s)
MUL_MAT_VEC q4_0_rocmfp4_fast m=512 n=3 k=2048: 16 x 3.282 us = 52.52 us (1916.2 GFLOPS/s)
MUL_MAT_VEC q4_0_rocmfp4_fast m=6144 n=1 k=2048 batch=3: 22 x 66.214 us = 1456.72 us (1139.92 GFLOPS/s)
MUL_MAT_VEC q6_K m=128000 n=3 k=2048: 1 x 1041.12 us = 1041.12 us (1510.37 GFLOPS/s)
RMS_NORM_MUL RMS_NORM(2048,3,1,1): 61 x 4.547 us = 277.4 us
RMS_NORM_MUL_ROPE RMS_NORM(64,32,3,1): 8 x 8.33 us = 66.64 us
RMS_NORM_MUL_ROPE RMS_NORM(64,8,3,1): 8 x 3.565 us = 28.52 us
SET_ROWS: 16 x 2.09 us = 33.44 us
SSM_CONV: 22 x 4.078 us = 89.72 us
Total time: 9679.68 us.
----------------
Vulkan Timings:
ADD: 60 x 2.302 us = 138.16 us
CONCAT: 22 x 2.854 us = 62.8 us
CPY: 22 x 1.669 us = 36.72 us
FLASH_ATTN_EXT dst(64,32,1,3),  q(64,1,32,3),  k(64,256,8,3),  v(64,256,8,3),  m(256,1,1,3): 8 x 18.74 us = 149.92 us (335.723 GFLOPS/s)
GET_ROWS: 24 x 2.666 us = 64 us
GLU: 30 x 4.017 us = 120.52 us
MUL: 44 x 3.031 us = 133.4 us
MUL_MAT f32 m=64 n=24 k=64: 16 x 2.462 us = 39.4 us (79.2171 GFLOPS/s)
MUL_MAT f32 m=64 n=96 k=64: 16 x 2.375 us = 38 us (328.542 GFLOPS/s)
MUL_MAT_VEC q4_0_rocmfp4_fast m=10752 n=3 k=2048: 60 x 67.107 us = 4026.44 us (1968.31 GFLOPS/s)
MUL_MAT_VEC q4_0_rocmfp4_fast m=2048 n=1 k=2048 batch=3: 22 x 29.223 us = 642.92 us (860.936 GFLOPS/s)
MUL_MAT_VEC q4_0_rocmfp4_fast m=2048 n=3 k=10752: 30 x 65.565 us = 1966.96 us (2015 GFLOPS/s)
MUL_MAT_VEC q4_0_rocmfp4_fast m=2048 n=3 k=2048: 16 x 18.975 us = 303.6 us (1325.94 GFLOPS/s)
MUL_MAT_VEC q4_0_rocmfp4_fast m=512 n=3 k=2048: 16 x 4.765 us = 76.24 us (1320.03 GFLOPS/s)
MUL_MAT_VEC q4_0_rocmfp4_fast m=6144 n=1 k=2048 batch=3: 22 x 77.281 us = 1700.2 us (976.673 GFLOPS/s)
MUL_MAT_VEC q6_K m=128000 n=3 k=2048: 1 x 1012.6 us = 1012.6 us (1552.91 GFLOPS/s)
RMS_NORM_MUL RMS_NORM(2048,3,1,1): 61 x 5.616 us = 342.6 us
RMS_NORM_MUL_ROPE RMS_NORM(64,32,3,1): 8 x 9.955 us = 79.64 us
RMS_NORM_MUL_ROPE RMS_NORM(64,8,3,1): 8 x 4.32 us = 34.56 us
SET_ROWS: 16 x 2.482 us = 39.72 us
SSM_CONV: 22 x 4.936 us = 108.6 us
Total time: 11117 us.
----------------
Vulkan Timings:
ADD: 60 x 2.654 us = 159.28 us
CONCAT: 22 x 3.898 us = 85.76 us
CPY: 22 x 3.005 us = 66.12 us
FLASH_ATTN_EXT dst(64,32,1,3),  q(64,1,32,3),  k(64,256,8,3),  v(64,256,8,3),  m(256,1,1,3): 8 x 26.32 us = 210.56 us (239.037 GFLOPS/s)
GET_ROWS: 24 x 4.056 us = 97.36 us
GLU: 30 x 2.948 us = 88.44 us
MUL: 44 x 4.139 us = 182.12 us
MUL_MAT f32 m=64 n=24 k=64: 16 x 3.597 us = 57.56 us (54.2243 GFLOPS/s)
MUL_MAT f32 m=64 n=96 k=64: 16 x 3.305 us = 52.88 us (236.093 GFLOPS/s)
MUL_MAT_VEC q4_0_rocmfp4_fast m=10752 n=3 k=2048: 60 x 97.69 us = 5861.44 us (1352.11 GFLOPS/s)
MUL_MAT_VEC q4_0_rocmfp4_fast m=2048 n=1 k=2048 batch=3: 22 x 41.934 us = 922.56 us (599.975 GFLOPS/s)
MUL_MAT_VEC q4_0_rocmfp4_fast m=2048 n=3 k=10752: 30 x 96.977 us = 2909.32 us (1362.32 GFLOPS/s)
MUL_MAT_VEC q4_0_rocmfp4_fast m=2048 n=3 k=2048: 16 x 26.24 us = 419.84 us (958.829 GFLOPS/s)
MUL_MAT_VEC q4_0_rocmfp4_fast m=512 n=3 k=2048: 16 x 8.38 us = 134.08 us (750.587 GFLOPS/s)
MUL_MAT_VEC q4_0_rocmfp4_fast m=6144 n=1 k=2048 batch=3: 22 x 109.458 us = 2408.08 us (689.57 GFLOPS/s)
MUL_MAT_VEC q6_K m=128000 n=3 k=2048: 1 x 996.16 us = 996.16 us (1578.54 GFLOPS/s)
RMS_NORM_MUL RMS_NORM(2048,3,1,1): 61 x 7.657 us = 467.08 us
RMS_NORM_MUL_ROPE RMS_NORM(64,32,3,1): 8 x 12.855 us = 102.84 us
RMS_NORM_MUL_ROPE RMS_NORM(64,8,3,1): 8 x 5.895 us = 47.16 us
SET_ROWS: 16 x 3.88 us = 62.08 us
SSM_CONV: 22 x 6.374 us = 140.24 us
Total time: 15471 us.
----------------
Vulkan Timings:
ADD: 60 x 2.101 us = 126.08 us
CONCAT: 22 x 2.685 us = 59.08 us
CPY: 22 x 1.634 us = 35.96 us
FLASH_ATTN_EXT dst(64,32,1,3),  q(64,1,32,3),  k(64,256,8,3),  v(64,256,8,3),  m(256,1,1,3): 8 x 17.78 us = 142.24 us (353.85 GFLOPS/s)
GET_ROWS: 24 x 3.28 us = 78.72 us
GLU: 30 x 3.11 us = 93.32 us
MUL: 44 x 2.803 us = 123.36 us
MUL_MAT f32 m=64 n=24 k=64: 16 x 1.857 us = 29.72 us (105.019 GFLOPS/s)
MUL_MAT f32 m=64 n=96 k=64: 16 x 2.352 us = 37.64 us (331.685 GFLOPS/s)
MUL_MAT_VEC q4_0_rocmfp4_fast m=10752 n=3 k=2048: 60 x 62.378 us = 3742.72 us (2117.52 GFLOPS/s)
MUL_MAT_VEC q4_0_rocmfp4_fast m=2048 n=1 k=2048 batch=3: 22 x 28.2 us = 620.4 us (892.187 GFLOPS/s)
MUL_MAT_VEC q4_0_rocmfp4_fast m=2048 n=3 k=10752: 30 x 61.993 us = 1859.8 us (2131.11 GFLOPS/s)
MUL_MAT_VEC q4_0_rocmfp4_fast m=2048 n=3 k=2048: 16 x 18.587 us = 297.4 us (1353.58 GFLOPS/s)
MUL_MAT_VEC q4_0_rocmfp4_fast m=512 n=3 k=2048: 16 x 3.607 us = 57.72 us (1743.57 GFLOPS/s)
MUL_MAT_VEC q4_0_rocmfp4_fast m=6144 n=1 k=2048 batch=3: 22 x 73.576 us = 1618.68 us (1025.86 GFLOPS/s)
MUL_MAT_VEC q6_K m=128000 n=3 k=2048: 1 x 994.76 us = 994.76 us (1580.76 GFLOPS/s)
RMS_NORM_MUL RMS_NORM(2048,3,1,1): 61 x 5.137 us = 313.4 us
RMS_NORM_MUL_ROPE RMS_NORM(64,32,3,1): 8 x 9.11 us = 72.88 us
RMS_NORM_MUL_ROPE RMS_NORM(64,8,3,1): 8 x 4.025 us = 32.2 us
SET_ROWS: 16 x 3.012 us = 48.2 us
SSM_CONV: 22 x 4.63 us = 101.88 us
Total time: 10486.2 us.
----------------
Vulkan Timings:
ADD: 60 x 1.957 us = 117.44 us
CONCAT: 22 x 2.534 us = 55.76 us
CPY: 22 x 1.594 us = 35.08 us
FLASH_ATTN_EXT dst(64,32,1,3),  q(64,1,32,3),  k(64,256,8,3),  v(64,256,8,3),  m(256,1,1,3): 8 x 16.685 us = 133.48 us (377.073 GFLOPS/s)
GET_ROWS: 24 x 2.401 us = 57.64 us
GLU: 30 x 2.984 us = 89.52 us
MUL: 44 x 2.706 us = 119.08 us
MUL_MAT f32 m=64 n=24 k=64: 16 x 1.865 us = 29.84 us (104.596 GFLOPS/s)
MUL_MAT f32 m=64 n=96 k=64: 16 x 2.22 us = 35.52 us (351.481 GFLOPS/s)
MUL_MAT_VEC q4_0_rocmfp4_fast m=10752 n=3 k=2048: 60 x 59.021 us = 3541.28 us (2237.98 GFLOPS/s)
MUL_MAT_VEC q4_0_rocmfp4_fast m=2048 n=1 k=2048 batch=3: 22 x 26.372 us = 580.2 us (954.004 GFLOPS/s)
MUL_MAT_VEC q4_0_rocmfp4_fast m=2048 n=3 k=10752: 30 x 59.245 us = 1777.36 us (2229.96 GFLOPS/s)
MUL_MAT_VEC q4_0_rocmfp4_fast m=2048 n=3 k=2048: 16 x 17.867 us = 285.88 us (1408.13 GFLOPS/s)
MUL_MAT_VEC q4_0_rocmfp4_fast m=512 n=3 k=2048: 16 x 3.42 us = 54.72 us (1839.16 GFLOPS/s)
MUL_MAT_VEC q4_0_rocmfp4_fast m=6144 n=1 k=2048 batch=3: 22 x 70.656 us = 1554.44 us (1068.26 GFLOPS/s)
MUL_MAT_VEC q6_K m=128000 n=3 k=2048: 1 x 1001.6 us = 1001.6 us (1569.97 GFLOPS/s)
RMS_NORM_MUL RMS_NORM(2048,3,1,1): 61 x 5.036 us = 307.2 us
RMS_NORM_MUL_ROPE RMS_NORM(64,32,3,1): 8 x 8.77 us = 70.16 us
RMS_NORM_MUL_ROPE RMS_NORM(64,8,3,1): 8 x 3.85 us = 30.8 us
SET_ROWS: 16 x 2.647 us = 42.36 us
SSM_CONV: 22 x 4.385 us = 96.48 us
Total time: 10015.8 us.
----------------
Vulkan Timings:
ADD: 60 x 2.64 us = 158.4 us
CONCAT: 22 x 4.014 us = 88.32 us
CPY: 22 x 2.189 us = 48.16 us
FLASH_ATTN_EXT dst(64,32,1,3),  q(64,1,32,3),  k(64,256,8,3),  v(64,256,8,3),  m(256,1,1,3): 8 x 23.435 us = 187.48 us (268.464 GFLOPS/s)
GET_ROWS: 24 x 3.89 us = 93.36 us
GLU: 30 x 3.068 us = 92.04 us
MUL: 44 x 3.981 us = 175.2 us
MUL_MAT f32 m=64 n=24 k=64: 16 x 3.04 us = 48.64 us (64.1684 GFLOPS/s)
MUL_MAT f32 m=64 n=96 k=64: 16 x 2.815 us = 45.04 us (277.189 GFLOPS/s)
MUL_MAT_VEC q4_0_rocmfp4_fast m=10752 n=3 k=2048: 60 x 92.494 us = 5549.64 us (1428.07 GFLOPS/s)
MUL_MAT_VEC q4_0_rocmfp4_fast m=2048 n=1 k=2048 batch=3: 22 x 39.767 us = 874.88 us (632.673 GFLOPS/s)
MUL_MAT_VEC q4_0_rocmfp4_fast m=2048 n=3 k=10752: 30 x 89.737 us = 2692.12 us (1472.23 GFLOPS/s)
MUL_MAT_VEC q4_0_rocmfp4_fast m=2048 n=3 k=2048: 16 x 23.57 us = 377.12 us (1067.45 GFLOPS/s)
MUL_MAT_VEC q4_0_rocmfp4_fast m=512 n=3 k=2048: 16 x 7.282 us = 116.52 us (863.703 GFLOPS/s)
MUL_MAT_VEC q4_0_rocmfp4_fast m=6144 n=1 k=2048 batch=3: 22 x 103.245 us = 2271.4 us (731.064 GFLOPS/s)
MUL_MAT_VEC q6_K m=128000 n=3 k=2048: 1 x 1011.8 us = 1011.8 us (1554.14 GFLOPS/s)
RMS_NORM_MUL RMS_NORM(2048,3,1,1): 61 x 7.658 us = 467.16 us
RMS_NORM_MUL_ROPE RMS_NORM(64,32,3,1): 8 x 11.92 us = 95.36 us
RMS_NORM_MUL_ROPE RMS_NORM(64,8,3,1): 8 x 5.155 us = 41.24 us
SET_ROWS: 16 x 3.812 us = 61 us
SSM_CONV: 22 x 6.627 us = 145.8 us
Total time: 14640.7 us.
----------------
Vulkan Timings:
ADD: 60 x 2.464 us = 147.84 us
CONCAT: 22 x 3.052 us = 67.16 us
CPY: 22 x 1.756 us = 38.64 us
FLASH_ATTN_EXT dst(64,32,1,3),  q(64,1,32,3),  k(64,256,8,3),  v(64,256,8,3),  m(256,1,1,3): 8 x 21.885 us = 175.08 us (287.478 GFLOPS/s)
GET_ROWS: 24 x 2.843 us = 68.24 us
GLU: 30 x 3.302 us = 99.08 us
MUL: 44 x 3.179 us = 139.88 us
MUL_MAT f32 m=64 n=24 k=64: 16 x 2.625 us = 42 us (74.3131 GFLOPS/s)
MUL_MAT f32 m=64 n=96 k=64: 16 x 2.485 us = 39.76 us (313.999 GFLOPS/s)
MUL_MAT_VEC q4_0_rocmfp4_fast m=10752 n=3 k=2048: 60 x 70.31 us = 4218.6 us (1878.66 GFLOPS/s)
MUL_MAT_VEC q4_0_rocmfp4_fast m=2048 n=1 k=2048 batch=3: 22 x 30.925 us = 680.36 us (813.559 GFLOPS/s)
MUL_MAT_VEC q4_0_rocmfp4_fast m=2048 n=3 k=10752: 30 x 68.545 us = 2056.36 us (1927.4 GFLOPS/s)
MUL_MAT_VEC q4_0_rocmfp4_fast m=2048 n=3 k=2048: 16 x 20.007 us = 320.12 us (1257.51 GFLOPS/s)
MUL_MAT_VEC q4_0_rocmfp4_fast m=512 n=3 k=2048: 16 x 5.717 us = 91.48 us (1100.12 GFLOPS/s)
MUL_MAT_VEC q4_0_rocmfp4_fast m=6144 n=1 k=2048 batch=3: 22 x 80.961 us = 1781.16 us (932.279 GFLOPS/s)
MUL_MAT_VEC q6_K m=128000 n=3 k=2048: 1 x 1014.8 us = 1014.8 us (1549.55 GFLOPS/s)
RMS_NORM_MUL RMS_NORM(2048,3,1,1): 61 x 5.853 us = 357.04 us
RMS_NORM_MUL_ROPE RMS_NORM(64,32,3,1): 8 x 10.06 us = 80.48 us
RMS_NORM_MUL_ROPE RMS_NORM(64,8,3,1): 8 x 4.485 us = 35.88 us
SET_ROWS: 16 x 3.072 us = 49.16 us
SSM_CONV: 22 x 5.258 us = 115.68 us
Total time: 11618.8 us.
----------------
Vulkan Timings:
ADD: 60 x 2.024 us = 121.44 us
CONCAT: 22 x 2.923 us = 64.32 us
CPY: 22 x 1.634 us = 35.96 us
FLASH_ATTN_EXT dst(64,32,1,3),  q(64,1,32,3),  k(64,256,8,3),  v(64,256,8,3),  m(256,1,1,3): 8 x 16.8 us = 134.4 us (374.491 GFLOPS/s)
GET_ROWS: 24 x 2.42 us = 58.08 us
GLU: 30 x 2.721 us = 81.64 us
MUL: 44 x 2.921 us = 128.56 us
MUL_MAT f32 m=64 n=24 k=64: 16 x 1.875 us = 30 us (104.038 GFLOPS/s)
MUL_MAT f32 m=64 n=96 k=64: 16 x 2.265 us = 36.24 us (344.498 GFLOPS/s)
MUL_MAT_VEC q4_0_rocmfp4_fast m=10752 n=3 k=2048: 60 x 59.224 us = 3553.44 us (2230.32 GFLOPS/s)
MUL_MAT_VEC q4_0_rocmfp4_fast m=2048 n=1 k=2048 batch=3: 22 x 25.51 us = 561.24 us (986.232 GFLOPS/s)
MUL_MAT_VEC q4_0_rocmfp4_fast m=2048 n=3 k=10752: 30 x 59.344 us = 1780.32 us (2226.25 GFLOPS/s)
MUL_MAT_VEC q4_0_rocmfp4_fast m=2048 n=3 k=2048: 16 x 17.872 us = 285.96 us (1407.73 GFLOPS/s)
MUL_MAT_VEC q4_0_rocmfp4_fast m=512 n=3 k=2048: 16 x 3.447 us = 55.16 us (1824.49 GFLOPS/s)
MUL_MAT_VEC q4_0_rocmfp4_fast m=6144 n=1 k=2048 batch=3: 22 x 70.267 us = 1545.88 us (1074.17 GFLOPS/s)
MUL_MAT_VEC q6_K m=128000 n=3 k=2048: 1 x 979.32 us = 979.32 us (1605.69 GFLOPS/s)
RMS_NORM_MUL RMS_NORM(2048,3,1,1): 61 x 4.841 us = 295.36 us
RMS_NORM_MUL_ROPE RMS_NORM(64,32,3,1): 8 x 8.795 us = 70.36 us
RMS_NORM_MUL_ROPE RMS_NORM(64,8,3,1): 8 x 3.85 us = 30.8 us
SET_ROWS: 16 x 2.525 us = 40.4 us
SSM_CONV: 22 x 4.36 us = 95.92 us
Total time: 9984.8 us.
----------------
Vulkan Timings:
ADD: 60 x 2.745 us = 164.72 us
CONCAT: 22 x 3.612 us = 79.48 us
CPY: 22 x 2.241 us = 49.32 us
FLASH_ATTN_EXT dst(64,32,1,3),  q(64,1,32,3),  k(64,256,8,3),  v(64,256,8,3),  m(256,1,1,3): 8 x 24.6 us = 196.8 us (255.75 GFLOPS/s)
GET_ROWS: 24 x 3.836 us = 92.08 us
GLU: 30 x 2.968 us = 89.04 us
MUL: 44 x 3.995 us = 175.8 us
MUL_MAT f32 m=64 n=24 k=64: 16 x 2.942 us = 47.08 us (66.2946 GFLOPS/s)
MUL_MAT f32 m=64 n=96 k=64: 16 x 3.297 us = 52.76 us (236.63 GFLOPS/s)
MUL_MAT_VEC q4_0_rocmfp4_fast m=10752 n=3 k=2048: 60 x 89.832 us = 5389.92 us (1470.39 GFLOPS/s)
MUL_MAT_VEC q4_0_rocmfp4_fast m=2048 n=1 k=2048 batch=3: 22 x 37.796 us = 831.52 us (665.664 GFLOPS/s)
MUL_MAT_VEC q4_0_rocmfp4_fast m=2048 n=3 k=10752: 30 x 88.221 us = 2646.64 us (1497.53 GFLOPS/s)
MUL_MAT_VEC q4_0_rocmfp4_fast m=2048 n=3 k=2048: 16 x 26.062 us = 417 us (965.359 GFLOPS/s)
MUL_MAT_VEC q4_0_rocmfp4_fast m=512 n=3 k=2048: 16 x 6.19 us = 99.04 us (1016.14 GFLOPS/s)
MUL_MAT_VEC q4_0_rocmfp4_fast m=6144 n=1 k=2048 batch=3: 22 x 100.234 us = 2205.16 us (753.024 GFLOPS/s)
MUL_MAT_VEC q6_K m=128000 n=3 k=2048: 1 x 1084.08 us = 1084.08 us (1450.52 GFLOPS/s)
RMS_NORM_MUL RMS_NORM(2048,3,1,1): 61 x 7.732 us = 471.68 us
RMS_NORM_MUL_ROPE RMS_NORM(64,32,3,1): 8 x 13.99 us = 111.92 us
RMS_NORM_MUL_ROPE RMS_NORM(64,8,3,1): 8 x 5.63 us = 45.04 us
SET_ROWS: 16 x 4.087 us = 65.4 us
SSM_CONV: 22 x 6.554 us = 144.2 us
Total time: 14458.7 us.
----------------
Vulkan Timings:
ADD: 60 x 2.306 us = 138.36 us
CONCAT: 22 x 2.914 us = 64.12 us
CPY: 22 x 1.681 us = 37 us
FLASH_ATTN_EXT dst(64,32,1,3),  q(64,1,32,3),  k(64,256,8,3),  v(64,256,8,3),  m(256,1,1,3): 8 x 18.2 us = 145.6 us (345.684 GFLOPS/s)
GET_ROWS: 24 x 2.72 us = 65.28 us
GLU: 30 x 3.081 us = 92.44 us
MUL: 44 x 3.026 us = 133.16 us
MUL_MAT f32 m=64 n=24 k=64: 16 x 2.465 us = 39.44 us (79.1367 GFLOPS/s)
MUL_MAT f32 m=64 n=96 k=64: 16 x 2.385 us = 38.16 us (327.165 GFLOPS/s)
MUL_MAT_VEC q4_0_rocmfp4_fast m=10752 n=3 k=2048: 60 x 66.662 us = 3999.72 us (1981.46 GFLOPS/s)
MUL_MAT_VEC q4_0_rocmfp4_fast m=2048 n=1 k=2048 batch=3: 22 x 29.525 us = 649.56 us (852.135 GFLOPS/s)
MUL_MAT_VEC q4_0_rocmfp4_fast m=2048 n=3 k=10752: 30 x 64.741 us = 1942.24 us (2040.65 GFLOPS/s)
MUL_MAT_VEC q4_0_rocmfp4_fast m=2048 n=3 k=2048: 16 x 18.64 us = 298.24 us (1349.77 GFLOPS/s)
MUL_MAT_VEC q4_0_rocmfp4_fast m=512 n=3 k=2048: 16 x 4.727 us = 75.64 us (1330.5 GFLOPS/s)
MUL_MAT_VEC q4_0_rocmfp4_fast m=6144 n=1 k=2048 batch=3: 22 x 78.323 us = 1723.12 us (963.682 GFLOPS/s)
MUL_MAT_VEC q6_K m=128000 n=3 k=2048: 1 x 1044.84 us = 1044.84 us (1505 GFLOPS/s)
RMS_NORM_MUL RMS_NORM(2048,3,1,1): 61 x 5.706 us = 348.12 us
RMS_NORM_MUL_ROPE RMS_NORM(64,32,3,1): 8 x 9.815 us = 78.52 us
RMS_NORM_MUL_ROPE RMS_NORM(64,8,3,1): 8 x 4.32 us = 34.56 us
SET_ROWS: 16 x 2.72 us = 43.52 us
SSM_CONV: 22 x 5.009 us = 110.2 us
Total time: 11101.8 us.
----------------
Vulkan Timings:
ADD: 60 x 2.44 us = 146.4 us
CONCAT: 22 x 3.278 us = 72.12 us
CPY: 22 x 1.785 us = 39.28 us
FLASH_ATTN_EXT dst(64,32,1,3),  q(64,1,32,3),  k(64,256,8,3),  v(64,256,8,3),  m(256,1,1,3): 8 x 20.605 us = 164.84 us (305.336 GFLOPS/s)
GET_ROWS: 24 x 2.953 us = 70.88 us
GLU: 30 x 3.252 us = 97.56 us
MUL: 44 x 3.572 us = 157.2 us
MUL_MAT f32 m=64 n=24 k=64: 16 x 2.762 us = 44.2 us (70.6143 GFLOPS/s)
MUL_MAT f32 m=64 n=96 k=64: 16 x 2.54 us = 40.64 us (307.2 GFLOPS/s)
MUL_MAT_VEC q4_0_rocmfp4_fast m=10752 n=3 k=2048: 60 x 74.952 us = 4497.16 us (1762.29 GFLOPS/s)
MUL_MAT_VEC q4_0_rocmfp4_fast m=2048 n=1 k=2048 batch=3: 22 x 33.118 us = 728.6 us (759.694 GFLOPS/s)
MUL_MAT_VEC q4_0_rocmfp4_fast m=2048 n=3 k=10752: 30 x 72.049 us = 2161.48 us (1833.67 GFLOPS/s)
MUL_MAT_VEC q4_0_rocmfp4_fast m=2048 n=3 k=2048: 16 x 19.66 us = 314.56 us (1279.74 GFLOPS/s)
MUL_MAT_VEC q4_0_rocmfp4_fast m=512 n=3 k=2048: 16 x 6.197 us = 99.16 us (1014.91 GFLOPS/s)
MUL_MAT_VEC q4_0_rocmfp4_fast m=6144 n=1 k=2048 batch=3: 22 x 84.354 us = 1855.8 us (894.783 GFLOPS/s)
MUL_MAT_VEC q6_K m=128000 n=3 k=2048: 1 x 1020.08 us = 1020.08 us (1541.53 GFLOPS/s)
RMS_NORM_MUL RMS_NORM(2048,3,1,1): 61 x 6.108 us = 372.64 us
RMS_NORM_MUL_ROPE RMS_NORM(64,32,3,1): 8 x 10.63 us = 85.04 us
RMS_NORM_MUL_ROPE RMS_NORM(64,8,3,1): 8 x 6.98 us = 55.84 us
SET_ROWS: 16 x 2.675 us = 42.8 us
SSM_CONV: 22 x 5.82 us = 128.04 us
Total time: 12194.3 us.
----------------
Vulkan Timings:
ADD: 60 x 2.057 us = 123.44 us
CONCAT: 22 x 2.643 us = 58.16 us
CPY: 22 x 1.634 us = 35.96 us
FLASH_ATTN_EXT dst(64,32,1,3),  q(64,1,32,3),  k(64,256,8,3),  v(64,256,8,3),  m(256,1,1,3): 8 x 17.1 us = 136.8 us (367.921 GFLOPS/s)
GET_ROWS: 24 x 2.485 us = 59.64 us
GLU: 30 x 2.844 us = 85.32 us
MUL: 44 x 2.766 us = 121.72 us
MUL_MAT f32 m=64 n=24 k=64: 16 x 1.91 us = 30.56 us (102.132 GFLOPS/s)
MUL_MAT f32 m=64 n=96 k=64: 16 x 2.305 us = 36.88 us (338.52 GFLOPS/s)
MUL_MAT_VEC q4_0_rocmfp4_fast m=10752 n=3 k=2048: 60 x 60.326 us = 3619.6 us (2189.55 GFLOPS/s)
MUL_MAT_VEC q4_0_rocmfp4_fast m=2048 n=1 k=2048 batch=3: 22 x 26.68 us = 586.96 us (943.016 GFLOPS/s)
MUL_MAT_VEC q4_0_rocmfp4_fast m=2048 n=3 k=10752: 30 x 61.141 us = 1834.24 us (2160.8 GFLOPS/s)
MUL_MAT_VEC q4_0_rocmfp4_fast m=2048 n=3 k=2048: 16 x 18.207 us = 291.32 us (1381.83 GFLOPS/s)
MUL_MAT_VEC q4_0_rocmfp4_fast m=512 n=3 k=2048: 16 x 3.497 us = 55.96 us (1798.4 GFLOPS/s)
MUL_MAT_VEC q4_0_rocmfp4_fast m=6144 n=1 k=2048 batch=3: 22 x 72.06 us = 1585.32 us (1047.45 GFLOPS/s)
MUL_MAT_VEC q6_K m=128000 n=3 k=2048: 1 x 1035.52 us = 1035.52 us (1518.54 GFLOPS/s)
RMS_NORM_MUL RMS_NORM(2048,3,1,1): 61 x 5.03 us = 306.88 us
RMS_NORM_MUL_ROPE RMS_NORM(64,32,3,1): 8 x 8.94 us = 71.52 us
RMS_NORM_MUL_ROPE RMS_NORM(64,8,3,1): 8 x 3.965 us = 31.72 us
SET_ROWS: 16 x 2.565 us = 41.04 us
SSM_CONV: 22 x 4.554 us = 100.2 us
Total time: 10248.8 us.
----------------
Vulkan Timings:
ADD: 60 x 2.991 us = 179.48 us
CONCAT: 22 x 4.614 us = 101.52 us
CPY: 22 x 3.221 us = 70.88 us
FLASH_ATTN_EXT dst(64,32,1,3),  q(64,1,32,3),  k(64,256,8,3),  v(64,256,8,3),  m(256,1,1,3): 8 x 28.005 us = 224.04 us (224.655 GFLOPS/s)
GET_ROWS: 24 x 4.158 us = 99.8 us
GLU: 30 x 3.084 us = 92.52 us
MUL: 44 x 4.024 us = 177.08 us
MUL_MAT f32 m=64 n=24 k=64: 16 x 3.422 us = 54.76 us (56.9969 GFLOPS/s)
MUL_MAT f32 m=64 n=96 k=64: 16 x 5.672 us = 90.76 us (137.556 GFLOPS/s)
MUL_MAT_VEC q4_0_rocmfp4_fast m=10752 n=3 k=2048: 60 x 102.492 us = 6149.52 us (1288.77 GFLOPS/s)
MUL_MAT_VEC q4_0_rocmfp4_fast m=2048 n=1 k=2048 batch=3: 22 x 42.987 us = 945.72 us (585.282 GFLOPS/s)
MUL_MAT_VEC q4_0_rocmfp4_fast m=2048 n=3 k=10752: 30 x 100.473 us = 3014.2 us (1314.92 GFLOPS/s)
MUL_MAT_VEC q4_0_rocmfp4_fast m=2048 n=3 k=2048: 16 x 30.327 us = 485.24 us (829.6 GFLOPS/s)
MUL_MAT_VEC q4_0_rocmfp4_fast m=512 n=3 k=2048: 16 x 7.207 us = 115.32 us (872.691 GFLOPS/s)
MUL_MAT_VEC q4_0_rocmfp4_fast m=6144 n=1 k=2048 batch=3: 22 x 114.332 us = 2515.32 us (660.17 GFLOPS/s)
MUL_MAT_VEC q6_K m=128000 n=3 k=2048: 1 x 1042.64 us = 1042.64 us (1508.17 GFLOPS/s)
RMS_NORM_MUL RMS_NORM(2048,3,1,1): 61 x 8.48 us = 517.32 us
RMS_NORM_MUL_ROPE RMS_NORM(64,32,3,1): 8 x 15.3 us = 122.4 us
RMS_NORM_MUL_ROPE RMS_NORM(64,8,3,1): 8 x 6.295 us = 50.36 us
SET_ROWS: 16 x 3.935 us = 62.96 us
SSM_CONV: 22 x 7.63 us = 167.88 us
Total time: 16279.7 us.
----------------
Vulkan Timings:
ADD: 60 x 2.062 us = 123.72 us
CONCAT: 22 x 2.636 us = 58 us
CPY: 22 x 1.63 us = 35.88 us
FLASH_ATTN_EXT dst(64,32,1,3),  q(64,1,32,3),  k(64,256,8,3),  v(64,256,8,3),  m(256,1,1,3): 8 x 17.24 us = 137.92 us (364.934 GFLOPS/s)
GET_ROWS: 24 x 2.486 us = 59.68 us
GLU: 30 x 2.853 us = 85.6 us
MUL: 44 x 2.77 us = 121.92 us
MUL_MAT f32 m=64 n=24 k=64: 16 x 2.025 us = 32.4 us (96.3319 GFLOPS/s)
MUL_MAT f32 m=64 n=96 k=64: 16 x 2.337 us = 37.4 us (333.813 GFLOPS/s)
MUL_MAT_VEC q4_0_rocmfp4_fast m=10752 n=3 k=2048: 60 x 60.879 us = 3652.76 us (2169.67 GFLOPS/s)
MUL_MAT_VEC q4_0_rocmfp4_fast m=2048 n=1 k=2048 batch=3: 22 x 26.758 us = 588.68 us (940.261 GFLOPS/s)
MUL_MAT_VEC q4_0_rocmfp4_fast m=2048 n=3 k=10752: 30 x 59.668 us = 1790.04 us (2214.16 GFLOPS/s)
MUL_MAT_VEC q4_0_rocmfp4_fast m=2048 n=3 k=2048: 16 x 18.282 us = 292.52 us (1376.16 GFLOPS/s)
MUL_MAT_VEC q4_0_rocmfp4_fast m=512 n=3 k=2048: 16 x 3.482 us = 55.72 us (1806.15 GFLOPS/s)
MUL_MAT_VEC q4_0_rocmfp4_fast m=6144 n=1 k=2048 batch=3: 22 x 72.134 us = 1586.96 us (1046.36 GFLOPS/s)
MUL_MAT_VEC q6_K m=128000 n=3 k=2048: 1 x 984 us = 984 us (1598.05 GFLOPS/s)
RMS_NORM_MUL RMS_NORM(2048,3,1,1): 61 x 5.049 us = 308.04 us
RMS_NORM_MUL_ROPE RMS_NORM(64,32,3,1): 8 x 9.04 us = 72.32 us
RMS_NORM_MUL_ROPE RMS_NORM(64,8,3,1): 8 x 3.96 us = 31.68 us
SET_ROWS: 16 x 2.537 us = 40.6 us
SSM_CONV: 22 x 4.529 us = 99.64 us
Total time: 10195.5 us.
----------------
Vulkan Timings:
ADD: 60 x 2.578 us = 154.72 us
CONCAT: 22 x 3.243 us = 71.36 us
CPY: 22 x 3.267 us = 71.88 us
FLASH_ATTN_EXT dst(64,32,1,3),  q(64,1,32,3),  k(64,256,8,3),  v(64,256,8,3),  m(256,1,1,3): 8 x 20.54 us = 164.32 us (306.303 GFLOPS/s)
GET_ROWS: 24 x 3.066 us = 73.6 us
GLU: 30 x 3.124 us = 93.72 us
MUL: 44 x 3.63 us = 159.72 us
MUL_MAT f32 m=64 n=24 k=64: 16 x 2.797 us = 44.76 us (69.7308 GFLOPS/s)
MUL_MAT f32 m=64 n=96 k=64: 16 x 2.657 us = 42.52 us (293.617 GFLOPS/s)
MUL_MAT_VEC q4_0_rocmfp4_fast m=10752 n=3 k=2048: 60 x 76.151 us = 4569.08 us (1734.55 GFLOPS/s)
MUL_MAT_VEC q4_0_rocmfp4_fast m=2048 n=1 k=2048 batch=3: 22 x 32.534 us = 715.76 us (773.322 GFLOPS/s)
MUL_MAT_VEC q4_0_rocmfp4_fast m=2048 n=3 k=10752: 30 x 73.526 us = 2205.8 us (1796.82 GFLOPS/s)
MUL_MAT_VEC q4_0_rocmfp4_fast m=2048 n=3 k=2048: 16 x 20.705 us = 331.28 us (1215.15 GFLOPS/s)
MUL_MAT_VEC q4_0_rocmfp4_fast m=512 n=3 k=2048: 16 x 6.34 us = 101.44 us (992.101 GFLOPS/s)
MUL_MAT_VEC q4_0_rocmfp4_fast m=6144 n=1 k=2048 batch=3: 22 x 87.007 us = 1914.16 us (867.503 GFLOPS/s)
MUL_MAT_VEC q6_K m=128000 n=3 k=2048: 1 x 1032.24 us = 1032.24 us (1523.37 GFLOPS/s)
RMS_NORM_MUL RMS_NORM(2048,3,1,1): 61 x 6.339 us = 386.72 us
RMS_NORM_MUL_ROPE RMS_NORM(64,32,3,1): 8 x 10.715 us = 85.72 us
RMS_NORM_MUL_ROPE RMS_NORM(64,8,3,1): 8 x 4.84 us = 38.72 us
SET_ROWS: 16 x 3.01 us = 48.16 us
SSM_CONV: 22 x 5.669 us = 124.72 us
Total time: 12430.4 us.
----------------
Vulkan Timings:
ADD: 60 x 2.19 us = 131.44 us
CONCAT: 22 x 2.823 us = 62.12 us
CPY: 22 x 1.687 us = 37.12 us
FLASH_ATTN_EXT dst(64,32,1,3),  q(64,1,32,3),  k(64,256,8,3),  v(64,256,8,3),  m(256,1,1,3): 8 x 18.73 us = 149.84 us (335.903 GFLOPS/s)
GET_ROWS: 24 x 2.665 us = 63.96 us
GLU: 30 x 3.616 us = 108.48 us
MUL: 44 x 2.961 us = 130.32 us
MUL_MAT f32 m=64 n=24 k=64: 16 x 2.34 us = 37.44 us (83.3641 GFLOPS/s)
MUL_MAT f32 m=64 n=96 k=64: 16 x 2.365 us = 37.84 us (329.932 GFLOPS/s)
MUL_MAT_VEC q4_0_rocmfp4_fast m=10752 n=3 k=2048: 60 x 66.564 us = 3993.84 us (1984.38 GFLOPS/s)
MUL_MAT_VEC q4_0_rocmfp4_fast m=2048 n=1 k=2048 batch=3: 22 x 28.492 us = 626.84 us (883.021 GFLOPS/s)
MUL_MAT_VEC q4_0_rocmfp4_fast m=2048 n=3 k=10752: 30 x 63.352 us = 1900.56 us (2085.4 GFLOPS/s)
MUL_MAT_VEC q4_0_rocmfp4_fast m=2048 n=3 k=2048: 16 x 18.655 us = 298.48 us (1348.68 GFLOPS/s)
MUL_MAT_VEC q4_0_rocmfp4_fast m=512 n=3 k=2048: 16 x 4.695 us = 75.12 us (1339.71 GFLOPS/s)
MUL_MAT_VEC q4_0_rocmfp4_fast m=6144 n=1 k=2048 batch=3: 22 x 75.952 us = 1670.96 us (993.763 GFLOPS/s)
MUL_MAT_VEC q6_K m=128000 n=3 k=2048: 1 x 1066.76 us = 1066.76 us (1474.07 GFLOPS/s)
RMS_NORM_MUL RMS_NORM(2048,3,1,1): 61 x 5.649 us = 344.64 us
RMS_NORM_MUL_ROPE RMS_NORM(64,32,3,1): 8 x 9.64 us = 77.12 us
RMS_NORM_MUL_ROPE RMS_NORM(64,8,3,1): 8 x 4.295 us = 34.36 us
SET_ROWS: 16 x 2.647 us = 42.36 us
SSM_CONV: 22 x 4.889 us = 107.56 us
Total time: 10997.2 us.
----------------
Vulkan Timings:
ADD: 60 x 2.512 us = 150.72 us
CONCAT: 22 x 3.767 us = 82.88 us
CPY: 22 x 2.194 us = 48.28 us
FLASH_ATTN_EXT dst(64,32,1,3),  q(64,1,32,3),  k(64,256,8,3),  v(64,256,8,3),  m(256,1,1,3): 8 x 23.075 us = 184.6 us (272.652 GFLOPS/s)
GET_ROWS: 24 x 3.925 us = 94.2 us
GLU: 30 x 3.089 us = 92.68 us
MUL: 44 x 4.082 us = 179.64 us
MUL_MAT f32 m=64 n=24 k=64: 16 x 2.57 us = 41.12 us (75.9035 GFLOPS/s)
MUL_MAT f32 m=64 n=96 k=64: 16 x 3.192 us = 51.08 us (244.413 GFLOPS/s)
MUL_MAT_VEC q4_0_rocmfp4_fast m=10752 n=3 k=2048: 60 x 89.354 us = 5361.24 us (1478.26 GFLOPS/s)
MUL_MAT_VEC q4_0_rocmfp4_fast m=2048 n=1 k=2048 batch=3: 22 x 37.609 us = 827.4 us (668.979 GFLOPS/s)
MUL_MAT_VEC q4_0_rocmfp4_fast m=2048 n=3 k=10752: 30 x 87.528 us = 2625.84 us (1509.4 GFLOPS/s)
MUL_MAT_VEC q4_0_rocmfp4_fast m=2048 n=3 k=2048: 16 x 23.055 us = 368.88 us (1091.29 GFLOPS/s)
MUL_MAT_VEC q4_0_rocmfp4_fast m=512 n=3 k=2048: 16 x 7.242 us = 115.88 us (868.474 GFLOPS/s)
MUL_MAT_VEC q4_0_rocmfp4_fast m=6144 n=1 k=2048 batch=3: 22 x 99.892 us = 2197.64 us (755.601 GFLOPS/s)
MUL_MAT_VEC q6_K m=128000 n=3 k=2048: 1 x 1009.84 us = 1009.84 us (1557.16 GFLOPS/s)
RMS_NORM_MUL RMS_NORM(2048,3,1,1): 61 x 7.365 us = 449.28 us
RMS_NORM_MUL_ROPE RMS_NORM(64,32,3,1): 8 x 12.425 us = 99.4 us
RMS_NORM_MUL_ROPE RMS_NORM(64,8,3,1): 8 x 5.185 us = 41.48 us
SET_ROWS: 16 x 4.137 us = 66.2 us
SSM_CONV: 22 x 6.396 us = 140.72 us
Total time: 14229 us.
----------------
Vulkan Timings:
ADD: 60 x 2.248 us = 134.88 us
CONCAT: 22 x 2.638 us = 58.04 us
CPY: 22 x 1.63 us = 35.88 us
FLASH_ATTN_EXT dst(64,32,1,3),  q(64,1,32,3),  k(64,256,8,3),  v(64,256,8,3),  m(256,1,1,3): 8 x 17.555 us = 140.44 us (358.385 GFLOPS/s)
GET_ROWS: 24 x 2.513 us = 60.32 us
GLU: 30 x 2.872 us = 86.16 us
MUL: 44 x 2.774 us = 122.08 us
MUL_MAT f32 m=64 n=24 k=64: 16 x 1.852 us = 29.64 us (105.302 GFLOPS/s)
MUL_MAT f32 m=64 n=96 k=64: 16 x 2.34 us = 37.44 us (333.456 GFLOPS/s)
MUL_MAT_VEC q4_0_rocmfp4_fast m=10752 n=3 k=2048: 60 x 61.182 us = 3670.96 us (2158.92 GFLOPS/s)
MUL_MAT_VEC q4_0_rocmfp4_fast m=2048 n=1 k=2048 batch=3: 22 x 26.843 us = 590.56 us (937.268 GFLOPS/s)
MUL_MAT_VEC q4_0_rocmfp4_fast m=2048 n=3 k=10752: 30 x 61.472 us = 1844.16 us (2149.18 GFLOPS/s)
MUL_MAT_VEC q4_0_rocmfp4_fast m=2048 n=3 k=2048: 16 x 18.572 us = 297.16 us (1354.67 GFLOPS/s)
MUL_MAT_VEC q4_0_rocmfp4_fast m=512 n=3 k=2048: 16 x 3.535 us = 56.56 us (1779.33 GFLOPS/s)
MUL_MAT_VEC q4_0_rocmfp4_fast m=6144 n=1 k=2048 batch=3: 22 x 71.461 us = 1572.16 us (1056.21 GFLOPS/s)
MUL_MAT_VEC q6_K m=128000 n=3 k=2048: 1 x 988.68 us = 988.68 us (1590.48 GFLOPS/s)
RMS_NORM_MUL RMS_NORM(2048,3,1,1): 61 x 5.359 us = 326.92 us
RMS_NORM_MUL_ROPE RMS_NORM(64,32,3,1): 8 x 9.045 us = 72.36 us
RMS_NORM_MUL_ROPE RMS_NORM(64,8,3,1): 8 x 4.01 us = 32.08 us
SET_ROWS: 16 x 2.707 us = 43.32 us
SSM_CONV: 22 x 4.558 us = 100.28 us
Total time: 10300.1 us.
----------------
Vulkan Timings:
ADD: 60 x 2.486 us = 149.2 us
CONCAT: 22 x 3.19 us = 70.2 us
CPY: 22 x 2.23 us = 49.08 us
FLASH_ATTN_EXT dst(64,32,1,3),  q(64,1,32,3),  k(64,256,8,3),  v(64,256,8,3),  m(256,1,1,3): 8 x 20.59 us = 164.72 us (305.559 GFLOPS/s)
GET_ROWS: 24 x 2.971 us = 71.32 us
GLU: 30 x 3.11 us = 93.32 us
MUL: 44 x 3.35 us = 147.44 us
MUL_MAT f32 m=64 n=24 k=64: 16 x 47.706 us = 763.3 us (4.08902 GFLOPS/s)
MUL_MAT f32 m=64 n=96 k=64: 16 x 2.675 us = 42.8 us (291.696 GFLOPS/s)
MUL_MAT_VEC q4_0_rocmfp4_fast m=10752 n=3 k=2048: 60 x 75.893 us = 4553.6 us (1740.45 GFLOPS/s)
MUL_MAT_VEC q4_0_rocmfp4_fast m=2048 n=1 k=2048 batch=3: 22 x 32.703 us = 719.48 us (769.324 GFLOPS/s)
MUL_MAT_VEC q4_0_rocmfp4_fast m=2048 n=3 k=10752: 30 x 72.382 us = 2171.48 us (1825.22 GFLOPS/s)
MUL_MAT_VEC q4_0_rocmfp4_fast m=2048 n=3 k=2048: 16 x 19.587 us = 313.4 us (1284.48 GFLOPS/s)
MUL_MAT_VEC q4_0_rocmfp4_fast m=512 n=3 k=2048: 16 x 6.175 us = 98.8 us (1018.61 GFLOPS/s)
MUL_MAT_VEC q4_0_rocmfp4_fast m=6144 n=1 k=2048 batch=3: 22 x 84.59 us = 1861 us (892.283 GFLOPS/s)
MUL_MAT_VEC q6_K m=128000 n=3 k=2048: 1 x 1027.68 us = 1027.68 us (1530.13 GFLOPS/s)
RMS_NORM_MUL RMS_NORM(2048,3,1,1): 61 x 6.045 us = 368.8 us
RMS_NORM_MUL_ROPE RMS_NORM(64,32,3,1): 8 x 10.615 us = 84.92 us
RMS_NORM_MUL_ROPE RMS_NORM(64,8,3,1): 8 x 4.75 us = 38 us
SET_ROWS: 16 x 3.01 us = 48.16 us
SSM_CONV: 22 x 5.958 us = 131.08 us
Total time: 12967.8 us.
----------------
Vulkan Timings:
ADD: 60 x 1.812 us = 108.76 us
CONCAT: 22 x 2.296 us = 50.52 us
CPY: 22 x 1.616 us = 35.56 us
FLASH_ATTN_EXT dst(64,32,1,3),  q(64,1,32,3),  k(64,256,8,3),  v(64,256,8,3),  m(256,1,1,3): 8 x 14.795 us = 118.36 us (425.242 GFLOPS/s)
GET_ROWS: 24 x 2.216 us = 53.2 us
GLU: 30 x 2.741 us = 82.24 us
MUL: 44 x 2.424 us = 106.68 us
MUL_MAT f32 m=64 n=24 k=64: 16 x 2.062 us = 33 us (94.5804 GFLOPS/s)
MUL_MAT f32 m=64 n=96 k=64: 16 x 2.05 us = 32.8 us (380.628 GFLOPS/s)
MUL_MAT_VEC q4_0_rocmfp4_fast m=10752 n=3 k=2048: 60 x 56.275 us = 3376.52 us (2347.18 GFLOPS/s)
MUL_MAT_VEC q4_0_rocmfp4_fast m=2048 n=1 k=2048 batch=3: 22 x 23.458 us = 516.08 us (1072.53 GFLOPS/s)
MUL_MAT_VEC q4_0_rocmfp4_fast m=2048 n=3 k=10752: 30 x 57.424 us = 1722.72 us (2300.68 GFLOPS/s)
MUL_MAT_VEC q4_0_rocmfp4_fast m=2048 n=3 k=2048: 16 x 16.8 us = 268.8 us (1497.6 GFLOPS/s)
MUL_MAT_VEC q4_0_rocmfp4_fast m=512 n=3 k=2048: 16 x 3.19 us = 51.04 us (1971.76 GFLOPS/s)
MUL_MAT_VEC q4_0_rocmfp4_fast m=6144 n=1 k=2048 batch=3: 22 x 64.398 us = 1416.76 us (1172.07 GFLOPS/s)
MUL_MAT_VEC q6_K m=128000 n=3 k=2048: 1 x 971.24 us = 971.24 us (1619.04 GFLOPS/s)
RMS_NORM_MUL RMS_NORM(2048,3,1,1): 61 x 4.329 us = 264.08 us
RMS_NORM_MUL_ROPE RMS_NORM(64,32,3,1): 8 x 7.905 us = 63.24 us
RMS_NORM_MUL_ROPE RMS_NORM(64,8,3,1): 8 x 3.395 us = 27.16 us
SET_ROWS: 16 x 1.955 us = 31.28 us
SSM_CONV: 22 x 3.823 us = 84.12 us
Total time: 9414.16 us.
----------------
Vulkan Timings:
ADD: 60 x 1.808 us = 108.52 us
CONCAT: 22 x 2.28 us = 50.16 us
CPY: 22 x 1.565 us = 34.44 us
FLASH_ATTN_EXT dst(64,32,1,3),  q(64,1,32,3),  k(64,256,8,3),  v(64,256,8,3),  m(256,1,1,3): 8 x 14.505 us = 116.04 us (433.744 GFLOPS/s)
GET_ROWS: 24 x 2.213 us = 53.12 us
GLU: 30 x 2.468 us = 74.04 us
MUL: 44 x 2.42 us = 106.48 us
MUL_MAT f32 m=64 n=24 k=64: 16 x 2.067 us = 33.08 us (94.3516 GFLOPS/s)
MUL_MAT f32 m=64 n=96 k=64: 16 x 2.075 us = 33.2 us (376.042 GFLOPS/s)
MUL_MAT_VEC q4_0_rocmfp4_fast m=10752 n=3 k=2048: 60 x 56.832 us = 3409.92 us (2324.19 GFLOPS/s)
MUL_MAT_VEC q4_0_rocmfp4_fast m=2048 n=1 k=2048 batch=3: 22 x 24.37 us = 536.16 us (1032.37 GFLOPS/s)
MUL_MAT_VEC q4_0_rocmfp4_fast m=2048 n=3 k=10752: 30 x 57.589 us = 1727.68 us (2294.08 GFLOPS/s)
MUL_MAT_VEC q4_0_rocmfp4_fast m=2048 n=3 k=2048: 16 x 16.675 us = 266.8 us (1508.83 GFLOPS/s)
MUL_MAT_VEC q4_0_rocmfp4_fast m=512 n=3 k=2048: 16 x 3.157 us = 50.52 us (1992.06 GFLOPS/s)
MUL_MAT_VEC q4_0_rocmfp4_fast m=6144 n=1 k=2048 batch=3: 22 x 64.532 us = 1419.72 us (1169.62 GFLOPS/s)
MUL_MAT_VEC q6_K m=128000 n=3 k=2048: 1 x 1024.88 us = 1024.88 us (1534.31 GFLOPS/s)
RMS_NORM_MUL RMS_NORM(2048,3,1,1): 61 x 4.348 us = 265.24 us
RMS_NORM_MUL_ROPE RMS_NORM(64,32,3,1): 8 x 7.88 us = 63.04 us
RMS_NORM_MUL_ROPE RMS_NORM(64,8,3,1): 8 x 3.37 us = 26.96 us
SET_ROWS: 16 x 2.045 us = 32.72 us
SSM_CONV: 22 x 3.867 us = 85.08 us
Total time: 9517.8 us.
----------------
Vulkan Timings:
ADD: 60 x 1.81 us = 108.6 us
CONCAT: 22 x 2.287 us = 50.32 us
CPY: 22 x 1.58 us = 34.76 us
FLASH_ATTN_EXT dst(64,32,1,3),  q(64,1,32,3),  k(64,256,8,3),  v(64,256,8,3),  m(256,1,1,3): 8 x 14.59 us = 116.72 us (431.217 GFLOPS/s)
GET_ROWS: 24 x 2.231 us = 53.56 us
GLU: 30 x 2.464 us = 73.92 us
MUL: 44 x 2.465 us = 108.48 us
MUL_MAT f32 m=64 n=24 k=64: 16 x 2.075 us = 33.2 us (94.0106 GFLOPS/s)
MUL_MAT f32 m=64 n=96 k=64: 16 x 2.067 us = 33.08 us (377.407 GFLOPS/s)
MUL_MAT_VEC q4_0_rocmfp4_fast m=10752 n=3 k=2048: 60 x 56.985 us = 3419.12 us (2317.94 GFLOPS/s)
MUL_MAT_VEC q4_0_rocmfp4_fast m=2048 n=1 k=2048 batch=3: 22 x 24.621 us = 541.68 us (1021.84 GFLOPS/s)
MUL_MAT_VEC q4_0_rocmfp4_fast m=2048 n=3 k=10752: 30 x 57.696 us = 1730.88 us (2289.84 GFLOPS/s)
MUL_MAT_VEC q4_0_rocmfp4_fast m=2048 n=3 k=2048: 16 x 16.707 us = 267.32 us (1505.89 GFLOPS/s)
MUL_MAT_VEC q4_0_rocmfp4_fast m=512 n=3 k=2048: 16 x 3.155 us = 50.48 us (1993.64 GFLOPS/s)
MUL_MAT_VEC q4_0_rocmfp4_fast m=6144 n=1 k=2048 batch=3: 22 x 64.438 us = 1417.64 us (1171.34 GFLOPS/s)
MUL_MAT_VEC q6_K m=128000 n=3 k=2048: 1 x 994.2 us = 994.2 us (1581.65 GFLOPS/s)
RMS_NORM_MUL RMS_NORM(2048,3,1,1): 61 x 4.352 us = 265.52 us
RMS_NORM_MUL_ROPE RMS_NORM(64,32,3,1): 8 x 7.895 us = 63.16 us
RMS_NORM_MUL_ROPE RMS_NORM(64,8,3,1): 8 x 3.39 us = 27.12 us
SET_ROWS: 16 x 2.05 us = 32.8 us
SSM_CONV: 22 x 3.84 us = 84.48 us
Total time: 9507.04 us.
----------------
Vulkan Timings:
ADD: 60 x 1.863 us = 111.8 us
CONCAT: 22 x 2.321 us = 51.08 us
CPY: 22 x 1.58 us = 34.76 us
FLASH_ATTN_EXT dst(64,32,1,3),  q(64,1,32,3),  k(64,256,8,3),  v(64,256,8,3),  m(256,1,1,3): 8 x 14.79 us = 118.32 us (425.386 GFLOPS/s)
GET_ROWS: 24 x 2.221 us = 53.32 us
GLU: 30 x 2.996 us = 89.88 us
MUL: 44 x 2.444 us = 107.56 us
MUL_MAT f32 m=64 n=24 k=64: 16 x 2.07 us = 33.12 us (94.2377 GFLOPS/s)
MUL_MAT f32 m=64 n=96 k=64: 16 x 2.045 us = 32.72 us (381.559 GFLOPS/s)
MUL_MAT_VEC q4_0_rocmfp4_fast m=10752 n=3 k=2048: 60 x 56.278 us = 3376.68 us (2347.07 GFLOPS/s)
MUL_MAT_VEC q4_0_rocmfp4_fast m=2048 n=1 k=2048 batch=3: 22 x 23.729 us = 522.04 us (1060.29 GFLOPS/s)
MUL_MAT_VEC q4_0_rocmfp4_fast m=2048 n=3 k=10752: 30 x 56.753 us = 1702.6 us (2327.87 GFLOPS/s)
MUL_MAT_VEC q4_0_rocmfp4_fast m=2048 n=3 k=2048: 16 x 16.755 us = 268.08 us (1501.62 GFLOPS/s)
MUL_MAT_VEC q4_0_rocmfp4_fast m=512 n=3 k=2048: 16 x 3.175 us = 50.8 us (1981.08 GFLOPS/s)
MUL_MAT_VEC q4_0_rocmfp4_fast m=6144 n=1 k=2048 batch=3: 22 x 64.603 us = 1421.28 us (1168.34 GFLOPS/s)
MUL_MAT_VEC q6_K m=128000 n=3 k=2048: 1 x 980.84 us = 980.84 us (1603.2 GFLOPS/s)
RMS_NORM_MUL RMS_NORM(2048,3,1,1): 61 x 4.574 us = 279.04 us
RMS_NORM_MUL_ROPE RMS_NORM(64,32,3,1): 8 x 7.945 us = 63.56 us
RMS_NORM_MUL_ROPE RMS_NORM(64,8,3,1): 8 x 3.4 us = 27.2 us
SET_ROWS: 16 x 1.95 us = 31.2 us
SSM_CONV: 22 x 4.654 us = 102.4 us
Total time: 9458.28 us.
----------------
Vulkan Timings:
ADD: 60 x 1.874 us = 112.44 us
CONCAT: 22 x 2.525 us = 55.56 us
CPY: 22 x 1.62 us = 35.64 us
FLASH_ATTN_EXT dst(64,32,1,3),  q(64,1,32,3),  k(64,256,8,3),  v(64,256,8,3),  m(256,1,1,3): 8 x 14.485 us = 115.88 us (434.343 GFLOPS/s)
GET_ROWS: 24 x 2.341 us = 56.2 us
GLU: 30 x 2.45 us = 73.52 us
MUL: 44 x 2.522 us = 111 us
MUL_MAT f32 m=64 n=24 k=64: 16 x 2.067 us = 33.08 us (94.3516 GFLOPS/s)
MUL_MAT f32 m=64 n=96 k=64: 16 x 2.047 us = 32.76 us (381.093 GFLOPS/s)
MUL_MAT_VEC q4_0_rocmfp4_fast m=10752 n=3 k=2048: 60 x 56.034 us = 3362.04 us (2357.29 GFLOPS/s)
MUL_MAT_VEC q4_0_rocmfp4_fast m=2048 n=1 k=2048 batch=3: 22 x 23.336 us = 513.4 us (1078.13 GFLOPS/s)
MUL_MAT_VEC q4_0_rocmfp4_fast m=2048 n=3 k=10752: 30 x 56.713 us = 1701.4 us (2329.51 GFLOPS/s)
MUL_MAT_VEC q4_0_rocmfp4_fast m=2048 n=3 k=2048: 16 x 16.737 us = 267.8 us (1503.19 GFLOPS/s)
MUL_MAT_VEC q4_0_rocmfp4_fast m=512 n=3 k=2048: 16 x 3.152 us = 50.44 us (1995.22 GFLOPS/s)
MUL_MAT_VEC q4_0_rocmfp4_fast m=6144 n=1 k=2048 batch=3: 22 x 64.201 us = 1412.44 us (1175.65 GFLOPS/s)
MUL_MAT_VEC q6_K m=128000 n=3 k=2048: 1 x 974.48 us = 974.48 us (1613.66 GFLOPS/s)
RMS_NORM_MUL RMS_NORM(2048,3,1,1): 61 x 4.354 us = 265.6 us
RMS_NORM_MUL_ROPE RMS_NORM(64,32,3,1): 8 x 7.88 us = 63.04 us
RMS_NORM_MUL_ROPE RMS_NORM(64,8,3,1): 8 x 3.375 us = 27 us
SET_ROWS: 16 x 2.082 us = 33.32 us
SSM_CONV: 22 x 3.805 us = 83.72 us
Total time: 9380.76 us.
----------------
Vulkan Timings:
ADD: 60 x 1.963 us = 117.8 us
CONCAT: 22 x 2.31 us = 50.84 us
CPY: 22 x 1.574 us = 34.64 us
FLASH_ATTN_EXT dst(64,32,1,3),  q(64,1,32,3),  k(64,256,8,3),  v(64,256,8,3),  m(256,1,1,3): 8 x 14.21 us = 113.68 us (442.748 GFLOPS/s)
GET_ROWS: 24 x 2.236 us = 53.68 us
GLU: 30 x 2.585 us = 77.56 us
MUL: 44 x 2.442 us = 107.48 us
MUL_MAT f32 m=64 n=24 k=64: 16 x 2.09 us = 33.44 us (93.3359 GFLOPS/s)
MUL_MAT f32 m=64 n=96 k=64: 16 x 2.08 us = 33.28 us (375.138 GFLOPS/s)
MUL_MAT_VEC q4_0_rocmfp4_fast m=10752 n=3 k=2048: 60 x 56.732 us = 3403.96 us (2328.26 GFLOPS/s)
MUL_MAT_VEC q4_0_rocmfp4_fast m=2048 n=1 k=2048 batch=3: 22 x 23.349 us = 513.68 us (1077.54 GFLOPS/s)
MUL_MAT_VEC q4_0_rocmfp4_fast m=2048 n=3 k=10752: 30 x 57.64 us = 1729.2 us (2292.06 GFLOPS/s)
MUL_MAT_VEC q4_0_rocmfp4_fast m=2048 n=3 k=2048: 16 x 16.75 us = 268 us (1502.07 GFLOPS/s)
MUL_MAT_VEC q4_0_rocmfp4_fast m=512 n=3 k=2048: 16 x 3.195 us = 51.12 us (1968.68 GFLOPS/s)
MUL_MAT_VEC q4_0_rocmfp4_fast m=6144 n=1 k=2048 batch=3: 22 x 63.492 us = 1396.84 us (1188.78 GFLOPS/s)
MUL_MAT_VEC q6_K m=128000 n=3 k=2048: 1 x 987.52 us = 987.52 us (1592.35 GFLOPS/s)
RMS_NORM_MUL RMS_NORM(2048,3,1,1): 61 x 4.48 us = 273.32 us
RMS_NORM_MUL_ROPE RMS_NORM(64,32,3,1): 8 x 7.97 us = 63.76 us
RMS_NORM_MUL_ROPE RMS_NORM(64,8,3,1): 8 x 3.44 us = 27.52 us
SET_ROWS: 16 x 2.225 us = 35.6 us
SSM_CONV: 22 x 3.89 us = 85.6 us
Total time: 9458.52 us.
----------------
Vulkan Timings:
ADD: 60 x 1.989 us = 119.36 us
CONCAT: 22 x 2.574 us = 56.64 us
CPY: 22 x 1.583 us = 34.84 us
FLASH_ATTN_EXT dst(64,32,1,3),  q(64,1,32,3),  k(64,256,8,3),  v(64,256,8,3),  m(256,1,1,3): 8 x 17.105 us = 136.84 us (367.814 GFLOPS/s)
GET_ROWS: 24 x 2.425 us = 58.2 us
GLU: 30 x 3.46 us = 103.8 us
MUL: 44 x 2.686 us = 118.2 us
MUL_MAT f32 m=64 n=24 k=64: 16 x 1.867 us = 29.88 us (104.456 GFLOPS/s)
MUL_MAT f32 m=64 n=96 k=64: 16 x 2.242 us = 35.88 us (347.955 GFLOPS/s)
MUL_MAT_VEC q4_0_rocmfp4_fast m=10752 n=3 k=2048: 60 x 59.71 us = 3582.6 us (2212.16 GFLOPS/s)
MUL_MAT_VEC q4_0_rocmfp4_fast m=2048 n=1 k=2048 batch=3: 22 x 26.494 us = 582.88 us (949.617 GFLOPS/s)
MUL_MAT_VEC q4_0_rocmfp4_fast m=2048 n=3 k=10752: 30 x 60.176 us = 1805.28 us (2195.47 GFLOPS/s)
MUL_MAT_VEC q4_0_rocmfp4_fast m=2048 n=3 k=2048: 16 x 17.93 us = 286.88 us (1403.22 GFLOPS/s)
MUL_MAT_VEC q4_0_rocmfp4_fast m=512 n=3 k=2048: 16 x 3.44 us = 55.04 us (1828.47 GFLOPS/s)
MUL_MAT_VEC q4_0_rocmfp4_fast m=6144 n=1 k=2048 batch=3: 22 x 71.094 us = 1564.08 us (1061.67 GFLOPS/s)
MUL_MAT_VEC q6_K m=128000 n=3 k=2048: 1 x 1020.2 us = 1020.2 us (1541.34 GFLOPS/s)
RMS_NORM_MUL RMS_NORM(2048,3,1,1): 61 x 4.946 us = 301.72 us
RMS_NORM_MUL_ROPE RMS_NORM(64,32,3,1): 8 x 8.815 us = 70.52 us
RMS_NORM_MUL_ROPE RMS_NORM(64,8,3,1): 8 x 3.835 us = 30.68 us
SET_ROWS: 16 x 2.525 us = 40.4 us
SSM_CONV: 22 x 4.427 us = 97.4 us
Total time: 10131.3 us.
----------------
Vulkan Timings:
ADD: 60 x 2.328 us = 139.72 us
CONCAT: 22 x 3.06 us = 67.32 us
CPY: 22 x 1.73 us = 38.08 us
FLASH_ATTN_EXT dst(64,32,1,3),  q(64,1,32,3),  k(64,256,8,3),  v(64,256,8,3),  m(256,1,1,3): 8 x 19.795 us = 158.36 us (317.831 GFLOPS/s)
GET_ROWS: 24 x 3.515 us = 84.36 us
GLU: 30 x 3.87 us = 116.12 us
MUL: 44 x 3.458 us = 152.16 us
MUL_MAT f32 m=64 n=24 k=64: 16 x 2.702 us = 43.24 us (72.1821 GFLOPS/s)
MUL_MAT f32 m=64 n=96 k=64: 16 x 2.557 us = 40.92 us (305.098 GFLOPS/s)
MUL_MAT_VEC q4_0_rocmfp4_fast m=10752 n=3 k=2048: 60 x 70.47 us = 4228.2 us (1874.39 GFLOPS/s)
MUL_MAT_VEC q4_0_rocmfp4_fast m=2048 n=1 k=2048 batch=3: 22 x 30.869 us = 679.12 us (815.044 GFLOPS/s)
MUL_MAT_VEC q4_0_rocmfp4_fast m=2048 n=3 k=10752: 30 x 68.436 us = 2053.08 us (1930.48 GFLOPS/s)
MUL_MAT_VEC q4_0_rocmfp4_fast m=2048 n=3 k=2048: 16 x 19.422 us = 310.76 us (1295.39 GFLOPS/s)
MUL_MAT_VEC q4_0_rocmfp4_fast m=512 n=3 k=2048: 16 x 5.472 us = 87.56 us (1149.37 GFLOPS/s)
MUL_MAT_VEC q4_0_rocmfp4_fast m=6144 n=1 k=2048 batch=3: 22 x 82.227 us = 1809 us (917.932 GFLOPS/s)
MUL_MAT_VEC q6_K m=128000 n=3 k=2048: 1 x 1021.8 us = 1021.8 us (1538.93 GFLOPS/s)
RMS_NORM_MUL RMS_NORM(2048,3,1,1): 61 x 5.786 us = 353 us
RMS_NORM_MUL_ROPE RMS_NORM(64,32,3,1): 8 x 11.145 us = 89.16 us
RMS_NORM_MUL_ROPE RMS_NORM(64,8,3,1): 8 x 7.675 us = 61.4 us
SET_ROWS: 16 x 2.582 us = 41.32 us
SSM_CONV: 22 x 5.256 us = 115.64 us
Total time: 11690.3 us.
----------------
Vulkan Timings:
ADD: 60 x 1.984 us = 119.04 us
CONCAT: 22 x 2.56 us = 56.32 us
CPY: 22 x 1.6 us = 35.2 us
FLASH_ATTN_EXT dst(64,32,1,3),  q(64,1,32,3),  k(64,256,8,3),  v(64,256,8,3),  m(256,1,1,3): 8 x 16.66 us = 133.28 us (377.638 GFLOPS/s)
GET_ROWS: 24 x 2.41 us = 57.84 us
GLU: 30 x 2.9 us = 87 us
MUL: 44 x 2.691 us = 118.44 us
MUL_MAT f32 m=64 n=24 k=64: 16 x 1.952 us = 31.24 us (99.9088 GFLOPS/s)
MUL_MAT f32 m=64 n=96 k=64: 16 x 2.247 us = 35.96 us (347.18 GFLOPS/s)
MUL_MAT_VEC q4_0_rocmfp4_fast m=10752 n=3 k=2048: 60 x 59.535 us = 3572.12 us (2218.65 GFLOPS/s)
MUL_MAT_VEC q4_0_rocmfp4_fast m=2048 n=1 k=2048 batch=3: 22 x 26.614 us = 585.52 us (945.336 GFLOPS/s)
MUL_MAT_VEC q4_0_rocmfp4_fast m=2048 n=3 k=10752: 30 x 59.857 us = 1795.72 us (2207.16 GFLOPS/s)
MUL_MAT_VEC q4_0_rocmfp4_fast m=2048 n=3 k=2048: 16 x 18.032 us = 288.52 us (1395.24 GFLOPS/s)
MUL_MAT_VEC q4_0_rocmfp4_fast m=512 n=3 k=2048: 16 x 3.437 us = 55 us (1829.79 GFLOPS/s)
MUL_MAT_VEC q4_0_rocmfp4_fast m=6144 n=1 k=2048 batch=3: 22 x 71.003 us = 1562.08 us (1063.03 GFLOPS/s)
MUL_MAT_VEC q6_K m=128000 n=3 k=2048: 1 x 1067.28 us = 1067.28 us (1473.35 GFLOPS/s)
RMS_NORM_MUL RMS_NORM(2048,3,1,1): 61 x 5.093 us = 310.72 us
RMS_NORM_MUL_ROPE RMS_NORM(64,32,3,1): 8 x 8.765 us = 70.12 us
RMS_NORM_MUL_ROPE RMS_NORM(64,8,3,1): 8 x 3.85 us = 30.8 us
SET_ROWS: 16 x 2.602 us = 41.64 us
SSM_CONV: 22 x 4.407 us = 96.96 us
Total time: 10150.8 us.
----------------
Vulkan Timings:
ADD: 60 x 2.073 us = 124.4 us
CONCAT: 22 x 2.86 us = 62.92 us
CPY: 22 x 1.634 us = 35.96 us
FLASH_ATTN_EXT dst(64,32,1,3),  q(64,1,32,3),  k(64,256,8,3),  v(64,256,8,3),  m(256,1,1,3): 8 x 17.015 us = 136.12 us (369.759 GFLOPS/s)
GET_ROWS: 24 x 2.478 us = 59.48 us
GLU: 30 x 2.81 us = 84.32 us
MUL: 44 x 2.784 us = 122.52 us
MUL_MAT f32 m=64 n=24 k=64: 16 x 2.01 us = 32.16 us (97.0507 GFLOPS/s)
MUL_MAT f32 m=64 n=96 k=64: 16 x 2.315 us = 37.04 us (337.057 GFLOPS/s)
MUL_MAT_VEC q4_0_rocmfp4_fast m=10752 n=3 k=2048: 60 x 60.206 us = 3612.4 us (2193.92 GFLOPS/s)
MUL_MAT_VEC q4_0_rocmfp4_fast m=2048 n=1 k=2048 batch=3: 22 x 26.865 us = 591.04 us (936.507 GFLOPS/s)
MUL_MAT_VEC q4_0_rocmfp4_fast m=2048 n=3 k=10752: 30 x 60.132 us = 1803.96 us (2197.07 GFLOPS/s)
MUL_MAT_VEC q4_0_rocmfp4_fast m=2048 n=3 k=2048: 16 x 18.145 us = 290.32 us (1386.59 GFLOPS/s)
MUL_MAT_VEC q4_0_rocmfp4_fast m=512 n=3 k=2048: 16 x 3.482 us = 55.72 us (1806.15 GFLOPS/s)
MUL_MAT_VEC q4_0_rocmfp4_fast m=6144 n=1 k=2048 batch=3: 22 x 71.86 us = 1580.92 us (1050.36 GFLOPS/s)
MUL_MAT_VEC q6_K m=128000 n=3 k=2048: 1 x 980.8 us = 980.8 us (1603.26 GFLOPS/s)
RMS_NORM_MUL RMS_NORM(2048,3,1,1): 61 x 5.049 us = 308.04 us
RMS_NORM_MUL_ROPE RMS_NORM(64,32,3,1): 8 x 8.91 us = 71.28 us
RMS_NORM_MUL_ROPE RMS_NORM(64,8,3,1): 8 x 3.935 us = 31.48 us
SET_ROWS: 16 x 2.555 us = 40.88 us
SSM_CONV: 22 x 4.503 us = 99.08 us
Total time: 10160.8 us.
----------------
Vulkan Timings:
ADD: 60 x 2.162 us = 129.72 us
CONCAT: 22 x 2.798 us = 61.56 us
CPY: 22 x 1.658 us = 36.48 us
FLASH_ATTN_EXT dst(64,32,1,3),  q(64,1,32,3),  k(64,256,8,3),  v(64,256,8,3),  m(256,1,1,3): 8 x 19.715 us = 157.72 us (319.12 GFLOPS/s)
GET_ROWS: 24 x 2.958 us = 71 us
GLU: 30 x 2.982 us = 89.48 us
MUL: 44 x 2.904 us = 127.8 us
MUL_MAT f32 m=64 n=24 k=64: 16 x 2.277 us = 36.44 us (85.6518 GFLOPS/s)
MUL_MAT f32 m=64 n=96 k=64: 16 x 2.365 us = 37.84 us (329.932 GFLOPS/s)
MUL_MAT_VEC q4_0_rocmfp4_fast m=10752 n=3 k=2048: 60 x 64.47 us = 3868.2 us (2048.83 GFLOPS/s)
MUL_MAT_VEC q4_0_rocmfp4_fast m=2048 n=1 k=2048 batch=3: 22 x 28.481 us = 626.6 us (883.359 GFLOPS/s)
MUL_MAT_VEC q4_0_rocmfp4_fast m=2048 n=3 k=10752: 30 x 62.75 us = 1882.52 us (2105.39 GFLOPS/s)
MUL_MAT_VEC q4_0_rocmfp4_fast m=2048 n=3 k=2048: 16 x 18.57 us = 297.12 us (1354.86 GFLOPS/s)
MUL_MAT_VEC q4_0_rocmfp4_fast m=512 n=3 k=2048: 16 x 4.345 us = 69.52 us (1447.62 GFLOPS/s)
MUL_MAT_VEC q4_0_rocmfp4_fast m=6144 n=1 k=2048 batch=3: 22 x 75.589 us = 1662.96 us (998.544 GFLOPS/s)
MUL_MAT_VEC q6_K m=128000 n=3 k=2048: 1 x 998.24 us = 998.24 us (1575.25 GFLOPS/s)
RMS_NORM_MUL RMS_NORM(2048,3,1,1): 61 x 5.278 us = 322 us
RMS_NORM_MUL_ROPE RMS_NORM(64,32,3,1): 8 x 9.66 us = 77.28 us
RMS_NORM_MUL_ROPE RMS_NORM(64,8,3,1): 8 x 4.15 us = 33.2 us
SET_ROWS: 16 x 2.507 us = 40.12 us
SSM_CONV: 22 x 4.801 us = 105.64 us
Total time: 10731.4 us.
----------------
Vulkan Timings:
ADD: 60 x 2.304 us = 138.28 us
CONCAT: 22 x 2.783 us = 61.24 us
CPY: 22 x 2.68 us = 58.96 us
FLASH_ATTN_EXT dst(64,32,1,3),  q(64,1,32,3),  k(64,256,8,3),  v(64,256,8,3),  m(256,1,1,3): 8 x 18.085 us = 144.68 us (347.883 GFLOPS/s)
GET_ROWS: 24 x 2.655 us = 63.72 us
GLU: 30 x 3.038 us = 91.16 us
MUL: 44 x 2.973 us = 130.84 us
MUL_MAT f32 m=64 n=24 k=64: 16 x 2.362 us = 37.8 us (82.5702 GFLOPS/s)
MUL_MAT f32 m=64 n=96 k=64: 16 x 2.332 us = 37.32 us (334.529 GFLOPS/s)
MUL_MAT_VEC q4_0_rocmfp4_fast m=10752 n=3 k=2048: 60 x 65.696 us = 3941.8 us (2010.58 GFLOPS/s)
MUL_MAT_VEC q4_0_rocmfp4_fast m=2048 n=1 k=2048 batch=3: 22 x 29.849 us = 656.68 us (842.896 GFLOPS/s)
MUL_MAT_VEC q4_0_rocmfp4_fast m=2048 n=3 k=10752: 30 x 64.96 us = 1948.8 us (2033.78 GFLOPS/s)
MUL_MAT_VEC q4_0_rocmfp4_fast m=2048 n=3 k=2048: 16 x 18.562 us = 297 us (1355.4 GFLOPS/s)
MUL_MAT_VEC q4_0_rocmfp4_fast m=512 n=3 k=2048: 16 x 4.352 us = 69.64 us (1445.13 GFLOPS/s)
MUL_MAT_VEC q4_0_rocmfp4_fast m=6144 n=1 k=2048 batch=3: 22 x 76.98 us = 1693.56 us (980.502 GFLOPS/s)
MUL_MAT_VEC q6_K m=128000 n=3 k=2048: 1 x 1006.24 us = 1006.24 us (1562.73 GFLOPS/s)
RMS_NORM_MUL RMS_NORM(2048,3,1,1): 61 x 5.619 us = 342.8 us
RMS_NORM_MUL_ROPE RMS_NORM(64,32,3,1): 8 x 9.365 us = 74.92 us
RMS_NORM_MUL_ROPE RMS_NORM(64,8,3,1): 8 x 4.185 us = 33.48 us
SET_ROWS: 16 x 2.487 us = 39.8 us
SSM_CONV: 22 x 4.856 us = 106.84 us
Total time: 10975.6 us.
----------------
Vulkan Timings:
ADD: 60 x 1.985 us = 119.12 us
CONCAT: 22 x 2.525 us = 55.56 us
CPY: 22 x 1.609 us = 35.4 us
FLASH_ATTN_EXT dst(64,32,1,3),  q(64,1,32,3),  k(64,256,8,3),  v(64,256,8,3),  m(256,1,1,3): 8 x 16.765 us = 134.12 us (375.273 GFLOPS/s)
GET_ROWS: 24 x 2.39 us = 57.36 us
GLU: 30 x 2.86 us = 85.8 us
MUL: 44 x 2.688 us = 118.28 us
MUL_MAT f32 m=64 n=24 k=64: 16 x 2.02 us = 32.32 us (96.5703 GFLOPS/s)
MUL_MAT f32 m=64 n=96 k=64: 16 x 2.235 us = 35.76 us (349.122 GFLOPS/s)
MUL_MAT_VEC q4_0_rocmfp4_fast m=10752 n=3 k=2048: 60 x 58.744 us = 3524.64 us (2248.54 GFLOPS/s)
MUL_MAT_VEC q4_0_rocmfp4_fast m=2048 n=1 k=2048 batch=3: 22 x 26.169 us = 575.72 us (961.427 GFLOPS/s)
MUL_MAT_VEC q4_0_rocmfp4_fast m=2048 n=3 k=10752: 30 x 60.245 us = 1807.36 us (2192.94 GFLOPS/s)
MUL_MAT_VEC q4_0_rocmfp4_fast m=2048 n=3 k=2048: 16 x 17.772 us = 284.36 us (1415.65 GFLOPS/s)
MUL_MAT_VEC q4_0_rocmfp4_fast m=512 n=3 k=2048: 16 x 3.422 us = 54.76 us (1837.81 GFLOPS/s)
MUL_MAT_VEC q4_0_rocmfp4_fast m=6144 n=1 k=2048 batch=3: 22 x 68.943 us = 1516.76 us (1094.79 GFLOPS/s)
MUL_MAT_VEC q6_K m=128000 n=3 k=2048: 1 x 979.6 us = 979.6 us (1605.23 GFLOPS/s)
RMS_NORM_MUL RMS_NORM(2048,3,1,1): 61 x 4.897 us = 298.72 us
RMS_NORM_MUL_ROPE RMS_NORM(64,32,3,1): 8 x 8.825 us = 70.6 us
RMS_NORM_MUL_ROPE RMS_NORM(64,8,3,1): 8 x 3.825 us = 30.6 us
SET_ROWS: 16 x 2.33 us = 37.28 us
SSM_CONV: 22 x 4.28 us = 94.16 us
Total time: 9948.28 us.
----------------
Vulkan Timings:
ADD: 60 x 2.799 us = 167.96 us
CONCAT: 22 x 4.598 us = 101.16 us
CPY: 22 x 3.1 us = 68.2 us
FLASH_ATTN_EXT dst(64,32,1,3),  q(64,1,32,3),  k(64,256,8,3),  v(64,256,8,3),  m(256,1,1,3): 8 x 28.775 us = 230.2 us (218.643 GFLOPS/s)
GET_ROWS: 24 x 4.933 us = 118.4 us
GLU: 30 x 2.864 us = 85.92 us
MUL: 44 x 4.27 us = 187.88 us
MUL_MAT f32 m=64 n=24 k=64: 16 x 3.822 us = 61.16 us (51.0326 GFLOPS/s)
MUL_MAT f32 m=64 n=96 k=64: 16 x 3.997 us = 63.96 us (195.194 GFLOPS/s)
MUL_MAT_VEC q4_0_rocmfp4_fast m=10752 n=3 k=2048: 60 x 104.906 us = 6294.4 us (1259.1 GFLOPS/s)
MUL_MAT_VEC q4_0_rocmfp4_fast m=2048 n=1 k=2048 batch=3: 22 x 45.203 us = 994.48 us (556.585 GFLOPS/s)
MUL_MAT_VEC q4_0_rocmfp4_fast m=2048 n=3 k=10752: 30 x 103.849 us = 3115.48 us (1272.17 GFLOPS/s)
MUL_MAT_VEC q4_0_rocmfp4_fast m=2048 n=3 k=2048: 16 x 28.572 us = 457.16 us (880.556 GFLOPS/s)
MUL_MAT_VEC q4_0_rocmfp4_fast m=512 n=3 k=2048: 16 x 8.665 us = 138.64 us (725.9 GFLOPS/s)
MUL_MAT_VEC q4_0_rocmfp4_fast m=6144 n=1 k=2048 batch=3: 22 x 116.494 us = 2562.88 us (647.919 GFLOPS/s)
MUL_MAT_VEC q6_K m=128000 n=3 k=2048: 1 x 994.44 us = 994.44 us (1581.27 GFLOPS/s)
RMS_NORM_MUL RMS_NORM(2048,3,1,1): 61 x 8.104 us = 494.36 us
RMS_NORM_MUL_ROPE RMS_NORM(64,32,3,1): 8 x 13.265 us = 106.12 us
RMS_NORM_MUL_ROPE RMS_NORM(64,8,3,1): 8 x 6.315 us = 50.52 us
SET_ROWS: 16 x 4.47 us = 71.52 us
SSM_CONV: 22 x 6.756 us = 148.64 us
Total time: 16513.5 us.
----------------
Vulkan Timings:
ADD: 60 x 2.026 us = 121.56 us
CONCAT: 22 x 2.432 us = 53.52 us
CPY: 22 x 1.641 us = 36.12 us
FLASH_ATTN_EXT dst(64,32,1,3),  q(64,1,32,3),  k(64,256,8,3),  v(64,256,8,3),  m(256,1,1,3): 8 x 15.65 us = 125.2 us (402.01 GFLOPS/s)
GET_ROWS: 24 x 2.765 us = 66.36 us
GLU: 30 x 2.63 us = 78.92 us
MUL: 44 x 2.579 us = 113.48 us
MUL_MAT f32 m=64 n=24 k=64: 16 x 2.187 us = 35 us (89.1758 GFLOPS/s)
MUL_MAT f32 m=64 n=96 k=64: 16 x 2.195 us = 35.12 us (355.484 GFLOPS/s)
MUL_MAT_VEC q4_0_rocmfp4_fast m=10752 n=3 k=2048: 60 x 57.635 us = 3458.12 us (2291.79 GFLOPS/s)
MUL_MAT_VEC q4_0_rocmfp4_fast m=2048 n=1 k=2048 batch=3: 22 x 25.07 us = 551.56 us (1003.54 GFLOPS/s)
MUL_MAT_VEC q4_0_rocmfp4_fast m=2048 n=3 k=10752: 30 x 58.212 us = 1746.36 us (2269.54 GFLOPS/s)
MUL_MAT_VEC q4_0_rocmfp4_fast m=2048 n=3 k=2048: 16 x 17.37 us = 277.92 us (1448.46 GFLOPS/s)
MUL_MAT_VEC q4_0_rocmfp4_fast m=512 n=3 k=2048: 16 x 3.295 us = 52.72 us (1908.93 GFLOPS/s)
MUL_MAT_VEC q4_0_rocmfp4_fast m=6144 n=1 k=2048 batch=3: 22 x 66.461 us = 1462.16 us (1135.68 GFLOPS/s)
MUL_MAT_VEC q6_K m=128000 n=3 k=2048: 1 x 983 us = 983 us (1599.67 GFLOPS/s)
RMS_NORM_MUL RMS_NORM(2048,3,1,1): 61 x 4.929 us = 300.72 us
RMS_NORM_MUL_ROPE RMS_NORM(64,32,3,1): 8 x 8.36 us = 66.88 us
RMS_NORM_MUL_ROPE RMS_NORM(64,8,3,1): 8 x 3.645 us = 29.16 us
SET_ROWS: 16 x 2.085 us = 33.36 us
SSM_CONV: 22 x 4.149 us = 91.28 us
Total time: 9718.52 us.
----------------
Vulkan Timings:
ADD: 60 x 1.944 us = 116.64 us
CONCAT: 22 x 2.441 us = 53.72 us
CPY: 22 x 1.583 us = 34.84 us
FLASH_ATTN_EXT dst(64,32,1,3),  q(64,1,32,3),  k(64,256,8,3),  v(64,256,8,3),  m(256,1,1,3): 8 x 18.145 us = 145.16 us (346.732 GFLOPS/s)
GET_ROWS: 24 x 2.336 us = 56.08 us
GLU: 30 x 2.698 us = 80.96 us
MUL: 44 x 2.575 us = 113.32 us
MUL_MAT f32 m=64 n=24 k=64: 16 x 1.982 us = 31.72 us (98.397 GFLOPS/s)
MUL_MAT f32 m=64 n=96 k=64: 16 x 2.162 us = 34.6 us (360.827 GFLOPS/s)
MUL_MAT_VEC q4_0_rocmfp4_fast m=10752 n=3 k=2048: 60 x 57.678 us = 3460.72 us (2290.07 GFLOPS/s)
MUL_MAT_VEC q4_0_rocmfp4_fast m=2048 n=1 k=2048 batch=3: 22 x 25.452 us = 559.96 us (988.487 GFLOPS/s)
MUL_MAT_VEC q4_0_rocmfp4_fast m=2048 n=3 k=10752: 30 x 59.382 us = 1781.48 us (2224.8 GFLOPS/s)
MUL_MAT_VEC q4_0_rocmfp4_fast m=2048 n=3 k=2048: 16 x 17.527 us = 280.44 us (1435.44 GFLOPS/s)
MUL_MAT_VEC q4_0_rocmfp4_fast m=512 n=3 k=2048: 16 x 3.35 us = 53.6 us (1877.59 GFLOPS/s)
MUL_MAT_VEC q4_0_rocmfp4_fast m=6144 n=1 k=2048 batch=3: 22 x 67.034 us = 1474.76 us (1125.97 GFLOPS/s)
MUL_MAT_VEC q6_K m=128000 n=3 k=2048: 1 x 1029.84 us = 1029.84 us (1526.92 GFLOPS/s)
RMS_NORM_MUL RMS_NORM(2048,3,1,1): 61 x 4.848 us = 295.76 us
RMS_NORM_MUL_ROPE RMS_NORM(64,32,3,1): 8 x 8.55 us = 68.4 us
RMS_NORM_MUL_ROPE RMS_NORM(64,8,3,1): 8 x 3.725 us = 29.8 us
SET_ROWS: 16 x 2.495 us = 39.92 us
SSM_CONV: 22 x 4.187 us = 92.12 us
Total time: 9833.84 us.
----------------
Vulkan Timings:
ADD: 60 x 2.706 us = 162.36 us
CONCAT: 22 x 3.609 us = 79.4 us
CPY: 22 x 1.929 us = 42.44 us
FLASH_ATTN_EXT dst(64,32,1,3),  q(64,1,32,3),  k(64,256,8,3),  v(64,256,8,3),  m(256,1,1,3): 8 x 22.035 us = 176.28 us (285.521 GFLOPS/s)
GET_ROWS: 24 x 3.198 us = 76.76 us
GLU: 30 x 3.556 us = 106.68 us
MUL: 44 x 3.743 us = 164.72 us
MUL_MAT f32 m=64 n=24 k=64: 16 x 2.545 us = 40.72 us (76.6491 GFLOPS/s)
MUL_MAT f32 m=64 n=96 k=64: 16 x 2.772 us = 44.36 us (281.438 GFLOPS/s)
MUL_MAT_VEC q4_0_rocmfp4_fast m=10752 n=3 k=2048: 60 x 82.262 us = 4935.76 us (1605.69 GFLOPS/s)
MUL_MAT_VEC q4_0_rocmfp4_fast m=2048 n=1 k=2048 batch=3: 22 x 35.467 us = 780.28 us (709.377 GFLOPS/s)
MUL_MAT_VEC q4_0_rocmfp4_fast m=2048 n=3 k=10752: 30 x 82.324 us = 2469.72 us (1604.81 GFLOPS/s)
MUL_MAT_VEC q4_0_rocmfp4_fast m=2048 n=3 k=2048: 16 x 21.655 us = 346.48 us (1161.84 GFLOPS/s)
MUL_MAT_VEC q4_0_rocmfp4_fast m=512 n=3 k=2048: 16 x 6.372 us = 101.96 us (987.041 GFLOPS/s)
MUL_MAT_VEC q4_0_rocmfp4_fast m=6144 n=1 k=2048 batch=3: 22 x 92.645 us = 2038.2 us (814.709 GFLOPS/s)
MUL_MAT_VEC q6_K m=128000 n=3 k=2048: 1 x 1023.4 us = 1023.4 us (1536.53 GFLOPS/s)
RMS_NORM_MUL RMS_NORM(2048,3,1,1): 61 x 6.62 us = 403.84 us
RMS_NORM_MUL_ROPE RMS_NORM(64,32,3,1): 8 x 11.355 us = 90.84 us
RMS_NORM_MUL_ROPE RMS_NORM(64,8,3,1): 8 x 5.07 us = 40.56 us
SET_ROWS: 16 x 3.35 us = 53.6 us
SSM_CONV: 22 x 6.149 us = 135.28 us
Total time: 13313.6 us.
----------------
Vulkan Timings:
ADD: 60 x 2.212 us = 132.72 us
CONCAT: 22 x 2.938 us = 64.64 us
CPY: 22 x 1.76 us = 38.72 us
FLASH_ATTN_EXT dst(64,32,1,3),  q(64,1,32,3),  k(64,256,8,3),  v(64,256,8,3),  m(256,1,1,3): 8 x 18.47 us = 147.76 us (340.631 GFLOPS/s)
GET_ROWS: 24 x 2.631 us = 63.16 us
GLU: 30 x 2.961 us = 88.84 us
MUL: 44 x 3.05 us = 134.2 us
MUL_MAT f32 m=64 n=24 k=64: 16 x 2.117 us = 33.88 us (92.1237 GFLOPS/s)
MUL_MAT f32 m=64 n=96 k=64: 16 x 2.4 us = 38.4 us (325.12 GFLOPS/s)
MUL_MAT_VEC q4_0_rocmfp4_fast m=10752 n=3 k=2048: 60 x 66.694 us = 4001.68 us (1980.49 GFLOPS/s)
MUL_MAT_VEC q4_0_rocmfp4_fast m=2048 n=1 k=2048 batch=3: 22 x 29.907 us = 657.96 us (841.256 GFLOPS/s)
MUL_MAT_VEC q4_0_rocmfp4_fast m=2048 n=3 k=10752: 30 x 65.933 us = 1978 us (2003.76 GFLOPS/s)
MUL_MAT_VEC q4_0_rocmfp4_fast m=2048 n=3 k=2048: 16 x 18.677 us = 298.84 us (1347.06 GFLOPS/s)
MUL_MAT_VEC q4_0_rocmfp4_fast m=512 n=3 k=2048: 16 x 4.742 us = 75.88 us (1326.29 GFLOPS/s)
MUL_MAT_VEC q4_0_rocmfp4_fast m=6144 n=1 k=2048 batch=3: 22 x 77.427 us = 1703.4 us (974.838 GFLOPS/s)
MUL_MAT_VEC q6_K m=128000 n=3 k=2048: 1 x 1009.4 us = 1009.4 us (1557.84 GFLOPS/s)
RMS_NORM_MUL RMS_NORM(2048,3,1,1): 61 x 5.491 us = 334.96 us
RMS_NORM_MUL_ROPE RMS_NORM(64,32,3,1): 8 x 9.7 us = 77.6 us
RMS_NORM_MUL_ROPE RMS_NORM(64,8,3,1): 8 x 4.265 us = 34.12 us
SET_ROWS: 16 x 2.915 us = 46.64 us
SSM_CONV: 22 x 4.88 us = 107.36 us
Total time: 11068.2 us.
----------------
Vulkan Timings:
ADD: 60 x 2.118 us = 127.08 us
CONCAT: 22 x 2.741 us = 60.32 us
CPY: 22 x 1.66 us = 36.52 us
FLASH_ATTN_EXT dst(64,32,1,3),  q(64,1,32,3),  k(64,256,8,3),  v(64,256,8,3),  m(256,1,1,3): 8 x 17.94 us = 143.52 us (350.694 GFLOPS/s)
GET_ROWS: 24 x 2.586 us = 62.08 us
GLU: 30 x 3.012 us = 90.36 us
MUL: 44 x 3.1 us = 136.44 us
MUL_MAT f32 m=64 n=24 k=64: 16 x 2.28 us = 36.48 us (85.5579 GFLOPS/s)
MUL_MAT f32 m=64 n=96 k=64: 16 x 2.34 us = 37.44 us (333.456 GFLOPS/s)
MUL_MAT_VEC q4_0_rocmfp4_fast m=10752 n=3 k=2048: 60 x 62.979 us = 3778.76 us (2097.33 GFLOPS/s)
MUL_MAT_VEC q4_0_rocmfp4_fast m=2048 n=1 k=2048 batch=3: 22 x 27.476 us = 604.48 us (915.684 GFLOPS/s)
MUL_MAT_VEC q4_0_rocmfp4_fast m=2048 n=3 k=10752: 30 x 63.345 us = 1900.36 us (2085.62 GFLOPS/s)
MUL_MAT_VEC q4_0_rocmfp4_fast m=2048 n=3 k=2048: 16 x 18.885 us = 302.16 us (1332.26 GFLOPS/s)
MUL_MAT_VEC q4_0_rocmfp4_fast m=512 n=3 k=2048: 16 x 3.607 us = 57.72 us (1743.57 GFLOPS/s)
MUL_MAT_VEC q4_0_rocmfp4_fast m=6144 n=1 k=2048 batch=3: 22 x 74.267 us = 1633.88 us (1016.32 GFLOPS/s)
MUL_MAT_VEC q6_K m=128000 n=3 k=2048: 1 x 992.44 us = 992.44 us (1584.46 GFLOPS/s)
RMS_NORM_MUL RMS_NORM(2048,3,1,1): 61 x 5.335 us = 325.44 us
RMS_NORM_MUL_ROPE RMS_NORM(64,32,3,1): 8 x 9.335 us = 74.68 us
RMS_NORM_MUL_ROPE RMS_NORM(64,8,3,1): 8 x 4.1 us = 32.8 us
SET_ROWS: 16 x 2.5 us = 40 us
SSM_CONV: 22 x 4.714 us = 103.72 us
Total time: 10576.7 us.
----------------
Vulkan Timings:
ADD: 60 x 2.056 us = 123.4 us
CONCAT: 22 x 2.743 us = 60.36 us
CPY: 22 x 1.636 us = 36 us
FLASH_ATTN_EXT dst(64,32,1,3),  q(64,1,32,3),  k(64,256,8,3),  v(64,256,8,3),  m(256,1,1,3): 8 x 17.48 us = 139.84 us (359.923 GFLOPS/s)
GET_ROWS: 24 x 2.483 us = 59.6 us
GLU: 30 x 2.872 us = 86.16 us
MUL: 44 x 2.793 us = 122.92 us
MUL_MAT f32 m=64 n=24 k=64: 16 x 1.93 us = 30.88 us (101.074 GFLOPS/s)
MUL_MAT f32 m=64 n=96 k=64: 16 x 2.325 us = 37.2 us (335.608 GFLOPS/s)
MUL_MAT_VEC q4_0_rocmfp4_fast m=10752 n=3 k=2048: 60 x 61.817 us = 3709.04 us (2136.75 GFLOPS/s)
MUL_MAT_VEC q4_0_rocmfp4_fast m=2048 n=1 k=2048 batch=3: 22 x 26.927 us = 592.4 us (934.357 GFLOPS/s)
MUL_MAT_VEC q4_0_rocmfp4_fast m=2048 n=3 k=10752: 30 x 60.392 us = 1811.76 us (2187.61 GFLOPS/s)
MUL_MAT_VEC q4_0_rocmfp4_fast m=2048 n=3 k=2048: 16 x 18.407 us = 294.52 us (1366.82 GFLOPS/s)
MUL_MAT_VEC q4_0_rocmfp4_fast m=512 n=3 k=2048: 16 x 3.565 us = 57.04 us (1764.35 GFLOPS/s)
MUL_MAT_VEC q4_0_rocmfp4_fast m=6144 n=1 k=2048 batch=3: 22 x 72.23 us = 1589.08 us (1044.97 GFLOPS/s)
MUL_MAT_VEC q6_K m=128000 n=3 k=2048: 1 x 1048.36 us = 1048.36 us (1499.94 GFLOPS/s)
RMS_NORM_MUL RMS_NORM(2048,3,1,1): 61 x 5.348 us = 326.28 us
RMS_NORM_MUL_ROPE RMS_NORM(64,32,3,1): 8 x 9.095 us = 72.76 us
RMS_NORM_MUL_ROPE RMS_NORM(64,8,3,1): 8 x 4.02 us = 32.16 us
SET_ROWS: 16 x 2.667 us = 42.68 us
SSM_CONV: 22 x 4.545 us = 100 us
Total time: 10372.4 us.
----------------
Vulkan Timings:
ADD: 60 x 2.872 us = 172.36 us
CONCAT: 22 x 3.272 us = 72 us
CPY: 22 x 2.54 us = 55.88 us
FLASH_ATTN_EXT dst(64,32,1,3),  q(64,1,32,3),  k(64,256,8,3),  v(64,256,8,3),  m(256,1,1,3): 8 x 21.185 us = 169.48 us (296.977 GFLOPS/s)
GET_ROWS: 24 x 3.058 us = 73.4 us
GLU: 30 x 3.176 us = 95.28 us
MUL: 44 x 3.425 us = 150.72 us
MUL_MAT f32 m=64 n=24 k=64: 16 x 2.72 us = 43.52 us (71.7176 GFLOPS/s)
MUL_MAT f32 m=64 n=96 k=64: 16 x 2.657 us = 42.52 us (293.617 GFLOPS/s)
MUL_MAT_VEC q4_0_rocmfp4_fast m=10752 n=3 k=2048: 60 x 77.324 us = 4639.44 us (1708.24 GFLOPS/s)
MUL_MAT_VEC q4_0_rocmfp4_fast m=2048 n=1 k=2048 batch=3: 22 x 33.654 us = 740.4 us (747.586 GFLOPS/s)
MUL_MAT_VEC q4_0_rocmfp4_fast m=2048 n=3 k=10752: 30 x 74.658 us = 2239.76 us (1769.58 GFLOPS/s)
MUL_MAT_VEC q4_0_rocmfp4_fast m=2048 n=3 k=2048: 16 x 20.41 us = 326.56 us (1232.71 GFLOPS/s)
MUL_MAT_VEC q4_0_rocmfp4_fast m=512 n=3 k=2048: 16 x 6.007 us = 96.12 us (1047.01 GFLOPS/s)
MUL_MAT_VEC q4_0_rocmfp4_fast m=6144 n=1 k=2048 batch=3: 22 x 86.694 us = 1907.28 us (870.632 GFLOPS/s)
MUL_MAT_VEC q6_K m=128000 n=3 k=2048: 1 x 1021.08 us = 1021.08 us (1540.02 GFLOPS/s)
RMS_NORM_MUL RMS_NORM(2048,3,1,1): 61 x 6.457 us = 393.92 us
RMS_NORM_MUL_ROPE RMS_NORM(64,32,3,1): 8 x 10.845 us = 86.76 us
RMS_NORM_MUL_ROPE RMS_NORM(64,8,3,1): 8 x 4.85 us = 38.8 us
SET_ROWS: 16 x 2.865 us = 45.84 us
SSM_CONV: 22 x 5.889 us = 129.56 us
Total time: 12540.7 us.
----------------
Vulkan Timings:
ADD: 60 x 2.171 us = 130.28 us
CONCAT: 22 x 3.796 us = 83.52 us
CPY: 22 x 1.665 us = 36.64 us
FLASH_ATTN_EXT dst(64,32,1,3),  q(64,1,32,3),  k(64,256,8,3),  v(64,256,8,3),  m(256,1,1,3): 8 x 18.855 us = 150.84 us (333.676 GFLOPS/s)
GET_ROWS: 24 x 2.65 us = 63.6 us
GLU: 30 x 3.296 us = 98.88 us
MUL: 44 x 3.001 us = 132.08 us
MUL_MAT f32 m=64 n=24 k=64: 16 x 2.457 us = 39.32 us (79.3782 GFLOPS/s)
MUL_MAT f32 m=64 n=96 k=64: 16 x 2.345 us = 37.52 us (332.745 GFLOPS/s)
MUL_MAT_VEC q4_0_rocmfp4_fast m=10752 n=3 k=2048: 60 x 65.766 us = 3946 us (2008.44 GFLOPS/s)
MUL_MAT_VEC q4_0_rocmfp4_fast m=2048 n=1 k=2048 batch=3: 22 x 28.894 us = 635.68 us (870.742 GFLOPS/s)
MUL_MAT_VEC q4_0_rocmfp4_fast m=2048 n=3 k=10752: 30 x 64.678 us = 1940.36 us (2042.63 GFLOPS/s)
MUL_MAT_VEC q4_0_rocmfp4_fast m=2048 n=3 k=2048: 16 x 19.005 us = 304.08 us (1323.85 GFLOPS/s)
MUL_MAT_VEC q4_0_rocmfp4_fast m=512 n=3 k=2048: 16 x 4.442 us = 71.08 us (1415.85 GFLOPS/s)
MUL_MAT_VEC q4_0_rocmfp4_fast m=6144 n=1 k=2048 batch=3: 22 x 76.567 us = 1684.48 us (985.787 GFLOPS/s)
MUL_MAT_VEC q6_K m=128000 n=3 k=2048: 1 x 1017.04 us = 1017.04 us (1546.13 GFLOPS/s)
RMS_NORM_MUL RMS_NORM(2048,3,1,1): 61 x 5.586 us = 340.76 us
RMS_NORM_MUL_ROPE RMS_NORM(64,32,3,1): 8 x 9.55 us = 76.4 us
RMS_NORM_MUL_ROPE RMS_NORM(64,8,3,1): 8 x 4.27 us = 34.16 us
SET_ROWS: 16 x 2.477 us = 39.64 us
SSM_CONV: 22 x 5.518 us = 121.4 us
Total time: 10983.8 us.
----------------
Vulkan Timings:
ADD: 60 x 2.808 us = 168.48 us
CONCAT: 22 x 4.501 us = 99.04 us
CPY: 22 x 3.249 us = 71.48 us
FLASH_ATTN_EXT dst(64,32,1,3),  q(64,1,32,3),  k(64,256,8,3),  v(64,256,8,3),  m(256,1,1,3): 8 x 28.085 us = 224.68 us (224.015 GFLOPS/s)
GET_ROWS: 24 x 4.191 us = 100.6 us
GLU: 30 x 3.074 us = 92.24 us
MUL: 44 x 4.222 us = 185.8 us
MUL_MAT f32 m=64 n=24 k=64: 16 x 3.592 us = 57.48 us (54.2998 GFLOPS/s)
MUL_MAT f32 m=64 n=96 k=64: 16 x 4.08 us = 65.28 us (191.247 GFLOPS/s)
MUL_MAT_VEC q4_0_rocmfp4_fast m=10752 n=3 k=2048: 60 x 105.57 us = 6334.2 us (1251.19 GFLOPS/s)
MUL_MAT_VEC q4_0_rocmfp4_fast m=2048 n=1 k=2048 batch=3: 22 x 43.327 us = 953.2 us (580.689 GFLOPS/s)
MUL_MAT_VEC q4_0_rocmfp4_fast m=2048 n=3 k=10752: 30 x 101.276 us = 3038.28 us (1304.5 GFLOPS/s)
MUL_MAT_VEC q4_0_rocmfp4_fast m=2048 n=3 k=2048: 16 x 27.237 us = 435.8 us (923.715 GFLOPS/s)
MUL_MAT_VEC q4_0_rocmfp4_fast m=512 n=3 k=2048: 16 x 8.707 us = 139.32 us (722.357 GFLOPS/s)
MUL_MAT_VEC q4_0_rocmfp4_fast m=6144 n=1 k=2048 batch=3: 22 x 117.047 us = 2575.04 us (644.859 GFLOPS/s)
MUL_MAT_VEC q6_K m=128000 n=3 k=2048: 1 x 988.4 us = 988.4 us (1590.93 GFLOPS/s)
RMS_NORM_MUL RMS_NORM(2048,3,1,1): 61 x 8.074 us = 492.52 us
RMS_NORM_MUL_ROPE RMS_NORM(64,32,3,1): 8 x 13.085 us = 104.68 us
RMS_NORM_MUL_ROPE RMS_NORM(64,8,3,1): 8 x 6.005 us = 48.04 us
SET_ROWS: 16 x 3.937 us = 63 us
SSM_CONV: 22 x 6.776 us = 149.08 us
Total time: 16386.6 us.
----------------
Vulkan Timings:
ADD: 60 x 2.154 us = 129.24 us
CONCAT: 22 x 2.605 us = 57.32 us
CPY: 22 x 1.647 us = 36.24 us
FLASH_ATTN_EXT dst(64,32,1,3),  q(64,1,32,3),  k(64,256,8,3),  v(64,256,8,3),  m(256,1,1,3): 8 x 17.18 us = 137.44 us (366.208 GFLOPS/s)
GET_ROWS: 24 x 2.471 us = 59.32 us
GLU: 30 x 2.788 us = 83.64 us
MUL: 44 x 2.726 us = 119.96 us
MUL_MAT f32 m=64 n=24 k=64: 16 x 1.992 us = 31.88 us (97.9031 GFLOPS/s)
MUL_MAT f32 m=64 n=96 k=64: 16 x 2.312 us = 37 us (337.422 GFLOPS/s)
MUL_MAT_VEC q4_0_rocmfp4_fast m=10752 n=3 k=2048: 60 x 59.233 us = 3554 us (2229.97 GFLOPS/s)
MUL_MAT_VEC q4_0_rocmfp4_fast m=2048 n=1 k=2048 batch=3: 22 x 25.981 us = 571.6 us (968.357 GFLOPS/s)
MUL_MAT_VEC q4_0_rocmfp4_fast m=2048 n=3 k=10752: 30 x 59.526 us = 1785.8 us (2219.42 GFLOPS/s)
MUL_MAT_VEC q4_0_rocmfp4_fast m=2048 n=3 k=2048: 16 x 18.05 us = 288.8 us (1393.89 GFLOPS/s)
MUL_MAT_VEC q4_0_rocmfp4_fast m=512 n=3 k=2048: 16 x 3.437 us = 55 us (1829.79 GFLOPS/s)
MUL_MAT_VEC q4_0_rocmfp4_fast m=6144 n=1 k=2048 batch=3: 22 x 69.91 us = 1538.04 us (1079.65 GFLOPS/s)
MUL_MAT_VEC q6_K m=128000 n=3 k=2048: 1 x 977.8 us = 977.8 us (1608.18 GFLOPS/s)
RMS_NORM_MUL RMS_NORM(2048,3,1,1): 61 x 5.044 us = 307.72 us
RMS_NORM_MUL_ROPE RMS_NORM(64,32,3,1): 8 x 8.9 us = 71.2 us
RMS_NORM_MUL_ROPE RMS_NORM(64,8,3,1): 8 x 3.905 us = 31.24 us
SET_ROWS: 16 x 2.48 us = 39.68 us
SSM_CONV: 22 x 4.427 us = 97.4 us
Total time: 10010.3 us.
----------------
Vulkan Timings:
ADD: 60 x 2.716 us = 163 us
CONCAT: 22 x 3.325 us = 73.16 us
CPY: 22 x 1.836 us = 40.4 us
FLASH_ATTN_EXT dst(64,32,1,3),  q(64,1,32,3),  k(64,256,8,3),  v(64,256,8,3),  m(256,1,1,3): 8 x 21.11 us = 168.88 us (298.032 GFLOPS/s)
GET_ROWS: 24 x 3.043 us = 73.04 us
GLU: 30 x 3.061 us = 91.84 us
MUL: 44 x 3.587 us = 157.84 us
MUL_MAT f32 m=64 n=24 k=64: 16 x 2.802 us = 44.84 us (69.6064 GFLOPS/s)
MUL_MAT f32 m=64 n=96 k=64: 16 x 2.64 us = 42.24 us (295.564 GFLOPS/s)
MUL_MAT_VEC q4_0_rocmfp4_fast m=10752 n=3 k=2048: 60 x 77.912 us = 4674.76 us (1695.34 GFLOPS/s)
MUL_MAT_VEC q4_0_rocmfp4_fast m=2048 n=1 k=2048 batch=3: 22 x 33.525 us = 737.56 us (750.465 GFLOPS/s)
MUL_MAT_VEC q4_0_rocmfp4_fast m=2048 n=3 k=10752: 30 x 75.24 us = 2257.2 us (1755.91 GFLOPS/s)
MUL_MAT_VEC q4_0_rocmfp4_fast m=2048 n=3 k=2048: 16 x 20.117 us = 321.88 us (1250.64 GFLOPS/s)
MUL_MAT_VEC q4_0_rocmfp4_fast m=512 n=3 k=2048: 16 x 6.325 us = 101.2 us (994.454 GFLOPS/s)
MUL_MAT_VEC q4_0_rocmfp4_fast m=6144 n=1 k=2048 batch=3: 22 x 86.523 us = 1903.52 us (872.352 GFLOPS/s)
MUL_MAT_VEC q6_K m=128000 n=3 k=2048: 1 x 1027.68 us = 1027.68 us (1530.13 GFLOPS/s)
RMS_NORM_MUL RMS_NORM(2048,3,1,1): 61 x 6.529 us = 398.28 us
RMS_NORM_MUL_ROPE RMS_NORM(64,32,3,1): 8 x 10.815 us = 86.52 us
RMS_NORM_MUL_ROPE RMS_NORM(64,8,3,1): 8 x 4.84 us = 38.72 us
SET_ROWS: 16 x 2.842 us = 45.48 us
SSM_CONV: 22 x 5.601 us = 123.24 us
Total time: 12571.3 us.
----------------
Vulkan Timings:
ADD: 60 x 2.555 us = 153.32 us
CONCAT: 22 x 3.792 us = 83.44 us
CPY: 22 x 2.3 us = 50.6 us
FLASH_ATTN_EXT dst(64,32,1,3),  q(64,1,32,3),  k(64,256,8,3),  v(64,256,8,3),  m(256,1,1,3): 8 x 23.52 us = 188.16 us (267.494 GFLOPS/s)
GET_ROWS: 24 x 3.863 us = 92.72 us
GLU: 30 x 3.949 us = 118.48 us
MUL: 44 x 4.436 us = 195.2 us
MUL_MAT f32 m=64 n=24 k=64: 16 x 2.765 us = 44.24 us (70.5505 GFLOPS/s)
MUL_MAT f32 m=64 n=96 k=64: 16 x 3.27 us = 52.32 us (238.62 GFLOPS/s)
MUL_MAT_VEC q4_0_rocmfp4_fast m=10752 n=3 k=2048: 60 x 92.186 us = 5531.16 us (1432.85 GFLOPS/s)
MUL_MAT_VEC q4_0_rocmfp4_fast m=2048 n=1 k=2048 batch=3: 22 x 40.449 us = 889.88 us (622.009 GFLOPS/s)
MUL_MAT_VEC q4_0_rocmfp4_fast m=2048 n=3 k=10752: 30 x 90.092 us = 2702.76 us (1466.44 GFLOPS/s)
MUL_MAT_VEC q4_0_rocmfp4_fast m=2048 n=3 k=2048: 16 x 24.085 us = 385.36 us (1044.62 GFLOPS/s)
MUL_MAT_VEC q4_0_rocmfp4_fast m=512 n=3 k=2048: 16 x 7.552 us = 120.84 us (832.826 GFLOPS/s)
MUL_MAT_VEC q4_0_rocmfp4_fast m=6144 n=1 k=2048 batch=3: 22 x 102.156 us = 2247.44 us (738.858 GFLOPS/s)
MUL_MAT_VEC q6_K m=128000 n=3 k=2048: 1 x 1003.48 us = 1003.48 us (1567.03 GFLOPS/s)
RMS_NORM_MUL RMS_NORM(2048,3,1,1): 61 x 7.371 us = 449.68 us
RMS_NORM_MUL_ROPE RMS_NORM(64,32,3,1): 8 x 12.63 us = 101.04 us
RMS_NORM_MUL_ROPE RMS_NORM(64,8,3,1): 8 x 5.49 us = 43.92 us
SET_ROWS: 16 x 4.237 us = 67.8 us
SSM_CONV: 22 x 6.145 us = 135.2 us
Total time: 14657 us.
----------------
Vulkan Timings:
ADD: 60 x 2.061 us = 123.68 us
CONCAT: 22 x 2.356 us = 51.84 us
CPY: 22 x 1.58 us = 34.76 us
FLASH_ATTN_EXT dst(64,32,1,3),  q(64,1,32,3),  k(64,256,8,3),  v(64,256,8,3),  m(256,1,1,3): 8 x 15.145 us = 121.16 us (415.415 GFLOPS/s)
GET_ROWS: 24 x 2.276 us = 54.64 us
GLU: 30 x 2.673 us = 80.2 us
MUL: 44 x 2.544 us = 111.96 us
MUL_MAT f32 m=64 n=24 k=64: 16 x 2.13 us = 34.08 us (91.5831 GFLOPS/s)
MUL_MAT f32 m=64 n=96 k=64: 16 x 2.122 us = 33.96 us (367.627 GFLOPS/s)
MUL_MAT_VEC q4_0_rocmfp4_fast m=10752 n=3 k=2048: 60 x 57.318 us = 3439.12 us (2304.46 GFLOPS/s)
MUL_MAT_VEC q4_0_rocmfp4_fast m=2048 n=1 k=2048 batch=3: 22 x 24.287 us = 534.32 us (1035.92 GFLOPS/s)
MUL_MAT_VEC q4_0_rocmfp4_fast m=2048 n=3 k=10752: 30 x 56.946 us = 1708.4 us (2319.97 GFLOPS/s)
MUL_MAT_VEC q4_0_rocmfp4_fast m=2048 n=3 k=2048: 16 x 17.06 us = 272.96 us (1474.78 GFLOPS/s)
MUL_MAT_VEC q4_0_rocmfp4_fast m=512 n=3 k=2048: 16 x 3.232 us = 51.72 us (1945.84 GFLOPS/s)
MUL_MAT_VEC q4_0_rocmfp4_fast m=6144 n=1 k=2048 batch=3: 22 x 64.612 us = 1421.48 us (1168.18 GFLOPS/s)
MUL_MAT_VEC q6_K m=128000 n=3 k=2048: 1 x 984.88 us = 984.88 us (1596.62 GFLOPS/s)
RMS_NORM_MUL RMS_NORM(2048,3,1,1): 61 x 4.702 us = 286.88 us
RMS_NORM_MUL_ROPE RMS_NORM(64,32,3,1): 8 x 8.155 us = 65.24 us
RMS_NORM_MUL_ROPE RMS_NORM(64,8,3,1): 8 x 3.53 us = 28.24 us
SET_ROWS: 16 x 2.207 us = 35.32 us
SSM_CONV: 22 x 4.009 us = 88.2 us
Total time: 9563.04 us.
----------------
Vulkan Timings:
ADD: 60 x 2.276 us = 136.6 us
CONCAT: 22 x 2.965 us = 65.24 us
CPY: 22 x 1.709 us = 37.6 us
FLASH_ATTN_EXT dst(64,32,1,3),  q(64,1,32,3),  k(64,256,8,3),  v(64,256,8,3),  m(256,1,1,3): 8 x 22.535 us = 180.28 us (279.186 GFLOPS/s)
GET_ROWS: 24 x 3.175 us = 76.2 us
GLU: 30 x 3.113 us = 93.4 us
MUL: 44 x 3.088 us = 135.88 us
MUL_MAT f32 m=64 n=24 k=64: 16 x 2.3 us = 36.8 us (84.8139 GFLOPS/s)
MUL_MAT f32 m=64 n=96 k=64: 16 x 2.55 us = 40.8 us (305.995 GFLOPS/s)
MUL_MAT_VEC q4_0_rocmfp4_fast m=10752 n=3 k=2048: 60 x 69.016 us = 4140.96 us (1913.88 GFLOPS/s)
MUL_MAT_VEC q4_0_rocmfp4_fast m=2048 n=1 k=2048 batch=3: 22 x 30.854 us = 678.8 us (815.429 GFLOPS/s)
MUL_MAT_VEC q4_0_rocmfp4_fast m=2048 n=3 k=10752: 30 x 66.421 us = 1992.64 us (1989.04 GFLOPS/s)
MUL_MAT_VEC q4_0_rocmfp4_fast m=2048 n=3 k=2048: 16 x 19.18 us = 306.88 us (1311.77 GFLOPS/s)
MUL_MAT_VEC q4_0_rocmfp4_fast m=512 n=3 k=2048: 16 x 4.797 us = 76.76 us (1311.08 GFLOPS/s)
MUL_MAT_VEC q4_0_rocmfp4_fast m=6144 n=1 k=2048 batch=3: 22 x 80.287 us = 1766.32 us (940.112 GFLOPS/s)
MUL_MAT_VEC q6_K m=128000 n=3 k=2048: 1 x 1015.72 us = 1015.72 us (1548.14 GFLOPS/s)
RMS_NORM_MUL RMS_NORM(2048,3,1,1): 61 x 5.641 us = 344.16 us
RMS_NORM_MUL_ROPE RMS_NORM(64,32,3,1): 8 x 9.825 us = 78.6 us
RMS_NORM_MUL_ROPE RMS_NORM(64,8,3,1): 8 x 4.135 us = 33.08 us
SET_ROWS: 16 x 2.625 us = 42 us
SSM_CONV: 22 x 5.083 us = 111.84 us
Total time: 11390.6 us.
----------------
Vulkan Timings:
ADD: 60 x 2.308 us = 138.52 us
CONCAT: 22 x 2.914 us = 64.12 us
CPY: 22 x 1.732 us = 38.12 us
FLASH_ATTN_EXT dst(64,32,1,3),  q(64,1,32,3),  k(64,256,8,3),  v(64,256,8,3),  m(256,1,1,3): 8 x 19.245 us = 153.96 us (326.914 GFLOPS/s)
GET_ROWS: 24 x 2.746 us = 65.92 us
GLU: 30 x 3.108 us = 93.24 us
MUL: 44 x 3.04 us = 133.76 us
MUL_MAT f32 m=64 n=24 k=64: 16 x 2.815 us = 45.04 us (69.2973 GFLOPS/s)
MUL_MAT f32 m=64 n=96 k=64: 16 x 2.31 us = 36.96 us (337.787 GFLOPS/s)
MUL_MAT_VEC q4_0_rocmfp4_fast m=10752 n=3 k=2048: 60 x 67.64 us = 4058.4 us (1952.81 GFLOPS/s)
MUL_MAT_VEC q4_0_rocmfp4_fast m=2048 n=1 k=2048 batch=3: 22 x 29.481 us = 648.6 us (853.396 GFLOPS/s)
MUL_MAT_VEC q4_0_rocmfp4_fast m=2048 n=3 k=10752: 30 x 67.345 us = 2020.36 us (1961.75 GFLOPS/s)
MUL_MAT_VEC q4_0_rocmfp4_fast m=2048 n=3 k=2048: 16 x 18.692 us = 299.08 us (1345.98 GFLOPS/s)
MUL_MAT_VEC q4_0_rocmfp4_fast m=512 n=3 k=2048: 16 x 6.052 us = 96.84 us (1039.23 GFLOPS/s)
MUL_MAT_VEC q4_0_rocmfp4_fast m=6144 n=1 k=2048 batch=3: 22 x 77.823 us = 1712.12 us (969.873 GFLOPS/s)
MUL_MAT_VEC q6_K m=128000 n=3 k=2048: 1 x 1022.36 us = 1022.36 us (1538.09 GFLOPS/s)
RMS_NORM_MUL RMS_NORM(2048,3,1,1): 61 x 5.721 us = 349.04 us
RMS_NORM_MUL_ROPE RMS_NORM(64,32,3,1): 8 x 9.81 us = 78.48 us
RMS_NORM_MUL_ROPE RMS_NORM(64,8,3,1): 8 x 5.425 us = 43.4 us
SET_ROWS: 16 x 2.675 us = 42.8 us
SSM_CONV: 22 x 4.985 us = 109.68 us
Total time: 11250.8 us.
----------------
Vulkan Timings:
ADD: 60 x 2.69 us = 161.4 us
CONCAT: 22 x 4.065 us = 89.44 us
CPY: 22 x 2.989 us = 65.76 us
FLASH_ATTN_EXT dst(64,32,1,3),  q(64,1,32,3),  k(64,256,8,3),  v(64,256,8,3),  m(256,1,1,3): 8 x 25.87 us = 206.96 us (243.195 GFLOPS/s)
GET_ROWS: 24 x 4.215 us = 101.16 us
GLU: 30 x 3.145 us = 94.36 us
MUL: 44 x 3.94 us = 173.36 us
MUL_MAT f32 m=64 n=24 k=64: 16 x 3.062 us = 49 us (63.697 GFLOPS/s)
MUL_MAT f32 m=64 n=96 k=64: 16 x 3.525 us = 56.4 us (221.358 GFLOPS/s)
MUL_MAT_VEC q4_0_rocmfp4_fast m=10752 n=3 k=2048: 60 x 97.958 us = 5877.48 us (1348.42 GFLOPS/s)
MUL_MAT_VEC q4_0_rocmfp4_fast m=2048 n=1 k=2048 batch=3: 22 x 41.863 us = 921 us (600.991 GFLOPS/s)
MUL_MAT_VEC q4_0_rocmfp4_fast m=2048 n=3 k=10752: 30 x 96.776 us = 2903.28 us (1365.16 GFLOPS/s)
MUL_MAT_VEC q4_0_rocmfp4_fast m=2048 n=3 k=2048: 16 x 26.48 us = 423.68 us (950.139 GFLOPS/s)
MUL_MAT_VEC q4_0_rocmfp4_fast m=512 n=3 k=2048: 16 x 8.065 us = 129.04 us (779.903 GFLOPS/s)
MUL_MAT_VEC q4_0_rocmfp4_fast m=6144 n=1 k=2048 batch=3: 22 x 110.972 us = 2441.4 us (680.158 GFLOPS/s)
MUL_MAT_VEC q6_K m=128000 n=3 k=2048: 1 x 996.8 us = 996.8 us (1577.53 GFLOPS/s)
RMS_NORM_MUL RMS_NORM(2048,3,1,1): 61 x 7.817 us = 476.84 us
RMS_NORM_MUL_ROPE RMS_NORM(64,32,3,1): 8 x 12.715 us = 101.72 us
RMS_NORM_MUL_ROPE RMS_NORM(64,8,3,1): 8 x 5.795 us = 46.36 us
SET_ROWS: 16 x 4.525 us = 72.4 us
SSM_CONV: 22 x 8.161 us = 179.56 us
Total time: 15567.4 us.
----------------
Vulkan Timings:
ADD: 60 x 1.905 us = 114.32 us
CONCAT: 22 x 2.405 us = 52.92 us
CPY: 22 x 1.578 us = 34.72 us
FLASH_ATTN_EXT dst(64,32,1,3),  q(64,1,32,3),  k(64,256,8,3),  v(64,256,8,3),  m(256,1,1,3): 8 x 15.655 us = 125.24 us (401.882 GFLOPS/s)
GET_ROWS: 24 x 2.31 us = 55.44 us
GLU: 30 x 3.106 us = 93.2 us
MUL: 44 x 2.55 us = 112.24 us
MUL_MAT f32 m=64 n=24 k=64: 16 x 2.172 us = 34.76 us (89.7915 GFLOPS/s)
MUL_MAT f32 m=64 n=96 k=64: 16 x 2.167 us = 34.68 us (359.994 GFLOPS/s)
MUL_MAT_VEC q4_0_rocmfp4_fast m=10752 n=3 k=2048: 60 x 58.274 us = 3496.44 us (2266.68 GFLOPS/s)
MUL_MAT_VEC q4_0_rocmfp4_fast m=2048 n=1 k=2048 batch=3: 22 x 24.876 us = 547.28 us (1011.39 GFLOPS/s)
MUL_MAT_VEC q4_0_rocmfp4_fast m=2048 n=3 k=10752: 30 x 60.097 us = 1802.92 us (2198.34 GFLOPS/s)
MUL_MAT_VEC q4_0_rocmfp4_fast m=2048 n=3 k=2048: 16 x 17.337 us = 277.4 us (1451.17 GFLOPS/s)
MUL_MAT_VEC q4_0_rocmfp4_fast m=512 n=3 k=2048: 16 x 3.302 us = 52.84 us (1904.59 GFLOPS/s)
MUL_MAT_VEC q4_0_rocmfp4_fast m=6144 n=1 k=2048 batch=3: 22 x 67.287 us = 1480.32 us (1121.74 GFLOPS/s)
MUL_MAT_VEC q6_K m=128000 n=3 k=2048: 1 x 980.08 us = 980.08 us (1604.44 GFLOPS/s)
RMS_NORM_MUL RMS_NORM(2048,3,1,1): 61 x 4.772 us = 291.12 us
RMS_NORM_MUL_ROPE RMS_NORM(64,32,3,1): 8 x 8.31 us = 66.48 us
RMS_NORM_MUL_ROPE RMS_NORM(64,8,3,1): 8 x 3.61 us = 28.88 us
SET_ROWS: 16 x 2.205 us = 35.28 us
SSM_CONV: 22 x 4.118 us = 90.6 us
Total time: 9807.16 us.
----------------
Vulkan Timings:
ADD: 60 x 2.748 us = 164.92 us
CONCAT: 22 x 3.429 us = 75.44 us
CPY: 22 x 2.005 us = 44.12 us
FLASH_ATTN_EXT dst(64,32,1,3),  q(64,1,32,3),  k(64,256,8,3),  v(64,256,8,3),  m(256,1,1,3): 8 x 21.67 us = 173.36 us (290.33 GFLOPS/s)
GET_ROWS: 24 x 3.3 us = 79.2 us
GLU: 30 x 2.913 us = 87.4 us
MUL: 44 x 3.678 us = 161.84 us
MUL_MAT f32 m=64 n=24 k=64: 16 x 2.507 us = 40.12 us (77.7954 GFLOPS/s)
MUL_MAT f32 m=64 n=96 k=64: 16 x 2.795 us = 44.72 us (279.173 GFLOPS/s)
MUL_MAT_VEC q4_0_rocmfp4_fast m=10752 n=3 k=2048: 60 x 82.419 us = 4945.16 us (1602.64 GFLOPS/s)
MUL_MAT_VEC q4_0_rocmfp4_fast m=2048 n=1 k=2048 batch=3: 22 x 35.601 us = 783.24 us (706.696 GFLOPS/s)
MUL_MAT_VEC q4_0_rocmfp4_fast m=2048 n=3 k=10752: 30 x 79.048 us = 2371.44 us (1671.32 GFLOPS/s)
MUL_MAT_VEC q4_0_rocmfp4_fast m=2048 n=3 k=2048: 16 x 21.1 us = 337.6 us (1192.4 GFLOPS/s)
MUL_MAT_VEC q4_0_rocmfp4_fast m=512 n=3 k=2048: 16 x 6.595 us = 105.52 us (953.741 GFLOPS/s)
MUL_MAT_VEC q4_0_rocmfp4_fast m=6144 n=1 k=2048 batch=3: 22 x 91.9 us = 2021.8 us (821.317 GFLOPS/s)
MUL_MAT_VEC q6_K m=128000 n=3 k=2048: 1 x 1049.08 us = 1049.08 us (1498.91 GFLOPS/s)
RMS_NORM_MUL RMS_NORM(2048,3,1,1): 61 x 6.631 us = 404.52 us
RMS_NORM_MUL_ROPE RMS_NORM(64,32,3,1): 8 x 11.435 us = 91.48 us
RMS_NORM_MUL_ROPE RMS_NORM(64,8,3,1): 8 x 5.055 us = 40.44 us
SET_ROWS: 16 x 3.507 us = 56.12 us
SSM_CONV: 22 x 6.092 us = 134.04 us
Total time: 13211.6 us.
----------------
Vulkan Timings:
ADD: 60 x 2.032 us = 121.96 us
CONCAT: 22 x 2.654 us = 58.4 us
CPY: 22 x 2.461 us = 54.16 us
FLASH_ATTN_EXT dst(64,32,1,3),  q(64,1,32,3),  k(64,256,8,3),  v(64,256,8,3),  m(256,1,1,3): 8 x 16.83 us = 134.64 us (373.824 GFLOPS/s)
GET_ROWS: 24 x 2.751 us = 66.04 us
GLU: 30 x 2.853 us = 85.6 us
MUL: 44 x 2.722 us = 119.8 us
MUL_MAT f32 m=64 n=24 k=64: 16 x 2.082 us = 33.32 us (93.672 GFLOPS/s)
MUL_MAT f32 m=64 n=96 k=64: 16 x 2.297 us = 36.76 us (339.625 GFLOPS/s)
MUL_MAT_VEC q4_0_rocmfp4_fast m=10752 n=3 k=2048: 60 x 59.548 us = 3572.92 us (2218.16 GFLOPS/s)
MUL_MAT_VEC q4_0_rocmfp4_fast m=2048 n=1 k=2048 batch=3: 22 x 26.638 us = 586.04 us (944.497 GFLOPS/s)
MUL_MAT_VEC q4_0_rocmfp4_fast m=2048 n=3 k=10752: 30 x 59.994 us = 1799.84 us (2202.1 GFLOPS/s)
MUL_MAT_VEC q4_0_rocmfp4_fast m=2048 n=3 k=2048: 16 x 18.08 us = 289.28 us (1391.58 GFLOPS/s)
MUL_MAT_VEC q4_0_rocmfp4_fast m=512 n=3 k=2048: 16 x 3.457 us = 55.32 us (1819.21 GFLOPS/s)
MUL_MAT_VEC q4_0_rocmfp4_fast m=6144 n=1 k=2048 batch=3: 22 x 71.645 us = 1576.2 us (1053.51 GFLOPS/s)
MUL_MAT_VEC q6_K m=128000 n=3 k=2048: 1 x 981.24 us = 981.24 us (1602.54 GFLOPS/s)
RMS_NORM_MUL RMS_NORM(2048,3,1,1): 61 x 5.118 us = 312.2 us
RMS_NORM_MUL_ROPE RMS_NORM(64,32,3,1): 8 x 8.835 us = 70.68 us
RMS_NORM_MUL_ROPE RMS_NORM(64,8,3,1): 8 x 3.925 us = 31.4 us
SET_ROWS: 16 x 2.617 us = 41.88 us
SSM_CONV: 22 x 4.465 us = 98.24 us
Total time: 10125.9 us.
----------------
Vulkan Timings:
ADD: 60 x 2.129 us = 127.76 us
CONCAT: 22 x 2.75 us = 60.52 us
CPY: 22 x 1.661 us = 36.56 us
FLASH_ATTN_EXT dst(64,32,1,3),  q(64,1,32,3),  k(64,256,8,3),  v(64,256,8,3),  m(256,1,1,3): 8 x 21.92 us = 175.36 us (287.019 GFLOPS/s)
GET_ROWS: 24 x 2.638 us = 63.32 us
GLU: 30 x 2.949 us = 88.48 us
MUL: 44 x 2.869 us = 126.24 us
MUL_MAT f32 m=64 n=24 k=64: 16 x 2.125 us = 34 us (91.7986 GFLOPS/s)
MUL_MAT f32 m=64 n=96 k=64: 16 x 2.32 us = 37.12 us (336.331 GFLOPS/s)
MUL_MAT_VEC q4_0_rocmfp4_fast m=10752 n=3 k=2048: 60 x 63.2 us = 3792.04 us (2089.98 GFLOPS/s)
MUL_MAT_VEC q4_0_rocmfp4_fast m=2048 n=1 k=2048 batch=3: 22 x 28.012 us = 616.28 us (898.152 GFLOPS/s)
MUL_MAT_VEC q4_0_rocmfp4_fast m=2048 n=3 k=10752: 30 x 63.169 us = 1895.08 us (2091.43 GFLOPS/s)
MUL_MAT_VEC q4_0_rocmfp4_fast m=2048 n=3 k=2048: 16 x 18.372 us = 293.96 us (1369.42 GFLOPS/s)
MUL_MAT_VEC q4_0_rocmfp4_fast m=512 n=3 k=2048: 16 x 5.055 us = 80.88 us (1244.3 GFLOPS/s)
MUL_MAT_VEC q4_0_rocmfp4_fast m=6144 n=1 k=2048 batch=3: 22 x 73.989 us = 1627.76 us (1020.14 GFLOPS/s)
MUL_MAT_VEC q6_K m=128000 n=3 k=2048: 1 x 1002 us = 1002 us (1569.34 GFLOPS/s)
RMS_NORM_MUL RMS_NORM(2048,3,1,1): 61 x 5.236 us = 319.4 us
RMS_NORM_MUL_ROPE RMS_NORM(64,32,3,1): 8 x 12.02 us = 96.16 us
RMS_NORM_MUL_ROPE RMS_NORM(64,8,3,1): 8 x 4.235 us = 33.88 us
SET_ROWS: 16 x 2.52 us = 40.32 us
SSM_CONV: 22 x 4.718 us = 103.8 us
Total time: 10650.9 us.
----------------
Vulkan Timings:
ADD: 60 x 2.116 us = 127 us
CONCAT: 22 x 2.663 us = 58.6 us
CPY: 22 x 1.718 us = 37.8 us
FLASH_ATTN_EXT dst(64,32,1,3),  q(64,1,32,3),  k(64,256,8,3),  v(64,256,8,3),  m(256,1,1,3): 8 x 19.49 us = 155.92 us (322.804 GFLOPS/s)
GET_ROWS: 24 x 2.543 us = 61.04 us
GLU: 30 x 2.904 us = 87.12 us
MUL: 44 x 2.829 us = 124.48 us
MUL_MAT f32 m=64 n=24 k=64: 16 x 1.992 us = 31.88 us (97.9031 GFLOPS/s)
MUL_MAT f32 m=64 n=96 k=64: 16 x 2.317 us = 37.08 us (336.694 GFLOPS/s)
MUL_MAT_VEC q4_0_rocmfp4_fast m=10752 n=3 k=2048: 60 x 64.06 us = 3843.61 us (2061.94 GFLOPS/s)
MUL_MAT_VEC q4_0_rocmfp4_fast m=2048 n=1 k=2048 batch=3: 22 x 28.1 us = 618.2 us (895.362 GFLOPS/s)
MUL_MAT_VEC q4_0_rocmfp4_fast m=2048 n=3 k=10752: 30 x 62.162 us = 1864.88 us (2125.3 GFLOPS/s)
MUL_MAT_VEC q4_0_rocmfp4_fast m=2048 n=3 k=2048: 16 x 18.662 us = 298.6 us (1348.14 GFLOPS/s)
MUL_MAT_VEC q4_0_rocmfp4_fast m=512 n=3 k=2048: 16 x 3.577 us = 57.24 us (1758.19 GFLOPS/s)
MUL_MAT_VEC q4_0_rocmfp4_fast m=6144 n=1 k=2048 batch=3: 22 x 74.041 us = 1628.92 us (1019.41 GFLOPS/s)
MUL_MAT_VEC q6_K m=128000 n=3 k=2048: 1 x 1004.48 us = 1004.48 us (1565.47 GFLOPS/s)
RMS_NORM_MUL RMS_NORM(2048,3,1,1): 61 x 5.542 us = 338.08 us
RMS_NORM_MUL_ROPE RMS_NORM(64,32,3,1): 8 x 9.16 us = 73.28 us
RMS_NORM_MUL_ROPE RMS_NORM(64,8,3,1): 8 x 4.06 us = 32.48 us
SET_ROWS: 16 x 2.822 us = 45.16 us
SSM_CONV: 22 x 4.661 us = 102.56 us
Total time: 10628.4 us.
----------------
Vulkan Timings:
ADD: 60 x 2.602 us = 156.16 us
CONCAT: 22 x 3.629 us = 79.84 us
CPY: 22 x 2.07 us = 45.56 us
FLASH_ATTN_EXT dst(64,32,1,3),  q(64,1,32,3),  k(64,256,8,3),  v(64,256,8,3),  m(256,1,1,3): 8 x 25.16 us = 201.28 us (250.058 GFLOPS/s)
GET_ROWS: 24 x 3.76 us = 90.24 us
GLU: 30 x 2.922 us = 87.68 us
MUL: 44 x 3.863 us = 170 us
MUL_MAT f32 m=64 n=24 k=64: 16 x 2.642 us = 42.28 us (73.821 GFLOPS/s)
MUL_MAT f32 m=64 n=96 k=64: 16 x 3.035 us = 48.56 us (257.097 GFLOPS/s)
MUL_MAT_VEC q4_0_rocmfp4_fast m=10752 n=3 k=2048: 60 x 87.026 us = 5221.56 us (1517.8 GFLOPS/s)
MUL_MAT_VEC q4_0_rocmfp4_fast m=2048 n=1 k=2048 batch=3: 22 x 36.423 us = 801.32 us (690.751 GFLOPS/s)
MUL_MAT_VEC q4_0_rocmfp4_fast m=2048 n=3 k=10752: 30 x 86.053 us = 2581.6 us (1535.26 GFLOPS/s)
MUL_MAT_VEC q4_0_rocmfp4_fast m=2048 n=3 k=2048: 16 x 26.035 us = 416.56 us (966.379 GFLOPS/s)
MUL_MAT_VEC q4_0_rocmfp4_fast m=512 n=3 k=2048: 16 x 4.677 us = 74.84 us (1344.72 GFLOPS/s)
MUL_MAT_VEC q4_0_rocmfp4_fast m=6144 n=1 k=2048 batch=3: 22 x 98.385 us = 2164.48 us (767.177 GFLOPS/s)
MUL_MAT_VEC q6_K m=128000 n=3 k=2048: 1 x 1077.76 us = 1077.76 us (1459.03 GFLOPS/s)
RMS_NORM_MUL RMS_NORM(2048,3,1,1): 61 x 7.1 us = 433.12 us
RMS_NORM_MUL_ROPE RMS_NORM(64,32,3,1): 8 x 11.98 us = 95.84 us
RMS_NORM_MUL_ROPE RMS_NORM(64,8,3,1): 8 x 5.425 us = 43.4 us
SET_ROWS: 16 x 3.677 us = 58.84 us
SSM_CONV: 22 x 6.45 us = 141.92 us
Total time: 14032.8 us.
----------------
Vulkan Timings:
ADD: 60 x 2.045 us = 122.72 us
CONCAT: 22 x 2.636 us = 58 us
CPY: 22 x 1.618 us = 35.6 us
FLASH_ATTN_EXT dst(64,32,1,3),  q(64,1,32,3),  k(64,256,8,3),  v(64,256,8,3),  m(256,1,1,3): 8 x 22.02 us = 176.16 us (285.716 GFLOPS/s)
GET_ROWS: 24 x 2.758 us = 66.2 us
GLU: 30 x 2.834 us = 85.04 us
MUL: 44 x 2.754 us = 121.2 us
MUL_MAT f32 m=64 n=24 k=64: 16 x 1.837 us = 29.4 us (106.162 GFLOPS/s)
MUL_MAT f32 m=64 n=96 k=64: 16 x 2.322 us = 37.16 us (335.969 GFLOPS/s)
MUL_MAT_VEC q4_0_rocmfp4_fast m=10752 n=3 k=2048: 60 x 60.784 us = 3647.08 us (2173.05 GFLOPS/s)
MUL_MAT_VEC q4_0_rocmfp4_fast m=2048 n=1 k=2048 batch=3: 22 x 26.93 us = 592.48 us (934.231 GFLOPS/s)
MUL_MAT_VEC q4_0_rocmfp4_fast m=2048 n=3 k=10752: 30 x 60.328 us = 1809.84 us (2189.94 GFLOPS/s)
MUL_MAT_VEC q4_0_rocmfp4_fast m=2048 n=3 k=2048: 16 x 18.187 us = 291 us (1383.35 GFLOPS/s)
MUL_MAT_VEC q4_0_rocmfp4_fast m=512 n=3 k=2048: 16 x 3.515 us = 56.24 us (1789.45 GFLOPS/s)
MUL_MAT_VEC q4_0_rocmfp4_fast m=6144 n=1 k=2048 batch=3: 22 x 71.541 us = 1573.92 us (1055.03 GFLOPS/s)
MUL_MAT_VEC q6_K m=128000 n=3 k=2048: 1 x 1032.84 us = 1032.84 us (1522.48 GFLOPS/s)
RMS_NORM_MUL RMS_NORM(2048,3,1,1): 61 x 4.994 us = 304.68 us
RMS_NORM_MUL_ROPE RMS_NORM(64,32,3,1): 8 x 9.045 us = 72.36 us
RMS_NORM_MUL_ROPE RMS_NORM(64,8,3,1): 8 x 4.09 us = 32.72 us
SET_ROWS: 16 x 2.72 us = 43.52 us
SSM_CONV: 22 x 4.498 us = 98.96 us
Total time: 10287.1 us.
----------------
Vulkan Timings:
ADD: 60 x 2.1 us = 126.04 us
CONCAT: 22 x 2.718 us = 59.8 us
CPY: 22 x 1.643 us = 36.16 us
FLASH_ATTN_EXT dst(64,32,1,3),  q(64,1,32,3),  k(64,256,8,3),  v(64,256,8,3),  m(256,1,1,3): 8 x 19.89 us = 159.12 us (316.313 GFLOPS/s)
GET_ROWS: 24 x 2.558 us = 61.4 us
GLU: 30 x 2.992 us = 89.76 us
MUL: 44 x 2.857 us = 125.72 us
MUL_MAT f32 m=64 n=24 k=64: 16 x 1.91 us = 30.56 us (102.132 GFLOPS/s)
MUL_MAT f32 m=64 n=96 k=64: 16 x 2.362 us = 37.8 us (330.281 GFLOPS/s)
MUL_MAT_VEC q4_0_rocmfp4_fast m=10752 n=3 k=2048: 60 x 62.944 us = 3776.64 us (2098.51 GFLOPS/s)
MUL_MAT_VEC q4_0_rocmfp4_fast m=2048 n=1 k=2048 batch=3: 22 x 27.943 us = 614.76 us (900.372 GFLOPS/s)
MUL_MAT_VEC q4_0_rocmfp4_fast m=2048 n=3 k=10752: 30 x 61.916 us = 1857.48 us (2133.77 GFLOPS/s)
MUL_MAT_VEC q4_0_rocmfp4_fast m=2048 n=3 k=2048: 16 x 18.792 us = 300.68 us (1338.81 GFLOPS/s)
MUL_MAT_VEC q4_0_rocmfp4_fast m=512 n=3 k=2048: 16 x 3.622 us = 57.96 us (1736.35 GFLOPS/s)
MUL_MAT_VEC q4_0_rocmfp4_fast m=6144 n=1 k=2048 batch=3: 22 x 74.543 us = 1639.96 us (1012.55 GFLOPS/s)
MUL_MAT_VEC q6_K m=128000 n=3 k=2048: 1 x 1020.24 us = 1020.24 us (1541.28 GFLOPS/s)
RMS_NORM_MUL RMS_NORM(2048,3,1,1): 61 x 5.199 us = 317.16 us
RMS_NORM_MUL_ROPE RMS_NORM(64,32,3,1): 8 x 9.245 us = 73.96 us
RMS_NORM_MUL_ROPE RMS_NORM(64,8,3,1): 8 x 4.105 us = 32.84 us
SET_ROWS: 16 x 2.725 us = 43.6 us
SSM_CONV: 22 x 4.743 us = 104.36 us
Total time: 10566 us.
----------------
Vulkan Timings:
ADD: 60 x 2.115 us = 126.92 us
CONCAT: 22 x 2.732 us = 60.12 us
CPY: 22 x 1.661 us = 36.56 us
FLASH_ATTN_EXT dst(64,32,1,3),  q(64,1,32,3),  k(64,256,8,3),  v(64,256,8,3),  m(256,1,1,3): 8 x 17.725 us = 141.8 us (354.948 GFLOPS/s)
GET_ROWS: 24 x 2.551 us = 61.24 us
GLU: 30 x 2.924 us = 87.72 us
MUL: 44 x 2.831 us = 124.6 us
MUL_MAT f32 m=64 n=24 k=64: 16 x 2.197 us = 35.16 us (88.77 GFLOPS/s)
MUL_MAT f32 m=64 n=96 k=64: 16 x 2.322 us = 37.16 us (335.969 GFLOPS/s)
MUL_MAT_VEC q4_0_rocmfp4_fast m=10752 n=3 k=2048: 60 x 62.524 us = 3751.48 us (2112.58 GFLOPS/s)
MUL_MAT_VEC q4_0_rocmfp4_fast m=2048 n=1 k=2048 batch=3: 22 x 27.863 us = 613 us (902.958 GFLOPS/s)
MUL_MAT_VEC q4_0_rocmfp4_fast m=2048 n=3 k=10752: 30 x 61.648 us = 1849.44 us (2143.04 GFLOPS/s)
MUL_MAT_VEC q4_0_rocmfp4_fast m=2048 n=3 k=2048: 16 x 18.725 us = 299.6 us (1343.64 GFLOPS/s)
MUL_MAT_VEC q4_0_rocmfp4_fast m=512 n=3 k=2048: 16 x 3.617 us = 57.88 us (1738.75 GFLOPS/s)
MUL_MAT_VEC q4_0_rocmfp4_fast m=6144 n=1 k=2048 batch=3: 22 x 74.729 us = 1644.04 us (1010.04 GFLOPS/s)
MUL_MAT_VEC q6_K m=128000 n=3 k=2048: 1 x 1002.2 us = 1002.2 us (1569.03 GFLOPS/s)
RMS_NORM_MUL RMS_NORM(2048,3,1,1): 61 x 5.17 us = 315.4 us
RMS_NORM_MUL_ROPE RMS_NORM(64,32,3,1): 8 x 9.235 us = 73.88 us
RMS_NORM_MUL_ROPE RMS_NORM(64,8,3,1): 8 x 4.1 us = 32.8 us
SET_ROWS: 16 x 2.522 us = 40.36 us
SSM_CONV: 22 x 4.692 us = 103.24 us
Total time: 10494.6 us.
----------------
Vulkan Timings:
ADD: 60 x 2.678 us = 160.68 us
CONCAT: 22 x 3.412 us = 75.08 us
CPY: 22 x 1.852 us = 40.76 us
FLASH_ATTN_EXT dst(64,32,1,3),  q(64,1,32,3),  k(64,256,8,3),  v(64,256,8,3),  m(256,1,1,3): 8 x 22.945 us = 183.56 us (274.197 GFLOPS/s)
GET_ROWS: 24 x 3.108 us = 74.6 us
GLU: 30 x 2.89 us = 86.72 us
MUL: 44 x 3.528 us = 155.24 us
MUL_MAT f32 m=64 n=24 k=64: 16 x 2.577 us = 41.24 us (75.6826 GFLOPS/s)
MUL_MAT f32 m=64 n=96 k=64: 16 x 2.795 us = 44.72 us (279.173 GFLOPS/s)
MUL_MAT_VEC q4_0_rocmfp4_fast m=10752 n=3 k=2048: 60 x 80.45 us = 4827 us (1641.87 GFLOPS/s)
MUL_MAT_VEC q4_0_rocmfp4_fast m=2048 n=1 k=2048 batch=3: 22 x 33.185 us = 730.08 us (758.154 GFLOPS/s)
MUL_MAT_VEC q4_0_rocmfp4_fast m=2048 n=3 k=10752: 30 x 79.302 us = 2379.08 us (1665.95 GFLOPS/s)
MUL_MAT_VEC q4_0_rocmfp4_fast m=2048 n=3 k=2048: 16 x 22.88 us = 366.08 us (1099.64 GFLOPS/s)
MUL_MAT_VEC q4_0_rocmfp4_fast m=512 n=3 k=2048: 16 x 5.442 us = 87.08 us (1155.7 GFLOPS/s)
MUL_MAT_VEC q4_0_rocmfp4_fast m=6144 n=1 k=2048 batch=3: 22 x 88.47 us = 1946.36 us (853.151 GFLOPS/s)
MUL_MAT_VEC q6_K m=128000 n=3 k=2048: 1 x 1087.36 us = 1087.36 us (1446.14 GFLOPS/s)
RMS_NORM_MUL RMS_NORM(2048,3,1,1): 61 x 6.367 us = 388.44 us
RMS_NORM_MUL_ROPE RMS_NORM(64,32,3,1): 8 x 11.195 us = 89.56 us
RMS_NORM_MUL_ROPE RMS_NORM(64,8,3,1): 8 x 4.965 us = 39.72 us
SET_ROWS: 16 x 3.407 us = 54.52 us
SSM_CONV: 22 x 5.818 us = 128 us
Total time: 12985.9 us.
----------------
Vulkan Timings:
ADD: 60 x 2.109 us = 126.56 us
CONCAT: 22 x 2.714 us = 59.72 us
CPY: 22 x 1.645 us = 36.2 us
FLASH_ATTN_EXT dst(64,32,1,3),  q(64,1,32,3),  k(64,256,8,3),  v(64,256,8,3),  m(256,1,1,3): 8 x 19.75 us = 158 us (318.555 GFLOPS/s)
GET_ROWS: 24 x 2.555 us = 61.32 us
GLU: 30 x 2.964 us = 88.92 us
MUL: 44 x 2.833 us = 124.68 us
MUL_MAT f32 m=64 n=24 k=64: 16 x 1.972 us = 31.56 us (98.8958 GFLOPS/s)
MUL_MAT f32 m=64 n=96 k=64: 16 x 2.387 us = 38.2 us (326.822 GFLOPS/s)
MUL_MAT_VEC q4_0_rocmfp4_fast m=10752 n=3 k=2048: 60 x 62.452 us = 3747.12 us (2115.04 GFLOPS/s)
MUL_MAT_VEC q4_0_rocmfp4_fast m=2048 n=1 k=2048 batch=3: 22 x 27.836 us = 612.4 us (903.842 GFLOPS/s)
MUL_MAT_VEC q4_0_rocmfp4_fast m=2048 n=3 k=10752: 30 x 61.346 us = 1840.4 us (2153.57 GFLOPS/s)
MUL_MAT_VEC q4_0_rocmfp4_fast m=2048 n=3 k=2048: 16 x 18.75 us = 300 us (1341.85 GFLOPS/s)
MUL_MAT_VEC q4_0_rocmfp4_fast m=512 n=3 k=2048: 16 x 3.602 us = 57.64 us (1745.99 GFLOPS/s)
MUL_MAT_VEC q4_0_rocmfp4_fast m=6144 n=1 k=2048 batch=3: 22 x 73.6 us = 1619.2 us (1025.53 GFLOPS/s)
MUL_MAT_VEC q6_K m=128000 n=3 k=2048: 1 x 1048 us = 1048 us (1500.46 GFLOPS/s)
RMS_NORM_MUL RMS_NORM(2048,3,1,1): 61 x 5.297 us = 323.16 us
RMS_NORM_MUL_ROPE RMS_NORM(64,32,3,1): 8 x 9.265 us = 74.12 us
RMS_NORM_MUL_ROPE RMS_NORM(64,8,3,1): 8 x 4.11 us = 32.88 us
SET_ROWS: 16 x 2.732 us = 43.72 us
SSM_CONV: 22 x 4.68 us = 102.96 us
Total time: 10526.8 us.
----------------
Vulkan Timings:
ADD: 60 x 2.831 us = 169.88 us
CONCAT: 22 x 4.407 us = 96.96 us
CPY: 22 x 3.743 us = 82.36 us
FLASH_ATTN_EXT dst(64,32,1,3),  q(64,1,32,3),  k(64,256,8,3),  v(64,256,8,3),  m(256,1,1,3): 8 x 28.24 us = 225.92 us (222.785 GFLOPS/s)
GET_ROWS: 24 x 4.185 us = 100.44 us
GLU: 30 x 3.83 us = 114.92 us
MUL: 44 x 4.74 us = 208.6 us
MUL_MAT f32 m=64 n=24 k=64: 16 x 3.192 us = 51.08 us (61.1032 GFLOPS/s)
MUL_MAT f32 m=64 n=96 k=64: 16 x 4.01 us = 64.16 us (194.586 GFLOPS/s)
MUL_MAT_VEC q4_0_rocmfp4_fast m=10752 n=3 k=2048: 60 x 109.976 us = 6598.6 us (1201.06 GFLOPS/s)
MUL_MAT_VEC q4_0_rocmfp4_fast m=2048 n=1 k=2048 batch=3: 22 x 46.64 us = 1026.08 us (539.444 GFLOPS/s)
MUL_MAT_VEC q4_0_rocmfp4_fast m=2048 n=3 k=10752: 30 x 105.596 us = 3167.88 us (1251.13 GFLOPS/s)
MUL_MAT_VEC q4_0_rocmfp4_fast m=2048 n=3 k=2048: 16 x 28.117 us = 449.88 us (894.805 GFLOPS/s)
MUL_MAT_VEC q4_0_rocmfp4_fast m=512 n=3 k=2048: 16 x 8.665 us = 138.64 us (725.9 GFLOPS/s)
MUL_MAT_VEC q4_0_rocmfp4_fast m=6144 n=1 k=2048 batch=3: 22 x 122.854 us = 2702.8 us (614.377 GFLOPS/s)
MUL_MAT_VEC q6_K m=128000 n=3 k=2048: 1 x 988.88 us = 988.88 us (1590.16 GFLOPS/s)
RMS_NORM_MUL RMS_NORM(2048,3,1,1): 61 x 8.259 us = 503.8 us
RMS_NORM_MUL_ROPE RMS_NORM(64,32,3,1): 8 x 13.14 us = 105.12 us
RMS_NORM_MUL_ROPE RMS_NORM(64,8,3,1): 8 x 5.965 us = 47.72 us
SET_ROWS: 16 x 4.24 us = 67.84 us
SSM_CONV: 22 x 7 us = 154 us
Total time: 17065.6 us.
0.24.659.119 I slot print_timing: id  0 | task 271 | prompt eval time =     320.54 ms /   128 tokens (    2.50 ms per token,   399.33 tokens per second)
0.24.659.130 I slot print_timing: id  0 | task 271 |        eval time =    2582.98 ms /   128 tokens (   20.34 ms per token,    49.17 tokens per second)
0.24.659.132 I slot print_timing: id  0 | task 271 |       total time =    2903.52 ms /   256 tokens
0.24.659.135 I slot print_timing: id  0 | task 271 |    graphs reused =        365
0.24.659.200 I slot      release: id  0 | task 271 | stop processing: n_tokens = 255, truncated = 0
0.24.663.544 W srv  compact_acti: SEQCOMPACT event=move logical=2 physical_from=2 physical_to=0 idle_logical=0 backend_sampling=0 pos_min=253 pos_max=253
----------------
Vulkan Timings:
ADD: 60 x 3.214 us = 192.88 us
CONCAT: 22 x 7.163 us = 157.6 us
CPY: 22 x 6.798 us = 149.56 us
FLASH_ATTN_EXT dst(64,32,1,2),  q(64,1,32,2),  k(64,256,8,2),  v(64,256,8,2),  m(256,1,1,2): 8 x 38.065 us = 304.52 us (110.188 GFLOPS/s)
GET_ROWS: 24 x 5.37 us = 128.88 us
GLU: 30 x 3.306 us = 99.2 us
MUL: 44 x 10.017 us = 440.76 us
MUL_MAT f32 m=64 n=16 k=64: 16 x 5.467 us = 87.48 us (23.7856 GFLOPS/s)
MUL_MAT f32 m=64 n=64 k=64: 16 x 6.62 us = 105.92 us (78.5789 GFLOPS/s)
MUL_MAT_VEC q4_0_rocmfp4_fast m=10752 n=2 k=2048: 60 x 128.516 us = 7711 us (685.194 GFLOPS/s)
MUL_MAT_VEC q4_0_rocmfp4_fast m=2048 n=1 k=2048 batch=2: 22 x 49.287 us = 1084.32 us (340.313 GFLOPS/s)
MUL_MAT_VEC q4_0_rocmfp4_fast m=2048 n=2 k=10752: 30 x 120.432 us = 3612.96 us (731.336 GFLOPS/s)
MUL_MAT_VEC q4_0_rocmfp4_fast m=2048 n=2 k=2048: 16 x 35.285 us = 564.56 us (475.361 GFLOPS/s)
MUL_MAT_VEC q4_0_rocmfp4_fast m=512 n=2 k=2048: 16 x 10.785 us = 172.56 us (388.807 GFLOPS/s)
MUL_MAT_VEC q4_0_rocmfp4_fast m=6144 n=1 k=2048 batch=2: 22 x 133.914 us = 2946.12 us (375.757 GFLOPS/s)
MUL_MAT_VEC q6_K m=128000 n=2 k=2048: 1 x 1001.88 us = 1001.88 us (1046.35 GFLOPS/s)
RMS_NORM_MUL RMS_NORM(2048,2,1,1): 61 x 12.664 us = 772.52 us
RMS_NORM_MUL_ROPE RMS_NORM(64,32,2,1): 8 x 11.795 us = 94.36 us
RMS_NORM_MUL_ROPE RMS_NORM(64,8,2,1): 8 x 8.88 us = 71.04 us
SET_ROWS: 16 x 7.14 us = 114.24 us
SSM_CONV: 22 x 7.641 us = 168.12 us
Total time: 19980.5 us.
0.24.713.398 I slot print_timing: id  1 | task 275 | prompt eval time =     336.05 ms /   128 tokens (    2.63 ms per token,   380.90 tokens per second)
0.24.713.407 I slot print_timing: id  1 | task 275 |        eval time =    2543.26 ms /   128 tokens (   20.03 ms per token,    49.94 tokens per second)
0.24.713.410 I slot print_timing: id  1 | task 275 |       total time =    2879.30 ms /   256 tokens
0.24.713.412 I slot print_timing: id  1 | task 275 |    graphs reused =        365
0.24.713.475 I slot      release: id  1 | task 275 | stop processing: n_tokens = 255, truncated = 0
0.24.714.054 I slot print_timing: id  2 | task 274 | prompt eval time =     336.79 ms /   128 tokens (    2.63 ms per token,   380.05 tokens per second)
0.24.714.065 I slot print_timing: id  2 | task 274 |        eval time =    2543.26 ms /   128 tokens (   20.03 ms per token,    49.94 tokens per second)
0.24.714.068 I slot print_timing: id  2 | task 274 |       total time =    2880.06 ms /   256 tokens
0.24.714.069 I slot print_timing: id  2 | task 274 |    graphs reused =        365
0.24.714.111 I slot      release: id  2 | task 274 | stop processing: n_tokens = 255, truncated = 0
0.25.743.481 I srv    operator(): operator(): cleaning up before exit...
