rocmfpx-plugin: info: registered 1 ROCmFPX Vulkan device(s)
rocmfpx-plugin: info: loaded rocmfpx-vulkan-charlie 0.1.0 from /home/isaac/Documents/Codex/2026-09-16/recalcar-vas-a-estar-en-paralelo-2/work/builds/rocmfpx-vulkan-gfx1032-v3-instrumented/bin/rocmfpx-vulkan-plugin.so
0.00.071.346 I cmn  common_param: common_params_print_info: verbosity = 3 (adjust with the `-lv N` CLI arg)
0.00.071.830 W srv  llama_server: -----------------
0.00.071.833 W srv  llama_server: CORS is set to allow all origins ('*') and no API key is set
0.00.071.833 W srv  llama_server: this can be a security risk (cross-origin attacks)
0.00.071.833 W srv  llama_server: more info: https://github.com/ggml-org/llama.cpp/pull/25655
0.00.071.834 W srv  llama_server: -----------------
0.00.073.104 I srv    load_model: loading model 'work/results/models/LFM2.5-2.6B-ROCmFP4_FAST.gguf'
0.01.894.209 I cmn          init: llama threadpool init, n_threads = 4
----------------
Vulkan Timings:
ADD: 59 x 3.36 us = 198.24 us
CONCAT: 22 x 7.247 us = 159.44 us
CPY: 22 x 7.258 us = 159.68 us
FLASH_ATTN_EXT dst(64,32,2,1),  q(64,2,32,1),  k(64,256,8,1),  v(64,256,8,1),  m(256,2,1,1): 8 x 120.816 us = 966.53 us (34.7164 GFLOPS/s)
GET_ROWS: 24 x 8.478 us = 203.48 us
GLU: 30 x 4.742 us = 142.28 us
MUL: 44 x 5.264 us = 231.64 us
MUL_MAT f32 m=64 n=16 k=64: 16 x 14.625 us = 234 us (8.89217 GFLOPS/s)
MUL_MAT f32 m=64 n=64 k=64: 16 x 25.15 us = 402.4 us (20.6836 GFLOPS/s)
MUL_MAT_ADD MUL_MAT_VEC q4_0_rocmfp4_fast m=2048 n=1 k=10752: 1 x 74.56 us = 74.56 us (590.64 GFLOPS/s)
MUL_MAT_VEC q4_0_rocmfp4_fast m=10752 n=1 k=2048: 2 x 79.74 us = 159.48 us (552.163 GFLOPS/s)
MUL_MAT_VEC q4_0_rocmfp4_fast m=10752 n=2 k=2048: 58 x 139.291 us = 8078.92 us (632.19 GFLOPS/s)
MUL_MAT_VEC q4_0_rocmfp4_fast m=128000 n=1 k=2048: 1 x 840.6 us = 840.6 us (623.555 GFLOPS/s)
MUL_MAT_VEC q4_0_rocmfp4_fast m=2048 n=2 k=10752: 29 x 210.318 us = 6099.23 us (418.776 GFLOPS/s)
MUL_MAT_VEC q4_0_rocmfp4_fast m=2048 n=2 k=2048: 38 x 41.324 us = 1570.32 us (405.891 GFLOPS/s)
MUL_MAT_VEC q4_0_rocmfp4_fast m=512 n=2 k=2048: 16 x 10.482 us = 167.72 us (400.027 GFLOPS/s)
MUL_MAT_VEC q4_0_rocmfp4_fast m=6144 n=2 k=2048: 22 x 187 us = 4114.01 us (269.087 GFLOPS/s)
RMS_NORM_MUL RMS_NORM(2048,1,1,1): 2 x 14.82 us = 29.64 us
RMS_NORM_MUL RMS_NORM(2048,2,1,1): 59 x 12.653 us = 746.56 us
RMS_NORM_MUL_ROPE RMS_NORM(64,32,2,1): 8 x 12.91 us = 103.28 us
RMS_NORM_MUL_ROPE RMS_NORM(64,8,2,1): 8 x 7.59 us = 60.72 us
SCALE: 22 x 5.876 us = 129.28 us
SET_ROWS: 16 x 6.252 us = 100.04 us
SSM_CONV: 22 x 6.901 us = 151.84 us
Total time: 25123.9 us.
----------------
Vulkan Timings:
ADD: 59 x 1.799 us = 106.16 us
CONCAT: 22 x 2.694 us = 59.28 us
CPY: 22 x 2.523 us = 55.52 us
FLASH_ATTN_EXT dst(64,32,2,1),  q(64,2,32,1),  k(64,256,8,1),  v(64,256,8,1),  m(256,2,1,1): 8 x 11.335 us = 90.68 us (370.031 GFLOPS/s)
GET_ROWS: 24 x 2.553 us = 61.28 us
GLU: 30 x 2.654 us = 79.64 us
MUL: 44 x 2.449 us = 107.76 us
MUL_MAT f32 m=64 n=16 k=64: 16 x 4.69 us = 75.04 us (27.7288 GFLOPS/s)
MUL_MAT f32 m=64 n=64 k=64: 16 x 8.497 us = 135.96 us (61.2171 GFLOPS/s)
MUL_MAT_ADD MUL_MAT_VEC q4_0_rocmfp4_fast m=2048 n=1 k=10752: 1 x 52.44 us = 52.44 us (839.782 GFLOPS/s)
MUL_MAT_VEC q4_0_rocmfp4_fast m=10752 n=1 k=2048: 2 x 51.08 us = 102.16 us (861.97 GFLOPS/s)
MUL_MAT_VEC q4_0_rocmfp4_fast m=10752 n=2 k=2048: 58 x 57.562 us = 3338.64 us (1529.79 GFLOPS/s)
MUL_MAT_VEC q4_0_rocmfp4_fast m=128000 n=1 k=2048: 1 x 578 us = 578 us (906.851 GFLOPS/s)
MUL_MAT_VEC q4_0_rocmfp4_fast m=2048 n=2 k=10752: 29 x 55.721 us = 1615.92 us (1580.66 GFLOPS/s)
MUL_MAT_VEC q4_0_rocmfp4_fast m=2048 n=2 k=2048: 38 x 15.706 us = 596.84 us (1067.92 GFLOPS/s)
MUL_MAT_VEC q4_0_rocmfp4_fast m=512 n=2 k=2048: 16 x 3.09 us = 49.44 us (1357.05 GFLOPS/s)
MUL_MAT_VEC q4_0_rocmfp4_fast m=6144 n=2 k=2048: 22 x 37.067 us = 815.48 us (1357.51 GFLOPS/s)
RMS_NORM_MUL RMS_NORM(2048,1,1,1): 2 x 6.12 us = 12.24 us
RMS_NORM_MUL RMS_NORM(2048,2,1,1): 59 x 5.006 us = 295.36 us
RMS_NORM_MUL_ROPE RMS_NORM(64,32,2,1): 8 x 5.595 us = 44.76 us
RMS_NORM_MUL_ROPE RMS_NORM(64,8,2,1): 8 x 3.61 us = 28.88 us
SCALE: 22 x 3.081 us = 67.8 us
SET_ROWS: 16 x 2.105 us = 33.68 us
SSM_CONV: 22 x 2.627 us = 57.8 us
Total time: 8460.76 us.
0.01.939.154 I srv    load_model: initializing, n_slots = 4, n_ctx_slot = 9216, kv_unified = 'false'
0.01.939.196 W srv    load_model: LLAMA_SERVER_PREFILL_CHUNK_TOKENS = 128
0.01.939.196 I srv    load_model: sequence policy: lowest_slot_first=0 dense_sequences=0 remap_trace=0
0.01.944.132 W srv          init: chat template supports preserving reasoning, it is enabled by default (may use more tokens, disable via --no-reasoning-preserve)
0.01.944.168 I srv  llama_server: model loaded
0.01.944.173 I srv  llama_server: listening on http://127.0.0.1:8002
0.10.081.381 I slot get_availabl: id  3 | task -1 | selected slot by LRU, t_last = -1
0.10.081.440 I slot launch_slot_: id  3 | task 1 | processing task, is_child = 0
0.10.081.446 I slot get_availabl: id  2 | task -1 | selected slot by LRU, t_last = -1
0.10.081.467 I slot launch_slot_: id  2 | task 3 | processing task, is_child = 0
0.10.081.470 I slot get_availabl: id  1 | task -1 | selected slot by LRU, t_last = -1
0.10.081.491 I slot launch_slot_: id  1 | task 4 | processing task, is_child = 0
0.10.081.495 I slot get_availabl: id  0 | task -1 | selected slot by LRU, t_last = -1
0.10.081.517 I slot launch_slot_: id  0 | task 2 | processing task, is_child = 0
----------------
Vulkan Timings:
ADD: 58 x 9.782 us = 567.4 us
CONCAT: 22 x 27.765 us = 610.84 us
CPY: 22 x 4.52 us = 99.44 us
FLASH_ATTN_EXT dst(64,32,32,4),  q(64,32,32,4),  k(64,256,8,4),  v(64,256,8,4),  m(256,32,1,4): 8 x 49.055 us = 392.44 us (5472.13 GFLOPS/s)
GET_ROWS: 22 x 2.172 us = 47.8 us
GLU: 29 x 46.794 us = 1357.04 us
MUL: 44 x 12.387 us = 545.04 us
MUL_MAT f32 m=64 n=1024 k=64: 16 x 8.98 us = 143.68 us (926.845 GFLOPS/s)
MUL_MAT f32 m=64 n=4096 k=64: 16 x 13.315 us = 213.04 us (2500.36 GFLOPS/s)
MUL_MAT q4_0_rocmfp4_fast m=10752 n=128 k=2048: 58 x 510.218 us = 29592.7 us (11045.8 GFLOPS/s)
MUL_MAT q4_0_rocmfp4_fast m=2048 n=128 k=10752: 29 x 646.739 us = 18755.5 us (8715.84 GFLOPS/s)
MUL_MAT q4_0_rocmfp4_fast m=2048 n=128 k=2048: 16 x 99.32 us = 1589.12 us (10808.3 GFLOPS/s)
MUL_MAT q4_0_rocmfp4_fast m=2048 n=32 k=2048 batch=4: 22 x 179.109 us = 3940.4 us (5993.44 GFLOPS/s)
MUL_MAT q4_0_rocmfp4_fast m=512 n=128 k=2048: 16 x 96.272 us = 1540.36 us (2787.61 GFLOPS/s)
MUL_MAT q4_0_rocmfp4_fast m=6144 n=32 k=2048 batch=4: 22 x 541.74 us = 11918.3 us (5944.62 GFLOPS/s)
RMS_NORM_MUL RMS_NORM(2048,128,1,1): 59 x 13.389 us = 790 us
RMS_NORM_MUL_ROPE RMS_NORM(64,32,128,1): 8 x 104.625 us = 837 us
RMS_NORM_MUL_ROPE RMS_NORM(64,8,128,1): 8 x 29.425 us = 235.4 us
SCALE: 22 x 5.321 us = 117.08 us
SET_ROWS: 16 x 3.197 us = 51.16 us
SSM_CONV: 22 x 11.92 us = 262.24 us
Total time: 73605.9 us.
----------------
Vulkan Timings:
ADD: 58 x 8.218 us = 476.68 us
CONCAT: 22 x 21.347 us = 469.64 us
CPY: 22 x 3.792 us = 83.44 us
FLASH_ATTN_EXT dst(64,32,32,4),  q(64,32,32,4),  k(64,256,8,4),  v(64,256,8,4),  m(256,32,1,4): 8 x 56.19 us = 449.52 us (4777.28 GFLOPS/s)
GET_ROWS: 22 x 3.338 us = 73.44 us
GLU: 29 x 38.184 us = 1107.36 us
MUL: 44 x 10.176 us = 447.76 us
MUL_MAT f32 m=64 n=1024 k=64: 16 x 8.85 us = 141.6 us (940.46 GFLOPS/s)
MUL_MAT f32 m=64 n=4096 k=64: 16 x 12.767 us = 204.28 us (2607.58 GFLOPS/s)
MUL_MAT q4_0_rocmfp4_fast m=10752 n=128 k=2048: 58 x 422.604 us = 24511 us (13335.8 GFLOPS/s)
MUL_MAT q4_0_rocmfp4_fast m=2048 n=128 k=10752: 29 x 570.786 us = 16552.8 us (9875.65 GFLOPS/s)
MUL_MAT q4_0_rocmfp4_fast m=2048 n=128 k=2048: 16 x 101.92 us = 1630.72 us (10532.6 GFLOPS/s)
MUL_MAT q4_0_rocmfp4_fast m=2048 n=32 k=2048 batch=4: 22 x 142.27 us = 3129.96 us (7545.32 GFLOPS/s)
MUL_MAT q4_0_rocmfp4_fast m=512 n=128 k=2048: 16 x 41.327 us = 661.24 us (6493.74 GFLOPS/s)
MUL_MAT q4_0_rocmfp4_fast m=6144 n=32 k=2048 batch=4: 22 x 350.418 us = 7709.2 us (9190.27 GFLOPS/s)
RMS_NORM_MUL RMS_NORM(2048,128,1,1): 59 x 10.416 us = 614.6 us
RMS_NORM_MUL_ROPE RMS_NORM(64,32,128,1): 8 x 103.7 us = 829.6 us
RMS_NORM_MUL_ROPE RMS_NORM(64,8,128,1): 8 x 29.26 us = 234.08 us
SET_ROWS: 16 x 2.907 us = 46.52 us
SSM_CONV: 22 x 9.705 us = 213.52 us
Total time: 59587 us.
----------------
Vulkan Timings:
ADD: 58 x 8.602 us = 498.96 us
CONCAT: 22 x 22.125 us = 486.76 us
CPY: 22 x 3.818 us = 84 us
FLASH_ATTN_EXT dst(64,32,32,4),  q(64,32,32,4),  k(64,256,8,4),  v(64,256,8,4),  m(256,32,1,4): 8 x 65.33 us = 522.64 us (4108.92 GFLOPS/s)
GET_ROWS: 22 x 3.316 us = 72.96 us
GLU: 29 x 40.129 us = 1163.76 us
MUL: 44 x 9.932 us = 437.04 us
MUL_MAT f32 m=64 n=1024 k=64: 16 x 8.825 us = 141.2 us (943.124 GFLOPS/s)
MUL_MAT f32 m=64 n=4096 k=64: 16 x 12.792 us = 204.68 us (2602.48 GFLOPS/s)
MUL_MAT q4_0_rocmfp4_fast m=10752 n=128 k=2048: 58 x 419.962 us = 24357.8 us (13419.7 GFLOPS/s)
MUL_MAT q4_0_rocmfp4_fast m=2048 n=128 k=10752: 29 x 572.326 us = 16597.5 us (9849.06 GFLOPS/s)
MUL_MAT q4_0_rocmfp4_fast m=2048 n=128 k=2048: 16 x 98.25 us = 1572 us (10926 GFLOPS/s)
MUL_MAT q4_0_rocmfp4_fast m=2048 n=32 k=2048 batch=4: 22 x 141.074 us = 3103.64 us (7609.31 GFLOPS/s)
MUL_MAT q4_0_rocmfp4_fast m=512 n=128 k=2048: 16 x 42.372 us = 677.96 us (6333.59 GFLOPS/s)
MUL_MAT q4_0_rocmfp4_fast m=6144 n=32 k=2048 batch=4: 22 x 352.703 us = 7759.48 us (9130.72 GFLOPS/s)
RMS_NORM_MUL RMS_NORM(2048,128,1,1): 59 x 10.391 us = 613.08 us
RMS_NORM_MUL_ROPE RMS_NORM(64,32,128,1): 8 x 100.025 us = 800.2 us
RMS_NORM_MUL_ROPE RMS_NORM(64,8,128,1): 8 x 29.2 us = 233.6 us
SET_ROWS: 16 x 2.68 us = 42.88 us
SSM_CONV: 22 x 9.67 us = 212.76 us
Total time: 59582.9 us.
----------------
Vulkan Timings:
ADD: 58 x 8.316 us = 482.36 us
CONCAT: 22 x 21.35 us = 469.72 us
CPY: 22 x 3.783 us = 83.24 us
FLASH_ATTN_EXT dst(64,32,32,4),  q(64,32,32,4),  k(64,256,8,4),  v(64,256,8,4),  m(256,32,1,4): 8 x 76.125 us = 609 us (3526.25 GFLOPS/s)
GET_ROWS: 22 x 3.347 us = 73.64 us
GLU: 29 x 38.38 us = 1113.04 us
MUL: 44 x 10.565 us = 464.88 us
MUL_MAT f32 m=64 n=1024 k=64: 16 x 8.88 us = 142.08 us (937.283 GFLOPS/s)
MUL_MAT f32 m=64 n=4096 k=64: 16 x 12.8 us = 204.8 us (2600.96 GFLOPS/s)
MUL_MAT q4_0_rocmfp4_fast m=10752 n=128 k=2048: 58 x 420.733 us = 24402.6 us (13395.1 GFLOPS/s)
MUL_MAT q4_0_rocmfp4_fast m=2048 n=128 k=10752: 29 x 571.293 us = 16567.5 us (9866.87 GFLOPS/s)
MUL_MAT q4_0_rocmfp4_fast m=2048 n=128 k=2048: 16 x 95.75 us = 1532 us (11211.3 GFLOPS/s)
MUL_MAT q4_0_rocmfp4_fast m=2048 n=32 k=2048 batch=4: 22 x 140.35 us = 3087.72 us (7648.54 GFLOPS/s)
MUL_MAT q4_0_rocmfp4_fast m=512 n=128 k=2048: 16 x 44.685 us = 714.96 us (6005.82 GFLOPS/s)
MUL_MAT q4_0_rocmfp4_fast m=6144 n=32 k=2048 batch=4: 22 x 351.67 us = 7736.76 us (9157.54 GFLOPS/s)
RMS_NORM_MUL RMS_NORM(2048,128,1,1): 59 x 10.172 us = 600.2 us
RMS_NORM_MUL_ROPE RMS_NORM(64,32,128,1): 8 x 101.62 us = 812.96 us
RMS_NORM_MUL_ROPE RMS_NORM(64,8,128,1): 8 x 29.24 us = 233.92 us
SET_ROWS: 16 x 2.635 us = 42.16 us
SSM_CONV: 22 x 9.709 us = 213.6 us
Total time: 59587.1 us.
----------------
Vulkan Timings:
ADD: 58 x 7.506 us = 435.4 us
CONCAT: 22 x 22.227 us = 489 us
CPY: 22 x 3.741 us = 82.32 us
FLASH_ATTN_EXT dst(64,32,32,4),  q(64,32,32,4),  k(64,256,8,4),  v(64,256,8,4),  m(256,32,1,4): 8 x 83.985 us = 671.88 us (3196.23 GFLOPS/s)
GET_ROWS: 22 x 3.334 us = 73.36 us
GLU: 29 x 39.416 us = 1143.08 us
MUL: 44 x 10.173 us = 447.64 us
MUL_MAT f32 m=64 n=1024 k=64: 16 x 8.892 us = 142.28 us (935.965 GFLOPS/s)
MUL_MAT f32 m=64 n=4096 k=64: 16 x 12.765 us = 204.24 us (2608.09 GFLOPS/s)
MUL_MAT q4_0_rocmfp4_fast m=10752 n=128 k=2048: 58 x 422.629 us = 24512.5 us (13335 GFLOPS/s)
MUL_MAT q4_0_rocmfp4_fast m=2048 n=128 k=10752: 29 x 568.788 us = 16494.9 us (9910.32 GFLOPS/s)
MUL_MAT q4_0_rocmfp4_fast m=2048 n=128 k=2048: 16 x 101.945 us = 1631.12 us (10530 GFLOPS/s)
MUL_MAT q4_0_rocmfp4_fast m=2048 n=32 k=2048 batch=4: 22 x 146.52 us = 3223.44 us (7326.51 GFLOPS/s)
MUL_MAT q4_0_rocmfp4_fast m=512 n=128 k=2048: 16 x 41.415 us = 662.64 us (6480.02 GFLOPS/s)
MUL_MAT q4_0_rocmfp4_fast m=6144 n=32 k=2048 batch=4: 22 x 360.005 us = 7920.12 us (8945.53 GFLOPS/s)
RMS_NORM_MUL RMS_NORM(2048,128,1,1): 59 x 10.141 us = 598.32 us
RMS_NORM_MUL_ROPE RMS_NORM(64,32,128,1): 8 x 102.915 us = 823.32 us
RMS_NORM_MUL_ROPE RMS_NORM(64,8,128,1): 8 x 29.225 us = 233.8 us
SET_ROWS: 16 x 2.662 us = 42.6 us
SSM_CONV: 22 x 10.73 us = 236.08 us
Total time: 60068 us.
----------------
Vulkan Timings:
ADD: 58 x 8.173 us = 474.04 us
CONCAT: 22 x 22.214 us = 488.72 us
CPY: 22 x 3.79 us = 83.4 us
FLASH_ATTN_EXT dst(64,32,32,4),  q(64,32,32,4),  k(64,256,8,4),  v(64,256,8,4),  m(256,32,1,4): 8 x 93.19 us = 745.52 us (2880.52 GFLOPS/s)
GET_ROWS: 22 x 3.316 us = 72.96 us
GLU: 29 x 39.8 us = 1154.2 us
MUL: 44 x 9.82 us = 432.12 us
MUL_MAT f32 m=64 n=1024 k=64: 16 x 8.877 us = 142.04 us (937.547 GFLOPS/s)
MUL_MAT f32 m=64 n=4096 k=64: 16 x 12.75 us = 204 us (2611.16 GFLOPS/s)
MUL_MAT q4_0_rocmfp4_fast m=10752 n=128 k=2048: 58 x 420.497 us = 24388.8 us (13402.6 GFLOPS/s)
MUL_MAT q4_0_rocmfp4_fast m=2048 n=128 k=10752: 29 x 572.92 us = 16614.7 us (9838.86 GFLOPS/s)
MUL_MAT q4_0_rocmfp4_fast m=2048 n=128 k=2048: 16 x 99.767 us = 1596.28 us (10759.8 GFLOPS/s)
MUL_MAT q4_0_rocmfp4_fast m=2048 n=32 k=2048 batch=4: 22 x 141.83 us = 3120.28 us (7568.73 GFLOPS/s)
MUL_MAT q4_0_rocmfp4_fast m=512 n=128 k=2048: 16 x 43.665 us = 698.64 us (6146.11 GFLOPS/s)
MUL_MAT q4_0_rocmfp4_fast m=6144 n=32 k=2048 batch=4: 22 x 360.01 us = 7920.24 us (8945.39 GFLOPS/s)
RMS_NORM_MUL RMS_NORM(2048,128,1,1): 59 x 10.167 us = 599.88 us
RMS_NORM_MUL_ROPE RMS_NORM(64,32,128,1): 8 x 102.12 us = 816.96 us
RMS_NORM_MUL_ROPE RMS_NORM(64,8,128,1): 8 x 28.625 us = 229 us
SET_ROWS: 16 x 2.647 us = 42.36 us
SSM_CONV: 22 x 9.949 us = 218.88 us
Total time: 60043 us.
----------------
Vulkan Timings:
ADD: 58 x 7.837 us = 454.56 us
CONCAT: 22 x 21.38 us = 470.36 us
CPY: 22 x 3.792 us = 83.44 us
FLASH_ATTN_EXT dst(64,32,32,4),  q(64,32,32,4),  k(64,256,8,4),  v(64,256,8,4),  m(256,32,1,4): 8 x 104.715 us = 837.72 us (2563.49 GFLOPS/s)
GET_ROWS: 22 x 3.261 us = 71.76 us
GLU: 29 x 39.937 us = 1158.2 us
MUL: 44 x 10.278 us = 452.24 us
MUL_MAT f32 m=64 n=1024 k=64: 16 x 8.77 us = 140.32 us (949.039 GFLOPS/s)
MUL_MAT f32 m=64 n=4096 k=64: 16 x 12.805 us = 204.88 us (2599.94 GFLOPS/s)
MUL_MAT q4_0_rocmfp4_fast m=10752 n=128 k=2048: 58 x 423.124 us = 24541.2 us (13319.4 GFLOPS/s)
MUL_MAT q4_0_rocmfp4_fast m=2048 n=128 k=10752: 29 x 570.168 us = 16534.9 us (9886.35 GFLOPS/s)
MUL_MAT q4_0_rocmfp4_fast m=2048 n=128 k=2048: 16 x 103.535 us = 1656.56 us (10368.3 GFLOPS/s)
MUL_MAT q4_0_rocmfp4_fast m=2048 n=32 k=2048 batch=4: 22 x 141.252 us = 3107.56 us (7599.71 GFLOPS/s)
MUL_MAT q4_0_rocmfp4_fast m=512 n=128 k=2048: 16 x 40.812 us = 653 us (6575.68 GFLOPS/s)
MUL_MAT q4_0_rocmfp4_fast m=6144 n=32 k=2048 batch=4: 22 x 352.407 us = 7752.96 us (9138.4 GFLOPS/s)
RMS_NORM_MUL RMS_NORM(2048,128,1,1): 59 x 10.169 us = 600 us
RMS_NORM_MUL_ROPE RMS_NORM(64,32,128,1): 8 x 104.705 us = 837.64 us
RMS_NORM_MUL_ROPE RMS_NORM(64,8,128,1): 8 x 29.29 us = 234.32 us
SET_ROWS: 16 x 2.682 us = 42.92 us
SSM_CONV: 22 x 9.716 us = 213.76 us
Total time: 60048.3 us.
----------------
Vulkan Timings:
ADD: 58 x 7.406 us = 429.6 us
CONCAT: 22 x 22.703 us = 499.48 us
CPY: 22 x 3.836 us = 84.4 us
FLASH_ATTN_EXT dst(64,32,32,4),  q(64,32,32,4),  k(64,256,8,4),  v(64,256,8,4),  m(256,32,1,4): 8 x 112.935 us = 903.48 us (2376.9 GFLOPS/s)
GET_ROWS: 22 x 3.314 us = 72.92 us
GLU: 29 x 40.212 us = 1166.16 us
MUL: 44 x 10.188 us = 448.28 us
MUL_MAT f32 m=64 n=1024 k=64: 16 x 9.065 us = 145.04 us (918.155 GFLOPS/s)
MUL_MAT f32 m=64 n=4096 k=64: 16 x 12.795 us = 204.72 us (2601.98 GFLOPS/s)
MUL_MAT q4_0_rocmfp4_fast m=10752 n=128 k=2048: 58 x 424.446 us = 24617.9 us (13277.9 GFLOPS/s)
MUL_MAT q4_0_rocmfp4_fast m=2048 n=128 k=10752: 29 x 570.859 us = 16554.9 us (9874.38 GFLOPS/s)
MUL_MAT q4_0_rocmfp4_fast m=2048 n=128 k=2048: 16 x 99.49 us = 1591.84 us (10789.8 GFLOPS/s)
MUL_MAT q4_0_rocmfp4_fast m=2048 n=32 k=2048 batch=4: 22 x 144.09 us = 3170 us (7450.02 GFLOPS/s)
MUL_MAT q4_0_rocmfp4_fast m=512 n=128 k=2048: 16 x 43.162 us = 690.6 us (6217.66 GFLOPS/s)
MUL_MAT q4_0_rocmfp4_fast m=6144 n=32 k=2048 batch=4: 22 x 354.04 us = 7788.88 us (9096.26 GFLOPS/s)
RMS_NORM_MUL RMS_NORM(2048,128,1,1): 59 x 10.496 us = 619.28 us
RMS_NORM_MUL_ROPE RMS_NORM(64,32,128,1): 8 x 100.465 us = 803.72 us
RMS_NORM_MUL_ROPE RMS_NORM(64,8,128,1): 8 x 27.58 us = 220.64 us
SET_ROWS: 16 x 3.172 us = 50.76 us
SSM_CONV: 22 x 9.794 us = 215.48 us
Total time: 60278.1 us.
----------------
Vulkan Timings:
ADD: 58 x 8.706 us = 504.96 us
CONCAT: 22 x 22.998 us = 505.96 us
CPY: 22 x 3.798 us = 83.56 us
FLASH_ATTN_EXT dst(64,32,32,4),  q(64,32,32,4),  k(64,512,8,4),  v(64,512,8,4),  m(512,32,1,4): 8 x 133.4 us = 1067.2 us (4024.52 GFLOPS/s)
GET_ROWS: 22 x 3.369 us = 74.12 us
GLU: 29 x 38.253 us = 1109.36 us
MUL: 44 x 10.154 us = 446.8 us
MUL_MAT f32 m=64 n=1024 k=64: 16 x 8.942 us = 143.08 us (930.732 GFLOPS/s)
MUL_MAT f32 m=64 n=4096 k=64: 16 x 12.807 us = 204.92 us (2599.44 GFLOPS/s)
MUL_MAT q4_0_rocmfp4_fast m=10752 n=128 k=2048: 58 x 421.454 us = 24444.4 us (13372.2 GFLOPS/s)
MUL_MAT q4_0_rocmfp4_fast m=2048 n=128 k=10752: 29 x 572.257 us = 16595.5 us (9850.25 GFLOPS/s)
MUL_MAT q4_0_rocmfp4_fast m=2048 n=128 k=2048: 16 x 96.665 us = 1546.64 us (11105.2 GFLOPS/s)
MUL_MAT q4_0_rocmfp4_fast m=2048 n=32 k=2048 batch=4: 22 x 139.392 us = 3066.64 us (7701.12 GFLOPS/s)
MUL_MAT q4_0_rocmfp4_fast m=512 n=128 k=2048: 16 x 46.85 us = 749.6 us (5728.28 GFLOPS/s)
MUL_MAT q4_0_rocmfp4_fast m=6144 n=32 k=2048 batch=4: 22 x 355.25 us = 7815.52 us (9065.25 GFLOPS/s)
RMS_NORM_MUL RMS_NORM(2048,128,1,1): 59 x 10.532 us = 621.4 us
RMS_NORM_MUL_ROPE RMS_NORM(64,32,128,1): 8 x 103.995 us = 831.96 us
RMS_NORM_MUL_ROPE RMS_NORM(64,8,128,1): 8 x 29.795 us = 238.36 us
SET_ROWS: 16 x 2.63 us = 42.08 us
SSM_CONV: 22 x 9.705 us = 213.52 us
Total time: 60305.5 us.
----------------
Vulkan Timings:
ADD: 58 x 7.915 us = 459.12 us
CONCAT: 22 x 21.423 us = 471.32 us
CPY: 22 x 3.778 us = 83.12 us
FLASH_ATTN_EXT dst(64,32,32,4),  q(64,32,32,4),  k(64,512,8,4),  v(64,512,8,4),  m(512,32,1,4): 8 x 142.07 us = 1136.56 us (3778.92 GFLOPS/s)
GET_ROWS: 22 x 3.258 us = 71.68 us
GLU: 29 x 39.142 us = 1135.12 us
MUL: 44 x 10.51 us = 462.48 us
MUL_MAT f32 m=64 n=1024 k=64: 16 x 8.88 us = 142.08 us (937.283 GFLOPS/s)
MUL_MAT f32 m=64 n=4096 k=64: 16 x 12.75 us = 204 us (2611.16 GFLOPS/s)
MUL_MAT q4_0_rocmfp4_fast m=10752 n=128 k=2048: 58 x 423.148 us = 24542.6 us (13318.6 GFLOPS/s)
MUL_MAT q4_0_rocmfp4_fast m=2048 n=128 k=10752: 29 x 576.322 us = 16713.4 us (9780.77 GFLOPS/s)
MUL_MAT q4_0_rocmfp4_fast m=2048 n=128 k=2048: 16 x 103.067 us = 1649.08 us (10415.3 GFLOPS/s)
MUL_MAT q4_0_rocmfp4_fast m=2048 n=32 k=2048 batch=4: 22 x 143.076 us = 3147.68 us (7502.84 GFLOPS/s)
MUL_MAT q4_0_rocmfp4_fast m=512 n=128 k=2048: 16 x 40.055 us = 640.88 us (6700.04 GFLOPS/s)
MUL_MAT q4_0_rocmfp4_fast m=6144 n=32 k=2048 batch=4: 22 x 348.363 us = 7664 us (9244.48 GFLOPS/s)
RMS_NORM_MUL RMS_NORM(2048,128,1,1): 59 x 10.208 us = 602.28 us
RMS_NORM_MUL_ROPE RMS_NORM(64,32,128,1): 8 x 106.53 us = 852.24 us
RMS_NORM_MUL_ROPE RMS_NORM(64,8,128,1): 8 x 27.48 us = 219.84 us
SET_ROWS: 16 x 2.652 us = 42.44 us
SSM_CONV: 22 x 9.718 us = 213.8 us
Total time: 60453.7 us.
----------------
Vulkan Timings:
ADD: 58 x 7.824 us = 453.8 us
CONCAT: 22 x 22.974 us = 505.44 us
CPY: 22 x 3.77 us = 82.96 us
FLASH_ATTN_EXT dst(64,32,32,4),  q(64,32,32,4),  k(64,512,8,4),  v(64,512,8,4),  m(512,32,1,4): 8 x 152.04 us = 1216.32 us (3531.12 GFLOPS/s)
GET_ROWS: 22 x 3.24 us = 71.28 us
GLU: 29 x 40.208 us = 1166.04 us
MUL: 44 x 9.649 us = 424.56 us
MUL_MAT f32 m=64 n=1024 k=64: 16 x 8.892 us = 142.28 us (935.965 GFLOPS/s)
MUL_MAT f32 m=64 n=4096 k=64: 16 x 12.722 us = 203.56 us (2616.8 GFLOPS/s)
MUL_MAT q4_0_rocmfp4_fast m=10752 n=128 k=2048: 58 x 424.025 us = 24593.5 us (13291.1 GFLOPS/s)
MUL_MAT q4_0_rocmfp4_fast m=2048 n=128 k=10752: 29 x 569.336 us = 16510.8 us (9900.79 GFLOPS/s)
MUL_MAT q4_0_rocmfp4_fast m=2048 n=128 k=2048: 16 x 104.59 us = 1673.44 us (10263.7 GFLOPS/s)
MUL_MAT q4_0_rocmfp4_fast m=2048 n=32 k=2048 batch=4: 22 x 141.989 us = 3123.76 us (7560.3 GFLOPS/s)
MUL_MAT q4_0_rocmfp4_fast m=512 n=128 k=2048: 16 x 38.487 us = 615.8 us (6972.91 GFLOPS/s)
MUL_MAT q4_0_rocmfp4_fast m=6144 n=32 k=2048 batch=4: 22 x 365.41 us = 8039.04 us (8813.2 GFLOPS/s)
RMS_NORM_MUL RMS_NORM(2048,128,1,1): 59 x 10.161 us = 599.52 us
RMS_NORM_MUL_ROPE RMS_NORM(64,32,128,1): 8 x 102.195 us = 817.56 us
RMS_NORM_MUL_ROPE RMS_NORM(64,8,128,1): 8 x 29.345 us = 234.76 us
SET_ROWS: 16 x 2.632 us = 42.12 us
SSM_CONV: 22 x 9.781 us = 215.2 us
Total time: 60731.7 us.
----------------
Vulkan Timings:
ADD: 58 x 7.771 us = 450.76 us
CONCAT: 22 x 21.401 us = 470.84 us
CPY: 22 x 3.78 us = 83.16 us
FLASH_ATTN_EXT dst(64,32,32,4),  q(64,32,32,4),  k(64,512,8,4),  v(64,512,8,4),  m(512,32,1,4): 8 x 161.035 us = 1288.28 us (3333.88 GFLOPS/s)
GET_ROWS: 22 x 3.22 us = 70.84 us
GLU: 29 x 38.336 us = 1111.76 us
MUL: 44 x 9.913 us = 436.2 us
MUL_MAT f32 m=64 n=1024 k=64: 16 x 8.88 us = 142.08 us (937.283 GFLOPS/s)
MUL_MAT f32 m=64 n=4096 k=64: 16 x 12.825 us = 205.2 us (2595.89 GFLOPS/s)
MUL_MAT q4_0_rocmfp4_fast m=10752 n=128 k=2048: 58 x 424.944 us = 24646.8 us (13262.4 GFLOPS/s)
MUL_MAT q4_0_rocmfp4_fast m=2048 n=128 k=10752: 29 x 572.118 us = 16591.4 us (9852.65 GFLOPS/s)
MUL_MAT q4_0_rocmfp4_fast m=2048 n=128 k=2048: 16 x 99.502 us = 1592.04 us (10788.5 GFLOPS/s)
MUL_MAT q4_0_rocmfp4_fast m=2048 n=32 k=2048 batch=4: 22 x 140.632 us = 3093.92 us (7633.21 GFLOPS/s)
MUL_MAT q4_0_rocmfp4_fast m=512 n=128 k=2048: 16 x 43.185 us = 690.96 us (6214.42 GFLOPS/s)
MUL_MAT q4_0_rocmfp4_fast m=6144 n=32 k=2048 batch=4: 22 x 350.712 us = 7715.68 us (9182.56 GFLOPS/s)
RMS_NORM_MUL RMS_NORM(2048,128,1,1): 59 x 10.177 us = 600.48 us
RMS_NORM_MUL_ROPE RMS_NORM(64,32,128,1): 8 x 104.1 us = 832.8 us
RMS_NORM_MUL_ROPE RMS_NORM(64,8,128,1): 8 x 31.09 us = 248.72 us
SET_ROWS: 16 x 2.665 us = 42.64 us
SSM_CONV: 22 x 9.741 us = 214.32 us
Total time: 60528.9 us.
----------------
Vulkan Timings:
ADD: 58 x 7.971 us = 462.36 us
CONCAT: 22 x 24.25 us = 533.52 us
CPY: 22 x 4.756 us = 104.64 us
FLASH_ATTN_EXT dst(64,32,32,4),  q(64,32,32,4),  k(64,512,8,4),  v(64,512,8,4),  m(512,32,1,4): 8 x 175.755 us = 1406.04 us (3054.66 GFLOPS/s)
GET_ROWS: 22 x 3.163 us = 69.6 us
GLU: 29 x 39.653 us = 1149.96 us
MUL: 44 x 9.852 us = 433.52 us
MUL_MAT f32 m=64 n=1024 k=64: 16 x 8.95 us = 143.2 us (929.952 GFLOPS/s)
MUL_MAT f32 m=64 n=4096 k=64: 16 x 12.83 us = 205.28 us (2594.88 GFLOPS/s)
MUL_MAT q4_0_rocmfp4_fast m=10752 n=128 k=2048: 58 x 425.258 us = 24665 us (13252.6 GFLOPS/s)
MUL_MAT q4_0_rocmfp4_fast m=2048 n=128 k=10752: 29 x 569.728 us = 16522.1 us (9893.98 GFLOPS/s)
MUL_MAT q4_0_rocmfp4_fast m=2048 n=128 k=2048: 16 x 102.49 us = 1639.84 us (10474 GFLOPS/s)
MUL_MAT q4_0_rocmfp4_fast m=2048 n=32 k=2048 batch=4: 22 x 146.429 us = 3221.44 us (7331.05 GFLOPS/s)
MUL_MAT q4_0_rocmfp4_fast m=512 n=128 k=2048: 16 x 41.575 us = 665.2 us (6455.08 GFLOPS/s)
MUL_MAT q4_0_rocmfp4_fast m=6144 n=32 k=2048 batch=4: 22 x 350.338 us = 7707.44 us (9192.37 GFLOPS/s)
RMS_NORM_MUL RMS_NORM(2048,128,1,1): 59 x 10.307 us = 608.16 us
RMS_NORM_MUL_ROPE RMS_NORM(64,32,128,1): 8 x 104.145 us = 833.16 us
RMS_NORM_MUL_ROPE RMS_NORM(64,8,128,1): 8 x 34.67 us = 277.36 us
SET_ROWS: 16 x 2.835 us = 45.36 us
SSM_CONV: 22 x 9.747 us = 214.44 us
Total time: 60907.6 us.
----------------
Vulkan Timings:
ADD: 58 x 7.391 us = 428.68 us
CONCAT: 22 x 22.901 us = 503.84 us
CPY: 22 x 3.794 us = 83.48 us
FLASH_ATTN_EXT dst(64,32,32,4),  q(64,32,32,4),  k(64,512,8,4),  v(64,512,8,4),  m(512,32,1,4): 8 x 182.89 us = 1463.12 us (2935.49 GFLOPS/s)
GET_ROWS: 22 x 3.154 us = 69.4 us
GLU: 29 x 41.611 us = 1206.72 us
MUL: 44 x 9.61 us = 422.84 us
MUL_MAT f32 m=64 n=1024 k=64: 16 x 8.767 us = 140.28 us (949.31 GFLOPS/s)
MUL_MAT f32 m=64 n=4096 k=64: 16 x 12.74 us = 203.84 us (2613.21 GFLOPS/s)
MUL_MAT q4_0_rocmfp4_fast m=10752 n=128 k=2048: 58 x 421.054 us = 24421.2 us (13384.9 GFLOPS/s)
MUL_MAT q4_0_rocmfp4_fast m=2048 n=128 k=10752: 29 x 578.762 us = 16784.1 us (9739.54 GFLOPS/s)
MUL_MAT q4_0_rocmfp4_fast m=2048 n=128 k=2048: 16 x 99.48 us = 1591.68 us (10790.9 GFLOPS/s)
MUL_MAT q4_0_rocmfp4_fast m=2048 n=32 k=2048 batch=4: 22 x 143.245 us = 3151.4 us (7493.99 GFLOPS/s)
MUL_MAT q4_0_rocmfp4_fast m=512 n=128 k=2048: 16 x 44.017 us = 704.28 us (6096.89 GFLOPS/s)
MUL_MAT q4_0_rocmfp4_fast m=6144 n=32 k=2048 batch=4: 22 x 357.816 us = 7871.96 us (9000.26 GFLOPS/s)
RMS_NORM_MUL RMS_NORM(2048,128,1,1): 59 x 10.179 us = 600.6 us
RMS_NORM_MUL_ROPE RMS_NORM(64,32,128,1): 8 x 106.785 us = 854.28 us
RMS_NORM_MUL_ROPE RMS_NORM(64,8,128,1): 8 x 27.53 us = 220.24 us
SET_ROWS: 16 x 2.65 us = 42.4 us
SSM_CONV: 22 x 9.7 us = 213.4 us
Total time: 60977.7 us.
----------------
Vulkan Timings:
ADD: 58 x 8.297 us = 481.28 us
CONCAT: 22 x 22.134 us = 486.96 us
CPY: 22 x 3.796 us = 83.52 us
FLASH_ATTN_EXT dst(64,32,32,4),  q(64,32,32,4),  k(64,512,8,4),  v(64,512,8,4),  m(512,32,1,4): 8 x 190.17 us = 1521.36 us (2823.11 GFLOPS/s)
GET_ROWS: 22 x 3.305 us = 72.72 us
GLU: 29 x 39.27 us = 1138.84 us
MUL: 44 x 9.816 us = 431.92 us
MUL_MAT f32 m=64 n=1024 k=64: 16 x 8.92 us = 142.72 us (933.08 GFLOPS/s)
MUL_MAT f32 m=64 n=4096 k=64: 16 x 12.957 us = 207.32 us (2569.35 GFLOPS/s)
MUL_MAT q4_0_rocmfp4_fast m=10752 n=128 k=2048: 58 x 421.744 us = 24461.2 us (13363 GFLOPS/s)
MUL_MAT q4_0_rocmfp4_fast m=2048 n=128 k=10752: 29 x 573.544 us = 16632.8 us (9828.15 GFLOPS/s)
MUL_MAT q4_0_rocmfp4_fast m=2048 n=128 k=2048: 16 x 99.4 us = 1590.4 us (10799.6 GFLOPS/s)
MUL_MAT q4_0_rocmfp4_fast m=2048 n=32 k=2048 batch=4: 22 x 143.965 us = 3167.24 us (7456.51 GFLOPS/s)
MUL_MAT q4_0_rocmfp4_fast m=512 n=128 k=2048: 16 x 45.12 us = 721.92 us (5947.91 GFLOPS/s)
MUL_MAT q4_0_rocmfp4_fast m=6144 n=32 k=2048 batch=4: 22 x 353.798 us = 7783.56 us (9102.47 GFLOPS/s)
RMS_NORM_MUL RMS_NORM(2048,128,1,1): 59 x 10.369 us = 611.8 us
RMS_NORM_MUL_ROPE RMS_NORM(64,32,128,1): 8 x 104.065 us = 832.52 us
RMS_NORM_MUL_ROPE RMS_NORM(64,8,128,1): 8 x 31.215 us = 249.72 us
SET_ROWS: 16 x 2.607 us = 41.72 us
SSM_CONV: 22 x 9.683 us = 213.04 us
Total time: 60872.6 us.
----------------
Vulkan Timings:
ADD: 58 x 8.728 us = 506.24 us
CONCAT: 22 x 22.974 us = 505.44 us
CPY: 22 x 3.798 us = 83.56 us
FLASH_ATTN_EXT dst(64,32,32,4),  q(64,32,32,4),  k(64,512,8,4),  v(64,512,8,4),  m(512,32,1,4): 8 x 200.53 us = 1604.24 us (2677.26 GFLOPS/s)
GET_ROWS: 22 x 3.14 us = 69.08 us
GLU: 29 x 41.126 us = 1192.68 us
MUL: 44 x 10.194 us = 448.56 us
MUL_MAT f32 m=64 n=1024 k=64: 16 x 8.932 us = 142.92 us (931.774 GFLOPS/s)
MUL_MAT f32 m=64 n=4096 k=64: 16 x 12.775 us = 204.4 us (2606.05 GFLOPS/s)
MUL_MAT q4_0_rocmfp4_fast m=10752 n=128 k=2048: 58 x 422.326 us = 24495 us (13344.6 GFLOPS/s)
MUL_MAT q4_0_rocmfp4_fast m=2048 n=128 k=10752: 29 x 575.87 us = 16700.2 us (9788.46 GFLOPS/s)
MUL_MAT q4_0_rocmfp4_fast m=2048 n=128 k=2048: 16 x 98.637 us = 1578.2 us (10883.1 GFLOPS/s)
MUL_MAT q4_0_rocmfp4_fast m=2048 n=32 k=2048 batch=4: 22 x 140.858 us = 3098.88 us (7621 GFLOPS/s)
MUL_MAT q4_0_rocmfp4_fast m=512 n=128 k=2048: 16 x 43.952 us = 703.24 us (6105.91 GFLOPS/s)
MUL_MAT q4_0_rocmfp4_fast m=6144 n=32 k=2048 batch=4: 22 x 349.369 us = 7686.12 us (9217.87 GFLOPS/s)
RMS_NORM_MUL RMS_NORM(2048,128,1,1): 59 x 10.197 us = 601.68 us
RMS_NORM_MUL_ROPE RMS_NORM(64,32,128,1): 8 x 100.57 us = 804.56 us
RMS_NORM_MUL_ROPE RMS_NORM(64,8,128,1): 8 x 27.53 us = 220.24 us
SET_ROWS: 16 x 2.672 us = 42.76 us
SSM_CONV: 22 x 9.778 us = 215.12 us
Total time: 60903.1 us.
----------------
Vulkan Timings:
ADD: 58 x 8.215 us = 476.48 us
CONCAT: 22 x 24.494 us = 538.88 us
CPY: 22 x 4.307 us = 94.76 us
FLASH_ATTN_EXT dst(64,32,32,4),  q(64,32,32,4),  k(64,768,8,4),  v(64,768,8,4),  m(768,32,1,4): 8 x 220.08 us = 1760.64 us (3659.15 GFLOPS/s)
GET_ROWS: 22 x 3.1 us = 68.2 us
GLU: 29 x 38.902 us = 1128.16 us
MUL: 44 x 9.967 us = 438.56 us
MUL_MAT f32 m=64 n=1024 k=64: 16 x 8.992 us = 143.88 us (925.557 GFLOPS/s)
MUL_MAT f32 m=64 n=4096 k=64: 16 x 12.695 us = 203.12 us (2622.47 GFLOPS/s)
MUL_MAT q4_0_rocmfp4_fast m=10752 n=128 k=2048: 58 x 421.175 us = 24428.2 us (13381 GFLOPS/s)
MUL_MAT q4_0_rocmfp4_fast m=2048 n=128 k=10752: 29 x 574.092 us = 16648.7 us (9818.77 GFLOPS/s)
MUL_MAT q4_0_rocmfp4_fast m=2048 n=128 k=2048: 16 x 100.545 us = 1608.72 us (10676.6 GFLOPS/s)
MUL_MAT q4_0_rocmfp4_fast m=2048 n=32 k=2048 batch=4: 22 x 142.46 us = 3134.12 us (7535.31 GFLOPS/s)
MUL_MAT q4_0_rocmfp4_fast m=512 n=128 k=2048: 16 x 43.115 us = 689.84 us (6224.51 GFLOPS/s)
MUL_MAT q4_0_rocmfp4_fast m=6144 n=32 k=2048 batch=4: 22 x 356.178 us = 7835.92 us (9041.65 GFLOPS/s)
RMS_NORM_MUL RMS_NORM(2048,128,1,1): 59 x 10.183 us = 600.8 us
RMS_NORM_MUL_ROPE RMS_NORM(64,32,128,1): 8 x 102.415 us = 819.32 us
RMS_NORM_MUL_ROPE RMS_NORM(64,8,128,1): 8 x 30.315 us = 242.52 us
SET_ROWS: 16 x 2.677 us = 42.84 us
SSM_CONV: 22 x 9.723 us = 213.92 us
Total time: 61117.6 us.
----------------
Vulkan Timings:
ADD: 58 x 8.517 us = 494 us
CONCAT: 22 x 22.178 us = 487.92 us
CPY: 22 x 3.823 us = 84.12 us
FLASH_ATTN_EXT dst(64,32,32,4),  q(64,32,32,4),  k(64,768,8,4),  v(64,768,8,4),  m(768,32,1,4): 8 x 228.18 us = 1825.44 us (3529.26 GFLOPS/s)
GET_ROWS: 22 x 3.265 us = 71.84 us
GLU: 29 x 38.615 us = 1119.84 us
MUL: 44 x 10.391 us = 457.24 us
MUL_MAT f32 m=64 n=1024 k=64: 16 x 8.897 us = 142.36 us (935.439 GFLOPS/s)
MUL_MAT f32 m=64 n=4096 k=64: 16 x 12.825 us = 205.2 us (2595.89 GFLOPS/s)
MUL_MAT q4_0_rocmfp4_fast m=10752 n=128 k=2048: 58 x 422.977 us = 24532.7 us (13324 GFLOPS/s)
MUL_MAT q4_0_rocmfp4_fast m=2048 n=128 k=10752: 29 x 573.375 us = 16627.9 us (9831.05 GFLOPS/s)
MUL_MAT q4_0_rocmfp4_fast m=2048 n=128 k=2048: 16 x 99.52 us = 1592.32 us (10786.6 GFLOPS/s)
MUL_MAT q4_0_rocmfp4_fast m=2048 n=32 k=2048 batch=4: 22 x 141.927 us = 3122.4 us (7563.59 GFLOPS/s)
MUL_MAT q4_0_rocmfp4_fast m=512 n=128 k=2048: 16 x 43.89 us = 702.24 us (6114.6 GFLOPS/s)
MUL_MAT q4_0_rocmfp4_fast m=6144 n=32 k=2048 batch=4: 22 x 349.458 us = 7688.08 us (9215.52 GFLOPS/s)
RMS_NORM_MUL RMS_NORM(2048,128,1,1): 59 x 10.194 us = 601.48 us
RMS_NORM_MUL_ROPE RMS_NORM(64,32,128,1): 8 x 102.245 us = 817.96 us
RMS_NORM_MUL_ROPE RMS_NORM(64,8,128,1): 8 x 29.38 us = 235.04 us
SET_ROWS: 16 x 2.65 us = 42.4 us
SSM_CONV: 22 x 9.692 us = 213.24 us
Total time: 61063.7 us.
----------------
Vulkan Timings:
ADD: 58 x 7.87 us = 456.48 us
CONCAT: 22 x 22.285 us = 490.28 us
CPY: 22 x 3.821 us = 84.08 us
FLASH_ATTN_EXT dst(64,32,32,4),  q(64,32,32,4),  k(64,768,8,4),  v(64,768,8,4),  m(768,32,1,4): 8 x 235.07 us = 1880.56 us (3425.82 GFLOPS/s)
GET_ROWS: 22 x 3.312 us = 72.88 us
GLU: 29 x 39.886 us = 1156.72 us
MUL: 44 x 10.233 us = 450.28 us
MUL_MAT f32 m=64 n=1024 k=64: 16 x 8.955 us = 143.28 us (929.433 GFLOPS/s)
MUL_MAT f32 m=64 n=4096 k=64: 16 x 12.672 us = 202.76 us (2627.13 GFLOPS/s)
MUL_MAT q4_0_rocmfp4_fast m=10752 n=128 k=2048: 58 x 423.81 us = 24581 us (13297.9 GFLOPS/s)
MUL_MAT q4_0_rocmfp4_fast m=2048 n=128 k=10752: 29 x 568.624 us = 16490.1 us (9913.18 GFLOPS/s)
MUL_MAT q4_0_rocmfp4_fast m=2048 n=128 k=2048: 16 x 98.565 us = 1577.04 us (10891.1 GFLOPS/s)
MUL_MAT q4_0_rocmfp4_fast m=2048 n=32 k=2048 batch=4: 22 x 148.514 us = 3267.32 us (7228.11 GFLOPS/s)
MUL_MAT q4_0_rocmfp4_fast m=512 n=128 k=2048: 16 x 43.05 us = 688.8 us (6233.91 GFLOPS/s)
MUL_MAT q4_0_rocmfp4_fast m=6144 n=32 k=2048 batch=4: 22 x 357.392 us = 7862.64 us (9010.92 GFLOPS/s)
RMS_NORM_MUL RMS_NORM(2048,128,1,1): 59 x 10.163 us = 599.64 us
RMS_NORM_MUL_ROPE RMS_NORM(64,32,128,1): 8 x 104.68 us = 837.44 us
RMS_NORM_MUL_ROPE RMS_NORM(64,8,128,1): 8 x 31.17 us = 249.36 us
SET_ROWS: 16 x 2.662 us = 42.6 us
SSM_CONV: 22 x 9.729 us = 214.04 us
Total time: 61347.3 us.
----------------
Vulkan Timings:
ADD: 58 x 7.318 us = 424.48 us
CONCAT: 22 x 22.249 us = 489.48 us
CPY: 22 x 3.792 us = 83.44 us
FLASH_ATTN_EXT dst(64,32,32,4),  q(64,32,32,4),  k(64,768,8,4),  v(64,768,8,4),  m(768,32,1,4): 8 x 249.68 us = 1997.44 us (3225.35 GFLOPS/s)
GET_ROWS: 22 x 3.03 us = 66.68 us
GLU: 29 x 41.046 us = 1190.36 us
MUL: 44 x 10.22 us = 449.72 us
MUL_MAT f32 m=64 n=1024 k=64: 16 x 9.237 us = 147.8 us (901.009 GFLOPS/s)
MUL_MAT f32 m=64 n=4096 k=64: 16 x 13.112 us = 209.8 us (2538.97 GFLOPS/s)
MUL_MAT q4_0_rocmfp4_fast m=10752 n=128 k=2048: 58 x 422.729 us = 24518.3 us (13331.8 GFLOPS/s)
MUL_MAT q4_0_rocmfp4_fast m=2048 n=128 k=10752: 29 x 571.091 us = 16561.6 us (9870.37 GFLOPS/s)
MUL_MAT q4_0_rocmfp4_fast m=2048 n=128 k=2048: 16 x 99.087 us = 1585.4 us (10833.7 GFLOPS/s)
MUL_MAT q4_0_rocmfp4_fast m=2048 n=32 k=2048 batch=4: 22 x 142.532 us = 3135.72 us (7531.46 GFLOPS/s)
MUL_MAT q4_0_rocmfp4_fast m=512 n=128 k=2048: 16 x 44.15 us = 706.4 us (6078.59 GFLOPS/s)
MUL_MAT q4_0_rocmfp4_fast m=6144 n=32 k=2048 batch=4: 22 x 359.014 us = 7898.32 us (8970.22 GFLOPS/s)
RMS_NORM_MUL RMS_NORM(2048,128,1,1): 59 x 10.136 us = 598.04 us
RMS_NORM_MUL_ROPE RMS_NORM(64,32,128,1): 8 x 100.565 us = 804.52 us
RMS_NORM_MUL_ROPE RMS_NORM(64,8,128,1): 8 x 29.5 us = 236 us
SET_ROWS: 16 x 2.652 us = 42.44 us
SSM_CONV: 22 x 9.792 us = 215.44 us
Total time: 61361.4 us.
----------------
Vulkan Timings:
ADD: 58 x 7.912 us = 458.92 us
CONCAT: 22 x 21.478 us = 472.52 us
CPY: 22 x 3.809 us = 83.8 us
FLASH_ATTN_EXT dst(64,32,32,4),  q(64,32,32,4),  k(64,768,8,4),  v(64,768,8,4),  m(768,32,1,4): 8 x 260.07 us = 2080.56 us (3096.5 GFLOPS/s)
GET_ROWS: 22 x 2.97 us = 65.36 us
GLU: 29 x 40.073 us = 1162.12 us
MUL: 44 x 10.24 us = 450.6 us
MUL_MAT f32 m=64 n=1024 k=64: 16 x 8.9 us = 142.4 us (935.177 GFLOPS/s)
MUL_MAT f32 m=64 n=4096 k=64: 16 x 12.732 us = 203.72 us (2614.75 GFLOPS/s)
MUL_MAT q4_0_rocmfp4_fast m=10752 n=128 k=2048: 58 x 423.762 us = 24578.2 us (13299.3 GFLOPS/s)
MUL_MAT q4_0_rocmfp4_fast m=2048 n=128 k=10752: 29 x 571.553 us = 16575 us (9862.39 GFLOPS/s)
MUL_MAT q4_0_rocmfp4_fast m=2048 n=128 k=2048: 16 x 99.885 us = 1598.16 us (10747.2 GFLOPS/s)
MUL_MAT q4_0_rocmfp4_fast m=2048 n=32 k=2048 batch=4: 22 x 140.167 us = 3083.68 us (7658.56 GFLOPS/s)
MUL_MAT q4_0_rocmfp4_fast m=512 n=128 k=2048: 16 x 43.105 us = 689.68 us (6225.96 GFLOPS/s)
MUL_MAT q4_0_rocmfp4_fast m=6144 n=32 k=2048 batch=4: 22 x 355.987 us = 7831.72 us (9046.5 GFLOPS/s)
RMS_NORM_MUL RMS_NORM(2048,128,1,1): 59 x 10.134 us = 597.92 us
RMS_NORM_MUL_ROPE RMS_NORM(64,32,128,1): 8 x 102.23 us = 817.84 us
RMS_NORM_MUL_ROPE RMS_NORM(64,8,128,1): 8 x 29.355 us = 234.84 us
SET_ROWS: 16 x 2.652 us = 42.44 us
SSM_CONV: 22 x 9.763 us = 214.8 us
Total time: 61384.4 us.
----------------
Vulkan Timings:
ADD: 58 x 7.717 us = 447.64 us
CONCAT: 22 x 23.449 us = 515.88 us
CPY: 22 x 3.798 us = 83.56 us
FLASH_ATTN_EXT dst(64,32,32,4),  q(64,32,32,4),  k(64,768,8,4),  v(64,768,8,4),  m(768,32,1,4): 8 x 269.625 us = 2157 us (2986.76 GFLOPS/s)
GET_ROWS: 22 x 2.925 us = 64.36 us
GLU: 29 x 38.526 us = 1117.28 us
MUL: 44 x 10.443 us = 459.52 us
MUL_MAT f32 m=64 n=1024 k=64: 16 x 8.88 us = 142.08 us (937.283 GFLOPS/s)
MUL_MAT f32 m=64 n=4096 k=64: 16 x 12.677 us = 202.84 us (2626.09 GFLOPS/s)
MUL_MAT q4_0_rocmfp4_fast m=10752 n=128 k=2048: 58 x 421.135 us = 24425.8 us (13382.3 GFLOPS/s)
MUL_MAT q4_0_rocmfp4_fast m=2048 n=128 k=10752: 29 x 576.36 us = 16714.4 us (9780.14 GFLOPS/s)
MUL_MAT q4_0_rocmfp4_fast m=2048 n=128 k=2048: 16 x 103.907 us = 1662.52 us (10331.1 GFLOPS/s)
MUL_MAT q4_0_rocmfp4_fast m=2048 n=32 k=2048 batch=4: 22 x 142.638 us = 3138.04 us (7525.89 GFLOPS/s)
MUL_MAT q4_0_rocmfp4_fast m=512 n=128 k=2048: 16 x 41.647 us = 666.36 us (6443.84 GFLOPS/s)
MUL_MAT q4_0_rocmfp4_fast m=6144 n=32 k=2048 batch=4: 22 x 353.765 us = 7782.84 us (9103.32 GFLOPS/s)
RMS_NORM_MUL RMS_NORM(2048,128,1,1): 59 x 10.166 us = 599.8 us
RMS_NORM_MUL_ROPE RMS_NORM(64,32,128,1): 8 x 103.13 us = 825.04 us
RMS_NORM_MUL_ROPE RMS_NORM(64,8,128,1): 8 x 29.33 us = 234.64 us
SET_ROWS: 16 x 2.657 us = 42.52 us
SSM_CONV: 22 x 9.712 us = 213.68 us
Total time: 61495.9 us.
----------------
Vulkan Timings:
ADD: 58 x 7.115 us = 412.72 us
CONCAT: 22 x 22.209 us = 488.6 us
CPY: 22 x 3.82 us = 84.04 us
FLASH_ATTN_EXT dst(64,32,32,4),  q(64,32,32,4),  k(64,768,8,4),  v(64,768,8,4),  m(768,32,1,4): 8 x 280.275 us = 2242.2 us (2873.27 GFLOPS/s)
GET_ROWS: 22 x 2.758 us = 60.68 us
GLU: 29 x 41.086 us = 1191.52 us
MUL: 44 x 9.733 us = 428.28 us
MUL_MAT f32 m=64 n=1024 k=64: 16 x 8.937 us = 143 us (931.253 GFLOPS/s)
MUL_MAT f32 m=64 n=4096 k=64: 16 x 12.745 us = 203.92 us (2612.18 GFLOPS/s)
MUL_MAT q4_0_rocmfp4_fast m=10752 n=128 k=2048: 58 x 423.824 us = 24581.8 us (13297.4 GFLOPS/s)
MUL_MAT q4_0_rocmfp4_fast m=2048 n=128 k=10752: 29 x 575.035 us = 16676 us (9802.66 GFLOPS/s)
MUL_MAT q4_0_rocmfp4_fast m=2048 n=128 k=2048: 16 x 97.94 us = 1567.04 us (10960.6 GFLOPS/s)
MUL_MAT q4_0_rocmfp4_fast m=2048 n=32 k=2048 batch=4: 22 x 142.974 us = 3145.44 us (7508.19 GFLOPS/s)
MUL_MAT q4_0_rocmfp4_fast m=512 n=128 k=2048: 16 x 45.177 us = 722.84 us (5940.34 GFLOPS/s)
MUL_MAT q4_0_rocmfp4_fast m=6144 n=32 k=2048 batch=4: 22 x 352.805 us = 7761.72 us (9128.09 GFLOPS/s)
RMS_NORM_MUL RMS_NORM(2048,128,1,1): 59 x 10.189 us = 601.16 us
RMS_NORM_MUL_ROPE RMS_NORM(64,32,128,1): 8 x 103.995 us = 831.96 us
RMS_NORM_MUL_ROPE RMS_NORM(64,8,128,1): 8 x 30.995 us = 247.96 us
SET_ROWS: 16 x 2.655 us = 42.48 us
SSM_CONV: 22 x 9.729 us = 214.04 us
Total time: 61647.5 us.
----------------
Vulkan Timings:
ADD: 58 x 7.871 us = 456.52 us
CONCAT: 22 x 24.57 us = 540.56 us
CPY: 22 x 4.041 us = 88.92 us
FLASH_ATTN_EXT dst(64,32,32,4),  q(64,32,32,4),  k(64,768,8,4),  v(64,768,8,4),  m(768,32,1,4): 8 x 287.46 us = 2299.68 us (2801.46 GFLOPS/s)
GET_ROWS: 22 x 2.765 us = 60.84 us
GLU: 29 x 39.445 us = 1143.92 us
MUL: 44 x 10.208 us = 449.16 us
MUL_MAT f32 m=64 n=1024 k=64: 16 x 8.99 us = 143.84 us (925.814 GFLOPS/s)
MUL_MAT f32 m=64 n=4096 k=64: 16 x 12.767 us = 204.28 us (2607.58 GFLOPS/s)
MUL_MAT q4_0_rocmfp4_fast m=10752 n=128 k=2048: 58 x 425.848 us = 24699.2 us (13234.2 GFLOPS/s)
MUL_MAT q4_0_rocmfp4_fast m=2048 n=128 k=10752: 29 x 571.27 us = 16566.8 us (9867.28 GFLOPS/s)
MUL_MAT q4_0_rocmfp4_fast m=2048 n=128 k=2048: 16 x 100.062 us = 1601 us (10728.1 GFLOPS/s)
MUL_MAT q4_0_rocmfp4_fast m=2048 n=32 k=2048 batch=4: 22 x 141.06 us = 3103.32 us (7610.09 GFLOPS/s)
MUL_MAT q4_0_rocmfp4_fast m=512 n=128 k=2048: 16 x 43.195 us = 691.12 us (6212.99 GFLOPS/s)
MUL_MAT q4_0_rocmfp4_fast m=6144 n=32 k=2048 batch=4: 22 x 349.147 us = 7681.24 us (9223.73 GFLOPS/s)
RMS_NORM_MUL RMS_NORM(2048,128,1,1): 59 x 10.219 us = 602.96 us
RMS_NORM_MUL_ROPE RMS_NORM(64,32,128,1): 8 x 100.35 us = 802.8 us
RMS_NORM_MUL_ROPE RMS_NORM(64,8,128,1): 8 x 29.32 us = 234.56 us
SET_ROWS: 16 x 2.627 us = 42.04 us
SSM_CONV: 22 x 9.692 us = 213.24 us
Total time: 61626 us.
----------------
Vulkan Timings:
ADD: 58 x 8.117 us = 470.8 us
CONCAT: 22 x 23.09 us = 508 us
CPY: 22 x 3.796 us = 83.52 us
FLASH_ATTN_EXT dst(64,32,32,4),  q(64,32,32,4),  k(64,1024,8,4),  v(64,1024,8,4),  m(1024,32,1,4): 8 x 269.545 us = 2156.36 us (3983.53 GFLOPS/s)
GET_ROWS: 22 x 2.76 us = 60.72 us
GLU: 29 x 39.444 us = 1143.88 us
MUL: 44 x 9.832 us = 432.64 us
MUL_MAT f32 m=64 n=1024 k=64: 16 x 8.865 us = 141.84 us (938.869 GFLOPS/s)
MUL_MAT f32 m=64 n=4096 k=64: 16 x 13.162 us = 210.6 us (2529.33 GFLOPS/s)
MUL_MAT q4_0_rocmfp4_fast m=10752 n=128 k=2048: 58 x 425.578 us = 24683.6 us (13242.6 GFLOPS/s)
MUL_MAT q4_0_rocmfp4_fast m=2048 n=128 k=10752: 29 x 569.7 us = 16521.3 us (9894.46 GFLOPS/s)
MUL_MAT q4_0_rocmfp4_fast m=2048 n=128 k=2048: 16 x 100.25 us = 1604 us (10708 GFLOPS/s)
MUL_MAT q4_0_rocmfp4_fast m=2048 n=32 k=2048 batch=4: 22 x 143.898 us = 3165.76 us (7459.99 GFLOPS/s)
MUL_MAT q4_0_rocmfp4_fast m=512 n=128 k=2048: 16 x 44.45 us = 711.2 us (6037.57 GFLOPS/s)
MUL_MAT q4_0_rocmfp4_fast m=6144 n=32 k=2048 batch=4: 22 x 355.565 us = 7822.44 us (9057.23 GFLOPS/s)
RMS_NORM_MUL RMS_NORM(2048,128,1,1): 59 x 10.179 us = 600.6 us
RMS_NORM_MUL_ROPE RMS_NORM(64,32,128,1): 8 x 103.85 us = 830.8 us
RMS_NORM_MUL_ROPE RMS_NORM(64,8,128,1): 8 x 31.125 us = 249 us
SET_ROWS: 16 x 2.637 us = 42.2 us
SSM_CONV: 22 x 9.832 us = 216.32 us
Total time: 61655.6 us.
----------------
Vulkan Timings:
ADD: 58 x 7.982 us = 463 us
CONCAT: 22 x 23.052 us = 507.16 us
CPY: 22 x 3.803 us = 83.68 us
FLASH_ATTN_EXT dst(64,32,32,4),  q(64,32,32,4),  k(64,1024,8,4),  v(64,1024,8,4),  m(1024,32,1,4): 8 x 272.07 us = 2176.56 us (3946.56 GFLOPS/s)
GET_ROWS: 22 x 2.716 us = 59.76 us
GLU: 29 x 38.982 us = 1130.48 us
MUL: 44 x 9.762 us = 429.56 us
MUL_MAT f32 m=64 n=1024 k=64: 16 x 8.892 us = 142.28 us (935.965 GFLOPS/s)
MUL_MAT f32 m=64 n=4096 k=64: 16 x 13.187 us = 211 us (2524.53 GFLOPS/s)
MUL_MAT q4_0_rocmfp4_fast m=10752 n=128 k=2048: 58 x 424.151 us = 24600.8 us (13287.2 GFLOPS/s)
MUL_MAT q4_0_rocmfp4_fast m=2048 n=128 k=10752: 29 x 570.259 us = 16537.5 us (9884.77 GFLOPS/s)
MUL_MAT q4_0_rocmfp4_fast m=2048 n=128 k=2048: 16 x 102.112 us = 1633.8 us (10512.7 GFLOPS/s)
MUL_MAT q4_0_rocmfp4_fast m=2048 n=32 k=2048 batch=4: 22 x 144.745 us = 3184.4 us (7416.33 GFLOPS/s)
MUL_MAT q4_0_rocmfp4_fast m=512 n=128 k=2048: 16 x 42.195 us = 675.12 us (6360.23 GFLOPS/s)
MUL_MAT q4_0_rocmfp4_fast m=6144 n=32 k=2048 batch=4: 22 x 354.343 us = 7795.56 us (9088.46 GFLOPS/s)
RMS_NORM_MUL RMS_NORM(2048,128,1,1): 59 x 10.163 us = 599.64 us
RMS_NORM_MUL_ROPE RMS_NORM(64,32,128,1): 8 x 107.475 us = 859.8 us
RMS_NORM_MUL_ROPE RMS_NORM(64,8,128,1): 8 x 32.69 us = 261.52 us
SET_ROWS: 16 x 2.652 us = 42.44 us
SSM_CONV: 22 x 9.701 us = 213.44 us
Total time: 61607.5 us.
----------------
Vulkan Timings:
ADD: 58 x 7.747 us = 449.36 us
CONCAT: 22 x 24.038 us = 528.84 us
CPY: 22 x 3.72 us = 81.84 us
FLASH_ATTN_EXT dst(64,32,32,4),  q(64,32,32,4),  k(64,1024,8,4),  v(64,1024,8,4),  m(1024,32,1,4): 8 x 283.455 us = 2267.64 us (3788.05 GFLOPS/s)
GET_ROWS: 22 x 2.82 us = 62.04 us
GLU: 29 x 37.972 us = 1101.2 us
MUL: 44 x 9.8 us = 431.24 us
MUL_MAT f32 m=64 n=1024 k=64: 16 x 8.95 us = 143.2 us (929.952 GFLOPS/s)
MUL_MAT f32 m=64 n=4096 k=64: 16 x 13.277 us = 212.44 us (2507.42 GFLOPS/s)
MUL_MAT q4_0_rocmfp4_fast m=10752 n=128 k=2048: 58 x 422.661 us = 24514.4 us (13334 GFLOPS/s)
MUL_MAT q4_0_rocmfp4_fast m=2048 n=128 k=10752: 29 x 573.365 us = 16627.6 us (9831.22 GFLOPS/s)
MUL_MAT q4_0_rocmfp4_fast m=2048 n=128 k=2048: 16 x 99.205 us = 1587.28 us (10820.8 GFLOPS/s)
MUL_MAT q4_0_rocmfp4_fast m=2048 n=32 k=2048 batch=4: 22 x 143.998 us = 3167.96 us (7454.81 GFLOPS/s)
MUL_MAT q4_0_rocmfp4_fast m=512 n=128 k=2048: 16 x 47.82 us = 765.12 us (5612.09 GFLOPS/s)
MUL_MAT q4_0_rocmfp4_fast m=6144 n=32 k=2048 batch=4: 22 x 356.801 us = 7849.64 us (9025.85 GFLOPS/s)
RMS_NORM_MUL RMS_NORM(2048,128,1,1): 59 x 10.153 us = 599.08 us
RMS_NORM_MUL_ROPE RMS_NORM(64,32,128,1): 8 x 105.89 us = 847.12 us
RMS_NORM_MUL_ROPE RMS_NORM(64,8,128,1): 8 x 32.83 us = 262.64 us
SET_ROWS: 16 x 2.685 us = 42.96 us
SSM_CONV: 22 x 9.71 us = 213.64 us
Total time: 61755.2 us.
----------------
Vulkan Timings:
ADD: 58 x 7.648 us = 443.64 us
CONCAT: 22 x 23.776 us = 523.08 us
CPY: 22 x 3.821 us = 84.08 us
FLASH_ATTN_EXT dst(64,32,32,4),  q(64,32,32,4),  k(64,1024,8,4),  v(64,1024,8,4),  m(1024,32,1,4): 8 x 289.275 us = 2314.2 us (3711.84 GFLOPS/s)
GET_ROWS: 22 x 2.756 us = 60.64 us
GLU: 29 x 39.973 us = 1159.24 us
MUL: 44 x 9.83 us = 432.52 us
MUL_MAT f32 m=64 n=1024 k=64: 16 x 8.88 us = 142.08 us (937.283 GFLOPS/s)
MUL_MAT f32 m=64 n=4096 k=64: 16 x 13.157 us = 210.52 us (2530.29 GFLOPS/s)
MUL_MAT q4_0_rocmfp4_fast m=10752 n=128 k=2048: 58 x 422.914 us = 24529 us (13326 GFLOPS/s)
MUL_MAT q4_0_rocmfp4_fast m=2048 n=128 k=10752: 29 x 573.853 us = 16641.8 us (9822.85 GFLOPS/s)
MUL_MAT q4_0_rocmfp4_fast m=2048 n=128 k=2048: 16 x 99.657 us = 1594.52 us (10771.7 GFLOPS/s)
MUL_MAT q4_0_rocmfp4_fast m=2048 n=32 k=2048 batch=4: 22 x 144.254 us = 3173.6 us (7441.57 GFLOPS/s)
MUL_MAT q4_0_rocmfp4_fast m=512 n=128 k=2048: 16 x 42.81 us = 684.96 us (6268.86 GFLOPS/s)
MUL_MAT q4_0_rocmfp4_fast m=6144 n=32 k=2048 batch=4: 22 x 351.785 us = 7739.28 us (9154.55 GFLOPS/s)
RMS_NORM_MUL RMS_NORM(2048,128,1,1): 59 x 10.183 us = 600.84 us
RMS_NORM_MUL_ROPE RMS_NORM(64,32,128,1): 8 x 102.275 us = 818.2 us
RMS_NORM_MUL_ROPE RMS_NORM(64,8,128,1): 8 x 29.365 us = 234.92 us
SET_ROWS: 16 x 2.665 us = 42.64 us
SSM_CONV: 22 x 9.754 us = 214.6 us
Total time: 61644.4 us.
----------------
Vulkan Timings:
ADD: 58 x 8.09 us = 469.24 us
CONCAT: 22 x 22.24 us = 489.28 us
CPY: 22 x 3.821 us = 84.08 us
FLASH_ATTN_EXT dst(64,32,32,4),  q(64,32,32,4),  k(64,1024,8,4),  v(64,1024,8,4),  m(1024,32,1,4): 8 x 303.22 us = 2425.76 us (3541.13 GFLOPS/s)
GET_ROWS: 22 x 2.756 us = 60.64 us
GLU: 29 x 40.456 us = 1173.24 us
MUL: 44 x 10.019 us = 440.84 us
MUL_MAT f32 m=64 n=1024 k=64: 16 x 8.865 us = 141.84 us (938.869 GFLOPS/s)
MUL_MAT f32 m=64 n=4096 k=64: 16 x 13.187 us = 211 us (2524.53 GFLOPS/s)
MUL_MAT q4_0_rocmfp4_fast m=10752 n=128 k=2048: 58 x 421.913 us = 24471 us (13357.6 GFLOPS/s)
MUL_MAT q4_0_rocmfp4_fast m=2048 n=128 k=10752: 29 x 574.011 us = 16646.3 us (9820.16 GFLOPS/s)
MUL_MAT q4_0_rocmfp4_fast m=2048 n=128 k=2048: 16 x 96.285 us = 1540.56 us (11149 GFLOPS/s)
MUL_MAT q4_0_rocmfp4_fast m=2048 n=32 k=2048 batch=4: 22 x 141.643 us = 3116.16 us (7578.74 GFLOPS/s)
MUL_MAT q4_0_rocmfp4_fast m=512 n=128 k=2048: 16 x 44.112 us = 705.8 us (6083.76 GFLOPS/s)
MUL_MAT q4_0_rocmfp4_fast m=6144 n=32 k=2048 batch=4: 22 x 357.4 us = 7862.8 us (9010.74 GFLOPS/s)
RMS_NORM_MUL RMS_NORM(2048,128,1,1): 59 x 10.16 us = 599.48 us
RMS_NORM_MUL_ROPE RMS_NORM(64,32,128,1): 8 x 104.615 us = 836.92 us
RMS_NORM_MUL_ROPE RMS_NORM(64,8,128,1): 8 x 29.365 us = 234.92 us
SET_ROWS: 16 x 2.682 us = 42.92 us
SSM_CONV: 22 x 9.747 us = 214.44 us
Total time: 61767.2 us.
----------------
Vulkan Timings:
ADD: 58 x 7.884 us = 457.32 us
CONCAT: 22 x 22.127 us = 486.8 us
CPY: 22 x 3.776 us = 83.08 us
FLASH_ATTN_EXT dst(64,32,32,4),  q(64,32,32,4),  k(64,1024,8,4),  v(64,1024,8,4),  m(1024,32,1,4): 8 x 307.195 us = 2457.56 us (3495.31 GFLOPS/s)
GET_ROWS: 22 x 2.756 us = 60.64 us
GLU: 29 x 38.633 us = 1120.36 us
MUL: 44 x 9.616 us = 423.12 us
MUL_MAT f32 m=64 n=1024 k=64: 16 x 8.875 us = 142 us (937.811 GFLOPS/s)
MUL_MAT f32 m=64 n=4096 k=64: 16 x 13.152 us = 210.44 us (2531.25 GFLOPS/s)
MUL_MAT q4_0_rocmfp4_fast m=10752 n=128 k=2048: 58 x 424.426 us = 24616.7 us (13278.6 GFLOPS/s)
MUL_MAT q4_0_rocmfp4_fast m=2048 n=128 k=10752: 29 x 574.79 us = 16668.9 us (9806.85 GFLOPS/s)
MUL_MAT q4_0_rocmfp4_fast m=2048 n=128 k=2048: 16 x 97.715 us = 1563.44 us (10985.8 GFLOPS/s)
MUL_MAT q4_0_rocmfp4_fast m=2048 n=32 k=2048 batch=4: 22 x 141.783 us = 3119.24 us (7571.25 GFLOPS/s)
MUL_MAT q4_0_rocmfp4_fast m=512 n=128 k=2048: 16 x 46.595 us = 745.52 us (5759.63 GFLOPS/s)
MUL_MAT q4_0_rocmfp4_fast m=6144 n=32 k=2048 batch=4: 22 x 353.649 us = 7780.28 us (9106.31 GFLOPS/s)
RMS_NORM_MUL RMS_NORM(2048,128,1,1): 59 x 10.49 us = 618.92 us
RMS_NORM_MUL_ROPE RMS_NORM(64,32,128,1): 8 x 104.085 us = 832.68 us
RMS_NORM_MUL_ROPE RMS_NORM(64,8,128,1): 8 x 31.16 us = 249.28 us
SET_ROWS: 16 x 2.665 us = 42.64 us
SSM_CONV: 22 x 9.707 us = 213.56 us
Total time: 61892.5 us.
----------------
Vulkan Timings:
ADD: 58 x 7.701 us = 446.68 us
CONCAT: 22 x 22.232 us = 489.12 us
CPY: 22 x 3.836 us = 84.4 us
FLASH_ATTN_EXT dst(64,32,32,4),  q(64,32,32,4),  k(64,1024,8,4),  v(64,1024,8,4),  m(1024,32,1,4): 8 x 313.2 us = 2505.6 us (3428.29 GFLOPS/s)
GET_ROWS: 22 x 2.754 us = 60.6 us
GLU: 29 x 40.659 us = 1179.12 us
MUL: 44 x 9.792 us = 430.88 us
MUL_MAT f32 m=64 n=1024 k=64: 16 x 8.9 us = 142.4 us (935.177 GFLOPS/s)
MUL_MAT f32 m=64 n=4096 k=64: 16 x 13.105 us = 209.68 us (2540.43 GFLOPS/s)
MUL_MAT q4_0_rocmfp4_fast m=10752 n=128 k=2048: 58 x 422.514 us = 24505.8 us (13338.6 GFLOPS/s)
MUL_MAT q4_0_rocmfp4_fast m=2048 n=128 k=10752: 29 x 573.937 us = 16644.2 us (9821.41 GFLOPS/s)
MUL_MAT q4_0_rocmfp4_fast m=2048 n=128 k=2048: 16 x 100.652 us = 1610.44 us (10665.2 GFLOPS/s)
MUL_MAT q4_0_rocmfp4_fast m=2048 n=32 k=2048 batch=4: 22 x 142.829 us = 3142.24 us (7515.83 GFLOPS/s)
MUL_MAT q4_0_rocmfp4_fast m=512 n=128 k=2048: 16 x 43.13 us = 690.08 us (6222.35 GFLOPS/s)
MUL_MAT q4_0_rocmfp4_fast m=6144 n=32 k=2048 batch=4: 22 x 354.147 us = 7791.24 us (9093.5 GFLOPS/s)
RMS_NORM_MUL RMS_NORM(2048,128,1,1): 59 x 10.199 us = 601.76 us
RMS_NORM_MUL_ROPE RMS_NORM(64,32,128,1): 8 x 102.175 us = 817.4 us
RMS_NORM_MUL_ROPE RMS_NORM(64,8,128,1): 8 x 31.12 us = 248.96 us
SET_ROWS: 16 x 2.637 us = 42.2 us
SSM_CONV: 22 x 9.674 us = 212.84 us
Total time: 61855.7 us.
----------------
Vulkan Timings:
ADD: 58 x 7.937 us = 460.4 us
CONCAT: 22 x 23.001 us = 506.04 us
CPY: 22 x 3.807 us = 83.76 us
FLASH_ATTN_EXT dst(64,32,32,4),  q(64,32,32,4),  k(64,1024,8,4),  v(64,1024,8,4),  m(1024,32,1,4): 8 x 316.19 us = 2529.52 us (3395.88 GFLOPS/s)
GET_ROWS: 22 x 2.75 us = 60.52 us
GLU: 29 x 38.711 us = 1122.64 us
MUL: 44 x 10.397 us = 457.48 us
MUL_MAT f32 m=64 n=1024 k=64: 16 x 8.922 us = 142.76 us (932.818 GFLOPS/s)
MUL_MAT f32 m=64 n=4096 k=64: 16 x 13.102 us = 209.64 us (2540.91 GFLOPS/s)
MUL_MAT q4_0_rocmfp4_fast m=10752 n=128 k=2048: 58 x 423.441 us = 24559.6 us (13309.4 GFLOPS/s)
MUL_MAT q4_0_rocmfp4_fast m=2048 n=128 k=10752: 29 x 571.91 us = 16585.4 us (9856.23 GFLOPS/s)
MUL_MAT q4_0_rocmfp4_fast m=2048 n=128 k=2048: 16 x 98.515 us = 1576.24 us (10896.6 GFLOPS/s)
MUL_MAT q4_0_rocmfp4_fast m=2048 n=32 k=2048 batch=4: 22 x 141.085 us = 3103.88 us (7608.72 GFLOPS/s)
MUL_MAT q4_0_rocmfp4_fast m=512 n=128 k=2048: 16 x 44.122 us = 705.96 us (6082.38 GFLOPS/s)
MUL_MAT q4_0_rocmfp4_fast m=6144 n=32 k=2048 batch=4: 22 x 351.863 us = 7741 us (9152.52 GFLOPS/s)
RMS_NORM_MUL RMS_NORM(2048,128,1,1): 59 x 10.148 us = 598.76 us
RMS_NORM_MUL_ROPE RMS_NORM(64,32,128,1): 8 x 100.51 us = 804.08 us
RMS_NORM_MUL_ROPE RMS_NORM(64,8,128,1): 8 x 27.5 us = 220 us
SET_ROWS: 16 x 2.637 us = 42.2 us
SSM_CONV: 22 x 9.698 us = 213.36 us
Total time: 61723.2 us.
----------------
Vulkan Timings:
ADD: 58 x 8.453 us = 490.28 us
CONCAT: 22 x 22.18 us = 487.96 us
CPY: 22 x 3.781 us = 83.2 us
FLASH_ATTN_EXT dst(64,32,32,4),  q(64,32,32,4),  k(64,1280,8,4),  v(64,1280,8,4),  m(1280,32,1,4): 8 x 281.35 us = 2250.8 us (4770.49 GFLOPS/s)
GET_ROWS: 22 x 2.774 us = 61.04 us
GLU: 29 x 38.841 us = 1126.4 us
MUL: 44 x 9.91 us = 436.08 us
MUL_MAT f32 m=64 n=1024 k=64: 16 x 8.892 us = 142.28 us (935.965 GFLOPS/s)
MUL_MAT f32 m=64 n=4096 k=64: 16 x 13.447 us = 215.16 us (2475.72 GFLOPS/s)
MUL_MAT q4_0_rocmfp4_fast m=10752 n=128 k=2048: 58 x 426.016 us = 24709 us (13229 GFLOPS/s)
MUL_MAT q4_0_rocmfp4_fast m=2048 n=128 k=10752: 29 x 573.77 us = 16639.3 us (9824.29 GFLOPS/s)
MUL_MAT q4_0_rocmfp4_fast m=2048 n=128 k=2048: 16 x 97.29 us = 1556.64 us (11033.8 GFLOPS/s)
MUL_MAT q4_0_rocmfp4_fast m=2048 n=32 k=2048 batch=4: 22 x 144.13 us = 3170.88 us (7447.95 GFLOPS/s)
MUL_MAT q4_0_rocmfp4_fast m=512 n=128 k=2048: 16 x 45.21 us = 723.36 us (5936.07 GFLOPS/s)
MUL_MAT q4_0_rocmfp4_fast m=6144 n=32 k=2048 batch=4: 22 x 350.16 us = 7703.52 us (9197.05 GFLOPS/s)
RMS_NORM_MUL RMS_NORM(2048,128,1,1): 59 x 10.511 us = 620.16 us
RMS_NORM_MUL_ROPE RMS_NORM(64,32,128,1): 8 x 102.285 us = 818.28 us
RMS_NORM_MUL_ROPE RMS_NORM(64,8,128,1): 8 x 29.725 us = 237.8 us
SET_ROWS: 16 x 3.11 us = 49.76 us
SSM_CONV: 22 x 9.73 us = 214.08 us
Total time: 61736 us.
----------------
Vulkan Timings:
ADD: 58 x 8.271 us = 479.76 us
CONCAT: 22 x 22.198 us = 488.36 us
CPY: 22 x 3.787 us = 83.32 us
FLASH_ATTN_EXT dst(64,32,32,4),  q(64,32,32,4),  k(64,1280,8,4),  v(64,1280,8,4),  m(1280,32,1,4): 8 x 289.21 us = 2313.68 us (4640.84 GFLOPS/s)
GET_ROWS: 22 x 2.732 us = 60.12 us
GLU: 29 x 37.641 us = 1091.6 us
MUL: 44 x 10.393 us = 457.32 us
MUL_MAT f32 m=64 n=1024 k=64: 16 x 8.902 us = 142.44 us (934.914 GFLOPS/s)
MUL_MAT f32 m=64 n=4096 k=64: 16 x 13.55 us = 216.8 us (2457 GFLOPS/s)
MUL_MAT q4_0_rocmfp4_fast m=10752 n=128 k=2048: 58 x 425.113 us = 24656.6 us (13257.1 GFLOPS/s)
MUL_MAT q4_0_rocmfp4_fast m=2048 n=128 k=10752: 29 x 571.704 us = 16579.4 us (9859.78 GFLOPS/s)
MUL_MAT q4_0_rocmfp4_fast m=2048 n=128 k=2048: 16 x 104.9 us = 1678.4 us (10233.4 GFLOPS/s)
MUL_MAT q4_0_rocmfp4_fast m=2048 n=32 k=2048 batch=4: 22 x 139.71 us = 3073.64 us (7683.58 GFLOPS/s)
MUL_MAT q4_0_rocmfp4_fast m=512 n=128 k=2048: 16 x 40.182 us = 642.92 us (6678.78 GFLOPS/s)
MUL_MAT q4_0_rocmfp4_fast m=6144 n=32 k=2048 batch=4: 22 x 348.578 us = 7668.72 us (9238.79 GFLOPS/s)
RMS_NORM_MUL RMS_NORM(2048,128,1,1): 59 x 10.164 us = 599.72 us
RMS_NORM_MUL_ROPE RMS_NORM(64,32,128,1): 8 x 102.23 us = 817.84 us
RMS_NORM_MUL_ROPE RMS_NORM(64,8,128,1): 8 x 29.285 us = 234.28 us
SET_ROWS: 16 x 3.042 us = 48.68 us
SSM_CONV: 22 x 9.718 us = 213.8 us
Total time: 61547.4 us.
----------------
Vulkan Timings:
ADD: 58 x 7.801 us = 452.48 us
CONCAT: 22 x 22.298 us = 490.56 us
CPY: 22 x 3.821 us = 84.08 us
FLASH_ATTN_EXT dst(64,32,32,4),  q(64,32,32,4),  k(64,1280,8,4),  v(64,1280,8,4),  m(1280,32,1,4): 8 x 297.03 us = 2376.24 us (4518.66 GFLOPS/s)
GET_ROWS: 22 x 2.772 us = 61 us
GLU: 29 x 38.662 us = 1121.2 us
MUL: 44 x 10.07 us = 443.12 us
MUL_MAT f32 m=64 n=1024 k=64: 16 x 8.947 us = 143.16 us (930.212 GFLOPS/s)
MUL_MAT f32 m=64 n=4096 k=64: 16 x 13.505 us = 216.08 us (2465.18 GFLOPS/s)
MUL_MAT q4_0_rocmfp4_fast m=10752 n=128 k=2048: 58 x 424.575 us = 24625.4 us (13273.9 GFLOPS/s)
MUL_MAT q4_0_rocmfp4_fast m=2048 n=128 k=10752: 29 x 571.324 us = 16568.4 us (9866.35 GFLOPS/s)
MUL_MAT q4_0_rocmfp4_fast m=2048 n=128 k=2048: 16 x 97.257 us = 1556.12 us (11037.5 GFLOPS/s)
MUL_MAT q4_0_rocmfp4_fast m=2048 n=32 k=2048 batch=4: 22 x 144.323 us = 3175.12 us (7438 GFLOPS/s)
MUL_MAT q4_0_rocmfp4_fast m=512 n=128 k=2048: 16 x 45.097 us = 721.56 us (5950.88 GFLOPS/s)
MUL_MAT q4_0_rocmfp4_fast m=6144 n=32 k=2048 batch=4: 22 x 350.592 us = 7713.04 us (9185.7 GFLOPS/s)
RMS_NORM_MUL RMS_NORM(2048,128,1,1): 59 x 10.172 us = 600.16 us
RMS_NORM_MUL_ROPE RMS_NORM(64,32,128,1): 8 x 102.23 us = 817.84 us
RMS_NORM_MUL_ROPE RMS_NORM(64,8,128,1): 8 x 29.37 us = 234.96 us
SET_ROWS: 16 x 2.89 us = 46.24 us
SSM_CONV: 22 x 9.756 us = 214.64 us
Total time: 61661.4 us.
----------------
Vulkan Timings:
ADD: 58 x 7.368 us = 427.36 us
CONCAT: 22 x 22.192 us = 488.24 us
CPY: 22 x 3.823 us = 84.12 us
FLASH_ATTN_EXT dst(64,32,32,4),  q(64,32,32,4),  k(64,1280,8,4),  v(64,1280,8,4),  m(1280,32,1,4): 8 x 304.735 us = 2437.88 us (4404.41 GFLOPS/s)
GET_ROWS: 22 x 2.73 us = 60.08 us
GLU: 29 x 39.685 us = 1150.88 us
MUL: 44 x 9.813 us = 431.8 us
MUL_MAT f32 m=64 n=1024 k=64: 16 x 8.907 us = 142.52 us (934.389 GFLOPS/s)
MUL_MAT f32 m=64 n=4096 k=64: 16 x 13.465 us = 215.44 us (2472.51 GFLOPS/s)
MUL_MAT q4_0_rocmfp4_fast m=10752 n=128 k=2048: 58 x 425.799 us = 24696.4 us (13235.7 GFLOPS/s)
MUL_MAT q4_0_rocmfp4_fast m=2048 n=128 k=10752: 29 x 569.285 us = 16509.3 us (9901.68 GFLOPS/s)
MUL_MAT q4_0_rocmfp4_fast m=2048 n=128 k=2048: 16 x 102.675 us = 1642.8 us (10455.1 GFLOPS/s)
MUL_MAT q4_0_rocmfp4_fast m=2048 n=32 k=2048 batch=4: 22 x 142.238 us = 3129.24 us (7547.06 GFLOPS/s)
MUL_MAT q4_0_rocmfp4_fast m=512 n=128 k=2048: 16 x 42.385 us = 678.16 us (6331.72 GFLOPS/s)
MUL_MAT q4_0_rocmfp4_fast m=6144 n=32 k=2048 batch=4: 22 x 356.414 us = 7841.12 us (9035.66 GFLOPS/s)
RMS_NORM_MUL RMS_NORM(2048,128,1,1): 59 x 10.147 us = 598.72 us
RMS_NORM_MUL_ROPE RMS_NORM(64,32,128,1): 8 x 100.36 us = 802.88 us
RMS_NORM_MUL_ROPE RMS_NORM(64,8,128,1): 8 x 27.53 us = 220.24 us
SET_ROWS: 16 x 3.035 us = 48.56 us
SSM_CONV: 22 x 9.745 us = 214.4 us
Total time: 61820.1 us.
----------------
Vulkan Timings:
ADD: 58 x 7.887 us = 457.48 us
CONCAT: 22 x 22.934 us = 504.56 us
CPY: 22 x 3.789 us = 83.36 us
FLASH_ATTN_EXT dst(64,32,32,4),  q(64,32,32,4),  k(64,1280,8,4),  v(64,1280,8,4),  m(1280,32,1,4): 8 x 309.82 us = 2478.56 us (4332.12 GFLOPS/s)
GET_ROWS: 22 x 2.79 us = 61.4 us
GLU: 29 x 39.805 us = 1154.36 us
MUL: 44 x 9.715 us = 427.48 us
MUL_MAT f32 m=64 n=1024 k=64: 16 x 8.79 us = 140.64 us (946.88 GFLOPS/s)
MUL_MAT f32 m=64 n=4096 k=64: 16 x 13.487 us = 215.8 us (2468.38 GFLOPS/s)
MUL_MAT q4_0_rocmfp4_fast m=10752 n=128 k=2048: 58 x 422.675 us = 24515.2 us (13333.6 GFLOPS/s)
MUL_MAT q4_0_rocmfp4_fast m=2048 n=128 k=10752: 29 x 568.747 us = 16493.7 us (9911.04 GFLOPS/s)
MUL_MAT q4_0_rocmfp4_fast m=2048 n=128 k=2048: 16 x 101.13 us = 1618.08 us (10614.8 GFLOPS/s)
MUL_MAT q4_0_rocmfp4_fast m=2048 n=32 k=2048 batch=4: 22 x 144.37 us = 3176.16 us (7435.57 GFLOPS/s)
MUL_MAT q4_0_rocmfp4_fast m=512 n=128 k=2048: 16 x 44.065 us = 705.04 us (6090.32 GFLOPS/s)
MUL_MAT q4_0_rocmfp4_fast m=6144 n=32 k=2048 batch=4: 22 x 350.652 us = 7714.36 us (9184.13 GFLOPS/s)
RMS_NORM_MUL RMS_NORM(2048,128,1,1): 59 x 10.519 us = 620.64 us
RMS_NORM_MUL_ROPE RMS_NORM(64,32,128,1): 8 x 103.48 us = 827.84 us
RMS_NORM_MUL_ROPE RMS_NORM(64,8,128,1): 8 x 27.49 us = 219.92 us
SET_ROWS: 16 x 3.052 us = 48.84 us
SSM_CONV: 22 x 9.801 us = 215.64 us
Total time: 61679 us.
----------------
Vulkan Timings:
ADD: 58 x 7.224 us = 419 us
CONCAT: 22 x 23.036 us = 506.8 us
CPY: 22 x 3.83 us = 84.28 us
FLASH_ATTN_EXT dst(64,32,32,4),  q(64,32,32,4),  k(64,1280,8,4),  v(64,1280,8,4),  m(1280,32,1,4): 8 x 316.285 us = 2530.28 us (4243.57 GFLOPS/s)
GET_ROWS: 22 x 2.77 us = 60.96 us
GLU: 29 x 40.314 us = 1169.12 us
MUL: 44 x 10.43 us = 458.96 us
MUL_MAT f32 m=64 n=1024 k=64: 16 x 8.935 us = 142.96 us (931.513 GFLOPS/s)
MUL_MAT f32 m=64 n=4096 k=64: 16 x 13.47 us = 215.52 us (2471.59 GFLOPS/s)
MUL_MAT q4_0_rocmfp4_fast m=10752 n=128 k=2048: 58 x 423.592 us = 24568.4 us (13304.7 GFLOPS/s)
MUL_MAT q4_0_rocmfp4_fast m=2048 n=128 k=10752: 29 x 573.742 us = 16638.5 us (9824.77 GFLOPS/s)
MUL_MAT q4_0_rocmfp4_fast m=2048 n=128 k=2048: 16 x 103.015 us = 1648.24 us (10420.6 GFLOPS/s)
MUL_MAT q4_0_rocmfp4_fast m=2048 n=32 k=2048 batch=4: 22 x 142.82 us = 3142.04 us (7516.31 GFLOPS/s)
MUL_MAT q4_0_rocmfp4_fast m=512 n=128 k=2048: 16 x 40.055 us = 640.88 us (6700.04 GFLOPS/s)
MUL_MAT q4_0_rocmfp4_fast m=6144 n=32 k=2048 batch=4: 22 x 351.94 us = 7742.68 us (9150.53 GFLOPS/s)
RMS_NORM_MUL RMS_NORM(2048,128,1,1): 59 x 10.179 us = 600.6 us
RMS_NORM_MUL_ROPE RMS_NORM(64,32,128,1): 8 x 102.72 us = 821.76 us
RMS_NORM_MUL_ROPE RMS_NORM(64,8,128,1): 8 x 31.125 us = 249 us
SET_ROWS: 16 x 3.11 us = 49.76 us
SSM_CONV: 22 x 9.743 us = 214.36 us
Total time: 61904.1 us.
----------------
Vulkan Timings:
ADD: 58 x 7.845 us = 455.04 us
CONCAT: 22 x 22.996 us = 505.92 us
CPY: 22 x 3.807 us = 83.76 us
FLASH_ATTN_EXT dst(64,32,32,4),  q(64,32,32,4),  k(64,1280,8,4),  v(64,1280,8,4),  m(1280,32,1,4): 8 x 323.375 us = 2587 us (4150.53 GFLOPS/s)
GET_ROWS: 22 x 2.803 us = 61.68 us
GLU: 29 x 38.288 us = 1110.36 us
MUL: 44 x 9.902 us = 435.72 us
MUL_MAT f32 m=64 n=1024 k=64: 16 x 8.907 us = 142.52 us (934.389 GFLOPS/s)
MUL_MAT f32 m=64 n=4096 k=64: 16 x 13.442 us = 215.08 us (2476.64 GFLOPS/s)
MUL_MAT q4_0_rocmfp4_fast m=10752 n=128 k=2048: 58 x 424.225 us = 24605.1 us (13284.8 GFLOPS/s)
MUL_MAT q4_0_rocmfp4_fast m=2048 n=128 k=10752: 29 x 572.597 us = 16605.3 us (9844.41 GFLOPS/s)
MUL_MAT q4_0_rocmfp4_fast m=2048 n=128 k=2048: 16 x 106.087 us = 1697.4 us (10118.8 GFLOPS/s)
MUL_MAT q4_0_rocmfp4_fast m=2048 n=32 k=2048 batch=4: 22 x 142.66 us = 3138.52 us (7524.74 GFLOPS/s)
MUL_MAT q4_0_rocmfp4_fast m=512 n=128 k=2048: 16 x 44.367 us = 709.88 us (6048.8 GFLOPS/s)
MUL_MAT q4_0_rocmfp4_fast m=6144 n=32 k=2048 batch=4: 22 x 354.909 us = 7808 us (9073.98 GFLOPS/s)
RMS_NORM_MUL RMS_NORM(2048,128,1,1): 59 x 10.294 us = 607.36 us
RMS_NORM_MUL_ROPE RMS_NORM(64,32,128,1): 8 x 105.925 us = 847.4 us
RMS_NORM_MUL_ROPE RMS_NORM(64,8,128,1): 8 x 33.225 us = 265.8 us
SET_ROWS: 16 x 3.185 us = 50.96 us
SSM_CONV: 22 x 9.785 us = 215.28 us
Total time: 62148.1 us.
----------------
Vulkan Timings:
ADD: 58 x 6.825 us = 395.88 us
CONCAT: 22 x 23.827 us = 524.2 us
CPY: 22 x 3.841 us = 84.52 us
FLASH_ATTN_EXT dst(64,32,32,4),  q(64,32,32,4),  k(64,1280,8,4),  v(64,1280,8,4),  m(1280,32,1,4): 8 x 336.575 us = 2692.6 us (3987.75 GFLOPS/s)
GET_ROWS: 22 x 2.816 us = 61.96 us
GLU: 29 x 38.473 us = 1115.72 us
MUL: 44 x 9.24 us = 406.56 us
MUL_MAT f32 m=64 n=1024 k=64: 16 x 8.9 us = 142.4 us (935.177 GFLOPS/s)
MUL_MAT f32 m=64 n=4096 k=64: 16 x 13.4 us = 214.4 us (2484.5 GFLOPS/s)
MUL_MAT q4_0_rocmfp4_fast m=10752 n=128 k=2048: 58 x 426.263 us = 24723.3 us (13221.3 GFLOPS/s)
MUL_MAT q4_0_rocmfp4_fast m=2048 n=128 k=10752: 29 x 572.237 us = 16594.9 us (9850.6 GFLOPS/s)
MUL_MAT q4_0_rocmfp4_fast m=2048 n=128 k=2048: 16 x 99.287 us = 1588.6 us (10811.8 GFLOPS/s)
MUL_MAT q4_0_rocmfp4_fast m=2048 n=32 k=2048 batch=4: 22 x 143.94 us = 3166.68 us (7457.83 GFLOPS/s)
MUL_MAT q4_0_rocmfp4_fast m=512 n=128 k=2048: 16 x 44.88 us = 718.08 us (5979.72 GFLOPS/s)
MUL_MAT q4_0_rocmfp4_fast m=6144 n=32 k=2048 batch=4: 22 x 359.161 us = 7901.56 us (8966.54 GFLOPS/s)
RMS_NORM_MUL RMS_NORM(2048,128,1,1): 59 x 10.347 us = 610.48 us
RMS_NORM_MUL_ROPE RMS_NORM(64,32,128,1): 8 x 104.085 us = 832.68 us
RMS_NORM_MUL_ROPE RMS_NORM(64,8,128,1): 8 x 32.05 us = 256.4 us
SET_ROWS: 16 x 3.282 us = 52.52 us
SSM_CONV: 22 x 9.767 us = 214.88 us
Total time: 62298.3 us.
----------------
Vulkan Timings:
ADD: 58 x 8.153 us = 472.88 us
CONCAT: 22 x 21.43 us = 471.48 us
CPY: 22 x 3.79 us = 83.4 us
FLASH_ATTN_EXT dst(64,32,32,4),  q(64,32,32,4),  k(64,1536,8,4),  v(64,1536,8,4),  m(1536,32,1,4): 8 x 341.14 us = 2729.12 us (4721.27 GFLOPS/s)
GET_ROWS: 22 x 2.798 us = 61.56 us
GLU: 29 x 38.402 us = 1113.68 us
MUL: 44 x 10.05 us = 442.2 us
MUL_MAT f32 m=64 n=1024 k=64: 16 x 9.105 us = 145.68 us (914.121 GFLOPS/s)
MUL_MAT f32 m=64 n=4096 k=64: 16 x 13.457 us = 215.32 us (2473.88 GFLOPS/s)
MUL_MAT q4_0_rocmfp4_fast m=10752 n=128 k=2048: 58 x 422.319 us = 24494.5 us (13344.8 GFLOPS/s)
MUL_MAT q4_0_rocmfp4_fast m=2048 n=128 k=10752: 29 x 575.871 us = 16700.3 us (9788.43 GFLOPS/s)
MUL_MAT q4_0_rocmfp4_fast m=2048 n=128 k=2048: 16 x 106.725 us = 1707.6 us (10058.4 GFLOPS/s)
MUL_MAT q4_0_rocmfp4_fast m=2048 n=32 k=2048 batch=4: 22 x 141.07 us = 3103.56 us (7609.5 GFLOPS/s)
MUL_MAT q4_0_rocmfp4_fast m=512 n=128 k=2048: 16 x 39.787 us = 636.6 us (6745.08 GFLOPS/s)
MUL_MAT q4_0_rocmfp4_fast m=6144 n=32 k=2048 batch=4: 22 x 350.143 us = 7703.16 us (9197.48 GFLOPS/s)
RMS_NORM_MUL RMS_NORM(2048,128,1,1): 59 x 10.166 us = 599.8 us
RMS_NORM_MUL_ROPE RMS_NORM(64,32,128,1): 8 x 108.37 us = 866.96 us
RMS_NORM_MUL_ROPE RMS_NORM(64,8,128,1): 8 x 31.23 us = 249.84 us
SET_ROWS: 16 x 3.145 us = 50.32 us
SSM_CONV: 22 x 9.747 us = 214.44 us
Total time: 62062.4 us.
----------------
Vulkan Timings:
ADD: 58 x 8.117 us = 470.8 us
CONCAT: 22 x 24.661 us = 542.56 us
CPY: 22 x 3.878 us = 85.32 us
FLASH_ATTN_EXT dst(64,32,32,4),  q(64,32,32,4),  k(64,1536,8,4),  v(64,1536,8,4),  m(1536,32,1,4): 8 x 351.405 us = 2811.24 us (4583.35 GFLOPS/s)
GET_ROWS: 22 x 2.769 us = 60.92 us
GLU: 29 x 38.569 us = 1118.52 us
MUL: 44 x 9.68 us = 425.96 us
MUL_MAT f32 m=64 n=1024 k=64: 16 x 8.917 us = 142.68 us (933.341 GFLOPS/s)
MUL_MAT f32 m=64 n=4096 k=64: 16 x 13.55 us = 216.8 us (2457 GFLOPS/s)
MUL_MAT q4_0_rocmfp4_fast m=10752 n=128 k=2048: 58 x 427.002 us = 24766.2 us (13198.4 GFLOPS/s)
MUL_MAT q4_0_rocmfp4_fast m=2048 n=128 k=10752: 29 x 571.117 us = 16562.4 us (9869.92 GFLOPS/s)
MUL_MAT q4_0_rocmfp4_fast m=2048 n=128 k=2048: 16 x 98.55 us = 1576.8 us (10892.7 GFLOPS/s)
MUL_MAT q4_0_rocmfp4_fast m=2048 n=32 k=2048 batch=4: 22 x 139.792 us = 3075.44 us (7679.08 GFLOPS/s)
MUL_MAT q4_0_rocmfp4_fast m=512 n=128 k=2048: 16 x 44.097 us = 705.56 us (6085.83 GFLOPS/s)
MUL_MAT q4_0_rocmfp4_fast m=6144 n=32 k=2048 batch=4: 22 x 352.656 us = 7758.44 us (9131.95 GFLOPS/s)
RMS_NORM_MUL RMS_NORM(2048,128,1,1): 59 x 10.151 us = 598.96 us
RMS_NORM_MUL_ROPE RMS_NORM(64,32,128,1): 8 x 100.28 us = 802.24 us
RMS_NORM_MUL_ROPE RMS_NORM(64,8,128,1): 8 x 27.445 us = 219.56 us
SET_ROWS: 16 x 2.95 us = 47.2 us
SSM_CONV: 22 x 9.718 us = 213.8 us
Total time: 62201.4 us.
----------------
Vulkan Timings:
ADD: 58 x 7.322 us = 424.68 us
CONCAT: 22 x 22.343 us = 491.56 us
CPY: 22 x 3.732 us = 82.12 us
FLASH_ATTN_EXT dst(64,32,32,4),  q(64,32,32,4),  k(64,1536,8,4),  v(64,1536,8,4),  m(1536,32,1,4): 8 x 358.125 us = 2865 us (4497.35 GFLOPS/s)
GET_ROWS: 22 x 2.763 us = 60.8 us
GLU: 29 x 38.82 us = 1125.8 us
MUL: 44 x 10.371 us = 456.36 us
MUL_MAT f32 m=64 n=1024 k=64: 16 x 8.937 us = 143 us (931.253 GFLOPS/s)
MUL_MAT f32 m=64 n=4096 k=64: 16 x 13.462 us = 215.4 us (2472.96 GFLOPS/s)
MUL_MAT q4_0_rocmfp4_fast m=10752 n=128 k=2048: 58 x 420.9 us = 24412.2 us (13389.8 GFLOPS/s)
MUL_MAT q4_0_rocmfp4_fast m=2048 n=128 k=10752: 29 x 572.942 us = 16615.3 us (9838.49 GFLOPS/s)
MUL_MAT q4_0_rocmfp4_fast m=2048 n=128 k=2048: 16 x 108.11 us = 1729.76 us (9929.51 GFLOPS/s)
MUL_MAT q4_0_rocmfp4_fast m=2048 n=32 k=2048 batch=4: 22 x 142.801 us = 3141.64 us (7517.27 GFLOPS/s)
MUL_MAT q4_0_rocmfp4_fast m=512 n=128 k=2048: 16 x 36.7 us = 587.2 us (7312.53 GFLOPS/s)
MUL_MAT q4_0_rocmfp4_fast m=6144 n=32 k=2048 batch=4: 22 x 355.054 us = 7811.2 us (9070.27 GFLOPS/s)
RMS_NORM_MUL RMS_NORM(2048,128,1,1): 59 x 10.183 us = 600.8 us
RMS_NORM_MUL_ROPE RMS_NORM(64,32,128,1): 8 x 102.28 us = 818.24 us
RMS_NORM_MUL_ROPE RMS_NORM(64,8,128,1): 8 x 28.36 us = 226.88 us
SET_ROWS: 16 x 2.972 us = 47.56 us
SSM_CONV: 22 x 9.723 us = 213.92 us
Total time: 62069.5 us.
----------------
Vulkan Timings:
ADD: 58 x 7.544 us = 437.56 us
CONCAT: 22 x 21.407 us = 470.96 us
CPY: 22 x 3.827 us = 84.2 us
FLASH_ATTN_EXT dst(64,32,32,4),  q(64,32,32,4),  k(64,1536,8,4),  v(64,1536,8,4),  m(1536,32,1,4): 8 x 364.2 us = 2913.6 us (4422.33 GFLOPS/s)
GET_ROWS: 22 x 2.796 us = 61.52 us
GLU: 29 x 39.22 us = 1137.4 us
MUL: 44 x 10.615 us = 467.08 us
MUL_MAT f32 m=64 n=1024 k=64: 16 x 8.902 us = 142.44 us (934.914 GFLOPS/s)
MUL_MAT f32 m=64 n=4096 k=64: 16 x 13.532 us = 216.52 us (2460.17 GFLOPS/s)
MUL_MAT q4_0_rocmfp4_fast m=10752 n=128 k=2048: 58 x 422.9 us = 24528.2 us (13326.5 GFLOPS/s)
MUL_MAT q4_0_rocmfp4_fast m=2048 n=128 k=10752: 29 x 572.918 us = 16614.6 us (9838.89 GFLOPS/s)
MUL_MAT q4_0_rocmfp4_fast m=2048 n=128 k=2048: 16 x 102.235 us = 1635.76 us (10500.1 GFLOPS/s)
MUL_MAT q4_0_rocmfp4_fast m=2048 n=32 k=2048 batch=4: 22 x 142.292 us = 3130.44 us (7544.16 GFLOPS/s)
MUL_MAT q4_0_rocmfp4_fast m=512 n=128 k=2048: 16 x 44.472 us = 711.56 us (6034.51 GFLOPS/s)
MUL_MAT q4_0_rocmfp4_fast m=6144 n=32 k=2048 batch=4: 22 x 353.301 us = 7772.64 us (9115.26 GFLOPS/s)
RMS_NORM_MUL RMS_NORM(2048,128,1,1): 59 x 10.378 us = 612.36 us
RMS_NORM_MUL_ROPE RMS_NORM(64,32,128,1): 8 x 105.925 us = 847.4 us
RMS_NORM_MUL_ROPE RMS_NORM(64,8,128,1): 8 x 30.995 us = 247.96 us
SET_ROWS: 16 x 3.205 us = 51.28 us
SSM_CONV: 22 x 9.734 us = 214.16 us
Total time: 62297.7 us.
----------------
Vulkan Timings:
ADD: 58 x 7.835 us = 454.48 us
CONCAT: 22 x 23.014 us = 506.32 us
CPY: 22 x 3.709 us = 81.6 us
FLASH_ATTN_EXT dst(64,32,32,4),  q(64,32,32,4),  k(64,1536,8,4),  v(64,1536,8,4),  m(1536,32,1,4): 8 x 374.31 us = 2994.48 us (4302.88 GFLOPS/s)
GET_ROWS: 22 x 2.79 us = 61.4 us
GLU: 29 x 38.812 us = 1125.56 us
MUL: 44 x 10.665 us = 469.28 us
MUL_MAT f32 m=64 n=1024 k=64: 16 x 8.932 us = 142.92 us (931.774 GFLOPS/s)
MUL_MAT f32 m=64 n=4096 k=64: 16 x 13.565 us = 217.04 us (2454.28 GFLOPS/s)
MUL_MAT q4_0_rocmfp4_fast m=10752 n=128 k=2048: 58 x 421.865 us = 24468.2 us (13359.2 GFLOPS/s)
MUL_MAT q4_0_rocmfp4_fast m=2048 n=128 k=10752: 29 x 575.133 us = 16678.9 us (9800.99 GFLOPS/s)
MUL_MAT q4_0_rocmfp4_fast m=2048 n=128 k=2048: 16 x 106.562 us = 1705 us (10073.7 GFLOPS/s)
MUL_MAT q4_0_rocmfp4_fast m=2048 n=32 k=2048 batch=4: 22 x 143.75 us = 3162.52 us (7467.64 GFLOPS/s)
MUL_MAT q4_0_rocmfp4_fast m=512 n=128 k=2048: 16 x 40.887 us = 654.2 us (6563.62 GFLOPS/s)
MUL_MAT q4_0_rocmfp4_fast m=6144 n=32 k=2048 batch=4: 22 x 352.125 us = 7746.76 us (9145.71 GFLOPS/s)
RMS_NORM_MUL RMS_NORM(2048,128,1,1): 59 x 10.238 us = 604.08 us
RMS_NORM_MUL_ROPE RMS_NORM(64,32,128,1): 8 x 107.87 us = 862.96 us
RMS_NORM_MUL_ROPE RMS_NORM(64,8,128,1): 8 x 32.91 us = 263.28 us
SET_ROWS: 16 x 3.155 us = 50.48 us
SSM_CONV: 22 x 9.745 us = 214.4 us
Total time: 62463.8 us.
----------------
Vulkan Timings:
ADD: 58 x 7.315 us = 424.28 us
CONCAT: 22 x 21.394 us = 470.68 us
CPY: 22 x 3.78 us = 83.16 us
FLASH_ATTN_EXT dst(64,32,32,4),  q(64,32,32,4),  k(64,1536,8,4),  v(64,1536,8,4),  m(1536,32,1,4): 8 x 378.8 us = 3030.4 us (4251.88 GFLOPS/s)
GET_ROWS: 22 x 2.809 us = 61.8 us
GLU: 29 x 39.64 us = 1149.56 us
MUL: 44 x 10.217 us = 449.56 us
MUL_MAT f32 m=64 n=1024 k=64: 16 x 8.91 us = 142.56 us (934.127 GFLOPS/s)
MUL_MAT f32 m=64 n=4096 k=64: 16 x 13.49 us = 215.84 us (2467.92 GFLOPS/s)
MUL_MAT q4_0_rocmfp4_fast m=10752 n=128 k=2048: 58 x 425.156 us = 24659.1 us (13255.7 GFLOPS/s)
MUL_MAT q4_0_rocmfp4_fast m=2048 n=128 k=10752: 29 x 574.342 us = 16655.9 us (9814.5 GFLOPS/s)
MUL_MAT q4_0_rocmfp4_fast m=2048 n=128 k=2048: 16 x 102.46 us = 1639.36 us (10477.1 GFLOPS/s)
MUL_MAT q4_0_rocmfp4_fast m=2048 n=32 k=2048 batch=4: 22 x 141.745 us = 3118.4 us (7573.29 GFLOPS/s)
MUL_MAT q4_0_rocmfp4_fast m=512 n=128 k=2048: 16 x 44.672 us = 714.76 us (6007.5 GFLOPS/s)
MUL_MAT q4_0_rocmfp4_fast m=6144 n=32 k=2048 batch=4: 22 x 350.661 us = 7714.56 us (9183.89 GFLOPS/s)
RMS_NORM_MUL RMS_NORM(2048,128,1,1): 59 x 10.385 us = 612.72 us
RMS_NORM_MUL_ROPE RMS_NORM(64,32,128,1): 8 x 105.98 us = 847.84 us
RMS_NORM_MUL_ROPE RMS_NORM(64,8,128,1): 8 x 34.895 us = 279.16 us
SET_ROWS: 16 x 3.135 us = 50.16 us
SSM_CONV: 22 x 9.732 us = 214.12 us
Total time: 62533.9 us.
----------------
Vulkan Timings:
ADD: 58 x 7.977 us = 462.68 us
CONCAT: 22 x 21.329 us = 469.24 us
CPY: 22 x 3.805 us = 83.72 us
FLASH_ATTN_EXT dst(64,32,32,4),  q(64,32,32,4),  k(64,1536,8,4),  v(64,1536,8,4),  m(1536,32,1,4): 8 x 387.015 us = 3096.12 us (4161.63 GFLOPS/s)
GET_ROWS: 22 x 2.798 us = 61.56 us
GLU: 29 x 38.878 us = 1127.48 us
MUL: 44 x 10.389 us = 457.12 us
MUL_MAT f32 m=64 n=1024 k=64: 16 x 8.892 us = 142.28 us (935.965 GFLOPS/s)
MUL_MAT f32 m=64 n=4096 k=64: 16 x 13.545 us = 216.72 us (2457.9 GFLOPS/s)
MUL_MAT q4_0_rocmfp4_fast m=10752 n=128 k=2048: 58 x 422.451 us = 24502.2 us (13340.6 GFLOPS/s)
MUL_MAT q4_0_rocmfp4_fast m=2048 n=128 k=10752: 29 x 574.699 us = 16666.3 us (9808.4 GFLOPS/s)
MUL_MAT q4_0_rocmfp4_fast m=2048 n=128 k=2048: 16 x 101.362 us = 1621.8 us (10590.5 GFLOPS/s)
MUL_MAT q4_0_rocmfp4_fast m=2048 n=32 k=2048 batch=4: 22 x 139.707 us = 3073.56 us (7683.78 GFLOPS/s)
MUL_MAT q4_0_rocmfp4_fast m=512 n=128 k=2048: 16 x 43.737 us = 699.8 us (6135.92 GFLOPS/s)
MUL_MAT q4_0_rocmfp4_fast m=6144 n=32 k=2048 batch=4: 22 x 350.074 us = 7701.64 us (9199.3 GFLOPS/s)
RMS_NORM_MUL RMS_NORM(2048,128,1,1): 59 x 10.138 us = 598.16 us
RMS_NORM_MUL_ROPE RMS_NORM(64,32,128,1): 8 x 100.425 us = 803.4 us
RMS_NORM_MUL_ROPE RMS_NORM(64,8,128,1): 8 x 27.6 us = 220.8 us
SET_ROWS: 16 x 3.06 us = 48.96 us
SSM_CONV: 22 x 9.703 us = 213.48 us
Total time: 62267 us.
----------------
Vulkan Timings:
ADD: 58 x 7.808 us = 452.88 us
CONCAT: 22 x 22.212 us = 488.68 us
CPY: 22 x 3.809 us = 83.8 us
FLASH_ATTN_EXT dst(64,32,32,4),  q(64,32,32,4),  k(64,1536,8,4),  v(64,1536,8,4),  m(1536,32,1,4): 8 x 392.585 us = 3140.68 us (4102.58 GFLOPS/s)
GET_ROWS: 22 x 2.752 us = 60.56 us
GLU: 29 x 40.161 us = 1164.68 us
MUL: 44 x 9.877 us = 434.6 us
MUL_MAT f32 m=64 n=1024 k=64: 16 x 8.827 us = 141.24 us (942.857 GFLOPS/s)
MUL_MAT f32 m=64 n=4096 k=64: 16 x 13.77 us = 220.32 us (2417.74 GFLOPS/s)
MUL_MAT q4_0_rocmfp4_fast m=10752 n=128 k=2048: 58 x 422.115 us = 24482.7 us (13351.3 GFLOPS/s)
MUL_MAT q4_0_rocmfp4_fast m=2048 n=128 k=10752: 29 x 569.979 us = 16529.4 us (9889.63 GFLOPS/s)
MUL_MAT q4_0_rocmfp4_fast m=2048 n=128 k=2048: 16 x 98.832 us = 1581.32 us (10861.6 GFLOPS/s)
MUL_MAT q4_0_rocmfp4_fast m=2048 n=32 k=2048 batch=4: 22 x 141.79 us = 3119.4 us (7570.86 GFLOPS/s)
MUL_MAT q4_0_rocmfp4_fast m=512 n=128 k=2048: 16 x 44.132 us = 706.12 us (6081 GFLOPS/s)
MUL_MAT q4_0_rocmfp4_fast m=6144 n=32 k=2048 batch=4: 22 x 352.527 us = 7755.6 us (9135.29 GFLOPS/s)
RMS_NORM_MUL RMS_NORM(2048,128,1,1): 59 x 10.178 us = 600.52 us
RMS_NORM_MUL_ROPE RMS_NORM(64,32,128,1): 8 x 105.17 us = 841.36 us
RMS_NORM_MUL_ROPE RMS_NORM(64,8,128,1): 8 x 27.51 us = 220.08 us
SET_ROWS: 16 x 2.975 us = 47.6 us
SSM_CONV: 22 x 9.74 us = 214.28 us
Total time: 62285.8 us.
0.13.225.332 I slot print_timing: id  0 | task 2 | prompt processing, n_tokens =   1536, progress = 0.19, t =   3.14 s / 488.59 tokens per second
0.13.225.365 I slot print_timing: id  1 | task 4 | prompt processing, n_tokens =   1536, progress = 0.19, t =   3.14 s / 488.59 tokens per second
0.13.225.387 I slot print_timing: id  2 | task 3 | prompt processing, n_tokens =   1536, progress = 0.19, t =   3.14 s / 488.60 tokens per second
0.13.225.407 I slot print_timing: id  3 | task 1 | prompt processing, n_tokens =   1536, progress = 0.19, t =   3.14 s / 488.60 tokens per second
----------------
Vulkan Timings:
ADD: 58 x 8.386 us = 486.4 us
CONCAT: 22 x 23.061 us = 507.36 us
CPY: 22 x 3.74 us = 82.28 us
FLASH_ATTN_EXT dst(64,32,32,4),  q(64,32,32,4),  k(64,1792,8,4),  v(64,1792,8,4),  m(1792,32,1,4): 8 x 401.43 us = 3211.44 us (4680.89 GFLOPS/s)
GET_ROWS: 22 x 2.787 us = 61.32 us
GLU: 29 x 39.598 us = 1148.36 us
MUL: 44 x 10.5 us = 462.04 us
MUL_MAT f32 m=64 n=1024 k=64: 16 x 8.95 us = 143.2 us (929.952 GFLOPS/s)
MUL_MAT f32 m=64 n=4096 k=64: 16 x 13.595 us = 217.52 us (2448.86 GFLOPS/s)
MUL_MAT q4_0_rocmfp4_fast m=10752 n=128 k=2048: 58 x 424.064 us = 24595.8 us (13289.9 GFLOPS/s)
MUL_MAT q4_0_rocmfp4_fast m=2048 n=128 k=10752: 29 x 573.513 us = 16631.9 us (9828.69 GFLOPS/s)
MUL_MAT q4_0_rocmfp4_fast m=2048 n=128 k=2048: 16 x 102.727 us = 1643.64 us (10449.8 GFLOPS/s)
MUL_MAT q4_0_rocmfp4_fast m=2048 n=32 k=2048 batch=4: 22 x 141.838 us = 3120.44 us (7568.34 GFLOPS/s)
MUL_MAT q4_0_rocmfp4_fast m=512 n=128 k=2048: 16 x 43.4 us = 694.4 us (6183.64 GFLOPS/s)
MUL_MAT q4_0_rocmfp4_fast m=6144 n=32 k=2048 batch=4: 22 x 352.918 us = 7764.2 us (9125.17 GFLOPS/s)
RMS_NORM_MUL RMS_NORM(2048,128,1,1): 59 x 10.189 us = 601.2 us
RMS_NORM_MUL_ROPE RMS_NORM(64,32,128,1): 8 x 104.88 us = 839.04 us
RMS_NORM_MUL_ROPE RMS_NORM(64,8,128,1): 8 x 27.615 us = 220.92 us
SET_ROWS: 16 x 3.125 us = 50 us
SSM_CONV: 22 x 9.776 us = 215.08 us
Total time: 62696.5 us.
----------------
Vulkan Timings:
ADD: 58 x 7.246 us = 420.28 us
CONCAT: 22 x 23.845 us = 524.6 us
CPY: 22 x 3.789 us = 83.36 us
FLASH_ATTN_EXT dst(64,32,32,4),  q(64,32,32,4),  k(64,1792,8,4),  v(64,1792,8,4),  m(1792,32,1,4): 8 x 406.995 us = 3255.96 us (4616.88 GFLOPS/s)
GET_ROWS: 22 x 2.82 us = 62.04 us
GLU: 29 x 40.595 us = 1177.28 us
MUL: 44 x 9.589 us = 421.92 us
MUL_MAT f32 m=64 n=1024 k=64: 16 x 8.91 us = 142.56 us (934.127 GFLOPS/s)
MUL_MAT f32 m=64 n=4096 k=64: 16 x 13.562 us = 217 us (2454.73 GFLOPS/s)
MUL_MAT q4_0_rocmfp4_fast m=10752 n=128 k=2048: 58 x 423.72 us = 24575.8 us (13300.7 GFLOPS/s)
MUL_MAT q4_0_rocmfp4_fast m=2048 n=128 k=10752: 29 x 570.733 us = 16551.3 us (9876.55 GFLOPS/s)
MUL_MAT q4_0_rocmfp4_fast m=2048 n=128 k=2048: 16 x 99.942 us = 1599.08 us (10741 GFLOPS/s)
MUL_MAT q4_0_rocmfp4_fast m=2048 n=32 k=2048 batch=4: 22 x 147.147 us = 3237.24 us (7295.27 GFLOPS/s)
MUL_MAT q4_0_rocmfp4_fast m=512 n=128 k=2048: 16 x 44.182 us = 706.92 us (6074.12 GFLOPS/s)
MUL_MAT q4_0_rocmfp4_fast m=6144 n=32 k=2048 batch=4: 22 x 359.312 us = 7904.88 us (8962.77 GFLOPS/s)
RMS_NORM_MUL RMS_NORM(2048,128,1,1): 59 x 10.347 us = 610.52 us
RMS_NORM_MUL_ROPE RMS_NORM(64,32,128,1): 8 x 102.19 us = 817.52 us
RMS_NORM_MUL_ROPE RMS_NORM(64,8,128,1): 8 x 31.21 us = 249.68 us
SET_ROWS: 16 x 3.147 us = 50.36 us
SSM_CONV: 22 x 9.732 us = 214.12 us
Total time: 62822.4 us.
----------------
Vulkan Timings:
ADD: 58 x 7.897 us = 458.08 us
CONCAT: 22 x 21.381 us = 470.4 us
CPY: 22 x 3.843 us = 84.56 us
FLASH_ATTN_EXT dst(64,32,32,4),  q(64,32,32,4),  k(64,1792,8,4),  v(64,1792,8,4),  m(1792,32,1,4): 8 x 410.905 us = 3287.24 us (4572.95 GFLOPS/s)
GET_ROWS: 22 x 2.774 us = 61.04 us
GLU: 29 x 38.848 us = 1126.6 us
MUL: 44 x 10.199 us = 448.76 us
MUL_MAT f32 m=64 n=1024 k=64: 16 x 8.932 us = 142.92 us (931.774 GFLOPS/s)
MUL_MAT f32 m=64 n=4096 k=64: 16 x 13.535 us = 216.56 us (2459.72 GFLOPS/s)
MUL_MAT q4_0_rocmfp4_fast m=10752 n=128 k=2048: 58 x 425.33 us = 24669.2 us (13250.3 GFLOPS/s)
MUL_MAT q4_0_rocmfp4_fast m=2048 n=128 k=10752: 29 x 574.641 us = 16664.6 us (9809.39 GFLOPS/s)
MUL_MAT q4_0_rocmfp4_fast m=2048 n=128 k=2048: 16 x 99.475 us = 1591.6 us (10791.5 GFLOPS/s)
MUL_MAT q4_0_rocmfp4_fast m=2048 n=32 k=2048 batch=4: 22 x 139.689 us = 3073.16 us (7684.78 GFLOPS/s)
MUL_MAT q4_0_rocmfp4_fast m=512 n=128 k=2048: 16 x 42.882 us = 686.12 us (6258.26 GFLOPS/s)
MUL_MAT q4_0_rocmfp4_fast m=6144 n=32 k=2048 batch=4: 22 x 353.774 us = 7783.04 us (9103.08 GFLOPS/s)
RMS_NORM_MUL RMS_NORM(2048,128,1,1): 59 x 10.2 us = 601.84 us
RMS_NORM_MUL_ROPE RMS_NORM(64,32,128,1): 8 x 103.965 us = 831.72 us
RMS_NORM_MUL_ROPE RMS_NORM(64,8,128,1): 8 x 32.985 us = 263.88 us
SET_ROWS: 16 x 2.947 us = 47.16 us
SSM_CONV: 22 x 9.747 us = 214.44 us
Total time: 62722.9 us.
----------------
Vulkan Timings:
ADD: 58 x 7.884 us = 457.28 us
CONCAT: 22 x 21.469 us = 472.32 us
CPY: 22 x 3.836 us = 84.4 us
FLASH_ATTN_EXT dst(64,32,32,4),  q(64,32,32,4),  k(64,1792,8,4),  v(64,1792,8,4),  m(1792,32,1,4): 8 x 417.3 us = 3338.4 us (4502.87 GFLOPS/s)
GET_ROWS: 22 x 2.752 us = 60.56 us
GLU: 29 x 40.44 us = 1172.76 us
MUL: 44 x 10.211 us = 449.32 us
MUL_MAT f32 m=64 n=1024 k=64: 16 x 8.94 us = 143.04 us (930.992 GFLOPS/s)
MUL_MAT f32 m=64 n=4096 k=64: 16 x 13.415 us = 214.64 us (2481.72 GFLOPS/s)
MUL_MAT q4_0_rocmfp4_fast m=10752 n=128 k=2048: 58 x 422.017 us = 24477 us (13354.4 GFLOPS/s)
MUL_MAT q4_0_rocmfp4_fast m=2048 n=128 k=10752: 29 x 572.757 us = 16610 us (9841.66 GFLOPS/s)
MUL_MAT q4_0_rocmfp4_fast m=2048 n=128 k=2048: 16 x 100.32 us = 1605.12 us (10700.6 GFLOPS/s)
MUL_MAT q4_0_rocmfp4_fast m=2048 n=32 k=2048 batch=4: 22 x 142.525 us = 3135.56 us (7531.85 GFLOPS/s)
MUL_MAT q4_0_rocmfp4_fast m=512 n=128 k=2048: 16 x 43.8 us = 700.8 us (6127.17 GFLOPS/s)
MUL_MAT q4_0_rocmfp4_fast m=6144 n=32 k=2048 batch=4: 22 x 354.109 us = 7790.4 us (9094.48 GFLOPS/s)
RMS_NORM_MUL RMS_NORM(2048,128,1,1): 59 x 10.179 us = 600.6 us
RMS_NORM_MUL_ROPE RMS_NORM(64,32,128,1): 8 x 107.68 us = 861.44 us
RMS_NORM_MUL_ROPE RMS_NORM(64,8,128,1): 8 x 33.34 us = 266.72 us
SET_ROWS: 16 x 2.992 us = 47.88 us
SSM_CONV: 22 x 9.736 us = 214.2 us
Total time: 62702.4 us.
0.13.495.537 I slot print_timing: id  0 | task 2 | prompt processing, n_tokens =   1664, progress = 0.20, t =   3.41 s / 487.41 tokens per second
0.13.495.569 I slot print_timing: id  1 | task 4 | prompt processing, n_tokens =   1664, progress = 0.20, t =   3.41 s / 487.41 tokens per second
0.13.495.593 I slot print_timing: id  2 | task 3 | prompt processing, n_tokens =   1664, progress = 0.20, t =   3.41 s / 487.42 tokens per second
0.13.495.622 I slot print_timing: id  3 | task 1 | prompt processing, n_tokens =   1664, progress = 0.20, t =   3.41 s / 487.42 tokens per second
----------------
Vulkan Timings:
ADD: 58 x 8.377 us = 485.92 us
CONCAT: 22 x 25.367 us = 558.08 us
CPY: 22 x 3.876 us = 85.28 us
FLASH_ATTN_EXT dst(64,32,32,4),  q(64,32,32,4),  k(64,1792,8,4),  v(64,1792,8,4),  m(1792,32,1,4): 8 x 428.955 us = 3431.64 us (4380.53 GFLOPS/s)
GET_ROWS: 22 x 2.74 us = 60.28 us
GLU: 29 x 37.495 us = 1087.36 us
MUL: 44 x 9.585 us = 421.76 us
MUL_MAT f32 m=64 n=1024 k=64: 16 x 8.925 us = 142.8 us (932.557 GFLOPS/s)
MUL_MAT f32 m=64 n=4096 k=64: 16 x 13.525 us = 216.4 us (2461.54 GFLOPS/s)
MUL_MAT q4_0_rocmfp4_fast m=10752 n=128 k=2048: 58 x 423.42 us = 24558.4 us (13310.1 GFLOPS/s)
MUL_MAT q4_0_rocmfp4_fast m=2048 n=128 k=10752: 29 x 569.333 us = 16510.7 us (9900.84 GFLOPS/s)
MUL_MAT q4_0_rocmfp4_fast m=2048 n=128 k=2048: 16 x 97.502 us = 1560.04 us (11009.8 GFLOPS/s)
MUL_MAT q4_0_rocmfp4_fast m=2048 n=32 k=2048 batch=4: 22 x 140.761 us = 3096.76 us (7626.21 GFLOPS/s)
MUL_MAT q4_0_rocmfp4_fast m=512 n=128 k=2048: 16 x 45.382 us = 726.12 us (5913.51 GFLOPS/s)
MUL_MAT q4_0_rocmfp4_fast m=6144 n=32 k=2048 batch=4: 22 x 357.707 us = 7869.56 us (9003 GFLOPS/s)
RMS_NORM_MUL RMS_NORM(2048,128,1,1): 59 x 10.192 us = 601.36 us
RMS_NORM_MUL_ROPE RMS_NORM(64,32,128,1): 8 x 102.26 us = 818.08 us
RMS_NORM_MUL_ROPE RMS_NORM(64,8,128,1): 8 x 29.35 us = 234.8 us
SET_ROWS: 16 x 3.112 us = 49.8 us
SSM_CONV: 22 x 10.323 us = 227.12 us
Total time: 62742.2 us.
----------------
Vulkan Timings:
ADD: 58 x 7.696 us = 446.4 us
CONCAT: 22 x 22.965 us = 505.24 us
CPY: 22 x 3.803 us = 83.68 us
FLASH_ATTN_EXT dst(64,32,32,4),  q(64,32,32,4),  k(64,1792,8,4),  v(64,1792,8,4),  m(1792,32,1,4): 8 x 431.795 us = 3454.36 us (4351.71 GFLOPS/s)
GET_ROWS: 22 x 2.76 us = 60.72 us
GLU: 29 x 40.263 us = 1167.64 us
MUL: 44 x 10.362 us = 455.96 us
MUL_MAT f32 m=64 n=1024 k=64: 16 x 8.9 us = 142.4 us (935.177 GFLOPS/s)
MUL_MAT f32 m=64 n=4096 k=64: 16 x 13.515 us = 216.24 us (2463.36 GFLOPS/s)
MUL_MAT q4_0_rocmfp4_fast m=10752 n=128 k=2048: 58 x 423.107 us = 24540.2 us (13319.9 GFLOPS/s)
MUL_MAT q4_0_rocmfp4_fast m=2048 n=128 k=10752: 29 x 572.801 us = 16611.2 us (9840.9 GFLOPS/s)
MUL_MAT q4_0_rocmfp4_fast m=2048 n=128 k=2048: 16 x 103.57 us = 1657.12 us (10364.8 GFLOPS/s)
MUL_MAT q4_0_rocmfp4_fast m=2048 n=32 k=2048 batch=4: 22 x 143.123 us = 3148.72 us (7500.37 GFLOPS/s)
MUL_MAT q4_0_rocmfp4_fast m=512 n=128 k=2048: 16 x 42.012 us = 672.2 us (6387.86 GFLOPS/s)
MUL_MAT q4_0_rocmfp4_fast m=6144 n=32 k=2048 batch=4: 22 x 358.834 us = 7894.36 us (8974.72 GFLOPS/s)
RMS_NORM_MUL RMS_NORM(2048,128,1,1): 59 x 10.211 us = 602.48 us
RMS_NORM_MUL_ROPE RMS_NORM(64,32,128,1): 8 x 102.11 us = 816.88 us
RMS_NORM_MUL_ROPE RMS_NORM(64,8,128,1): 8 x 27.91 us = 223.28 us
SET_ROWS: 16 x 2.915 us = 46.64 us
SSM_CONV: 22 x 9.752 us = 214.56 us
Total time: 62960.4 us.
----------------
Vulkan Timings:
ADD: 58 x 7.462 us = 432.8 us
CONCAT: 22 x 23.885 us = 525.48 us
CPY: 22 x 4.018 us = 88.4 us
FLASH_ATTN_EXT dst(64,32,32,4),  q(64,32,32,4),  k(64,1792,8,4),  v(64,1792,8,4),  m(1792,32,1,4): 8 x 438.77 us = 3510.16 us (4282.54 GFLOPS/s)
GET_ROWS: 22 x 2.769 us = 60.92 us
GLU: 29 x 39.983 us = 1159.52 us
MUL: 44 x 9.82 us = 432.08 us
MUL_MAT f32 m=64 n=1024 k=64: 16 x 8.925 us = 142.8 us (932.557 GFLOPS/s)
MUL_MAT f32 m=64 n=4096 k=64: 16 x 13.795 us = 220.72 us (2413.36 GFLOPS/s)
MUL_MAT q4_0_rocmfp4_fast m=10752 n=128 k=2048: 58 x 423.642 us = 24571.2 us (13303.1 GFLOPS/s)
MUL_MAT q4_0_rocmfp4_fast m=2048 n=128 k=10752: 29 x 572.153 us = 16592.4 us (9852.05 GFLOPS/s)
MUL_MAT q4_0_rocmfp4_fast m=2048 n=128 k=2048: 16 x 107.347 us = 1717.56 us (10000 GFLOPS/s)
MUL_MAT q4_0_rocmfp4_fast m=2048 n=32 k=2048 batch=4: 22 x 142.347 us = 3131.64 us (7541.27 GFLOPS/s)
MUL_MAT q4_0_rocmfp4_fast m=512 n=128 k=2048: 16 x 38.785 us = 620.56 us (6919.43 GFLOPS/s)
MUL_MAT q4_0_rocmfp4_fast m=6144 n=32 k=2048 batch=4: 22 x 357.101 us = 7856.24 us (9018.27 GFLOPS/s)
RMS_NORM_MUL RMS_NORM(2048,128,1,1): 59 x 10.178 us = 600.56 us
RMS_NORM_MUL_ROPE RMS_NORM(64,32,128,1): 8 x 102.31 us = 818.48 us
RMS_NORM_MUL_ROPE RMS_NORM(64,8,128,1): 8 x 30.27 us = 242.16 us
SET_ROWS: 16 x 3.05 us = 48.8 us
SSM_CONV: 22 x 9.84 us = 216.48 us
Total time: 62989 us.
----------------
Vulkan Timings:
ADD: 58 x 8.192 us = 475.16 us
CONCAT: 22 x 21.396 us = 470.72 us
CPY: 22 x 3.76 us = 82.72 us
FLASH_ATTN_EXT dst(64,32,32,4),  q(64,32,32,4),  k(64,1792,8,4),  v(64,1792,8,4),  m(1792,32,1,4): 8 x 445.79 us = 3566.32 us (4215.1 GFLOPS/s)
GET_ROWS: 22 x 2.76 us = 60.72 us
GLU: 29 x 37.503 us = 1087.6 us
MUL: 44 x 9.85 us = 433.4 us
MUL_MAT f32 m=64 n=1024 k=64: 16 x 8.962 us = 143.4 us (928.655 GFLOPS/s)
MUL_MAT f32 m=64 n=4096 k=64: 16 x 13.447 us = 215.16 us (2475.72 GFLOPS/s)
MUL_MAT q4_0_rocmfp4_fast m=10752 n=128 k=2048: 58 x 424.064 us = 24595.8 us (13289.9 GFLOPS/s)
MUL_MAT q4_0_rocmfp4_fast m=2048 n=128 k=10752: 29 x 572.241 us = 16595 us (9850.53 GFLOPS/s)
MUL_MAT q4_0_rocmfp4_fast m=2048 n=128 k=2048: 16 x 104.552 us = 1672.84 us (10267.4 GFLOPS/s)
MUL_MAT q4_0_rocmfp4_fast m=2048 n=32 k=2048 batch=4: 22 x 140.621 us = 3093.68 us (7633.81 GFLOPS/s)
MUL_MAT q4_0_rocmfp4_fast m=512 n=128 k=2048: 16 x 38.92 us = 622.72 us (6895.42 GFLOPS/s)
MUL_MAT q4_0_rocmfp4_fast m=6144 n=32 k=2048 batch=4: 22 x 356.85 us = 7850.72 us (9024.61 GFLOPS/s)
RMS_NORM_MUL RMS_NORM(2048,128,1,1): 59 x 10.364 us = 611.48 us
RMS_NORM_MUL_ROPE RMS_NORM(64,32,128,1): 8 x 104.09 us = 832.72 us
RMS_NORM_MUL_ROPE RMS_NORM(64,8,128,1): 8 x 29.31 us = 234.48 us
SET_ROWS: 16 x 2.755 us = 44.08 us
SSM_CONV: 22 x 9.74 us = 214.28 us
Total time: 62903 us.
0.13.762.514 I slot print_timing: id  0 | task 2 | prompt processing, n_tokens =   1792, progress = 0.22, t =   3.68 s / 486.83 tokens per second
0.13.762.559 I slot print_timing: id  1 | task 4 | prompt processing, n_tokens =   1792, progress = 0.22, t =   3.68 s / 486.84 tokens per second
0.13.762.594 I slot print_timing: id  2 | task 3 | prompt processing, n_tokens =   1792, progress = 0.22, t =   3.68 s / 486.84 tokens per second
0.13.762.626 I slot print_timing: id  3 | task 1 | prompt processing, n_tokens =   1792, progress = 0.22, t =   3.68 s / 486.84 tokens per second
----------------
Vulkan Timings:
ADD: 58 x 8.925 us = 517.68 us
CONCAT: 22 x 22.95 us = 504.92 us
CPY: 22 x 4.274 us = 94.04 us
FLASH_ATTN_EXT dst(64,32,32,4),  q(64,32,32,4),  k(64,2048,8,4),  v(64,2048,8,4),  m(2048,32,1,4): 8 x 457.03 us = 3656.24 us (4698.78 GFLOPS/s)
GET_ROWS: 22 x 2.743 us = 60.36 us
GLU: 29 x 39.588 us = 1148.08 us
MUL: 44 x 9.448 us = 415.72 us
MUL_MAT f32 m=64 n=1024 k=64: 16 x 8.987 us = 143.8 us (926.072 GFLOPS/s)
MUL_MAT f32 m=64 n=4096 k=64: 16 x 13.84 us = 221.44 us (2405.51 GFLOPS/s)
MUL_MAT q4_0_rocmfp4_fast m=10752 n=128 k=2048: 58 x 422.877 us = 24526.9 us (13327.2 GFLOPS/s)
MUL_MAT q4_0_rocmfp4_fast m=2048 n=128 k=10752: 29 x 571.202 us = 16564.9 us (9868.44 GFLOPS/s)
MUL_MAT q4_0_rocmfp4_fast m=2048 n=128 k=2048: 16 x 100.625 us = 1610 us (10668.1 GFLOPS/s)
MUL_MAT q4_0_rocmfp4_fast m=2048 n=32 k=2048 batch=4: 22 x 140.592 us = 3093.04 us (7635.39 GFLOPS/s)
MUL_MAT q4_0_rocmfp4_fast m=512 n=128 k=2048: 16 x 46.302 us = 740.84 us (5796.01 GFLOPS/s)
MUL_MAT q4_0_rocmfp4_fast m=6144 n=32 k=2048 batch=4: 22 x 354.45 us = 7797.92 us (9085.71 GFLOPS/s)
RMS_NORM_MUL RMS_NORM(2048,128,1,1): 59 x 10.166 us = 599.84 us
RMS_NORM_MUL_ROPE RMS_NORM(64,32,128,1): 8 x 107.165 us = 857.32 us
RMS_NORM_MUL_ROPE RMS_NORM(64,8,128,1): 8 x 29.41 us = 235.28 us
SET_ROWS: 16 x 3.092 us = 49.48 us
SSM_CONV: 22 x 9.736 us = 214.2 us
Total time: 63052 us.
----------------
Vulkan Timings:
ADD: 58 x 8.01 us = 464.6 us
CONCAT: 22 x 23.458 us = 516.08 us
CPY: 22 x 3.718 us = 81.8 us
FLASH_ATTN_EXT dst(64,32,32,4),  q(64,32,32,4),  k(64,2048,8,4),  v(64,2048,8,4),  m(2048,32,1,4): 8 x 460.36 us = 3682.88 us (4664.79 GFLOPS/s)
GET_ROWS: 22 x 2.774 us = 61.04 us
GLU: 29 x 38.471 us = 1115.68 us
MUL: 44 x 9.871 us = 434.36 us
MUL_MAT f32 m=64 n=1024 k=64: 16 x 8.912 us = 142.6 us (933.865 GFLOPS/s)
MUL_MAT f32 m=64 n=4096 k=64: 16 x 13.532 us = 216.52 us (2460.17 GFLOPS/s)
MUL_MAT q4_0_rocmfp4_fast m=10752 n=128 k=2048: 58 x 424.569 us = 24625 us (13274.1 GFLOPS/s)
MUL_MAT q4_0_rocmfp4_fast m=2048 n=128 k=10752: 29 x 571.747 us = 16580.7 us (9859.04 GFLOPS/s)
MUL_MAT q4_0_rocmfp4_fast m=2048 n=128 k=2048: 16 x 100.372 us = 1605.96 us (10695 GFLOPS/s)
MUL_MAT q4_0_rocmfp4_fast m=2048 n=32 k=2048 batch=4: 22 x 144.674 us = 3182.84 us (7419.96 GFLOPS/s)
MUL_MAT q4_0_rocmfp4_fast m=512 n=128 k=2048: 16 x 42.402 us = 678.44 us (6329.11 GFLOPS/s)
MUL_MAT q4_0_rocmfp4_fast m=6144 n=32 k=2048 batch=4: 22 x 351.94 us = 7742.68 us (9150.53 GFLOPS/s)
RMS_NORM_MUL RMS_NORM(2048,128,1,1): 59 x 10.155 us = 599.16 us
RMS_NORM_MUL_ROPE RMS_NORM(64,32,128,1): 8 x 104.195 us = 833.56 us
RMS_NORM_MUL_ROPE RMS_NORM(64,8,128,1): 8 x 31.15 us = 249.2 us
SET_ROWS: 16 x 2.927 us = 46.84 us
SSM_CONV: 22 x 9.718 us = 213.8 us
Total time: 63073.8 us.
----------------
Vulkan Timings:
ADD: 58 x 8.053 us = 467.12 us
CONCAT: 22 x 21.383 us = 470.44 us
CPY: 22 x 3.823 us = 84.12 us
FLASH_ATTN_EXT dst(64,32,32,4),  q(64,32,32,4),  k(64,2048,8,4),  v(64,2048,8,4),  m(2048,32,1,4): 8 x 467.015 us = 3736.12 us (4598.32 GFLOPS/s)
GET_ROWS: 22 x 2.732 us = 60.12 us
GLU: 29 x 40.489 us = 1174.2 us
MUL: 44 x 10.234 us = 450.32 us
MUL_MAT f32 m=64 n=1024 k=64: 16 x 8.902 us = 142.44 us (934.914 GFLOPS/s)
MUL_MAT f32 m=64 n=4096 k=64: 16 x 13.492 us = 215.88 us (2467.47 GFLOPS/s)
MUL_MAT q4_0_rocmfp4_fast m=10752 n=128 k=2048: 58 x 421.682 us = 24457.6 us (13364.9 GFLOPS/s)
MUL_MAT q4_0_rocmfp4_fast m=2048 n=128 k=10752: 29 x 572.822 us = 16611.8 us (9840.55 GFLOPS/s)
MUL_MAT q4_0_rocmfp4_fast m=2048 n=128 k=2048: 16 x 99.682 us = 1594.92 us (10769 GFLOPS/s)
MUL_MAT q4_0_rocmfp4_fast m=2048 n=32 k=2048 batch=4: 22 x 145.118 us = 3192.6 us (7397.28 GFLOPS/s)
MUL_MAT q4_0_rocmfp4_fast m=512 n=128 k=2048: 16 x 44.27 us = 708.32 us (6062.12 GFLOPS/s)
MUL_MAT q4_0_rocmfp4_fast m=6144 n=32 k=2048 batch=4: 22 x 351.05 us = 7723.12 us (9173.71 GFLOPS/s)
RMS_NORM_MUL RMS_NORM(2048,128,1,1): 59 x 10.126 us = 597.44 us
RMS_NORM_MUL_ROPE RMS_NORM(64,32,128,1): 8 x 103.555 us = 828.44 us
RMS_NORM_MUL_ROPE RMS_NORM(64,8,128,1): 8 x 32.98 us = 263.84 us
SET_ROWS: 16 x 3.08 us = 49.28 us
SSM_CONV: 22 x 9.692 us = 213.24 us
Total time: 63041.4 us.
----------------
Vulkan Timings:
ADD: 58 x 7.908 us = 458.68 us
CONCAT: 22 x 22.941 us = 504.72 us
CPY: 22 x 3.809 us = 83.8 us
FLASH_ATTN_EXT dst(64,32,32,4),  q(64,32,32,4),  k(64,2048,8,4),  v(64,2048,8,4),  m(2048,32,1,4): 8 x 476.2 us = 3809.6 us (4509.63 GFLOPS/s)
GET_ROWS: 22 x 2.772 us = 61 us
GLU: 29 x 38.315 us = 1111.16 us
MUL: 44 x 10.186 us = 448.2 us
MUL_MAT f32 m=64 n=1024 k=64: 16 x 8.955 us = 143.28 us (929.433 GFLOPS/s)
MUL_MAT f32 m=64 n=4096 k=64: 16 x 13.39 us = 214.24 us (2486.35 GFLOPS/s)
MUL_MAT q4_0_rocmfp4_fast m=10752 n=128 k=2048: 58 x 423.908 us = 24586.7 us (13294.8 GFLOPS/s)
MUL_MAT q4_0_rocmfp4_fast m=2048 n=128 k=10752: 29 x 571.308 us = 16568 us (9866.61 GFLOPS/s)
MUL_MAT q4_0_rocmfp4_fast m=2048 n=128 k=2048: 16 x 105.687 us = 1691 us (10157.1 GFLOPS/s)
MUL_MAT q4_0_rocmfp4_fast m=2048 n=32 k=2048 batch=4: 22 x 141.18 us = 3105.96 us (7603.62 GFLOPS/s)
MUL_MAT q4_0_rocmfp4_fast m=512 n=128 k=2048: 16 x 40.952 us = 655.24 us (6553.2 GFLOPS/s)
MUL_MAT q4_0_rocmfp4_fast m=6144 n=32 k=2048 batch=4: 22 x 357.089 us = 7855.96 us (9018.59 GFLOPS/s)
RMS_NORM_MUL RMS_NORM(2048,128,1,1): 59 x 10.155 us = 599.16 us
RMS_NORM_MUL_ROPE RMS_NORM(64,32,128,1): 8 x 104.025 us = 832.2 us
RMS_NORM_MUL_ROPE RMS_NORM(64,8,128,1): 8 x 27.535 us = 220.28 us
SET_ROWS: 16 x 3.035 us = 48.56 us
SSM_CONV: 22 x 9.75 us = 214.52 us
Total time: 63212.2 us.
0.14.032.135 I slot print_timing: id  0 | task 2 | prompt processing, n_tokens =   1920, progress = 0.23, t =   3.95 s / 486.01 tokens per second
0.14.032.168 I slot print_timing: id  1 | task 4 | prompt processing, n_tokens =   1920, progress = 0.23, t =   3.95 s / 486.01 tokens per second
0.14.032.189 I slot print_timing: id  2 | task 3 | prompt processing, n_tokens =   1920, progress = 0.23, t =   3.95 s / 486.01 tokens per second
0.14.032.210 I slot print_timing: id  3 | task 1 | prompt processing, n_tokens =   1920, progress = 0.23, t =   3.95 s / 486.02 tokens per second
----------------
Vulkan Timings:
ADD: 58 x 8.082 us = 468.8 us
CONCAT: 22 x 22.22 us = 488.84 us
CPY: 22 x 3.809 us = 83.8 us
FLASH_ATTN_EXT dst(64,32,32,4),  q(64,32,32,4),  k(64,2048,8,4),  v(64,2048,8,4),  m(2048,32,1,4): 8 x 485.225 us = 3881.8 us (4425.75 GFLOPS/s)
GET_ROWS: 22 x 2.774 us = 61.04 us
GLU: 29 x 39.006 us = 1131.2 us
MUL: 44 x 9.807 us = 431.52 us
MUL_MAT f32 m=64 n=1024 k=64: 16 x 8.855 us = 141.68 us (939.929 GFLOPS/s)
MUL_MAT f32 m=64 n=4096 k=64: 16 x 13.445 us = 215.12 us (2476.18 GFLOPS/s)
MUL_MAT q4_0_rocmfp4_fast m=10752 n=128 k=2048: 58 x 423.44 us = 24559.6 us (13309.5 GFLOPS/s)
MUL_MAT q4_0_rocmfp4_fast m=2048 n=128 k=10752: 29 x 570.52 us = 16545.1 us (9880.25 GFLOPS/s)
MUL_MAT q4_0_rocmfp4_fast m=2048 n=128 k=2048: 16 x 102.42 us = 1638.72 us (10481.2 GFLOPS/s)
MUL_MAT q4_0_rocmfp4_fast m=2048 n=32 k=2048 batch=4: 22 x 139.772 us = 3075 us (7680.18 GFLOPS/s)
MUL_MAT q4_0_rocmfp4_fast m=512 n=128 k=2048: 16 x 41.125 us = 658 us (6525.71 GFLOPS/s)
MUL_MAT q4_0_rocmfp4_fast m=6144 n=32 k=2048 batch=4: 22 x 362.569 us = 7976.52 us (8882.28 GFLOPS/s)
RMS_NORM_MUL RMS_NORM(2048,128,1,1): 59 x 10.149 us = 598.8 us
RMS_NORM_MUL_ROPE RMS_NORM(64,32,128,1): 8 x 103.975 us = 831.8 us
RMS_NORM_MUL_ROPE RMS_NORM(64,8,128,1): 8 x 30.31 us = 242.48 us
SET_ROWS: 16 x 2.982 us = 47.72 us
SSM_CONV: 22 x 9.743 us = 214.36 us
Total time: 63291.8 us.
----------------
Vulkan Timings:
ADD: 58 x 7.507 us = 435.44 us
CONCAT: 22 x 22.24 us = 489.28 us
CPY: 22 x 3.805 us = 83.72 us
FLASH_ATTN_EXT dst(64,32,32,4),  q(64,32,32,4),  k(64,2048,8,4),  v(64,2048,8,4),  m(2048,32,1,4): 8 x 491.31 us = 3930.48 us (4370.93 GFLOPS/s)
GET_ROWS: 22 x 2.765 us = 60.84 us
GLU: 29 x 38.419 us = 1114.16 us
MUL: 44 x 9.997 us = 439.88 us
MUL_MAT f32 m=64 n=1024 k=64: 16 x 8.87 us = 141.92 us (938.34 GFLOPS/s)
MUL_MAT f32 m=64 n=4096 k=64: 16 x 13.525 us = 216.4 us (2461.54 GFLOPS/s)
MUL_MAT q4_0_rocmfp4_fast m=10752 n=128 k=2048: 58 x 423.571 us = 24567.2 us (13305.3 GFLOPS/s)
MUL_MAT q4_0_rocmfp4_fast m=2048 n=128 k=10752: 29 x 572.782 us = 16610.7 us (9841.23 GFLOPS/s)
MUL_MAT q4_0_rocmfp4_fast m=2048 n=128 k=2048: 16 x 101.732 us = 1627.72 us (10552 GFLOPS/s)
MUL_MAT q4_0_rocmfp4_fast m=2048 n=32 k=2048 batch=4: 22 x 143.367 us = 3154.08 us (7487.62 GFLOPS/s)
MUL_MAT q4_0_rocmfp4_fast m=512 n=128 k=2048: 16 x 42.665 us = 682.64 us (6290.17 GFLOPS/s)
MUL_MAT q4_0_rocmfp4_fast m=6144 n=32 k=2048 batch=4: 22 x 352.994 us = 7765.88 us (9123.2 GFLOPS/s)
RMS_NORM_MUL RMS_NORM(2048,128,1,1): 59 x 10.204 us = 602.08 us
RMS_NORM_MUL_ROPE RMS_NORM(64,32,128,1): 8 x 100.425 us = 803.4 us
RMS_NORM_MUL_ROPE RMS_NORM(64,8,128,1): 8 x 27.525 us = 220.2 us
SET_ROWS: 16 x 2.89 us = 46.24 us
SSM_CONV: 22 x 9.716 us = 213.76 us
Total time: 63206 us.
----------------
Vulkan Timings:
ADD: 58 x 8.166 us = 473.64 us
CONCAT: 22 x 22.149 us = 487.28 us
CPY: 22 x 3.781 us = 83.2 us
FLASH_ATTN_EXT dst(64,32,32,4),  q(64,32,32,4),  k(64,2048,8,4),  v(64,2048,8,4),  m(2048,32,1,4): 8 x 498.34 us = 3986.72 us (4309.27 GFLOPS/s)
GET_ROWS: 22 x 2.752 us = 60.56 us
GLU: 29 x 39.906 us = 1157.28 us
MUL: 44 x 9.431 us = 415 us
MUL_MAT f32 m=64 n=1024 k=64: 16 x 8.915 us = 142.64 us (933.603 GFLOPS/s)
MUL_MAT f32 m=64 n=4096 k=64: 16 x 13.41 us = 214.56 us (2482.65 GFLOPS/s)
MUL_MAT q4_0_rocmfp4_fast m=10752 n=128 k=2048: 58 x 423.793 us = 24580 us (13298.4 GFLOPS/s)
MUL_MAT q4_0_rocmfp4_fast m=2048 n=128 k=10752: 29 x 574.863 us = 16671 us (9805.6 GFLOPS/s)
MUL_MAT q4_0_rocmfp4_fast m=2048 n=128 k=2048: 16 x 99.877 us = 1598.04 us (10748 GFLOPS/s)
MUL_MAT q4_0_rocmfp4_fast m=2048 n=32 k=2048 batch=4: 22 x 140.612 us = 3093.48 us (7634.3 GFLOPS/s)
MUL_MAT q4_0_rocmfp4_fast m=512 n=128 k=2048: 16 x 43.497 us = 695.96 us (6169.78 GFLOPS/s)
MUL_MAT q4_0_rocmfp4_fast m=6144 n=32 k=2048 batch=4: 22 x 356.572 us = 7844.6 us (9031.65 GFLOPS/s)
RMS_NORM_MUL RMS_NORM(2048,128,1,1): 59 x 10.206 us = 602.16 us
RMS_NORM_MUL_ROPE RMS_NORM(64,32,128,1): 8 x 100.535 us = 804.28 us
RMS_NORM_MUL_ROPE RMS_NORM(64,8,128,1): 8 x 29.38 us = 235.04 us
SET_ROWS: 16 x 2.932 us = 46.92 us
SSM_CONV: 22 x 9.703 us = 213.48 us
Total time: 63405.9 us.
----------------
Vulkan Timings:
ADD: 58 x 7.806 us = 452.76 us
CONCAT: 22 x 22.876 us = 503.28 us
CPY: 22 x 3.82 us = 84.04 us
FLASH_ATTN_EXT dst(64,32,32,4),  q(64,32,32,4),  k(64,2048,8,4),  v(64,2048,8,4),  m(2048,32,1,4): 8 x 504.83 us = 4038.64 us (4253.87 GFLOPS/s)
GET_ROWS: 22 x 2.794 us = 61.48 us
GLU: 29 x 38.58 us = 1118.84 us
MUL: 44 x 10.502 us = 462.12 us
MUL_MAT f32 m=64 n=1024 k=64: 16 x 8.937 us = 143 us (931.253 GFLOPS/s)
MUL_MAT f32 m=64 n=4096 k=64: 16 x 13.485 us = 215.76 us (2468.84 GFLOPS/s)
MUL_MAT q4_0_rocmfp4_fast m=10752 n=128 k=2048: 58 x 423.744 us = 24577.2 us (13299.9 GFLOPS/s)
MUL_MAT q4_0_rocmfp4_fast m=2048 n=128 k=10752: 29 x 572.951 us = 16615.6 us (9838.32 GFLOPS/s)
MUL_MAT q4_0_rocmfp4_fast m=2048 n=128 k=2048: 16 x 102.045 us = 1632.72 us (10519.7 GFLOPS/s)
MUL_MAT q4_0_rocmfp4_fast m=2048 n=32 k=2048 batch=4: 22 x 145.238 us = 3195.24 us (7391.17 GFLOPS/s)
MUL_MAT q4_0_rocmfp4_fast m=512 n=128 k=2048: 16 x 41.692 us = 667.08 us (6436.89 GFLOPS/s)
MUL_MAT q4_0_rocmfp4_fast m=6144 n=32 k=2048 batch=4: 22 x 351.494 us = 7732.88 us (9162.13 GFLOPS/s)
RMS_NORM_MUL RMS_NORM(2048,128,1,1): 59 x 10.185 us = 600.92 us
RMS_NORM_MUL_ROPE RMS_NORM(64,32,128,1): 8 x 102.24 us = 817.92 us
RMS_NORM_MUL_ROPE RMS_NORM(64,8,128,1): 8 x 29.35 us = 234.8 us
SET_ROWS: 16 x 3.102 us = 49.64 us
SSM_CONV: 22 x 9.741 us = 214.32 us
Total time: 63418.2 us.
0.14.299.057 I slot print_timing: id  0 | task 2 | prompt processing, n_tokens =   2048, progress = 0.25, t =   4.22 s / 485.60 tokens per second
0.14.299.093 I slot print_timing: id  1 | task 4 | prompt processing, n_tokens =   2048, progress = 0.25, t =   4.22 s / 485.60 tokens per second
0.14.299.116 I slot print_timing: id  2 | task 3 | prompt processing, n_tokens =   2048, progress = 0.25, t =   4.22 s / 485.60 tokens per second
0.14.299.139 I slot print_timing: id  3 | task 1 | prompt processing, n_tokens =   2048, progress = 0.25, t =   4.22 s / 485.61 tokens per second
----------------
Vulkan Timings:
ADD: 58 x 7.806 us = 452.76 us
CONCAT: 22 x 22.16 us = 487.52 us
CPY: 22 x 3.803 us = 83.68 us
FLASH_ATTN_EXT dst(64,32,32,4),  q(64,32,32,4),  k(64,2304,8,4),  v(64,2304,8,4),  m(2304,32,1,4): 8 x 516.035 us = 4128.28 us (4681.7 GFLOPS/s)
GET_ROWS: 22 x 2.776 us = 61.08 us
GLU: 29 x 40.052 us = 1161.52 us
MUL: 44 x 9.799 us = 431.16 us
MUL_MAT f32 m=64 n=1024 k=64: 16 x 8.872 us = 141.96 us (938.075 GFLOPS/s)
MUL_MAT f32 m=64 n=4096 k=64: 16 x 13.512 us = 216.2 us (2463.81 GFLOPS/s)
MUL_MAT q4_0_rocmfp4_fast m=10752 n=128 k=2048: 58 x 425.968 us = 24706.2 us (13230.5 GFLOPS/s)
MUL_MAT q4_0_rocmfp4_fast m=2048 n=128 k=10752: 29 x 571.041 us = 16560.2 us (9871.23 GFLOPS/s)
MUL_MAT q4_0_rocmfp4_fast m=2048 n=128 k=2048: 16 x 99.605 us = 1593.68 us (10777.4 GFLOPS/s)
MUL_MAT q4_0_rocmfp4_fast m=2048 n=32 k=2048 batch=4: 22 x 143.032 us = 3146.72 us (7505.13 GFLOPS/s)
MUL_MAT q4_0_rocmfp4_fast m=512 n=128 k=2048: 16 x 43.15 us = 690.4 us (6219.47 GFLOPS/s)
MUL_MAT q4_0_rocmfp4_fast m=6144 n=32 k=2048 batch=4: 22 x 356.25 us = 7837.52 us (9039.81 GFLOPS/s)
RMS_NORM_MUL RMS_NORM(2048,128,1,1): 59 x 10.112 us = 596.64 us
RMS_NORM_MUL_ROPE RMS_NORM(64,32,128,1): 8 x 102.2 us = 817.6 us
RMS_NORM_MUL_ROPE RMS_NORM(64,8,128,1): 8 x 31.23 us = 249.84 us
SET_ROWS: 16 x 3.022 us = 48.36 us
SSM_CONV: 22 x 9.729 us = 214.04 us
Total time: 63625.3 us.
----------------
Vulkan Timings:
ADD: 58 x 7.768 us = 450.6 us
CONCAT: 22 x 22.169 us = 487.72 us
CPY: 22 x 3.807 us = 83.76 us
FLASH_ATTN_EXT dst(64,32,32,4),  q(64,32,32,4),  k(64,2304,8,4),  v(64,2304,8,4),  m(2304,32,1,4): 8 x 517.79 us = 4142.32 us (4665.83 GFLOPS/s)
GET_ROWS: 22 x 2.754 us = 60.6 us
GLU: 29 x 38.137 us = 1106 us
MUL: 44 x 9.996 us = 439.84 us
MUL_MAT f32 m=64 n=1024 k=64: 16 x 8.882 us = 142.12 us (937.019 GFLOPS/s)
MUL_MAT f32 m=64 n=4096 k=64: 16 x 13.485 us = 215.76 us (2468.84 GFLOPS/s)
MUL_MAT q4_0_rocmfp4_fast m=10752 n=128 k=2048: 58 x 424.942 us = 24646.7 us (13262.4 GFLOPS/s)
MUL_MAT q4_0_rocmfp4_fast m=2048 n=128 k=10752: 29 x 571.004 us = 16559.1 us (9871.88 GFLOPS/s)
MUL_MAT q4_0_rocmfp4_fast m=2048 n=128 k=2048: 16 x 98.775 us = 1580.4 us (10867.9 GFLOPS/s)
MUL_MAT q4_0_rocmfp4_fast m=2048 n=32 k=2048 batch=4: 22 x 142.678 us = 3138.92 us (7523.78 GFLOPS/s)
MUL_MAT q4_0_rocmfp4_fast m=512 n=128 k=2048: 16 x 43.575 us = 697.2 us (6158.8 GFLOPS/s)
MUL_MAT q4_0_rocmfp4_fast m=6144 n=32 k=2048 batch=4: 22 x 353.172 us = 7769.8 us (9118.59 GFLOPS/s)
RMS_NORM_MUL RMS_NORM(2048,128,1,1): 59 x 10.185 us = 600.92 us
RMS_NORM_MUL_ROPE RMS_NORM(64,32,128,1): 8 x 104.1 us = 832.8 us
RMS_NORM_MUL_ROPE RMS_NORM(64,8,128,1): 8 x 30.45 us = 243.6 us
SET_ROWS: 16 x 3.052 us = 48.84 us
SSM_CONV: 22 x 9.705 us = 213.52 us
Total time: 63460.5 us.
----------------
Vulkan Timings:
ADD: 58 x 7.895 us = 457.92 us
CONCAT: 22 x 22.156 us = 487.44 us
CPY: 22 x 3.781 us = 83.2 us
FLASH_ATTN_EXT dst(64,32,32,4),  q(64,32,32,4),  k(64,2304,8,4),  v(64,2304,8,4),  m(2304,32,1,4): 8 x 526.04 us = 4208.32 us (4592.65 GFLOPS/s)
GET_ROWS: 22 x 2.781 us = 61.2 us
GLU: 29 x 38.568 us = 1118.48 us
MUL: 44 x 10.215 us = 449.48 us
MUL_MAT f32 m=64 n=1024 k=64: 16 x 8.95 us = 143.2 us (929.952 GFLOPS/s)
MUL_MAT f32 m=64 n=4096 k=64: 16 x 13.41 us = 214.56 us (2482.65 GFLOPS/s)
MUL_MAT q4_0_rocmfp4_fast m=10752 n=128 k=2048: 58 x 423.908 us = 24586.7 us (13294.8 GFLOPS/s)
MUL_MAT q4_0_rocmfp4_fast m=2048 n=128 k=10752: 29 x 573.682 us = 16636.8 us (9825.78 GFLOPS/s)
MUL_MAT q4_0_rocmfp4_fast m=2048 n=128 k=2048: 16 x 104.537 us = 1672.6 us (10268.8 GFLOPS/s)
MUL_MAT q4_0_rocmfp4_fast m=2048 n=32 k=2048 batch=4: 22 x 140.99 us = 3101.8 us (7613.82 GFLOPS/s)
MUL_MAT q4_0_rocmfp4_fast m=512 n=128 k=2048: 16 x 40.977 us = 655.64 us (6549.2 GFLOPS/s)
MUL_MAT q4_0_rocmfp4_fast m=6144 n=32 k=2048 batch=4: 22 x 354.19 us = 7792.2 us (9092.38 GFLOPS/s)
RMS_NORM_MUL RMS_NORM(2048,128,1,1): 59 x 10.187 us = 601.04 us
RMS_NORM_MUL_ROPE RMS_NORM(64,32,128,1): 8 x 103.975 us = 831.8 us
RMS_NORM_MUL_ROPE RMS_NORM(64,8,128,1): 8 x 30.145 us = 241.16 us
SET_ROWS: 16 x 3.002 us = 48.04 us
SSM_CONV: 22 x 9.736 us = 214.2 us
Total time: 63605.8 us.
----------------
Vulkan Timings:
ADD: 58 x 7.791 us = 451.92 us
CONCAT: 22 x 21.938 us = 482.64 us
CPY: 22 x 3.763 us = 82.8 us
FLASH_ATTN_EXT dst(64,32,32,4),  q(64,32,32,4),  k(64,2304,8,4),  v(64,2304,8,4),  m(2304,32,1,4): 8 x 532.455 us = 4259.64 us (4537.32 GFLOPS/s)
GET_ROWS: 22 x 2.785 us = 61.28 us
GLU: 29 x 38.051 us = 1103.48 us
MUL: 44 x 10.301 us = 453.28 us
MUL_MAT f32 m=64 n=1024 k=64: 16 x 8.95 us = 143.2 us (929.952 GFLOPS/s)
MUL_MAT f32 m=64 n=4096 k=64: 16 x 13.467 us = 215.48 us (2472.05 GFLOPS/s)
MUL_MAT q4_0_rocmfp4_fast m=10752 n=128 k=2048: 58 x 423.837 us = 24582.6 us (13297 GFLOPS/s)
MUL_MAT q4_0_rocmfp4_fast m=2048 n=128 k=10752: 29 x 573.513 us = 16631.9 us (9828.69 GFLOPS/s)
MUL_MAT q4_0_rocmfp4_fast m=2048 n=128 k=2048: 16 x 99.84 us = 1597.44 us (10752 GFLOPS/s)
MUL_MAT q4_0_rocmfp4_fast m=2048 n=32 k=2048 batch=4: 22 x 142.692 us = 3139.24 us (7523.02 GFLOPS/s)
MUL_MAT q4_0_rocmfp4_fast m=512 n=128 k=2048: 16 x 44.155 us = 706.48 us (6077.91 GFLOPS/s)
MUL_MAT q4_0_rocmfp4_fast m=6144 n=32 k=2048 batch=4: 22 x 353.058 us = 7767.28 us (9121.55 GFLOPS/s)
RMS_NORM_MUL RMS_NORM(2048,128,1,1): 59 x 10.17 us = 600.04 us
RMS_NORM_MUL_ROPE RMS_NORM(64,32,128,1): 8 x 104 us = 832 us
RMS_NORM_MUL_ROPE RMS_NORM(64,8,128,1): 8 x 31.02 us = 248.16 us
SET_ROWS: 16 x 3.1 us = 49.6 us
SSM_CONV: 22 x 9.81 us = 215.84 us
Total time: 63624.3 us.
0.14.570.124 I slot print_timing: id  0 | task 2 | prompt processing, n_tokens =   2176, progress = 0.27, t =   4.49 s / 484.79 tokens per second
0.14.570.157 I slot print_timing: id  1 | task 4 | prompt processing, n_tokens =   2176, progress = 0.27, t =   4.49 s / 484.79 tokens per second
0.14.570.178 I slot print_timing: id  2 | task 3 | prompt processing, n_tokens =   2176, progress = 0.27, t =   4.49 s / 484.79 tokens per second
0.14.570.199 I slot print_timing: id  3 | task 1 | prompt processing, n_tokens =   2176, progress = 0.27, t =   4.49 s / 484.80 tokens per second
----------------
Vulkan Timings:
ADD: 58 x 7.98 us = 462.84 us
CONCAT: 22 x 21.376 us = 470.28 us
CPY: 22 x 3.814 us = 83.92 us
FLASH_ATTN_EXT dst(64,32,32,4),  q(64,32,32,4),  k(64,2304,8,4),  v(64,2304,8,4),  m(2304,32,1,4): 8 x 547.97 us = 4383.76 us (4408.85 GFLOPS/s)
GET_ROWS: 22 x 2.72 us = 59.84 us
GLU: 29 x 38.601 us = 1119.44 us
MUL: 44 x 9.63 us = 423.72 us
MUL_MAT f32 m=64 n=1024 k=64: 16 x 8.93 us = 142.88 us (932.035 GFLOPS/s)
MUL_MAT f32 m=64 n=4096 k=64: 16 x 13.56 us = 216.96 us (2455.18 GFLOPS/s)
MUL_MAT q4_0_rocmfp4_fast m=10752 n=128 k=2048: 58 x 422.912 us = 24528.9 us (13326.1 GFLOPS/s)
MUL_MAT q4_0_rocmfp4_fast m=2048 n=128 k=10752: 29 x 572.147 us = 16592.3 us (9852.15 GFLOPS/s)
MUL_MAT q4_0_rocmfp4_fast m=2048 n=128 k=2048: 16 x 103.025 us = 1648.4 us (10419.6 GFLOPS/s)
MUL_MAT q4_0_rocmfp4_fast m=2048 n=32 k=2048 batch=4: 22 x 140.89 us = 3099.6 us (7619.23 GFLOPS/s)
MUL_MAT q4_0_rocmfp4_fast m=512 n=128 k=2048: 16 x 41.515 us = 664.24 us (6464.41 GFLOPS/s)
MUL_MAT q4_0_rocmfp4_fast m=6144 n=32 k=2048 batch=4: 22 x 356.289 us = 7838.36 us (9038.84 GFLOPS/s)
RMS_NORM_MUL RMS_NORM(2048,128,1,1): 59 x 10.175 us = 600.36 us
RMS_NORM_MUL_ROPE RMS_NORM(64,32,128,1): 8 x 103.7 us = 829.6 us
RMS_NORM_MUL_ROPE RMS_NORM(64,8,128,1): 8 x 30.73 us = 245.84 us
SET_ROWS: 16 x 2.955 us = 47.28 us
SSM_CONV: 22 x 9.745 us = 214.4 us
Total time: 63672.9 us.
----------------
Vulkan Timings:
ADD: 58 x 8.163 us = 473.48 us
CONCAT: 22 x 21.354 us = 469.8 us
CPY: 22 x 3.812 us = 83.88 us
FLASH_ATTN_EXT dst(64,32,32,4),  q(64,32,32,4),  k(64,2304,8,4),  v(64,2304,8,4),  m(2304,32,1,4): 8 x 553.775 us = 4430.2 us (4362.64 GFLOPS/s)
GET_ROWS: 22 x 2.745 us = 60.4 us
GLU: 29 x 39.475 us = 1144.8 us
MUL: 44 x 9.83 us = 432.52 us
MUL_MAT f32 m=64 n=1024 k=64: 16 x 8.857 us = 141.72 us (939.664 GFLOPS/s)
MUL_MAT f32 m=64 n=4096 k=64: 16 x 13.527 us = 216.44 us (2461.08 GFLOPS/s)
MUL_MAT q4_0_rocmfp4_fast m=10752 n=128 k=2048: 58 x 423.557 us = 24566.4 us (13305.8 GFLOPS/s)
MUL_MAT q4_0_rocmfp4_fast m=2048 n=128 k=10752: 29 x 571.544 us = 16574.8 us (9862.54 GFLOPS/s)
MUL_MAT q4_0_rocmfp4_fast m=2048 n=128 k=2048: 16 x 99.362 us = 1589.8 us (10803.7 GFLOPS/s)
MUL_MAT q4_0_rocmfp4_fast m=2048 n=32 k=2048 batch=4: 22 x 141.807 us = 3119.76 us (7569.99 GFLOPS/s)
MUL_MAT q4_0_rocmfp4_fast m=512 n=128 k=2048: 16 x 43.22 us = 691.52 us (6209.39 GFLOPS/s)
MUL_MAT q4_0_rocmfp4_fast m=6144 n=32 k=2048 batch=4: 22 x 355.356 us = 7817.84 us (9062.56 GFLOPS/s)
RMS_NORM_MUL RMS_NORM(2048,128,1,1): 59 x 10.181 us = 600.68 us
RMS_NORM_MUL_ROPE RMS_NORM(64,32,128,1): 8 x 102.635 us = 821.08 us
RMS_NORM_MUL_ROPE RMS_NORM(64,8,128,1): 8 x 27.51 us = 220.08 us
SET_ROWS: 16 x 3.117 us = 49.88 us
SSM_CONV: 22 x 9.738 us = 214.24 us
Total time: 63719.3 us.
----------------
Vulkan Timings:
ADD: 58 x 8.276 us = 480.04 us
CONCAT: 22 x 21.403 us = 470.88 us
CPY: 22 x 3.818 us = 84 us
FLASH_ATTN_EXT dst(64,32,32,4),  q(64,32,32,4),  k(64,2304,8,4),  v(64,2304,8,4),  m(2304,32,1,4): 8 x 554.53 us = 4436.24 us (4356.7 GFLOPS/s)
GET_ROWS: 22 x 2.694 us = 59.28 us
GLU: 29 x 39.525 us = 1146.24 us
MUL: 44 x 10.192 us = 448.48 us
MUL_MAT f32 m=64 n=1024 k=64: 16 x 8.827 us = 141.24 us (942.857 GFLOPS/s)
MUL_MAT f32 m=64 n=4096 k=64: 16 x 13.585 us = 217.36 us (2450.67 GFLOPS/s)
MUL_MAT q4_0_rocmfp4_fast m=10752 n=128 k=2048: 58 x 424.713 us = 24633.4 us (13269.6 GFLOPS/s)
MUL_MAT q4_0_rocmfp4_fast m=2048 n=128 k=10752: 29 x 570.125 us = 16533.6 us (9887.09 GFLOPS/s)
MUL_MAT q4_0_rocmfp4_fast m=2048 n=128 k=2048: 16 x 102.085 us = 1633.36 us (10515.5 GFLOPS/s)
MUL_MAT q4_0_rocmfp4_fast m=2048 n=32 k=2048 batch=4: 22 x 142.5 us = 3135 us (7533.19 GFLOPS/s)
MUL_MAT q4_0_rocmfp4_fast m=512 n=128 k=2048: 16 x 42.16 us = 674.56 us (6365.51 GFLOPS/s)
MUL_MAT q4_0_rocmfp4_fast m=6144 n=32 k=2048 batch=4: 22 x 353.569 us = 7778.52 us (9108.37 GFLOPS/s)
RMS_NORM_MUL RMS_NORM(2048,128,1,1): 59 x 10.194 us = 601.48 us
RMS_NORM_MUL_ROPE RMS_NORM(64,32,128,1): 8 x 103.465 us = 827.72 us
RMS_NORM_MUL_ROPE RMS_NORM(64,8,128,1): 8 x 27.775 us = 222.2 us
SET_ROWS: 16 x 3.16 us = 50.56 us
SSM_CONV: 22 x 9.698 us = 213.36 us
Total time: 63787.6 us.
----------------
Vulkan Timings:
ADD: 58 x 8.085 us = 468.96 us
CONCAT: 22 x 21.4 us = 470.8 us
CPY: 22 x 3.8 us = 83.6 us
FLASH_ATTN_EXT dst(64,32,32,4),  q(64,32,32,4),  k(64,2304,8,4),  v(64,2304,8,4),  m(2304,32,1,4): 8 x 561.69 us = 4493.52 us (4301.16 GFLOPS/s)
GET_ROWS: 22 x 2.772 us = 61 us
GLU: 29 x 40.875 us = 1185.4 us
MUL: 44 x 10.06 us = 442.68 us
MUL_MAT f32 m=64 n=1024 k=64: 16 x 9.127 us = 146.04 us (911.868 GFLOPS/s)
MUL_MAT f32 m=64 n=4096 k=64: 16 x 13.607 us = 217.72 us (2446.61 GFLOPS/s)
MUL_MAT q4_0_rocmfp4_fast m=10752 n=128 k=2048: 58 x 422.96 us = 24531.7 us (13324.6 GFLOPS/s)
MUL_MAT q4_0_rocmfp4_fast m=2048 n=128 k=10752: 29 x 572.205 us = 16594 us (9851.15 GFLOPS/s)
MUL_MAT q4_0_rocmfp4_fast m=2048 n=128 k=2048: 16 x 102.412 us = 1638.6 us (10481.9 GFLOPS/s)
MUL_MAT q4_0_rocmfp4_fast m=2048 n=32 k=2048 batch=4: 22 x 143.043 us = 3146.96 us (7504.56 GFLOPS/s)
MUL_MAT q4_0_rocmfp4_fast m=512 n=128 k=2048: 16 x 42.687 us = 683 us (6286.85 GFLOPS/s)
MUL_MAT q4_0_rocmfp4_fast m=6144 n=32 k=2048 batch=4: 22 x 352.498 us = 7754.96 us (9136.04 GFLOPS/s)
RMS_NORM_MUL RMS_NORM(2048,128,1,1): 59 x 10.273 us = 606.12 us
RMS_NORM_MUL_ROPE RMS_NORM(64,32,128,1): 8 x 102.225 us = 817.8 us
RMS_NORM_MUL_ROPE RMS_NORM(64,8,128,1): 8 x 29.405 us = 235.24 us
SET_ROWS: 16 x 3.56 us = 56.96 us
SSM_CONV: 22 x 9.723 us = 213.92 us
Total time: 63849 us.
0.14.839.245 I slot print_timing: id  0 | task 2 | prompt processing, n_tokens =   2304, progress = 0.28, t =   4.76 s / 484.27 tokens per second
0.14.839.278 I slot print_timing: id  1 | task 4 | prompt processing, n_tokens =   2304, progress = 0.28, t =   4.76 s / 484.27 tokens per second
0.14.839.299 I slot print_timing: id  2 | task 3 | prompt processing, n_tokens =   2304, progress = 0.28, t =   4.76 s / 484.28 tokens per second
0.14.839.320 I slot print_timing: id  3 | task 1 | prompt processing, n_tokens =   2304, progress = 0.28, t =   4.76 s / 484.28 tokens per second
----------------
Vulkan Timings:
ADD: 58 x 8.237 us = 477.8 us
CONCAT: 22 x 21.956 us = 483.04 us
CPY: 22 x 3.781 us = 83.2 us
FLASH_ATTN_EXT dst(64,32,32,4),  q(64,32,32,4),  k(64,2560,8,4),  v(64,2560,8,4),  m(2560,32,1,4): 8 x 579.2 us = 4633.6 us (4634.59 GFLOPS/s)
GET_ROWS: 22 x 2.794 us = 61.48 us
GLU: 29 x 38.851 us = 1126.68 us
MUL: 44 x 10.271 us = 451.96 us
MUL_MAT f32 m=64 n=1024 k=64: 16 x 8.892 us = 142.28 us (935.965 GFLOPS/s)
MUL_MAT f32 m=64 n=4096 k=64: 16 x 13.452 us = 215.24 us (2474.8 GFLOPS/s)
MUL_MAT q4_0_rocmfp4_fast m=10752 n=128 k=2048: 58 x 421.36 us = 24438.9 us (13375.2 GFLOPS/s)
MUL_MAT q4_0_rocmfp4_fast m=2048 n=128 k=10752: 29 x 571.584 us = 16576 us (9861.85 GFLOPS/s)
MUL_MAT q4_0_rocmfp4_fast m=2048 n=128 k=2048: 16 x 100.35 us = 1605.6 us (10697.4 GFLOPS/s)
MUL_MAT q4_0_rocmfp4_fast m=2048 n=32 k=2048 batch=4: 22 x 142.287 us = 3130.32 us (7544.45 GFLOPS/s)
MUL_MAT q4_0_rocmfp4_fast m=512 n=128 k=2048: 16 x 43.102 us = 689.64 us (6226.32 GFLOPS/s)
MUL_MAT q4_0_rocmfp4_fast m=6144 n=32 k=2048 batch=4: 22 x 356.601 us = 7845.24 us (9030.91 GFLOPS/s)
RMS_NORM_MUL RMS_NORM(2048,128,1,1): 59 x 10.325 us = 609.2 us
RMS_NORM_MUL_ROPE RMS_NORM(64,32,128,1): 8 x 104.165 us = 833.32 us
RMS_NORM_MUL_ROPE RMS_NORM(64,8,128,1): 8 x 28.3 us = 226.4 us
SET_ROWS: 16 x 3.147 us = 50.36 us
SSM_CONV: 22 x 9.705 us = 213.52 us
Total time: 63893.8 us.
----------------
Vulkan Timings:
ADD: 58 x 7.604 us = 441.04 us
CONCAT: 22 x 23.04 us = 506.88 us
CPY: 22 x 3.792 us = 83.44 us
FLASH_ATTN_EXT dst(64,32,32,4),  q(64,32,32,4),  k(64,2560,8,4),  v(64,2560,8,4),  m(2560,32,1,4): 8 x 582.08 us = 4656.64 us (4611.66 GFLOPS/s)
GET_ROWS: 22 x 2.66 us = 58.52 us
GLU: 29 x 39.318 us = 1140.24 us
MUL: 44 x 9.8 us = 431.24 us
MUL_MAT f32 m=64 n=1024 k=64: 16 x 9.45 us = 151.2 us (880.748 GFLOPS/s)
MUL_MAT f32 m=64 n=4096 k=64: 16 x 13.595 us = 217.52 us (2448.86 GFLOPS/s)
MUL_MAT q4_0_rocmfp4_fast m=10752 n=128 k=2048: 58 x 422.075 us = 24480.4 us (13352.5 GFLOPS/s)
MUL_MAT q4_0_rocmfp4_fast m=2048 n=128 k=10752: 29 x 570.951 us = 16557.6 us (9872.78 GFLOPS/s)
MUL_MAT q4_0_rocmfp4_fast m=2048 n=128 k=2048: 16 x 104.042 us = 1664.68 us (10317.7 GFLOPS/s)
MUL_MAT q4_0_rocmfp4_fast m=2048 n=32 k=2048 batch=4: 22 x 141.81 us = 3119.84 us (7569.8 GFLOPS/s)
MUL_MAT q4_0_rocmfp4_fast m=512 n=128 k=2048: 16 x 41.38 us = 662.08 us (6485.5 GFLOPS/s)
MUL_MAT q4_0_rocmfp4_fast m=6144 n=32 k=2048 batch=4: 22 x 353.578 us = 7778.72 us (9108.14 GFLOPS/s)
RMS_NORM_MUL RMS_NORM(2048,128,1,1): 59 x 10.147 us = 598.68 us
RMS_NORM_MUL_ROPE RMS_NORM(64,32,128,1): 8 x 105.875 us = 847 us
RMS_NORM_MUL_ROPE RMS_NORM(64,8,128,1): 8 x 35.31 us = 282.48 us
SET_ROWS: 16 x 3.332 us = 53.32 us
SSM_CONV: 22 x 10.896 us = 239.72 us
Total time: 63971.2 us.
----------------
Vulkan Timings:
ADD: 58 x 7.495 us = 434.72 us
CONCAT: 22 x 22.296 us = 490.52 us
CPY: 22 x 3.734 us = 82.16 us
FLASH_ATTN_EXT dst(64,32,32,4),  q(64,32,32,4),  k(64,2560,8,4),  v(64,2560,8,4),  m(2560,32,1,4): 8 x 591.035 us = 4728.28 us (4541.79 GFLOPS/s)
GET_ROWS: 22 x 2.781 us = 61.2 us
GLU: 29 x 38.651 us = 1120.88 us
MUL: 44 x 10.178 us = 447.84 us
MUL_MAT f32 m=64 n=1024 k=64: 16 x 8.897 us = 142.36 us (935.439 GFLOPS/s)
MUL_MAT f32 m=64 n=4096 k=64: 16 x 13.572 us = 217.16 us (2452.92 GFLOPS/s)
MUL_MAT q4_0_rocmfp4_fast m=10752 n=128 k=2048: 58 x 423.724 us = 24576 us (13300.5 GFLOPS/s)
MUL_MAT q4_0_rocmfp4_fast m=2048 n=128 k=10752: 29 x 574.131 us = 16649.8 us (9818.11 GFLOPS/s)
MUL_MAT q4_0_rocmfp4_fast m=2048 n=128 k=2048: 16 x 105.92 us = 1694.72 us (10134.8 GFLOPS/s)
MUL_MAT q4_0_rocmfp4_fast m=2048 n=32 k=2048 batch=4: 22 x 143.374 us = 3154.24 us (7487.24 GFLOPS/s)
MUL_MAT q4_0_rocmfp4_fast m=512 n=128 k=2048: 16 x 39.005 us = 624.08 us (6880.4 GFLOPS/s)
MUL_MAT q4_0_rocmfp4_fast m=6144 n=32 k=2048 batch=4: 22 x 358.154 us = 7879.4 us (8991.76 GFLOPS/s)
RMS_NORM_MUL RMS_NORM(2048,128,1,1): 59 x 10.172 us = 600.2 us
RMS_NORM_MUL_ROPE RMS_NORM(64,32,128,1): 8 x 104.22 us = 833.76 us
RMS_NORM_MUL_ROPE RMS_NORM(64,8,128,1): 8 x 31.02 us = 248.16 us
SET_ROWS: 16 x 2.83 us = 45.28 us
SSM_CONV: 22 x 10.134 us = 222.96 us
Total time: 64253.8 us.
----------------
Vulkan Timings:
ADD: 58 x 6.813 us = 395.16 us
CONCAT: 22 x 22.969 us = 505.32 us
CPY: 22 x 3.801 us = 83.64 us
FLASH_ATTN_EXT dst(64,32,32,4),  q(64,32,32,4),  k(64,2560,8,4),  v(64,2560,8,4),  m(2560,32,1,4): 8 x 601.095 us = 4808.76 us (4465.77 GFLOPS/s)
GET_ROWS: 22 x 2.76 us = 60.72 us
GLU: 29 x 38.44 us = 1114.76 us
MUL: 44 x 9.436 us = 415.2 us
MUL_MAT f32 m=64 n=1024 k=64: 16 x 8.88 us = 142.08 us (937.283 GFLOPS/s)
MUL_MAT f32 m=64 n=4096 k=64: 16 x 13.5 us = 216 us (2466.1 GFLOPS/s)
MUL_MAT q4_0_rocmfp4_fast m=10752 n=128 k=2048: 58 x 425.425 us = 24674.7 us (13247.4 GFLOPS/s)
MUL_MAT q4_0_rocmfp4_fast m=2048 n=128 k=10752: 29 x 572.223 us = 16594.5 us (9850.84 GFLOPS/s)
MUL_MAT q4_0_rocmfp4_fast m=2048 n=128 k=2048: 16 x 109.532 us = 1752.52 us (9800.56 GFLOPS/s)
MUL_MAT q4_0_rocmfp4_fast m=2048 n=32 k=2048 batch=4: 22 x 141.261 us = 3107.76 us (7599.22 GFLOPS/s)
MUL_MAT q4_0_rocmfp4_fast m=512 n=128 k=2048: 16 x 38.262 us = 612.2 us (7013.91 GFLOPS/s)
MUL_MAT q4_0_rocmfp4_fast m=6144 n=32 k=2048 batch=4: 22 x 355.303 us = 7816.68 us (9063.91 GFLOPS/s)
RMS_NORM_MUL RMS_NORM(2048,128,1,1): 59 x 10.211 us = 602.48 us
RMS_NORM_MUL_ROPE RMS_NORM(64,32,128,1): 8 x 102.555 us = 820.44 us
RMS_NORM_MUL_ROPE RMS_NORM(64,8,128,1): 8 x 31.115 us = 248.92 us
SET_ROWS: 16 x 2.927 us = 46.84 us
SSM_CONV: 22 x 9.68 us = 212.96 us
Total time: 64231.6 us.
0.15.114.350 I slot print_timing: id  0 | task 2 | prompt processing, n_tokens =   2432, progress = 0.30, t =   5.03 s / 483.23 tokens per second
0.15.114.383 I slot print_timing: id  1 | task 4 | prompt processing, n_tokens =   2432, progress = 0.30, t =   5.03 s / 483.24 tokens per second
0.15.114.405 I slot print_timing: id  2 | task 3 | prompt processing, n_tokens =   2432, progress = 0.30, t =   5.03 s / 483.24 tokens per second
0.15.114.426 I slot print_timing: id  3 | task 1 | prompt processing, n_tokens =   2432, progress = 0.30, t =   5.03 s / 483.24 tokens per second
----------------
Vulkan Timings:
ADD: 58 x 7.626 us = 442.32 us
CONCAT: 22 x 23.865 us = 525.04 us
CPY: 22 x 3.798 us = 83.56 us
FLASH_ATTN_EXT dst(64,32,32,4),  q(64,32,32,4),  k(64,2560,8,4),  v(64,2560,8,4),  m(2560,32,1,4): 8 x 601.22 us = 4809.76 us (4464.85 GFLOPS/s)
GET_ROWS: 22 x 2.729 us = 60.04 us
GLU: 29 x 38.998 us = 1130.96 us
MUL: 44 x 9.621 us = 423.36 us
MUL_MAT f32 m=64 n=1024 k=64: 16 x 8.942 us = 143.08 us (930.732 GFLOPS/s)
MUL_MAT f32 m=64 n=4096 k=64: 16 x 13.54 us = 216.64 us (2458.81 GFLOPS/s)
MUL_MAT q4_0_rocmfp4_fast m=10752 n=128 k=2048: 58 x 423.175 us = 24544.2 us (13317.8 GFLOPS/s)
MUL_MAT q4_0_rocmfp4_fast m=2048 n=128 k=10752: 29 x 578.052 us = 16763.5 us (9751.51 GFLOPS/s)
MUL_MAT q4_0_rocmfp4_fast m=2048 n=128 k=2048: 16 x 102.987 us = 1647.8 us (10423.4 GFLOPS/s)
MUL_MAT q4_0_rocmfp4_fast m=2048 n=32 k=2048 batch=4: 22 x 141.934 us = 3122.56 us (7563.2 GFLOPS/s)
MUL_MAT q4_0_rocmfp4_fast m=512 n=128 k=2048: 16 x 42.84 us = 685.44 us (6264.47 GFLOPS/s)
MUL_MAT q4_0_rocmfp4_fast m=6144 n=32 k=2048 batch=4: 22 x 353.487 us = 7776.72 us (9110.48 GFLOPS/s)
RMS_NORM_MUL RMS_NORM(2048,128,1,1): 59 x 10.166 us = 599.8 us
RMS_NORM_MUL_ROPE RMS_NORM(64,32,128,1): 8 x 100.21 us = 801.68 us
RMS_NORM_MUL_ROPE RMS_NORM(64,8,128,1): 8 x 29.34 us = 234.72 us
SET_ROWS: 16 x 3.005 us = 48.08 us
SSM_CONV: 22 x 9.769 us = 214.92 us
Total time: 64274.2 us.
----------------
Vulkan Timings:
ADD: 58 x 8.182 us = 474.6 us
CONCAT: 22 x 23.885 us = 525.48 us
CPY: 22 x 3.71 us = 81.64 us
FLASH_ATTN_EXT dst(64,32,32,4),  q(64,32,32,4),  k(64,2560,8,4),  v(64,2560,8,4),  m(2560,32,1,4): 8 x 614.065 us = 4912.52 us (4371.45 GFLOPS/s)
GET_ROWS: 22 x 2.796 us = 61.52 us
GLU: 29 x 39.641 us = 1149.6 us
MUL: 44 x 10.04 us = 441.8 us
MUL_MAT f32 m=64 n=1024 k=64: 16 x 8.885 us = 142.16 us (936.755 GFLOPS/s)
MUL_MAT f32 m=64 n=4096 k=64: 16 x 13.502 us = 216.04 us (2465.64 GFLOPS/s)
MUL_MAT q4_0_rocmfp4_fast m=10752 n=128 k=2048: 58 x 423.503 us = 24563.2 us (13307.5 GFLOPS/s)
MUL_MAT q4_0_rocmfp4_fast m=2048 n=128 k=10752: 29 x 570.735 us = 16551.3 us (9876.53 GFLOPS/s)
MUL_MAT q4_0_rocmfp4_fast m=2048 n=128 k=2048: 16 x 96.537 us = 1544.6 us (11119.8 GFLOPS/s)
MUL_MAT q4_0_rocmfp4_fast m=2048 n=32 k=2048 batch=4: 22 x 142.209 us = 3128.6 us (7548.6 GFLOPS/s)
MUL_MAT q4_0_rocmfp4_fast m=512 n=128 k=2048: 16 x 44.792 us = 716.68 us (5991.4 GFLOPS/s)
MUL_MAT q4_0_rocmfp4_fast m=6144 n=32 k=2048 batch=4: 22 x 352.807 us = 7761.76 us (9128.04 GFLOPS/s)
RMS_NORM_MUL RMS_NORM(2048,128,1,1): 59 x 10.369 us = 611.8 us
RMS_NORM_MUL_ROPE RMS_NORM(64,32,128,1): 8 x 101.17 us = 809.36 us
RMS_NORM_MUL_ROPE RMS_NORM(64,8,128,1): 8 x 29.395 us = 235.16 us
SET_ROWS: 16 x 3.012 us = 48.2 us
SSM_CONV: 22 x 9.785 us = 215.28 us
Total time: 64191.3 us.
----------------
Vulkan Timings:
ADD: 58 x 7.917 us = 459.24 us
CONCAT: 22 x 22.978 us = 505.52 us
CPY: 22 x 3.789 us = 83.36 us
FLASH_ATTN_EXT dst(64,32,32,4),  q(64,32,32,4),  k(64,2560,8,4),  v(64,2560,8,4),  m(2560,32,1,4): 8 x 625.455 us = 5003.64 us (4291.84 GFLOPS/s)
GET_ROWS: 22 x 2.738 us = 60.24 us
GLU: 29 x 39.904 us = 1157.24 us
MUL: 44 x 9.555 us = 420.44 us
MUL_MAT f32 m=64 n=1024 k=64: 16 x 8.912 us = 142.6 us (933.865 GFLOPS/s)
MUL_MAT f32 m=64 n=4096 k=64: 16 x 13.517 us = 216.28 us (2462.9 GFLOPS/s)
MUL_MAT q4_0_rocmfp4_fast m=10752 n=128 k=2048: 58 x 423.922 us = 24587.5 us (13294.3 GFLOPS/s)
MUL_MAT q4_0_rocmfp4_fast m=2048 n=128 k=10752: 29 x 570.268 us = 16537.8 us (9884.6 GFLOPS/s)
MUL_MAT q4_0_rocmfp4_fast m=2048 n=128 k=2048: 16 x 100.632 us = 1610.12 us (10667.3 GFLOPS/s)
MUL_MAT q4_0_rocmfp4_fast m=2048 n=32 k=2048 batch=4: 22 x 141.754 us = 3118.6 us (7572.81 GFLOPS/s)
MUL_MAT q4_0_rocmfp4_fast m=512 n=128 k=2048: 16 x 43.09 us = 689.44 us (6228.13 GFLOPS/s)
MUL_MAT q4_0_rocmfp4_fast m=6144 n=32 k=2048 batch=4: 22 x 354.578 us = 7800.72 us (9082.45 GFLOPS/s)
RMS_NORM_MUL RMS_NORM(2048,128,1,1): 59 x 10.215 us = 602.72 us
RMS_NORM_MUL_ROPE RMS_NORM(64,32,128,1): 8 x 102.13 us = 817.04 us
RMS_NORM_MUL_ROPE RMS_NORM(64,8,128,1): 8 x 27.54 us = 220.32 us
SET_ROWS: 16 x 3.115 us = 49.84 us
SSM_CONV: 22 x 9.703 us = 213.48 us
Total time: 64296.1 us.
----------------
Vulkan Timings:
ADD: 58 x 8.113 us = 470.56 us
CONCAT: 22 x 24.75 us = 544.52 us
CPY: 22 x 3.721 us = 81.88 us
FLASH_ATTN_EXT dst(64,32,32,4),  q(64,32,32,4),  k(64,2560,8,4),  v(64,2560,8,4),  m(2560,32,1,4): 8 x 624.86 us = 4998.88 us (4295.93 GFLOPS/s)
GET_ROWS: 22 x 2.758 us = 60.68 us
GLU: 29 x 38.663 us = 1121.24 us
MUL: 44 x 10.69 us = 470.4 us
MUL_MAT f32 m=64 n=1024 k=64: 16 x 8.972 us = 143.56 us (927.62 GFLOPS/s)
MUL_MAT f32 m=64 n=4096 k=64: 16 x 13.515 us = 216.24 us (2463.36 GFLOPS/s)
MUL_MAT q4_0_rocmfp4_fast m=10752 n=128 k=2048: 58 x 423.678 us = 24573.4 us (13302 GFLOPS/s)
MUL_MAT q4_0_rocmfp4_fast m=2048 n=128 k=10752: 29 x 572.524 us = 16603.2 us (9845.67 GFLOPS/s)
MUL_MAT q4_0_rocmfp4_fast m=2048 n=128 k=2048: 16 x 96.96 us = 1551.36 us (11071.4 GFLOPS/s)
MUL_MAT q4_0_rocmfp4_fast m=2048 n=32 k=2048 batch=4: 22 x 141.538 us = 3113.84 us (7584.38 GFLOPS/s)
MUL_MAT q4_0_rocmfp4_fast m=512 n=128 k=2048: 16 x 44.842 us = 717.48 us (5984.72 GFLOPS/s)
MUL_MAT q4_0_rocmfp4_fast m=6144 n=32 k=2048 batch=4: 22 x 352.161 us = 7747.56 us (9144.77 GFLOPS/s)
RMS_NORM_MUL RMS_NORM(2048,128,1,1): 59 x 10.184 us = 600.88 us
RMS_NORM_MUL_ROPE RMS_NORM(64,32,128,1): 8 x 104.08 us = 832.64 us
RMS_NORM_MUL_ROPE RMS_NORM(64,8,128,1): 8 x 31.17 us = 249.36 us
SET_ROWS: 16 x 2.952 us = 47.24 us
SSM_CONV: 22 x 9.76 us = 214.72 us
Total time: 64359.6 us.
0.15.385.169 I slot print_timing: id  0 | task 2 | prompt processing, n_tokens =   2560, progress = 0.31, t =   5.30 s / 482.69 tokens per second
0.15.385.203 I slot print_timing: id  1 | task 4 | prompt processing, n_tokens =   2560, progress = 0.31, t =   5.30 s / 482.69 tokens per second
0.15.385.225 I slot print_timing: id  2 | task 3 | prompt processing, n_tokens =   2560, progress = 0.31, t =   5.30 s / 482.70 tokens per second
0.15.385.247 I slot print_timing: id  3 | task 1 | prompt processing, n_tokens =   2560, progress = 0.31, t =   5.30 s / 482.70 tokens per second
----------------
Vulkan Timings:
ADD: 58 x 8.217 us = 476.6 us
CONCAT: 22 x 22.265 us = 489.84 us
CPY: 22 x 3.805 us = 83.72 us
FLASH_ATTN_EXT dst(64,32,32,4),  q(64,32,32,4),  k(64,2816,8,4),  v(64,2816,8,4),  m(2816,32,1,4): 8 x 635.065 us = 5080.52 us (4649.59 GFLOPS/s)
GET_ROWS: 22 x 2.756 us = 60.64 us
GLU: 29 x 38.209 us = 1108.08 us
MUL: 44 x 9.321 us = 410.16 us
MUL_MAT f32 m=64 n=1024 k=64: 16 x 9.022 us = 144.36 us (922.48 GFLOPS/s)
MUL_MAT f32 m=64 n=4096 k=64: 16 x 13.55 us = 216.8 us (2457 GFLOPS/s)
MUL_MAT q4_0_rocmfp4_fast m=10752 n=128 k=2048: 58 x 422.946 us = 24530.9 us (13325 GFLOPS/s)
MUL_MAT q4_0_rocmfp4_fast m=2048 n=128 k=10752: 29 x 571.234 us = 16565.8 us (9867.9 GFLOPS/s)
MUL_MAT q4_0_rocmfp4_fast m=2048 n=128 k=2048: 16 x 100.115 us = 1601.84 us (10722.5 GFLOPS/s)
MUL_MAT q4_0_rocmfp4_fast m=2048 n=32 k=2048 batch=4: 22 x 143.365 us = 3154.04 us (7487.72 GFLOPS/s)
MUL_MAT q4_0_rocmfp4_fast m=512 n=128 k=2048: 16 x 41.592 us = 665.48 us (6452.36 GFLOPS/s)
MUL_MAT q4_0_rocmfp4_fast m=6144 n=32 k=2048 batch=4: 22 x 354.998 us = 7809.96 us (9071.71 GFLOPS/s)
RMS_NORM_MUL RMS_NORM(2048,128,1,1): 59 x 10.21 us = 602.4 us
RMS_NORM_MUL_ROPE RMS_NORM(64,32,128,1): 8 x 102.185 us = 817.48 us
RMS_NORM_MUL_ROPE RMS_NORM(64,8,128,1): 8 x 31.01 us = 248.08 us
SET_ROWS: 16 x 3.087 us = 49.4 us
SSM_CONV: 22 x 9.705 us = 213.52 us
Total time: 64329.6 us.
----------------
Vulkan Timings:
ADD: 58 x 7.389 us = 428.6 us
CONCAT: 22 x 22.147 us = 487.24 us
CPY: 22 x 3.774 us = 83.04 us
FLASH_ATTN_EXT dst(64,32,32,4),  q(64,32,32,4),  k(64,2816,8,4),  v(64,2816,8,4),  m(2816,32,1,4): 8 x 633.645 us = 5069.16 us (4660.01 GFLOPS/s)
GET_ROWS: 22 x 2.714 us = 59.72 us
GLU: 29 x 38.947 us = 1129.48 us
MUL: 44 x 9.628 us = 423.64 us
MUL_MAT f32 m=64 n=1024 k=64: 16 x 8.882 us = 142.12 us (937.019 GFLOPS/s)
MUL_MAT f32 m=64 n=4096 k=64: 16 x 13.572 us = 217.16 us (2452.92 GFLOPS/s)
MUL_MAT q4_0_rocmfp4_fast m=10752 n=128 k=2048: 58 x 424.599 us = 24626.8 us (13273.1 GFLOPS/s)
MUL_MAT q4_0_rocmfp4_fast m=2048 n=128 k=10752: 29 x 571.587 us = 16576 us (9861.8 GFLOPS/s)
MUL_MAT q4_0_rocmfp4_fast m=2048 n=128 k=2048: 16 x 103.015 us = 1648.24 us (10420.6 GFLOPS/s)
MUL_MAT q4_0_rocmfp4_fast m=2048 n=32 k=2048 batch=4: 22 x 140.909 us = 3100 us (7618.24 GFLOPS/s)
MUL_MAT q4_0_rocmfp4_fast m=512 n=128 k=2048: 16 x 43.242 us = 691.88 us (6206.16 GFLOPS/s)
MUL_MAT q4_0_rocmfp4_fast m=6144 n=32 k=2048 batch=4: 22 x 357.347 us = 7861.64 us (9012.07 GFLOPS/s)
RMS_NORM_MUL RMS_NORM(2048,128,1,1): 59 x 10.185 us = 600.92 us
RMS_NORM_MUL_ROPE RMS_NORM(64,32,128,1): 8 x 102.525 us = 820.2 us
RMS_NORM_MUL_ROPE RMS_NORM(64,8,128,1): 8 x 27.48 us = 219.84 us
SET_ROWS: 16 x 3.037 us = 48.6 us
SSM_CONV: 22 x 9.729 us = 214.04 us
Total time: 64448.3 us.
----------------
Vulkan Timings:
ADD: 58 x 7.722 us = 447.88 us
CONCAT: 22 x 24.594 us = 541.08 us
CPY: 22 x 3.807 us = 83.76 us
FLASH_ATTN_EXT dst(64,32,32,4),  q(64,32,32,4),  k(64,2816,8,4),  v(64,2816,8,4),  m(2816,32,1,4): 8 x 645.86 us = 5166.88 us (4571.87 GFLOPS/s)
GET_ROWS: 22 x 2.758 us = 60.68 us
GLU: 29 x 39.405 us = 1142.76 us
MUL: 44 x 9.75 us = 429 us
MUL_MAT f32 m=64 n=1024 k=64: 16 x 8.915 us = 142.64 us (933.603 GFLOPS/s)
MUL_MAT f32 m=64 n=4096 k=64: 16 x 13.495 us = 215.92 us (2467.01 GFLOPS/s)
MUL_MAT q4_0_rocmfp4_fast m=10752 n=128 k=2048: 58 x 425.52 us = 24680.2 us (13244.4 GFLOPS/s)
MUL_MAT q4_0_rocmfp4_fast m=2048 n=128 k=10752: 29 x 575.226 us = 16681.6 us (9799.42 GFLOPS/s)
MUL_MAT q4_0_rocmfp4_fast m=2048 n=128 k=2048: 16 x 96.212 us = 1539.4 us (11157.4 GFLOPS/s)
MUL_MAT q4_0_rocmfp4_fast m=2048 n=32 k=2048 batch=4: 22 x 143.77 us = 3162.96 us (7466.6 GFLOPS/s)
MUL_MAT q4_0_rocmfp4_fast m=512 n=128 k=2048: 16 x 45.387 us = 726.2 us (5912.86 GFLOPS/s)
MUL_MAT q4_0_rocmfp4_fast m=6144 n=32 k=2048 batch=4: 22 x 354.743 us = 7804.36 us (9078.22 GFLOPS/s)
RMS_NORM_MUL RMS_NORM(2048,128,1,1): 59 x 10.175 us = 600.36 us
RMS_NORM_MUL_ROPE RMS_NORM(64,32,128,1): 8 x 100.38 us = 803.04 us
RMS_NORM_MUL_ROPE RMS_NORM(64,8,128,1): 8 x 29.37 us = 234.96 us
SET_ROWS: 16 x 3.165 us = 50.64 us
SSM_CONV: 22 x 9.676 us = 212.88 us
Total time: 64727.1 us.
----------------
Vulkan Timings:
ADD: 58 x 7.888 us = 457.56 us
CONCAT: 22 x 23.71 us = 521.64 us
CPY: 22 x 3.81 us = 83.84 us
FLASH_ATTN_EXT dst(64,32,32,4),  q(64,32,32,4),  k(64,2816,8,4),  v(64,2816,8,4),  m(2816,32,1,4): 8 x 655.515 us = 5244.12 us (4504.53 GFLOPS/s)
GET_ROWS: 22 x 2.729 us = 60.04 us
GLU: 29 x 38.244 us = 1109.08 us
MUL: 44 x 9.68 us = 425.92 us
MUL_MAT f32 m=64 n=1024 k=64: 16 x 8.912 us = 142.6 us (933.865 GFLOPS/s)
MUL_MAT f32 m=64 n=4096 k=64: 16 x 13.577 us = 217.24 us (2452.02 GFLOPS/s)
MUL_MAT q4_0_rocmfp4_fast m=10752 n=128 k=2048: 58 x 424.533 us = 24623 us (13275.2 GFLOPS/s)
MUL_MAT q4_0_rocmfp4_fast m=2048 n=128 k=10752: 29 x 573.074 us = 16619.2 us (9836.21 GFLOPS/s)
MUL_MAT q4_0_rocmfp4_fast m=2048 n=128 k=2048: 16 x 98.112 us = 1569.8 us (10941.3 GFLOPS/s)
MUL_MAT q4_0_rocmfp4_fast m=2048 n=32 k=2048 batch=4: 22 x 139.954 us = 3079 us (7670.2 GFLOPS/s)
MUL_MAT q4_0_rocmfp4_fast m=512 n=128 k=2048: 16 x 44.395 us = 710.32 us (6045.05 GFLOPS/s)
MUL_MAT q4_0_rocmfp4_fast m=6144 n=32 k=2048 batch=4: 22 x 357.229 us = 7859.04 us (9015.05 GFLOPS/s)
RMS_NORM_MUL RMS_NORM(2048,128,1,1): 59 x 10.19 us = 601.24 us
RMS_NORM_MUL_ROPE RMS_NORM(64,32,128,1): 8 x 105.21 us = 841.68 us
RMS_NORM_MUL_ROPE RMS_NORM(64,8,128,1): 8 x 31.275 us = 250.2 us
SET_ROWS: 16 x 2.942 us = 47.08 us
SSM_CONV: 22 x 9.73 us = 214.08 us
Total time: 64676.6 us.
0.15.660.456 I slot print_timing: id  0 | task 2 | prompt processing, n_tokens =   2688, progress = 0.33, t =   5.58 s / 481.82 tokens per second
0.15.660.489 I slot print_timing: id  1 | task 4 | prompt processing, n_tokens =   2688, progress = 0.33, t =   5.58 s / 481.82 tokens per second
0.15.660.518 I slot print_timing: id  2 | task 3 | prompt processing, n_tokens =   2688, progress = 0.33, t =   5.58 s / 481.82 tokens per second
0.15.660.548 I slot print_timing: id  3 | task 1 | prompt processing, n_tokens =   2688, progress = 0.33, t =   5.58 s / 481.82 tokens per second
----------------
Vulkan Timings:
ADD: 58 x 7.524 us = 436.4 us
CONCAT: 22 x 25.243 us = 555.36 us
CPY: 22 x 3.805 us = 83.72 us
FLASH_ATTN_EXT dst(64,32,32,4),  q(64,32,32,4),  k(64,2816,8,4),  v(64,2816,8,4),  m(2816,32,1,4): 8 x 657.3 us = 5258.4 us (4492.3 GFLOPS/s)
GET_ROWS: 22 x 2.734 us = 60.16 us
GLU: 29 x 38.653 us = 1120.96 us
MUL: 44 x 9.812 us = 431.76 us
MUL_MAT f32 m=64 n=1024 k=64: 16 x 8.925 us = 142.8 us (932.557 GFLOPS/s)
MUL_MAT f32 m=64 n=4096 k=64: 16 x 13.482 us = 215.72 us (2469.3 GFLOPS/s)
MUL_MAT q4_0_rocmfp4_fast m=10752 n=128 k=2048: 58 x 422.737 us = 24518.8 us (13331.6 GFLOPS/s)
MUL_MAT q4_0_rocmfp4_fast m=2048 n=128 k=10752: 29 x 575.395 us = 16686.5 us (9796.53 GFLOPS/s)
MUL_MAT q4_0_rocmfp4_fast m=2048 n=128 k=2048: 16 x 101.9 us = 1630.4 us (10534.6 GFLOPS/s)
MUL_MAT q4_0_rocmfp4_fast m=2048 n=32 k=2048 batch=4: 22 x 143.49 us = 3156.8 us (7481.17 GFLOPS/s)
MUL_MAT q4_0_rocmfp4_fast m=512 n=128 k=2048: 16 x 41.615 us = 665.84 us (6448.87 GFLOPS/s)
MUL_MAT q4_0_rocmfp4_fast m=6144 n=32 k=2048 batch=4: 22 x 357.225 us = 7858.96 us (9015.14 GFLOPS/s)
RMS_NORM_MUL RMS_NORM(2048,128,1,1): 59 x 10.191 us = 601.32 us
RMS_NORM_MUL_ROPE RMS_NORM(64,32,128,1): 8 x 102.74 us = 821.92 us
RMS_NORM_MUL_ROPE RMS_NORM(64,8,128,1): 8 x 31.125 us = 249 us
SET_ROWS: 16 x 3.065 us = 49.04 us
SSM_CONV: 22 x 9.743 us = 214.36 us
Total time: 64758.2 us.
----------------
Vulkan Timings:
ADD: 58 x 7.958 us = 461.6 us
CONCAT: 22 x 21.441 us = 471.72 us
CPY: 22 x 3.789 us = 83.36 us
FLASH_ATTN_EXT dst(64,32,32,4),  q(64,32,32,4),  k(64,2816,8,4),  v(64,2816,8,4),  m(2816,32,1,4): 8 x 663.34 us = 5306.72 us (4451.4 GFLOPS/s)
GET_ROWS: 22 x 2.778 us = 61.12 us
GLU: 29 x 39.798 us = 1154.16 us
MUL: 44 x 10.21 us = 449.28 us
MUL_MAT f32 m=64 n=1024 k=64: 16 x 8.915 us = 142.64 us (933.603 GFLOPS/s)
MUL_MAT f32 m=64 n=4096 k=64: 16 x 13.477 us = 215.64 us (2470.21 GFLOPS/s)
MUL_MAT q4_0_rocmfp4_fast m=10752 n=128 k=2048: 58 x 423.143 us = 24542.3 us (13318.8 GFLOPS/s)
MUL_MAT q4_0_rocmfp4_fast m=2048 n=128 k=10752: 29 x 571.005 us = 16559.2 us (9871.85 GFLOPS/s)
MUL_MAT q4_0_rocmfp4_fast m=2048 n=128 k=2048: 16 x 101.15 us = 1618.4 us (10612.8 GFLOPS/s)
MUL_MAT q4_0_rocmfp4_fast m=2048 n=32 k=2048 batch=4: 22 x 143.34 us = 3153.48 us (7489.04 GFLOPS/s)
MUL_MAT q4_0_rocmfp4_fast m=512 n=128 k=2048: 16 x 43.407 us = 694.52 us (6182.57 GFLOPS/s)
MUL_MAT q4_0_rocmfp4_fast m=6144 n=32 k=2048 batch=4: 22 x 351.847 us = 7740.64 us (9152.95 GFLOPS/s)
RMS_NORM_MUL RMS_NORM(2048,128,1,1): 59 x 10.147 us = 598.68 us
RMS_NORM_MUL_ROPE RMS_NORM(64,32,128,1): 8 x 106.285 us = 850.28 us
RMS_NORM_MUL_ROPE RMS_NORM(64,8,128,1): 8 x 29.795 us = 238.36 us
SET_ROWS: 16 x 3.01 us = 48.16 us
SSM_CONV: 22 x 9.73 us = 214.08 us
Total time: 64604.3 us.
----------------
Vulkan Timings:
ADD: 58 x 8.295 us = 481.12 us
CONCAT: 22 x 22.99 us = 505.8 us
CPY: 22 x 3.763 us = 82.8 us
FLASH_ATTN_EXT dst(64,32,32,4),  q(64,32,32,4),  k(64,2816,8,4),  v(64,2816,8,4),  m(2816,32,1,4): 8 x 674.21 us = 5393.68 us (4379.63 GFLOPS/s)
GET_ROWS: 22 x 2.714 us = 59.72 us
GLU: 29 x 38.23 us = 1108.68 us
MUL: 44 x 9.489 us = 417.52 us
MUL_MAT f32 m=64 n=1024 k=64: 16 x 8.765 us = 140.24 us (949.58 GFLOPS/s)
MUL_MAT f32 m=64 n=4096 k=64: 16 x 13.515 us = 216.24 us (2463.36 GFLOPS/s)
MUL_MAT q4_0_rocmfp4_fast m=10752 n=128 k=2048: 58 x 424.38 us = 24614 us (13280 GFLOPS/s)
MUL_MAT q4_0_rocmfp4_fast m=2048 n=128 k=10752: 29 x 571.402 us = 16570.7 us (9864.99 GFLOPS/s)
MUL_MAT q4_0_rocmfp4_fast m=2048 n=128 k=2048: 16 x 102.455 us = 1639.28 us (10477.6 GFLOPS/s)
MUL_MAT q4_0_rocmfp4_fast m=2048 n=32 k=2048 batch=4: 22 x 142.432 us = 3133.52 us (7536.75 GFLOPS/s)
MUL_MAT q4_0_rocmfp4_fast m=512 n=128 k=2048: 16 x 41.847 us = 669.56 us (6413.05 GFLOPS/s)
MUL_MAT q4_0_rocmfp4_fast m=6144 n=32 k=2048 batch=4: 22 x 351.66 us = 7736.52 us (9157.82 GFLOPS/s)
RMS_NORM_MUL RMS_NORM(2048,128,1,1): 59 x 10.153 us = 599.08 us
RMS_NORM_MUL_ROPE RMS_NORM(64,32,128,1): 8 x 105.165 us = 841.32 us
RMS_NORM_MUL_ROPE RMS_NORM(64,8,128,1): 8 x 29.205 us = 233.64 us
SET_ROWS: 16 x 3.127 us = 50.04 us
SSM_CONV: 22 x 9.723 us = 213.92 us
Total time: 64707.4 us.
----------------
Vulkan Timings:
ADD: 58 x 7.939 us = 460.48 us
CONCAT: 22 x 25.37 us = 558.16 us
CPY: 22 x 3.747 us = 82.44 us
FLASH_ATTN_EXT dst(64,32,32,4),  q(64,32,32,4),  k(64,2816,8,4),  v(64,2816,8,4),  m(2816,32,1,4): 8 x 676.825 us = 5414.6 us (4362.71 GFLOPS/s)
GET_ROWS: 22 x 2.734 us = 60.16 us
GLU: 29 x 39.085 us = 1133.48 us
MUL: 44 x 9.83 us = 432.56 us
MUL_MAT f32 m=64 n=1024 k=64: 16 x 8.907 us = 142.52 us (934.389 GFLOPS/s)
MUL_MAT f32 m=64 n=4096 k=64: 16 x 13.542 us = 216.68 us (2458.36 GFLOPS/s)
MUL_MAT q4_0_rocmfp4_fast m=10752 n=128 k=2048: 58 x 422.406 us = 24499.6 us (13342.1 GFLOPS/s)
MUL_MAT q4_0_rocmfp4_fast m=2048 n=128 k=10752: 29 x 571.75 us = 16580.8 us (9858.99 GFLOPS/s)
MUL_MAT q4_0_rocmfp4_fast m=2048 n=128 k=2048: 16 x 99.932 us = 1598.92 us (10742 GFLOPS/s)
MUL_MAT q4_0_rocmfp4_fast m=2048 n=32 k=2048 batch=4: 22 x 140.603 us = 3093.28 us (7634.79 GFLOPS/s)
MUL_MAT q4_0_rocmfp4_fast m=512 n=128 k=2048: 16 x 42.175 us = 674.8 us (6363.25 GFLOPS/s)
MUL_MAT q4_0_rocmfp4_fast m=6144 n=32 k=2048 batch=4: 22 x 359.454 us = 7908 us (8959.24 GFLOPS/s)
RMS_NORM_MUL RMS_NORM(2048,128,1,1): 59 x 10.162 us = 599.56 us
RMS_NORM_MUL_ROPE RMS_NORM(64,32,128,1): 8 x 102.2 us = 817.6 us
RMS_NORM_MUL_ROPE RMS_NORM(64,8,128,1): 8 x 29.315 us = 234.52 us
SET_ROWS: 16 x 2.897 us = 46.36 us
SSM_CONV: 22 x 9.734 us = 214.16 us
Total time: 64768.6 us.
0.15.933.823 I slot print_timing: id  0 | task 2 | prompt processing, n_tokens =   2816, progress = 0.34, t =   5.85 s / 481.18 tokens per second
0.15.933.855 I slot print_timing: id  1 | task 4 | prompt processing, n_tokens =   2816, progress = 0.34, t =   5.85 s / 481.19 tokens per second
0.15.933.876 I slot print_timing: id  2 | task 3 | prompt processing, n_tokens =   2816, progress = 0.34, t =   5.85 s / 481.19 tokens per second
0.15.933.897 I slot print_timing: id  3 | task 1 | prompt processing, n_tokens =   2816, progress = 0.34, t =   5.85 s / 481.19 tokens per second
----------------
Vulkan Timings:
ADD: 58 x 7.76 us = 450.12 us
CONCAT: 22 x 21.352 us = 469.76 us
CPY: 22 x 3.78 us = 83.16 us
FLASH_ATTN_EXT dst(64,32,32,4),  q(64,32,32,4),  k(64,3072,8,4),  v(64,3072,8,4),  m(3072,32,1,4): 8 x 692.36 us = 5538.88 us (4652.53 GFLOPS/s)
GET_ROWS: 22 x 2.734 us = 60.16 us
GLU: 29 x 38.646 us = 1120.76 us
MUL: 44 x 9.764 us = 429.64 us
MUL_MAT f32 m=64 n=1024 k=64: 16 x 8.925 us = 142.8 us (932.557 GFLOPS/s)
MUL_MAT f32 m=64 n=4096 k=64: 16 x 13.452 us = 215.24 us (2474.8 GFLOPS/s)
MUL_MAT q4_0_rocmfp4_fast m=10752 n=128 k=2048: 58 x 424.646 us = 24629.5 us (13271.7 GFLOPS/s)
MUL_MAT q4_0_rocmfp4_fast m=2048 n=128 k=10752: 29 x 573.28 us = 16625.1 us (9832.69 GFLOPS/s)
MUL_MAT q4_0_rocmfp4_fast m=2048 n=128 k=2048: 16 x 100.427 us = 1606.84 us (10689.1 GFLOPS/s)
MUL_MAT q4_0_rocmfp4_fast m=2048 n=32 k=2048 batch=4: 22 x 140.921 us = 3100.28 us (7617.55 GFLOPS/s)
MUL_MAT q4_0_rocmfp4_fast m=512 n=128 k=2048: 16 x 44.625 us = 714 us (6013.89 GFLOPS/s)
MUL_MAT q4_0_rocmfp4_fast m=6144 n=32 k=2048 batch=4: 22 x 353.498 us = 7776.96 us (9110.2 GFLOPS/s)
RMS_NORM_MUL RMS_NORM(2048,128,1,1): 59 x 10.182 us = 600.76 us
RMS_NORM_MUL_ROPE RMS_NORM(64,32,128,1): 8 x 105.81 us = 846.48 us
RMS_NORM_MUL_ROPE RMS_NORM(64,8,128,1): 8 x 32.035 us = 256.28 us
SET_ROWS: 16 x 3.02 us = 48.32 us
SSM_CONV: 22 x 9.723 us = 213.92 us
Total time: 64929 us.
----------------
Vulkan Timings:
ADD: 58 x 7.733 us = 448.56 us
CONCAT: 22 x 21.325 us = 469.16 us
CPY: 22 x 3.794 us = 83.48 us
FLASH_ATTN_EXT dst(64,32,32,4),  q(64,32,32,4),  k(64,3072,8,4),  v(64,3072,8,4),  m(3072,32,1,4): 8 x 700.375 us = 5603 us (4599.29 GFLOPS/s)
GET_ROWS: 22 x 2.76 us = 60.72 us
GLU: 29 x 40.008 us = 1160.24 us
MUL: 44 x 9.995 us = 439.8 us
MUL_MAT f32 m=64 n=1024 k=64: 16 x 8.902 us = 142.44 us (934.914 GFLOPS/s)
MUL_MAT f32 m=64 n=4096 k=64: 16 x 13.592 us = 217.48 us (2449.31 GFLOPS/s)
MUL_MAT q4_0_rocmfp4_fast m=10752 n=128 k=2048: 58 x 421.513 us = 24447.8 us (13370.3 GFLOPS/s)
MUL_MAT q4_0_rocmfp4_fast m=2048 n=128 k=10752: 29 x 571.124 us = 16562.6 us (9869.8 GFLOPS/s)
MUL_MAT q4_0_rocmfp4_fast m=2048 n=128 k=2048: 16 x 103.482 us = 1655.72 us (10373.5 GFLOPS/s)
MUL_MAT q4_0_rocmfp4_fast m=2048 n=32 k=2048 batch=4: 22 x 140.974 us = 3101.44 us (7614.71 GFLOPS/s)
MUL_MAT q4_0_rocmfp4_fast m=512 n=128 k=2048: 16 x 43.54 us = 696.64 us (6163.76 GFLOPS/s)
MUL_MAT q4_0_rocmfp4_fast m=6144 n=32 k=2048 batch=4: 22 x 358.356 us = 7883.84 us (8986.69 GFLOPS/s)
RMS_NORM_MUL RMS_NORM(2048,128,1,1): 59 x 10.283 us = 606.72 us
RMS_NORM_MUL_ROPE RMS_NORM(64,32,128,1): 8 x 107.42 us = 859.36 us
RMS_NORM_MUL_ROPE RMS_NORM(64,8,128,1): 8 x 31.215 us = 249.72 us
SET_ROWS: 16 x 2.807 us = 44.92 us
SSM_CONV: 22 x 9.718 us = 213.8 us
Total time: 64947.4 us.
----------------
Vulkan Timings:
ADD: 58 x 7.215 us = 418.48 us
CONCAT: 22 x 22.383 us = 492.44 us
CPY: 22 x 3.721 us = 81.88 us
FLASH_ATTN_EXT dst(64,32,32,4),  q(64,32,32,4),  k(64,3072,8,4),  v(64,3072,8,4),  m(3072,32,1,4): 8 x 704.535 us = 5636.28 us (4572.13 GFLOPS/s)
GET_ROWS: 22 x 2.776 us = 61.08 us
GLU: 29 x 39.554 us = 1147.08 us
MUL: 44 x 9.797 us = 431.08 us
MUL_MAT f32 m=64 n=1024 k=64: 16 x 8.91 us = 142.56 us (934.127 GFLOPS/s)
MUL_MAT f32 m=64 n=4096 k=64: 16 x 13.502 us = 216.04 us (2465.64 GFLOPS/s)
MUL_MAT q4_0_rocmfp4_fast m=10752 n=128 k=2048: 58 x 424.126 us = 24599.3 us (13288 GFLOPS/s)
MUL_MAT q4_0_rocmfp4_fast m=2048 n=128 k=10752: 29 x 575.437 us = 16687.7 us (9795.82 GFLOPS/s)
MUL_MAT q4_0_rocmfp4_fast m=2048 n=128 k=2048: 16 x 102.432 us = 1638.92 us (10479.9 GFLOPS/s)
MUL_MAT q4_0_rocmfp4_fast m=2048 n=32 k=2048 batch=4: 22 x 141.825 us = 3120.16 us (7569.02 GFLOPS/s)
MUL_MAT q4_0_rocmfp4_fast m=512 n=128 k=2048: 16 x 41 us = 656 us (6545.61 GFLOPS/s)
MUL_MAT q4_0_rocmfp4_fast m=6144 n=32 k=2048 batch=4: 22 x 351.018 us = 7722.4 us (9174.56 GFLOPS/s)
RMS_NORM_MUL RMS_NORM(2048,128,1,1): 59 x 10.203 us = 602 us
RMS_NORM_MUL_ROPE RMS_NORM(64,32,128,1): 8 x 102.15 us = 817.2 us
RMS_NORM_MUL_ROPE RMS_NORM(64,8,128,1): 8 x 29.365 us = 234.92 us
SET_ROWS: 16 x 3.03 us = 48.48 us
SSM_CONV: 22 x 10.509 us = 231.2 us
Total time: 64985.2 us.
----------------
Vulkan Timings:
ADD: 58 x 7.835 us = 454.44 us
CONCAT: 22 x 23.77 us = 522.96 us
CPY: 22 x 3.809 us = 83.8 us
FLASH_ATTN_EXT dst(64,32,32,4),  q(64,32,32,4),  k(64,3072,8,4),  v(64,3072,8,4),  m(3072,32,1,4): 8 x 725.53 us = 5804.24 us (4439.82 GFLOPS/s)
GET_ROWS: 22 x 2.761 us = 60.76 us
GLU: 29 x 40.133 us = 1163.88 us
MUL: 44 x 9.786 us = 430.6 us
MUL_MAT f32 m=64 n=1024 k=64: 16 x 8.897 us = 142.36 us (935.439 GFLOPS/s)
MUL_MAT f32 m=64 n=4096 k=64: 16 x 13.465 us = 215.44 us (2472.51 GFLOPS/s)
MUL_MAT q4_0_rocmfp4_fast m=10752 n=128 k=2048: 58 x 422.512 us = 24505.7 us (13338.7 GFLOPS/s)
MUL_MAT q4_0_rocmfp4_fast m=2048 n=128 k=10752: 29 x 571.929 us = 16586 us (9855.9 GFLOPS/s)
MUL_MAT q4_0_rocmfp4_fast m=2048 n=128 k=2048: 16 x 100.382 us = 1606.12 us (10693.9 GFLOPS/s)
MUL_MAT q4_0_rocmfp4_fast m=2048 n=32 k=2048 batch=4: 22 x 141.785 us = 3119.28 us (7571.16 GFLOPS/s)
MUL_MAT q4_0_rocmfp4_fast m=512 n=128 k=2048: 16 x 43.152 us = 690.44 us (6219.1 GFLOPS/s)
MUL_MAT q4_0_rocmfp4_fast m=6144 n=32 k=2048 batch=4: 22 x 356.905 us = 7851.92 us (9023.23 GFLOPS/s)
RMS_NORM_MUL RMS_NORM(2048,128,1,1): 59 x 10.22 us = 603 us
RMS_NORM_MUL_ROPE RMS_NORM(64,32,128,1): 8 x 103.115 us = 824.92 us
RMS_NORM_MUL_ROPE RMS_NORM(64,8,128,1): 8 x 29.295 us = 234.36 us
SET_ROWS: 16 x 2.88 us = 46.08 us
SSM_CONV: 22 x 9.74 us = 214.28 us
Total time: 65160.6 us.
0.16.210.839 I slot print_timing: id  0 | task 2 | prompt processing, n_tokens =   2944, progress = 0.36, t =   6.13 s / 480.32 tokens per second
0.16.210.883 I slot print_timing: id  1 | task 4 | prompt processing, n_tokens =   2944, progress = 0.36, t =   6.13 s / 480.32 tokens per second
0.16.210.912 I slot print_timing: id  2 | task 3 | prompt processing, n_tokens =   2944, progress = 0.36, t =   6.13 s / 480.32 tokens per second
0.16.210.946 I slot print_timing: id  3 | task 1 | prompt processing, n_tokens =   2944, progress = 0.36, t =   6.13 s / 480.32 tokens per second
----------------
Vulkan Timings:
ADD: 58 x 7.928 us = 459.88 us
CONCAT: 22 x 22.19 us = 488.2 us
CPY: 22 x 3.78 us = 83.16 us
FLASH_ATTN_EXT dst(64,32,32,4),  q(64,32,32,4),  k(64,3072,8,4),  v(64,3072,8,4),  m(3072,32,1,4): 8 x 716.165 us = 5729.32 us (4497.88 GFLOPS/s)
GET_ROWS: 22 x 2.756 us = 60.64 us
GLU: 29 x 38.986 us = 1130.6 us
MUL: 44 x 9.827 us = 432.4 us
MUL_MAT f32 m=64 n=1024 k=64: 16 x 8.892 us = 142.28 us (935.965 GFLOPS/s)
MUL_MAT f32 m=64 n=4096 k=64: 16 x 13.425 us = 214.8 us (2479.87 GFLOPS/s)
MUL_MAT q4_0_rocmfp4_fast m=10752 n=128 k=2048: 58 x 424.794 us = 24638.1 us (13267 GFLOPS/s)
MUL_MAT q4_0_rocmfp4_fast m=2048 n=128 k=10752: 29 x 572.72 us = 16608.9 us (9842.3 GFLOPS/s)
MUL_MAT q4_0_rocmfp4_fast m=2048 n=128 k=2048: 16 x 101.975 us = 1631.6 us (10526.9 GFLOPS/s)
MUL_MAT q4_0_rocmfp4_fast m=2048 n=32 k=2048 batch=4: 22 x 142.34 us = 3131.48 us (7541.66 GFLOPS/s)
MUL_MAT q4_0_rocmfp4_fast m=512 n=128 k=2048: 16 x 42.01 us = 672.16 us (6388.24 GFLOPS/s)
MUL_MAT q4_0_rocmfp4_fast m=6144 n=32 k=2048 batch=4: 22 x 358.505 us = 7887.12 us (8982.96 GFLOPS/s)
RMS_NORM_MUL RMS_NORM(2048,128,1,1): 59 x 10.202 us = 601.96 us
RMS_NORM_MUL_ROPE RMS_NORM(64,32,128,1): 8 x 103.445 us = 827.56 us
RMS_NORM_MUL_ROPE RMS_NORM(64,8,128,1): 8 x 30.325 us = 242.6 us
SET_ROWS: 16 x 3 us = 48 us
SSM_CONV: 22 x 9.745 us = 214.4 us
Total time: 65245.1 us.
----------------
Vulkan Timings:
ADD: 58 x 7.206 us = 418 us
CONCAT: 22 x 23.038 us = 506.84 us
CPY: 22 x 3.787 us = 83.32 us
FLASH_ATTN_EXT dst(64,32,32,4),  q(64,32,32,4),  k(64,3072,8,4),  v(64,3072,8,4),  m(3072,32,1,4): 8 x 735.2 us = 5881.6 us (4381.43 GFLOPS/s)
GET_ROWS: 22 x 2.79 us = 61.4 us
GLU: 29 x 37.804 us = 1096.32 us
MUL: 44 x 9.839 us = 432.92 us
MUL_MAT f32 m=64 n=1024 k=64: 16 x 8.915 us = 142.64 us (933.603 GFLOPS/s)
MUL_MAT f32 m=64 n=4096 k=64: 16 x 13.427 us = 214.84 us (2479.41 GFLOPS/s)
MUL_MAT q4_0_rocmfp4_fast m=10752 n=128 k=2048: 58 x 423.625 us = 24570.3 us (13303.7 GFLOPS/s)
MUL_MAT q4_0_rocmfp4_fast m=2048 n=128 k=10752: 29 x 573.132 us = 16620.8 us (9835.22 GFLOPS/s)
MUL_MAT q4_0_rocmfp4_fast m=2048 n=128 k=2048: 16 x 103.407 us = 1654.52 us (10381.1 GFLOPS/s)
MUL_MAT q4_0_rocmfp4_fast m=2048 n=32 k=2048 batch=4: 22 x 142.767 us = 3140.88 us (7519.09 GFLOPS/s)
MUL_MAT q4_0_rocmfp4_fast m=512 n=128 k=2048: 16 x 42.87 us = 685.92 us (6260.09 GFLOPS/s)
MUL_MAT q4_0_rocmfp4_fast m=6144 n=32 k=2048 batch=4: 22 x 355.803 us = 7827.68 us (9051.17 GFLOPS/s)
RMS_NORM_MUL RMS_NORM(2048,128,1,1): 59 x 10.171 us = 600.12 us
RMS_NORM_MUL_ROPE RMS_NORM(64,32,128,1): 8 x 104.08 us = 832.64 us
RMS_NORM_MUL_ROPE RMS_NORM(64,8,128,1): 8 x 31.145 us = 249.16 us
SET_ROWS: 16 x 3.15 us = 50.4 us
SSM_CONV: 22 x 9.729 us = 214.04 us
Total time: 65284.4 us.
----------------
Vulkan Timings:
ADD: 58 x 7.533 us = 436.96 us
CONCAT: 22 x 23.716 us = 521.76 us
CPY: 22 x 3.725 us = 81.96 us
FLASH_ATTN_EXT dst(64,32,32,4),  q(64,32,32,4),  k(64,3072,8,4),  v(64,3072,8,4),  m(3072,32,1,4): 8 x 740.095 us = 5920.76 us (4352.45 GFLOPS/s)
GET_ROWS: 22 x 2.749 us = 60.48 us
GLU: 29 x 40.093 us = 1162.72 us
MUL: 44 x 10.124 us = 445.48 us
MUL_MAT f32 m=64 n=1024 k=64: 16 x 8.94 us = 143.04 us (930.992 GFLOPS/s)
MUL_MAT f32 m=64 n=4096 k=64: 16 x 13.645 us = 218.32 us (2439.89 GFLOPS/s)
MUL_MAT q4_0_rocmfp4_fast m=10752 n=128 k=2048: 58 x 421.5 us = 24447 us (13370.7 GFLOPS/s)
MUL_MAT q4_0_rocmfp4_fast m=2048 n=128 k=10752: 29 x 572.568 us = 16604.5 us (9844.91 GFLOPS/s)
MUL_MAT q4_0_rocmfp4_fast m=2048 n=128 k=2048: 16 x 99.64 us = 1594.24 us (10773.6 GFLOPS/s)
MUL_MAT q4_0_rocmfp4_fast m=2048 n=32 k=2048 batch=4: 22 x 143.056 us = 3147.24 us (7503.89 GFLOPS/s)
MUL_MAT q4_0_rocmfp4_fast m=512 n=128 k=2048: 16 x 45.585 us = 729.36 us (5887.24 GFLOPS/s)
MUL_MAT q4_0_rocmfp4_fast m=6144 n=32 k=2048 batch=4: 22 x 351.683 us = 7737.04 us (9157.2 GFLOPS/s)
RMS_NORM_MUL RMS_NORM(2048,128,1,1): 59 x 10.169 us = 600 us
RMS_NORM_MUL_ROPE RMS_NORM(64,32,128,1): 8 x 102.135 us = 817.08 us
RMS_NORM_MUL_ROPE RMS_NORM(64,8,128,1): 8 x 31.475 us = 251.8 us
SET_ROWS: 16 x 2.89 us = 46.24 us
SSM_CONV: 22 x 9.712 us = 213.68 us
Total time: 65179.7 us.
----------------
Vulkan Timings:
ADD: 58 x 7.787 us = 451.68 us
CONCAT: 22 x 26.087 us = 573.92 us
CPY: 22 x 3.743 us = 82.36 us
FLASH_ATTN_EXT dst(64,32,32,4),  q(64,32,32,4),  k(64,3072,8,4),  v(64,3072,8,4),  m(3072,32,1,4): 8 x 742.825 us = 5942.6 us (4336.45 GFLOPS/s)
GET_ROWS: 22 x 2.754 us = 60.6 us
GLU: 29 x 39.954 us = 1158.68 us
MUL: 44 x 9.473 us = 416.84 us
MUL_MAT f32 m=64 n=1024 k=64: 16 x 8.902 us = 142.44 us (934.914 GFLOPS/s)
MUL_MAT f32 m=64 n=4096 k=64: 16 x 13.427 us = 214.84 us (2479.41 GFLOPS/s)
MUL_MAT q4_0_rocmfp4_fast m=10752 n=128 k=2048: 58 x 426.122 us = 24715.1 us (13225.7 GFLOPS/s)
MUL_MAT q4_0_rocmfp4_fast m=2048 n=128 k=10752: 29 x 569.937 us = 16528.2 us (9890.34 GFLOPS/s)
MUL_MAT q4_0_rocmfp4_fast m=2048 n=128 k=2048: 16 x 103.887 us = 1662.2 us (10333.1 GFLOPS/s)
MUL_MAT q4_0_rocmfp4_fast m=2048 n=32 k=2048 batch=4: 22 x 142.289 us = 3130.36 us (7544.36 GFLOPS/s)
MUL_MAT q4_0_rocmfp4_fast m=512 n=128 k=2048: 16 x 41.535 us = 664.56 us (6461.3 GFLOPS/s)
MUL_MAT q4_0_rocmfp4_fast m=6144 n=32 k=2048 batch=4: 22 x 360.24 us = 7925.28 us (8939.7 GFLOPS/s)
RMS_NORM_MUL RMS_NORM(2048,128,1,1): 59 x 10.215 us = 602.72 us
RMS_NORM_MUL_ROPE RMS_NORM(64,32,128,1): 8 x 102.335 us = 818.68 us
RMS_NORM_MUL_ROPE RMS_NORM(64,8,128,1): 8 x 28.995 us = 231.96 us
SET_ROWS: 16 x 2.977 us = 47.64 us
SSM_CONV: 22 x 10.31 us = 226.84 us
Total time: 65597.5 us.
0.16.485.887 I slot print_timing: id  0 | task 2 | prompt processing, n_tokens =   3072, progress = 0.38, t =   6.40 s / 479.68 tokens per second
0.16.485.929 I slot print_timing: id  1 | task 4 | prompt processing, n_tokens =   3072, progress = 0.38, t =   6.40 s / 479.68 tokens per second
0.16.485.958 I slot print_timing: id  2 | task 3 | prompt processing, n_tokens =   3072, progress = 0.38, t =   6.40 s / 479.68 tokens per second
0.16.485.989 I slot print_timing: id  3 | task 1 | prompt processing, n_tokens =   3072, progress = 0.38, t =   6.40 s / 479.68 tokens per second
----------------
Vulkan Timings:
ADD: 58 x 6.838 us = 396.64 us
CONCAT: 22 x 22.972 us = 505.4 us
CPY: 22 x 3.814 us = 83.92 us
FLASH_ATTN_EXT dst(64,32,32,4),  q(64,32,32,4),  k(64,3328,8,4),  v(64,3328,8,4),  m(3328,32,1,4): 8 x 742.63 us = 5941.04 us (4699.06 GFLOPS/s)
GET_ROWS: 22 x 2.727 us = 60 us
GLU: 29 x 40.515 us = 1174.96 us
MUL: 44 x 9.033 us = 397.48 us
MUL_MAT f32 m=64 n=1024 k=64: 16 x 9.047 us = 144.76 us (919.931 GFLOPS/s)
MUL_MAT f32 m=64 n=4096 k=64: 16 x 13.517 us = 216.28 us (2462.9 GFLOPS/s)
MUL_MAT q4_0_rocmfp4_fast m=10752 n=128 k=2048: 58 x 423.395 us = 24556.9 us (13310.9 GFLOPS/s)
MUL_MAT q4_0_rocmfp4_fast m=2048 n=128 k=10752: 29 x 572.628 us = 16606.2 us (9843.87 GFLOPS/s)
MUL_MAT q4_0_rocmfp4_fast m=2048 n=128 k=2048: 16 x 101.357 us = 1621.72 us (10591 GFLOPS/s)
MUL_MAT q4_0_rocmfp4_fast m=2048 n=32 k=2048 batch=4: 22 x 145.998 us = 3211.96 us (7352.69 GFLOPS/s)
MUL_MAT q4_0_rocmfp4_fast m=512 n=128 k=2048: 16 x 44.092 us = 705.48 us (6086.52 GFLOPS/s)
MUL_MAT q4_0_rocmfp4_fast m=6144 n=32 k=2048 batch=4: 22 x 355.901 us = 7829.84 us (9048.67 GFLOPS/s)
RMS_NORM_MUL RMS_NORM(2048,128,1,1): 59 x 10.187 us = 601.08 us
RMS_NORM_MUL_ROPE RMS_NORM(64,32,128,1): 8 x 104.065 us = 832.52 us
RMS_NORM_MUL_ROPE RMS_NORM(64,8,128,1): 8 x 29.39 us = 235.12 us
SET_ROWS: 16 x 3.162 us = 50.6 us
SSM_CONV: 22 x 9.712 us = 213.68 us
Total time: 65385.6 us.
----------------
Vulkan Timings:
ADD: 58 x 7.621 us = 442.04 us
CONCAT: 22 x 24.838 us = 546.44 us
CPY: 22 x 4.283 us = 94.24 us
FLASH_ATTN_EXT dst(64,32,32,4),  q(64,32,32,4),  k(64,3328,8,4),  v(64,3328,8,4),  m(3328,32,1,4): 8 x 756.695 us = 6053.56 us (4611.71 GFLOPS/s)
GET_ROWS: 22 x 2.803 us = 61.68 us
GLU: 29 x 38.969 us = 1130.12 us
MUL: 44 x 9.188 us = 404.28 us
MUL_MAT f32 m=64 n=1024 k=64: 16 x 8.912 us = 142.6 us (933.865 GFLOPS/s)
MUL_MAT f32 m=64 n=4096 k=64: 16 x 13.645 us = 218.32 us (2439.89 GFLOPS/s)
MUL_MAT q4_0_rocmfp4_fast m=10752 n=128 k=2048: 58 x 423.332 us = 24553.3 us (13312.9 GFLOPS/s)
MUL_MAT q4_0_rocmfp4_fast m=2048 n=128 k=10752: 29 x 570.953 us = 16557.6 us (9872.76 GFLOPS/s)
MUL_MAT q4_0_rocmfp4_fast m=2048 n=128 k=2048: 16 x 102.347 us = 1637.56 us (10488.6 GFLOPS/s)
MUL_MAT q4_0_rocmfp4_fast m=2048 n=32 k=2048 batch=4: 22 x 141.66 us = 3116.52 us (7577.86 GFLOPS/s)
MUL_MAT q4_0_rocmfp4_fast m=512 n=128 k=2048: 16 x 45.487 us = 727.8 us (5899.86 GFLOPS/s)
MUL_MAT q4_0_rocmfp4_fast m=6144 n=32 k=2048 batch=4: 22 x 357.469 us = 7864.32 us (9009 GFLOPS/s)
RMS_NORM_MUL RMS_NORM(2048,128,1,1): 59 x 10.201 us = 601.88 us
RMS_NORM_MUL_ROPE RMS_NORM(64,32,128,1): 8 x 103.95 us = 831.6 us
RMS_NORM_MUL_ROPE RMS_NORM(64,8,128,1): 8 x 29.205 us = 233.64 us
SET_ROWS: 16 x 3.282 us = 52.52 us
SSM_CONV: 22 x 9.674 us = 212.84 us
Total time: 65482.9 us.
----------------
Vulkan Timings:
ADD: 58 x 7.175 us = 416.2 us
CONCAT: 22 x 22.19 us = 488.2 us
CPY: 22 x 3.789 us = 83.36 us
FLASH_ATTN_EXT dst(64,32,32,4),  q(64,32,32,4),  k(64,3328,8,4),  v(64,3328,8,4),  m(3328,32,1,4): 8 x 762.03 us = 6096.24 us (4579.43 GFLOPS/s)
GET_ROWS: 22 x 2.749 us = 60.48 us
GLU: 29 x 38.217 us = 1108.32 us
MUL: 44 x 9.733 us = 428.28 us
MUL_MAT f32 m=64 n=1024 k=64: 16 x 8.975 us = 143.6 us (927.362 GFLOPS/s)
MUL_MAT f32 m=64 n=4096 k=64: 16 x 13.51 us = 216.16 us (2464.27 GFLOPS/s)
MUL_MAT q4_0_rocmfp4_fast m=10752 n=128 k=2048: 58 x 425.204 us = 24661.8 us (13254.3 GFLOPS/s)
MUL_MAT q4_0_rocmfp4_fast m=2048 n=128 k=10752: 29 x 570.866 us = 16555.1 us (9874.26 GFLOPS/s)
MUL_MAT q4_0_rocmfp4_fast m=2048 n=128 k=2048: 16 x 103.252 us = 1652.04 us (10396.6 GFLOPS/s)
MUL_MAT q4_0_rocmfp4_fast m=2048 n=32 k=2048 batch=4: 22 x 142.561 us = 3136.36 us (7529.92 GFLOPS/s)
MUL_MAT q4_0_rocmfp4_fast m=512 n=128 k=2048: 16 x 41.425 us = 662.8 us (6478.45 GFLOPS/s)
MUL_MAT q4_0_rocmfp4_fast m=6144 n=32 k=2048 batch=4: 22 x 357.829 us = 7872.24 us (8999.94 GFLOPS/s)
RMS_NORM_MUL RMS_NORM(2048,128,1,1): 59 x 10.202 us = 601.96 us
RMS_NORM_MUL_ROPE RMS_NORM(64,32,128,1): 8 x 105.83 us = 846.64 us
RMS_NORM_MUL_ROPE RMS_NORM(64,8,128,1): 8 x 31.2 us = 249.6 us
SET_ROWS: 16 x 2.995 us = 47.92 us
SSM_CONV: 22 x 9.734 us = 214.16 us
Total time: 65541.5 us.
----------------
Vulkan Timings:
ADD: 58 x 7.137 us = 414 us
CONCAT: 22 x 24.123 us = 530.72 us
CPY: 22 x 3.807 us = 83.76 us
FLASH_ATTN_EXT dst(64,32,32,4),  q(64,32,32,4),  k(64,3328,8,4),  v(64,3328,8,4),  m(3328,32,1,4): 8 x 771.985 us = 6175.88 us (4520.37 GFLOPS/s)
GET_ROWS: 22 x 2.738 us = 60.24 us
GLU: 29 x 39.246 us = 1138.16 us
MUL: 44 x 10.199 us = 448.76 us
MUL_MAT f32 m=64 n=1024 k=64: 16 x 8.925 us = 142.8 us (932.557 GFLOPS/s)
MUL_MAT f32 m=64 n=4096 k=64: 16 x 13.555 us = 216.88 us (2456.09 GFLOPS/s)
MUL_MAT q4_0_rocmfp4_fast m=10752 n=128 k=2048: 58 x 424.186 us = 24602.8 us (13286.1 GFLOPS/s)
MUL_MAT q4_0_rocmfp4_fast m=2048 n=128 k=10752: 29 x 573.362 us = 16627.5 us (9831.27 GFLOPS/s)
MUL_MAT q4_0_rocmfp4_fast m=2048 n=128 k=2048: 16 x 103.167 us = 1650.68 us (10405.2 GFLOPS/s)
MUL_MAT q4_0_rocmfp4_fast m=2048 n=32 k=2048 batch=4: 22 x 143.09 us = 3148 us (7502.08 GFLOPS/s)
MUL_MAT q4_0_rocmfp4_fast m=512 n=128 k=2048: 16 x 44.13 us = 706.08 us (6081.35 GFLOPS/s)
MUL_MAT q4_0_rocmfp4_fast m=6144 n=32 k=2048 batch=4: 22 x 352.429 us = 7753.44 us (9137.84 GFLOPS/s)
RMS_NORM_MUL RMS_NORM(2048,128,1,1): 59 x 10.17 us = 600.08 us
RMS_NORM_MUL_ROPE RMS_NORM(64,32,128,1): 8 x 106.295 us = 850.36 us
RMS_NORM_MUL_ROPE RMS_NORM(64,8,128,1): 8 x 32.875 us = 263 us
SET_ROWS: 16 x 3.077 us = 49.24 us
SSM_CONV: 22 x 9.756 us = 214.64 us
Total time: 65677 us.
0.16.764.183 I slot print_timing: id  0 | task 2 | prompt processing, n_tokens =   3200, progress = 0.39, t =   6.68 s / 478.85 tokens per second
0.16.764.235 I slot print_timing: id  1 | task 4 | prompt processing, n_tokens =   3200, progress = 0.39, t =   6.68 s / 478.86 tokens per second
0.16.764.263 I slot print_timing: id  2 | task 3 | prompt processing, n_tokens =   3200, progress = 0.39, t =   6.68 s / 478.86 tokens per second
0.16.764.295 I slot print_timing: id  3 | task 1 | prompt processing, n_tokens =   3200, progress = 0.39, t =   6.68 s / 478.86 tokens per second
----------------
Vulkan Timings:
ADD: 58 x 7.537 us = 437.2 us
CONCAT: 22 x 22.976 us = 505.48 us
CPY: 22 x 3.765 us = 82.84 us
FLASH_ATTN_EXT dst(64,32,32,4),  q(64,32,32,4),  k(64,3328,8,4),  v(64,3328,8,4),  m(3328,32,1,4): 8 x 776.27 us = 6210.16 us (4495.42 GFLOPS/s)
GET_ROWS: 22 x 3.218 us = 70.8 us
GLU: 29 x 40.415 us = 1172.04 us
MUL: 44 x 9.624 us = 423.48 us
MUL_MAT f32 m=64 n=1024 k=64: 16 x 9.025 us = 144.4 us (922.224 GFLOPS/s)
MUL_MAT f32 m=64 n=4096 k=64: 16 x 13.525 us = 216.4 us (2461.54 GFLOPS/s)
MUL_MAT q4_0_rocmfp4_fast m=10752 n=128 k=2048: 58 x 422.679 us = 24515.4 us (13333.4 GFLOPS/s)
MUL_MAT q4_0_rocmfp4_fast m=2048 n=128 k=10752: 29 x 573.971 us = 16645.2 us (9820.85 GFLOPS/s)
MUL_MAT q4_0_rocmfp4_fast m=2048 n=128 k=2048: 16 x 99.277 us = 1588.44 us (10812.9 GFLOPS/s)
MUL_MAT q4_0_rocmfp4_fast m=2048 n=32 k=2048 batch=4: 22 x 147.241 us = 3239.32 us (7290.59 GFLOPS/s)
MUL_MAT q4_0_rocmfp4_fast m=512 n=128 k=2048: 16 x 44.755 us = 716.08 us (5996.42 GFLOPS/s)
MUL_MAT q4_0_rocmfp4_fast m=6144 n=32 k=2048 batch=4: 22 x 353.652 us = 7780.36 us (9106.22 GFLOPS/s)
RMS_NORM_MUL RMS_NORM(2048,128,1,1): 59 x 10.188 us = 601.12 us
RMS_NORM_MUL_ROPE RMS_NORM(64,32,128,1): 8 x 102.335 us = 818.68 us
RMS_NORM_MUL_ROPE RMS_NORM(64,8,128,1): 8 x 30.535 us = 244.28 us
SET_ROWS: 16 x 2.99 us = 47.84 us
SSM_CONV: 22 x 9.716 us = 213.76 us
Total time: 65673.2 us.
----------------
Vulkan Timings:
ADD: 58 x 8.328 us = 483.04 us
CONCAT: 22 x 25.305 us = 556.72 us
CPY: 22 x 3.761 us = 82.76 us
FLASH_ATTN_EXT dst(64,32,32,4),  q(64,32,32,4),  k(64,3328,8,4),  v(64,3328,8,4),  m(3328,32,1,4): 8 x 781.185 us = 6249.48 us (4467.14 GFLOPS/s)
GET_ROWS: 22 x 2.75 us = 60.52 us
GLU: 29 x 40.22 us = 1166.4 us
MUL: 44 x 9.428 us = 414.84 us
MUL_MAT f32 m=64 n=1024 k=64: 16 x 8.867 us = 141.88 us (938.604 GFLOPS/s)
MUL_MAT f32 m=64 n=4096 k=64: 16 x 13.52 us = 216.32 us (2462.45 GFLOPS/s)
MUL_MAT q4_0_rocmfp4_fast m=10752 n=128 k=2048: 58 x 424.337 us = 24611.6 us (13281.3 GFLOPS/s)
MUL_MAT q4_0_rocmfp4_fast m=2048 n=128 k=10752: 29 x 571.684 us = 16578.8 us (9860.13 GFLOPS/s)
MUL_MAT q4_0_rocmfp4_fast m=2048 n=128 k=2048: 16 x 101.182 us = 1618.92 us (10609.3 GFLOPS/s)
MUL_MAT q4_0_rocmfp4_fast m=2048 n=32 k=2048 batch=4: 22 x 141.583 us = 3114.84 us (7581.95 GFLOPS/s)
MUL_MAT q4_0_rocmfp4_fast m=512 n=128 k=2048: 16 x 42.08 us = 673.28 us (6377.61 GFLOPS/s)
MUL_MAT q4_0_rocmfp4_fast m=6144 n=32 k=2048 batch=4: 22 x 355.294 us = 7816.48 us (9064.14 GFLOPS/s)
RMS_NORM_MUL RMS_NORM(2048,128,1,1): 59 x 10.217 us = 602.84 us
RMS_NORM_MUL_ROPE RMS_NORM(64,32,128,1): 8 x 100.39 us = 803.12 us
RMS_NORM_MUL_ROPE RMS_NORM(64,8,128,1): 8 x 27.535 us = 220.28 us
SET_ROWS: 16 x 3.132 us = 50.12 us
SSM_CONV: 22 x 9.752 us = 214.56 us
Total time: 65676.8 us.
----------------
Vulkan Timings:
ADD: 58 x 7.848 us = 455.2 us
CONCAT: 22 x 22.189 us = 488.16 us
CPY: 22 x 3.787 us = 83.32 us
FLASH_ATTN_EXT dst(64,32,32,4),  q(64,32,32,4),  k(64,3328,8,4),  v(64,3328,8,4),  m(3328,32,1,4): 8 x 797.065 us = 6376.52 us (4378.14 GFLOPS/s)
GET_ROWS: 22 x 2.705 us = 59.52 us
GLU: 29 x 39.208 us = 1137.04 us
MUL: 44 x 9.831 us = 432.6 us
MUL_MAT f32 m=64 n=1024 k=64: 16 x 9.015 us = 144.24 us (923.247 GFLOPS/s)
MUL_MAT f32 m=64 n=4096 k=64: 16 x 13.57 us = 217.12 us (2453.37 GFLOPS/s)
MUL_MAT q4_0_rocmfp4_fast m=10752 n=128 k=2048: 58 x 424.348 us = 24612.2 us (13281 GFLOPS/s)
MUL_MAT q4_0_rocmfp4_fast m=2048 n=128 k=10752: 29 x 571.422 us = 16571.2 us (9864.66 GFLOPS/s)
MUL_MAT q4_0_rocmfp4_fast m=2048 n=128 k=2048: 16 x 108.865 us = 1741.84 us (9860.65 GFLOPS/s)
MUL_MAT q4_0_rocmfp4_fast m=2048 n=32 k=2048 batch=4: 22 x 144.3 us = 3174.6 us (7439.22 GFLOPS/s)
MUL_MAT q4_0_rocmfp4_fast m=512 n=128 k=2048: 16 x 39.447 us = 631.16 us (6803.22 GFLOPS/s)
MUL_MAT q4_0_rocmfp4_fast m=6144 n=32 k=2048 batch=4: 22 x 352.334 us = 7751.36 us (9140.29 GFLOPS/s)
RMS_NORM_MUL RMS_NORM(2048,128,1,1): 59 x 10.218 us = 602.88 us
RMS_NORM_MUL_ROPE RMS_NORM(64,32,128,1): 8 x 104.065 us = 832.52 us
RMS_NORM_MUL_ROPE RMS_NORM(64,8,128,1): 8 x 29.37 us = 234.96 us
SET_ROWS: 16 x 3.282 us = 52.52 us
SSM_CONV: 22 x 9.769 us = 214.92 us
Total time: 65813.9 us.
----------------
Vulkan Timings:
ADD: 58 x 7.813 us = 453.16 us
CONCAT: 22 x 23.007 us = 506.16 us
CPY: 22 x 3.814 us = 83.92 us
FLASH_ATTN_EXT dst(64,32,32,4),  q(64,32,32,4),  k(64,3328,8,4),  v(64,3328,8,4),  m(3328,32,1,4): 8 x 802.75 us = 6422 us (4347.13 GFLOPS/s)
GET_ROWS: 22 x 2.716 us = 59.76 us
GLU: 29 x 37.28 us = 1081.12 us
MUL: 44 x 9.25 us = 407 us
MUL_MAT f32 m=64 n=1024 k=64: 16 x 8.975 us = 143.6 us (927.362 GFLOPS/s)
MUL_MAT f32 m=64 n=4096 k=64: 16 x 13.62 us = 217.92 us (2444.37 GFLOPS/s)
MUL_MAT q4_0_rocmfp4_fast m=10752 n=128 k=2048: 58 x 423.764 us = 24578.4 us (13299.3 GFLOPS/s)
MUL_MAT q4_0_rocmfp4_fast m=2048 n=128 k=10752: 29 x 573.337 us = 16626.8 us (9831.69 GFLOPS/s)
MUL_MAT q4_0_rocmfp4_fast m=2048 n=128 k=2048: 16 x 101.962 us = 1631.4 us (10528.2 GFLOPS/s)
MUL_MAT q4_0_rocmfp4_fast m=2048 n=32 k=2048 batch=4: 22 x 140.738 us = 3096.24 us (7627.49 GFLOPS/s)
MUL_MAT q4_0_rocmfp4_fast m=512 n=128 k=2048: 16 x 41.617 us = 665.88 us (6448.49 GFLOPS/s)
MUL_MAT q4_0_rocmfp4_fast m=6144 n=32 k=2048 batch=4: 22 x 353.094 us = 7768.08 us (9120.61 GFLOPS/s)
RMS_NORM_MUL RMS_NORM(2048,128,1,1): 59 x 10.244 us = 604.4 us
RMS_NORM_MUL_ROPE RMS_NORM(64,32,128,1): 8 x 100.37 us = 802.96 us
RMS_NORM_MUL_ROPE RMS_NORM(64,8,128,1): 8 x 27.515 us = 220.12 us
SET_ROWS: 16 x 3.14 us = 50.24 us
SSM_CONV: 22 x 9.729 us = 214.04 us
Total time: 65633.2 us.
0.17.040.915 I slot print_timing: id  0 | task 2 | prompt processing, n_tokens =   3328, progress = 0.41, t =   6.96 s / 478.21 tokens per second
0.17.040.946 I slot print_timing: id  1 | task 4 | prompt processing, n_tokens =   3328, progress = 0.41, t =   6.96 s / 478.21 tokens per second
0.17.040.984 I slot print_timing: id  2 | task 3 | prompt processing, n_tokens =   3328, progress = 0.41, t =   6.96 s / 478.21 tokens per second
0.17.041.021 I slot print_timing: id  3 | task 1 | prompt processing, n_tokens =   3328, progress = 0.41, t =   6.96 s / 478.21 tokens per second
----------------
Vulkan Timings:
ADD: 58 x 7.86 us = 455.92 us
CONCAT: 22 x 23.792 us = 523.44 us
CPY: 22 x 3.825 us = 84.16 us
FLASH_ATTN_EXT dst(64,32,32,4),  q(64,32,32,4),  k(64,3584,8,4),  v(64,3584,8,4),  m(3584,32,1,4): 8 x 810.93 us = 6487.44 us (4634.3 GFLOPS/s)
GET_ROWS: 22 x 2.778 us = 61.12 us
GLU: 29 x 38.811 us = 1125.52 us
MUL: 44 x 9.521 us = 418.96 us
MUL_MAT f32 m=64 n=1024 k=64: 16 x 8.942 us = 143.08 us (930.732 GFLOPS/s)
MUL_MAT f32 m=64 n=4096 k=64: 16 x 13.505 us = 216.08 us (2465.18 GFLOPS/s)
MUL_MAT q4_0_rocmfp4_fast m=10752 n=128 k=2048: 58 x 423.858 us = 24583.8 us (13296.3 GFLOPS/s)
MUL_MAT q4_0_rocmfp4_fast m=2048 n=128 k=10752: 29 x 574.135 us = 16649.9 us (9818.04 GFLOPS/s)
MUL_MAT q4_0_rocmfp4_fast m=2048 n=128 k=2048: 16 x 110.47 us = 1767.52 us (9717.39 GFLOPS/s)
MUL_MAT q4_0_rocmfp4_fast m=2048 n=32 k=2048 batch=4: 22 x 139.821 us = 3076.08 us (7677.48 GFLOPS/s)
MUL_MAT q4_0_rocmfp4_fast m=512 n=128 k=2048: 16 x 39.24 us = 627.84 us (6839.19 GFLOPS/s)
MUL_MAT q4_0_rocmfp4_fast m=6144 n=32 k=2048 batch=4: 22 x 356.956 us = 7853.04 us (9021.94 GFLOPS/s)
RMS_NORM_MUL RMS_NORM(2048,128,1,1): 59 x 10.246 us = 604.56 us
RMS_NORM_MUL_ROPE RMS_NORM(64,32,128,1): 8 x 107.725 us = 861.8 us
RMS_NORM_MUL_ROPE RMS_NORM(64,8,128,1): 8 x 31.55 us = 252.4 us
SET_ROWS: 16 x 2.865 us = 45.84 us
SSM_CONV: 22 x 9.76 us = 214.72 us
Total time: 66053.2 us.
----------------
Vulkan Timings:
ADD: 58 x 7.388 us = 428.56 us
CONCAT: 22 x 22.21 us = 488.64 us
CPY: 22 x 3.805 us = 83.72 us
FLASH_ATTN_EXT dst(64,32,32,4),  q(64,32,32,4),  k(64,3584,8,4),  v(64,3584,8,4),  m(3584,32,1,4): 8 x 819.405 us = 6555.24 us (4586.37 GFLOPS/s)
GET_ROWS: 22 x 2.703 us = 59.48 us
GLU: 29 x 40.558 us = 1176.2 us
MUL: 44 x 9.599 us = 422.36 us
MUL_MAT f32 m=64 n=1024 k=64: 16 x 8.932 us = 142.92 us (931.774 GFLOPS/s)
MUL_MAT f32 m=64 n=4096 k=64: 16 x 13.57 us = 217.12 us (2453.37 GFLOPS/s)
MUL_MAT q4_0_rocmfp4_fast m=10752 n=128 k=2048: 58 x 424.704 us = 24632.8 us (13269.9 GFLOPS/s)
MUL_MAT q4_0_rocmfp4_fast m=2048 n=128 k=10752: 29 x 569.546 us = 16516.8 us (9897.15 GFLOPS/s)
MUL_MAT q4_0_rocmfp4_fast m=2048 n=128 k=2048: 16 x 97.645 us = 1562.32 us (10993.7 GFLOPS/s)
MUL_MAT q4_0_rocmfp4_fast m=2048 n=32 k=2048 batch=4: 22 x 143.458 us = 3156.08 us (7482.88 GFLOPS/s)
MUL_MAT q4_0_rocmfp4_fast m=512 n=128 k=2048: 16 x 44.91 us = 718.56 us (5975.73 GFLOPS/s)
MUL_MAT q4_0_rocmfp4_fast m=6144 n=32 k=2048 batch=4: 22 x 359.792 us = 7915.44 us (8950.82 GFLOPS/s)
RMS_NORM_MUL RMS_NORM(2048,128,1,1): 59 x 10.216 us = 602.76 us
RMS_NORM_MUL_ROPE RMS_NORM(64,32,128,1): 8 x 105.85 us = 846.8 us
RMS_NORM_MUL_ROPE RMS_NORM(64,8,128,1): 8 x 31.9 us = 255.2 us
SET_ROWS: 16 x 3.03 us = 48.48 us
SSM_CONV: 22 x 9.712 us = 213.68 us
Total time: 66043.2 us.
----------------
Vulkan Timings:
ADD: 58 x 8.186 us = 474.8 us
CONCAT: 22 x 25.26 us = 555.72 us
CPY: 22 x 3.807 us = 83.76 us
FLASH_ATTN_EXT dst(64,32,32,4),  q(64,32,32,4),  k(64,3584,8,4),  v(64,3584,8,4),  m(3584,32,1,4): 8 x 826.225 us = 6609.8 us (4548.51 GFLOPS/s)
GET_ROWS: 22 x 2.696 us = 59.32 us
GLU: 29 x 38.444 us = 1114.88 us
MUL: 44 x 8.834 us = 388.72 us
MUL_MAT f32 m=64 n=1024 k=64: 16 x 9.155 us = 146.48 us (909.129 GFLOPS/s)
MUL_MAT f32 m=64 n=4096 k=64: 16 x 13.702 us = 219.24 us (2429.65 GFLOPS/s)
MUL_MAT q4_0_rocmfp4_fast m=10752 n=128 k=2048: 58 x 427.689 us = 24806 us (13177.2 GFLOPS/s)
MUL_MAT q4_0_rocmfp4_fast m=2048 n=128 k=10752: 29 x 568.692 us = 16492.1 us (9912.01 GFLOPS/s)
MUL_MAT q4_0_rocmfp4_fast m=2048 n=128 k=2048: 16 x 106.237 us = 1699.8 us (10104.5 GFLOPS/s)
MUL_MAT q4_0_rocmfp4_fast m=2048 n=32 k=2048 batch=4: 22 x 142.392 us = 3132.64 us (7538.87 GFLOPS/s)
MUL_MAT q4_0_rocmfp4_fast m=512 n=128 k=2048: 16 x 41.205 us = 659.28 us (6513.04 GFLOPS/s)
MUL_MAT q4_0_rocmfp4_fast m=6144 n=32 k=2048 batch=4: 22 x 358.536 us = 7887.8 us (8982.18 GFLOPS/s)
RMS_NORM_MUL RMS_NORM(2048,128,1,1): 59 x 10.205 us = 602.12 us
RMS_NORM_MUL_ROPE RMS_NORM(64,32,128,1): 8 x 103.07 us = 824.56 us
RMS_NORM_MUL_ROPE RMS_NORM(64,8,128,1): 8 x 33.42 us = 267.36 us
SET_ROWS: 16 x 3.06 us = 48.96 us
SSM_CONV: 22 x 9.769 us = 214.92 us
Total time: 66288.2 us.
----------------
Vulkan Timings:
ADD: 58 x 7.858 us = 455.8 us
CONCAT: 22 x 21.392 us = 470.64 us
CPY: 22 x 3.816 us = 83.96 us
FLASH_ATTN_EXT dst(64,32,32,4),  q(64,32,32,4),  k(64,3584,8,4),  v(64,3584,8,4),  m(3584,32,1,4): 8 x 824.16 us = 6593.28 us (4559.91 GFLOPS/s)
GET_ROWS: 22 x 2.705 us = 59.52 us
GLU: 29 x 38.5 us = 1116.52 us
MUL: 44 x 10.405 us = 457.84 us
MUL_MAT f32 m=64 n=1024 k=64: 16 x 18.34 us = 293.45 us (453.805 GFLOPS/s)
MUL_MAT f32 m=64 n=4096 k=64: 16 x 13.622 us = 217.96 us (2443.92 GFLOPS/s)
MUL_MAT q4_0_rocmfp4_fast m=10752 n=128 k=2048: 58 x 423.806 us = 24580.8 us (13298 GFLOPS/s)
MUL_MAT q4_0_rocmfp4_fast m=2048 n=128 k=10752: 29 x 575.72 us = 16695.9 us (9791.01 GFLOPS/s)
MUL_MAT q4_0_rocmfp4_fast m=2048 n=128 k=2048: 16 x 102.015 us = 1632.24 us (10522.8 GFLOPS/s)
MUL_MAT q4_0_rocmfp4_fast m=2048 n=32 k=2048 batch=4: 22 x 140.229 us = 3085.04 us (7655.19 GFLOPS/s)
MUL_MAT q4_0_rocmfp4_fast m=512 n=128 k=2048: 16 x 40.012 us = 640.2 us (6707.15 GFLOPS/s)
MUL_MAT q4_0_rocmfp4_fast m=6144 n=32 k=2048 batch=4: 22 x 357.94 us = 7874.68 us (8997.15 GFLOPS/s)
RMS_NORM_MUL RMS_NORM(2048,128,1,1): 59 x 10.151 us = 598.92 us
RMS_NORM_MUL_ROPE RMS_NORM(64,32,128,1): 8 x 100.46 us = 803.68 us
RMS_NORM_MUL_ROPE RMS_NORM(64,8,128,1): 8 x 27.625 us = 221 us
SET_ROWS: 16 x 2.937 us = 47 us
SSM_CONV: 22 x 10.88 us = 239.36 us
Total time: 66167.7 us.
0.17.322.482 I slot print_timing: id  0 | task 2 | prompt processing, n_tokens =   3456, progress = 0.42, t =   7.24 s / 477.29 tokens per second
0.17.322.516 I slot print_timing: id  1 | task 4 | prompt processing, n_tokens =   3456, progress = 0.42, t =   7.24 s / 477.29 tokens per second
0.17.322.538 I slot print_timing: id  2 | task 3 | prompt processing, n_tokens =   3456, progress = 0.42, t =   7.24 s / 477.29 tokens per second
0.17.322.559 I slot print_timing: id  3 | task 1 | prompt processing, n_tokens =   3456, progress = 0.42, t =   7.24 s / 477.29 tokens per second
----------------
Vulkan Timings:
ADD: 58 x 7.693 us = 446.24 us
CONCAT: 22 x 23.729 us = 522.04 us
CPY: 22 x 3.738 us = 82.24 us
FLASH_ATTN_EXT dst(64,32,32,4),  q(64,32,32,4),  k(64,3584,8,4),  v(64,3584,8,4),  m(3584,32,1,4): 8 x 834.9 us = 6679.2 us (4501.25 GFLOPS/s)
GET_ROWS: 22 x 2.738 us = 60.24 us
GLU: 29 x 39.693 us = 1151.12 us
MUL: 44 x 8.488 us = 373.48 us
MUL_MAT f32 m=64 n=1024 k=64: 16 x 8.925 us = 142.8 us (932.557 GFLOPS/s)
MUL_MAT f32 m=64 n=4096 k=64: 16 x 13.605 us = 217.68 us (2447.06 GFLOPS/s)
MUL_MAT q4_0_rocmfp4_fast m=10752 n=128 k=2048: 58 x 424.878 us = 24643 us (13264.4 GFLOPS/s)
MUL_MAT q4_0_rocmfp4_fast m=2048 n=128 k=10752: 29 x 574.606 us = 16663.6 us (9809.98 GFLOPS/s)
MUL_MAT q4_0_rocmfp4_fast m=2048 n=128 k=2048: 16 x 105.695 us = 1691.12 us (10156.4 GFLOPS/s)
MUL_MAT q4_0_rocmfp4_fast m=2048 n=32 k=2048 batch=4: 22 x 139.394 us = 3066.68 us (7701.02 GFLOPS/s)
MUL_MAT q4_0_rocmfp4_fast m=512 n=128 k=2048: 16 x 39.925 us = 638.8 us (6721.85 GFLOPS/s)
MUL_MAT q4_0_rocmfp4_fast m=6144 n=32 k=2048 batch=4: 22 x 356.967 us = 7853.28 us (9021.66 GFLOPS/s)
RMS_NORM_MUL RMS_NORM(2048,128,1,1): 59 x 10.155 us = 599.16 us
RMS_NORM_MUL_ROPE RMS_NORM(64,32,128,1): 8 x 104.125 us = 833 us
RMS_NORM_MUL_ROPE RMS_NORM(64,8,128,1): 8 x 30.34 us = 242.72 us
SET_ROWS: 16 x 2.96 us = 47.36 us
SSM_CONV: 22 x 10.569 us = 232.52 us
Total time: 66186.2 us.
----------------
Vulkan Timings:
ADD: 58 x 8.096 us = 469.6 us
CONCAT: 22 x 23.265 us = 511.84 us
CPY: 22 x 3.789 us = 83.36 us
FLASH_ATTN_EXT dst(64,32,32,4),  q(64,32,32,4),  k(64,3584,8,4),  v(64,3584,8,4),  m(3584,32,1,4): 8 x 843.075 us = 6744.6 us (4457.61 GFLOPS/s)
GET_ROWS: 22 x 3.454 us = 76 us
GLU: 29 x 38.67 us = 1121.44 us
MUL: 44 x 9.737 us = 428.44 us
MUL_MAT f32 m=64 n=1024 k=64: 16 x 8.955 us = 143.28 us (929.433 GFLOPS/s)
MUL_MAT f32 m=64 n=4096 k=64: 16 x 13.542 us = 216.68 us (2458.36 GFLOPS/s)
MUL_MAT q4_0_rocmfp4_fast m=10752 n=128 k=2048: 58 x 422.408 us = 24499.7 us (13342 GFLOPS/s)
MUL_MAT q4_0_rocmfp4_fast m=2048 n=128 k=10752: 29 x 574.743 us = 16667.6 us (9807.65 GFLOPS/s)
MUL_MAT q4_0_rocmfp4_fast m=2048 n=128 k=2048: 16 x 104.422 us = 1670.76 us (10280.2 GFLOPS/s)
MUL_MAT q4_0_rocmfp4_fast m=2048 n=32 k=2048 batch=4: 22 x 139.427 us = 3067.4 us (7699.21 GFLOPS/s)
MUL_MAT q4_0_rocmfp4_fast m=512 n=128 k=2048: 16 x 41.702 us = 667.24 us (6435.34 GFLOPS/s)
MUL_MAT q4_0_rocmfp4_fast m=6144 n=32 k=2048 batch=4: 22 x 354.232 us = 7793.12 us (9091.31 GFLOPS/s)
RMS_NORM_MUL RMS_NORM(2048,128,1,1): 59 x 10.258 us = 605.28 us
RMS_NORM_MUL_ROPE RMS_NORM(64,32,128,1): 8 x 104.51 us = 836.08 us
RMS_NORM_MUL_ROPE RMS_NORM(64,8,128,1): 8 x 28.295 us = 226.36 us
SET_ROWS: 16 x 2.955 us = 47.28 us
SSM_CONV: 22 x 9.712 us = 213.68 us
Total time: 66089.7 us.
----------------
Vulkan Timings:
ADD: 58 x 8.19 us = 475.04 us
CONCAT: 22 x 21.452 us = 471.96 us
CPY: 22 x 3.8 us = 83.6 us
FLASH_ATTN_EXT dst(64,32,32,4),  q(64,32,32,4),  k(64,3584,8,4),  v(64,3584,8,4),  m(3584,32,1,4): 8 x 847.62 us = 6780.96 us (4433.7 GFLOPS/s)
GET_ROWS: 22 x 2.654 us = 58.4 us
GLU: 29 x 39.413 us = 1143 us
MUL: 44 x 10.604 us = 466.6 us
MUL_MAT f32 m=64 n=1024 k=64: 16 x 8.885 us = 142.16 us (936.755 GFLOPS/s)
MUL_MAT f32 m=64 n=4096 k=64: 16 x 13.572 us = 217.16 us (2452.92 GFLOPS/s)
MUL_MAT q4_0_rocmfp4_fast m=10752 n=128 k=2048: 58 x 423.862 us = 24584 us (13296.2 GFLOPS/s)
MUL_MAT q4_0_rocmfp4_fast m=2048 n=128 k=10752: 29 x 577.001 us = 16733 us (9769.27 GFLOPS/s)
MUL_MAT q4_0_rocmfp4_fast m=2048 n=128 k=2048: 16 x 102.41 us = 1638.56 us (10482.2 GFLOPS/s)
MUL_MAT q4_0_rocmfp4_fast m=2048 n=32 k=2048 batch=4: 22 x 139.358 us = 3065.88 us (7703.03 GFLOPS/s)
MUL_MAT q4_0_rocmfp4_fast m=512 n=128 k=2048: 16 x 41.52 us = 664.32 us (6463.63 GFLOPS/s)
MUL_MAT q4_0_rocmfp4_fast m=6144 n=32 k=2048 batch=4: 22 x 350.79 us = 7717.4 us (9180.51 GFLOPS/s)
RMS_NORM_MUL RMS_NORM(2048,128,1,1): 59 x 10.2 us = 601.84 us
RMS_NORM_MUL_ROPE RMS_NORM(64,32,128,1): 8 x 100.39 us = 803.12 us
RMS_NORM_MUL_ROPE RMS_NORM(64,8,128,1): 8 x 29.345 us = 234.76 us
SET_ROWS: 16 x 2.915 us = 46.64 us
SSM_CONV: 22 x 9.7 us = 213.4 us
Total time: 66141.9 us.
----------------
Vulkan Timings:
ADD: 58 x 8.071 us = 468.12 us
CONCAT: 22 x 22.189 us = 488.16 us
CPY: 22 x 3.796 us = 83.52 us
FLASH_ATTN_EXT dst(64,32,32,4),  q(64,32,32,4),  k(64,3584,8,4),  v(64,3584,8,4),  m(3584,32,1,4): 8 x 853.755 us = 6830.04 us (4401.84 GFLOPS/s)
GET_ROWS: 22 x 2.718 us = 59.8 us
GLU: 29 x 39.14 us = 1135.08 us
MUL: 44 x 10.188 us = 448.28 us
MUL_MAT f32 m=64 n=1024 k=64: 16 x 8.9 us = 142.4 us (935.177 GFLOPS/s)
MUL_MAT f32 m=64 n=4096 k=64: 16 x 13.615 us = 217.84 us (2445.27 GFLOPS/s)
MUL_MAT q4_0_rocmfp4_fast m=10752 n=128 k=2048: 58 x 422.644 us = 24513.4 us (13334.5 GFLOPS/s)
MUL_MAT q4_0_rocmfp4_fast m=2048 n=128 k=10752: 29 x 575.434 us = 16687.6 us (9795.87 GFLOPS/s)
MUL_MAT q4_0_rocmfp4_fast m=2048 n=128 k=2048: 16 x 98.862 us = 1581.8 us (10858.3 GFLOPS/s)
MUL_MAT q4_0_rocmfp4_fast m=2048 n=32 k=2048 batch=4: 22 x 143.13 us = 3148.88 us (7499.99 GFLOPS/s)
MUL_MAT q4_0_rocmfp4_fast m=512 n=128 k=2048: 16 x 41.582 us = 665.32 us (6453.91 GFLOPS/s)
MUL_MAT q4_0_rocmfp4_fast m=6144 n=32 k=2048 batch=4: 22 x 353.656 us = 7780.44 us (9106.12 GFLOPS/s)
RMS_NORM_MUL RMS_NORM(2048,128,1,1): 59 x 10.212 us = 602.52 us
RMS_NORM_MUL_ROPE RMS_NORM(64,32,128,1): 8 x 103.78 us = 830.24 us
RMS_NORM_MUL_ROPE RMS_NORM(64,8,128,1): 8 x 27.53 us = 220.24 us
SET_ROWS: 16 x 2.985 us = 47.76 us
SSM_CONV: 22 x 9.707 us = 213.56 us
Total time: 66165 us.
0.17.600.525 I slot print_timing: id  0 | task 2 | prompt processing, n_tokens =   3584, progress = 0.44, t =   7.52 s / 476.66 tokens per second
0.17.600.557 I slot print_timing: id  1 | task 4 | prompt processing, n_tokens =   3584, progress = 0.44, t =   7.52 s / 476.66 tokens per second
0.17.600.578 I slot print_timing: id  2 | task 3 | prompt processing, n_tokens =   3584, progress = 0.44, t =   7.52 s / 476.67 tokens per second
0.17.600.599 I slot print_timing: id  3 | task 1 | prompt processing, n_tokens =   3584, progress = 0.44, t =   7.52 s / 476.67 tokens per second
----------------
Vulkan Timings:
ADD: 58 x 8.335 us = 483.48 us
CONCAT: 22 x 22.936 us = 504.6 us
CPY: 22 x 3.803 us = 83.68 us
FLASH_ATTN_EXT dst(64,32,32,4),  q(64,32,32,4),  k(64,3840,8,4),  v(64,3840,8,4),  m(3840,32,1,4): 8 x 883.32 us = 7066.56 us (4558.41 GFLOPS/s)
GET_ROWS: 22 x 2.745 us = 60.4 us
GLU: 29 x 38.342 us = 1111.92 us
MUL: 44 x 8.619 us = 379.24 us
MUL_MAT f32 m=64 n=1024 k=64: 16 x 8.902 us = 142.44 us (934.914 GFLOPS/s)
MUL_MAT f32 m=64 n=4096 k=64: 16 x 13.687 us = 219 us (2432.31 GFLOPS/s)
MUL_MAT q4_0_rocmfp4_fast m=10752 n=128 k=2048: 58 x 425.804 us = 24696.7 us (13235.6 GFLOPS/s)
MUL_MAT q4_0_rocmfp4_fast m=2048 n=128 k=10752: 29 x 570.62 us = 16548 us (9878.51 GFLOPS/s)
MUL_MAT q4_0_rocmfp4_fast m=2048 n=128 k=2048: 16 x 106.202 us = 1699.24 us (10107.9 GFLOPS/s)
MUL_MAT q4_0_rocmfp4_fast m=2048 n=32 k=2048 batch=4: 22 x 139.636 us = 3072 us (7687.68 GFLOPS/s)
MUL_MAT q4_0_rocmfp4_fast m=512 n=128 k=2048: 16 x 40.962 us = 655.4 us (6551.6 GFLOPS/s)
MUL_MAT q4_0_rocmfp4_fast m=6144 n=32 k=2048 batch=4: 22 x 354.416 us = 7797.16 us (9086.6 GFLOPS/s)
RMS_NORM_MUL RMS_NORM(2048,128,1,1): 59 x 10.245 us = 604.48 us
RMS_NORM_MUL_ROPE RMS_NORM(64,32,128,1): 8 x 108.69 us = 869.52 us
RMS_NORM_MUL_ROPE RMS_NORM(64,8,128,1): 8 x 27.535 us = 220.28 us
SET_ROWS: 16 x 3.262 us = 52.2 us
SSM_CONV: 22 x 9.734 us = 214.16 us
Total time: 66480.4 us.
----------------
Vulkan Timings:
ADD: 58 x 6.509 us = 377.56 us
CONCAT: 22 x 21.367 us = 470.08 us
CPY: 22 x 3.769 us = 82.92 us
FLASH_ATTN_EXT dst(64,32,32,4),  q(64,32,32,4),  k(64,3840,8,4),  v(64,3840,8,4),  m(3840,32,1,4): 8 x 865.86 us = 6926.88 us (4650.33 GFLOPS/s)
GET_ROWS: 22 x 2.7 us = 59.4 us
GLU: 29 x 40.273 us = 1167.92 us
MUL: 44 x 10.392 us = 457.28 us
MUL_MAT f32 m=64 n=1024 k=64: 16 x 8.935 us = 142.96 us (931.513 GFLOPS/s)
MUL_MAT f32 m=64 n=4096 k=64: 16 x 13.642 us = 218.28 us (2440.34 GFLOPS/s)
MUL_MAT q4_0_rocmfp4_fast m=10752 n=128 k=2048: 58 x 424.85 us = 24641.3 us (13265.3 GFLOPS/s)
MUL_MAT q4_0_rocmfp4_fast m=2048 n=128 k=10752: 29 x 576.15 us = 16708.4 us (9783.7 GFLOPS/s)
MUL_MAT q4_0_rocmfp4_fast m=2048 n=128 k=2048: 16 x 97.065 us = 1553.04 us (11059.4 GFLOPS/s)
MUL_MAT q4_0_rocmfp4_fast m=2048 n=32 k=2048 batch=4: 22 x 146.034 us = 3212.76 us (7350.86 GFLOPS/s)
MUL_MAT q4_0_rocmfp4_fast m=512 n=128 k=2048: 16 x 44.09 us = 705.44 us (6086.87 GFLOPS/s)
MUL_MAT q4_0_rocmfp4_fast m=6144 n=32 k=2048 batch=4: 22 x 350.181 us = 7704 us (9196.48 GFLOPS/s)
RMS_NORM_MUL RMS_NORM(2048,128,1,1): 59 x 10.177 us = 600.48 us
RMS_NORM_MUL_ROPE RMS_NORM(64,32,128,1): 8 x 100.305 us = 802.44 us
RMS_NORM_MUL_ROPE RMS_NORM(64,8,128,1): 8 x 29.325 us = 234.6 us
SET_ROWS: 16 x 2.967 us = 47.48 us
SSM_CONV: 22 x 10.59 us = 233 us
Total time: 66346.2 us.
----------------
Vulkan Timings:
ADD: 58 x 7.942 us = 460.64 us
CONCAT: 22 x 22.696 us = 499.32 us
CPY: 22 x 3.798 us = 83.56 us
FLASH_ATTN_EXT dst(64,32,32,4),  q(64,32,32,4),  k(64,3840,8,4),  v(64,3840,8,4),  m(3840,32,1,4): 8 x 876.46 us = 7011.68 us (4594.09 GFLOPS/s)
GET_ROWS: 22 x 2.665 us = 58.64 us
GLU: 29 x 38.641 us = 1120.6 us
MUL: 44 x 10.655 us = 468.84 us
MUL_MAT f32 m=64 n=1024 k=64: 16 x 8.987 us = 143.8 us (926.072 GFLOPS/s)
MUL_MAT f32 m=64 n=4096 k=64: 16 x 13.577 us = 217.24 us (2452.02 GFLOPS/s)
MUL_MAT q4_0_rocmfp4_fast m=10752 n=128 k=2048: 58 x 421.725 us = 24460.1 us (13363.6 GFLOPS/s)
MUL_MAT q4_0_rocmfp4_fast m=2048 n=128 k=10752: 29 x 577.555 us = 16749.1 us (9759.89 GFLOPS/s)
MUL_MAT q4_0_rocmfp4_fast m=2048 n=128 k=2048: 16 x 101.592 us = 1625.48 us (10566.5 GFLOPS/s)
MUL_MAT q4_0_rocmfp4_fast m=2048 n=32 k=2048 batch=4: 22 x 139.023 us = 3058.52 us (7721.56 GFLOPS/s)
MUL_MAT q4_0_rocmfp4_fast m=512 n=128 k=2048: 16 x 42.435 us = 678.96 us (6324.26 GFLOPS/s)
MUL_MAT q4_0_rocmfp4_fast m=6144 n=32 k=2048 batch=4: 22 x 350.789 us = 7717.36 us (9180.56 GFLOPS/s)
RMS_NORM_MUL RMS_NORM(2048,128,1,1): 59 x 10.217 us = 602.84 us
RMS_NORM_MUL_ROPE RMS_NORM(64,32,128,1): 8 x 100.37 us = 802.96 us
RMS_NORM_MUL_ROPE RMS_NORM(64,8,128,1): 8 x 27.505 us = 220.04 us
SET_ROWS: 16 x 3.272 us = 52.36 us
SSM_CONV: 22 x 9.69 us = 213.2 us
Total time: 66245.2 us.
----------------
Vulkan Timings:
ADD: 58 x 6.841 us = 396.8 us
CONCAT: 22 x 23.718 us = 521.8 us
CPY: 22 x 3.792 us = 83.44 us
FLASH_ATTN_EXT dst(64,32,32,4),  q(64,32,32,4),  k(64,3840,8,4),  v(64,3840,8,4),  m(3840,32,1,4): 8 x 881.475 us = 7051.8 us (4567.95 GFLOPS/s)
GET_ROWS: 22 x 2.729 us = 60.04 us
GLU: 29 x 40.4 us = 1171.6 us
MUL: 44 x 9.829 us = 432.48 us
MUL_MAT f32 m=64 n=1024 k=64: 16 x 8.905 us = 142.48 us (934.652 GFLOPS/s)
MUL_MAT f32 m=64 n=4096 k=64: 16 x 13.63 us = 218.08 us (2442.57 GFLOPS/s)
MUL_MAT q4_0_rocmfp4_fast m=10752 n=128 k=2048: 58 x 420.637 us = 24397 us (13398.2 GFLOPS/s)
MUL_MAT q4_0_rocmfp4_fast m=2048 n=128 k=10752: 29 x 573.646 us = 16635.8 us (9826.4 GFLOPS/s)
MUL_MAT q4_0_rocmfp4_fast m=2048 n=128 k=2048: 16 x 102.452 us = 1639.24 us (10477.8 GFLOPS/s)
MUL_MAT q4_0_rocmfp4_fast m=2048 n=32 k=2048 batch=4: 22 x 144.258 us = 3173.68 us (7441.38 GFLOPS/s)
MUL_MAT q4_0_rocmfp4_fast m=512 n=128 k=2048: 16 x 43.19 us = 691.04 us (6213.71 GFLOPS/s)
MUL_MAT q4_0_rocmfp4_fast m=6144 n=32 k=2048 batch=4: 22 x 354.316 us = 7794.96 us (9089.16 GFLOPS/s)
RMS_NORM_MUL RMS_NORM(2048,128,1,1): 59 x 10.205 us = 602.12 us
RMS_NORM_MUL_ROPE RMS_NORM(64,32,128,1): 8 x 105.43 us = 843.44 us
RMS_NORM_MUL_ROPE RMS_NORM(64,8,128,1): 8 x 29.34 us = 234.72 us
SET_ROWS: 16 x 3.062 us = 49 us
SSM_CONV: 22 x 9.72 us = 213.84 us
Total time: 66353.3 us.
0.17.884.875 I slot print_timing: id  0 | task 2 | prompt processing, n_tokens =   3712, progress = 0.45, t =   7.80 s / 475.70 tokens per second
0.17.884.907 I slot print_timing: id  1 | task 4 | prompt processing, n_tokens =   3712, progress = 0.45, t =   7.80 s / 475.70 tokens per second
0.17.884.929 I slot print_timing: id  2 | task 3 | prompt processing, n_tokens =   3712, progress = 0.45, t =   7.80 s / 475.70 tokens per second
0.17.884.951 I slot print_timing: id  3 | task 1 | prompt processing, n_tokens =   3712, progress = 0.45, t =   7.80 s / 475.70 tokens per second
----------------
Vulkan Timings:
ADD: 58 x 8.521 us = 494.24 us
CONCAT: 22 x 21.398 us = 470.76 us
CPY: 22 x 3.783 us = 83.24 us
FLASH_ATTN_EXT dst(64,32,32,4),  q(64,32,32,4),  k(64,3840,8,4),  v(64,3840,8,4),  m(3840,32,1,4): 8 x 885.97 us = 7087.76 us (4544.77 GFLOPS/s)
GET_ROWS: 22 x 2.727 us = 60 us
GLU: 29 x 39.086 us = 1133.52 us
MUL: 44 x 10.593 us = 466.12 us
MUL_MAT f32 m=64 n=1024 k=64: 16 x 8.915 us = 142.64 us (933.603 GFLOPS/s)
MUL_MAT f32 m=64 n=4096 k=64: 16 x 13.562 us = 217 us (2454.73 GFLOPS/s)
MUL_MAT q4_0_rocmfp4_fast m=10752 n=128 k=2048: 58 x 423.171 us = 24544 us (13317.9 GFLOPS/s)
MUL_MAT q4_0_rocmfp4_fast m=2048 n=128 k=10752: 29 x 572.183 us = 16593.3 us (9851.53 GFLOPS/s)
MUL_MAT q4_0_rocmfp4_fast m=2048 n=128 k=2048: 16 x 96.375 us = 1542 us (11138.6 GFLOPS/s)
MUL_MAT q4_0_rocmfp4_fast m=2048 n=32 k=2048 batch=4: 22 x 140.007 us = 3080.16 us (7667.31 GFLOPS/s)
MUL_MAT q4_0_rocmfp4_fast m=512 n=128 k=2048: 16 x 44.147 us = 706.36 us (6078.94 GFLOPS/s)
MUL_MAT q4_0_rocmfp4_fast m=6144 n=32 k=2048 batch=4: 22 x 351.392 us = 7730.64 us (9164.79 GFLOPS/s)
RMS_NORM_MUL RMS_NORM(2048,128,1,1): 59 x 10.2 us = 601.84 us
RMS_NORM_MUL_ROPE RMS_NORM(64,32,128,1): 8 x 100.41 us = 803.28 us
RMS_NORM_MUL_ROPE RMS_NORM(64,8,128,1): 8 x 27.53 us = 220.24 us
SET_ROWS: 16 x 3.202 us = 51.24 us
SSM_CONV: 22 x 9.705 us = 213.52 us
Total time: 66241.8 us.
----------------
Vulkan Timings:
ADD: 58 x 8.284 us = 480.48 us
CONCAT: 22 x 23.325 us = 513.16 us
CPY: 22 x 3.774 us = 83.04 us
FLASH_ATTN_EXT dst(64,32,32,4),  q(64,32,32,4),  k(64,3840,8,4),  v(64,3840,8,4),  m(3840,32,1,4): 8 x 895.725 us = 7165.8 us (4495.28 GFLOPS/s)
GET_ROWS: 22 x 2.687 us = 59.12 us
GLU: 29 x 37.902 us = 1099.16 us
MUL: 44 x 8.414 us = 370.24 us
MUL_MAT f32 m=64 n=1024 k=64: 16 x 8.95 us = 143.2 us (929.952 GFLOPS/s)
MUL_MAT f32 m=64 n=4096 k=64: 16 x 13.75 us = 220 us (2421.26 GFLOPS/s)
MUL_MAT q4_0_rocmfp4_fast m=10752 n=128 k=2048: 58 x 422.904 us = 24528.5 us (13326.3 GFLOPS/s)
MUL_MAT q4_0_rocmfp4_fast m=2048 n=128 k=10752: 29 x 574.358 us = 16656.4 us (9814.22 GFLOPS/s)
MUL_MAT q4_0_rocmfp4_fast m=2048 n=128 k=2048: 16 x 106.03 us = 1696.48 us (10124.3 GFLOPS/s)
MUL_MAT q4_0_rocmfp4_fast m=2048 n=32 k=2048 batch=4: 22 x 140.51 us = 3091.24 us (7639.83 GFLOPS/s)
MUL_MAT q4_0_rocmfp4_fast m=512 n=128 k=2048: 16 x 39.095 us = 625.52 us (6864.56 GFLOPS/s)
MUL_MAT q4_0_rocmfp4_fast m=6144 n=32 k=2048 batch=4: 22 x 358.409 us = 7885 us (8985.37 GFLOPS/s)
RMS_NORM_MUL RMS_NORM(2048,128,1,1): 59 x 10.179 us = 600.6 us
RMS_NORM_MUL_ROPE RMS_NORM(64,32,128,1): 8 x 109.785 us = 878.28 us
RMS_NORM_MUL_ROPE RMS_NORM(64,8,128,1): 8 x 30.64 us = 245.12 us
SET_ROWS: 16 x 2.917 us = 46.68 us
SSM_CONV: 22 x 9.723 us = 213.92 us
Total time: 66601.9 us.
----------------
Vulkan Timings:
ADD: 58 x 7.56 us = 438.48 us
CONCAT: 22 x 22.86 us = 502.92 us
CPY: 22 x 3.829 us = 84.24 us
FLASH_ATTN_EXT dst(64,32,32,4),  q(64,32,32,4),  k(64,3840,8,4),  v(64,3840,8,4),  m(3840,32,1,4): 8 x 908.385 us = 7267.08 us (4432.63 GFLOPS/s)
GET_ROWS: 22 x 2.756 us = 60.64 us
GLU: 29 x 38.009 us = 1102.28 us
MUL: 44 x 9.968 us = 438.6 us
MUL_MAT f32 m=64 n=1024 k=64: 16 x 8.89 us = 142.24 us (936.229 GFLOPS/s)
MUL_MAT f32 m=64 n=4096 k=64: 16 x 13.435 us = 214.96 us (2478.03 GFLOPS/s)
MUL_MAT q4_0_rocmfp4_fast m=10752 n=128 k=2048: 58 x 423.403 us = 24557.4 us (13310.6 GFLOPS/s)
MUL_MAT q4_0_rocmfp4_fast m=2048 n=128 k=10752: 29 x 570.092 us = 16532.7 us (9887.66 GFLOPS/s)
MUL_MAT q4_0_rocmfp4_fast m=2048 n=128 k=2048: 16 x 100.067 us = 1601.08 us (10727.6 GFLOPS/s)
MUL_MAT q4_0_rocmfp4_fast m=2048 n=32 k=2048 batch=4: 22 x 143.518 us = 3157.4 us (7479.75 GFLOPS/s)
MUL_MAT q4_0_rocmfp4_fast m=512 n=128 k=2048: 16 x 45.325 us = 725.2 us (5921.01 GFLOPS/s)
MUL_MAT q4_0_rocmfp4_fast m=6144 n=32 k=2048 batch=4: 22 x 355.749 us = 7826.48 us (9052.56 GFLOPS/s)
RMS_NORM_MUL RMS_NORM(2048,128,1,1): 59 x 10.218 us = 602.92 us
RMS_NORM_MUL_ROPE RMS_NORM(64,32,128,1): 8 x 105.92 us = 847.36 us
RMS_NORM_MUL_ROPE RMS_NORM(64,8,128,1): 8 x 31.885 us = 255.08 us
SET_ROWS: 16 x 3.31 us = 52.96 us
SSM_CONV: 22 x 9.73 us = 214.08 us
Total time: 66624.1 us.
----------------
Vulkan Timings:
ADD: 58 x 8.792 us = 509.96 us
CONCAT: 22 x 23.061 us = 507.36 us
CPY: 22 x 3.805 us = 83.72 us
FLASH_ATTN_EXT dst(64,32,32,4),  q(64,32,32,4),  k(64,3840,8,4),  v(64,3840,8,4),  m(3840,32,1,4): 8 x 911.445 us = 7291.56 us (4417.75 GFLOPS/s)
GET_ROWS: 22 x 2.645 us = 58.2 us
GLU: 29 x 37.248 us = 1080.2 us
MUL: 44 x 9.342 us = 411.08 us
MUL_MAT f32 m=64 n=1024 k=64: 16 x 8.99 us = 143.84 us (925.814 GFLOPS/s)
MUL_MAT f32 m=64 n=4096 k=64: 16 x 13.61 us = 217.76 us (2446.16 GFLOPS/s)
MUL_MAT q4_0_rocmfp4_fast m=10752 n=128 k=2048: 58 x 422.666 us = 24514.7 us (13333.8 GFLOPS/s)
MUL_MAT q4_0_rocmfp4_fast m=2048 n=128 k=10752: 29 x 572.219 us = 16594.4 us (9850.91 GFLOPS/s)
MUL_MAT q4_0_rocmfp4_fast m=2048 n=128 k=2048: 16 x 106.695 us = 1707.12 us (10061.2 GFLOPS/s)
MUL_MAT q4_0_rocmfp4_fast m=2048 n=32 k=2048 batch=4: 22 x 139.552 us = 3070.16 us (7692.29 GFLOPS/s)
MUL_MAT q4_0_rocmfp4_fast m=512 n=128 k=2048: 16 x 42.002 us = 672.04 us (6389.38 GFLOPS/s)
MUL_MAT q4_0_rocmfp4_fast m=6144 n=32 k=2048 batch=4: 22 x 355.721 us = 7825.88 us (9053.25 GFLOPS/s)
RMS_NORM_MUL RMS_NORM(2048,128,1,1): 59 x 10.22 us = 603 us
RMS_NORM_MUL_ROPE RMS_NORM(64,32,128,1): 8 x 100.495 us = 803.96 us
RMS_NORM_MUL_ROPE RMS_NORM(64,8,128,1): 8 x 30.71 us = 245.68 us
SET_ROWS: 16 x 2.982 us = 47.72 us
SSM_CONV: 22 x 9.725 us = 213.96 us
Total time: 66602.2 us.
0.18.165.345 I slot print_timing: id  0 | task 2 | prompt processing, n_tokens =   3840, progress = 0.47, t =   8.08 s / 475.03 tokens per second
0.18.165.378 I slot print_timing: id  1 | task 4 | prompt processing, n_tokens =   3840, progress = 0.47, t =   8.08 s / 475.03 tokens per second
0.18.165.401 I slot print_timing: id  2 | task 3 | prompt processing, n_tokens =   3840, progress = 0.47, t =   8.08 s / 475.03 tokens per second
0.18.165.422 I slot print_timing: id  3 | task 1 | prompt processing, n_tokens =   3840, progress = 0.47, t =   8.08 s / 475.03 tokens per second
----------------
Vulkan Timings:
ADD: 58 x 8.052 us = 467.04 us
CONCAT: 22 x 21.512 us = 473.28 us
CPY: 22 x 3.787 us = 83.32 us
FLASH_ATTN_EXT dst(64,32,32,4),  q(64,32,32,4),  k(64,4096,8,4),  v(64,4096,8,4),  m(4096,32,1,4): 8 x 925.785 us = 7406.28 us (4639.27 GFLOPS/s)
GET_ROWS: 22 x 2.672 us = 58.8 us
GLU: 29 x 38.966 us = 1130.04 us
MUL: 44 x 10.408 us = 457.96 us
MUL_MAT f32 m=64 n=1024 k=64: 16 x 8.967 us = 143.48 us (928.137 GFLOPS/s)
MUL_MAT f32 m=64 n=4096 k=64: 16 x 13.605 us = 217.68 us (2447.06 GFLOPS/s)
MUL_MAT q4_0_rocmfp4_fast m=10752 n=128 k=2048: 58 x 422.702 us = 24516.8 us (13332.7 GFLOPS/s)
MUL_MAT q4_0_rocmfp4_fast m=2048 n=128 k=10752: 29 x 574.193 us = 16651.6 us (9817.05 GFLOPS/s)
MUL_MAT q4_0_rocmfp4_fast m=2048 n=128 k=2048: 16 x 107.342 us = 1717.48 us (10000.5 GFLOPS/s)
MUL_MAT q4_0_rocmfp4_fast m=2048 n=32 k=2048 batch=4: 22 x 143.309 us = 3152.8 us (7490.66 GFLOPS/s)
MUL_MAT q4_0_rocmfp4_fast m=512 n=128 k=2048: 16 x 39.147 us = 626.36 us (6855.35 GFLOPS/s)
MUL_MAT q4_0_rocmfp4_fast m=6144 n=32 k=2048 batch=4: 22 x 354.316 us = 7794.96 us (9089.16 GFLOPS/s)
RMS_NORM_MUL RMS_NORM(2048,128,1,1): 59 x 10.259 us = 605.32 us
RMS_NORM_MUL_ROPE RMS_NORM(64,32,128,1): 8 x 102.16 us = 817.28 us
RMS_NORM_MUL_ROPE RMS_NORM(64,8,128,1): 8 x 27.405 us = 219.24 us
SET_ROWS: 16 x 3.03 us = 48.48 us
SSM_CONV: 22 x 9.7 us = 213.4 us
Total time: 66801.6 us.
----------------
Vulkan Timings:
ADD: 58 x 8.473 us = 491.44 us
CONCAT: 22 x 22.494 us = 494.88 us
CPY: 22 x 5.592 us = 123.04 us
FLASH_ATTN_EXT dst(64,32,32,4),  q(64,32,32,4),  k(64,4096,8,4),  v(64,4096,8,4),  m(4096,32,1,4): 8 x 927.93 us = 7423.44 us (4628.55 GFLOPS/s)
GET_ROWS: 22 x 2.694 us = 59.28 us
GLU: 29 x 36.617 us = 1061.92 us
MUL: 44 x 9.476 us = 416.96 us
MUL_MAT f32 m=64 n=1024 k=64: 16 x 8.96 us = 143.36 us (928.914 GFLOPS/s)
MUL_MAT f32 m=64 n=4096 k=64: 16 x 13.53 us = 216.48 us (2460.63 GFLOPS/s)
MUL_MAT q4_0_rocmfp4_fast m=10752 n=128 k=2048: 58 x 422.939 us = 24530.5 us (13325.2 GFLOPS/s)
MUL_MAT q4_0_rocmfp4_fast m=2048 n=128 k=10752: 29 x 572.795 us = 16611.1 us (9841 GFLOPS/s)
MUL_MAT q4_0_rocmfp4_fast m=2048 n=128 k=2048: 16 x 103.712 us = 1659.4 us (10350.5 GFLOPS/s)
MUL_MAT q4_0_rocmfp4_fast m=2048 n=32 k=2048 batch=4: 22 x 140.221 us = 3084.88 us (7655.58 GFLOPS/s)
MUL_MAT q4_0_rocmfp4_fast m=512 n=128 k=2048: 16 x 40.892 us = 654.28 us (6562.82 GFLOPS/s)
MUL_MAT q4_0_rocmfp4_fast m=6144 n=32 k=2048 batch=4: 22 x 356.32 us = 7839.04 us (9038.05 GFLOPS/s)
RMS_NORM_MUL RMS_NORM(2048,128,1,1): 59 x 10.167 us = 599.88 us
RMS_NORM_MUL_ROPE RMS_NORM(64,32,128,1): 8 x 103.54 us = 828.32 us
RMS_NORM_MUL_ROPE RMS_NORM(64,8,128,1): 8 x 30.02 us = 240.16 us
SET_ROWS: 16 x 2.797 us = 44.76 us
SSM_CONV: 22 x 9.812 us = 215.88 us
Total time: 66739 us.
----------------
Vulkan Timings:
ADD: 58 x 8.513 us = 493.8 us
CONCAT: 22 x 22.881 us = 503.4 us
CPY: 22 x 3.765 us = 82.84 us
FLASH_ATTN_EXT dst(64,32,32,4),  q(64,32,32,4),  k(64,4096,8,4),  v(64,4096,8,4),  m(4096,32,1,4): 8 x 938.51 us = 7508.08 us (4576.37 GFLOPS/s)
GET_ROWS: 22 x 2.698 us = 59.36 us
GLU: 29 x 39.205 us = 1136.96 us
MUL: 44 x 9.816 us = 431.92 us
MUL_MAT f32 m=64 n=1024 k=64: 16 x 8.907 us = 142.52 us (934.389 GFLOPS/s)
MUL_MAT f32 m=64 n=4096 k=64: 16 x 13.61 us = 217.76 us (2446.16 GFLOPS/s)
MUL_MAT q4_0_rocmfp4_fast m=10752 n=128 k=2048: 58 x 421.767 us = 24462.5 us (13362.3 GFLOPS/s)
MUL_MAT q4_0_rocmfp4_fast m=2048 n=128 k=10752: 29 x 575.921 us = 16701.7 us (9787.59 GFLOPS/s)
MUL_MAT q4_0_rocmfp4_fast m=2048 n=128 k=2048: 16 x 106.292 us = 1700.68 us (10099.3 GFLOPS/s)
MUL_MAT q4_0_rocmfp4_fast m=2048 n=32 k=2048 batch=4: 22 x 139.23 us = 3063.08 us (7710.07 GFLOPS/s)
MUL_MAT q4_0_rocmfp4_fast m=512 n=128 k=2048: 16 x 36.28 us = 580.48 us (7397.19 GFLOPS/s)
MUL_MAT q4_0_rocmfp4_fast m=6144 n=32 k=2048 batch=4: 22 x 360.943 us = 7940.76 us (8922.28 GFLOPS/s)
RMS_NORM_MUL RMS_NORM(2048,128,1,1): 59 x 10.214 us = 602.64 us
RMS_NORM_MUL_ROPE RMS_NORM(64,32,128,1): 8 x 102.615 us = 820.92 us
RMS_NORM_MUL_ROPE RMS_NORM(64,8,128,1): 8 x 29.31 us = 234.48 us
SET_ROWS: 16 x 2.997 us = 47.96 us
SSM_CONV: 22 x 9.738 us = 214.24 us
Total time: 66946.1 us.
----------------
Vulkan Timings:
ADD: 58 x 8.338 us = 483.64 us
CONCAT: 22 x 23.029 us = 506.64 us
CPY: 22 x 3.825 us = 84.16 us
FLASH_ATTN_EXT dst(64,32,32,4),  q(64,32,32,4),  k(64,4096,8,4),  v(64,4096,8,4),  m(4096,32,1,4): 8 x 946.15 us = 7569.2 us (4539.41 GFLOPS/s)
GET_ROWS: 22 x 2.674 us = 58.84 us
GLU: 29 x 38.771 us = 1124.36 us
MUL: 44 x 9.901 us = 435.68 us
MUL_MAT f32 m=64 n=1024 k=64: 16 x 8.892 us = 142.28 us (935.965 GFLOPS/s)
MUL_MAT f32 m=64 n=4096 k=64: 16 x 13.73 us = 219.68 us (2424.78 GFLOPS/s)
MUL_MAT q4_0_rocmfp4_fast m=10752 n=128 k=2048: 58 x 424.522 us = 24622.3 us (13275.6 GFLOPS/s)
MUL_MAT q4_0_rocmfp4_fast m=2048 n=128 k=10752: 29 x 569.744 us = 16522.6 us (9893.7 GFLOPS/s)
MUL_MAT q4_0_rocmfp4_fast m=2048 n=128 k=2048: 16 x 105.875 us = 1694 us (10139.1 GFLOPS/s)
MUL_MAT q4_0_rocmfp4_fast m=2048 n=32 k=2048 batch=4: 22 x 143.167 us = 3149.68 us (7498.08 GFLOPS/s)
MUL_MAT q4_0_rocmfp4_fast m=512 n=128 k=2048: 16 x 39.452 us = 631.24 us (6802.36 GFLOPS/s)
MUL_MAT q4_0_rocmfp4_fast m=6144 n=32 k=2048 batch=4: 22 x 353.127 us = 7768.8 us (9119.77 GFLOPS/s)
RMS_NORM_MUL RMS_NORM(2048,128,1,1): 59 x 10.221 us = 603.04 us
RMS_NORM_MUL_ROPE RMS_NORM(64,32,128,1): 8 x 105.88 us = 847.04 us
RMS_NORM_MUL_ROPE RMS_NORM(64,8,128,1): 8 x 31.355 us = 250.84 us
SET_ROWS: 16 x 2.917 us = 46.68 us
SSM_CONV: 22 x 9.714 us = 213.72 us
Total time: 66974.4 us.
0.18.449.361 I slot print_timing: id  0 | task 2 | prompt processing, n_tokens =   3968, progress = 0.48, t =   8.37 s / 474.20 tokens per second
0.18.449.392 I slot print_timing: id  1 | task 4 | prompt processing, n_tokens =   3968, progress = 0.48, t =   8.37 s / 474.20 tokens per second
0.18.449.413 I slot print_timing: id  2 | task 3 | prompt processing, n_tokens =   3968, progress = 0.48, t =   8.37 s / 474.20 tokens per second
0.18.449.433 I slot print_timing: id  3 | task 1 | prompt processing, n_tokens =   3968, progress = 0.48, t =   8.37 s / 474.20 tokens per second
----------------
Vulkan Timings:
ADD: 58 x 8.232 us = 477.48 us
CONCAT: 22 x 22.194 us = 488.28 us
CPY: 22 x 3.81 us = 83.84 us
FLASH_ATTN_EXT dst(64,32,32,4),  q(64,32,32,4),  k(64,4096,8,4),  v(64,4096,8,4),  m(4096,32,1,4): 8 x 956.23 us = 7649.84 us (4491.56 GFLOPS/s)
GET_ROWS: 22 x 2.665 us = 58.64 us
GLU: 29 x 39.244 us = 1138.08 us
MUL: 44 x 10.405 us = 457.84 us
MUL_MAT f32 m=64 n=1024 k=64: 16 x 8.937 us = 143 us (931.253 GFLOPS/s)
MUL_MAT f32 m=64 n=4096 k=64: 16 x 13.632 us = 218.12 us (2442.13 GFLOPS/s)
MUL_MAT q4_0_rocmfp4_fast m=10752 n=128 k=2048: 58 x 421.61 us = 24453.4 us (13367.2 GFLOPS/s)
MUL_MAT q4_0_rocmfp4_fast m=2048 n=128 k=10752: 29 x 578.004 us = 16762.1 us (9752.32 GFLOPS/s)
MUL_MAT q4_0_rocmfp4_fast m=2048 n=128 k=2048: 16 x 101.302 us = 1620.84 us (10596.8 GFLOPS/s)
MUL_MAT q4_0_rocmfp4_fast m=2048 n=32 k=2048 batch=4: 22 x 139.661 us = 3072.56 us (7686.28 GFLOPS/s)
MUL_MAT q4_0_rocmfp4_fast m=512 n=128 k=2048: 16 x 40.852 us = 653.64 us (6569.24 GFLOPS/s)
MUL_MAT q4_0_rocmfp4_fast m=6144 n=32 k=2048 batch=4: 22 x 352.901 us = 7763.84 us (9125.59 GFLOPS/s)
RMS_NORM_MUL RMS_NORM(2048,128,1,1): 59 x 10.263 us = 605.56 us
RMS_NORM_MUL_ROPE RMS_NORM(64,32,128,1): 8 x 100.325 us = 802.6 us
RMS_NORM_MUL_ROPE RMS_NORM(64,8,128,1): 8 x 27.45 us = 219.6 us
SET_ROWS: 16 x 3.01 us = 48.16 us
SSM_CONV: 22 x 9.743 us = 214.36 us
Total time: 66931.8 us.
----------------
Vulkan Timings:
ADD: 58 x 7.84 us = 454.72 us
CONCAT: 22 x 21.727 us = 478 us
CPY: 22 x 4.861 us = 106.96 us
FLASH_ATTN_EXT dst(64,32,32,4),  q(64,32,32,4),  k(64,4096,8,4),  v(64,4096,8,4),  m(4096,32,1,4): 8 x 959.945 us = 7679.56 us (4474.18 GFLOPS/s)
GET_ROWS: 22 x 2.707 us = 59.56 us
GLU: 29 x 38.975 us = 1130.28 us
MUL: 44 x 10.242 us = 450.68 us
MUL_MAT f32 m=64 n=1024 k=64: 16 x 8.95 us = 143.2 us (929.952 GFLOPS/s)
MUL_MAT f32 m=64 n=4096 k=64: 16 x 13.752 us = 220.04 us (2420.82 GFLOPS/s)
MUL_MAT q4_0_rocmfp4_fast m=10752 n=128 k=2048: 58 x 421.835 us = 24466.4 us (13360.1 GFLOPS/s)
MUL_MAT q4_0_rocmfp4_fast m=2048 n=128 k=10752: 29 x 575.074 us = 16677.2 us (9802 GFLOPS/s)
MUL_MAT q4_0_rocmfp4_fast m=2048 n=128 k=2048: 16 x 101.15 us = 1618.4 us (10612.8 GFLOPS/s)
MUL_MAT q4_0_rocmfp4_fast m=2048 n=32 k=2048 batch=4: 22 x 141.196 us = 3106.32 us (7602.74 GFLOPS/s)
MUL_MAT q4_0_rocmfp4_fast m=512 n=128 k=2048: 16 x 41.35 us = 661.6 us (6490.2 GFLOPS/s)
MUL_MAT q4_0_rocmfp4_fast m=6144 n=32 k=2048 batch=4: 22 x 349.454 us = 7688 us (9215.62 GFLOPS/s)
RMS_NORM_MUL RMS_NORM(2048,128,1,1): 59 x 10.255 us = 605.08 us
RMS_NORM_MUL_ROPE RMS_NORM(64,32,128,1): 8 x 102.08 us = 816.64 us
RMS_NORM_MUL_ROPE RMS_NORM(64,8,128,1): 8 x 34.465 us = 275.72 us
SET_ROWS: 16 x 3.03 us = 48.48 us
SSM_CONV: 22 x 9.718 us = 213.8 us
Total time: 66900.6 us.
----------------
Vulkan Timings:
ADD: 58 x 8.155 us = 473 us
CONCAT: 22 x 21.389 us = 470.56 us
CPY: 22 x 3.834 us = 84.36 us
FLASH_ATTN_EXT dst(64,32,32,4),  q(64,32,32,4),  k(64,4096,8,4),  v(64,4096,8,4),  m(4096,32,1,4): 8 x 963.98 us = 7711.84 us (4455.45 GFLOPS/s)
GET_ROWS: 22 x 2.721 us = 59.88 us
GLU: 29 x 39.303 us = 1139.8 us
MUL: 44 x 10.386 us = 457 us
MUL_MAT f32 m=64 n=1024 k=64: 16 x 8.862 us = 141.8 us (939.134 GFLOPS/s)
MUL_MAT f32 m=64 n=4096 k=64: 16 x 13.655 us = 218.48 us (2438.1 GFLOPS/s)
MUL_MAT q4_0_rocmfp4_fast m=10752 n=128 k=2048: 58 x 422.019 us = 24477.1 us (13354.3 GFLOPS/s)
MUL_MAT q4_0_rocmfp4_fast m=2048 n=128 k=10752: 29 x 572.139 us = 16592 us (9852.29 GFLOPS/s)
MUL_MAT q4_0_rocmfp4_fast m=2048 n=128 k=2048: 16 x 100.972 us = 1615.56 us (10631.4 GFLOPS/s)
MUL_MAT q4_0_rocmfp4_fast m=2048 n=32 k=2048 batch=4: 22 x 141.427 us = 3111.4 us (7590.33 GFLOPS/s)
MUL_MAT q4_0_rocmfp4_fast m=512 n=128 k=2048: 16 x 42.385 us = 678.16 us (6331.72 GFLOPS/s)
MUL_MAT q4_0_rocmfp4_fast m=6144 n=32 k=2048 batch=4: 22 x 351.414 us = 7731.12 us (9164.22 GFLOPS/s)
RMS_NORM_MUL RMS_NORM(2048,128,1,1): 59 x 10.167 us = 599.88 us
RMS_NORM_MUL_ROPE RMS_NORM(64,32,128,1): 8 x 104.63 us = 837.04 us
RMS_NORM_MUL_ROPE RMS_NORM(64,8,128,1): 8 x 27.625 us = 221 us
SET_ROWS: 16 x 2.917 us = 46.68 us
SSM_CONV: 22 x 9.67 us = 212.76 us
Total time: 66879.5 us.
----------------
Vulkan Timings:
ADD: 58 x 7.865 us = 456.2 us
CONCAT: 22 x 24.581 us = 540.8 us
CPY: 22 x 3.812 us = 83.88 us
FLASH_ATTN_EXT dst(64,32,32,4),  q(64,32,32,4),  k(64,4096,8,4),  v(64,4096,8,4),  m(4096,32,1,4): 8 x 981.04 us = 7848.32 us (4377.97 GFLOPS/s)
GET_ROWS: 22 x 2.68 us = 58.96 us
GLU: 29 x 40.161 us = 1164.68 us
MUL: 44 x 9.7 us = 426.84 us
MUL_MAT f32 m=64 n=1024 k=64: 16 x 8.892 us = 142.28 us (935.965 GFLOPS/s)
MUL_MAT f32 m=64 n=4096 k=64: 16 x 13.67 us = 218.72 us (2435.43 GFLOPS/s)
MUL_MAT q4_0_rocmfp4_fast m=10752 n=128 k=2048: 58 x 422.72 us = 24517.8 us (13332.2 GFLOPS/s)
MUL_MAT q4_0_rocmfp4_fast m=2048 n=128 k=10752: 29 x 570.491 us = 16544.2 us (9880.76 GFLOPS/s)
MUL_MAT q4_0_rocmfp4_fast m=2048 n=128 k=2048: 16 x 103.412 us = 1654.6 us (10380.6 GFLOPS/s)
MUL_MAT q4_0_rocmfp4_fast m=2048 n=32 k=2048 batch=4: 22 x 144.681 us = 3183 us (7419.59 GFLOPS/s)
MUL_MAT q4_0_rocmfp4_fast m=512 n=128 k=2048: 16 x 42.392 us = 678.28 us (6330.6 GFLOPS/s)
MUL_MAT q4_0_rocmfp4_fast m=6144 n=32 k=2048 batch=4: 22 x 357.403 us = 7862.88 us (9010.65 GFLOPS/s)
RMS_NORM_MUL RMS_NORM(2048,128,1,1): 59 x 10.241 us = 604.24 us
RMS_NORM_MUL_ROPE RMS_NORM(64,32,128,1): 8 x 104.04 us = 832.32 us
RMS_NORM_MUL_ROPE RMS_NORM(64,8,128,1): 8 x 31.195 us = 249.56 us
SET_ROWS: 16 x 3.115 us = 49.84 us
SSM_CONV: 22 x 9.71 us = 213.64 us
Total time: 67331 us.
0.18.731.357 I slot print_timing: id  0 | task 2 | prompt processing, n_tokens =   4096, progress = 0.50, t =   8.65 s / 473.54 tokens per second
0.18.731.402 I slot print_timing: id  1 | task 4 | prompt processing, n_tokens =   4096, progress = 0.50, t =   8.65 s / 473.54 tokens per second
0.18.731.435 I slot print_timing: id  2 | task 3 | prompt processing, n_tokens =   4096, progress = 0.50, t =   8.65 s / 473.54 tokens per second
0.18.731.471 I slot print_timing: id  3 | task 1 | prompt processing, n_tokens =   4096, progress = 0.50, t =   8.65 s / 473.54 tokens per second
----------------
Vulkan Timings:
ADD: 58 x 8.091 us = 469.32 us
CONCAT: 22 x 21.421 us = 471.28 us
CPY: 22 x 3.714 us = 81.72 us
FLASH_ATTN_EXT dst(64,32,32,4),  q(64,32,32,4),  k(64,4352,8,4),  v(64,4352,8,4),  m(4352,32,1,4): 8 x 971.23 us = 7769.84 us (4698.58 GFLOPS/s)
GET_ROWS: 22 x 2.71 us = 59.64 us
GLU: 29 x 38.577 us = 1118.76 us
MUL: 44 x 10.614 us = 467.04 us
MUL_MAT f32 m=64 n=1024 k=64: 16 x 8.852 us = 141.64 us (940.195 GFLOPS/s)
MUL_MAT f32 m=64 n=4096 k=64: 16 x 13.742 us = 219.88 us (2422.58 GFLOPS/s)
MUL_MAT q4_0_rocmfp4_fast m=10752 n=128 k=2048: 58 x 423.546 us = 24565.7 us (13306.1 GFLOPS/s)
MUL_MAT q4_0_rocmfp4_fast m=2048 n=128 k=10752: 29 x 573.46 us = 16630.4 us (9829.59 GFLOPS/s)
MUL_MAT q4_0_rocmfp4_fast m=2048 n=128 k=2048: 16 x 99.782 us = 1596.52 us (10758.2 GFLOPS/s)
MUL_MAT q4_0_rocmfp4_fast m=2048 n=32 k=2048 batch=4: 22 x 138.938 us = 3056.64 us (7726.31 GFLOPS/s)
MUL_MAT q4_0_rocmfp4_fast m=512 n=128 k=2048: 16 x 43.7 us = 699.2 us (6141.19 GFLOPS/s)
MUL_MAT q4_0_rocmfp4_fast m=6144 n=32 k=2048 batch=4: 22 x 356.743 us = 7848.36 us (9027.32 GFLOPS/s)
RMS_NORM_MUL RMS_NORM(2048,128,1,1): 59 x 10.256 us = 605.16 us
RMS_NORM_MUL_ROPE RMS_NORM(64,32,128,1): 8 x 102.22 us = 817.76 us
RMS_NORM_MUL_ROPE RMS_NORM(64,8,128,1): 8 x 29.365 us = 234.92 us
SET_ROWS: 16 x 3.007 us = 48.12 us
SSM_CONV: 22 x 10.578 us = 232.72 us
Total time: 67134.6 us.
----------------
Vulkan Timings:
ADD: 58 x 7.29 us = 422.84 us
CONCAT: 22 x 21.821 us = 480.08 us
CPY: 22 x 4.732 us = 104.12 us
FLASH_ATTN_EXT dst(64,32,32,4),  q(64,32,32,4),  k(64,4352,8,4),  v(64,4352,8,4),  m(4352,32,1,4): 8 x 980.57 us = 7844.56 us (4653.83 GFLOPS/s)
GET_ROWS: 22 x 2.674 us = 58.84 us
GLU: 29 x 38.907 us = 1128.32 us
MUL: 44 x 10.55 us = 464.2 us
MUL_MAT f32 m=64 n=1024 k=64: 16 x 8.88 us = 142.08 us (937.283 GFLOPS/s)
MUL_MAT f32 m=64 n=4096 k=64: 16 x 13.677 us = 218.84 us (2434.09 GFLOPS/s)
MUL_MAT q4_0_rocmfp4_fast m=10752 n=128 k=2048: 58 x 424.159 us = 24601.2 us (13286.9 GFLOPS/s)
MUL_MAT q4_0_rocmfp4_fast m=2048 n=128 k=10752: 29 x 572.568 us = 16604.5 us (9844.91 GFLOPS/s)
MUL_MAT q4_0_rocmfp4_fast m=2048 n=128 k=2048: 16 x 98.61 us = 1577.76 us (10886.1 GFLOPS/s)
MUL_MAT q4_0_rocmfp4_fast m=2048 n=32 k=2048 batch=4: 22 x 145.712 us = 3205.68 us (7367.1 GFLOPS/s)
MUL_MAT q4_0_rocmfp4_fast m=512 n=128 k=2048: 16 x 44.067 us = 705.08 us (6089.97 GFLOPS/s)
MUL_MAT q4_0_rocmfp4_fast m=6144 n=32 k=2048 batch=4: 22 x 348.343 us = 7663.56 us (9245.01 GFLOPS/s)
RMS_NORM_MUL RMS_NORM(2048,128,1,1): 59 x 10.227 us = 603.44 us
RMS_NORM_MUL_ROPE RMS_NORM(64,32,128,1): 8 x 100.46 us = 803.68 us
RMS_NORM_MUL_ROPE RMS_NORM(64,8,128,1): 8 x 27.54 us = 220.32 us
SET_ROWS: 16 x 3.31 us = 52.96 us
SSM_CONV: 22 x 10.752 us = 236.56 us
Total time: 67138.6 us.
----------------
Vulkan Timings:
ADD: 58 x 8.218 us = 476.68 us
CONCAT: 22 x 21.538 us = 473.84 us
CPY: 22 x 3.79 us = 83.4 us
FLASH_ATTN_EXT dst(64,32,32,4),  q(64,32,32,4),  k(64,4352,8,4),  v(64,4352,8,4),  m(4352,32,1,4): 8 x 991.15 us = 7929.2 us (4604.15 GFLOPS/s)
GET_ROWS: 22 x 2.654 us = 58.4 us
GLU: 29 x 41.212 us = 1195.16 us
MUL: 44 x 9.609 us = 422.8 us
MUL_MAT f32 m=64 n=1024 k=64: 16 x 8.972 us = 143.56 us (927.62 GFLOPS/s)
MUL_MAT f32 m=64 n=4096 k=64: 16 x 13.662 us = 218.6 us (2436.76 GFLOPS/s)
MUL_MAT q4_0_rocmfp4_fast m=10752 n=128 k=2048: 58 x 422.286 us = 24492.6 us (13345.8 GFLOPS/s)
MUL_MAT q4_0_rocmfp4_fast m=2048 n=128 k=10752: 29 x 569.302 us = 16509.8 us (9901.39 GFLOPS/s)
MUL_MAT q4_0_rocmfp4_fast m=2048 n=128 k=2048: 16 x 100.672 us = 1610.76 us (10663.1 GFLOPS/s)
MUL_MAT q4_0_rocmfp4_fast m=2048 n=32 k=2048 batch=4: 22 x 143.358 us = 3153.88 us (7488.09 GFLOPS/s)
MUL_MAT q4_0_rocmfp4_fast m=512 n=128 k=2048: 16 x 43.7 us = 699.2 us (6141.19 GFLOPS/s)
MUL_MAT q4_0_rocmfp4_fast m=6144 n=32 k=2048 batch=4: 22 x 357.1 us = 7856.2 us (9018.31 GFLOPS/s)
RMS_NORM_MUL RMS_NORM(2048,128,1,1): 59 x 10.512 us = 620.24 us
RMS_NORM_MUL_ROPE RMS_NORM(64,32,128,1): 8 x 105.815 us = 846.52 us
RMS_NORM_MUL_ROPE RMS_NORM(64,8,128,1): 8 x 29.52 us = 236.16 us
SET_ROWS: 16 x 2.91 us = 46.56 us
SSM_CONV: 22 x 9.769 us = 214.92 us
Total time: 67288.5 us.
----------------
Vulkan Timings:
ADD: 58 x 8.259 us = 479.04 us
CONCAT: 22 x 22.645 us = 498.2 us
CPY: 22 x 3.825 us = 84.16 us
FLASH_ATTN_EXT dst(64,32,32,4),  q(64,32,32,4),  k(64,4352,8,4),  v(64,4352,8,4),  m(4352,32,1,4): 8 x 1010.12 us = 8080.96 us (4517.68 GFLOPS/s)
GET_ROWS: 22 x 2.803 us = 61.68 us
GLU: 29 x 37.624 us = 1091.12 us
MUL: 44 x 10.407 us = 457.92 us
MUL_MAT f32 m=64 n=1024 k=64: 16 x 8.882 us = 142.12 us (937.019 GFLOPS/s)
MUL_MAT f32 m=64 n=4096 k=64: 16 x 13.64 us = 218.24 us (2440.78 GFLOPS/s)
MUL_MAT q4_0_rocmfp4_fast m=10752 n=128 k=2048: 58 x 421.776 us = 24463 us (13362 GFLOPS/s)
MUL_MAT q4_0_rocmfp4_fast m=2048 n=128 k=10752: 29 x 573.292 us = 16625.5 us (9832.47 GFLOPS/s)
MUL_MAT q4_0_rocmfp4_fast m=2048 n=128 k=2048: 16 x 104.635 us = 1674.16 us (10259.3 GFLOPS/s)
MUL_MAT q4_0_rocmfp4_fast m=2048 n=32 k=2048 batch=4: 22 x 141.794 us = 3119.48 us (7570.67 GFLOPS/s)
MUL_MAT q4_0_rocmfp4_fast m=512 n=128 k=2048: 16 x 38.957 us = 623.32 us (6888.79 GFLOPS/s)
MUL_MAT q4_0_rocmfp4_fast m=6144 n=32 k=2048 batch=4: 22 x 354.449 us = 7797.88 us (9085.76 GFLOPS/s)
RMS_NORM_MUL RMS_NORM(2048,128,1,1): 59 x 10.421 us = 614.88 us
RMS_NORM_MUL_ROPE RMS_NORM(64,32,128,1): 8 x 102.225 us = 817.8 us
RMS_NORM_MUL_ROPE RMS_NORM(64,8,128,1): 8 x 29.38 us = 235.04 us
SET_ROWS: 16 x 3.467 us = 55.48 us
SSM_CONV: 22 x 9.76 us = 214.72 us
Total time: 67354.7 us.
0.19.016.978 I slot print_timing: id  0 | task 2 | prompt processing, n_tokens =   4224, progress = 0.52, t =   8.94 s / 472.73 tokens per second
0.19.017.020 I slot print_timing: id  1 | task 4 | prompt processing, n_tokens =   4224, progress = 0.52, t =   8.94 s / 472.73 tokens per second
0.19.017.048 I slot print_timing: id  2 | task 3 | prompt processing, n_tokens =   4224, progress = 0.52, t =   8.94 s / 472.73 tokens per second
0.19.017.079 I slot print_timing: id  3 | task 1 | prompt processing, n_tokens =   4224, progress = 0.52, t =   8.94 s / 472.73 tokens per second
----------------
Vulkan Timings:
ADD: 58 x 8.115 us = 470.68 us
CONCAT: 22 x 22.274 us = 490.04 us
CPY: 22 x 3.825 us = 84.16 us
FLASH_ATTN_EXT dst(64,32,32,4),  q(64,32,32,4),  k(64,4352,8,4),  v(64,4352,8,4),  m(4352,32,1,4): 8 x 1007.93 us = 8063.44 us (4527.5 GFLOPS/s)
GET_ROWS: 22 x 2.603 us = 57.28 us
GLU: 29 x 38.962 us = 1129.92 us
MUL: 44 x 10.506 us = 462.28 us
MUL_MAT f32 m=64 n=1024 k=64: 16 x 8.902 us = 142.44 us (934.914 GFLOPS/s)
MUL_MAT f32 m=64 n=4096 k=64: 16 x 13.77 us = 220.32 us (2417.74 GFLOPS/s)
MUL_MAT q4_0_rocmfp4_fast m=10752 n=128 k=2048: 58 x 422.388 us = 24498.5 us (13342.6 GFLOPS/s)
MUL_MAT q4_0_rocmfp4_fast m=2048 n=128 k=10752: 29 x 572.677 us = 16607.6 us (9843.04 GFLOPS/s)
MUL_MAT q4_0_rocmfp4_fast m=2048 n=128 k=2048: 16 x 101.565 us = 1625.04 us (10569.4 GFLOPS/s)
MUL_MAT q4_0_rocmfp4_fast m=2048 n=32 k=2048 batch=4: 22 x 145.556 us = 3202.24 us (7375.01 GFLOPS/s)
MUL_MAT q4_0_rocmfp4_fast m=512 n=128 k=2048: 16 x 40.617 us = 649.88 us (6607.25 GFLOPS/s)
MUL_MAT q4_0_rocmfp4_fast m=6144 n=32 k=2048 batch=4: 22 x 352.112 us = 7746.48 us (9146.05 GFLOPS/s)
RMS_NORM_MUL RMS_NORM(2048,128,1,1): 59 x 10.244 us = 604.4 us
RMS_NORM_MUL_ROPE RMS_NORM(64,32,128,1): 8 x 102.185 us = 817.48 us
RMS_NORM_MUL_ROPE RMS_NORM(64,8,128,1): 8 x 29.8 us = 238.4 us
SET_ROWS: 16 x 3.035 us = 48.56 us
SSM_CONV: 22 x 9.796 us = 215.52 us
Total time: 67374.7 us.
----------------
Vulkan Timings:
ADD: 58 x 7.786 us = 451.6 us
CONCAT: 22 x 23.232 us = 511.12 us
CPY: 22 x 3.734 us = 82.16 us
FLASH_ATTN_EXT dst(64,32,32,4),  q(64,32,32,4),  k(64,4352,8,4),  v(64,4352,8,4),  m(4352,32,1,4): 8 x 1008.12 us = 8064.96 us (4526.65 GFLOPS/s)
GET_ROWS: 22 x 2.669 us = 58.72 us
GLU: 29 x 38.835 us = 1126.24 us
MUL: 44 x 9.75 us = 429 us
MUL_MAT f32 m=64 n=1024 k=64: 16 x 8.957 us = 143.32 us (929.174 GFLOPS/s)
MUL_MAT f32 m=64 n=4096 k=64: 16 x 13.695 us = 219.12 us (2430.98 GFLOPS/s)
MUL_MAT q4_0_rocmfp4_fast m=10752 n=128 k=2048: 58 x 423.862 us = 24584 us (13296.2 GFLOPS/s)
MUL_MAT q4_0_rocmfp4_fast m=2048 n=128 k=10752: 29 x 572.292 us = 16596.5 us (9849.65 GFLOPS/s)
MUL_MAT q4_0_rocmfp4_fast m=2048 n=128 k=2048: 16 x 102.067 us = 1633.08 us (10517.4 GFLOPS/s)
MUL_MAT q4_0_rocmfp4_fast m=2048 n=32 k=2048 batch=4: 22 x 142.309 us = 3130.8 us (7543.3 GFLOPS/s)
MUL_MAT q4_0_rocmfp4_fast m=512 n=128 k=2048: 16 x 41.552 us = 664.84 us (6458.57 GFLOPS/s)
MUL_MAT q4_0_rocmfp4_fast m=6144 n=32 k=2048 batch=4: 22 x 351.858 us = 7740.88 us (9152.66 GFLOPS/s)
RMS_NORM_MUL RMS_NORM(2048,128,1,1): 59 x 10.26 us = 605.36 us
RMS_NORM_MUL_ROPE RMS_NORM(64,32,128,1): 8 x 105.455 us = 843.64 us
RMS_NORM_MUL_ROPE RMS_NORM(64,8,128,1): 8 x 29.21 us = 233.68 us
SET_ROWS: 16 x 3.212 us = 51.4 us
SSM_CONV: 22 x 9.761 us = 214.76 us
Total time: 67385.2 us.
----------------
Vulkan Timings:
ADD: 58 x 7.868 us = 456.4 us
CONCAT: 22 x 22.967 us = 505.28 us
CPY: 22 x 3.778 us = 83.12 us
FLASH_ATTN_EXT dst(64,32,32,4),  q(64,32,32,4),  k(64,4352,8,4),  v(64,4352,8,4),  m(4352,32,1,4): 8 x 1017.39 us = 8139.16 us (4485.38 GFLOPS/s)
GET_ROWS: 22 x 3.123 us = 68.72 us
GLU: 29 x 39.597 us = 1148.32 us
MUL: 44 x 10.36 us = 455.88 us
MUL_MAT f32 m=64 n=1024 k=64: 16 x 8.96 us = 143.36 us (928.914 GFLOPS/s)
MUL_MAT f32 m=64 n=4096 k=64: 16 x 13.802 us = 220.84 us (2412.05 GFLOPS/s)
MUL_MAT q4_0_rocmfp4_fast m=10752 n=128 k=2048: 58 x 423.967 us = 24590.1 us (13292.9 GFLOPS/s)
MUL_MAT q4_0_rocmfp4_fast m=2048 n=128 k=10752: 29 x 573.619 us = 16635 us (9826.87 GFLOPS/s)
MUL_MAT q4_0_rocmfp4_fast m=2048 n=128 k=2048: 16 x 108.307 us = 1732.92 us (9911.41 GFLOPS/s)
MUL_MAT q4_0_rocmfp4_fast m=2048 n=32 k=2048 batch=4: 22 x 140.849 us = 3098.68 us (7621.49 GFLOPS/s)
MUL_MAT q4_0_rocmfp4_fast m=512 n=128 k=2048: 16 x 38.965 us = 623.44 us (6887.46 GFLOPS/s)
MUL_MAT q4_0_rocmfp4_fast m=6144 n=32 k=2048 batch=4: 22 x 355.394 us = 7818.68 us (9061.59 GFLOPS/s)
RMS_NORM_MUL RMS_NORM(2048,128,1,1): 59 x 10.347 us = 610.52 us
RMS_NORM_MUL_ROPE RMS_NORM(64,32,128,1): 8 x 104.095 us = 832.76 us
RMS_NORM_MUL_ROPE RMS_NORM(64,8,128,1): 8 x 31.065 us = 248.52 us
SET_ROWS: 16 x 3.19 us = 51.04 us
SSM_CONV: 22 x 10.63 us = 233.88 us
Total time: 67696.6 us.
----------------
Vulkan Timings:
ADD: 58 x 8.08 us = 468.68 us
CONCAT: 22 x 22.958 us = 505.08 us
CPY: 22 x 3.81 us = 83.84 us
FLASH_ATTN_EXT dst(64,32,32,4),  q(64,32,32,4),  k(64,4352,8,4),  v(64,4352,8,4),  m(4352,32,1,4): 8 x 1026.18 us = 8209.44 us (4446.98 GFLOPS/s)
GET_ROWS: 22 x 2.61 us = 57.44 us
GLU: 29 x 38.86 us = 1126.96 us
MUL: 44 x 9.756 us = 429.28 us
MUL_MAT f32 m=64 n=1024 k=64: 16 x 8.985 us = 143.76 us (926.33 GFLOPS/s)
MUL_MAT f32 m=64 n=4096 k=64: 16 x 13.867 us = 221.88 us (2400.74 GFLOPS/s)
MUL_MAT q4_0_rocmfp4_fast m=10752 n=128 k=2048: 58 x 422.555 us = 24508.2 us (13337.3 GFLOPS/s)
MUL_MAT q4_0_rocmfp4_fast m=2048 n=128 k=10752: 29 x 573.58 us = 16633.8 us (9827.53 GFLOPS/s)
MUL_MAT q4_0_rocmfp4_fast m=2048 n=128 k=2048: 16 x 100.705 us = 1611.28 us (10659.6 GFLOPS/s)
MUL_MAT q4_0_rocmfp4_fast m=2048 n=32 k=2048 batch=4: 22 x 141.829 us = 3120.24 us (7568.83 GFLOPS/s)
MUL_MAT q4_0_rocmfp4_fast m=512 n=128 k=2048: 16 x 42.447 us = 679.16 us (6322.4 GFLOPS/s)
MUL_MAT q4_0_rocmfp4_fast m=6144 n=32 k=2048 batch=4: 22 x 353.649 us = 7780.28 us (9106.31 GFLOPS/s)
RMS_NORM_MUL RMS_NORM(2048,128,1,1): 59 x 10.254 us = 605 us
RMS_NORM_MUL_ROPE RMS_NORM(64,32,128,1): 8 x 102.17 us = 817.36 us
RMS_NORM_MUL_ROPE RMS_NORM(64,8,128,1): 8 x 29.25 us = 234 us
SET_ROWS: 16 x 3.227 us = 51.64 us
SSM_CONV: 22 x 9.736 us = 214.2 us
Total time: 67501.6 us.
0.19.300.994 I slot print_timing: id  0 | task 2 | prompt processing, n_tokens =   4352, progress = 0.53, t =   9.22 s / 472.05 tokens per second
0.19.301.038 I slot print_timing: id  1 | task 4 | prompt processing, n_tokens =   4352, progress = 0.53, t =   9.22 s / 472.05 tokens per second
0.19.301.067 I slot print_timing: id  2 | task 3 | prompt processing, n_tokens =   4352, progress = 0.53, t =   9.22 s / 472.05 tokens per second
0.19.301.099 I slot print_timing: id  3 | task 1 | prompt processing, n_tokens =   4352, progress = 0.53, t =   9.22 s / 472.05 tokens per second
----------------
Vulkan Timings:
ADD: 58 x 7.854 us = 455.56 us
CONCAT: 22 x 23.01 us = 506.24 us
CPY: 22 x 3.781 us = 83.2 us
FLASH_ATTN_EXT dst(64,32,32,4),  q(64,32,32,4),  k(64,4608,8,4),  v(64,4608,8,4),  m(4608,32,1,4): 8 x 1037.64 us = 8301.16 us (4656.54 GFLOPS/s)
GET_ROWS: 22 x 2.738 us = 60.24 us
GLU: 29 x 39.131 us = 1134.8 us
MUL: 44 x 10.029 us = 441.28 us
MUL_MAT f32 m=64 n=1024 k=64: 16 x 8.94 us = 143.04 us (930.992 GFLOPS/s)
MUL_MAT f32 m=64 n=4096 k=64: 16 x 13.837 us = 221.4 us (2405.95 GFLOPS/s)
MUL_MAT q4_0_rocmfp4_fast m=10752 n=128 k=2048: 58 x 424.519 us = 24622.1 us (13275.6 GFLOPS/s)
MUL_MAT q4_0_rocmfp4_fast m=2048 n=128 k=10752: 29 x 573.47 us = 16630.6 us (9829.42 GFLOPS/s)
MUL_MAT q4_0_rocmfp4_fast m=2048 n=128 k=2048: 16 x 101.377 us = 1622.04 us (10588.9 GFLOPS/s)
MUL_MAT q4_0_rocmfp4_fast m=2048 n=32 k=2048 batch=4: 22 x 146.043 us = 3212.96 us (7350.4 GFLOPS/s)
MUL_MAT q4_0_rocmfp4_fast m=512 n=128 k=2048: 16 x 42.537 us = 680.6 us (6309.02 GFLOPS/s)
MUL_MAT q4_0_rocmfp4_fast m=6144 n=32 k=2048 batch=4: 22 x 352.318 us = 7751 us (9140.71 GFLOPS/s)
RMS_NORM_MUL RMS_NORM(2048,128,1,1): 59 x 10.312 us = 608.44 us
RMS_NORM_MUL_ROPE RMS_NORM(64,32,128,1): 8 x 102.79 us = 822.32 us
RMS_NORM_MUL_ROPE RMS_NORM(64,8,128,1): 8 x 29.04 us = 232.32 us
SET_ROWS: 16 x 2.93 us = 46.88 us
SSM_CONV: 22 x 9.723 us = 213.92 us
Total time: 67790.2 us.
----------------
Vulkan Timings:
ADD: 58 x 8.249 us = 478.48 us
CONCAT: 22 x 22.098 us = 486.16 us
CPY: 22 x 3.827 us = 84.2 us
FLASH_ATTN_EXT dst(64,32,32,4),  q(64,32,32,4),  k(64,4608,8,4),  v(64,4608,8,4),  m(4608,32,1,4): 8 x 1047.82 us = 8382.56 us (4611.32 GFLOPS/s)
GET_ROWS: 22 x 2.692 us = 59.24 us
GLU: 29 x 38.507 us = 1116.72 us
MUL: 44 x 9.996 us = 439.84 us
MUL_MAT f32 m=64 n=1024 k=64: 16 x 8.862 us = 141.8 us (939.134 GFLOPS/s)
MUL_MAT f32 m=64 n=4096 k=64: 16 x 13.615 us = 217.84 us (2445.27 GFLOPS/s)
MUL_MAT q4_0_rocmfp4_fast m=10752 n=128 k=2048: 58 x 423.2 us = 24545.6 us (13317 GFLOPS/s)
MUL_MAT q4_0_rocmfp4_fast m=2048 n=128 k=10752: 29 x 571.685 us = 16578.9 us (9860.11 GFLOPS/s)
MUL_MAT q4_0_rocmfp4_fast m=2048 n=128 k=2048: 16 x 100.23 us = 1603.68 us (10710.2 GFLOPS/s)
MUL_MAT q4_0_rocmfp4_fast m=2048 n=32 k=2048 batch=4: 22 x 140.629 us = 3093.84 us (7633.41 GFLOPS/s)
MUL_MAT q4_0_rocmfp4_fast m=512 n=128 k=2048: 16 x 42.117 us = 673.88 us (6371.93 GFLOPS/s)
MUL_MAT q4_0_rocmfp4_fast m=6144 n=32 k=2048 batch=4: 22 x 355.596 us = 7823.12 us (9056.45 GFLOPS/s)
RMS_NORM_MUL RMS_NORM(2048,128,1,1): 59 x 10.267 us = 605.76 us
RMS_NORM_MUL_ROPE RMS_NORM(64,32,128,1): 8 x 102.375 us = 819 us
RMS_NORM_MUL_ROPE RMS_NORM(64,8,128,1): 8 x 31.14 us = 249.12 us
SET_ROWS: 16 x 3.082 us = 49.32 us
SSM_CONV: 22 x 9.707 us = 213.56 us
Total time: 67662.6 us.
----------------
Vulkan Timings:
ADD: 58 x 7.813 us = 453.2 us
CONCAT: 22 x 21.365 us = 470.04 us
CPY: 22 x 3.767 us = 82.88 us
FLASH_ATTN_EXT dst(64,32,32,4),  q(64,32,32,4),  k(64,4608,8,4),  v(64,4608,8,4),  m(4608,32,1,4): 8 x 1053.21 us = 8425.72 us (4587.7 GFLOPS/s)
GET_ROWS: 22 x 2.665 us = 58.64 us
GLU: 29 x 40.851 us = 1184.68 us
MUL: 44 x 10.118 us = 445.2 us
MUL_MAT f32 m=64 n=1024 k=64: 16 x 8.89 us = 142.24 us (936.229 GFLOPS/s)
MUL_MAT f32 m=64 n=4096 k=64: 16 x 13.82 us = 221.12 us (2408.99 GFLOPS/s)
MUL_MAT q4_0_rocmfp4_fast m=10752 n=128 k=2048: 58 x 422.589 us = 24510.2 us (13336.3 GFLOPS/s)
MUL_MAT q4_0_rocmfp4_fast m=2048 n=128 k=10752: 29 x 569.611 us = 16518.7 us (9896.02 GFLOPS/s)
MUL_MAT q4_0_rocmfp4_fast m=2048 n=128 k=2048: 16 x 97.27 us = 1556.32 us (11036.1 GFLOPS/s)
MUL_MAT q4_0_rocmfp4_fast m=2048 n=32 k=2048 batch=4: 22 x 144.15 us = 3171.32 us (7446.92 GFLOPS/s)
MUL_MAT q4_0_rocmfp4_fast m=512 n=128 k=2048: 16 x 44.052 us = 704.84 us (6092.05 GFLOPS/s)
MUL_MAT q4_0_rocmfp4_fast m=6144 n=32 k=2048 batch=4: 22 x 355.454 us = 7820 us (9060.06 GFLOPS/s)
RMS_NORM_MUL RMS_NORM(2048,128,1,1): 59 x 10.263 us = 605.56 us
RMS_NORM_MUL_ROPE RMS_NORM(64,32,128,1): 8 x 102.245 us = 817.96 us
RMS_NORM_MUL_ROPE RMS_NORM(64,8,128,1): 8 x 32.225 us = 257.8 us
SET_ROWS: 16 x 3.052 us = 48.84 us
SSM_CONV: 22 x 9.809 us = 215.8 us
Total time: 67711.1 us.
----------------
Vulkan Timings:
ADD: 58 x 7.884 us = 457.28 us
CONCAT: 22 x 22.15 us = 487.32 us
CPY: 22 x 3.801 us = 83.64 us
FLASH_ATTN_EXT dst(64,32,32,4),  q(64,32,32,4),  k(64,4608,8,4),  v(64,4608,8,4),  m(4608,32,1,4): 8 x 1066.55 us = 8532.4 us (4530.34 GFLOPS/s)
GET_ROWS: 22 x 2.618 us = 57.6 us
GLU: 29 x 39.652 us = 1149.92 us
MUL: 44 x 10.643 us = 468.32 us
MUL_MAT f32 m=64 n=1024 k=64: 16 x 8.952 us = 143.24 us (929.692 GFLOPS/s)
MUL_MAT f32 m=64 n=4096 k=64: 16 x 13.735 us = 219.76 us (2423.9 GFLOPS/s)
MUL_MAT q4_0_rocmfp4_fast m=10752 n=128 k=2048: 58 x 423.733 us = 24576.6 us (13300.3 GFLOPS/s)
MUL_MAT q4_0_rocmfp4_fast m=2048 n=128 k=10752: 29 x 572.951 us = 16615.6 us (9838.32 GFLOPS/s)
MUL_MAT q4_0_rocmfp4_fast m=2048 n=128 k=2048: 16 x 102.907 us = 1646.52 us (10431.5 GFLOPS/s)
MUL_MAT q4_0_rocmfp4_fast m=2048 n=32 k=2048 batch=4: 22 x 140.574 us = 3092.64 us (7636.37 GFLOPS/s)
MUL_MAT q4_0_rocmfp4_fast m=512 n=128 k=2048: 16 x 41.537 us = 664.6 us (6460.91 GFLOPS/s)
MUL_MAT q4_0_rocmfp4_fast m=6144 n=32 k=2048 batch=4: 22 x 351.934 us = 7742.56 us (9150.68 GFLOPS/s)
RMS_NORM_MUL RMS_NORM(2048,128,1,1): 59 x 10.25 us = 604.8 us
RMS_NORM_MUL_ROPE RMS_NORM(64,32,128,1): 8 x 104.395 us = 835.16 us
RMS_NORM_MUL_ROPE RMS_NORM(64,8,128,1): 8 x 30.52 us = 244.16 us
SET_ROWS: 16 x 2.927 us = 46.84 us
SSM_CONV: 22 x 9.7 us = 213.4 us
Total time: 67882.3 us.
0.19.588.901 I slot print_timing: id  0 | task 2 | prompt processing, n_tokens =   4480, progress = 0.55, t =   9.51 s / 471.22 tokens per second
0.19.588.944 I slot print_timing: id  1 | task 4 | prompt processing, n_tokens =   4480, progress = 0.55, t =   9.51 s / 471.22 tokens per second
0.19.588.973 I slot print_timing: id  2 | task 3 | prompt processing, n_tokens =   4480, progress = 0.55, t =   9.51 s / 471.22 tokens per second
0.19.589.005 I slot print_timing: id  3 | task 1 | prompt processing, n_tokens =   4480, progress = 0.55, t =   9.51 s / 471.22 tokens per second
----------------
Vulkan Timings:
ADD: 58 x 7.72 us = 447.76 us
CONCAT: 22 x 23.405 us = 514.92 us
CPY: 22 x 3.801 us = 83.64 us
FLASH_ATTN_EXT dst(64,32,32,4),  q(64,32,32,4),  k(64,4608,8,4),  v(64,4608,8,4),  m(4608,32,1,4): 8 x 1066.08 us = 8528.64 us (4532.34 GFLOPS/s)
GET_ROWS: 22 x 3.516 us = 77.36 us
GLU: 29 x 38.739 us = 1123.44 us
MUL: 44 x 10.033 us = 441.48 us
MUL_MAT f32 m=64 n=1024 k=64: 16 x 8.987 us = 143.8 us (926.072 GFLOPS/s)
MUL_MAT f32 m=64 n=4096 k=64: 16 x 13.717 us = 219.48 us (2426.99 GFLOPS/s)
MUL_MAT q4_0_rocmfp4_fast m=10752 n=128 k=2048: 58 x 423.226 us = 24547.1 us (13316.2 GFLOPS/s)
MUL_MAT q4_0_rocmfp4_fast m=2048 n=128 k=10752: 29 x 572.093 us = 16590.7 us (9853.07 GFLOPS/s)
MUL_MAT q4_0_rocmfp4_fast m=2048 n=128 k=2048: 16 x 98.52 us = 1576.32 us (10896.1 GFLOPS/s)
MUL_MAT q4_0_rocmfp4_fast m=2048 n=32 k=2048 batch=4: 22 x 139.49 us = 3068.8 us (7695.7 GFLOPS/s)
MUL_MAT q4_0_rocmfp4_fast m=512 n=128 k=2048: 16 x 49.69 us = 795.04 us (5400.88 GFLOPS/s)
MUL_MAT q4_0_rocmfp4_fast m=6144 n=32 k=2048 batch=4: 22 x 354.152 us = 7791.36 us (9093.36 GFLOPS/s)
RMS_NORM_MUL RMS_NORM(2048,128,1,1): 59 x 10.208 us = 602.28 us
RMS_NORM_MUL_ROPE RMS_NORM(64,32,128,1): 8 x 108 us = 864 us
RMS_NORM_MUL_ROPE RMS_NORM(64,8,128,1): 8 x 27.5 us = 220 us
SET_ROWS: 16 x 3.125 us = 50 us
SSM_CONV: 22 x 9.698 us = 213.36 us
Total time: 67899.5 us.
----------------
Vulkan Timings:
ADD: 58 x 7.792 us = 451.96 us
CONCAT: 22 x 22.55 us = 496.12 us
CPY: 22 x 3.74 us = 82.28 us
FLASH_ATTN_EXT dst(64,32,32,4),  q(64,32,32,4),  k(64,4608,8,4),  v(64,4608,8,4),  m(4608,32,1,4): 8 x 1075.26 us = 8602.04 us (4493.67 GFLOPS/s)
GET_ROWS: 22 x 2.632 us = 57.92 us
GLU: 29 x 39.082 us = 1133.4 us
MUL: 44 x 10.107 us = 444.72 us
MUL_MAT f32 m=64 n=1024 k=64: 16 x 8.907 us = 142.52 us (934.389 GFLOPS/s)
MUL_MAT f32 m=64 n=4096 k=64: 16 x 13.72 us = 219.52 us (2426.55 GFLOPS/s)
MUL_MAT q4_0_rocmfp4_fast m=10752 n=128 k=2048: 58 x 424.147 us = 24600.6 us (13287.3 GFLOPS/s)
MUL_MAT q4_0_rocmfp4_fast m=2048 n=128 k=10752: 29 x 569.704 us = 16521.4 us (9894.39 GFLOPS/s)
MUL_MAT q4_0_rocmfp4_fast m=2048 n=128 k=2048: 16 x 104.485 us = 1671.76 us (10274 GFLOPS/s)
MUL_MAT q4_0_rocmfp4_fast m=2048 n=32 k=2048 batch=4: 22 x 141.478 us = 3112.52 us (7587.6 GFLOPS/s)
MUL_MAT q4_0_rocmfp4_fast m=512 n=128 k=2048: 16 x 41.257 us = 660.12 us (6504.75 GFLOPS/s)
MUL_MAT q4_0_rocmfp4_fast m=6144 n=32 k=2048 batch=4: 22 x 355.35 us = 7817.72 us (9062.7 GFLOPS/s)
RMS_NORM_MUL RMS_NORM(2048,128,1,1): 59 x 10.287 us = 606.96 us
RMS_NORM_MUL_ROPE RMS_NORM(64,32,128,1): 8 x 103.825 us = 830.6 us
RMS_NORM_MUL_ROPE RMS_NORM(64,8,128,1): 8 x 29.4 us = 235.2 us
SET_ROWS: 16 x 2.907 us = 46.52 us
SSM_CONV: 22 x 9.687 us = 213.12 us
Total time: 67947 us.
----------------
Vulkan Timings:
ADD: 58 x 7.375 us = 427.76 us
CONCAT: 22 x 22.174 us = 487.84 us
CPY: 22 x 3.818 us = 84 us
FLASH_ATTN_EXT dst(64,32,32,4),  q(64,32,32,4),  k(64,4608,8,4),  v(64,4608,8,4),  m(4608,32,1,4): 8 x 1080.92 us = 8647.4 us (4470.1 GFLOPS/s)
GET_ROWS: 22 x 2.645 us = 58.2 us
GLU: 29 x 39.857 us = 1155.88 us
MUL: 44 x 9.899 us = 435.56 us
MUL_MAT f32 m=64 n=1024 k=64: 16 x 8.905 us = 142.48 us (934.652 GFLOPS/s)
MUL_MAT f32 m=64 n=4096 k=64: 16 x 13.827 us = 221.24 us (2407.69 GFLOPS/s)
MUL_MAT q4_0_rocmfp4_fast m=10752 n=128 k=2048: 58 x 424.093 us = 24597.4 us (13289 GFLOPS/s)
MUL_MAT q4_0_rocmfp4_fast m=2048 n=128 k=10752: 29 x 571.975 us = 16587.3 us (9855.12 GFLOPS/s)
MUL_MAT q4_0_rocmfp4_fast m=2048 n=128 k=2048: 16 x 107.84 us = 1725.44 us (9954.37 GFLOPS/s)
MUL_MAT q4_0_rocmfp4_fast m=2048 n=32 k=2048 batch=4: 22 x 141.329 us = 3109.24 us (7595.6 GFLOPS/s)
MUL_MAT q4_0_rocmfp4_fast m=512 n=128 k=2048: 16 x 38.375 us = 614 us (6993.35 GFLOPS/s)
MUL_MAT q4_0_rocmfp4_fast m=6144 n=32 k=2048 batch=4: 22 x 355.181 us = 7814 us (9067.02 GFLOPS/s)
RMS_NORM_MUL RMS_NORM(2048,128,1,1): 59 x 10.254 us = 605.04 us
RMS_NORM_MUL_ROPE RMS_NORM(64,32,128,1): 8 x 100.35 us = 802.8 us
RMS_NORM_MUL_ROPE RMS_NORM(64,8,128,1): 8 x 29.435 us = 235.48 us
SET_ROWS: 16 x 3.155 us = 50.48 us
SSM_CONV: 22 x 9.721 us = 213.88 us
Total time: 68015.4 us.
----------------
Vulkan Timings:
ADD: 58 x 7.986 us = 463.2 us
CONCAT: 22 x 22.158 us = 487.48 us
CPY: 22 x 3.798 us = 83.56 us
FLASH_ATTN_EXT dst(64,32,32,4),  q(64,32,32,4),  k(64,4608,8,4),  v(64,4608,8,4),  m(4608,32,1,4): 8 x 1094.62 us = 8757 us (4414.15 GFLOPS/s)
GET_ROWS: 22 x 2.63 us = 57.88 us
GLU: 29 x 37.32 us = 1082.28 us
MUL: 44 x 9.944 us = 437.56 us
MUL_MAT f32 m=64 n=1024 k=64: 16 x 8.917 us = 142.68 us (933.341 GFLOPS/s)
MUL_MAT f32 m=64 n=4096 k=64: 16 x 13.985 us = 223.76 us (2380.57 GFLOPS/s)
MUL_MAT q4_0_rocmfp4_fast m=10752 n=128 k=2048: 58 x 421.782 us = 24463.4 us (13361.8 GFLOPS/s)
MUL_MAT q4_0_rocmfp4_fast m=2048 n=128 k=10752: 29 x 574.824 us = 16669.9 us (9806.26 GFLOPS/s)
MUL_MAT q4_0_rocmfp4_fast m=2048 n=128 k=2048: 16 x 102.325 us = 1637.2 us (10490.9 GFLOPS/s)
MUL_MAT q4_0_rocmfp4_fast m=2048 n=32 k=2048 batch=4: 22 x 141.605 us = 3115.32 us (7580.78 GFLOPS/s)
MUL_MAT q4_0_rocmfp4_fast m=512 n=128 k=2048: 16 x 43.862 us = 701.8 us (6118.44 GFLOPS/s)
MUL_MAT q4_0_rocmfp4_fast m=6144 n=32 k=2048 batch=4: 22 x 349.652 us = 7692.36 us (9210.39 GFLOPS/s)
RMS_NORM_MUL RMS_NORM(2048,128,1,1): 59 x 10.276 us = 606.32 us
RMS_NORM_MUL_ROPE RMS_NORM(64,32,128,1): 8 x 104.52 us = 836.16 us
RMS_NORM_MUL_ROPE RMS_NORM(64,8,128,1): 8 x 34.45 us = 275.6 us
SET_ROWS: 16 x 2.882 us = 46.12 us
SSM_CONV: 22 x 9.77 us = 214.96 us
Total time: 67994.5 us.
0.19.875.831 I slot print_timing: id  0 | task 2 | prompt processing, n_tokens =   4608, progress = 0.56, t =   9.79 s / 470.48 tokens per second
0.19.875.875 I slot print_timing: id  1 | task 4 | prompt processing, n_tokens =   4608, progress = 0.56, t =   9.79 s / 470.48 tokens per second
0.19.875.905 I slot print_timing: id  2 | task 3 | prompt processing, n_tokens =   4608, progress = 0.56, t =   9.79 s / 470.48 tokens per second
0.19.875.934 I slot print_timing: id  3 | task 1 | prompt processing, n_tokens =   4608, progress = 0.56, t =   9.79 s / 470.48 tokens per second
----------------
Vulkan Timings:
ADD: 58 x 8.081 us = 468.72 us
CONCAT: 22 x 23.732 us = 522.12 us
CPY: 22 x 3.825 us = 84.16 us
FLASH_ATTN_EXT dst(64,32,32,4),  q(64,32,32,4),  k(64,4864,8,4),  v(64,4864,8,4),  m(4864,32,1,4): 8 x 1092.6 us = 8740.76 us (4668.04 GFLOPS/s)
GET_ROWS: 22 x 2.641 us = 58.12 us
GLU: 29 x 37.937 us = 1100.2 us
MUL: 44 x 9.618 us = 423.2 us
MUL_MAT f32 m=64 n=1024 k=64: 16 x 8.917 us = 142.68 us (933.341 GFLOPS/s)
MUL_MAT f32 m=64 n=4096 k=64: 16 x 13.952 us = 223.24 us (2386.12 GFLOPS/s)
MUL_MAT q4_0_rocmfp4_fast m=10752 n=128 k=2048: 58 x 421.892 us = 24469.8 us (13358.3 GFLOPS/s)
MUL_MAT q4_0_rocmfp4_fast m=2048 n=128 k=10752: 29 x 574.022 us = 16646.6 us (9819.98 GFLOPS/s)
MUL_MAT q4_0_rocmfp4_fast m=2048 n=128 k=2048: 16 x 103.01 us = 1648.16 us (10421.1 GFLOPS/s)
MUL_MAT q4_0_rocmfp4_fast m=2048 n=32 k=2048 batch=4: 22 x 140.985 us = 3101.68 us (7614.12 GFLOPS/s)
MUL_MAT q4_0_rocmfp4_fast m=512 n=128 k=2048: 16 x 43.127 us = 690.04 us (6222.71 GFLOPS/s)
MUL_MAT q4_0_rocmfp4_fast m=6144 n=32 k=2048 batch=4: 22 x 360.63 us = 7933.88 us (8930.01 GFLOPS/s)
RMS_NORM_MUL RMS_NORM(2048,128,1,1): 59 x 10.356 us = 611.04 us
RMS_NORM_MUL_ROPE RMS_NORM(64,32,128,1): 8 x 100.55 us = 804.4 us
RMS_NORM_MUL_ROPE RMS_NORM(64,8,128,1): 8 x 29.535 us = 236.28 us
SET_ROWS: 16 x 3.3 us = 52.8 us
SSM_CONV: 22 x 9.75 us = 214.52 us
Total time: 68172.4 us.
----------------
Vulkan Timings:
ADD: 58 x 7.652 us = 443.84 us
CONCAT: 22 x 21.387 us = 470.52 us
CPY: 22 x 3.8 us = 83.6 us
FLASH_ATTN_EXT dst(64,32,32,4),  q(64,32,32,4),  k(64,4864,8,4),  v(64,4864,8,4),  m(4864,32,1,4): 8 x 1098.27 us = 8786.16 us (4643.92 GFLOPS/s)
GET_ROWS: 22 x 2.669 us = 58.72 us
GLU: 29 x 39.409 us = 1142.88 us
MUL: 44 x 10.197 us = 448.68 us
MUL_MAT f32 m=64 n=1024 k=64: 16 x 8.882 us = 142.12 us (937.019 GFLOPS/s)
MUL_MAT f32 m=64 n=4096 k=64: 16 x 13.702 us = 219.24 us (2429.65 GFLOPS/s)
MUL_MAT q4_0_rocmfp4_fast m=10752 n=128 k=2048: 58 x 426.473 us = 24735.5 us (13214.8 GFLOPS/s)
MUL_MAT q4_0_rocmfp4_fast m=2048 n=128 k=10752: 29 x 572.569 us = 16604.5 us (9844.89 GFLOPS/s)
MUL_MAT q4_0_rocmfp4_fast m=2048 n=128 k=2048: 16 x 106.015 us = 1696.24 us (10125.7 GFLOPS/s)
MUL_MAT q4_0_rocmfp4_fast m=2048 n=32 k=2048 batch=4: 22 x 140.843 us = 3098.56 us (7621.78 GFLOPS/s)
MUL_MAT q4_0_rocmfp4_fast m=512 n=128 k=2048: 16 x 41.577 us = 665.24 us (6454.69 GFLOPS/s)
MUL_MAT q4_0_rocmfp4_fast m=6144 n=32 k=2048 batch=4: 22 x 353.696 us = 7781.32 us (9105.1 GFLOPS/s)
RMS_NORM_MUL RMS_NORM(2048,128,1,1): 59 x 10.301 us = 607.8 us
RMS_NORM_MUL_ROPE RMS_NORM(64,32,128,1): 8 x 102.28 us = 818.24 us
RMS_NORM_MUL_ROPE RMS_NORM(64,8,128,1): 8 x 29.745 us = 237.96 us
SET_ROWS: 16 x 2.737 us = 43.8 us
SSM_CONV: 22 x 9.721 us = 213.88 us
Total time: 68298.8 us.
----------------
Vulkan Timings:
ADD: 58 x 7.935 us = 460.28 us
CONCAT: 22 x 22.905 us = 503.92 us
CPY: 22 x 3.823 us = 84.12 us
FLASH_ATTN_EXT dst(64,32,32,4),  q(64,32,32,4),  k(64,4864,8,4),  v(64,4864,8,4),  m(4864,32,1,4): 8 x 1102.03 us = 8816.2 us (4628.09 GFLOPS/s)
GET_ROWS: 22 x 2.574 us = 56.64 us
GLU: 29 x 39.383 us = 1142.12 us
MUL: 44 x 10.009 us = 440.4 us
MUL_MAT f32 m=64 n=1024 k=64: 16 x 8.962 us = 143.4 us (928.655 GFLOPS/s)
MUL_MAT f32 m=64 n=4096 k=64: 16 x 13.835 us = 221.36 us (2406.38 GFLOPS/s)
MUL_MAT q4_0_rocmfp4_fast m=10752 n=128 k=2048: 58 x 423.442 us = 24559.6 us (13309.4 GFLOPS/s)
MUL_MAT q4_0_rocmfp4_fast m=2048 n=128 k=10752: 29 x 574.769 us = 16668.3 us (9807.2 GFLOPS/s)
MUL_MAT q4_0_rocmfp4_fast m=2048 n=128 k=2048: 16 x 98.82 us = 1581.12 us (10863 GFLOPS/s)
MUL_MAT q4_0_rocmfp4_fast m=2048 n=32 k=2048 batch=4: 22 x 141.614 us = 3115.52 us (7580.29 GFLOPS/s)
MUL_MAT q4_0_rocmfp4_fast m=512 n=128 k=2048: 16 x 43.667 us = 698.68 us (6145.76 GFLOPS/s)
MUL_MAT q4_0_rocmfp4_fast m=6144 n=32 k=2048 batch=4: 22 x 352.441 us = 7753.72 us (9137.51 GFLOPS/s)
RMS_NORM_MUL RMS_NORM(2048,128,1,1): 59 x 10.267 us = 605.76 us
RMS_NORM_MUL_ROPE RMS_NORM(64,32,128,1): 8 x 103.965 us = 831.72 us
RMS_NORM_MUL_ROPE RMS_NORM(64,8,128,1): 8 x 29.93 us = 239.44 us
SET_ROWS: 16 x 3.325 us = 53.2 us
SSM_CONV: 22 x 9.743 us = 214.36 us
Total time: 68189.9 us.
----------------
Vulkan Timings:
ADD: 58 x 8.546 us = 495.68 us
CONCAT: 22 x 21.447 us = 471.84 us
CPY: 22 x 3.807 us = 83.76 us
FLASH_ATTN_EXT dst(64,32,32,4),  q(64,32,32,4),  k(64,4864,8,4),  v(64,4864,8,4),  m(4864,32,1,4): 8 x 1121.1 us = 8968.76 us (4549.37 GFLOPS/s)
GET_ROWS: 22 x 2.647 us = 58.24 us
GLU: 29 x 37.783 us = 1095.72 us
MUL: 44 x 10.202 us = 448.92 us
MUL_MAT f32 m=64 n=1024 k=64: 16 x 8.92 us = 142.72 us (933.08 GFLOPS/s)
MUL_MAT f32 m=64 n=4096 k=64: 16 x 13.75 us = 220 us (2421.26 GFLOPS/s)
MUL_MAT q4_0_rocmfp4_fast m=10752 n=128 k=2048: 58 x 423.252 us = 24548.6 us (13315.4 GFLOPS/s)
MUL_MAT q4_0_rocmfp4_fast m=2048 n=128 k=10752: 29 x 572.282 us = 16596.2 us (9849.82 GFLOPS/s)
MUL_MAT q4_0_rocmfp4_fast m=2048 n=128 k=2048: 16 x 98.785 us = 1580.56 us (10866.8 GFLOPS/s)
MUL_MAT q4_0_rocmfp4_fast m=2048 n=32 k=2048 batch=4: 22 x 140.503 us = 3091.08 us (7640.23 GFLOPS/s)
MUL_MAT q4_0_rocmfp4_fast m=512 n=128 k=2048: 16 x 42.565 us = 681.04 us (6304.94 GFLOPS/s)
MUL_MAT q4_0_rocmfp4_fast m=6144 n=32 k=2048 batch=4: 22 x 351.958 us = 7743.08 us (9150.06 GFLOPS/s)
RMS_NORM_MUL RMS_NORM(2048,128,1,1): 59 x 10.274 us = 606.2 us
RMS_NORM_MUL_ROPE RMS_NORM(64,32,128,1): 8 x 102.49 us = 819.92 us
RMS_NORM_MUL_ROPE RMS_NORM(64,8,128,1): 8 x 31.17 us = 249.36 us
SET_ROWS: 16 x 2.702 us = 43.24 us
SSM_CONV: 22 x 9.732 us = 214.12 us
Total time: 68159.1 us.
0.20.165.962 I slot print_timing: id  0 | task 2 | prompt processing, n_tokens =   4736, progress = 0.58, t =  10.08 s / 469.64 tokens per second
0.20.166.005 I slot print_timing: id  1 | task 4 | prompt processing, n_tokens =   4736, progress = 0.58, t =  10.08 s / 469.64 tokens per second
0.20.166.033 I slot print_timing: id  2 | task 3 | prompt processing, n_tokens =   4736, progress = 0.58, t =  10.08 s / 469.64 tokens per second
0.20.166.065 I slot print_timing: id  3 | task 1 | prompt processing, n_tokens =   4736, progress = 0.58, t =  10.08 s / 469.64 tokens per second
----------------
Vulkan Timings:
ADD: 58 x 7.831 us = 454.2 us
CONCAT: 22 x 21.449 us = 471.88 us
CPY: 22 x 3.787 us = 83.32 us
FLASH_ATTN_EXT dst(64,32,32,4),  q(64,32,32,4),  k(64,4864,8,4),  v(64,4864,8,4),  m(4864,32,1,4): 8 x 1118 us = 8944 us (4561.96 GFLOPS/s)
GET_ROWS: 22 x 2.698 us = 59.36 us
GLU: 29 x 39.107 us = 1134.12 us
MUL: 44 x 10.186 us = 448.2 us
MUL_MAT f32 m=64 n=1024 k=64: 16 x 8.89 us = 142.24 us (936.229 GFLOPS/s)
MUL_MAT f32 m=64 n=4096 k=64: 16 x 13.802 us = 220.84 us (2412.05 GFLOPS/s)
MUL_MAT q4_0_rocmfp4_fast m=10752 n=128 k=2048: 58 x 421.958 us = 24473.6 us (13356.2 GFLOPS/s)
MUL_MAT q4_0_rocmfp4_fast m=2048 n=128 k=10752: 29 x 575.228 us = 16681.6 us (9799.37 GFLOPS/s)
MUL_MAT q4_0_rocmfp4_fast m=2048 n=128 k=2048: 16 x 100.537 us = 1608.6 us (10677.4 GFLOPS/s)
MUL_MAT q4_0_rocmfp4_fast m=2048 n=32 k=2048 batch=4: 22 x 141.692 us = 3117.24 us (7576.11 GFLOPS/s)
MUL_MAT q4_0_rocmfp4_fast m=512 n=128 k=2048: 16 x 43.132 us = 690.12 us (6221.99 GFLOPS/s)
MUL_MAT q4_0_rocmfp4_fast m=6144 n=32 k=2048 batch=4: 22 x 352.769 us = 7760.92 us (9129.03 GFLOPS/s)
RMS_NORM_MUL RMS_NORM(2048,128,1,1): 59 x 10.256 us = 605.16 us
RMS_NORM_MUL_ROPE RMS_NORM(64,32,128,1): 8 x 103.58 us = 828.64 us
RMS_NORM_MUL_ROPE RMS_NORM(64,8,128,1): 8 x 30.135 us = 241.08 us
SET_ROWS: 16 x 3.37 us = 53.92 us
SSM_CONV: 22 x 9.756 us = 214.64 us
Total time: 68233.7 us.
----------------
Vulkan Timings:
ADD: 58 x 7.329 us = 425.12 us
CONCAT: 22 x 22.134 us = 486.96 us
CPY: 22 x 3.78 us = 83.16 us
FLASH_ATTN_EXT dst(64,32,32,4),  q(64,32,32,4),  k(64,4864,8,4),  v(64,4864,8,4),  m(4864,32,1,4): 8 x 1126.67 us = 9013.4 us (4526.84 GFLOPS/s)
GET_ROWS: 22 x 2.578 us = 56.72 us
GLU: 29 x 38.729 us = 1123.16 us
MUL: 44 x 9.972 us = 438.8 us
MUL_MAT f32 m=64 n=1024 k=64: 16 x 8.88 us = 142.08 us (937.283 GFLOPS/s)
MUL_MAT f32 m=64 n=4096 k=64: 16 x 13.905 us = 222.48 us (2394.27 GFLOPS/s)
MUL_MAT q4_0_rocmfp4_fast m=10752 n=128 k=2048: 58 x 424.96 us = 24647.7 us (13261.9 GFLOPS/s)
MUL_MAT q4_0_rocmfp4_fast m=2048 n=128 k=10752: 29 x 574.295 us = 16654.6 us (9815.31 GFLOPS/s)
MUL_MAT q4_0_rocmfp4_fast m=2048 n=128 k=2048: 16 x 103.075 us = 1649.2 us (10414.5 GFLOPS/s)
MUL_MAT q4_0_rocmfp4_fast m=2048 n=32 k=2048 batch=4: 22 x 142.121 us = 3126.68 us (7553.24 GFLOPS/s)
MUL_MAT q4_0_rocmfp4_fast m=512 n=128 k=2048: 16 x 40.51 us = 648.16 us (6624.78 GFLOPS/s)
MUL_MAT q4_0_rocmfp4_fast m=6144 n=32 k=2048 batch=4: 22 x 356.414 us = 7841.12 us (9035.66 GFLOPS/s)
RMS_NORM_MUL RMS_NORM(2048,128,1,1): 59 x 10.275 us = 606.24 us
RMS_NORM_MUL_ROPE RMS_NORM(64,32,128,1): 8 x 102.305 us = 818.44 us
RMS_NORM_MUL_ROPE RMS_NORM(64,8,128,1): 8 x 27.505 us = 220.04 us
SET_ROWS: 16 x 2.767 us = 44.28 us
SSM_CONV: 22 x 9.75 us = 214.52 us
Total time: 68462.8 us.
----------------
Vulkan Timings:
ADD: 58 x 7.649 us = 443.68 us
CONCAT: 22 x 23.814 us = 523.92 us
CPY: 22 x 3.845 us = 84.6 us
FLASH_ATTN_EXT dst(64,32,32,4),  q(64,32,32,4),  k(64,4864,8,4),  v(64,4864,8,4),  m(4864,32,1,4): 8 x 1133.67 us = 9069.4 us (4498.89 GFLOPS/s)
GET_ROWS: 22 x 2.65 us = 58.32 us
GLU: 29 x 39.984 us = 1159.56 us
MUL: 44 x 9.475 us = 416.92 us
MUL_MAT f32 m=64 n=1024 k=64: 16 x 8.825 us = 141.2 us (943.124 GFLOPS/s)
MUL_MAT f32 m=64 n=4096 k=64: 16 x 13.8 us = 220.8 us (2412.48 GFLOPS/s)
MUL_MAT q4_0_rocmfp4_fast m=10752 n=128 k=2048: 58 x 426.615 us = 24743.7 us (13210.4 GFLOPS/s)
MUL_MAT q4_0_rocmfp4_fast m=2048 n=128 k=10752: 29 x 572.217 us = 16594.3 us (9850.94 GFLOPS/s)
MUL_MAT q4_0_rocmfp4_fast m=2048 n=128 k=2048: 16 x 99.71 us = 1595.36 us (10766 GFLOPS/s)
MUL_MAT q4_0_rocmfp4_fast m=2048 n=32 k=2048 batch=4: 22 x 143.249 us = 3151.48 us (7493.8 GFLOPS/s)
MUL_MAT q4_0_rocmfp4_fast m=512 n=128 k=2048: 16 x 44.147 us = 706.36 us (6078.94 GFLOPS/s)
MUL_MAT q4_0_rocmfp4_fast m=6144 n=32 k=2048 batch=4: 22 x 352.31 us = 7750.84 us (9140.9 GFLOPS/s)
RMS_NORM_MUL RMS_NORM(2048,128,1,1): 59 x 10.277 us = 606.36 us
RMS_NORM_MUL_ROPE RMS_NORM(64,32,128,1): 8 x 106.315 us = 850.52 us
RMS_NORM_MUL_ROPE RMS_NORM(64,8,128,1): 8 x 31.095 us = 248.76 us
SET_ROWS: 16 x 3.28 us = 52.48 us
SSM_CONV: 22 x 9.772 us = 215 us
Total time: 68633.6 us.
----------------
Vulkan Timings:
ADD: 58 x 8.091 us = 469.32 us
CONCAT: 22 x 22.521 us = 495.48 us
CPY: 22 x 3.776 us = 83.08 us
FLASH_ATTN_EXT dst(64,32,32,4),  q(64,32,32,4),  k(64,4864,8,4),  v(64,4864,8,4),  m(4864,32,1,4): 8 x 1147.29 us = 9178.28 us (4445.52 GFLOPS/s)
GET_ROWS: 22 x 2.56 us = 56.32 us
GLU: 29 x 39.962 us = 1158.92 us
MUL: 44 x 9.831 us = 432.6 us
MUL_MAT f32 m=64 n=1024 k=64: 16 x 8.937 us = 143 us (931.253 GFLOPS/s)
MUL_MAT f32 m=64 n=4096 k=64: 16 x 13.947 us = 223.16 us (2386.97 GFLOPS/s)
MUL_MAT q4_0_rocmfp4_fast m=10752 n=128 k=2048: 58 x 423.777 us = 24579.1 us (13298.9 GFLOPS/s)
MUL_MAT q4_0_rocmfp4_fast m=2048 n=128 k=10752: 29 x 574.038 us = 16647.1 us (9819.69 GFLOPS/s)
MUL_MAT q4_0_rocmfp4_fast m=2048 n=128 k=2048: 16 x 98.735 us = 1579.76 us (10872.3 GFLOPS/s)
MUL_MAT q4_0_rocmfp4_fast m=2048 n=32 k=2048 batch=4: 22 x 142.583 us = 3136.84 us (7528.77 GFLOPS/s)
MUL_MAT q4_0_rocmfp4_fast m=512 n=128 k=2048: 16 x 41.96 us = 671.36 us (6395.85 GFLOPS/s)
MUL_MAT q4_0_rocmfp4_fast m=6144 n=32 k=2048 batch=4: 22 x 350.407 us = 7708.96 us (9190.56 GFLOPS/s)
RMS_NORM_MUL RMS_NORM(2048,128,1,1): 59 x 10.248 us = 604.68 us
RMS_NORM_MUL_ROPE RMS_NORM(64,32,128,1): 8 x 104 us = 832 us
RMS_NORM_MUL_ROPE RMS_NORM(64,8,128,1): 8 x 31.13 us = 249.04 us
SET_ROWS: 16 x 2.75 us = 44 us
SSM_CONV: 22 x 9.729 us = 214.04 us
Total time: 68507.1 us.
0.20.454.091 I slot print_timing: id  0 | task 2 | prompt processing, n_tokens =   4864, progress = 0.59, t =  10.37 s / 468.93 tokens per second
0.20.454.132 I slot print_timing: id  1 | task 4 | prompt processing, n_tokens =   4864, progress = 0.59, t =  10.37 s / 468.93 tokens per second
0.20.454.161 I slot print_timing: id  2 | task 3 | prompt processing, n_tokens =   4864, progress = 0.59, t =  10.37 s / 468.93 tokens per second
0.20.454.198 I slot print_timing: id  3 | task 1 | prompt processing, n_tokens =   4864, progress = 0.59, t =  10.37 s / 468.93 tokens per second
----------------
Vulkan Timings:
ADD: 58 x 7.958 us = 461.6 us
CONCAT: 22 x 22.245 us = 489.4 us
CPY: 22 x 3.825 us = 84.16 us
FLASH_ATTN_EXT dst(64,32,32,4),  q(64,32,32,4),  k(64,5120,8,4),  v(64,5120,8,4),  m(5120,32,1,4): 8 x 1159.03 us = 9272.2 us (4632.09 GFLOPS/s)
GET_ROWS: 22 x 2.614 us = 57.52 us
GLU: 29 x 41.288 us = 1197.36 us
MUL: 44 x 10.609 us = 466.8 us
MUL_MAT f32 m=64 n=1024 k=64: 16 x 8.975 us = 143.6 us (927.362 GFLOPS/s)
MUL_MAT f32 m=64 n=4096 k=64: 16 x 13.875 us = 222 us (2399.44 GFLOPS/s)
MUL_MAT q4_0_rocmfp4_fast m=10752 n=128 k=2048: 58 x 425.595 us = 24684.6 us (13242.1 GFLOPS/s)
MUL_MAT q4_0_rocmfp4_fast m=2048 n=128 k=10752: 29 x 573.384 us = 16628.2 us (9830.89 GFLOPS/s)
MUL_MAT q4_0_rocmfp4_fast m=2048 n=128 k=2048: 16 x 106.685 us = 1706.96 us (10062.1 GFLOPS/s)
MUL_MAT q4_0_rocmfp4_fast m=2048 n=32 k=2048 batch=4: 22 x 143.972 us = 3167.4 us (7456.13 GFLOPS/s)
MUL_MAT q4_0_rocmfp4_fast m=512 n=128 k=2048: 16 x 39.585 us = 633.36 us (6779.59 GFLOPS/s)
MUL_MAT q4_0_rocmfp4_fast m=6144 n=32 k=2048 batch=4: 22 x 348.207 us = 7660.56 us (9248.63 GFLOPS/s)
RMS_NORM_MUL RMS_NORM(2048,128,1,1): 59 x 10.287 us = 606.96 us
RMS_NORM_MUL_ROPE RMS_NORM(64,32,128,1): 8 x 102.41 us = 819.28 us
RMS_NORM_MUL_ROPE RMS_NORM(64,8,128,1): 8 x 28.26 us = 226.08 us
SET_ROWS: 16 x 3.17 us = 50.72 us
SSM_CONV: 22 x 9.707 us = 213.56 us
Total time: 68792.2 us.
----------------
Vulkan Timings:
ADD: 58 x 8.257 us = 478.92 us
CONCAT: 22 x 22.112 us = 486.48 us
CPY: 22 x 3.789 us = 83.36 us
FLASH_ATTN_EXT dst(64,32,32,4),  q(64,32,32,4),  k(64,5120,8,4),  v(64,5120,8,4),  m(5120,32,1,4): 8 x 1173.42 us = 9387.4 us (4575.25 GFLOPS/s)
GET_ROWS: 22 x 2.569 us = 56.52 us
GLU: 29 x 39.18 us = 1136.24 us
MUL: 44 x 10.05 us = 442.2 us
MUL_MAT f32 m=64 n=1024 k=64: 16 x 8.92 us = 142.72 us (933.08 GFLOPS/s)
MUL_MAT f32 m=64 n=4096 k=64: 16 x 14.005 us = 224.08 us (2377.17 GFLOPS/s)
MUL_MAT q4_0_rocmfp4_fast m=10752 n=128 k=2048: 58 x 422.075 us = 24480.4 us (13352.5 GFLOPS/s)
MUL_MAT q4_0_rocmfp4_fast m=2048 n=128 k=10752: 29 x 575.773 us = 16697.4 us (9790.1 GFLOPS/s)
MUL_MAT q4_0_rocmfp4_fast m=2048 n=128 k=2048: 16 x 97.6 us = 1561.6 us (10998.8 GFLOPS/s)
MUL_MAT q4_0_rocmfp4_fast m=2048 n=32 k=2048 batch=4: 22 x 140.416 us = 3089.16 us (7644.98 GFLOPS/s)
MUL_MAT q4_0_rocmfp4_fast m=512 n=128 k=2048: 16 x 44.622 us = 713.96 us (6014.23 GFLOPS/s)
MUL_MAT q4_0_rocmfp4_fast m=6144 n=32 k=2048 batch=4: 22 x 355.238 us = 7815.24 us (9065.58 GFLOPS/s)
RMS_NORM_MUL RMS_NORM(2048,128,1,1): 59 x 10.312 us = 608.44 us
RMS_NORM_MUL_ROPE RMS_NORM(64,32,128,1): 8 x 105.7 us = 845.6 us
RMS_NORM_MUL_ROPE RMS_NORM(64,8,128,1): 8 x 29.335 us = 234.68 us
SET_ROWS: 16 x 2.692 us = 43.08 us
SSM_CONV: 22 x 9.725 us = 213.96 us
Total time: 68741.5 us.
----------------
Vulkan Timings:
ADD: 58 x 8.457 us = 490.52 us
CONCAT: 22 x 23.825 us = 524.16 us
CPY: 22 x 3.829 us = 84.24 us
FLASH_ATTN_EXT dst(64,32,32,4),  q(64,32,32,4),  k(64,5120,8,4),  v(64,5120,8,4),  m(5120,32,1,4): 8 x 1177.84 us = 9422.68 us (4558.12 GFLOPS/s)
GET_ROWS: 22 x 2.743 us = 60.36 us
GLU: 29 x 37.758 us = 1095 us
MUL: 44 x 10.068 us = 443 us
MUL_MAT f32 m=64 n=1024 k=64: 16 x 8.947 us = 143.16 us (930.212 GFLOPS/s)
MUL_MAT f32 m=64 n=4096 k=64: 16 x 13.712 us = 219.4 us (2427.88 GFLOPS/s)
MUL_MAT q4_0_rocmfp4_fast m=10752 n=128 k=2048: 58 x 424.135 us = 24599.8 us (13287.7 GFLOPS/s)
MUL_MAT q4_0_rocmfp4_fast m=2048 n=128 k=10752: 29 x 573.24 us = 16624 us (9833.37 GFLOPS/s)
MUL_MAT q4_0_rocmfp4_fast m=2048 n=128 k=2048: 16 x 105.127 us = 1682.04 us (10211.2 GFLOPS/s)
MUL_MAT q4_0_rocmfp4_fast m=2048 n=32 k=2048 batch=4: 22 x 141.063 us = 3103.4 us (7609.9 GFLOPS/s)
MUL_MAT q4_0_rocmfp4_fast m=512 n=128 k=2048: 16 x 39.71 us = 635.36 us (6758.25 GFLOPS/s)
MUL_MAT q4_0_rocmfp4_fast m=6144 n=32 k=2048 batch=4: 22 x 352.001 us = 7744.04 us (9148.93 GFLOPS/s)
RMS_NORM_MUL RMS_NORM(2048,128,1,1): 59 x 10.299 us = 607.68 us
RMS_NORM_MUL_ROPE RMS_NORM(64,32,128,1): 8 x 104.31 us = 834.48 us
RMS_NORM_MUL_ROPE RMS_NORM(64,8,128,1): 8 x 29.8 us = 238.4 us
SET_ROWS: 16 x 3.045 us = 48.72 us
SSM_CONV: 22 x 9.809 us = 215.8 us
Total time: 68816.2 us.
----------------
Vulkan Timings:
ADD: 58 x 8.462 us = 490.84 us
CONCAT: 22 x 22.981 us = 505.6 us
CPY: 22 x 3.73 us = 82.08 us
FLASH_ATTN_EXT dst(64,32,32,4),  q(64,32,32,4),  k(64,5120,8,4),  v(64,5120,8,4),  m(5120,32,1,4): 8 x 1183 us = 9464 us (4538.22 GFLOPS/s)
GET_ROWS: 22 x 2.645 us = 58.2 us
GLU: 29 x 36.78 us = 1066.64 us
MUL: 44 x 9.865 us = 434.08 us
MUL_MAT f32 m=64 n=1024 k=64: 16 x 8.922 us = 142.76 us (932.818 GFLOPS/s)
MUL_MAT f32 m=64 n=4096 k=64: 16 x 14.765 us = 236.24 us (2254.81 GFLOPS/s)
MUL_MAT q4_0_rocmfp4_fast m=10752 n=128 k=2048: 58 x 421.973 us = 24474.5 us (13355.7 GFLOPS/s)
MUL_MAT q4_0_rocmfp4_fast m=2048 n=128 k=10752: 29 x 573.348 us = 16627.1 us (9831.5 GFLOPS/s)
MUL_MAT q4_0_rocmfp4_fast m=2048 n=128 k=2048: 16 x 97.612 us = 1561.8 us (10997.4 GFLOPS/s)
MUL_MAT q4_0_rocmfp4_fast m=2048 n=32 k=2048 batch=4: 22 x 144.587 us = 3180.92 us (7424.44 GFLOPS/s)
MUL_MAT q4_0_rocmfp4_fast m=512 n=128 k=2048: 16 x 44.085 us = 705.36 us (6087.56 GFLOPS/s)
MUL_MAT q4_0_rocmfp4_fast m=6144 n=32 k=2048 batch=4: 22 x 357.865 us = 7873.04 us (8999.02 GFLOPS/s)
RMS_NORM_MUL RMS_NORM(2048,128,1,1): 59 x 10.221 us = 603.08 us
RMS_NORM_MUL_ROPE RMS_NORM(64,32,128,1): 8 x 100.625 us = 805 us
RMS_NORM_MUL_ROPE RMS_NORM(64,8,128,1): 8 x 31.275 us = 250.2 us
SET_ROWS: 16 x 2.837 us = 45.4 us
SSM_CONV: 22 x 10.636 us = 234 us
Total time: 68840.8 us.
0.20.746.201 I slot print_timing: id  0 | task 2 | prompt processing, n_tokens =   4992, progress = 0.61, t =  10.66 s / 468.09 tokens per second
0.20.746.244 I slot print_timing: id  1 | task 4 | prompt processing, n_tokens =   4992, progress = 0.61, t =  10.66 s / 468.09 tokens per second
0.20.746.274 I slot print_timing: id  2 | task 3 | prompt processing, n_tokens =   4992, progress = 0.61, t =  10.66 s / 468.09 tokens per second
0.20.746.305 I slot print_timing: id  3 | task 1 | prompt processing, n_tokens =   4992, progress = 0.61, t =  10.66 s / 468.09 tokens per second
----------------
Vulkan Timings:
ADD: 58 x 7.837 us = 454.56 us
CONCAT: 22 x 24.589 us = 540.96 us
CPY: 22 x 3.841 us = 84.52 us
FLASH_ATTN_EXT dst(64,32,32,4),  q(64,32,32,4),  k(64,5120,8,4),  v(64,5120,8,4),  m(5120,32,1,4): 8 x 1198.63 us = 9589.08 us (4479.02 GFLOPS/s)
GET_ROWS: 22 x 2.61 us = 57.44 us
GLU: 29 x 38.964 us = 1129.96 us
MUL: 44 x 9.971 us = 438.76 us
MUL_MAT f32 m=64 n=1024 k=64: 16 x 8.905 us = 142.48 us (934.652 GFLOPS/s)
MUL_MAT f32 m=64 n=4096 k=64: 16 x 13.892 us = 222.28 us (2396.42 GFLOPS/s)
MUL_MAT q4_0_rocmfp4_fast m=10752 n=128 k=2048: 58 x 425.326 us = 24669 us (13250.4 GFLOPS/s)
MUL_MAT q4_0_rocmfp4_fast m=2048 n=128 k=10752: 29 x 571.724 us = 16580 us (9859.44 GFLOPS/s)
MUL_MAT q4_0_rocmfp4_fast m=2048 n=128 k=2048: 16 x 100.037 us = 1600.6 us (10730.8 GFLOPS/s)
MUL_MAT q4_0_rocmfp4_fast m=2048 n=32 k=2048 batch=4: 22 x 143.527 us = 3157.6 us (7479.27 GFLOPS/s)
MUL_MAT q4_0_rocmfp4_fast m=512 n=128 k=2048: 16 x 46.455 us = 743.28 us (5776.99 GFLOPS/s)
MUL_MAT q4_0_rocmfp4_fast m=6144 n=32 k=2048 batch=4: 22 x 352.7 us = 7759.4 us (9130.82 GFLOPS/s)
RMS_NORM_MUL RMS_NORM(2048,128,1,1): 59 x 10.334 us = 609.72 us
RMS_NORM_MUL_ROPE RMS_NORM(64,32,128,1): 8 x 100.72 us = 805.76 us
RMS_NORM_MUL_ROPE RMS_NORM(64,8,128,1): 8 x 27.57 us = 220.56 us
SET_ROWS: 16 x 2.945 us = 47.12 us
SSM_CONV: 22 x 9.745 us = 214.4 us
Total time: 69067.4 us.
----------------
Vulkan Timings:
ADD: 58 x 8.469 us = 491.24 us
CONCAT: 22 x 21.423 us = 471.32 us
CPY: 22 x 3.796 us = 83.52 us
FLASH_ATTN_EXT dst(64,32,32,4),  q(64,32,32,4),  k(64,5120,8,4),  v(64,5120,8,4),  m(5120,32,1,4): 8 x 1209.28 us = 9674.24 us (4439.59 GFLOPS/s)
GET_ROWS: 22 x 2.598 us = 57.16 us
GLU: 29 x 38.677 us = 1121.64 us
MUL: 44 x 10.357 us = 455.72 us
MUL_MAT f32 m=64 n=1024 k=64: 16 x 9.005 us = 144.08 us (924.272 GFLOPS/s)
MUL_MAT f32 m=64 n=4096 k=64: 16 x 14.077 us = 225.24 us (2364.93 GFLOPS/s)
MUL_MAT q4_0_rocmfp4_fast m=10752 n=128 k=2048: 58 x 423.473 us = 24561.4 us (13308.4 GFLOPS/s)
MUL_MAT q4_0_rocmfp4_fast m=2048 n=128 k=10752: 29 x 574.263 us = 16653.6 us (9815.85 GFLOPS/s)
MUL_MAT q4_0_rocmfp4_fast m=2048 n=128 k=2048: 16 x 101.497 us = 1623.96 us (10576.4 GFLOPS/s)
MUL_MAT q4_0_rocmfp4_fast m=2048 n=32 k=2048 batch=4: 22 x 139.429 us = 3067.44 us (7699.11 GFLOPS/s)
MUL_MAT q4_0_rocmfp4_fast m=512 n=128 k=2048: 16 x 43.467 us = 695.48 us (6174.04 GFLOPS/s)
MUL_MAT q4_0_rocmfp4_fast m=6144 n=32 k=2048 batch=4: 22 x 355.609 us = 7823.4 us (9056.12 GFLOPS/s)
RMS_NORM_MUL RMS_NORM(2048,128,1,1): 59 x 10.289 us = 607.08 us
RMS_NORM_MUL_ROPE RMS_NORM(64,32,128,1): 8 x 105.67 us = 845.36 us
RMS_NORM_MUL_ROPE RMS_NORM(64,8,128,1): 8 x 29.435 us = 235.48 us
SET_ROWS: 16 x 2.97 us = 47.52 us
SSM_CONV: 22 x 9.769 us = 214.92 us
Total time: 69099.9 us.
----------------
Vulkan Timings:
ADD: 58 x 7.971 us = 462.36 us
CONCAT: 22 x 21.478 us = 472.52 us
CPY: 22 x 3.781 us = 83.2 us
FLASH_ATTN_EXT dst(64,32,32,4),  q(64,32,32,4),  k(64,5120,8,4),  v(64,5120,8,4),  m(5120,32,1,4): 8 x 1211.49 us = 9691.96 us (4431.47 GFLOPS/s)
GET_ROWS: 22 x 2.65 us = 58.32 us
GLU: 29 x 38.892 us = 1127.88 us
MUL: 44 x 10.39 us = 457.2 us
MUL_MAT f32 m=64 n=1024 k=64: 16 x 8.93 us = 142.88 us (932.035 GFLOPS/s)
MUL_MAT f32 m=64 n=4096 k=64: 16 x 13.912 us = 222.6 us (2392.98 GFLOPS/s)
MUL_MAT q4_0_rocmfp4_fast m=10752 n=128 k=2048: 58 x 422.632 us = 24512.7 us (13334.9 GFLOPS/s)
MUL_MAT q4_0_rocmfp4_fast m=2048 n=128 k=10752: 29 x 572.32 us = 16597.3 us (9849.18 GFLOPS/s)
MUL_MAT q4_0_rocmfp4_fast m=2048 n=128 k=2048: 16 x 101.84 us = 1629.44 us (10540.8 GFLOPS/s)
MUL_MAT q4_0_rocmfp4_fast m=2048 n=32 k=2048 batch=4: 22 x 143.365 us = 3154.04 us (7487.72 GFLOPS/s)
MUL_MAT q4_0_rocmfp4_fast m=512 n=128 k=2048: 16 x 44.04 us = 704.64 us (6093.78 GFLOPS/s)
MUL_MAT q4_0_rocmfp4_fast m=6144 n=32 k=2048 batch=4: 22 x 357.014 us = 7854.32 us (9020.47 GFLOPS/s)
RMS_NORM_MUL RMS_NORM(2048,128,1,1): 59 x 10.213 us = 602.6 us
RMS_NORM_MUL_ROPE RMS_NORM(64,32,128,1): 8 x 100.71 us = 805.68 us
RMS_NORM_MUL_ROPE RMS_NORM(64,8,128,1): 8 x 29.255 us = 234.04 us
SET_ROWS: 16 x 2.867 us = 45.88 us
SSM_CONV: 22 x 9.725 us = 213.96 us
Total time: 69073.5 us.
----------------
Vulkan Timings:
ADD: 58 x 7.658 us = 444.2 us
CONCAT: 22 x 23.12 us = 508.64 us
CPY: 22 x 3.78 us = 83.16 us
FLASH_ATTN_EXT dst(64,32,32,4),  q(64,32,32,4),  k(64,5120,8,4),  v(64,5120,8,4),  m(5120,32,1,4): 8 x 1208.94 us = 9671.52 us (4440.84 GFLOPS/s)
GET_ROWS: 22 x 2.632 us = 57.92 us
GLU: 29 x 39.499 us = 1145.48 us
MUL: 44 x 9.952 us = 437.92 us
MUL_MAT f32 m=64 n=1024 k=64: 16 x 8.952 us = 143.24 us (929.692 GFLOPS/s)
MUL_MAT f32 m=64 n=4096 k=64: 16 x 13.862 us = 221.8 us (2401.61 GFLOPS/s)
MUL_MAT q4_0_rocmfp4_fast m=10752 n=128 k=2048: 58 x 423.09 us = 24539.2 us (13320.5 GFLOPS/s)
MUL_MAT q4_0_rocmfp4_fast m=2048 n=128 k=10752: 29 x 570.608 us = 16547.6 us (9878.73 GFLOPS/s)
MUL_MAT q4_0_rocmfp4_fast m=2048 n=128 k=2048: 16 x 106.272 us = 1700.36 us (10101.2 GFLOPS/s)
MUL_MAT q4_0_rocmfp4_fast m=2048 n=32 k=2048 batch=4: 22 x 143.938 us = 3166.64 us (7457.92 GFLOPS/s)
MUL_MAT q4_0_rocmfp4_fast m=512 n=128 k=2048: 16 x 42.33 us = 677.28 us (6339.95 GFLOPS/s)
MUL_MAT q4_0_rocmfp4_fast m=6144 n=32 k=2048 batch=4: 22 x 359.712 us = 7913.68 us (8952.81 GFLOPS/s)
RMS_NORM_MUL RMS_NORM(2048,128,1,1): 59 x 10.342 us = 610.2 us
RMS_NORM_MUL_ROPE RMS_NORM(64,32,128,1): 8 x 102.205 us = 817.64 us
RMS_NORM_MUL_ROPE RMS_NORM(64,8,128,1): 8 x 29.405 us = 235.24 us
SET_ROWS: 16 x 3.122 us = 49.96 us
SSM_CONV: 22 x 9.765 us = 214.84 us
Total time: 69186.6 us.
0.21.037.436 I slot print_timing: id  0 | task 2 | prompt processing, n_tokens =   5120, progress = 0.62, t =  10.96 s / 467.33 tokens per second
0.21.037.479 I slot print_timing: id  1 | task 4 | prompt processing, n_tokens =   5120, progress = 0.62, t =  10.96 s / 467.33 tokens per second
0.21.037.508 I slot print_timing: id  2 | task 3 | prompt processing, n_tokens =   5120, progress = 0.62, t =  10.96 s / 467.33 tokens per second
0.21.037.539 I slot print_timing: id  3 | task 1 | prompt processing, n_tokens =   5120, progress = 0.62, t =  10.96 s / 467.33 tokens per second
----------------
Vulkan Timings:
ADD: 58 x 7.982 us = 462.96 us
CONCAT: 22 x 21.434 us = 471.56 us
CPY: 22 x 3.825 us = 84.16 us
FLASH_ATTN_EXT dst(64,32,32,4),  q(64,32,32,4),  k(64,5376,8,4),  v(64,5376,8,4),  m(5376,32,1,4): 8 x 1212.06 us = 9696.44 us (4650.9 GFLOPS/s)
GET_ROWS: 22 x 2.858 us = 62.88 us
GLU: 29 x 39.449 us = 1144.04 us
MUL: 44 x 10.777 us = 474.2 us
MUL_MAT f32 m=64 n=1024 k=64: 16 x 8.782 us = 140.52 us (947.688 GFLOPS/s)
MUL_MAT f32 m=64 n=4096 k=64: 16 x 14.017 us = 224.28 us (2375.05 GFLOPS/s)
MUL_MAT q4_0_rocmfp4_fast m=10752 n=128 k=2048: 58 x 426.131 us = 24715.6 us (13225.4 GFLOPS/s)
MUL_MAT q4_0_rocmfp4_fast m=2048 n=128 k=10752: 29 x 573.222 us = 16623.4 us (9833.68 GFLOPS/s)
MUL_MAT q4_0_rocmfp4_fast m=2048 n=128 k=2048: 16 x 99.235 us = 1587.76 us (10817.6 GFLOPS/s)
MUL_MAT q4_0_rocmfp4_fast m=2048 n=32 k=2048 batch=4: 22 x 141.703 us = 3117.48 us (7575.53 GFLOPS/s)
MUL_MAT q4_0_rocmfp4_fast m=512 n=128 k=2048: 16 x 45.76 us = 732.16 us (5864.73 GFLOPS/s)
MUL_MAT q4_0_rocmfp4_fast m=6144 n=32 k=2048 batch=4: 22 x 350.178 us = 7703.92 us (9196.57 GFLOPS/s)
RMS_NORM_MUL RMS_NORM(2048,128,1,1): 59 x 10.274 us = 606.2 us
RMS_NORM_MUL_ROPE RMS_NORM(64,32,128,1): 8 x 107.475 us = 859.8 us
RMS_NORM_MUL_ROPE RMS_NORM(64,8,128,1): 8 x 33.57 us = 268.56 us
SET_ROWS: 16 x 2.73 us = 43.68 us
SSM_CONV: 22 x 9.758 us = 214.68 us
Total time: 69234.3 us.
----------------
Vulkan Timings:
ADD: 58 x 7.882 us = 457.16 us
CONCAT: 22 x 22.223 us = 488.92 us
CPY: 22 x 3.738 us = 82.24 us
FLASH_ATTN_EXT dst(64,32,32,4),  q(64,32,32,4),  k(64,5376,8,4),  v(64,5376,8,4),  m(5376,32,1,4): 8 x 1224.65 us = 9797.2 us (4603.07 GFLOPS/s)
GET_ROWS: 22 x 2.667 us = 58.68 us
GLU: 29 x 38.503 us = 1116.6 us
MUL: 44 x 10.196 us = 448.64 us
MUL_MAT f32 m=64 n=1024 k=64: 16 x 8.905 us = 142.48 us (934.652 GFLOPS/s)
MUL_MAT f32 m=64 n=4096 k=64: 16 x 13.892 us = 222.28 us (2396.42 GFLOPS/s)
MUL_MAT q4_0_rocmfp4_fast m=10752 n=128 k=2048: 58 x 424.568 us = 24625 us (13274.1 GFLOPS/s)
MUL_MAT q4_0_rocmfp4_fast m=2048 n=128 k=10752: 29 x 569.583 us = 16517.9 us (9896.5 GFLOPS/s)
MUL_MAT q4_0_rocmfp4_fast m=2048 n=128 k=2048: 16 x 103.862 us = 1661.8 us (10335.6 GFLOPS/s)
MUL_MAT q4_0_rocmfp4_fast m=2048 n=32 k=2048 batch=4: 22 x 145.278 us = 3196.12 us (7389.13 GFLOPS/s)
MUL_MAT q4_0_rocmfp4_fast m=512 n=128 k=2048: 16 x 43.125 us = 690 us (6223.07 GFLOPS/s)
MUL_MAT q4_0_rocmfp4_fast m=6144 n=32 k=2048 batch=4: 22 x 356.069 us = 7833.52 us (9044.42 GFLOPS/s)
RMS_NORM_MUL RMS_NORM(2048,128,1,1): 59 x 10.296 us = 607.48 us
RMS_NORM_MUL_ROPE RMS_NORM(64,32,128,1): 8 x 102.465 us = 819.72 us
RMS_NORM_MUL_ROPE RMS_NORM(64,8,128,1): 8 x 31.185 us = 249.48 us
SET_ROWS: 16 x 3.312 us = 53 us
SSM_CONV: 22 x 10.58 us = 232.76 us
Total time: 69301 us.
----------------
Vulkan Timings:
ADD: 58 x 8.102 us = 469.96 us
CONCAT: 22 x 22.356 us = 491.84 us
CPY: 22 x 3.832 us = 84.32 us
FLASH_ATTN_EXT dst(64,32,32,4),  q(64,32,32,4),  k(64,5376,8,4),  v(64,5376,8,4),  m(5376,32,1,4): 8 x 1223.52 us = 9788.12 us (4607.34 GFLOPS/s)
GET_ROWS: 22 x 2.572 us = 56.6 us
GLU: 29 x 39.947 us = 1158.48 us
MUL: 44 x 9.779 us = 430.28 us
MUL_MAT f32 m=64 n=1024 k=64: 16 x 9.002 us = 144.04 us (924.529 GFLOPS/s)
MUL_MAT f32 m=64 n=4096 k=64: 16 x 13.935 us = 222.96 us (2389.11 GFLOPS/s)
MUL_MAT q4_0_rocmfp4_fast m=10752 n=128 k=2048: 58 x 425.015 us = 24650.9 us (13260.1 GFLOPS/s)
MUL_MAT q4_0_rocmfp4_fast m=2048 n=128 k=10752: 29 x 572.183 us = 16593.3 us (9851.53 GFLOPS/s)
MUL_MAT q4_0_rocmfp4_fast m=2048 n=128 k=2048: 16 x 106.492 us = 1703.88 us (10080.3 GFLOPS/s)
MUL_MAT q4_0_rocmfp4_fast m=2048 n=32 k=2048 batch=4: 22 x 142.503 us = 3135.08 us (7533 GFLOPS/s)
MUL_MAT q4_0_rocmfp4_fast m=512 n=128 k=2048: 16 x 38.75 us = 620 us (6925.68 GFLOPS/s)
MUL_MAT q4_0_rocmfp4_fast m=6144 n=32 k=2048 batch=4: 22 x 353.996 us = 7787.92 us (9097.38 GFLOPS/s)
RMS_NORM_MUL RMS_NORM(2048,128,1,1): 59 x 10.265 us = 605.64 us
RMS_NORM_MUL_ROPE RMS_NORM(64,32,128,1): 8 x 102.455 us = 819.64 us
RMS_NORM_MUL_ROPE RMS_NORM(64,8,128,1): 8 x 31.29 us = 250.32 us
SET_ROWS: 16 x 2.737 us = 43.8 us
SSM_CONV: 22 x 9.816 us = 215.96 us
Total time: 69273.1 us.
----------------
Vulkan Timings:
ADD: 58 x 7.819 us = 453.52 us
CONCAT: 22 x 23.487 us = 516.72 us
CPY: 22 x 3.789 us = 83.36 us
FLASH_ATTN_EXT dst(64,32,32,4),  q(64,32,32,4),  k(64,5376,8,4),  v(64,5376,8,4),  m(5376,32,1,4): 8 x 1227.15 us = 9817.2 us (4593.69 GFLOPS/s)
GET_ROWS: 22 x 2.672 us = 58.8 us
GLU: 29 x 39.513 us = 1145.88 us
MUL: 44 x 9.887 us = 435.04 us
MUL_MAT f32 m=64 n=1024 k=64: 16 x 8.947 us = 143.16 us (930.212 GFLOPS/s)
MUL_MAT f32 m=64 n=4096 k=64: 16 x 14.035 us = 224.56 us (2372.09 GFLOPS/s)
MUL_MAT q4_0_rocmfp4_fast m=10752 n=128 k=2048: 58 x 424.46 us = 24618.7 us (13277.5 GFLOPS/s)
MUL_MAT q4_0_rocmfp4_fast m=2048 n=128 k=10752: 29 x 570.481 us = 16544 us (9880.92 GFLOPS/s)
MUL_MAT q4_0_rocmfp4_fast m=2048 n=128 k=2048: 16 x 103.437 us = 1655 us (10378.1 GFLOPS/s)
MUL_MAT q4_0_rocmfp4_fast m=2048 n=32 k=2048 batch=4: 22 x 142.456 us = 3134.04 us (7535.5 GFLOPS/s)
MUL_MAT q4_0_rocmfp4_fast m=512 n=128 k=2048: 16 x 42.137 us = 674.2 us (6368.91 GFLOPS/s)
MUL_MAT q4_0_rocmfp4_fast m=6144 n=32 k=2048 batch=4: 22 x 360.098 us = 7922.16 us (8943.22 GFLOPS/s)
RMS_NORM_MUL RMS_NORM(2048,128,1,1): 59 x 10.404 us = 613.84 us
RMS_NORM_MUL_ROPE RMS_NORM(64,32,128,1): 8 x 100.735 us = 805.88 us
RMS_NORM_MUL_ROPE RMS_NORM(64,8,128,1): 8 x 29.465 us = 235.72 us
SET_ROWS: 16 x 3.375 us = 54 us
SSM_CONV: 22 x 9.743 us = 214.36 us
Total time: 69350.1 us.
0.21.332.232 I slot print_timing: id  0 | task 2 | prompt processing, n_tokens =   5248, progress = 0.64, t =  11.25 s / 466.46 tokens per second
0.21.332.274 I slot print_timing: id  1 | task 4 | prompt processing, n_tokens =   5248, progress = 0.64, t =  11.25 s / 466.46 tokens per second
0.21.332.304 I slot print_timing: id  2 | task 3 | prompt processing, n_tokens =   5248, progress = 0.64, t =  11.25 s / 466.46 tokens per second
0.21.332.337 I slot print_timing: id  3 | task 1 | prompt processing, n_tokens =   5248, progress = 0.64, t =  11.25 s / 466.46 tokens per second
----------------
Vulkan Timings:
ADD: 58 x 7.796 us = 452.2 us
CONCAT: 22 x 21.601 us = 475.24 us
CPY: 22 x 3.798 us = 83.56 us
FLASH_ATTN_EXT dst(64,32,32,4),  q(64,32,32,4),  k(64,5376,8,4),  v(64,5376,8,4),  m(5376,32,1,4): 8 x 1235.65 us = 9885.24 us (4562.07 GFLOPS/s)
GET_ROWS: 22 x 2.661 us = 58.56 us
GLU: 29 x 38.6 us = 1119.4 us
MUL: 44 x 9.449 us = 415.76 us
MUL_MAT f32 m=64 n=1024 k=64: 16 x 8.935 us = 142.96 us (931.513 GFLOPS/s)
MUL_MAT f32 m=64 n=4096 k=64: 16 x 13.885 us = 222.16 us (2397.72 GFLOPS/s)
MUL_MAT q4_0_rocmfp4_fast m=10752 n=128 k=2048: 58 x 424.673 us = 24631.1 us (13270.8 GFLOPS/s)
MUL_MAT q4_0_rocmfp4_fast m=2048 n=128 k=10752: 29 x 574.518 us = 16661 us (9811.49 GFLOPS/s)
MUL_MAT q4_0_rocmfp4_fast m=2048 n=128 k=2048: 16 x 99.875 us = 1598 us (10748.2 GFLOPS/s)
MUL_MAT q4_0_rocmfp4_fast m=2048 n=32 k=2048 batch=4: 22 x 143.3 us = 3152.6 us (7491.14 GFLOPS/s)
MUL_MAT q4_0_rocmfp4_fast m=512 n=128 k=2048: 16 x 44.08 us = 705.28 us (6088.25 GFLOPS/s)
MUL_MAT q4_0_rocmfp4_fast m=6144 n=32 k=2048 batch=4: 22 x 354.79 us = 7805.4 us (9077.01 GFLOPS/s)
RMS_NORM_MUL RMS_NORM(2048,128,1,1): 59 x 10.301 us = 607.76 us
RMS_NORM_MUL_ROPE RMS_NORM(64,32,128,1): 8 x 103.775 us = 830.2 us
RMS_NORM_MUL_ROPE RMS_NORM(64,8,128,1): 8 x 29.725 us = 237.8 us
SET_ROWS: 16 x 2.622 us = 41.96 us
SSM_CONV: 22 x 9.736 us = 214.2 us
Total time: 69340.4 us.
----------------
Vulkan Timings:
ADD: 58 x 7.503 us = 435.2 us
CONCAT: 22 x 21.429 us = 471.44 us
CPY: 22 x 3.8 us = 83.6 us
FLASH_ATTN_EXT dst(64,32,32,4),  q(64,32,32,4),  k(64,5376,8,4),  v(64,5376,8,4),  m(5376,32,1,4): 8 x 1244.57 us = 9956.52 us (4529.41 GFLOPS/s)
GET_ROWS: 22 x 2.672 us = 58.8 us
GLU: 29 x 38.982 us = 1130.48 us
MUL: 44 x 10.022 us = 441 us
MUL_MAT f32 m=64 n=1024 k=64: 16 x 9.392 us = 150.28 us (886.14 GFLOPS/s)
MUL_MAT f32 m=64 n=4096 k=64: 16 x 13.892 us = 222.28 us (2396.42 GFLOPS/s)
MUL_MAT q4_0_rocmfp4_fast m=10752 n=128 k=2048: 58 x 425.933 us = 24704.2 us (13231.6 GFLOPS/s)
MUL_MAT q4_0_rocmfp4_fast m=2048 n=128 k=10752: 29 x 572.32 us = 16597.3 us (9849.18 GFLOPS/s)
MUL_MAT q4_0_rocmfp4_fast m=2048 n=128 k=2048: 16 x 101.632 us = 1626.12 us (10562.4 GFLOPS/s)
MUL_MAT q4_0_rocmfp4_fast m=2048 n=32 k=2048 batch=4: 22 x 141.892 us = 3121.64 us (7565.43 GFLOPS/s)
MUL_MAT q4_0_rocmfp4_fast m=512 n=128 k=2048: 16 x 42.582 us = 681.32 us (6302.35 GFLOPS/s)
MUL_MAT q4_0_rocmfp4_fast m=6144 n=32 k=2048 batch=4: 22 x 358.132 us = 7878.92 us (8992.31 GFLOPS/s)
RMS_NORM_MUL RMS_NORM(2048,128,1,1): 59 x 10.272 us = 606.08 us
RMS_NORM_MUL_ROPE RMS_NORM(64,32,128,1): 8 x 102.485 us = 819.88 us
RMS_NORM_MUL_ROPE RMS_NORM(64,8,128,1): 8 x 32.42 us = 259.36 us
SET_ROWS: 16 x 3.307 us = 52.92 us
SSM_CONV: 22 x 9.741 us = 214.32 us
Total time: 69511.6 us.
----------------
Vulkan Timings:
ADD: 58 x 7.936 us = 460.32 us
CONCAT: 22 x 22.261 us = 489.76 us
CPY: 22 x 3.805 us = 83.72 us
FLASH_ATTN_EXT dst(64,32,32,4),  q(64,32,32,4),  k(64,5376,8,4),  v(64,5376,8,4),  m(5376,32,1,4): 8 x 1251.3 us = 10010.4 us (4505.03 GFLOPS/s)
GET_ROWS: 22 x 2.598 us = 57.16 us
GLU: 29 x 38.564 us = 1118.36 us
MUL: 44 x 10.041 us = 441.84 us
MUL_MAT f32 m=64 n=1024 k=64: 16 x 8.95 us = 143.2 us (929.952 GFLOPS/s)
MUL_MAT f32 m=64 n=4096 k=64: 16 x 13.95 us = 223.2 us (2386.54 GFLOPS/s)
MUL_MAT q4_0_rocmfp4_fast m=10752 n=128 k=2048: 58 x 423.394 us = 24556.9 us (13310.9 GFLOPS/s)
MUL_MAT q4_0_rocmfp4_fast m=2048 n=128 k=10752: 29 x 577.006 us = 16733.2 us (9769.18 GFLOPS/s)
MUL_MAT q4_0_rocmfp4_fast m=2048 n=128 k=2048: 16 x 99.897 us = 1598.36 us (10745.8 GFLOPS/s)
MUL_MAT q4_0_rocmfp4_fast m=2048 n=32 k=2048 batch=4: 22 x 140.796 us = 3097.52 us (7624.34 GFLOPS/s)
MUL_MAT q4_0_rocmfp4_fast m=512 n=128 k=2048: 16 x 43.067 us = 689.08 us (6231.38 GFLOPS/s)
MUL_MAT q4_0_rocmfp4_fast m=6144 n=32 k=2048 batch=4: 22 x 356.652 us = 7846.36 us (9029.62 GFLOPS/s)
RMS_NORM_MUL RMS_NORM(2048,128,1,1): 59 x 10.29 us = 607.16 us
RMS_NORM_MUL_ROPE RMS_NORM(64,32,128,1): 8 x 104.355 us = 834.84 us
RMS_NORM_MUL_ROPE RMS_NORM(64,8,128,1): 8 x 31.2 us = 249.6 us
SET_ROWS: 16 x 2.647 us = 42.36 us
SSM_CONV: 22 x 9.712 us = 213.68 us
Total time: 69497 us.
----------------
Vulkan Timings:
ADD: 58 x 7.709 us = 447.16 us
CONCAT: 22 x 22.254 us = 489.6 us
CPY: 22 x 3.836 us = 84.4 us
FLASH_ATTN_EXT dst(64,32,32,4),  q(64,32,32,4),  k(64,5376,8,4),  v(64,5376,8,4),  m(5376,32,1,4): 8 x 1272.09 us = 10176.7 us (4431.42 GFLOPS/s)
GET_ROWS: 22 x 2.449 us = 53.88 us
GLU: 29 x 39.158 us = 1135.6 us
MUL: 44 x 10.204 us = 449 us
MUL_MAT f32 m=64 n=1024 k=64: 16 x 8.947 us = 143.16 us (930.212 GFLOPS/s)
MUL_MAT f32 m=64 n=4096 k=64: 16 x 14.082 us = 225.32 us (2364.09 GFLOPS/s)
MUL_MAT q4_0_rocmfp4_fast m=10752 n=128 k=2048: 58 x 423.378 us = 24556 us (13311.4 GFLOPS/s)
MUL_MAT q4_0_rocmfp4_fast m=2048 n=128 k=10752: 29 x 573.209 us = 16623.1 us (9833.89 GFLOPS/s)
MUL_MAT q4_0_rocmfp4_fast m=2048 n=128 k=2048: 16 x 99.517 us = 1592.28 us (10786.8 GFLOPS/s)
MUL_MAT q4_0_rocmfp4_fast m=2048 n=32 k=2048 batch=4: 22 x 140.874 us = 3099.24 us (7620.11 GFLOPS/s)
MUL_MAT q4_0_rocmfp4_fast m=512 n=128 k=2048: 16 x 42.79 us = 684.64 us (6271.79 GFLOPS/s)
MUL_MAT q4_0_rocmfp4_fast m=6144 n=32 k=2048 batch=4: 22 x 354.061 us = 7789.36 us (9095.7 GFLOPS/s)
RMS_NORM_MUL RMS_NORM(2048,128,1,1): 59 x 10.307 us = 608.12 us
RMS_NORM_MUL_ROPE RMS_NORM(64,32,128,1): 8 x 104.235 us = 833.88 us
RMS_NORM_MUL_ROPE RMS_NORM(64,8,128,1): 8 x 29.425 us = 235.4 us
SET_ROWS: 16 x 3.237 us = 51.8 us
SSM_CONV: 22 x 9.723 us = 213.92 us
Total time: 69492.5 us.
0.21.624.786 I slot print_timing: id  0 | task 2 | prompt processing, n_tokens =   5376, progress = 0.66, t =  11.54 s / 465.73 tokens per second
0.21.624.821 I slot print_timing: id  1 | task 4 | prompt processing, n_tokens =   5376, progress = 0.66, t =  11.54 s / 465.73 tokens per second
0.21.624.846 I slot print_timing: id  2 | task 3 | prompt processing, n_tokens =   5376, progress = 0.66, t =  11.54 s / 465.73 tokens per second
0.21.624.868 I slot print_timing: id  3 | task 1 | prompt processing, n_tokens =   5376, progress = 0.66, t =  11.54 s / 465.73 tokens per second
----------------
Vulkan Timings:
ADD: 58 x 7.881 us = 457.12 us
CONCAT: 22 x 24.641 us = 542.12 us
CPY: 22 x 3.807 us = 83.76 us
FLASH_ATTN_EXT dst(64,32,32,4),  q(64,32,32,4),  k(64,5632,8,4),  v(64,5632,8,4),  m(5632,32,1,4): 8 x 1282.45 us = 10259.6 us (4604.9 GFLOPS/s)
GET_ROWS: 22 x 2.501 us = 55.04 us
GLU: 29 x 40 us = 1160 us
MUL: 44 x 9.269 us = 407.84 us
MUL_MAT f32 m=64 n=1024 k=64: 16 x 8.962 us = 143.4 us (928.655 GFLOPS/s)
MUL_MAT f32 m=64 n=4096 k=64: 16 x 14.052 us = 224.84 us (2369.14 GFLOPS/s)
MUL_MAT q4_0_rocmfp4_fast m=10752 n=128 k=2048: 58 x 423.609 us = 24569.4 us (13304.2 GFLOPS/s)
MUL_MAT q4_0_rocmfp4_fast m=2048 n=128 k=10752: 29 x 573.449 us = 16630 us (9829.78 GFLOPS/s)
MUL_MAT q4_0_rocmfp4_fast m=2048 n=128 k=2048: 16 x 99.047 us = 1584.76 us (10838 GFLOPS/s)
MUL_MAT q4_0_rocmfp4_fast m=2048 n=32 k=2048 batch=4: 22 x 144.527 us = 3179.6 us (7427.52 GFLOPS/s)
MUL_MAT q4_0_rocmfp4_fast m=512 n=128 k=2048: 16 x 44.85 us = 717.6 us (5983.72 GFLOPS/s)
MUL_MAT q4_0_rocmfp4_fast m=6144 n=32 k=2048 batch=4: 22 x 357.803 us = 7871.68 us (9000.58 GFLOPS/s)
RMS_NORM_MUL RMS_NORM(2048,128,1,1): 59 x 10.408 us = 614.08 us
RMS_NORM_MUL_ROPE RMS_NORM(64,32,128,1): 8 x 105.81 us = 846.48 us
RMS_NORM_MUL_ROPE RMS_NORM(64,8,128,1): 8 x 29.35 us = 234.8 us
SET_ROWS: 16 x 2.665 us = 42.64 us
SSM_CONV: 22 x 9.75 us = 214.52 us
Total time: 69839.3 us.
----------------
Vulkan Timings:
ADD: 58 x 8.379 us = 486 us
CONCAT: 22 x 22.241 us = 489.32 us
CPY: 22 x 3.785 us = 83.28 us
FLASH_ATTN_EXT dst(64,32,32,4),  q(64,32,32,4),  k(64,5632,8,4),  v(64,5632,8,4),  m(5632,32,1,4): 8 x 1289.48 us = 10315.9 us (4579.8 GFLOPS/s)
GET_ROWS: 22 x 2.558 us = 56.28 us
GLU: 29 x 39.419 us = 1143.16 us
MUL: 44 x 10.056 us = 442.48 us
MUL_MAT f32 m=64 n=1024 k=64: 16 x 9.022 us = 144.36 us (922.48 GFLOPS/s)
MUL_MAT f32 m=64 n=4096 k=64: 16 x 14.002 us = 224.04 us (2377.6 GFLOPS/s)
MUL_MAT q4_0_rocmfp4_fast m=10752 n=128 k=2048: 58 x 423.667 us = 24572.7 us (13302.3 GFLOPS/s)
MUL_MAT q4_0_rocmfp4_fast m=2048 n=128 k=10752: 29 x 571.955 us = 16586.7 us (9855.45 GFLOPS/s)
MUL_MAT q4_0_rocmfp4_fast m=2048 n=128 k=2048: 16 x 99.017 us = 1584.28 us (10841.3 GFLOPS/s)
MUL_MAT q4_0_rocmfp4_fast m=2048 n=32 k=2048 batch=4: 22 x 141.696 us = 3117.32 us (7575.92 GFLOPS/s)
MUL_MAT q4_0_rocmfp4_fast m=512 n=128 k=2048: 16 x 47.222 us = 755.56 us (5683.09 GFLOPS/s)
MUL_MAT q4_0_rocmfp4_fast m=6144 n=32 k=2048 batch=4: 22 x 353.047 us = 7767.04 us (9121.84 GFLOPS/s)
RMS_NORM_MUL RMS_NORM(2048,128,1,1): 59 x 10.293 us = 607.32 us
RMS_NORM_MUL_ROPE RMS_NORM(64,32,128,1): 8 x 104.315 us = 834.52 us
RMS_NORM_MUL_ROPE RMS_NORM(64,8,128,1): 8 x 34.855 us = 278.84 us
SET_ROWS: 16 x 3.05 us = 48.8 us
SSM_CONV: 22 x 9.77 us = 214.96 us
Total time: 69752.9 us.
----------------
Vulkan Timings:
ADD: 58 x 8.737 us = 506.76 us
CONCAT: 22 x 22.145 us = 487.2 us
CPY: 22 x 3.801 us = 83.64 us
FLASH_ATTN_EXT dst(64,32,32,4),  q(64,32,32,4),  k(64,5632,8,4),  v(64,5632,8,4),  m(5632,32,1,4): 8 x 1291.12 us = 10329 us (4573.98 GFLOPS/s)
GET_ROWS: 22 x 2.656 us = 58.44 us
GLU: 29 x 39.22 us = 1137.4 us
MUL: 44 x 10.037 us = 441.64 us
MUL_MAT f32 m=64 n=1024 k=64: 16 x 8.977 us = 143.64 us (927.104 GFLOPS/s)
MUL_MAT f32 m=64 n=4096 k=64: 16 x 13.897 us = 222.36 us (2395.56 GFLOPS/s)
MUL_MAT q4_0_rocmfp4_fast m=10752 n=128 k=2048: 58 x 423.091 us = 24539.3 us (13320.5 GFLOPS/s)
MUL_MAT q4_0_rocmfp4_fast m=2048 n=128 k=10752: 29 x 573.565 us = 16633.4 us (9827.79 GFLOPS/s)
MUL_MAT q4_0_rocmfp4_fast m=2048 n=128 k=2048: 16 x 98.742 us = 1579.88 us (10871.5 GFLOPS/s)
MUL_MAT q4_0_rocmfp4_fast m=2048 n=32 k=2048 batch=4: 22 x 143.187 us = 3150.12 us (7497.03 GFLOPS/s)
MUL_MAT q4_0_rocmfp4_fast m=512 n=128 k=2048: 16 x 45.727 us = 731.64 us (5868.9 GFLOPS/s)
MUL_MAT q4_0_rocmfp4_fast m=6144 n=32 k=2048 batch=4: 22 x 353.667 us = 7780.68 us (9105.84 GFLOPS/s)
RMS_NORM_MUL RMS_NORM(2048,128,1,1): 59 x 10.661 us = 629.04 us
RMS_NORM_MUL_ROPE RMS_NORM(64,32,128,1): 8 x 104.41 us = 835.28 us
RMS_NORM_MUL_ROPE RMS_NORM(64,8,128,1): 8 x 31.175 us = 249.4 us
SET_ROWS: 16 x 2.722 us = 43.56 us
SSM_CONV: 22 x 9.758 us = 214.68 us
Total time: 69797 us.
----------------
Vulkan Timings:
ADD: 58 x 7.917 us = 459.24 us
CONCAT: 22 x 22.194 us = 488.28 us
CPY: 22 x 3.792 us = 83.44 us
FLASH_ATTN_EXT dst(64,32,32,4),  q(64,32,32,4),  k(64,5632,8,4),  v(64,5632,8,4),  m(5632,32,1,4): 8 x 1304.9 us = 10439.2 us (4525.68 GFLOPS/s)
GET_ROWS: 22 x 2.578 us = 56.72 us
GLU: 29 x 39.411 us = 1142.92 us
MUL: 44 x 9.995 us = 439.8 us
MUL_MAT f32 m=64 n=1024 k=64: 16 x 8.965 us = 143.44 us (928.396 GFLOPS/s)
MUL_MAT f32 m=64 n=4096 k=64: 16 x 14.04 us = 224.64 us (2371.25 GFLOPS/s)
MUL_MAT q4_0_rocmfp4_fast m=10752 n=128 k=2048: 58 x 424.24 us = 24605.9 us (13284.4 GFLOPS/s)
MUL_MAT q4_0_rocmfp4_fast m=2048 n=128 k=10752: 29 x 572.907 us = 16614.3 us (9839.08 GFLOPS/s)
MUL_MAT q4_0_rocmfp4_fast m=2048 n=128 k=2048: 16 x 99.32 us = 1589.12 us (10808.3 GFLOPS/s)
MUL_MAT q4_0_rocmfp4_fast m=2048 n=32 k=2048 batch=4: 22 x 141.72 us = 3117.84 us (7574.65 GFLOPS/s)
MUL_MAT q4_0_rocmfp4_fast m=512 n=128 k=2048: 16 x 43.997 us = 703.96 us (6099.66 GFLOPS/s)
MUL_MAT q4_0_rocmfp4_fast m=6144 n=32 k=2048 batch=4: 22 x 350.485 us = 7710.68 us (9188.51 GFLOPS/s)
RMS_NORM_MUL RMS_NORM(2048,128,1,1): 59 x 10.319 us = 608.84 us
RMS_NORM_MUL_ROPE RMS_NORM(64,32,128,1): 8 x 102.41 us = 819.28 us
RMS_NORM_MUL_ROPE RMS_NORM(64,8,128,1): 8 x 29.45 us = 235.6 us
SET_ROWS: 16 x 3.032 us = 48.52 us
SSM_CONV: 22 x 9.738 us = 214.24 us
Total time: 69746 us.
0.21.921.878 I slot print_timing: id  0 | task 2 | prompt processing, n_tokens =   5504, progress = 0.67, t =  11.84 s / 464.85 tokens per second
0.21.921.911 I slot print_timing: id  1 | task 4 | prompt processing, n_tokens =   5504, progress = 0.67, t =  11.84 s / 464.85 tokens per second
0.21.921.933 I slot print_timing: id  2 | task 3 | prompt processing, n_tokens =   5504, progress = 0.67, t =  11.84 s / 464.86 tokens per second
0.21.921.955 I slot print_timing: id  3 | task 1 | prompt processing, n_tokens =   5504, progress = 0.67, t =  11.84 s / 464.86 tokens per second
----------------
Vulkan Timings:
ADD: 58 x 8.211 us = 476.28 us
CONCAT: 22 x 24.941 us = 548.72 us
CPY: 22 x 3.836 us = 84.4 us
FLASH_ATTN_EXT dst(64,32,32,4),  q(64,32,32,4),  k(64,5632,8,4),  v(64,5632,8,4),  m(5632,32,1,4): 8 x 1303.48 us = 10427.9 us (4530.61 GFLOPS/s)
GET_ROWS: 22 x 2.554 us = 56.2 us
GLU: 29 x 38.615 us = 1119.84 us
MUL: 44 x 9.526 us = 419.16 us
MUL_MAT f32 m=64 n=1024 k=64: 16 x 8.892 us = 142.28 us (935.965 GFLOPS/s)
MUL_MAT f32 m=64 n=4096 k=64: 16 x 14.085 us = 225.36 us (2363.67 GFLOPS/s)
MUL_MAT q4_0_rocmfp4_fast m=10752 n=128 k=2048: 58 x 424.398 us = 24615.1 us (13279.4 GFLOPS/s)
MUL_MAT q4_0_rocmfp4_fast m=2048 n=128 k=10752: 29 x 572.048 us = 16589.4 us (9853.86 GFLOPS/s)
MUL_MAT q4_0_rocmfp4_fast m=2048 n=128 k=2048: 16 x 101.985 us = 1631.76 us (10525.9 GFLOPS/s)
MUL_MAT q4_0_rocmfp4_fast m=2048 n=32 k=2048 batch=4: 22 x 146.107 us = 3214.36 us (7347.2 GFLOPS/s)
MUL_MAT q4_0_rocmfp4_fast m=512 n=128 k=2048: 16 x 43.155 us = 690.48 us (6218.74 GFLOPS/s)
MUL_MAT q4_0_rocmfp4_fast m=6144 n=32 k=2048 batch=4: 22 x 355.45 us = 7819.92 us (9060.15 GFLOPS/s)
RMS_NORM_MUL RMS_NORM(2048,128,1,1): 59 x 10.246 us = 604.52 us
RMS_NORM_MUL_ROPE RMS_NORM(64,32,128,1): 8 x 108 us = 864 us
RMS_NORM_MUL_ROPE RMS_NORM(64,8,128,1): 8 x 29.465 us = 235.72 us
SET_ROWS: 16 x 2.765 us = 44.24 us
SSM_CONV: 22 x 9.734 us = 214.16 us
Total time: 70023.8 us.
----------------
Vulkan Timings:
ADD: 58 x 8.735 us = 506.68 us
CONCAT: 22 x 21.365 us = 470.04 us
CPY: 22 x 3.772 us = 83 us
FLASH_ATTN_EXT dst(64,32,32,4),  q(64,32,32,4),  k(64,5632,8,4),  v(64,5632,8,4),  m(5632,32,1,4): 8 x 1320.68 us = 10565.5 us (4471.6 GFLOPS/s)
GET_ROWS: 22 x 2.634 us = 57.96 us
GLU: 29 x 38.721 us = 1122.92 us
MUL: 44 x 10.613 us = 467 us
MUL_MAT f32 m=64 n=1024 k=64: 16 x 8.872 us = 141.96 us (938.075 GFLOPS/s)
MUL_MAT f32 m=64 n=4096 k=64: 16 x 14.007 us = 224.12 us (2376.75 GFLOPS/s)
MUL_MAT q4_0_rocmfp4_fast m=10752 n=128 k=2048: 58 x 422.777 us = 24521.1 us (13330.3 GFLOPS/s)
MUL_MAT q4_0_rocmfp4_fast m=2048 n=128 k=10752: 29 x 572.019 us = 16588.6 us (9854.36 GFLOPS/s)
MUL_MAT q4_0_rocmfp4_fast m=2048 n=128 k=2048: 16 x 96.322 us = 1541.16 us (11144.6 GFLOPS/s)
MUL_MAT q4_0_rocmfp4_fast m=2048 n=32 k=2048 batch=4: 22 x 144.087 us = 3169.92 us (7450.2 GFLOPS/s)
MUL_MAT q4_0_rocmfp4_fast m=512 n=128 k=2048: 16 x 44.075 us = 705.2 us (6088.94 GFLOPS/s)
MUL_MAT q4_0_rocmfp4_fast m=6144 n=32 k=2048 batch=4: 22 x 350.761 us = 7716.76 us (9181.27 GFLOPS/s)
RMS_NORM_MUL RMS_NORM(2048,128,1,1): 59 x 10.391 us = 613.12 us
RMS_NORM_MUL_ROPE RMS_NORM(64,32,128,1): 8 x 100.725 us = 805.8 us
RMS_NORM_MUL_ROPE RMS_NORM(64,8,128,1): 8 x 27.61 us = 220.88 us
SET_ROWS: 16 x 2.817 us = 45.08 us
SSM_CONV: 22 x 9.729 us = 214.04 us
Total time: 69780.8 us.
----------------
Vulkan Timings:
ADD: 58 x 8.229 us = 477.32 us
CONCAT: 22 x 21.432 us = 471.52 us
CPY: 22 x 3.821 us = 84.08 us
FLASH_ATTN_EXT dst(64,32,32,4),  q(64,32,32,4),  k(64,5632,8,4),  v(64,5632,8,4),  m(5632,32,1,4): 8 x 1326.88 us = 10615.1 us (4450.71 GFLOPS/s)
GET_ROWS: 22 x 2.561 us = 56.36 us
GLU: 29 x 39.073 us = 1133.12 us
MUL: 44 x 10.632 us = 467.84 us
MUL_MAT f32 m=64 n=1024 k=64: 16 x 8.95 us = 143.2 us (929.952 GFLOPS/s)
MUL_MAT f32 m=64 n=4096 k=64: 16 x 14.165 us = 226.64 us (2350.32 GFLOPS/s)
MUL_MAT q4_0_rocmfp4_fast m=10752 n=128 k=2048: 58 x 424.121 us = 24599 us (13288.1 GFLOPS/s)
MUL_MAT q4_0_rocmfp4_fast m=2048 n=128 k=10752: 29 x 570.348 us = 16540.1 us (9883.22 GFLOPS/s)
MUL_MAT q4_0_rocmfp4_fast m=2048 n=128 k=2048: 16 x 98.522 us = 1576.36 us (10895.8 GFLOPS/s)
MUL_MAT q4_0_rocmfp4_fast m=2048 n=32 k=2048 batch=4: 22 x 142.343 us = 3131.56 us (7541.47 GFLOPS/s)
MUL_MAT q4_0_rocmfp4_fast m=512 n=128 k=2048: 16 x 44.112 us = 705.8 us (6083.76 GFLOPS/s)
MUL_MAT q4_0_rocmfp4_fast m=6144 n=32 k=2048 batch=4: 22 x 348.178 us = 7659.92 us (9249.4 GFLOPS/s)
RMS_NORM_MUL RMS_NORM(2048,128,1,1): 59 x 10.278 us = 606.44 us
RMS_NORM_MUL_ROPE RMS_NORM(64,32,128,1): 8 x 100.625 us = 805 us
RMS_NORM_MUL_ROPE RMS_NORM(64,8,128,1): 8 x 27.595 us = 220.76 us
SET_ROWS: 16 x 3.037 us = 48.6 us
SSM_CONV: 22 x 9.743 us = 214.36 us
Total time: 69783.1 us.
----------------
Vulkan Timings:
ADD: 58 x 8.088 us = 469.12 us
CONCAT: 22 x 23.798 us = 523.56 us
CPY: 22 x 3.82 us = 84.04 us
FLASH_ATTN_EXT dst(64,32,32,4),  q(64,32,32,4),  k(64,5632,8,4),  v(64,5632,8,4),  m(5632,32,1,4): 8 x 1327.47 us = 10619.8 us (4448.73 GFLOPS/s)
GET_ROWS: 22 x 2.64 us = 58.08 us
GLU: 29 x 39.328 us = 1140.52 us
MUL: 44 x 9.447 us = 415.68 us
MUL_MAT f32 m=64 n=1024 k=64: 16 x 8.96 us = 143.36 us (928.914 GFLOPS/s)
MUL_MAT f32 m=64 n=4096 k=64: 16 x 13.92 us = 222.72 us (2391.69 GFLOPS/s)
MUL_MAT q4_0_rocmfp4_fast m=10752 n=128 k=2048: 58 x 425.328 us = 24669 us (13250.4 GFLOPS/s)
MUL_MAT q4_0_rocmfp4_fast m=2048 n=128 k=10752: 29 x 571.637 us = 16577.5 us (9860.94 GFLOPS/s)
MUL_MAT q4_0_rocmfp4_fast m=2048 n=128 k=2048: 16 x 99.437 us = 1591 us (10795.5 GFLOPS/s)
MUL_MAT q4_0_rocmfp4_fast m=2048 n=32 k=2048 batch=4: 22 x 143.034 us = 3146.76 us (7505.04 GFLOPS/s)
MUL_MAT q4_0_rocmfp4_fast m=512 n=128 k=2048: 16 x 44.785 us = 716.56 us (5992.41 GFLOPS/s)
MUL_MAT q4_0_rocmfp4_fast m=6144 n=32 k=2048 batch=4: 22 x 352.281 us = 7750.2 us (9141.66 GFLOPS/s)
RMS_NORM_MUL RMS_NORM(2048,128,1,1): 59 x 10.309 us = 608.24 us
RMS_NORM_MUL_ROPE RMS_NORM(64,32,128,1): 8 x 102.425 us = 819.4 us
RMS_NORM_MUL_ROPE RMS_NORM(64,8,128,1): 8 x 29.375 us = 235 us
SET_ROWS: 16 x 2.652 us = 42.44 us
SSM_CONV: 22 x 9.74 us = 214.28 us
Total time: 70047.3 us.
0.22.216.378 I slot print_timing: id  0 | task 2 | prompt processing, n_tokens =   5632, progress = 0.69, t =  12.13 s / 464.12 tokens per second
0.22.216.411 I slot print_timing: id  1 | task 4 | prompt processing, n_tokens =   5632, progress = 0.69, t =  12.13 s / 464.12 tokens per second
0.22.216.432 I slot print_timing: id  2 | task 3 | prompt processing, n_tokens =   5632, progress = 0.69, t =  12.13 s / 464.12 tokens per second
0.22.216.453 I slot print_timing: id  3 | task 1 | prompt processing, n_tokens =   5632, progress = 0.69, t =  12.13 s / 464.12 tokens per second
----------------
Vulkan Timings:
ADD: 58 x 7.046 us = 408.72 us
CONCAT: 22 x 22.947 us = 504.84 us
CPY: 22 x 3.83 us = 84.28 us
FLASH_ATTN_EXT dst(64,32,32,4),  q(64,32,32,4),  k(64,5888,8,4),  v(64,5888,8,4),  m(5888,32,1,4): 8 x 1347.41 us = 10779.3 us (4582.12 GFLOPS/s)
GET_ROWS: 22 x 2.574 us = 56.64 us
GLU: 29 x 39.457 us = 1144.28 us
MUL: 44 x 10.352 us = 455.52 us
MUL_MAT f32 m=64 n=1024 k=64: 16 x 8.932 us = 142.92 us (931.774 GFLOPS/s)
MUL_MAT f32 m=64 n=4096 k=64: 16 x 14.067 us = 225.08 us (2366.61 GFLOPS/s)
MUL_MAT q4_0_rocmfp4_fast m=10752 n=128 k=2048: 58 x 424.195 us = 24603.4 us (13285.8 GFLOPS/s)
MUL_MAT q4_0_rocmfp4_fast m=2048 n=128 k=10752: 29 x 572.627 us = 16606.2 us (9843.89 GFLOPS/s)
MUL_MAT q4_0_rocmfp4_fast m=2048 n=128 k=2048: 16 x 98.95 us = 1583.2 us (10848.7 GFLOPS/s)
MUL_MAT q4_0_rocmfp4_fast m=2048 n=32 k=2048 batch=4: 22 x 143.418 us = 3155.2 us (7484.96 GFLOPS/s)
MUL_MAT q4_0_rocmfp4_fast m=512 n=128 k=2048: 16 x 44.155 us = 706.48 us (6077.91 GFLOPS/s)
MUL_MAT q4_0_rocmfp4_fast m=6144 n=32 k=2048 batch=4: 22 x 353.752 us = 7782.56 us (9103.64 GFLOPS/s)
RMS_NORM_MUL RMS_NORM(2048,128,1,1): 59 x 10.338 us = 609.96 us
RMS_NORM_MUL_ROPE RMS_NORM(64,32,128,1): 8 x 100.56 us = 804.48 us
RMS_NORM_MUL_ROPE RMS_NORM(64,8,128,1): 8 x 27.62 us = 220.96 us
SET_ROWS: 16 x 3.347 us = 53.56 us
SSM_CONV: 22 x 9.745 us = 214.4 us
Total time: 70142 us.
----------------
Vulkan Timings:
ADD: 58 x 8.286 us = 480.64 us
CONCAT: 22 x 22.203 us = 488.48 us
CPY: 22 x 3.829 us = 84.24 us
FLASH_ATTN_EXT dst(64,32,32,4),  q(64,32,32,4),  k(64,5888,8,4),  v(64,5888,8,4),  m(5888,32,1,4): 8 x 1349.95 us = 10799.6 us (4573.51 GFLOPS/s)
GET_ROWS: 22 x 2.54 us = 55.88 us
GLU: 29 x 39.532 us = 1146.44 us
MUL: 44 x 10.238 us = 450.48 us
MUL_MAT f32 m=64 n=1024 k=64: 16 x 8.995 us = 143.92 us (925.3 GFLOPS/s)
MUL_MAT f32 m=64 n=4096 k=64: 16 x 14.15 us = 226.4 us (2352.81 GFLOPS/s)
MUL_MAT q4_0_rocmfp4_fast m=10752 n=128 k=2048: 58 x 423.96 us = 24589.7 us (13293.2 GFLOPS/s)
MUL_MAT q4_0_rocmfp4_fast m=2048 n=128 k=10752: 29 x 573.704 us = 16637.4 us (9825.41 GFLOPS/s)
MUL_MAT q4_0_rocmfp4_fast m=2048 n=128 k=2048: 16 x 102.325 us = 1637.2 us (10490.9 GFLOPS/s)
MUL_MAT q4_0_rocmfp4_fast m=2048 n=32 k=2048 batch=4: 22 x 143.669 us = 3160.72 us (7471.89 GFLOPS/s)
MUL_MAT q4_0_rocmfp4_fast m=512 n=128 k=2048: 16 x 40.165 us = 642.64 us (6681.69 GFLOPS/s)
MUL_MAT q4_0_rocmfp4_fast m=6144 n=32 k=2048 batch=4: 22 x 351.994 us = 7743.88 us (9149.12 GFLOPS/s)
RMS_NORM_MUL RMS_NORM(2048,128,1,1): 59 x 10.362 us = 611.4 us
RMS_NORM_MUL_ROPE RMS_NORM(64,32,128,1): 8 x 102.425 us = 819.4 us
RMS_NORM_MUL_ROPE RMS_NORM(64,8,128,1): 8 x 31.245 us = 249.96 us
SET_ROWS: 16 x 3.137 us = 50.2 us
SSM_CONV: 22 x 9.701 us = 213.44 us
Total time: 70232 us.
----------------
Vulkan Timings:
ADD: 58 x 8.244 us = 478.2 us
CONCAT: 22 x 21.44 us = 471.68 us
CPY: 22 x 3.783 us = 83.24 us
FLASH_ATTN_EXT dst(64,32,32,4),  q(64,32,32,4),  k(64,5888,8,4),  v(64,5888,8,4),  m(5888,32,1,4): 8 x 1360.85 us = 10886.8 us (4536.88 GFLOPS/s)
GET_ROWS: 22 x 2.616 us = 57.56 us
GLU: 29 x 39.03 us = 1131.88 us
MUL: 44 x 9.84 us = 432.96 us
MUL_MAT f32 m=64 n=1024 k=64: 16 x 8.972 us = 143.56 us (927.62 GFLOPS/s)
MUL_MAT f32 m=64 n=4096 k=64: 16 x 14.035 us = 224.56 us (2372.09 GFLOPS/s)
MUL_MAT q4_0_rocmfp4_fast m=10752 n=128 k=2048: 58 x 422.551 us = 24508 us (13337.5 GFLOPS/s)
MUL_MAT q4_0_rocmfp4_fast m=2048 n=128 k=10752: 29 x 573.475 us = 16630.8 us (9829.33 GFLOPS/s)
MUL_MAT q4_0_rocmfp4_fast m=2048 n=128 k=2048: 16 x 99.005 us = 1584.08 us (10842.7 GFLOPS/s)
MUL_MAT q4_0_rocmfp4_fast m=2048 n=32 k=2048 batch=4: 22 x 142.138 us = 3127.04 us (7552.37 GFLOPS/s)
MUL_MAT q4_0_rocmfp4_fast m=512 n=128 k=2048: 16 x 43.542 us = 696.68 us (6163.4 GFLOPS/s)
MUL_MAT q4_0_rocmfp4_fast m=6144 n=32 k=2048 batch=4: 22 x 355.5 us = 7821 us (9058.9 GFLOPS/s)
RMS_NORM_MUL RMS_NORM(2048,128,1,1): 59 x 10.249 us = 604.72 us
RMS_NORM_MUL_ROPE RMS_NORM(64,32,128,1): 8 x 100.6 us = 804.8 us
RMS_NORM_MUL_ROPE RMS_NORM(64,8,128,1): 8 x 31.42 us = 251.36 us
SET_ROWS: 16 x 3.267 us = 52.28 us
SSM_CONV: 22 x 9.716 us = 213.76 us
Total time: 70204.9 us.
----------------
Vulkan Timings:
ADD: 58 x 8.613 us = 499.6 us
CONCAT: 22 x 24.567 us = 540.48 us
CPY: 22 x 3.803 us = 83.68 us
FLASH_ATTN_EXT dst(64,32,32,4),  q(64,32,32,4),  k(64,5888,8,4),  v(64,5888,8,4),  m(5888,32,1,4): 8 x 1349.02 us = 10792.1 us (4576.68 GFLOPS/s)
GET_ROWS: 22 x 2.516 us = 55.36 us
GLU: 29 x 38.703 us = 1122.4 us
MUL: 44 x 9.869 us = 434.24 us
MUL_MAT f32 m=64 n=1024 k=64: 16 x 8.955 us = 143.28 us (929.433 GFLOPS/s)
MUL_MAT f32 m=64 n=4096 k=64: 16 x 14.155 us = 226.48 us (2351.98 GFLOPS/s)
MUL_MAT q4_0_rocmfp4_fast m=10752 n=128 k=2048: 58 x 424.838 us = 24640.6 us (13265.7 GFLOPS/s)
MUL_MAT q4_0_rocmfp4_fast m=2048 n=128 k=10752: 29 x 571.321 us = 16568.3 us (9866.4 GFLOPS/s)
MUL_MAT q4_0_rocmfp4_fast m=2048 n=128 k=2048: 16 x 104.205 us = 1667.28 us (10301.6 GFLOPS/s)
MUL_MAT q4_0_rocmfp4_fast m=2048 n=32 k=2048 batch=4: 22 x 139.818 us = 3076 us (7677.68 GFLOPS/s)
MUL_MAT q4_0_rocmfp4_fast m=512 n=128 k=2048: 16 x 43.912 us = 702.6 us (6111.47 GFLOPS/s)
MUL_MAT q4_0_rocmfp4_fast m=6144 n=32 k=2048 batch=4: 22 x 355.112 us = 7812.48 us (9068.78 GFLOPS/s)
RMS_NORM_MUL RMS_NORM(2048,128,1,1): 59 x 10.254 us = 605.04 us
RMS_NORM_MUL_ROPE RMS_NORM(64,32,128,1): 8 x 104.2 us = 833.6 us
RMS_NORM_MUL_ROPE RMS_NORM(64,8,128,1): 8 x 29.46 us = 235.68 us
SET_ROWS: 16 x 2.642 us = 42.28 us
SSM_CONV: 22 x 9.78 us = 215.16 us
Total time: 70296.7 us.
0.22.514.728 I slot print_timing: id  0 | task 2 | prompt processing, n_tokens =   5760, progress = 0.70, t =  12.43 s / 463.28 tokens per second
0.22.514.761 I slot print_timing: id  1 | task 4 | prompt processing, n_tokens =   5760, progress = 0.70, t =  12.43 s / 463.28 tokens per second
0.22.514.783 I slot print_timing: id  2 | task 3 | prompt processing, n_tokens =   5760, progress = 0.70, t =  12.43 s / 463.28 tokens per second
0.22.514.804 I slot print_timing: id  3 | task 1 | prompt processing, n_tokens =   5760, progress = 0.70, t =  12.43 s / 463.28 tokens per second
----------------
Vulkan Timings:
ADD: 58 x 8.635 us = 500.88 us
CONCAT: 22 x 23 us = 506 us
CPY: 22 x 3.769 us = 82.92 us
FLASH_ATTN_EXT dst(64,32,32,4),  q(64,32,32,4),  k(64,5888,8,4),  v(64,5888,8,4),  m(5888,32,1,4): 8 x 1355.01 us = 10840.1 us (4556.44 GFLOPS/s)
GET_ROWS: 22 x 2.667 us = 58.68 us
GLU: 29 x 39.43 us = 1143.48 us
MUL: 44 x 10.444 us = 459.56 us
MUL_MAT f32 m=64 n=1024 k=64: 16 x 8.932 us = 142.92 us (931.774 GFLOPS/s)
MUL_MAT f32 m=64 n=4096 k=64: 16 x 14.015 us = 224.24 us (2375.48 GFLOPS/s)
MUL_MAT q4_0_rocmfp4_fast m=10752 n=128 k=2048: 58 x 422.484 us = 24504.1 us (13339.6 GFLOPS/s)
MUL_MAT q4_0_rocmfp4_fast m=2048 n=128 k=10752: 29 x 572.856 us = 16612.8 us (9839.95 GFLOPS/s)
MUL_MAT q4_0_rocmfp4_fast m=2048 n=128 k=2048: 16 x 100.452 us = 1607.24 us (10686.4 GFLOPS/s)
MUL_MAT q4_0_rocmfp4_fast m=2048 n=32 k=2048 batch=4: 22 x 142.036 us = 3124.8 us (7557.78 GFLOPS/s)
MUL_MAT q4_0_rocmfp4_fast m=512 n=128 k=2048: 16 x 43.317 us = 693.08 us (6195.42 GFLOPS/s)
MUL_MAT q4_0_rocmfp4_fast m=6144 n=32 k=2048 batch=4: 22 x 356.75 us = 7848.52 us (9027.14 GFLOPS/s)
RMS_NORM_MUL RMS_NORM(2048,128,1,1): 59 x 10.275 us = 606.24 us
RMS_NORM_MUL_ROPE RMS_NORM(64,32,128,1): 8 x 104.155 us = 833.24 us
RMS_NORM_MUL_ROPE RMS_NORM(64,8,128,1): 8 x 29.34 us = 234.72 us
SET_ROWS: 16 x 3.35 us = 53.6 us
SSM_CONV: 22 x 9.749 us = 214.48 us
Total time: 70291.6 us.
----------------
Vulkan Timings:
ADD: 58 x 8.167 us = 473.72 us
CONCAT: 22 x 24.663 us = 542.6 us
CPY: 22 x 3.787 us = 83.32 us
FLASH_ATTN_EXT dst(64,32,32,4),  q(64,32,32,4),  k(64,5888,8,4),  v(64,5888,8,4),  m(5888,32,1,4): 8 x 1355.97 us = 10847.8 us (4553.21 GFLOPS/s)
GET_ROWS: 22 x 2.558 us = 56.28 us
GLU: 29 x 40.075 us = 1162.2 us
MUL: 44 x 9.05 us = 398.24 us
MUL_MAT f32 m=64 n=1024 k=64: 16 x 8.92 us = 142.72 us (933.08 GFLOPS/s)
MUL_MAT f32 m=64 n=4096 k=64: 16 x 14.175 us = 226.8 us (2348.66 GFLOPS/s)
MUL_MAT q4_0_rocmfp4_fast m=10752 n=128 k=2048: 58 x 425.707 us = 24691 us (13238.6 GFLOPS/s)
MUL_MAT q4_0_rocmfp4_fast m=2048 n=128 k=10752: 29 x 573.851 us = 16641.7 us (9822.9 GFLOPS/s)
MUL_MAT q4_0_rocmfp4_fast m=2048 n=128 k=2048: 16 x 97.18 us = 1554.88 us (11046.3 GFLOPS/s)
MUL_MAT q4_0_rocmfp4_fast m=2048 n=32 k=2048 batch=4: 22 x 144.249 us = 3173.48 us (7441.85 GFLOPS/s)
MUL_MAT q4_0_rocmfp4_fast m=512 n=128 k=2048: 16 x 45.297 us = 724.76 us (5924.61 GFLOPS/s)
MUL_MAT q4_0_rocmfp4_fast m=6144 n=32 k=2048 batch=4: 22 x 361.418 us = 7951.2 us (8910.56 GFLOPS/s)
RMS_NORM_MUL RMS_NORM(2048,128,1,1): 59 x 10.331 us = 609.56 us
RMS_NORM_MUL_ROPE RMS_NORM(64,32,128,1): 8 x 108.05 us = 864.4 us
RMS_NORM_MUL_ROPE RMS_NORM(64,8,128,1): 8 x 34.955 us = 279.64 us
SET_ROWS: 16 x 2.777 us = 44.44 us
SSM_CONV: 22 x 9.714 us = 213.72 us
Total time: 70682.4 us.
----------------
Vulkan Timings:
ADD: 58 x 8.425 us = 488.68 us
CONCAT: 22 x 22.209 us = 488.6 us
CPY: 22 x 3.812 us = 83.88 us
FLASH_ATTN_EXT dst(64,32,32,4),  q(64,32,32,4),  k(64,5888,8,4),  v(64,5888,8,4),  m(5888,32,1,4): 8 x 1377.59 us = 11020.7 us (4481.75 GFLOPS/s)
GET_ROWS: 22 x 2.645 us = 58.2 us
GLU: 29 x 37.638 us = 1091.52 us
MUL: 44 x 9.3 us = 409.2 us
MUL_MAT f32 m=64 n=1024 k=64: 16 x 8.985 us = 143.76 us (926.33 GFLOPS/s)
MUL_MAT f32 m=64 n=4096 k=64: 16 x 14.225 us = 227.6 us (2340.41 GFLOPS/s)
MUL_MAT q4_0_rocmfp4_fast m=10752 n=128 k=2048: 58 x 425.423 us = 24674.6 us (13247.4 GFLOPS/s)
MUL_MAT q4_0_rocmfp4_fast m=2048 n=128 k=10752: 29 x 570.428 us = 16542.4 us (9881.83 GFLOPS/s)
MUL_MAT q4_0_rocmfp4_fast m=2048 n=128 k=2048: 16 x 101.81 us = 1628.96 us (10544 GFLOPS/s)
MUL_MAT q4_0_rocmfp4_fast m=2048 n=32 k=2048 batch=4: 22 x 141.056 us = 3103.24 us (7610.29 GFLOPS/s)
MUL_MAT q4_0_rocmfp4_fast m=512 n=128 k=2048: 16 x 43.36 us = 693.76 us (6189.34 GFLOPS/s)
MUL_MAT q4_0_rocmfp4_fast m=6144 n=32 k=2048 batch=4: 22 x 357.405 us = 7862.92 us (9010.6 GFLOPS/s)
RMS_NORM_MUL RMS_NORM(2048,128,1,1): 59 x 10.309 us = 608.28 us
RMS_NORM_MUL_ROPE RMS_NORM(64,32,128,1): 8 x 106.11 us = 848.88 us
RMS_NORM_MUL_ROPE RMS_NORM(64,8,128,1): 8 x 30.87 us = 246.96 us
SET_ROWS: 16 x 3.55 us = 56.8 us
SSM_CONV: 22 x 9.73 us = 214.08 us
Total time: 70493 us.
----------------
Vulkan Timings:
ADD: 58 x 7.357 us = 426.72 us
CONCAT: 22 x 22.916 us = 504.16 us
CPY: 22 x 3.823 us = 84.12 us
FLASH_ATTN_EXT dst(64,32,32,4),  q(64,32,32,4),  k(64,5888,8,4),  v(64,5888,8,4),  m(5888,32,1,4): 8 x 1400.33 us = 11202.6 us (4408.99 GFLOPS/s)
GET_ROWS: 22 x 2.55 us = 56.12 us
GLU: 29 x 39.652 us = 1149.92 us
MUL: 44 x 9.643 us = 424.32 us
MUL_MAT f32 m=64 n=1024 k=64: 16 x 8.9 us = 142.4 us (935.177 GFLOPS/s)
MUL_MAT f32 m=64 n=4096 k=64: 16 x 14.11 us = 225.76 us (2359.48 GFLOPS/s)
MUL_MAT q4_0_rocmfp4_fast m=10752 n=128 k=2048: 58 x 427.052 us = 24769 us (13196.9 GFLOPS/s)
MUL_MAT q4_0_rocmfp4_fast m=2048 n=128 k=10752: 29 x 569.179 us = 16506.2 us (9903.53 GFLOPS/s)
MUL_MAT q4_0_rocmfp4_fast m=2048 n=128 k=2048: 16 x 99.91 us = 1598.56 us (10744.5 GFLOPS/s)
MUL_MAT q4_0_rocmfp4_fast m=2048 n=32 k=2048 batch=4: 22 x 141.11 us = 3104.44 us (7607.35 GFLOPS/s)
MUL_MAT q4_0_rocmfp4_fast m=512 n=128 k=2048: 16 x 44.147 us = 706.36 us (6078.94 GFLOPS/s)
MUL_MAT q4_0_rocmfp4_fast m=6144 n=32 k=2048 batch=4: 22 x 352.458 us = 7754.08 us (9137.08 GFLOPS/s)
RMS_NORM_MUL RMS_NORM(2048,128,1,1): 59 x 10.335 us = 609.8 us
RMS_NORM_MUL_ROPE RMS_NORM(64,32,128,1): 8 x 100.64 us = 805.12 us
RMS_NORM_MUL_ROPE RMS_NORM(64,8,128,1): 8 x 27.66 us = 221.28 us
SET_ROWS: 16 x 2.73 us = 43.68 us
SSM_CONV: 22 x 9.741 us = 214.32 us
Total time: 70549 us.
0.22.811.277 I slot print_timing: id  0 | task 2 | prompt processing, n_tokens =   5888, progress = 0.72, t =  12.73 s / 462.54 tokens per second
0.22.811.334 I slot print_timing: id  1 | task 4 | prompt processing, n_tokens =   5888, progress = 0.72, t =  12.73 s / 462.54 tokens per second
0.22.811.367 I slot print_timing: id  2 | task 3 | prompt processing, n_tokens =   5888, progress = 0.72, t =  12.73 s / 462.54 tokens per second
0.22.811.407 I slot print_timing: id  3 | task 1 | prompt processing, n_tokens =   5888, progress = 0.72, t =  12.73 s / 462.54 tokens per second
----------------
Vulkan Timings:
ADD: 58 x 8.309 us = 481.96 us
CONCAT: 22 x 23.001 us = 506.04 us
CPY: 22 x 3.794 us = 83.48 us
FLASH_ATTN_EXT dst(64,32,32,4),  q(64,32,32,4),  k(64,6144,8,4),  v(64,6144,8,4),  m(6144,32,1,4): 8 x 1393.57 us = 11148.5 us (4623 GFLOPS/s)
GET_ROWS: 22 x 2.61 us = 57.44 us
GLU: 29 x 38.307 us = 1110.92 us
MUL: 44 x 10.243 us = 450.72 us
MUL_MAT f32 m=64 n=1024 k=64: 16 x 9.037 us = 144.6 us (920.948 GFLOPS/s)
MUL_MAT f32 m=64 n=4096 k=64: 16 x 14.215 us = 227.44 us (2342.05 GFLOPS/s)
MUL_MAT q4_0_rocmfp4_fast m=10752 n=128 k=2048: 58 x 424.729 us = 24634.3 us (13269.1 GFLOPS/s)
MUL_MAT q4_0_rocmfp4_fast m=2048 n=128 k=10752: 29 x 572.188 us = 16593.5 us (9851.44 GFLOPS/s)
MUL_MAT q4_0_rocmfp4_fast m=2048 n=128 k=2048: 16 x 98.552 us = 1576.84 us (10892.5 GFLOPS/s)
MUL_MAT q4_0_rocmfp4_fast m=2048 n=32 k=2048 batch=4: 22 x 140.752 us = 3096.56 us (7626.71 GFLOPS/s)
MUL_MAT q4_0_rocmfp4_fast m=512 n=128 k=2048: 16 x 45.357 us = 725.72 us (5916.77 GFLOPS/s)
MUL_MAT q4_0_rocmfp4_fast m=6144 n=32 k=2048 batch=4: 22 x 353.849 us = 7784.68 us (9101.17 GFLOPS/s)
RMS_NORM_MUL RMS_NORM(2048,128,1,1): 59 x 10.337 us = 609.92 us
RMS_NORM_MUL_ROPE RMS_NORM(64,32,128,1): 8 x 102.435 us = 819.48 us
RMS_NORM_MUL_ROPE RMS_NORM(64,8,128,1): 8 x 29.245 us = 233.96 us
SET_ROWS: 16 x 3.54 us = 56.64 us
SSM_CONV: 22 x 9.823 us = 216.12 us
Total time: 70558.8 us.
----------------
Vulkan Timings:
ADD: 58 x 8.484 us = 492.08 us
CONCAT: 22 x 24.561 us = 540.36 us
CPY: 22 x 3.794 us = 83.48 us
FLASH_ATTN_EXT dst(64,32,32,4),  q(64,32,32,4),  k(64,6144,8,4),  v(64,6144,8,4),  m(6144,32,1,4): 8 x 1401.52 us = 11212.2 us (4596.76 GFLOPS/s)
GET_ROWS: 22 x 2.527 us = 55.6 us
GLU: 29 x 37.369 us = 1083.72 us
MUL: 44 x 9.255 us = 407.24 us
MUL_MAT f32 m=64 n=1024 k=64: 16 x 8.9 us = 142.4 us (935.177 GFLOPS/s)
MUL_MAT f32 m=64 n=4096 k=64: 16 x 14.087 us = 225.4 us (2363.25 GFLOPS/s)
MUL_MAT q4_0_rocmfp4_fast m=10752 n=128 k=2048: 58 x 425.355 us = 24670.6 us (13249.6 GFLOPS/s)
MUL_MAT q4_0_rocmfp4_fast m=2048 n=128 k=10752: 29 x 572.434 us = 16600.6 us (9847.21 GFLOPS/s)
MUL_MAT q4_0_rocmfp4_fast m=2048 n=128 k=2048: 16 x 101.592 us = 1625.48 us (10566.5 GFLOPS/s)
MUL_MAT q4_0_rocmfp4_fast m=2048 n=32 k=2048 batch=4: 22 x 141.709 us = 3117.6 us (7575.24 GFLOPS/s)
MUL_MAT q4_0_rocmfp4_fast m=512 n=128 k=2048: 16 x 43.547 us = 696.76 us (6162.69 GFLOPS/s)
MUL_MAT q4_0_rocmfp4_fast m=6144 n=32 k=2048 batch=4: 22 x 358.249 us = 7881.48 us (8989.39 GFLOPS/s)
RMS_NORM_MUL RMS_NORM(2048,128,1,1): 59 x 10.284 us = 606.76 us
RMS_NORM_MUL_ROPE RMS_NORM(64,32,128,1): 8 x 105.99 us = 847.92 us
RMS_NORM_MUL_ROPE RMS_NORM(64,8,128,1): 8 x 31.24 us = 249.92 us
SET_ROWS: 16 x 2.777 us = 44.44 us
SSM_CONV: 22 x 9.758 us = 214.68 us
Total time: 70798.7 us.
----------------
Vulkan Timings:
ADD: 58 x 7.211 us = 418.24 us
CONCAT: 22 x 23.052 us = 507.16 us
CPY: 22 x 3.785 us = 83.28 us
FLASH_ATTN_EXT dst(64,32,32,4),  q(64,32,32,4),  k(64,6144,8,4),  v(64,6144,8,4),  m(6144,32,1,4): 8 x 1421.48 us = 11371.9 us (4532.2 GFLOPS/s)
GET_ROWS: 22 x 2.643 us = 58.16 us
GLU: 29 x 40.725 us = 1181.04 us
MUL: 44 x 10.411 us = 458.12 us
MUL_MAT f32 m=64 n=1024 k=64: 16 x 8.952 us = 143.24 us (929.692 GFLOPS/s)
MUL_MAT f32 m=64 n=4096 k=64: 16 x 14.092 us = 225.48 us (2362.41 GFLOPS/s)
MUL_MAT q4_0_rocmfp4_fast m=10752 n=128 k=2048: 58 x 421.443 us = 24443.7 us (13372.5 GFLOPS/s)
MUL_MAT q4_0_rocmfp4_fast m=2048 n=128 k=10752: 29 x 575.264 us = 16682.7 us (9798.76 GFLOPS/s)
MUL_MAT q4_0_rocmfp4_fast m=2048 n=128 k=2048: 16 x 101.772 us = 1628.36 us (10547.8 GFLOPS/s)
MUL_MAT q4_0_rocmfp4_fast m=2048 n=32 k=2048 batch=4: 22 x 145.921 us = 3210.28 us (7356.54 GFLOPS/s)
MUL_MAT q4_0_rocmfp4_fast m=512 n=128 k=2048: 16 x 41.78 us = 668.48 us (6423.41 GFLOPS/s)
MUL_MAT q4_0_rocmfp4_fast m=6144 n=32 k=2048 batch=4: 22 x 352.581 us = 7756.8 us (9133.88 GFLOPS/s)
RMS_NORM_MUL RMS_NORM(2048,128,1,1): 59 x 10.274 us = 606.2 us
RMS_NORM_MUL_ROPE RMS_NORM(64,32,128,1): 8 x 100.675 us = 805.4 us
RMS_NORM_MUL_ROPE RMS_NORM(64,8,128,1): 8 x 27.53 us = 220.24 us
SET_ROWS: 16 x 3 us = 48 us
SSM_CONV: 22 x 9.749 us = 214.48 us
Total time: 70731.2 us.
----------------
Vulkan Timings:
ADD: 58 x 8.519 us = 494.12 us
CONCAT: 22 x 21.374 us = 470.24 us
CPY: 22 x 3.807 us = 83.76 us
FLASH_ATTN_EXT dst(64,32,32,4),  q(64,32,32,4),  k(64,6144,8,4),  v(64,6144,8,4),  m(6144,32,1,4): 8 x 1423.87 us = 11391 us (4524.61 GFLOPS/s)
GET_ROWS: 22 x 2.558 us = 56.28 us
GLU: 29 x 39.231 us = 1137.72 us
MUL: 44 x 10.41 us = 458.04 us
MUL_MAT f32 m=64 n=1024 k=64: 16 x 8.965 us = 143.44 us (928.396 GFLOPS/s)
MUL_MAT f32 m=64 n=4096 k=64: 16 x 14.132 us = 226.12 us (2355.73 GFLOPS/s)
MUL_MAT q4_0_rocmfp4_fast m=10752 n=128 k=2048: 58 x 424.488 us = 24620.4 us (13276.6 GFLOPS/s)
MUL_MAT q4_0_rocmfp4_fast m=2048 n=128 k=10752: 29 x 572.422 us = 16600.2 us (9847.42 GFLOPS/s)
MUL_MAT q4_0_rocmfp4_fast m=2048 n=128 k=2048: 16 x 99.065 us = 1585.04 us (10836.1 GFLOPS/s)
MUL_MAT q4_0_rocmfp4_fast m=2048 n=32 k=2048 batch=4: 22 x 142.025 us = 3124.56 us (7558.36 GFLOPS/s)
MUL_MAT q4_0_rocmfp4_fast m=512 n=128 k=2048: 16 x 43.237 us = 691.8 us (6206.88 GFLOPS/s)
MUL_MAT q4_0_rocmfp4_fast m=6144 n=32 k=2048 batch=4: 22 x 353.696 us = 7781.32 us (9105.1 GFLOPS/s)
RMS_NORM_MUL RMS_NORM(2048,128,1,1): 59 x 10.3 us = 607.72 us
RMS_NORM_MUL_ROPE RMS_NORM(64,32,128,1): 8 x 102.465 us = 819.72 us
RMS_NORM_MUL_ROPE RMS_NORM(64,8,128,1): 8 x 31.23 us = 249.84 us
SET_ROWS: 16 x 2.842 us = 45.48 us
SSM_CONV: 22 x 9.76 us = 214.72 us
Total time: 70801.5 us.
0.23.111.774 I slot print_timing: id  0 | task 2 | prompt processing, n_tokens =   6016, progress = 0.73, t =  13.03 s / 461.70 tokens per second
0.23.111.816 I slot print_timing: id  1 | task 4 | prompt processing, n_tokens =   6016, progress = 0.73, t =  13.03 s / 461.70 tokens per second
0.23.111.843 I slot print_timing: id  2 | task 3 | prompt processing, n_tokens =   6016, progress = 0.73, t =  13.03 s / 461.70 tokens per second
0.23.111.881 I slot print_timing: id  3 | task 1 | prompt processing, n_tokens =   6016, progress = 0.73, t =  13.03 s / 461.70 tokens per second
----------------
Vulkan Timings:
ADD: 58 x 8.143 us = 472.32 us
CONCAT: 22 x 24.176 us = 531.88 us
CPY: 22 x 3.743 us = 82.36 us
FLASH_ATTN_EXT dst(64,32,32,4),  q(64,32,32,4),  k(64,6144,8,4),  v(64,6144,8,4),  m(6144,32,1,4): 8 x 1439.14 us = 11513.1 us (4476.6 GFLOPS/s)
GET_ROWS: 22 x 2.565 us = 56.44 us
GLU: 29 x 39 us = 1131 us
MUL: 44 x 9.843 us = 433.12 us
MUL_MAT f32 m=64 n=1024 k=64: 16 x 8.965 us = 143.44 us (928.396 GFLOPS/s)
MUL_MAT f32 m=64 n=4096 k=64: 16 x 14.157 us = 226.52 us (2351.57 GFLOPS/s)
MUL_MAT q4_0_rocmfp4_fast m=10752 n=128 k=2048: 58 x 424.155 us = 24601 us (13287 GFLOPS/s)
MUL_MAT q4_0_rocmfp4_fast m=2048 n=128 k=10752: 29 x 575.388 us = 16686.3 us (9796.65 GFLOPS/s)
MUL_MAT q4_0_rocmfp4_fast m=2048 n=128 k=2048: 16 x 99.172 us = 1586.76 us (10824.4 GFLOPS/s)
MUL_MAT q4_0_rocmfp4_fast m=2048 n=32 k=2048 batch=4: 22 x 141.847 us = 3120.64 us (7567.86 GFLOPS/s)
MUL_MAT q4_0_rocmfp4_fast m=512 n=128 k=2048: 16 x 43.027 us = 688.44 us (6237.17 GFLOPS/s)
MUL_MAT q4_0_rocmfp4_fast m=6144 n=32 k=2048 batch=4: 22 x 350.585 us = 7712.88 us (9185.89 GFLOPS/s)
RMS_NORM_MUL RMS_NORM(2048,128,1,1): 59 x 10.273 us = 606.12 us
RMS_NORM_MUL_ROPE RMS_NORM(64,32,128,1): 8 x 104.17 us = 833.36 us
RMS_NORM_MUL_ROPE RMS_NORM(64,8,128,1): 8 x 31.255 us = 250.04 us
SET_ROWS: 16 x 2.89 us = 46.24 us
SSM_CONV: 22 x 9.732 us = 214.12 us
Total time: 70936.1 us.
----------------
Vulkan Timings:
ADD: 58 x 7.893 us = 457.84 us
CONCAT: 22 x 21.43 us = 471.48 us
CPY: 22 x 3.805 us = 83.72 us
FLASH_ATTN_EXT dst(64,32,32,4),  q(64,32,32,4),  k(64,6144,8,4),  v(64,6144,8,4),  m(6144,32,1,4): 8 x 1449.54 us = 11596.3 us (4444.48 GFLOPS/s)
GET_ROWS: 22 x 2.583 us = 56.84 us
GLU: 29 x 38.8 us = 1125.2 us
MUL: 44 x 10.227 us = 450 us
MUL_MAT f32 m=64 n=1024 k=64: 16 x 8.905 us = 142.48 us (934.652 GFLOPS/s)
MUL_MAT f32 m=64 n=4096 k=64: 16 x 14.235 us = 227.76 us (2338.76 GFLOPS/s)
MUL_MAT q4_0_rocmfp4_fast m=10752 n=128 k=2048: 58 x 424.313 us = 24610.2 us (13282.1 GFLOPS/s)
MUL_MAT q4_0_rocmfp4_fast m=2048 n=128 k=10752: 29 x 575.936 us = 16702.2 us (9787.33 GFLOPS/s)
MUL_MAT q4_0_rocmfp4_fast m=2048 n=128 k=2048: 16 x 102.112 us = 1633.8 us (10512.7 GFLOPS/s)
MUL_MAT q4_0_rocmfp4_fast m=2048 n=32 k=2048 batch=4: 22 x 140.694 us = 3095.28 us (7629.86 GFLOPS/s)
MUL_MAT q4_0_rocmfp4_fast m=512 n=128 k=2048: 16 x 42.147 us = 674.36 us (6367.4 GFLOPS/s)
MUL_MAT q4_0_rocmfp4_fast m=6144 n=32 k=2048 batch=4: 22 x 352.6 us = 7757.2 us (9133.41 GFLOPS/s)
RMS_NORM_MUL RMS_NORM(2048,128,1,1): 59 x 10.328 us = 609.36 us
RMS_NORM_MUL_ROPE RMS_NORM(64,32,128,1): 8 x 106.265 us = 850.12 us
RMS_NORM_MUL_ROPE RMS_NORM(64,8,128,1): 8 x 31.905 us = 255.24 us
SET_ROWS: 16 x 2.915 us = 46.64 us
SSM_CONV: 22 x 9.734 us = 214.16 us
Total time: 71060.1 us.
----------------
Vulkan Timings:
ADD: 58 x 8.288 us = 480.76 us
CONCAT: 22 x 23.827 us = 524.2 us
CPY: 22 x 3.809 us = 83.8 us
FLASH_ATTN_EXT dst(64,32,32,4),  q(64,32,32,4),  k(64,6144,8,4),  v(64,6144,8,4),  m(6144,32,1,4): 8 x 1438.12 us = 11504.9 us (4479.79 GFLOPS/s)
GET_ROWS: 22 x 2.581 us = 56.8 us
GLU: 29 x 40.409 us = 1171.88 us
MUL: 44 x 9.65 us = 424.6 us
MUL_MAT f32 m=64 n=1024 k=64: 16 x 8.94 us = 143.04 us (930.992 GFLOPS/s)
MUL_MAT f32 m=64 n=4096 k=64: 16 x 14.117 us = 225.88 us (2358.23 GFLOPS/s)
MUL_MAT q4_0_rocmfp4_fast m=10752 n=128 k=2048: 58 x 425.297 us = 24667.2 us (13251.4 GFLOPS/s)
MUL_MAT q4_0_rocmfp4_fast m=2048 n=128 k=10752: 29 x 571.553 us = 16575 us (9862.39 GFLOPS/s)
MUL_MAT q4_0_rocmfp4_fast m=2048 n=128 k=2048: 16 x 97.467 us = 1559.48 us (11013.7 GFLOPS/s)
MUL_MAT q4_0_rocmfp4_fast m=2048 n=32 k=2048 batch=4: 22 x 143.689 us = 3161.16 us (7470.85 GFLOPS/s)
MUL_MAT q4_0_rocmfp4_fast m=512 n=128 k=2048: 16 x 44.635 us = 714.16 us (6012.54 GFLOPS/s)
MUL_MAT q4_0_rocmfp4_fast m=6144 n=32 k=2048 batch=4: 22 x 354.04 us = 7788.88 us (9096.26 GFLOPS/s)
RMS_NORM_MUL RMS_NORM(2048,128,1,1): 59 x 10.546 us = 622.24 us
RMS_NORM_MUL_ROPE RMS_NORM(64,32,128,1): 8 x 102.445 us = 819.56 us
RMS_NORM_MUL_ROPE RMS_NORM(64,8,128,1): 8 x 29.475 us = 235.8 us
SET_ROWS: 16 x 2.687 us = 43 us
SSM_CONV: 22 x 9.77 us = 214.96 us
Total time: 71017.4 us.
----------------
Vulkan Timings:
ADD: 58 x 7.878 us = 456.96 us
CONCAT: 22 x 22.136 us = 487 us
CPY: 22 x 3.82 us = 84.04 us
FLASH_ATTN_EXT dst(64,32,32,4),  q(64,32,32,4),  k(64,6144,8,4),  v(64,6144,8,4),  m(6144,32,1,4): 8 x 1464.97 us = 11719.8 us (4397.65 GFLOPS/s)
GET_ROWS: 22 x 2.576 us = 56.68 us
GLU: 29 x 39.987 us = 1159.64 us
MUL: 44 x 9.827 us = 432.4 us
MUL_MAT f32 m=64 n=1024 k=64: 16 x 8.477 us = 135.64 us (981.784 GFLOPS/s)
MUL_MAT f32 m=64 n=4096 k=64: 16 x 15.387 us = 246.2 us (2163.59 GFLOPS/s)
MUL_MAT q4_0_rocmfp4_fast m=10752 n=128 k=2048: 58 x 424.147 us = 24600.6 us (13287.3 GFLOPS/s)
MUL_MAT q4_0_rocmfp4_fast m=2048 n=128 k=10752: 29 x 571.675 us = 16578.6 us (9860.28 GFLOPS/s)
MUL_MAT q4_0_rocmfp4_fast m=2048 n=128 k=2048: 16 x 96.647 us = 1546.36 us (11107.2 GFLOPS/s)
MUL_MAT q4_0_rocmfp4_fast m=2048 n=32 k=2048 batch=4: 22 x 143.57 us = 3158.56 us (7477 GFLOPS/s)
MUL_MAT q4_0_rocmfp4_fast m=512 n=128 k=2048: 16 x 44.882 us = 718.12 us (5979.39 GFLOPS/s)
MUL_MAT q4_0_rocmfp4_fast m=6144 n=32 k=2048 batch=4: 22 x 354.603 us = 7801.28 us (9081.8 GFLOPS/s)
RMS_NORM_MUL RMS_NORM(2048,128,1,1): 59 x 10.301 us = 607.8 us
RMS_NORM_MUL_ROPE RMS_NORM(64,32,128,1): 8 x 106.13 us = 849.04 us
RMS_NORM_MUL_ROPE RMS_NORM(64,8,128,1): 8 x 32.525 us = 260.2 us
SET_ROWS: 16 x 2.972 us = 47.56 us
SSM_CONV: 22 x 9.714 us = 213.72 us
Total time: 71160.2 us.
0.23.411.909 I slot print_timing: id  0 | task 2 | prompt processing, n_tokens =   6144, progress = 0.75, t =  13.33 s / 460.90 tokens per second
0.23.411.952 I slot print_timing: id  1 | task 4 | prompt processing, n_tokens =   6144, progress = 0.75, t =  13.33 s / 460.90 tokens per second
0.23.411.982 I slot print_timing: id  2 | task 3 | prompt processing, n_tokens =   6144, progress = 0.75, t =  13.33 s / 460.91 tokens per second
0.23.412.014 I slot print_timing: id  3 | task 1 | prompt processing, n_tokens =   6144, progress = 0.75, t =  13.33 s / 460.91 tokens per second
----------------
Vulkan Timings:
ADD: 58 x 8.45 us = 490.12 us
CONCAT: 22 x 22.216 us = 488.76 us
CPY: 22 x 3.796 us = 83.52 us
FLASH_ATTN_EXT dst(64,32,32,4),  q(64,32,32,4),  k(64,6400,8,4),  v(64,6400,8,4),  m(6400,32,1,4): 8 x 1437.96 us = 11503.7 us (4666.95 GFLOPS/s)
GET_ROWS: 22 x 2.503 us = 55.08 us
GLU: 29 x 38.885 us = 1127.68 us
MUL: 44 x 9.696 us = 426.64 us
MUL_MAT f32 m=64 n=1024 k=64: 16 x 8.97 us = 143.52 us (927.879 GFLOPS/s)
MUL_MAT f32 m=64 n=4096 k=64: 16 x 14.135 us = 226.16 us (2355.31 GFLOPS/s)
MUL_MAT q4_0_rocmfp4_fast m=10752 n=128 k=2048: 58 x 424.837 us = 24640.6 us (13265.7 GFLOPS/s)
MUL_MAT q4_0_rocmfp4_fast m=2048 n=128 k=10752: 29 x 572.67 us = 16607.4 us (9843.15 GFLOPS/s)
MUL_MAT q4_0_rocmfp4_fast m=2048 n=128 k=2048: 16 x 98.935 us = 1582.96 us (10850.4 GFLOPS/s)
MUL_MAT q4_0_rocmfp4_fast m=2048 n=32 k=2048 batch=4: 22 x 140.72 us = 3095.84 us (7628.48 GFLOPS/s)
MUL_MAT q4_0_rocmfp4_fast m=512 n=128 k=2048: 16 x 42.995 us = 687.92 us (6241.89 GFLOPS/s)
MUL_MAT q4_0_rocmfp4_fast m=6144 n=32 k=2048 batch=4: 22 x 356.86 us = 7850.92 us (9024.38 GFLOPS/s)
RMS_NORM_MUL RMS_NORM(2048,128,1,1): 59 x 10.331 us = 609.56 us
RMS_NORM_MUL_ROPE RMS_NORM(64,32,128,1): 8 x 106.13 us = 849.04 us
RMS_NORM_MUL_ROPE RMS_NORM(64,8,128,1): 8 x 31.265 us = 250.12 us
SET_ROWS: 16 x 2.657 us = 42.52 us
SSM_CONV: 22 x 9.732 us = 214.12 us
Total time: 70976.2 us.
----------------
Vulkan Timings:
ADD: 58 x 8.062 us = 467.6 us
CONCAT: 22 x 23.709 us = 521.6 us
CPY: 22 x 3.778 us = 83.12 us
FLASH_ATTN_EXT dst(64,32,32,4),  q(64,32,32,4),  k(64,6400,8,4),  v(64,6400,8,4),  m(6400,32,1,4): 8 x 1447.87 us = 11582.9 us (4635.02 GFLOPS/s)
GET_ROWS: 22 x 2.592 us = 57.04 us
GLU: 29 x 39.769 us = 1153.32 us
MUL: 44 x 9.457 us = 416.12 us
MUL_MAT f32 m=64 n=1024 k=64: 16 x 8.947 us = 143.16 us (930.212 GFLOPS/s)
MUL_MAT f32 m=64 n=4096 k=64: 16 x 14.167 us = 226.68 us (2349.91 GFLOPS/s)
MUL_MAT q4_0_rocmfp4_fast m=10752 n=128 k=2048: 58 x 426.165 us = 24717.6 us (13224.4 GFLOPS/s)
MUL_MAT q4_0_rocmfp4_fast m=2048 n=128 k=10752: 29 x 570.729 us = 16551.2 us (9876.62 GFLOPS/s)
MUL_MAT q4_0_rocmfp4_fast m=2048 n=128 k=2048: 16 x 100.04 us = 1600.64 us (10730.5 GFLOPS/s)
MUL_MAT q4_0_rocmfp4_fast m=2048 n=32 k=2048 batch=4: 22 x 144.618 us = 3181.6 us (7422.85 GFLOPS/s)
MUL_MAT q4_0_rocmfp4_fast m=512 n=128 k=2048: 16 x 44.825 us = 717.2 us (5987.06 GFLOPS/s)
MUL_MAT q4_0_rocmfp4_fast m=6144 n=32 k=2048 batch=4: 22 x 358.438 us = 7885.64 us (8984.64 GFLOPS/s)
RMS_NORM_MUL RMS_NORM(2048,128,1,1): 59 x 10.273 us = 606.12 us
RMS_NORM_MUL_ROPE RMS_NORM(64,32,128,1): 8 x 102.535 us = 820.28 us
RMS_NORM_MUL_ROPE RMS_NORM(64,8,128,1): 8 x 27.94 us = 223.52 us
SET_ROWS: 16 x 3.15 us = 50.4 us
SSM_CONV: 22 x 9.738 us = 214.24 us
Total time: 71220 us.
----------------
Vulkan Timings:
ADD: 58 x 8.036 us = 466.12 us
CONCAT: 22 x 23.052 us = 507.16 us
CPY: 22 x 3.8 us = 83.6 us
FLASH_ATTN_EXT dst(64,32,32,4),  q(64,32,32,4),  k(64,6400,8,4),  v(64,6400,8,4),  m(6400,32,1,4): 8 x 1456.88 us = 11655 us (4606.36 GFLOPS/s)
GET_ROWS: 22 x 2.589 us = 56.96 us
GLU: 29 x 38.844 us = 1126.48 us
MUL: 44 x 9.844 us = 433.16 us
MUL_MAT f32 m=64 n=1024 k=64: 16 x 9.13 us = 146.08 us (911.618 GFLOPS/s)
MUL_MAT f32 m=64 n=4096 k=64: 16 x 14.185 us = 226.96 us (2347.01 GFLOPS/s)
MUL_MAT q4_0_rocmfp4_fast m=10752 n=128 k=2048: 58 x 424.066 us = 24595.8 us (13289.8 GFLOPS/s)
MUL_MAT q4_0_rocmfp4_fast m=2048 n=128 k=10752: 29 x 570.771 us = 16552.4 us (9875.91 GFLOPS/s)
MUL_MAT q4_0_rocmfp4_fast m=2048 n=128 k=2048: 16 x 102.812 us = 1645 us (10441.1 GFLOPS/s)
MUL_MAT q4_0_rocmfp4_fast m=2048 n=32 k=2048 batch=4: 22 x 142.13 us = 3126.88 us (7552.75 GFLOPS/s)
MUL_MAT q4_0_rocmfp4_fast m=512 n=128 k=2048: 16 x 42.702 us = 683.24 us (6284.64 GFLOPS/s)
MUL_MAT q4_0_rocmfp4_fast m=6144 n=32 k=2048 batch=4: 22 x 357.216 us = 7858.76 us (9015.37 GFLOPS/s)
RMS_NORM_MUL RMS_NORM(2048,128,1,1): 59 x 10.313 us = 608.48 us
RMS_NORM_MUL_ROPE RMS_NORM(64,32,128,1): 8 x 100.61 us = 804.88 us
RMS_NORM_MUL_ROPE RMS_NORM(64,8,128,1): 8 x 27.585 us = 220.68 us
SET_ROWS: 16 x 2.757 us = 44.12 us
SSM_CONV: 22 x 9.749 us = 214.48 us
Total time: 71056.2 us.
----------------
Vulkan Timings:
ADD: 58 x 8.411 us = 487.84 us
CONCAT: 22 x 22.23 us = 489.08 us
CPY: 22 x 3.796 us = 83.52 us
FLASH_ATTN_EXT dst(64,32,32,4),  q(64,32,32,4),  k(64,6400,8,4),  v(64,6400,8,4),  m(6400,32,1,4): 8 x 1461.15 us = 11689.2 us (4592.88 GFLOPS/s)
GET_ROWS: 22 x 2.589 us = 56.96 us
GLU: 29 x 38.695 us = 1122.16 us
MUL: 44 x 10.206 us = 449.08 us
MUL_MAT f32 m=64 n=1024 k=64: 16 x 8.94 us = 143.04 us (930.992 GFLOPS/s)
MUL_MAT f32 m=64 n=4096 k=64: 16 x 14.11 us = 225.76 us (2359.48 GFLOPS/s)
MUL_MAT q4_0_rocmfp4_fast m=10752 n=128 k=2048: 58 x 423.368 us = 24555.4 us (13311.7 GFLOPS/s)
MUL_MAT q4_0_rocmfp4_fast m=2048 n=128 k=10752: 29 x 573.874 us = 16642.4 us (9822.5 GFLOPS/s)
MUL_MAT q4_0_rocmfp4_fast m=2048 n=128 k=2048: 16 x 100.757 us = 1612.12 us (10654.1 GFLOPS/s)
MUL_MAT q4_0_rocmfp4_fast m=2048 n=32 k=2048 batch=4: 22 x 142.83 us = 3142.28 us (7515.74 GFLOPS/s)
MUL_MAT q4_0_rocmfp4_fast m=512 n=128 k=2048: 16 x 43.515 us = 696.24 us (6167.3 GFLOPS/s)
MUL_MAT q4_0_rocmfp4_fast m=6144 n=32 k=2048 batch=4: 22 x 351.71 us = 7737.64 us (9156.49 GFLOPS/s)
RMS_NORM_MUL RMS_NORM(2048,128,1,1): 59 x 10.72 us = 632.48 us
RMS_NORM_MUL_ROPE RMS_NORM(64,32,128,1): 8 x 100.69 us = 805.52 us
RMS_NORM_MUL_ROPE RMS_NORM(64,8,128,1): 8 x 27.63 us = 221.04 us
SET_ROWS: 16 x 3.177 us = 50.84 us
SSM_CONV: 22 x 9.772 us = 215 us
Total time: 71057.6 us.
0.23.713.511 I slot print_timing: id  0 | task 2 | prompt processing, n_tokens =   6272, progress = 0.77, t =  13.63 s / 460.10 tokens per second
0.23.713.563 I slot print_timing: id  1 | task 4 | prompt processing, n_tokens =   6272, progress = 0.77, t =  13.63 s / 460.10 tokens per second
0.23.713.593 I slot print_timing: id  2 | task 3 | prompt processing, n_tokens =   6272, progress = 0.77, t =  13.63 s / 460.10 tokens per second
0.23.713.628 I slot print_timing: id  3 | task 1 | prompt processing, n_tokens =   6272, progress = 0.77, t =  13.63 s / 460.10 tokens per second
----------------
Vulkan Timings:
ADD: 58 x 8.238 us = 477.84 us
CONCAT: 22 x 22.95 us = 504.92 us
CPY: 22 x 3.816 us = 83.96 us
FLASH_ATTN_EXT dst(64,32,32,4),  q(64,32,32,4),  k(64,6400,8,4),  v(64,6400,8,4),  m(6400,32,1,4): 8 x 1480.56 us = 11844.5 us (4532.67 GFLOPS/s)
GET_ROWS: 22 x 2.634 us = 57.96 us
GLU: 29 x 38.718 us = 1122.84 us
MUL: 44 x 9.87 us = 434.32 us
MUL_MAT f32 m=64 n=1024 k=64: 16 x 8.882 us = 142.12 us (937.019 GFLOPS/s)
MUL_MAT f32 m=64 n=4096 k=64: 16 x 14.2 us = 227.2 us (2344.53 GFLOPS/s)
MUL_MAT q4_0_rocmfp4_fast m=10752 n=128 k=2048: 58 x 424.64 us = 24629.1 us (13271.9 GFLOPS/s)
MUL_MAT q4_0_rocmfp4_fast m=2048 n=128 k=10752: 29 x 570.503 us = 16544.6 us (9880.54 GFLOPS/s)
MUL_MAT q4_0_rocmfp4_fast m=2048 n=128 k=2048: 16 x 97.872 us = 1565.96 us (10968.1 GFLOPS/s)
MUL_MAT q4_0_rocmfp4_fast m=2048 n=32 k=2048 batch=4: 22 x 142.789 us = 3141.36 us (7517.94 GFLOPS/s)
MUL_MAT q4_0_rocmfp4_fast m=512 n=128 k=2048: 16 x 44.145 us = 706.32 us (6079.28 GFLOPS/s)
MUL_MAT q4_0_rocmfp4_fast m=6144 n=32 k=2048 batch=4: 22 x 356.356 us = 7839.84 us (9037.13 GFLOPS/s)
RMS_NORM_MUL RMS_NORM(2048,128,1,1): 59 x 10.434 us = 615.64 us
RMS_NORM_MUL_ROPE RMS_NORM(64,32,128,1): 8 x 106.31 us = 850.48 us
RMS_NORM_MUL_ROPE RMS_NORM(64,8,128,1): 8 x 28.925 us = 231.4 us
SET_ROWS: 16 x 2.765 us = 44.24 us
SSM_CONV: 22 x 9.761 us = 214.76 us
Total time: 71279.4 us.
----------------
Vulkan Timings:
ADD: 58 x 8.511 us = 493.64 us
CONCAT: 22 x 22.263 us = 489.8 us
CPY: 22 x 3.794 us = 83.48 us
FLASH_ATTN_EXT dst(64,32,32,4),  q(64,32,32,4),  k(64,6400,8,4),  v(64,6400,8,4),  m(6400,32,1,4): 8 x 1474.73 us = 11797.8 us (4550.59 GFLOPS/s)
GET_ROWS: 22 x 2.576 us = 56.68 us
GLU: 29 x 38.537 us = 1117.6 us
MUL: 44 x 10.22 us = 449.68 us
MUL_MAT f32 m=64 n=1024 k=64: 16 x 9.557 us = 152.92 us (870.842 GFLOPS/s)
MUL_MAT f32 m=64 n=4096 k=64: 16 x 14.29 us = 228.64 us (2329.76 GFLOPS/s)
MUL_MAT q4_0_rocmfp4_fast m=10752 n=128 k=2048: 58 x 423.835 us = 24582.5 us (13297.1 GFLOPS/s)
MUL_MAT q4_0_rocmfp4_fast m=2048 n=128 k=10752: 29 x 572.733 us = 16609.3 us (9842.06 GFLOPS/s)
MUL_MAT q4_0_rocmfp4_fast m=2048 n=128 k=2048: 16 x 104.815 us = 1677.04 us (10241.7 GFLOPS/s)
MUL_MAT q4_0_rocmfp4_fast m=2048 n=32 k=2048 batch=4: 22 x 141.86 us = 3120.92 us (7567.18 GFLOPS/s)
MUL_MAT q4_0_rocmfp4_fast m=512 n=128 k=2048: 16 x 39.642 us = 634.28 us (6769.75 GFLOPS/s)
MUL_MAT q4_0_rocmfp4_fast m=6144 n=32 k=2048 batch=4: 22 x 357.949 us = 7874.88 us (8996.92 GFLOPS/s)
RMS_NORM_MUL RMS_NORM(2048,128,1,1): 59 x 10.263 us = 605.52 us
RMS_NORM_MUL_ROPE RMS_NORM(64,32,128,1): 8 x 105.31 us = 842.48 us
RMS_NORM_MUL_ROPE RMS_NORM(64,8,128,1): 8 x 33.72 us = 269.76 us
SET_ROWS: 16 x 3.435 us = 54.96 us
SSM_CONV: 22 x 9.732 us = 214.12 us
Total time: 71356 us.
----------------
Vulkan Timings:
ADD: 58 x 8.062 us = 467.6 us
CONCAT: 22 x 22.536 us = 495.8 us
CPY: 22 x 4.01 us = 88.24 us
FLASH_ATTN_EXT dst(64,32,32,4),  q(64,32,32,4),  k(64,6400,8,4),  v(64,6400,8,4),  m(6400,32,1,4): 8 x 1497.46 us = 11979.7 us (4481.5 GFLOPS/s)
GET_ROWS: 22 x 2.583 us = 56.84 us
GLU: 29 x 38.951 us = 1129.6 us
MUL: 44 x 10.02 us = 440.88 us
MUL_MAT f32 m=64 n=1024 k=64: 16 x 8.957 us = 143.32 us (929.174 GFLOPS/s)
MUL_MAT f32 m=64 n=4096 k=64: 16 x 14.19 us = 227.04 us (2346.18 GFLOPS/s)
MUL_MAT q4_0_rocmfp4_fast m=10752 n=128 k=2048: 58 x 425.582 us = 24683.8 us (13242.5 GFLOPS/s)
MUL_MAT q4_0_rocmfp4_fast m=2048 n=128 k=10752: 29 x 573.907 us = 16643.3 us (9821.93 GFLOPS/s)
MUL_MAT q4_0_rocmfp4_fast m=2048 n=128 k=2048: 16 x 101.145 us = 1618.32 us (10613.3 GFLOPS/s)
MUL_MAT q4_0_rocmfp4_fast m=2048 n=32 k=2048 batch=4: 22 x 140.278 us = 3086.12 us (7652.51 GFLOPS/s)
MUL_MAT q4_0_rocmfp4_fast m=512 n=128 k=2048: 16 x 43.255 us = 692.08 us (6204.37 GFLOPS/s)
MUL_MAT q4_0_rocmfp4_fast m=6144 n=32 k=2048 batch=4: 22 x 352.04 us = 7744.88 us (9147.94 GFLOPS/s)
RMS_NORM_MUL RMS_NORM(2048,128,1,1): 59 x 10.309 us = 608.28 us
RMS_NORM_MUL_ROPE RMS_NORM(64,32,128,1): 8 x 108.22 us = 865.76 us
RMS_NORM_MUL_ROPE RMS_NORM(64,8,128,1): 8 x 32.16 us = 257.28 us
SET_ROWS: 16 x 2.627 us = 42.04 us
SSM_CONV: 22 x 9.763 us = 214.8 us
Total time: 71485.7 us.
----------------
Vulkan Timings:
ADD: 58 x 7.926 us = 459.72 us
CONCAT: 22 x 23.818 us = 524 us
CPY: 22 x 3.812 us = 83.88 us
FLASH_ATTN_EXT dst(64,32,32,4),  q(64,32,32,4),  k(64,6400,8,4),  v(64,6400,8,4),  m(6400,32,1,4): 8 x 1492.71 us = 11941.7 us (4495.76 GFLOPS/s)
GET_ROWS: 22 x 2.594 us = 57.08 us
GLU: 29 x 39.64 us = 1149.56 us
MUL: 44 x 10.018 us = 440.8 us
MUL_MAT f32 m=64 n=1024 k=64: 16 x 8.937 us = 143 us (931.253 GFLOPS/s)
MUL_MAT f32 m=64 n=4096 k=64: 16 x 14.185 us = 226.96 us (2347.01 GFLOPS/s)
MUL_MAT q4_0_rocmfp4_fast m=10752 n=128 k=2048: 58 x 426.266 us = 24723.4 us (13221.2 GFLOPS/s)
MUL_MAT q4_0_rocmfp4_fast m=2048 n=128 k=10752: 29 x 573.064 us = 16618.9 us (9836.38 GFLOPS/s)
MUL_MAT q4_0_rocmfp4_fast m=2048 n=128 k=2048: 16 x 101.85 us = 1629.6 us (10539.8 GFLOPS/s)
MUL_MAT q4_0_rocmfp4_fast m=2048 n=32 k=2048 batch=4: 22 x 144.185 us = 3172.08 us (7445.13 GFLOPS/s)
MUL_MAT q4_0_rocmfp4_fast m=512 n=128 k=2048: 16 x 42.517 us = 680.28 us (6311.99 GFLOPS/s)
MUL_MAT q4_0_rocmfp4_fast m=6144 n=32 k=2048 batch=4: 22 x 353.783 us = 7783.24 us (9102.85 GFLOPS/s)
RMS_NORM_MUL RMS_NORM(2048,128,1,1): 59 x 10.314 us = 608.56 us
RMS_NORM_MUL_ROPE RMS_NORM(64,32,128,1): 8 x 102.55 us = 820.4 us
RMS_NORM_MUL_ROPE RMS_NORM(64,8,128,1): 8 x 28.875 us = 231 us
SET_ROWS: 16 x 3.142 us = 50.28 us
SSM_CONV: 22 x 9.78 us = 215.16 us
Total time: 71559.6 us.
0.24.014.995 I slot print_timing: id  0 | task 2 | prompt processing, n_tokens =   6400, progress = 0.78, t =  13.93 s / 459.33 tokens per second
0.24.015.043 I slot print_timing: id  1 | task 4 | prompt processing, n_tokens =   6400, progress = 0.78, t =  13.93 s / 459.33 tokens per second
0.24.015.072 I slot print_timing: id  2 | task 3 | prompt processing, n_tokens =   6400, progress = 0.78, t =  13.93 s / 459.33 tokens per second
0.24.015.105 I slot print_timing: id  3 | task 1 | prompt processing, n_tokens =   6400, progress = 0.78, t =  13.93 s / 459.33 tokens per second
----------------
Vulkan Timings:
ADD: 58 x 8.055 us = 467.2 us
CONCAT: 22 x 21.401 us = 470.84 us
CPY: 22 x 3.8 us = 83.6 us
FLASH_ATTN_EXT dst(64,32,32,4),  q(64,32,32,4),  k(64,6656,8,4),  v(64,6656,8,4),  m(6656,32,1,4): 8 x 1514.25 us = 12114 us (4609.09 GFLOPS/s)
GET_ROWS: 22 x 2.552 us = 56.16 us
GLU: 29 x 38.496 us = 1116.4 us
MUL: 44 x 10.228 us = 450.04 us
MUL_MAT f32 m=64 n=1024 k=64: 16 x 8.975 us = 143.6 us (927.362 GFLOPS/s)
MUL_MAT f32 m=64 n=4096 k=64: 16 x 14.11 us = 225.76 us (2359.48 GFLOPS/s)
MUL_MAT q4_0_rocmfp4_fast m=10752 n=128 k=2048: 58 x 423.714 us = 24575.4 us (13300.9 GFLOPS/s)
MUL_MAT q4_0_rocmfp4_fast m=2048 n=128 k=10752: 29 x 574.82 us = 16669.8 us (9806.33 GFLOPS/s)
MUL_MAT q4_0_rocmfp4_fast m=2048 n=128 k=2048: 16 x 102.225 us = 1635.6 us (10501.1 GFLOPS/s)
MUL_MAT q4_0_rocmfp4_fast m=2048 n=32 k=2048 batch=4: 22 x 140.992 us = 3101.84 us (7613.72 GFLOPS/s)
MUL_MAT q4_0_rocmfp4_fast m=512 n=128 k=2048: 16 x 43.64 us = 698.24 us (6149.63 GFLOPS/s)
MUL_MAT q4_0_rocmfp4_fast m=6144 n=32 k=2048 batch=4: 22 x 355.165 us = 7813.64 us (9067.43 GFLOPS/s)
RMS_NORM_MUL RMS_NORM(2048,128,1,1): 59 x 10.64 us = 627.8 us
RMS_NORM_MUL_ROPE RMS_NORM(64,32,128,1): 8 x 106.67 us = 853.36 us
RMS_NORM_MUL_ROPE RMS_NORM(64,8,128,1): 8 x 29.515 us = 236.12 us
SET_ROWS: 16 x 2.655 us = 42.48 us
SSM_CONV: 22 x 9.794 us = 215.48 us
Total time: 71597.4 us.
----------------
Vulkan Timings:
ADD: 58 x 8.534 us = 495 us
CONCAT: 22 x 23.818 us = 524 us
CPY: 22 x 3.794 us = 83.48 us
FLASH_ATTN_EXT dst(64,32,32,4),  q(64,32,32,4),  k(64,6656,8,4),  v(64,6656,8,4),  m(6656,32,1,4): 8 x 1528.61 us = 12228.8 us (4565.81 GFLOPS/s)
GET_ROWS: 22 x 2.52 us = 55.44 us
GLU: 29 x 38.79 us = 1124.92 us
MUL: 44 x 9.652 us = 424.72 us
MUL_MAT f32 m=64 n=1024 k=64: 16 x 8.962 us = 143.4 us (928.655 GFLOPS/s)
MUL_MAT f32 m=64 n=4096 k=64: 16 x 14.337 us = 229.4 us (2322.04 GFLOPS/s)
MUL_MAT q4_0_rocmfp4_fast m=10752 n=128 k=2048: 58 x 424.096 us = 24597.6 us (13288.9 GFLOPS/s)
MUL_MAT q4_0_rocmfp4_fast m=2048 n=128 k=10752: 29 x 573.009 us = 16617.3 us (9837.33 GFLOPS/s)
MUL_MAT q4_0_rocmfp4_fast m=2048 n=128 k=2048: 16 x 100.855 us = 1613.68 us (10643.8 GFLOPS/s)
MUL_MAT q4_0_rocmfp4_fast m=2048 n=32 k=2048 batch=4: 22 x 144.094 us = 3170.08 us (7449.83 GFLOPS/s)
MUL_MAT q4_0_rocmfp4_fast m=512 n=128 k=2048: 16 x 41.622 us = 665.96 us (6447.71 GFLOPS/s)
MUL_MAT q4_0_rocmfp4_fast m=6144 n=32 k=2048 batch=4: 22 x 354.647 us = 7802.24 us (9080.68 GFLOPS/s)
RMS_NORM_MUL RMS_NORM(2048,128,1,1): 59 x 10.348 us = 610.56 us
RMS_NORM_MUL_ROPE RMS_NORM(64,32,128,1): 8 x 100.745 us = 805.96 us
RMS_NORM_MUL_ROPE RMS_NORM(64,8,128,1): 8 x 27.515 us = 220.12 us
SET_ROWS: 16 x 2.987 us = 47.8 us
SSM_CONV: 22 x 9.749 us = 214.48 us
Total time: 71675 us.
----------------
Vulkan Timings:
ADD: 58 x 7.408 us = 429.72 us
CONCAT: 22 x 22.189 us = 488.16 us
CPY: 22 x 3.785 us = 83.28 us
FLASH_ATTN_EXT dst(64,32,32,4),  q(64,32,32,4),  k(64,6656,8,4),  v(64,6656,8,4),  m(6656,32,1,4): 8 x 1524.66 us = 12197.3 us (4577.63 GFLOPS/s)
GET_ROWS: 22 x 2.576 us = 56.68 us
GLU: 29 x 38.852 us = 1126.72 us
MUL: 44 x 10.23 us = 450.16 us
MUL_MAT f32 m=64 n=1024 k=64: 16 x 8.987 us = 143.8 us (926.072 GFLOPS/s)
MUL_MAT f32 m=64 n=4096 k=64: 16 x 14.165 us = 226.64 us (2350.32 GFLOPS/s)
MUL_MAT q4_0_rocmfp4_fast m=10752 n=128 k=2048: 58 x 425.688 us = 24690 us (13239.2 GFLOPS/s)
MUL_MAT q4_0_rocmfp4_fast m=2048 n=128 k=10752: 29 x 573.442 us = 16629.8 us (9829.9 GFLOPS/s)
MUL_MAT q4_0_rocmfp4_fast m=2048 n=128 k=2048: 16 x 103.837 us = 1661.4 us (10338.1 GFLOPS/s)
MUL_MAT q4_0_rocmfp4_fast m=2048 n=32 k=2048 batch=4: 22 x 143.978 us = 3167.52 us (7455.85 GFLOPS/s)
MUL_MAT q4_0_rocmfp4_fast m=512 n=128 k=2048: 16 x 42.747 us = 683.96 us (6278.03 GFLOPS/s)
MUL_MAT q4_0_rocmfp4_fast m=6144 n=32 k=2048 batch=4: 22 x 353.109 us = 7768.4 us (9120.24 GFLOPS/s)
RMS_NORM_MUL RMS_NORM(2048,128,1,1): 59 x 10.292 us = 607.28 us
RMS_NORM_MUL_ROPE RMS_NORM(64,32,128,1): 8 x 104.035 us = 832.28 us
RMS_NORM_MUL_ROPE RMS_NORM(64,8,128,1): 8 x 28.675 us = 229.4 us
SET_ROWS: 16 x 2.747 us = 43.96 us
SSM_CONV: 22 x 9.69 us = 213.2 us
Total time: 71729.6 us.
----------------
Vulkan Timings:
ADD: 58 x 8.544 us = 495.6 us
CONCAT: 22 x 22.99 us = 505.8 us
CPY: 22 x 3.785 us = 83.28 us
FLASH_ATTN_EXT dst(64,32,32,4),  q(64,32,32,4),  k(64,6656,8,4),  v(64,6656,8,4),  m(6656,32,1,4): 8 x 1533.86 us = 12270.9 us (4550.17 GFLOPS/s)
GET_ROWS: 22 x 2.554 us = 56.2 us
GLU: 29 x 38.162 us = 1106.72 us
MUL: 44 x 9.66 us = 425.08 us
MUL_MAT f32 m=64 n=1024 k=64: 16 x 8.925 us = 142.8 us (932.557 GFLOPS/s)
MUL_MAT f32 m=64 n=4096 k=64: 16 x 14.177 us = 226.84 us (2348.25 GFLOPS/s)
MUL_MAT q4_0_rocmfp4_fast m=10752 n=128 k=2048: 58 x 425.293 us = 24667 us (13251.5 GFLOPS/s)
MUL_MAT q4_0_rocmfp4_fast m=2048 n=128 k=10752: 29 x 572.384 us = 16599.2 us (9848.06 GFLOPS/s)
MUL_MAT q4_0_rocmfp4_fast m=2048 n=128 k=2048: 16 x 97.397 us = 1558.36 us (11021.6 GFLOPS/s)
MUL_MAT q4_0_rocmfp4_fast m=2048 n=32 k=2048 batch=4: 22 x 140.987 us = 3101.72 us (7614.02 GFLOPS/s)
MUL_MAT q4_0_rocmfp4_fast m=512 n=128 k=2048: 16 x 45.785 us = 732.56 us (5861.52 GFLOPS/s)
MUL_MAT q4_0_rocmfp4_fast m=6144 n=32 k=2048 batch=4: 22 x 357.589 us = 7866.96 us (9005.98 GFLOPS/s)
RMS_NORM_MUL RMS_NORM(2048,128,1,1): 59 x 10.338 us = 609.96 us
RMS_NORM_MUL_ROPE RMS_NORM(64,32,128,1): 8 x 107.73 us = 861.84 us
RMS_NORM_MUL_ROPE RMS_NORM(64,8,128,1): 8 x 29.29 us = 234.32 us
SET_ROWS: 16 x 2.795 us = 44.72 us
SSM_CONV: 22 x 9.727 us = 214 us
Total time: 71803.8 us.
0.24.321.043 I slot print_timing: id  0 | task 2 | prompt processing, n_tokens =   6528, progress = 0.80, t =  14.24 s / 458.44 tokens per second
0.24.321.097 I slot print_timing: id  1 | task 4 | prompt processing, n_tokens =   6528, progress = 0.80, t =  14.24 s / 458.45 tokens per second
0.24.321.130 I slot print_timing: id  2 | task 3 | prompt processing, n_tokens =   6528, progress = 0.80, t =  14.24 s / 458.45 tokens per second
0.24.321.167 I slot print_timing: id  3 | task 1 | prompt processing, n_tokens =   6528, progress = 0.80, t =  14.24 s / 458.45 tokens per second
----------------
Vulkan Timings:
ADD: 58 x 7.958 us = 461.6 us
CONCAT: 22 x 25.165 us = 553.64 us
CPY: 22 x 3.74 us = 82.28 us
FLASH_ATTN_EXT dst(64,32,32,4),  q(64,32,32,4),  k(64,6656,8,4),  v(64,6656,8,4),  m(6656,32,1,4): 8 x 1551.5 us = 12412 us (4498.43 GFLOPS/s)
GET_ROWS: 22 x 2.574 us = 56.64 us
GLU: 29 x 39.16 us = 1135.64 us
MUL: 44 x 9.841 us = 433.04 us
MUL_MAT f32 m=64 n=1024 k=64: 16 x 9.077 us = 145.24 us (916.89 GFLOPS/s)
MUL_MAT f32 m=64 n=4096 k=64: 16 x 14.197 us = 227.16 us (2344.94 GFLOPS/s)
MUL_MAT q4_0_rocmfp4_fast m=10752 n=128 k=2048: 58 x 422.272 us = 24491.8 us (13346.3 GFLOPS/s)
MUL_MAT q4_0_rocmfp4_fast m=2048 n=128 k=10752: 29 x 577.284 us = 16741.2 us (9764.49 GFLOPS/s)
MUL_MAT q4_0_rocmfp4_fast m=2048 n=128 k=2048: 16 x 105.822 us = 1693.16 us (10144.2 GFLOPS/s)
MUL_MAT q4_0_rocmfp4_fast m=2048 n=32 k=2048 batch=4: 22 x 142.261 us = 3129.76 us (7545.8 GFLOPS/s)
MUL_MAT q4_0_rocmfp4_fast m=512 n=128 k=2048: 16 x 39.322 us = 629.16 us (6824.84 GFLOPS/s)
MUL_MAT q4_0_rocmfp4_fast m=6144 n=32 k=2048 batch=4: 22 x 357.512 us = 7865.28 us (9007.9 GFLOPS/s)
RMS_NORM_MUL RMS_NORM(2048,128,1,1): 59 x 10.419 us = 614.76 us
RMS_NORM_MUL_ROPE RMS_NORM(64,32,128,1): 8 x 105.655 us = 845.24 us
RMS_NORM_MUL_ROPE RMS_NORM(64,8,128,1): 8 x 33.225 us = 265.8 us
SET_ROWS: 16 x 2.835 us = 45.36 us
SSM_CONV: 22 x 9.701 us = 213.44 us
Total time: 72042.2 us.
----------------
Vulkan Timings:
ADD: 58 x 8.033 us = 465.92 us
CONCAT: 22 x 21.49 us = 472.8 us
CPY: 22 x 3.823 us = 84.12 us
FLASH_ATTN_EXT dst(64,32,32,4),  q(64,32,32,4),  k(64,6656,8,4),  v(64,6656,8,4),  m(6656,32,1,4): 8 x 1549.13 us = 12393 us (4505.32 GFLOPS/s)
GET_ROWS: 22 x 2.572 us = 56.6 us
GLU: 29 x 38.303 us = 1110.8 us
MUL: 44 x 10.246 us = 450.84 us
MUL_MAT f32 m=64 n=1024 k=64: 16 x 8.937 us = 143 us (931.253 GFLOPS/s)
MUL_MAT f32 m=64 n=4096 k=64: 16 x 14.217 us = 227.48 us (2341.64 GFLOPS/s)
MUL_MAT q4_0_rocmfp4_fast m=10752 n=128 k=2048: 58 x 422.777 us = 24521.1 us (13330.3 GFLOPS/s)
MUL_MAT q4_0_rocmfp4_fast m=2048 n=128 k=10752: 29 x 574.72 us = 16666.9 us (9808.05 GFLOPS/s)
MUL_MAT q4_0_rocmfp4_fast m=2048 n=128 k=2048: 16 x 103.462 us = 1655.4 us (10375.5 GFLOPS/s)
MUL_MAT q4_0_rocmfp4_fast m=2048 n=32 k=2048 batch=4: 22 x 144.487 us = 3178.72 us (7429.58 GFLOPS/s)
MUL_MAT q4_0_rocmfp4_fast m=512 n=128 k=2048: 16 x 42.252 us = 676.04 us (6351.57 GFLOPS/s)
MUL_MAT q4_0_rocmfp4_fast m=6144 n=32 k=2048 batch=4: 22 x 353.18 us = 7769.96 us (9118.41 GFLOPS/s)
RMS_NORM_MUL RMS_NORM(2048,128,1,1): 59 x 10.732 us = 633.24 us
RMS_NORM_MUL_ROPE RMS_NORM(64,32,128,1): 8 x 103.18 us = 825.44 us
RMS_NORM_MUL_ROPE RMS_NORM(64,8,128,1): 8 x 29.365 us = 234.92 us
SET_ROWS: 16 x 2.705 us = 43.28 us
SSM_CONV: 22 x 9.714 us = 213.72 us
Total time: 71823.3 us.
----------------
Vulkan Timings:
ADD: 58 x 8.96 us = 519.68 us
CONCAT: 22 x 21.376 us = 470.28 us
CPY: 22 x 3.785 us = 83.28 us
FLASH_ATTN_EXT dst(64,32,32,4),  q(64,32,32,4),  k(64,6656,8,4),  v(64,6656,8,4),  m(6656,32,1,4): 8 x 1552.84 us = 12422.7 us (4494.57 GFLOPS/s)
GET_ROWS: 22 x 2.552 us = 56.16 us
GLU: 29 x 38.375 us = 1112.88 us
MUL: 44 x 9.824 us = 432.28 us
MUL_MAT f32 m=64 n=1024 k=64: 16 x 8.92 us = 142.72 us (933.08 GFLOPS/s)
MUL_MAT f32 m=64 n=4096 k=64: 16 x 14.16 us = 226.56 us (2351.15 GFLOPS/s)
MUL_MAT q4_0_rocmfp4_fast m=10752 n=128 k=2048: 58 x 423.37 us = 24555.5 us (13311.7 GFLOPS/s)
MUL_MAT q4_0_rocmfp4_fast m=2048 n=128 k=10752: 29 x 575.004 us = 16675.1 us (9803.2 GFLOPS/s)
MUL_MAT q4_0_rocmfp4_fast m=2048 n=128 k=2048: 16 x 98.987 us = 1583.8 us (10844.6 GFLOPS/s)
MUL_MAT q4_0_rocmfp4_fast m=2048 n=32 k=2048 batch=4: 22 x 144.409 us = 3177 us (7433.6 GFLOPS/s)
MUL_MAT q4_0_rocmfp4_fast m=512 n=128 k=2048: 16 x 43.282 us = 692.52 us (6200.43 GFLOPS/s)
MUL_MAT q4_0_rocmfp4_fast m=6144 n=32 k=2048 batch=4: 22 x 356.767 us = 7848.88 us (9026.72 GFLOPS/s)
RMS_NORM_MUL RMS_NORM(2048,128,1,1): 59 x 10.302 us = 607.84 us
RMS_NORM_MUL_ROPE RMS_NORM(64,32,128,1): 8 x 102.475 us = 819.8 us
RMS_NORM_MUL_ROPE RMS_NORM(64,8,128,1): 8 x 31.26 us = 250.08 us
SET_ROWS: 16 x 2.947 us = 47.16 us
SSM_CONV: 22 x 9.734 us = 214.16 us
Total time: 71938.4 us.
----------------
Vulkan Timings:
ADD: 58 x 8.293 us = 481.04 us
CONCAT: 22 x 22.23 us = 489.08 us
CPY: 22 x 3.834 us = 84.36 us
FLASH_ATTN_EXT dst(64,32,32,4),  q(64,32,32,4),  k(64,6656,8,4),  v(64,6656,8,4),  m(6656,32,1,4): 8 x 1561.45 us = 12491.6 us (4469.77 GFLOPS/s)
GET_ROWS: 22 x 2.581 us = 56.8 us
GLU: 29 x 38.06 us = 1103.76 us
MUL: 44 x 10.23 us = 450.12 us
MUL_MAT f32 m=64 n=1024 k=64: 16 x 8.977 us = 143.64 us (927.104 GFLOPS/s)
MUL_MAT f32 m=64 n=4096 k=64: 16 x 14.152 us = 226.44 us (2352.4 GFLOPS/s)
MUL_MAT q4_0_rocmfp4_fast m=10752 n=128 k=2048: 58 x 423.114 us = 24540.6 us (13319.7 GFLOPS/s)
MUL_MAT q4_0_rocmfp4_fast m=2048 n=128 k=10752: 29 x 575.263 us = 16682.6 us (9798.78 GFLOPS/s)
MUL_MAT q4_0_rocmfp4_fast m=2048 n=128 k=2048: 16 x 101.157 us = 1618.52 us (10612 GFLOPS/s)
MUL_MAT q4_0_rocmfp4_fast m=2048 n=32 k=2048 batch=4: 22 x 142.292 us = 3130.44 us (7544.16 GFLOPS/s)
MUL_MAT q4_0_rocmfp4_fast m=512 n=128 k=2048: 16 x 42.34 us = 677.44 us (6338.45 GFLOPS/s)
MUL_MAT q4_0_rocmfp4_fast m=6144 n=32 k=2048 batch=4: 22 x 354.5 us = 7799 us (9084.45 GFLOPS/s)
RMS_NORM_MUL RMS_NORM(2048,128,1,1): 59 x 10.343 us = 610.28 us
RMS_NORM_MUL_ROPE RMS_NORM(64,32,128,1): 8 x 100.565 us = 804.52 us
RMS_NORM_MUL_ROPE RMS_NORM(64,8,128,1): 8 x 27.62 us = 220.96 us
SET_ROWS: 16 x 2.647 us = 42.36 us
SSM_CONV: 22 x 9.725 us = 213.96 us
Total time: 71867.6 us.
0.24.623.654 I slot print_timing: id  0 | task 2 | prompt processing, n_tokens =   6656, progress = 0.81, t =  14.54 s / 457.71 tokens per second
0.24.623.706 I slot print_timing: id  1 | task 4 | prompt processing, n_tokens =   6656, progress = 0.81, t =  14.54 s / 457.71 tokens per second
0.24.623.733 I slot print_timing: id  2 | task 3 | prompt processing, n_tokens =   6656, progress = 0.81, t =  14.54 s / 457.71 tokens per second
0.24.623.757 I slot print_timing: id  3 | task 1 | prompt processing, n_tokens =   6656, progress = 0.81, t =  14.54 s / 457.71 tokens per second
----------------
Vulkan Timings:
ADD: 58 x 8.028 us = 465.64 us
CONCAT: 22 x 23.052 us = 507.16 us
CPY: 22 x 4.752 us = 104.56 us
FLASH_ATTN_EXT dst(64,32,32,4),  q(64,32,32,4),  k(64,6912,8,4),  v(64,6912,8,4),  m(6912,32,1,4): 8 x 1570.73 us = 12565.9 us (4614.25 GFLOPS/s)
GET_ROWS: 22 x 2.532 us = 55.72 us
GLU: 29 x 40.037 us = 1161.08 us
MUL: 44 x 10.259 us = 451.4 us
MUL_MAT f32 m=64 n=1024 k=64: 16 x 8.882 us = 142.12 us (937.019 GFLOPS/s)
MUL_MAT f32 m=64 n=4096 k=64: 16 x 14.37 us = 229.92 us (2316.79 GFLOPS/s)
MUL_MAT q4_0_rocmfp4_fast m=10752 n=128 k=2048: 58 x 423.113 us = 24540.6 us (13319.7 GFLOPS/s)
MUL_MAT q4_0_rocmfp4_fast m=2048 n=128 k=10752: 29 x 575.517 us = 16690 us (9794.46 GFLOPS/s)
MUL_MAT q4_0_rocmfp4_fast m=2048 n=128 k=2048: 16 x 99.91 us = 1598.56 us (10744.5 GFLOPS/s)
MUL_MAT q4_0_rocmfp4_fast m=2048 n=32 k=2048 batch=4: 22 x 143.209 us = 3150.6 us (7495.89 GFLOPS/s)
MUL_MAT q4_0_rocmfp4_fast m=512 n=128 k=2048: 16 x 44.277 us = 708.44 us (6061.09 GFLOPS/s)
MUL_MAT q4_0_rocmfp4_fast m=6144 n=32 k=2048 batch=4: 22 x 352.734 us = 7760.16 us (9129.92 GFLOPS/s)
RMS_NORM_MUL RMS_NORM(2048,128,1,1): 59 x 10.339 us = 610.04 us
RMS_NORM_MUL_ROPE RMS_NORM(64,32,128,1): 8 x 102.53 us = 820.24 us
RMS_NORM_MUL_ROPE RMS_NORM(64,8,128,1): 8 x 27.91 us = 223.28 us
SET_ROWS: 16 x 2.987 us = 47.8 us
SSM_CONV: 22 x 9.796 us = 215.52 us
Total time: 72048.7 us.
----------------
Vulkan Timings:
ADD: 58 x 7.805 us = 452.72 us
CONCAT: 22 x 22.19 us = 488.2 us
CPY: 22 x 3.796 us = 83.52 us
FLASH_ATTN_EXT dst(64,32,32,4),  q(64,32,32,4),  k(64,6912,8,4),  v(64,6912,8,4),  m(6912,32,1,4): 8 x 1563.35 us = 12506.8 us (4636.04 GFLOPS/s)
GET_ROWS: 22 x 2.556 us = 56.24 us
GLU: 29 x 40.762 us = 1182.12 us
MUL: 44 x 10.384 us = 456.92 us
MUL_MAT f32 m=64 n=1024 k=64: 16 x 8.982 us = 143.72 us (926.587 GFLOPS/s)
MUL_MAT f32 m=64 n=4096 k=64: 16 x 14.205 us = 227.28 us (2343.7 GFLOPS/s)
MUL_MAT q4_0_rocmfp4_fast m=10752 n=128 k=2048: 58 x 425.06 us = 24653.5 us (13258.8 GFLOPS/s)
MUL_MAT q4_0_rocmfp4_fast m=2048 n=128 k=10752: 29 x 572.786 us = 16610.8 us (9841.16 GFLOPS/s)
MUL_MAT q4_0_rocmfp4_fast m=2048 n=128 k=2048: 16 x 100.385 us = 1606.16 us (10693.6 GFLOPS/s)
MUL_MAT q4_0_rocmfp4_fast m=2048 n=32 k=2048 batch=4: 22 x 141.505 us = 3113.12 us (7586.14 GFLOPS/s)
MUL_MAT q4_0_rocmfp4_fast m=512 n=128 k=2048: 16 x 43.865 us = 701.84 us (6118.09 GFLOPS/s)
MUL_MAT q4_0_rocmfp4_fast m=6144 n=32 k=2048 batch=4: 22 x 351.68 us = 7736.96 us (9157.3 GFLOPS/s)
RMS_NORM_MUL RMS_NORM(2048,128,1,1): 59 x 10.339 us = 610.04 us
RMS_NORM_MUL_ROPE RMS_NORM(64,32,128,1): 8 x 102.31 us = 818.48 us
RMS_NORM_MUL_ROPE RMS_NORM(64,8,128,1): 8 x 31.245 us = 249.96 us
SET_ROWS: 16 x 2.737 us = 43.8 us
SSM_CONV: 22 x 9.767 us = 214.88 us
Total time: 71957 us.
----------------
Vulkan Timings:
ADD: 58 x 8.148 us = 472.6 us
CONCAT: 22 x 22.247 us = 489.44 us
CPY: 22 x 3.79 us = 83.4 us
FLASH_ATTN_EXT dst(64,32,32,4),  q(64,32,32,4),  k(64,6912,8,4),  v(64,6912,8,4),  m(6912,32,1,4): 8 x 1569.2 us = 12553.6 us (4618.74 GFLOPS/s)
GET_ROWS: 22 x 2.534 us = 55.76 us
GLU: 29 x 39.095 us = 1133.76 us
MUL: 44 x 9.878 us = 434.64 us
MUL_MAT f32 m=64 n=1024 k=64: 16 x 8.892 us = 142.28 us (935.965 GFLOPS/s)
MUL_MAT f32 m=64 n=4096 k=64: 16 x 14.295 us = 228.72 us (2328.95 GFLOPS/s)
MUL_MAT q4_0_rocmfp4_fast m=10752 n=128 k=2048: 58 x 425.199 us = 24661.6 us (13254.4 GFLOPS/s)
MUL_MAT q4_0_rocmfp4_fast m=2048 n=128 k=10752: 29 x 572.735 us = 16609.3 us (9842.04 GFLOPS/s)
MUL_MAT q4_0_rocmfp4_fast m=2048 n=128 k=2048: 16 x 101.22 us = 1619.52 us (10605.4 GFLOPS/s)
MUL_MAT q4_0_rocmfp4_fast m=2048 n=32 k=2048 batch=4: 22 x 140.461 us = 3090.16 us (7642.5 GFLOPS/s)
MUL_MAT q4_0_rocmfp4_fast m=512 n=128 k=2048: 16 x 42.855 us = 685.68 us (6262.28 GFLOPS/s)
MUL_MAT q4_0_rocmfp4_fast m=6144 n=32 k=2048 batch=4: 22 x 356.825 us = 7850.16 us (9025.25 GFLOPS/s)
RMS_NORM_MUL RMS_NORM(2048,128,1,1): 59 x 10.315 us = 608.6 us
RMS_NORM_MUL_ROPE RMS_NORM(64,32,128,1): 8 x 102.44 us = 819.52 us
RMS_NORM_MUL_ROPE RMS_NORM(64,8,128,1): 8 x 32.625 us = 261 us
SET_ROWS: 16 x 2.902 us = 46.44 us
SSM_CONV: 22 x 9.756 us = 214.64 us
Total time: 72060.8 us.
----------------
Vulkan Timings:
ADD: 58 x 8.087 us = 469.08 us
CONCAT: 22 x 22.305 us = 490.72 us
CPY: 22 x 3.792 us = 83.44 us
FLASH_ATTN_EXT dst(64,32,32,4),  q(64,32,32,4),  k(64,6912,8,4),  v(64,6912,8,4),  m(6912,32,1,4): 8 x 1588.69 us = 12709.6 us (4562.08 GFLOPS/s)
GET_ROWS: 22 x 2.529 us = 55.64 us
GLU: 29 x 39.645 us = 1149.72 us
MUL: 44 x 10.206 us = 449.08 us
MUL_MAT f32 m=64 n=1024 k=64: 16 x 8.95 us = 143.2 us (929.952 GFLOPS/s)
MUL_MAT f32 m=64 n=4096 k=64: 16 x 14.42 us = 230.72 us (2308.76 GFLOPS/s)
MUL_MAT q4_0_rocmfp4_fast m=10752 n=128 k=2048: 58 x 422.412 us = 24499.9 us (13341.9 GFLOPS/s)
MUL_MAT q4_0_rocmfp4_fast m=2048 n=128 k=10752: 29 x 572.106 us = 16591.1 us (9852.86 GFLOPS/s)
MUL_MAT q4_0_rocmfp4_fast m=2048 n=128 k=2048: 16 x 106.437 us = 1703 us (10085.5 GFLOPS/s)
MUL_MAT q4_0_rocmfp4_fast m=2048 n=32 k=2048 batch=4: 22 x 142.545 us = 3136 us (7530.79 GFLOPS/s)
MUL_MAT q4_0_rocmfp4_fast m=512 n=128 k=2048: 16 x 43.155 us = 690.48 us (6218.74 GFLOPS/s)
MUL_MAT q4_0_rocmfp4_fast m=6144 n=32 k=2048 batch=4: 22 x 355.887 us = 7829.52 us (9049.04 GFLOPS/s)
RMS_NORM_MUL RMS_NORM(2048,128,1,1): 59 x 10.292 us = 607.24 us
RMS_NORM_MUL_ROPE RMS_NORM(64,32,128,1): 8 x 100.66 us = 805.28 us
RMS_NORM_MUL_ROPE RMS_NORM(64,8,128,1): 8 x 29.315 us = 234.52 us
SET_ROWS: 16 x 2.717 us = 43.48 us
SSM_CONV: 22 x 9.741 us = 214.32 us
Total time: 72136 us.
0.24.930.014 I slot print_timing: id  0 | task 2 | prompt processing, n_tokens =   6784, progress = 0.83, t =  14.85 s / 456.88 tokens per second
0.24.930.048 I slot print_timing: id  1 | task 4 | prompt processing, n_tokens =   6784, progress = 0.83, t =  14.85 s / 456.88 tokens per second
0.24.930.070 I slot print_timing: id  2 | task 3 | prompt processing, n_tokens =   6784, progress = 0.83, t =  14.85 s / 456.88 tokens per second
0.24.930.091 I slot print_timing: id  3 | task 1 | prompt processing, n_tokens =   6784, progress = 0.83, t =  14.85 s / 456.89 tokens per second
----------------
Vulkan Timings:
ADD: 58 x 7.996 us = 463.8 us
CONCAT: 22 x 22.972 us = 505.4 us
CPY: 22 x 3.82 us = 84.04 us
FLASH_ATTN_EXT dst(64,32,32,4),  q(64,32,32,4),  k(64,6912,8,4),  v(64,6912,8,4),  m(6912,32,1,4): 8 x 1585.15 us = 12681.2 us (4572.28 GFLOPS/s)
GET_ROWS: 22 x 2.521 us = 55.48 us
GLU: 29 x 40.764 us = 1182.16 us
MUL: 44 x 9.843 us = 433.12 us
MUL_MAT f32 m=64 n=1024 k=64: 16 x 8.962 us = 143.4 us (928.655 GFLOPS/s)
MUL_MAT f32 m=64 n=4096 k=64: 16 x 14.302 us = 228.84 us (2327.73 GFLOPS/s)
MUL_MAT q4_0_rocmfp4_fast m=10752 n=128 k=2048: 58 x 424.226 us = 24605.2 us (13284.8 GFLOPS/s)
MUL_MAT q4_0_rocmfp4_fast m=2048 n=128 k=10752: 29 x 572.157 us = 16592.6 us (9851.98 GFLOPS/s)
MUL_MAT q4_0_rocmfp4_fast m=2048 n=128 k=2048: 16 x 102.492 us = 1639.88 us (10473.7 GFLOPS/s)
MUL_MAT q4_0_rocmfp4_fast m=2048 n=32 k=2048 batch=4: 22 x 142.47 us = 3134.36 us (7534.73 GFLOPS/s)
MUL_MAT q4_0_rocmfp4_fast m=512 n=128 k=2048: 16 x 42.532 us = 680.52 us (6309.76 GFLOPS/s)
MUL_MAT q4_0_rocmfp4_fast m=6144 n=32 k=2048 batch=4: 22 x 360.485 us = 7930.68 us (8933.62 GFLOPS/s)
RMS_NORM_MUL RMS_NORM(2048,128,1,1): 59 x 10.452 us = 616.68 us
RMS_NORM_MUL_ROPE RMS_NORM(64,32,128,1): 8 x 102.365 us = 818.92 us
RMS_NORM_MUL_ROPE RMS_NORM(64,8,128,1): 8 x 29.35 us = 234.8 us
SET_ROWS: 16 x 2.942 us = 47.08 us
SSM_CONV: 22 x 9.709 us = 213.6 us
Total time: 72291.7 us.
----------------
Vulkan Timings:
ADD: 58 x 7.882 us = 457.2 us
CONCAT: 22 x 21.321 us = 469.08 us
CPY: 22 x 3.816 us = 83.96 us
FLASH_ATTN_EXT dst(64,32,32,4),  q(64,32,32,4),  k(64,6912,8,4),  v(64,6912,8,4),  m(6912,32,1,4): 8 x 1589.48 us = 12715.8 us (4559.83 GFLOPS/s)
GET_ROWS: 22 x 2.55 us = 56.12 us
GLU: 29 x 39.446 us = 1143.96 us
MUL: 44 x 10.554 us = 464.4 us
MUL_MAT f32 m=64 n=1024 k=64: 16 x 8.927 us = 142.84 us (932.296 GFLOPS/s)
MUL_MAT f32 m=64 n=4096 k=64: 16 x 14.33 us = 229.28 us (2323.26 GFLOPS/s)
MUL_MAT q4_0_rocmfp4_fast m=10752 n=128 k=2048: 58 x 425.068 us = 24654 us (13258.5 GFLOPS/s)
MUL_MAT q4_0_rocmfp4_fast m=2048 n=128 k=10752: 29 x 572.489 us = 16602.2 us (9846.26 GFLOPS/s)
MUL_MAT q4_0_rocmfp4_fast m=2048 n=128 k=2048: 16 x 97.522 us = 1560.36 us (11007.5 GFLOPS/s)
MUL_MAT q4_0_rocmfp4_fast m=2048 n=32 k=2048 batch=4: 22 x 142.232 us = 3129.12 us (7547.35 GFLOPS/s)
MUL_MAT q4_0_rocmfp4_fast m=512 n=128 k=2048: 16 x 44.232 us = 707.72 us (6067.26 GFLOPS/s)
MUL_MAT q4_0_rocmfp4_fast m=6144 n=32 k=2048 batch=4: 22 x 356.049 us = 7833.08 us (9044.93 GFLOPS/s)
RMS_NORM_MUL RMS_NORM(2048,128,1,1): 59 x 10.293 us = 607.32 us
RMS_NORM_MUL_ROPE RMS_NORM(64,32,128,1): 8 x 102.395 us = 819.16 us
RMS_NORM_MUL_ROPE RMS_NORM(64,8,128,1): 8 x 29.41 us = 235.28 us
SET_ROWS: 16 x 2.667 us = 42.68 us
SSM_CONV: 22 x 9.721 us = 213.88 us
Total time: 72167.5 us.
----------------
Vulkan Timings:
ADD: 58 x 8.524 us = 494.4 us
CONCAT: 22 x 21.418 us = 471.2 us
CPY: 22 x 3.809 us = 83.8 us
FLASH_ATTN_EXT dst(64,32,32,4),  q(64,32,32,4),  k(64,6912,8,4),  v(64,6912,8,4),  m(6912,32,1,4): 8 x 1598.66 us = 12789.3 us (4533.65 GFLOPS/s)
GET_ROWS: 22 x 2.505 us = 55.12 us
GLU: 29 x 38.284 us = 1110.24 us
MUL: 44 x 9.893 us = 435.32 us
MUL_MAT f32 m=64 n=1024 k=64: 16 x 8.975 us = 143.6 us (927.362 GFLOPS/s)
MUL_MAT f32 m=64 n=4096 k=64: 16 x 14.31 us = 228.96 us (2326.51 GFLOPS/s)
MUL_MAT q4_0_rocmfp4_fast m=10752 n=128 k=2048: 58 x 423.725 us = 24576.1 us (13300.5 GFLOPS/s)
MUL_MAT q4_0_rocmfp4_fast m=2048 n=128 k=10752: 29 x 571.248 us = 16566.2 us (9867.66 GFLOPS/s)
MUL_MAT q4_0_rocmfp4_fast m=2048 n=128 k=2048: 16 x 98.847 us = 1581.56 us (10860 GFLOPS/s)
MUL_MAT q4_0_rocmfp4_fast m=2048 n=32 k=2048 batch=4: 22 x 139.949 us = 3078.88 us (7670.5 GFLOPS/s)
MUL_MAT q4_0_rocmfp4_fast m=512 n=128 k=2048: 16 x 42.962 us = 687.4 us (6246.61 GFLOPS/s)
MUL_MAT q4_0_rocmfp4_fast m=6144 n=32 k=2048 batch=4: 22 x 366.872 us = 8071.2 us (8778.08 GFLOPS/s)
RMS_NORM_MUL RMS_NORM(2048,128,1,1): 59 x 10.4 us = 613.64 us
RMS_NORM_MUL_ROPE RMS_NORM(64,32,128,1): 8 x 102.45 us = 819.6 us
RMS_NORM_MUL_ROPE RMS_NORM(64,8,128,1): 8 x 31.175 us = 249.4 us
SET_ROWS: 16 x 2.93 us = 46.88 us
SSM_CONV: 22 x 9.76 us = 214.72 us
Total time: 72317.5 us.
----------------
Vulkan Timings:
ADD: 58 x 8.151 us = 472.76 us
CONCAT: 22 x 22.185 us = 488.08 us
CPY: 22 x 3.807 us = 83.76 us
FLASH_ATTN_EXT dst(64,32,32,4),  q(64,32,32,4),  k(64,6912,8,4),  v(64,6912,8,4),  m(6912,32,1,4): 8 x 1627.4 us = 13019.2 us (4453.58 GFLOPS/s)
GET_ROWS: 22 x 2.532 us = 55.72 us
GLU: 29 x 39.593 us = 1148.2 us
MUL: 44 x 10.053 us = 442.36 us
MUL_MAT f32 m=64 n=1024 k=64: 16 x 8.962 us = 143.4 us (928.655 GFLOPS/s)
MUL_MAT f32 m=64 n=4096 k=64: 16 x 14.272 us = 228.36 us (2332.62 GFLOPS/s)
MUL_MAT q4_0_rocmfp4_fast m=10752 n=128 k=2048: 58 x 422.058 us = 24479.4 us (13353 GFLOPS/s)
MUL_MAT q4_0_rocmfp4_fast m=2048 n=128 k=10752: 29 x 574.56 us = 16662.2 us (9810.78 GFLOPS/s)
MUL_MAT q4_0_rocmfp4_fast m=2048 n=128 k=2048: 16 x 105.117 us = 1681.88 us (10212.2 GFLOPS/s)
MUL_MAT q4_0_rocmfp4_fast m=2048 n=32 k=2048 batch=4: 22 x 145.203 us = 3194.48 us (7392.93 GFLOPS/s)
MUL_MAT q4_0_rocmfp4_fast m=512 n=128 k=2048: 16 x 40.732 us = 651.72 us (6588.59 GFLOPS/s)
MUL_MAT q4_0_rocmfp4_fast m=6144 n=32 k=2048 batch=4: 22 x 355.827 us = 7828.2 us (9050.57 GFLOPS/s)
RMS_NORM_MUL RMS_NORM(2048,128,1,1): 59 x 10.392 us = 613.16 us
RMS_NORM_MUL_ROPE RMS_NORM(64,32,128,1): 8 x 102.605 us = 820.84 us
RMS_NORM_MUL_ROPE RMS_NORM(64,8,128,1): 8 x 29.45 us = 235.6 us
SET_ROWS: 16 x 2.632 us = 42.12 us
SSM_CONV: 22 x 9.772 us = 215 us
Total time: 72506.5 us.
0.25.234.246 I slot print_timing: id  0 | task 2 | prompt processing, n_tokens =   6912, progress = 0.84, t =  15.15 s / 456.16 tokens per second
0.25.234.278 I slot print_timing: id  1 | task 4 | prompt processing, n_tokens =   6912, progress = 0.84, t =  15.15 s / 456.16 tokens per second
0.25.234.299 I slot print_timing: id  2 | task 3 | prompt processing, n_tokens =   6912, progress = 0.84, t =  15.15 s / 456.16 tokens per second
0.25.234.328 I slot print_timing: id  3 | task 1 | prompt processing, n_tokens =   6912, progress = 0.84, t =  15.15 s / 456.16 tokens per second
----------------
Vulkan Timings:
ADD: 58 x 8.469 us = 491.24 us
CONCAT: 22 x 25.121 us = 552.68 us
CPY: 22 x 3.725 us = 81.96 us
FLASH_ATTN_EXT dst(64,32,32,4),  q(64,32,32,4),  k(64,7168,8,4),  v(64,7168,8,4),  m(7168,32,1,4): 8 x 1651.08 us = 13208.6 us (4552.3 GFLOPS/s)
GET_ROWS: 22 x 2.53 us = 55.68 us
GLU: 29 x 38.604 us = 1119.52 us
MUL: 44 x 9.852 us = 433.52 us
MUL_MAT f32 m=64 n=1024 k=64: 16 x 9.067 us = 145.08 us (917.902 GFLOPS/s)
MUL_MAT f32 m=64 n=4096 k=64: 16 x 14.327 us = 229.24 us (2323.66 GFLOPS/s)
MUL_MAT q4_0_rocmfp4_fast m=10752 n=128 k=2048: 58 x 427.42 us = 24790.4 us (13185.5 GFLOPS/s)
MUL_MAT q4_0_rocmfp4_fast m=2048 n=128 k=10752: 29 x 573.801 us = 16640.2 us (9823.75 GFLOPS/s)
MUL_MAT q4_0_rocmfp4_fast m=2048 n=128 k=2048: 16 x 102.987 us = 1647.8 us (10423.4 GFLOPS/s)
MUL_MAT q4_0_rocmfp4_fast m=2048 n=32 k=2048 batch=4: 22 x 140.598 us = 3093.16 us (7635.09 GFLOPS/s)
MUL_MAT q4_0_rocmfp4_fast m=512 n=128 k=2048: 16 x 46.235 us = 739.76 us (5804.48 GFLOPS/s)
MUL_MAT q4_0_rocmfp4_fast m=6144 n=32 k=2048 batch=4: 22 x 357.563 us = 7866.4 us (9006.62 GFLOPS/s)
RMS_NORM_MUL RMS_NORM(2048,128,1,1): 59 x 10.359 us = 611.2 us
RMS_NORM_MUL_ROPE RMS_NORM(64,32,128,1): 8 x 105.025 us = 840.2 us
RMS_NORM_MUL_ROPE RMS_NORM(64,8,128,1): 8 x 32.67 us = 261.36 us
SET_ROWS: 16 x 2.7 us = 43.2 us
SSM_CONV: 22 x 10.669 us = 234.72 us
Total time: 73086 us.
----------------
Vulkan Timings:
ADD: 58 x 8.33 us = 483.16 us
CONCAT: 22 x 21.383 us = 470.44 us
CPY: 22 x 3.82 us = 84.04 us
FLASH_ATTN_EXT dst(64,32,32,4),  q(64,32,32,4),  k(64,7168,8,4),  v(64,7168,8,4),  m(7168,32,1,4): 8 x 1644.16 us = 13153.3 us (4571.45 GFLOPS/s)
GET_ROWS: 22 x 2.569 us = 56.52 us
GLU: 29 x 39.841 us = 1155.4 us
MUL: 44 x 9.837 us = 432.84 us
MUL_MAT f32 m=64 n=1024 k=64: 16 x 8.922 us = 142.76 us (932.818 GFLOPS/s)
MUL_MAT f32 m=64 n=4096 k=64: 16 x 14.252 us = 228.04 us (2335.89 GFLOPS/s)
MUL_MAT q4_0_rocmfp4_fast m=10752 n=128 k=2048: 58 x 423.459 us = 24560.6 us (13308.9 GFLOPS/s)
MUL_MAT q4_0_rocmfp4_fast m=2048 n=128 k=10752: 29 x 574.664 us = 16665.3 us (9808.99 GFLOPS/s)
MUL_MAT q4_0_rocmfp4_fast m=2048 n=128 k=2048: 16 x 97.117 us = 1553.88 us (11053.4 GFLOPS/s)
MUL_MAT q4_0_rocmfp4_fast m=2048 n=32 k=2048 batch=4: 22 x 141.294 us = 3108.48 us (7597.46 GFLOPS/s)
MUL_MAT q4_0_rocmfp4_fast m=512 n=128 k=2048: 16 x 44.19 us = 707.04 us (6073.09 GFLOPS/s)
MUL_MAT q4_0_rocmfp4_fast m=6144 n=32 k=2048 batch=4: 22 x 359.076 us = 7899.68 us (8968.67 GFLOPS/s)
RMS_NORM_MUL RMS_NORM(2048,128,1,1): 59 x 10.295 us = 607.44 us
RMS_NORM_MUL_ROPE RMS_NORM(64,32,128,1): 8 x 107.58 us = 860.64 us
RMS_NORM_MUL_ROPE RMS_NORM(64,8,128,1): 8 x 31.165 us = 249.32 us
SET_ROWS: 16 x 2.687 us = 43 us
SSM_CONV: 22 x 9.761 us = 214.76 us
Total time: 72676.6 us.
----------------
Vulkan Timings:
ADD: 58 x 8.247 us = 478.36 us
CONCAT: 22 x 23.307 us = 512.76 us
CPY: 22 x 3.849 us = 84.68 us
FLASH_ATTN_EXT dst(64,32,32,4),  q(64,32,32,4),  k(64,7168,8,4),  v(64,7168,8,4),  m(7168,32,1,4): 8 x 1658.17 us = 13265.4 us (4532.81 GFLOPS/s)
GET_ROWS: 22 x 2.53 us = 55.68 us
GLU: 29 x 39.442 us = 1143.84 us
MUL: 44 x 10.026 us = 441.16 us
MUL_MAT f32 m=64 n=1024 k=64: 16 x 8.922 us = 142.76 us (932.818 GFLOPS/s)
MUL_MAT f32 m=64 n=4096 k=64: 16 x 14.362 us = 229.8 us (2318 GFLOPS/s)
MUL_MAT q4_0_rocmfp4_fast m=10752 n=128 k=2048: 58 x 424.435 us = 24617.2 us (13278.3 GFLOPS/s)
MUL_MAT q4_0_rocmfp4_fast m=2048 n=128 k=10752: 29 x 573.084 us = 16619.4 us (9836.05 GFLOPS/s)
MUL_MAT q4_0_rocmfp4_fast m=2048 n=128 k=2048: 16 x 99.95 us = 1599.2 us (10740.2 GFLOPS/s)
MUL_MAT q4_0_rocmfp4_fast m=2048 n=32 k=2048 batch=4: 22 x 141.97 us = 3123.36 us (7561.27 GFLOPS/s)
MUL_MAT q4_0_rocmfp4_fast m=512 n=128 k=2048: 16 x 42.39 us = 678.24 us (6330.97 GFLOPS/s)
MUL_MAT q4_0_rocmfp4_fast m=6144 n=32 k=2048 batch=4: 22 x 355.792 us = 7827.44 us (9051.45 GFLOPS/s)
RMS_NORM_MUL RMS_NORM(2048,128,1,1): 59 x 10.263 us = 605.56 us
RMS_NORM_MUL_ROPE RMS_NORM(64,32,128,1): 8 x 103.14 us = 825.12 us
RMS_NORM_MUL_ROPE RMS_NORM(64,8,128,1): 8 x 31.195 us = 249.56 us
SET_ROWS: 16 x 2.857 us = 45.72 us
SSM_CONV: 22 x 9.72 us = 213.84 us
Total time: 72759.2 us.
----------------
Vulkan Timings:
ADD: 58 x 7.557 us = 438.32 us
CONCAT: 22 x 21.812 us = 479.88 us
CPY: 22 x 3.838 us = 84.44 us
FLASH_ATTN_EXT dst(64,32,32,4),  q(64,32,32,4),  k(64,7168,8,4),  v(64,7168,8,4),  m(7168,32,1,4): 8 x 1683.62 us = 13468.9 us (4464.32 GFLOPS/s)
GET_ROWS: 22 x 2.569 us = 56.52 us
GLU: 29 x 40.302 us = 1168.76 us
MUL: 44 x 10.441 us = 459.44 us
MUL_MAT f32 m=64 n=1024 k=64: 16 x 8.905 us = 142.48 us (934.652 GFLOPS/s)
MUL_MAT f32 m=64 n=4096 k=64: 16 x 14.38 us = 230.08 us (2315.18 GFLOPS/s)
MUL_MAT q4_0_rocmfp4_fast m=10752 n=128 k=2048: 58 x 422.626 us = 24512.4 us (13335.1 GFLOPS/s)
MUL_MAT q4_0_rocmfp4_fast m=2048 n=128 k=10752: 29 x 573.892 us = 16642.9 us (9822.19 GFLOPS/s)
MUL_MAT q4_0_rocmfp4_fast m=2048 n=128 k=2048: 16 x 103.335 us = 1653.36 us (10388.3 GFLOPS/s)
MUL_MAT q4_0_rocmfp4_fast m=2048 n=32 k=2048 batch=4: 22 x 145.641 us = 3204.12 us (7370.68 GFLOPS/s)
MUL_MAT q4_0_rocmfp4_fast m=512 n=128 k=2048: 16 x 41.102 us = 657.64 us (6529.28 GFLOPS/s)
MUL_MAT q4_0_rocmfp4_fast m=6144 n=32 k=2048 batch=4: 22 x 350.78 us = 7717.16 us (9180.79 GFLOPS/s)
RMS_NORM_MUL RMS_NORM(2048,128,1,1): 59 x 10.374 us = 612.08 us
RMS_NORM_MUL_ROPE RMS_NORM(64,32,128,1): 8 x 103.665 us = 829.32 us
RMS_NORM_MUL_ROPE RMS_NORM(64,8,128,1): 8 x 27.605 us = 220.84 us
SET_ROWS: 16 x 2.657 us = 42.52 us
SSM_CONV: 22 x 9.721 us = 213.88 us
Total time: 72835 us.
0.25.543.171 I slot print_timing: id  0 | task 2 | prompt processing, n_tokens =   7040, progress = 0.86, t =  15.46 s / 455.32 tokens per second
0.25.543.203 I slot print_timing: id  1 | task 4 | prompt processing, n_tokens =   7040, progress = 0.86, t =  15.46 s / 455.32 tokens per second
0.25.543.224 I slot print_timing: id  2 | task 3 | prompt processing, n_tokens =   7040, progress = 0.86, t =  15.46 s / 455.32 tokens per second
0.25.543.253 I slot print_timing: id  3 | task 1 | prompt processing, n_tokens =   7040, progress = 0.86, t =  15.46 s / 455.32 tokens per second
----------------
Vulkan Timings:
ADD: 58 x 8.117 us = 470.84 us
CONCAT: 22 x 23.852 us = 524.76 us
CPY: 22 x 3.827 us = 84.2 us
FLASH_ATTN_EXT dst(64,32,32,4),  q(64,32,32,4),  k(64,7168,8,4),  v(64,7168,8,4),  m(7168,32,1,4): 8 x 1658.25 us = 13266 us (4532.61 GFLOPS/s)
GET_ROWS: 22 x 2.529 us = 55.64 us
GLU: 29 x 38.325 us = 1111.44 us
MUL: 44 x 9.352 us = 411.52 us
MUL_MAT f32 m=64 n=1024 k=64: 16 x 8.96 us = 143.36 us (928.914 GFLOPS/s)
MUL_MAT f32 m=64 n=4096 k=64: 16 x 14.225 us = 227.6 us (2340.41 GFLOPS/s)
MUL_MAT q4_0_rocmfp4_fast m=10752 n=128 k=2048: 58 x 425.063 us = 24653.7 us (13258.7 GFLOPS/s)
MUL_MAT q4_0_rocmfp4_fast m=2048 n=128 k=10752: 29 x 574.535 us = 16661.5 us (9811.21 GFLOPS/s)
MUL_MAT q4_0_rocmfp4_fast m=2048 n=128 k=2048: 16 x 99.74 us = 1595.84 us (10762.8 GFLOPS/s)
MUL_MAT q4_0_rocmfp4_fast m=2048 n=32 k=2048 batch=4: 22 x 140.976 us = 3101.48 us (7614.61 GFLOPS/s)
MUL_MAT q4_0_rocmfp4_fast m=512 n=128 k=2048: 16 x 42.71 us = 683.36 us (6283.54 GFLOPS/s)
MUL_MAT q4_0_rocmfp4_fast m=6144 n=32 k=2048 batch=4: 22 x 359.705 us = 7913.52 us (8952.99 GFLOPS/s)
RMS_NORM_MUL RMS_NORM(2048,128,1,1): 59 x 10.334 us = 609.76 us
RMS_NORM_MUL_ROPE RMS_NORM(64,32,128,1): 8 x 104.08 us = 832.64 us
RMS_NORM_MUL_ROPE RMS_NORM(64,8,128,1): 8 x 31.32 us = 250.56 us
SET_ROWS: 16 x 2.767 us = 44.28 us
SSM_CONV: 22 x 9.765 us = 214.84 us
Total time: 72856.8 us.
----------------
Vulkan Timings:
ADD: 58 x 8.391 us = 486.68 us
CONCAT: 22 x 22.201 us = 488.44 us
CPY: 22 x 3.803 us = 83.68 us
FLASH_ATTN_EXT dst(64,32,32,4),  q(64,32,32,4),  k(64,7168,8,4),  v(64,7168,8,4),  m(7168,32,1,4): 8 x 1685.42 us = 13483.4 us (4459.52 GFLOPS/s)
GET_ROWS: 22 x 2.536 us = 55.8 us
GLU: 29 x 39.795 us = 1154.08 us
MUL: 44 x 9.469 us = 416.64 us
MUL_MAT f32 m=64 n=1024 k=64: 16 x 8.867 us = 141.88 us (938.604 GFLOPS/s)
MUL_MAT f32 m=64 n=4096 k=64: 16 x 14.27 us = 228.32 us (2333.03 GFLOPS/s)
MUL_MAT q4_0_rocmfp4_fast m=10752 n=128 k=2048: 58 x 422.879 us = 24527 us (13327.1 GFLOPS/s)
MUL_MAT q4_0_rocmfp4_fast m=2048 n=128 k=10752: 29 x 576.649 us = 16722.8 us (9775.23 GFLOPS/s)
MUL_MAT q4_0_rocmfp4_fast m=2048 n=128 k=2048: 16 x 103.965 us = 1663.44 us (10325.4 GFLOPS/s)
MUL_MAT q4_0_rocmfp4_fast m=2048 n=32 k=2048 batch=4: 22 x 141.978 us = 3123.52 us (7560.88 GFLOPS/s)
MUL_MAT q4_0_rocmfp4_fast m=512 n=128 k=2048: 16 x 40.452 us = 647.24 us (6634.2 GFLOPS/s)
MUL_MAT q4_0_rocmfp4_fast m=6144 n=32 k=2048 batch=4: 22 x 357.11 us = 7856.44 us (9018.04 GFLOPS/s)
RMS_NORM_MUL RMS_NORM(2048,128,1,1): 59 x 10.315 us = 608.64 us
RMS_NORM_MUL_ROPE RMS_NORM(64,32,128,1): 8 x 107.43 us = 859.44 us
RMS_NORM_MUL_ROPE RMS_NORM(64,8,128,1): 8 x 31.18 us = 249.44 us
SET_ROWS: 16 x 2.645 us = 42.32 us
SSM_CONV: 22 x 9.72 us = 213.84 us
Total time: 73053.1 us.
----------------
Vulkan Timings:
ADD: 58 x 8.224 us = 477.04 us
CONCAT: 22 x 23.53 us = 517.68 us
CPY: 22 x 3.732 us = 82.12 us
FLASH_ATTN_EXT dst(64,32,32,4),  q(64,32,32,4),  k(64,7168,8,4),  v(64,7168,8,4),  m(7168,32,1,4): 8 x 1681.61 us = 13452.8 us (4469.65 GFLOPS/s)
GET_ROWS: 22 x 2.527 us = 55.6 us
GLU: 29 x 38.641 us = 1120.6 us
MUL: 44 x 10.064 us = 442.84 us
MUL_MAT f32 m=64 n=1024 k=64: 16 x 8.902 us = 142.44 us (934.914 GFLOPS/s)
MUL_MAT f32 m=64 n=4096 k=64: 16 x 14.257 us = 228.12 us (2335.07 GFLOPS/s)
MUL_MAT q4_0_rocmfp4_fast m=10752 n=128 k=2048: 58 x 423.398 us = 24557.1 us (13310.8 GFLOPS/s)
MUL_MAT q4_0_rocmfp4_fast m=2048 n=128 k=10752: 29 x 575.564 us = 16691.4 us (9793.67 GFLOPS/s)
MUL_MAT q4_0_rocmfp4_fast m=2048 n=128 k=2048: 16 x 98.297 us = 1572.76 us (10920.7 GFLOPS/s)
MUL_MAT q4_0_rocmfp4_fast m=2048 n=32 k=2048 batch=4: 22 x 141.63 us = 3115.88 us (7579.42 GFLOPS/s)
MUL_MAT q4_0_rocmfp4_fast m=512 n=128 k=2048: 16 x 46.665 us = 746.64 us (5750.99 GFLOPS/s)
MUL_MAT q4_0_rocmfp4_fast m=6144 n=32 k=2048 batch=4: 22 x 358.212 us = 7880.68 us (8990.3 GFLOPS/s)
RMS_NORM_MUL RMS_NORM(2048,128,1,1): 59 x 10.361 us = 611.32 us
RMS_NORM_MUL_ROPE RMS_NORM(64,32,128,1): 8 x 104.3 us = 834.4 us
RMS_NORM_MUL_ROPE RMS_NORM(64,8,128,1): 8 x 31.21 us = 249.68 us
SET_ROWS: 16 x 2.727 us = 43.64 us
SSM_CONV: 22 x 9.732 us = 214.12 us
Total time: 73036.9 us.
----------------
Vulkan Timings:
ADD: 58 x 8.001 us = 464.08 us
CONCAT: 22 x 22.967 us = 505.28 us
CPY: 22 x 3.829 us = 84.24 us
FLASH_ATTN_EXT dst(64,32,32,4),  q(64,32,32,4),  k(64,7168,8,4),  v(64,7168,8,4),  m(7168,32,1,4): 8 x 1694.4 us = 13555.2 us (4435.89 GFLOPS/s)
GET_ROWS: 22 x 2.503 us = 55.08 us
GLU: 29 x 38.995 us = 1130.88 us
MUL: 44 x 10.317 us = 453.96 us
MUL_MAT f32 m=64 n=1024 k=64: 16 x 8.937 us = 143 us (931.253 GFLOPS/s)
MUL_MAT f32 m=64 n=4096 k=64: 16 x 14.515 us = 232.24 us (2293.65 GFLOPS/s)
MUL_MAT q4_0_rocmfp4_fast m=10752 n=128 k=2048: 58 x 425.707 us = 24691 us (13238.6 GFLOPS/s)
MUL_MAT q4_0_rocmfp4_fast m=2048 n=128 k=10752: 29 x 570.91 us = 16556.4 us (9873.5 GFLOPS/s)
MUL_MAT q4_0_rocmfp4_fast m=2048 n=128 k=2048: 16 x 104.57 us = 1673.12 us (10265.7 GFLOPS/s)
MUL_MAT q4_0_rocmfp4_fast m=2048 n=32 k=2048 batch=4: 22 x 141.541 us = 3113.92 us (7584.19 GFLOPS/s)
MUL_MAT q4_0_rocmfp4_fast m=512 n=128 k=2048: 16 x 41.54 us = 664.64 us (6460.52 GFLOPS/s)
MUL_MAT q4_0_rocmfp4_fast m=6144 n=32 k=2048 batch=4: 22 x 359.289 us = 7904.36 us (8963.36 GFLOPS/s)
RMS_NORM_MUL RMS_NORM(2048,128,1,1): 59 x 10.282 us = 606.64 us
RMS_NORM_MUL_ROPE RMS_NORM(64,32,128,1): 8 x 102.42 us = 819.36 us
RMS_NORM_MUL_ROPE RMS_NORM(64,8,128,1): 8 x 30.93 us = 247.44 us
SET_ROWS: 16 x 2.885 us = 46.16 us
SSM_CONV: 22 x 9.978 us = 219.52 us
Total time: 73166.6 us.
0.25.850.295 I slot print_timing: id  0 | task 2 | prompt processing, n_tokens =   7168, progress = 0.88, t =  15.77 s / 454.57 tokens per second
0.25.850.327 I slot print_timing: id  1 | task 4 | prompt processing, n_tokens =   7168, progress = 0.88, t =  15.77 s / 454.57 tokens per second
0.25.850.348 I slot print_timing: id  2 | task 3 | prompt processing, n_tokens =   7168, progress = 0.88, t =  15.77 s / 454.57 tokens per second
0.25.850.377 I slot print_timing: id  3 | task 1 | prompt processing, n_tokens =   7168, progress = 0.88, t =  15.77 s / 454.57 tokens per second
----------------
Vulkan Timings:
ADD: 58 x 8.132 us = 471.68 us
CONCAT: 22 x 21.478 us = 472.52 us
CPY: 22 x 3.787 us = 83.32 us
FLASH_ATTN_EXT dst(64,32,32,4),  q(64,32,32,4),  k(64,7424,8,4),  v(64,7424,8,4),  m(7424,32,1,4): 8 x 1700.29 us = 13602.3 us (4578.43 GFLOPS/s)
GET_ROWS: 22 x 2.505 us = 55.12 us
GLU: 29 x 39.234 us = 1137.8 us
MUL: 44 x 10.08 us = 443.56 us
MUL_MAT f32 m=64 n=1024 k=64: 16 x 9.137 us = 146.2 us (910.87 GFLOPS/s)
MUL_MAT f32 m=64 n=4096 k=64: 16 x 14.522 us = 232.36 us (2292.46 GFLOPS/s)
MUL_MAT q4_0_rocmfp4_fast m=10752 n=128 k=2048: 58 x 425.321 us = 24668.6 us (13250.6 GFLOPS/s)
MUL_MAT q4_0_rocmfp4_fast m=2048 n=128 k=10752: 29 x 575.547 us = 16690.9 us (9793.95 GFLOPS/s)
MUL_MAT q4_0_rocmfp4_fast m=2048 n=128 k=2048: 16 x 102.08 us = 1633.28 us (10516.1 GFLOPS/s)
MUL_MAT q4_0_rocmfp4_fast m=2048 n=32 k=2048 batch=4: 22 x 146.15 us = 3215.32 us (7345.01 GFLOPS/s)
MUL_MAT q4_0_rocmfp4_fast m=512 n=128 k=2048: 16 x 43.885 us = 702.16 us (6115.3 GFLOPS/s)
MUL_MAT q4_0_rocmfp4_fast m=6144 n=32 k=2048 batch=4: 22 x 354.145 us = 7791.2 us (9093.55 GFLOPS/s)
RMS_NORM_MUL RMS_NORM(2048,128,1,1): 59 x 10.362 us = 611.36 us
RMS_NORM_MUL_ROPE RMS_NORM(64,32,128,1): 8 x 103.77 us = 830.16 us
RMS_NORM_MUL_ROPE RMS_NORM(64,8,128,1): 8 x 32.965 us = 263.72 us
SET_ROWS: 16 x 2.935 us = 46.96 us
SSM_CONV: 22 x 9.749 us = 214.48 us
Total time: 73313 us.
----------------
Vulkan Timings:
ADD: 58 x 8.041 us = 466.4 us
CONCAT: 22 x 23.92 us = 526.24 us
CPY: 22 x 3.805 us = 83.72 us
FLASH_ATTN_EXT dst(64,32,32,4),  q(64,32,32,4),  k(64,7424,8,4),  v(64,7424,8,4),  m(7424,32,1,4): 8 x 1678.85 us = 13430.8 us (4636.88 GFLOPS/s)
GET_ROWS: 22 x 2.51 us = 55.24 us
GLU: 29 x 38.517 us = 1117 us
MUL: 44 x 9.952 us = 437.92 us
MUL_MAT f32 m=64 n=1024 k=64: 16 x 9.177 us = 146.84 us (906.9 GFLOPS/s)
MUL_MAT f32 m=64 n=4096 k=64: 16 x 14.295 us = 228.72 us (2328.95 GFLOPS/s)
MUL_MAT q4_0_rocmfp4_fast m=10752 n=128 k=2048: 58 x 422.42 us = 24500.4 us (13341.6 GFLOPS/s)
MUL_MAT q4_0_rocmfp4_fast m=2048 n=128 k=10752: 29 x 572.51 us = 16602.8 us (9845.9 GFLOPS/s)
MUL_MAT q4_0_rocmfp4_fast m=2048 n=128 k=2048: 16 x 97.527 us = 1560.44 us (11006.9 GFLOPS/s)
MUL_MAT q4_0_rocmfp4_fast m=2048 n=32 k=2048 batch=4: 22 x 142.654 us = 3138.4 us (7525.03 GFLOPS/s)
MUL_MAT q4_0_rocmfp4_fast m=512 n=128 k=2048: 16 x 45.492 us = 727.88 us (5899.21 GFLOPS/s)
MUL_MAT q4_0_rocmfp4_fast m=6144 n=32 k=2048 batch=4: 22 x 357.034 us = 7854.76 us (9019.96 GFLOPS/s)
RMS_NORM_MUL RMS_NORM(2048,128,1,1): 59 x 10.37 us = 611.84 us
RMS_NORM_MUL_ROPE RMS_NORM(64,32,128,1): 8 x 103.035 us = 824.28 us
RMS_NORM_MUL_ROPE RMS_NORM(64,8,128,1): 8 x 34.485 us = 275.88 us
SET_ROWS: 16 x 2.735 us = 43.76 us
SSM_CONV: 22 x 9.732 us = 214.12 us
Total time: 72847.4 us.
----------------
Vulkan Timings:
ADD: 58 x 8.158 us = 473.2 us
CONCAT: 22 x 22.138 us = 487.04 us
CPY: 22 x 3.792 us = 83.44 us
FLASH_ATTN_EXT dst(64,32,32,4),  q(64,32,32,4),  k(64,7424,8,4),  v(64,7424,8,4),  m(7424,32,1,4): 8 x 1706.99 us = 13655.9 us (4560.44 GFLOPS/s)
GET_ROWS: 22 x 2.58 us = 56.76 us
GLU: 29 x 39.591 us = 1148.16 us
MUL: 44 x 9.822 us = 432.2 us
MUL_MAT f32 m=64 n=1024 k=64: 16 x 8.935 us = 142.96 us (931.513 GFLOPS/s)
MUL_MAT f32 m=64 n=4096 k=64: 16 x 14.14 us = 226.24 us (2354.48 GFLOPS/s)
MUL_MAT q4_0_rocmfp4_fast m=10752 n=128 k=2048: 58 x 423.331 us = 24553.2 us (13312.9 GFLOPS/s)
MUL_MAT q4_0_rocmfp4_fast m=2048 n=128 k=10752: 29 x 572.489 us = 16602.2 us (9846.26 GFLOPS/s)
MUL_MAT q4_0_rocmfp4_fast m=2048 n=128 k=2048: 16 x 101.582 us = 1625.32 us (10567.6 GFLOPS/s)
MUL_MAT q4_0_rocmfp4_fast m=2048 n=32 k=2048 batch=4: 22 x 141.674 us = 3116.84 us (7577.08 GFLOPS/s)
MUL_MAT q4_0_rocmfp4_fast m=512 n=128 k=2048: 16 x 44.135 us = 706.16 us (6080.66 GFLOPS/s)
MUL_MAT q4_0_rocmfp4_fast m=6144 n=32 k=2048 batch=4: 22 x 356.987 us = 7853.72 us (9021.16 GFLOPS/s)
RMS_NORM_MUL RMS_NORM(2048,128,1,1): 59 x 10.25 us = 604.76 us
RMS_NORM_MUL_ROPE RMS_NORM(64,32,128,1): 8 x 102.415 us = 819.32 us
RMS_NORM_MUL_ROPE RMS_NORM(64,8,128,1): 8 x 29.38 us = 235.04 us
SET_ROWS: 16 x 2.66 us = 42.56 us
SSM_CONV: 22 x 9.734 us = 214.16 us
Total time: 73079.2 us.
----------------
Vulkan Timings:
ADD: 58 x 8.34 us = 483.76 us
CONCAT: 22 x 21.429 us = 471.44 us
CPY: 22 x 3.812 us = 83.88 us
FLASH_ATTN_EXT dst(64,32,32,4),  q(64,32,32,4),  k(64,7424,8,4),  v(64,7424,8,4),  m(7424,32,1,4): 8 x 1708.22 us = 13665.8 us (4557.14 GFLOPS/s)
GET_ROWS: 22 x 2.549 us = 56.08 us
GLU: 29 x 38.106 us = 1105.08 us
MUL: 44 x 10.029 us = 441.28 us
MUL_MAT f32 m=64 n=1024 k=64: 16 x 8.91 us = 142.56 us (934.127 GFLOPS/s)
MUL_MAT f32 m=64 n=4096 k=64: 16 x 14.4 us = 230.4 us (2311.96 GFLOPS/s)
MUL_MAT q4_0_rocmfp4_fast m=10752 n=128 k=2048: 58 x 423.048 us = 24536.8 us (13321.8 GFLOPS/s)
MUL_MAT q4_0_rocmfp4_fast m=2048 n=128 k=10752: 29 x 571.02 us = 16559.6 us (9871.59 GFLOPS/s)
MUL_MAT q4_0_rocmfp4_fast m=2048 n=128 k=2048: 16 x 96.847 us = 1549.56 us (11084.2 GFLOPS/s)
MUL_MAT q4_0_rocmfp4_fast m=2048 n=32 k=2048 batch=4: 22 x 140.521 us = 3091.48 us (7639.24 GFLOPS/s)
MUL_MAT q4_0_rocmfp4_fast m=512 n=128 k=2048: 16 x 45.837 us = 733.4 us (5854.81 GFLOPS/s)
MUL_MAT q4_0_rocmfp4_fast m=6144 n=32 k=2048 batch=4: 22 x 353.958 us = 7787.08 us (9098.36 GFLOPS/s)
RMS_NORM_MUL RMS_NORM(2048,128,1,1): 59 x 10.32 us = 608.92 us
RMS_NORM_MUL_ROPE RMS_NORM(64,32,128,1): 8 x 104.45 us = 835.6 us
RMS_NORM_MUL_ROPE RMS_NORM(64,8,128,1): 8 x 31.145 us = 249.16 us
SET_ROWS: 16 x 2.742 us = 43.88 us
SSM_CONV: 22 x 9.73 us = 214.08 us
Total time: 72889.8 us.
0.26.160.561 I slot print_timing: id  0 | task 2 | prompt processing, n_tokens =   7296, progress = 0.89, t =  16.08 s / 453.76 tokens per second
0.26.160.593 I slot print_timing: id  1 | task 4 | prompt processing, n_tokens =   7296, progress = 0.89, t =  16.08 s / 453.76 tokens per second
0.26.160.615 I slot print_timing: id  2 | task 3 | prompt processing, n_tokens =   7296, progress = 0.89, t =  16.08 s / 453.76 tokens per second
0.26.160.643 I slot print_timing: id  3 | task 1 | prompt processing, n_tokens =   7296, progress = 0.89, t =  16.08 s / 453.76 tokens per second
----------------
Vulkan Timings:
ADD: 58 x 8.488 us = 492.32 us
CONCAT: 22 x 23.81 us = 523.84 us
CPY: 22 x 3.836 us = 84.4 us
FLASH_ATTN_EXT dst(64,32,32,4),  q(64,32,32,4),  k(64,7424,8,4),  v(64,7424,8,4),  m(7424,32,1,4): 8 x 1712.05 us = 13696.4 us (4546.98 GFLOPS/s)
GET_ROWS: 22 x 2.538 us = 55.84 us
GLU: 29 x 39.867 us = 1156.16 us
MUL: 44 x 9.616 us = 423.12 us
MUL_MAT f32 m=64 n=1024 k=64: 16 x 8.925 us = 142.8 us (932.557 GFLOPS/s)
MUL_MAT f32 m=64 n=4096 k=64: 16 x 14.337 us = 229.4 us (2322.04 GFLOPS/s)
MUL_MAT q4_0_rocmfp4_fast m=10752 n=128 k=2048: 58 x 423.946 us = 24588.9 us (13293.6 GFLOPS/s)
MUL_MAT q4_0_rocmfp4_fast m=2048 n=128 k=10752: 29 x 571.081 us = 16561.4 us (9870.54 GFLOPS/s)
MUL_MAT q4_0_rocmfp4_fast m=2048 n=128 k=2048: 16 x 101.462 us = 1623.4 us (10580.1 GFLOPS/s)
MUL_MAT q4_0_rocmfp4_fast m=2048 n=32 k=2048 batch=4: 22 x 142.374 us = 3132.24 us (7539.83 GFLOPS/s)
MUL_MAT q4_0_rocmfp4_fast m=512 n=128 k=2048: 16 x 43.312 us = 693 us (6196.13 GFLOPS/s)
MUL_MAT q4_0_rocmfp4_fast m=6144 n=32 k=2048 batch=4: 22 x 353.054 us = 7767.2 us (9121.65 GFLOPS/s)
RMS_NORM_MUL RMS_NORM(2048,128,1,1): 59 x 10.347 us = 610.52 us
RMS_NORM_MUL_ROPE RMS_NORM(64,32,128,1): 8 x 104.275 us = 834.2 us
RMS_NORM_MUL_ROPE RMS_NORM(64,8,128,1): 8 x 30.03 us = 240.24 us
SET_ROWS: 16 x 2.65 us = 42.4 us
SSM_CONV: 22 x 9.69 us = 213.2 us
Total time: 73110.9 us.
----------------
Vulkan Timings:
ADD: 58 x 7.973 us = 462.44 us
CONCAT: 22 x 22.15 us = 487.32 us
CPY: 22 x 3.769 us = 82.92 us
FLASH_ATTN_EXT dst(64,32,32,4),  q(64,32,32,4),  k(64,7424,8,4),  v(64,7424,8,4),  m(7424,32,1,4): 8 x 1706.93 us = 13655.5 us (4560.59 GFLOPS/s)
GET_ROWS: 22 x 2.536 us = 55.8 us
GLU: 29 x 39.685 us = 1150.88 us
MUL: 44 x 10.094 us = 444.16 us
MUL_MAT f32 m=64 n=1024 k=64: 16 x 8.902 us = 142.44 us (934.914 GFLOPS/s)
MUL_MAT f32 m=64 n=4096 k=64: 16 x 14.22 us = 227.52 us (2341.23 GFLOPS/s)
MUL_MAT q4_0_rocmfp4_fast m=10752 n=128 k=2048: 58 x 423.06 us = 24537.5 us (13321.4 GFLOPS/s)
MUL_MAT q4_0_rocmfp4_fast m=2048 n=128 k=10752: 29 x 571.761 us = 16581.1 us (9858.8 GFLOPS/s)
MUL_MAT q4_0_rocmfp4_fast m=2048 n=128 k=2048: 16 x 105.11 us = 1681.76 us (10212.9 GFLOPS/s)
MUL_MAT q4_0_rocmfp4_fast m=2048 n=32 k=2048 batch=4: 22 x 145.741 us = 3206.32 us (7365.63 GFLOPS/s)
MUL_MAT q4_0_rocmfp4_fast m=512 n=128 k=2048: 16 x 41.832 us = 669.32 us (6415.35 GFLOPS/s)
MUL_MAT q4_0_rocmfp4_fast m=6144 n=32 k=2048 batch=4: 22 x 357.529 us = 7865.64 us (9007.49 GFLOPS/s)
RMS_NORM_MUL RMS_NORM(2048,128,1,1): 59 x 10.312 us = 608.44 us
RMS_NORM_MUL_ROPE RMS_NORM(64,32,128,1): 8 x 102.79 us = 822.32 us
RMS_NORM_MUL_ROPE RMS_NORM(64,8,128,1): 8 x 31.245 us = 249.96 us
SET_ROWS: 16 x 2.642 us = 42.28 us
SSM_CONV: 22 x 10.409 us = 229 us
Total time: 73202.6 us.
----------------
Vulkan Timings:
ADD: 58 x 7.822 us = 453.72 us
CONCAT: 22 x 22.19 us = 488.2 us
CPY: 22 x 3.807 us = 83.76 us
FLASH_ATTN_EXT dst(64,32,32,4),  q(64,32,32,4),  k(64,7424,8,4),  v(64,7424,8,4),  m(7424,32,1,4): 8 x 1728.39 us = 13827.2 us (4503.96 GFLOPS/s)
GET_ROWS: 22 x 2.689 us = 59.16 us
GLU: 29 x 40.151 us = 1164.4 us
MUL: 44 x 9.864 us = 434.04 us
MUL_MAT f32 m=64 n=1024 k=64: 16 x 8.972 us = 143.56 us (927.62 GFLOPS/s)
MUL_MAT f32 m=64 n=4096 k=64: 16 x 14.147 us = 226.36 us (2353.23 GFLOPS/s)
MUL_MAT q4_0_rocmfp4_fast m=10752 n=128 k=2048: 58 x 424.059 us = 24595.4 us (13290 GFLOPS/s)
MUL_MAT q4_0_rocmfp4_fast m=2048 n=128 k=10752: 29 x 574.39 us = 16657.3 us (9813.68 GFLOPS/s)
MUL_MAT q4_0_rocmfp4_fast m=2048 n=128 k=2048: 16 x 101.13 us = 1618.08 us (10614.8 GFLOPS/s)
MUL_MAT q4_0_rocmfp4_fast m=2048 n=32 k=2048 batch=4: 22 x 143.614 us = 3159.52 us (7474.73 GFLOPS/s)
MUL_MAT q4_0_rocmfp4_fast m=512 n=128 k=2048: 16 x 44.942 us = 719.08 us (5971.41 GFLOPS/s)
MUL_MAT q4_0_rocmfp4_fast m=6144 n=32 k=2048 batch=4: 22 x 352.363 us = 7752 us (9139.53 GFLOPS/s)
RMS_NORM_MUL RMS_NORM(2048,128,1,1): 59 x 10.332 us = 609.64 us
RMS_NORM_MUL_ROPE RMS_NORM(64,32,128,1): 8 x 102.355 us = 818.84 us
RMS_NORM_MUL_ROPE RMS_NORM(64,8,128,1): 8 x 29.69 us = 237.52 us
SET_ROWS: 16 x 2.622 us = 41.96 us
SSM_CONV: 22 x 9.736 us = 214.2 us
Total time: 73304 us.
----------------
Vulkan Timings:
ADD: 58 x 8.315 us = 482.28 us
CONCAT: 22 x 23.741 us = 522.32 us
CPY: 22 x 3.823 us = 84.12 us
FLASH_ATTN_EXT dst(64,32,32,4),  q(64,32,32,4),  k(64,7424,8,4),  v(64,7424,8,4),  m(7424,32,1,4): 8 x 1722.62 us = 13781 us (4519.06 GFLOPS/s)
GET_ROWS: 22 x 2.552 us = 56.16 us
GLU: 29 x 38.459 us = 1115.32 us
MUL: 44 x 10.21 us = 449.28 us
MUL_MAT f32 m=64 n=1024 k=64: 16 x 8.977 us = 143.64 us (927.104 GFLOPS/s)
MUL_MAT f32 m=64 n=4096 k=64: 16 x 14.722 us = 235.56 us (2261.32 GFLOPS/s)
MUL_MAT q4_0_rocmfp4_fast m=10752 n=128 k=2048: 58 x 425.866 us = 24700.3 us (13233.6 GFLOPS/s)
MUL_MAT q4_0_rocmfp4_fast m=2048 n=128 k=10752: 29 x 572.064 us = 16589.9 us (9853.57 GFLOPS/s)
MUL_MAT q4_0_rocmfp4_fast m=2048 n=128 k=2048: 16 x 99.355 us = 1589.68 us (10804.5 GFLOPS/s)
MUL_MAT q4_0_rocmfp4_fast m=2048 n=32 k=2048 batch=4: 22 x 143.59 us = 3159 us (7475.96 GFLOPS/s)
MUL_MAT q4_0_rocmfp4_fast m=512 n=128 k=2048: 16 x 46.01 us = 736.16 us (5832.86 GFLOPS/s)
MUL_MAT q4_0_rocmfp4_fast m=6144 n=32 k=2048 batch=4: 22 x 352.985 us = 7765.68 us (9123.43 GFLOPS/s)
RMS_NORM_MUL RMS_NORM(2048,128,1,1): 59 x 10.317 us = 608.72 us
RMS_NORM_MUL_ROPE RMS_NORM(64,32,128,1): 8 x 102.66 us = 821.28 us
RMS_NORM_MUL_ROPE RMS_NORM(64,8,128,1): 8 x 28.265 us = 226.12 us
SET_ROWS: 16 x 3.09 us = 49.44 us
SSM_CONV: 22 x 9.738 us = 214.24 us
Total time: 73330.1 us.
0.26.469.013 I slot print_timing: id  0 | task 2 | prompt processing, n_tokens =   7424, progress = 0.91, t =  16.39 s / 453.03 tokens per second
0.26.469.051 I slot print_timing: id  1 | task 4 | prompt processing, n_tokens =   7424, progress = 0.91, t =  16.39 s / 453.03 tokens per second
0.26.469.075 I slot print_timing: id  2 | task 3 | prompt processing, n_tokens =   7424, progress = 0.91, t =  16.39 s / 453.03 tokens per second
0.26.469.096 I slot print_timing: id  3 | task 1 | prompt processing, n_tokens =   7424, progress = 0.91, t =  16.39 s / 453.03 tokens per second
----------------
Vulkan Timings:
ADD: 58 x 7.335 us = 425.44 us
CONCAT: 22 x 23.77 us = 522.96 us
CPY: 22 x 3.854 us = 84.8 us
FLASH_ATTN_EXT dst(64,32,32,4),  q(64,32,32,4),  k(64,7680,8,4),  v(64,7680,8,4),  m(7680,32,1,4): 8 x 1770.6 us = 14164.8 us (4548.22 GFLOPS/s)
GET_ROWS: 22 x 2.596 us = 57.12 us
GLU: 29 x 41.401 us = 1200.64 us
MUL: 44 x 9.294 us = 408.96 us
MUL_MAT f32 m=64 n=1024 k=64: 16 x 8.982 us = 143.72 us (926.587 GFLOPS/s)
MUL_MAT f32 m=64 n=4096 k=64: 16 x 14.285 us = 228.56 us (2330.58 GFLOPS/s)
MUL_MAT q4_0_rocmfp4_fast m=10752 n=128 k=2048: 58 x 426.159 us = 24717.2 us (13224.6 GFLOPS/s)
MUL_MAT q4_0_rocmfp4_fast m=2048 n=128 k=10752: 29 x 570.762 us = 16552.1 us (9876.05 GFLOPS/s)
MUL_MAT q4_0_rocmfp4_fast m=2048 n=128 k=2048: 16 x 98.632 us = 1578.12 us (10883.6 GFLOPS/s)
MUL_MAT q4_0_rocmfp4_fast m=2048 n=32 k=2048 batch=4: 22 x 145.276 us = 3196.08 us (7389.22 GFLOPS/s)
MUL_MAT q4_0_rocmfp4_fast m=512 n=128 k=2048: 16 x 44.7 us = 715.2 us (6003.8 GFLOPS/s)
MUL_MAT q4_0_rocmfp4_fast m=6144 n=32 k=2048 batch=4: 22 x 359.727 us = 7914 us (8952.45 GFLOPS/s)
RMS_NORM_MUL RMS_NORM(2048,128,1,1): 59 x 10.335 us = 609.8 us
RMS_NORM_MUL_ROPE RMS_NORM(64,32,128,1): 8 x 105.465 us = 843.72 us
RMS_NORM_MUL_ROPE RMS_NORM(64,8,128,1): 8 x 33.055 us = 264.44 us
SET_ROWS: 16 x 2.677 us = 42.84 us
SSM_CONV: 22 x 9.77 us = 214.96 us
Total time: 73885.5 us.
----------------
Vulkan Timings:
ADD: 58 x 8.286 us = 480.6 us
CONCAT: 22 x 22.998 us = 505.96 us
CPY: 22 x 3.787 us = 83.32 us
FLASH_ATTN_EXT dst(64,32,32,4),  q(64,32,32,4),  k(64,7680,8,4),  v(64,7680,8,4),  m(7680,32,1,4): 8 x 1769.38 us = 14155.1 us (4551.33 GFLOPS/s)
GET_ROWS: 22 x 2.525 us = 55.56 us
GLU: 29 x 38.704 us = 1122.44 us
MUL: 44 x 9.439 us = 415.32 us
MUL_MAT f32 m=64 n=1024 k=64: 16 x 8.962 us = 143.4 us (928.655 GFLOPS/s)
MUL_MAT f32 m=64 n=4096 k=64: 16 x 14.375 us = 230 us (2315.99 GFLOPS/s)
MUL_MAT q4_0_rocmfp4_fast m=10752 n=128 k=2048: 58 x 425.021 us = 24651.2 us (13260 GFLOPS/s)
MUL_MAT q4_0_rocmfp4_fast m=2048 n=128 k=10752: 29 x 573.798 us = 16640.2 us (9823.8 GFLOPS/s)
MUL_MAT q4_0_rocmfp4_fast m=2048 n=128 k=2048: 16 x 102.38 us = 1638.08 us (10485.2 GFLOPS/s)
MUL_MAT q4_0_rocmfp4_fast m=2048 n=32 k=2048 batch=4: 22 x 140.816 us = 3097.96 us (7623.26 GFLOPS/s)
MUL_MAT q4_0_rocmfp4_fast m=512 n=128 k=2048: 16 x 43.852 us = 701.64 us (6119.83 GFLOPS/s)
MUL_MAT q4_0_rocmfp4_fast m=6144 n=32 k=2048 batch=4: 22 x 356.198 us = 7836.36 us (9041.14 GFLOPS/s)
RMS_NORM_MUL RMS_NORM(2048,128,1,1): 59 x 10.364 us = 611.48 us
RMS_NORM_MUL_ROPE RMS_NORM(64,32,128,1): 8 x 102.495 us = 819.96 us
RMS_NORM_MUL_ROPE RMS_NORM(64,8,128,1): 8 x 29.46 us = 235.68 us
SET_ROWS: 16 x 2.637 us = 42.2 us
SSM_CONV: 22 x 9.809 us = 215.8 us
Total time: 73682.2 us.
----------------
Vulkan Timings:
ADD: 58 x 8.237 us = 477.8 us
CONCAT: 22 x 23.487 us = 516.72 us
CPY: 22 x 3.81 us = 83.84 us
FLASH_ATTN_EXT dst(64,32,32,4),  q(64,32,32,4),  k(64,7680,8,4),  v(64,7680,8,4),  m(7680,32,1,4): 8 x 1762.69 us = 14101.5 us (4568.62 GFLOPS/s)
GET_ROWS: 22 x 2.541 us = 55.92 us
GLU: 29 x 38.777 us = 1124.56 us
MUL: 44 x 10.476 us = 460.96 us
MUL_MAT f32 m=64 n=1024 k=64: 16 x 9.027 us = 144.44 us (921.969 GFLOPS/s)
MUL_MAT f32 m=64 n=4096 k=64: 16 x 14.252 us = 228.04 us (2335.89 GFLOPS/s)
MUL_MAT q4_0_rocmfp4_fast m=10752 n=128 k=2048: 58 x 424.185 us = 24602.8 us (13286.1 GFLOPS/s)
MUL_MAT q4_0_rocmfp4_fast m=2048 n=128 k=10752: 29 x 572.038 us = 16589.1 us (9854.02 GFLOPS/s)
MUL_MAT q4_0_rocmfp4_fast m=2048 n=128 k=2048: 16 x 100.087 us = 1601.4 us (10725.4 GFLOPS/s)
MUL_MAT q4_0_rocmfp4_fast m=2048 n=32 k=2048 batch=4: 22 x 141.794 us = 3119.48 us (7570.67 GFLOPS/s)
MUL_MAT q4_0_rocmfp4_fast m=512 n=128 k=2048: 16 x 42.232 us = 675.72 us (6354.58 GFLOPS/s)
MUL_MAT q4_0_rocmfp4_fast m=6144 n=32 k=2048 batch=4: 22 x 358.3 us = 7882.6 us (8988.11 GFLOPS/s)
RMS_NORM_MUL RMS_NORM(2048,128,1,1): 59 x 10.333 us = 609.68 us
RMS_NORM_MUL_ROPE RMS_NORM(64,32,128,1): 8 x 101.805 us = 814.44 us
RMS_NORM_MUL_ROPE RMS_NORM(64,8,128,1): 8 x 31.515 us = 252.12 us
SET_ROWS: 16 x 2.715 us = 43.44 us
SSM_CONV: 22 x 9.798 us = 215.56 us
Total time: 73600.1 us.
----------------
Vulkan Timings:
ADD: 58 x 7.481 us = 433.92 us
CONCAT: 22 x 23 us = 506 us
CPY: 22 x 3.818 us = 84 us
FLASH_ATTN_EXT dst(64,32,32,4),  q(64,32,32,4),  k(64,7680,8,4),  v(64,7680,8,4),  m(7680,32,1,4): 8 x 1782.07 us = 14256.5 us (4518.95 GFLOPS/s)
GET_ROWS: 22 x 2.543 us = 55.96 us
GLU: 29 x 38.833 us = 1126.16 us
MUL: 44 x 9.637 us = 424.04 us
MUL_MAT f32 m=64 n=1024 k=64: 16 x 8.892 us = 142.28 us (935.965 GFLOPS/s)
MUL_MAT f32 m=64 n=4096 k=64: 16 x 14.34 us = 229.44 us (2321.64 GFLOPS/s)
MUL_MAT q4_0_rocmfp4_fast m=10752 n=128 k=2048: 58 x 425.261 us = 24665.2 us (13252.5 GFLOPS/s)
MUL_MAT q4_0_rocmfp4_fast m=2048 n=128 k=10752: 29 x 574.882 us = 16671.6 us (9805.27 GFLOPS/s)
MUL_MAT q4_0_rocmfp4_fast m=2048 n=128 k=2048: 16 x 105.452 us = 1687.24 us (10179.7 GFLOPS/s)
MUL_MAT q4_0_rocmfp4_fast m=2048 n=32 k=2048 batch=4: 22 x 141.505 us = 3113.12 us (7586.14 GFLOPS/s)
MUL_MAT q4_0_rocmfp4_fast m=512 n=128 k=2048: 16 x 41.41 us = 662.56 us (6480.8 GFLOPS/s)
MUL_MAT q4_0_rocmfp4_fast m=6144 n=32 k=2048 batch=4: 22 x 353.929 us = 7786.44 us (9099.11 GFLOPS/s)
RMS_NORM_MUL RMS_NORM(2048,128,1,1): 59 x 10.324 us = 609.12 us
RMS_NORM_MUL_ROPE RMS_NORM(64,32,128,1): 8 x 106.475 us = 851.8 us
RMS_NORM_MUL_ROPE RMS_NORM(64,8,128,1): 8 x 31.2 us = 249.6 us
SET_ROWS: 16 x 2.68 us = 42.88 us
SSM_CONV: 22 x 9.736 us = 214.2 us
Total time: 73812 us.
0.26.783.096 I slot print_timing: id  0 | task 2 | prompt processing, n_tokens =   7552, progress = 0.92, t =  16.70 s / 452.17 tokens per second
0.26.783.129 I slot print_timing: id  1 | task 4 | prompt processing, n_tokens =   7552, progress = 0.92, t =  16.70 s / 452.18 tokens per second
0.26.783.151 I slot print_timing: id  2 | task 3 | prompt processing, n_tokens =   7552, progress = 0.92, t =  16.70 s / 452.18 tokens per second
0.26.783.172 I slot print_timing: id  3 | task 1 | prompt processing, n_tokens =   7552, progress = 0.92, t =  16.70 s / 452.18 tokens per second
----------------
Vulkan Timings:
ADD: 58 x 7.746 us = 449.28 us
CONCAT: 22 x 23.707 us = 521.56 us
CPY: 22 x 3.803 us = 83.68 us
FLASH_ATTN_EXT dst(64,32,32,4),  q(64,32,32,4),  k(64,7680,8,4),  v(64,7680,8,4),  m(7680,32,1,4): 8 x 1789.79 us = 14318.3 us (4499.45 GFLOPS/s)
GET_ROWS: 22 x 2.532 us = 55.72 us
GLU: 29 x 38.171 us = 1106.96 us
MUL: 44 x 8.855 us = 389.64 us
MUL_MAT f32 m=64 n=1024 k=64: 16 x 8.94 us = 143.04 us (930.992 GFLOPS/s)
MUL_MAT f32 m=64 n=4096 k=64: 16 x 14.277 us = 228.44 us (2331.8 GFLOPS/s)
MUL_MAT q4_0_rocmfp4_fast m=10752 n=128 k=2048: 58 x 425.202 us = 24661.7 us (13254.3 GFLOPS/s)
MUL_MAT q4_0_rocmfp4_fast m=2048 n=128 k=10752: 29 x 570.58 us = 16546.8 us (9879.2 GFLOPS/s)
MUL_MAT q4_0_rocmfp4_fast m=2048 n=128 k=2048: 16 x 103.41 us = 1654.56 us (10380.8 GFLOPS/s)
MUL_MAT q4_0_rocmfp4_fast m=2048 n=32 k=2048 batch=4: 22 x 142.45 us = 3133.92 us (7535.79 GFLOPS/s)
MUL_MAT q4_0_rocmfp4_fast m=512 n=128 k=2048: 16 x 42.32 us = 677.12 us (6341.44 GFLOPS/s)
MUL_MAT q4_0_rocmfp4_fast m=6144 n=32 k=2048 batch=4: 22 x 360.436 us = 7929.6 us (8934.83 GFLOPS/s)
RMS_NORM_MUL RMS_NORM(2048,128,1,1): 59 x 10.339 us = 610.04 us
RMS_NORM_MUL_ROPE RMS_NORM(64,32,128,1): 8 x 109.55 us = 876.4 us
RMS_NORM_MUL_ROPE RMS_NORM(64,8,128,1): 8 x 31.215 us = 249.72 us
SET_ROWS: 16 x 2.682 us = 42.92 us
SSM_CONV: 22 x 9.749 us = 214.48 us
Total time: 73894 us.
----------------
Vulkan Timings:
ADD: 58 x 8.402 us = 487.36 us
CONCAT: 22 x 22.97 us = 505.36 us
CPY: 22 x 3.796 us = 83.52 us
FLASH_ATTN_EXT dst(64,32,32,4),  q(64,32,32,4),  k(64,7680,8,4),  v(64,7680,8,4),  m(7680,32,1,4): 8 x 1787.69 us = 14301.6 us (4504.72 GFLOPS/s)
GET_ROWS: 22 x 2.616 us = 57.56 us
GLU: 29 x 39.228 us = 1137.64 us
MUL: 44 x 9.162 us = 403.16 us
MUL_MAT f32 m=64 n=1024 k=64: 16 x 8.925 us = 142.8 us (932.557 GFLOPS/s)
MUL_MAT f32 m=64 n=4096 k=64: 16 x 14.202 us = 227.24 us (2344.11 GFLOPS/s)
MUL_MAT q4_0_rocmfp4_fast m=10752 n=128 k=2048: 58 x 425.179 us = 24660.4 us (13255 GFLOPS/s)
MUL_MAT q4_0_rocmfp4_fast m=2048 n=128 k=10752: 29 x 570.193 us = 16535.6 us (9885.92 GFLOPS/s)
MUL_MAT q4_0_rocmfp4_fast m=2048 n=128 k=2048: 16 x 105.327 us = 1685.24 us (10191.8 GFLOPS/s)
MUL_MAT q4_0_rocmfp4_fast m=2048 n=32 k=2048 batch=4: 22 x 143.187 us = 3150.12 us (7497.03 GFLOPS/s)
MUL_MAT q4_0_rocmfp4_fast m=512 n=128 k=2048: 16 x 43.302 us = 692.84 us (6197.56 GFLOPS/s)
MUL_MAT q4_0_rocmfp4_fast m=6144 n=32 k=2048 batch=4: 22 x 359.29 us = 7904.4 us (8963.32 GFLOPS/s)
RMS_NORM_MUL RMS_NORM(2048,128,1,1): 59 x 10.338 us = 609.96 us
RMS_NORM_MUL_ROPE RMS_NORM(64,32,128,1): 8 x 104.335 us = 834.68 us
RMS_NORM_MUL_ROPE RMS_NORM(64,8,128,1): 8 x 31.195 us = 249.56 us
SET_ROWS: 16 x 2.7 us = 43.2 us
SSM_CONV: 22 x 9.769 us = 214.92 us
Total time: 73927.1 us.
----------------
Vulkan Timings:
ADD: 58 x 7.973 us = 462.48 us
CONCAT: 22 x 22.225 us = 488.96 us
CPY: 22 x 3.798 us = 83.56 us
FLASH_ATTN_EXT dst(64,32,32,4),  q(64,32,32,4),  k(64,7680,8,4),  v(64,7680,8,4),  m(7680,32,1,4): 8 x 1802.67 us = 14421.4 us (4467.29 GFLOPS/s)
GET_ROWS: 22 x 2.556 us = 56.24 us
GLU: 29 x 39.722 us = 1151.96 us
MUL: 44 x 9.846 us = 433.24 us
MUL_MAT f32 m=64 n=1024 k=64: 16 x 8.945 us = 143.12 us (930.472 GFLOPS/s)
MUL_MAT f32 m=64 n=4096 k=64: 16 x 14.367 us = 229.88 us (2317.19 GFLOPS/s)
MUL_MAT q4_0_rocmfp4_fast m=10752 n=128 k=2048: 58 x 426.48 us = 24735.9 us (13214.6 GFLOPS/s)
MUL_MAT q4_0_rocmfp4_fast m=2048 n=128 k=10752: 29 x 573.416 us = 16629.1 us (9830.34 GFLOPS/s)
MUL_MAT q4_0_rocmfp4_fast m=2048 n=128 k=2048: 16 x 102.527 us = 1640.44 us (10470.2 GFLOPS/s)
MUL_MAT q4_0_rocmfp4_fast m=2048 n=32 k=2048 batch=4: 22 x 141.536 us = 3113.8 us (7584.48 GFLOPS/s)
MUL_MAT q4_0_rocmfp4_fast m=512 n=128 k=2048: 16 x 41.665 us = 666.64 us (6441.14 GFLOPS/s)
MUL_MAT q4_0_rocmfp4_fast m=6144 n=32 k=2048 batch=4: 22 x 356.694 us = 7847.28 us (9028.56 GFLOPS/s)
RMS_NORM_MUL RMS_NORM(2048,128,1,1): 59 x 10.338 us = 610 us
RMS_NORM_MUL_ROPE RMS_NORM(64,32,128,1): 8 x 106.985 us = 855.88 us
RMS_NORM_MUL_ROPE RMS_NORM(64,8,128,1): 8 x 34.85 us = 278.8 us
SET_ROWS: 16 x 2.755 us = 44.08 us
SSM_CONV: 22 x 9.952 us = 218.96 us
Total time: 74111.7 us.
----------------
Vulkan Timings:
ADD: 58 x 8.159 us = 473.24 us
CONCAT: 22 x 23.767 us = 522.88 us
CPY: 22 x 3.834 us = 84.36 us
FLASH_ATTN_EXT dst(64,32,32,4),  q(64,32,32,4),  k(64,7680,8,4),  v(64,7680,8,4),  m(7680,32,1,4): 8 x 1809.06 us = 14472.4 us (4451.53 GFLOPS/s)
GET_ROWS: 22 x 2.598 us = 57.16 us
GLU: 29 x 41.155 us = 1193.52 us
MUL: 44 x 9.702 us = 426.92 us
MUL_MAT f32 m=64 n=1024 k=64: 16 x 8.922 us = 142.76 us (932.818 GFLOPS/s)
MUL_MAT f32 m=64 n=4096 k=64: 16 x 14.287 us = 228.6 us (2330.17 GFLOPS/s)
MUL_MAT q4_0_rocmfp4_fast m=10752 n=128 k=2048: 58 x 422.673 us = 24515.1 us (13333.6 GFLOPS/s)
MUL_MAT q4_0_rocmfp4_fast m=2048 n=128 k=10752: 29 x 575.222 us = 16681.4 us (9799.49 GFLOPS/s)
MUL_MAT q4_0_rocmfp4_fast m=2048 n=128 k=2048: 16 x 99.92 us = 1598.72 us (10743.4 GFLOPS/s)
MUL_MAT q4_0_rocmfp4_fast m=2048 n=32 k=2048 batch=4: 22 x 141.516 us = 3113.36 us (7585.55 GFLOPS/s)
MUL_MAT q4_0_rocmfp4_fast m=512 n=128 k=2048: 16 x 44.267 us = 708.28 us (6062.46 GFLOPS/s)
MUL_MAT q4_0_rocmfp4_fast m=6144 n=32 k=2048 batch=4: 22 x 352.06 us = 7745.32 us (9147.42 GFLOPS/s)
RMS_NORM_MUL RMS_NORM(2048,128,1,1): 59 x 10.359 us = 611.2 us
RMS_NORM_MUL_ROPE RMS_NORM(64,32,128,1): 8 x 102.45 us = 819.6 us
RMS_NORM_MUL_ROPE RMS_NORM(64,8,128,1): 8 x 28.03 us = 224.24 us
SET_ROWS: 16 x 2.642 us = 42.28 us
SSM_CONV: 22 x 9.709 us = 213.6 us
Total time: 73875 us.
0.27.095.381 I slot print_timing: id  0 | task 2 | prompt processing, n_tokens =   7680, progress = 0.94, t =  17.01 s / 451.40 tokens per second
0.27.095.427 I slot print_timing: id  1 | task 4 | prompt processing, n_tokens =   7680, progress = 0.94, t =  17.01 s / 451.40 tokens per second
0.27.095.461 I slot print_timing: id  2 | task 3 | prompt processing, n_tokens =   7680, progress = 0.94, t =  17.01 s / 451.40 tokens per second
0.27.095.504 I slot print_timing: id  3 | task 1 | prompt processing, n_tokens =   7680, progress = 0.94, t =  17.01 s / 451.40 tokens per second
----------------
Vulkan Timings:
ADD: 58 x 8.312 us = 482.12 us
CONCAT: 22 x 23.923 us = 526.32 us
CPY: 22 x 3.809 us = 83.8 us
FLASH_ATTN_EXT dst(64,32,32,4),  q(64,32,32,4),  k(64,7936,8,4),  v(64,7936,8,4),  m(7936,32,1,4): 8 x 1802.38 us = 14419.1 us (4616.94 GFLOPS/s)
GET_ROWS: 22 x 2.525 us = 55.56 us
GLU: 29 x 40.12 us = 1163.48 us
MUL: 44 x 9.344 us = 411.16 us
MUL_MAT f32 m=64 n=1024 k=64: 16 x 9.025 us = 144.4 us (922.224 GFLOPS/s)
MUL_MAT f32 m=64 n=4096 k=64: 16 x 14.402 us = 230.44 us (2311.56 GFLOPS/s)
MUL_MAT q4_0_rocmfp4_fast m=10752 n=128 k=2048: 58 x 427.472 us = 24793.4 us (13183.9 GFLOPS/s)
MUL_MAT q4_0_rocmfp4_fast m=2048 n=128 k=10752: 29 x 575.097 us = 16677.8 us (9801.6 GFLOPS/s)
MUL_MAT q4_0_rocmfp4_fast m=2048 n=128 k=2048: 16 x 102.015 us = 1632.24 us (10522.8 GFLOPS/s)
MUL_MAT q4_0_rocmfp4_fast m=2048 n=32 k=2048 batch=4: 22 x 142.834 us = 3142.36 us (7515.55 GFLOPS/s)
MUL_MAT q4_0_rocmfp4_fast m=512 n=128 k=2048: 16 x 45.302 us = 724.84 us (5923.95 GFLOPS/s)
MUL_MAT q4_0_rocmfp4_fast m=6144 n=32 k=2048 batch=4: 22 x 360.203 us = 7924.48 us (8940.61 GFLOPS/s)
RMS_NORM_MUL RMS_NORM(2048,128,1,1): 59 x 10.612 us = 626.12 us
RMS_NORM_MUL_ROPE RMS_NORM(64,32,128,1): 8 x 111.495 us = 891.96 us
RMS_NORM_MUL_ROPE RMS_NORM(64,8,128,1): 8 x 32.105 us = 256.84 us
SET_ROWS: 16 x 2.682 us = 42.92 us
SSM_CONV: 22 x 9.809 us = 215.8 us
Total time: 74445.2 us.
----------------
Vulkan Timings:
ADD: 58 x 7.728 us = 448.24 us
CONCAT: 22 x 25.249 us = 555.48 us
CPY: 22 x 3.743 us = 82.36 us
FLASH_ATTN_EXT dst(64,32,32,4),  q(64,32,32,4),  k(64,7936,8,4),  v(64,7936,8,4),  m(7936,32,1,4): 8 x 1815.91 us = 14527.3 us (4582.55 GFLOPS/s)
GET_ROWS: 22 x 2.58 us = 56.76 us
GLU: 29 x 38.533 us = 1117.48 us
MUL: 44 x 9.87 us = 434.28 us
MUL_MAT f32 m=64 n=1024 k=64: 16 x 8.915 us = 142.64 us (933.603 GFLOPS/s)
MUL_MAT f32 m=64 n=4096 k=64: 16 x 14.32 us = 229.12 us (2324.88 GFLOPS/s)
MUL_MAT q4_0_rocmfp4_fast m=10752 n=128 k=2048: 58 x 424.714 us = 24633.4 us (13269.5 GFLOPS/s)
MUL_MAT q4_0_rocmfp4_fast m=2048 n=128 k=10752: 29 x 574.413 us = 16658 us (9813.28 GFLOPS/s)
MUL_MAT q4_0_rocmfp4_fast m=2048 n=128 k=2048: 16 x 109.992 us = 1759.88 us (9759.57 GFLOPS/s)
MUL_MAT q4_0_rocmfp4_fast m=2048 n=32 k=2048 batch=4: 22 x 141.249 us = 3107.48 us (7599.91 GFLOPS/s)
MUL_MAT q4_0_rocmfp4_fast m=512 n=128 k=2048: 16 x 39.425 us = 630.8 us (6807.1 GFLOPS/s)
MUL_MAT q4_0_rocmfp4_fast m=6144 n=32 k=2048 batch=4: 22 x 355.658 us = 7824.48 us (9054.87 GFLOPS/s)
RMS_NORM_MUL RMS_NORM(2048,128,1,1): 59 x 10.317 us = 608.76 us
RMS_NORM_MUL_ROPE RMS_NORM(64,32,128,1): 8 x 104.355 us = 834.84 us
RMS_NORM_MUL_ROPE RMS_NORM(64,8,128,1): 8 x 29.415 us = 235.32 us
SET_ROWS: 16 x 2.692 us = 43.08 us
SSM_CONV: 22 x 9.74 us = 214.28 us
Total time: 74144 us.
----------------
Vulkan Timings:
ADD: 58 x 7.774 us = 450.92 us
CONCAT: 22 x 23.8 us = 523.6 us
CPY: 22 x 3.807 us = 83.76 us
FLASH_ATTN_EXT dst(64,32,32,4),  q(64,32,32,4),  k(64,7936,8,4),  v(64,7936,8,4),  m(7936,32,1,4): 8 x 1818.1 us = 14544.8 us (4577.04 GFLOPS/s)
GET_ROWS: 22 x 2.538 us = 55.84 us
GLU: 29 x 38.844 us = 1126.48 us
MUL: 44 x 8.762 us = 385.56 us
MUL_MAT f32 m=64 n=1024 k=64: 16 x 9.127 us = 146.04 us (911.868 GFLOPS/s)
MUL_MAT f32 m=64 n=4096 k=64: 16 x 14.447 us = 231.16 us (2304.36 GFLOPS/s)
MUL_MAT q4_0_rocmfp4_fast m=10752 n=128 k=2048: 58 x 425.835 us = 24698.4 us (13234.6 GFLOPS/s)
MUL_MAT q4_0_rocmfp4_fast m=2048 n=128 k=10752: 29 x 570.878 us = 16555.5 us (9874.05 GFLOPS/s)
MUL_MAT q4_0_rocmfp4_fast m=2048 n=128 k=2048: 16 x 101.755 us = 1628.08 us (10549.7 GFLOPS/s)
MUL_MAT q4_0_rocmfp4_fast m=2048 n=32 k=2048 batch=4: 22 x 143.87 us = 3165.16 us (7461.41 GFLOPS/s)
MUL_MAT q4_0_rocmfp4_fast m=512 n=128 k=2048: 16 x 46.25 us = 740 us (5802.59 GFLOPS/s)
MUL_MAT q4_0_rocmfp4_fast m=6144 n=32 k=2048 batch=4: 22 x 360.689 us = 7935.16 us (8928.57 GFLOPS/s)
RMS_NORM_MUL RMS_NORM(2048,128,1,1): 59 x 10.324 us = 609.12 us
RMS_NORM_MUL_ROPE RMS_NORM(64,32,128,1): 8 x 104.26 us = 834.08 us
RMS_NORM_MUL_ROPE RMS_NORM(64,8,128,1): 8 x 33.17 us = 265.36 us
SET_ROWS: 16 x 3.157 us = 50.52 us
SSM_CONV: 22 x 9.69 us = 213.2 us
Total time: 74242.7 us.
----------------
Vulkan Timings:
ADD: 58 x 6.955 us = 403.44 us
CONCAT: 22 x 22.907 us = 503.96 us
CPY: 22 x 3.81 us = 83.84 us
FLASH_ATTN_EXT dst(64,32,32,4),  q(64,32,32,4),  k(64,7936,8,4),  v(64,7936,8,4),  m(7936,32,1,4): 8 x 1807.12 us = 14456.9 us (4604.85 GFLOPS/s)
GET_ROWS: 22 x 2.521 us = 55.48 us
GLU: 29 x 40.365 us = 1170.6 us
MUL: 44 x 10.09 us = 443.96 us
MUL_MAT f32 m=64 n=1024 k=64: 16 x 8.965 us = 143.44 us (928.396 GFLOPS/s)
MUL_MAT f32 m=64 n=4096 k=64: 16 x 14.46 us = 231.36 us (2302.37 GFLOPS/s)
MUL_MAT q4_0_rocmfp4_fast m=10752 n=128 k=2048: 58 x 423.9 us = 24586.2 us (13295 GFLOPS/s)
MUL_MAT q4_0_rocmfp4_fast m=2048 n=128 k=10752: 29 x 572.452 us = 16601.1 us (9846.9 GFLOPS/s)
MUL_MAT q4_0_rocmfp4_fast m=2048 n=128 k=2048: 16 x 100.627 us = 1610.04 us (10667.9 GFLOPS/s)
MUL_MAT q4_0_rocmfp4_fast m=2048 n=32 k=2048 batch=4: 22 x 149.014 us = 3278.32 us (7203.86 GFLOPS/s)
MUL_MAT q4_0_rocmfp4_fast m=512 n=128 k=2048: 16 x 45.447 us = 727.16 us (5905.05 GFLOPS/s)
MUL_MAT q4_0_rocmfp4_fast m=6144 n=32 k=2048 batch=4: 22 x 355.894 us = 7829.68 us (9048.86 GFLOPS/s)
RMS_NORM_MUL RMS_NORM(2048,128,1,1): 59 x 10.336 us = 609.84 us
RMS_NORM_MUL_ROPE RMS_NORM(64,32,128,1): 8 x 106.085 us = 848.68 us
RMS_NORM_MUL_ROPE RMS_NORM(64,8,128,1): 8 x 34.91 us = 279.28 us
SET_ROWS: 16 x 2.642 us = 42.28 us
SSM_CONV: 22 x 9.734 us = 214.16 us
Total time: 74119.8 us.
0.27.412.777 I slot print_timing: id  0 | task 2 | prompt processing, n_tokens =   7808, progress = 0.95, t =  17.33 s / 450.52 tokens per second
0.27.412.816 I slot print_timing: id  1 | task 4 | prompt processing, n_tokens =   7808, progress = 0.95, t =  17.33 s / 450.52 tokens per second
0.27.412.844 I slot print_timing: id  2 | task 3 | prompt processing, n_tokens =   7808, progress = 0.95, t =  17.33 s / 450.52 tokens per second
0.27.412.873 I slot print_timing: id  3 | task 1 | prompt processing, n_tokens =   7808, progress = 0.95, t =  17.33 s / 450.52 tokens per second
----------------
Vulkan Timings:
ADD: 58 x 8.3 us = 481.4 us
CONCAT: 22 x 21.43 us = 471.48 us
CPY: 22 x 3.794 us = 83.48 us
FLASH_ATTN_EXT dst(64,32,32,4),  q(64,32,32,4),  k(64,7936,8,4),  v(64,7936,8,4),  m(7936,32,1,4): 8 x 1824.79 us = 14598.3 us (4560.26 GFLOPS/s)
GET_ROWS: 22 x 3.378 us = 74.32 us
GLU: 29 x 39.013 us = 1131.4 us
MUL: 44 x 10.664 us = 469.24 us
MUL_MAT f32 m=64 n=1024 k=64: 16 x 8.94 us = 143.04 us (930.992 GFLOPS/s)
MUL_MAT f32 m=64 n=4096 k=64: 16 x 14.335 us = 229.36 us (2322.45 GFLOPS/s)
MUL_MAT q4_0_rocmfp4_fast m=10752 n=128 k=2048: 58 x 423.68 us = 24573.4 us (13301.9 GFLOPS/s)
MUL_MAT q4_0_rocmfp4_fast m=2048 n=128 k=10752: 29 x 575.717 us = 16695.8 us (9791.06 GFLOPS/s)
MUL_MAT q4_0_rocmfp4_fast m=2048 n=128 k=2048: 16 x 101.152 us = 1618.44 us (10612.5 GFLOPS/s)
MUL_MAT q4_0_rocmfp4_fast m=2048 n=32 k=2048 batch=4: 22 x 141.574 us = 3114.64 us (7582.43 GFLOPS/s)
MUL_MAT q4_0_rocmfp4_fast m=512 n=128 k=2048: 16 x 41.707 us = 667.32 us (6434.57 GFLOPS/s)
MUL_MAT q4_0_rocmfp4_fast m=6144 n=32 k=2048 batch=4: 22 x 350.987 us = 7721.72 us (9175.37 GFLOPS/s)
RMS_NORM_MUL RMS_NORM(2048,128,1,1): 59 x 10.463 us = 617.32 us
RMS_NORM_MUL_ROPE RMS_NORM(64,32,128,1): 8 x 100.815 us = 806.52 us
RMS_NORM_MUL_ROPE RMS_NORM(64,8,128,1): 8 x 27.64 us = 221.12 us
SET_ROWS: 16 x 2.895 us = 46.32 us
SSM_CONV: 22 x 9.745 us = 214.4 us
Total time: 73979 us.
----------------
Vulkan Timings:
ADD: 58 x 7.709 us = 447.16 us
CONCAT: 22 x 23.796 us = 523.52 us
CPY: 22 x 3.772 us = 83 us
FLASH_ATTN_EXT dst(64,32,32,4),  q(64,32,32,4),  k(64,7936,8,4),  v(64,7936,8,4),  m(7936,32,1,4): 8 x 1823.37 us = 14587 us (4563.8 GFLOPS/s)
GET_ROWS: 22 x 2.51 us = 55.24 us
GLU: 29 x 40.624 us = 1178.12 us
MUL: 44 x 9.229 us = 406.08 us
MUL_MAT f32 m=64 n=1024 k=64: 16 x 8.917 us = 142.68 us (933.341 GFLOPS/s)
MUL_MAT f32 m=64 n=4096 k=64: 16 x 14.35 us = 229.6 us (2320.02 GFLOPS/s)
MUL_MAT q4_0_rocmfp4_fast m=10752 n=128 k=2048: 58 x 425.776 us = 24695 us (13236.4 GFLOPS/s)
MUL_MAT q4_0_rocmfp4_fast m=2048 n=128 k=10752: 29 x 576.673 us = 16723.5 us (9774.83 GFLOPS/s)
MUL_MAT q4_0_rocmfp4_fast m=2048 n=128 k=2048: 16 x 107.252 us = 1716.04 us (10008.9 GFLOPS/s)
MUL_MAT q4_0_rocmfp4_fast m=2048 n=32 k=2048 batch=4: 22 x 143.465 us = 3156.24 us (7482.5 GFLOPS/s)
MUL_MAT q4_0_rocmfp4_fast m=512 n=128 k=2048: 16 x 35.72 us = 571.52 us (7513.16 GFLOPS/s)
MUL_MAT q4_0_rocmfp4_fast m=6144 n=32 k=2048 batch=4: 22 x 352.39 us = 7752.6 us (9138.83 GFLOPS/s)
RMS_NORM_MUL RMS_NORM(2048,128,1,1): 59 x 10.311 us = 608.4 us
RMS_NORM_MUL_ROPE RMS_NORM(64,32,128,1): 8 x 102.385 us = 819.08 us
RMS_NORM_MUL_ROPE RMS_NORM(64,8,128,1): 8 x 29.405 us = 235.24 us
SET_ROWS: 16 x 2.635 us = 42.16 us
SSM_CONV: 22 x 9.718 us = 213.8 us
Total time: 74186 us.
----------------
Vulkan Timings:
ADD: 58 x 8.295 us = 481.16 us
CONCAT: 22 x 25.852 us = 568.76 us
CPY: 22 x 3.647 us = 80.24 us
FLASH_ATTN_EXT dst(64,32,32,4),  q(64,32,32,4),  k(64,7936,8,4),  v(64,7936,8,4),  m(7936,32,1,4): 8 x 1848.56 us = 14788.5 us (4501.61 GFLOPS/s)
GET_ROWS: 22 x 2.563 us = 56.4 us
GLU: 29 x 38.24 us = 1108.96 us
MUL: 44 x 9.535 us = 419.56 us
MUL_MAT f32 m=64 n=1024 k=64: 16 x 8.83 us = 141.28 us (942.59 GFLOPS/s)
MUL_MAT f32 m=64 n=4096 k=64: 16 x 14.352 us = 229.64 us (2319.62 GFLOPS/s)
MUL_MAT q4_0_rocmfp4_fast m=10752 n=128 k=2048: 58 x 424.791 us = 24637.9 us (13267.2 GFLOPS/s)
MUL_MAT q4_0_rocmfp4_fast m=2048 n=128 k=10752: 29 x 570.444 us = 16542.9 us (9881.57 GFLOPS/s)
MUL_MAT q4_0_rocmfp4_fast m=2048 n=128 k=2048: 16 x 110.72 us = 1771.52 us (9695.45 GFLOPS/s)
MUL_MAT q4_0_rocmfp4_fast m=2048 n=32 k=2048 batch=4: 22 x 141.736 us = 3118.2 us (7573.78 GFLOPS/s)
MUL_MAT q4_0_rocmfp4_fast m=512 n=128 k=2048: 16 x 37.385 us = 598.16 us (7178.55 GFLOPS/s)
MUL_MAT q4_0_rocmfp4_fast m=6144 n=32 k=2048 batch=4: 22 x 357.478 us = 7864.52 us (9008.77 GFLOPS/s)
RMS_NORM_MUL RMS_NORM(2048,128,1,1): 59 x 10.279 us = 606.48 us
RMS_NORM_MUL_ROPE RMS_NORM(64,32,128,1): 8 x 107.275 us = 858.2 us
RMS_NORM_MUL_ROPE RMS_NORM(64,8,128,1): 8 x 31.14 us = 249.12 us
SET_ROWS: 16 x 2.757 us = 44.12 us
SSM_CONV: 22 x 10.863 us = 239 us
Total time: 74404.6 us.
----------------
Vulkan Timings:
ADD: 58 x 8.139 us = 472.08 us
CONCAT: 22 x 21.507 us = 473.16 us
CPY: 22 x 3.821 us = 84.08 us
FLASH_ATTN_EXT dst(64,32,32,4),  q(64,32,32,4),  k(64,7936,8,4),  v(64,7936,8,4),  m(7936,32,1,4): 8 x 1850.12 us = 14801 us (4497.82 GFLOPS/s)
GET_ROWS: 22 x 3.483 us = 76.64 us
GLU: 29 x 39.521 us = 1146.12 us
MUL: 44 x 10.68 us = 469.96 us
MUL_MAT f32 m=64 n=1024 k=64: 16 x 8.965 us = 143.44 us (928.396 GFLOPS/s)
MUL_MAT f32 m=64 n=4096 k=64: 16 x 14.275 us = 228.4 us (2332.21 GFLOPS/s)
MUL_MAT q4_0_rocmfp4_fast m=10752 n=128 k=2048: 58 x 422.66 us = 24514.3 us (13334 GFLOPS/s)
MUL_MAT q4_0_rocmfp4_fast m=2048 n=128 k=10752: 29 x 574.874 us = 16671.4 us (9805.41 GFLOPS/s)
MUL_MAT q4_0_rocmfp4_fast m=2048 n=128 k=2048: 16 x 98.975 us = 1583.6 us (10846 GFLOPS/s)
MUL_MAT q4_0_rocmfp4_fast m=2048 n=32 k=2048 batch=4: 22 x 141.16 us = 3105.52 us (7604.7 GFLOPS/s)
MUL_MAT q4_0_rocmfp4_fast m=512 n=128 k=2048: 16 x 44.165 us = 706.64 us (6076.53 GFLOPS/s)
MUL_MAT q4_0_rocmfp4_fast m=6144 n=32 k=2048 batch=4: 22 x 352.087 us = 7745.92 us (9146.71 GFLOPS/s)
RMS_NORM_MUL RMS_NORM(2048,128,1,1): 59 x 10.316 us = 608.68 us
RMS_NORM_MUL_ROPE RMS_NORM(64,32,128,1): 8 x 100.55 us = 804.4 us
RMS_NORM_MUL_ROPE RMS_NORM(64,8,128,1): 8 x 27.555 us = 220.44 us
SET_ROWS: 16 x 2.662 us = 42.6 us
SSM_CONV: 22 x 9.763 us = 214.8 us
Total time: 74113.1 us.
0.27.726.325 I slot print_timing: id  0 | task 2 | prompt processing, n_tokens =   7936, progress = 0.97, t =  17.64 s / 449.77 tokens per second
0.27.726.357 I slot print_timing: id  1 | task 4 | prompt processing, n_tokens =   7936, progress = 0.97, t =  17.64 s / 449.77 tokens per second
0.27.726.379 I slot print_timing: id  2 | task 3 | prompt processing, n_tokens =   7936, progress = 0.97, t =  17.64 s / 449.77 tokens per second
0.27.726.399 I slot print_timing: id  3 | task 1 | prompt processing, n_tokens =   7936, progress = 0.97, t =  17.64 s / 449.77 tokens per second
----------------
Vulkan Timings:
ADD: 58 x 7.673 us = 445.04 us
CONCAT: 22 x 25.767 us = 566.88 us
CPY: 22 x 3.838 us = 84.44 us
FLASH_ATTN_EXT dst(64,32,32,4),  q(64,32,32,4),  k(64,8192,8,4),  v(64,8192,8,4),  m(8192,32,1,4): 8 x 1966.03 us = 15728.2 us (4369.18 GFLOPS/s)
GET_ROWS: 22 x 2.62 us = 57.64 us
GLU: 29 x 39.452 us = 1144.12 us
MUL: 44 x 8.48 us = 373.16 us
MUL_MAT f32 m=64 n=1024 k=64: 16 x 8.695 us = 139.12 us (957.225 GFLOPS/s)
MUL_MAT f32 m=64 n=4096 k=64: 16 x 15.877 us = 254.04 us (2096.82 GFLOPS/s)
MUL_MAT q4_0_rocmfp4_fast m=10752 n=128 k=2048: 58 x 437.244 us = 25360.2 us (12889.3 GFLOPS/s)
MUL_MAT q4_0_rocmfp4_fast m=2048 n=128 k=10752: 29 x 585.958 us = 16992.8 us (9619.93 GFLOPS/s)
MUL_MAT q4_0_rocmfp4_fast m=2048 n=128 k=2048: 16 x 111.657 us = 1786.52 us (9614.04 GFLOPS/s)
MUL_MAT q4_0_rocmfp4_fast m=2048 n=32 k=2048 batch=4: 22 x 145.705 us = 3205.52 us (7367.46 GFLOPS/s)
MUL_MAT q4_0_rocmfp4_fast m=512 n=128 k=2048: 16 x 43.955 us = 703.28 us (6105.56 GFLOPS/s)
MUL_MAT q4_0_rocmfp4_fast m=6144 n=32 k=2048 batch=4: 22 x 363.425 us = 7995.36 us (8861.35 GFLOPS/s)
RMS_NORM_MUL RMS_NORM(2048,128,1,1): 59 x 10.391 us = 613.08 us
RMS_NORM_MUL_ROPE RMS_NORM(64,32,128,1): 8 x 115.755 us = 926.04 us
RMS_NORM_MUL_ROPE RMS_NORM(64,8,128,1): 8 x 38.175 us = 305.4 us
SET_ROWS: 16 x 2.682 us = 42.92 us
SSM_CONV: 22 x 9.916 us = 218.16 us
Total time: 76941.9 us.
----------------
Vulkan Timings:
ADD: 58 x 7.957 us = 461.56 us
CONCAT: 22 x 23.01 us = 506.24 us
CPY: 22 x 3.818 us = 84 us
FLASH_ATTN_EXT dst(64,32,32,4),  q(64,32,32,4),  k(64,8192,8,4),  v(64,8192,8,4),  m(8192,32,1,4): 8 x 1876.1 us = 15008.8 us (4578.61 GFLOPS/s)
GET_ROWS: 22 x 2.614 us = 57.52 us
GLU: 29 x 38.746 us = 1123.64 us
MUL: 44 x 8.921 us = 392.56 us
MUL_MAT f32 m=64 n=1024 k=64: 16 x 8.98 us = 143.68 us (926.845 GFLOPS/s)
MUL_MAT f32 m=64 n=4096 k=64: 16 x 14.195 us = 227.12 us (2345.35 GFLOPS/s)
MUL_MAT q4_0_rocmfp4_fast m=10752 n=128 k=2048: 58 x 425.151 us = 24658.8 us (13255.9 GFLOPS/s)
MUL_MAT q4_0_rocmfp4_fast m=2048 n=128 k=10752: 29 x 572.416 us = 16600.1 us (9847.52 GFLOPS/s)
MUL_MAT q4_0_rocmfp4_fast m=2048 n=128 k=2048: 16 x 109.52 us = 1752.32 us (9801.68 GFLOPS/s)
MUL_MAT q4_0_rocmfp4_fast m=2048 n=32 k=2048 batch=4: 22 x 141.294 us = 3108.48 us (7597.46 GFLOPS/s)
MUL_MAT q4_0_rocmfp4_fast m=512 n=128 k=2048: 16 x 37.242 us = 595.88 us (7206.01 GFLOPS/s)
MUL_MAT q4_0_rocmfp4_fast m=6144 n=32 k=2048 batch=4: 22 x 360.89 us = 7939.6 us (8923.58 GFLOPS/s)
RMS_NORM_MUL RMS_NORM(2048,128,1,1): 59 x 10.263 us = 605.56 us
RMS_NORM_MUL_ROPE RMS_NORM(64,32,128,1): 8 x 109.82 us = 878.56 us
RMS_NORM_MUL_ROPE RMS_NORM(64,8,128,1): 8 x 31.185 us = 249.48 us
SET_ROWS: 16 x 2.63 us = 42.08 us
SSM_CONV: 22 x 9.796 us = 215.52 us
Total time: 74651.5 us.
----------------
Vulkan Timings:
ADD: 58 x 8.273 us = 479.88 us
CONCAT: 22 x 21.474 us = 472.44 us
CPY: 22 x 3.78 us = 83.16 us
FLASH_ATTN_EXT dst(64,32,32,4),  q(64,32,32,4),  k(64,8192,8,4),  v(64,8192,8,4),  m(8192,32,1,4): 8 x 1883.38 us = 15067 us (4560.91 GFLOPS/s)
GET_ROWS: 22 x 3.058 us = 67.28 us
GLU: 29 x 39.626 us = 1149.16 us
MUL: 44 x 10.971 us = 482.76 us
MUL_MAT f32 m=64 n=1024 k=64: 16 x 8.92 us = 142.72 us (933.08 GFLOPS/s)
MUL_MAT f32 m=64 n=4096 k=64: 16 x 14.392 us = 230.28 us (2313.17 GFLOPS/s)
MUL_MAT q4_0_rocmfp4_fast m=10752 n=128 k=2048: 58 x 424.57 us = 24625.1 us (13274.1 GFLOPS/s)
MUL_MAT q4_0_rocmfp4_fast m=2048 n=128 k=10752: 29 x 578.692 us = 16782.1 us (9740.72 GFLOPS/s)
MUL_MAT q4_0_rocmfp4_fast m=2048 n=128 k=2048: 16 x 98.857 us = 1581.72 us (10858.9 GFLOPS/s)
MUL_MAT q4_0_rocmfp4_fast m=2048 n=32 k=2048 batch=4: 22 x 142.1 us = 3126.2 us (7554.4 GFLOPS/s)
MUL_MAT q4_0_rocmfp4_fast m=512 n=128 k=2048: 16 x 41.567 us = 665.08 us (6456.24 GFLOPS/s)
MUL_MAT q4_0_rocmfp4_fast m=6144 n=32 k=2048 batch=4: 22 x 351.809 us = 7739.8 us (9153.94 GFLOPS/s)
RMS_NORM_MUL RMS_NORM(2048,128,1,1): 59 x 10.282 us = 606.68 us
RMS_NORM_MUL_ROPE RMS_NORM(64,32,128,1): 8 x 103.51 us = 828.08 us
RMS_NORM_MUL_ROPE RMS_NORM(64,8,128,1): 8 x 27.61 us = 220.88 us
SET_ROWS: 16 x 2.702 us = 43.24 us
SSM_CONV: 22 x 10.105 us = 222.32 us
Total time: 74615.9 us.
----------------
Vulkan Timings:
ADD: 58 x 6.922 us = 401.52 us
CONCAT: 22 x 12.5 us = 275 us
CPY: 22 x 3.725 us = 81.96 us
FLASH_ATTN_EXT dst(64,32,28,4),  q(64,28,32,4),  k(64,8192,8,4),  v(64,8192,8,4),  m(8192,28,1,4): 8 x 2261.01 us = 18088 us (3324.27 GFLOPS/s)
GET_ROWS: 22 x 2.525 us = 55.56 us
GLU: 29 x 33.075 us = 959.2 us
MUL: 44 x 9.272 us = 408 us
MUL_MAT f32 m=64 n=3584 k=64: 16 x 13.387 us = 214.2 us (2175.97 GFLOPS/s)
MUL_MAT f32 m=64 n=896 k=64: 16 x 8.76 us = 140.16 us (831.357 GFLOPS/s)
MUL_MAT q4_0_rocmfp4_fast m=10752 n=112 k=2048: 58 x 417.657 us = 24224.1 us (11807 GFLOPS/s)
MUL_MAT q4_0_rocmfp4_fast m=2048 n=112 k=10752: 29 x 571.623 us = 16577.1 us (8628.53 GFLOPS/s)
MUL_MAT q4_0_rocmfp4_fast m=2048 n=112 k=2048: 16 x 96.767 us = 1548.28 us (9706.72 GFLOPS/s)
MUL_MAT q4_0_rocmfp4_fast m=2048 n=28 k=2048 batch=4: 22 x 143.47 us = 3156.36 us (6546.94 GFLOPS/s)
MUL_MAT q4_0_rocmfp4_fast m=512 n=112 k=2048: 16 x 42.585 us = 681.36 us (5514.23 GFLOPS/s)
MUL_MAT q4_0_rocmfp4_fast m=6144 n=28 k=2048 batch=4: 22 x 355.112 us = 7812.48 us (7935.18 GFLOPS/s)
RMS_NORM_MUL RMS_NORM(2048,112,1,1): 59 x 9.117 us = 537.92 us
RMS_NORM_MUL_ROPE RMS_NORM(64,32,112,1): 8 x 94.85 us = 758.8 us
RMS_NORM_MUL_ROPE RMS_NORM(64,8,112,1): 8 x 24.495 us = 195.96 us
SET_ROWS: 16 x 2.57 us = 41.12 us
SSM_CONV: 22 x 9.047 us = 199.04 us
Total time: 76356.2 us.
0.28.052.309 I slot print_timing: id  0 | task 2 | prompt processing, n_tokens =   8060, progress = 0.98, t =  17.97 s / 448.51 tokens per second
0.28.055.203 I slot print_timing: id  1 | task 4 | prompt processing, n_tokens =   8060, progress = 0.98, t =  17.97 s / 448.51 tokens per second
0.28.057.478 I slot print_timing: id  2 | task 3 | prompt processing, n_tokens =   8060, progress = 0.98, t =  17.97 s / 448.51 tokens per second
0.28.059.768 I slot print_timing: id  3 | task 1 | prompt processing, n_tokens =   8060, progress = 0.98, t =  17.97 s / 448.51 tokens per second
----------------
Vulkan Timings:
ADD: 58 x 11.576 us = 671.44 us
CONCAT: 22 x 28.212 us = 620.68 us
CPY: 22 x 4.438 us = 97.64 us
FLASH_ATTN_EXT dst(64,32,32,4),  q(64,32,32,4),  k(64,8192,8,4),  v(64,8192,8,4),  m(8192,32,1,4): 8 x 2197.49 us = 17579.9 us (3908.98 GFLOPS/s)
GET_ROWS: 22 x 3.169 us = 69.72 us
GLU: 29 x 46.409 us = 1345.88 us
MUL: 44 x 12.976 us = 570.96 us
MUL_MAT f32 m=64 n=1024 k=64: 16 x 19.58 us = 313.29 us (425.067 GFLOPS/s)
MUL_MAT f32 m=64 n=4096 k=64: 16 x 16.897 us = 270.36 us (1970.25 GFLOPS/s)
MUL_MAT q4_0_rocmfp4_fast m=10752 n=128 k=2048: 58 x 510.88 us = 29631 us (11031.5 GFLOPS/s)
MUL_MAT q4_0_rocmfp4_fast m=2048 n=128 k=10752: 29 x 665.649 us = 19303.8 us (8468.24 GFLOPS/s)
MUL_MAT q4_0_rocmfp4_fast m=2048 n=128 k=2048: 16 x 117.32 us = 1877.12 us (9150.01 GFLOPS/s)
MUL_MAT q4_0_rocmfp4_fast m=2048 n=32 k=2048 batch=4: 22 x 173.061 us = 3807.36 us (6202.87 GFLOPS/s)
MUL_MAT q4_0_rocmfp4_fast m=512 n=128 k=2048: 16 x 60.012 us = 960.2 us (4471.9 GFLOPS/s)
MUL_MAT q4_0_rocmfp4_fast m=6144 n=32 k=2048 batch=4: 22 x 431.101 us = 9484.24 us (7470.25 GFLOPS/s)
RMS_NORM_MUL RMS_NORM(2048,128,1,1): 59 x 12.119 us = 715.04 us
RMS_NORM_MUL_ROPE RMS_NORM(64,32,128,1): 8 x 129.3 us = 1034.4 us
RMS_NORM_MUL_ROPE RMS_NORM(64,8,128,1): 8 x 34.525 us = 276.2 us
SET_ROWS: 16 x 3.905 us = 62.48 us
SSM_CONV: 22 x 11.743 us = 258.36 us
Total time: 88950.1 us.
----------------
Vulkan Timings:
ADD: 58 x 7.948 us = 461 us
CONCAT: 22 x 24.569 us = 540.52 us
CPY: 22 x 3.821 us = 84.08 us
FLASH_ATTN_EXT dst(64,32,32,4),  q(64,32,32,4),  k(64,8192,8,4),  v(64,8192,8,4),  m(8192,32,1,4): 8 x 1930.15 us = 15441.2 us (4450.39 GFLOPS/s)
GET_ROWS: 22 x 2.581 us = 56.8 us
GLU: 29 x 39.286 us = 1139.32 us
MUL: 44 x 9.433 us = 415.08 us
MUL_MAT f32 m=64 n=1024 k=64: 16 x 8.845 us = 141.52 us (940.992 GFLOPS/s)
MUL_MAT f32 m=64 n=4096 k=64: 16 x 14.502 us = 232.04 us (2295.62 GFLOPS/s)
MUL_MAT q4_0_rocmfp4_fast m=10752 n=128 k=2048: 58 x 423.688 us = 24574 us (13301.7 GFLOPS/s)
MUL_MAT q4_0_rocmfp4_fast m=2048 n=128 k=10752: 29 x 573.532 us = 16632.4 us (9828.36 GFLOPS/s)
MUL_MAT q4_0_rocmfp4_fast m=2048 n=128 k=2048: 16 x 100.195 us = 1603.12 us (10713.9 GFLOPS/s)
MUL_MAT q4_0_rocmfp4_fast m=2048 n=32 k=2048 batch=4: 22 x 144.325 us = 3175.16 us (7437.91 GFLOPS/s)
MUL_MAT q4_0_rocmfp4_fast m=512 n=128 k=2048: 16 x 43.745 us = 699.92 us (6134.87 GFLOPS/s)
MUL_MAT q4_0_rocmfp4_fast m=6144 n=32 k=2048 batch=4: 22 x 357.309 us = 7860.8 us (9013.03 GFLOPS/s)
RMS_NORM_MUL RMS_NORM(2048,128,1,1): 59 x 10.305 us = 608 us
RMS_NORM_MUL_ROPE RMS_NORM(64,32,128,1): 8 x 108.585 us = 868.68 us
RMS_NORM_MUL_ROPE RMS_NORM(64,8,128,1): 8 x 30.95 us = 247.6 us
SET_ROWS: 16 x 2.88 us = 46.08 us
SSM_CONV: 22 x 9.747 us = 214.44 us
Total time: 75041.8 us.
----------------
Vulkan Timings:
ADD: 58 x 8.061 us = 467.56 us
CONCAT: 22 x 21.487 us = 472.72 us
CPY: 22 x 3.781 us = 83.2 us
FLASH_ATTN_EXT dst(64,32,32,4),  q(64,32,32,4),  k(64,8192,8,4),  v(64,8192,8,4),  m(8192,32,1,4): 8 x 1905.58 us = 15244.6 us (4507.79 GFLOPS/s)
GET_ROWS: 22 x 2.532 us = 55.72 us
GLU: 29 x 39.046 us = 1132.36 us
MUL: 44 x 10.269 us = 451.84 us
MUL_MAT f32 m=64 n=1024 k=64: 16 x 9.125 us = 146 us (912.117 GFLOPS/s)
MUL_MAT f32 m=64 n=4096 k=64: 16 x 14.505 us = 232.08 us (2295.23 GFLOPS/s)
MUL_MAT q4_0_rocmfp4_fast m=10752 n=128 k=2048: 58 x 423.444 us = 24559.8 us (13309.4 GFLOPS/s)
MUL_MAT q4_0_rocmfp4_fast m=2048 n=128 k=10752: 29 x 573.135 us = 16620.9 us (9835.17 GFLOPS/s)
MUL_MAT q4_0_rocmfp4_fast m=2048 n=128 k=2048: 16 x 102.087 us = 1633.4 us (10515.3 GFLOPS/s)
MUL_MAT q4_0_rocmfp4_fast m=2048 n=32 k=2048 batch=4: 22 x 144.109 us = 3170.4 us (7449.08 GFLOPS/s)
MUL_MAT q4_0_rocmfp4_fast m=512 n=128 k=2048: 16 x 43.012 us = 688.2 us (6239.35 GFLOPS/s)
MUL_MAT q4_0_rocmfp4_fast m=6144 n=32 k=2048 batch=4: 22 x 356.758 us = 7848.68 us (9026.95 GFLOPS/s)
RMS_NORM_MUL RMS_NORM(2048,128,1,1): 59 x 10.338 us = 609.96 us
RMS_NORM_MUL_ROPE RMS_NORM(64,32,128,1): 8 x 102.565 us = 820.52 us
RMS_NORM_MUL_ROPE RMS_NORM(64,8,128,1): 8 x 31.08 us = 248.64 us
SET_ROWS: 16 x 2.947 us = 47.16 us
SSM_CONV: 22 x 9.71 us = 213.64 us
Total time: 74747.4 us.
----------------
Vulkan Timings:
ADD: 58 x 7.795 us = 452.16 us
CONCAT: 22 x 22.532 us = 495.72 us
CPY: 22 x 3.79 us = 83.4 us
FLASH_ATTN_EXT dst(64,32,32,4),  q(64,32,32,4),  k(64,8192,8,4),  v(64,8192,8,4),  m(8192,32,1,4): 8 x 1914.34 us = 15314.7 us (4487.15 GFLOPS/s)
GET_ROWS: 22 x 2.541 us = 55.92 us
GLU: 29 x 38.241 us = 1109 us
MUL: 44 x 10.047 us = 442.08 us
MUL_MAT f32 m=64 n=1024 k=64: 16 x 8.972 us = 143.56 us (927.62 GFLOPS/s)
MUL_MAT f32 m=64 n=4096 k=64: 16 x 14.412 us = 230.6 us (2309.96 GFLOPS/s)
MUL_MAT q4_0_rocmfp4_fast m=10752 n=128 k=2048: 58 x 424.851 us = 24641.4 us (13265.3 GFLOPS/s)
MUL_MAT q4_0_rocmfp4_fast m=2048 n=128 k=10752: 29 x 578.201 us = 16767.8 us (9749 GFLOPS/s)
MUL_MAT q4_0_rocmfp4_fast m=2048 n=128 k=2048: 16 x 106.557 us = 1704.92 us (10074.2 GFLOPS/s)
MUL_MAT q4_0_rocmfp4_fast m=2048 n=32 k=2048 batch=4: 22 x 141.709 us = 3117.6 us (7575.24 GFLOPS/s)
MUL_MAT q4_0_rocmfp4_fast m=512 n=128 k=2048: 16 x 39.44 us = 631.04 us (6804.51 GFLOPS/s)
MUL_MAT q4_0_rocmfp4_fast m=6144 n=32 k=2048 batch=4: 22 x 349.743 us = 7694.36 us (9208 GFLOPS/s)
RMS_NORM_MUL RMS_NORM(2048,128,1,1): 59 x 10.32 us = 608.88 us
RMS_NORM_MUL_ROPE RMS_NORM(64,32,128,1): 8 x 102.45 us = 819.6 us
RMS_NORM_MUL_ROPE RMS_NORM(64,8,128,1): 8 x 28.225 us = 225.8 us
SET_ROWS: 16 x 2.637 us = 42.2 us
SSM_CONV: 22 x 9.73 us = 214.08 us
Total time: 74794.8 us.
0.28.395.686 I slot print_timing: id  0 | task 2 | prompt processing, n_tokens =   8188, progress = 1.00, t =  18.31 s / 447.09 tokens per second
0.28.401.079 I slot print_timing: id  1 | task 4 | prompt processing, n_tokens =   8188, progress = 1.00, t =  18.31 s / 447.09 tokens per second
0.28.406.534 I slot print_timing: id  2 | task 3 | prompt processing, n_tokens =   8188, progress = 1.00, t =  18.31 s / 447.09 tokens per second
0.28.412.539 I slot print_timing: id  3 | task 1 | prompt processing, n_tokens =   8188, progress = 1.00, t =  18.31 s / 447.09 tokens per second
----------------
Vulkan Timings:
ADD: 60 x 2.019 us = 121.16 us
CONCAT: 22 x 6.032 us = 132.72 us
CPY: 22 x 2.556 us = 56.24 us
FLASH_ATTN_EXT dst(64,32,4,4),  q(64,4,32,4),  k(64,8192,8,4),  v(64,8192,8,4),  m(8192,4,1,4): 8 x 723.405 us = 5787.24 us (1484.29 GFLOPS/s)
GET_ROWS: 24 x 3.493 us = 83.84 us
GLU: 30 x 9.488 us = 284.64 us
MUL: 44 x 2.654 us = 116.8 us
MUL_MAT f32 m=64 n=128 k=64: 16 x 8.76 us = 140.16 us (118.765 GFLOPS/s)
MUL_MAT f32 m=64 n=512 k=64: 16 x 12.815 us = 205.04 us (324.739 GFLOPS/s)
MUL_MAT q4_0_rocmfp4_fast m=10752 n=16 k=2048: 58 x 247.922 us = 14379.5 us (2841.49 GFLOPS/s)
MUL_MAT q4_0_rocmfp4_fast m=2048 n=16 k=10752: 29 x 630.955 us = 18297.7 us (1116.73 GFLOPS/s)
MUL_MAT q4_0_rocmfp4_fast m=2048 n=16 k=2048: 16 x 109.22 us = 1747.52 us (1228.57 GFLOPS/s)
MUL_MAT q4_0_rocmfp4_fast m=512 n=16 k=2048: 16 x 57.157 us = 914.52 us (586.909 GFLOPS/s)
MUL_MAT_VEC q4_0_rocmfp4_fast m=10752 n=4 k=2048: 2 x 59.04 us = 118.08 us (2983.02 GFLOPS/s)
MUL_MAT_VEC q4_0_rocmfp4_fast m=128000 n=4 k=2048: 1 x 629.76 us = 629.76 us (3329.27 GFLOPS/s)
MUL_MAT_VEC q4_0_rocmfp4_fast m=2048 n=4 k=10752: 1 x 60.52 us = 60.52 us (2910.65 GFLOPS/s)
MUL_MAT_VEC q4_0_rocmfp4_fast m=2048 n=4 k=2048 batch=4: 22 x 208.89 us = 4595.6 us (642.369 GFLOPS/s)
MUL_MAT_VEC q4_0_rocmfp4_fast m=6144 n=4 k=2048 batch=4: 22 x 462.336 us = 10171.4 us (870.697 GFLOPS/s)
RMS_NORM_MUL RMS_NORM(2048,16,1,1): 59 x 6.038 us = 356.28 us
RMS_NORM_MUL RMS_NORM(2048,4,1,1): 2 x 4.76 us = 9.52 us
RMS_NORM_MUL_ROPE RMS_NORM(64,32,16,1): 8 x 22.115 us = 176.92 us
RMS_NORM_MUL_ROPE RMS_NORM(64,8,16,1): 8 x 7.405 us = 59.24 us
SET_ROWS: 16 x 3.205 us = 51.28 us
SSM_CONV: 22 x 5.469 us = 120.32 us
Total time: 58616 us.
0.28.483.914 I slot print_timing: id  0 | task 2 | prompt eval time =   18402.33 ms /  8192 tokens (    2.25 ms per token,   445.16 tokens per second)
0.28.483.941 I slot print_timing: id  0 | task 2 |        eval time =       0.00 ms /     1 tokens (    0.00 ms per token,     0.00 tokens per second)
0.28.483.944 I slot print_timing: id  0 | task 2 |       total time =   18402.33 ms /  8193 tokens
0.28.483.965 I slot print_timing: id  0 | task 2 |    graphs reused =        222
0.28.485.020 I slot      release: id  0 | task 2 | stop processing: n_tokens = 8192, truncated = 0
0.28.485.756 I slot print_timing: id  1 | task 4 | prompt eval time =   18404.15 ms /  8192 tokens (    2.25 ms per token,   445.12 tokens per second)
0.28.485.772 I slot print_timing: id  1 | task 4 |        eval time =       0.00 ms /     1 tokens (    0.00 ms per token,     0.00 tokens per second)
0.28.485.775 I slot print_timing: id  1 | task 4 |       total time =   18404.15 ms /  8193 tokens
0.28.485.776 I slot print_timing: id  1 | task 4 |    graphs reused =        222
0.28.486.715 I slot      release: id  1 | task 4 | stop processing: n_tokens = 8192, truncated = 0
0.28.487.313 I slot print_timing: id  2 | task 3 | prompt eval time =   18405.70 ms /  8192 tokens (    2.25 ms per token,   445.08 tokens per second)
0.28.487.321 I slot print_timing: id  2 | task 3 |        eval time =       0.00 ms /     1 tokens (    0.00 ms per token,     0.00 tokens per second)
0.28.487.323 I slot print_timing: id  2 | task 3 |       total time =   18405.70 ms /  8193 tokens
0.28.487.325 I slot print_timing: id  2 | task 3 |    graphs reused =        222
0.28.488.272 I slot      release: id  2 | task 3 | stop processing: n_tokens = 8192, truncated = 0
0.28.488.909 I slot print_timing: id  3 | task 1 | prompt eval time =   18407.28 ms /  8192 tokens (    2.25 ms per token,   445.04 tokens per second)
0.28.488.915 I slot print_timing: id  3 | task 1 |        eval time =       0.00 ms /     1 tokens (    0.00 ms per token,     0.00 tokens per second)
0.28.488.917 I slot print_timing: id  3 | task 1 |       total time =   18407.28 ms /  8193 tokens
0.28.488.918 I slot print_timing: id  3 | task 1 |    graphs reused =        222
0.28.489.866 I slot      release: id  3 | task 1 | stop processing: n_tokens = 8192, truncated = 0
0.33.953.508 I srv    operator(): operator(): cleaning up before exit...
