rocmfpx-plugin: info: registered 1 ROCmFPX Vulkan device(s)
rocmfpx-plugin: info: loaded rocmfpx-vulkan-charlie 0.1.0 from /home/isaac/Documents/Codex/2026-09-16/recalcar-vas-a-estar-en-paralelo-2/work/builds/rocmfpx-vulkan-gfx1032-v3-instrumented/bin/rocmfpx-vulkan-plugin.so
0.00.112.564 I cmn  common_param: common_params_print_info: verbosity = 3 (adjust with the `-lv N` CLI arg)
0.00.113.011 W srv  llama_server: -----------------
0.00.113.014 W srv  llama_server: CORS is set to allow all origins ('*') and no API key is set
0.00.113.014 W srv  llama_server: this can be a security risk (cross-origin attacks)
0.00.113.014 W srv  llama_server: more info: https://github.com/ggml-org/llama.cpp/pull/25655
0.00.113.015 W srv  llama_server: -----------------
0.00.114.492 I srv    load_model: loading model 'work/results/models/LFM2.5-2.6B-ROCmFP4_FAST_COHERENT-own.gguf'
0.02.103.476 I cmn          init: llama threadpool init, n_threads = 4
----------------
Vulkan Timings:
ADD: 59 x 8.566 us = 505.4 us
CONCAT: 22 x 9.063 us = 199.4 us
CPY: 22 x 7.416 us = 163.16 us
FLASH_ATTN_EXT dst(64,32,2,1),  q(64,2,32,1),  k(64,256,8,1),  v(64,256,8,1),  m(256,2,1,1): 8 x 150.341 us = 1202.73 us (27.8986 GFLOPS/s)
GET_ROWS: 24 x 7.066 us = 169.6 us
GLU: 30 x 3.9 us = 117 us
MUL: 44 x 5.34 us = 234.96 us
MUL_MAT f32 m=64 n=16 k=64: 16 x 6.065 us = 97.04 us (21.4424 GFLOPS/s)
MUL_MAT f32 m=64 n=64 k=64: 16 x 7.007 us = 112.12 us (74.2336 GFLOPS/s)
MUL_MAT_ADD MUL_MAT_VEC q4_0_rocmfp4_fast m=2048 n=1 k=10752: 1 x 100.52 us = 100.52 us (438.103 GFLOPS/s)
MUL_MAT_VEC q4_0_rocmfp4_fast m=10752 n=1 k=2048: 2 x 105.76 us = 211.52 us (416.315 GFLOPS/s)
MUL_MAT_VEC q4_0_rocmfp4_fast m=10752 n=2 k=2048: 58 x 160.237 us = 9293.8 us (549.551 GFLOPS/s)
MUL_MAT_VEC q4_0_rocmfp4_fast m=2048 n=2 k=10752: 29 x 249.089 us = 7223.6 us (353.593 GFLOPS/s)
MUL_MAT_VEC q4_0_rocmfp4_fast m=2048 n=2 k=2048: 38 x 55.327 us = 2102.44 us (303.161 GFLOPS/s)
MUL_MAT_VEC q4_0_rocmfp4_fast m=512 n=2 k=2048: 16 x 11.512 us = 184.2 us (364.237 GFLOPS/s)
MUL_MAT_VEC q4_0_rocmfp4_fast m=6144 n=2 k=2048: 22 x 690.217 us = 15184.8 us (72.9037 GFLOPS/s)
MUL_MAT_VEC q6_K m=128000 n=1 k=2048: 1 x 1111.76 us = 1111.76 us (471.469 GFLOPS/s)
RMS_NORM_MUL RMS_NORM(2048,1,1,1): 2 x 14.2 us = 28.4 us
RMS_NORM_MUL RMS_NORM(2048,2,1,1): 59 x 15.648 us = 923.28 us
RMS_NORM_MUL_ROPE RMS_NORM(64,32,2,1): 8 x 12.185 us = 97.48 us
RMS_NORM_MUL_ROPE RMS_NORM(64,8,2,1): 8 x 9.315 us = 74.52 us
SCALE: 22 x 6.118 us = 134.6 us
SET_ROWS: 16 x 6.617 us = 105.88 us
SSM_CONV: 22 x 7.256 us = 159.64 us
Total time: 39737.8 us.
----------------
Vulkan Timings:
ADD: 59 x 1.84 us = 108.6 us
CONCAT: 22 x 2.596 us = 57.12 us
CPY: 22 x 2.938 us = 64.64 us
FLASH_ATTN_EXT dst(64,32,2,1),  q(64,2,32,1),  k(64,256,8,1),  v(64,256,8,1),  m(256,2,1,1): 8 x 9.845 us = 78.76 us (426.034 GFLOPS/s)
GET_ROWS: 24 x 2.001 us = 48.04 us
GLU: 30 x 2.358 us = 70.76 us
MUL: 44 x 2.316 us = 101.92 us
MUL_MAT f32 m=64 n=16 k=64: 16 x 2.097 us = 33.56 us (62.0014 GFLOPS/s)
MUL_MAT f32 m=64 n=64 k=64: 16 x 2.1 us = 33.6 us (247.71 GFLOPS/s)
MUL_MAT_ADD MUL_MAT_VEC q4_0_rocmfp4_fast m=2048 n=1 k=10752: 1 x 51.12 us = 51.12 us (861.466 GFLOPS/s)
MUL_MAT_VEC q4_0_rocmfp4_fast m=10752 n=1 k=2048: 2 x 51.62 us = 103.24 us (852.953 GFLOPS/s)
MUL_MAT_VEC q4_0_rocmfp4_fast m=10752 n=2 k=2048: 58 x 55.172 us = 3200 us (1596.07 GFLOPS/s)
MUL_MAT_VEC q4_0_rocmfp4_fast m=2048 n=2 k=10752: 29 x 54.002 us = 1566.08 us (1630.96 GFLOPS/s)
MUL_MAT_VEC q4_0_rocmfp4_fast m=2048 n=2 k=2048: 38 x 14.781 us = 561.68 us (1134.77 GFLOPS/s)
MUL_MAT_VEC q4_0_rocmfp4_fast m=512 n=2 k=2048: 16 x 2.757 us = 44.12 us (1520.68 GFLOPS/s)
MUL_MAT_VEC q4_0_rocmfp4_fast m=6144 n=2 k=2048: 22 x 34.376 us = 756.28 us (1463.78 GFLOPS/s)
MUL_MAT_VEC q6_K m=128000 n=1 k=2048: 1 x 865.56 us = 865.56 us (605.573 GFLOPS/s)
RMS_NORM_MUL RMS_NORM(2048,1,1,1): 2 x 6.02 us = 12.04 us
RMS_NORM_MUL RMS_NORM(2048,2,1,1): 59 x 4.421 us = 260.84 us
RMS_NORM_MUL_ROPE RMS_NORM(64,32,2,1): 8 x 5.36 us = 42.88 us
RMS_NORM_MUL_ROPE RMS_NORM(64,8,2,1): 8 x 3.415 us = 27.32 us
SCALE: 22 x 2.44 us = 53.68 us
SET_ROWS: 16 x 1.96 us = 31.36 us
SSM_CONV: 22 x 2.325 us = 51.16 us
Total time: 8224.36 us.
0.02.253.124 I srv    load_model: initializing, n_slots = 4, n_ctx_slot = 131072, kv_unified = 'false'
0.02.253.229 I srv    load_model: sequence policy: lowest_slot_first=1 dense_sequences=0 remap_trace=0
0.02.267.096 W srv          init: chat template supports preserving reasoning, it is enabled by default (may use more tokens, disable via --no-reasoning-preserve)
0.02.267.205 I srv  llama_server: model loaded
0.02.267.216 I srv  llama_server: listening on http://127.0.0.1:18165
0.17.046.206 I slot get_availabl: id  0 | task -1 | selected lowest available slot (compact policy)
0.17.046.242 I slot launch_slot_: id  0 | task 1 | processing task, is_child = 0
----------------
Vulkan Timings:
ADD: 58 x 13.024 us = 755.4 us
CONCAT: 22 x 34.789 us = 765.36 us
CPY: 22 x 3.56 us = 78.32 us
FLASH_ATTN_EXT dst(64,32,124,1),  q(64,124,32,1),  k(64,256,8,1),  v(64,256,8,1),  m(256,124,1,1): 8 x 141.385 us = 1131.08 us (1839.28 GFLOPS/s)
GET_ROWS: 22 x 3.123 us = 68.72 us
GLU: 29 x 49.168 us = 1425.88 us
MUL: 44 x 12.506 us = 550.28 us
MUL_MAT f32 m=64 n=3968 k=64: 16 x 6.322 us = 101.16 us (5101.13 GFLOPS/s)
MUL_MAT f32 m=64 n=992 k=64: 16 x 4.092 us = 65.48 us (1970.18 GFLOPS/s)
MUL_MAT q4_0_rocmfp4_fast m=10752 n=124 k=2048: 58 x 538.206 us = 31216 us (10144.2 GFLOPS/s)
MUL_MAT q4_0_rocmfp4_fast m=2048 n=124 k=10752: 29 x 695.933 us = 20182.1 us (7846.62 GFLOPS/s)
MUL_MAT q4_0_rocmfp4_fast m=2048 n=124 k=2048: 38 x 114.197 us = 4339.52 us (9106.42 GFLOPS/s)
MUL_MAT q4_0_rocmfp4_fast m=512 n=124 k=2048: 16 x 164.683 us = 2634.94 us (1578.68 GFLOPS/s)
MUL_MAT q4_0_rocmfp4_fast m=6144 n=124 k=2048: 22 x 452.91 us = 9964.02 us (6888.34 GFLOPS/s)
RMS_NORM_MUL RMS_NORM(2048,124,1,1): 59 x 13.014 us = 767.84 us
RMS_NORM_MUL_ROPE RMS_NORM(64,32,124,1): 8 x 102.44 us = 819.52 us
RMS_NORM_MUL_ROPE RMS_NORM(64,8,124,1): 8 x 27.245 us = 217.96 us
SCALE: 22 x 4.945 us = 108.8 us
SET_ROWS: 16 x 3.26 us = 52.16 us
SSM_CONV: 22 x 20.683 us = 455.04 us
Total time: 75699.5 us.
----------------
Vulkan Timings:
ADD: 59 x 2.392 us = 141.16 us
CONCAT: 22 x 2.82 us = 62.04 us
CPY: 22 x 3.08 us = 67.76 us
FLASH_ATTN_EXT dst(64,32,4,1),  q(64,4,32,1),  k(64,256,8,1),  v(64,256,8,1),  m(256,4,1,1): 8 x 17.765 us = 142.12 us (472.199 GFLOPS/s)
GET_ROWS: 24 x 2.283 us = 54.8 us
GLU: 30 x 5.377 us = 161.32 us
MUL: 44 x 2.824 us = 124.28 us
MUL_MAT f32 m=64 n=128 k=64: 16 x 2.337 us = 37.4 us (445.084 GFLOPS/s)
MUL_MAT f32 m=64 n=32 k=64: 16 x 2.3 us = 36.8 us (113.085 GFLOPS/s)
MUL_MAT_ADD MUL_MAT_VEC q4_0_rocmfp4_fast m=2048 n=1 k=10752: 1 x 54.24 us = 54.24 us (811.913 GFLOPS/s)
MUL_MAT_VEC q4_0_rocmfp4_fast m=10752 n=1 k=2048: 2 x 52.1 us = 104.2 us (845.095 GFLOPS/s)
MUL_MAT_VEC q4_0_rocmfp4_fast m=10752 n=4 k=2048: 58 x 74.359 us = 4312.84 us (2368.47 GFLOPS/s)
MUL_MAT_VEC q4_0_rocmfp4_fast m=2048 n=4 k=10752: 29 x 73.857 us = 2141.88 us (2385.02 GFLOPS/s)
MUL_MAT_VEC q4_0_rocmfp4_fast m=2048 n=4 k=2048: 38 x 19.81 us = 752.8 us (1693.35 GFLOPS/s)
MUL_MAT_VEC q4_0_rocmfp4_fast m=512 n=4 k=2048: 16 x 5.38 us = 86.08 us (1558.84 GFLOPS/s)
MUL_MAT_VEC q4_0_rocmfp4_fast m=6144 n=4 k=2048: 22 x 47.201 us = 1038.44 us (2132.09 GFLOPS/s)
MUL_MAT_VEC q6_K m=128000 n=1 k=2048: 1 x 875.52 us = 875.52 us (598.684 GFLOPS/s)
RMS_NORM_MUL RMS_NORM(2048,1,1,1): 2 x 2.5 us = 5 us
RMS_NORM_MUL RMS_NORM(2048,4,1,1): 59 x 5.355 us = 315.96 us
RMS_NORM_MUL_ROPE RMS_NORM(64,32,4,1): 8 x 9.435 us = 75.48 us
RMS_NORM_MUL_ROPE RMS_NORM(64,8,4,1): 8 x 4.11 us = 32.88 us
SET_ROWS: 16 x 2.782 us = 44.52 us
SSM_CONV: 22 x 2.825 us = 62.16 us
Total time: 10729.7 us.
----------------
Vulkan Timings:
ADD: 22 x 3.463 us = 76.2 us
CONCAT: 22 x 7.001 us = 154.04 us
CPY: 22 x 6.91 us = 152.04 us
FLASH_ATTN_EXT dst(64,32,1,1),  q(64,1,32,1),  k(64,256,8,1),  v(64,256,8,1),  m(256,1,1,1): 8 x 60.165 us = 481.32 us (34.8567 GFLOPS/s)
GET_ROWS: 24 x 3.378 us = 81.08 us
GLU: 30 x 3.194 us = 95.84 us
MUL: 44 x 5.267 us = 231.76 us
MUL_MAT f32 m=64 n=32 k=64: 16 x 7.095 us = 113.52 us (36.6591 GFLOPS/s)
MUL_MAT_ADD MUL_MAT_VEC q4_0_rocmfp4_fast m=2048 n=1 k=10752: 30 x 99.084 us = 2972.52 us (444.453 GFLOPS/s)
MUL_MAT_ADD MUL_MAT_VEC q4_0_rocmfp4_fast m=2048 n=1 k=2048: 8 x 31.475 us = 251.8 us (266.451 GFLOPS/s)
MUL_MAT_VEC f32 m=64 n=8 k=64: 16 x 5.545 us = 88.72 us (11.7266 GFLOPS/s)
MUL_MAT_VEC q4_0_rocmfp4_fast m=10752 n=1 k=2048: 60 x 108.27 us = 6496.2 us (406.663 GFLOPS/s)
MUL_MAT_VEC q4_0_rocmfp4_fast m=2048 n=1 k=2048: 30 x 32.173 us = 965.2 us (260.668 GFLOPS/s)
MUL_MAT_VEC q4_0_rocmfp4_fast m=512 n=1 k=2048: 16 x 10.752 us = 172.04 us (194.991 GFLOPS/s)
MUL_MAT_VEC q4_0_rocmfp4_fast m=6144 n=1 k=2048: 22 x 68.198 us = 1500.36 us (368.92 GFLOPS/s)
MUL_MAT_VEC q6_K m=128000 n=1 k=2048: 1 x 877.8 us = 877.8 us (597.129 GFLOPS/s)
RMS_NORM_MUL RMS_NORM(2048,1,1,1): 61 x 9.707 us = 592.16 us
RMS_NORM_MUL_ROPE RMS_NORM(64,32,1,1): 8 x 15.895 us = 127.16 us
RMS_NORM_MUL_ROPE RMS_NORM(64,8,1,1): 8 x 8.305 us = 66.44 us
SET_ROWS: 16 x 7.345 us = 117.52 us
SSM_CONV: 22 x 7.256 us = 159.64 us
Total time: 15773.4 us.
----------------
Vulkan Timings:
ADD: 22 x 2.805 us = 61.72 us
CONCAT: 22 x 2.834 us = 62.36 us
CPY: 22 x 2.796 us = 61.52 us
FLASH_ATTN_EXT dst(64,32,1,1),  q(64,1,32,1),  k(64,256,8,1),  v(64,256,8,1),  m(256,1,1,1): 8 x 13.35 us = 106.8 us (157.09 GFLOPS/s)
GET_ROWS: 24 x 2.381 us = 57.16 us
GLU: 30 x 2.757 us = 82.72 us
MUL: 44 x 2.957 us = 130.12 us
MUL_MAT f32 m=64 n=32 k=64: 16 x 2.305 us = 36.88 us (112.84 GFLOPS/s)
MUL_MAT_ADD MUL_MAT_VEC q4_0_rocmfp4_fast m=2048 n=1 k=10752: 30 x 53.633 us = 1609 us (821.097 GFLOPS/s)
MUL_MAT_ADD MUL_MAT_VEC q4_0_rocmfp4_fast m=2048 n=1 k=2048: 8 x 13.605 us = 108.84 us (616.432 GFLOPS/s)
MUL_MAT_VEC f32 m=64 n=8 k=64: 16 x 2.437 us = 39 us (26.6765 GFLOPS/s)
MUL_MAT_VEC q4_0_rocmfp4_fast m=10752 n=1 k=2048: 60 x 53.222 us = 3193.32 us (827.279 GFLOPS/s)
MUL_MAT_VEC q4_0_rocmfp4_fast m=2048 n=1 k=2048: 30 x 14.757 us = 442.72 us (568.298 GFLOPS/s)
MUL_MAT_VEC q4_0_rocmfp4_fast m=512 n=1 k=2048: 16 x 3.542 us = 56.68 us (591.853 GFLOPS/s)
MUL_MAT_VEC q4_0_rocmfp4_fast m=6144 n=1 k=2048: 22 x 33.25 us = 731.52 us (756.661 GFLOPS/s)
MUL_MAT_VEC q6_K m=128000 n=1 k=2048: 1 x 872.16 us = 872.16 us (600.991 GFLOPS/s)
RMS_NORM_MUL RMS_NORM(2048,1,1,1): 61 x 4.769 us = 290.92 us
RMS_NORM_MUL_ROPE RMS_NORM(64,32,1,1): 8 x 4.83 us = 38.64 us
RMS_NORM_MUL_ROPE RMS_NORM(64,8,1,1): 8 x 4.045 us = 32.36 us
SET_ROWS: 16 x 2.32 us = 37.12 us
SSM_CONV: 22 x 2.812 us = 61.88 us
Total time: 8113.44 us.
----------------
Vulkan Timings:
ADD: 22 x 2.32 us = 51.04 us
CONCAT: 22 x 2.316 us = 50.96 us
CPY: 22 x 2.316 us = 50.96 us
FLASH_ATTN_EXT dst(64,32,1,1),  q(64,1,32,1),  k(64,256,8,1),  v(64,256,8,1),  m(256,1,1,1): 8 x 10.55 us = 84.4 us (198.782 GFLOPS/s)
GET_ROWS: 24 x 1.991 us = 47.8 us
GLU: 30 x 3.013 us = 90.4 us
MUL: 44 x 2.445 us = 107.6 us
MUL_MAT f32 m=64 n=32 k=64: 16 x 2.13 us = 34.08 us (122.111 GFLOPS/s)
MUL_MAT_ADD MUL_MAT_VEC q4_0_rocmfp4_fast m=2048 n=1 k=10752: 30 x 52.966 us = 1589 us (831.431 GFLOPS/s)
MUL_MAT_ADD MUL_MAT_VEC q4_0_rocmfp4_fast m=2048 n=1 k=2048: 8 x 12.745 us = 101.96 us (658.027 GFLOPS/s)
MUL_MAT_VEC f32 m=64 n=8 k=64: 16 x 2.1 us = 33.6 us (30.9638 GFLOPS/s)
MUL_MAT_VEC q4_0_rocmfp4_fast m=10752 n=1 k=2048: 60 x 51.241 us = 3074.48 us (859.256 GFLOPS/s)
MUL_MAT_VEC q4_0_rocmfp4_fast m=2048 n=1 k=2048: 30 x 13.804 us = 414.12 us (607.546 GFLOPS/s)
MUL_MAT_VEC q4_0_rocmfp4_fast m=512 n=1 k=2048: 16 x 2.592 us = 41.48 us (808.733 GFLOPS/s)
MUL_MAT_VEC q4_0_rocmfp4_fast m=6144 n=1 k=2048: 22 x 31.701 us = 697.44 us (793.635 GFLOPS/s)
MUL_MAT_VEC q6_K m=128000 n=1 k=2048: 1 x 879.52 us = 879.52 us (595.961 GFLOPS/s)
RMS_NORM_MUL RMS_NORM(2048,1,1,1): 61 x 4.018 us = 245.12 us
RMS_NORM_MUL_ROPE RMS_NORM(64,32,1,1): 8 x 3.88 us = 31.04 us
RMS_NORM_MUL_ROPE RMS_NORM(64,8,1,1): 8 x 3.415 us = 27.32 us
SET_ROWS: 16 x 1.985 us = 31.76 us
SSM_CONV: 22 x 2.316 us = 50.96 us
Total time: 7735.04 us.
----------------
Vulkan Timings:
ADD: 22 x 2.307 us = 50.76 us
CONCAT: 22 x 2.309 us = 50.8 us
CPY: 22 x 2.276 us = 50.08 us
FLASH_ATTN_EXT dst(64,32,1,1),  q(64,1,32,1),  k(64,256,8,1),  v(64,256,8,1),  m(256,1,1,1): 8 x 11.625 us = 93 us (180.4 GFLOPS/s)
GET_ROWS: 24 x 2.18 us = 52.32 us
GLU: 30 x 2.321 us = 69.64 us
MUL: 44 x 2.49 us = 109.56 us
MUL_MAT f32 m=64 n=32 k=64: 16 x 2.172 us = 34.76 us (119.722 GFLOPS/s)
MUL_MAT_ADD MUL_MAT_VEC q4_0_rocmfp4_fast m=2048 n=1 k=10752: 30 x 52.44 us = 1573.2 us (839.782 GFLOPS/s)
MUL_MAT_ADD MUL_MAT_VEC q4_0_rocmfp4_fast m=2048 n=1 k=2048: 8 x 12.85 us = 102.8 us (652.651 GFLOPS/s)
MUL_MAT_VEC f32 m=64 n=8 k=64: 16 x 2.082 us = 33.32 us (31.224 GFLOPS/s)
MUL_MAT_VEC q4_0_rocmfp4_fast m=10752 n=1 k=2048: 60 x 60.947 us = 3656.85 us (722.416 GFLOPS/s)
MUL_MAT_VEC q4_0_rocmfp4_fast m=2048 n=1 k=2048: 30 x 13.84 us = 415.2 us (605.965 GFLOPS/s)
MUL_MAT_VEC q4_0_rocmfp4_fast m=512 n=1 k=2048: 16 x 2.627 us = 42.04 us (797.96 GFLOPS/s)
MUL_MAT_VEC q4_0_rocmfp4_fast m=6144 n=1 k=2048: 22 x 31.927 us = 702.4 us (788.031 GFLOPS/s)
MUL_MAT_VEC q6_K m=128000 n=1 k=2048: 1 x 879.8 us = 879.8 us (595.772 GFLOPS/s)
RMS_NORM_MUL RMS_NORM(2048,1,1,1): 61 x 3.738 us = 228.04 us
RMS_NORM_MUL_ROPE RMS_NORM(64,32,1,1): 8 x 3.95 us = 31.6 us
RMS_NORM_MUL_ROPE RMS_NORM(64,8,1,1): 8 x 3.32 us = 26.56 us
SET_ROWS: 16 x 2.607 us = 41.72 us
SSM_CONV: 22 x 2.3 us = 50.6 us
Total time: 8295.05 us.
----------------
Vulkan Timings:
ADD: 22 x 2.298 us = 50.56 us
CONCAT: 22 x 3.08 us = 67.76 us
CPY: 22 x 2.301 us = 50.64 us
FLASH_ATTN_EXT dst(64,32,1,1),  q(64,1,32,1),  k(64,256,8,1),  v(64,256,8,1),  m(256,1,1,1): 8 x 10.595 us = 84.76 us (197.938 GFLOPS/s)
GET_ROWS: 24 x 1.995 us = 47.88 us
GLU: 30 x 2.324 us = 69.72 us
MUL: 44 x 2.531 us = 111.4 us
MUL_MAT f32 m=64 n=32 k=64: 16 x 2.122 us = 33.96 us (122.542 GFLOPS/s)
MUL_MAT_ADD MUL_MAT_VEC q4_0_rocmfp4_fast m=2048 n=1 k=10752: 30 x 52.21 us = 1566.32 us (843.47 GFLOPS/s)
MUL_MAT_ADD MUL_MAT_VEC q4_0_rocmfp4_fast m=2048 n=1 k=2048: 8 x 12.745 us = 101.96 us (658.027 GFLOPS/s)
MUL_MAT_VEC f32 m=64 n=8 k=64: 16 x 2.082 us = 33.32 us (31.224 GFLOPS/s)
MUL_MAT_VEC q4_0_rocmfp4_fast m=10752 n=1 k=2048: 60 x 51.42 us = 3085.2 us (856.271 GFLOPS/s)
MUL_MAT_VEC q4_0_rocmfp4_fast m=2048 n=1 k=2048: 30 x 13.821 us = 414.64 us (606.784 GFLOPS/s)
MUL_MAT_VEC q4_0_rocmfp4_fast m=512 n=1 k=2048: 16 x 2.607 us = 41.72 us (804.081 GFLOPS/s)
MUL_MAT_VEC q4_0_rocmfp4_fast m=6144 n=1 k=2048: 22 x 31.683 us = 697.04 us (794.091 GFLOPS/s)
MUL_MAT_VEC q6_K m=128000 n=1 k=2048: 1 x 879.48 us = 879.48 us (595.989 GFLOPS/s)
RMS_NORM_MUL RMS_NORM(2048,1,1,1): 61 x 3.727 us = 227.36 us
RMS_NORM_MUL_ROPE RMS_NORM(64,32,1,1): 8 x 3.865 us = 30.92 us
RMS_NORM_MUL_ROPE RMS_NORM(64,8,1,1): 8 x 3.395 us = 27.16 us
SET_ROWS: 16 x 1.942 us = 31.08 us
SSM_CONV: 22 x 2.312 us = 50.88 us
Total time: 7703.76 us.
----------------
Vulkan Timings:
ADD: 22 x 2.489 us = 54.76 us
CONCAT: 22 x 2.376 us = 52.28 us
CPY: 22 x 2.374 us = 52.24 us
FLASH_ATTN_EXT dst(64,32,1,1),  q(64,1,32,1),  k(64,256,8,1),  v(64,256,8,1),  m(256,1,1,1): 8 x 10.665 us = 85.32 us (196.639 GFLOPS/s)
GET_ROWS: 24 x 2.081 us = 49.96 us
GLU: 30 x 2.968 us = 89.04 us
MUL: 44 x 2.484 us = 109.32 us
MUL_MAT f32 m=64 n=32 k=64: 16 x 2.202 us = 35.24 us (118.091 GFLOPS/s)
MUL_MAT_ADD MUL_MAT_VEC q4_0_rocmfp4_fast m=2048 n=1 k=10752: 30 x 52.738 us = 1582.16 us (835.026 GFLOPS/s)
MUL_MAT_ADD MUL_MAT_VEC q4_0_rocmfp4_fast m=2048 n=1 k=2048: 8 x 12.695 us = 101.56 us (660.619 GFLOPS/s)
MUL_MAT_VEC f32 m=64 n=8 k=64: 16 x 2.122 us = 33.96 us (30.6356 GFLOPS/s)
MUL_MAT_VEC q4_0_rocmfp4_fast m=10752 n=1 k=2048: 60 x 50.957 us = 3057.44 us (864.045 GFLOPS/s)
MUL_MAT_VEC q4_0_rocmfp4_fast m=2048 n=1 k=2048: 30 x 13.886 us = 416.6 us (603.929 GFLOPS/s)
MUL_MAT_VEC q4_0_rocmfp4_fast m=512 n=1 k=2048: 16 x 2.57 us = 41.12 us (815.813 GFLOPS/s)
MUL_MAT_VEC q4_0_rocmfp4_fast m=6144 n=1 k=2048: 22 x 31.74 us = 698.28 us (792.681 GFLOPS/s)
MUL_MAT_VEC q6_K m=128000 n=1 k=2048: 1 x 926.56 us = 926.56 us (565.705 GFLOPS/s)
RMS_NORM_MUL RMS_NORM(2048,1,1,1): 61 x 4.139 us = 252.48 us
RMS_NORM_MUL_ROPE RMS_NORM(64,32,1,1): 8 x 3.915 us = 31.32 us
RMS_NORM_MUL_ROPE RMS_NORM(64,8,1,1): 8 x 3.53 us = 28.24 us
SET_ROWS: 16 x 1.96 us = 31.36 us
SSM_CONV: 22 x 2.381 us = 52.4 us
Total time: 7781.64 us.
----------------
Vulkan Timings:
ADD: 22 x 2.361 us = 51.96 us
CONCAT: 22 x 2.303 us = 50.68 us
CPY: 22 x 2.361 us = 51.96 us
FLASH_ATTN_EXT dst(64,32,1,1),  q(64,1,32,1),  k(64,256,8,1),  v(64,256,8,1),  m(256,1,1,1): 8 x 10.51 us = 84.08 us (199.539 GFLOPS/s)
GET_ROWS: 24 x 1.985 us = 47.64 us
GLU: 30 x 2.389 us = 71.68 us
MUL: 44 x 2.443 us = 107.52 us
MUL_MAT f32 m=64 n=32 k=64: 16 x 2.14 us = 34.24 us (121.54 GFLOPS/s)
MUL_MAT_ADD MUL_MAT_VEC q4_0_rocmfp4_fast m=2048 n=1 k=10752: 30 x 52.09 us = 1562.72 us (845.413 GFLOPS/s)
MUL_MAT_ADD MUL_MAT_VEC q4_0_rocmfp4_fast m=2048 n=1 k=2048: 8 x 12.74 us = 101.92 us (658.286 GFLOPS/s)
MUL_MAT_VEC f32 m=64 n=8 k=64: 16 x 2.077 us = 33.24 us (31.2992 GFLOPS/s)
MUL_MAT_VEC q4_0_rocmfp4_fast m=10752 n=1 k=2048: 60 x 51.106 us = 3066.4 us (861.52 GFLOPS/s)
MUL_MAT_VEC q4_0_rocmfp4_fast m=2048 n=1 k=2048: 30 x 13.796 us = 413.88 us (607.898 GFLOPS/s)
MUL_MAT_VEC q4_0_rocmfp4_fast m=512 n=1 k=2048: 16 x 2.575 us = 41.2 us (814.229 GFLOPS/s)
MUL_MAT_VEC q4_0_rocmfp4_fast m=6144 n=1 k=2048: 22 x 32.727 us = 720 us (768.768 GFLOPS/s)
MUL_MAT_VEC q6_K m=128000 n=1 k=2048: 1 x 882.12 us = 882.12 us (594.205 GFLOPS/s)
RMS_NORM_MUL RMS_NORM(2048,1,1,1): 61 x 3.768 us = 229.88 us
RMS_NORM_MUL_ROPE RMS_NORM(64,32,1,1): 8 x 3.95 us = 31.6 us
RMS_NORM_MUL_ROPE RMS_NORM(64,8,1,1): 8 x 3.425 us = 27.4 us
SET_ROWS: 16 x 2.042 us = 32.68 us
SSM_CONV: 22 x 2.396 us = 52.72 us
Total time: 7695.52 us.
----------------
Vulkan Timings:
ADD: 22 x 2.425 us = 53.36 us
CONCAT: 22 x 2.412 us = 53.08 us
CPY: 22 x 2.347 us = 51.64 us
FLASH_ATTN_EXT dst(64,32,1,1),  q(64,1,32,1),  k(64,256,8,1),  v(64,256,8,1),  m(256,1,1,1): 8 x 10.62 us = 84.96 us (197.472 GFLOPS/s)
GET_ROWS: 24 x 2.033 us = 48.8 us
GLU: 30 x 2.397 us = 71.92 us
MUL: 44 x 2.485 us = 109.36 us
MUL_MAT f32 m=64 n=32 k=64: 16 x 2.177 us = 34.84 us (119.447 GFLOPS/s)
MUL_MAT_ADD MUL_MAT_VEC q4_0_rocmfp4_fast m=2048 n=1 k=10752: 30 x 52.045 us = 1561.36 us (846.15 GFLOPS/s)
MUL_MAT_ADD MUL_MAT_VEC q4_0_rocmfp4_fast m=2048 n=1 k=2048: 8 x 12.945 us = 103.56 us (647.861 GFLOPS/s)
MUL_MAT_VEC f32 m=64 n=8 k=64: 16 x 2.117 us = 33.88 us (30.7079 GFLOPS/s)
MUL_MAT_VEC q4_0_rocmfp4_fast m=10752 n=1 k=2048: 60 x 51.847 us = 3110.84 us (849.213 GFLOPS/s)
MUL_MAT_VEC q4_0_rocmfp4_fast m=2048 n=1 k=2048: 30 x 13.868 us = 416.04 us (604.742 GFLOPS/s)
MUL_MAT_VEC q4_0_rocmfp4_fast m=512 n=1 k=2048: 16 x 2.595 us = 41.52 us (807.954 GFLOPS/s)
MUL_MAT_VEC q4_0_rocmfp4_fast m=6144 n=1 k=2048: 22 x 31.721 us = 697.88 us (793.135 GFLOPS/s)
MUL_MAT_VEC q6_K m=128000 n=1 k=2048: 1 x 881.24 us = 881.24 us (594.798 GFLOPS/s)
RMS_NORM_MUL RMS_NORM(2048,1,1,1): 61 x 3.759 us = 229.32 us
RMS_NORM_MUL_ROPE RMS_NORM(64,32,1,1): 8 x 3.875 us = 31 us
RMS_NORM_MUL_ROPE RMS_NORM(64,8,1,1): 8 x 3.475 us = 27.8 us
SET_ROWS: 16 x 1.97 us = 31.52 us
SSM_CONV: 22 x 2.365 us = 52.04 us
Total time: 7725.96 us.
----------------
Vulkan Timings:
ADD: 22 x 2.376 us = 52.28 us
CONCAT: 22 x 2.378 us = 52.32 us
CPY: 22 x 2.36 us = 51.92 us
FLASH_ATTN_EXT dst(64,32,1,1),  q(64,1,32,1),  k(64,256,8,1),  v(64,256,8,1),  m(256,1,1,1): 8 x 10.51 us = 84.08 us (199.539 GFLOPS/s)
GET_ROWS: 24 x 2.056 us = 49.36 us
GLU: 30 x 2.378 us = 71.36 us
MUL: 44 x 2.508 us = 110.36 us
MUL_MAT f32 m=64 n=32 k=64: 16 x 2.172 us = 34.76 us (119.722 GFLOPS/s)
MUL_MAT_ADD MUL_MAT_VEC q4_0_rocmfp4_fast m=2048 n=1 k=10752: 30 x 52.156 us = 1564.68 us (844.354 GFLOPS/s)
MUL_MAT_ADD MUL_MAT_VEC q4_0_rocmfp4_fast m=2048 n=1 k=2048: 8 x 12.785 us = 102.28 us (655.969 GFLOPS/s)
MUL_MAT_VEC f32 m=64 n=8 k=64: 16 x 2.115 us = 33.84 us (30.7442 GFLOPS/s)
MUL_MAT_VEC q4_0_rocmfp4_fast m=10752 n=1 k=2048: 60 x 50.664 us = 3039.84 us (869.048 GFLOPS/s)
MUL_MAT_VEC q4_0_rocmfp4_fast m=2048 n=1 k=2048: 30 x 13.788 us = 413.64 us (608.251 GFLOPS/s)
MUL_MAT_VEC q4_0_rocmfp4_fast m=512 n=1 k=2048: 16 x 2.587 us = 41.4 us (810.296 GFLOPS/s)
MUL_MAT_VEC q4_0_rocmfp4_fast m=6144 n=1 k=2048: 22 x 31.729 us = 698.04 us (792.953 GFLOPS/s)
MUL_MAT_VEC q6_K m=128000 n=1 k=2048: 1 x 873.64 us = 873.64 us (599.973 GFLOPS/s)
RMS_NORM_MUL RMS_NORM(2048,1,1,1): 61 x 3.718 us = 226.84 us
RMS_NORM_MUL_ROPE RMS_NORM(64,32,1,1): 8 x 3.925 us = 31.4 us
RMS_NORM_MUL_ROPE RMS_NORM(64,8,1,1): 8 x 3.475 us = 27.8 us
SET_ROWS: 16 x 2.007 us = 32.12 us
SSM_CONV: 22 x 2.398 us = 52.76 us
Total time: 7644.72 us.
----------------
Vulkan Timings:
ADD: 22 x 2.387 us = 52.52 us
CONCAT: 22 x 2.36 us = 51.92 us
CPY: 22 x 2.349 us = 51.68 us
FLASH_ATTN_EXT dst(64,32,1,1),  q(64,1,32,1),  k(64,256,8,1),  v(64,256,8,1),  m(256,1,1,1): 8 x 11.605 us = 92.84 us (180.711 GFLOPS/s)
GET_ROWS: 24 x 2.363 us = 56.72 us
GLU: 30 x 2.378 us = 71.36 us
MUL: 44 x 2.496 us = 109.84 us
MUL_MAT f32 m=64 n=32 k=64: 16 x 2.177 us = 34.84 us (119.447 GFLOPS/s)
MUL_MAT_ADD MUL_MAT_VEC q4_0_rocmfp4_fast m=2048 n=1 k=10752: 30 x 52.377 us = 1571.32 us (840.786 GFLOPS/s)
MUL_MAT_ADD MUL_MAT_VEC q4_0_rocmfp4_fast m=2048 n=1 k=2048: 8 x 12.785 us = 102.28 us (655.969 GFLOPS/s)
MUL_MAT_VEC f32 m=64 n=8 k=64: 16 x 2.127 us = 34.04 us (30.5636 GFLOPS/s)
MUL_MAT_VEC q4_0_rocmfp4_fast m=10752 n=1 k=2048: 60 x 50.93 us = 3055.84 us (864.498 GFLOPS/s)
MUL_MAT_VEC q4_0_rocmfp4_fast m=2048 n=1 k=2048: 30 x 13.748 us = 412.44 us (610.02 GFLOPS/s)
MUL_MAT_VEC q4_0_rocmfp4_fast m=512 n=1 k=2048: 16 x 3.415 us = 54.64 us (613.95 GFLOPS/s)
MUL_MAT_VEC q4_0_rocmfp4_fast m=6144 n=1 k=2048: 22 x 31.827 us = 700.2 us (790.507 GFLOPS/s)
MUL_MAT_VEC q6_K m=128000 n=1 k=2048: 1 x 880.4 us = 880.4 us (595.366 GFLOPS/s)
RMS_NORM_MUL RMS_NORM(2048,1,1,1): 61 x 3.855 us = 235.2 us
RMS_NORM_MUL_ROPE RMS_NORM(64,32,1,1): 8 x 6.3 us = 50.4 us
RMS_NORM_MUL_ROPE RMS_NORM(64,8,1,1): 8 x 3.54 us = 28.32 us
SET_ROWS: 16 x 2.2 us = 35.2 us
SSM_CONV: 22 x 2.356 us = 51.84 us
Total time: 7733.84 us.
----------------
Vulkan Timings:
ADD: 22 x 2.345 us = 51.6 us
CONCAT: 22 x 2.347 us = 51.64 us
CPY: 22 x 2.321 us = 51.08 us
FLASH_ATTN_EXT dst(64,32,1,1),  q(64,1,32,1),  k(64,256,8,1),  v(64,256,8,1),  m(256,1,1,1): 8 x 10.505 us = 84.04 us (199.634 GFLOPS/s)
GET_ROWS: 24 x 2.233 us = 53.6 us
GLU: 30 x 2.377 us = 71.32 us
MUL: 44 x 2.486 us = 109.4 us
MUL_MAT f32 m=64 n=32 k=64: 16 x 2.17 us = 34.72 us (119.86 GFLOPS/s)
MUL_MAT_ADD MUL_MAT_VEC q4_0_rocmfp4_fast m=2048 n=1 k=10752: 30 x 52.389 us = 1571.68 us (840.594 GFLOPS/s)
MUL_MAT_ADD MUL_MAT_VEC q4_0_rocmfp4_fast m=2048 n=1 k=2048: 8 x 12.69 us = 101.52 us (660.879 GFLOPS/s)
MUL_MAT_VEC f32 m=64 n=8 k=64: 16 x 2.102 us = 33.64 us (30.927 GFLOPS/s)
MUL_MAT_VEC q4_0_rocmfp4_fast m=10752 n=1 k=2048: 60 x 51.111 us = 3066.68 us (861.442 GFLOPS/s)
MUL_MAT_VEC q4_0_rocmfp4_fast m=2048 n=1 k=2048: 30 x 13.808 us = 414.24 us (607.37 GFLOPS/s)
MUL_MAT_VEC q4_0_rocmfp4_fast m=512 n=1 k=2048: 16 x 2.655 us = 42.48 us (789.695 GFLOPS/s)
MUL_MAT_VEC q4_0_rocmfp4_fast m=6144 n=1 k=2048: 22 x 32.074 us = 705.64 us (784.413 GFLOPS/s)
MUL_MAT_VEC q6_K m=128000 n=1 k=2048: 1 x 881.4 us = 881.4 us (594.69 GFLOPS/s)
RMS_NORM_MUL RMS_NORM(2048,1,1,1): 61 x 3.836 us = 234.04 us
RMS_NORM_MUL_ROPE RMS_NORM(64,32,1,1): 8 x 4.13 us = 33.04 us
RMS_NORM_MUL_ROPE RMS_NORM(64,8,1,1): 8 x 6.23 us = 49.84 us
SET_ROWS: 16 x 2.052 us = 32.84 us
SSM_CONV: 22 x 2.332 us = 51.32 us
Total time: 7725.76 us.
----------------
Vulkan Timings:
ADD: 22 x 2.352 us = 51.76 us
CONCAT: 22 x 2.349 us = 51.68 us
CPY: 22 x 2.32 us = 51.04 us
FLASH_ATTN_EXT dst(64,32,1,1),  q(64,1,32,1),  k(64,256,8,1),  v(64,256,8,1),  m(256,1,1,1): 8 x 12.09 us = 96.72 us (173.462 GFLOPS/s)
GET_ROWS: 24 x 2.706 us = 64.96 us
GLU: 30 x 2.341 us = 70.24 us
MUL: 44 x 2.468 us = 108.6 us
MUL_MAT f32 m=64 n=32 k=64: 16 x 2.137 us = 34.2 us (121.682 GFLOPS/s)
MUL_MAT_ADD MUL_MAT_VEC q4_0_rocmfp4_fast m=2048 n=1 k=10752: 30 x 52.285 us = 1568.56 us (842.266 GFLOPS/s)
MUL_MAT_ADD MUL_MAT_VEC q4_0_rocmfp4_fast m=2048 n=1 k=2048: 8 x 12.85 us = 102.8 us (652.651 GFLOPS/s)
MUL_MAT_VEC f32 m=64 n=8 k=64: 16 x 2.102 us = 33.64 us (30.927 GFLOPS/s)
MUL_MAT_VEC q4_0_rocmfp4_fast m=10752 n=1 k=2048: 60 x 50.9 us = 3054 us (865.018 GFLOPS/s)
MUL_MAT_VEC q4_0_rocmfp4_fast m=2048 n=1 k=2048: 30 x 13.757 us = 412.72 us (609.607 GFLOPS/s)
MUL_MAT_VEC q4_0_rocmfp4_fast m=512 n=1 k=2048: 16 x 2.847 us = 45.56 us (736.309 GFLOPS/s)
MUL_MAT_VEC q4_0_rocmfp4_fast m=6144 n=1 k=2048: 22 x 31.71 us = 697.64 us (793.408 GFLOPS/s)
MUL_MAT_VEC q6_K m=128000 n=1 k=2048: 1 x 881.64 us = 881.64 us (594.528 GFLOPS/s)
RMS_NORM_MUL RMS_NORM(2048,1,1,1): 61 x 3.754 us = 229.04 us
RMS_NORM_MUL_ROPE RMS_NORM(64,32,1,1): 8 x 4.04 us = 32.32 us
RMS_NORM_MUL_ROPE RMS_NORM(64,8,1,1): 8 x 3.39 us = 27.12 us
SET_ROWS: 16 x 1.955 us = 31.28 us
SSM_CONV: 22 x 2.325 us = 51.16 us
Total time: 7696.68 us.
----------------
Vulkan Timings:
ADD: 22 x 2.336 us = 51.4 us
CONCAT: 22 x 2.327 us = 51.2 us
CPY: 22 x 2.31 us = 50.84 us
FLASH_ATTN_EXT dst(64,32,1,1),  q(64,1,32,1),  k(64,256,8,1),  v(64,256,8,1),  m(256,1,1,1): 8 x 10.7 us = 85.6 us (195.996 GFLOPS/s)
GET_ROWS: 24 x 2.003 us = 48.08 us
GLU: 30 x 2.348 us = 70.44 us
MUL: 44 x 2.466 us = 108.52 us
MUL_MAT f32 m=64 n=32 k=64: 16 x 2.127 us = 34.04 us (122.254 GFLOPS/s)
MUL_MAT_ADD MUL_MAT_VEC q4_0_rocmfp4_fast m=2048 n=1 k=10752: 30 x 52.745 us = 1582.36 us (834.92 GFLOPS/s)
MUL_MAT_ADD MUL_MAT_VEC q4_0_rocmfp4_fast m=2048 n=1 k=2048: 8 x 12.78 us = 102.24 us (656.225 GFLOPS/s)
MUL_MAT_VEC f32 m=64 n=8 k=64: 16 x 2.102 us = 33.64 us (30.927 GFLOPS/s)
MUL_MAT_VEC q4_0_rocmfp4_fast m=10752 n=1 k=2048: 60 x 51.407 us = 3084.44 us (856.482 GFLOPS/s)
MUL_MAT_VEC q4_0_rocmfp4_fast m=2048 n=1 k=2048: 30 x 13.844 us = 415.32 us (605.79 GFLOPS/s)
MUL_MAT_VEC q4_0_rocmfp4_fast m=512 n=1 k=2048: 16 x 2.577 us = 41.24 us (813.439 GFLOPS/s)
MUL_MAT_VEC q4_0_rocmfp4_fast m=6144 n=1 k=2048: 22 x 31.703 us = 697.48 us (793.59 GFLOPS/s)
MUL_MAT_VEC q6_K m=128000 n=1 k=2048: 1 x 879.76 us = 879.76 us (595.799 GFLOPS/s)
RMS_NORM_MUL RMS_NORM(2048,1,1,1): 61 x 3.967 us = 242 us
RMS_NORM_MUL_ROPE RMS_NORM(64,32,1,1): 8 x 4.005 us = 32.04 us
RMS_NORM_MUL_ROPE RMS_NORM(64,8,1,1): 8 x 3.52 us = 28.16 us
SET_ROWS: 16 x 2.092 us = 33.48 us
SSM_CONV: 22 x 2.325 us = 51.16 us
Total time: 7723.44 us.
----------------
Vulkan Timings:
ADD: 22 x 2.3 us = 50.6 us
CONCAT: 22 x 2.301 us = 50.64 us
CPY: 22 x 2.298 us = 50.56 us
FLASH_ATTN_EXT dst(64,32,1,1),  q(64,1,32,1),  k(64,256,8,1),  v(64,256,8,1),  m(256,1,1,1): 8 x 11.18 us = 89.44 us (187.581 GFLOPS/s)
GET_ROWS: 24 x 2.653 us = 63.68 us
GLU: 30 x 2.322 us = 69.68 us
MUL: 44 x 2.476 us = 108.96 us
MUL_MAT f32 m=64 n=32 k=64: 16 x 2.19 us = 35.04 us (118.765 GFLOPS/s)
MUL_MAT_ADD MUL_MAT_VEC q4_0_rocmfp4_fast m=2048 n=1 k=10752: 30 x 52.428 us = 1572.84 us (839.974 GFLOPS/s)
MUL_MAT_ADD MUL_MAT_VEC q4_0_rocmfp4_fast m=2048 n=1 k=2048: 8 x 13.48 us = 107.84 us (622.148 GFLOPS/s)
MUL_MAT_VEC f32 m=64 n=8 k=64: 16 x 2.14 us = 34.24 us (30.385 GFLOPS/s)
MUL_MAT_VEC q4_0_rocmfp4_fast m=10752 n=1 k=2048: 60 x 50.703 us = 3042.2 us (868.374 GFLOPS/s)
MUL_MAT_VEC q4_0_rocmfp4_fast m=2048 n=1 k=2048: 30 x 13.798 us = 413.96 us (607.78 GFLOPS/s)
MUL_MAT_VEC q4_0_rocmfp4_fast m=512 n=1 k=2048: 16 x 2.562 us = 41 us (818.201 GFLOPS/s)
MUL_MAT_VEC q4_0_rocmfp4_fast m=6144 n=1 k=2048: 22 x 32.292 us = 710.44 us (779.113 GFLOPS/s)
MUL_MAT_VEC q6_K m=128000 n=1 k=2048: 1 x 880.88 us = 880.88 us (595.041 GFLOPS/s)
RMS_NORM_MUL RMS_NORM(2048,1,1,1): 61 x 3.756 us = 229.12 us
RMS_NORM_MUL_ROPE RMS_NORM(64,32,1,1): 8 x 3.985 us = 31.88 us
RMS_NORM_MUL_ROPE RMS_NORM(64,8,1,1): 8 x 3.37 us = 26.96 us
SET_ROWS: 16 x 1.972 us = 31.56 us
SSM_CONV: 22 x 2.307 us = 50.76 us
Total time: 7692.28 us.
----------------
Vulkan Timings:
ADD: 22 x 2.301 us = 50.64 us
CONCAT: 22 x 2.309 us = 50.8 us
CPY: 22 x 2.278 us = 50.12 us
FLASH_ATTN_EXT dst(64,32,1,1),  q(64,1,32,1),  k(64,256,8,1),  v(64,256,8,1),  m(256,1,1,1): 8 x 10.64 us = 85.12 us (197.101 GFLOPS/s)
GET_ROWS: 24 x 2 us = 48 us
GLU: 30 x 2.317 us = 69.52 us
MUL: 44 x 2.441 us = 107.44 us
MUL_MAT f32 m=64 n=32 k=64: 16 x 2.107 us = 33.72 us (123.414 GFLOPS/s)
MUL_MAT_ADD MUL_MAT_VEC q4_0_rocmfp4_fast m=2048 n=1 k=10752: 30 x 52.654 us = 1579.64 us (836.358 GFLOPS/s)
MUL_MAT_ADD MUL_MAT_VEC q4_0_rocmfp4_fast m=2048 n=1 k=2048: 8 x 12.85 us = 102.8 us (652.651 GFLOPS/s)
MUL_MAT_VEC f32 m=64 n=8 k=64: 16 x 2.075 us = 33.2 us (31.3369 GFLOPS/s)
MUL_MAT_VEC q4_0_rocmfp4_fast m=10752 n=1 k=2048: 60 x 51.068 us = 3064.12 us (862.162 GFLOPS/s)
MUL_MAT_VEC q4_0_rocmfp4_fast m=2048 n=1 k=2048: 30 x 13.785 us = 413.56 us (608.368 GFLOPS/s)
MUL_MAT_VEC q4_0_rocmfp4_fast m=512 n=1 k=2048: 16 x 2.562 us = 41 us (818.201 GFLOPS/s)
MUL_MAT_VEC q4_0_rocmfp4_fast m=6144 n=1 k=2048: 22 x 31.74 us = 698.28 us (792.681 GFLOPS/s)
MUL_MAT_VEC q6_K m=128000 n=1 k=2048: 1 x 871.2 us = 871.2 us (601.653 GFLOPS/s)
RMS_NORM_MUL RMS_NORM(2048,1,1,1): 61 x 3.708 us = 226.24 us
RMS_NORM_MUL_ROPE RMS_NORM(64,32,1,1): 8 x 3.885 us = 31.08 us
RMS_NORM_MUL_ROPE RMS_NORM(64,8,1,1): 8 x 3.385 us = 27.08 us
SET_ROWS: 16 x 1.997 us = 31.96 us
SSM_CONV: 22 x 2.3 us = 50.6 us
Total time: 7666.12 us.
----------------
Vulkan Timings:
ADD: 22 x 2.301 us = 50.64 us
CONCAT: 22 x 2.51 us = 55.24 us
CPY: 22 x 2.31 us = 50.84 us
FLASH_ATTN_EXT dst(64,32,1,1),  q(64,1,32,1),  k(64,256,8,1),  v(64,256,8,1),  m(256,1,1,1): 8 x 10.665 us = 85.32 us (196.639 GFLOPS/s)
GET_ROWS: 24 x 2.006 us = 48.16 us
GLU: 30 x 2.882 us = 86.48 us
MUL: 44 x 2.495 us = 109.8 us
MUL_MAT f32 m=64 n=32 k=64: 16 x 2.095 us = 33.52 us (124.151 GFLOPS/s)
MUL_MAT_ADD MUL_MAT_VEC q4_0_rocmfp4_fast m=2048 n=1 k=10752: 30 x 52.565 us = 1576.96 us (837.779 GFLOPS/s)
MUL_MAT_ADD MUL_MAT_VEC q4_0_rocmfp4_fast m=2048 n=1 k=2048: 8 x 12.895 us = 103.16 us (650.373 GFLOPS/s)
MUL_MAT_VEC f32 m=64 n=8 k=64: 16 x 2.105 us = 33.68 us (30.8903 GFLOPS/s)
MUL_MAT_VEC q4_0_rocmfp4_fast m=10752 n=1 k=2048: 60 x 51.05 us = 3063 us (862.477 GFLOPS/s)
MUL_MAT_VEC q4_0_rocmfp4_fast m=2048 n=1 k=2048: 30 x 13.786 us = 413.6 us (608.309 GFLOPS/s)
MUL_MAT_VEC q4_0_rocmfp4_fast m=512 n=1 k=2048: 16 x 2.587 us = 41.4 us (810.296 GFLOPS/s)
MUL_MAT_VEC q4_0_rocmfp4_fast m=6144 n=1 k=2048: 22 x 31.967 us = 703.28 us (787.045 GFLOPS/s)
MUL_MAT_VEC q6_K m=128000 n=1 k=2048: 1 x 879.76 us = 879.76 us (595.799 GFLOPS/s)
RMS_NORM_MUL RMS_NORM(2048,1,1,1): 61 x 3.685 us = 224.84 us
RMS_NORM_MUL_ROPE RMS_NORM(64,32,1,1): 8 x 3.945 us = 31.56 us
RMS_NORM_MUL_ROPE RMS_NORM(64,8,1,1): 8 x 3.425 us = 27.4 us
SET_ROWS: 16 x 1.935 us = 30.96 us
SSM_CONV: 22 x 2.301 us = 50.64 us
Total time: 7700.24 us.
----------------
Vulkan Timings:
ADD: 22 x 2.31 us = 50.84 us
CONCAT: 22 x 2.309 us = 50.8 us
CPY: 22 x 2.281 us = 50.2 us
FLASH_ATTN_EXT dst(64,32,1,1),  q(64,1,32,1),  k(64,256,8,1),  v(64,256,8,1),  m(256,1,1,1): 8 x 11.26 us = 90.08 us (186.248 GFLOPS/s)
GET_ROWS: 24 x 2.236 us = 53.68 us
GLU: 30 x 2.32 us = 69.6 us
MUL: 44 x 2.427 us = 106.8 us
MUL_MAT f32 m=64 n=32 k=64: 16 x 2.265 us = 36.24 us (114.833 GFLOPS/s)
MUL_MAT_ADD MUL_MAT_VEC q4_0_rocmfp4_fast m=2048 n=1 k=10752: 30 x 52.018 us = 1560.56 us (846.583 GFLOPS/s)
MUL_MAT_ADD MUL_MAT_VEC q4_0_rocmfp4_fast m=2048 n=1 k=2048: 8 x 14.31 us = 114.48 us (586.063 GFLOPS/s)
MUL_MAT_VEC f32 m=64 n=8 k=64: 16 x 2.02 us = 32.32 us (32.1901 GFLOPS/s)
MUL_MAT_VEC q4_0_rocmfp4_fast m=10752 n=1 k=2048: 60 x 51.052 us = 3063.12 us (862.443 GFLOPS/s)
MUL_MAT_VEC q4_0_rocmfp4_fast m=2048 n=1 k=2048: 30 x 13.789 us = 413.68 us (608.192 GFLOPS/s)
MUL_MAT_VEC q4_0_rocmfp4_fast m=512 n=1 k=2048: 16 x 2.655 us = 42.48 us (789.695 GFLOPS/s)
MUL_MAT_VEC q4_0_rocmfp4_fast m=6144 n=1 k=2048: 22 x 31.69 us = 697.2 us (793.908 GFLOPS/s)
MUL_MAT_VEC q6_K m=128000 n=1 k=2048: 1 x 881.12 us = 881.12 us (594.879 GFLOPS/s)
RMS_NORM_MUL RMS_NORM(2048,1,1,1): 61 x 3.76 us = 229.4 us
RMS_NORM_MUL_ROPE RMS_NORM(64,32,1,1): 8 x 3.9 us = 31.2 us
RMS_NORM_MUL_ROPE RMS_NORM(64,8,1,1): 8 x 3.315 us = 26.52 us
SET_ROWS: 16 x 2.022 us = 32.36 us
SSM_CONV: 22 x 2.289 us = 50.36 us
Total time: 7683.04 us.
----------------
Vulkan Timings:
ADD: 22 x 2.301 us = 50.64 us
CONCAT: 22 x 2.42 us = 53.24 us
CPY: 22 x 2.26 us = 49.72 us
FLASH_ATTN_EXT dst(64,32,1,1),  q(64,1,32,1),  k(64,256,8,1),  v(64,256,8,1),  m(256,1,1,1): 8 x 10.65 us = 85.2 us (196.916 GFLOPS/s)
GET_ROWS: 24 x 2.325 us = 55.8 us
GLU: 30 x 2.29 us = 68.72 us
MUL: 44 x 2.424 us = 106.68 us
MUL_MAT f32 m=64 n=32 k=64: 16 x 2.127 us = 34.04 us (122.254 GFLOPS/s)
MUL_MAT_ADD MUL_MAT_VEC q4_0_rocmfp4_fast m=2048 n=1 k=10752: 30 x 52.566 us = 1577 us (837.758 GFLOPS/s)
MUL_MAT_ADD MUL_MAT_VEC q4_0_rocmfp4_fast m=2048 n=1 k=2048: 8 x 12.885 us = 103.08 us (650.878 GFLOPS/s)
MUL_MAT_VEC f32 m=64 n=8 k=64: 16 x 2.122 us = 33.96 us (30.6356 GFLOPS/s)
MUL_MAT_VEC q4_0_rocmfp4_fast m=10752 n=1 k=2048: 60 x 50.958 us = 3057.52 us (864.023 GFLOPS/s)
MUL_MAT_VEC q4_0_rocmfp4_fast m=2048 n=1 k=2048: 30 x 13.806 us = 414.2 us (607.428 GFLOPS/s)
MUL_MAT_VEC q4_0_rocmfp4_fast m=512 n=1 k=2048: 16 x 2.577 us = 41.24 us (813.439 GFLOPS/s)
MUL_MAT_VEC q4_0_rocmfp4_fast m=6144 n=1 k=2048: 22 x 31.687 us = 697.12 us (794 GFLOPS/s)
MUL_MAT_VEC q6_K m=128000 n=1 k=2048: 1 x 880.12 us = 880.12 us (595.555 GFLOPS/s)
RMS_NORM_MUL RMS_NORM(2048,1,1,1): 61 x 3.887 us = 237.16 us
RMS_NORM_MUL_ROPE RMS_NORM(64,32,1,1): 8 x 3.96 us = 31.68 us
RMS_NORM_MUL_ROPE RMS_NORM(64,8,1,1): 8 x 3.37 us = 26.96 us
SET_ROWS: 16 x 2.02 us = 32.32 us
SSM_CONV: 22 x 3.249 us = 71.48 us
Total time: 7707.88 us.
----------------
Vulkan Timings:
ADD: 22 x 2.698 us = 59.36 us
CONCAT: 22 x 2.31 us = 50.84 us
CPY: 22 x 2.307 us = 50.76 us
FLASH_ATTN_EXT dst(64,32,1,1),  q(64,1,32,1),  k(64,256,8,1),  v(64,256,8,1),  m(256,1,1,1): 8 x 10.55 us = 84.4 us (198.782 GFLOPS/s)
GET_ROWS: 24 x 2.49 us = 59.76 us
GLU: 30 x 2.314 us = 69.44 us
MUL: 44 x 2.432 us = 107.04 us
MUL_MAT f32 m=64 n=32 k=64: 16 x 2.095 us = 33.52 us (124.151 GFLOPS/s)
MUL_MAT_ADD MUL_MAT_VEC q4_0_rocmfp4_fast m=2048 n=1 k=10752: 30 x 52.428 us = 1572.84 us (839.974 GFLOPS/s)
MUL_MAT_ADD MUL_MAT_VEC q4_0_rocmfp4_fast m=2048 n=1 k=2048: 8 x 12.745 us = 101.96 us (658.027 GFLOPS/s)
MUL_MAT_VEC f32 m=64 n=8 k=64: 16 x 2.095 us = 33.52 us (31.0377 GFLOPS/s)
MUL_MAT_VEC q4_0_rocmfp4_fast m=10752 n=1 k=2048: 60 x 50.908 us = 3054.52 us (864.871 GFLOPS/s)
MUL_MAT_VEC q4_0_rocmfp4_fast m=2048 n=1 k=2048: 30 x 14.38 us = 431.4 us (583.21 GFLOPS/s)
MUL_MAT_VEC q4_0_rocmfp4_fast m=512 n=1 k=2048: 16 x 2.54 us = 40.64 us (825.449 GFLOPS/s)
MUL_MAT_VEC q4_0_rocmfp4_fast m=6144 n=1 k=2048: 22 x 31.729 us = 698.04 us (792.953 GFLOPS/s)
MUL_MAT_VEC q6_K m=128000 n=1 k=2048: 1 x 882.92 us = 882.92 us (593.666 GFLOPS/s)
RMS_NORM_MUL RMS_NORM(2048,1,1,1): 61 x 3.769 us = 229.96 us
RMS_NORM_MUL_ROPE RMS_NORM(64,32,1,1): 8 x 3.895 us = 31.16 us
RMS_NORM_MUL_ROPE RMS_NORM(64,8,1,1): 8 x 3.365 us = 26.92 us
SET_ROWS: 16 x 1.997 us = 31.96 us
SSM_CONV: 22 x 2.305 us = 50.72 us
Total time: 7701.68 us.
----------------
Vulkan Timings:
ADD: 22 x 2.432 us = 53.52 us
CONCAT: 22 x 2.601 us = 57.24 us
CPY: 22 x 2.674 us = 58.84 us
FLASH_ATTN_EXT dst(64,32,1,1),  q(64,1,32,1),  k(64,256,8,1),  v(64,256,8,1),  m(256,1,1,1): 8 x 10.575 us = 84.6 us (198.312 GFLOPS/s)
GET_ROWS: 24 x 2.006 us = 48.16 us
GLU: 30 x 2.366 us = 71 us
MUL: 44 x 2.436 us = 107.2 us
MUL_MAT f32 m=64 n=32 k=64: 16 x 2.112 us = 33.8 us (123.122 GFLOPS/s)
MUL_MAT_ADD MUL_MAT_VEC q4_0_rocmfp4_fast m=2048 n=1 k=10752: 30 x 52.297 us = 1568.92 us (842.072 GFLOPS/s)
MUL_MAT_ADD MUL_MAT_VEC q4_0_rocmfp4_fast m=2048 n=1 k=2048: 8 x 12.56 us = 100.48 us (667.72 GFLOPS/s)
MUL_MAT_VEC f32 m=64 n=8 k=64: 16 x 2.11 us = 33.76 us (30.8171 GFLOPS/s)
MUL_MAT_VEC q4_0_rocmfp4_fast m=10752 n=1 k=2048: 60 x 51.034 us = 3062.04 us (862.747 GFLOPS/s)
MUL_MAT_VEC q4_0_rocmfp4_fast m=2048 n=1 k=2048: 30 x 14.109 us = 423.28 us (594.398 GFLOPS/s)
MUL_MAT_VEC q4_0_rocmfp4_fast m=512 n=1 k=2048: 16 x 2.565 us = 41.04 us (817.404 GFLOPS/s)
MUL_MAT_VEC q4_0_rocmfp4_fast m=6144 n=1 k=2048: 22 x 31.723 us = 697.92 us (793.089 GFLOPS/s)
MUL_MAT_VEC q6_K m=128000 n=1 k=2048: 1 x 881.24 us = 881.24 us (594.798 GFLOPS/s)
RMS_NORM_MUL RMS_NORM(2048,1,1,1): 61 x 3.76 us = 229.4 us
RMS_NORM_MUL_ROPE RMS_NORM(64,32,1,1): 8 x 3.925 us = 31.4 us
RMS_NORM_MUL_ROPE RMS_NORM(64,8,1,1): 8 x 3.4 us = 27.2 us
SET_ROWS: 16 x 1.942 us = 31.08 us
SSM_CONV: 22 x 2.327 us = 51.2 us
Total time: 7693.32 us.
----------------
Vulkan Timings:
ADD: 22 x 2.378 us = 52.32 us
CONCAT: 22 x 2.323 us = 51.12 us
CPY: 22 x 2.307 us = 50.76 us
FLASH_ATTN_EXT dst(64,32,1,1),  q(64,1,32,1),  k(64,256,8,1),  v(64,256,8,1),  m(256,1,1,1): 8 x 10.51 us = 84.08 us (199.539 GFLOPS/s)
GET_ROWS: 24 x 1.978 us = 47.48 us
GLU: 30 x 2.32 us = 69.6 us
MUL: 44 x 2.444 us = 107.56 us
MUL_MAT f32 m=64 n=32 k=64: 16 x 2.102 us = 33.64 us (123.708 GFLOPS/s)
MUL_MAT_ADD MUL_MAT_VEC q4_0_rocmfp4_fast m=2048 n=1 k=10752: 30 x 52.344 us = 1570.32 us (841.322 GFLOPS/s)
MUL_MAT_ADD MUL_MAT_VEC q4_0_rocmfp4_fast m=2048 n=1 k=2048: 8 x 12.75 us = 102 us (657.769 GFLOPS/s)
MUL_MAT_VEC f32 m=64 n=8 k=64: 16 x 2.155 us = 34.48 us (30.1735 GFLOPS/s)
MUL_MAT_VEC q4_0_rocmfp4_fast m=10752 n=1 k=2048: 60 x 51.236 us = 3074.16 us (859.346 GFLOPS/s)
MUL_MAT_VEC q4_0_rocmfp4_fast m=2048 n=1 k=2048: 30 x 13.842 us = 415.28 us (605.849 GFLOPS/s)
MUL_MAT_VEC q4_0_rocmfp4_fast m=512 n=1 k=2048: 16 x 2.607 us = 41.72 us (804.081 GFLOPS/s)
MUL_MAT_VEC q4_0_rocmfp4_fast m=6144 n=1 k=2048: 22 x 32.361 us = 711.96 us (777.45 GFLOPS/s)
MUL_MAT_VEC q6_K m=128000 n=1 k=2048: 1 x 872.4 us = 872.4 us (600.825 GFLOPS/s)
RMS_NORM_MUL RMS_NORM(2048,1,1,1): 61 x 3.832 us = 233.8 us
RMS_NORM_MUL_ROPE RMS_NORM(64,32,1,1): 8 x 3.835 us = 30.68 us
RMS_NORM_MUL_ROPE RMS_NORM(64,8,1,1): 8 x 3.28 us = 26.24 us
SET_ROWS: 16 x 1.972 us = 31.56 us
SSM_CONV: 22 x 2.292 us = 50.44 us
Total time: 7691.6 us.
----------------
Vulkan Timings:
ADD: 22 x 2.329 us = 51.24 us
CONCAT: 22 x 2.32 us = 51.04 us
CPY: 22 x 2.303 us = 50.68 us
FLASH_ATTN_EXT dst(64,32,1,1),  q(64,1,32,1),  k(64,256,8,1),  v(64,256,8,1),  m(256,1,1,1): 8 x 10.65 us = 85.2 us (196.916 GFLOPS/s)
GET_ROWS: 24 x 2 us = 48 us
GLU: 30 x 2.32 us = 69.6 us
MUL: 44 x 2.44 us = 107.4 us
MUL_MAT f32 m=64 n=32 k=64: 16 x 2.125 us = 34 us (122.398 GFLOPS/s)
MUL_MAT_ADD MUL_MAT_VEC q4_0_rocmfp4_fast m=2048 n=1 k=10752: 30 x 53.145 us = 1594.36 us (828.636 GFLOPS/s)
MUL_MAT_ADD MUL_MAT_VEC q4_0_rocmfp4_fast m=2048 n=1 k=2048: 8 x 12.725 us = 101.8 us (659.062 GFLOPS/s)
MUL_MAT_VEC f32 m=64 n=8 k=64: 16 x 2.09 us = 33.44 us (31.112 GFLOPS/s)
MUL_MAT_VEC q4_0_rocmfp4_fast m=10752 n=1 k=2048: 60 x 51.856 us = 3111.36 us (849.071 GFLOPS/s)
MUL_MAT_VEC q4_0_rocmfp4_fast m=2048 n=1 k=2048: 30 x 13.79 us = 413.72 us (608.133 GFLOPS/s)
MUL_MAT_VEC q4_0_rocmfp4_fast m=512 n=1 k=2048: 16 x 2.58 us = 41.28 us (812.651 GFLOPS/s)
MUL_MAT_VEC q4_0_rocmfp4_fast m=6144 n=1 k=2048: 22 x 33.209 us = 730.6 us (757.614 GFLOPS/s)
MUL_MAT_VEC q6_K m=128000 n=1 k=2048: 1 x 874.84 us = 874.84 us (599.15 GFLOPS/s)
RMS_NORM_MUL RMS_NORM(2048,1,1,1): 61 x 3.64 us = 222.08 us
RMS_NORM_MUL_ROPE RMS_NORM(64,32,1,1): 8 x 3.885 us = 31.08 us
RMS_NORM_MUL_ROPE RMS_NORM(64,8,1,1): 8 x 3.4 us = 27.2 us
SET_ROWS: 16 x 1.945 us = 31.12 us
SSM_CONV: 22 x 2.31 us = 50.84 us
Total time: 7760.88 us.
----------------
Vulkan Timings:
ADD: 22 x 2.294 us = 50.48 us
CONCAT: 22 x 2.318 us = 51 us
CPY: 22 x 2.294 us = 50.48 us
FLASH_ATTN_EXT dst(64,32,1,1),  q(64,1,32,1),  k(64,256,8,1),  v(64,256,8,1),  m(256,1,1,1): 8 x 10.635 us = 85.08 us (197.193 GFLOPS/s)
GET_ROWS: 24 x 1.975 us = 47.4 us
GLU: 30 x 2.5 us = 75 us
MUL: 44 x 2.437 us = 107.24 us
MUL_MAT f32 m=64 n=32 k=64: 16 x 2.167 us = 34.68 us (119.998 GFLOPS/s)
MUL_MAT_ADD MUL_MAT_VEC q4_0_rocmfp4_fast m=2048 n=1 k=10752: 30 x 52.116 us = 1563.48 us (845.002 GFLOPS/s)
MUL_MAT_ADD MUL_MAT_VEC q4_0_rocmfp4_fast m=2048 n=1 k=2048: 8 x 12.785 us = 102.28 us (655.969 GFLOPS/s)
MUL_MAT_VEC f32 m=64 n=8 k=64: 16 x 2.07 us = 33.12 us (31.4126 GFLOPS/s)
MUL_MAT_VEC q4_0_rocmfp4_fast m=10752 n=1 k=2048: 60 x 51.062 us = 3063.72 us (862.274 GFLOPS/s)
MUL_MAT_VEC q4_0_rocmfp4_fast m=2048 n=1 k=2048: 30 x 13.765 us = 412.96 us (609.252 GFLOPS/s)
MUL_MAT_VEC q4_0_rocmfp4_fast m=512 n=1 k=2048: 16 x 2.57 us = 41.12 us (815.813 GFLOPS/s)
MUL_MAT_VEC q4_0_rocmfp4_fast m=6144 n=1 k=2048: 22 x 31.629 us = 695.84 us (795.46 GFLOPS/s)
MUL_MAT_VEC q6_K m=128000 n=1 k=2048: 1 x 928.6 us = 928.6 us (564.463 GFLOPS/s)
RMS_NORM_MUL RMS_NORM(2048,1,1,1): 61 x 4.026 us = 245.6 us
RMS_NORM_MUL_ROPE RMS_NORM(64,32,1,1): 8 x 3.93 us = 31.44 us
RMS_NORM_MUL_ROPE RMS_NORM(64,8,1,1): 8 x 3.415 us = 27.32 us
SET_ROWS: 16 x 1.93 us = 30.88 us
SSM_CONV: 22 x 2.312 us = 50.88 us
Total time: 7728.6 us.
----------------
Vulkan Timings:
ADD: 22 x 2.314 us = 50.92 us
CONCAT: 22 x 2.325 us = 51.16 us
CPY: 22 x 2.298 us = 50.56 us
FLASH_ATTN_EXT dst(64,32,1,1),  q(64,1,32,1),  k(64,256,8,1),  v(64,256,8,1),  m(256,1,1,1): 8 x 10.64 us = 85.12 us (197.101 GFLOPS/s)
GET_ROWS: 24 x 1.995 us = 47.88 us
GLU: 30 x 2.33 us = 69.92 us
MUL: 44 x 2.431 us = 107 us
MUL_MAT f32 m=64 n=32 k=64: 16 x 2.125 us = 34 us (122.398 GFLOPS/s)
MUL_MAT_ADD MUL_MAT_VEC q4_0_rocmfp4_fast m=2048 n=1 k=10752: 30 x 52.016 us = 1560.48 us (846.627 GFLOPS/s)
MUL_MAT_ADD MUL_MAT_VEC q4_0_rocmfp4_fast m=2048 n=1 k=2048: 8 x 12.705 us = 101.64 us (660.099 GFLOPS/s)
MUL_MAT_VEC f32 m=64 n=8 k=64: 16 x 2.08 us = 33.28 us (31.2615 GFLOPS/s)
MUL_MAT_VEC q4_0_rocmfp4_fast m=10752 n=1 k=2048: 60 x 51.156 us = 3069.36 us (860.69 GFLOPS/s)
MUL_MAT_VEC q4_0_rocmfp4_fast m=2048 n=1 k=2048: 30 x 13.806 us = 414.2 us (607.428 GFLOPS/s)
MUL_MAT_VEC q4_0_rocmfp4_fast m=512 n=1 k=2048: 16 x 2.592 us = 41.48 us (808.733 GFLOPS/s)
MUL_MAT_VEC q4_0_rocmfp4_fast m=6144 n=1 k=2048: 22 x 31.683 us = 697.04 us (794.091 GFLOPS/s)
MUL_MAT_VEC q6_K m=128000 n=1 k=2048: 1 x 925.28 us = 925.28 us (566.488 GFLOPS/s)
RMS_NORM_MUL RMS_NORM(2048,1,1,1): 61 x 3.744 us = 228.44 us
RMS_NORM_MUL_ROPE RMS_NORM(64,32,1,1): 8 x 3.85 us = 30.8 us
RMS_NORM_MUL_ROPE RMS_NORM(64,8,1,1): 8 x 3.435 us = 27.48 us
SET_ROWS: 16 x 1.942 us = 31.08 us
SSM_CONV: 22 x 2.312 us = 50.88 us
Total time: 7708 us.
----------------
Vulkan Timings:
ADD: 22 x 2.301 us = 50.64 us
CONCAT: 22 x 2.314 us = 50.92 us
CPY: 22 x 2.307 us = 50.76 us
FLASH_ATTN_EXT dst(64,32,1,1),  q(64,1,32,1),  k(64,256,8,1),  v(64,256,8,1),  m(256,1,1,1): 8 x 12.115 us = 96.92 us (173.104 GFLOPS/s)
GET_ROWS: 24 x 1.983 us = 47.6 us
GLU: 30 x 2.312 us = 69.36 us
MUL: 44 x 2.434 us = 107.12 us
MUL_MAT f32 m=64 n=32 k=64: 16 x 2.085 us = 33.36 us (124.746 GFLOPS/s)
MUL_MAT_ADD MUL_MAT_VEC q4_0_rocmfp4_fast m=2048 n=1 k=10752: 30 x 53.705 us = 1611.15 us (820.001 GFLOPS/s)
MUL_MAT_ADD MUL_MAT_VEC q4_0_rocmfp4_fast m=2048 n=1 k=2048: 8 x 12.79 us = 102.32 us (655.712 GFLOPS/s)
MUL_MAT_VEC f32 m=64 n=8 k=64: 16 x 2.132 us = 34.12 us (30.4919 GFLOPS/s)
MUL_MAT_VEC q4_0_rocmfp4_fast m=10752 n=1 k=2048: 60 x 51.241 us = 3074.48 us (859.256 GFLOPS/s)
MUL_MAT_VEC q4_0_rocmfp4_fast m=2048 n=1 k=2048: 30 x 14.07 us = 422.12 us (596.031 GFLOPS/s)
MUL_MAT_VEC q4_0_rocmfp4_fast m=512 n=1 k=2048: 16 x 2.877 us = 46.04 us (728.632 GFLOPS/s)
MUL_MAT_VEC q4_0_rocmfp4_fast m=6144 n=1 k=2048: 22 x 32.154 us = 707.4 us (782.461 GFLOPS/s)
MUL_MAT_VEC q6_K m=128000 n=1 k=2048: 1 x 881.68 us = 881.68 us (594.501 GFLOPS/s)
RMS_NORM_MUL RMS_NORM(2048,1,1,1): 61 x 3.852 us = 235 us
RMS_NORM_MUL_ROPE RMS_NORM(64,32,1,1): 8 x 3.9 us = 31.2 us
RMS_NORM_MUL_ROPE RMS_NORM(64,8,1,1): 8 x 3.405 us = 27.24 us
SET_ROWS: 16 x 1.952 us = 31.24 us
SSM_CONV: 22 x 2.305 us = 50.72 us
Total time: 7761.39 us.
----------------
Vulkan Timings:
ADD: 22 x 2.585 us = 56.88 us
CONCAT: 22 x 2.65 us = 58.32 us
CPY: 22 x 2.276 us = 50.08 us
FLASH_ATTN_EXT dst(64,32,1,1),  q(64,1,32,1),  k(64,256,8,1),  v(64,256,8,1),  m(256,1,1,1): 8 x 10.525 us = 84.2 us (199.254 GFLOPS/s)
GET_ROWS: 24 x 1.998 us = 47.96 us
GLU: 30 x 2.712 us = 81.36 us
MUL: 44 x 2.499 us = 109.96 us
MUL_MAT f32 m=64 n=32 k=64: 16 x 2.142 us = 34.28 us (121.398 GFLOPS/s)
MUL_MAT_ADD MUL_MAT_VEC q4_0_rocmfp4_fast m=2048 n=1 k=10752: 30 x 52.216 us = 1566.48 us (843.384 GFLOPS/s)
MUL_MAT_ADD MUL_MAT_VEC q4_0_rocmfp4_fast m=2048 n=1 k=2048: 8 x 12.71 us = 101.68 us (659.839 GFLOPS/s)
MUL_MAT_VEC f32 m=64 n=8 k=64: 16 x 2.087 us = 33.4 us (31.1492 GFLOPS/s)
MUL_MAT_VEC q4_0_rocmfp4_fast m=10752 n=1 k=2048: 60 x 50.779 us = 3046.76 us (867.074 GFLOPS/s)
MUL_MAT_VEC q4_0_rocmfp4_fast m=2048 n=1 k=2048: 30 x 14.386 us = 431.6 us (582.94 GFLOPS/s)
MUL_MAT_VEC q4_0_rocmfp4_fast m=512 n=1 k=2048: 16 x 2.605 us = 41.68 us (804.852 GFLOPS/s)
MUL_MAT_VEC q4_0_rocmfp4_fast m=6144 n=1 k=2048: 22 x 31.827 us = 700.2 us (790.507 GFLOPS/s)
MUL_MAT_VEC q6_K m=128000 n=1 k=2048: 1 x 879.96 us = 879.96 us (595.663 GFLOPS/s)
RMS_NORM_MUL RMS_NORM(2048,1,1,1): 61 x 3.72 us = 226.96 us
RMS_NORM_MUL_ROPE RMS_NORM(64,32,1,1): 8 x 3.84 us = 30.72 us
RMS_NORM_MUL_ROPE RMS_NORM(64,8,1,1): 8 x 3.4 us = 27.2 us
SET_ROWS: 16 x 1.98 us = 31.68 us
SSM_CONV: 22 x 2.901 us = 63.84 us
Total time: 7705.2 us.
----------------
Vulkan Timings:
ADD: 22 x 2.414 us = 53.12 us
CONCAT: 22 x 2.396 us = 52.72 us
CPY: 22 x 2.365 us = 52.04 us
FLASH_ATTN_EXT dst(64,32,1,1),  q(64,1,32,1),  k(64,256,8,1),  v(64,256,8,1),  m(256,1,1,1): 8 x 10.57 us = 84.56 us (198.406 GFLOPS/s)
GET_ROWS: 24 x 2.05 us = 49.2 us
GLU: 30 x 2.382 us = 71.48 us
MUL: 44 x 2.496 us = 109.84 us
MUL_MAT f32 m=64 n=32 k=64: 16 x 2.165 us = 34.64 us (120.137 GFLOPS/s)
MUL_MAT_ADD MUL_MAT_VEC q4_0_rocmfp4_fast m=2048 n=1 k=10752: 30 x 55.393 us = 1661.81 us (795.003 GFLOPS/s)
MUL_MAT_ADD MUL_MAT_VEC q4_0_rocmfp4_fast m=2048 n=1 k=2048: 8 x 12.835 us = 102.68 us (653.413 GFLOPS/s)
MUL_MAT_VEC f32 m=64 n=8 k=64: 16 x 2.107 us = 33.72 us (30.8536 GFLOPS/s)
MUL_MAT_VEC q4_0_rocmfp4_fast m=10752 n=1 k=2048: 60 x 54.162 us = 3249.72 us (812.921 GFLOPS/s)
MUL_MAT_VEC q4_0_rocmfp4_fast m=2048 n=1 k=2048: 30 x 13.934 us = 418.04 us (601.849 GFLOPS/s)
MUL_MAT_VEC q4_0_rocmfp4_fast m=512 n=1 k=2048: 16 x 2.58 us = 41.28 us (812.651 GFLOPS/s)
MUL_MAT_VEC q4_0_rocmfp4_fast m=6144 n=1 k=2048: 22 x 32.416 us = 713.16 us (776.141 GFLOPS/s)
MUL_MAT_VEC q6_K m=128000 n=1 k=2048: 1 x 879.64 us = 879.64 us (595.88 GFLOPS/s)
RMS_NORM_MUL RMS_NORM(2048,1,1,1): 61 x 3.751 us = 228.84 us
RMS_NORM_MUL_ROPE RMS_NORM(64,32,1,1): 8 x 3.905 us = 31.24 us
RMS_NORM_MUL_ROPE RMS_NORM(64,8,1,1): 8 x 3.47 us = 27.76 us
SET_ROWS: 16 x 1.975 us = 31.6 us
SSM_CONV: 22 x 2.367 us = 52.08 us
Total time: 7979.17 us.
----------------
Vulkan Timings:
ADD: 22 x 2.338 us = 51.44 us
CONCAT: 22 x 2.345 us = 51.6 us
CPY: 22 x 2.327 us = 51.2 us
FLASH_ATTN_EXT dst(64,32,1,1),  q(64,1,32,1),  k(64,256,8,1),  v(64,256,8,1),  m(256,1,1,1): 8 x 10.6 us = 84.8 us (197.845 GFLOPS/s)
GET_ROWS: 24 x 2.015 us = 48.36 us
GLU: 30 x 2.988 us = 89.64 us
MUL: 44 x 2.454 us = 108 us
MUL_MAT f32 m=64 n=32 k=64: 16 x 2.142 us = 34.28 us (121.398 GFLOPS/s)
MUL_MAT_ADD MUL_MAT_VEC q4_0_rocmfp4_fast m=2048 n=1 k=10752: 30 x 52.514 us = 1575.44 us (838.588 GFLOPS/s)
MUL_MAT_ADD MUL_MAT_VEC q4_0_rocmfp4_fast m=2048 n=1 k=2048: 8 x 12.725 us = 101.8 us (659.062 GFLOPS/s)
MUL_MAT_VEC f32 m=64 n=8 k=64: 16 x 2.097 us = 33.56 us (31.0007 GFLOPS/s)
MUL_MAT_VEC q4_0_rocmfp4_fast m=10752 n=1 k=2048: 60 x 51.3 us = 3078 us (858.274 GFLOPS/s)
MUL_MAT_VEC q4_0_rocmfp4_fast m=2048 n=1 k=2048: 30 x 13.929 us = 417.88 us (602.079 GFLOPS/s)
MUL_MAT_VEC q4_0_rocmfp4_fast m=512 n=1 k=2048: 16 x 2.577 us = 41.24 us (813.439 GFLOPS/s)
MUL_MAT_VEC q4_0_rocmfp4_fast m=6144 n=1 k=2048: 22 x 33.149 us = 729.28 us (758.986 GFLOPS/s)
MUL_MAT_VEC q6_K m=128000 n=1 k=2048: 1 x 895.96 us = 895.96 us (585.026 GFLOPS/s)
RMS_NORM_MUL RMS_NORM(2048,1,1,1): 61 x 3.735 us = 227.88 us
RMS_NORM_MUL_ROPE RMS_NORM(64,32,1,1): 8 x 3.9 us = 31.2 us
RMS_NORM_MUL_ROPE RMS_NORM(64,8,1,1): 8 x 3.415 us = 27.32 us
SET_ROWS: 16 x 2.002 us = 32.04 us
SSM_CONV: 22 x 2.352 us = 51.76 us
Total time: 7762.68 us.
----------------
Vulkan Timings:
ADD: 22 x 2.327 us = 51.2 us
CONCAT: 22 x 2.565 us = 56.44 us
CPY: 22 x 2.278 us = 50.12 us
FLASH_ATTN_EXT dst(64,32,1,1),  q(64,1,32,1),  k(64,256,8,1),  v(64,256,8,1),  m(256,1,1,1): 8 x 11.335 us = 90.68 us (185.016 GFLOPS/s)
GET_ROWS: 24 x 2.931 us = 70.36 us
GLU: 30 x 2.35 us = 70.52 us
MUL: 44 x 2.503 us = 110.16 us
MUL_MAT f32 m=64 n=32 k=64: 16 x 2.135 us = 34.16 us (121.825 GFLOPS/s)
MUL_MAT_ADD MUL_MAT_VEC q4_0_rocmfp4_fast m=2048 n=1 k=10752: 30 x 53.276 us = 1598.3 us (826.593 GFLOPS/s)
MUL_MAT_ADD MUL_MAT_VEC q4_0_rocmfp4_fast m=2048 n=1 k=2048: 8 x 12.675 us = 101.4 us (661.662 GFLOPS/s)
MUL_MAT_VEC f32 m=64 n=8 k=64: 16 x 2.12 us = 33.92 us (30.6717 GFLOPS/s)
MUL_MAT_VEC q4_0_rocmfp4_fast m=10752 n=1 k=2048: 60 x 53.045 us = 3182.71 us (830.037 GFLOPS/s)
MUL_MAT_VEC q4_0_rocmfp4_fast m=2048 n=1 k=2048: 30 x 13.808 us = 414.24 us (607.37 GFLOPS/s)
MUL_MAT_VEC q4_0_rocmfp4_fast m=512 n=1 k=2048: 16 x 2.575 us = 41.2 us (814.229 GFLOPS/s)
MUL_MAT_VEC q4_0_rocmfp4_fast m=6144 n=1 k=2048: 22 x 32.038 us = 704.84 us (785.303 GFLOPS/s)
MUL_MAT_VEC q6_K m=128000 n=1 k=2048: 1 x 872.88 us = 872.88 us (600.495 GFLOPS/s)
RMS_NORM_MUL RMS_NORM(2048,1,1,1): 61 x 3.751 us = 228.84 us
RMS_NORM_MUL_ROPE RMS_NORM(64,32,1,1): 8 x 3.875 us = 31 us
RMS_NORM_MUL_ROPE RMS_NORM(64,8,1,1): 8 x 3.46 us = 27.68 us
SET_ROWS: 16 x 1.997 us = 31.96 us
SSM_CONV: 22 x 2.88 us = 63.36 us
Total time: 7865.97 us.
----------------
Vulkan Timings:
ADD: 22 x 2.423 us = 53.32 us
CONCAT: 22 x 2.343 us = 51.56 us
CPY: 22 x 2.321 us = 51.08 us
FLASH_ATTN_EXT dst(64,32,1,1),  q(64,1,32,1),  k(64,256,8,1),  v(64,256,8,1),  m(256,1,1,1): 8 x 10.71 us = 85.68 us (195.813 GFLOPS/s)
GET_ROWS: 24 x 2.3 us = 55.2 us
GLU: 30 x 2.33 us = 69.92 us
MUL: 44 x 2.453 us = 107.96 us
MUL_MAT f32 m=64 n=32 k=64: 16 x 2.125 us = 34 us (122.398 GFLOPS/s)
MUL_MAT_ADD MUL_MAT_VEC q4_0_rocmfp4_fast m=2048 n=1 k=10752: 30 x 53.414 us = 1602.44 us (824.458 GFLOPS/s)
MUL_MAT_ADD MUL_MAT_VEC q4_0_rocmfp4_fast m=2048 n=1 k=2048: 8 x 12.77 us = 102.16 us (656.739 GFLOPS/s)
MUL_MAT_VEC f32 m=64 n=8 k=64: 16 x 2.105 us = 33.68 us (30.8903 GFLOPS/s)
MUL_MAT_VEC q4_0_rocmfp4_fast m=10752 n=1 k=2048: 60 x 51.97 us = 3118.24 us (847.198 GFLOPS/s)
MUL_MAT_VEC q4_0_rocmfp4_fast m=2048 n=1 k=2048: 30 x 13.773 us = 413.2 us (608.898 GFLOPS/s)
MUL_MAT_VEC q4_0_rocmfp4_fast m=512 n=1 k=2048: 16 x 2.552 us = 40.84 us (821.406 GFLOPS/s)
MUL_MAT_VEC q4_0_rocmfp4_fast m=6144 n=1 k=2048: 22 x 32.229 us = 709.04 us (780.651 GFLOPS/s)
MUL_MAT_VEC q6_K m=128000 n=1 k=2048: 1 x 881.84 us = 881.84 us (594.394 GFLOPS/s)
RMS_NORM_MUL RMS_NORM(2048,1,1,1): 61 x 3.973 us = 242.36 us
RMS_NORM_MUL_ROPE RMS_NORM(64,32,1,1): 8 x 3.895 us = 31.16 us
RMS_NORM_MUL_ROPE RMS_NORM(64,8,1,1): 8 x 3.42 us = 27.36 us
SET_ROWS: 16 x 2.047 us = 32.76 us
SSM_CONV: 22 x 2.312 us = 50.88 us
Total time: 7794.68 us.
----------------
Vulkan Timings:
ADD: 22 x 2.329 us = 51.24 us
CONCAT: 22 x 2.321 us = 51.08 us
CPY: 22 x 2.305 us = 50.72 us
FLASH_ATTN_EXT dst(64,32,1,1),  q(64,1,32,1),  k(64,256,8,1),  v(64,256,8,1),  m(256,1,1,1): 8 x 10.665 us = 85.32 us (196.639 GFLOPS/s)
GET_ROWS: 24 x 2.001 us = 48.04 us
GLU: 30 x 2.329 us = 69.88 us
MUL: 44 x 2.455 us = 108.04 us
MUL_MAT f32 m=64 n=32 k=64: 16 x 2.13 us = 34.08 us (122.111 GFLOPS/s)
MUL_MAT_ADD MUL_MAT_VEC q4_0_rocmfp4_fast m=2048 n=1 k=10752: 30 x 51.993 us = 1559.8 us (846.996 GFLOPS/s)
MUL_MAT_ADD MUL_MAT_VEC q4_0_rocmfp4_fast m=2048 n=1 k=2048: 8 x 12.655 us = 101.24 us (662.707 GFLOPS/s)
MUL_MAT_VEC f32 m=64 n=8 k=64: 16 x 2.41 us = 38.56 us (26.9809 GFLOPS/s)
MUL_MAT_VEC q4_0_rocmfp4_fast m=10752 n=1 k=2048: 60 x 50.598 us = 3035.92 us (870.17 GFLOPS/s)
MUL_MAT_VEC q4_0_rocmfp4_fast m=2048 n=1 k=2048: 30 x 13.804 us = 414.12 us (607.546 GFLOPS/s)
MUL_MAT_VEC q4_0_rocmfp4_fast m=512 n=1 k=2048: 16 x 2.567 us = 41.08 us (816.608 GFLOPS/s)
MUL_MAT_VEC q4_0_rocmfp4_fast m=6144 n=1 k=2048: 22 x 31.725 us = 697.96 us (793.044 GFLOPS/s)
MUL_MAT_VEC q6_K m=128000 n=1 k=2048: 1 x 929.96 us = 929.96 us (563.637 GFLOPS/s)
RMS_NORM_MUL RMS_NORM(2048,1,1,1): 61 x 3.752 us = 228.88 us
RMS_NORM_MUL_ROPE RMS_NORM(64,32,1,1): 8 x 3.89 us = 31.12 us
RMS_NORM_MUL_ROPE RMS_NORM(64,8,1,1): 8 x 3.42 us = 27.36 us
SET_ROWS: 16 x 1.945 us = 31.12 us
SSM_CONV: 22 x 2.309 us = 50.8 us
Total time: 7686.32 us.
----------------
Vulkan Timings:
ADD: 22 x 2.301 us = 50.64 us
CONCAT: 22 x 2.301 us = 50.64 us
CPY: 22 x 2.287 us = 50.32 us
FLASH_ATTN_EXT dst(64,32,1,1),  q(64,1,32,1),  k(64,256,8,1),  v(64,256,8,1),  m(256,1,1,1): 8 x 10.575 us = 84.6 us (198.312 GFLOPS/s)
GET_ROWS: 24 x 2.355 us = 56.52 us
GLU: 30 x 2.754 us = 82.64 us
MUL: 44 x 2.422 us = 106.6 us
MUL_MAT f32 m=64 n=32 k=64: 16 x 2.107 us = 33.72 us (123.414 GFLOPS/s)
MUL_MAT_ADD MUL_MAT_VEC q4_0_rocmfp4_fast m=2048 n=1 k=10752: 30 x 52.23 us = 1566.92 us (843.147 GFLOPS/s)
MUL_MAT_ADD MUL_MAT_VEC q4_0_rocmfp4_fast m=2048 n=1 k=2048: 8 x 12.75 us = 102 us (657.769 GFLOPS/s)
MUL_MAT_VEC f32 m=64 n=8 k=64: 16 x 2.07 us = 33.12 us (31.4126 GFLOPS/s)
MUL_MAT_VEC q4_0_rocmfp4_fast m=10752 n=1 k=2048: 60 x 51.002 us = 3060.12 us (863.288 GFLOPS/s)
MUL_MAT_VEC q4_0_rocmfp4_fast m=2048 n=1 k=2048: 30 x 13.773 us = 413.2 us (608.898 GFLOPS/s)
MUL_MAT_VEC q4_0_rocmfp4_fast m=512 n=1 k=2048: 16 x 2.952 us = 47.24 us (710.124 GFLOPS/s)
MUL_MAT_VEC q4_0_rocmfp4_fast m=6144 n=1 k=2048: 22 x 31.647 us = 696.24 us (795.003 GFLOPS/s)
MUL_MAT_VEC q6_K m=128000 n=1 k=2048: 1 x 879.2 us = 879.2 us (596.178 GFLOPS/s)
RMS_NORM_MUL RMS_NORM(2048,1,1,1): 61 x 3.744 us = 228.44 us
RMS_NORM_MUL_ROPE RMS_NORM(64,32,1,1): 8 x 6.25 us = 50 us
RMS_NORM_MUL_ROPE RMS_NORM(64,8,1,1): 8 x 3.425 us = 27.4 us
SET_ROWS: 16 x 1.92 us = 30.72 us
SSM_CONV: 22 x 2.294 us = 50.48 us
Total time: 7700.76 us.
----------------
Vulkan Timings:
ADD: 22 x 2.309 us = 50.8 us
CONCAT: 22 x 2.314 us = 50.92 us
CPY: 22 x 2.298 us = 50.56 us
FLASH_ATTN_EXT dst(64,32,1,1),  q(64,1,32,1),  k(64,256,8,1),  v(64,256,8,1),  m(256,1,1,1): 8 x 11.575 us = 92.6 us (181.179 GFLOPS/s)
GET_ROWS: 24 x 2.198 us = 52.76 us
GLU: 30 x 2.286 us = 68.6 us
MUL: 44 x 2.439 us = 107.32 us
MUL_MAT f32 m=64 n=32 k=64: 16 x 2.217 us = 35.48 us (117.292 GFLOPS/s)
MUL_MAT_ADD MUL_MAT_VEC q4_0_rocmfp4_fast m=2048 n=1 k=10752: 30 x 53.498 us = 1604.96 us (823.163 GFLOPS/s)
MUL_MAT_ADD MUL_MAT_VEC q4_0_rocmfp4_fast m=2048 n=1 k=2048: 8 x 12.68 us = 101.44 us (661.401 GFLOPS/s)
MUL_MAT_VEC f32 m=64 n=8 k=64: 16 x 2.1 us = 33.6 us (30.9638 GFLOPS/s)
MUL_MAT_VEC q4_0_rocmfp4_fast m=10752 n=1 k=2048: 60 x 51.467 us = 3088.04 us (855.483 GFLOPS/s)
MUL_MAT_VEC q4_0_rocmfp4_fast m=2048 n=1 k=2048: 30 x 13.696 us = 410.88 us (612.336 GFLOPS/s)
MUL_MAT_VEC q4_0_rocmfp4_fast m=512 n=1 k=2048: 16 x 2.885 us = 46.16 us (726.738 GFLOPS/s)
MUL_MAT_VEC q4_0_rocmfp4_fast m=6144 n=1 k=2048: 22 x 32.789 us = 721.36 us (767.319 GFLOPS/s)
MUL_MAT_VEC q6_K m=128000 n=1 k=2048: 1 x 879.56 us = 879.56 us (595.934 GFLOPS/s)
RMS_NORM_MUL RMS_NORM(2048,1,1,1): 61 x 3.698 us = 225.6 us
RMS_NORM_MUL_ROPE RMS_NORM(64,32,1,1): 8 x 4.08 us = 32.64 us
RMS_NORM_MUL_ROPE RMS_NORM(64,8,1,1): 8 x 3.415 us = 27.32 us
SET_ROWS: 16 x 2.49 us = 39.84 us
SSM_CONV: 22 x 2.3 us = 50.6 us
Total time: 7771.04 us.
----------------
Vulkan Timings:
ADD: 22 x 2.307 us = 50.76 us
CONCAT: 22 x 2.307 us = 50.76 us
CPY: 22 x 2.296 us = 50.52 us
FLASH_ATTN_EXT dst(64,32,1,1),  q(64,1,32,1),  k(64,256,8,1),  v(64,256,8,1),  m(256,1,1,1): 8 x 10.555 us = 84.44 us (198.688 GFLOPS/s)
GET_ROWS: 24 x 1.991 us = 47.8 us
GLU: 30 x 2.314 us = 69.44 us
MUL: 44 x 2.432 us = 107.04 us
MUL_MAT f32 m=64 n=32 k=64: 16 x 2.115 us = 33.84 us (122.977 GFLOPS/s)
MUL_MAT_ADD MUL_MAT_VEC q4_0_rocmfp4_fast m=2048 n=1 k=10752: 30 x 52.492 us = 1574.76 us (838.95 GFLOPS/s)
MUL_MAT_ADD MUL_MAT_VEC q4_0_rocmfp4_fast m=2048 n=1 k=2048: 8 x 12.755 us = 102.04 us (657.512 GFLOPS/s)
MUL_MAT_VEC f32 m=64 n=8 k=64: 16 x 2.087 us = 33.4 us (31.1492 GFLOPS/s)
MUL_MAT_VEC q4_0_rocmfp4_fast m=10752 n=1 k=2048: 60 x 50.782 us = 3046.96 us (867.017 GFLOPS/s)
MUL_MAT_VEC q4_0_rocmfp4_fast m=2048 n=1 k=2048: 30 x 13.793 us = 413.8 us (608.015 GFLOPS/s)
MUL_MAT_VEC q4_0_rocmfp4_fast m=512 n=1 k=2048: 16 x 2.662 us = 42.6 us (787.47 GFLOPS/s)
MUL_MAT_VEC q4_0_rocmfp4_fast m=6144 n=1 k=2048: 22 x 31.676 us = 696.88 us (794.273 GFLOPS/s)
MUL_MAT_VEC q6_K m=128000 n=1 k=2048: 1 x 871.88 us = 871.88 us (601.184 GFLOPS/s)
RMS_NORM_MUL RMS_NORM(2048,1,1,1): 61 x 4.05 us = 247.08 us
RMS_NORM_MUL_ROPE RMS_NORM(64,32,1,1): 8 x 5.92 us = 47.36 us
RMS_NORM_MUL_ROPE RMS_NORM(64,8,1,1): 8 x 4.71 us = 37.68 us
SET_ROWS: 16 x 2.125 us = 34 us
SSM_CONV: 22 x 2.307 us = 50.76 us
Total time: 7693.8 us.
----------------
Vulkan Timings:
ADD: 22 x 2.316 us = 50.96 us
CONCAT: 22 x 2.314 us = 50.92 us
CPY: 22 x 2.307 us = 50.76 us
FLASH_ATTN_EXT dst(64,32,1,1),  q(64,1,32,1),  k(64,256,8,1),  v(64,256,8,1),  m(256,1,1,1): 8 x 10.85 us = 86.8 us (193.286 GFLOPS/s)
GET_ROWS: 24 x 1.99 us = 47.76 us
GLU: 30 x 2.338 us = 70.16 us
MUL: 44 x 2.455 us = 108.04 us
MUL_MAT f32 m=64 n=32 k=64: 16 x 2.115 us = 33.84 us (122.977 GFLOPS/s)
MUL_MAT_ADD MUL_MAT_VEC q4_0_rocmfp4_fast m=2048 n=1 k=10752: 30 x 53.065 us = 1591.96 us (829.885 GFLOPS/s)
MUL_MAT_ADD MUL_MAT_VEC q4_0_rocmfp4_fast m=2048 n=1 k=2048: 8 x 12.78 us = 102.24 us (656.225 GFLOPS/s)
MUL_MAT_VEC f32 m=64 n=8 k=64: 16 x 2.095 us = 33.52 us (31.0377 GFLOPS/s)
MUL_MAT_VEC q4_0_rocmfp4_fast m=10752 n=1 k=2048: 60 x 51.126 us = 3067.56 us (861.195 GFLOPS/s)
MUL_MAT_VEC q4_0_rocmfp4_fast m=2048 n=1 k=2048: 30 x 13.838 us = 415.16 us (606.024 GFLOPS/s)
MUL_MAT_VEC q4_0_rocmfp4_fast m=512 n=1 k=2048: 16 x 2.582 us = 41.32 us (811.864 GFLOPS/s)
MUL_MAT_VEC q4_0_rocmfp4_fast m=6144 n=1 k=2048: 22 x 32.792 us = 721.44 us (767.234 GFLOPS/s)
MUL_MAT_VEC q6_K m=128000 n=1 k=2048: 1 x 925 us = 925 us (566.659 GFLOPS/s)
RMS_NORM_MUL RMS_NORM(2048,1,1,1): 61 x 4.255 us = 259.56 us
RMS_NORM_MUL_ROPE RMS_NORM(64,32,1,1): 8 x 3.905 us = 31.24 us
RMS_NORM_MUL_ROPE RMS_NORM(64,8,1,1): 8 x 3.415 us = 27.32 us
SET_ROWS: 16 x 2.01 us = 32.16 us
SSM_CONV: 22 x 2.325 us = 51.16 us
Total time: 7798.88 us.
----------------
Vulkan Timings:
ADD: 22 x 2.316 us = 50.96 us
CONCAT: 22 x 2.32 us = 51.04 us
CPY: 22 x 2.303 us = 50.68 us
FLASH_ATTN_EXT dst(64,32,1,1),  q(64,1,32,1),  k(64,256,8,1),  v(64,256,8,1),  m(256,1,1,1): 8 x 10.75 us = 86 us (195.084 GFLOPS/s)
GET_ROWS: 24 x 2.465 us = 59.16 us
GLU: 30 x 2.353 us = 70.6 us
MUL: 44 x 2.475 us = 108.92 us
MUL_MAT f32 m=64 n=32 k=64: 16 x 2.217 us = 35.48 us (117.292 GFLOPS/s)
MUL_MAT_ADD MUL_MAT_VEC q4_0_rocmfp4_fast m=2048 n=1 k=10752: 30 x 52.72 us = 1581.6 us (835.321 GFLOPS/s)
MUL_MAT_ADD MUL_MAT_VEC q4_0_rocmfp4_fast m=2048 n=1 k=2048: 8 x 12.905 us = 103.24 us (649.869 GFLOPS/s)
MUL_MAT_VEC f32 m=64 n=8 k=64: 16 x 2.115 us = 33.84 us (30.7442 GFLOPS/s)
MUL_MAT_VEC q4_0_rocmfp4_fast m=10752 n=1 k=2048: 60 x 51.521 us = 3091.28 us (854.587 GFLOPS/s)
MUL_MAT_VEC q4_0_rocmfp4_fast m=2048 n=1 k=2048: 30 x 13.849 us = 415.48 us (605.557 GFLOPS/s)
MUL_MAT_VEC q4_0_rocmfp4_fast m=512 n=1 k=2048: 16 x 2.575 us = 41.2 us (814.229 GFLOPS/s)
MUL_MAT_VEC q4_0_rocmfp4_fast m=6144 n=1 k=2048: 22 x 32.23 us = 709.08 us (780.607 GFLOPS/s)
MUL_MAT_VEC q6_K m=128000 n=1 k=2048: 1 x 881.28 us = 881.28 us (594.771 GFLOPS/s)
RMS_NORM_MUL RMS_NORM(2048,1,1,1): 61 x 3.723 us = 227.16 us
RMS_NORM_MUL_ROPE RMS_NORM(64,32,1,1): 8 x 3.935 us = 31.48 us
RMS_NORM_MUL_ROPE RMS_NORM(64,8,1,1): 8 x 3.41 us = 27.28 us
SET_ROWS: 16 x 1.965 us = 31.44 us
SSM_CONV: 22 x 2.316 us = 50.96 us
Total time: 7738.16 us.
----------------
Vulkan Timings:
ADD: 22 x 2.323 us = 51.12 us
CONCAT: 22 x 2.314 us = 50.92 us
CPY: 22 x 2.294 us = 50.48 us
FLASH_ATTN_EXT dst(64,32,1,1),  q(64,1,32,1),  k(64,256,8,1),  v(64,256,8,1),  m(256,1,1,1): 8 x 10.415 us = 83.32 us (201.359 GFLOPS/s)
GET_ROWS: 24 x 2.415 us = 57.96 us
GLU: 30 x 2.338 us = 70.16 us
MUL: 44 x 2.442 us = 107.48 us
MUL_MAT f32 m=64 n=32 k=64: 16 x 2.205 us = 35.28 us (117.957 GFLOPS/s)
MUL_MAT_ADD MUL_MAT_VEC q4_0_rocmfp4_fast m=2048 n=1 k=10752: 30 x 52.676 us = 1580.28 us (836.019 GFLOPS/s)
MUL_MAT_ADD MUL_MAT_VEC q4_0_rocmfp4_fast m=2048 n=1 k=2048: 8 x 13.995 us = 111.96 us (599.254 GFLOPS/s)
MUL_MAT_VEC f32 m=64 n=8 k=64: 16 x 2.085 us = 33.36 us (31.1866 GFLOPS/s)
MUL_MAT_VEC q4_0_rocmfp4_fast m=10752 n=1 k=2048: 60 x 50.82 us = 3049.24 us (866.369 GFLOPS/s)
MUL_MAT_VEC q4_0_rocmfp4_fast m=2048 n=1 k=2048: 30 x 13.794 us = 413.84 us (607.957 GFLOPS/s)
MUL_MAT_VEC q4_0_rocmfp4_fast m=512 n=1 k=2048: 16 x 2.555 us = 40.88 us (820.603 GFLOPS/s)
MUL_MAT_VEC q4_0_rocmfp4_fast m=6144 n=1 k=2048: 22 x 32.003 us = 704.08 us (786.151 GFLOPS/s)
MUL_MAT_VEC q6_K m=128000 n=1 k=2048: 1 x 879.72 us = 879.72 us (595.826 GFLOPS/s)
RMS_NORM_MUL RMS_NORM(2048,1,1,1): 61 x 4.076 us = 248.64 us
RMS_NORM_MUL_ROPE RMS_NORM(64,32,1,1): 8 x 3.94 us = 31.52 us
RMS_NORM_MUL_ROPE RMS_NORM(64,8,1,1): 8 x 3.475 us = 27.8 us
SET_ROWS: 16 x 2.077 us = 33.24 us
SSM_CONV: 22 x 2.34 us = 51.48 us
Total time: 7712.76 us.
----------------
Vulkan Timings:
ADD: 22 x 2.312 us = 50.88 us
CONCAT: 22 x 2.594 us = 57.08 us
CPY: 22 x 2.376 us = 52.28 us
FLASH_ATTN_EXT dst(64,32,1,1),  q(64,1,32,1),  k(64,256,8,1),  v(64,256,8,1),  m(256,1,1,1): 8 x 10.55 us = 84.4 us (198.782 GFLOPS/s)
GET_ROWS: 24 x 1.993 us = 47.84 us
GLU: 30 x 2.341 us = 70.24 us
MUL: 44 x 2.803 us = 123.36 us
MUL_MAT f32 m=64 n=32 k=64: 16 x 2.127 us = 34.04 us (122.254 GFLOPS/s)
MUL_MAT_ADD MUL_MAT_VEC q4_0_rocmfp4_fast m=2048 n=1 k=10752: 30 x 53.492 us = 1604.76 us (823.266 GFLOPS/s)
MUL_MAT_ADD MUL_MAT_VEC q4_0_rocmfp4_fast m=2048 n=1 k=2048: 8 x 12.75 us = 102 us (657.769 GFLOPS/s)
MUL_MAT_VEC f32 m=64 n=8 k=64: 16 x 2.105 us = 33.68 us (30.8903 GFLOPS/s)
MUL_MAT_VEC q4_0_rocmfp4_fast m=10752 n=1 k=2048: 60 x 51.976 us = 3118.56 us (847.111 GFLOPS/s)
MUL_MAT_VEC q4_0_rocmfp4_fast m=2048 n=1 k=2048: 30 x 13.94 us = 418.2 us (601.618 GFLOPS/s)
MUL_MAT_VEC q4_0_rocmfp4_fast m=512 n=1 k=2048: 16 x 2.572 us = 41.16 us (815.02 GFLOPS/s)
MUL_MAT_VEC q4_0_rocmfp4_fast m=6144 n=1 k=2048: 22 x 33.005 us = 726.12 us (762.289 GFLOPS/s)
MUL_MAT_VEC q6_K m=128000 n=1 k=2048: 1 x 881.28 us = 881.28 us (594.771 GFLOPS/s)
RMS_NORM_MUL RMS_NORM(2048,1,1,1): 61 x 3.687 us = 224.96 us
RMS_NORM_MUL_ROPE RMS_NORM(64,32,1,1): 8 x 3.865 us = 30.92 us
RMS_NORM_MUL_ROPE RMS_NORM(64,8,1,1): 8 x 3.405 us = 27.24 us
SET_ROWS: 16 x 1.992 us = 31.88 us
SSM_CONV: 22 x 2.276 us = 50.08 us
Total time: 7810.96 us.
----------------
Vulkan Timings:
ADD: 22 x 2.32 us = 51.04 us
CONCAT: 22 x 2.338 us = 51.44 us
CPY: 22 x 2.294 us = 50.48 us
FLASH_ATTN_EXT dst(64,32,1,1),  q(64,1,32,1),  k(64,256,8,1),  v(64,256,8,1),  m(256,1,1,1): 8 x 10.635 us = 85.08 us (197.193 GFLOPS/s)
GET_ROWS: 24 x 1.985 us = 47.64 us
GLU: 30 x 2.332 us = 69.96 us
MUL: 44 x 2.435 us = 107.16 us
MUL_MAT f32 m=64 n=32 k=64: 16 x 2.102 us = 33.64 us (123.708 GFLOPS/s)
MUL_MAT_ADD MUL_MAT_VEC q4_0_rocmfp4_fast m=2048 n=1 k=10752: 30 x 52.636 us = 1579.08 us (836.654 GFLOPS/s)
MUL_MAT_ADD MUL_MAT_VEC q4_0_rocmfp4_fast m=2048 n=1 k=2048: 8 x 12.76 us = 102.08 us (657.254 GFLOPS/s)
MUL_MAT_VEC f32 m=64 n=8 k=64: 16 x 2.075 us = 33.2 us (31.3369 GFLOPS/s)
MUL_MAT_VEC q4_0_rocmfp4_fast m=10752 n=1 k=2048: 60 x 50.802 us = 3048.12 us (866.687 GFLOPS/s)
MUL_MAT_VEC q4_0_rocmfp4_fast m=2048 n=1 k=2048: 30 x 14.361 us = 430.84 us (583.968 GFLOPS/s)
MUL_MAT_VEC q4_0_rocmfp4_fast m=512 n=1 k=2048: 16 x 2.882 us = 46.12 us (727.369 GFLOPS/s)
MUL_MAT_VEC q4_0_rocmfp4_fast m=6144 n=1 k=2048: 22 x 31.736 us = 698.2 us (792.771 GFLOPS/s)
MUL_MAT_VEC q6_K m=128000 n=1 k=2048: 1 x 871 us = 871 us (601.791 GFLOPS/s)
RMS_NORM_MUL RMS_NORM(2048,1,1,1): 61 x 4.108 us = 250.6 us
RMS_NORM_MUL_ROPE RMS_NORM(64,32,1,1): 8 x 3.925 us = 31.4 us
RMS_NORM_MUL_ROPE RMS_NORM(64,8,1,1): 8 x 3.435 us = 27.48 us
SET_ROWS: 16 x 1.907 us = 30.52 us
SSM_CONV: 22 x 2.3 us = 50.6 us
Total time: 7695.68 us.
----------------
Vulkan Timings:
ADD: 22 x 2.329 us = 51.24 us
CONCAT: 22 x 2.32 us = 51.04 us
CPY: 22 x 2.301 us = 50.64 us
FLASH_ATTN_EXT dst(64,32,1,1),  q(64,1,32,1),  k(64,256,8,1),  v(64,256,8,1),  m(256,1,1,1): 8 x 10.64 us = 85.12 us (197.101 GFLOPS/s)
GET_ROWS: 24 x 2.01 us = 48.24 us
GLU: 30 x 2.344 us = 70.32 us
MUL: 44 x 2.45 us = 107.8 us
MUL_MAT f32 m=64 n=32 k=64: 16 x 2.135 us = 34.16 us (121.825 GFLOPS/s)
MUL_MAT_ADD MUL_MAT_VEC q4_0_rocmfp4_fast m=2048 n=1 k=10752: 30 x 53.057 us = 1591.72 us (830.011 GFLOPS/s)
MUL_MAT_ADD MUL_MAT_VEC q4_0_rocmfp4_fast m=2048 n=1 k=2048: 8 x 12.895 us = 103.16 us (650.373 GFLOPS/s)
MUL_MAT_VEC f32 m=64 n=8 k=64: 16 x 2.085 us = 33.36 us (31.1866 GFLOPS/s)
MUL_MAT_VEC q4_0_rocmfp4_fast m=10752 n=1 k=2048: 60 x 51.082 us = 3064.92 us (861.936 GFLOPS/s)
MUL_MAT_VEC q4_0_rocmfp4_fast m=2048 n=1 k=2048: 30 x 13.76 us = 412.8 us (609.488 GFLOPS/s)
MUL_MAT_VEC q4_0_rocmfp4_fast m=512 n=1 k=2048: 16 x 2.575 us = 41.2 us (814.229 GFLOPS/s)
MUL_MAT_VEC q4_0_rocmfp4_fast m=6144 n=1 k=2048: 22 x 32.667 us = 718.68 us (770.18 GFLOPS/s)
MUL_MAT_VEC q6_K m=128000 n=1 k=2048: 1 x 952.08 us = 952.08 us (550.542 GFLOPS/s)
RMS_NORM_MUL RMS_NORM(2048,1,1,1): 61 x 3.675 us = 224.2 us
RMS_NORM_MUL_ROPE RMS_NORM(64,32,1,1): 8 x 3.885 us = 31.08 us
RMS_NORM_MUL_ROPE RMS_NORM(64,8,1,1): 8 x 3.41 us = 27.28 us
SET_ROWS: 16 x 1.95 us = 31.2 us
SSM_CONV: 22 x 2.321 us = 51.08 us
Total time: 7781.32 us.
----------------
Vulkan Timings:
ADD: 22 x 2.361 us = 51.96 us
CONCAT: 22 x 2.361 us = 51.96 us
CPY: 22 x 2.336 us = 51.4 us
FLASH_ATTN_EXT dst(64,32,1,1),  q(64,1,32,1),  k(64,256,8,1),  v(64,256,8,1),  m(256,1,1,1): 8 x 12.62 us = 100.96 us (166.177 GFLOPS/s)
GET_ROWS: 24 x 2.045 us = 49.08 us
GLU: 30 x 2.444 us = 73.32 us
MUL: 44 x 2.489 us = 109.52 us
MUL_MAT f32 m=64 n=32 k=64: 16 x 2.31 us = 36.96 us (112.596 GFLOPS/s)
MUL_MAT_ADD MUL_MAT_VEC q4_0_rocmfp4_fast m=2048 n=1 k=10752: 30 x 55.41 us = 1662.32 us (794.759 GFLOPS/s)
MUL_MAT_ADD MUL_MAT_VEC q4_0_rocmfp4_fast m=2048 n=1 k=2048: 8 x 12.645 us = 101.16 us (663.231 GFLOPS/s)
MUL_MAT_VEC f32 m=64 n=8 k=64: 16 x 2.117 us = 33.88 us (30.7079 GFLOPS/s)
MUL_MAT_VEC q4_0_rocmfp4_fast m=10752 n=1 k=2048: 60 x 52.815 us = 3168.92 us (833.649 GFLOPS/s)
MUL_MAT_VEC q4_0_rocmfp4_fast m=2048 n=1 k=2048: 30 x 14.193 us = 425.8 us (590.88 GFLOPS/s)
MUL_MAT_VEC q4_0_rocmfp4_fast m=512 n=1 k=2048: 16 x 2.887 us = 46.2 us (726.109 GFLOPS/s)
MUL_MAT_VEC q4_0_rocmfp4_fast m=6144 n=1 k=2048: 22 x 33.412 us = 735.08 us (752.997 GFLOPS/s)
MUL_MAT_VEC q6_K m=128000 n=1 k=2048: 1 x 880.36 us = 880.36 us (595.393 GFLOPS/s)
RMS_NORM_MUL RMS_NORM(2048,1,1,1): 61 x 3.953 us = 241.16 us
RMS_NORM_MUL_ROPE RMS_NORM(64,32,1,1): 8 x 3.98 us = 31.84 us
RMS_NORM_MUL_ROPE RMS_NORM(64,8,1,1): 8 x 3.375 us = 27 us
SET_ROWS: 16 x 1.93 us = 30.88 us
SSM_CONV: 22 x 2.356 us = 51.84 us
Total time: 7961.6 us.
----------------
Vulkan Timings:
ADD: 22 x 2.365 us = 52.04 us
CONCAT: 22 x 2.381 us = 52.4 us
CPY: 22 x 2.363 us = 52 us
FLASH_ATTN_EXT dst(64,32,1,1),  q(64,1,32,1),  k(64,256,8,1),  v(64,256,8,1),  m(256,1,1,1): 8 x 10.59 us = 84.72 us (198.031 GFLOPS/s)
GET_ROWS: 24 x 2.045 us = 49.08 us
GLU: 30 x 2.39 us = 71.72 us
MUL: 44 x 2.508 us = 110.36 us
MUL_MAT f32 m=64 n=32 k=64: 16 x 2.177 us = 34.84 us (119.447 GFLOPS/s)
MUL_MAT_ADD MUL_MAT_VEC q4_0_rocmfp4_fast m=2048 n=1 k=10752: 30 x 52.278 us = 1568.36 us (842.373 GFLOPS/s)
MUL_MAT_ADD MUL_MAT_VEC q4_0_rocmfp4_fast m=2048 n=1 k=2048: 8 x 13.28 us = 106.24 us (631.518 GFLOPS/s)
MUL_MAT_VEC f32 m=64 n=8 k=64: 16 x 2.097 us = 33.56 us (31.0007 GFLOPS/s)
MUL_MAT_VEC q4_0_rocmfp4_fast m=10752 n=1 k=2048: 60 x 53.203 us = 3192.2 us (827.569 GFLOPS/s)
MUL_MAT_VEC q4_0_rocmfp4_fast m=2048 n=1 k=2048: 30 x 13.904 us = 417.12 us (603.176 GFLOPS/s)
MUL_MAT_VEC q4_0_rocmfp4_fast m=512 n=1 k=2048: 16 x 2.577 us = 41.24 us (813.439 GFLOPS/s)
MUL_MAT_VEC q4_0_rocmfp4_fast m=6144 n=1 k=2048: 22 x 32.012 us = 704.28 us (785.927 GFLOPS/s)
MUL_MAT_VEC q6_K m=128000 n=1 k=2048: 1 x 872.64 us = 872.64 us (600.66 GFLOPS/s)
RMS_NORM_MUL RMS_NORM(2048,1,1,1): 61 x 4.188 us = 255.52 us
RMS_NORM_MUL_ROPE RMS_NORM(64,32,1,1): 8 x 3.88 us = 31.04 us
RMS_NORM_MUL_ROPE RMS_NORM(64,8,1,1): 8 x 3.465 us = 27.72 us
SET_ROWS: 16 x 2.01 us = 32.16 us
SSM_CONV: 22 x 2.34 us = 51.48 us
Total time: 7840.72 us.
----------------
Vulkan Timings:
ADD: 22 x 2.356 us = 51.84 us
CONCAT: 22 x 2.354 us = 51.8 us
CPY: 22 x 2.336 us = 51.4 us
FLASH_ATTN_EXT dst(64,32,1,1),  q(64,1,32,1),  k(64,256,8,1),  v(64,256,8,1),  m(256,1,1,1): 8 x 11.38 us = 91.04 us (184.284 GFLOPS/s)
GET_ROWS: 24 x 2.483 us = 59.6 us
GLU: 30 x 2.364 us = 70.92 us
MUL: 44 x 2.479 us = 109.08 us
MUL_MAT f32 m=64 n=32 k=64: 16 x 2.232 us = 35.72 us (116.504 GFLOPS/s)
MUL_MAT_ADD MUL_MAT_VEC q4_0_rocmfp4_fast m=2048 n=1 k=10752: 30 x 53.524 us = 1605.72 us (822.774 GFLOPS/s)
MUL_MAT_ADD MUL_MAT_VEC q4_0_rocmfp4_fast m=2048 n=1 k=2048: 8 x 12.735 us = 101.88 us (658.544 GFLOPS/s)
MUL_MAT_VEC f32 m=64 n=8 k=64: 16 x 2.185 us = 34.96 us (29.7593 GFLOPS/s)
MUL_MAT_VEC q4_0_rocmfp4_fast m=10752 n=1 k=2048: 60 x 50.856 us = 3051.4 us (865.756 GFLOPS/s)
MUL_MAT_VEC q4_0_rocmfp4_fast m=2048 n=1 k=2048: 30 x 13.789 us = 413.68 us (608.192 GFLOPS/s)
MUL_MAT_VEC q4_0_rocmfp4_fast m=512 n=1 k=2048: 16 x 2.615 us = 41.84 us (801.774 GFLOPS/s)
MUL_MAT_VEC q4_0_rocmfp4_fast m=6144 n=1 k=2048: 22 x 31.78 us = 699.16 us (791.683 GFLOPS/s)
MUL_MAT_VEC q6_K m=128000 n=1 k=2048: 1 x 880.84 us = 880.84 us (595.068 GFLOPS/s)
RMS_NORM_MUL RMS_NORM(2048,1,1,1): 61 x 3.948 us = 240.84 us
RMS_NORM_MUL_ROPE RMS_NORM(64,32,1,1): 8 x 3.875 us = 31 us
RMS_NORM_MUL_ROPE RMS_NORM(64,8,1,1): 8 x 3.42 us = 27.36 us
SET_ROWS: 16 x 1.982 us = 31.72 us
SSM_CONV: 22 x 2.35 us = 51.72 us
Total time: 7733.52 us.
----------------
Vulkan Timings:
ADD: 22 x 2.31 us = 50.84 us
CONCAT: 22 x 2.389 us = 52.56 us
CPY: 22 x 2.22 us = 48.84 us
FLASH_ATTN_EXT dst(64,32,1,1),  q(64,1,32,1),  k(64,256,8,1),  v(64,256,8,1),  m(256,1,1,1): 8 x 10.55 us = 84.4 us (198.782 GFLOPS/s)
GET_ROWS: 24 x 2 us = 48 us
GLU: 30 x 2.33 us = 69.92 us
MUL: 44 x 2.64 us = 116.16 us
MUL_MAT f32 m=64 n=32 k=64: 16 x 2.122 us = 33.96 us (122.542 GFLOPS/s)
MUL_MAT_ADD MUL_MAT_VEC q4_0_rocmfp4_fast m=2048 n=1 k=10752: 30 x 53.342 us = 1600.28 us (825.571 GFLOPS/s)
MUL_MAT_ADD MUL_MAT_VEC q4_0_rocmfp4_fast m=2048 n=1 k=2048: 8 x 12.6 us = 100.8 us (665.6 GFLOPS/s)
MUL_MAT_VEC f32 m=64 n=8 k=64: 16 x 2.085 us = 33.36 us (31.1866 GFLOPS/s)
MUL_MAT_VEC q4_0_rocmfp4_fast m=10752 n=1 k=2048: 60 x 51.994 us = 3119.68 us (846.807 GFLOPS/s)
MUL_MAT_VEC q4_0_rocmfp4_fast m=2048 n=1 k=2048: 30 x 13.809 us = 414.28 us (607.311 GFLOPS/s)
MUL_MAT_VEC q4_0_rocmfp4_fast m=512 n=1 k=2048: 16 x 2.58 us = 41.28 us (812.651 GFLOPS/s)
MUL_MAT_VEC q4_0_rocmfp4_fast m=6144 n=1 k=2048: 22 x 32.44 us = 713.68 us (775.576 GFLOPS/s)
MUL_MAT_VEC q6_K m=128000 n=1 k=2048: 1 x 875.56 us = 875.56 us (598.657 GFLOPS/s)
RMS_NORM_MUL RMS_NORM(2048,1,1,1): 61 x 3.626 us = 221.2 us
RMS_NORM_MUL_ROPE RMS_NORM(64,32,1,1): 8 x 3.87 us = 30.96 us
RMS_NORM_MUL_ROPE RMS_NORM(64,8,1,1): 8 x 3.405 us = 27.24 us
SET_ROWS: 16 x 1.97 us = 31.52 us
SSM_CONV: 22 x 3.278 us = 72.12 us
Total time: 7786.64 us.
----------------
Vulkan Timings:
ADD: 22 x 2.363 us = 52 us
CONCAT: 22 x 2.327 us = 51.2 us
CPY: 22 x 2.29 us = 50.4 us
FLASH_ATTN_EXT dst(64,32,1,1),  q(64,1,32,1),  k(64,256,8,1),  v(64,256,8,1),  m(256,1,1,1): 8 x 10.58 us = 84.64 us (198.219 GFLOPS/s)
GET_ROWS: 24 x 1.956 us = 46.96 us
GLU: 30 x 2.393 us = 71.8 us
MUL: 44 x 2.442 us = 107.48 us
MUL_MAT f32 m=64 n=32 k=64: 16 x 2.13 us = 34.08 us (122.111 GFLOPS/s)
MUL_MAT_ADD MUL_MAT_VEC q4_0_rocmfp4_fast m=2048 n=1 k=10752: 30 x 52.172 us = 1565.16 us (844.095 GFLOPS/s)
MUL_MAT_ADD MUL_MAT_VEC q4_0_rocmfp4_fast m=2048 n=1 k=2048: 8 x 12.615 us = 100.92 us (664.809 GFLOPS/s)
MUL_MAT_VEC f32 m=64 n=8 k=64: 16 x 2.082 us = 33.32 us (31.224 GFLOPS/s)
MUL_MAT_VEC q4_0_rocmfp4_fast m=10752 n=1 k=2048: 60 x 50.753 us = 3045.2 us (867.518 GFLOPS/s)
MUL_MAT_VEC q4_0_rocmfp4_fast m=2048 n=1 k=2048: 30 x 13.778 us = 413.36 us (608.663 GFLOPS/s)
MUL_MAT_VEC q4_0_rocmfp4_fast m=512 n=1 k=2048: 16 x 2.57 us = 41.12 us (815.813 GFLOPS/s)
MUL_MAT_VEC q4_0_rocmfp4_fast m=6144 n=1 k=2048: 22 x 31.68 us = 696.96 us (794.182 GFLOPS/s)
MUL_MAT_VEC q6_K m=128000 n=1 k=2048: 1 x 925.4 us = 925.4 us (566.415 GFLOPS/s)
RMS_NORM_MUL RMS_NORM(2048,1,1,1): 61 x 3.74 us = 228.2 us
RMS_NORM_MUL_ROPE RMS_NORM(64,32,1,1): 8 x 3.885 us = 31.08 us
RMS_NORM_MUL_ROPE RMS_NORM(64,8,1,1): 8 x 3.415 us = 27.32 us
SET_ROWS: 16 x 1.985 us = 31.76 us
SSM_CONV: 22 x 2.309 us = 50.8 us
Total time: 7689.16 us.
----------------
Vulkan Timings:
ADD: 22 x 2.305 us = 50.72 us
CONCAT: 22 x 2.303 us = 50.68 us
CPY: 22 x 2.283 us = 50.24 us
FLASH_ATTN_EXT dst(64,32,1,1),  q(64,1,32,1),  k(64,256,8,1),  v(64,256,8,1),  m(256,1,1,1): 8 x 10.675 us = 85.4 us (196.455 GFLOPS/s)
GET_ROWS: 24 x 1.99 us = 47.76 us
GLU: 30 x 2.33 us = 69.92 us
MUL: 44 x 2.442 us = 107.48 us
MUL_MAT f32 m=64 n=32 k=64: 16 x 2.105 us = 33.68 us (123.561 GFLOPS/s)
MUL_MAT_ADD MUL_MAT_VEC q4_0_rocmfp4_fast m=2048 n=1 k=10752: 30 x 52.873 us = 1586.2 us (832.899 GFLOPS/s)
MUL_MAT_ADD MUL_MAT_VEC q4_0_rocmfp4_fast m=2048 n=1 k=2048: 8 x 12.795 us = 102.36 us (655.456 GFLOPS/s)
MUL_MAT_VEC f32 m=64 n=8 k=64: 16 x 2.077 us = 33.24 us (31.2992 GFLOPS/s)
MUL_MAT_VEC q4_0_rocmfp4_fast m=10752 n=1 k=2048: 60 x 51.472 us = 3088.32 us (855.406 GFLOPS/s)
MUL_MAT_VEC q4_0_rocmfp4_fast m=2048 n=1 k=2048: 30 x 13.838 us = 415.16 us (606.024 GFLOPS/s)
MUL_MAT_VEC q4_0_rocmfp4_fast m=512 n=1 k=2048: 16 x 2.567 us = 41.08 us (816.608 GFLOPS/s)
MUL_MAT_VEC q4_0_rocmfp4_fast m=6144 n=1 k=2048: 22 x 31.705 us = 697.52 us (793.544 GFLOPS/s)
MUL_MAT_VEC q6_K m=128000 n=1 k=2048: 1 x 880.52 us = 880.52 us (595.285 GFLOPS/s)
RMS_NORM_MUL RMS_NORM(2048,1,1,1): 61 x 3.717 us = 226.76 us
RMS_NORM_MUL_ROPE RMS_NORM(64,32,1,1): 8 x 3.865 us = 30.92 us
RMS_NORM_MUL_ROPE RMS_NORM(64,8,1,1): 8 x 3.395 us = 27.16 us
SET_ROWS: 16 x 1.922 us = 30.76 us
SSM_CONV: 22 x 2.3 us = 50.6 us
Total time: 7706.48 us.
----------------
Vulkan Timings:
ADD: 22 x 2.398 us = 52.76 us
CONCAT: 22 x 2.5 us = 55 us
CPY: 22 x 2.661 us = 58.56 us
FLASH_ATTN_EXT dst(64,32,1,1),  q(64,1,32,1),  k(64,256,8,1),  v(64,256,8,1),  m(256,1,1,1): 8 x 10.545 us = 84.36 us (198.876 GFLOPS/s)
GET_ROWS: 24 x 1.985 us = 47.64 us
GLU: 30 x 2.314 us = 69.44 us
MUL: 44 x 2.453 us = 107.96 us
MUL_MAT f32 m=64 n=32 k=64: 16 x 2.125 us = 34 us (122.398 GFLOPS/s)
MUL_MAT_ADD MUL_MAT_VEC q4_0_rocmfp4_fast m=2048 n=1 k=10752: 30 x 52.401 us = 1572.04 us (840.401 GFLOPS/s)
MUL_MAT_ADD MUL_MAT_VEC q4_0_rocmfp4_fast m=2048 n=1 k=2048: 8 x 12.79 us = 102.32 us (655.712 GFLOPS/s)
MUL_MAT_VEC f32 m=64 n=8 k=64: 16 x 2.092 us = 33.48 us (31.0748 GFLOPS/s)
MUL_MAT_VEC q4_0_rocmfp4_fast m=10752 n=1 k=2048: 60 x 51 us = 3060 us (863.322 GFLOPS/s)
MUL_MAT_VEC q4_0_rocmfp4_fast m=2048 n=1 k=2048: 30 x 14.085 us = 422.56 us (595.411 GFLOPS/s)
MUL_MAT_VEC q4_0_rocmfp4_fast m=512 n=1 k=2048: 16 x 2.587 us = 41.4 us (810.296 GFLOPS/s)
MUL_MAT_VEC q4_0_rocmfp4_fast m=6144 n=1 k=2048: 22 x 31.745 us = 698.4 us (792.544 GFLOPS/s)
MUL_MAT_VEC q6_K m=128000 n=1 k=2048: 1 x 881.04 us = 881.04 us (594.933 GFLOPS/s)
RMS_NORM_MUL RMS_NORM(2048,1,1,1): 61 x 3.725 us = 227.28 us
RMS_NORM_MUL_ROPE RMS_NORM(64,32,1,1): 8 x 3.915 us = 31.32 us
RMS_NORM_MUL_ROPE RMS_NORM(64,8,1,1): 8 x 3.42 us = 27.36 us
SET_ROWS: 16 x 2.01 us = 32.16 us
SSM_CONV: 22 x 2.325 us = 51.16 us
Total time: 7690.24 us.
----------------
Vulkan Timings:
ADD: 22 x 2.314 us = 50.92 us
CONCAT: 22 x 2.307 us = 50.76 us
CPY: 22 x 2.292 us = 50.44 us
FLASH_ATTN_EXT dst(64,32,1,1),  q(64,1,32,1),  k(64,256,8,1),  v(64,256,8,1),  m(256,1,1,1): 8 x 11.275 us = 90.2 us (186 GFLOPS/s)
GET_ROWS: 24 x 2.706 us = 64.96 us
GLU: 30 x 2.324 us = 69.72 us
MUL: 44 x 2.437 us = 107.24 us
MUL_MAT f32 m=64 n=32 k=64: 16 x 2.09 us = 33.44 us (124.448 GFLOPS/s)
MUL_MAT_ADD MUL_MAT_VEC q4_0_rocmfp4_fast m=2048 n=1 k=10752: 30 x 52.344 us = 1570.32 us (841.322 GFLOPS/s)
MUL_MAT_ADD MUL_MAT_VEC q4_0_rocmfp4_fast m=2048 n=1 k=2048: 8 x 12.785 us = 102.28 us (655.969 GFLOPS/s)
MUL_MAT_VEC f32 m=64 n=8 k=64: 16 x 2.172 us = 34.76 us (29.9305 GFLOPS/s)
MUL_MAT_VEC q4_0_rocmfp4_fast m=10752 n=1 k=2048: 60 x 51.108 us = 3066.52 us (861.487 GFLOPS/s)
MUL_MAT_VEC q4_0_rocmfp4_fast m=2048 n=1 k=2048: 30 x 13.8 us = 414 us (607.722 GFLOPS/s)
MUL_MAT_VEC q4_0_rocmfp4_fast m=512 n=1 k=2048: 16 x 2.555 us = 40.88 us (820.603 GFLOPS/s)
MUL_MAT_VEC q4_0_rocmfp4_fast m=6144 n=1 k=2048: 22 x 32.061 us = 705.36 us (784.724 GFLOPS/s)
MUL_MAT_VEC q6_K m=128000 n=1 k=2048: 1 x 881.16 us = 881.16 us (594.852 GFLOPS/s)
RMS_NORM_MUL RMS_NORM(2048,1,1,1): 61 x 3.738 us = 228.04 us
RMS_NORM_MUL_ROPE RMS_NORM(64,32,1,1): 8 x 3.865 us = 30.92 us
RMS_NORM_MUL_ROPE RMS_NORM(64,8,1,1): 8 x 3.46 us = 27.68 us
SET_ROWS: 16 x 2.005 us = 32.08 us
SSM_CONV: 22 x 2.294 us = 50.48 us
Total time: 7702.16 us.
----------------
Vulkan Timings:
ADD: 22 x 2.665 us = 58.64 us
CONCAT: 22 x 2.31 us = 50.84 us
CPY: 22 x 2.31 us = 50.84 us
FLASH_ATTN_EXT dst(64,32,1,1),  q(64,1,32,1),  k(64,256,8,1),  v(64,256,8,1),  m(256,1,1,1): 8 x 10.765 us = 86.12 us (194.812 GFLOPS/s)
GET_ROWS: 24 x 1.958 us = 47 us
GLU: 30 x 2.33 us = 69.92 us
MUL: 44 x 2.435 us = 107.16 us
MUL_MAT f32 m=64 n=32 k=64: 16 x 2.137 us = 34.2 us (121.682 GFLOPS/s)
MUL_MAT_ADD MUL_MAT_VEC q4_0_rocmfp4_fast m=2048 n=1 k=10752: 30 x 52.069 us = 1562.08 us (845.76 GFLOPS/s)
MUL_MAT_ADD MUL_MAT_VEC q4_0_rocmfp4_fast m=2048 n=1 k=2048: 8 x 12.695 us = 101.56 us (660.619 GFLOPS/s)
MUL_MAT_VEC f32 m=64 n=8 k=64: 16 x 2.092 us = 33.48 us (31.0748 GFLOPS/s)
MUL_MAT_VEC q4_0_rocmfp4_fast m=10752 n=1 k=2048: 60 x 50.811 us = 3048.68 us (866.528 GFLOPS/s)
MUL_MAT_VEC q4_0_rocmfp4_fast m=2048 n=1 k=2048: 30 x 13.814 us = 414.44 us (607.077 GFLOPS/s)
MUL_MAT_VEC q4_0_rocmfp4_fast m=512 n=1 k=2048: 16 x 2.582 us = 41.32 us (811.864 GFLOPS/s)
MUL_MAT_VEC q4_0_rocmfp4_fast m=6144 n=1 k=2048: 22 x 31.7 us = 697.4 us (793.681 GFLOPS/s)
MUL_MAT_VEC q6_K m=128000 n=1 k=2048: 1 x 922.24 us = 922.24 us (568.355 GFLOPS/s)
RMS_NORM_MUL RMS_NORM(2048,1,1,1): 61 x 3.824 us = 233.28 us
RMS_NORM_MUL_ROPE RMS_NORM(64,32,1,1): 8 x 3.89 us = 31.12 us
RMS_NORM_MUL_ROPE RMS_NORM(64,8,1,1): 8 x 3.41 us = 27.28 us
SET_ROWS: 16 x 1.94 us = 31.04 us
SSM_CONV: 22 x 2.318 us = 51 us
Total time: 7699.64 us.
----------------
Vulkan Timings:
ADD: 22 x 2.314 us = 50.92 us
CONCAT: 22 x 2.34 us = 51.48 us
CPY: 22 x 2.298 us = 50.56 us
FLASH_ATTN_EXT dst(64,32,1,1),  q(64,1,32,1),  k(64,256,8,1),  v(64,256,8,1),  m(256,1,1,1): 8 x 10.845 us = 86.76 us (193.375 GFLOPS/s)
GET_ROWS: 24 x 2.405 us = 57.72 us
GLU: 30 x 2.329 us = 69.88 us
MUL: 44 x 2.451 us = 107.88 us
MUL_MAT f32 m=64 n=32 k=64: 16 x 2.26 us = 36.16 us (115.087 GFLOPS/s)
MUL_MAT_ADD MUL_MAT_VEC q4_0_rocmfp4_fast m=2048 n=1 k=10752: 30 x 52.266 us = 1568 us (842.567 GFLOPS/s)
MUL_MAT_ADD MUL_MAT_VEC q4_0_rocmfp4_fast m=2048 n=1 k=2048: 8 x 12.875 us = 103 us (651.383 GFLOPS/s)
MUL_MAT_VEC f32 m=64 n=8 k=64: 16 x 2.092 us = 33.48 us (31.0748 GFLOPS/s)
MUL_MAT_VEC q4_0_rocmfp4_fast m=10752 n=1 k=2048: 60 x 51.087 us = 3065.24 us (861.847 GFLOPS/s)
MUL_MAT_VEC q4_0_rocmfp4_fast m=2048 n=1 k=2048: 30 x 13.777 us = 413.32 us (608.722 GFLOPS/s)
MUL_MAT_VEC q4_0_rocmfp4_fast m=512 n=1 k=2048: 16 x 2.585 us = 41.36 us (811.079 GFLOPS/s)
MUL_MAT_VEC q4_0_rocmfp4_fast m=6144 n=1 k=2048: 22 x 31.73 us = 698.08 us (792.908 GFLOPS/s)
MUL_MAT_VEC q6_K m=128000 n=1 k=2048: 1 x 881.76 us = 881.76 us (594.447 GFLOPS/s)
RMS_NORM_MUL RMS_NORM(2048,1,1,1): 61 x 3.755 us = 229.08 us
RMS_NORM_MUL_ROPE RMS_NORM(64,32,1,1): 8 x 3.935 us = 31.48 us
RMS_NORM_MUL_ROPE RMS_NORM(64,8,1,1): 8 x 3.43 us = 27.44 us
SET_ROWS: 16 x 1.967 us = 31.48 us
SSM_CONV: 22 x 2.325 us = 51.16 us
Total time: 7686.24 us.
----------------
Vulkan Timings:
ADD: 22 x 2.321 us = 51.08 us
CONCAT: 22 x 2.672 us = 58.8 us
CPY: 22 x 2.294 us = 50.48 us
FLASH_ATTN_EXT dst(64,32,1,1),  q(64,1,32,1),  k(64,256,8,1),  v(64,256,8,1),  m(256,1,1,1): 8 x 10.5 us = 84 us (199.729 GFLOPS/s)
GET_ROWS: 24 x 2.003 us = 48.08 us
GLU: 30 x 2.768 us = 83.04 us
MUL: 44 x 2.496 us = 109.84 us
MUL_MAT f32 m=64 n=32 k=64: 16 x 2.127 us = 34.04 us (122.254 GFLOPS/s)
MUL_MAT_ADD MUL_MAT_VEC q4_0_rocmfp4_fast m=2048 n=1 k=10752: 30 x 52.374 us = 1571.24 us (840.829 GFLOPS/s)
MUL_MAT_ADD MUL_MAT_VEC q4_0_rocmfp4_fast m=2048 n=1 k=2048: 8 x 12.725 us = 101.8 us (659.062 GFLOPS/s)
MUL_MAT_VEC f32 m=64 n=8 k=64: 16 x 2.097 us = 33.56 us (31.0007 GFLOPS/s)
MUL_MAT_VEC q4_0_rocmfp4_fast m=10752 n=1 k=2048: 60 x 50.889 us = 3053.36 us (865.2 GFLOPS/s)
MUL_MAT_VEC q4_0_rocmfp4_fast m=2048 n=1 k=2048: 30 x 13.785 us = 413.56 us (608.368 GFLOPS/s)
MUL_MAT_VEC q4_0_rocmfp4_fast m=512 n=1 k=2048: 16 x 2.535 us = 40.56 us (827.077 GFLOPS/s)
MUL_MAT_VEC q4_0_rocmfp4_fast m=6144 n=1 k=2048: 22 x 31.781 us = 699.2 us (791.638 GFLOPS/s)
MUL_MAT_VEC q6_K m=128000 n=1 k=2048: 1 x 879.48 us = 879.48 us (595.989 GFLOPS/s)
RMS_NORM_MUL RMS_NORM(2048,1,1,1): 61 x 4.026 us = 245.64 us
RMS_NORM_MUL_ROPE RMS_NORM(64,32,1,1): 8 x 3.965 us = 31.72 us
RMS_NORM_MUL_ROPE RMS_NORM(64,8,1,1): 8 x 3.445 us = 27.56 us
SET_ROWS: 16 x 2.02 us = 32.32 us
SSM_CONV: 22 x 2.323 us = 51.12 us
Total time: 7700.48 us.
----------------
Vulkan Timings:
ADD: 22 x 2.309 us = 50.8 us
CONCAT: 22 x 2.292 us = 50.44 us
CPY: 22 x 2.303 us = 50.68 us
FLASH_ATTN_EXT dst(64,32,1,1),  q(64,1,32,1),  k(64,256,8,1),  v(64,256,8,1),  m(256,1,1,1): 8 x 10.755 us = 86.04 us (194.993 GFLOPS/s)
GET_ROWS: 24 x 1.988 us = 47.72 us
GLU: 30 x 2.312 us = 69.36 us
MUL: 44 x 2.436 us = 107.2 us
MUL_MAT f32 m=64 n=32 k=64: 16 x 2.112 us = 33.8 us (123.122 GFLOPS/s)
MUL_MAT_ADD MUL_MAT_VEC q4_0_rocmfp4_fast m=2048 n=1 k=10752: 30 x 52.612 us = 1578.36 us (837.036 GFLOPS/s)
MUL_MAT_ADD MUL_MAT_VEC q4_0_rocmfp4_fast m=2048 n=1 k=2048: 8 x 12.85 us = 102.8 us (652.651 GFLOPS/s)
MUL_MAT_VEC f32 m=64 n=8 k=64: 16 x 2.095 us = 33.52 us (31.0377 GFLOPS/s)
MUL_MAT_VEC q4_0_rocmfp4_fast m=10752 n=1 k=2048: 60 x 51.092 us = 3065.56 us (861.757 GFLOPS/s)
MUL_MAT_VEC q4_0_rocmfp4_fast m=2048 n=1 k=2048: 30 x 13.772 us = 413.16 us (608.957 GFLOPS/s)
MUL_MAT_VEC q4_0_rocmfp4_fast m=512 n=1 k=2048: 16 x 2.59 us = 41.44 us (809.514 GFLOPS/s)
MUL_MAT_VEC q4_0_rocmfp4_fast m=6144 n=1 k=2048: 22 x 31.669 us = 696.72 us (794.455 GFLOPS/s)
MUL_MAT_VEC q6_K m=128000 n=1 k=2048: 1 x 879.44 us = 879.44 us (596.016 GFLOPS/s)
RMS_NORM_MUL RMS_NORM(2048,1,1,1): 61 x 3.719 us = 226.88 us
RMS_NORM_MUL_ROPE RMS_NORM(64,32,1,1): 8 x 3.91 us = 31.28 us
RMS_NORM_MUL_ROPE RMS_NORM(64,8,1,1): 8 x 3.4 us = 27.2 us
SET_ROWS: 16 x 1.937 us = 31 us
SSM_CONV: 22 x 2.303 us = 50.68 us
Total time: 7674.08 us.
----------------
Vulkan Timings:
ADD: 22 x 2.314 us = 50.92 us
CONCAT: 22 x 3.103 us = 68.28 us
CPY: 22 x 2.256 us = 49.64 us
FLASH_ATTN_EXT dst(64,32,1,1),  q(64,1,32,1),  k(64,256,8,1),  v(64,256,8,1),  m(256,1,1,1): 8 x 10.665 us = 85.32 us (196.639 GFLOPS/s)
GET_ROWS: 24 x 1.98 us = 47.52 us
GLU: 30 x 2.316 us = 69.48 us
MUL: 44 x 2.424 us = 106.68 us
MUL_MAT f32 m=64 n=32 k=64: 16 x 2.125 us = 34 us (122.398 GFLOPS/s)
MUL_MAT_ADD MUL_MAT_VEC q4_0_rocmfp4_fast m=2048 n=1 k=10752: 30 x 52.448 us = 1573.44 us (839.653 GFLOPS/s)
MUL_MAT_ADD MUL_MAT_VEC q4_0_rocmfp4_fast m=2048 n=1 k=2048: 8 x 12.72 us = 101.76 us (659.321 GFLOPS/s)
MUL_MAT_VEC f32 m=64 n=8 k=64: 16 x 2.075 us = 33.2 us (31.3369 GFLOPS/s)
MUL_MAT_VEC q4_0_rocmfp4_fast m=10752 n=1 k=2048: 60 x 50.734 us = 3044.04 us (867.849 GFLOPS/s)
MUL_MAT_VEC q4_0_rocmfp4_fast m=2048 n=1 k=2048: 30 x 13.801 us = 414.04 us (607.663 GFLOPS/s)
MUL_MAT_VEC q4_0_rocmfp4_fast m=512 n=1 k=2048: 16 x 2.64 us = 42.24 us (794.182 GFLOPS/s)
MUL_MAT_VEC q4_0_rocmfp4_fast m=6144 n=1 k=2048: 22 x 32.407 us = 712.96 us (776.359 GFLOPS/s)
MUL_MAT_VEC q6_K m=128000 n=1 k=2048: 1 x 871.64 us = 871.64 us (601.349 GFLOPS/s)
RMS_NORM_MUL RMS_NORM(2048,1,1,1): 61 x 3.74 us = 228.2 us
RMS_NORM_MUL_ROPE RMS_NORM(64,32,1,1): 8 x 7.025 us = 56.2 us
RMS_NORM_MUL_ROPE RMS_NORM(64,8,1,1): 8 x 3.395 us = 27.16 us
SET_ROWS: 16 x 1.93 us = 30.88 us
SSM_CONV: 22 x 2.889 us = 63.56 us
Total time: 7711.16 us.
----------------
Vulkan Timings:
ADD: 22 x 2.334 us = 51.36 us
CONCAT: 22 x 2.325 us = 51.16 us
CPY: 22 x 2.274 us = 50.04 us
FLASH_ATTN_EXT dst(64,32,1,1),  q(64,1,32,1),  k(64,256,8,1),  v(64,256,8,1),  m(256,1,1,1): 8 x 10.7 us = 85.6 us (195.996 GFLOPS/s)
GET_ROWS: 24 x 2.776 us = 66.64 us
GLU: 30 x 2.34 us = 70.2 us
MUL: 44 x 2.46 us = 108.24 us
MUL_MAT f32 m=64 n=32 k=64: 16 x 2.125 us = 34 us (122.398 GFLOPS/s)
MUL_MAT_ADD MUL_MAT_VEC q4_0_rocmfp4_fast m=2048 n=1 k=10752: 30 x 52.094 us = 1562.84 us (845.348 GFLOPS/s)
MUL_MAT_ADD MUL_MAT_VEC q4_0_rocmfp4_fast m=2048 n=1 k=2048: 8 x 12.75 us = 102 us (657.769 GFLOPS/s)
MUL_MAT_VEC f32 m=64 n=8 k=64: 16 x 2.102 us = 33.64 us (30.927 GFLOPS/s)
MUL_MAT_VEC q4_0_rocmfp4_fast m=10752 n=1 k=2048: 60 x 50.822 us = 3049.36 us (866.335 GFLOPS/s)
MUL_MAT_VEC q4_0_rocmfp4_fast m=2048 n=1 k=2048: 30 x 13.833 us = 415 us (606.257 GFLOPS/s)
MUL_MAT_VEC q4_0_rocmfp4_fast m=512 n=1 k=2048: 16 x 2.602 us = 41.64 us (805.625 GFLOPS/s)
MUL_MAT_VEC q4_0_rocmfp4_fast m=6144 n=1 k=2048: 22 x 31.769 us = 698.92 us (791.955 GFLOPS/s)
MUL_MAT_VEC q6_K m=128000 n=1 k=2048: 1 x 872.72 us = 872.72 us (600.605 GFLOPS/s)
RMS_NORM_MUL RMS_NORM(2048,1,1,1): 61 x 4.096 us = 249.88 us
RMS_NORM_MUL_ROPE RMS_NORM(64,32,1,1): 8 x 3.905 us = 31.24 us
RMS_NORM_MUL_ROPE RMS_NORM(64,8,1,1): 8 x 3.375 us = 27 us
SET_ROWS: 16 x 2.015 us = 32.24 us
SSM_CONV: 22 x 3.343 us = 73.56 us
Total time: 7707.28 us.
----------------
Vulkan Timings:
ADD: 22 x 2.303 us = 50.68 us
CONCAT: 22 x 2.323 us = 51.12 us
CPY: 22 x 2.3 us = 50.6 us
FLASH_ATTN_EXT dst(64,32,1,1),  q(64,1,32,1),  k(64,256,8,1),  v(64,256,8,1),  m(256,1,1,1): 8 x 10.58 us = 84.64 us (198.219 GFLOPS/s)
GET_ROWS: 24 x 1.976 us = 47.44 us
GLU: 30 x 2.325 us = 69.76 us
MUL: 44 x 2.442 us = 107.48 us
MUL_MAT f32 m=64 n=32 k=64: 16 x 2.095 us = 33.52 us (124.151 GFLOPS/s)
MUL_MAT_ADD MUL_MAT_VEC q4_0_rocmfp4_fast m=2048 n=1 k=10752: 30 x 52.268 us = 1568.04 us (842.545 GFLOPS/s)
MUL_MAT_ADD MUL_MAT_VEC q4_0_rocmfp4_fast m=2048 n=1 k=2048: 8 x 12.785 us = 102.28 us (655.969 GFLOPS/s)
MUL_MAT_VEC f32 m=64 n=8 k=64: 16 x 2.08 us = 33.28 us (31.2615 GFLOPS/s)
MUL_MAT_VEC q4_0_rocmfp4_fast m=10752 n=1 k=2048: 60 x 50.726 us = 3043.56 us (867.986 GFLOPS/s)
MUL_MAT_VEC q4_0_rocmfp4_fast m=2048 n=1 k=2048: 30 x 13.796 us = 413.88 us (607.898 GFLOPS/s)
MUL_MAT_VEC q4_0_rocmfp4_fast m=512 n=1 k=2048: 16 x 2.57 us = 41.12 us (815.813 GFLOPS/s)
MUL_MAT_VEC q4_0_rocmfp4_fast m=6144 n=1 k=2048: 22 x 31.687 us = 697.12 us (794 GFLOPS/s)
MUL_MAT_VEC q6_K m=128000 n=1 k=2048: 1 x 926.76 us = 926.76 us (565.583 GFLOPS/s)
RMS_NORM_MUL RMS_NORM(2048,1,1,1): 61 x 3.73 us = 227.56 us
RMS_NORM_MUL_ROPE RMS_NORM(64,32,1,1): 8 x 3.91 us = 31.28 us
RMS_NORM_MUL_ROPE RMS_NORM(64,8,1,1): 8 x 3.4 us = 27.2 us
SET_ROWS: 16 x 1.992 us = 31.88 us
SSM_CONV: 22 x 2.294 us = 50.48 us
Total time: 7689.68 us.
----------------
Vulkan Timings:
ADD: 22 x 2.325 us = 51.16 us
CONCAT: 22 x 2.323 us = 51.12 us
CPY: 22 x 2.294 us = 50.48 us
FLASH_ATTN_EXT dst(64,32,1,1),  q(64,1,32,1),  k(64,256,8,1),  v(64,256,8,1),  m(256,1,1,1): 8 x 10.6 us = 84.8 us (197.845 GFLOPS/s)
GET_ROWS: 24 x 2.01 us = 48.24 us
GLU: 30 x 2.67 us = 80.12 us
MUL: 44 x 2.448 us = 107.72 us
MUL_MAT f32 m=64 n=32 k=64: 16 x 2.115 us = 33.84 us (122.977 GFLOPS/s)
MUL_MAT_ADD MUL_MAT_VEC q4_0_rocmfp4_fast m=2048 n=1 k=10752: 30 x 52.05 us = 1561.52 us (846.063 GFLOPS/s)
MUL_MAT_ADD MUL_MAT_VEC q4_0_rocmfp4_fast m=2048 n=1 k=2048: 8 x 12.79 us = 102.32 us (655.712 GFLOPS/s)
MUL_MAT_VEC f32 m=64 n=8 k=64: 16 x 2.085 us = 33.36 us (31.1866 GFLOPS/s)
MUL_MAT_VEC q4_0_rocmfp4_fast m=10752 n=1 k=2048: 60 x 51.336 us = 3080.2 us (857.661 GFLOPS/s)
MUL_MAT_VEC q4_0_rocmfp4_fast m=2048 n=1 k=2048: 30 x 13.79 us = 413.72 us (608.133 GFLOPS/s)
MUL_MAT_VEC q4_0_rocmfp4_fast m=512 n=1 k=2048: 16 x 2.577 us = 41.24 us (813.439 GFLOPS/s)
MUL_MAT_VEC q4_0_rocmfp4_fast m=6144 n=1 k=2048: 22 x 32.843 us = 722.56 us (766.044 GFLOPS/s)
MUL_MAT_VEC q6_K m=128000 n=1 k=2048: 1 x 879.92 us = 879.92 us (595.691 GFLOPS/s)
RMS_NORM_MUL RMS_NORM(2048,1,1,1): 61 x 3.743 us = 228.36 us
RMS_NORM_MUL_ROPE RMS_NORM(64,32,1,1): 8 x 3.91 us = 31.28 us
RMS_NORM_MUL_ROPE RMS_NORM(64,8,1,1): 8 x 3.415 us = 27.32 us
SET_ROWS: 16 x 1.957 us = 31.32 us
SSM_CONV: 22 x 2.31 us = 50.84 us
Total time: 7711.44 us.
----------------
Vulkan Timings:
ADD: 22 x 2.403 us = 52.88 us
CONCAT: 22 x 2.67 us = 58.76 us
CPY: 22 x 2.663 us = 58.6 us
FLASH_ATTN_EXT dst(64,32,1,1),  q(64,1,32,1),  k(64,256,8,1),  v(64,256,8,1),  m(256,1,1,1): 8 x 10.62 us = 84.96 us (197.472 GFLOPS/s)
GET_ROWS: 24 x 1.978 us = 47.48 us
GLU: 30 x 2.329 us = 69.88 us
MUL: 44 x 2.405 us = 105.84 us
MUL_MAT f32 m=64 n=32 k=64: 16 x 2.137 us = 34.2 us (121.682 GFLOPS/s)
MUL_MAT_ADD MUL_MAT_VEC q4_0_rocmfp4_fast m=2048 n=1 k=10752: 30 x 52.049 us = 1561.48 us (846.085 GFLOPS/s)
MUL_MAT_ADD MUL_MAT_VEC q4_0_rocmfp4_fast m=2048 n=1 k=2048: 8 x 12.765 us = 102.12 us (656.996 GFLOPS/s)
MUL_MAT_VEC f32 m=64 n=8 k=64: 16 x 2.09 us = 33.44 us (31.112 GFLOPS/s)
MUL_MAT_VEC q4_0_rocmfp4_fast m=10752 n=1 k=2048: 60 x 51.067 us = 3064.04 us (862.184 GFLOPS/s)
MUL_MAT_VEC q4_0_rocmfp4_fast m=2048 n=1 k=2048: 30 x 14.106 us = 423.2 us (594.51 GFLOPS/s)
MUL_MAT_VEC q4_0_rocmfp4_fast m=512 n=1 k=2048: 16 x 2.57 us = 41.12 us (815.813 GFLOPS/s)
MUL_MAT_VEC q4_0_rocmfp4_fast m=6144 n=1 k=2048: 22 x 31.92 us = 702.24 us (788.211 GFLOPS/s)
MUL_MAT_VEC q6_K m=128000 n=1 k=2048: 1 x 879.52 us = 879.52 us (595.961 GFLOPS/s)
RMS_NORM_MUL RMS_NORM(2048,1,1,1): 61 x 3.751 us = 228.84 us
RMS_NORM_MUL_ROPE RMS_NORM(64,32,1,1): 8 x 3.87 us = 30.96 us
RMS_NORM_MUL_ROPE RMS_NORM(64,8,1,1): 8 x 3.44 us = 27.52 us
SET_ROWS: 16 x 1.995 us = 31.92 us
SSM_CONV: 22 x 2.303 us = 50.68 us
Total time: 7689.68 us.
----------------
Vulkan Timings:
ADD: 22 x 2.303 us = 50.68 us
CONCAT: 22 x 2.321 us = 51.08 us
CPY: 22 x 2.287 us = 50.32 us
FLASH_ATTN_EXT dst(64,32,1,1),  q(64,1,32,1),  k(64,256,8,1),  v(64,256,8,1),  m(256,1,1,1): 8 x 10.77 us = 86.16 us (194.722 GFLOPS/s)
GET_ROWS: 24 x 2.515 us = 60.36 us
GLU: 30 x 3.05 us = 91.52 us
MUL: 44 x 2.433 us = 107.08 us
MUL_MAT f32 m=64 n=32 k=64: 16 x 2.105 us = 33.68 us (123.561 GFLOPS/s)
MUL_MAT_ADD MUL_MAT_VEC q4_0_rocmfp4_fast m=2048 n=1 k=10752: 30 x 52.286 us = 1568.6 us (842.244 GFLOPS/s)
MUL_MAT_ADD MUL_MAT_VEC q4_0_rocmfp4_fast m=2048 n=1 k=2048: 8 x 13.04 us = 104.32 us (643.141 GFLOPS/s)
MUL_MAT_VEC f32 m=64 n=8 k=64: 16 x 2.092 us = 33.48 us (31.0748 GFLOPS/s)
MUL_MAT_VEC q4_0_rocmfp4_fast m=10752 n=1 k=2048: 60 x 50.759 us = 3045.56 us (867.416 GFLOPS/s)
MUL_MAT_VEC q4_0_rocmfp4_fast m=2048 n=1 k=2048: 30 x 13.742 us = 412.28 us (610.257 GFLOPS/s)
MUL_MAT_VEC q4_0_rocmfp4_fast m=512 n=1 k=2048: 16 x 2.545 us = 40.72 us (823.827 GFLOPS/s)
MUL_MAT_VEC q4_0_rocmfp4_fast m=6144 n=1 k=2048: 22 x 32.01 us = 704.24 us (785.972 GFLOPS/s)
MUL_MAT_VEC q6_K m=128000 n=1 k=2048: 1 x 871.64 us = 871.64 us (601.349 GFLOPS/s)
RMS_NORM_MUL RMS_NORM(2048,1,1,1): 61 x 3.955 us = 241.28 us
RMS_NORM_MUL_ROPE RMS_NORM(64,32,1,1): 8 x 3.85 us = 30.8 us
RMS_NORM_MUL_ROPE RMS_NORM(64,8,1,1): 8 x 3.385 us = 27.08 us
SET_ROWS: 16 x 1.915 us = 30.64 us
SSM_CONV: 22 x 2.301 us = 50.64 us
Total time: 7692.16 us.
----------------
Vulkan Timings:
ADD: 22 x 2.309 us = 50.8 us
CONCAT: 22 x 2.321 us = 51.08 us
CPY: 22 x 2.294 us = 50.48 us
FLASH_ATTN_EXT dst(64,32,1,1),  q(64,1,32,1),  k(64,256,8,1),  v(64,256,8,1),  m(256,1,1,1): 8 x 10.465 us = 83.72 us (200.397 GFLOPS/s)
GET_ROWS: 24 x 2.01 us = 48.24 us
GLU: 30 x 2.336 us = 70.08 us
MUL: 44 x 2.443 us = 107.52 us
MUL_MAT f32 m=64 n=32 k=64: 16 x 2.125 us = 34 us (122.398 GFLOPS/s)
MUL_MAT_ADD MUL_MAT_VEC q4_0_rocmfp4_fast m=2048 n=1 k=10752: 30 x 51.981 us = 1559.44 us (847.192 GFLOPS/s)
MUL_MAT_ADD MUL_MAT_VEC q4_0_rocmfp4_fast m=2048 n=1 k=2048: 8 x 12.75 us = 102 us (657.769 GFLOPS/s)
MUL_MAT_VEC f32 m=64 n=8 k=64: 16 x 2.085 us = 33.36 us (31.1866 GFLOPS/s)
MUL_MAT_VEC q4_0_rocmfp4_fast m=10752 n=1 k=2048: 60 x 50.756 us = 3045.36 us (867.473 GFLOPS/s)
MUL_MAT_VEC q4_0_rocmfp4_fast m=2048 n=1 k=2048: 30 x 13.821 us = 414.64 us (606.784 GFLOPS/s)
MUL_MAT_VEC q4_0_rocmfp4_fast m=512 n=1 k=2048: 16 x 2.572 us = 41.16 us (815.02 GFLOPS/s)
MUL_MAT_VEC q4_0_rocmfp4_fast m=6144 n=1 k=2048: 22 x 31.7 us = 697.4 us (793.681 GFLOPS/s)
MUL_MAT_VEC q6_K m=128000 n=1 k=2048: 1 x 870.24 us = 870.24 us (602.317 GFLOPS/s)
RMS_NORM_MUL RMS_NORM(2048,1,1,1): 61 x 3.74 us = 228.16 us
RMS_NORM_MUL_ROPE RMS_NORM(64,32,1,1): 8 x 3.865 us = 30.92 us
RMS_NORM_MUL_ROPE RMS_NORM(64,8,1,1): 8 x 3.425 us = 27.4 us
SET_ROWS: 16 x 2.022 us = 32.36 us
SSM_CONV: 22 x 2.327 us = 51.2 us
Total time: 7629.56 us.
----------------
Vulkan Timings:
ADD: 22 x 2.294 us = 50.48 us
CONCAT: 22 x 2.303 us = 50.68 us
CPY: 22 x 2.289 us = 50.36 us
FLASH_ATTN_EXT dst(64,32,1,1),  q(64,1,32,1),  k(64,256,8,1),  v(64,256,8,1),  m(256,1,1,1): 8 x 10.675 us = 85.4 us (196.455 GFLOPS/s)
GET_ROWS: 24 x 1.976 us = 47.44 us
GLU: 30 x 2.305 us = 69.16 us
MUL: 44 x 2.434 us = 107.12 us
MUL_MAT f32 m=64 n=32 k=64: 16 x 2.102 us = 33.64 us (123.708 GFLOPS/s)
MUL_MAT_ADD MUL_MAT_VEC q4_0_rocmfp4_fast m=2048 n=1 k=10752: 30 x 52.008 us = 1560.24 us (846.757 GFLOPS/s)
MUL_MAT_ADD MUL_MAT_VEC q4_0_rocmfp4_fast m=2048 n=1 k=2048: 8 x 12.775 us = 102.2 us (656.482 GFLOPS/s)
MUL_MAT_VEC f32 m=64 n=8 k=64: 16 x 2.095 us = 33.52 us (31.0377 GFLOPS/s)
MUL_MAT_VEC q4_0_rocmfp4_fast m=10752 n=1 k=2048: 60 x 50.77 us = 3046.24 us (867.222 GFLOPS/s)
MUL_MAT_VEC q4_0_rocmfp4_fast m=2048 n=1 k=2048: 30 x 13.808 us = 414.24 us (607.37 GFLOPS/s)
MUL_MAT_VEC q4_0_rocmfp4_fast m=512 n=1 k=2048: 16 x 2.552 us = 40.84 us (821.406 GFLOPS/s)
MUL_MAT_VEC q4_0_rocmfp4_fast m=6144 n=1 k=2048: 22 x 31.716 us = 697.76 us (793.271 GFLOPS/s)
MUL_MAT_VEC q6_K m=128000 n=1 k=2048: 1 x 930.96 us = 930.96 us (563.032 GFLOPS/s)
RMS_NORM_MUL RMS_NORM(2048,1,1,1): 61 x 3.87 us = 236.12 us
RMS_NORM_MUL_ROPE RMS_NORM(64,32,1,1): 8 x 3.92 us = 31.36 us
RMS_NORM_MUL_ROPE RMS_NORM(64,8,1,1): 8 x 3.395 us = 27.16 us
SET_ROWS: 16 x 2.03 us = 32.48 us
SSM_CONV: 22 x 2.292 us = 50.44 us
Total time: 7697.84 us.
----------------
Vulkan Timings:
ADD: 22 x 2.294 us = 50.48 us
CONCAT: 22 x 2.298 us = 50.56 us
CPY: 22 x 2.292 us = 50.44 us
FLASH_ATTN_EXT dst(64,32,1,1),  q(64,1,32,1),  k(64,256,8,1),  v(64,256,8,1),  m(256,1,1,1): 8 x 11.18 us = 89.44 us (187.581 GFLOPS/s)
GET_ROWS: 24 x 2.226 us = 53.44 us
GLU: 30 x 3.148 us = 94.44 us
MUL: 44 x 2.43 us = 106.96 us
MUL_MAT f32 m=64 n=32 k=64: 16 x 2.19 us = 35.04 us (118.765 GFLOPS/s)
MUL_MAT_ADD MUL_MAT_VEC q4_0_rocmfp4_fast m=2048 n=1 k=10752: 30 x 52.097 us = 1562.92 us (845.305 GFLOPS/s)
MUL_MAT_ADD MUL_MAT_VEC q4_0_rocmfp4_fast m=2048 n=1 k=2048: 8 x 12.795 us = 102.36 us (655.456 GFLOPS/s)
MUL_MAT_VEC f32 m=64 n=8 k=64: 16 x 2.16 us = 34.56 us (30.1037 GFLOPS/s)
MUL_MAT_VEC q4_0_rocmfp4_fast m=10752 n=1 k=2048: 60 x 50.992 us = 3059.52 us (863.458 GFLOPS/s)
MUL_MAT_VEC q4_0_rocmfp4_fast m=2048 n=1 k=2048: 30 x 13.8 us = 414 us (607.722 GFLOPS/s)
MUL_MAT_VEC q4_0_rocmfp4_fast m=512 n=1 k=2048: 16 x 2.582 us = 41.32 us (811.864 GFLOPS/s)
MUL_MAT_VEC q4_0_rocmfp4_fast m=6144 n=1 k=2048: 22 x 31.661 us = 696.56 us (794.638 GFLOPS/s)
MUL_MAT_VEC q6_K m=128000 n=1 k=2048: 1 x 872.56 us = 872.56 us (600.715 GFLOPS/s)
RMS_NORM_MUL RMS_NORM(2048,1,1,1): 61 x 3.743 us = 228.36 us
RMS_NORM_MUL_ROPE RMS_NORM(64,32,1,1): 8 x 3.865 us = 30.92 us
RMS_NORM_MUL_ROPE RMS_NORM(64,8,1,1): 8 x 3.4 us = 27.2 us
SET_ROWS: 16 x 2.045 us = 32.72 us
SSM_CONV: 22 x 2.294 us = 50.48 us
Total time: 7684.28 us.
----------------
Vulkan Timings:
ADD: 22 x 2.392 us = 52.64 us
CONCAT: 22 x 2.336 us = 51.4 us
CPY: 22 x 2.272 us = 50 us
FLASH_ATTN_EXT dst(64,32,1,1),  q(64,1,32,1),  k(64,256,8,1),  v(64,256,8,1),  m(256,1,1,1): 8 x 10.54 us = 84.32 us (198.971 GFLOPS/s)
GET_ROWS: 24 x 2.003 us = 48.08 us
GLU: 30 x 2.366 us = 71 us
MUL: 44 x 2.548 us = 112.12 us
MUL_MAT f32 m=64 n=32 k=64: 16 x 2.16 us = 34.56 us (120.415 GFLOPS/s)
MUL_MAT_ADD MUL_MAT_VEC q4_0_rocmfp4_fast m=2048 n=1 k=10752: 30 x 52.464 us = 1573.92 us (839.397 GFLOPS/s)
MUL_MAT_ADD MUL_MAT_VEC q4_0_rocmfp4_fast m=2048 n=1 k=2048: 8 x 12.64 us = 101.12 us (663.494 GFLOPS/s)
MUL_MAT_VEC f32 m=64 n=8 k=64: 16 x 2.172 us = 34.76 us (29.9305 GFLOPS/s)
MUL_MAT_VEC q4_0_rocmfp4_fast m=10752 n=1 k=2048: 60 x 51.126 us = 3067.56 us (861.195 GFLOPS/s)
MUL_MAT_VEC q4_0_rocmfp4_fast m=2048 n=1 k=2048: 30 x 13.757 us = 412.72 us (609.607 GFLOPS/s)
MUL_MAT_VEC q4_0_rocmfp4_fast m=512 n=1 k=2048: 16 x 2.582 us = 41.32 us (811.864 GFLOPS/s)
MUL_MAT_VEC q4_0_rocmfp4_fast m=6144 n=1 k=2048: 22 x 31.81 us = 699.84 us (790.914 GFLOPS/s)
MUL_MAT_VEC q6_K m=128000 n=1 k=2048: 1 x 879.64 us = 879.64 us (595.88 GFLOPS/s)
RMS_NORM_MUL RMS_NORM(2048,1,1,1): 61 x 3.828 us = 233.52 us
RMS_NORM_MUL_ROPE RMS_NORM(64,32,1,1): 8 x 3.935 us = 31.48 us
RMS_NORM_MUL_ROPE RMS_NORM(64,8,1,1): 8 x 3.32 us = 26.56 us
SET_ROWS: 16 x 2.047 us = 32.76 us
SSM_CONV: 22 x 2.392 us = 52.64 us
Total time: 7691.96 us.
----------------
Vulkan Timings:
ADD: 22 x 2.389 us = 52.56 us
CONCAT: 22 x 2.314 us = 50.92 us
CPY: 22 x 2.289 us = 50.36 us
FLASH_ATTN_EXT dst(64,32,1,1),  q(64,1,32,1),  k(64,256,8,1),  v(64,256,8,1),  m(256,1,1,1): 8 x 10.615 us = 84.92 us (197.565 GFLOPS/s)
GET_ROWS: 24 x 2.741 us = 65.8 us
GLU: 30 x 2.598 us = 77.96 us
MUL: 44 x 2.449 us = 107.76 us
MUL_MAT f32 m=64 n=32 k=64: 16 x 2.115 us = 33.84 us (122.977 GFLOPS/s)
MUL_MAT_ADD MUL_MAT_VEC q4_0_rocmfp4_fast m=2048 n=1 k=10752: 30 x 52.369 us = 1571.08 us (840.915 GFLOPS/s)
MUL_MAT_ADD MUL_MAT_VEC q4_0_rocmfp4_fast m=2048 n=1 k=2048: 8 x 12.705 us = 101.64 us (660.099 GFLOPS/s)
MUL_MAT_VEC f32 m=64 n=8 k=64: 16 x 2.097 us = 33.56 us (31.0007 GFLOPS/s)
MUL_MAT_VEC q4_0_rocmfp4_fast m=10752 n=1 k=2048: 60 x 51.113 us = 3066.8 us (861.408 GFLOPS/s)
MUL_MAT_VEC q4_0_rocmfp4_fast m=2048 n=1 k=2048: 30 x 13.868 us = 416.04 us (604.742 GFLOPS/s)
MUL_MAT_VEC q4_0_rocmfp4_fast m=512 n=1 k=2048: 16 x 2.6 us = 41.6 us (806.4 GFLOPS/s)
MUL_MAT_VEC q4_0_rocmfp4_fast m=6144 n=1 k=2048: 22 x 31.72 us = 697.84 us (793.18 GFLOPS/s)
MUL_MAT_VEC q6_K m=128000 n=1 k=2048: 1 x 871.28 us = 871.28 us (601.598 GFLOPS/s)
RMS_NORM_MUL RMS_NORM(2048,1,1,1): 61 x 3.768 us = 229.88 us
RMS_NORM_MUL_ROPE RMS_NORM(64,32,1,1): 8 x 3.825 us = 30.6 us
RMS_NORM_MUL_ROPE RMS_NORM(64,8,1,1): 8 x 3.48 us = 27.84 us
SET_ROWS: 16 x 2.002 us = 32.04 us
SSM_CONV: 22 x 2.316 us = 50.96 us
Total time: 7695.28 us.
0.17.818.849 I slot print_timing: id  0 | task 1 | prompt eval time =     105.40 ms /   128 tokens (    0.82 ms per token,  1214.40 tokens per second)
0.17.818.855 I slot print_timing: id  0 | task 1 |        eval time =     667.17 ms /    64 tokens (   10.59 ms per token,    94.43 tokens per second)
0.17.818.856 I slot print_timing: id  0 | task 1 |       total time =     772.57 ms /   192 tokens
0.17.818.860 I slot print_timing: id  0 | task 1 |    graphs reused =         63
0.17.818.896 I slot      release: id  0 | task 1 | stop processing: n_tokens = 191, truncated = 0
0.17.822.351 I slot get_availabl: id  0 | task -1 | selected lowest available slot (compact policy)
0.17.822.387 I slot launch_slot_: id  0 | task 67 | processing task, is_child = 0
----------------
Vulkan Timings:
ADD: 58 x 11.353 us = 658.52 us
CONCAT: 22 x 32.163 us = 707.6 us
CPY: 22 x 3.745 us = 82.4 us
FLASH_ATTN_EXT dst(64,32,124,1),  q(64,124,32,1),  k(64,256,8,1),  v(64,256,8,1),  m(256,124,1,1): 8 x 125.565 us = 1004.52 us (2071.01 GFLOPS/s)
GET_ROWS: 22 x 3.18 us = 69.96 us
GLU: 29 x 44.331 us = 1285.6 us
MUL: 44 x 13.266 us = 583.72 us
MUL_MAT f32 m=64 n=3968 k=64: 16 x 6.227 us = 99.64 us (5178.95 GFLOPS/s)
MUL_MAT f32 m=64 n=992 k=64: 16 x 4.23 us = 67.68 us (1906.14 GFLOPS/s)
MUL_MAT q4_0_rocmfp4_fast m=10752 n=124 k=2048: 58 x 514.705 us = 29852.9 us (10607.3 GFLOPS/s)
MUL_MAT q4_0_rocmfp4_fast m=2048 n=124 k=10752: 29 x 676.401 us = 19615.6 us (8073.21 GFLOPS/s)
MUL_MAT q4_0_rocmfp4_fast m=2048 n=124 k=2048: 38 x 124.469 us = 4729.84 us (8354.93 GFLOPS/s)
MUL_MAT q4_0_rocmfp4_fast m=512 n=124 k=2048: 16 x 55.982 us = 895.72 us (4644.01 GFLOPS/s)
MUL_MAT q4_0_rocmfp4_fast m=6144 n=124 k=2048: 22 x 319.942 us = 7038.74 us (9751.12 GFLOPS/s)
RMS_NORM_MUL RMS_NORM(2048,124,1,1): 59 x 11.613 us = 685.2 us
RMS_NORM_MUL_ROPE RMS_NORM(64,32,124,1): 8 x 143.57 us = 1148.56 us
RMS_NORM_MUL_ROPE RMS_NORM(64,8,124,1): 8 x 30.015 us = 240.12 us
SCALE: 22 x 4.385 us = 96.48 us
SET_ROWS: 16 x 2.915 us = 46.64 us
SSM_CONV: 22 x 20.56 us = 452.32 us
Total time: 69361.8 us.
----------------
Vulkan Timings:
ADD: 59 x 2.022 us = 119.32 us
CONCAT: 22 x 2.616 us = 57.56 us
CPY: 22 x 2.554 us = 56.2 us
FLASH_ATTN_EXT dst(64,32,4,1),  q(64,4,32,1),  k(64,256,8,1),  v(64,256,8,1),  m(256,4,1,1): 8 x 14.11 us = 112.88 us (594.515 GFLOPS/s)
GET_ROWS: 24 x 1.955 us = 46.92 us
GLU: 30 x 4.365 us = 130.96 us
MUL: 44 x 2.463 us = 108.4 us
MUL_MAT f32 m=64 n=128 k=64: 16 x 2.087 us = 33.4 us (498.388 GFLOPS/s)
MUL_MAT f32 m=64 n=32 k=64: 16 x 2.377 us = 38.04 us (109.399 GFLOPS/s)
MUL_MAT_ADD MUL_MAT_VEC q4_0_rocmfp4_fast m=2048 n=1 k=10752: 1 x 56.72 us = 56.72 us (776.413 GFLOPS/s)
MUL_MAT_VEC q4_0_rocmfp4_fast m=10752 n=1 k=2048: 2 x 51.62 us = 103.24 us (852.953 GFLOPS/s)
MUL_MAT_VEC q4_0_rocmfp4_fast m=10752 n=4 k=2048: 58 x 59.853 us = 3471.48 us (2942.5 GFLOPS/s)
MUL_MAT_VEC q4_0_rocmfp4_fast m=2048 n=4 k=10752: 29 x 60.013 us = 1740.4 us (2935.2 GFLOPS/s)
MUL_MAT_VEC q4_0_rocmfp4_fast m=2048 n=4 k=2048: 38 x 17.177 us = 652.76 us (1952.87 GFLOPS/s)
MUL_MAT_VEC q4_0_rocmfp4_fast m=512 n=4 k=2048: 16 x 3.532 us = 56.52 us (2374.11 GFLOPS/s)
MUL_MAT_VEC q4_0_rocmfp4_fast m=6144 n=4 k=2048: 22 x 38.498 us = 846.96 us (2614.12 GFLOPS/s)
MUL_MAT_VEC q6_K m=128000 n=1 k=2048: 1 x 865.64 us = 865.64 us (605.517 GFLOPS/s)
RMS_NORM_MUL RMS_NORM(2048,1,1,1): 2 x 2.22 us = 4.44 us
RMS_NORM_MUL RMS_NORM(2048,4,1,1): 59 x 4.28 us = 252.52 us
RMS_NORM_MUL_ROPE RMS_NORM(64,32,4,1): 8 x 7.84 us = 62.72 us
RMS_NORM_MUL_ROPE RMS_NORM(64,8,4,1): 8 x 3.29 us = 26.32 us
SET_ROWS: 16 x 2.277 us = 36.44 us
SSM_CONV: 22 x 2.256 us = 49.64 us
Total time: 8929.48 us.
----------------
Vulkan Timings:
ADD: 22 x 2.3 us = 50.6 us
CONCAT: 22 x 2.309 us = 50.8 us
CPY: 22 x 2.289 us = 50.36 us
FLASH_ATTN_EXT dst(64,32,1,1),  q(64,1,32,1),  k(64,256,8,1),  v(64,256,8,1),  m(256,1,1,1): 8 x 10.52 us = 84.16 us (199.349 GFLOPS/s)
GET_ROWS: 24 x 1.966 us = 47.2 us
GLU: 30 x 2.324 us = 69.72 us
MUL: 44 x 2.304 us = 101.4 us
MUL_MAT f32 m=64 n=32 k=64: 16 x 2.1 us = 33.6 us (123.855 GFLOPS/s)
MUL_MAT_ADD MUL_MAT_VEC q4_0_rocmfp4_fast m=2048 n=1 k=10752: 30 x 53.832 us = 1614.96 us (818.066 GFLOPS/s)
MUL_MAT_ADD MUL_MAT_VEC q4_0_rocmfp4_fast m=2048 n=1 k=2048: 8 x 12.975 us = 103.8 us (646.363 GFLOPS/s)
MUL_MAT_VEC f32 m=64 n=8 k=64: 16 x 2.105 us = 33.68 us (30.8903 GFLOPS/s)
MUL_MAT_VEC q4_0_rocmfp4_fast m=10752 n=1 k=2048: 60 x 51.467 us = 3088.04 us (855.483 GFLOPS/s)
MUL_MAT_VEC q4_0_rocmfp4_fast m=2048 n=1 k=2048: 30 x 14.101 us = 423.04 us (594.735 GFLOPS/s)
MUL_MAT_VEC q4_0_rocmfp4_fast m=512 n=1 k=2048: 16 x 2.557 us = 40.92 us (819.801 GFLOPS/s)
MUL_MAT_VEC q4_0_rocmfp4_fast m=6144 n=1 k=2048: 22 x 32.81 us = 721.84 us (766.808 GFLOPS/s)
MUL_MAT_VEC q6_K m=128000 n=1 k=2048: 1 x 874.28 us = 874.28 us (599.533 GFLOPS/s)
RMS_NORM_MUL RMS_NORM(2048,1,1,1): 61 x 3.91 us = 238.56 us
RMS_NORM_MUL_ROPE RMS_NORM(64,32,1,1): 8 x 3.99 us = 31.92 us
RMS_NORM_MUL_ROPE RMS_NORM(64,8,1,1): 8 x 3.385 us = 27.08 us
SET_ROWS: 16 x 2.34 us = 37.44 us
SSM_CONV: 22 x 2.301 us = 50.64 us
Total time: 7774.04 us.
----------------
Vulkan Timings:
ADD: 22 x 2.403 us = 52.88 us
CONCAT: 22 x 2.396 us = 52.72 us
CPY: 22 x 2.381 us = 52.4 us
FLASH_ATTN_EXT dst(64,32,1,1),  q(64,1,32,1),  k(64,256,8,1),  v(64,256,8,1),  m(256,1,1,1): 8 x 12.905 us = 103.24 us (162.507 GFLOPS/s)
GET_ROWS: 24 x 2.041 us = 49 us
GLU: 30 x 2.416 us = 72.48 us
MUL: 44 x 2.525 us = 111.12 us
MUL_MAT f32 m=64 n=32 k=64: 16 x 2.282 us = 36.52 us (113.952 GFLOPS/s)
MUL_MAT_ADD MUL_MAT_VEC q4_0_rocmfp4_fast m=2048 n=1 k=10752: 30 x 55.622 us = 1668.68 us (791.73 GFLOPS/s)
MUL_MAT_ADD MUL_MAT_VEC q4_0_rocmfp4_fast m=2048 n=1 k=2048: 8 x 12.925 us = 103.4 us (648.863 GFLOPS/s)
MUL_MAT_VEC f32 m=64 n=8 k=64: 16 x 2.02 us = 32.32 us (32.1901 GFLOPS/s)
MUL_MAT_VEC q4_0_rocmfp4_fast m=10752 n=1 k=2048: 60 x 56.847 us = 3410.85 us (774.518 GFLOPS/s)
MUL_MAT_VEC q4_0_rocmfp4_fast m=2048 n=1 k=2048: 30 x 14.28 us = 428.4 us (587.294 GFLOPS/s)
MUL_MAT_VEC q4_0_rocmfp4_fast m=512 n=1 k=2048: 16 x 2.997 us = 47.96 us (699.463 GFLOPS/s)
MUL_MAT_VEC q4_0_rocmfp4_fast m=6144 n=1 k=2048: 22 x 32.381 us = 712.4 us (776.969 GFLOPS/s)
MUL_MAT_VEC q6_K m=128000 n=1 k=2048: 1 x 881.4 us = 881.4 us (594.69 GFLOPS/s)
RMS_NORM_MUL RMS_NORM(2048,1,1,1): 61 x 4.034 us = 246.08 us
RMS_NORM_MUL_ROPE RMS_NORM(64,32,1,1): 8 x 4.09 us = 32.72 us
RMS_NORM_MUL_ROPE RMS_NORM(64,8,1,1): 8 x 3.51 us = 28.08 us
SET_ROWS: 16 x 2.245 us = 35.92 us
SSM_CONV: 22 x 2.405 us = 52.92 us
Total time: 8211.49 us.
----------------
Vulkan Timings:
ADD: 22 x 2.321 us = 51.08 us
CONCAT: 22 x 2.912 us = 64.08 us
CPY: 22 x 2.312 us = 50.88 us
FLASH_ATTN_EXT dst(64,32,1,1),  q(64,1,32,1),  k(64,256,8,1),  v(64,256,8,1),  m(256,1,1,1): 8 x 10.735 us = 85.88 us (195.356 GFLOPS/s)
GET_ROWS: 24 x 2 us = 48 us
GLU: 30 x 2.352 us = 70.56 us
MUL: 44 x 2.483 us = 109.28 us
MUL_MAT f32 m=64 n=32 k=64: 16 x 2.137 us = 34.2 us (121.682 GFLOPS/s)
MUL_MAT_ADD MUL_MAT_VEC q4_0_rocmfp4_fast m=2048 n=1 k=10752: 30 x 53.097 us = 1592.92 us (829.385 GFLOPS/s)
MUL_MAT_ADD MUL_MAT_VEC q4_0_rocmfp4_fast m=2048 n=1 k=2048: 8 x 12.735 us = 101.88 us (658.544 GFLOPS/s)
MUL_MAT_VEC f32 m=64 n=8 k=64: 16 x 2.112 us = 33.8 us (30.7806 GFLOPS/s)
MUL_MAT_VEC q4_0_rocmfp4_fast m=10752 n=1 k=2048: 60 x 51.305 us = 3078.32 us (858.184 GFLOPS/s)
MUL_MAT_VEC q4_0_rocmfp4_fast m=2048 n=1 k=2048: 30 x 13.808 us = 414.24 us (607.37 GFLOPS/s)
MUL_MAT_VEC q4_0_rocmfp4_fast m=512 n=1 k=2048: 16 x 2.595 us = 41.52 us (807.954 GFLOPS/s)
MUL_MAT_VEC q4_0_rocmfp4_fast m=6144 n=1 k=2048: 22 x 31.805 us = 699.72 us (791.049 GFLOPS/s)
MUL_MAT_VEC q6_K m=128000 n=1 k=2048: 1 x 931.36 us = 931.36 us (562.79 GFLOPS/s)
RMS_NORM_MUL RMS_NORM(2048,1,1,1): 61 x 3.782 us = 230.76 us
RMS_NORM_MUL_ROPE RMS_NORM(64,32,1,1): 8 x 3.94 us = 31.52 us
RMS_NORM_MUL_ROPE RMS_NORM(64,8,1,1): 8 x 3.47 us = 27.76 us
SET_ROWS: 16 x 1.945 us = 31.12 us
SSM_CONV: 22 x 2.329 us = 51.24 us
Total time: 7780.12 us.
----------------
Vulkan Timings:
ADD: 22 x 2.307 us = 50.76 us
CONCAT: 22 x 2.307 us = 50.76 us
CPY: 22 x 2.283 us = 50.24 us
FLASH_ATTN_EXT dst(64,32,1,1),  q(64,1,32,1),  k(64,256,8,1),  v(64,256,8,1),  m(256,1,1,1): 8 x 10.575 us = 84.6 us (198.312 GFLOPS/s)
GET_ROWS: 24 x 1.975 us = 47.4 us
GLU: 30 x 2.317 us = 69.52 us
MUL: 44 x 2.439 us = 107.32 us
MUL_MAT f32 m=64 n=32 k=64: 16 x 2.13 us = 34.08 us (122.111 GFLOPS/s)
MUL_MAT_ADD MUL_MAT_VEC q4_0_rocmfp4_fast m=2048 n=1 k=10752: 30 x 53.47 us = 1604.12 us (823.594 GFLOPS/s)
MUL_MAT_ADD MUL_MAT_VEC q4_0_rocmfp4_fast m=2048 n=1 k=2048: 8 x 12.775 us = 102.2 us (656.482 GFLOPS/s)
MUL_MAT_VEC f32 m=64 n=8 k=64: 16 x 2.077 us = 33.24 us (31.2992 GFLOPS/s)
MUL_MAT_VEC q4_0_rocmfp4_fast m=10752 n=1 k=2048: 60 x 51.784 us = 3107.08 us (850.241 GFLOPS/s)
MUL_MAT_VEC q4_0_rocmfp4_fast m=2048 n=1 k=2048: 30 x 13.769 us = 413.08 us (609.075 GFLOPS/s)
MUL_MAT_VEC q4_0_rocmfp4_fast m=512 n=1 k=2048: 16 x 2.565 us = 41.04 us (817.404 GFLOPS/s)
MUL_MAT_VEC q4_0_rocmfp4_fast m=6144 n=1 k=2048: 22 x 34.387 us = 756.52 us (731.657 GFLOPS/s)
MUL_MAT_VEC q6_K m=128000 n=1 k=2048: 1 x 872.68 us = 872.68 us (600.633 GFLOPS/s)
RMS_NORM_MUL RMS_NORM(2048,1,1,1): 61 x 3.671 us = 223.96 us
RMS_NORM_MUL_ROPE RMS_NORM(64,32,1,1): 8 x 3.91 us = 31.28 us
RMS_NORM_MUL_ROPE RMS_NORM(64,8,1,1): 8 x 3.39 us = 27.12 us
SET_ROWS: 16 x 1.98 us = 31.68 us
SSM_CONV: 22 x 2.303 us = 50.68 us
Total time: 7789.36 us.
----------------
Vulkan Timings:
ADD: 22 x 2.334 us = 51.36 us
CONCAT: 22 x 2.683 us = 59.04 us
CPY: 22 x 2.26 us = 49.72 us
FLASH_ATTN_EXT dst(64,32,1,1),  q(64,1,32,1),  k(64,256,8,1),  v(64,256,8,1),  m(256,1,1,1): 8 x 10.595 us = 84.76 us (197.938 GFLOPS/s)
GET_ROWS: 24 x 1.98 us = 47.52 us
GLU: 30 x 2.388 us = 71.64 us
MUL: 44 x 2.642 us = 116.28 us
MUL_MAT f32 m=64 n=32 k=64: 16 x 2.117 us = 33.88 us (122.832 GFLOPS/s)
MUL_MAT_ADD MUL_MAT_VEC q4_0_rocmfp4_fast m=2048 n=1 k=10752: 30 x 52.816 us = 1584.48 us (833.803 GFLOPS/s)
MUL_MAT_ADD MUL_MAT_VEC q4_0_rocmfp4_fast m=2048 n=1 k=2048: 8 x 12.745 us = 101.96 us (658.027 GFLOPS/s)
MUL_MAT_VEC f32 m=64 n=8 k=64: 16 x 2.102 us = 33.64 us (30.927 GFLOPS/s)
MUL_MAT_VEC q4_0_rocmfp4_fast m=10752 n=1 k=2048: 60 x 51.256 us = 3075.4 us (858.999 GFLOPS/s)
MUL_MAT_VEC q4_0_rocmfp4_fast m=2048 n=1 k=2048: 30 x 13.816 us = 414.48 us (607.018 GFLOPS/s)
MUL_MAT_VEC q4_0_rocmfp4_fast m=512 n=1 k=2048: 16 x 2.582 us = 41.32 us (811.864 GFLOPS/s)
MUL_MAT_VEC q4_0_rocmfp4_fast m=6144 n=1 k=2048: 22 x 32.854 us = 722.8 us (765.79 GFLOPS/s)
MUL_MAT_VEC q6_K m=128000 n=1 k=2048: 1 x 880.6 us = 880.6 us (595.231 GFLOPS/s)
RMS_NORM_MUL RMS_NORM(2048,1,1,1): 61 x 3.866 us = 235.88 us
RMS_NORM_MUL_ROPE RMS_NORM(64,32,1,1): 8 x 3.92 us = 31.36 us
RMS_NORM_MUL_ROPE RMS_NORM(64,8,1,1): 8 x 3.415 us = 27.32 us
SET_ROWS: 16 x 2.072 us = 33.16 us
SSM_CONV: 22 x 2.383 us = 52.44 us
Total time: 7749.04 us.
----------------
Vulkan Timings:
ADD: 22 x 2.325 us = 51.16 us
CONCAT: 22 x 2.565 us = 56.44 us
CPY: 22 x 2.26 us = 49.72 us
FLASH_ATTN_EXT dst(64,32,1,1),  q(64,1,32,1),  k(64,256,8,1),  v(64,256,8,1),  m(256,1,1,1): 8 x 10.41 us = 83.28 us (201.456 GFLOPS/s)
GET_ROWS: 24 x 1.986 us = 47.68 us
GLU: 30 x 2.332 us = 69.96 us
MUL: 44 x 2.446 us = 107.64 us
MUL_MAT f32 m=64 n=32 k=64: 16 x 2.115 us = 33.84 us (122.977 GFLOPS/s)
MUL_MAT_ADD MUL_MAT_VEC q4_0_rocmfp4_fast m=2048 n=1 k=10752: 30 x 52.194 us = 1565.84 us (843.729 GFLOPS/s)
MUL_MAT_ADD MUL_MAT_VEC q4_0_rocmfp4_fast m=2048 n=1 k=2048: 8 x 12.715 us = 101.72 us (659.58 GFLOPS/s)
MUL_MAT_VEC f32 m=64 n=8 k=64: 16 x 2.075 us = 33.2 us (31.3369 GFLOPS/s)
MUL_MAT_VEC q4_0_rocmfp4_fast m=10752 n=1 k=2048: 60 x 51.062 us = 3063.76 us (862.263 GFLOPS/s)
MUL_MAT_VEC q4_0_rocmfp4_fast m=2048 n=1 k=2048: 30 x 13.874 us = 416.24 us (604.451 GFLOPS/s)
MUL_MAT_VEC q4_0_rocmfp4_fast m=512 n=1 k=2048: 16 x 2.755 us = 44.08 us (761.031 GFLOPS/s)
MUL_MAT_VEC q4_0_rocmfp4_fast m=6144 n=1 k=2048: 22 x 32.036 us = 704.8 us (785.348 GFLOPS/s)
MUL_MAT_VEC q6_K m=128000 n=1 k=2048: 1 x 870.88 us = 870.88 us (601.874 GFLOPS/s)
RMS_NORM_MUL RMS_NORM(2048,1,1,1): 61 x 3.749 us = 228.72 us
RMS_NORM_MUL_ROPE RMS_NORM(64,32,1,1): 8 x 5.52 us = 44.16 us
RMS_NORM_MUL_ROPE RMS_NORM(64,8,1,1): 8 x 3.42 us = 27.36 us
SET_ROWS: 16 x 2.077 us = 33.24 us
SSM_CONV: 22 x 2.918 us = 64.2 us
Total time: 7697.92 us.
----------------
Vulkan Timings:
ADD: 22 x 2.35 us = 51.72 us
CONCAT: 22 x 2.341 us = 51.52 us
CPY: 22 x 2.349 us = 51.68 us
FLASH_ATTN_EXT dst(64,32,1,1),  q(64,1,32,1),  k(64,256,8,1),  v(64,256,8,1),  m(256,1,1,1): 8 x 10.575 us = 84.6 us (198.312 GFLOPS/s)
GET_ROWS: 24 x 2.003 us = 48.08 us
GLU: 30 x 2.345 us = 70.36 us
MUL: 44 x 2.468 us = 108.6 us
MUL_MAT f32 m=64 n=32 k=64: 16 x 2.15 us = 34.4 us (120.975 GFLOPS/s)
MUL_MAT_ADD MUL_MAT_VEC q4_0_rocmfp4_fast m=2048 n=1 k=10752: 30 x 53.865 us = 1615.96 us (817.56 GFLOPS/s)
MUL_MAT_ADD MUL_MAT_VEC q4_0_rocmfp4_fast m=2048 n=1 k=2048: 8 x 12.67 us = 101.36 us (661.923 GFLOPS/s)
MUL_MAT_VEC f32 m=64 n=8 k=64: 16 x 2.075 us = 33.2 us (31.3369 GFLOPS/s)
MUL_MAT_VEC q4_0_rocmfp4_fast m=10752 n=1 k=2048: 60 x 51.82 us = 3109.2 us (849.661 GFLOPS/s)
MUL_MAT_VEC q4_0_rocmfp4_fast m=2048 n=1 k=2048: 30 x 13.794 us = 413.84 us (607.957 GFLOPS/s)
MUL_MAT_VEC q4_0_rocmfp4_fast m=512 n=1 k=2048: 16 x 2.565 us = 41.04 us (817.404 GFLOPS/s)
MUL_MAT_VEC q4_0_rocmfp4_fast m=6144 n=1 k=2048: 22 x 31.69 us = 697.2 us (793.908 GFLOPS/s)
MUL_MAT_VEC q6_K m=128000 n=1 k=2048: 1 x 879.96 us = 879.96 us (595.663 GFLOPS/s)
RMS_NORM_MUL RMS_NORM(2048,1,1,1): 61 x 3.676 us = 224.28 us
RMS_NORM_MUL_ROPE RMS_NORM(64,32,1,1): 8 x 3.93 us = 31.44 us
RMS_NORM_MUL_ROPE RMS_NORM(64,8,1,1): 8 x 3.41 us = 27.28 us
SET_ROWS: 16 x 1.975 us = 31.6 us
SSM_CONV: 22 x 2.345 us = 51.6 us
Total time: 7758.92 us.
----------------
Vulkan Timings:
ADD: 22 x 3.209 us = 70.6 us
CONCAT: 22 x 3.22 us = 70.84 us
CPY: 22 x 3.183 us = 70.04 us
FLASH_ATTN_EXT dst(64,32,1,1),  q(64,1,32,1),  k(64,256,8,1),  v(64,256,8,1),  m(256,1,1,1): 8 x 15.735 us = 125.88 us (133.279 GFLOPS/s)
GET_ROWS: 24 x 2.661 us = 63.88 us
GLU: 30 x 3.213 us = 96.4 us
MUL: 44 x 3.374 us = 148.48 us
MUL_MAT f32 m=64 n=32 k=64: 16 x 2.57 us = 41.12 us (101.205 GFLOPS/s)
MUL_MAT_ADD MUL_MAT_VEC q4_0_rocmfp4_fast m=2048 n=1 k=10752: 30 x 56.85 us = 1705.52 us (774.628 GFLOPS/s)
MUL_MAT_ADD MUL_MAT_VEC q4_0_rocmfp4_fast m=2048 n=1 k=2048: 8 x 14.765 us = 118.12 us (568.003 GFLOPS/s)
MUL_MAT_VEC f32 m=64 n=8 k=64: 16 x 2.965 us = 47.44 us (21.9305 GFLOPS/s)
MUL_MAT_VEC q4_0_rocmfp4_fast m=10752 n=1 k=2048: 60 x 56.098 us = 3365.9 us (784.862 GFLOPS/s)
MUL_MAT_VEC q4_0_rocmfp4_fast m=2048 n=1 k=2048: 30 x 15.232 us = 456.96 us (550.588 GFLOPS/s)
MUL_MAT_VEC q4_0_rocmfp4_fast m=512 n=1 k=2048: 16 x 4.882 us = 78.12 us (429.419 GFLOPS/s)
MUL_MAT_VEC q4_0_rocmfp4_fast m=6144 n=1 k=2048: 22 x 35.121 us = 772.68 us (716.355 GFLOPS/s)
MUL_MAT_VEC q6_K m=128000 n=1 k=2048: 1 x 879.6 us = 879.6 us (595.907 GFLOPS/s)
RMS_NORM_MUL RMS_NORM(2048,1,1,1): 61 x 5.356 us = 326.72 us
RMS_NORM_MUL_ROPE RMS_NORM(64,32,1,1): 8 x 5.52 us = 44.16 us
RMS_NORM_MUL_ROPE RMS_NORM(64,8,1,1): 8 x 4.93 us = 39.44 us
SET_ROWS: 16 x 2.775 us = 44.4 us
SSM_CONV: 22 x 3.212 us = 70.68 us
Total time: 8636.98 us.
----------------
Vulkan Timings:
ADD: 22 x 3.75 us = 82.52 us
CONCAT: 22 x 4.345 us = 95.6 us
CPY: 22 x 4 us = 88 us
FLASH_ATTN_EXT dst(64,32,1,1),  q(64,1,32,1),  k(64,256,8,1),  v(64,256,8,1),  m(256,1,1,1): 8 x 17.385 us = 139.08 us (120.63 GFLOPS/s)
GET_ROWS: 24 x 4.14 us = 99.36 us
GLU: 30 x 3.754 us = 112.64 us
MUL: 44 x 3.884 us = 170.92 us
MUL_MAT f32 m=64 n=32 k=64: 16 x 2.925 us = 46.8 us (88.9217 GFLOPS/s)
MUL_MAT_ADD MUL_MAT_VEC q4_0_rocmfp4_fast m=2048 n=1 k=10752: 30 x 58.845 us = 1765.36 us (748.371 GFLOPS/s)
MUL_MAT_ADD MUL_MAT_VEC q4_0_rocmfp4_fast m=2048 n=1 k=2048: 8 x 15.96 us = 127.68 us (525.474 GFLOPS/s)
MUL_MAT_VEC f32 m=64 n=8 k=64: 16 x 3.472 us = 55.56 us (18.7254 GFLOPS/s)
MUL_MAT_VEC q4_0_rocmfp4_fast m=10752 n=1 k=2048: 60 x 57.572 us = 3454.32 us (764.772 GFLOPS/s)
MUL_MAT_VEC q4_0_rocmfp4_fast m=2048 n=1 k=2048: 30 x 16.225 us = 486.76 us (516.881 GFLOPS/s)
MUL_MAT_VEC q4_0_rocmfp4_fast m=512 n=1 k=2048: 16 x 5.935 us = 94.96 us (353.267 GFLOPS/s)
MUL_MAT_VEC q4_0_rocmfp4_fast m=6144 n=1 k=2048: 22 x 37.081 us = 815.8 us (678.491 GFLOPS/s)
MUL_MAT_VEC q6_K m=128000 n=1 k=2048: 1 x 884.12 us = 884.12 us (592.861 GFLOPS/s)
RMS_NORM_MUL RMS_NORM(2048,1,1,1): 61 x 6.26 us = 381.92 us
RMS_NORM_MUL_ROPE RMS_NORM(64,32,1,1): 8 x 6.405 us = 51.24 us
RMS_NORM_MUL_ROPE RMS_NORM(64,8,1,1): 8 x 5.375 us = 43 us
SET_ROWS: 16 x 2.902 us = 46.44 us
SSM_CONV: 22 x 3.921 us = 86.28 us
Total time: 9128.36 us.
----------------
Vulkan Timings:
ADD: 22 x 2.338 us = 51.44 us
CONCAT: 22 x 2.349 us = 51.68 us
CPY: 22 x 2.341 us = 51.52 us
FLASH_ATTN_EXT dst(64,32,1,1),  q(64,1,32,1),  k(64,256,8,1),  v(64,256,8,1),  m(256,1,1,1): 8 x 10.875 us = 87 us (192.842 GFLOPS/s)
GET_ROWS: 24 x 2.025 us = 48.6 us
GLU: 30 x 2.908 us = 87.24 us
MUL: 44 x 2.475 us = 108.92 us
MUL_MAT f32 m=64 n=32 k=64: 16 x 2.165 us = 34.64 us (120.137 GFLOPS/s)
MUL_MAT_ADD MUL_MAT_VEC q4_0_rocmfp4_fast m=2048 n=1 k=10752: 30 x 53 us = 1590 us (830.908 GFLOPS/s)
MUL_MAT_ADD MUL_MAT_VEC q4_0_rocmfp4_fast m=2048 n=1 k=2048: 8 x 12.88 us = 103.04 us (651.13 GFLOPS/s)
MUL_MAT_VEC f32 m=64 n=8 k=64: 16 x 2.052 us = 32.84 us (31.6804 GFLOPS/s)
MUL_MAT_VEC q4_0_rocmfp4_fast m=10752 n=1 k=2048: 60 x 51.216 us = 3073 us (859.67 GFLOPS/s)
MUL_MAT_VEC q4_0_rocmfp4_fast m=2048 n=1 k=2048: 30 x 13.884 us = 416.52 us (604.045 GFLOPS/s)
MUL_MAT_VEC q4_0_rocmfp4_fast m=512 n=1 k=2048: 16 x 2.62 us = 41.92 us (800.244 GFLOPS/s)
MUL_MAT_VEC q4_0_rocmfp4_fast m=6144 n=1 k=2048: 22 x 31.787 us = 699.32 us (791.502 GFLOPS/s)
MUL_MAT_VEC q6_K m=128000 n=1 k=2048: 1 x 872.28 us = 872.28 us (600.908 GFLOPS/s)
RMS_NORM_MUL RMS_NORM(2048,1,1,1): 61 x 3.84 us = 234.28 us
RMS_NORM_MUL_ROPE RMS_NORM(64,32,1,1): 8 x 4.02 us = 32.16 us
RMS_NORM_MUL_ROPE RMS_NORM(64,8,1,1): 8 x 3.48 us = 27.84 us
SET_ROWS: 16 x 2.12 us = 33.92 us
SSM_CONV: 22 x 2.347 us = 51.64 us
Total time: 7729.8 us.
----------------
Vulkan Timings:
ADD: 22 x 2.292 us = 50.44 us
CONCAT: 22 x 2.321 us = 51.08 us
CPY: 22 x 2.285 us = 50.28 us
FLASH_ATTN_EXT dst(64,32,1,1),  q(64,1,32,1),  k(64,256,8,1),  v(64,256,8,1),  m(256,1,1,1): 8 x 10.56 us = 84.48 us (198.594 GFLOPS/s)
GET_ROWS: 24 x 1.975 us = 47.4 us
GLU: 30 x 2.318 us = 69.56 us
MUL: 44 x 2.433 us = 107.08 us
MUL_MAT f32 m=64 n=32 k=64: 16 x 2.11 us = 33.76 us (123.268 GFLOPS/s)
MUL_MAT_ADD MUL_MAT_VEC q4_0_rocmfp4_fast m=2048 n=1 k=10752: 30 x 52.493 us = 1574.8 us (838.928 GFLOPS/s)
MUL_MAT_ADD MUL_MAT_VEC q4_0_rocmfp4_fast m=2048 n=1 k=2048: 8 x 12.82 us = 102.56 us (654.178 GFLOPS/s)
MUL_MAT_VEC f32 m=64 n=8 k=64: 16 x 2.07 us = 33.12 us (31.4126 GFLOPS/s)
MUL_MAT_VEC q4_0_rocmfp4_fast m=10752 n=1 k=2048: 60 x 51.834 us = 3110.04 us (849.432 GFLOPS/s)
MUL_MAT_VEC q4_0_rocmfp4_fast m=2048 n=1 k=2048: 30 x 13.808 us = 414.24 us (607.37 GFLOPS/s)
MUL_MAT_VEC q4_0_rocmfp4_fast m=512 n=1 k=2048: 16 x 2.577 us = 41.24 us (813.439 GFLOPS/s)
MUL_MAT_VEC q4_0_rocmfp4_fast m=6144 n=1 k=2048: 22 x 32.689 us = 719.16 us (769.666 GFLOPS/s)
MUL_MAT_VEC q6_K m=128000 n=1 k=2048: 1 x 881.8 us = 881.8 us (594.421 GFLOPS/s)
RMS_NORM_MUL RMS_NORM(2048,1,1,1): 61 x 3.681 us = 224.6 us
RMS_NORM_MUL_ROPE RMS_NORM(64,32,1,1): 8 x 3.925 us = 31.4 us
RMS_NORM_MUL_ROPE RMS_NORM(64,8,1,1): 8 x 3.41 us = 27.28 us
SET_ROWS: 16 x 1.94 us = 31.04 us
SSM_CONV: 22 x 2.298 us = 50.56 us
Total time: 7735.92 us.
----------------
Vulkan Timings:
ADD: 22 x 2.301 us = 50.64 us
CONCAT: 22 x 2.34 us = 51.48 us
CPY: 22 x 2.301 us = 50.64 us
FLASH_ATTN_EXT dst(64,32,1,1),  q(64,1,32,1),  k(64,256,8,1),  v(64,256,8,1),  m(256,1,1,1): 8 x 11.375 us = 91 us (184.365 GFLOPS/s)
GET_ROWS: 24 x 2.663 us = 63.92 us
GLU: 30 x 2.341 us = 70.24 us
MUL: 44 x 2.431 us = 107 us
MUL_MAT f32 m=64 n=32 k=64: 16 x 2.137 us = 34.2 us (121.682 GFLOPS/s)
MUL_MAT_ADD MUL_MAT_VEC q4_0_rocmfp4_fast m=2048 n=1 k=10752: 30 x 52.468 us = 1574.04 us (839.333 GFLOPS/s)
MUL_MAT_ADD MUL_MAT_VEC q4_0_rocmfp4_fast m=2048 n=1 k=2048: 8 x 14.09 us = 112.72 us (595.214 GFLOPS/s)
MUL_MAT_VEC f32 m=64 n=8 k=64: 16 x 2.03 us = 32.48 us (32.0315 GFLOPS/s)
MUL_MAT_VEC q4_0_rocmfp4_fast m=10752 n=1 k=2048: 60 x 51.593 us = 3095.6 us (853.394 GFLOPS/s)
MUL_MAT_VEC q4_0_rocmfp4_fast m=2048 n=1 k=2048: 30 x 13.686 us = 410.6 us (612.754 GFLOPS/s)
MUL_MAT_VEC q4_0_rocmfp4_fast m=512 n=1 k=2048: 16 x 2.885 us = 46.16 us (726.738 GFLOPS/s)
MUL_MAT_VEC q4_0_rocmfp4_fast m=6144 n=1 k=2048: 22 x 32.063 us = 705.4 us (784.68 GFLOPS/s)
MUL_MAT_VEC q6_K m=128000 n=1 k=2048: 1 x 884.72 us = 884.72 us (592.459 GFLOPS/s)
RMS_NORM_MUL RMS_NORM(2048,1,1,1): 61 x 4.045 us = 246.8 us
RMS_NORM_MUL_ROPE RMS_NORM(64,32,1,1): 8 x 3.99 us = 31.92 us
RMS_NORM_MUL_ROPE RMS_NORM(64,8,1,1): 8 x 3.42 us = 27.36 us
SET_ROWS: 16 x 2.035 us = 32.56 us
SSM_CONV: 22 x 2.307 us = 50.76 us
Total time: 7770.24 us.
----------------
Vulkan Timings:
ADD: 22 x 2.298 us = 50.56 us
CONCAT: 22 x 2.312 us = 50.88 us
CPY: 22 x 2.281 us = 50.2 us
FLASH_ATTN_EXT dst(64,32,1,1),  q(64,1,32,1),  k(64,256,8,1),  v(64,256,8,1),  m(256,1,1,1): 8 x 10.535 us = 84.28 us (199.065 GFLOPS/s)
GET_ROWS: 24 x 1.976 us = 47.44 us
GLU: 30 x 2.32 us = 69.6 us
MUL: 44 x 2.45 us = 107.84 us
MUL_MAT f32 m=64 n=32 k=64: 16 x 2.122 us = 33.96 us (122.542 GFLOPS/s)
MUL_MAT_ADD MUL_MAT_VEC q4_0_rocmfp4_fast m=2048 n=1 k=10752: 30 x 53.082 us = 1592.48 us (829.614 GFLOPS/s)
MUL_MAT_ADD MUL_MAT_VEC q4_0_rocmfp4_fast m=2048 n=1 k=2048: 8 x 12.705 us = 101.64 us (660.099 GFLOPS/s)
MUL_MAT_VEC f32 m=64 n=8 k=64: 16 x 2.077 us = 33.24 us (31.2992 GFLOPS/s)
MUL_MAT_VEC q4_0_rocmfp4_fast m=10752 n=1 k=2048: 60 x 51.57 us = 3094.2 us (853.78 GFLOPS/s)
MUL_MAT_VEC q4_0_rocmfp4_fast m=2048 n=1 k=2048: 30 x 13.752 us = 412.56 us (609.843 GFLOPS/s)
MUL_MAT_VEC q4_0_rocmfp4_fast m=512 n=1 k=2048: 16 x 2.592 us = 41.48 us (808.733 GFLOPS/s)
MUL_MAT_VEC q4_0_rocmfp4_fast m=6144 n=1 k=2048: 22 x 32.854 us = 722.8 us (765.79 GFLOPS/s)
MUL_MAT_VEC q6_K m=128000 n=1 k=2048: 1 x 871.04 us = 871.04 us (601.763 GFLOPS/s)
RMS_NORM_MUL RMS_NORM(2048,1,1,1): 61 x 3.736 us = 227.92 us
RMS_NORM_MUL_ROPE RMS_NORM(64,32,1,1): 8 x 3.89 us = 31.12 us
RMS_NORM_MUL_ROPE RMS_NORM(64,8,1,1): 8 x 3.395 us = 27.16 us
SET_ROWS: 16 x 1.975 us = 31.6 us
SSM_CONV: 22 x 2.296 us = 50.52 us
Total time: 7732.52 us.
----------------
Vulkan Timings:
ADD: 22 x 2.312 us = 50.88 us
CONCAT: 22 x 2.318 us = 51 us
CPY: 22 x 2.296 us = 50.52 us
FLASH_ATTN_EXT dst(64,32,1,1),  q(64,1,32,1),  k(64,256,8,1),  v(64,256,8,1),  m(256,1,1,1): 8 x 10.625 us = 85 us (197.379 GFLOPS/s)
GET_ROWS: 24 x 1.996 us = 47.92 us
GLU: 30 x 2.336 us = 70.08 us
MUL: 44 x 2.441 us = 107.44 us
MUL_MAT f32 m=64 n=32 k=64: 16 x 2.122 us = 33.96 us (122.542 GFLOPS/s)
MUL_MAT_ADD MUL_MAT_VEC q4_0_rocmfp4_fast m=2048 n=1 k=10752: 30 x 52.781 us = 1583.44 us (834.351 GFLOPS/s)
MUL_MAT_ADD MUL_MAT_VEC q4_0_rocmfp4_fast m=2048 n=1 k=2048: 8 x 12.665 us = 101.32 us (662.184 GFLOPS/s)
MUL_MAT_VEC f32 m=64 n=8 k=64: 16 x 2.087 us = 33.4 us (31.1492 GFLOPS/s)
MUL_MAT_VEC q4_0_rocmfp4_fast m=10752 n=1 k=2048: 60 x 50.946 us = 3056.76 us (864.237 GFLOPS/s)
MUL_MAT_VEC q4_0_rocmfp4_fast m=2048 n=1 k=2048: 30 x 13.817 us = 414.52 us (606.959 GFLOPS/s)
MUL_MAT_VEC q4_0_rocmfp4_fast m=512 n=1 k=2048: 16 x 2.567 us = 41.08 us (816.608 GFLOPS/s)
MUL_MAT_VEC q4_0_rocmfp4_fast m=6144 n=1 k=2048: 22 x 32.174 us = 707.84 us (781.975 GFLOPS/s)
MUL_MAT_VEC q6_K m=128000 n=1 k=2048: 1 x 879.48 us = 879.48 us (595.989 GFLOPS/s)
RMS_NORM_MUL RMS_NORM(2048,1,1,1): 61 x 3.71 us = 226.36 us
RMS_NORM_MUL_ROPE RMS_NORM(64,32,1,1): 8 x 3.87 us = 30.96 us
RMS_NORM_MUL_ROPE RMS_NORM(64,8,1,1): 8 x 3.41 us = 27.28 us
SET_ROWS: 16 x 1.957 us = 31.32 us
SSM_CONV: 22 x 2.32 us = 51.04 us
Total time: 7681.6 us.
----------------
Vulkan Timings:
ADD: 22 x 2.438 us = 53.64 us
CONCAT: 22 x 2.476 us = 54.48 us
CPY: 22 x 2.44 us = 53.68 us
FLASH_ATTN_EXT dst(64,32,1,1),  q(64,1,32,1),  k(64,256,8,1),  v(64,256,8,1),  m(256,1,1,1): 8 x 11.555 us = 92.44 us (181.493 GFLOPS/s)
GET_ROWS: 24 x 3.04 us = 72.96 us
GLU: 30 x 2.837 us = 85.12 us
MUL: 44 x 2.586 us = 113.8 us
MUL_MAT f32 m=64 n=32 k=64: 16 x 2.202 us = 35.24 us (118.091 GFLOPS/s)
MUL_MAT_ADD MUL_MAT_VEC q4_0_rocmfp4_fast m=2048 n=1 k=10752: 30 x 53.816 us = 1614.48 us (818.309 GFLOPS/s)
MUL_MAT_ADD MUL_MAT_VEC q4_0_rocmfp4_fast m=2048 n=1 k=2048: 8 x 12.89 us = 103.12 us (650.625 GFLOPS/s)
MUL_MAT_VEC f32 m=64 n=8 k=64: 16 x 2.067 us = 33.08 us (31.4505 GFLOPS/s)
MUL_MAT_VEC q4_0_rocmfp4_fast m=10752 n=1 k=2048: 60 x 85.868 us = 5152.08 us (512.757 GFLOPS/s)
MUL_MAT_VEC q4_0_rocmfp4_fast m=2048 n=1 k=2048: 30 x 14.108 us = 423.24 us (594.454 GFLOPS/s)
MUL_MAT_VEC q4_0_rocmfp4_fast m=512 n=1 k=2048: 16 x 2.715 us = 43.44 us (772.243 GFLOPS/s)
MUL_MAT_VEC q4_0_rocmfp4_fast m=6144 n=1 k=2048: 22 x 32.156 us = 707.44 us (782.417 GFLOPS/s)
MUL_MAT_VEC q6_K m=128000 n=1 k=2048: 1 x 880.68 us = 880.68 us (595.176 GFLOPS/s)
RMS_NORM_MUL RMS_NORM(2048,1,1,1): 61 x 3.958 us = 241.44 us
RMS_NORM_MUL_ROPE RMS_NORM(64,32,1,1): 8 x 4.235 us = 33.88 us
RMS_NORM_MUL_ROPE RMS_NORM(64,8,1,1): 8 x 3.7 us = 29.6 us
SET_ROWS: 16 x 2.25 us = 36 us
SSM_CONV: 22 x 2.423 us = 53.32 us
Total time: 9913.16 us.
----------------
Vulkan Timings:
ADD: 22 x 2.316 us = 50.96 us
CONCAT: 22 x 2.325 us = 51.16 us
CPY: 22 x 2.305 us = 50.72 us
FLASH_ATTN_EXT dst(64,32,1,1),  q(64,1,32,1),  k(64,256,8,1),  v(64,256,8,1),  m(256,1,1,1): 8 x 10.525 us = 84.2 us (199.254 GFLOPS/s)
GET_ROWS: 24 x 2.46 us = 59.04 us
GLU: 30 x 2.358 us = 70.76 us
MUL: 44 x 2.447 us = 107.68 us
MUL_MAT f32 m=64 n=32 k=64: 16 x 2.13 us = 34.08 us (122.111 GFLOPS/s)
MUL_MAT_ADD MUL_MAT_VEC q4_0_rocmfp4_fast m=2048 n=1 k=10752: 30 x 52.618 us = 1578.56 us (836.93 GFLOPS/s)
MUL_MAT_ADD MUL_MAT_VEC q4_0_rocmfp4_fast m=2048 n=1 k=2048: 8 x 12.74 us = 101.92 us (658.286 GFLOPS/s)
MUL_MAT_VEC f32 m=64 n=8 k=64: 16 x 2.085 us = 33.36 us (31.1866 GFLOPS/s)
MUL_MAT_VEC q4_0_rocmfp4_fast m=10752 n=1 k=2048: 60 x 51.074 us = 3064.44 us (862.072 GFLOPS/s)
MUL_MAT_VEC q4_0_rocmfp4_fast m=2048 n=1 k=2048: 30 x 13.853 us = 415.6 us (605.382 GFLOPS/s)
MUL_MAT_VEC q4_0_rocmfp4_fast m=512 n=1 k=2048: 16 x 2.58 us = 41.28 us (812.651 GFLOPS/s)
MUL_MAT_VEC q4_0_rocmfp4_fast m=6144 n=1 k=2048: 22 x 32.25 us = 709.52 us (780.123 GFLOPS/s)
MUL_MAT_VEC q6_K m=128000 n=1 k=2048: 1 x 872.84 us = 872.84 us (600.522 GFLOPS/s)
RMS_NORM_MUL RMS_NORM(2048,1,1,1): 61 x 3.95 us = 241 us
RMS_NORM_MUL_ROPE RMS_NORM(64,32,1,1): 8 x 3.935 us = 31.48 us
RMS_NORM_MUL_ROPE RMS_NORM(64,8,1,1): 8 x 3.4 us = 27.2 us
SET_ROWS: 16 x 1.962 us = 31.4 us
SSM_CONV: 22 x 2.318 us = 51 us
Total time: 7708.2 us.
----------------
Vulkan Timings:
ADD: 22 x 2.403 us = 52.88 us
CONCAT: 22 x 2.385 us = 52.48 us
CPY: 22 x 2.37 us = 52.16 us
FLASH_ATTN_EXT dst(64,32,1,1),  q(64,1,32,1),  k(64,256,8,1),  v(64,256,8,1),  m(256,1,1,1): 8 x 10.675 us = 85.4 us (196.455 GFLOPS/s)
GET_ROWS: 24 x 2.058 us = 49.4 us
GLU: 30 x 2.408 us = 72.24 us
MUL: 44 x 2.51 us = 110.48 us
MUL_MAT f32 m=64 n=32 k=64: 16 x 2.16 us = 34.56 us (120.415 GFLOPS/s)
MUL_MAT_ADD MUL_MAT_VEC q4_0_rocmfp4_fast m=2048 n=1 k=10752: 30 x 52.356 us = 1570.68 us (841.129 GFLOPS/s)
MUL_MAT_ADD MUL_MAT_VEC q4_0_rocmfp4_fast m=2048 n=1 k=2048: 8 x 12.885 us = 103.08 us (650.878 GFLOPS/s)
MUL_MAT_VEC f32 m=64 n=8 k=64: 16 x 2.122 us = 33.96 us (30.6356 GFLOPS/s)
MUL_MAT_VEC q4_0_rocmfp4_fast m=10752 n=1 k=2048: 60 x 50.814 us = 3048.84 us (866.482 GFLOPS/s)
MUL_MAT_VEC q4_0_rocmfp4_fast m=2048 n=1 k=2048: 30 x 13.848 us = 415.44 us (605.615 GFLOPS/s)
MUL_MAT_VEC q4_0_rocmfp4_fast m=512 n=1 k=2048: 16 x 2.565 us = 41.04 us (817.404 GFLOPS/s)
MUL_MAT_VEC q4_0_rocmfp4_fast m=6144 n=1 k=2048: 22 x 31.978 us = 703.52 us (786.776 GFLOPS/s)
MUL_MAT_VEC q6_K m=128000 n=1 k=2048: 1 x 879.48 us = 879.48 us (595.989 GFLOPS/s)
RMS_NORM_MUL RMS_NORM(2048,1,1,1): 61 x 3.814 us = 232.68 us
RMS_NORM_MUL_ROPE RMS_NORM(64,32,1,1): 8 x 3.98 us = 31.84 us
RMS_NORM_MUL_ROPE RMS_NORM(64,8,1,1): 8 x 3.49 us = 27.92 us
SET_ROWS: 16 x 1.975 us = 31.6 us
SSM_CONV: 22 x 2.39 us = 52.6 us
Total time: 7682.28 us.
----------------
Vulkan Timings:
ADD: 22 x 2.572 us = 56.6 us
CONCAT: 22 x 2.58 us = 56.76 us
CPY: 22 x 2.563 us = 56.4 us
FLASH_ATTN_EXT dst(64,32,1,1),  q(64,1,32,1),  k(64,256,8,1),  v(64,256,8,1),  m(256,1,1,1): 8 x 14.34 us = 114.72 us (146.245 GFLOPS/s)
GET_ROWS: 24 x 2.19 us = 52.56 us
GLU: 30 x 2.594 us = 77.84 us
MUL: 44 x 2.717 us = 119.56 us
MUL_MAT f32 m=64 n=32 k=64: 16 x 2.29 us = 36.64 us (113.579 GFLOPS/s)
MUL_MAT_ADD MUL_MAT_VEC q4_0_rocmfp4_fast m=2048 n=1 k=10752: 30 x 55.359 us = 1660.77 us (795.501 GFLOPS/s)
MUL_MAT_ADD MUL_MAT_VEC q4_0_rocmfp4_fast m=2048 n=1 k=2048: 8 x 13.16 us = 105.28 us (637.277 GFLOPS/s)
MUL_MAT_VEC f32 m=64 n=8 k=64: 16 x 2.037 us = 32.6 us (31.9136 GFLOPS/s)
MUL_MAT_VEC q4_0_rocmfp4_fast m=10752 n=1 k=2048: 60 x 57.694 us = 3461.66 us (763.15 GFLOPS/s)
MUL_MAT_VEC q4_0_rocmfp4_fast m=2048 n=1 k=2048: 30 x 14.398 us = 431.96 us (582.454 GFLOPS/s)
MUL_MAT_VEC q4_0_rocmfp4_fast m=512 n=1 k=2048: 16 x 3.762 us = 60.2 us (557.247 GFLOPS/s)
MUL_MAT_VEC q4_0_rocmfp4_fast m=6144 n=1 k=2048: 22 x 32.354 us = 711.8 us (777.624 GFLOPS/s)
MUL_MAT_VEC q6_K m=128000 n=1 k=2048: 1 x 882.16 us = 882.16 us (594.178 GFLOPS/s)
RMS_NORM_MUL RMS_NORM(2048,1,1,1): 61 x 4.508 us = 275 us
RMS_NORM_MUL_ROPE RMS_NORM(64,32,1,1): 8 x 4.97 us = 39.76 us
RMS_NORM_MUL_ROPE RMS_NORM(64,8,1,1): 8 x 3.9 us = 31.2 us
SET_ROWS: 16 x 2.58 us = 41.28 us
SSM_CONV: 22 x 2.58 us = 56.76 us
Total time: 8361.51 us.
----------------
Vulkan Timings:
ADD: 22 x 2.609 us = 57.4 us
CONCAT: 22 x 2.618 us = 57.6 us
CPY: 22 x 2.614 us = 57.52 us
FLASH_ATTN_EXT dst(64,32,1,1),  q(64,1,32,1),  k(64,256,8,1),  v(64,256,8,1),  m(256,1,1,1): 8 x 12.755 us = 102.04 us (164.418 GFLOPS/s)
GET_ROWS: 24 x 3.336 us = 80.08 us
GLU: 30 x 2.636 us = 79.08 us
MUL: 44 x 2.756 us = 121.28 us
MUL_MAT f32 m=64 n=32 k=64: 16 x 2.342 us = 37.48 us (111.034 GFLOPS/s)
MUL_MAT_ADD MUL_MAT_VEC q4_0_rocmfp4_fast m=2048 n=1 k=10752: 30 x 53.31 us = 1599.32 us (826.066 GFLOPS/s)
MUL_MAT_ADD MUL_MAT_VEC q4_0_rocmfp4_fast m=2048 n=1 k=2048: 8 x 13.155 us = 105.24 us (637.519 GFLOPS/s)
MUL_MAT_VEC f32 m=64 n=8 k=64: 16 x 1.765 us = 28.24 us (36.8408 GFLOPS/s)
MUL_MAT_VEC q4_0_rocmfp4_fast m=10752 n=1 k=2048: 60 x 52.278 us = 3136.68 us (842.217 GFLOPS/s)
MUL_MAT_VEC q4_0_rocmfp4_fast m=2048 n=1 k=2048: 30 x 14.624 us = 438.72 us (573.479 GFLOPS/s)
MUL_MAT_VEC q4_0_rocmfp4_fast m=512 n=1 k=2048: 16 x 2.835 us = 45.36 us (739.556 GFLOPS/s)
MUL_MAT_VEC q4_0_rocmfp4_fast m=6144 n=1 k=2048: 22 x 33.745 us = 742.4 us (745.572 GFLOPS/s)
MUL_MAT_VEC q6_K m=128000 n=1 k=2048: 1 x 882.84 us = 882.84 us (593.72 GFLOPS/s)
RMS_NORM_MUL RMS_NORM(2048,1,1,1): 61 x 4.487 us = 273.76 us
RMS_NORM_MUL_ROPE RMS_NORM(64,32,1,1): 8 x 4.53 us = 36.24 us
RMS_NORM_MUL_ROPE RMS_NORM(64,8,1,1): 8 x 3.865 us = 30.92 us
SET_ROWS: 16 x 2.697 us = 43.16 us
SSM_CONV: 22 x 2.601 us = 57.24 us
Total time: 8012.6 us.
----------------
Vulkan Timings:
ADD: 22 x 2.3 us = 50.6 us
CONCAT: 22 x 2.305 us = 50.72 us
CPY: 22 x 2.29 us = 50.4 us
FLASH_ATTN_EXT dst(64,32,1,1),  q(64,1,32,1),  k(64,256,8,1),  v(64,256,8,1),  m(256,1,1,1): 8 x 10.58 us = 84.64 us (198.219 GFLOPS/s)
GET_ROWS: 24 x 1.993 us = 47.84 us
GLU: 30 x 2.321 us = 69.64 us
MUL: 44 x 2.425 us = 106.72 us
MUL_MAT f32 m=64 n=32 k=64: 16 x 2.1 us = 33.6 us (123.855 GFLOPS/s)
MUL_MAT_ADD MUL_MAT_VEC q4_0_rocmfp4_fast m=2048 n=1 k=10752: 30 x 51.948 us = 1558.44 us (847.735 GFLOPS/s)
MUL_MAT_ADD MUL_MAT_VEC q4_0_rocmfp4_fast m=2048 n=1 k=2048: 8 x 12.64 us = 101.12 us (663.494 GFLOPS/s)
MUL_MAT_VEC f32 m=64 n=8 k=64: 16 x 2.077 us = 33.24 us (31.2992 GFLOPS/s)
MUL_MAT_VEC q4_0_rocmfp4_fast m=10752 n=1 k=2048: 60 x 50.604 us = 3036.24 us (870.078 GFLOPS/s)
MUL_MAT_VEC q4_0_rocmfp4_fast m=2048 n=1 k=2048: 30 x 13.808 us = 414.24 us (607.37 GFLOPS/s)
MUL_MAT_VEC q4_0_rocmfp4_fast m=512 n=1 k=2048: 16 x 2.585 us = 41.36 us (811.079 GFLOPS/s)
MUL_MAT_VEC q4_0_rocmfp4_fast m=6144 n=1 k=2048: 22 x 31.654 us = 696.4 us (794.82 GFLOPS/s)
MUL_MAT_VEC q6_K m=128000 n=1 k=2048: 1 x 901.52 us = 901.52 us (581.418 GFLOPS/s)
RMS_NORM_MUL RMS_NORM(2048,1,1,1): 61 x 3.724 us = 227.2 us
RMS_NORM_MUL_ROPE RMS_NORM(64,32,1,1): 8 x 3.9 us = 31.2 us
RMS_NORM_MUL_ROPE RMS_NORM(64,8,1,1): 8 x 3.395 us = 27.16 us
SET_ROWS: 16 x 1.945 us = 31.12 us
SSM_CONV: 22 x 2.296 us = 50.52 us
Total time: 7643.92 us.
----------------
Vulkan Timings:
ADD: 22 x 2.287 us = 50.32 us
CONCAT: 22 x 2.332 us = 51.32 us
CPY: 22 x 2.325 us = 51.16 us
FLASH_ATTN_EXT dst(64,32,1,1),  q(64,1,32,1),  k(64,256,8,1),  v(64,256,8,1),  m(256,1,1,1): 8 x 10.555 us = 84.44 us (198.688 GFLOPS/s)
GET_ROWS: 24 x 2.603 us = 62.48 us
GLU: 30 x 2.444 us = 73.32 us
MUL: 44 x 2.421 us = 106.56 us
MUL_MAT f32 m=64 n=32 k=64: 16 x 2.107 us = 33.72 us (123.414 GFLOPS/s)
MUL_MAT_ADD MUL_MAT_VEC q4_0_rocmfp4_fast m=2048 n=1 k=10752: 30 x 52.398 us = 1571.96 us (840.444 GFLOPS/s)
MUL_MAT_ADD MUL_MAT_VEC q4_0_rocmfp4_fast m=2048 n=1 k=2048: 8 x 12.745 us = 101.96 us (658.027 GFLOPS/s)
MUL_MAT_VEC f32 m=64 n=8 k=64: 16 x 2.077 us = 33.24 us (31.2992 GFLOPS/s)
MUL_MAT_VEC q4_0_rocmfp4_fast m=10752 n=1 k=2048: 60 x 50.92 us = 3055.24 us (864.667 GFLOPS/s)
MUL_MAT_VEC q4_0_rocmfp4_fast m=2048 n=1 k=2048: 30 x 13.85 us = 415.52 us (605.499 GFLOPS/s)
MUL_MAT_VEC q4_0_rocmfp4_fast m=512 n=1 k=2048: 16 x 2.577 us = 41.24 us (813.439 GFLOPS/s)
MUL_MAT_VEC q4_0_rocmfp4_fast m=6144 n=1 k=2048: 22 x 31.78 us = 699.16 us (791.683 GFLOPS/s)
MUL_MAT_VEC q6_K m=128000 n=1 k=2048: 1 x 879.76 us = 879.76 us (595.799 GFLOPS/s)
RMS_NORM_MUL RMS_NORM(2048,1,1,1): 61 x 3.712 us = 226.44 us
RMS_NORM_MUL_ROPE RMS_NORM(64,32,1,1): 8 x 3.915 us = 31.32 us
RMS_NORM_MUL_ROPE RMS_NORM(64,8,1,1): 8 x 3.395 us = 27.16 us
SET_ROWS: 16 x 1.99 us = 31.84 us
SSM_CONV: 22 x 3.183 us = 70.04 us
Total time: 7698.2 us.
----------------
Vulkan Timings:
ADD: 22 x 2.549 us = 56.08 us
CONCAT: 22 x 2.312 us = 50.88 us
CPY: 22 x 2.289 us = 50.36 us
FLASH_ATTN_EXT dst(64,32,1,1),  q(64,1,32,1),  k(64,256,8,1),  v(64,256,8,1),  m(256,1,1,1): 8 x 10.66 us = 85.28 us (196.731 GFLOPS/s)
GET_ROWS: 24 x 1.988 us = 47.72 us
GLU: 30 x 2.318 us = 69.56 us
MUL: 44 x 2.452 us = 107.92 us
MUL_MAT f32 m=64 n=32 k=64: 16 x 2.157 us = 34.52 us (120.554 GFLOPS/s)
MUL_MAT_ADD MUL_MAT_VEC q4_0_rocmfp4_fast m=2048 n=1 k=10752: 30 x 52.18 us = 1565.4 us (843.966 GFLOPS/s)
MUL_MAT_ADD MUL_MAT_VEC q4_0_rocmfp4_fast m=2048 n=1 k=2048: 8 x 12.75 us = 102 us (657.769 GFLOPS/s)
MUL_MAT_VEC f32 m=64 n=8 k=64: 16 x 2.105 us = 33.68 us (30.8903 GFLOPS/s)
MUL_MAT_VEC q4_0_rocmfp4_fast m=10752 n=1 k=2048: 60 x 51.237 us = 3074.24 us (859.323 GFLOPS/s)
MUL_MAT_VEC q4_0_rocmfp4_fast m=2048 n=1 k=2048: 30 x 13.813 us = 414.4 us (607.135 GFLOPS/s)
MUL_MAT_VEC q4_0_rocmfp4_fast m=512 n=1 k=2048: 16 x 2.567 us = 41.08 us (816.608 GFLOPS/s)
MUL_MAT_VEC q4_0_rocmfp4_fast m=6144 n=1 k=2048: 22 x 31.66 us = 696.52 us (794.684 GFLOPS/s)
MUL_MAT_VEC q6_K m=128000 n=1 k=2048: 1 x 878.96 us = 878.96 us (596.341 GFLOPS/s)
RMS_NORM_MUL RMS_NORM(2048,1,1,1): 61 x 4.047 us = 246.92 us
RMS_NORM_MUL_ROPE RMS_NORM(64,32,1,1): 8 x 3.86 us = 30.88 us
RMS_NORM_MUL_ROPE RMS_NORM(64,8,1,1): 8 x 3.385 us = 27.08 us
SET_ROWS: 16 x 1.93 us = 30.88 us
SSM_CONV: 22 x 2.296 us = 50.52 us
Total time: 7694.88 us.
----------------
Vulkan Timings:
ADD: 22 x 2.33 us = 51.28 us
CONCAT: 22 x 2.347 us = 51.64 us
CPY: 22 x 2.31 us = 50.84 us
FLASH_ATTN_EXT dst(64,32,1,1),  q(64,1,32,1),  k(64,256,8,1),  v(64,256,8,1),  m(256,1,1,1): 8 x 10.51 us = 84.08 us (199.539 GFLOPS/s)
GET_ROWS: 24 x 2.008 us = 48.2 us
GLU: 30 x 2.345 us = 70.36 us
MUL: 44 x 2.473 us = 108.84 us
MUL_MAT f32 m=64 n=32 k=64: 16 x 2.15 us = 34.4 us (120.975 GFLOPS/s)
MUL_MAT_ADD MUL_MAT_VEC q4_0_rocmfp4_fast m=2048 n=1 k=10752: 30 x 51.981 us = 1559.44 us (847.192 GFLOPS/s)
MUL_MAT_ADD MUL_MAT_VEC q4_0_rocmfp4_fast m=2048 n=1 k=2048: 8 x 12.63 us = 101.04 us (664.019 GFLOPS/s)
MUL_MAT_VEC f32 m=64 n=8 k=64: 16 x 2.072 us = 33.16 us (31.3747 GFLOPS/s)
MUL_MAT_VEC q4_0_rocmfp4_fast m=10752 n=1 k=2048: 60 x 50.886 us = 3053.16 us (865.256 GFLOPS/s)
MUL_MAT_VEC q4_0_rocmfp4_fast m=2048 n=1 k=2048: 30 x 13.782 us = 413.48 us (608.486 GFLOPS/s)
MUL_MAT_VEC q4_0_rocmfp4_fast m=512 n=1 k=2048: 16 x 2.59 us = 41.44 us (809.514 GFLOPS/s)
MUL_MAT_VEC q4_0_rocmfp4_fast m=6144 n=1 k=2048: 22 x 31.71 us = 697.64 us (793.408 GFLOPS/s)
MUL_MAT_VEC q6_K m=128000 n=1 k=2048: 1 x 879.8 us = 879.8 us (595.772 GFLOPS/s)
RMS_NORM_MUL RMS_NORM(2048,1,1,1): 61 x 3.727 us = 227.4 us
RMS_NORM_MUL_ROPE RMS_NORM(64,32,1,1): 8 x 3.925 us = 31.4 us
RMS_NORM_MUL_ROPE RMS_NORM(64,8,1,1): 8 x 3.415 us = 27.32 us
SET_ROWS: 16 x 2.042 us = 32.68 us
SSM_CONV: 22 x 2.316 us = 50.96 us
Total time: 7648.56 us.
----------------
Vulkan Timings:
ADD: 22 x 2.303 us = 50.68 us
CONCAT: 22 x 2.327 us = 51.2 us
CPY: 22 x 2.314 us = 50.92 us
FLASH_ATTN_EXT dst(64,32,1,1),  q(64,1,32,1),  k(64,256,8,1),  v(64,256,8,1),  m(256,1,1,1): 8 x 10.565 us = 84.52 us (198.5 GFLOPS/s)
GET_ROWS: 24 x 1.983 us = 47.6 us
GLU: 30 x 2.322 us = 69.68 us
MUL: 44 x 2.454 us = 108 us
MUL_MAT f32 m=64 n=32 k=64: 16 x 2.12 us = 33.92 us (122.687 GFLOPS/s)
MUL_MAT_ADD MUL_MAT_VEC q4_0_rocmfp4_fast m=2048 n=1 k=10752: 30 x 52.201 us = 1566.04 us (843.621 GFLOPS/s)
MUL_MAT_ADD MUL_MAT_VEC q4_0_rocmfp4_fast m=2048 n=1 k=2048: 8 x 12.775 us = 102.2 us (656.482 GFLOPS/s)
MUL_MAT_VEC f32 m=64 n=8 k=64: 16 x 2.14 us = 34.24 us (30.385 GFLOPS/s)
MUL_MAT_VEC q4_0_rocmfp4_fast m=10752 n=1 k=2048: 60 x 52.221 us = 3133.27 us (843.134 GFLOPS/s)
MUL_MAT_VEC q4_0_rocmfp4_fast m=2048 n=1 k=2048: 30 x 14.353 us = 430.6 us (584.294 GFLOPS/s)
MUL_MAT_VEC q4_0_rocmfp4_fast m=512 n=1 k=2048: 16 x 2.585 us = 41.36 us (811.079 GFLOPS/s)
MUL_MAT_VEC q4_0_rocmfp4_fast m=6144 n=1 k=2048: 22 x 31.874 us = 701.24 us (789.335 GFLOPS/s)
MUL_MAT_VEC q6_K m=128000 n=1 k=2048: 1 x 880 us = 880 us (595.636 GFLOPS/s)
RMS_NORM_MUL RMS_NORM(2048,1,1,1): 61 x 3.772 us = 230.12 us
RMS_NORM_MUL_ROPE RMS_NORM(64,32,1,1): 8 x 3.87 us = 30.96 us
RMS_NORM_MUL_ROPE RMS_NORM(64,8,1,1): 8 x 3.265 us = 26.12 us
SET_ROWS: 16 x 1.98 us = 31.68 us
SSM_CONV: 22 x 2.276 us = 50.08 us
Total time: 7754.43 us.
----------------
Vulkan Timings:
ADD: 22 x 2.389 us = 52.56 us
CONCAT: 22 x 2.396 us = 52.72 us
CPY: 22 x 2.307 us = 50.76 us
FLASH_ATTN_EXT dst(64,32,1,1),  q(64,1,32,1),  k(64,256,8,1),  v(64,256,8,1),  m(256,1,1,1): 8 x 10.43 us = 83.44 us (201.069 GFLOPS/s)
GET_ROWS: 24 x 2.276 us = 54.64 us
GLU: 30 x 2.649 us = 79.48 us
MUL: 44 x 2.44 us = 107.4 us
MUL_MAT f32 m=64 n=32 k=64: 16 x 2.122 us = 33.96 us (122.542 GFLOPS/s)
MUL_MAT_ADD MUL_MAT_VEC q4_0_rocmfp4_fast m=2048 n=1 k=10752: 30 x 53.081 us = 1592.44 us (829.635 GFLOPS/s)
MUL_MAT_ADD MUL_MAT_VEC q4_0_rocmfp4_fast m=2048 n=1 k=2048: 8 x 12.81 us = 102.48 us (654.689 GFLOPS/s)
MUL_MAT_VEC f32 m=64 n=8 k=64: 16 x 2.572 us = 41.16 us (25.2766 GFLOPS/s)
MUL_MAT_VEC q4_0_rocmfp4_fast m=10752 n=1 k=2048: 60 x 51.563 us = 3093.8 us (853.89 GFLOPS/s)
MUL_MAT_VEC q4_0_rocmfp4_fast m=2048 n=1 k=2048: 30 x 13.842 us = 415.28 us (605.849 GFLOPS/s)
MUL_MAT_VEC q4_0_rocmfp4_fast m=512 n=1 k=2048: 16 x 2.58 us = 41.28 us (812.651 GFLOPS/s)
MUL_MAT_VEC q4_0_rocmfp4_fast m=6144 n=1 k=2048: 22 x 31.754 us = 698.6 us (792.317 GFLOPS/s)
MUL_MAT_VEC q6_K m=128000 n=1 k=2048: 1 x 903.28 us = 903.28 us (580.285 GFLOPS/s)
RMS_NORM_MUL RMS_NORM(2048,1,1,1): 61 x 3.971 us = 242.24 us
RMS_NORM_MUL_ROPE RMS_NORM(64,32,1,1): 8 x 3.935 us = 31.48 us
RMS_NORM_MUL_ROPE RMS_NORM(64,8,1,1): 8 x 3.38 us = 27.04 us
SET_ROWS: 16 x 2.027 us = 32.44 us
SSM_CONV: 22 x 2.321 us = 51.08 us
Total time: 7787.56 us.
----------------
Vulkan Timings:
ADD: 22 x 2.316 us = 50.96 us
CONCAT: 22 x 2.312 us = 50.88 us
CPY: 22 x 2.32 us = 51.04 us
FLASH_ATTN_EXT dst(64,32,1,1),  q(64,1,32,1),  k(64,256,8,1),  v(64,256,8,1),  m(256,1,1,1): 8 x 10.685 us = 85.48 us (196.271 GFLOPS/s)
GET_ROWS: 24 x 1.996 us = 47.92 us
GLU: 30 x 2.337 us = 70.12 us
MUL: 44 x 2.46 us = 108.24 us
MUL_MAT f32 m=64 n=32 k=64: 16 x 2.127 us = 34.04 us (122.254 GFLOPS/s)
MUL_MAT_ADD MUL_MAT_VEC q4_0_rocmfp4_fast m=2048 n=1 k=10752: 30 x 51.958 us = 1558.76 us (847.561 GFLOPS/s)
MUL_MAT_ADD MUL_MAT_VEC q4_0_rocmfp4_fast m=2048 n=1 k=2048: 8 x 12.715 us = 101.72 us (659.58 GFLOPS/s)
MUL_MAT_VEC f32 m=64 n=8 k=64: 16 x 2.085 us = 33.36 us (31.1866 GFLOPS/s)
MUL_MAT_VEC q4_0_rocmfp4_fast m=10752 n=1 k=2048: 60 x 50.64 us = 3038.4 us (869.46 GFLOPS/s)
MUL_MAT_VEC q4_0_rocmfp4_fast m=2048 n=1 k=2048: 30 x 13.776 us = 413.28 us (608.78 GFLOPS/s)
MUL_MAT_VEC q4_0_rocmfp4_fast m=512 n=1 k=2048: 16 x 2.545 us = 40.72 us (823.827 GFLOPS/s)
MUL_MAT_VEC q4_0_rocmfp4_fast m=6144 n=1 k=2048: 22 x 31.645 us = 696.2 us (795.049 GFLOPS/s)
MUL_MAT_VEC q6_K m=128000 n=1 k=2048: 1 x 876.72 us = 876.72 us (597.865 GFLOPS/s)
RMS_NORM_MUL RMS_NORM(2048,1,1,1): 61 x 3.753 us = 228.96 us
RMS_NORM_MUL_ROPE RMS_NORM(64,32,1,1): 8 x 3.9 us = 31.2 us
RMS_NORM_MUL_ROPE RMS_NORM(64,8,1,1): 8 x 3.425 us = 27.4 us
SET_ROWS: 16 x 1.937 us = 31 us
SSM_CONV: 22 x 2.316 us = 50.96 us
Total time: 7627.36 us.
----------------
Vulkan Timings:
ADD: 22 x 2.316 us = 50.96 us
CONCAT: 22 x 2.312 us = 50.88 us
CPY: 22 x 2.289 us = 50.36 us
FLASH_ATTN_EXT dst(64,32,1,1),  q(64,1,32,1),  k(64,256,8,1),  v(64,256,8,1),  m(256,1,1,1): 8 x 10.685 us = 85.48 us (196.271 GFLOPS/s)
GET_ROWS: 24 x 2.395 us = 57.48 us
GLU: 30 x 2.332 us = 69.96 us
MUL: 44 x 2.491 us = 109.64 us
MUL_MAT f32 m=64 n=32 k=64: 16 x 2.105 us = 33.68 us (123.561 GFLOPS/s)
MUL_MAT_ADD MUL_MAT_VEC q4_0_rocmfp4_fast m=2048 n=1 k=10752: 30 x 53.482 us = 1604.48 us (823.41 GFLOPS/s)
MUL_MAT_ADD MUL_MAT_VEC q4_0_rocmfp4_fast m=2048 n=1 k=2048: 8 x 14.57 us = 116.56 us (575.605 GFLOPS/s)
MUL_MAT_VEC f32 m=64 n=8 k=64: 16 x 2.625 us = 42 us (24.771 GFLOPS/s)
MUL_MAT_VEC q4_0_rocmfp4_fast m=10752 n=1 k=2048: 60 x 50.692 us = 3041.56 us (868.556 GFLOPS/s)
MUL_MAT_VEC q4_0_rocmfp4_fast m=2048 n=1 k=2048: 30 x 13.842 us = 415.28 us (605.849 GFLOPS/s)
MUL_MAT_VEC q4_0_rocmfp4_fast m=512 n=1 k=2048: 16 x 3.545 us = 56.72 us (591.436 GFLOPS/s)
MUL_MAT_VEC q4_0_rocmfp4_fast m=6144 n=1 k=2048: 22 x 32.661 us = 718.56 us (770.309 GFLOPS/s)
MUL_MAT_VEC q6_K m=128000 n=1 k=2048: 1 x 880.32 us = 880.32 us (595.42 GFLOPS/s)
RMS_NORM_MUL RMS_NORM(2048,1,1,1): 61 x 3.734 us = 227.8 us
RMS_NORM_MUL_ROPE RMS_NORM(64,32,1,1): 8 x 3.84 us = 30.72 us
RMS_NORM_MUL_ROPE RMS_NORM(64,8,1,1): 8 x 4.53 us = 36.24 us
SET_ROWS: 16 x 1.955 us = 31.28 us
SSM_CONV: 22 x 2.294 us = 50.48 us
Total time: 7760.44 us.
----------------
Vulkan Timings:
ADD: 22 x 2.318 us = 51 us
CONCAT: 22 x 2.589 us = 56.96 us
CPY: 22 x 2.267 us = 49.88 us
FLASH_ATTN_EXT dst(64,32,1,1),  q(64,1,32,1),  k(64,256,8,1),  v(64,256,8,1),  m(256,1,1,1): 8 x 10.555 us = 84.44 us (198.688 GFLOPS/s)
GET_ROWS: 24 x 2.456 us = 58.96 us
GLU: 30 x 2.329 us = 69.88 us
MUL: 44 x 2.488 us = 109.48 us
MUL_MAT f32 m=64 n=32 k=64: 16 x 2.11 us = 33.76 us (123.268 GFLOPS/s)
MUL_MAT_ADD MUL_MAT_VEC q4_0_rocmfp4_fast m=2048 n=1 k=10752: 30 x 52.398 us = 1571.96 us (840.444 GFLOPS/s)
MUL_MAT_ADD MUL_MAT_VEC q4_0_rocmfp4_fast m=2048 n=1 k=2048: 8 x 12.585 us = 100.68 us (666.393 GFLOPS/s)
MUL_MAT_VEC f32 m=64 n=8 k=64: 16 x 2.082 us = 33.32 us (31.224 GFLOPS/s)
MUL_MAT_VEC q4_0_rocmfp4_fast m=10752 n=1 k=2048: 60 x 51.146 us = 3068.76 us (860.858 GFLOPS/s)
MUL_MAT_VEC q4_0_rocmfp4_fast m=2048 n=1 k=2048: 30 x 13.83 us = 414.92 us (606.374 GFLOPS/s)
MUL_MAT_VEC q4_0_rocmfp4_fast m=512 n=1 k=2048: 16 x 2.547 us = 40.76 us (823.019 GFLOPS/s)
MUL_MAT_VEC q4_0_rocmfp4_fast m=6144 n=1 k=2048: 22 x 32.08 us = 705.76 us (784.279 GFLOPS/s)
MUL_MAT_VEC q6_K m=128000 n=1 k=2048: 1 x 872.16 us = 872.16 us (600.991 GFLOPS/s)
RMS_NORM_MUL RMS_NORM(2048,1,1,1): 61 x 3.74 us = 228.2 us
RMS_NORM_MUL_ROPE RMS_NORM(64,32,1,1): 8 x 3.885 us = 31.08 us
RMS_NORM_MUL_ROPE RMS_NORM(64,8,1,1): 8 x 3.405 us = 27.24 us
SET_ROWS: 16 x 1.97 us = 31.52 us
SSM_CONV: 22 x 2.858 us = 62.88 us
Total time: 7703.6 us.
----------------
Vulkan Timings:
ADD: 22 x 2.292 us = 50.44 us
CONCAT: 22 x 2.303 us = 50.68 us
CPY: 22 x 2.283 us = 50.24 us
FLASH_ATTN_EXT dst(64,32,1,1),  q(64,1,32,1),  k(64,256,8,1),  v(64,256,8,1),  m(256,1,1,1): 8 x 10.575 us = 84.6 us (198.312 GFLOPS/s)
GET_ROWS: 24 x 2.005 us = 48.12 us
GLU: 30 x 2.304 us = 69.12 us
MUL: 44 x 2.424 us = 106.68 us
MUL_MAT f32 m=64 n=32 k=64: 16 x 2.08 us = 33.28 us (125.046 GFLOPS/s)
MUL_MAT_ADD MUL_MAT_VEC q4_0_rocmfp4_fast m=2048 n=1 k=10752: 30 x 52.156 us = 1564.68 us (844.354 GFLOPS/s)
MUL_MAT_ADD MUL_MAT_VEC q4_0_rocmfp4_fast m=2048 n=1 k=2048: 8 x 13.67 us = 109.36 us (613.501 GFLOPS/s)
MUL_MAT_VEC f32 m=64 n=8 k=64: 16 x 2.107 us = 33.72 us (30.8536 GFLOPS/s)
MUL_MAT_VEC q4_0_rocmfp4_fast m=10752 n=1 k=2048: 60 x 51.278 us = 3076.72 us (858.631 GFLOPS/s)
MUL_MAT_VEC q4_0_rocmfp4_fast m=2048 n=1 k=2048: 30 x 13.688 us = 410.64 us (612.694 GFLOPS/s)
MUL_MAT_VEC q4_0_rocmfp4_fast m=512 n=1 k=2048: 16 x 2.805 us = 44.88 us (747.465 GFLOPS/s)
MUL_MAT_VEC q4_0_rocmfp4_fast m=6144 n=1 k=2048: 22 x 31.681 us = 697 us (794.136 GFLOPS/s)
MUL_MAT_VEC q6_K m=128000 n=1 k=2048: 1 x 881.92 us = 881.92 us (594.34 GFLOPS/s)
RMS_NORM_MUL RMS_NORM(2048,1,1,1): 61 x 3.745 us = 228.48 us
RMS_NORM_MUL_ROPE RMS_NORM(64,32,1,1): 8 x 3.89 us = 31.12 us
RMS_NORM_MUL_ROPE RMS_NORM(64,8,1,1): 8 x 3.39 us = 27.12 us
SET_ROWS: 16 x 2.027 us = 32.44 us
SSM_CONV: 22 x 2.289 us = 50.36 us
Total time: 7681.6 us.
----------------
Vulkan Timings:
ADD: 22 x 2.327 us = 51.2 us
CONCAT: 22 x 2.272 us = 50 us
CPY: 22 x 2.336 us = 51.4 us
FLASH_ATTN_EXT dst(64,32,1,1),  q(64,1,32,1),  k(64,256,8,1),  v(64,256,8,1),  m(256,1,1,1): 8 x 10.655 us = 85.24 us (196.823 GFLOPS/s)
GET_ROWS: 24 x 1.99 us = 47.76 us
GLU: 30 x 2.389 us = 71.68 us
MUL: 44 x 2.581 us = 113.6 us
MUL_MAT f32 m=64 n=32 k=64: 16 x 2.115 us = 33.84 us (122.977 GFLOPS/s)
MUL_MAT_ADD MUL_MAT_VEC q4_0_rocmfp4_fast m=2048 n=1 k=10752: 30 x 52.682 us = 1580.48 us (835.913 GFLOPS/s)
MUL_MAT_ADD MUL_MAT_VEC q4_0_rocmfp4_fast m=2048 n=1 k=2048: 8 x 12.73 us = 101.84 us (658.803 GFLOPS/s)
MUL_MAT_VEC f32 m=64 n=8 k=64: 16 x 2.06 us = 32.96 us (31.565 GFLOPS/s)
MUL_MAT_VEC q4_0_rocmfp4_fast m=10752 n=1 k=2048: 60 x 51.385 us = 3083.12 us (856.848 GFLOPS/s)
MUL_MAT_VEC q4_0_rocmfp4_fast m=2048 n=1 k=2048: 30 x 14.248 us = 427.44 us (588.613 GFLOPS/s)
MUL_MAT_VEC q4_0_rocmfp4_fast m=512 n=1 k=2048: 16 x 2.572 us = 41.16 us (815.02 GFLOPS/s)
MUL_MAT_VEC q4_0_rocmfp4_fast m=6144 n=1 k=2048: 22 x 33.025 us = 726.56 us (761.827 GFLOPS/s)
MUL_MAT_VEC q6_K m=128000 n=1 k=2048: 1 x 885.68 us = 885.68 us (591.816 GFLOPS/s)
RMS_NORM_MUL RMS_NORM(2048,1,1,1): 61 x 3.987 us = 243.24 us
RMS_NORM_MUL_ROPE RMS_NORM(64,32,1,1): 8 x 3.895 us = 31.16 us
RMS_NORM_MUL_ROPE RMS_NORM(64,8,1,1): 8 x 3.435 us = 27.48 us
SET_ROWS: 16 x 1.937 us = 31 us
SSM_CONV: 22 x 2.345 us = 51.6 us
Total time: 7768.44 us.
----------------
Vulkan Timings:
ADD: 22 x 2.358 us = 51.88 us
CONCAT: 22 x 2.352 us = 51.76 us
CPY: 22 x 2.338 us = 51.44 us
FLASH_ATTN_EXT dst(64,32,1,1),  q(64,1,32,1),  k(64,256,8,1),  v(64,256,8,1),  m(256,1,1,1): 8 x 10.42 us = 83.36 us (201.262 GFLOPS/s)
GET_ROWS: 24 x 2.031 us = 48.76 us
GLU: 30 x 2.381 us = 71.44 us
MUL: 44 x 2.5 us = 110 us
MUL_MAT f32 m=64 n=32 k=64: 16 x 2.18 us = 34.88 us (119.31 GFLOPS/s)
MUL_MAT_ADD MUL_MAT_VEC q4_0_rocmfp4_fast m=2048 n=1 k=10752: 30 x 52.513 us = 1575.4 us (838.609 GFLOPS/s)
MUL_MAT_ADD MUL_MAT_VEC q4_0_rocmfp4_fast m=2048 n=1 k=2048: 8 x 12.66 us = 101.28 us (662.445 GFLOPS/s)
MUL_MAT_VEC f32 m=64 n=8 k=64: 16 x 2.11 us = 33.76 us (30.8171 GFLOPS/s)
MUL_MAT_VEC q4_0_rocmfp4_fast m=10752 n=1 k=2048: 60 x 50.767 us = 3046.04 us (867.279 GFLOPS/s)
MUL_MAT_VEC q4_0_rocmfp4_fast m=2048 n=1 k=2048: 30 x 13.824 us = 414.72 us (606.667 GFLOPS/s)
MUL_MAT_VEC q4_0_rocmfp4_fast m=512 n=1 k=2048: 16 x 2.56 us = 40.96 us (819 GFLOPS/s)
MUL_MAT_VEC q4_0_rocmfp4_fast m=6144 n=1 k=2048: 22 x 31.929 us = 702.44 us (787.986 GFLOPS/s)
MUL_MAT_VEC q6_K m=128000 n=1 k=2048: 1 x 894.56 us = 894.56 us (585.942 GFLOPS/s)
RMS_NORM_MUL RMS_NORM(2048,1,1,1): 61 x 4.061 us = 247.76 us
RMS_NORM_MUL_ROPE RMS_NORM(64,32,1,1): 8 x 3.915 us = 31.32 us
RMS_NORM_MUL_ROPE RMS_NORM(64,8,1,1): 8 x 3.48 us = 27.84 us
SET_ROWS: 16 x 2.062 us = 33 us
SSM_CONV: 22 x 2.363 us = 52 us
Total time: 7704.6 us.
----------------
Vulkan Timings:
ADD: 22 x 2.467 us = 54.28 us
CONCAT: 22 x 2.476 us = 54.48 us
CPY: 22 x 2.458 us = 54.08 us
FLASH_ATTN_EXT dst(64,32,1,1),  q(64,1,32,1),  k(64,256,8,1),  v(64,256,8,1),  m(256,1,1,1): 8 x 11.21 us = 89.68 us (187.079 GFLOPS/s)
GET_ROWS: 24 x 2.1 us = 50.4 us
GLU: 30 x 2.457 us = 73.72 us
MUL: 44 x 2.611 us = 114.92 us
MUL_MAT f32 m=64 n=32 k=64: 16 x 2.242 us = 35.88 us (115.985 GFLOPS/s)
MUL_MAT_ADD MUL_MAT_VEC q4_0_rocmfp4_fast m=2048 n=1 k=10752: 30 x 52.489 us = 1574.68 us (838.992 GFLOPS/s)
MUL_MAT_ADD MUL_MAT_VEC q4_0_rocmfp4_fast m=2048 n=1 k=2048: 8 x 12.995 us = 103.96 us (645.368 GFLOPS/s)
MUL_MAT_VEC f32 m=64 n=8 k=64: 16 x 2.09 us = 33.44 us (31.112 GFLOPS/s)
MUL_MAT_VEC q4_0_rocmfp4_fast m=10752 n=1 k=2048: 60 x 53.206 us = 3192.39 us (827.52 GFLOPS/s)
MUL_MAT_VEC q4_0_rocmfp4_fast m=2048 n=1 k=2048: 30 x 14.132 us = 423.96 us (593.445 GFLOPS/s)
MUL_MAT_VEC q4_0_rocmfp4_fast m=512 n=1 k=2048: 16 x 2.68 us = 42.88 us (782.328 GFLOPS/s)
MUL_MAT_VEC q4_0_rocmfp4_fast m=6144 n=1 k=2048: 22 x 32.32 us = 711.04 us (778.455 GFLOPS/s)
MUL_MAT_VEC q6_K m=128000 n=1 k=2048: 1 x 875.88 us = 875.88 us (598.438 GFLOPS/s)
RMS_NORM_MUL RMS_NORM(2048,1,1,1): 61 x 4.117 us = 251.16 us
RMS_NORM_MUL_ROPE RMS_NORM(64,32,1,1): 8 x 4.145 us = 33.16 us
RMS_NORM_MUL_ROPE RMS_NORM(64,8,1,1): 8 x 3.645 us = 29.16 us
SET_ROWS: 16 x 2.365 us = 37.84 us
SSM_CONV: 22 x 2.463 us = 54.2 us
Total time: 7891.19 us.
----------------
Vulkan Timings:
ADD: 22 x 2.74 us = 60.28 us
CONCAT: 22 x 2.767 us = 60.88 us
CPY: 22 x 2.805 us = 61.72 us
FLASH_ATTN_EXT dst(64,32,1,1),  q(64,1,32,1),  k(64,256,8,1),  v(64,256,8,1),  m(256,1,1,1): 8 x 13.295 us = 106.36 us (157.74 GFLOPS/s)
GET_ROWS: 24 x 2.316 us = 55.6 us
GLU: 30 x 2.725 us = 81.76 us
MUL: 44 x 2.95 us = 129.8 us
MUL_MAT f32 m=64 n=32 k=64: 16 x 2.37 us = 37.92 us (109.745 GFLOPS/s)
MUL_MAT_ADD MUL_MAT_VEC q4_0_rocmfp4_fast m=2048 n=1 k=10752: 30 x 56.012 us = 1680.36 us (786.227 GFLOPS/s)
MUL_MAT_ADD MUL_MAT_VEC q4_0_rocmfp4_fast m=2048 n=1 k=2048: 8 x 13.37 us = 106.96 us (627.267 GFLOPS/s)
MUL_MAT_VEC f32 m=64 n=8 k=64: 16 x 2.147 us = 34.36 us (30.2789 GFLOPS/s)
MUL_MAT_VEC q4_0_rocmfp4_fast m=10752 n=1 k=2048: 60 x 58.962 us = 3537.77 us (746.732 GFLOPS/s)
MUL_MAT_VEC q4_0_rocmfp4_fast m=2048 n=1 k=2048: 30 x 15.326 us = 459.8 us (547.187 GFLOPS/s)
MUL_MAT_VEC q4_0_rocmfp4_fast m=512 n=1 k=2048: 16 x 2.98 us = 47.68 us (703.57 GFLOPS/s)
MUL_MAT_VEC q4_0_rocmfp4_fast m=6144 n=1 k=2048: 22 x 33.165 us = 729.64 us (758.611 GFLOPS/s)
MUL_MAT_VEC q6_K m=128000 n=1 k=2048: 1 x 881.12 us = 881.12 us (594.879 GFLOPS/s)
RMS_NORM_MUL RMS_NORM(2048,1,1,1): 61 x 4.617 us = 281.64 us
RMS_NORM_MUL_ROPE RMS_NORM(64,32,1,1): 8 x 4.655 us = 37.24 us
RMS_NORM_MUL_ROPE RMS_NORM(64,8,1,1): 8 x 4.065 us = 32.52 us
SET_ROWS: 16 x 2.465 us = 39.44 us
SSM_CONV: 22 x 2.849 us = 62.68 us
Total time: 8525.53 us.
----------------
Vulkan Timings:
ADD: 22 x 3.01 us = 66.24 us
CONCAT: 22 x 2.905 us = 63.92 us
CPY: 22 x 2.887 us = 63.52 us
FLASH_ATTN_EXT dst(64,32,1,1),  q(64,1,32,1),  k(64,256,8,1),  v(64,256,8,1),  m(256,1,1,1): 8 x 14.065 us = 112.52 us (149.104 GFLOPS/s)
GET_ROWS: 24 x 2.431 us = 58.36 us
GLU: 30 x 2.96 us = 88.8 us
MUL: 44 x 3.069 us = 135.04 us
MUL_MAT f32 m=64 n=32 k=64: 16 x 2.32 us = 37.12 us (112.11 GFLOPS/s)
MUL_MAT_ADD MUL_MAT_VEC q4_0_rocmfp4_fast m=2048 n=1 k=10752: 30 x 53.697 us = 1610.92 us (820.118 GFLOPS/s)
MUL_MAT_ADD MUL_MAT_VEC q4_0_rocmfp4_fast m=2048 n=1 k=2048: 8 x 13.99 us = 111.92 us (599.468 GFLOPS/s)
MUL_MAT_VEC f32 m=64 n=8 k=64: 16 x 2.622 us = 41.96 us (24.7947 GFLOPS/s)
MUL_MAT_VEC q4_0_rocmfp4_fast m=10752 n=1 k=2048: 60 x 53.23 us = 3193.8 us (827.155 GFLOPS/s)
MUL_MAT_VEC q4_0_rocmfp4_fast m=2048 n=1 k=2048: 30 x 15.062 us = 451.88 us (556.778 GFLOPS/s)
MUL_MAT_VEC q4_0_rocmfp4_fast m=512 n=1 k=2048: 16 x 4.282 us = 68.52 us (489.583 GFLOPS/s)
MUL_MAT_VEC q4_0_rocmfp4_fast m=6144 n=1 k=2048: 22 x 34.165 us = 751.64 us (736.407 GFLOPS/s)
MUL_MAT_VEC q6_K m=128000 n=1 k=2048: 1 x 886.2 us = 886.2 us (591.469 GFLOPS/s)
RMS_NORM_MUL RMS_NORM(2048,1,1,1): 61 x 4.927 us = 300.6 us
RMS_NORM_MUL_ROPE RMS_NORM(64,32,1,1): 8 x 6.1 us = 48.8 us
RMS_NORM_MUL_ROPE RMS_NORM(64,8,1,1): 8 x 4.315 us = 34.52 us
SET_ROWS: 16 x 2.33 us = 37.28 us
SSM_CONV: 22 x 2.91 us = 64.04 us
Total time: 8227.6 us.
----------------
Vulkan Timings:
ADD: 22 x 3.176 us = 69.88 us
CONCAT: 22 x 3.007 us = 66.16 us
CPY: 22 x 2.969 us = 65.32 us
FLASH_ATTN_EXT dst(64,32,1,1),  q(64,1,32,1),  k(64,256,8,1),  v(64,256,8,1),  m(256,1,1,1): 8 x 14.475 us = 115.8 us (144.881 GFLOPS/s)
GET_ROWS: 24 x 2.5 us = 60 us
GLU: 30 x 2.988 us = 89.64 us
MUL: 44 x 3.15 us = 138.64 us
MUL_MAT f32 m=64 n=32 k=64: 16 x 2.33 us = 37.28 us (111.629 GFLOPS/s)
MUL_MAT_ADD MUL_MAT_VEC q4_0_rocmfp4_fast m=2048 n=1 k=10752: 30 x 53.992 us = 1619.76 us (815.642 GFLOPS/s)
MUL_MAT_ADD MUL_MAT_VEC q4_0_rocmfp4_fast m=2048 n=1 k=2048: 8 x 13.9 us = 111.2 us (603.35 GFLOPS/s)
MUL_MAT_VEC f32 m=64 n=8 k=64: 16 x 2.795 us = 44.72 us (23.2644 GFLOPS/s)
MUL_MAT_VEC q4_0_rocmfp4_fast m=10752 n=1 k=2048: 60 x 52.9 us = 3174 us (832.315 GFLOPS/s)
MUL_MAT_VEC q4_0_rocmfp4_fast m=2048 n=1 k=2048: 30 x 15.18 us = 455.4 us (552.474 GFLOPS/s)
MUL_MAT_VEC q4_0_rocmfp4_fast m=512 n=1 k=2048: 16 x 3.89 us = 62.24 us (538.982 GFLOPS/s)
MUL_MAT_VEC q4_0_rocmfp4_fast m=6144 n=1 k=2048: 22 x 34.607 us = 761.36 us (727.006 GFLOPS/s)
MUL_MAT_VEC q6_K m=128000 n=1 k=2048: 1 x 876.8 us = 876.8 us (597.81 GFLOPS/s)
RMS_NORM_MUL RMS_NORM(2048,1,1,1): 61 x 4.938 us = 301.24 us
RMS_NORM_MUL_ROPE RMS_NORM(64,32,1,1): 8 x 5.115 us = 40.92 us
RMS_NORM_MUL_ROPE RMS_NORM(64,8,1,1): 8 x 4.375 us = 35 us
SET_ROWS: 16 x 2.22 us = 35.52 us
SSM_CONV: 22 x 2.976 us = 65.48 us
Total time: 8226.36 us.
----------------
Vulkan Timings:
ADD: 22 x 2.423 us = 53.32 us
CONCAT: 22 x 2.412 us = 53.08 us
CPY: 22 x 2.396 us = 52.72 us
FLASH_ATTN_EXT dst(64,32,1,1),  q(64,1,32,1),  k(64,256,8,1),  v(64,256,8,1),  m(256,1,1,1): 8 x 11.095 us = 88.76 us (189.018 GFLOPS/s)
GET_ROWS: 24 x 2.07 us = 49.68 us
GLU: 30 x 2.413 us = 72.4 us
MUL: 44 x 2.543 us = 111.92 us
MUL_MAT f32 m=64 n=32 k=64: 16 x 2.18 us = 34.88 us (119.31 GFLOPS/s)
MUL_MAT_ADD MUL_MAT_VEC q4_0_rocmfp4_fast m=2048 n=1 k=10752: 30 x 52.89 us = 1586.72 us (832.626 GFLOPS/s)
MUL_MAT_ADD MUL_MAT_VEC q4_0_rocmfp4_fast m=2048 n=1 k=2048: 8 x 12.95 us = 103.6 us (647.611 GFLOPS/s)
MUL_MAT_VEC f32 m=64 n=8 k=64: 16 x 1.95 us = 31.2 us (33.3456 GFLOPS/s)
MUL_MAT_VEC q4_0_rocmfp4_fast m=10752 n=1 k=2048: 60 x 51.185 us = 3071.12 us (860.196 GFLOPS/s)
MUL_MAT_VEC q4_0_rocmfp4_fast m=2048 n=1 k=2048: 30 x 13.968 us = 419.04 us (600.412 GFLOPS/s)
MUL_MAT_VEC q4_0_rocmfp4_fast m=512 n=1 k=2048: 16 x 2.645 us = 42.32 us (792.681 GFLOPS/s)
MUL_MAT_VEC q4_0_rocmfp4_fast m=6144 n=1 k=2048: 22 x 32.934 us = 724.56 us (763.93 GFLOPS/s)
MUL_MAT_VEC q6_K m=128000 n=1 k=2048: 1 x 880 us = 880 us (595.636 GFLOPS/s)
RMS_NORM_MUL RMS_NORM(2048,1,1,1): 61 x 3.969 us = 242.16 us
RMS_NORM_MUL_ROPE RMS_NORM(64,32,1,1): 8 x 4.125 us = 33 us
RMS_NORM_MUL_ROPE RMS_NORM(64,8,1,1): 8 x 3.545 us = 28.36 us
SET_ROWS: 16 x 2.395 us = 38.32 us
SSM_CONV: 22 x 2.401 us = 52.84 us
Total time: 7770 us.
----------------
Vulkan Timings:
ADD: 22 x 2.294 us = 50.48 us
CONCAT: 22 x 2.314 us = 50.92 us
CPY: 22 x 2.292 us = 50.44 us
FLASH_ATTN_EXT dst(64,32,1,1),  q(64,1,32,1),  k(64,256,8,1),  v(64,256,8,1),  m(256,1,1,1): 8 x 11.505 us = 92.04 us (182.282 GFLOPS/s)
GET_ROWS: 24 x 1.99 us = 47.76 us
GLU: 30 x 2.634 us = 79.04 us
MUL: 44 x 2.507 us = 110.32 us
MUL_MAT f32 m=64 n=32 k=64: 16 x 2.117 us = 33.88 us (122.832 GFLOPS/s)
MUL_MAT_ADD MUL_MAT_VEC q4_0_rocmfp4_fast m=2048 n=1 k=10752: 30 x 53.349 us = 1600.48 us (825.468 GFLOPS/s)
MUL_MAT_ADD MUL_MAT_VEC q4_0_rocmfp4_fast m=2048 n=1 k=2048: 8 x 12.75 us = 102 us (657.769 GFLOPS/s)
MUL_MAT_VEC f32 m=64 n=8 k=64: 16 x 2.015 us = 32.24 us (32.27 GFLOPS/s)
MUL_MAT_VEC q4_0_rocmfp4_fast m=10752 n=1 k=2048: 60 x 51.871 us = 3112.28 us (848.82 GFLOPS/s)
MUL_MAT_VEC q4_0_rocmfp4_fast m=2048 n=1 k=2048: 30 x 13.798 us = 413.96 us (607.78 GFLOPS/s)
MUL_MAT_VEC q4_0_rocmfp4_fast m=512 n=1 k=2048: 16 x 2.56 us = 40.96 us (819 GFLOPS/s)
MUL_MAT_VEC q4_0_rocmfp4_fast m=6144 n=1 k=2048: 22 x 33.1 us = 728.2 us (760.111 GFLOPS/s)
MUL_MAT_VEC q6_K m=128000 n=1 k=2048: 1 x 879.36 us = 879.36 us (596.07 GFLOPS/s)
RMS_NORM_MUL RMS_NORM(2048,1,1,1): 61 x 4.064 us = 247.92 us
RMS_NORM_MUL_ROPE RMS_NORM(64,32,1,1): 8 x 4.035 us = 32.28 us
RMS_NORM_MUL_ROPE RMS_NORM(64,8,1,1): 8 x 3.405 us = 27.24 us
SET_ROWS: 16 x 2.057 us = 32.92 us
SSM_CONV: 22 x 2.321 us = 51.08 us
Total time: 7815.8 us.
----------------
Vulkan Timings:
ADD: 22 x 2.307 us = 50.76 us
CONCAT: 22 x 2.32 us = 51.04 us
CPY: 22 x 2.3 us = 50.6 us
FLASH_ATTN_EXT dst(64,32,1,1),  q(64,1,32,1),  k(64,256,8,1),  v(64,256,8,1),  m(256,1,1,1): 8 x 10.55 us = 84.4 us (198.782 GFLOPS/s)
GET_ROWS: 24 x 1.995 us = 47.88 us
GLU: 30 x 2.341 us = 70.24 us
MUL: 44 x 2.446 us = 107.64 us
MUL_MAT f32 m=64 n=32 k=64: 16 x 2.127 us = 34.04 us (122.254 GFLOPS/s)
MUL_MAT_ADD MUL_MAT_VEC q4_0_rocmfp4_fast m=2048 n=1 k=10752: 30 x 53.432 us = 1602.96 us (824.19 GFLOPS/s)
MUL_MAT_ADD MUL_MAT_VEC q4_0_rocmfp4_fast m=2048 n=1 k=2048: 8 x 12.755 us = 102.04 us (657.512 GFLOPS/s)
MUL_MAT_VEC f32 m=64 n=8 k=64: 16 x 2.085 us = 33.36 us (31.1866 GFLOPS/s)
MUL_MAT_VEC q4_0_rocmfp4_fast m=10752 n=1 k=2048: 60 x 51.788 us = 3107.28 us (850.186 GFLOPS/s)
MUL_MAT_VEC q4_0_rocmfp4_fast m=2048 n=1 k=2048: 30 x 13.817 us = 414.52 us (606.959 GFLOPS/s)
MUL_MAT_VEC q4_0_rocmfp4_fast m=512 n=1 k=2048: 16 x 2.597 us = 41.56 us (807.176 GFLOPS/s)
MUL_MAT_VEC q4_0_rocmfp4_fast m=6144 n=1 k=2048: 22 x 32.743 us = 720.36 us (768.384 GFLOPS/s)
MUL_MAT_VEC q6_K m=128000 n=1 k=2048: 1 x 873.12 us = 873.12 us (600.33 GFLOPS/s)
RMS_NORM_MUL RMS_NORM(2048,1,1,1): 61 x 3.666 us = 223.68 us
RMS_NORM_MUL_ROPE RMS_NORM(64,32,1,1): 8 x 3.83 us = 30.64 us
RMS_NORM_MUL_ROPE RMS_NORM(64,8,1,1): 8 x 3.415 us = 27.32 us
SET_ROWS: 16 x 1.96 us = 31.36 us
SSM_CONV: 22 x 2.316 us = 50.96 us
Total time: 7755.76 us.
----------------
Vulkan Timings:
ADD: 22 x 2.323 us = 51.12 us
CONCAT: 22 x 2.336 us = 51.4 us
CPY: 22 x 2.325 us = 51.16 us
FLASH_ATTN_EXT dst(64,32,1,1),  q(64,1,32,1),  k(64,256,8,1),  v(64,256,8,1),  m(256,1,1,1): 8 x 10.65 us = 85.2 us (196.916 GFLOPS/s)
GET_ROWS: 24 x 2.03 us = 48.72 us
GLU: 30 x 2.337 us = 70.12 us
MUL: 44 x 2.462 us = 108.36 us
MUL_MAT f32 m=64 n=32 k=64: 16 x 2.155 us = 34.48 us (120.694 GFLOPS/s)
MUL_MAT_ADD MUL_MAT_VEC q4_0_rocmfp4_fast m=2048 n=1 k=10752: 30 x 55.28 us = 1658.4 us (796.638 GFLOPS/s)
MUL_MAT_ADD MUL_MAT_VEC q4_0_rocmfp4_fast m=2048 n=1 k=2048: 8 x 12.745 us = 101.96 us (658.027 GFLOPS/s)
MUL_MAT_VEC f32 m=64 n=8 k=64: 16 x 2.102 us = 33.64 us (30.927 GFLOPS/s)
MUL_MAT_VEC q4_0_rocmfp4_fast m=10752 n=1 k=2048: 60 x 55.747 us = 3344.85 us (789.801 GFLOPS/s)
MUL_MAT_VEC q4_0_rocmfp4_fast m=2048 n=1 k=2048: 30 x 13.833 us = 415 us (606.257 GFLOPS/s)
MUL_MAT_VEC q4_0_rocmfp4_fast m=512 n=1 k=2048: 16 x 2.55 us = 40.8 us (822.212 GFLOPS/s)
MUL_MAT_VEC q4_0_rocmfp4_fast m=6144 n=1 k=2048: 22 x 33.49 us = 736.8 us (751.239 GFLOPS/s)
MUL_MAT_VEC q6_K m=128000 n=1 k=2048: 1 x 879.96 us = 879.96 us (595.663 GFLOPS/s)
RMS_NORM_MUL RMS_NORM(2048,1,1,1): 61 x 3.86 us = 235.48 us
RMS_NORM_MUL_ROPE RMS_NORM(64,32,1,1): 8 x 3.935 us = 31.48 us
RMS_NORM_MUL_ROPE RMS_NORM(64,8,1,1): 8 x 3.425 us = 27.4 us
SET_ROWS: 16 x 2.062 us = 33 us
SSM_CONV: 22 x 2.327 us = 51.2 us
Total time: 8090.53 us.
----------------
Vulkan Timings:
ADD: 22 x 2.501 us = 55.04 us
CONCAT: 22 x 2.507 us = 55.16 us
CPY: 22 x 2.527 us = 55.6 us
FLASH_ATTN_EXT dst(64,32,1,1),  q(64,1,32,1),  k(64,256,8,1),  v(64,256,8,1),  m(256,1,1,1): 8 x 11.875 us = 95 us (176.602 GFLOPS/s)
GET_ROWS: 24 x 2.023 us = 48.56 us
GLU: 30 x 2.472 us = 74.16 us
MUL: 44 x 2.646 us = 116.44 us
MUL_MAT f32 m=64 n=32 k=64: 16 x 2.327 us = 37.24 us (111.749 GFLOPS/s)
MUL_MAT_ADD MUL_MAT_VEC q4_0_rocmfp4_fast m=2048 n=1 k=10752: 30 x 53.401 us = 1602.04 us (824.664 GFLOPS/s)
MUL_MAT_ADD MUL_MAT_VEC q4_0_rocmfp4_fast m=2048 n=1 k=2048: 8 x 13.555 us = 108.44 us (618.706 GFLOPS/s)
MUL_MAT_VEC f32 m=64 n=8 k=64: 16 x 2.03 us = 32.48 us (32.0315 GFLOPS/s)
MUL_MAT_VEC q4_0_rocmfp4_fast m=10752 n=1 k=2048: 60 x 53.807 us = 3228.47 us (818.272 GFLOPS/s)
MUL_MAT_VEC q4_0_rocmfp4_fast m=2048 n=1 k=2048: 30 x 14.085 us = 422.56 us (595.411 GFLOPS/s)
MUL_MAT_VEC q4_0_rocmfp4_fast m=512 n=1 k=2048: 16 x 2.71 us = 43.36 us (773.668 GFLOPS/s)
MUL_MAT_VEC q4_0_rocmfp4_fast m=6144 n=1 k=2048: 22 x 33.374 us = 734.24 us (753.858 GFLOPS/s)
MUL_MAT_VEC q6_K m=128000 n=1 k=2048: 1 x 880.68 us = 880.68 us (595.176 GFLOPS/s)
RMS_NORM_MUL RMS_NORM(2048,1,1,1): 61 x 4.085 us = 249.24 us
RMS_NORM_MUL_ROPE RMS_NORM(64,32,1,1): 8 x 4.365 us = 34.92 us
RMS_NORM_MUL_ROPE RMS_NORM(64,8,1,1): 8 x 6.175 us = 49.4 us
SET_ROWS: 16 x 2.372 us = 37.96 us
SSM_CONV: 22 x 2.409 us = 53 us
Total time: 8013.99 us.
----------------
Vulkan Timings:
ADD: 22 x 2.469 us = 54.32 us
CONCAT: 22 x 2.481 us = 54.6 us
CPY: 22 x 2.465 us = 54.24 us
FLASH_ATTN_EXT dst(64,32,1,1),  q(64,1,32,1),  k(64,256,8,1),  v(64,256,8,1),  m(256,1,1,1): 8 x 11.515 us = 92.12 us (182.123 GFLOPS/s)
GET_ROWS: 24 x 2.105 us = 50.52 us
GLU: 30 x 2.774 us = 83.24 us
MUL: 44 x 2.597 us = 114.28 us
MUL_MAT f32 m=64 n=32 k=64: 16 x 2.25 us = 36 us (115.598 GFLOPS/s)
MUL_MAT_ADD MUL_MAT_VEC q4_0_rocmfp4_fast m=2048 n=1 k=10752: 30 x 52.308 us = 1569.24 us (841.901 GFLOPS/s)
MUL_MAT_ADD MUL_MAT_VEC q4_0_rocmfp4_fast m=2048 n=1 k=2048: 8 x 12.925 us = 103.4 us (648.863 GFLOPS/s)
MUL_MAT_VEC f32 m=64 n=8 k=64: 16 x 1.897 us = 30.36 us (34.2682 GFLOPS/s)
MUL_MAT_VEC q4_0_rocmfp4_fast m=10752 n=1 k=2048: 60 x 52.068 us = 3124.12 us (845.603 GFLOPS/s)
MUL_MAT_VEC q4_0_rocmfp4_fast m=2048 n=1 k=2048: 30 x 14.169 us = 425.08 us (591.881 GFLOPS/s)
MUL_MAT_VEC q4_0_rocmfp4_fast m=512 n=1 k=2048: 16 x 2.717 us = 43.48 us (771.533 GFLOPS/s)
MUL_MAT_VEC q4_0_rocmfp4_fast m=6144 n=1 k=2048: 22 x 32.116 us = 706.56 us (783.391 GFLOPS/s)
MUL_MAT_VEC q6_K m=128000 n=1 k=2048: 1 x 872.2 us = 872.2 us (600.963 GFLOPS/s)
RMS_NORM_MUL RMS_NORM(2048,1,1,1): 61 x 4.056 us = 247.44 us
RMS_NORM_MUL_ROPE RMS_NORM(64,32,1,1): 8 x 4.275 us = 34.2 us
RMS_NORM_MUL_ROPE RMS_NORM(64,8,1,1): 8 x 3.7 us = 29.6 us
SET_ROWS: 16 x 2.482 us = 39.72 us
SSM_CONV: 22 x 2.463 us = 54.2 us
Total time: 7818.92 us.
----------------
Vulkan Timings:
ADD: 22 x 2.401 us = 52.84 us
CONCAT: 22 x 2.405 us = 52.92 us
CPY: 22 x 2.389 us = 52.56 us
FLASH_ATTN_EXT dst(64,32,1,1),  q(64,1,32,1),  k(64,256,8,1),  v(64,256,8,1),  m(256,1,1,1): 8 x 10.565 us = 84.52 us (198.5 GFLOPS/s)
GET_ROWS: 24 x 2.063 us = 49.52 us
GLU: 30 x 2.421 us = 72.64 us
MUL: 44 x 2.527 us = 111.2 us
MUL_MAT f32 m=64 n=32 k=64: 16 x 2.192 us = 35.08 us (118.63 GFLOPS/s)
MUL_MAT_ADD MUL_MAT_VEC q4_0_rocmfp4_fast m=2048 n=1 k=10752: 30 x 52.953 us = 1588.6 us (831.641 GFLOPS/s)
MUL_MAT_ADD MUL_MAT_VEC q4_0_rocmfp4_fast m=2048 n=1 k=2048: 8 x 12.815 us = 102.52 us (654.433 GFLOPS/s)
MUL_MAT_VEC f32 m=64 n=8 k=64: 16 x 2.127 us = 34.04 us (30.5636 GFLOPS/s)
MUL_MAT_VEC q4_0_rocmfp4_fast m=10752 n=1 k=2048: 60 x 51.13 us = 3067.8 us (861.127 GFLOPS/s)
MUL_MAT_VEC q4_0_rocmfp4_fast m=2048 n=1 k=2048: 30 x 13.95 us = 418.52 us (601.158 GFLOPS/s)
MUL_MAT_VEC q4_0_rocmfp4_fast m=512 n=1 k=2048: 16 x 2.597 us = 41.56 us (807.176 GFLOPS/s)
MUL_MAT_VEC q4_0_rocmfp4_fast m=6144 n=1 k=2048: 22 x 32.621 us = 717.68 us (771.253 GFLOPS/s)
MUL_MAT_VEC q6_K m=128000 n=1 k=2048: 1 x 879.4 us = 879.4 us (596.043 GFLOPS/s)
RMS_NORM_MUL RMS_NORM(2048,1,1,1): 61 x 3.933 us = 239.96 us
RMS_NORM_MUL_ROPE RMS_NORM(64,32,1,1): 8 x 3.895 us = 31.16 us
RMS_NORM_MUL_ROPE RMS_NORM(64,8,1,1): 8 x 3.5 us = 28 us
SET_ROWS: 16 x 2.202 us = 35.24 us
SSM_CONV: 22 x 2.396 us = 52.72 us
Total time: 7748.48 us.
----------------
Vulkan Timings:
ADD: 22 x 2.552 us = 56.16 us
CONCAT: 22 x 2.312 us = 50.88 us
CPY: 22 x 2.265 us = 49.84 us
FLASH_ATTN_EXT dst(64,32,1,1),  q(64,1,32,1),  k(64,256,8,1),  v(64,256,8,1),  m(256,1,1,1): 8 x 10.635 us = 85.08 us (197.193 GFLOPS/s)
GET_ROWS: 24 x 1.99 us = 47.76 us
GLU: 30 x 2.297 us = 68.92 us
MUL: 44 x 2.453 us = 107.96 us
MUL_MAT f32 m=64 n=32 k=64: 16 x 2.125 us = 34 us (122.398 GFLOPS/s)
MUL_MAT_ADD MUL_MAT_VEC q4_0_rocmfp4_fast m=2048 n=1 k=10752: 30 x 53.426 us = 1602.8 us (824.273 GFLOPS/s)
MUL_MAT_ADD MUL_MAT_VEC q4_0_rocmfp4_fast m=2048 n=1 k=2048: 8 x 12.815 us = 102.52 us (654.433 GFLOPS/s)
MUL_MAT_VEC f32 m=64 n=8 k=64: 16 x 2.09 us = 33.44 us (31.112 GFLOPS/s)
MUL_MAT_VEC q4_0_rocmfp4_fast m=10752 n=1 k=2048: 60 x 51.673 us = 3100.4 us (852.073 GFLOPS/s)
MUL_MAT_VEC q4_0_rocmfp4_fast m=2048 n=1 k=2048: 30 x 14.118 us = 423.56 us (594.005 GFLOPS/s)
MUL_MAT_VEC q4_0_rocmfp4_fast m=512 n=1 k=2048: 16 x 2.575 us = 41.2 us (814.229 GFLOPS/s)
MUL_MAT_VEC q4_0_rocmfp4_fast m=6144 n=1 k=2048: 22 x 33.218 us = 730.8 us (757.407 GFLOPS/s)
MUL_MAT_VEC q6_K m=128000 n=1 k=2048: 1 x 879.68 us = 879.68 us (595.853 GFLOPS/s)
RMS_NORM_MUL RMS_NORM(2048,1,1,1): 61 x 3.828 us = 233.56 us
RMS_NORM_MUL_ROPE RMS_NORM(64,32,1,1): 8 x 3.915 us = 31.32 us
RMS_NORM_MUL_ROPE RMS_NORM(64,8,1,1): 8 x 3.41 us = 27.28 us
SET_ROWS: 16 x 1.945 us = 31.12 us
SSM_CONV: 22 x 2.381 us = 52.4 us
Total time: 7790.68 us.
----------------
Vulkan Timings:
ADD: 22 x 2.329 us = 51.24 us
CONCAT: 22 x 2.587 us = 56.92 us
CPY: 22 x 2.276 us = 50.08 us
FLASH_ATTN_EXT dst(64,32,1,1),  q(64,1,32,1),  k(64,256,8,1),  v(64,256,8,1),  m(256,1,1,1): 8 x 10.415 us = 83.32 us (201.359 GFLOPS/s)
GET_ROWS: 24 x 2.426 us = 58.24 us
GLU: 30 x 2.358 us = 70.76 us
MUL: 44 x 2.468 us = 108.6 us
MUL_MAT f32 m=64 n=32 k=64: 16 x 2.117 us = 33.88 us (122.832 GFLOPS/s)
MUL_MAT_ADD MUL_MAT_VEC q4_0_rocmfp4_fast m=2048 n=1 k=10752: 30 x 52.537 us = 1576.12 us (838.226 GFLOPS/s)
MUL_MAT_ADD MUL_MAT_VEC q4_0_rocmfp4_fast m=2048 n=1 k=2048: 8 x 12.66 us = 101.28 us (662.445 GFLOPS/s)
MUL_MAT_VEC f32 m=64 n=8 k=64: 16 x 2.085 us = 33.36 us (31.1866 GFLOPS/s)
MUL_MAT_VEC q4_0_rocmfp4_fast m=10752 n=1 k=2048: 60 x 51.274 us = 3076.44 us (858.709 GFLOPS/s)
MUL_MAT_VEC q4_0_rocmfp4_fast m=2048 n=1 k=2048: 30 x 13.79 us = 413.72 us (608.133 GFLOPS/s)
MUL_MAT_VEC q4_0_rocmfp4_fast m=512 n=1 k=2048: 16 x 2.57 us = 41.12 us (815.813 GFLOPS/s)
MUL_MAT_VEC q4_0_rocmfp4_fast m=6144 n=1 k=2048: 22 x 32.225 us = 708.96 us (780.739 GFLOPS/s)
MUL_MAT_VEC q6_K m=128000 n=1 k=2048: 1 x 927.68 us = 927.68 us (565.022 GFLOPS/s)
RMS_NORM_MUL RMS_NORM(2048,1,1,1): 61 x 3.719 us = 226.88 us
RMS_NORM_MUL_ROPE RMS_NORM(64,32,1,1): 8 x 3.9 us = 31.2 us
RMS_NORM_MUL_ROPE RMS_NORM(64,8,1,1): 8 x 3.415 us = 27.32 us
SET_ROWS: 16 x 2.102 us = 33.64 us
SSM_CONV: 22 x 2.849 us = 62.68 us
Total time: 7773.44 us.
----------------
Vulkan Timings:
ADD: 22 x 3.478 us = 76.52 us
CONCAT: 22 x 5.383 us = 118.44 us
CPY: 22 x 4.925 us = 108.36 us
FLASH_ATTN_EXT dst(64,32,1,1),  q(64,1,32,1),  k(64,256,8,1),  v(64,256,8,1),  m(256,1,1,1): 8 x 26.32 us = 210.56 us (79.679 GFLOPS/s)
GET_ROWS: 24 x 3.086 us = 74.08 us
GLU: 30 x 5.066 us = 152 us
MUL: 44 x 4.778 us = 210.24 us
MUL_MAT f32 m=64 n=32 k=64: 16 x 4.605 us = 73.68 us (56.4812 GFLOPS/s)
MUL_MAT_ADD MUL_MAT_VEC q4_0_rocmfp4_fast m=2048 n=1 k=10752: 30 x 75.972 us = 2279.17 us (579.66 GFLOPS/s)
MUL_MAT_ADD MUL_MAT_VEC q4_0_rocmfp4_fast m=2048 n=1 k=2048: 8 x 21.705 us = 173.64 us (386.388 GFLOPS/s)
MUL_MAT_VEC f32 m=64 n=8 k=64: 16 x 4.485 us = 71.76 us (14.4981 GFLOPS/s)
MUL_MAT_VEC q4_0_rocmfp4_fast m=10752 n=1 k=2048: 60 x 77.529 us = 4651.76 us (567.907 GFLOPS/s)
MUL_MAT_VEC q4_0_rocmfp4_fast m=2048 n=1 k=2048: 30 x 22.568 us = 677.04 us (371.613 GFLOPS/s)
MUL_MAT_VEC q4_0_rocmfp4_fast m=512 n=1 k=2048: 16 x 7.912 us = 126.6 us (264.978 GFLOPS/s)
MUL_MAT_VEC q4_0_rocmfp4_fast m=6144 n=1 k=2048: 22 x 50.872 us = 1119.2 us (494.561 GFLOPS/s)
MUL_MAT_VEC q6_K m=128000 n=1 k=2048: 1 x 885.4 us = 885.4 us (592.004 GFLOPS/s)
RMS_NORM_MUL RMS_NORM(2048,1,1,1): 61 x 7.502 us = 457.68 us
RMS_NORM_MUL_ROPE RMS_NORM(64,32,1,1): 8 x 7.955 us = 63.64 us
RMS_NORM_MUL_ROPE RMS_NORM(64,8,1,1): 8 x 6.765 us = 54.12 us
SET_ROWS: 16 x 4.12 us = 65.92 us
SSM_CONV: 22 x 6.843 us = 150.56 us
Total time: 11800.4 us.
----------------
Vulkan Timings:
ADD: 22 x 3.089 us = 67.96 us
CONCAT: 22 x 3.107 us = 68.36 us
CPY: 22 x 3.081 us = 67.8 us
FLASH_ATTN_EXT dst(64,32,1,1),  q(64,1,32,1),  k(64,256,8,1),  v(64,256,8,1),  m(256,1,1,1): 8 x 14.935 us = 119.48 us (140.419 GFLOPS/s)
GET_ROWS: 24 x 2.581 us = 61.96 us
GLU: 30 x 3.07 us = 92.12 us
MUL: 44 x 3.251 us = 143.08 us
MUL_MAT f32 m=64 n=32 k=64: 16 x 2.412 us = 38.6 us (107.812 GFLOPS/s)
MUL_MAT_ADD MUL_MAT_VEC q4_0_rocmfp4_fast m=2048 n=1 k=10752: 30 x 54.569 us = 1637.08 us (807.013 GFLOPS/s)
MUL_MAT_ADD MUL_MAT_VEC q4_0_rocmfp4_fast m=2048 n=1 k=2048: 8 x 14.24 us = 113.92 us (588.944 GFLOPS/s)
MUL_MAT_VEC f32 m=64 n=8 k=64: 16 x 2.865 us = 45.84 us (22.696 GFLOPS/s)
MUL_MAT_VEC q4_0_rocmfp4_fast m=10752 n=1 k=2048: 60 x 53.959 us = 3237.56 us (815.974 GFLOPS/s)
MUL_MAT_VEC q4_0_rocmfp4_fast m=2048 n=1 k=2048: 30 x 15.202 us = 456.08 us (551.651 GFLOPS/s)
MUL_MAT_VEC q4_0_rocmfp4_fast m=512 n=1 k=2048: 16 x 4.267 us = 68.28 us (491.304 GFLOPS/s)
MUL_MAT_VEC q4_0_rocmfp4_fast m=6144 n=1 k=2048: 22 x 34.407 us = 756.96 us (731.231 GFLOPS/s)
MUL_MAT_VEC q6_K m=128000 n=1 k=2048: 1 x 872.64 us = 872.64 us (600.66 GFLOPS/s)
RMS_NORM_MUL RMS_NORM(2048,1,1,1): 61 x 5.125 us = 312.68 us
RMS_NORM_MUL_ROPE RMS_NORM(64,32,1,1): 8 x 5.31 us = 42.48 us
RMS_NORM_MUL_ROPE RMS_NORM(64,8,1,1): 8 x 4.57 us = 36.56 us
SET_ROWS: 16 x 2.26 us = 36.16 us
SSM_CONV: 22 x 3.096 us = 68.12 us
Total time: 8343.72 us.
----------------
Vulkan Timings:
ADD: 22 x 2.452 us = 53.96 us
CONCAT: 22 x 2.45 us = 53.92 us
CPY: 22 x 2.43 us = 53.48 us
FLASH_ATTN_EXT dst(64,32,1,1),  q(64,1,32,1),  k(64,256,8,1),  v(64,256,8,1),  m(256,1,1,1): 8 x 11.015 us = 88.12 us (190.391 GFLOPS/s)
GET_ROWS: 24 x 2.088 us = 50.12 us
GLU: 30 x 2.454 us = 73.64 us
MUL: 44 x 2.574 us = 113.28 us
MUL_MAT f32 m=64 n=32 k=64: 16 x 2.262 us = 36.2 us (114.96 GFLOPS/s)
MUL_MAT_ADD MUL_MAT_VEC q4_0_rocmfp4_fast m=2048 n=1 k=10752: 30 x 53.204 us = 1596.12 us (827.722 GFLOPS/s)
MUL_MAT_ADD MUL_MAT_VEC q4_0_rocmfp4_fast m=2048 n=1 k=2048: 8 x 12.795 us = 102.36 us (655.456 GFLOPS/s)
MUL_MAT_VEC f32 m=64 n=8 k=64: 16 x 2.1 us = 33.6 us (30.9638 GFLOPS/s)
MUL_MAT_VEC q4_0_rocmfp4_fast m=10752 n=1 k=2048: 60 x 51.41 us = 3084.64 us (856.426 GFLOPS/s)
MUL_MAT_VEC q4_0_rocmfp4_fast m=2048 n=1 k=2048: 30 x 13.966 us = 419 us (600.47 GFLOPS/s)
MUL_MAT_VEC q4_0_rocmfp4_fast m=512 n=1 k=2048: 16 x 2.622 us = 41.96 us (799.481 GFLOPS/s)
MUL_MAT_VEC q4_0_rocmfp4_fast m=6144 n=1 k=2048: 22 x 32.434 us = 713.56 us (775.706 GFLOPS/s)
MUL_MAT_VEC q6_K m=128000 n=1 k=2048: 1 x 879.44 us = 879.44 us (596.016 GFLOPS/s)
RMS_NORM_MUL RMS_NORM(2048,1,1,1): 61 x 3.836 us = 234 us
RMS_NORM_MUL_ROPE RMS_NORM(64,32,1,1): 8 x 4.07 us = 32.56 us
RMS_NORM_MUL_ROPE RMS_NORM(64,8,1,1): 8 x 3.59 us = 28.72 us
SET_ROWS: 16 x 2.112 us = 33.8 us
SSM_CONV: 22 x 2.429 us = 53.44 us
Total time: 7775.92 us.
----------------
Vulkan Timings:
ADD: 22 x 2.32 us = 51.04 us
CONCAT: 22 x 2.347 us = 51.64 us
CPY: 22 x 2.323 us = 51.12 us
FLASH_ATTN_EXT dst(64,32,1,1),  q(64,1,32,1),  k(64,256,8,1),  v(64,256,8,1),  m(256,1,1,1): 8 x 10.77 us = 86.16 us (194.722 GFLOPS/s)
GET_ROWS: 24 x 2 us = 48 us
GLU: 30 x 2.345 us = 70.36 us
MUL: 44 x 2.468 us = 108.6 us
MUL_MAT f32 m=64 n=32 k=64: 16 x 2.63 us = 42.08 us (98.8958 GFLOPS/s)
MUL_MAT_ADD MUL_MAT_VEC q4_0_rocmfp4_fast m=2048 n=1 k=10752: 30 x 52.684 us = 1580.52 us (835.892 GFLOPS/s)
MUL_MAT_ADD MUL_MAT_VEC q4_0_rocmfp4_fast m=2048 n=1 k=2048: 8 x 12.94 us = 103.52 us (648.111 GFLOPS/s)
MUL_MAT_VEC f32 m=64 n=8 k=64: 16 x 2.147 us = 34.36 us (30.2789 GFLOPS/s)
MUL_MAT_VEC q4_0_rocmfp4_fast m=10752 n=1 k=2048: 60 x 51.164 us = 3069.88 us (860.544 GFLOPS/s)
MUL_MAT_VEC q4_0_rocmfp4_fast m=2048 n=1 k=2048: 30 x 13.94 us = 418.2 us (601.618 GFLOPS/s)
MUL_MAT_VEC q4_0_rocmfp4_fast m=512 n=1 k=2048: 16 x 2.64 us = 42.24 us (794.182 GFLOPS/s)
MUL_MAT_VEC q4_0_rocmfp4_fast m=6144 n=1 k=2048: 22 x 32.05 us = 705.12 us (784.991 GFLOPS/s)
MUL_MAT_VEC q6_K m=128000 n=1 k=2048: 1 x 879.8 us = 879.8 us (595.772 GFLOPS/s)
RMS_NORM_MUL RMS_NORM(2048,1,1,1): 61 x 3.853 us = 235.04 us
RMS_NORM_MUL_ROPE RMS_NORM(64,32,1,1): 8 x 5.18 us = 41.44 us
RMS_NORM_MUL_ROPE RMS_NORM(64,8,1,1): 8 x 3.335 us = 26.68 us
SET_ROWS: 16 x 2.23 us = 35.68 us
SSM_CONV: 22 x 2.35 us = 51.72 us
Total time: 7733.2 us.
----------------
Vulkan Timings:
ADD: 22 x 2.374 us = 52.24 us
CONCAT: 22 x 2.372 us = 52.2 us
CPY: 22 x 2.34 us = 51.48 us
FLASH_ATTN_EXT dst(64,32,1,1),  q(64,1,32,1),  k(64,256,8,1),  v(64,256,8,1),  m(256,1,1,1): 8 x 10.72 us = 85.76 us (195.63 GFLOPS/s)
GET_ROWS: 24 x 2.051 us = 49.24 us
GLU: 30 x 2.744 us = 82.32 us
MUL: 44 x 2.5 us = 110 us
MUL_MAT f32 m=64 n=32 k=64: 16 x 2.182 us = 34.92 us (119.173 GFLOPS/s)
MUL_MAT_ADD MUL_MAT_VEC q4_0_rocmfp4_fast m=2048 n=1 k=10752: 30 x 56.713 us = 1701.41 us (776.5 GFLOPS/s)
MUL_MAT_ADD MUL_MAT_VEC q4_0_rocmfp4_fast m=2048 n=1 k=2048: 8 x 12.975 us = 103.8 us (646.363 GFLOPS/s)
MUL_MAT_VEC f32 m=64 n=8 k=64: 16 x 2.12 us = 33.92 us (30.6717 GFLOPS/s)
MUL_MAT_VEC q4_0_rocmfp4_fast m=10752 n=1 k=2048: 60 x 52.044 us = 3122.69 us (845.991 GFLOPS/s)
MUL_MAT_VEC q4_0_rocmfp4_fast m=2048 n=1 k=2048: 30 x 13.901 us = 417.04 us (603.292 GFLOPS/s)
MUL_MAT_VEC q4_0_rocmfp4_fast m=512 n=1 k=2048: 16 x 2.575 us = 41.2 us (814.229 GFLOPS/s)
MUL_MAT_VEC q4_0_rocmfp4_fast m=6144 n=1 k=2048: 22 x 31.798 us = 699.56 us (791.23 GFLOPS/s)
MUL_MAT_VEC q6_K m=128000 n=1 k=2048: 1 x 870.96 us = 870.96 us (601.819 GFLOPS/s)
RMS_NORM_MUL RMS_NORM(2048,1,1,1): 61 x 3.72 us = 226.96 us
RMS_NORM_MUL_ROPE RMS_NORM(64,32,1,1): 8 x 3.885 us = 31.08 us
RMS_NORM_MUL_ROPE RMS_NORM(64,8,1,1): 8 x 3.46 us = 27.68 us
SET_ROWS: 16 x 1.975 us = 31.6 us
SSM_CONV: 22 x 2.365 us = 52.04 us
Total time: 7878.1 us.
----------------
Vulkan Timings:
ADD: 22 x 2.312 us = 50.88 us
CONCAT: 22 x 2.321 us = 51.08 us
CPY: 22 x 2.314 us = 50.92 us
FLASH_ATTN_EXT dst(64,32,1,1),  q(64,1,32,1),  k(64,256,8,1),  v(64,256,8,1),  m(256,1,1,1): 8 x 10.65 us = 85.2 us (196.916 GFLOPS/s)
GET_ROWS: 24 x 1.996 us = 47.92 us
GLU: 30 x 2.34 us = 70.2 us
MUL: 44 x 2.463 us = 108.4 us
MUL_MAT f32 m=64 n=32 k=64: 16 x 2.142 us = 34.28 us (121.398 GFLOPS/s)
MUL_MAT_ADD MUL_MAT_VEC q4_0_rocmfp4_fast m=2048 n=1 k=10752: 30 x 52.56 us = 1576.8 us (837.864 GFLOPS/s)
MUL_MAT_ADD MUL_MAT_VEC q4_0_rocmfp4_fast m=2048 n=1 k=2048: 8 x 12.78 us = 102.24 us (656.225 GFLOPS/s)
MUL_MAT_VEC f32 m=64 n=8 k=64: 16 x 2.112 us = 33.8 us (30.7806 GFLOPS/s)
MUL_MAT_VEC q4_0_rocmfp4_fast m=10752 n=1 k=2048: 60 x 51.094 us = 3065.64 us (861.734 GFLOPS/s)
MUL_MAT_VEC q4_0_rocmfp4_fast m=2048 n=1 k=2048: 30 x 13.848 us = 415.44 us (605.615 GFLOPS/s)
MUL_MAT_VEC q4_0_rocmfp4_fast m=512 n=1 k=2048: 16 x 2.55 us = 40.8 us (822.212 GFLOPS/s)
MUL_MAT_VEC q4_0_rocmfp4_fast m=6144 n=1 k=2048: 22 x 32.798 us = 721.56 us (767.106 GFLOPS/s)
MUL_MAT_VEC q6_K m=128000 n=1 k=2048: 1 x 879.6 us = 879.6 us (595.907 GFLOPS/s)
RMS_NORM_MUL RMS_NORM(2048,1,1,1): 61 x 3.867 us = 235.92 us
RMS_NORM_MUL_ROPE RMS_NORM(64,32,1,1): 8 x 3.925 us = 31.4 us
RMS_NORM_MUL_ROPE RMS_NORM(64,8,1,1): 8 x 3.395 us = 27.16 us
SET_ROWS: 16 x 2.025 us = 32.4 us
SSM_CONV: 22 x 2.312 us = 50.88 us
Total time: 7712.52 us.
----------------
Vulkan Timings:
ADD: 22 x 2.463 us = 54.2 us
CONCAT: 22 x 2.325 us = 51.16 us
CPY: 22 x 2.3 us = 50.6 us
FLASH_ATTN_EXT dst(64,32,1,1),  q(64,1,32,1),  k(64,256,8,1),  v(64,256,8,1),  m(256,1,1,1): 8 x 10.505 us = 84.04 us (199.634 GFLOPS/s)
GET_ROWS: 24 x 2.3 us = 55.2 us
GLU: 30 x 2.348 us = 70.44 us
MUL: 44 x 2.442 us = 107.48 us
MUL_MAT f32 m=64 n=32 k=64: 16 x 2.112 us = 33.8 us (123.122 GFLOPS/s)
MUL_MAT_ADD MUL_MAT_VEC q4_0_rocmfp4_fast m=2048 n=1 k=10752: 30 x 52.944 us = 1588.32 us (831.787 GFLOPS/s)
MUL_MAT_ADD MUL_MAT_VEC q4_0_rocmfp4_fast m=2048 n=1 k=2048: 8 x 12.635 us = 101.08 us (663.756 GFLOPS/s)
MUL_MAT_VEC f32 m=64 n=8 k=64: 16 x 2.087 us = 33.4 us (31.1492 GFLOPS/s)
MUL_MAT_VEC q4_0_rocmfp4_fast m=10752 n=1 k=2048: 60 x 51.258 us = 3075.52 us (858.966 GFLOPS/s)
MUL_MAT_VEC q4_0_rocmfp4_fast m=2048 n=1 k=2048: 30 x 13.806 us = 414.2 us (607.428 GFLOPS/s)
MUL_MAT_VEC q4_0_rocmfp4_fast m=512 n=1 k=2048: 16 x 2.605 us = 41.68 us (804.852 GFLOPS/s)
MUL_MAT_VEC q4_0_rocmfp4_fast m=6144 n=1 k=2048: 22 x 32.83 us = 722.28 us (766.341 GFLOPS/s)
MUL_MAT_VEC q6_K m=128000 n=1 k=2048: 1 x 881.68 us = 881.68 us (594.501 GFLOPS/s)
RMS_NORM_MUL RMS_NORM(2048,1,1,1): 61 x 3.949 us = 240.92 us
RMS_NORM_MUL_ROPE RMS_NORM(64,32,1,1): 8 x 3.91 us = 31.28 us
RMS_NORM_MUL_ROPE RMS_NORM(64,8,1,1): 8 x 3.385 us = 27.08 us
SET_ROWS: 16 x 2.01 us = 32.16 us
SSM_CONV: 22 x 2.33 us = 51.28 us
Total time: 7747.8 us.
----------------
Vulkan Timings:
ADD: 22 x 2.365 us = 52.04 us
CONCAT: 22 x 2.372 us = 52.2 us
CPY: 22 x 2.332 us = 51.32 us
FLASH_ATTN_EXT dst(64,32,1,1),  q(64,1,32,1),  k(64,256,8,1),  v(64,256,8,1),  m(256,1,1,1): 8 x 10.52 us = 84.16 us (199.349 GFLOPS/s)
GET_ROWS: 24 x 2.026 us = 48.64 us
GLU: 30 x 2.918 us = 87.56 us
MUL: 44 x 2.549 us = 112.16 us
MUL_MAT f32 m=64 n=32 k=64: 16 x 2.145 us = 34.32 us (121.257 GFLOPS/s)
MUL_MAT_ADD MUL_MAT_VEC q4_0_rocmfp4_fast m=2048 n=1 k=10752: 30 x 52.569 us = 1577.08 us (837.715 GFLOPS/s)
MUL_MAT_ADD MUL_MAT_VEC q4_0_rocmfp4_fast m=2048 n=1 k=2048: 8 x 12.795 us = 102.36 us (655.456 GFLOPS/s)
MUL_MAT_VEC f32 m=64 n=8 k=64: 16 x 2.102 us = 33.64 us (30.927 GFLOPS/s)
MUL_MAT_VEC q4_0_rocmfp4_fast m=10752 n=1 k=2048: 60 x 51.502 us = 3090.12 us (854.907 GFLOPS/s)
MUL_MAT_VEC q4_0_rocmfp4_fast m=2048 n=1 k=2048: 30 x 13.812 us = 414.36 us (607.194 GFLOPS/s)
MUL_MAT_VEC q4_0_rocmfp4_fast m=512 n=1 k=2048: 16 x 2.572 us = 41.16 us (815.02 GFLOPS/s)
MUL_MAT_VEC q4_0_rocmfp4_fast m=6144 n=1 k=2048: 22 x 32.001 us = 704.04 us (786.195 GFLOPS/s)
MUL_MAT_VEC q6_K m=128000 n=1 k=2048: 1 x 872.52 us = 872.52 us (600.743 GFLOPS/s)
RMS_NORM_MUL RMS_NORM(2048,1,1,1): 61 x 3.763 us = 229.6 us
RMS_NORM_MUL_ROPE RMS_NORM(64,32,1,1): 8 x 3.96 us = 31.68 us
RMS_NORM_MUL_ROPE RMS_NORM(64,8,1,1): 8 x 3.425 us = 27.4 us
SET_ROWS: 16 x 2.045 us = 32.72 us
SSM_CONV: 22 x 2.352 us = 51.76 us
Total time: 7730.84 us.
----------------
Vulkan Timings:
ADD: 22 x 2.316 us = 50.96 us
CONCAT: 22 x 2.329 us = 51.24 us
CPY: 22 x 2.31 us = 50.84 us
FLASH_ATTN_EXT dst(64,32,1,1),  q(64,1,32,1),  k(64,256,8,1),  v(64,256,8,1),  m(256,1,1,1): 8 x 10.63 us = 85.04 us (197.286 GFLOPS/s)
GET_ROWS: 24 x 2 us = 48 us
GLU: 30 x 2.333 us = 70 us
MUL: 44 x 2.445 us = 107.6 us
MUL_MAT f32 m=64 n=32 k=64: 16 x 2.13 us = 34.08 us (122.111 GFLOPS/s)
MUL_MAT_ADD MUL_MAT_VEC q4_0_rocmfp4_fast m=2048 n=1 k=10752: 30 x 52.688 us = 1580.64 us (835.829 GFLOPS/s)
MUL_MAT_ADD MUL_MAT_VEC q4_0_rocmfp4_fast m=2048 n=1 k=2048: 8 x 12.75 us = 102 us (657.769 GFLOPS/s)
MUL_MAT_VEC f32 m=64 n=8 k=64: 16 x 2.1 us = 33.6 us (30.9638 GFLOPS/s)
MUL_MAT_VEC q4_0_rocmfp4_fast m=10752 n=1 k=2048: 60 x 51.462 us = 3087.76 us (855.561 GFLOPS/s)
MUL_MAT_VEC q4_0_rocmfp4_fast m=2048 n=1 k=2048: 30 x 13.846 us = 415.4 us (605.674 GFLOPS/s)
MUL_MAT_VEC q4_0_rocmfp4_fast m=512 n=1 k=2048: 16 x 2.572 us = 41.16 us (815.02 GFLOPS/s)
MUL_MAT_VEC q4_0_rocmfp4_fast m=6144 n=1 k=2048: 22 x 32.767 us = 720.88 us (767.83 GFLOPS/s)
MUL_MAT_VEC q6_K m=128000 n=1 k=2048: 1 x 879.52 us = 879.52 us (595.961 GFLOPS/s)
RMS_NORM_MUL RMS_NORM(2048,1,1,1): 61 x 3.716 us = 226.68 us
RMS_NORM_MUL_ROPE RMS_NORM(64,32,1,1): 8 x 3.865 us = 30.92 us
RMS_NORM_MUL_ROPE RMS_NORM(64,8,1,1): 8 x 3.4 us = 27.2 us
SET_ROWS: 16 x 2.002 us = 32.04 us
SSM_CONV: 22 x 2.312 us = 50.88 us
Total time: 7726.44 us.
----------------
Vulkan Timings:
ADD: 22 x 2.292 us = 50.44 us
CONCAT: 22 x 2.269 us = 49.92 us
CPY: 22 x 2.323 us = 51.12 us
FLASH_ATTN_EXT dst(64,32,1,1),  q(64,1,32,1),  k(64,256,8,1),  v(64,256,8,1),  m(256,1,1,1): 8 x 10.735 us = 85.88 us (195.356 GFLOPS/s)
GET_ROWS: 24 x 1.966 us = 47.2 us
GLU: 30 x 2.35 us = 70.52 us
MUL: 44 x 2.472 us = 108.8 us
MUL_MAT f32 m=64 n=32 k=64: 16 x 2.102 us = 33.64 us (123.708 GFLOPS/s)
MUL_MAT_ADD MUL_MAT_VEC q4_0_rocmfp4_fast m=2048 n=1 k=10752: 30 x 53.744 us = 1612.32 us (819.406 GFLOPS/s)
MUL_MAT_ADD MUL_MAT_VEC q4_0_rocmfp4_fast m=2048 n=1 k=2048: 8 x 12.755 us = 102.04 us (657.512 GFLOPS/s)
MUL_MAT_VEC f32 m=64 n=8 k=64: 16 x 2.077 us = 33.24 us (31.2992 GFLOPS/s)
MUL_MAT_VEC q4_0_rocmfp4_fast m=10752 n=1 k=2048: 60 x 52.261 us = 3135.71 us (842.478 GFLOPS/s)
MUL_MAT_VEC q4_0_rocmfp4_fast m=2048 n=1 k=2048: 30 x 13.822 us = 414.68 us (606.725 GFLOPS/s)
MUL_MAT_VEC q4_0_rocmfp4_fast m=512 n=1 k=2048: 16 x 2.615 us = 41.84 us (801.774 GFLOPS/s)
MUL_MAT_VEC q4_0_rocmfp4_fast m=6144 n=1 k=2048: 22 x 32.447 us = 713.84 us (775.402 GFLOPS/s)
MUL_MAT_VEC q6_K m=128000 n=1 k=2048: 1 x 892.24 us = 892.24 us (587.465 GFLOPS/s)
RMS_NORM_MUL RMS_NORM(2048,1,1,1): 61 x 4.106 us = 250.52 us
RMS_NORM_MUL_ROPE RMS_NORM(64,32,1,1): 8 x 3.875 us = 31 us
RMS_NORM_MUL_ROPE RMS_NORM(64,8,1,1): 8 x 3.385 us = 27.08 us
SET_ROWS: 16 x 2.035 us = 32.56 us
SSM_CONV: 22 x 3.341 us = 73.52 us
Total time: 7858.11 us.
----------------
Vulkan Timings:
ADD: 22 x 2.347 us = 51.64 us
CONCAT: 22 x 2.5 us = 55 us
CPY: 22 x 2.31 us = 50.84 us
FLASH_ATTN_EXT dst(64,32,1,1),  q(64,1,32,1),  k(64,256,8,1),  v(64,256,8,1),  m(256,1,1,1): 8 x 10.52 us = 84.16 us (199.349 GFLOPS/s)
GET_ROWS: 24 x 2.023 us = 48.56 us
GLU: 30 x 2.857 us = 85.72 us
MUL: 44 x 2.548 us = 112.12 us
MUL_MAT f32 m=64 n=32 k=64: 16 x 2.167 us = 34.68 us (119.998 GFLOPS/s)
MUL_MAT_ADD MUL_MAT_VEC q4_0_rocmfp4_fast m=2048 n=1 k=10752: 30 x 52.265 us = 1567.96 us (842.588 GFLOPS/s)
MUL_MAT_ADD MUL_MAT_VEC q4_0_rocmfp4_fast m=2048 n=1 k=2048: 8 x 12.82 us = 102.56 us (654.178 GFLOPS/s)
MUL_MAT_VEC f32 m=64 n=8 k=64: 16 x 2.115 us = 33.84 us (30.7442 GFLOPS/s)
MUL_MAT_VEC q4_0_rocmfp4_fast m=10752 n=1 k=2048: 60 x 51.356 us = 3081.36 us (857.338 GFLOPS/s)
MUL_MAT_VEC q4_0_rocmfp4_fast m=2048 n=1 k=2048: 30 x 13.804 us = 414.12 us (607.546 GFLOPS/s)
MUL_MAT_VEC q4_0_rocmfp4_fast m=512 n=1 k=2048: 16 x 2.56 us = 40.96 us (819 GFLOPS/s)
MUL_MAT_VEC q4_0_rocmfp4_fast m=6144 n=1 k=2048: 22 x 31.896 us = 701.72 us (788.795 GFLOPS/s)
MUL_MAT_VEC q6_K m=128000 n=1 k=2048: 1 x 874.6 us = 874.6 us (599.314 GFLOPS/s)
RMS_NORM_MUL RMS_NORM(2048,1,1,1): 61 x 3.723 us = 227.16 us
RMS_NORM_MUL_ROPE RMS_NORM(64,32,1,1): 8 x 3.96 us = 31.68 us
RMS_NORM_MUL_ROPE RMS_NORM(64,8,1,1): 8 x 3.445 us = 27.56 us
SET_ROWS: 16 x 2.007 us = 32.12 us
SSM_CONV: 22 x 2.916 us = 64.16 us
Total time: 7722.52 us.
----------------
Vulkan Timings:
ADD: 22 x 2.307 us = 50.76 us
CONCAT: 22 x 2.329 us = 51.24 us
CPY: 22 x 2.292 us = 50.44 us
FLASH_ATTN_EXT dst(64,32,1,1),  q(64,1,32,1),  k(64,256,8,1),  v(64,256,8,1),  m(256,1,1,1): 8 x 10.665 us = 85.32 us (196.639 GFLOPS/s)
GET_ROWS: 24 x 1.983 us = 47.6 us
GLU: 30 x 2.33 us = 69.92 us
MUL: 44 x 2.435 us = 107.16 us
MUL_MAT f32 m=64 n=32 k=64: 16 x 2.125 us = 34 us (122.398 GFLOPS/s)
MUL_MAT_ADD MUL_MAT_VEC q4_0_rocmfp4_fast m=2048 n=1 k=10752: 30 x 52.042 us = 1561.28 us (846.193 GFLOPS/s)
MUL_MAT_ADD MUL_MAT_VEC q4_0_rocmfp4_fast m=2048 n=1 k=2048: 8 x 12.73 us = 101.84 us (658.803 GFLOPS/s)
MUL_MAT_VEC f32 m=64 n=8 k=64: 16 x 2.087 us = 33.4 us (31.1492 GFLOPS/s)
MUL_MAT_VEC q4_0_rocmfp4_fast m=10752 n=1 k=2048: 60 x 50.81 us = 3048.6 us (866.551 GFLOPS/s)
MUL_MAT_VEC q4_0_rocmfp4_fast m=2048 n=1 k=2048: 30 x 13.728 us = 411.84 us (610.909 GFLOPS/s)
MUL_MAT_VEC q4_0_rocmfp4_fast m=512 n=1 k=2048: 16 x 2.572 us = 41.16 us (815.02 GFLOPS/s)
MUL_MAT_VEC q4_0_rocmfp4_fast m=6144 n=1 k=2048: 22 x 31.694 us = 697.28 us (793.817 GFLOPS/s)
MUL_MAT_VEC q6_K m=128000 n=1 k=2048: 1 x 872 us = 872 us (601.101 GFLOPS/s)
RMS_NORM_MUL RMS_NORM(2048,1,1,1): 61 x 3.724 us = 227.2 us
RMS_NORM_MUL_ROPE RMS_NORM(64,32,1,1): 8 x 3.945 us = 31.56 us
RMS_NORM_MUL_ROPE RMS_NORM(64,8,1,1): 8 x 3.415 us = 27.32 us
SET_ROWS: 16 x 1.937 us = 31 us
SSM_CONV: 22 x 2.303 us = 50.68 us
Total time: 7631.6 us.
----------------
Vulkan Timings:
ADD: 22 x 2.374 us = 52.24 us
CONCAT: 22 x 3.18 us = 69.96 us
CPY: 22 x 2.518 us = 55.4 us
FLASH_ATTN_EXT dst(64,32,1,1),  q(64,1,32,1),  k(64,256,8,1),  v(64,256,8,1),  m(256,1,1,1): 8 x 10.74 us = 85.92 us (195.266 GFLOPS/s)
GET_ROWS: 24 x 2.035 us = 48.84 us
GLU: 30 x 2.597 us = 77.92 us
MUL: 44 x 2.481 us = 109.2 us
MUL_MAT f32 m=64 n=32 k=64: 16 x 2.157 us = 34.52 us (120.554 GFLOPS/s)
MUL_MAT_ADD MUL_MAT_VEC q4_0_rocmfp4_fast m=2048 n=1 k=10752: 30 x 53.962 us = 1618.88 us (816.085 GFLOPS/s)
MUL_MAT_ADD MUL_MAT_VEC q4_0_rocmfp4_fast m=2048 n=1 k=2048: 8 x 12.88 us = 103.04 us (651.13 GFLOPS/s)
MUL_MAT_VEC f32 m=64 n=8 k=64: 16 x 2.14 us = 34.24 us (30.385 GFLOPS/s)
MUL_MAT_VEC q4_0_rocmfp4_fast m=10752 n=1 k=2048: 60 x 52.277 us = 3136.66 us (842.223 GFLOPS/s)
MUL_MAT_VEC q4_0_rocmfp4_fast m=2048 n=1 k=2048: 30 x 13.973 us = 419.2 us (600.183 GFLOPS/s)
MUL_MAT_VEC q4_0_rocmfp4_fast m=512 n=1 k=2048: 16 x 2.595 us = 41.52 us (807.954 GFLOPS/s)
MUL_MAT_VEC q4_0_rocmfp4_fast m=6144 n=1 k=2048: 22 x 31.907 us = 701.96 us (788.525 GFLOPS/s)
MUL_MAT_VEC q6_K m=128000 n=1 k=2048: 1 x 880.72 us = 880.72 us (595.149 GFLOPS/s)
RMS_NORM_MUL RMS_NORM(2048,1,1,1): 61 x 3.938 us = 240.24 us
RMS_NORM_MUL_ROPE RMS_NORM(64,32,1,1): 8 x 3.975 us = 31.8 us
RMS_NORM_MUL_ROPE RMS_NORM(64,8,1,1): 8 x 3.45 us = 27.6 us
SET_ROWS: 16 x 2.125 us = 34 us
SSM_CONV: 22 x 2.363 us = 52 us
Total time: 7855.86 us.
----------------
Vulkan Timings:
ADD: 22 x 2.345 us = 51.6 us
CONCAT: 22 x 2.285 us = 50.28 us
CPY: 22 x 2.39 us = 52.6 us
FLASH_ATTN_EXT dst(64,32,1,1),  q(64,1,32,1),  k(64,256,8,1),  v(64,256,8,1),  m(256,1,1,1): 8 x 10.855 us = 86.84 us (193.197 GFLOPS/s)
GET_ROWS: 24 x 2.661 us = 63.88 us
GLU: 30 x 2.492 us = 74.76 us
MUL: 44 x 2.523 us = 111.04 us
MUL_MAT f32 m=64 n=32 k=64: 16 x 2.132 us = 34.12 us (121.968 GFLOPS/s)
MUL_MAT_ADD MUL_MAT_VEC q4_0_rocmfp4_fast m=2048 n=1 k=10752: 30 x 53.185 us = 1595.56 us (828.013 GFLOPS/s)
MUL_MAT_ADD MUL_MAT_VEC q4_0_rocmfp4_fast m=2048 n=1 k=2048: 8 x 12.7 us = 101.6 us (660.359 GFLOPS/s)
MUL_MAT_VEC f32 m=64 n=8 k=64: 16 x 2.095 us = 33.52 us (31.0377 GFLOPS/s)
MUL_MAT_VEC q4_0_rocmfp4_fast m=10752 n=1 k=2048: 60 x 50.926 us = 3055.6 us (864.566 GFLOPS/s)
MUL_MAT_VEC q4_0_rocmfp4_fast m=2048 n=1 k=2048: 30 x 14.258 us = 427.76 us (588.173 GFLOPS/s)
MUL_MAT_VEC q4_0_rocmfp4_fast m=512 n=1 k=2048: 16 x 2.897 us = 46.36 us (723.603 GFLOPS/s)
MUL_MAT_VEC q4_0_rocmfp4_fast m=6144 n=1 k=2048: 22 x 31.749 us = 698.48 us (792.454 GFLOPS/s)
MUL_MAT_VEC q6_K m=128000 n=1 k=2048: 1 x 879.8 us = 879.8 us (595.772 GFLOPS/s)
RMS_NORM_MUL RMS_NORM(2048,1,1,1): 61 x 4.346 us = 265.12 us
RMS_NORM_MUL_ROPE RMS_NORM(64,32,1,1): 8 x 3.92 us = 31.36 us
RMS_NORM_MUL_ROPE RMS_NORM(64,8,1,1): 8 x 3.415 us = 27.32 us
SET_ROWS: 16 x 1.937 us = 31 us
SSM_CONV: 22 x 2.289 us = 50.36 us
Total time: 7768.96 us.
----------------
Vulkan Timings:
ADD: 22 x 2.309 us = 50.8 us
CONCAT: 22 x 2.3 us = 50.6 us
CPY: 22 x 2.278 us = 50.12 us
FLASH_ATTN_EXT dst(64,32,1,1),  q(64,1,32,1),  k(64,256,8,1),  v(64,256,8,1),  m(256,1,1,1): 8 x 10.74 us = 85.92 us (195.266 GFLOPS/s)
GET_ROWS: 24 x 1.973 us = 47.36 us
GLU: 30 x 2.329 us = 69.88 us
MUL: 44 x 2.432 us = 107.04 us
MUL_MAT f32 m=64 n=32 k=64: 16 x 2.105 us = 33.68 us (123.561 GFLOPS/s)
MUL_MAT_ADD MUL_MAT_VEC q4_0_rocmfp4_fast m=2048 n=1 k=10752: 30 x 52.096 us = 1562.88 us (845.327 GFLOPS/s)
MUL_MAT_ADD MUL_MAT_VEC q4_0_rocmfp4_fast m=2048 n=1 k=2048: 8 x 12.685 us = 101.48 us (661.14 GFLOPS/s)
MUL_MAT_VEC f32 m=64 n=8 k=64: 16 x 2.137 us = 34.2 us (30.4206 GFLOPS/s)
MUL_MAT_VEC q4_0_rocmfp4_fast m=10752 n=1 k=2048: 60 x 50.605 us = 3036.32 us (870.055 GFLOPS/s)
MUL_MAT_VEC q4_0_rocmfp4_fast m=2048 n=1 k=2048: 30 x 13.766 us = 413 us (609.193 GFLOPS/s)
MUL_MAT_VEC q4_0_rocmfp4_fast m=512 n=1 k=2048: 16 x 2.57 us = 41.12 us (815.813 GFLOPS/s)
MUL_MAT_VEC q4_0_rocmfp4_fast m=6144 n=1 k=2048: 22 x 31.656 us = 696.44 us (794.775 GFLOPS/s)
MUL_MAT_VEC q6_K m=128000 n=1 k=2048: 1 x 949.56 us = 949.56 us (552.003 GFLOPS/s)
RMS_NORM_MUL RMS_NORM(2048,1,1,1): 61 x 3.719 us = 226.88 us
RMS_NORM_MUL_ROPE RMS_NORM(64,32,1,1): 8 x 3.925 us = 31.4 us
RMS_NORM_MUL_ROPE RMS_NORM(64,8,1,1): 8 x 3.27 us = 26.16 us
SET_ROWS: 16 x 1.93 us = 30.88 us
SSM_CONV: 22 x 2.301 us = 50.64 us
Total time: 7696.36 us.
----------------
Vulkan Timings:
ADD: 22 x 2.307 us = 50.76 us
CONCAT: 22 x 2.307 us = 50.76 us
CPY: 22 x 2.285 us = 50.28 us
FLASH_ATTN_EXT dst(64,32,1,1),  q(64,1,32,1),  k(64,256,8,1),  v(64,256,8,1),  m(256,1,1,1): 8 x 10.74 us = 85.92 us (195.266 GFLOPS/s)
GET_ROWS: 24 x 1.988 us = 47.72 us
GLU: 30 x 2.298 us = 68.96 us
MUL: 44 x 2.43 us = 106.96 us
MUL_MAT f32 m=64 n=32 k=64: 16 x 2.14 us = 34.24 us (121.54 GFLOPS/s)
MUL_MAT_ADD MUL_MAT_VEC q4_0_rocmfp4_fast m=2048 n=1 k=10752: 30 x 52.734 us = 1582.04 us (835.089 GFLOPS/s)
MUL_MAT_ADD MUL_MAT_VEC q4_0_rocmfp4_fast m=2048 n=1 k=2048: 8 x 12.745 us = 101.96 us (658.027 GFLOPS/s)
MUL_MAT_VEC f32 m=64 n=8 k=64: 16 x 2.092 us = 33.48 us (31.0748 GFLOPS/s)
MUL_MAT_VEC q4_0_rocmfp4_fast m=10752 n=1 k=2048: 60 x 50.992 us = 3059.56 us (863.447 GFLOPS/s)
MUL_MAT_VEC q4_0_rocmfp4_fast m=2048 n=1 k=2048: 30 x 14.054 us = 421.64 us (596.71 GFLOPS/s)
MUL_MAT_VEC q4_0_rocmfp4_fast m=512 n=1 k=2048: 16 x 3.17 us = 50.72 us (661.401 GFLOPS/s)
MUL_MAT_VEC q4_0_rocmfp4_fast m=6144 n=1 k=2048: 22 x 31.734 us = 698.16 us (792.817 GFLOPS/s)
MUL_MAT_VEC q6_K m=128000 n=1 k=2048: 1 x 879.76 us = 879.76 us (595.799 GFLOPS/s)
RMS_NORM_MUL RMS_NORM(2048,1,1,1): 61 x 3.74 us = 228.2 us
RMS_NORM_MUL_ROPE RMS_NORM(64,32,1,1): 8 x 3.935 us = 31.48 us
RMS_NORM_MUL_ROPE RMS_NORM(64,8,1,1): 8 x 3.42 us = 27.36 us
SET_ROWS: 16 x 1.93 us = 30.88 us
SSM_CONV: 22 x 2.305 us = 50.72 us
Total time: 7691.56 us.
----------------
Vulkan Timings:
ADD: 22 x 2.314 us = 50.92 us
CONCAT: 22 x 2.303 us = 50.68 us
CPY: 22 x 2.29 us = 50.4 us
FLASH_ATTN_EXT dst(64,32,1,1),  q(64,1,32,1),  k(64,256,8,1),  v(64,256,8,1),  m(256,1,1,1): 8 x 12.58 us = 100.64 us (166.705 GFLOPS/s)
GET_ROWS: 24 x 2.156 us = 51.76 us
GLU: 30 x 2.357 us = 70.72 us
MUL: 44 x 2.448 us = 107.72 us
MUL_MAT f32 m=64 n=32 k=64: 16 x 2.115 us = 33.84 us (122.977 GFLOPS/s)
MUL_MAT_ADD MUL_MAT_VEC q4_0_rocmfp4_fast m=2048 n=1 k=10752: 30 x 52.273 us = 1568.2 us (842.459 GFLOPS/s)
MUL_MAT_ADD MUL_MAT_VEC q4_0_rocmfp4_fast m=2048 n=1 k=2048: 8 x 12.665 us = 101.32 us (662.184 GFLOPS/s)
MUL_MAT_VEC f32 m=64 n=8 k=64: 16 x 2.137 us = 34.2 us (30.4206 GFLOPS/s)
MUL_MAT_VEC q4_0_rocmfp4_fast m=10752 n=1 k=2048: 60 x 50.973 us = 3058.4 us (863.774 GFLOPS/s)
MUL_MAT_VEC q4_0_rocmfp4_fast m=2048 n=1 k=2048: 30 x 13.796 us = 413.88 us (607.898 GFLOPS/s)
MUL_MAT_VEC q4_0_rocmfp4_fast m=512 n=1 k=2048: 16 x 2.567 us = 41.08 us (816.608 GFLOPS/s)
MUL_MAT_VEC q4_0_rocmfp4_fast m=6144 n=1 k=2048: 22 x 32.081 us = 705.8 us (784.235 GFLOPS/s)
MUL_MAT_VEC q6_K m=128000 n=1 k=2048: 1 x 931.44 us = 931.44 us (562.742 GFLOPS/s)
RMS_NORM_MUL RMS_NORM(2048,1,1,1): 61 x 3.754 us = 229.04 us
RMS_NORM_MUL_ROPE RMS_NORM(64,32,1,1): 8 x 3.91 us = 31.28 us
RMS_NORM_MUL_ROPE RMS_NORM(64,8,1,1): 8 x 3.325 us = 26.6 us
SET_ROWS: 16 x 2.132 us = 34.12 us
SSM_CONV: 22 x 2.303 us = 50.68 us
Total time: 7742.72 us.
----------------
Vulkan Timings:
ADD: 22 x 2.292 us = 50.44 us
CONCAT: 22 x 2.305 us = 50.72 us
CPY: 22 x 2.285 us = 50.28 us
FLASH_ATTN_EXT dst(64,32,1,1),  q(64,1,32,1),  k(64,256,8,1),  v(64,256,8,1),  m(256,1,1,1): 8 x 10.565 us = 84.52 us (198.5 GFLOPS/s)
GET_ROWS: 24 x 1.976 us = 47.44 us
GLU: 30 x 2.322 us = 69.68 us
MUL: 44 x 2.427 us = 106.8 us
MUL_MAT f32 m=64 n=32 k=64: 16 x 2.112 us = 33.8 us (123.122 GFLOPS/s)
MUL_MAT_ADD MUL_MAT_VEC q4_0_rocmfp4_fast m=2048 n=1 k=10752: 30 x 52.1 us = 1563 us (845.262 GFLOPS/s)
MUL_MAT_ADD MUL_MAT_VEC q4_0_rocmfp4_fast m=2048 n=1 k=2048: 8 x 12.635 us = 101.08 us (663.756 GFLOPS/s)
MUL_MAT_VEC f32 m=64 n=8 k=64: 16 x 2.065 us = 33.04 us (31.4886 GFLOPS/s)
MUL_MAT_VEC q4_0_rocmfp4_fast m=10752 n=1 k=2048: 60 x 50.643 us = 3038.6 us (869.402 GFLOPS/s)
MUL_MAT_VEC q4_0_rocmfp4_fast m=2048 n=1 k=2048: 30 x 13.786 us = 413.6 us (608.309 GFLOPS/s)
MUL_MAT_VEC q4_0_rocmfp4_fast m=512 n=1 k=2048: 16 x 2.577 us = 41.24 us (813.439 GFLOPS/s)
MUL_MAT_VEC q4_0_rocmfp4_fast m=6144 n=1 k=2048: 22 x 31.67 us = 696.76 us (794.41 GFLOPS/s)
MUL_MAT_VEC q6_K m=128000 n=1 k=2048: 1 x 876.48 us = 876.48 us (598.028 GFLOPS/s)
RMS_NORM_MUL RMS_NORM(2048,1,1,1): 61 x 3.728 us = 227.44 us
RMS_NORM_MUL_ROPE RMS_NORM(64,32,1,1): 8 x 3.89 us = 31.12 us
RMS_NORM_MUL_ROPE RMS_NORM(64,8,1,1): 8 x 3.39 us = 27.12 us
SET_ROWS: 16 x 2.027 us = 32.44 us
SSM_CONV: 22 x 2.307 us = 50.76 us
Total time: 7626.36 us.
----------------
Vulkan Timings:
ADD: 22 x 2.318 us = 51 us
CONCAT: 22 x 2.292 us = 50.44 us
CPY: 22 x 2.3 us = 50.6 us
FLASH_ATTN_EXT dst(64,32,1,1),  q(64,1,32,1),  k(64,256,8,1),  v(64,256,8,1),  m(256,1,1,1): 8 x 12.06 us = 96.48 us (173.893 GFLOPS/s)
GET_ROWS: 24 x 3.116 us = 74.8 us
GLU: 30 x 2.324 us = 69.72 us
MUL: 44 x 2.441 us = 107.44 us
MUL_MAT f32 m=64 n=32 k=64: 16 x 2.17 us = 34.72 us (119.86 GFLOPS/s)
MUL_MAT_ADD MUL_MAT_VEC q4_0_rocmfp4_fast m=2048 n=1 k=10752: 30 x 52.682 us = 1580.48 us (835.913 GFLOPS/s)
MUL_MAT_ADD MUL_MAT_VEC q4_0_rocmfp4_fast m=2048 n=1 k=2048: 8 x 12.905 us = 103.24 us (649.869 GFLOPS/s)
MUL_MAT_VEC f32 m=64 n=8 k=64: 16 x 2.102 us = 33.64 us (30.927 GFLOPS/s)
MUL_MAT_VEC q4_0_rocmfp4_fast m=10752 n=1 k=2048: 60 x 51.743 us = 3104.6 us (850.92 GFLOPS/s)
MUL_MAT_VEC q4_0_rocmfp4_fast m=2048 n=1 k=2048: 30 x 13.82 us = 414.6 us (606.842 GFLOPS/s)
MUL_MAT_VEC q4_0_rocmfp4_fast m=512 n=1 k=2048: 16 x 2.605 us = 41.68 us (804.852 GFLOPS/s)
MUL_MAT_VEC q4_0_rocmfp4_fast m=6144 n=1 k=2048: 22 x 31.7 us = 697.4 us (793.681 GFLOPS/s)
MUL_MAT_VEC q6_K m=128000 n=1 k=2048: 1 x 880.84 us = 880.84 us (595.068 GFLOPS/s)
RMS_NORM_MUL RMS_NORM(2048,1,1,1): 61 x 3.745 us = 228.48 us
RMS_NORM_MUL_ROPE RMS_NORM(64,32,1,1): 8 x 3.93 us = 31.44 us
RMS_NORM_MUL_ROPE RMS_NORM(64,8,1,1): 8 x 3.585 us = 28.68 us
SET_ROWS: 16 x 2.025 us = 32.4 us
SSM_CONV: 22 x 2.307 us = 50.76 us
Total time: 7763.44 us.
0.18.634.933 I slot print_timing: id  0 | task 67 | prompt eval time =      91.30 ms /   128 tokens (    0.71 ms per token,  1401.94 tokens per second)
0.18.634.937 I slot print_timing: id  0 | task 67 |        eval time =     721.22 ms /    64 tokens (   11.45 ms per token,    87.35 tokens per second)
0.18.634.938 I slot print_timing: id  0 | task 67 |       total time =     812.52 ms /   192 tokens
0.18.634.939 I slot print_timing: id  0 | task 67 |    graphs reused =        125
0.18.634.963 I slot      release: id  0 | task 67 | stop processing: n_tokens = 191, truncated = 0
0.18.639.121 I slot get_availabl: id  0 | task -1 | selected lowest available slot (compact policy)
0.18.639.150 I slot launch_slot_: id  0 | task 133 | processing task, is_child = 0
----------------
Vulkan Timings:
ADD: 58 x 11.377 us = 659.88 us
CONCAT: 22 x 31.81 us = 699.84 us
CPY: 22 x 3.461 us = 76.16 us
FLASH_ATTN_EXT dst(64,32,124,1),  q(64,124,32,1),  k(64,256,8,1),  v(64,256,8,1),  m(256,124,1,1): 8 x 124.65 us = 997.2 us (2086.22 GFLOPS/s)
GET_ROWS: 22 x 2.858 us = 62.88 us
GLU: 29 x 42.093 us = 1220.72 us
MUL: 44 x 11.785 us = 518.56 us
MUL_MAT f32 m=64 n=3968 k=64: 16 x 5.947 us = 95.16 us (5422.77 GFLOPS/s)
MUL_MAT f32 m=64 n=992 k=64: 16 x 3.96 us = 63.36 us (2036.11 GFLOPS/s)
MUL_MAT q4_0_rocmfp4_fast m=10752 n=124 k=2048: 58 x 506.172 us = 29358 us (10786.1 GFLOPS/s)
MUL_MAT q4_0_rocmfp4_fast m=2048 n=124 k=10752: 29 x 672.158 us = 19492.6 us (8124.17 GFLOPS/s)
MUL_MAT q4_0_rocmfp4_fast m=2048 n=124 k=2048: 38 x 117.776 us = 4475.52 us (8829.69 GFLOPS/s)
MUL_MAT q4_0_rocmfp4_fast m=512 n=124 k=2048: 16 x 53.725 us = 859.6 us (4839.15 GFLOPS/s)
MUL_MAT q4_0_rocmfp4_fast m=6144 n=124 k=2048: 22 x 300.821 us = 6618.08 us (10370.9 GFLOPS/s)
RMS_NORM_MUL RMS_NORM(2048,124,1,1): 59 x 10.762 us = 634.96 us
RMS_NORM_MUL_ROPE RMS_NORM(64,32,124,1): 8 x 117.64 us = 941.12 us
RMS_NORM_MUL_ROPE RMS_NORM(64,8,124,1): 8 x 30.225 us = 241.8 us
SCALE: 22 x 4.165 us = 91.64 us
SET_ROWS: 16 x 3.07 us = 49.12 us
SSM_CONV: 22 x 18.243 us = 401.36 us
Total time: 67557.6 us.
----------------
Vulkan Timings:
ADD: 59 x 3.471 us = 204.84 us
CONCAT: 22 x 5.16 us = 113.52 us
CPY: 22 x 5.385 us = 118.48 us
FLASH_ATTN_EXT dst(64,32,4,1),  q(64,4,32,1),  k(64,256,8,1),  v(64,256,8,1),  m(256,4,1,1): 8 x 30.325 us = 242.6 us (276.624 GFLOPS/s)
GET_ROWS: 24 x 4.556 us = 109.36 us
GLU: 30 x 7.096 us = 212.88 us
MUL: 44 x 4.396 us = 193.44 us
MUL_MAT f32 m=64 n=128 k=64: 16 x 4.825 us = 77.2 us (215.624 GFLOPS/s)
MUL_MAT f32 m=64 n=32 k=64: 16 x 3.935 us = 62.96 us (66.0981 GFLOPS/s)
MUL_MAT_ADD MUL_MAT_VEC q4_0_rocmfp4_fast m=2048 n=1 k=10752: 1 x 53.92 us = 53.92 us (816.731 GFLOPS/s)
MUL_MAT_VEC q4_0_rocmfp4_fast m=10752 n=1 k=2048: 2 x 51.3 us = 102.6 us (858.274 GFLOPS/s)
MUL_MAT_VEC q4_0_rocmfp4_fast m=10752 n=4 k=2048: 58 x 145.191 us = 8421.08 us (1213.01 GFLOPS/s)
MUL_MAT_VEC q4_0_rocmfp4_fast m=2048 n=4 k=10752: 29 x 134.337 us = 3895.8 us (1311.26 GFLOPS/s)
MUL_MAT_VEC q4_0_rocmfp4_fast m=2048 n=4 k=2048: 38 x 36.421 us = 1384 us (921.067 GFLOPS/s)
MUL_MAT_VEC q4_0_rocmfp4_fast m=512 n=4 k=2048: 16 x 11.252 us = 180.04 us (745.306 GFLOPS/s)
MUL_MAT_VEC q4_0_rocmfp4_fast m=6144 n=4 k=2048: 22 x 87.758 us = 1930.68 us (1146.77 GFLOPS/s)
MUL_MAT_VEC q6_K m=128000 n=1 k=2048: 1 x 865.16 us = 865.16 us (605.853 GFLOPS/s)
RMS_NORM_MUL RMS_NORM(2048,1,1,1): 2 x 2.3 us = 4.6 us
RMS_NORM_MUL RMS_NORM(2048,4,1,1): 59 x 9.077 us = 535.6 us
RMS_NORM_MUL_ROPE RMS_NORM(64,32,4,1): 8 x 14.19 us = 113.52 us
RMS_NORM_MUL_ROPE RMS_NORM(64,8,4,1): 8 x 6.475 us = 51.8 us
SET_ROWS: 16 x 5.182 us = 82.92 us
SSM_CONV: 22 x 5.123 us = 112.72 us
Total time: 19069.7 us.
----------------
Vulkan Timings:
ADD: 22 x 3.423 us = 75.32 us
CONCAT: 22 x 3.549 us = 78.08 us
CPY: 22 x 3.394 us = 74.68 us
FLASH_ATTN_EXT dst(64,32,1,1),  q(64,1,32,1),  k(64,256,8,1),  v(64,256,8,1),  m(256,1,1,1): 8 x 16.735 us = 133.88 us (125.315 GFLOPS/s)
GET_ROWS: 24 x 2.905 us = 69.72 us
GLU: 30 x 3.454 us = 103.64 us
MUL: 44 x 3.355 us = 147.64 us
MUL_MAT f32 m=64 n=32 k=64: 16 x 2.795 us = 44.72 us (93.0576 GFLOPS/s)
MUL_MAT_ADD MUL_MAT_VEC q4_0_rocmfp4_fast m=2048 n=1 k=10752: 30 x 55.438 us = 1663.16 us (794.358 GFLOPS/s)
MUL_MAT_ADD MUL_MAT_VEC q4_0_rocmfp4_fast m=2048 n=1 k=2048: 8 x 15.4 us = 123.2 us (544.582 GFLOPS/s)
MUL_MAT_VEC f32 m=64 n=8 k=64: 16 x 3.062 us = 49 us (21.2323 GFLOPS/s)
MUL_MAT_VEC q4_0_rocmfp4_fast m=10752 n=1 k=2048: 60 x 54.538 us = 3272.32 us (807.307 GFLOPS/s)
MUL_MAT_VEC q4_0_rocmfp4_fast m=2048 n=1 k=2048: 30 x 15.938 us = 478.16 us (526.177 GFLOPS/s)
MUL_MAT_VEC q4_0_rocmfp4_fast m=512 n=1 k=2048: 16 x 5.097 us = 81.56 us (411.308 GFLOPS/s)
MUL_MAT_VEC q4_0_rocmfp4_fast m=6144 n=1 k=2048: 22 x 35.416 us = 779.16 us (710.397 GFLOPS/s)
MUL_MAT_VEC q6_K m=128000 n=1 k=2048: 1 x 877.96 us = 877.96 us (597.02 GFLOPS/s)
RMS_NORM_MUL RMS_NORM(2048,1,1,1): 61 x 5.75 us = 350.8 us
RMS_NORM_MUL_ROPE RMS_NORM(64,32,1,1): 8 x 5.985 us = 47.88 us
RMS_NORM_MUL_ROPE RMS_NORM(64,8,1,1): 8 x 5.055 us = 40.44 us
SET_ROWS: 16 x 3.255 us = 52.08 us
SSM_CONV: 22 x 3.421 us = 75.28 us
Total time: 8618.68 us.
----------------
Vulkan Timings:
ADD: 22 x 2.901 us = 63.84 us
CONCAT: 22 x 2.738 us = 60.24 us
CPY: 22 x 2.676 us = 58.88 us
FLASH_ATTN_EXT dst(64,32,1,1),  q(64,1,32,1),  k(64,256,8,1),  v(64,256,8,1),  m(256,1,1,1): 8 x 12.895 us = 103.16 us (162.633 GFLOPS/s)
GET_ROWS: 24 x 2.28 us = 54.72 us
GLU: 30 x 2.686 us = 80.6 us
MUL: 44 x 2.925 us = 128.72 us
MUL_MAT f32 m=64 n=32 k=64: 16 x 2.282 us = 36.52 us (113.952 GFLOPS/s)
MUL_MAT_ADD MUL_MAT_VEC q4_0_rocmfp4_fast m=2048 n=1 k=10752: 30 x 53.78 us = 1613.4 us (818.857 GFLOPS/s)
MUL_MAT_ADD MUL_MAT_VEC q4_0_rocmfp4_fast m=2048 n=1 k=2048: 8 x 13.525 us = 108.2 us (620.078 GFLOPS/s)
MUL_MAT_VEC f32 m=64 n=8 k=64: 16 x 2.28 us = 36.48 us (28.5193 GFLOPS/s)
MUL_MAT_VEC q4_0_rocmfp4_fast m=10752 n=1 k=2048: 60 x 52.103 us = 3126.2 us (845.041 GFLOPS/s)
MUL_MAT_VEC q4_0_rocmfp4_fast m=2048 n=1 k=2048: 30 x 15.016 us = 450.48 us (558.508 GFLOPS/s)
MUL_MAT_VEC q4_0_rocmfp4_fast m=512 n=1 k=2048: 16 x 2.975 us = 47.6 us (704.753 GFLOPS/s)
MUL_MAT_VEC q4_0_rocmfp4_fast m=6144 n=1 k=2048: 22 x 33.6 us = 739.2 us (748.8 GFLOPS/s)
MUL_MAT_VEC q6_K m=128000 n=1 k=2048: 1 x 879.24 us = 879.24 us (596.151 GFLOPS/s)
RMS_NORM_MUL RMS_NORM(2048,1,1,1): 61 x 4.677 us = 285.32 us
RMS_NORM_MUL_ROPE RMS_NORM(64,32,1,1): 8 x 4.665 us = 37.32 us
RMS_NORM_MUL_ROPE RMS_NORM(64,8,1,1): 8 x 3.97 us = 31.76 us
SET_ROWS: 16 x 2.392 us = 38.28 us
SSM_CONV: 22 x 2.75 us = 60.52 us
Total time: 8040.68 us.
----------------
Vulkan Timings:
ADD: 22 x 2.312 us = 50.88 us
CONCAT: 22 x 2.336 us = 51.4 us
CPY: 22 x 2.32 us = 51.04 us
FLASH_ATTN_EXT dst(64,32,1,1),  q(64,1,32,1),  k(64,256,8,1),  v(64,256,8,1),  m(256,1,1,1): 8 x 10.285 us = 82.28 us (203.904 GFLOPS/s)
GET_ROWS: 24 x 2.38 us = 57.12 us
GLU: 30 x 2.321 us = 69.64 us
MUL: 44 x 2.449 us = 107.76 us
MUL_MAT f32 m=64 n=32 k=64: 16 x 2.125 us = 34 us (122.398 GFLOPS/s)
MUL_MAT_ADD MUL_MAT_VEC q4_0_rocmfp4_fast m=2048 n=1 k=10752: 30 x 52.245 us = 1567.36 us (842.911 GFLOPS/s)
MUL_MAT_ADD MUL_MAT_VEC q4_0_rocmfp4_fast m=2048 n=1 k=2048: 8 x 12.685 us = 101.48 us (661.14 GFLOPS/s)
MUL_MAT_VEC f32 m=64 n=8 k=64: 16 x 2.105 us = 33.68 us (30.8903 GFLOPS/s)
MUL_MAT_VEC q4_0_rocmfp4_fast m=10752 n=1 k=2048: 60 x 50.936 us = 3056.16 us (864.407 GFLOPS/s)
MUL_MAT_VEC q4_0_rocmfp4_fast m=2048 n=1 k=2048: 30 x 13.845 us = 415.36 us (605.732 GFLOPS/s)
MUL_MAT_VEC q4_0_rocmfp4_fast m=512 n=1 k=2048: 16 x 2.565 us = 41.04 us (817.404 GFLOPS/s)
MUL_MAT_VEC q4_0_rocmfp4_fast m=6144 n=1 k=2048: 22 x 33.169 us = 729.72 us (758.528 GFLOPS/s)
MUL_MAT_VEC q6_K m=128000 n=1 k=2048: 1 x 880.44 us = 880.44 us (595.339 GFLOPS/s)
RMS_NORM_MUL RMS_NORM(2048,1,1,1): 61 x 3.798 us = 231.72 us
RMS_NORM_MUL_ROPE RMS_NORM(64,32,1,1): 8 x 3.915 us = 31.32 us
RMS_NORM_MUL_ROPE RMS_NORM(64,8,1,1): 8 x 3.43 us = 27.44 us
SET_ROWS: 16 x 2.07 us = 33.12 us
SSM_CONV: 22 x 2.318 us = 51 us
Total time: 7703.96 us.
----------------
Vulkan Timings:
ADD: 22 x 2.338 us = 51.44 us
CONCAT: 22 x 2.312 us = 50.88 us
CPY: 22 x 2.29 us = 50.4 us
FLASH_ATTN_EXT dst(64,32,1,1),  q(64,1,32,1),  k(64,256,8,1),  v(64,256,8,1),  m(256,1,1,1): 8 x 10.535 us = 84.28 us (199.065 GFLOPS/s)
GET_ROWS: 24 x 1.996 us = 47.92 us
GLU: 30 x 2.34 us = 70.2 us
MUL: 44 x 2.459 us = 108.2 us
MUL_MAT f32 m=64 n=32 k=64: 16 x 2.115 us = 33.84 us (122.977 GFLOPS/s)
MUL_MAT_ADD MUL_MAT_VEC q4_0_rocmfp4_fast m=2048 n=1 k=10752: 30 x 53.146 us = 1594.4 us (828.615 GFLOPS/s)
MUL_MAT_ADD MUL_MAT_VEC q4_0_rocmfp4_fast m=2048 n=1 k=2048: 8 x 12.785 us = 102.28 us (655.969 GFLOPS/s)
MUL_MAT_VEC f32 m=64 n=8 k=64: 16 x 2.142 us = 34.28 us (30.3496 GFLOPS/s)
MUL_MAT_VEC q4_0_rocmfp4_fast m=10752 n=1 k=2048: 60 x 51.751 us = 3105.08 us (850.789 GFLOPS/s)
MUL_MAT_VEC q4_0_rocmfp4_fast m=2048 n=1 k=2048: 30 x 13.83 us = 414.92 us (606.374 GFLOPS/s)
MUL_MAT_VEC q4_0_rocmfp4_fast m=512 n=1 k=2048: 16 x 2.617 us = 41.88 us (801.009 GFLOPS/s)
MUL_MAT_VEC q4_0_rocmfp4_fast m=6144 n=1 k=2048: 22 x 33.125 us = 728.76 us (759.527 GFLOPS/s)
MUL_MAT_VEC q6_K m=128000 n=1 k=2048: 1 x 879.92 us = 879.92 us (595.691 GFLOPS/s)
RMS_NORM_MUL RMS_NORM(2048,1,1,1): 61 x 3.844 us = 234.52 us
RMS_NORM_MUL_ROPE RMS_NORM(64,32,1,1): 8 x 3.96 us = 31.68 us
RMS_NORM_MUL_ROPE RMS_NORM(64,8,1,1): 8 x 3.295 us = 26.36 us
SET_ROWS: 16 x 2.075 us = 33.2 us
SSM_CONV: 22 x 2.305 us = 50.72 us
Total time: 7775.16 us.
----------------
Vulkan Timings:
ADD: 22 x 2.654 us = 58.4 us
CONCAT: 22 x 2.332 us = 51.32 us
CPY: 22 x 2.292 us = 50.44 us
FLASH_ATTN_EXT dst(64,32,1,1),  q(64,1,32,1),  k(64,256,8,1),  v(64,256,8,1),  m(256,1,1,1): 8 x 10.665 us = 85.32 us (196.639 GFLOPS/s)
GET_ROWS: 24 x 1.993 us = 47.84 us
GLU: 30 x 2.33 us = 69.92 us
MUL: 44 x 2.506 us = 110.28 us
MUL_MAT f32 m=64 n=32 k=64: 16 x 2.107 us = 33.72 us (123.414 GFLOPS/s)
MUL_MAT_ADD MUL_MAT_VEC q4_0_rocmfp4_fast m=2048 n=1 k=10752: 30 x 53.173 us = 1595.2 us (828.2 GFLOPS/s)
MUL_MAT_ADD MUL_MAT_VEC q4_0_rocmfp4_fast m=2048 n=1 k=2048: 8 x 12.92 us = 103.36 us (649.115 GFLOPS/s)
MUL_MAT_VEC f32 m=64 n=8 k=64: 16 x 2.097 us = 33.56 us (31.0007 GFLOPS/s)
MUL_MAT_VEC q4_0_rocmfp4_fast m=10752 n=1 k=2048: 60 x 51.544 us = 3092.68 us (854.2 GFLOPS/s)
MUL_MAT_VEC q4_0_rocmfp4_fast m=2048 n=1 k=2048: 30 x 13.97 us = 419.12 us (600.298 GFLOPS/s)
MUL_MAT_VEC q4_0_rocmfp4_fast m=512 n=1 k=2048: 16 x 2.892 us = 46.28 us (724.854 GFLOPS/s)
MUL_MAT_VEC q4_0_rocmfp4_fast m=6144 n=1 k=2048: 22 x 33.887 us = 745.52 us (742.452 GFLOPS/s)
MUL_MAT_VEC q6_K m=128000 n=1 k=2048: 1 x 894.52 us = 894.52 us (585.968 GFLOPS/s)
RMS_NORM_MUL RMS_NORM(2048,1,1,1): 61 x 4.228 us = 257.96 us
RMS_NORM_MUL_ROPE RMS_NORM(64,32,1,1): 8 x 4.01 us = 32.08 us
RMS_NORM_MUL_ROPE RMS_NORM(64,8,1,1): 8 x 3.475 us = 27.8 us
SET_ROWS: 16 x 1.917 us = 30.68 us
SSM_CONV: 22 x 2.31 us = 50.84 us
Total time: 7836.84 us.
----------------
Vulkan Timings:
ADD: 22 x 2.325 us = 51.16 us
CONCAT: 22 x 2.327 us = 51.2 us
CPY: 22 x 2.305 us = 50.72 us
FLASH_ATTN_EXT dst(64,32,1,1),  q(64,1,32,1),  k(64,256,8,1),  v(64,256,8,1),  m(256,1,1,1): 8 x 10.575 us = 84.6 us (198.312 GFLOPS/s)
GET_ROWS: 24 x 2 us = 48 us
GLU: 30 x 2.344 us = 70.32 us
MUL: 44 x 2.455 us = 108.04 us
MUL_MAT f32 m=64 n=32 k=64: 16 x 2.145 us = 34.32 us (121.257 GFLOPS/s)
MUL_MAT_ADD MUL_MAT_VEC q4_0_rocmfp4_fast m=2048 n=1 k=10752: 30 x 52.986 us = 1589.6 us (831.117 GFLOPS/s)
MUL_MAT_ADD MUL_MAT_VEC q4_0_rocmfp4_fast m=2048 n=1 k=2048: 8 x 12.585 us = 100.68 us (666.393 GFLOPS/s)
MUL_MAT_VEC f32 m=64 n=8 k=64: 16 x 2.09 us = 33.44 us (31.112 GFLOPS/s)
MUL_MAT_VEC q4_0_rocmfp4_fast m=10752 n=1 k=2048: 60 x 51.654 us = 3099.24 us (852.392 GFLOPS/s)
MUL_MAT_VEC q4_0_rocmfp4_fast m=2048 n=1 k=2048: 30 x 13.809 us = 414.28 us (607.311 GFLOPS/s)
MUL_MAT_VEC q4_0_rocmfp4_fast m=512 n=1 k=2048: 16 x 2.602 us = 41.64 us (805.625 GFLOPS/s)
MUL_MAT_VEC q4_0_rocmfp4_fast m=6144 n=1 k=2048: 22 x 32.85 us = 722.72 us (765.875 GFLOPS/s)
MUL_MAT_VEC q6_K m=128000 n=1 k=2048: 1 x 872.32 us = 872.32 us (600.88 GFLOPS/s)
RMS_NORM_MUL RMS_NORM(2048,1,1,1): 61 x 3.656 us = 223.04 us
RMS_NORM_MUL_ROPE RMS_NORM(64,32,1,1): 8 x 3.9 us = 31.2 us
RMS_NORM_MUL_ROPE RMS_NORM(64,8,1,1): 8 x 3.43 us = 27.44 us
SET_ROWS: 16 x 1.94 us = 31.04 us
SSM_CONV: 22 x 2.336 us = 51.4 us
Total time: 7736.4 us.
----------------
Vulkan Timings:
ADD: 22 x 2.403 us = 52.88 us
CONCAT: 22 x 2.376 us = 52.28 us
CPY: 22 x 2.669 us = 58.72 us
FLASH_ATTN_EXT dst(64,32,1,1),  q(64,1,32,1),  k(64,256,8,1),  v(64,256,8,1),  m(256,1,1,1): 8 x 10.69 us = 85.52 us (196.179 GFLOPS/s)
GET_ROWS: 24 x 1.976 us = 47.44 us
GLU: 30 x 2.316 us = 69.48 us
MUL: 44 x 2.462 us = 108.36 us
MUL_MAT f32 m=64 n=32 k=64: 16 x 2.107 us = 33.72 us (123.414 GFLOPS/s)
MUL_MAT_ADD MUL_MAT_VEC q4_0_rocmfp4_fast m=2048 n=1 k=10752: 30 x 52.15 us = 1564.52 us (844.441 GFLOPS/s)
MUL_MAT_ADD MUL_MAT_VEC q4_0_rocmfp4_fast m=2048 n=1 k=2048: 8 x 12.795 us = 102.36 us (655.456 GFLOPS/s)
MUL_MAT_VEC f32 m=64 n=8 k=64: 16 x 2.085 us = 33.36 us (31.1866 GFLOPS/s)
MUL_MAT_VEC q4_0_rocmfp4_fast m=10752 n=1 k=2048: 60 x 51.136 us = 3068.2 us (861.015 GFLOPS/s)
MUL_MAT_VEC q4_0_rocmfp4_fast m=2048 n=1 k=2048: 30 x 14.068 us = 422.04 us (596.144 GFLOPS/s)
MUL_MAT_VEC q4_0_rocmfp4_fast m=512 n=1 k=2048: 16 x 2.577 us = 41.24 us (813.439 GFLOPS/s)
MUL_MAT_VEC q4_0_rocmfp4_fast m=6144 n=1 k=2048: 22 x 31.785 us = 699.28 us (791.547 GFLOPS/s)
MUL_MAT_VEC q6_K m=128000 n=1 k=2048: 1 x 879.84 us = 879.84 us (595.745 GFLOPS/s)
RMS_NORM_MUL RMS_NORM(2048,1,1,1): 61 x 3.917 us = 238.96 us
RMS_NORM_MUL_ROPE RMS_NORM(64,32,1,1): 8 x 3.945 us = 31.56 us
RMS_NORM_MUL_ROPE RMS_NORM(64,8,1,1): 8 x 3.415 us = 27.32 us
SET_ROWS: 16 x 2.02 us = 32.32 us
SSM_CONV: 22 x 2.294 us = 50.48 us
Total time: 7699.88 us.
----------------
Vulkan Timings:
ADD: 22 x 2.318 us = 51 us
CONCAT: 22 x 2.945 us = 64.8 us
CPY: 22 x 3.412 us = 75.08 us
FLASH_ATTN_EXT dst(64,32,1,1),  q(64,1,32,1),  k(64,256,8,1),  v(64,256,8,1),  m(256,1,1,1): 8 x 10.48 us = 83.84 us (200.11 GFLOPS/s)
GET_ROWS: 24 x 2.426 us = 58.24 us
GLU: 30 x 2.338 us = 70.16 us
MUL: 44 x 2.455 us = 108.04 us
MUL_MAT f32 m=64 n=32 k=64: 16 x 2.102 us = 33.64 us (123.708 GFLOPS/s)
MUL_MAT_ADD MUL_MAT_VEC q4_0_rocmfp4_fast m=2048 n=1 k=10752: 30 x 52.43 us = 1572.92 us (839.931 GFLOPS/s)
MUL_MAT_ADD MUL_MAT_VEC q4_0_rocmfp4_fast m=2048 n=1 k=2048: 8 x 12.75 us = 102 us (657.769 GFLOPS/s)
MUL_MAT_VEC f32 m=64 n=8 k=64: 16 x 2.1 us = 33.6 us (30.9638 GFLOPS/s)
MUL_MAT_VEC q4_0_rocmfp4_fast m=10752 n=1 k=2048: 60 x 51.061 us = 3063.68 us (862.285 GFLOPS/s)
MUL_MAT_VEC q4_0_rocmfp4_fast m=2048 n=1 k=2048: 30 x 13.816 us = 414.48 us (607.018 GFLOPS/s)
MUL_MAT_VEC q4_0_rocmfp4_fast m=512 n=1 k=2048: 16 x 2.542 us = 40.68 us (824.637 GFLOPS/s)
MUL_MAT_VEC q4_0_rocmfp4_fast m=6144 n=1 k=2048: 22 x 32.254 us = 709.6 us (780.035 GFLOPS/s)
MUL_MAT_VEC q6_K m=128000 n=1 k=2048: 1 x 879.72 us = 879.72 us (595.826 GFLOPS/s)
RMS_NORM_MUL RMS_NORM(2048,1,1,1): 61 x 3.685 us = 224.84 us
RMS_NORM_MUL_ROPE RMS_NORM(64,32,1,1): 8 x 3.89 us = 31.12 us
RMS_NORM_MUL_ROPE RMS_NORM(64,8,1,1): 8 x 3.39 us = 27.12 us
SET_ROWS: 16 x 1.987 us = 31.8 us
SSM_CONV: 22 x 2.867 us = 63.08 us
Total time: 7739.44 us.
----------------
Vulkan Timings:
ADD: 22 x 2.285 us = 50.28 us
CONCAT: 22 x 2.469 us = 54.32 us
CPY: 22 x 2.263 us = 49.8 us
FLASH_ATTN_EXT dst(64,32,1,1),  q(64,1,32,1),  k(64,256,8,1),  v(64,256,8,1),  m(256,1,1,1): 8 x 10.62 us = 84.96 us (197.472 GFLOPS/s)
GET_ROWS: 24 x 2.063 us = 49.52 us
GLU: 30 x 2.329 us = 69.88 us
MUL: 44 x 2.523 us = 111.04 us
MUL_MAT f32 m=64 n=32 k=64: 16 x 2.11 us = 33.76 us (123.268 GFLOPS/s)
MUL_MAT_ADD MUL_MAT_VEC q4_0_rocmfp4_fast m=2048 n=1 k=10752: 30 x 52.036 us = 1561.08 us (846.301 GFLOPS/s)
MUL_MAT_ADD MUL_MAT_VEC q4_0_rocmfp4_fast m=2048 n=1 k=2048: 8 x 12.86 us = 102.88 us (652.143 GFLOPS/s)
MUL_MAT_VEC f32 m=64 n=8 k=64: 16 x 2.072 us = 33.16 us (31.3747 GFLOPS/s)
MUL_MAT_VEC q4_0_rocmfp4_fast m=10752 n=1 k=2048: 60 x 50.936 us = 3056.16 us (864.407 GFLOPS/s)
MUL_MAT_VEC q4_0_rocmfp4_fast m=2048 n=1 k=2048: 30 x 13.781 us = 413.44 us (608.545 GFLOPS/s)
MUL_MAT_VEC q4_0_rocmfp4_fast m=512 n=1 k=2048: 16 x 2.565 us = 41.04 us (817.404 GFLOPS/s)
MUL_MAT_VEC q4_0_rocmfp4_fast m=6144 n=1 k=2048: 22 x 32.405 us = 712.92 us (776.403 GFLOPS/s)
MUL_MAT_VEC q6_K m=128000 n=1 k=2048: 1 x 882.12 us = 882.12 us (594.205 GFLOPS/s)
RMS_NORM_MUL RMS_NORM(2048,1,1,1): 61 x 3.75 us = 228.8 us
RMS_NORM_MUL_ROPE RMS_NORM(64,32,1,1): 8 x 3.905 us = 31.24 us
RMS_NORM_MUL_ROPE RMS_NORM(64,8,1,1): 8 x 3.4 us = 27.2 us
SET_ROWS: 16 x 1.985 us = 31.76 us
SSM_CONV: 22 x 2.332 us = 51.32 us
Total time: 7676.68 us.
----------------
Vulkan Timings:
ADD: 22 x 2.31 us = 50.84 us
CONCAT: 22 x 2.35 us = 51.72 us
CPY: 22 x 2.787 us = 61.32 us
FLASH_ATTN_EXT dst(64,32,1,1),  q(64,1,32,1),  k(64,256,8,1),  v(64,256,8,1),  m(256,1,1,1): 8 x 10.55 us = 84.4 us (198.782 GFLOPS/s)
GET_ROWS: 24 x 2.011 us = 48.28 us
GLU: 30 x 2.522 us = 75.68 us
MUL: 44 x 2.43 us = 106.92 us
MUL_MAT f32 m=64 n=32 k=64: 16 x 2.115 us = 33.84 us (122.977 GFLOPS/s)
MUL_MAT_ADD MUL_MAT_VEC q4_0_rocmfp4_fast m=2048 n=1 k=10752: 30 x 52.873 us = 1586.2 us (832.899 GFLOPS/s)
MUL_MAT_ADD MUL_MAT_VEC q4_0_rocmfp4_fast m=2048 n=1 k=2048: 8 x 12.77 us = 102.16 us (656.739 GFLOPS/s)
MUL_MAT_VEC f32 m=64 n=8 k=64: 16 x 2.087 us = 33.4 us (31.1492 GFLOPS/s)
MUL_MAT_VEC q4_0_rocmfp4_fast m=10752 n=1 k=2048: 60 x 50.97 us = 3058.24 us (863.819 GFLOPS/s)
MUL_MAT_VEC q4_0_rocmfp4_fast m=2048 n=1 k=2048: 30 x 13.848 us = 415.44 us (605.615 GFLOPS/s)
MUL_MAT_VEC q4_0_rocmfp4_fast m=512 n=1 k=2048: 16 x 2.882 us = 46.12 us (727.369 GFLOPS/s)
MUL_MAT_VEC q4_0_rocmfp4_fast m=6144 n=1 k=2048: 22 x 32.218 us = 708.8 us (780.916 GFLOPS/s)
MUL_MAT_VEC q6_K m=128000 n=1 k=2048: 1 x 880.92 us = 880.92 us (595.014 GFLOPS/s)
RMS_NORM_MUL RMS_NORM(2048,1,1,1): 61 x 3.81 us = 232.44 us
RMS_NORM_MUL_ROPE RMS_NORM(64,32,1,1): 8 x 5.87 us = 46.96 us
RMS_NORM_MUL_ROPE RMS_NORM(64,8,1,1): 8 x 3.42 us = 27.36 us
SET_ROWS: 16 x 1.985 us = 31.76 us
SSM_CONV: 22 x 3.194 us = 70.28 us
Total time: 7753.08 us.
----------------
Vulkan Timings:
ADD: 22 x 2.312 us = 50.88 us
CONCAT: 22 x 2.332 us = 51.32 us
CPY: 22 x 2.31 us = 50.84 us
FLASH_ATTN_EXT dst(64,32,1,1),  q(64,1,32,1),  k(64,256,8,1),  v(64,256,8,1),  m(256,1,1,1): 8 x 10.56 us = 84.48 us (198.594 GFLOPS/s)
GET_ROWS: 24 x 2.01 us = 48.24 us
GLU: 30 x 2.346 us = 70.4 us
MUL: 44 x 2.438 us = 107.28 us
MUL_MAT f32 m=64 n=32 k=64: 16 x 2.12 us = 33.92 us (122.687 GFLOPS/s)
MUL_MAT_ADD MUL_MAT_VEC q4_0_rocmfp4_fast m=2048 n=1 k=10752: 30 x 53.04 us = 1591.2 us (830.282 GFLOPS/s)
MUL_MAT_ADD MUL_MAT_VEC q4_0_rocmfp4_fast m=2048 n=1 k=2048: 8 x 12.76 us = 102.08 us (657.254 GFLOPS/s)
MUL_MAT_VEC f32 m=64 n=8 k=64: 16 x 2.08 us = 33.28 us (31.2615 GFLOPS/s)
MUL_MAT_VEC q4_0_rocmfp4_fast m=10752 n=1 k=2048: 60 x 51.174 us = 3070.44 us (860.387 GFLOPS/s)
MUL_MAT_VEC q4_0_rocmfp4_fast m=2048 n=1 k=2048: 30 x 13.821 us = 414.64 us (606.784 GFLOPS/s)
MUL_MAT_VEC q4_0_rocmfp4_fast m=512 n=1 k=2048: 16 x 2.592 us = 41.48 us (808.733 GFLOPS/s)
MUL_MAT_VEC q4_0_rocmfp4_fast m=6144 n=1 k=2048: 22 x 31.649 us = 696.28 us (794.957 GFLOPS/s)
MUL_MAT_VEC q6_K m=128000 n=1 k=2048: 1 x 880.68 us = 880.68 us (595.176 GFLOPS/s)
RMS_NORM_MUL RMS_NORM(2048,1,1,1): 61 x 3.653 us = 222.84 us
RMS_NORM_MUL_ROPE RMS_NORM(64,32,1,1): 8 x 3.905 us = 31.24 us
RMS_NORM_MUL_ROPE RMS_NORM(64,8,1,1): 8 x 3.405 us = 27.24 us
SET_ROWS: 16 x 1.995 us = 31.92 us
SSM_CONV: 22 x 2.32 us = 51.04 us
Total time: 7691.72 us.
----------------
Vulkan Timings:
ADD: 22 x 2.329 us = 51.24 us
CONCAT: 22 x 2.307 us = 50.76 us
CPY: 22 x 2.281 us = 50.2 us
FLASH_ATTN_EXT dst(64,32,1,1),  q(64,1,32,1),  k(64,256,8,1),  v(64,256,8,1),  m(256,1,1,1): 8 x 11.21 us = 89.68 us (187.079 GFLOPS/s)
GET_ROWS: 24 x 2.935 us = 70.44 us
GLU: 30 x 2.313 us = 69.4 us
MUL: 44 x 2.429 us = 106.88 us
MUL_MAT f32 m=64 n=32 k=64: 16 x 2.155 us = 34.48 us (120.694 GFLOPS/s)
MUL_MAT_ADD MUL_MAT_VEC q4_0_rocmfp4_fast m=2048 n=1 k=10752: 30 x 52.766 us = 1583 us (834.583 GFLOPS/s)
MUL_MAT_ADD MUL_MAT_VEC q4_0_rocmfp4_fast m=2048 n=1 k=2048: 8 x 13.005 us = 104.04 us (644.872 GFLOPS/s)
MUL_MAT_VEC f32 m=64 n=8 k=64: 16 x 2.14 us = 34.24 us (30.385 GFLOPS/s)
MUL_MAT_VEC q4_0_rocmfp4_fast m=10752 n=1 k=2048: 60 x 51.768 us = 3106.08 us (850.515 GFLOPS/s)
MUL_MAT_VEC q4_0_rocmfp4_fast m=2048 n=1 k=2048: 30 x 13.798 us = 413.96 us (607.78 GFLOPS/s)
MUL_MAT_VEC q4_0_rocmfp4_fast m=512 n=1 k=2048: 16 x 2.585 us = 41.36 us (811.079 GFLOPS/s)
MUL_MAT_VEC q4_0_rocmfp4_fast m=6144 n=1 k=2048: 22 x 32.687 us = 719.12 us (769.709 GFLOPS/s)
MUL_MAT_VEC q6_K m=128000 n=1 k=2048: 1 x 881.48 us = 881.48 us (594.636 GFLOPS/s)
RMS_NORM_MUL RMS_NORM(2048,1,1,1): 61 x 3.904 us = 238.16 us
RMS_NORM_MUL_ROPE RMS_NORM(64,32,1,1): 8 x 3.945 us = 31.56 us
RMS_NORM_MUL_ROPE RMS_NORM(64,8,1,1): 8 x 3.42 us = 27.36 us
SET_ROWS: 16 x 2.057 us = 32.92 us
SSM_CONV: 22 x 2.301 us = 50.64 us
Total time: 7787 us.
----------------
Vulkan Timings:
ADD: 22 x 2.421 us = 53.28 us
CONCAT: 22 x 2.967 us = 65.28 us
CPY: 22 x 2.298 us = 50.56 us
FLASH_ATTN_EXT dst(64,32,1,1),  q(64,1,32,1),  k(64,256,8,1),  v(64,256,8,1),  m(256,1,1,1): 8 x 10.63 us = 85.04 us (197.286 GFLOPS/s)
GET_ROWS: 24 x 2.053 us = 49.28 us
GLU: 30 x 2.892 us = 86.76 us
MUL: 44 x 2.583 us = 113.68 us
MUL_MAT f32 m=64 n=32 k=64: 16 x 2.127 us = 34.04 us (122.254 GFLOPS/s)
MUL_MAT_ADD MUL_MAT_VEC q4_0_rocmfp4_fast m=2048 n=1 k=10752: 30 x 52.445 us = 1573.36 us (839.696 GFLOPS/s)
MUL_MAT_ADD MUL_MAT_VEC q4_0_rocmfp4_fast m=2048 n=1 k=2048: 8 x 12.975 us = 103.8 us (646.363 GFLOPS/s)
MUL_MAT_VEC f32 m=64 n=8 k=64: 16 x 1.997 us = 31.96 us (32.5527 GFLOPS/s)
MUL_MAT_VEC q4_0_rocmfp4_fast m=10752 n=1 k=2048: 60 x 51.593 us = 3095.6 us (853.394 GFLOPS/s)
MUL_MAT_VEC q4_0_rocmfp4_fast m=2048 n=1 k=2048: 30 x 13.77 us = 413.12 us (609.016 GFLOPS/s)
MUL_MAT_VEC q4_0_rocmfp4_fast m=512 n=1 k=2048: 16 x 2.607 us = 41.72 us (804.081 GFLOPS/s)
MUL_MAT_VEC q4_0_rocmfp4_fast m=6144 n=1 k=2048: 22 x 31.867 us = 701.08 us (789.515 GFLOPS/s)
MUL_MAT_VEC q6_K m=128000 n=1 k=2048: 1 x 881.52 us = 881.52 us (594.609 GFLOPS/s)
RMS_NORM_MUL RMS_NORM(2048,1,1,1): 61 x 3.95 us = 240.96 us
RMS_NORM_MUL_ROPE RMS_NORM(64,32,1,1): 8 x 3.925 us = 31.4 us
RMS_NORM_MUL_ROPE RMS_NORM(64,8,1,1): 8 x 3.51 us = 28.08 us
SET_ROWS: 16 x 2.077 us = 33.24 us
SSM_CONV: 22 x 2.316 us = 50.96 us
Total time: 7764.72 us.
----------------
Vulkan Timings:
ADD: 22 x 2.296 us = 50.52 us
CONCAT: 22 x 2.312 us = 50.88 us
CPY: 22 x 2.281 us = 50.2 us
FLASH_ATTN_EXT dst(64,32,1,1),  q(64,1,32,1),  k(64,256,8,1),  v(64,256,8,1),  m(256,1,1,1): 8 x 10.355 us = 82.84 us (202.526 GFLOPS/s)
GET_ROWS: 24 x 1.993 us = 47.84 us
GLU: 30 x 2.317 us = 69.52 us
MUL: 44 x 2.432 us = 107.04 us
MUL_MAT f32 m=64 n=32 k=64: 16 x 2.11 us = 33.76 us (123.268 GFLOPS/s)
MUL_MAT_ADD MUL_MAT_VEC q4_0_rocmfp4_fast m=2048 n=1 k=10752: 30 x 52.998 us = 1589.96 us (830.929 GFLOPS/s)
MUL_MAT_ADD MUL_MAT_VEC q4_0_rocmfp4_fast m=2048 n=1 k=2048: 8 x 12.63 us = 101.04 us (664.019 GFLOPS/s)
MUL_MAT_VEC f32 m=64 n=8 k=64: 16 x 2.085 us = 33.36 us (31.1866 GFLOPS/s)
MUL_MAT_VEC q4_0_rocmfp4_fast m=10752 n=1 k=2048: 60 x 52.065 us = 3123.92 us (845.658 GFLOPS/s)
MUL_MAT_VEC q4_0_rocmfp4_fast m=2048 n=1 k=2048: 30 x 13.857 us = 415.72 us (605.207 GFLOPS/s)
MUL_MAT_VEC q4_0_rocmfp4_fast m=512 n=1 k=2048: 16 x 2.597 us = 41.56 us (807.176 GFLOPS/s)
MUL_MAT_VEC q4_0_rocmfp4_fast m=6144 n=1 k=2048: 22 x 32.714 us = 719.72 us (769.067 GFLOPS/s)
MUL_MAT_VEC q6_K m=128000 n=1 k=2048: 1 x 880.36 us = 880.36 us (595.393 GFLOPS/s)
RMS_NORM_MUL RMS_NORM(2048,1,1,1): 61 x 3.68 us = 224.52 us
RMS_NORM_MUL_ROPE RMS_NORM(64,32,1,1): 8 x 3.905 us = 31.24 us
RMS_NORM_MUL_ROPE RMS_NORM(64,8,1,1): 8 x 3.435 us = 27.48 us
SET_ROWS: 16 x 2.067 us = 33.08 us
SSM_CONV: 22 x 2.303 us = 50.68 us
Total time: 7765.24 us.
----------------
Vulkan Timings:
ADD: 22 x 2.39 us = 52.6 us
CONCAT: 22 x 2.4 us = 52.8 us
CPY: 22 x 2.505 us = 55.12 us
FLASH_ATTN_EXT dst(64,32,1,1),  q(64,1,32,1),  k(64,256,8,1),  v(64,256,8,1),  m(256,1,1,1): 8 x 10.49 us = 83.92 us (199.919 GFLOPS/s)
GET_ROWS: 24 x 2.061 us = 49.48 us
GLU: 30 x 2.408 us = 72.24 us
MUL: 44 x 2.639 us = 116.12 us
MUL_MAT f32 m=64 n=32 k=64: 16 x 2.192 us = 35.08 us (118.63 GFLOPS/s)
MUL_MAT_ADD MUL_MAT_VEC q4_0_rocmfp4_fast m=2048 n=1 k=10752: 30 x 56.28 us = 1688.4 us (782.483 GFLOPS/s)
MUL_MAT_ADD MUL_MAT_VEC q4_0_rocmfp4_fast m=2048 n=1 k=2048: 8 x 12.845 us = 102.76 us (652.905 GFLOPS/s)
MUL_MAT_VEC f32 m=64 n=8 k=64: 16 x 2.137 us = 34.2 us (30.4206 GFLOPS/s)
MUL_MAT_VEC q4_0_rocmfp4_fast m=10752 n=1 k=2048: 60 x 55.97 us = 3358.24 us (786.652 GFLOPS/s)
MUL_MAT_VEC q4_0_rocmfp4_fast m=2048 n=1 k=2048: 30 x 14.465 us = 433.96 us (579.77 GFLOPS/s)
MUL_MAT_VEC q4_0_rocmfp4_fast m=512 n=1 k=2048: 16 x 2.572 us = 41.16 us (815.02 GFLOPS/s)
MUL_MAT_VEC q4_0_rocmfp4_fast m=6144 n=1 k=2048: 22 x 32.54 us = 715.88 us (773.192 GFLOPS/s)
MUL_MAT_VEC q6_K m=128000 n=1 k=2048: 1 x 880.68 us = 880.68 us (595.176 GFLOPS/s)
RMS_NORM_MUL RMS_NORM(2048,1,1,1): 61 x 3.974 us = 242.44 us
RMS_NORM_MUL_ROPE RMS_NORM(64,32,1,1): 8 x 3.955 us = 31.64 us
RMS_NORM_MUL_ROPE RMS_NORM(64,8,1,1): 8 x 3.48 us = 27.84 us
SET_ROWS: 16 x 2.152 us = 34.44 us
SSM_CONV: 22 x 2.51 us = 55.24 us
Total time: 8164.24 us.
----------------
Vulkan Timings:
ADD: 22 x 2.394 us = 52.68 us
CONCAT: 22 x 2.925 us = 64.36 us
CPY: 22 x 2.389 us = 52.56 us
FLASH_ATTN_EXT dst(64,32,1,1),  q(64,1,32,1),  k(64,256,8,1),  v(64,256,8,1),  m(256,1,1,1): 8 x 10.595 us = 84.76 us (197.938 GFLOPS/s)
GET_ROWS: 24 x 2.256 us = 54.16 us
GLU: 30 x 2.428 us = 72.84 us
MUL: 44 x 2.584 us = 113.72 us
MUL_MAT f32 m=64 n=32 k=64: 16 x 2.222 us = 35.56 us (117.029 GFLOPS/s)
MUL_MAT_ADD MUL_MAT_VEC q4_0_rocmfp4_fast m=2048 n=1 k=10752: 30 x 55.322 us = 1659.66 us (796.033 GFLOPS/s)
MUL_MAT_ADD MUL_MAT_VEC q4_0_rocmfp4_fast m=2048 n=1 k=2048: 8 x 12.745 us = 101.96 us (658.027 GFLOPS/s)
MUL_MAT_VEC f32 m=64 n=8 k=64: 16 x 2.13 us = 34.08 us (30.5277 GFLOPS/s)
MUL_MAT_VEC q4_0_rocmfp4_fast m=10752 n=1 k=2048: 60 x 51.403 us = 3084.2 us (856.548 GFLOPS/s)
MUL_MAT_VEC q4_0_rocmfp4_fast m=2048 n=1 k=2048: 30 x 13.882 us = 416.48 us (604.103 GFLOPS/s)
MUL_MAT_VEC q4_0_rocmfp4_fast m=512 n=1 k=2048: 16 x 2.602 us = 41.64 us (805.625 GFLOPS/s)
MUL_MAT_VEC q4_0_rocmfp4_fast m=6144 n=1 k=2048: 22 x 31.934 us = 702.56 us (787.852 GFLOPS/s)
MUL_MAT_VEC q6_K m=128000 n=1 k=2048: 1 x 881.12 us = 881.12 us (594.879 GFLOPS/s)
RMS_NORM_MUL RMS_NORM(2048,1,1,1): 61 x 3.757 us = 229.2 us
RMS_NORM_MUL_ROPE RMS_NORM(64,32,1,1): 8 x 3.89 us = 31.12 us
RMS_NORM_MUL_ROPE RMS_NORM(64,8,1,1): 8 x 3.46 us = 27.68 us
SET_ROWS: 16 x 1.987 us = 31.8 us
SSM_CONV: 22 x 2.421 us = 53.28 us
Total time: 7825.42 us.
----------------
Vulkan Timings:
ADD: 22 x 2.363 us = 52 us
CONCAT: 22 x 2.369 us = 52.12 us
CPY: 22 x 2.367 us = 52.08 us
FLASH_ATTN_EXT dst(64,32,1,1),  q(64,1,32,1),  k(64,256,8,1),  v(64,256,8,1),  m(256,1,1,1): 8 x 10.49 us = 83.92 us (199.919 GFLOPS/s)
GET_ROWS: 24 x 2.755 us = 66.12 us
GLU: 30 x 2.38 us = 71.4 us
MUL: 44 x 2.502 us = 110.12 us
MUL_MAT f32 m=64 n=32 k=64: 16 x 2.172 us = 34.76 us (119.722 GFLOPS/s)
MUL_MAT_ADD MUL_MAT_VEC q4_0_rocmfp4_fast m=2048 n=1 k=10752: 30 x 52.926 us = 1587.8 us (832.06 GFLOPS/s)
MUL_MAT_ADD MUL_MAT_VEC q4_0_rocmfp4_fast m=2048 n=1 k=2048: 8 x 12.855 us = 102.84 us (652.397 GFLOPS/s)
MUL_MAT_VEC f32 m=64 n=8 k=64: 16 x 2.107 us = 33.72 us (30.8536 GFLOPS/s)
MUL_MAT_VEC q4_0_rocmfp4_fast m=10752 n=1 k=2048: 60 x 50.963 us = 3057.8 us (863.943 GFLOPS/s)
MUL_MAT_VEC q4_0_rocmfp4_fast m=2048 n=1 k=2048: 30 x 13.842 us = 415.28 us (605.849 GFLOPS/s)
MUL_MAT_VEC q4_0_rocmfp4_fast m=512 n=1 k=2048: 16 x 2.562 us = 41 us (818.201 GFLOPS/s)
MUL_MAT_VEC q4_0_rocmfp4_fast m=6144 n=1 k=2048: 22 x 32.261 us = 709.76 us (779.859 GFLOPS/s)
MUL_MAT_VEC q6_K m=128000 n=1 k=2048: 1 x 902.28 us = 902.28 us (580.928 GFLOPS/s)
RMS_NORM_MUL RMS_NORM(2048,1,1,1): 61 x 3.758 us = 229.24 us
RMS_NORM_MUL_ROPE RMS_NORM(64,32,1,1): 8 x 3.86 us = 30.88 us
RMS_NORM_MUL_ROPE RMS_NORM(64,8,1,1): 8 x 3.475 us = 27.8 us
SET_ROWS: 16 x 2.065 us = 33.04 us
SSM_CONV: 22 x 2.363 us = 52 us
Total time: 7745.96 us.
----------------
Vulkan Timings:
ADD: 22 x 2.305 us = 50.72 us
CONCAT: 22 x 2.316 us = 50.96 us
CPY: 22 x 2.303 us = 50.68 us
FLASH_ATTN_EXT dst(64,32,1,1),  q(64,1,32,1),  k(64,256,8,1),  v(64,256,8,1),  m(256,1,1,1): 8 x 10.465 us = 83.72 us (200.397 GFLOPS/s)
GET_ROWS: 24 x 2.006 us = 48.16 us
GLU: 30 x 2.992 us = 89.76 us
MUL: 44 x 2.45 us = 107.84 us
MUL_MAT f32 m=64 n=32 k=64: 16 x 2.135 us = 34.16 us (121.825 GFLOPS/s)
MUL_MAT_ADD MUL_MAT_VEC q4_0_rocmfp4_fast m=2048 n=1 k=10752: 30 x 53.977 us = 1619.32 us (815.864 GFLOPS/s)
MUL_MAT_ADD MUL_MAT_VEC q4_0_rocmfp4_fast m=2048 n=1 k=2048: 8 x 12.73 us = 101.84 us (658.803 GFLOPS/s)
MUL_MAT_VEC f32 m=64 n=8 k=64: 16 x 2.082 us = 33.32 us (31.224 GFLOPS/s)
MUL_MAT_VEC q4_0_rocmfp4_fast m=10752 n=1 k=2048: 60 x 51.527 us = 3091.64 us (854.487 GFLOPS/s)
MUL_MAT_VEC q4_0_rocmfp4_fast m=2048 n=1 k=2048: 30 x 14.121 us = 423.64 us (593.893 GFLOPS/s)
MUL_MAT_VEC q4_0_rocmfp4_fast m=512 n=1 k=2048: 16 x 3.077 us = 49.24 us (681.28 GFLOPS/s)
MUL_MAT_VEC q4_0_rocmfp4_fast m=6144 n=1 k=2048: 22 x 32.767 us = 720.88 us (767.83 GFLOPS/s)
MUL_MAT_VEC q6_K m=128000 n=1 k=2048: 1 x 879.64 us = 879.64 us (595.88 GFLOPS/s)
RMS_NORM_MUL RMS_NORM(2048,1,1,1): 61 x 3.695 us = 225.4 us
RMS_NORM_MUL_ROPE RMS_NORM(64,32,1,1): 8 x 3.85 us = 30.8 us
RMS_NORM_MUL_ROPE RMS_NORM(64,8,1,1): 8 x 3.405 us = 27.24 us
SET_ROWS: 16 x 1.995 us = 31.92 us
SSM_CONV: 22 x 2.32 us = 51.04 us
Total time: 7801.92 us.
----------------
Vulkan Timings:
ADD: 22 x 2.349 us = 51.68 us
CONCAT: 22 x 2.352 us = 51.76 us
CPY: 22 x 2.338 us = 51.44 us
FLASH_ATTN_EXT dst(64,32,1,1),  q(64,1,32,1),  k(64,256,8,1),  v(64,256,8,1),  m(256,1,1,1): 8 x 10.67 us = 85.36 us (196.547 GFLOPS/s)
GET_ROWS: 24 x 2.76 us = 66.24 us
GLU: 30 x 2.366 us = 71 us
MUL: 44 x 2.48 us = 109.12 us
MUL_MAT f32 m=64 n=32 k=64: 16 x 2.157 us = 34.52 us (120.554 GFLOPS/s)
MUL_MAT_ADD MUL_MAT_VEC q4_0_rocmfp4_fast m=2048 n=1 k=10752: 30 x 53.361 us = 1600.84 us (825.282 GFLOPS/s)
MUL_MAT_ADD MUL_MAT_VEC q4_0_rocmfp4_fast m=2048 n=1 k=2048: 8 x 12.63 us = 101.04 us (664.019 GFLOPS/s)
MUL_MAT_VEC f32 m=64 n=8 k=64: 16 x 2.122 us = 33.96 us (30.6356 GFLOPS/s)
MUL_MAT_VEC q4_0_rocmfp4_fast m=10752 n=1 k=2048: 60 x 51.073 us = 3064.4 us (862.083 GFLOPS/s)
MUL_MAT_VEC q4_0_rocmfp4_fast m=2048 n=1 k=2048: 30 x 13.878 us = 416.36 us (604.277 GFLOPS/s)
MUL_MAT_VEC q4_0_rocmfp4_fast m=512 n=1 k=2048: 16 x 2.84 us = 45.44 us (738.254 GFLOPS/s)
MUL_MAT_VEC q4_0_rocmfp4_fast m=6144 n=1 k=2048: 22 x 32.232 us = 709.12 us (780.563 GFLOPS/s)
MUL_MAT_VEC q6_K m=128000 n=1 k=2048: 1 x 873.56 us = 873.56 us (600.027 GFLOPS/s)
RMS_NORM_MUL RMS_NORM(2048,1,1,1): 61 x 3.954 us = 241.24 us
RMS_NORM_MUL_ROPE RMS_NORM(64,32,1,1): 8 x 3.915 us = 31.32 us
RMS_NORM_MUL_ROPE RMS_NORM(64,8,1,1): 8 x 3.415 us = 27.32 us
SET_ROWS: 16 x 1.962 us = 31.4 us
SSM_CONV: 22 x 2.347 us = 51.64 us
Total time: 7748.76 us.
----------------
Vulkan Timings:
ADD: 22 x 2.35 us = 51.72 us
CONCAT: 22 x 2.334 us = 51.36 us
CPY: 22 x 2.33 us = 51.28 us
FLASH_ATTN_EXT dst(64,32,1,1),  q(64,1,32,1),  k(64,256,8,1),  v(64,256,8,1),  m(256,1,1,1): 8 x 10.55 us = 84.4 us (198.782 GFLOPS/s)
GET_ROWS: 24 x 2.045 us = 49.08 us
GLU: 30 x 2.37 us = 71.12 us
MUL: 44 x 2.474 us = 108.88 us
MUL_MAT f32 m=64 n=32 k=64: 16 x 2.16 us = 34.56 us (120.415 GFLOPS/s)
MUL_MAT_ADD MUL_MAT_VEC q4_0_rocmfp4_fast m=2048 n=1 k=10752: 30 x 53.78 us = 1613.4 us (818.857 GFLOPS/s)
MUL_MAT_ADD MUL_MAT_VEC q4_0_rocmfp4_fast m=2048 n=1 k=2048: 8 x 12.775 us = 102.2 us (656.482 GFLOPS/s)
MUL_MAT_VEC f32 m=64 n=8 k=64: 16 x 2.107 us = 33.72 us (30.8536 GFLOPS/s)
MUL_MAT_VEC q4_0_rocmfp4_fast m=10752 n=1 k=2048: 60 x 51.563 us = 3093.8 us (853.89 GFLOPS/s)
MUL_MAT_VEC q4_0_rocmfp4_fast m=2048 n=1 k=2048: 30 x 13.83 us = 414.92 us (606.374 GFLOPS/s)
MUL_MAT_VEC q4_0_rocmfp4_fast m=512 n=1 k=2048: 16 x 2.57 us = 41.12 us (815.813 GFLOPS/s)
MUL_MAT_VEC q4_0_rocmfp4_fast m=6144 n=1 k=2048: 22 x 33.314 us = 732.92 us (755.216 GFLOPS/s)
MUL_MAT_VEC q6_K m=128000 n=1 k=2048: 1 x 880 us = 880 us (595.636 GFLOPS/s)
RMS_NORM_MUL RMS_NORM(2048,1,1,1): 61 x 3.724 us = 227.2 us
RMS_NORM_MUL_ROPE RMS_NORM(64,32,1,1): 8 x 3.885 us = 31.08 us
RMS_NORM_MUL_ROPE RMS_NORM(64,8,1,1): 8 x 3.45 us = 27.6 us
SET_ROWS: 16 x 2.005 us = 32.08 us
SSM_CONV: 22 x 2.341 us = 51.52 us
Total time: 7783.96 us.
----------------
Vulkan Timings:
ADD: 22 x 2.37 us = 52.16 us
CONCAT: 22 x 2.363 us = 52 us
CPY: 22 x 2.34 us = 51.48 us
FLASH_ATTN_EXT dst(64,32,1,1),  q(64,1,32,1),  k(64,256,8,1),  v(64,256,8,1),  m(256,1,1,1): 8 x 12.34 us = 98.72 us (169.947 GFLOPS/s)
GET_ROWS: 24 x 1.99 us = 47.76 us
GLU: 30 x 2.365 us = 70.96 us
MUL: 44 x 2.491 us = 109.64 us
MUL_MAT f32 m=64 n=32 k=64: 16 x 2.705 us = 43.28 us (96.1538 GFLOPS/s)
MUL_MAT_ADD MUL_MAT_VEC q4_0_rocmfp4_fast m=2048 n=1 k=10752: 30 x 53.632 us = 1608.96 us (821.117 GFLOPS/s)
MUL_MAT_ADD MUL_MAT_VEC q4_0_rocmfp4_fast m=2048 n=1 k=2048: 8 x 13.365 us = 106.92 us (627.502 GFLOPS/s)
MUL_MAT_VEC f32 m=64 n=8 k=64: 16 x 2.182 us = 34.92 us (29.7934 GFLOPS/s)
MUL_MAT_VEC q4_0_rocmfp4_fast m=10752 n=1 k=2048: 60 x 52.073 us = 3124.4 us (845.528 GFLOPS/s)
MUL_MAT_VEC q4_0_rocmfp4_fast m=2048 n=1 k=2048: 30 x 13.872 us = 416.16 us (604.567 GFLOPS/s)
MUL_MAT_VEC q4_0_rocmfp4_fast m=512 n=1 k=2048: 16 x 2.587 us = 41.4 us (810.296 GFLOPS/s)
MUL_MAT_VEC q4_0_rocmfp4_fast m=6144 n=1 k=2048: 22 x 33.9 us = 745.8 us (742.173 GFLOPS/s)
MUL_MAT_VEC q6_K m=128000 n=1 k=2048: 1 x 879.44 us = 879.44 us (596.016 GFLOPS/s)
RMS_NORM_MUL RMS_NORM(2048,1,1,1): 61 x 3.99 us = 243.4 us
RMS_NORM_MUL_ROPE RMS_NORM(64,32,1,1): 8 x 3.905 us = 31.24 us
RMS_NORM_MUL_ROPE RMS_NORM(64,8,1,1): 8 x 3.48 us = 27.84 us
SET_ROWS: 16 x 1.937 us = 31 us
SSM_CONV: 22 x 2.36 us = 51.92 us
Total time: 7869.4 us.
----------------
Vulkan Timings:
ADD: 22 x 2.363 us = 52 us
CONCAT: 22 x 2.349 us = 51.68 us
CPY: 22 x 2.334 us = 51.36 us
FLASH_ATTN_EXT dst(64,32,1,1),  q(64,1,32,1),  k(64,256,8,1),  v(64,256,8,1),  m(256,1,1,1): 8 x 10.52 us = 84.16 us (199.349 GFLOPS/s)
GET_ROWS: 24 x 2.05 us = 49.2 us
GLU: 30 x 2.381 us = 71.44 us
MUL: 44 x 2.477 us = 109 us
MUL_MAT f32 m=64 n=32 k=64: 16 x 2.182 us = 34.92 us (119.173 GFLOPS/s)
MUL_MAT_ADD MUL_MAT_VEC q4_0_rocmfp4_fast m=2048 n=1 k=10752: 30 x 51.972 us = 1559.16 us (847.344 GFLOPS/s)
MUL_MAT_ADD MUL_MAT_VEC q4_0_rocmfp4_fast m=2048 n=1 k=2048: 8 x 12.65 us = 101.2 us (662.969 GFLOPS/s)
MUL_MAT_VEC f32 m=64 n=8 k=64: 16 x 2.107 us = 33.72 us (30.8536 GFLOPS/s)
MUL_MAT_VEC q4_0_rocmfp4_fast m=10752 n=1 k=2048: 60 x 50.858 us = 3051.52 us (865.721 GFLOPS/s)
MUL_MAT_VEC q4_0_rocmfp4_fast m=2048 n=1 k=2048: 30 x 13.814 us = 414.44 us (607.077 GFLOPS/s)
MUL_MAT_VEC q4_0_rocmfp4_fast m=512 n=1 k=2048: 16 x 2.562 us = 41 us (818.201 GFLOPS/s)
MUL_MAT_VEC q4_0_rocmfp4_fast m=6144 n=1 k=2048: 22 x 31.727 us = 698 us (792.999 GFLOPS/s)
MUL_MAT_VEC q6_K m=128000 n=1 k=2048: 1 x 952.12 us = 952.12 us (550.519 GFLOPS/s)
RMS_NORM_MUL RMS_NORM(2048,1,1,1): 61 x 3.763 us = 229.56 us
RMS_NORM_MUL_ROPE RMS_NORM(64,32,1,1): 8 x 3.915 us = 31.32 us
RMS_NORM_MUL_ROPE RMS_NORM(64,8,1,1): 8 x 3.465 us = 27.72 us
SET_ROWS: 16 x 2.022 us = 32.36 us
SSM_CONV: 22 x 2.345 us = 51.6 us
Total time: 7727.48 us.
----------------
Vulkan Timings:
ADD: 22 x 2.32 us = 51.04 us
CONCAT: 22 x 2.316 us = 50.96 us
CPY: 22 x 2.303 us = 50.68 us
FLASH_ATTN_EXT dst(64,32,1,1),  q(64,1,32,1),  k(64,256,8,1),  v(64,256,8,1),  m(256,1,1,1): 8 x 10.455 us = 83.64 us (200.588 GFLOPS/s)
GET_ROWS: 24 x 1.991 us = 47.8 us
GLU: 30 x 2.332 us = 69.96 us
MUL: 44 x 2.456 us = 108.08 us
MUL_MAT f32 m=64 n=32 k=64: 16 x 2.107 us = 33.72 us (123.414 GFLOPS/s)
MUL_MAT_ADD MUL_MAT_VEC q4_0_rocmfp4_fast m=2048 n=1 k=10752: 30 x 53.184 us = 1595.52 us (828.034 GFLOPS/s)
MUL_MAT_ADD MUL_MAT_VEC q4_0_rocmfp4_fast m=2048 n=1 k=2048: 8 x 12.62 us = 100.96 us (664.545 GFLOPS/s)
MUL_MAT_VEC f32 m=64 n=8 k=64: 16 x 2.095 us = 33.52 us (31.0377 GFLOPS/s)
MUL_MAT_VEC q4_0_rocmfp4_fast m=10752 n=1 k=2048: 60 x 51.538 us = 3092.32 us (854.299 GFLOPS/s)
MUL_MAT_VEC q4_0_rocmfp4_fast m=2048 n=1 k=2048: 30 x 13.808 us = 414.24 us (607.37 GFLOPS/s)
MUL_MAT_VEC q4_0_rocmfp4_fast m=512 n=1 k=2048: 16 x 2.572 us = 41.16 us (815.02 GFLOPS/s)
MUL_MAT_VEC q4_0_rocmfp4_fast m=6144 n=1 k=2048: 22 x 32.772 us = 721 us (767.702 GFLOPS/s)
MUL_MAT_VEC q6_K m=128000 n=1 k=2048: 1 x 881.04 us = 881.04 us (594.933 GFLOPS/s)
RMS_NORM_MUL RMS_NORM(2048,1,1,1): 61 x 4.008 us = 244.52 us
RMS_NORM_MUL_ROPE RMS_NORM(64,32,1,1): 8 x 3.9 us = 31.2 us
RMS_NORM_MUL_ROPE RMS_NORM(64,8,1,1): 8 x 3.385 us = 27.08 us
SET_ROWS: 16 x 2.015 us = 32.24 us
SSM_CONV: 22 x 2.334 us = 51.36 us
Total time: 7762.04 us.
----------------
Vulkan Timings:
ADD: 22 x 2.4 us = 52.8 us
CONCAT: 22 x 2.367 us = 52.08 us
CPY: 22 x 2.349 us = 51.68 us
FLASH_ATTN_EXT dst(64,32,1,1),  q(64,1,32,1),  k(64,256,8,1),  v(64,256,8,1),  m(256,1,1,1): 8 x 10.615 us = 84.92 us (197.565 GFLOPS/s)
GET_ROWS: 24 x 2.038 us = 48.92 us
GLU: 30 x 2.805 us = 84.16 us
MUL: 44 x 2.486 us = 109.4 us
MUL_MAT f32 m=64 n=32 k=64: 16 x 2.197 us = 35.16 us (118.36 GFLOPS/s)
MUL_MAT_ADD MUL_MAT_VEC q4_0_rocmfp4_fast m=2048 n=1 k=10752: 30 x 53.434 us = 1603.04 us (824.149 GFLOPS/s)
MUL_MAT_ADD MUL_MAT_VEC q4_0_rocmfp4_fast m=2048 n=1 k=2048: 8 x 12.7 us = 101.6 us (660.359 GFLOPS/s)
MUL_MAT_VEC f32 m=64 n=8 k=64: 16 x 2.257 us = 36.12 us (28.8035 GFLOPS/s)
MUL_MAT_VEC q4_0_rocmfp4_fast m=10752 n=1 k=2048: 60 x 51.531 us = 3091.88 us (854.421 GFLOPS/s)
MUL_MAT_VEC q4_0_rocmfp4_fast m=2048 n=1 k=2048: 30 x 13.877 us = 416.32 us (604.335 GFLOPS/s)
MUL_MAT_VEC q4_0_rocmfp4_fast m=512 n=1 k=2048: 16 x 2.57 us = 41.12 us (815.813 GFLOPS/s)
MUL_MAT_VEC q4_0_rocmfp4_fast m=6144 n=1 k=2048: 22 x 31.823 us = 700.12 us (790.597 GFLOPS/s)
MUL_MAT_VEC q6_K m=128000 n=1 k=2048: 1 x 899.4 us = 899.4 us (582.789 GFLOPS/s)
RMS_NORM_MUL RMS_NORM(2048,1,1,1): 61 x 3.967 us = 242.04 us
RMS_NORM_MUL_ROPE RMS_NORM(64,32,1,1): 8 x 3.975 us = 31.8 us
RMS_NORM_MUL_ROPE RMS_NORM(64,8,1,1): 8 x 3.44 us = 27.52 us
SET_ROWS: 16 x 1.982 us = 31.72 us
SSM_CONV: 22 x 2.363 us = 52 us
Total time: 7793.8 us.
----------------
Vulkan Timings:
ADD: 22 x 2.367 us = 52.08 us
CONCAT: 22 x 2.338 us = 51.44 us
CPY: 22 x 2.325 us = 51.16 us
FLASH_ATTN_EXT dst(64,32,1,1),  q(64,1,32,1),  k(64,256,8,1),  v(64,256,8,1),  m(256,1,1,1): 8 x 10.425 us = 83.4 us (201.166 GFLOPS/s)
GET_ROWS: 24 x 2.068 us = 49.64 us
GLU: 30 x 2.381 us = 71.44 us
MUL: 44 x 2.474 us = 108.88 us
MUL_MAT f32 m=64 n=32 k=64: 16 x 2.185 us = 34.96 us (119.037 GFLOPS/s)
MUL_MAT_ADD MUL_MAT_VEC q4_0_rocmfp4_fast m=2048 n=1 k=10752: 30 x 53.673 us = 1610.2 us (820.485 GFLOPS/s)
MUL_MAT_ADD MUL_MAT_VEC q4_0_rocmfp4_fast m=2048 n=1 k=2048: 8 x 12.85 us = 102.8 us (652.651 GFLOPS/s)
MUL_MAT_VEC f32 m=64 n=8 k=64: 16 x 2.107 us = 33.72 us (30.8536 GFLOPS/s)
MUL_MAT_VEC q4_0_rocmfp4_fast m=10752 n=1 k=2048: 60 x 52.211 us = 3132.68 us (843.293 GFLOPS/s)
MUL_MAT_VEC q4_0_rocmfp4_fast m=2048 n=1 k=2048: 30 x 13.812 us = 414.36 us (607.194 GFLOPS/s)
MUL_MAT_VEC q4_0_rocmfp4_fast m=512 n=1 k=2048: 16 x 2.57 us = 41.12 us (815.813 GFLOPS/s)
MUL_MAT_VEC q4_0_rocmfp4_fast m=6144 n=1 k=2048: 22 x 32.8 us = 721.6 us (767.063 GFLOPS/s)
MUL_MAT_VEC q6_K m=128000 n=1 k=2048: 1 x 881.4 us = 881.4 us (594.69 GFLOPS/s)
RMS_NORM_MUL RMS_NORM(2048,1,1,1): 61 x 3.723 us = 227.16 us
RMS_NORM_MUL_ROPE RMS_NORM(64,32,1,1): 8 x 3.875 us = 31 us
RMS_NORM_MUL_ROPE RMS_NORM(64,8,1,1): 8 x 3.47 us = 27.76 us
SET_ROWS: 16 x 2.052 us = 32.84 us
SSM_CONV: 22 x 2.33 us = 51.28 us
Total time: 7810.92 us.
----------------
Vulkan Timings:
ADD: 22 x 2.461 us = 54.16 us
CONCAT: 22 x 2.44 us = 53.68 us
CPY: 22 x 2.36 us = 51.92 us
FLASH_ATTN_EXT dst(64,32,1,1),  q(64,1,32,1),  k(64,256,8,1),  v(64,256,8,1),  m(256,1,1,1): 8 x 10.605 us = 84.84 us (197.751 GFLOPS/s)
GET_ROWS: 24 x 2.016 us = 48.4 us
GLU: 30 x 2.345 us = 70.36 us
MUL: 44 x 2.565 us = 112.88 us
MUL_MAT f32 m=64 n=32 k=64: 16 x 2.17 us = 34.72 us (119.86 GFLOPS/s)
MUL_MAT_ADD MUL_MAT_VEC q4_0_rocmfp4_fast m=2048 n=1 k=10752: 30 x 53.126 us = 1593.8 us (828.927 GFLOPS/s)
MUL_MAT_ADD MUL_MAT_VEC q4_0_rocmfp4_fast m=2048 n=1 k=2048: 8 x 12.755 us = 102.04 us (657.512 GFLOPS/s)
MUL_MAT_VEC f32 m=64 n=8 k=64: 16 x 2.095 us = 33.52 us (31.0377 GFLOPS/s)
MUL_MAT_VEC q4_0_rocmfp4_fast m=10752 n=1 k=2048: 60 x 51.76 us = 3105.64 us (850.635 GFLOPS/s)
MUL_MAT_VEC q4_0_rocmfp4_fast m=2048 n=1 k=2048: 30 x 13.841 us = 415.24 us (605.907 GFLOPS/s)
MUL_MAT_VEC q4_0_rocmfp4_fast m=512 n=1 k=2048: 16 x 2.582 us = 41.32 us (811.864 GFLOPS/s)
MUL_MAT_VEC q4_0_rocmfp4_fast m=6144 n=1 k=2048: 22 x 32.261 us = 709.76 us (779.859 GFLOPS/s)
MUL_MAT_VEC q6_K m=128000 n=1 k=2048: 1 x 881.16 us = 881.16 us (594.852 GFLOPS/s)
RMS_NORM_MUL RMS_NORM(2048,1,1,1): 61 x 3.95 us = 240.96 us
RMS_NORM_MUL_ROPE RMS_NORM(64,32,1,1): 8 x 3.9 us = 31.2 us
RMS_NORM_MUL_ROPE RMS_NORM(64,8,1,1): 8 x 3.44 us = 27.52 us
SET_ROWS: 16 x 2.005 us = 32.08 us
SSM_CONV: 22 x 2.369 us = 52.12 us
Total time: 7777.32 us.
----------------
Vulkan Timings:
ADD: 22 x 2.358 us = 51.88 us
CONCAT: 22 x 2.345 us = 51.6 us
CPY: 22 x 2.347 us = 51.64 us
FLASH_ATTN_EXT dst(64,32,1,1),  q(64,1,32,1),  k(64,256,8,1),  v(64,256,8,1),  m(256,1,1,1): 8 x 10.585 us = 84.68 us (198.125 GFLOPS/s)
GET_ROWS: 24 x 2.046 us = 49.12 us
GLU: 30 x 2.354 us = 70.64 us
MUL: 44 x 2.484 us = 109.32 us
MUL_MAT f32 m=64 n=32 k=64: 16 x 2.13 us = 34.08 us (122.111 GFLOPS/s)
MUL_MAT_ADD MUL_MAT_VEC q4_0_rocmfp4_fast m=2048 n=1 k=10752: 30 x 53.016 us = 1590.48 us (830.658 GFLOPS/s)
MUL_MAT_ADD MUL_MAT_VEC q4_0_rocmfp4_fast m=2048 n=1 k=2048: 8 x 12.805 us = 102.44 us (654.944 GFLOPS/s)
MUL_MAT_VEC f32 m=64 n=8 k=64: 16 x 2.087 us = 33.4 us (31.1492 GFLOPS/s)
MUL_MAT_VEC q4_0_rocmfp4_fast m=10752 n=1 k=2048: 60 x 51.366 us = 3081.96 us (857.171 GFLOPS/s)
MUL_MAT_VEC q4_0_rocmfp4_fast m=2048 n=1 k=2048: 30 x 13.798 us = 413.96 us (607.78 GFLOPS/s)
MUL_MAT_VEC q4_0_rocmfp4_fast m=512 n=1 k=2048: 16 x 2.595 us = 41.52 us (807.954 GFLOPS/s)
MUL_MAT_VEC q4_0_rocmfp4_fast m=6144 n=1 k=2048: 22 x 31.687 us = 697.12 us (794 GFLOPS/s)
MUL_MAT_VEC q6_K m=128000 n=1 k=2048: 1 x 920.56 us = 920.56 us (569.393 GFLOPS/s)
RMS_NORM_MUL RMS_NORM(2048,1,1,1): 61 x 3.64 us = 222.04 us
RMS_NORM_MUL_ROPE RMS_NORM(64,32,1,1): 8 x 3.885 us = 31.08 us
RMS_NORM_MUL_ROPE RMS_NORM(64,8,1,1): 8 x 3.43 us = 27.44 us
SET_ROWS: 16 x 1.997 us = 31.96 us
SSM_CONV: 22 x 2.354 us = 51.8 us
Total time: 7748.72 us.
----------------
Vulkan Timings:
ADD: 22 x 2.367 us = 52.08 us
CONCAT: 22 x 2.327 us = 51.2 us
CPY: 22 x 2.418 us = 53.2 us
FLASH_ATTN_EXT dst(64,32,1,1),  q(64,1,32,1),  k(64,256,8,1),  v(64,256,8,1),  m(256,1,1,1): 8 x 10.93 us = 87.44 us (191.871 GFLOPS/s)
GET_ROWS: 24 x 2.008 us = 48.2 us
GLU: 30 x 2.365 us = 70.96 us
MUL: 44 x 2.487 us = 109.44 us
MUL_MAT f32 m=64 n=32 k=64: 16 x 2.142 us = 34.28 us (121.398 GFLOPS/s)
MUL_MAT_ADD MUL_MAT_VEC q4_0_rocmfp4_fast m=2048 n=1 k=10752: 30 x 52.542 us = 1576.28 us (838.141 GFLOPS/s)
MUL_MAT_ADD MUL_MAT_VEC q4_0_rocmfp4_fast m=2048 n=1 k=2048: 8 x 12.79 us = 102.32 us (655.712 GFLOPS/s)
MUL_MAT_VEC f32 m=64 n=8 k=64: 16 x 2.155 us = 34.48 us (30.1735 GFLOPS/s)
MUL_MAT_VEC q4_0_rocmfp4_fast m=10752 n=1 k=2048: 60 x 50.768 us = 3046.12 us (867.256 GFLOPS/s)
MUL_MAT_VEC q4_0_rocmfp4_fast m=2048 n=1 k=2048: 30 x 13.784 us = 413.52 us (608.427 GFLOPS/s)
MUL_MAT_VEC q4_0_rocmfp4_fast m=512 n=1 k=2048: 16 x 2.632 us = 42.12 us (796.444 GFLOPS/s)
MUL_MAT_VEC q4_0_rocmfp4_fast m=6144 n=1 k=2048: 22 x 31.798 us = 699.56 us (791.23 GFLOPS/s)
MUL_MAT_VEC q6_K m=128000 n=1 k=2048: 1 x 881.4 us = 881.4 us (594.69 GFLOPS/s)
RMS_NORM_MUL RMS_NORM(2048,1,1,1): 61 x 4.064 us = 247.96 us
RMS_NORM_MUL_ROPE RMS_NORM(64,32,1,1): 8 x 3.84 us = 30.72 us
RMS_NORM_MUL_ROPE RMS_NORM(64,8,1,1): 8 x 3.31 us = 26.48 us
SET_ROWS: 16 x 1.967 us = 31.48 us
SSM_CONV: 22 x 3.416 us = 75.16 us
Total time: 7714.4 us.
----------------
Vulkan Timings:
ADD: 22 x 2.363 us = 52 us
CONCAT: 22 x 2.57 us = 56.56 us
CPY: 22 x 2.367 us = 52.08 us
FLASH_ATTN_EXT dst(64,32,1,1),  q(64,1,32,1),  k(64,256,8,1),  v(64,256,8,1),  m(256,1,1,1): 8 x 10.68 us = 85.44 us (196.363 GFLOPS/s)
GET_ROWS: 24 x 2.021 us = 48.52 us
GLU: 30 x 2.461 us = 73.84 us
MUL: 44 x 2.508 us = 110.36 us
MUL_MAT f32 m=64 n=32 k=64: 16 x 2.172 us = 34.76 us (119.722 GFLOPS/s)
MUL_MAT_ADD MUL_MAT_VEC q4_0_rocmfp4_fast m=2048 n=1 k=10752: 30 x 52.374 us = 1571.24 us (840.829 GFLOPS/s)
MUL_MAT_ADD MUL_MAT_VEC q4_0_rocmfp4_fast m=2048 n=1 k=2048: 8 x 12.965 us = 103.72 us (646.862 GFLOPS/s)
MUL_MAT_VEC f32 m=64 n=8 k=64: 16 x 2.09 us = 33.44 us (31.112 GFLOPS/s)
MUL_MAT_VEC q4_0_rocmfp4_fast m=10752 n=1 k=2048: 60 x 50.95 us = 3057 us (864.17 GFLOPS/s)
MUL_MAT_VEC q4_0_rocmfp4_fast m=2048 n=1 k=2048: 30 x 13.8 us = 414 us (607.722 GFLOPS/s)
MUL_MAT_VEC q4_0_rocmfp4_fast m=512 n=1 k=2048: 16 x 2.575 us = 41.2 us (814.229 GFLOPS/s)
MUL_MAT_VEC q4_0_rocmfp4_fast m=6144 n=1 k=2048: 22 x 32.329 us = 711.24 us (778.237 GFLOPS/s)
MUL_MAT_VEC q6_K m=128000 n=1 k=2048: 1 x 872.32 us = 872.32 us (600.88 GFLOPS/s)
RMS_NORM_MUL RMS_NORM(2048,1,1,1): 61 x 4.062 us = 247.8 us
RMS_NORM_MUL_ROPE RMS_NORM(64,32,1,1): 8 x 3.935 us = 31.48 us
RMS_NORM_MUL_ROPE RMS_NORM(64,8,1,1): 8 x 3.45 us = 27.6 us
SET_ROWS: 16 x 1.972 us = 31.56 us
SSM_CONV: 22 x 2.34 us = 51.48 us
Total time: 7707.64 us.
----------------
Vulkan Timings:
ADD: 22 x 2.341 us = 51.52 us
CONCAT: 22 x 2.35 us = 51.72 us
CPY: 22 x 2.341 us = 51.52 us
FLASH_ATTN_EXT dst(64,32,1,1),  q(64,1,32,1),  k(64,256,8,1),  v(64,256,8,1),  m(256,1,1,1): 8 x 10.565 us = 84.52 us (198.5 GFLOPS/s)
GET_ROWS: 24 x 2.041 us = 49 us
GLU: 30 x 2.36 us = 70.8 us
MUL: 44 x 2.488 us = 109.48 us
MUL_MAT f32 m=64 n=32 k=64: 16 x 2.16 us = 34.56 us (120.415 GFLOPS/s)
MUL_MAT_ADD MUL_MAT_VEC q4_0_rocmfp4_fast m=2048 n=1 k=10752: 30 x 52.052 us = 1561.56 us (846.041 GFLOPS/s)
MUL_MAT_ADD MUL_MAT_VEC q4_0_rocmfp4_fast m=2048 n=1 k=2048: 8 x 12.82 us = 102.56 us (654.178 GFLOPS/s)
MUL_MAT_VEC f32 m=64 n=8 k=64: 16 x 2.12 us = 33.92 us (30.6717 GFLOPS/s)
MUL_MAT_VEC q4_0_rocmfp4_fast m=10752 n=1 k=2048: 60 x 50.702 us = 3042.12 us (868.397 GFLOPS/s)
MUL_MAT_VEC q4_0_rocmfp4_fast m=2048 n=1 k=2048: 30 x 13.829 us = 414.88 us (606.433 GFLOPS/s)
MUL_MAT_VEC q4_0_rocmfp4_fast m=512 n=1 k=2048: 16 x 2.552 us = 40.84 us (821.406 GFLOPS/s)
MUL_MAT_VEC q4_0_rocmfp4_fast m=6144 n=1 k=2048: 22 x 31.707 us = 697.56 us (793.499 GFLOPS/s)
MUL_MAT_VEC q6_K m=128000 n=1 k=2048: 1 x 881.2 us = 881.2 us (594.825 GFLOPS/s)
RMS_NORM_MUL RMS_NORM(2048,1,1,1): 61 x 3.75 us = 228.8 us
RMS_NORM_MUL_ROPE RMS_NORM(64,32,1,1): 8 x 3.9 us = 31.2 us
RMS_NORM_MUL_ROPE RMS_NORM(64,8,1,1): 8 x 3.43 us = 27.44 us
SET_ROWS: 16 x 1.97 us = 31.52 us
SSM_CONV: 22 x 2.354 us = 51.8 us
Total time: 7648.52 us.
----------------
Vulkan Timings:
ADD: 22 x 2.301 us = 50.64 us
CONCAT: 22 x 2.272 us = 50 us
CPY: 22 x 3.189 us = 70.16 us
FLASH_ATTN_EXT dst(64,32,1,1),  q(64,1,32,1),  k(64,256,8,1),  v(64,256,8,1),  m(256,1,1,1): 8 x 10.445 us = 83.56 us (200.78 GFLOPS/s)
GET_ROWS: 24 x 1.986 us = 47.68 us
GLU: 30 x 2.322 us = 69.68 us
MUL: 44 x 2.634 us = 115.92 us
MUL_MAT f32 m=64 n=32 k=64: 16 x 2.107 us = 33.72 us (123.414 GFLOPS/s)
MUL_MAT_ADD MUL_MAT_VEC q4_0_rocmfp4_fast m=2048 n=1 k=10752: 30 x 52.384 us = 1571.52 us (840.679 GFLOPS/s)
MUL_MAT_ADD MUL_MAT_VEC q4_0_rocmfp4_fast m=2048 n=1 k=2048: 8 x 12.895 us = 103.16 us (650.373 GFLOPS/s)
MUL_MAT_VEC f32 m=64 n=8 k=64: 16 x 2.082 us = 33.32 us (31.224 GFLOPS/s)
MUL_MAT_VEC q4_0_rocmfp4_fast m=10752 n=1 k=2048: 60 x 51.932 us = 3115.96 us (847.818 GFLOPS/s)
MUL_MAT_VEC q4_0_rocmfp4_fast m=2048 n=1 k=2048: 30 x 13.774 us = 413.24 us (608.839 GFLOPS/s)
MUL_MAT_VEC q4_0_rocmfp4_fast m=512 n=1 k=2048: 16 x 2.572 us = 41.16 us (815.02 GFLOPS/s)
MUL_MAT_VEC q4_0_rocmfp4_fast m=6144 n=1 k=2048: 22 x 31.863 us = 701 us (789.605 GFLOPS/s)
MUL_MAT_VEC q6_K m=128000 n=1 k=2048: 1 x 882 us = 882 us (594.286 GFLOPS/s)
RMS_NORM_MUL RMS_NORM(2048,1,1,1): 61 x 3.92 us = 239.12 us
RMS_NORM_MUL_ROPE RMS_NORM(64,32,1,1): 8 x 3.945 us = 31.56 us
RMS_NORM_MUL_ROPE RMS_NORM(64,8,1,1): 8 x 3.425 us = 27.4 us
SET_ROWS: 16 x 2.015 us = 32.24 us
SSM_CONV: 22 x 2.321 us = 51.08 us
Total time: 7764.12 us.
----------------
Vulkan Timings:
ADD: 22 x 2.305 us = 50.72 us
CONCAT: 22 x 2.323 us = 51.12 us
CPY: 22 x 2.301 us = 50.64 us
FLASH_ATTN_EXT dst(64,32,1,1),  q(64,1,32,1),  k(64,256,8,1),  v(64,256,8,1),  m(256,1,1,1): 8 x 10.525 us = 84.2 us (199.254 GFLOPS/s)
GET_ROWS: 24 x 1.99 us = 47.76 us
GLU: 30 x 2.338 us = 70.16 us
MUL: 44 x 2.438 us = 107.28 us
MUL_MAT f32 m=64 n=32 k=64: 16 x 2.12 us = 33.92 us (122.687 GFLOPS/s)
MUL_MAT_ADD MUL_MAT_VEC q4_0_rocmfp4_fast m=2048 n=1 k=10752: 30 x 52.044 us = 1561.32 us (846.171 GFLOPS/s)
MUL_MAT_ADD MUL_MAT_VEC q4_0_rocmfp4_fast m=2048 n=1 k=2048: 8 x 12.75 us = 102 us (657.769 GFLOPS/s)
MUL_MAT_VEC f32 m=64 n=8 k=64: 16 x 2.09 us = 33.44 us (31.112 GFLOPS/s)
MUL_MAT_VEC q4_0_rocmfp4_fast m=10752 n=1 k=2048: 60 x 50.704 us = 3042.28 us (868.351 GFLOPS/s)
MUL_MAT_VEC q4_0_rocmfp4_fast m=2048 n=1 k=2048: 30 x 13.802 us = 414.08 us (607.604 GFLOPS/s)
MUL_MAT_VEC q4_0_rocmfp4_fast m=512 n=1 k=2048: 16 x 2.575 us = 41.2 us (814.229 GFLOPS/s)
MUL_MAT_VEC q4_0_rocmfp4_fast m=6144 n=1 k=2048: 22 x 31.63 us = 695.88 us (795.414 GFLOPS/s)
MUL_MAT_VEC q6_K m=128000 n=1 k=2048: 1 x 921.76 us = 921.76 us (568.651 GFLOPS/s)
RMS_NORM_MUL RMS_NORM(2048,1,1,1): 61 x 3.722 us = 227.08 us
RMS_NORM_MUL_ROPE RMS_NORM(64,32,1,1): 8 x 3.895 us = 31.16 us
RMS_NORM_MUL_ROPE RMS_NORM(64,8,1,1): 8 x 3.42 us = 27.36 us
SET_ROWS: 16 x 1.995 us = 31.92 us
SSM_CONV: 22 x 2.314 us = 50.92 us
Total time: 7676.2 us.
----------------
Vulkan Timings:
ADD: 22 x 2.418 us = 53.2 us
CONCAT: 22 x 2.334 us = 51.36 us
CPY: 22 x 2.3 us = 50.6 us
FLASH_ATTN_EXT dst(64,32,1,1),  q(64,1,32,1),  k(64,256,8,1),  v(64,256,8,1),  m(256,1,1,1): 8 x 10.6 us = 84.8 us (197.845 GFLOPS/s)
GET_ROWS: 24 x 2.04 us = 48.96 us
GLU: 30 x 2.378 us = 71.36 us
MUL: 44 x 2.564 us = 112.84 us
MUL_MAT f32 m=64 n=32 k=64: 16 x 2.117 us = 33.88 us (122.832 GFLOPS/s)
MUL_MAT_ADD MUL_MAT_VEC q4_0_rocmfp4_fast m=2048 n=1 k=10752: 30 x 52.157 us = 1564.72 us (844.333 GFLOPS/s)
MUL_MAT_ADD MUL_MAT_VEC q4_0_rocmfp4_fast m=2048 n=1 k=2048: 8 x 12.725 us = 101.8 us (659.062 GFLOPS/s)
MUL_MAT_VEC f32 m=64 n=8 k=64: 16 x 2.075 us = 33.2 us (31.3369 GFLOPS/s)
MUL_MAT_VEC q4_0_rocmfp4_fast m=10752 n=1 k=2048: 60 x 51.114 us = 3066.88 us (861.386 GFLOPS/s)
MUL_MAT_VEC q4_0_rocmfp4_fast m=2048 n=1 k=2048: 30 x 14.109 us = 423.28 us (594.398 GFLOPS/s)
MUL_MAT_VEC q4_0_rocmfp4_fast m=512 n=1 k=2048: 16 x 2.575 us = 41.2 us (814.229 GFLOPS/s)
MUL_MAT_VEC q4_0_rocmfp4_fast m=6144 n=1 k=2048: 22 x 31.661 us = 696.56 us (794.638 GFLOPS/s)
MUL_MAT_VEC q6_K m=128000 n=1 k=2048: 1 x 879.28 us = 879.28 us (596.124 GFLOPS/s)
RMS_NORM_MUL RMS_NORM(2048,1,1,1): 61 x 3.779 us = 230.52 us
RMS_NORM_MUL_ROPE RMS_NORM(64,32,1,1): 8 x 3.89 us = 31.12 us
RMS_NORM_MUL_ROPE RMS_NORM(64,8,1,1): 8 x 3.395 us = 27.16 us
SET_ROWS: 16 x 1.98 us = 31.68 us
SSM_CONV: 22 x 2.318 us = 51 us
Total time: 7685.4 us.
----------------
Vulkan Timings:
ADD: 22 x 2.4 us = 52.8 us
CONCAT: 22 x 2.289 us = 50.36 us
CPY: 22 x 2.62 us = 57.64 us
FLASH_ATTN_EXT dst(64,32,1,1),  q(64,1,32,1),  k(64,256,8,1),  v(64,256,8,1),  m(256,1,1,1): 8 x 11.05 us = 88.4 us (189.788 GFLOPS/s)
GET_ROWS: 24 x 1.993 us = 47.84 us
GLU: 30 x 2.326 us = 69.8 us
MUL: 44 x 2.53 us = 111.36 us
MUL_MAT f32 m=64 n=32 k=64: 16 x 2.125 us = 34 us (122.398 GFLOPS/s)
MUL_MAT_ADD MUL_MAT_VEC q4_0_rocmfp4_fast m=2048 n=1 k=10752: 30 x 53.254 us = 1597.64 us (826.935 GFLOPS/s)
MUL_MAT_ADD MUL_MAT_VEC q4_0_rocmfp4_fast m=2048 n=1 k=2048: 8 x 14.125 us = 113 us (593.739 GFLOPS/s)
MUL_MAT_VEC f32 m=64 n=8 k=64: 16 x 2.095 us = 33.52 us (31.0377 GFLOPS/s)
MUL_MAT_VEC q4_0_rocmfp4_fast m=10752 n=1 k=2048: 60 x 51.154 us = 3069.24 us (860.723 GFLOPS/s)
MUL_MAT_VEC q4_0_rocmfp4_fast m=2048 n=1 k=2048: 30 x 13.85 us = 415.52 us (605.499 GFLOPS/s)
MUL_MAT_VEC q4_0_rocmfp4_fast m=512 n=1 k=2048: 16 x 2.59 us = 41.44 us (809.514 GFLOPS/s)
MUL_MAT_VEC q4_0_rocmfp4_fast m=6144 n=1 k=2048: 22 x 32.347 us = 711.64 us (777.799 GFLOPS/s)
MUL_MAT_VEC q6_K m=128000 n=1 k=2048: 1 x 879.84 us = 879.84 us (595.745 GFLOPS/s)
RMS_NORM_MUL RMS_NORM(2048,1,1,1): 61 x 4.045 us = 246.76 us
RMS_NORM_MUL_ROPE RMS_NORM(64,32,1,1): 8 x 3.94 us = 31.52 us
RMS_NORM_MUL_ROPE RMS_NORM(64,8,1,1): 8 x 3.455 us = 27.64 us
SET_ROWS: 16 x 1.975 us = 31.6 us
SSM_CONV: 22 x 2.449 us = 53.88 us
Total time: 7765.44 us.
----------------
Vulkan Timings:
ADD: 22 x 2.323 us = 51.12 us
CONCAT: 22 x 2.318 us = 51 us
CPY: 22 x 2.305 us = 50.72 us
FLASH_ATTN_EXT dst(64,32,1,1),  q(64,1,32,1),  k(64,256,8,1),  v(64,256,8,1),  m(256,1,1,1): 8 x 10.54 us = 84.32 us (198.971 GFLOPS/s)
GET_ROWS: 24 x 1.998 us = 47.96 us
GLU: 30 x 2.325 us = 69.76 us
MUL: 44 x 2.458 us = 108.16 us
MUL_MAT f32 m=64 n=32 k=64: 16 x 2.127 us = 34.04 us (122.254 GFLOPS/s)
MUL_MAT_ADD MUL_MAT_VEC q4_0_rocmfp4_fast m=2048 n=1 k=10752: 30 x 52.01 us = 1560.32 us (846.714 GFLOPS/s)
MUL_MAT_ADD MUL_MAT_VEC q4_0_rocmfp4_fast m=2048 n=1 k=2048: 8 x 12.72 us = 101.76 us (659.321 GFLOPS/s)
MUL_MAT_VEC f32 m=64 n=8 k=64: 16 x 2.105 us = 33.68 us (30.8903 GFLOPS/s)
MUL_MAT_VEC q4_0_rocmfp4_fast m=10752 n=1 k=2048: 60 x 50.62 us = 3037.24 us (869.792 GFLOPS/s)
MUL_MAT_VEC q4_0_rocmfp4_fast m=2048 n=1 k=2048: 30 x 13.821 us = 414.64 us (606.784 GFLOPS/s)
MUL_MAT_VEC q4_0_rocmfp4_fast m=512 n=1 k=2048: 16 x 2.572 us = 41.16 us (815.02 GFLOPS/s)
MUL_MAT_VEC q4_0_rocmfp4_fast m=6144 n=1 k=2048: 22 x 31.741 us = 698.32 us (792.635 GFLOPS/s)
MUL_MAT_VEC q6_K m=128000 n=1 k=2048: 1 x 879.36 us = 879.36 us (596.07 GFLOPS/s)
RMS_NORM_MUL RMS_NORM(2048,1,1,1): 61 x 3.712 us = 226.48 us
RMS_NORM_MUL_ROPE RMS_NORM(64,32,1,1): 8 x 3.895 us = 31.16 us
RMS_NORM_MUL_ROPE RMS_NORM(64,8,1,1): 8 x 3.39 us = 27.12 us
SET_ROWS: 16 x 2.032 us = 32.52 us
SSM_CONV: 22 x 2.312 us = 50.88 us
Total time: 7631.72 us.
----------------
Vulkan Timings:
ADD: 22 x 2.323 us = 51.12 us
CONCAT: 22 x 2.394 us = 52.68 us
CPY: 22 x 2.327 us = 51.2 us
FLASH_ATTN_EXT dst(64,32,1,1),  q(64,1,32,1),  k(64,256,8,1),  v(64,256,8,1),  m(256,1,1,1): 8 x 10.575 us = 84.6 us (198.312 GFLOPS/s)
GET_ROWS: 24 x 1.985 us = 47.64 us
GLU: 30 x 2.582 us = 77.48 us
MUL: 44 x 2.55 us = 112.2 us
MUL_MAT f32 m=64 n=32 k=64: 16 x 2.12 us = 33.92 us (122.687 GFLOPS/s)
MUL_MAT_ADD MUL_MAT_VEC q4_0_rocmfp4_fast m=2048 n=1 k=10752: 30 x 52.669 us = 1580.08 us (836.125 GFLOPS/s)
MUL_MAT_ADD MUL_MAT_VEC q4_0_rocmfp4_fast m=2048 n=1 k=2048: 8 x 12.63 us = 101.04 us (664.019 GFLOPS/s)
MUL_MAT_VEC f32 m=64 n=8 k=64: 16 x 2.08 us = 33.28 us (31.2615 GFLOPS/s)
MUL_MAT_VEC q4_0_rocmfp4_fast m=10752 n=1 k=2048: 60 x 51.936 us = 3116.16 us (847.763 GFLOPS/s)
MUL_MAT_VEC q4_0_rocmfp4_fast m=2048 n=1 k=2048: 30 x 13.8 us = 414 us (607.722 GFLOPS/s)
MUL_MAT_VEC q4_0_rocmfp4_fast m=512 n=1 k=2048: 16 x 2.562 us = 41 us (818.201 GFLOPS/s)
MUL_MAT_VEC q4_0_rocmfp4_fast m=6144 n=1 k=2048: 22 x 32.53 us = 715.68 us (773.408 GFLOPS/s)
MUL_MAT_VEC q6_K m=128000 n=1 k=2048: 1 x 879.8 us = 879.8 us (595.772 GFLOPS/s)
RMS_NORM_MUL RMS_NORM(2048,1,1,1): 61 x 3.777 us = 230.4 us
RMS_NORM_MUL_ROPE RMS_NORM(64,32,1,1): 8 x 3.91 us = 31.28 us
RMS_NORM_MUL_ROPE RMS_NORM(64,8,1,1): 8 x 3.41 us = 27.28 us
SET_ROWS: 16 x 2.012 us = 32.2 us
SSM_CONV: 22 x 2.363 us = 52 us
Total time: 7765.04 us.
----------------
Vulkan Timings:
ADD: 22 x 2.296 us = 50.52 us
CONCAT: 22 x 2.325 us = 51.16 us
CPY: 22 x 2.294 us = 50.48 us
FLASH_ATTN_EXT dst(64,32,1,1),  q(64,1,32,1),  k(64,256,8,1),  v(64,256,8,1),  m(256,1,1,1): 8 x 10.54 us = 84.32 us (198.971 GFLOPS/s)
GET_ROWS: 24 x 1.973 us = 47.36 us
GLU: 30 x 2.312 us = 69.36 us
MUL: 44 x 2.434 us = 107.12 us
MUL_MAT f32 m=64 n=32 k=64: 16 x 2.1 us = 33.6 us (123.855 GFLOPS/s)
MUL_MAT_ADD MUL_MAT_VEC q4_0_rocmfp4_fast m=2048 n=1 k=10752: 30 x 51.988 us = 1559.64 us (847.083 GFLOPS/s)
MUL_MAT_ADD MUL_MAT_VEC q4_0_rocmfp4_fast m=2048 n=1 k=2048: 8 x 12.735 us = 101.88 us (658.544 GFLOPS/s)
MUL_MAT_VEC f32 m=64 n=8 k=64: 16 x 2.07 us = 33.12 us (31.4126 GFLOPS/s)
MUL_MAT_VEC q4_0_rocmfp4_fast m=10752 n=1 k=2048: 60 x 51.064 us = 3063.84 us (862.24 GFLOPS/s)
MUL_MAT_VEC q4_0_rocmfp4_fast m=2048 n=1 k=2048: 30 x 13.813 us = 414.4 us (607.135 GFLOPS/s)
MUL_MAT_VEC q4_0_rocmfp4_fast m=512 n=1 k=2048: 16 x 2.567 us = 41.08 us (816.608 GFLOPS/s)
MUL_MAT_VEC q4_0_rocmfp4_fast m=6144 n=1 k=2048: 22 x 31.689 us = 697.16 us (793.954 GFLOPS/s)
MUL_MAT_VEC q6_K m=128000 n=1 k=2048: 1 x 925.2 us = 925.2 us (566.537 GFLOPS/s)
RMS_NORM_MUL RMS_NORM(2048,1,1,1): 61 x 3.74 us = 228.2 us
RMS_NORM_MUL_ROPE RMS_NORM(64,32,1,1): 8 x 3.895 us = 31.16 us
RMS_NORM_MUL_ROPE RMS_NORM(64,8,1,1): 8 x 3.405 us = 27.24 us
SET_ROWS: 16 x 1.98 us = 31.68 us
SSM_CONV: 22 x 2.296 us = 50.52 us
Total time: 7699.04 us.
----------------
Vulkan Timings:
ADD: 22 x 2.292 us = 50.44 us
CONCAT: 22 x 2.28 us = 50.16 us
CPY: 22 x 2.31 us = 50.84 us
FLASH_ATTN_EXT dst(64,32,1,1),  q(64,1,32,1),  k(64,256,8,1),  v(64,256,8,1),  m(256,1,1,1): 8 x 10.645 us = 85.16 us (197.008 GFLOPS/s)
GET_ROWS: 24 x 1.981 us = 47.56 us
GLU: 30 x 2.349 us = 70.48 us
MUL: 44 x 2.615 us = 115.08 us
MUL_MAT f32 m=64 n=32 k=64: 16 x 2.11 us = 33.76 us (123.268 GFLOPS/s)
MUL_MAT_ADD MUL_MAT_VEC q4_0_rocmfp4_fast m=2048 n=1 k=10752: 30 x 52.09 us = 1562.72 us (845.413 GFLOPS/s)
MUL_MAT_ADD MUL_MAT_VEC q4_0_rocmfp4_fast m=2048 n=1 k=2048: 8 x 12.75 us = 102 us (657.769 GFLOPS/s)
MUL_MAT_VEC f32 m=64 n=8 k=64: 16 x 2.047 us = 32.76 us (31.7578 GFLOPS/s)
MUL_MAT_VEC q4_0_rocmfp4_fast m=10752 n=1 k=2048: 60 x 51.048 us = 3062.92 us (862.499 GFLOPS/s)
MUL_MAT_VEC q4_0_rocmfp4_fast m=2048 n=1 k=2048: 30 x 13.792 us = 413.76 us (608.074 GFLOPS/s)
MUL_MAT_VEC q4_0_rocmfp4_fast m=512 n=1 k=2048: 16 x 2.602 us = 41.64 us (805.625 GFLOPS/s)
MUL_MAT_VEC q4_0_rocmfp4_fast m=6144 n=1 k=2048: 22 x 31.88 us = 701.36 us (789.199 GFLOPS/s)
MUL_MAT_VEC q6_K m=128000 n=1 k=2048: 1 x 880.76 us = 880.76 us (595.122 GFLOPS/s)
RMS_NORM_MUL RMS_NORM(2048,1,1,1): 61 x 3.717 us = 226.76 us
RMS_NORM_MUL_ROPE RMS_NORM(64,32,1,1): 8 x 3.855 us = 30.84 us
RMS_NORM_MUL_ROPE RMS_NORM(64,8,1,1): 8 x 3.405 us = 27.24 us
SET_ROWS: 16 x 1.965 us = 31.44 us
SSM_CONV: 22 x 3.118 us = 68.6 us
Total time: 7686.28 us.
----------------
Vulkan Timings:
ADD: 22 x 2.285 us = 50.28 us
CONCAT: 22 x 2.565 us = 56.44 us
CPY: 22 x 2.301 us = 50.64 us
FLASH_ATTN_EXT dst(64,32,1,1),  q(64,1,32,1),  k(64,256,8,1),  v(64,256,8,1),  m(256,1,1,1): 8 x 10.6 us = 84.8 us (197.845 GFLOPS/s)
GET_ROWS: 24 x 2.003 us = 48.08 us
GLU: 30 x 2.336 us = 70.08 us
MUL: 44 x 2.5 us = 110.04 us
MUL_MAT f32 m=64 n=32 k=64: 16 x 2.17 us = 34.72 us (119.86 GFLOPS/s)
MUL_MAT_ADD MUL_MAT_VEC q4_0_rocmfp4_fast m=2048 n=1 k=10752: 30 x 52.186 us = 1565.6 us (843.858 GFLOPS/s)
MUL_MAT_ADD MUL_MAT_VEC q4_0_rocmfp4_fast m=2048 n=1 k=2048: 8 x 12.755 us = 102.04 us (657.512 GFLOPS/s)
MUL_MAT_VEC f32 m=64 n=8 k=64: 16 x 2.48 us = 39.68 us (26.2194 GFLOPS/s)
MUL_MAT_VEC q4_0_rocmfp4_fast m=10752 n=1 k=2048: 60 x 51.28 us = 3076.8 us (858.608 GFLOPS/s)
MUL_MAT_VEC q4_0_rocmfp4_fast m=2048 n=1 k=2048: 30 x 13.832 us = 414.96 us (606.316 GFLOPS/s)
MUL_MAT_VEC q4_0_rocmfp4_fast m=512 n=1 k=2048: 16 x 2.615 us = 41.84 us (801.774 GFLOPS/s)
MUL_MAT_VEC q4_0_rocmfp4_fast m=6144 n=1 k=2048: 22 x 32.478 us = 714.52 us (774.664 GFLOPS/s)
MUL_MAT_VEC q6_K m=128000 n=1 k=2048: 1 x 871.32 us = 871.32 us (601.57 GFLOPS/s)
RMS_NORM_MUL RMS_NORM(2048,1,1,1): 61 x 3.771 us = 230.04 us
RMS_NORM_MUL_ROPE RMS_NORM(64,32,1,1): 8 x 3.915 us = 31.32 us
RMS_NORM_MUL_ROPE RMS_NORM(64,8,1,1): 8 x 3.325 us = 26.6 us
SET_ROWS: 16 x 1.985 us = 31.76 us
SSM_CONV: 22 x 2.338 us = 51.44 us
Total time: 7703 us.
----------------
Vulkan Timings:
ADD: 22 x 2.312 us = 50.88 us
CONCAT: 22 x 2.323 us = 51.12 us
CPY: 22 x 2.294 us = 50.48 us
FLASH_ATTN_EXT dst(64,32,1,1),  q(64,1,32,1),  k(64,256,8,1),  v(64,256,8,1),  m(256,1,1,1): 8 x 10.695 us = 85.56 us (196.087 GFLOPS/s)
GET_ROWS: 24 x 2.01 us = 48.24 us
GLU: 30 x 2.336 us = 70.08 us
MUL: 44 x 2.449 us = 107.76 us
MUL_MAT f32 m=64 n=32 k=64: 16 x 2.12 us = 33.92 us (122.687 GFLOPS/s)
MUL_MAT_ADD MUL_MAT_VEC q4_0_rocmfp4_fast m=2048 n=1 k=10752: 30 x 52.354 us = 1570.64 us (841.15 GFLOPS/s)
MUL_MAT_ADD MUL_MAT_VEC q4_0_rocmfp4_fast m=2048 n=1 k=2048: 8 x 12.805 us = 102.44 us (654.944 GFLOPS/s)
MUL_MAT_VEC f32 m=64 n=8 k=64: 16 x 2.082 us = 33.32 us (31.224 GFLOPS/s)
MUL_MAT_VEC q4_0_rocmfp4_fast m=10752 n=1 k=2048: 60 x 50.774 us = 3046.44 us (867.165 GFLOPS/s)
MUL_MAT_VEC q4_0_rocmfp4_fast m=2048 n=1 k=2048: 30 x 13.826 us = 414.8 us (606.55 GFLOPS/s)
MUL_MAT_VEC q4_0_rocmfp4_fast m=512 n=1 k=2048: 16 x 2.585 us = 41.36 us (811.079 GFLOPS/s)
MUL_MAT_VEC q4_0_rocmfp4_fast m=6144 n=1 k=2048: 22 x 31.636 us = 696 us (795.277 GFLOPS/s)
MUL_MAT_VEC q6_K m=128000 n=1 k=2048: 1 x 876.92 us = 876.92 us (597.728 GFLOPS/s)
RMS_NORM_MUL RMS_NORM(2048,1,1,1): 61 x 3.745 us = 228.48 us
RMS_NORM_MUL_ROPE RMS_NORM(64,32,1,1): 8 x 3.89 us = 31.12 us
RMS_NORM_MUL_ROPE RMS_NORM(64,8,1,1): 8 x 3.41 us = 27.28 us
SET_ROWS: 16 x 1.942 us = 31.08 us
SSM_CONV: 22 x 2.316 us = 50.96 us
Total time: 7648.88 us.
----------------
Vulkan Timings:
ADD: 22 x 2.298 us = 50.56 us
CONCAT: 22 x 2.99 us = 65.8 us
CPY: 22 x 2.274 us = 50.04 us
FLASH_ATTN_EXT dst(64,32,1,1),  q(64,1,32,1),  k(64,256,8,1),  v(64,256,8,1),  m(256,1,1,1): 8 x 10.6 us = 84.8 us (197.845 GFLOPS/s)
GET_ROWS: 24 x 2.075 us = 49.8 us
GLU: 30 x 2.341 us = 70.24 us
MUL: 44 x 2.469 us = 108.64 us
MUL_MAT f32 m=64 n=32 k=64: 16 x 2.157 us = 34.52 us (120.554 GFLOPS/s)
MUL_MAT_ADD MUL_MAT_VEC q4_0_rocmfp4_fast m=2048 n=1 k=10752: 30 x 53.492 us = 1604.76 us (823.266 GFLOPS/s)
MUL_MAT_ADD MUL_MAT_VEC q4_0_rocmfp4_fast m=2048 n=1 k=2048: 8 x 12.94 us = 103.52 us (648.111 GFLOPS/s)
MUL_MAT_VEC f32 m=64 n=8 k=64: 16 x 2.095 us = 33.52 us (31.0377 GFLOPS/s)
MUL_MAT_VEC q4_0_rocmfp4_fast m=10752 n=1 k=2048: 60 x 51.814 us = 3108.84 us (849.76 GFLOPS/s)
MUL_MAT_VEC q4_0_rocmfp4_fast m=2048 n=1 k=2048: 30 x 13.914 us = 417.44 us (602.714 GFLOPS/s)
MUL_MAT_VEC q4_0_rocmfp4_fast m=512 n=1 k=2048: 16 x 2.555 us = 40.88 us (820.603 GFLOPS/s)
MUL_MAT_VEC q4_0_rocmfp4_fast m=6144 n=1 k=2048: 22 x 32.343 us = 711.56 us (777.887 GFLOPS/s)
MUL_MAT_VEC q6_K m=128000 n=1 k=2048: 1 x 880.12 us = 880.12 us (595.555 GFLOPS/s)
RMS_NORM_MUL RMS_NORM(2048,1,1,1): 61 x 3.776 us = 230.36 us
RMS_NORM_MUL_ROPE RMS_NORM(64,32,1,1): 8 x 3.94 us = 31.52 us
RMS_NORM_MUL_ROPE RMS_NORM(64,8,1,1): 8 x 3.445 us = 27.56 us
SET_ROWS: 16 x 2.037 us = 32.6 us
SSM_CONV: 22 x 2.347 us = 51.64 us
Total time: 7788.72 us.
----------------
Vulkan Timings:
ADD: 22 x 2.325 us = 51.16 us
CONCAT: 22 x 2.321 us = 51.08 us
CPY: 22 x 2.3 us = 50.6 us
FLASH_ATTN_EXT dst(64,32,1,1),  q(64,1,32,1),  k(64,256,8,1),  v(64,256,8,1),  m(256,1,1,1): 8 x 10.535 us = 84.28 us (199.065 GFLOPS/s)
GET_ROWS: 24 x 1.993 us = 47.84 us
GLU: 30 x 2.353 us = 70.6 us
MUL: 44 x 2.449 us = 107.76 us
MUL_MAT f32 m=64 n=32 k=64: 16 x 2.112 us = 33.8 us (123.122 GFLOPS/s)
MUL_MAT_ADD MUL_MAT_VEC q4_0_rocmfp4_fast m=2048 n=1 k=10752: 30 x 51.984 us = 1559.52 us (847.148 GFLOPS/s)
MUL_MAT_ADD MUL_MAT_VEC q4_0_rocmfp4_fast m=2048 n=1 k=2048: 8 x 12.775 us = 102.2 us (656.482 GFLOPS/s)
MUL_MAT_VEC f32 m=64 n=8 k=64: 16 x 2.087 us = 33.4 us (31.1492 GFLOPS/s)
MUL_MAT_VEC q4_0_rocmfp4_fast m=10752 n=1 k=2048: 60 x 50.602 us = 3036.16 us (870.101 GFLOPS/s)
MUL_MAT_VEC q4_0_rocmfp4_fast m=2048 n=1 k=2048: 30 x 13.769 us = 413.08 us (609.075 GFLOPS/s)
MUL_MAT_VEC q4_0_rocmfp4_fast m=512 n=1 k=2048: 16 x 2.542 us = 40.68 us (824.637 GFLOPS/s)
MUL_MAT_VEC q4_0_rocmfp4_fast m=6144 n=1 k=2048: 22 x 31.707 us = 697.56 us (793.499 GFLOPS/s)
MUL_MAT_VEC q6_K m=128000 n=1 k=2048: 1 x 871 us = 871 us (601.791 GFLOPS/s)
RMS_NORM_MUL RMS_NORM(2048,1,1,1): 61 x 3.758 us = 229.28 us
RMS_NORM_MUL_ROPE RMS_NORM(64,32,1,1): 8 x 3.89 us = 31.12 us
RMS_NORM_MUL_ROPE RMS_NORM(64,8,1,1): 8 x 3.415 us = 27.32 us
SET_ROWS: 16 x 2 us = 32 us
SSM_CONV: 22 x 2.329 us = 51.24 us
Total time: 7621.68 us.
----------------
Vulkan Timings:
ADD: 22 x 2.318 us = 51 us
CONCAT: 22 x 2.307 us = 50.76 us
CPY: 22 x 2.3 us = 50.6 us
FLASH_ATTN_EXT dst(64,32,1,1),  q(64,1,32,1),  k(64,256,8,1),  v(64,256,8,1),  m(256,1,1,1): 8 x 10.59 us = 84.72 us (198.031 GFLOPS/s)
GET_ROWS: 24 x 2.008 us = 48.2 us
GLU: 30 x 2.393 us = 71.8 us
MUL: 44 x 2.46 us = 108.24 us
MUL_MAT f32 m=64 n=32 k=64: 16 x 2.122 us = 33.96 us (122.542 GFLOPS/s)
MUL_MAT_ADD MUL_MAT_VEC q4_0_rocmfp4_fast m=2048 n=1 k=10752: 30 x 52.129 us = 1563.88 us (844.786 GFLOPS/s)
MUL_MAT_ADD MUL_MAT_VEC q4_0_rocmfp4_fast m=2048 n=1 k=2048: 8 x 12.76 us = 102.08 us (657.254 GFLOPS/s)
MUL_MAT_VEC f32 m=64 n=8 k=64: 16 x 2.097 us = 33.56 us (31.0007 GFLOPS/s)
MUL_MAT_VEC q4_0_rocmfp4_fast m=10752 n=1 k=2048: 60 x 51.093 us = 3065.6 us (861.745 GFLOPS/s)
MUL_MAT_VEC q4_0_rocmfp4_fast m=2048 n=1 k=2048: 30 x 13.82 us = 414.6 us (606.842 GFLOPS/s)
MUL_MAT_VEC q4_0_rocmfp4_fast m=512 n=1 k=2048: 16 x 2.572 us = 41.16 us (815.02 GFLOPS/s)
MUL_MAT_VEC q4_0_rocmfp4_fast m=6144 n=1 k=2048: 22 x 32.49 us = 714.8 us (774.361 GFLOPS/s)
MUL_MAT_VEC q6_K m=128000 n=1 k=2048: 1 x 881.96 us = 881.96 us (594.313 GFLOPS/s)
RMS_NORM_MUL RMS_NORM(2048,1,1,1): 61 x 3.754 us = 229 us
RMS_NORM_MUL_ROPE RMS_NORM(64,32,1,1): 8 x 3.92 us = 31.36 us
RMS_NORM_MUL_ROPE RMS_NORM(64,8,1,1): 8 x 3.395 us = 27.16 us
SET_ROWS: 16 x 2.007 us = 32.12 us
SSM_CONV: 22 x 2.303 us = 50.68 us
Total time: 7687.24 us.
----------------
Vulkan Timings:
ADD: 22 x 2.298 us = 50.56 us
CONCAT: 22 x 2.318 us = 51 us
CPY: 22 x 2.296 us = 50.52 us
FLASH_ATTN_EXT dst(64,32,1,1),  q(64,1,32,1),  k(64,256,8,1),  v(64,256,8,1),  m(256,1,1,1): 8 x 10.71 us = 85.68 us (195.813 GFLOPS/s)
GET_ROWS: 24 x 1.986 us = 47.68 us
GLU: 30 x 2.346 us = 70.4 us
MUL: 44 x 2.44 us = 107.36 us
MUL_MAT f32 m=64 n=32 k=64: 16 x 2.12 us = 33.92 us (122.687 GFLOPS/s)
MUL_MAT_ADD MUL_MAT_VEC q4_0_rocmfp4_fast m=2048 n=1 k=10752: 30 x 53.19 us = 1595.72 us (827.93 GFLOPS/s)
MUL_MAT_ADD MUL_MAT_VEC q4_0_rocmfp4_fast m=2048 n=1 k=2048: 8 x 12.905 us = 103.24 us (649.869 GFLOPS/s)
MUL_MAT_VEC f32 m=64 n=8 k=64: 16 x 2.087 us = 33.4 us (31.1492 GFLOPS/s)
MUL_MAT_VEC q4_0_rocmfp4_fast m=10752 n=1 k=2048: 60 x 50.988 us = 3059.28 us (863.526 GFLOPS/s)
MUL_MAT_VEC q4_0_rocmfp4_fast m=2048 n=1 k=2048: 30 x 13.758 us = 412.76 us (609.547 GFLOPS/s)
MUL_MAT_VEC q4_0_rocmfp4_fast m=512 n=1 k=2048: 16 x 2.587 us = 41.4 us (810.296 GFLOPS/s)
MUL_MAT_VEC q4_0_rocmfp4_fast m=6144 n=1 k=2048: 22 x 31.716 us = 697.76 us (793.271 GFLOPS/s)
MUL_MAT_VEC q6_K m=128000 n=1 k=2048: 1 x 902.8 us = 902.8 us (580.594 GFLOPS/s)
RMS_NORM_MUL RMS_NORM(2048,1,1,1): 61 x 3.703 us = 225.92 us
RMS_NORM_MUL_ROPE RMS_NORM(64,32,1,1): 8 x 3.905 us = 31.24 us
RMS_NORM_MUL_ROPE RMS_NORM(64,8,1,1): 8 x 3.4 us = 27.2 us
SET_ROWS: 16 x 1.945 us = 31.12 us
SSM_CONV: 22 x 2.307 us = 50.76 us
Total time: 7709.72 us.
----------------
Vulkan Timings:
ADD: 22 x 2.41 us = 53.04 us
CONCAT: 22 x 2.283 us = 50.24 us
CPY: 22 x 2.438 us = 53.64 us
FLASH_ATTN_EXT dst(64,32,1,1),  q(64,1,32,1),  k(64,256,8,1),  v(64,256,8,1),  m(256,1,1,1): 8 x 10.655 us = 85.24 us (196.823 GFLOPS/s)
GET_ROWS: 24 x 1.98 us = 47.52 us
GLU: 30 x 2.322 us = 69.68 us
MUL: 44 x 2.466 us = 108.52 us
MUL_MAT f32 m=64 n=32 k=64: 16 x 2.102 us = 33.64 us (123.708 GFLOPS/s)
MUL_MAT_ADD MUL_MAT_VEC q4_0_rocmfp4_fast m=2048 n=1 k=10752: 30 x 52.848 us = 1585.44 us (833.298 GFLOPS/s)
MUL_MAT_ADD MUL_MAT_VEC q4_0_rocmfp4_fast m=2048 n=1 k=2048: 8 x 12.91 us = 103.28 us (649.617 GFLOPS/s)
MUL_MAT_VEC f32 m=64 n=8 k=64: 16 x 2.27 us = 36.32 us (28.6449 GFLOPS/s)
MUL_MAT_VEC q4_0_rocmfp4_fast m=10752 n=1 k=2048: 60 x 50.806 us = 3048.4 us (866.608 GFLOPS/s)
MUL_MAT_VEC q4_0_rocmfp4_fast m=2048 n=1 k=2048: 30 x 13.865 us = 415.96 us (604.858 GFLOPS/s)
MUL_MAT_VEC q4_0_rocmfp4_fast m=512 n=1 k=2048: 16 x 2.615 us = 41.84 us (801.774 GFLOPS/s)
MUL_MAT_VEC q4_0_rocmfp4_fast m=6144 n=1 k=2048: 22 x 31.718 us = 697.8 us (793.226 GFLOPS/s)
MUL_MAT_VEC q6_K m=128000 n=1 k=2048: 1 x 878.76 us = 878.76 us (596.477 GFLOPS/s)
RMS_NORM_MUL RMS_NORM(2048,1,1,1): 61 x 3.745 us = 228.48 us
RMS_NORM_MUL_ROPE RMS_NORM(64,32,1,1): 8 x 3.935 us = 31.48 us
RMS_NORM_MUL_ROPE RMS_NORM(64,8,1,1): 8 x 5.37 us = 42.96 us
SET_ROWS: 16 x 1.972 us = 31.56 us
SSM_CONV: 22 x 2.26 us = 49.72 us
Total time: 7693.52 us.
----------------
Vulkan Timings:
ADD: 22 x 2.301 us = 50.64 us
CONCAT: 22 x 2.305 us = 50.72 us
CPY: 22 x 2.298 us = 50.56 us
FLASH_ATTN_EXT dst(64,32,1,1),  q(64,1,32,1),  k(64,256,8,1),  v(64,256,8,1),  m(256,1,1,1): 8 x 10.59 us = 84.72 us (198.031 GFLOPS/s)
GET_ROWS: 24 x 2.68 us = 64.32 us
GLU: 30 x 2.34 us = 70.2 us
MUL: 44 x 2.546 us = 112.04 us
MUL_MAT f32 m=64 n=32 k=64: 16 x 2.165 us = 34.64 us (120.137 GFLOPS/s)
MUL_MAT_ADD MUL_MAT_VEC q4_0_rocmfp4_fast m=2048 n=1 k=10752: 30 x 52.841 us = 1585.24 us (833.403 GFLOPS/s)
MUL_MAT_ADD MUL_MAT_VEC q4_0_rocmfp4_fast m=2048 n=1 k=2048: 8 x 12.76 us = 102.08 us (657.254 GFLOPS/s)
MUL_MAT_VEC f32 m=64 n=8 k=64: 16 x 2.077 us = 33.24 us (31.2992 GFLOPS/s)
MUL_MAT_VEC q4_0_rocmfp4_fast m=10752 n=1 k=2048: 60 x 51.818 us = 3109.08 us (849.694 GFLOPS/s)
MUL_MAT_VEC q4_0_rocmfp4_fast m=2048 n=1 k=2048: 30 x 13.797 us = 413.92 us (607.839 GFLOPS/s)
MUL_MAT_VEC q4_0_rocmfp4_fast m=512 n=1 k=2048: 16 x 2.602 us = 41.64 us (805.625 GFLOPS/s)
MUL_MAT_VEC q4_0_rocmfp4_fast m=6144 n=1 k=2048: 22 x 31.769 us = 698.92 us (791.955 GFLOPS/s)
MUL_MAT_VEC q6_K m=128000 n=1 k=2048: 1 x 880.28 us = 880.28 us (595.447 GFLOPS/s)
RMS_NORM_MUL RMS_NORM(2048,1,1,1): 61 x 4.215 us = 257.16 us
RMS_NORM_MUL_ROPE RMS_NORM(64,32,1,1): 8 x 3.865 us = 30.92 us
RMS_NORM_MUL_ROPE RMS_NORM(64,8,1,1): 8 x 3.42 us = 27.36 us
SET_ROWS: 16 x 2.015 us = 32.24 us
SSM_CONV: 22 x 2.298 us = 50.56 us
Total time: 7780.48 us.
----------------
Vulkan Timings:
ADD: 22 x 2.316 us = 50.96 us
CONCAT: 22 x 2.33 us = 51.28 us
CPY: 22 x 2.296 us = 50.52 us
FLASH_ATTN_EXT dst(64,32,1,1),  q(64,1,32,1),  k(64,256,8,1),  v(64,256,8,1),  m(256,1,1,1): 8 x 10.56 us = 84.48 us (198.594 GFLOPS/s)
GET_ROWS: 24 x 1.998 us = 47.96 us
GLU: 30 x 2.338 us = 70.16 us
MUL: 44 x 2.444 us = 107.56 us
MUL_MAT f32 m=64 n=32 k=64: 16 x 2.13 us = 34.08 us (122.111 GFLOPS/s)
MUL_MAT_ADD MUL_MAT_VEC q4_0_rocmfp4_fast m=2048 n=1 k=10752: 30 x 52.072 us = 1562.16 us (845.716 GFLOPS/s)
MUL_MAT_ADD MUL_MAT_VEC q4_0_rocmfp4_fast m=2048 n=1 k=2048: 8 x 12.78 us = 102.24 us (656.225 GFLOPS/s)
MUL_MAT_VEC f32 m=64 n=8 k=64: 16 x 2.09 us = 33.44 us (31.112 GFLOPS/s)
MUL_MAT_VEC q4_0_rocmfp4_fast m=10752 n=1 k=2048: 60 x 50.715 us = 3042.92 us (868.168 GFLOPS/s)
MUL_MAT_VEC q4_0_rocmfp4_fast m=2048 n=1 k=2048: 30 x 13.79 us = 413.72 us (608.133 GFLOPS/s)
MUL_MAT_VEC q4_0_rocmfp4_fast m=512 n=1 k=2048: 16 x 2.557 us = 40.92 us (819.801 GFLOPS/s)
MUL_MAT_VEC q4_0_rocmfp4_fast m=6144 n=1 k=2048: 22 x 31.665 us = 696.64 us (794.547 GFLOPS/s)
MUL_MAT_VEC q6_K m=128000 n=1 k=2048: 1 x 894.32 us = 894.32 us (586.099 GFLOPS/s)
RMS_NORM_MUL RMS_NORM(2048,1,1,1): 61 x 4.118 us = 251.24 us
RMS_NORM_MUL_ROPE RMS_NORM(64,32,1,1): 8 x 3.885 us = 31.08 us
RMS_NORM_MUL_ROPE RMS_NORM(64,8,1,1): 8 x 3.405 us = 27.24 us
SET_ROWS: 16 x 1.992 us = 31.88 us
SSM_CONV: 22 x 2.323 us = 51.12 us
Total time: 7675.92 us.
----------------
Vulkan Timings:
ADD: 22 x 2.887 us = 63.52 us
CONCAT: 22 x 2.325 us = 51.16 us
CPY: 22 x 2.316 us = 50.96 us
FLASH_ATTN_EXT dst(64,32,1,1),  q(64,1,32,1),  k(64,256,8,1),  v(64,256,8,1),  m(256,1,1,1): 8 x 10.64 us = 85.12 us (197.101 GFLOPS/s)
GET_ROWS: 24 x 1.996 us = 47.92 us
GLU: 30 x 2.308 us = 69.24 us
MUL: 44 x 2.452 us = 107.92 us
MUL_MAT f32 m=64 n=32 k=64: 16 x 2.122 us = 33.96 us (122.542 GFLOPS/s)
MUL_MAT_ADD MUL_MAT_VEC q4_0_rocmfp4_fast m=2048 n=1 k=10752: 30 x 52.268 us = 1568.04 us (842.545 GFLOPS/s)
MUL_MAT_ADD MUL_MAT_VEC q4_0_rocmfp4_fast m=2048 n=1 k=2048: 8 x 12.795 us = 102.36 us (655.456 GFLOPS/s)
MUL_MAT_VEC f32 m=64 n=8 k=64: 16 x 2.115 us = 33.84 us (30.7442 GFLOPS/s)
MUL_MAT_VEC q4_0_rocmfp4_fast m=10752 n=1 k=2048: 60 x 50.782 us = 3046.96 us (867.017 GFLOPS/s)
MUL_MAT_VEC q4_0_rocmfp4_fast m=2048 n=1 k=2048: 30 x 13.896 us = 416.88 us (603.523 GFLOPS/s)
MUL_MAT_VEC q4_0_rocmfp4_fast m=512 n=1 k=2048: 16 x 2.567 us = 41.08 us (816.608 GFLOPS/s)
MUL_MAT_VEC q4_0_rocmfp4_fast m=6144 n=1 k=2048: 22 x 32.356 us = 711.84 us (777.581 GFLOPS/s)
MUL_MAT_VEC q6_K m=128000 n=1 k=2048: 1 x 881.28 us = 881.28 us (594.771 GFLOPS/s)
RMS_NORM_MUL RMS_NORM(2048,1,1,1): 61 x 3.996 us = 243.8 us
RMS_NORM_MUL_ROPE RMS_NORM(64,32,1,1): 8 x 3.875 us = 31 us
RMS_NORM_MUL_ROPE RMS_NORM(64,8,1,1): 8 x 3.395 us = 27.16 us
SET_ROWS: 16 x 1.987 us = 31.8 us
SSM_CONV: 22 x 2.33 us = 51.28 us
Total time: 7697.12 us.
----------------
Vulkan Timings:
ADD: 22 x 2.378 us = 52.32 us
CONCAT: 22 x 2.332 us = 51.32 us
CPY: 22 x 2.31 us = 50.84 us
FLASH_ATTN_EXT dst(64,32,1,1),  q(64,1,32,1),  k(64,256,8,1),  v(64,256,8,1),  m(256,1,1,1): 8 x 10.695 us = 85.56 us (196.087 GFLOPS/s)
GET_ROWS: 24 x 2.798 us = 67.16 us
GLU: 30 x 2.349 us = 70.48 us
MUL: 44 x 2.451 us = 107.88 us
MUL_MAT f32 m=64 n=32 k=64: 16 x 2.17 us = 34.72 us (119.86 GFLOPS/s)
MUL_MAT_ADD MUL_MAT_VEC q4_0_rocmfp4_fast m=2048 n=1 k=10752: 30 x 52.556 us = 1576.68 us (837.928 GFLOPS/s)
MUL_MAT_ADD MUL_MAT_VEC q4_0_rocmfp4_fast m=2048 n=1 k=2048: 8 x 12.855 us = 102.84 us (652.397 GFLOPS/s)
MUL_MAT_VEC f32 m=64 n=8 k=64: 16 x 2.09 us = 33.44 us (31.112 GFLOPS/s)
MUL_MAT_VEC q4_0_rocmfp4_fast m=10752 n=1 k=2048: 60 x 50.798 us = 3047.88 us (866.755 GFLOPS/s)
MUL_MAT_VEC q4_0_rocmfp4_fast m=2048 n=1 k=2048: 30 x 13.782 us = 413.48 us (608.486 GFLOPS/s)
MUL_MAT_VEC q4_0_rocmfp4_fast m=512 n=1 k=2048: 16 x 2.6 us = 41.6 us (806.4 GFLOPS/s)
MUL_MAT_VEC q4_0_rocmfp4_fast m=6144 n=1 k=2048: 22 x 32.136 us = 707 us (782.904 GFLOPS/s)
MUL_MAT_VEC q6_K m=128000 n=1 k=2048: 1 x 924.24 us = 924.24 us (567.125 GFLOPS/s)
RMS_NORM_MUL RMS_NORM(2048,1,1,1): 61 x 3.999 us = 243.96 us
RMS_NORM_MUL_ROPE RMS_NORM(64,32,1,1): 8 x 3.87 us = 30.96 us
RMS_NORM_MUL_ROPE RMS_NORM(64,8,1,1): 8 x 3.395 us = 27.16 us
SET_ROWS: 16 x 1.957 us = 31.32 us
SSM_CONV: 22 x 2.34 us = 51.48 us
Total time: 7752.32 us.
----------------
Vulkan Timings:
ADD: 22 x 2.325 us = 51.16 us
CONCAT: 22 x 2.318 us = 51 us
CPY: 22 x 2.3 us = 50.6 us
FLASH_ATTN_EXT dst(64,32,1,1),  q(64,1,32,1),  k(64,256,8,1),  v(64,256,8,1),  m(256,1,1,1): 8 x 10.635 us = 85.08 us (197.193 GFLOPS/s)
GET_ROWS: 24 x 1.991 us = 47.8 us
GLU: 30 x 2.35 us = 70.52 us
MUL: 44 x 2.448 us = 107.72 us
MUL_MAT f32 m=64 n=32 k=64: 16 x 2.14 us = 34.24 us (121.54 GFLOPS/s)
MUL_MAT_ADD MUL_MAT_VEC q4_0_rocmfp4_fast m=2048 n=1 k=10752: 30 x 51.985 us = 1559.56 us (847.126 GFLOPS/s)
MUL_MAT_ADD MUL_MAT_VEC q4_0_rocmfp4_fast m=2048 n=1 k=2048: 8 x 12.68 us = 101.44 us (661.401 GFLOPS/s)
MUL_MAT_VEC f32 m=64 n=8 k=64: 16 x 2.1 us = 33.6 us (30.9638 GFLOPS/s)
MUL_MAT_VEC q4_0_rocmfp4_fast m=10752 n=1 k=2048: 60 x 50.62 us = 3037.24 us (869.792 GFLOPS/s)
MUL_MAT_VEC q4_0_rocmfp4_fast m=2048 n=1 k=2048: 30 x 13.79 us = 413.72 us (608.133 GFLOPS/s)
MUL_MAT_VEC q4_0_rocmfp4_fast m=512 n=1 k=2048: 16 x 2.572 us = 41.16 us (815.02 GFLOPS/s)
MUL_MAT_VEC q4_0_rocmfp4_fast m=6144 n=1 k=2048: 22 x 31.718 us = 697.8 us (793.226 GFLOPS/s)
MUL_MAT_VEC q6_K m=128000 n=1 k=2048: 1 x 878.92 us = 878.92 us (596.368 GFLOPS/s)
RMS_NORM_MUL RMS_NORM(2048,1,1,1): 61 x 3.737 us = 228 us
RMS_NORM_MUL_ROPE RMS_NORM(64,32,1,1): 8 x 3.83 us = 30.64 us
RMS_NORM_MUL_ROPE RMS_NORM(64,8,1,1): 8 x 3.39 us = 27.12 us
SET_ROWS: 16 x 1.955 us = 31.28 us
SSM_CONV: 22 x 2.32 us = 51.04 us
Total time: 7629.64 us.
----------------
Vulkan Timings:
ADD: 22 x 2.445 us = 53.8 us
CONCAT: 22 x 2.303 us = 50.68 us
CPY: 22 x 2.292 us = 50.44 us
FLASH_ATTN_EXT dst(64,32,1,1),  q(64,1,32,1),  k(64,256,8,1),  v(64,256,8,1),  m(256,1,1,1): 8 x 12.04 us = 96.32 us (174.182 GFLOPS/s)
GET_ROWS: 24 x 2.638 us = 63.32 us
GLU: 30 x 2.544 us = 76.32 us
MUL: 44 x 2.481 us = 109.2 us
MUL_MAT f32 m=64 n=32 k=64: 16 x 2.157 us = 34.52 us (120.554 GFLOPS/s)
MUL_MAT_ADD MUL_MAT_VEC q4_0_rocmfp4_fast m=2048 n=1 k=10752: 30 x 52.197 us = 1565.92 us (843.686 GFLOPS/s)
MUL_MAT_ADD MUL_MAT_VEC q4_0_rocmfp4_fast m=2048 n=1 k=2048: 8 x 12.925 us = 103.4 us (648.863 GFLOPS/s)
MUL_MAT_VEC f32 m=64 n=8 k=64: 16 x 2.117 us = 33.88 us (30.7079 GFLOPS/s)
MUL_MAT_VEC q4_0_rocmfp4_fast m=10752 n=1 k=2048: 60 x 51.596 us = 3095.8 us (853.339 GFLOPS/s)
MUL_MAT_VEC q4_0_rocmfp4_fast m=2048 n=1 k=2048: 30 x 14.097 us = 422.92 us (594.904 GFLOPS/s)
MUL_MAT_VEC q4_0_rocmfp4_fast m=512 n=1 k=2048: 16 x 2.602 us = 41.64 us (805.625 GFLOPS/s)
MUL_MAT_VEC q4_0_rocmfp4_fast m=6144 n=1 k=2048: 22 x 31.774 us = 699.04 us (791.819 GFLOPS/s)
MUL_MAT_VEC q6_K m=128000 n=1 k=2048: 1 x 881.08 us = 881.08 us (594.906 GFLOPS/s)
RMS_NORM_MUL RMS_NORM(2048,1,1,1): 61 x 3.923 us = 239.36 us
RMS_NORM_MUL_ROPE RMS_NORM(64,32,1,1): 8 x 3.965 us = 31.72 us
RMS_NORM_MUL_ROPE RMS_NORM(64,8,1,1): 8 x 3.47 us = 27.76 us
SET_ROWS: 16 x 2.137 us = 34.2 us
SSM_CONV: 22 x 2.305 us = 50.72 us
Total time: 7762.04 us.
----------------
Vulkan Timings:
ADD: 22 x 2.95 us = 64.92 us
CONCAT: 22 x 2.316 us = 50.96 us
CPY: 22 x 2.294 us = 50.48 us
FLASH_ATTN_EXT dst(64,32,1,1),  q(64,1,32,1),  k(64,256,8,1),  v(64,256,8,1),  m(256,1,1,1): 8 x 10.38 us = 83.04 us (202.038 GFLOPS/s)
GET_ROWS: 24 x 1.945 us = 46.68 us
GLU: 30 x 2.328 us = 69.84 us
MUL: 44 x 2.43 us = 106.96 us
MUL_MAT f32 m=64 n=32 k=64: 16 x 2.105 us = 33.68 us (123.561 GFLOPS/s)
MUL_MAT_ADD MUL_MAT_VEC q4_0_rocmfp4_fast m=2048 n=1 k=10752: 30 x 52.106 us = 1563.2 us (845.154 GFLOPS/s)
MUL_MAT_ADD MUL_MAT_VEC q4_0_rocmfp4_fast m=2048 n=1 k=2048: 8 x 12.73 us = 101.84 us (658.803 GFLOPS/s)
MUL_MAT_VEC f32 m=64 n=8 k=64: 16 x 2.14 us = 34.24 us (30.385 GFLOPS/s)
MUL_MAT_VEC q4_0_rocmfp4_fast m=10752 n=1 k=2048: 60 x 50.638 us = 3038.28 us (869.494 GFLOPS/s)
MUL_MAT_VEC q4_0_rocmfp4_fast m=2048 n=1 k=2048: 30 x 13.826 us = 414.8 us (606.55 GFLOPS/s)
MUL_MAT_VEC q4_0_rocmfp4_fast m=512 n=1 k=2048: 16 x 2.592 us = 41.48 us (808.733 GFLOPS/s)
MUL_MAT_VEC q4_0_rocmfp4_fast m=6144 n=1 k=2048: 22 x 31.689 us = 697.16 us (793.954 GFLOPS/s)
MUL_MAT_VEC q6_K m=128000 n=1 k=2048: 1 x 900.44 us = 900.44 us (582.115 GFLOPS/s)
RMS_NORM_MUL RMS_NORM(2048,1,1,1): 61 x 3.791 us = 231.28 us
RMS_NORM_MUL_ROPE RMS_NORM(64,32,1,1): 8 x 3.89 us = 31.12 us
RMS_NORM_MUL_ROPE RMS_NORM(64,8,1,1): 8 x 3.29 us = 26.32 us
SET_ROWS: 16 x 2.1 us = 33.6 us
SSM_CONV: 22 x 2.31 us = 50.84 us
Total time: 7671.16 us.
----------------
Vulkan Timings:
ADD: 22 x 2.321 us = 51.08 us
CONCAT: 22 x 2.329 us = 51.24 us
CPY: 22 x 2.318 us = 51 us
FLASH_ATTN_EXT dst(64,32,1,1),  q(64,1,32,1),  k(64,256,8,1),  v(64,256,8,1),  m(256,1,1,1): 8 x 10.455 us = 83.64 us (200.588 GFLOPS/s)
GET_ROWS: 24 x 2 us = 48 us
GLU: 30 x 2.336 us = 70.08 us
MUL: 44 x 2.462 us = 108.36 us
MUL_MAT f32 m=64 n=32 k=64: 16 x 2.175 us = 34.8 us (119.584 GFLOPS/s)
MUL_MAT_ADD MUL_MAT_VEC q4_0_rocmfp4_fast m=2048 n=1 k=10752: 30 x 52.045 us = 1561.36 us (846.15 GFLOPS/s)
MUL_MAT_ADD MUL_MAT_VEC q4_0_rocmfp4_fast m=2048 n=1 k=2048: 8 x 12.675 us = 101.4 us (661.662 GFLOPS/s)
MUL_MAT_VEC f32 m=64 n=8 k=64: 16 x 2.1 us = 33.6 us (30.9638 GFLOPS/s)
MUL_MAT_VEC q4_0_rocmfp4_fast m=10752 n=1 k=2048: 60 x 50.775 us = 3046.52 us (867.142 GFLOPS/s)
MUL_MAT_VEC q4_0_rocmfp4_fast m=2048 n=1 k=2048: 30 x 13.768 us = 413.04 us (609.134 GFLOPS/s)
MUL_MAT_VEC q4_0_rocmfp4_fast m=512 n=1 k=2048: 16 x 2.587 us = 41.4 us (810.296 GFLOPS/s)
MUL_MAT_VEC q4_0_rocmfp4_fast m=6144 n=1 k=2048: 22 x 32.061 us = 705.36 us (784.724 GFLOPS/s)
MUL_MAT_VEC q6_K m=128000 n=1 k=2048: 1 x 880.8 us = 880.8 us (595.095 GFLOPS/s)
RMS_NORM_MUL RMS_NORM(2048,1,1,1): 61 x 3.718 us = 226.84 us
RMS_NORM_MUL_ROPE RMS_NORM(64,32,1,1): 8 x 3.9 us = 31.2 us
RMS_NORM_MUL_ROPE RMS_NORM(64,8,1,1): 8 x 3.44 us = 27.52 us
SET_ROWS: 16 x 2.015 us = 32.24 us
SSM_CONV: 22 x 2.325 us = 51.16 us
Total time: 7650.64 us.
----------------
Vulkan Timings:
ADD: 22 x 2.618 us = 57.6 us
CONCAT: 22 x 2.614 us = 57.52 us
CPY: 22 x 2.601 us = 57.24 us
FLASH_ATTN_EXT dst(64,32,1,1),  q(64,1,32,1),  k(64,256,8,1),  v(64,256,8,1),  m(256,1,1,1): 8 x 13.045 us = 104.36 us (160.763 GFLOPS/s)
GET_ROWS: 24 x 2.183 us = 52.4 us
GLU: 30 x 2.582 us = 77.48 us
MUL: 44 x 2.693 us = 118.52 us
MUL_MAT f32 m=64 n=32 k=64: 16 x 2.267 us = 36.28 us (114.706 GFLOPS/s)
MUL_MAT_ADD MUL_MAT_VEC q4_0_rocmfp4_fast m=2048 n=1 k=10752: 30 x 53.546 us = 1606.4 us (822.425 GFLOPS/s)
MUL_MAT_ADD MUL_MAT_VEC q4_0_rocmfp4_fast m=2048 n=1 k=2048: 8 x 13.13 us = 105.04 us (638.733 GFLOPS/s)
MUL_MAT_VEC f32 m=64 n=8 k=64: 16 x 1.965 us = 31.44 us (33.0911 GFLOPS/s)
MUL_MAT_VEC q4_0_rocmfp4_fast m=10752 n=1 k=2048: 60 x 51.958 us = 3117.48 us (847.404 GFLOPS/s)
MUL_MAT_VEC q4_0_rocmfp4_fast m=2048 n=1 k=2048: 30 x 14.508 us = 435.24 us (578.065 GFLOPS/s)
MUL_MAT_VEC q4_0_rocmfp4_fast m=512 n=1 k=2048: 16 x 2.837 us = 45.4 us (738.904 GFLOPS/s)
MUL_MAT_VEC q4_0_rocmfp4_fast m=6144 n=1 k=2048: 22 x 32.905 us = 723.92 us (764.605 GFLOPS/s)
MUL_MAT_VEC q6_K m=128000 n=1 k=2048: 1 x 881.32 us = 881.32 us (594.744 GFLOPS/s)
RMS_NORM_MUL RMS_NORM(2048,1,1,1): 61 x 4.487 us = 273.72 us
RMS_NORM_MUL_ROPE RMS_NORM(64,32,1,1): 8 x 4.51 us = 36.08 us
RMS_NORM_MUL_ROPE RMS_NORM(64,8,1,1): 8 x 3.905 us = 31.24 us
SET_ROWS: 16 x 2.555 us = 40.88 us
SSM_CONV: 22 x 2.678 us = 58.92 us
Total time: 7948.48 us.
----------------
Vulkan Timings:
ADD: 22 x 2.758 us = 60.68 us
CONCAT: 22 x 2.77 us = 60.96 us
CPY: 22 x 2.741 us = 60.32 us
FLASH_ATTN_EXT dst(64,32,1,1),  q(64,1,32,1),  k(64,256,8,1),  v(64,256,8,1),  m(256,1,1,1): 8 x 13.85 us = 110.8 us (151.419 GFLOPS/s)
GET_ROWS: 24 x 2.43 us = 58.32 us
GLU: 30 x 2.925 us = 87.76 us
MUL: 44 x 2.906 us = 127.88 us
MUL_MAT f32 m=64 n=32 k=64: 16 x 2.25 us = 36 us (115.598 GFLOPS/s)
MUL_MAT_ADD MUL_MAT_VEC q4_0_rocmfp4_fast m=2048 n=1 k=10752: 30 x 54.362 us = 1630.88 us (810.081 GFLOPS/s)
MUL_MAT_ADD MUL_MAT_VEC q4_0_rocmfp4_fast m=2048 n=1 k=2048: 8 x 13.62 us = 108.96 us (615.753 GFLOPS/s)
MUL_MAT_VEC f32 m=64 n=8 k=64: 16 x 2.41 us = 38.56 us (26.9809 GFLOPS/s)
MUL_MAT_VEC q4_0_rocmfp4_fast m=10752 n=1 k=2048: 60 x 52.41 us = 3144.6 us (840.096 GFLOPS/s)
MUL_MAT_VEC q4_0_rocmfp4_fast m=2048 n=1 k=2048: 30 x 14.872 us = 446.16 us (563.916 GFLOPS/s)
MUL_MAT_VEC q4_0_rocmfp4_fast m=512 n=1 k=2048: 16 x 3.352 us = 53.64 us (625.396 GFLOPS/s)
MUL_MAT_VEC q4_0_rocmfp4_fast m=6144 n=1 k=2048: 22 x 33.492 us = 736.84 us (751.198 GFLOPS/s)
MUL_MAT_VEC q6_K m=128000 n=1 k=2048: 1 x 875.36 us = 875.36 us (598.794 GFLOPS/s)
RMS_NORM_MUL RMS_NORM(2048,1,1,1): 61 x 4.66 us = 284.28 us
RMS_NORM_MUL_ROPE RMS_NORM(64,32,1,1): 8 x 4.775 us = 38.2 us
RMS_NORM_MUL_ROPE RMS_NORM(64,8,1,1): 8 x 4.16 us = 33.28 us
SET_ROWS: 16 x 2.195 us = 35.12 us
SSM_CONV: 22 x 2.758 us = 60.68 us
Total time: 8089.28 us.
----------------
Vulkan Timings:
ADD: 22 x 2.683 us = 59.04 us
CONCAT: 22 x 2.667 us = 58.68 us
CPY: 22 x 2.63 us = 57.88 us
FLASH_ATTN_EXT dst(64,32,1,1),  q(64,1,32,1),  k(64,256,8,1),  v(64,256,8,1),  m(256,1,1,1): 8 x 13.15 us = 105.2 us (159.479 GFLOPS/s)
GET_ROWS: 24 x 2.243 us = 53.84 us
GLU: 30 x 3.104 us = 93.12 us
MUL: 44 x 2.799 us = 123.16 us
MUL_MAT f32 m=64 n=32 k=64: 16 x 2.395 us = 38.32 us (108.6 GFLOPS/s)
MUL_MAT_ADD MUL_MAT_VEC q4_0_rocmfp4_fast m=2048 n=1 k=10752: 30 x 53.25 us = 1597.52 us (826.997 GFLOPS/s)
MUL_MAT_ADD MUL_MAT_VEC q4_0_rocmfp4_fast m=2048 n=1 k=2048: 8 x 13.245 us = 105.96 us (633.187 GFLOPS/s)
MUL_MAT_VEC f32 m=64 n=8 k=64: 16 x 2 us = 32 us (32.512 GFLOPS/s)
MUL_MAT_VEC q4_0_rocmfp4_fast m=10752 n=1 k=2048: 60 x 51.932 us = 3115.96 us (847.818 GFLOPS/s)
MUL_MAT_VEC q4_0_rocmfp4_fast m=2048 n=1 k=2048: 30 x 14.57 us = 437.12 us (575.578 GFLOPS/s)
MUL_MAT_VEC q4_0_rocmfp4_fast m=512 n=1 k=2048: 16 x 2.92 us = 46.72 us (718.027 GFLOPS/s)
MUL_MAT_VEC q4_0_rocmfp4_fast m=6144 n=1 k=2048: 22 x 32.689 us = 719.16 us (769.666 GFLOPS/s)
MUL_MAT_VEC q6_K m=128000 n=1 k=2048: 1 x 874.92 us = 874.92 us (599.095 GFLOPS/s)
RMS_NORM_MUL RMS_NORM(2048,1,1,1): 61 x 4.411 us = 269.08 us
RMS_NORM_MUL_ROPE RMS_NORM(64,32,1,1): 8 x 4.575 us = 36.6 us
RMS_NORM_MUL_ROPE RMS_NORM(64,8,1,1): 8 x 6.035 us = 48.28 us
SET_ROWS: 16 x 2.715 us = 43.44 us
SSM_CONV: 22 x 2.652 us = 58.36 us
Total time: 7974.36 us.
----------------
Vulkan Timings:
ADD: 22 x 2.878 us = 63.32 us
CONCAT: 22 x 2.88 us = 63.36 us
CPY: 22 x 2.861 us = 62.96 us
FLASH_ATTN_EXT dst(64,32,1,1),  q(64,1,32,1),  k(64,256,8,1),  v(64,256,8,1),  m(256,1,1,1): 8 x 14.025 us = 112.2 us (149.53 GFLOPS/s)
GET_ROWS: 24 x 2.438 us = 58.52 us
GLU: 30 x 2.878 us = 86.36 us
MUL: 44 x 3.038 us = 133.68 us
MUL_MAT f32 m=64 n=32 k=64: 16 x 2.355 us = 37.68 us (110.444 GFLOPS/s)
MUL_MAT_ADD MUL_MAT_VEC q4_0_rocmfp4_fast m=2048 n=1 k=10752: 30 x 54.618 us = 1638.56 us (806.284 GFLOPS/s)
MUL_MAT_ADD MUL_MAT_VEC q4_0_rocmfp4_fast m=2048 n=1 k=2048: 8 x 13.775 us = 110.2 us (608.825 GFLOPS/s)
MUL_MAT_VEC f32 m=64 n=8 k=64: 16 x 2.562 us = 41 us (25.3752 GFLOPS/s)
MUL_MAT_VEC q4_0_rocmfp4_fast m=10752 n=1 k=2048: 60 x 52.833 us = 3170 us (833.365 GFLOPS/s)
MUL_MAT_VEC q4_0_rocmfp4_fast m=2048 n=1 k=2048: 30 x 14.912 us = 447.36 us (562.403 GFLOPS/s)
MUL_MAT_VEC q4_0_rocmfp4_fast m=512 n=1 k=2048: 16 x 3.57 us = 57.12 us (587.294 GFLOPS/s)
MUL_MAT_VEC q4_0_rocmfp4_fast m=6144 n=1 k=2048: 22 x 34.272 us = 754 us (734.102 GFLOPS/s)
MUL_MAT_VEC q6_K m=128000 n=1 k=2048: 1 x 873.6 us = 873.6 us (600 GFLOPS/s)
RMS_NORM_MUL RMS_NORM(2048,1,1,1): 61 x 4.908 us = 299.44 us
RMS_NORM_MUL_ROPE RMS_NORM(64,32,1,1): 8 x 4.96 us = 39.68 us
RMS_NORM_MUL_ROPE RMS_NORM(64,8,1,1): 8 x 4.34 us = 34.72 us
SET_ROWS: 16 x 2.482 us = 39.72 us
SSM_CONV: 22 x 2.876 us = 63.28 us
Total time: 8186.76 us.
----------------
Vulkan Timings:
ADD: 22 x 3.07 us = 67.56 us
CONCAT: 22 x 2.745 us = 60.4 us
CPY: 22 x 2.669 us = 58.72 us
FLASH_ATTN_EXT dst(64,32,1,1),  q(64,1,32,1),  k(64,256,8,1),  v(64,256,8,1),  m(256,1,1,1): 8 x 13.72 us = 109.76 us (152.854 GFLOPS/s)
GET_ROWS: 24 x 2.288 us = 54.92 us
GLU: 30 x 2.728 us = 81.84 us
MUL: 44 x 2.881 us = 126.8 us
MUL_MAT f32 m=64 n=32 k=64: 16 x 2.282 us = 36.52 us (113.952 GFLOPS/s)
MUL_MAT_ADD MUL_MAT_VEC q4_0_rocmfp4_fast m=2048 n=1 k=10752: 30 x 54.112 us = 1623.36 us (813.833 GFLOPS/s)
MUL_MAT_ADD MUL_MAT_VEC q4_0_rocmfp4_fast m=2048 n=1 k=2048: 8 x 13.39 us = 107.12 us (626.33 GFLOPS/s)
MUL_MAT_VEC f32 m=64 n=8 k=64: 16 x 2.275 us = 36.4 us (28.582 GFLOPS/s)
MUL_MAT_VEC q4_0_rocmfp4_fast m=10752 n=1 k=2048: 60 x 52.695 us = 3161.72 us (835.547 GFLOPS/s)
MUL_MAT_VEC q4_0_rocmfp4_fast m=2048 n=1 k=2048: 30 x 14.782 us = 443.48 us (567.324 GFLOPS/s)
MUL_MAT_VEC q4_0_rocmfp4_fast m=512 n=1 k=2048: 16 x 3.03 us = 48.48 us (691.96 GFLOPS/s)
MUL_MAT_VEC q4_0_rocmfp4_fast m=6144 n=1 k=2048: 22 x 34.665 us = 762.64 us (725.785 GFLOPS/s)
MUL_MAT_VEC q6_K m=128000 n=1 k=2048: 1 x 881.88 us = 881.88 us (594.367 GFLOPS/s)
RMS_NORM_MUL RMS_NORM(2048,1,1,1): 61 x 4.775 us = 291.28 us
RMS_NORM_MUL_ROPE RMS_NORM(64,32,1,1): 8 x 4.785 us = 38.28 us
RMS_NORM_MUL_ROPE RMS_NORM(64,8,1,1): 8 x 4.125 us = 33 us
SET_ROWS: 16 x 2.34 us = 37.44 us
SSM_CONV: 22 x 2.807 us = 61.76 us
Total time: 8123.36 us.
----------------
Vulkan Timings:
ADD: 22 x 2.38 us = 52.36 us
CONCAT: 22 x 2.469 us = 54.32 us
CPY: 22 x 2.392 us = 52.64 us
FLASH_ATTN_EXT dst(64,32,1,1),  q(64,1,32,1),  k(64,256,8,1),  v(64,256,8,1),  m(256,1,1,1): 8 x 10.695 us = 85.56 us (196.087 GFLOPS/s)
GET_ROWS: 24 x 2.071 us = 49.72 us
GLU: 30 x 2.526 us = 75.8 us
MUL: 44 x 2.515 us = 110.68 us
MUL_MAT f32 m=64 n=32 k=64: 16 x 2.21 us = 35.36 us (117.69 GFLOPS/s)
MUL_MAT_ADD MUL_MAT_VEC q4_0_rocmfp4_fast m=2048 n=1 k=10752: 30 x 54.009 us = 1620.27 us (815.385 GFLOPS/s)
MUL_MAT_ADD MUL_MAT_VEC q4_0_rocmfp4_fast m=2048 n=1 k=2048: 8 x 12.73 us = 101.84 us (658.803 GFLOPS/s)
MUL_MAT_VEC f32 m=64 n=8 k=64: 16 x 2.2 us = 35.2 us (29.5564 GFLOPS/s)
MUL_MAT_VEC q4_0_rocmfp4_fast m=10752 n=1 k=2048: 60 x 54.698 us = 3281.93 us (804.943 GFLOPS/s)
MUL_MAT_VEC q4_0_rocmfp4_fast m=2048 n=1 k=2048: 30 x 13.972 us = 419.16 us (600.24 GFLOPS/s)
MUL_MAT_VEC q4_0_rocmfp4_fast m=512 n=1 k=2048: 16 x 2.592 us = 41.48 us (808.733 GFLOPS/s)
MUL_MAT_VEC q4_0_rocmfp4_fast m=6144 n=1 k=2048: 22 x 31.921 us = 702.28 us (788.166 GFLOPS/s)
MUL_MAT_VEC q6_K m=128000 n=1 k=2048: 1 x 903 us = 903 us (580.465 GFLOPS/s)
RMS_NORM_MUL RMS_NORM(2048,1,1,1): 61 x 3.877 us = 236.52 us
RMS_NORM_MUL_ROPE RMS_NORM(64,32,1,1): 8 x 3.935 us = 31.48 us
RMS_NORM_MUL_ROPE RMS_NORM(64,8,1,1): 8 x 3.47 us = 27.76 us
SET_ROWS: 16 x 2.03 us = 32.48 us
SSM_CONV: 22 x 2.369 us = 52.12 us
Total time: 8001.96 us.
----------------
Vulkan Timings:
ADD: 22 x 2.418 us = 53.2 us
CONCAT: 22 x 2.412 us = 53.08 us
CPY: 22 x 2.416 us = 53.16 us
FLASH_ATTN_EXT dst(64,32,1,1),  q(64,1,32,1),  k(64,256,8,1),  v(64,256,8,1),  m(256,1,1,1): 8 x 10.895 us = 87.16 us (192.488 GFLOPS/s)
GET_ROWS: 24 x 2.508 us = 60.2 us
GLU: 30 x 2.418 us = 72.56 us
MUL: 44 x 2.559 us = 112.6 us
MUL_MAT f32 m=64 n=32 k=64: 16 x 2.217 us = 35.48 us (117.292 GFLOPS/s)
MUL_MAT_ADD MUL_MAT_VEC q4_0_rocmfp4_fast m=2048 n=1 k=10752: 30 x 52.714 us = 1581.44 us (835.406 GFLOPS/s)
MUL_MAT_ADD MUL_MAT_VEC q4_0_rocmfp4_fast m=2048 n=1 k=2048: 8 x 12.735 us = 101.88 us (658.544 GFLOPS/s)
MUL_MAT_VEC f32 m=64 n=8 k=64: 16 x 2.08 us = 33.28 us (31.2615 GFLOPS/s)
MUL_MAT_VEC q4_0_rocmfp4_fast m=10752 n=1 k=2048: 60 x 51.372 us = 3082.32 us (857.071 GFLOPS/s)
MUL_MAT_VEC q4_0_rocmfp4_fast m=2048 n=1 k=2048: 30 x 13.97 us = 419.12 us (600.298 GFLOPS/s)
MUL_MAT_VEC q4_0_rocmfp4_fast m=512 n=1 k=2048: 16 x 2.642 us = 42.28 us (793.43 GFLOPS/s)
MUL_MAT_VEC q4_0_rocmfp4_fast m=6144 n=1 k=2048: 22 x 32.278 us = 710.12 us (779.464 GFLOPS/s)
MUL_MAT_VEC q6_K m=128000 n=1 k=2048: 1 x 873.2 us = 873.2 us (600.275 GFLOPS/s)
RMS_NORM_MUL RMS_NORM(2048,1,1,1): 61 x 4.216 us = 257.2 us
RMS_NORM_MUL_ROPE RMS_NORM(64,32,1,1): 8 x 3.995 us = 31.96 us
RMS_NORM_MUL_ROPE RMS_NORM(64,8,1,1): 8 x 3.585 us = 28.68 us
SET_ROWS: 16 x 2.177 us = 34.84 us
SSM_CONV: 22 x 2.421 us = 53.28 us
Total time: 7777.04 us.
----------------
Vulkan Timings:
ADD: 22 x 2.31 us = 50.84 us
CONCAT: 22 x 2.314 us = 50.92 us
CPY: 22 x 2.312 us = 50.88 us
FLASH_ATTN_EXT dst(64,32,1,1),  q(64,1,32,1),  k(64,256,8,1),  v(64,256,8,1),  m(256,1,1,1): 8 x 10.615 us = 84.92 us (197.565 GFLOPS/s)
GET_ROWS: 24 x 1.996 us = 47.92 us
GLU: 30 x 2.332 us = 69.96 us
MUL: 44 x 2.459 us = 108.2 us
MUL_MAT f32 m=64 n=32 k=64: 16 x 2.13 us = 34.08 us (122.111 GFLOPS/s)
MUL_MAT_ADD MUL_MAT_VEC q4_0_rocmfp4_fast m=2048 n=1 k=10752: 30 x 53.124 us = 1593.72 us (828.969 GFLOPS/s)
MUL_MAT_ADD MUL_MAT_VEC q4_0_rocmfp4_fast m=2048 n=1 k=2048: 8 x 12.755 us = 102.04 us (657.512 GFLOPS/s)
MUL_MAT_VEC f32 m=64 n=8 k=64: 16 x 2.097 us = 33.56 us (31.0007 GFLOPS/s)
MUL_MAT_VEC q4_0_rocmfp4_fast m=10752 n=1 k=2048: 60 x 51.858 us = 3111.52 us (849.028 GFLOPS/s)
MUL_MAT_VEC q4_0_rocmfp4_fast m=2048 n=1 k=2048: 30 x 13.836 us = 415.08 us (606.141 GFLOPS/s)
MUL_MAT_VEC q4_0_rocmfp4_fast m=512 n=1 k=2048: 16 x 2.587 us = 41.4 us (810.296 GFLOPS/s)
MUL_MAT_VEC q4_0_rocmfp4_fast m=6144 n=1 k=2048: 22 x 33.414 us = 735.12 us (752.956 GFLOPS/s)
MUL_MAT_VEC q6_K m=128000 n=1 k=2048: 1 x 880.16 us = 880.16 us (595.528 GFLOPS/s)
RMS_NORM_MUL RMS_NORM(2048,1,1,1): 61 x 3.882 us = 236.84 us
RMS_NORM_MUL_ROPE RMS_NORM(64,32,1,1): 8 x 3.91 us = 31.28 us
RMS_NORM_MUL_ROPE RMS_NORM(64,8,1,1): 8 x 3.415 us = 27.32 us
SET_ROWS: 16 x 2.09 us = 33.44 us
SSM_CONV: 22 x 2.31 us = 50.84 us
Total time: 7790.04 us.
----------------
Vulkan Timings:
ADD: 22 x 2.33 us = 51.28 us
CONCAT: 22 x 2.803 us = 61.68 us
CPY: 22 x 2.325 us = 51.16 us
FLASH_ATTN_EXT dst(64,32,1,1),  q(64,1,32,1),  k(64,256,8,1),  v(64,256,8,1),  m(256,1,1,1): 8 x 11.925 us = 95.4 us (175.862 GFLOPS/s)
GET_ROWS: 24 x 2.731 us = 65.56 us
GLU: 30 x 2.857 us = 85.72 us
MUL: 44 x 2.533 us = 111.48 us
MUL_MAT f32 m=64 n=32 k=64: 16 x 2.137 us = 34.2 us (121.682 GFLOPS/s)
MUL_MAT_ADD MUL_MAT_VEC q4_0_rocmfp4_fast m=2048 n=1 k=10752: 30 x 52.209 us = 1566.28 us (843.492 GFLOPS/s)
MUL_MAT_ADD MUL_MAT_VEC q4_0_rocmfp4_fast m=2048 n=1 k=2048: 8 x 12.72 us = 101.76 us (659.321 GFLOPS/s)
MUL_MAT_VEC f32 m=64 n=8 k=64: 16 x 2.15 us = 34.4 us (30.2437 GFLOPS/s)
MUL_MAT_VEC q4_0_rocmfp4_fast m=10752 n=1 k=2048: 60 x 51.895 us = 3113.72 us (848.428 GFLOPS/s)
MUL_MAT_VEC q4_0_rocmfp4_fast m=2048 n=1 k=2048: 30 x 13.841 us = 415.24 us (605.907 GFLOPS/s)
MUL_MAT_VEC q4_0_rocmfp4_fast m=512 n=1 k=2048: 16 x 2.585 us = 41.36 us (811.079 GFLOPS/s)
MUL_MAT_VEC q4_0_rocmfp4_fast m=6144 n=1 k=2048: 22 x 32.681 us = 719 us (769.837 GFLOPS/s)
MUL_MAT_VEC q6_K m=128000 n=1 k=2048: 1 x 886.16 us = 886.16 us (591.496 GFLOPS/s)
RMS_NORM_MUL RMS_NORM(2048,1,1,1): 61 x 3.725 us = 227.24 us
RMS_NORM_MUL_ROPE RMS_NORM(64,32,1,1): 8 x 4.02 us = 32.16 us
RMS_NORM_MUL_ROPE RMS_NORM(64,8,1,1): 8 x 3.485 us = 27.88 us
SET_ROWS: 16 x 2.025 us = 32.4 us
SSM_CONV: 22 x 2.305 us = 50.72 us
Total time: 7804.8 us.
----------------
Vulkan Timings:
ADD: 22 x 2.31 us = 50.84 us
CONCAT: 22 x 2.321 us = 51.08 us
CPY: 22 x 2.305 us = 50.72 us
FLASH_ATTN_EXT dst(64,32,1,1),  q(64,1,32,1),  k(64,256,8,1),  v(64,256,8,1),  m(256,1,1,1): 8 x 10.53 us = 84.24 us (199.16 GFLOPS/s)
GET_ROWS: 24 x 2.015 us = 48.36 us
GLU: 30 x 2.35 us = 70.52 us
MUL: 44 x 2.446 us = 107.64 us
MUL_MAT f32 m=64 n=32 k=64: 16 x 2.162 us = 34.6 us (120.276 GFLOPS/s)
MUL_MAT_ADD MUL_MAT_VEC q4_0_rocmfp4_fast m=2048 n=1 k=10752: 30 x 52.948 us = 1588.44 us (831.724 GFLOPS/s)
MUL_MAT_ADD MUL_MAT_VEC q4_0_rocmfp4_fast m=2048 n=1 k=2048: 8 x 12.87 us = 102.96 us (651.636 GFLOPS/s)
MUL_MAT_VEC f32 m=64 n=8 k=64: 16 x 2.082 us = 33.32 us (31.224 GFLOPS/s)
MUL_MAT_VEC q4_0_rocmfp4_fast m=10752 n=1 k=2048: 60 x 51.144 us = 3068.64 us (860.892 GFLOPS/s)
MUL_MAT_VEC q4_0_rocmfp4_fast m=2048 n=1 k=2048: 30 x 13.822 us = 414.68 us (606.725 GFLOPS/s)
MUL_MAT_VEC q4_0_rocmfp4_fast m=512 n=1 k=2048: 16 x 2.585 us = 41.36 us (811.079 GFLOPS/s)
MUL_MAT_VEC q4_0_rocmfp4_fast m=6144 n=1 k=2048: 22 x 32.178 us = 707.92 us (781.886 GFLOPS/s)
MUL_MAT_VEC q6_K m=128000 n=1 k=2048: 1 x 871.08 us = 871.08 us (601.736 GFLOPS/s)
RMS_NORM_MUL RMS_NORM(2048,1,1,1): 61 x 3.637 us = 221.88 us
RMS_NORM_MUL_ROPE RMS_NORM(64,32,1,1): 8 x 3.85 us = 30.8 us
RMS_NORM_MUL_ROPE RMS_NORM(64,8,1,1): 8 x 3.42 us = 27.36 us
SET_ROWS: 16 x 1.995 us = 31.92 us
SSM_CONV: 22 x 2.314 us = 50.92 us
Total time: 7689.28 us.
0.19.410.695 I slot print_timing: id  0 | task 133 | prompt eval time =     106.92 ms /   128 tokens (    0.84 ms per token,  1197.20 tokens per second)
0.19.410.702 I slot print_timing: id  0 | task 133 |        eval time =     664.60 ms /    64 tokens (   10.55 ms per token,    94.79 tokens per second)
0.19.410.703 I slot print_timing: id  0 | task 133 |       total time =     771.52 ms /   192 tokens
0.19.410.704 I slot print_timing: id  0 | task 133 |    graphs reused =        187
0.19.410.728 I slot      release: id  0 | task 133 | stop processing: n_tokens = 191, truncated = 0
0.19.415.239 I slot get_availabl: id  0 | task -1 | selected lowest available slot (compact policy)
0.19.415.267 I slot launch_slot_: id  0 | task 199 | processing task, is_child = 0
----------------
Vulkan Timings:
ADD: 58 x 11.512 us = 667.72 us
CONCAT: 22 x 32.032 us = 704.72 us
CPY: 22 x 3.485 us = 76.68 us
FLASH_ATTN_EXT dst(64,32,124,1),  q(64,124,32,1),  k(64,256,8,1),  v(64,256,8,1),  m(256,124,1,1): 8 x 122.385 us = 979.08 us (2124.83 GFLOPS/s)
GET_ROWS: 22 x 2.93 us = 64.48 us
GLU: 29 x 42.383 us = 1229.12 us
MUL: 44 x 11.64 us = 512.2 us
MUL_MAT f32 m=64 n=3968 k=64: 16 x 6.045 us = 96.72 us (5335.3 GFLOPS/s)
MUL_MAT f32 m=64 n=992 k=64: 16 x 3.985 us = 63.76 us (2023.33 GFLOPS/s)
MUL_MAT q4_0_rocmfp4_fast m=10752 n=124 k=2048: 58 x 509.611 us = 29557.4 us (10713.4 GFLOPS/s)
MUL_MAT q4_0_rocmfp4_fast m=2048 n=124 k=10752: 29 x 657.733 us = 19074.3 us (8302.34 GFLOPS/s)
MUL_MAT q4_0_rocmfp4_fast m=2048 n=124 k=2048: 38 x 115.644 us = 4394.48 us (8992.52 GFLOPS/s)
MUL_MAT q4_0_rocmfp4_fast m=512 n=124 k=2048: 16 x 54.2 us = 867.2 us (4796.74 GFLOPS/s)
MUL_MAT q4_0_rocmfp4_fast m=6144 n=124 k=2048: 22 x 305.02 us = 6710.45 us (10228.2 GFLOPS/s)
RMS_NORM_MUL RMS_NORM(2048,124,1,1): 59 x 10.77 us = 635.48 us
RMS_NORM_MUL_ROPE RMS_NORM(64,32,124,1): 8 x 122.995 us = 983.96 us
RMS_NORM_MUL_ROPE RMS_NORM(64,8,124,1): 8 x 34.94 us = 279.52 us
SCALE: 22 x 4.212 us = 92.68 us
SET_ROWS: 16 x 3.062 us = 49 us
SSM_CONV: 22 x 18.225 us = 400.96 us
Total time: 67439.9 us.
----------------
Vulkan Timings:
ADD: 59 x 3.638 us = 214.68 us
CONCAT: 22 x 5.112 us = 112.48 us
CPY: 22 x 4.994 us = 109.88 us
FLASH_ATTN_EXT dst(64,32,4,1),  q(64,4,32,1),  k(64,256,8,1),  v(64,256,8,1),  m(256,4,1,1): 8 x 28.57 us = 228.56 us (293.616 GFLOPS/s)
GET_ROWS: 24 x 4.28 us = 102.72 us
GLU: 30 x 6.833 us = 205 us
MUL: 44 x 4.104 us = 180.6 us
MUL_MAT f32 m=64 n=128 k=64: 16 x 4.39 us = 70.24 us (236.99 GFLOPS/s)
MUL_MAT f32 m=64 n=32 k=64: 16 x 3.775 us = 60.4 us (68.8996 GFLOPS/s)
MUL_MAT_ADD MUL_MAT_VEC q4_0_rocmfp4_fast m=2048 n=1 k=10752: 1 x 53.96 us = 53.96 us (816.126 GFLOPS/s)
MUL_MAT_VEC q4_0_rocmfp4_fast m=10752 n=1 k=2048: 2 x 51.56 us = 103.12 us (853.946 GFLOPS/s)
MUL_MAT_VEC q4_0_rocmfp4_fast m=10752 n=4 k=2048: 58 x 138.733 us = 8046.52 us (1269.47 GFLOPS/s)
MUL_MAT_VEC q4_0_rocmfp4_fast m=2048 n=4 k=10752: 29 x 129.244 us = 3748.08 us (1362.94 GFLOPS/s)
MUL_MAT_VEC q4_0_rocmfp4_fast m=2048 n=4 k=2048: 38 x 35.068 us = 1332.6 us (956.594 GFLOPS/s)
MUL_MAT_VEC q4_0_rocmfp4_fast m=512 n=4 k=2048: 16 x 10.372 us = 165.96 us (808.538 GFLOPS/s)
MUL_MAT_VEC q4_0_rocmfp4_fast m=6144 n=4 k=2048: 22 x 82.614 us = 1817.52 us (1218.17 GFLOPS/s)
MUL_MAT_VEC q6_K m=128000 n=1 k=2048: 1 x 874.2 us = 874.2 us (599.588 GFLOPS/s)
RMS_NORM_MUL RMS_NORM(2048,1,1,1): 2 x 2.38 us = 4.76 us
RMS_NORM_MUL RMS_NORM(2048,4,1,1): 59 x 8.482 us = 500.44 us
RMS_NORM_MUL_ROPE RMS_NORM(64,32,4,1): 8 x 18.005 us = 144.04 us
RMS_NORM_MUL_ROPE RMS_NORM(64,8,4,1): 8 x 6.29 us = 50.32 us
SET_ROWS: 16 x 4.822 us = 77.16 us
SSM_CONV: 22 x 4.889 us = 107.56 us
Total time: 18310.8 us.
----------------
Vulkan Timings:
ADD: 22 x 2.403 us = 52.88 us
CONCAT: 22 x 2.345 us = 51.6 us
CPY: 22 x 2.3 us = 50.6 us
FLASH_ATTN_EXT dst(64,32,1,1),  q(64,1,32,1),  k(64,256,8,1),  v(64,256,8,1),  m(256,1,1,1): 8 x 10.575 us = 84.6 us (198.312 GFLOPS/s)
GET_ROWS: 24 x 2.001 us = 48.04 us
GLU: 30 x 2.344 us = 70.32 us
MUL: 44 x 2.322 us = 102.2 us
MUL_MAT f32 m=64 n=32 k=64: 16 x 2.127 us = 34.04 us (122.254 GFLOPS/s)
MUL_MAT_ADD MUL_MAT_VEC q4_0_rocmfp4_fast m=2048 n=1 k=10752: 30 x 51.876 us = 1556.28 us (848.912 GFLOPS/s)
MUL_MAT_ADD MUL_MAT_VEC q4_0_rocmfp4_fast m=2048 n=1 k=2048: 8 x 13.01 us = 104.08 us (644.624 GFLOPS/s)
MUL_MAT_VEC f32 m=64 n=8 k=64: 16 x 2.095 us = 33.52 us (31.0377 GFLOPS/s)
MUL_MAT_VEC q4_0_rocmfp4_fast m=10752 n=1 k=2048: 60 x 50.984 us = 3059.08 us (863.582 GFLOPS/s)
MUL_MAT_VEC q4_0_rocmfp4_fast m=2048 n=1 k=2048: 30 x 14.138 us = 424.16 us (593.165 GFLOPS/s)
MUL_MAT_VEC q4_0_rocmfp4_fast m=512 n=1 k=2048: 16 x 2.572 us = 41.16 us (815.02 GFLOPS/s)
MUL_MAT_VEC q4_0_rocmfp4_fast m=6144 n=1 k=2048: 22 x 33.005 us = 726.12 us (762.289 GFLOPS/s)
MUL_MAT_VEC q6_K m=128000 n=1 k=2048: 1 x 865.48 us = 865.48 us (605.629 GFLOPS/s)
RMS_NORM_MUL RMS_NORM(2048,1,1,1): 61 x 3.775 us = 230.32 us
RMS_NORM_MUL_ROPE RMS_NORM(64,32,1,1): 8 x 3.905 us = 31.24 us
RMS_NORM_MUL_ROPE RMS_NORM(64,8,1,1): 8 x 3.42 us = 27.36 us
SET_ROWS: 16 x 2.257 us = 36.12 us
SSM_CONV: 22 x 2.327 us = 51.2 us
Total time: 7680.4 us.
----------------
Vulkan Timings:
ADD: 22 x 2.301 us = 50.64 us
CONCAT: 22 x 2.312 us = 50.88 us
CPY: 22 x 2.298 us = 50.56 us
FLASH_ATTN_EXT dst(64,32,1,1),  q(64,1,32,1),  k(64,256,8,1),  v(64,256,8,1),  m(256,1,1,1): 8 x 10.63 us = 85.04 us (197.286 GFLOPS/s)
GET_ROWS: 24 x 1.981 us = 47.56 us
GLU: 30 x 2.334 us = 70.04 us
MUL: 44 x 2.439 us = 107.32 us
MUL_MAT f32 m=64 n=32 k=64: 16 x 2.122 us = 33.96 us (122.542 GFLOPS/s)
MUL_MAT_ADD MUL_MAT_VEC q4_0_rocmfp4_fast m=2048 n=1 k=10752: 30 x 52.326 us = 1569.8 us (841.6 GFLOPS/s)
MUL_MAT_ADD MUL_MAT_VEC q4_0_rocmfp4_fast m=2048 n=1 k=2048: 8 x 12.845 us = 102.76 us (652.905 GFLOPS/s)
MUL_MAT_VEC f32 m=64 n=8 k=64: 16 x 2.092 us = 33.48 us (31.0748 GFLOPS/s)
MUL_MAT_VEC q4_0_rocmfp4_fast m=10752 n=1 k=2048: 60 x 50.767 us = 3046.04 us (867.279 GFLOPS/s)
MUL_MAT_VEC q4_0_rocmfp4_fast m=2048 n=1 k=2048: 30 x 13.83 us = 414.92 us (606.374 GFLOPS/s)
MUL_MAT_VEC q4_0_rocmfp4_fast m=512 n=1 k=2048: 16 x 2.63 us = 42.08 us (797.202 GFLOPS/s)
MUL_MAT_VEC q4_0_rocmfp4_fast m=6144 n=1 k=2048: 22 x 31.734 us = 698.16 us (792.817 GFLOPS/s)
MUL_MAT_VEC q6_K m=128000 n=1 k=2048: 1 x 880.16 us = 880.16 us (595.528 GFLOPS/s)
RMS_NORM_MUL RMS_NORM(2048,1,1,1): 61 x 3.862 us = 235.64 us
RMS_NORM_MUL_ROPE RMS_NORM(64,32,1,1): 8 x 3.885 us = 31.08 us
RMS_NORM_MUL_ROPE RMS_NORM(64,8,1,1): 8 x 3.44 us = 27.52 us
SET_ROWS: 16 x 2.077 us = 33.24 us
SSM_CONV: 22 x 2.307 us = 50.76 us
Total time: 7661.64 us.
----------------
Vulkan Timings:
ADD: 22 x 2.434 us = 53.56 us
CONCAT: 22 x 2.274 us = 50.04 us
CPY: 22 x 2.34 us = 51.48 us
FLASH_ATTN_EXT dst(64,32,1,1),  q(64,1,32,1),  k(64,256,8,1),  v(64,256,8,1),  m(256,1,1,1): 8 x 10.52 us = 84.16 us (199.349 GFLOPS/s)
GET_ROWS: 24 x 1.981 us = 47.56 us
GLU: 30 x 2.736 us = 82.08 us
MUL: 44 x 2.447 us = 107.68 us
MUL_MAT f32 m=64 n=32 k=64: 16 x 2.13 us = 34.08 us (122.111 GFLOPS/s)
MUL_MAT_ADD MUL_MAT_VEC q4_0_rocmfp4_fast m=2048 n=1 k=10752: 30 x 53.27 us = 1598.12 us (826.687 GFLOPS/s)
MUL_MAT_ADD MUL_MAT_VEC q4_0_rocmfp4_fast m=2048 n=1 k=2048: 8 x 12.705 us = 101.64 us (660.099 GFLOPS/s)
MUL_MAT_VEC f32 m=64 n=8 k=64: 16 x 2.097 us = 33.56 us (31.0007 GFLOPS/s)
MUL_MAT_VEC q4_0_rocmfp4_fast m=10752 n=1 k=2048: 60 x 51.651 us = 3099.08 us (852.436 GFLOPS/s)
MUL_MAT_VEC q4_0_rocmfp4_fast m=2048 n=1 k=2048: 30 x 13.79 us = 413.72 us (608.133 GFLOPS/s)
MUL_MAT_VEC q4_0_rocmfp4_fast m=512 n=1 k=2048: 16 x 2.557 us = 40.92 us (819.801 GFLOPS/s)
MUL_MAT_VEC q4_0_rocmfp4_fast m=6144 n=1 k=2048: 22 x 31.79 us = 699.4 us (791.411 GFLOPS/s)
MUL_MAT_VEC q6_K m=128000 n=1 k=2048: 1 x 882.36 us = 882.36 us (594.043 GFLOPS/s)
RMS_NORM_MUL RMS_NORM(2048,1,1,1): 61 x 3.741 us = 228.24 us
RMS_NORM_MUL_ROPE RMS_NORM(64,32,1,1): 8 x 3.955 us = 31.64 us
RMS_NORM_MUL_ROPE RMS_NORM(64,8,1,1): 8 x 3.38 us = 27.04 us
SET_ROWS: 16 x 2.027 us = 32.44 us
SSM_CONV: 22 x 3.51 us = 77.24 us
Total time: 7776.04 us.
----------------
Vulkan Timings:
ADD: 22 x 2.323 us = 51.12 us
CONCAT: 22 x 2.332 us = 51.32 us
CPY: 22 x 2.314 us = 50.92 us
FLASH_ATTN_EXT dst(64,32,1,1),  q(64,1,32,1),  k(64,256,8,1),  v(64,256,8,1),  m(256,1,1,1): 8 x 10.645 us = 85.16 us (197.008 GFLOPS/s)
GET_ROWS: 24 x 2.006 us = 48.16 us
GLU: 30 x 2.336 us = 70.08 us
MUL: 44 x 2.449 us = 107.76 us
MUL_MAT f32 m=64 n=32 k=64: 16 x 2.137 us = 34.2 us (121.682 GFLOPS/s)
MUL_MAT_ADD MUL_MAT_VEC q4_0_rocmfp4_fast m=2048 n=1 k=10752: 30 x 52.002 us = 1560.08 us (846.844 GFLOPS/s)
MUL_MAT_ADD MUL_MAT_VEC q4_0_rocmfp4_fast m=2048 n=1 k=2048: 8 x 12.745 us = 101.96 us (658.027 GFLOPS/s)
MUL_MAT_VEC f32 m=64 n=8 k=64: 16 x 2.097 us = 33.56 us (31.0007 GFLOPS/s)
MUL_MAT_VEC q4_0_rocmfp4_fast m=10752 n=1 k=2048: 60 x 50.642 us = 3038.56 us (869.414 GFLOPS/s)
MUL_MAT_VEC q4_0_rocmfp4_fast m=2048 n=1 k=2048: 30 x 13.789 us = 413.68 us (608.192 GFLOPS/s)
MUL_MAT_VEC q4_0_rocmfp4_fast m=512 n=1 k=2048: 16 x 2.575 us = 41.2 us (814.229 GFLOPS/s)
MUL_MAT_VEC q4_0_rocmfp4_fast m=6144 n=1 k=2048: 22 x 31.614 us = 695.52 us (795.826 GFLOPS/s)
MUL_MAT_VEC q6_K m=128000 n=1 k=2048: 1 x 921.16 us = 921.16 us (569.022 GFLOPS/s)
RMS_NORM_MUL RMS_NORM(2048,1,1,1): 61 x 3.737 us = 227.96 us
RMS_NORM_MUL_ROPE RMS_NORM(64,32,1,1): 8 x 3.875 us = 31 us
RMS_NORM_MUL_ROPE RMS_NORM(64,8,1,1): 8 x 3.415 us = 27.32 us
SET_ROWS: 16 x 1.977 us = 31.64 us
SSM_CONV: 22 x 2.318 us = 51 us
Total time: 7673.36 us.
----------------
Vulkan Timings:
ADD: 22 x 2.452 us = 53.96 us
CONCAT: 22 x 2.476 us = 54.48 us
CPY: 22 x 2.452 us = 53.96 us
FLASH_ATTN_EXT dst(64,32,1,1),  q(64,1,32,1),  k(64,256,8,1),  v(64,256,8,1),  m(256,1,1,1): 8 x 11.03 us = 88.24 us (190.132 GFLOPS/s)
GET_ROWS: 24 x 2.685 us = 64.44 us
GLU: 30 x 2.466 us = 74 us
MUL: 44 x 2.6 us = 114.44 us
MUL_MAT f32 m=64 n=32 k=64: 16 x 2.245 us = 35.92 us (115.856 GFLOPS/s)
MUL_MAT_ADD MUL_MAT_VEC q4_0_rocmfp4_fast m=2048 n=1 k=10752: 30 x 54.074 us = 1622.23 us (814.4 GFLOPS/s)
MUL_MAT_ADD MUL_MAT_VEC q4_0_rocmfp4_fast m=2048 n=1 k=2048: 8 x 12.85 us = 102.8 us (652.651 GFLOPS/s)
MUL_MAT_VEC f32 m=64 n=8 k=64: 16 x 2.117 us = 33.88 us (30.7079 GFLOPS/s)
MUL_MAT_VEC q4_0_rocmfp4_fast m=10752 n=1 k=2048: 60 x 51.366 us = 3082 us (857.16 GFLOPS/s)
MUL_MAT_VEC q4_0_rocmfp4_fast m=2048 n=1 k=2048: 30 x 13.99 us = 419.72 us (599.44 GFLOPS/s)
MUL_MAT_VEC q4_0_rocmfp4_fast m=512 n=1 k=2048: 16 x 2.65 us = 42.4 us (791.185 GFLOPS/s)
MUL_MAT_VEC q4_0_rocmfp4_fast m=6144 n=1 k=2048: 22 x 32.192 us = 708.24 us (781.533 GFLOPS/s)
MUL_MAT_VEC q6_K m=128000 n=1 k=2048: 1 x 879.16 us = 879.16 us (596.205 GFLOPS/s)
RMS_NORM_MUL RMS_NORM(2048,1,1,1): 61 x 3.919 us = 239.08 us
RMS_NORM_MUL_ROPE RMS_NORM(64,32,1,1): 8 x 4.02 us = 32.16 us
RMS_NORM_MUL_ROPE RMS_NORM(64,8,1,1): 8 x 3.585 us = 28.68 us
SET_ROWS: 16 x 2.127 us = 34.04 us
SSM_CONV: 22 x 2.465 us = 54.24 us
Total time: 7818.07 us.
----------------
Vulkan Timings:
ADD: 22 x 2.592 us = 57.04 us
CONCAT: 22 x 2.58 us = 56.76 us
CPY: 22 x 2.565 us = 56.44 us
FLASH_ATTN_EXT dst(64,32,1,1),  q(64,1,32,1),  k(64,256,8,1),  v(64,256,8,1),  m(256,1,1,1): 8 x 12.74 us = 101.92 us (164.612 GFLOPS/s)
GET_ROWS: 24 x 2.538 us = 60.92 us
GLU: 30 x 2.621 us = 78.64 us
MUL: 44 x 2.721 us = 119.76 us
MUL_MAT f32 m=64 n=32 k=64: 16 x 2.295 us = 36.72 us (113.332 GFLOPS/s)
MUL_MAT_ADD MUL_MAT_VEC q4_0_rocmfp4_fast m=2048 n=1 k=10752: 30 x 55.955 us = 1678.65 us (787.028 GFLOPS/s)
MUL_MAT_ADD MUL_MAT_VEC q4_0_rocmfp4_fast m=2048 n=1 k=2048: 8 x 13.105 us = 104.84 us (639.951 GFLOPS/s)
MUL_MAT_VEC f32 m=64 n=8 k=64: 16 x 1.875 us = 30 us (34.6795 GFLOPS/s)
MUL_MAT_VEC q4_0_rocmfp4_fast m=10752 n=1 k=2048: 60 x 51.8 us = 3108.04 us (849.978 GFLOPS/s)
MUL_MAT_VEC q4_0_rocmfp4_fast m=2048 n=1 k=2048: 30 x 14.424 us = 432.72 us (581.431 GFLOPS/s)
MUL_MAT_VEC q4_0_rocmfp4_fast m=512 n=1 k=2048: 16 x 2.855 us = 45.68 us (734.375 GFLOPS/s)
MUL_MAT_VEC q4_0_rocmfp4_fast m=6144 n=1 k=2048: 22 x 34.018 us = 748.4 us (739.595 GFLOPS/s)
MUL_MAT_VEC q6_K m=128000 n=1 k=2048: 1 x 881.56 us = 881.56 us (594.582 GFLOPS/s)
RMS_NORM_MUL RMS_NORM(2048,1,1,1): 61 x 4.499 us = 274.44 us
RMS_NORM_MUL_ROPE RMS_NORM(64,32,1,1): 8 x 4.54 us = 36.32 us
RMS_NORM_MUL_ROPE RMS_NORM(64,8,1,1): 8 x 3.92 us = 31.36 us
SET_ROWS: 16 x 2.705 us = 43.28 us
SSM_CONV: 22 x 2.565 us = 56.44 us
Total time: 8039.93 us.
----------------
Vulkan Timings:
ADD: 22 x 2.625 us = 57.76 us
CONCAT: 22 x 2.68 us = 58.96 us
CPY: 22 x 2.709 us = 59.6 us
FLASH_ATTN_EXT dst(64,32,1,1),  q(64,1,32,1),  k(64,256,8,1),  v(64,256,8,1),  m(256,1,1,1): 8 x 12.845 us = 102.76 us (163.266 GFLOPS/s)
GET_ROWS: 24 x 2.243 us = 53.84 us
GLU: 30 x 2.62 us = 78.6 us
MUL: 44 x 2.774 us = 122.08 us
MUL_MAT f32 m=64 n=32 k=64: 16 x 2.347 us = 37.56 us (110.797 GFLOPS/s)
MUL_MAT_ADD MUL_MAT_VEC q4_0_rocmfp4_fast m=2048 n=1 k=10752: 30 x 53.236 us = 1597.08 us (827.225 GFLOPS/s)
MUL_MAT_ADD MUL_MAT_VEC q4_0_rocmfp4_fast m=2048 n=1 k=2048: 8 x 13.21 us = 105.68 us (634.864 GFLOPS/s)
MUL_MAT_VEC f32 m=64 n=8 k=64: 16 x 1.942 us = 31.08 us (33.4744 GFLOPS/s)
MUL_MAT_VEC q4_0_rocmfp4_fast m=10752 n=1 k=2048: 60 x 52.489 us = 3149.36 us (838.826 GFLOPS/s)
MUL_MAT_VEC q4_0_rocmfp4_fast m=2048 n=1 k=2048: 30 x 14.553 us = 436.6 us (576.264 GFLOPS/s)
MUL_MAT_VEC q4_0_rocmfp4_fast m=512 n=1 k=2048: 16 x 2.885 us = 46.16 us (726.738 GFLOPS/s)
MUL_MAT_VEC q4_0_rocmfp4_fast m=6144 n=1 k=2048: 22 x 33.605 us = 739.32 us (748.678 GFLOPS/s)
MUL_MAT_VEC q6_K m=128000 n=1 k=2048: 1 x 880.52 us = 880.52 us (595.285 GFLOPS/s)
RMS_NORM_MUL RMS_NORM(2048,1,1,1): 61 x 4.828 us = 294.52 us
RMS_NORM_MUL_ROPE RMS_NORM(64,32,1,1): 8 x 4.565 us = 36.52 us
RMS_NORM_MUL_ROPE RMS_NORM(64,8,1,1): 8 x 3.965 us = 31.72 us
SET_ROWS: 16 x 2.505 us = 40.08 us
SSM_CONV: 22 x 2.649 us = 58.28 us
Total time: 8018.08 us.
----------------
Vulkan Timings:
ADD: 22 x 2.321 us = 51.08 us
CONCAT: 22 x 2.332 us = 51.32 us
CPY: 22 x 2.312 us = 50.88 us
FLASH_ATTN_EXT dst(64,32,1,1),  q(64,1,32,1),  k(64,256,8,1),  v(64,256,8,1),  m(256,1,1,1): 8 x 10.58 us = 84.64 us (198.219 GFLOPS/s)
GET_ROWS: 24 x 1.998 us = 47.96 us
GLU: 30 x 2.334 us = 70.04 us
MUL: 44 x 2.44 us = 107.36 us
MUL_MAT f32 m=64 n=32 k=64: 16 x 2.152 us = 34.44 us (120.834 GFLOPS/s)
MUL_MAT_ADD MUL_MAT_VEC q4_0_rocmfp4_fast m=2048 n=1 k=10752: 30 x 51.992 us = 1559.76 us (847.018 GFLOPS/s)
MUL_MAT_ADD MUL_MAT_VEC q4_0_rocmfp4_fast m=2048 n=1 k=2048: 8 x 12.755 us = 102.04 us (657.512 GFLOPS/s)
MUL_MAT_VEC f32 m=64 n=8 k=64: 16 x 2.067 us = 33.08 us (31.4505 GFLOPS/s)
MUL_MAT_VEC q4_0_rocmfp4_fast m=10752 n=1 k=2048: 60 x 50.725 us = 3043.52 us (867.997 GFLOPS/s)
MUL_MAT_VEC q4_0_rocmfp4_fast m=2048 n=1 k=2048: 30 x 13.764 us = 412.92 us (609.311 GFLOPS/s)
MUL_MAT_VEC q4_0_rocmfp4_fast m=512 n=1 k=2048: 16 x 2.57 us = 41.12 us (815.813 GFLOPS/s)
MUL_MAT_VEC q4_0_rocmfp4_fast m=6144 n=1 k=2048: 22 x 31.712 us = 697.68 us (793.362 GFLOPS/s)
MUL_MAT_VEC q6_K m=128000 n=1 k=2048: 1 x 880.92 us = 880.92 us (595.014 GFLOPS/s)
RMS_NORM_MUL RMS_NORM(2048,1,1,1): 61 x 3.75 us = 228.8 us
RMS_NORM_MUL_ROPE RMS_NORM(64,32,1,1): 8 x 3.87 us = 30.96 us
RMS_NORM_MUL_ROPE RMS_NORM(64,8,1,1): 8 x 3.42 us = 27.36 us
SET_ROWS: 16 x 1.942 us = 31.08 us
SSM_CONV: 22 x 2.31 us = 50.84 us
Total time: 7637.8 us.
----------------
Vulkan Timings:
ADD: 22 x 2.334 us = 51.36 us
CONCAT: 22 x 2.31 us = 50.84 us
CPY: 22 x 2.256 us = 49.64 us
FLASH_ATTN_EXT dst(64,32,1,1),  q(64,1,32,1),  k(64,256,8,1),  v(64,256,8,1),  m(256,1,1,1): 8 x 11.05 us = 88.4 us (189.788 GFLOPS/s)
GET_ROWS: 24 x 2.441 us = 58.6 us
GLU: 30 x 2.364 us = 70.92 us
MUL: 44 x 2.497 us = 109.88 us
MUL_MAT f32 m=64 n=32 k=64: 16 x 2.182 us = 34.92 us (119.173 GFLOPS/s)
MUL_MAT_ADD MUL_MAT_VEC q4_0_rocmfp4_fast m=2048 n=1 k=10752: 30 x 52.588 us = 1577.64 us (837.418 GFLOPS/s)
MUL_MAT_ADD MUL_MAT_VEC q4_0_rocmfp4_fast m=2048 n=1 k=2048: 8 x 12.91 us = 103.28 us (649.617 GFLOPS/s)
MUL_MAT_VEC f32 m=64 n=8 k=64: 16 x 2.127 us = 34.04 us (30.5636 GFLOPS/s)
MUL_MAT_VEC q4_0_rocmfp4_fast m=10752 n=1 k=2048: 60 x 51.085 us = 3065.12 us (861.88 GFLOPS/s)
MUL_MAT_VEC q4_0_rocmfp4_fast m=2048 n=1 k=2048: 30 x 14.034 us = 421.04 us (597.56 GFLOPS/s)
MUL_MAT_VEC q4_0_rocmfp4_fast m=512 n=1 k=2048: 16 x 2.557 us = 40.92 us (819.801 GFLOPS/s)
MUL_MAT_VEC q4_0_rocmfp4_fast m=6144 n=1 k=2048: 22 x 31.776 us = 699.08 us (791.773 GFLOPS/s)
MUL_MAT_VEC q6_K m=128000 n=1 k=2048: 1 x 879.52 us = 879.52 us (595.961 GFLOPS/s)
RMS_NORM_MUL RMS_NORM(2048,1,1,1): 61 x 4.117 us = 251.16 us
RMS_NORM_MUL_ROPE RMS_NORM(64,32,1,1): 8 x 3.925 us = 31.4 us
RMS_NORM_MUL_ROPE RMS_NORM(64,8,1,1): 8 x 3.35 us = 26.8 us
SET_ROWS: 16 x 1.922 us = 30.76 us
SSM_CONV: 22 x 2.347 us = 51.64 us
Total time: 7726.96 us.
----------------
Vulkan Timings:
ADD: 22 x 2.309 us = 50.8 us
CONCAT: 22 x 2.316 us = 50.96 us
CPY: 22 x 2.289 us = 50.36 us
FLASH_ATTN_EXT dst(64,32,1,1),  q(64,1,32,1),  k(64,256,8,1),  v(64,256,8,1),  m(256,1,1,1): 8 x 10.51 us = 84.08 us (199.539 GFLOPS/s)
GET_ROWS: 24 x 1.986 us = 47.68 us
GLU: 30 x 2.326 us = 69.8 us
MUL: 44 x 2.424 us = 106.68 us
MUL_MAT f32 m=64 n=32 k=64: 16 x 2.107 us = 33.72 us (123.414 GFLOPS/s)
MUL_MAT_ADD MUL_MAT_VEC q4_0_rocmfp4_fast m=2048 n=1 k=10752: 30 x 52.046 us = 1561.4 us (846.128 GFLOPS/s)
MUL_MAT_ADD MUL_MAT_VEC q4_0_rocmfp4_fast m=2048 n=1 k=2048: 8 x 12.705 us = 101.64 us (660.099 GFLOPS/s)
MUL_MAT_VEC f32 m=64 n=8 k=64: 16 x 2.135 us = 34.16 us (30.4562 GFLOPS/s)
MUL_MAT_VEC q4_0_rocmfp4_fast m=10752 n=1 k=2048: 60 x 51.06 us = 3063.6 us (862.308 GFLOPS/s)
MUL_MAT_VEC q4_0_rocmfp4_fast m=2048 n=1 k=2048: 30 x 13.77 us = 413.12 us (609.016 GFLOPS/s)
MUL_MAT_VEC q4_0_rocmfp4_fast m=512 n=1 k=2048: 16 x 2.56 us = 40.96 us (819 GFLOPS/s)
MUL_MAT_VEC q4_0_rocmfp4_fast m=6144 n=1 k=2048: 22 x 31.763 us = 698.8 us (792.091 GFLOPS/s)
MUL_MAT_VEC q6_K m=128000 n=1 k=2048: 1 x 924.44 us = 924.44 us (567.003 GFLOPS/s)
RMS_NORM_MUL RMS_NORM(2048,1,1,1): 61 x 3.733 us = 227.72 us
RMS_NORM_MUL_ROPE RMS_NORM(64,32,1,1): 8 x 3.905 us = 31.24 us
RMS_NORM_MUL_ROPE RMS_NORM(64,8,1,1): 8 x 3.28 us = 26.24 us
SET_ROWS: 16 x 1.955 us = 31.28 us
SSM_CONV: 22 x 2.298 us = 50.56 us
Total time: 7699.24 us.
----------------
Vulkan Timings:
ADD: 22 x 2.325 us = 51.16 us
CONCAT: 22 x 2.323 us = 51.12 us
CPY: 22 x 2.321 us = 51.08 us
FLASH_ATTN_EXT dst(64,32,1,1),  q(64,1,32,1),  k(64,256,8,1),  v(64,256,8,1),  m(256,1,1,1): 8 x 10.495 us = 83.96 us (199.824 GFLOPS/s)
GET_ROWS: 24 x 1.993 us = 47.84 us
GLU: 30 x 2.338 us = 70.16 us
MUL: 44 x 2.453 us = 107.96 us
MUL_MAT f32 m=64 n=32 k=64: 16 x 2.125 us = 34 us (122.398 GFLOPS/s)
MUL_MAT_ADD MUL_MAT_VEC q4_0_rocmfp4_fast m=2048 n=1 k=10752: 30 x 52.253 us = 1567.6 us (842.782 GFLOPS/s)
MUL_MAT_ADD MUL_MAT_VEC q4_0_rocmfp4_fast m=2048 n=1 k=2048: 8 x 12.745 us = 101.96 us (658.027 GFLOPS/s)
MUL_MAT_VEC f32 m=64 n=8 k=64: 16 x 2.087 us = 33.4 us (31.1492 GFLOPS/s)
MUL_MAT_VEC q4_0_rocmfp4_fast m=10752 n=1 k=2048: 60 x 50.747 us = 3044.84 us (867.621 GFLOPS/s)
MUL_MAT_VEC q4_0_rocmfp4_fast m=2048 n=1 k=2048: 30 x 13.848 us = 415.44 us (605.615 GFLOPS/s)
MUL_MAT_VEC q4_0_rocmfp4_fast m=512 n=1 k=2048: 16 x 2.567 us = 41.08 us (816.608 GFLOPS/s)
MUL_MAT_VEC q4_0_rocmfp4_fast m=6144 n=1 k=2048: 22 x 31.643 us = 696.16 us (795.094 GFLOPS/s)
MUL_MAT_VEC q6_K m=128000 n=1 k=2048: 1 x 879.2 us = 879.2 us (596.178 GFLOPS/s)
RMS_NORM_MUL RMS_NORM(2048,1,1,1): 61 x 3.712 us = 226.44 us
RMS_NORM_MUL_ROPE RMS_NORM(64,32,1,1): 8 x 3.915 us = 31.32 us
RMS_NORM_MUL_ROPE RMS_NORM(64,8,1,1): 8 x 3.395 us = 27.16 us
SET_ROWS: 16 x 1.97 us = 31.52 us
SSM_CONV: 22 x 2.314 us = 50.92 us
Total time: 7644.32 us.
----------------
Vulkan Timings:
ADD: 22 x 2.301 us = 50.64 us
CONCAT: 22 x 2.323 us = 51.12 us
CPY: 22 x 2.292 us = 50.44 us
FLASH_ATTN_EXT dst(64,32,1,1),  q(64,1,32,1),  k(64,256,8,1),  v(64,256,8,1),  m(256,1,1,1): 8 x 10.84 us = 86.72 us (193.464 GFLOPS/s)
GET_ROWS: 24 x 2 us = 48 us
GLU: 30 x 2.38 us = 71.4 us
MUL: 44 x 2.438 us = 107.28 us
MUL_MAT f32 m=64 n=32 k=64: 16 x 2.122 us = 33.96 us (122.542 GFLOPS/s)
MUL_MAT_ADD MUL_MAT_VEC q4_0_rocmfp4_fast m=2048 n=1 k=10752: 30 x 53.99 us = 1619.7 us (815.672 GFLOPS/s)
MUL_MAT_ADD MUL_MAT_VEC q4_0_rocmfp4_fast m=2048 n=1 k=2048: 8 x 12.83 us = 102.64 us (653.668 GFLOPS/s)
MUL_MAT_VEC f32 m=64 n=8 k=64: 16 x 2.11 us = 33.76 us (30.8171 GFLOPS/s)
MUL_MAT_VEC q4_0_rocmfp4_fast m=10752 n=1 k=2048: 60 x 52.61 us = 3156.63 us (836.895 GFLOPS/s)
MUL_MAT_VEC q4_0_rocmfp4_fast m=2048 n=1 k=2048: 30 x 13.816 us = 414.48 us (607.018 GFLOPS/s)
MUL_MAT_VEC q4_0_rocmfp4_fast m=512 n=1 k=2048: 16 x 2.752 us = 44.04 us (761.722 GFLOPS/s)
MUL_MAT_VEC q4_0_rocmfp4_fast m=6144 n=1 k=2048: 22 x 32.501 us = 715.04 us (774.101 GFLOPS/s)
MUL_MAT_VEC q6_K m=128000 n=1 k=2048: 1 x 880.72 us = 880.72 us (595.149 GFLOPS/s)
RMS_NORM_MUL RMS_NORM(2048,1,1,1): 61 x 3.725 us = 227.28 us
RMS_NORM_MUL_ROPE RMS_NORM(64,32,1,1): 8 x 3.96 us = 31.68 us
RMS_NORM_MUL_ROPE RMS_NORM(64,8,1,1): 8 x 3.43 us = 27.44 us
SET_ROWS: 16 x 1.982 us = 31.72 us
SSM_CONV: 22 x 2.307 us = 50.76 us
Total time: 7835.45 us.
----------------
Vulkan Timings:
ADD: 22 x 2.361 us = 51.96 us
CONCAT: 22 x 2.343 us = 51.56 us
CPY: 22 x 2.61 us = 57.44 us
FLASH_ATTN_EXT dst(64,32,1,1),  q(64,1,32,1),  k(64,256,8,1),  v(64,256,8,1),  m(256,1,1,1): 8 x 10.945 us = 87.56 us (191.608 GFLOPS/s)
GET_ROWS: 24 x 2.031 us = 48.76 us
GLU: 30 x 2.386 us = 71.6 us
MUL: 44 x 2.561 us = 112.72 us
MUL_MAT f32 m=64 n=32 k=64: 16 x 2.172 us = 34.76 us (119.722 GFLOPS/s)
MUL_MAT_ADD MUL_MAT_VEC q4_0_rocmfp4_fast m=2048 n=1 k=10752: 30 x 52.441 us = 1573.24 us (839.76 GFLOPS/s)
MUL_MAT_ADD MUL_MAT_VEC q4_0_rocmfp4_fast m=2048 n=1 k=2048: 8 x 13.015 us = 104.12 us (644.376 GFLOPS/s)
MUL_MAT_VEC f32 m=64 n=8 k=64: 16 x 2.055 us = 32.88 us (31.6418 GFLOPS/s)
MUL_MAT_VEC q4_0_rocmfp4_fast m=10752 n=1 k=2048: 60 x 51.259 us = 3075.56 us (858.955 GFLOPS/s)
MUL_MAT_VEC q4_0_rocmfp4_fast m=2048 n=1 k=2048: 30 x 13.881 us = 416.44 us (604.161 GFLOPS/s)
MUL_MAT_VEC q4_0_rocmfp4_fast m=512 n=1 k=2048: 16 x 2.622 us = 41.96 us (799.481 GFLOPS/s)
MUL_MAT_VEC q4_0_rocmfp4_fast m=6144 n=1 k=2048: 22 x 32.347 us = 711.64 us (777.799 GFLOPS/s)
MUL_MAT_VEC q6_K m=128000 n=1 k=2048: 1 x 924.52 us = 924.52 us (566.954 GFLOPS/s)
RMS_NORM_MUL RMS_NORM(2048,1,1,1): 61 x 4.004 us = 244.28 us
RMS_NORM_MUL_ROPE RMS_NORM(64,32,1,1): 8 x 4.045 us = 32.36 us
RMS_NORM_MUL_ROPE RMS_NORM(64,8,1,1): 8 x 3.505 us = 28.04 us
SET_ROWS: 16 x 2.092 us = 33.48 us
SSM_CONV: 22 x 2.638 us = 58.04 us
Total time: 7792.92 us.
----------------
Vulkan Timings:
ADD: 22 x 2.309 us = 50.8 us
CONCAT: 22 x 2.33 us = 51.28 us
CPY: 22 x 2.3 us = 50.6 us
FLASH_ATTN_EXT dst(64,32,1,1),  q(64,1,32,1),  k(64,256,8,1),  v(64,256,8,1),  m(256,1,1,1): 8 x 10.445 us = 83.56 us (200.78 GFLOPS/s)
GET_ROWS: 24 x 1.996 us = 47.92 us
GLU: 30 x 2.328 us = 69.84 us
MUL: 44 x 2.443 us = 107.52 us
MUL_MAT f32 m=64 n=32 k=64: 16 x 2.122 us = 33.96 us (122.542 GFLOPS/s)
MUL_MAT_ADD MUL_MAT_VEC q4_0_rocmfp4_fast m=2048 n=1 k=10752: 30 x 51.953 us = 1558.6 us (847.648 GFLOPS/s)
MUL_MAT_ADD MUL_MAT_VEC q4_0_rocmfp4_fast m=2048 n=1 k=2048: 8 x 12.765 us = 102.12 us (656.996 GFLOPS/s)
MUL_MAT_VEC f32 m=64 n=8 k=64: 16 x 2.085 us = 33.36 us (31.1866 GFLOPS/s)
MUL_MAT_VEC q4_0_rocmfp4_fast m=10752 n=1 k=2048: 60 x 50.663 us = 3039.8 us (869.059 GFLOPS/s)
MUL_MAT_VEC q4_0_rocmfp4_fast m=2048 n=1 k=2048: 30 x 13.806 us = 414.2 us (607.428 GFLOPS/s)
MUL_MAT_VEC q4_0_rocmfp4_fast m=512 n=1 k=2048: 16 x 2.582 us = 41.32 us (811.864 GFLOPS/s)
MUL_MAT_VEC q4_0_rocmfp4_fast m=6144 n=1 k=2048: 22 x 31.716 us = 697.76 us (793.271 GFLOPS/s)
MUL_MAT_VEC q6_K m=128000 n=1 k=2048: 1 x 875.32 us = 875.32 us (598.821 GFLOPS/s)
RMS_NORM_MUL RMS_NORM(2048,1,1,1): 61 x 3.706 us = 226.08 us
RMS_NORM_MUL_ROPE RMS_NORM(64,32,1,1): 8 x 3.88 us = 31.04 us
RMS_NORM_MUL_ROPE RMS_NORM(64,8,1,1): 8 x 3.395 us = 27.16 us
SET_ROWS: 16 x 2.01 us = 32.16 us
SSM_CONV: 22 x 2.309 us = 50.8 us
Total time: 7625.2 us.
----------------
Vulkan Timings:
ADD: 22 x 2.587 us = 56.92 us
CONCAT: 22 x 2.327 us = 51.2 us
CPY: 22 x 2.258 us = 49.68 us
FLASH_ATTN_EXT dst(64,32,1,1),  q(64,1,32,1),  k(64,256,8,1),  v(64,256,8,1),  m(256,1,1,1): 8 x 10.47 us = 83.76 us (200.301 GFLOPS/s)
GET_ROWS: 24 x 1.988 us = 47.72 us
GLU: 30 x 2.678 us = 80.36 us
MUL: 44 x 2.471 us = 108.76 us
MUL_MAT f32 m=64 n=32 k=64: 16 x 2.115 us = 33.84 us (122.977 GFLOPS/s)
MUL_MAT_ADD MUL_MAT_VEC q4_0_rocmfp4_fast m=2048 n=1 k=10752: 30 x 52.49 us = 1574.72 us (838.971 GFLOPS/s)
MUL_MAT_ADD MUL_MAT_VEC q4_0_rocmfp4_fast m=2048 n=1 k=2048: 8 x 12.72 us = 101.76 us (659.321 GFLOPS/s)
MUL_MAT_VEC f32 m=64 n=8 k=64: 16 x 2.09 us = 33.44 us (31.112 GFLOPS/s)
MUL_MAT_VEC q4_0_rocmfp4_fast m=10752 n=1 k=2048: 60 x 51.343 us = 3080.6 us (857.549 GFLOPS/s)
MUL_MAT_VEC q4_0_rocmfp4_fast m=2048 n=1 k=2048: 30 x 14.073 us = 422.2 us (595.919 GFLOPS/s)
MUL_MAT_VEC q4_0_rocmfp4_fast m=512 n=1 k=2048: 16 x 2.58 us = 41.28 us (812.651 GFLOPS/s)
MUL_MAT_VEC q4_0_rocmfp4_fast m=6144 n=1 k=2048: 22 x 32.114 us = 706.52 us (783.436 GFLOPS/s)
MUL_MAT_VEC q6_K m=128000 n=1 k=2048: 1 x 879.28 us = 879.28 us (596.124 GFLOPS/s)
RMS_NORM_MUL RMS_NORM(2048,1,1,1): 61 x 4.166 us = 254.16 us
RMS_NORM_MUL_ROPE RMS_NORM(64,32,1,1): 8 x 3.885 us = 31.08 us
RMS_NORM_MUL_ROPE RMS_NORM(64,8,1,1): 8 x 3.405 us = 27.24 us
SET_ROWS: 16 x 2.017 us = 32.28 us
SSM_CONV: 22 x 2.367 us = 52.08 us
Total time: 7748.88 us.
----------------
Vulkan Timings:
ADD: 22 x 2.345 us = 51.6 us
CONCAT: 22 x 2.338 us = 51.44 us
CPY: 22 x 2.303 us = 50.68 us
FLASH_ATTN_EXT dst(64,32,1,1),  q(64,1,32,1),  k(64,256,8,1),  v(64,256,8,1),  m(256,1,1,1): 8 x 10.65 us = 85.2 us (196.916 GFLOPS/s)
GET_ROWS: 24 x 2.013 us = 48.32 us
GLU: 30 x 2.344 us = 70.32 us
MUL: 44 x 2.456 us = 108.08 us
MUL_MAT f32 m=64 n=32 k=64: 16 x 2.12 us = 33.92 us (122.687 GFLOPS/s)
MUL_MAT_ADD MUL_MAT_VEC q4_0_rocmfp4_fast m=2048 n=1 k=10752: 30 x 51.993 us = 1559.8 us (846.996 GFLOPS/s)
MUL_MAT_ADD MUL_MAT_VEC q4_0_rocmfp4_fast m=2048 n=1 k=2048: 8 x 12.755 us = 102.04 us (657.512 GFLOPS/s)
MUL_MAT_VEC f32 m=64 n=8 k=64: 16 x 2.11 us = 33.76 us (30.8171 GFLOPS/s)
MUL_MAT_VEC q4_0_rocmfp4_fast m=10752 n=1 k=2048: 60 x 50.722 us = 3043.32 us (868.054 GFLOPS/s)
MUL_MAT_VEC q4_0_rocmfp4_fast m=2048 n=1 k=2048: 30 x 13.778 us = 413.36 us (608.663 GFLOPS/s)
MUL_MAT_VEC q4_0_rocmfp4_fast m=512 n=1 k=2048: 16 x 2.565 us = 41.04 us (817.404 GFLOPS/s)
MUL_MAT_VEC q4_0_rocmfp4_fast m=6144 n=1 k=2048: 22 x 31.674 us = 696.84 us (794.319 GFLOPS/s)
MUL_MAT_VEC q6_K m=128000 n=1 k=2048: 1 x 943.4 us = 943.4 us (555.607 GFLOPS/s)
RMS_NORM_MUL RMS_NORM(2048,1,1,1): 61 x 3.732 us = 227.68 us
RMS_NORM_MUL_ROPE RMS_NORM(64,32,1,1): 8 x 3.955 us = 31.64 us
RMS_NORM_MUL_ROPE RMS_NORM(64,8,1,1): 8 x 3.4 us = 27.2 us
SET_ROWS: 16 x 1.955 us = 31.28 us
SSM_CONV: 22 x 2.31 us = 50.84 us
Total time: 7701.76 us.
----------------
Vulkan Timings:
ADD: 22 x 2.327 us = 51.2 us
CONCAT: 22 x 2.334 us = 51.36 us
CPY: 22 x 2.312 us = 50.88 us
FLASH_ATTN_EXT dst(64,32,1,1),  q(64,1,32,1),  k(64,256,8,1),  v(64,256,8,1),  m(256,1,1,1): 8 x 10.64 us = 85.12 us (197.101 GFLOPS/s)
GET_ROWS: 24 x 1.978 us = 47.48 us
GLU: 30 x 2.344 us = 70.32 us
MUL: 44 x 2.457 us = 108.12 us
MUL_MAT f32 m=64 n=32 k=64: 16 x 2.132 us = 34.12 us (121.968 GFLOPS/s)
MUL_MAT_ADD MUL_MAT_VEC q4_0_rocmfp4_fast m=2048 n=1 k=10752: 30 x 52.28 us = 1568.4 us (842.352 GFLOPS/s)
MUL_MAT_ADD MUL_MAT_VEC q4_0_rocmfp4_fast m=2048 n=1 k=2048: 8 x 13.225 us = 105.8 us (634.144 GFLOPS/s)
MUL_MAT_VEC f32 m=64 n=8 k=64: 16 x 2.085 us = 33.36 us (31.1866 GFLOPS/s)
MUL_MAT_VEC q4_0_rocmfp4_fast m=10752 n=1 k=2048: 60 x 50.72 us = 3043.24 us (868.077 GFLOPS/s)
MUL_MAT_VEC q4_0_rocmfp4_fast m=2048 n=1 k=2048: 30 x 13.81 us = 414.32 us (607.252 GFLOPS/s)
MUL_MAT_VEC q4_0_rocmfp4_fast m=512 n=1 k=2048: 16 x 2.605 us = 41.68 us (804.852 GFLOPS/s)
MUL_MAT_VEC q4_0_rocmfp4_fast m=6144 n=1 k=2048: 22 x 31.794 us = 699.48 us (791.321 GFLOPS/s)
MUL_MAT_VEC q6_K m=128000 n=1 k=2048: 1 x 879.84 us = 879.84 us (595.745 GFLOPS/s)
RMS_NORM_MUL RMS_NORM(2048,1,1,1): 61 x 3.733 us = 227.76 us
RMS_NORM_MUL_ROPE RMS_NORM(64,32,1,1): 8 x 3.925 us = 31.4 us
RMS_NORM_MUL_ROPE RMS_NORM(64,8,1,1): 8 x 3.43 us = 27.44 us
SET_ROWS: 16 x 1.937 us = 31 us
SSM_CONV: 22 x 2.325 us = 51.16 us
Total time: 7653.48 us.
----------------
Vulkan Timings:
ADD: 22 x 2.287 us = 50.32 us
CONCAT: 22 x 3.212 us = 70.68 us
CPY: 22 x 2.26 us = 49.72 us
FLASH_ATTN_EXT dst(64,32,1,1),  q(64,1,32,1),  k(64,256,8,1),  v(64,256,8,1),  m(256,1,1,1): 8 x 10.68 us = 85.44 us (196.363 GFLOPS/s)
GET_ROWS: 24 x 2.411 us = 57.88 us
GLU: 30 x 2.348 us = 70.44 us
MUL: 44 x 2.7 us = 118.84 us
MUL_MAT f32 m=64 n=32 k=64: 16 x 2.262 us = 36.2 us (114.96 GFLOPS/s)
MUL_MAT_ADD MUL_MAT_VEC q4_0_rocmfp4_fast m=2048 n=1 k=10752: 30 x 52.394 us = 1571.84 us (840.508 GFLOPS/s)
MUL_MAT_ADD MUL_MAT_VEC q4_0_rocmfp4_fast m=2048 n=1 k=2048: 8 x 12.79 us = 102.32 us (655.712 GFLOPS/s)
MUL_MAT_VEC f32 m=64 n=8 k=64: 16 x 2.08 us = 33.28 us (31.2615 GFLOPS/s)
MUL_MAT_VEC q4_0_rocmfp4_fast m=10752 n=1 k=2048: 60 x 51.287 us = 3077.27 us (858.477 GFLOPS/s)
MUL_MAT_VEC q4_0_rocmfp4_fast m=2048 n=1 k=2048: 30 x 14.358 us = 430.76 us (584.077 GFLOPS/s)
MUL_MAT_VEC q4_0_rocmfp4_fast m=512 n=1 k=2048: 16 x 2.572 us = 41.16 us (815.02 GFLOPS/s)
MUL_MAT_VEC q4_0_rocmfp4_fast m=6144 n=1 k=2048: 22 x 32.965 us = 725.24 us (763.214 GFLOPS/s)
MUL_MAT_VEC q6_K m=128000 n=1 k=2048: 1 x 879.44 us = 879.44 us (596.016 GFLOPS/s)
RMS_NORM_MUL RMS_NORM(2048,1,1,1): 61 x 3.78 us = 230.6 us
RMS_NORM_MUL_ROPE RMS_NORM(64,32,1,1): 8 x 3.945 us = 31.56 us
RMS_NORM_MUL_ROPE RMS_NORM(64,8,1,1): 8 x 3.41 us = 27.28 us
SET_ROWS: 16 x 2.052 us = 32.84 us
SSM_CONV: 22 x 2.385 us = 52.48 us
Total time: 7775.59 us.
----------------
Vulkan Timings:
ADD: 22 x 2.358 us = 51.88 us
CONCAT: 22 x 2.39 us = 52.6 us
CPY: 22 x 2.338 us = 51.44 us
FLASH_ATTN_EXT dst(64,32,1,1),  q(64,1,32,1),  k(64,256,8,1),  v(64,256,8,1),  m(256,1,1,1): 8 x 10.63 us = 85.04 us (197.286 GFLOPS/s)
GET_ROWS: 24 x 2.036 us = 48.88 us
GLU: 30 x 2.361 us = 70.84 us
MUL: 44 x 2.521 us = 110.96 us
MUL_MAT f32 m=64 n=32 k=64: 16 x 2.21 us = 35.36 us (117.69 GFLOPS/s)
MUL_MAT_ADD MUL_MAT_VEC q4_0_rocmfp4_fast m=2048 n=1 k=10752: 30 x 52.732 us = 1581.96 us (835.131 GFLOPS/s)
MUL_MAT_ADD MUL_MAT_VEC q4_0_rocmfp4_fast m=2048 n=1 k=2048: 8 x 12.845 us = 102.76 us (652.905 GFLOPS/s)
MUL_MAT_VEC f32 m=64 n=8 k=64: 16 x 2.107 us = 33.72 us (30.8536 GFLOPS/s)
MUL_MAT_VEC q4_0_rocmfp4_fast m=10752 n=1 k=2048: 60 x 51.204 us = 3072.24 us (859.883 GFLOPS/s)
MUL_MAT_VEC q4_0_rocmfp4_fast m=2048 n=1 k=2048: 30 x 13.856 us = 415.68 us (605.266 GFLOPS/s)
MUL_MAT_VEC q4_0_rocmfp4_fast m=512 n=1 k=2048: 16 x 2.575 us = 41.2 us (814.229 GFLOPS/s)
MUL_MAT_VEC q4_0_rocmfp4_fast m=6144 n=1 k=2048: 22 x 32.447 us = 713.84 us (775.402 GFLOPS/s)
MUL_MAT_VEC q6_K m=128000 n=1 k=2048: 1 x 871.2 us = 871.2 us (601.653 GFLOPS/s)
RMS_NORM_MUL RMS_NORM(2048,1,1,1): 61 x 3.992 us = 243.52 us
RMS_NORM_MUL_ROPE RMS_NORM(64,32,1,1): 8 x 3.855 us = 30.84 us
RMS_NORM_MUL_ROPE RMS_NORM(64,8,1,1): 8 x 3.505 us = 28.04 us
SET_ROWS: 16 x 1.967 us = 31.48 us
SSM_CONV: 22 x 2.369 us = 52.12 us
Total time: 7725.6 us.
----------------
Vulkan Timings:
ADD: 22 x 2.516 us = 55.36 us
CONCAT: 22 x 2.52 us = 55.44 us
CPY: 22 x 2.507 us = 55.16 us
FLASH_ATTN_EXT dst(64,32,1,1),  q(64,1,32,1),  k(64,256,8,1),  v(64,256,8,1),  m(256,1,1,1): 8 x 12.29 us = 98.32 us (170.639 GFLOPS/s)
GET_ROWS: 24 x 2.13 us = 51.12 us
GLU: 30 x 2.529 us = 75.88 us
MUL: 44 x 2.655 us = 116.84 us
MUL_MAT f32 m=64 n=32 k=64: 16 x 2.267 us = 36.28 us (114.706 GFLOPS/s)
MUL_MAT_ADD MUL_MAT_VEC q4_0_rocmfp4_fast m=2048 n=1 k=10752: 30 x 53.006 us = 1590.2 us (830.804 GFLOPS/s)
MUL_MAT_ADD MUL_MAT_VEC q4_0_rocmfp4_fast m=2048 n=1 k=2048: 8 x 13.015 us = 104.12 us (644.376 GFLOPS/s)
MUL_MAT_VEC f32 m=64 n=8 k=64: 16 x 1.787 us = 28.6 us (36.3771 GFLOPS/s)
MUL_MAT_VEC q4_0_rocmfp4_fast m=10752 n=1 k=2048: 60 x 51.46 us = 3087.6 us (855.605 GFLOPS/s)
MUL_MAT_VEC q4_0_rocmfp4_fast m=2048 n=1 k=2048: 30 x 14.274 us = 428.24 us (587.514 GFLOPS/s)
MUL_MAT_VEC q4_0_rocmfp4_fast m=512 n=1 k=2048: 16 x 2.832 us = 45.32 us (740.208 GFLOPS/s)
MUL_MAT_VEC q4_0_rocmfp4_fast m=6144 n=1 k=2048: 22 x 32.272 us = 710 us (779.596 GFLOPS/s)
MUL_MAT_VEC q6_K m=128000 n=1 k=2048: 1 x 880.16 us = 880.16 us (595.528 GFLOPS/s)
RMS_NORM_MUL RMS_NORM(2048,1,1,1): 61 x 4.159 us = 253.72 us
RMS_NORM_MUL_ROPE RMS_NORM(64,32,1,1): 8 x 4.42 us = 35.36 us
RMS_NORM_MUL_ROPE RMS_NORM(64,8,1,1): 8 x 3.805 us = 30.44 us
SET_ROWS: 16 x 2.57 us = 41.12 us
SSM_CONV: 22 x 2.521 us = 55.48 us
Total time: 7834.76 us.
----------------
Vulkan Timings:
ADD: 22 x 2.887 us = 63.52 us
CONCAT: 22 x 2.905 us = 63.92 us
CPY: 22 x 2.874 us = 63.24 us
FLASH_ATTN_EXT dst(64,32,1,1),  q(64,1,32,1),  k(64,256,8,1),  v(64,256,8,1),  m(256,1,1,1): 8 x 15.51 us = 124.08 us (135.213 GFLOPS/s)
GET_ROWS: 24 x 2.421 us = 58.12 us
GLU: 30 x 2.89 us = 86.72 us
MUL: 44 x 3.05 us = 134.24 us
MUL_MAT f32 m=64 n=32 k=64: 16 x 2.47 us = 39.52 us (105.302 GFLOPS/s)
MUL_MAT_ADD MUL_MAT_VEC q4_0_rocmfp4_fast m=2048 n=1 k=10752: 30 x 56.978 us = 1709.36 us (772.888 GFLOPS/s)
MUL_MAT_ADD MUL_MAT_VEC q4_0_rocmfp4_fast m=2048 n=1 k=2048: 8 x 13.845 us = 110.76 us (605.746 GFLOPS/s)
MUL_MAT_VEC f32 m=64 n=8 k=64: 16 x 2.52 us = 40.32 us (25.8032 GFLOPS/s)
MUL_MAT_VEC q4_0_rocmfp4_fast m=10752 n=1 k=2048: 60 x 54.902 us = 3294.12 us (801.964 GFLOPS/s)
MUL_MAT_VEC q4_0_rocmfp4_fast m=2048 n=1 k=2048: 30 x 15.349 us = 460.48 us (546.379 GFLOPS/s)
MUL_MAT_VEC q4_0_rocmfp4_fast m=512 n=1 k=2048: 16 x 3.737 us = 59.8 us (560.974 GFLOPS/s)
MUL_MAT_VEC q4_0_rocmfp4_fast m=6144 n=1 k=2048: 22 x 34.001 us = 748.04 us (739.951 GFLOPS/s)
MUL_MAT_VEC q6_K m=128000 n=1 k=2048: 1 x 881.72 us = 881.72 us (594.474 GFLOPS/s)
RMS_NORM_MUL RMS_NORM(2048,1,1,1): 61 x 4.95 us = 301.96 us
RMS_NORM_MUL_ROPE RMS_NORM(64,32,1,1): 8 x 5.02 us = 40.16 us
RMS_NORM_MUL_ROPE RMS_NORM(64,8,1,1): 8 x 4.19 us = 33.52 us
SET_ROWS: 16 x 2.397 us = 38.36 us
SSM_CONV: 22 x 2.887 us = 63.52 us
Total time: 8415.48 us.
----------------
Vulkan Timings:
ADD: 22 x 2.82 us = 62.04 us
CONCAT: 22 x 2.812 us = 61.88 us
CPY: 22 x 2.794 us = 61.48 us
FLASH_ATTN_EXT dst(64,32,1,1),  q(64,1,32,1),  k(64,256,8,1),  v(64,256,8,1),  m(256,1,1,1): 8 x 15.65 us = 125.2 us (134.003 GFLOPS/s)
GET_ROWS: 24 x 2.75 us = 66 us
GLU: 30 x 2.798 us = 83.96 us
MUL: 44 x 3.028 us = 133.24 us
MUL_MAT f32 m=64 n=32 k=64: 16 x 2.355 us = 37.68 us (110.444 GFLOPS/s)
MUL_MAT_ADD MUL_MAT_VEC q4_0_rocmfp4_fast m=2048 n=1 k=10752: 30 x 54.014 us = 1620.44 us (815.3 GFLOPS/s)
MUL_MAT_ADD MUL_MAT_VEC q4_0_rocmfp4_fast m=2048 n=1 k=2048: 8 x 13.615 us = 108.92 us (615.979 GFLOPS/s)
MUL_MAT_VEC f32 m=64 n=8 k=64: 16 x 2.325 us = 37.2 us (27.9673 GFLOPS/s)
MUL_MAT_VEC q4_0_rocmfp4_fast m=10752 n=1 k=2048: 60 x 52.382 us = 3142.96 us (840.535 GFLOPS/s)
MUL_MAT_VEC q4_0_rocmfp4_fast m=2048 n=1 k=2048: 30 x 15.253 us = 457.6 us (549.818 GFLOPS/s)
MUL_MAT_VEC q4_0_rocmfp4_fast m=512 n=1 k=2048: 16 x 3.432 us = 54.92 us (610.82 GFLOPS/s)
MUL_MAT_VEC q4_0_rocmfp4_fast m=6144 n=1 k=2048: 22 x 33.598 us = 739.16 us (748.841 GFLOPS/s)
MUL_MAT_VEC q6_K m=128000 n=1 k=2048: 1 x 880.84 us = 880.84 us (595.068 GFLOPS/s)
RMS_NORM_MUL RMS_NORM(2048,1,1,1): 61 x 5.025 us = 306.56 us
RMS_NORM_MUL_ROPE RMS_NORM(64,32,1,1): 8 x 5.105 us = 40.84 us
RMS_NORM_MUL_ROPE RMS_NORM(64,8,1,1): 8 x 4.175 us = 33.4 us
SET_ROWS: 16 x 2.317 us = 37.08 us
SSM_CONV: 22 x 2.807 us = 61.76 us
Total time: 8153.16 us.
----------------
Vulkan Timings:
ADD: 22 x 2.836 us = 62.4 us
CONCAT: 22 x 2.614 us = 57.52 us
CPY: 22 x 3.774 us = 83.04 us
FLASH_ATTN_EXT dst(64,32,1,1),  q(64,1,32,1),  k(64,256,8,1),  v(64,256,8,1),  m(256,1,1,1): 8 x 12.26 us = 98.08 us (171.056 GFLOPS/s)
GET_ROWS: 24 x 2.176 us = 52.24 us
GLU: 30 x 2.576 us = 77.28 us
MUL: 44 x 2.704 us = 119 us
MUL_MAT f32 m=64 n=32 k=64: 16 x 2.352 us = 37.64 us (110.562 GFLOPS/s)
MUL_MAT_ADD MUL_MAT_VEC q4_0_rocmfp4_fast m=2048 n=1 k=10752: 30 x 52.926 us = 1587.8 us (832.06 GFLOPS/s)
MUL_MAT_ADD MUL_MAT_VEC q4_0_rocmfp4_fast m=2048 n=1 k=2048: 8 x 13.14 us = 105.12 us (638.247 GFLOPS/s)
MUL_MAT_VEC f32 m=64 n=8 k=64: 16 x 1.84 us = 29.44 us (35.3391 GFLOPS/s)
MUL_MAT_VEC q4_0_rocmfp4_fast m=10752 n=1 k=2048: 60 x 51.658 us = 3099.52 us (852.315 GFLOPS/s)
MUL_MAT_VEC q4_0_rocmfp4_fast m=2048 n=1 k=2048: 30 x 14.532 us = 435.96 us (577.11 GFLOPS/s)
MUL_MAT_VEC q4_0_rocmfp4_fast m=512 n=1 k=2048: 16 x 2.81 us = 44.96 us (746.135 GFLOPS/s)
MUL_MAT_VEC q4_0_rocmfp4_fast m=6144 n=1 k=2048: 22 x 32.921 us = 724.28 us (764.225 GFLOPS/s)
MUL_MAT_VEC q6_K m=128000 n=1 k=2048: 1 x 873.44 us = 873.44 us (600.11 GFLOPS/s)
RMS_NORM_MUL RMS_NORM(2048,1,1,1): 61 x 4.244 us = 258.92 us
RMS_NORM_MUL_ROPE RMS_NORM(64,32,1,1): 8 x 4.415 us = 35.32 us
RMS_NORM_MUL_ROPE RMS_NORM(64,8,1,1): 8 x 3.89 us = 31.12 us
SET_ROWS: 16 x 2.66 us = 42.56 us
SSM_CONV: 22 x 2.583 us = 56.84 us
Total time: 7912.48 us.
----------------
Vulkan Timings:
ADD: 22 x 2.46 us = 54.12 us
CONCAT: 22 x 2.461 us = 54.16 us
CPY: 22 x 2.44 us = 53.68 us
FLASH_ATTN_EXT dst(64,32,1,1),  q(64,1,32,1),  k(64,256,8,1),  v(64,256,8,1),  m(256,1,1,1): 8 x 11.725 us = 93.8 us (178.862 GFLOPS/s)
GET_ROWS: 24 x 2.1 us = 50.4 us
GLU: 30 x 2.477 us = 74.32 us
MUL: 44 x 2.59 us = 114 us
MUL_MAT f32 m=64 n=32 k=64: 16 x 2.237 us = 35.8 us (116.244 GFLOPS/s)
MUL_MAT_ADD MUL_MAT_VEC q4_0_rocmfp4_fast m=2048 n=1 k=10752: 30 x 53.765 us = 1612.96 us (819.081 GFLOPS/s)
MUL_MAT_ADD MUL_MAT_VEC q4_0_rocmfp4_fast m=2048 n=1 k=2048: 8 x 12.84 us = 102.72 us (653.159 GFLOPS/s)
MUL_MAT_VEC f32 m=64 n=8 k=64: 16 x 1.9 us = 30.4 us (34.2232 GFLOPS/s)
MUL_MAT_VEC q4_0_rocmfp4_fast m=10752 n=1 k=2048: 60 x 51.41 us = 3084.6 us (856.437 GFLOPS/s)
MUL_MAT_VEC q4_0_rocmfp4_fast m=2048 n=1 k=2048: 30 x 14.117 us = 423.52 us (594.061 GFLOPS/s)
MUL_MAT_VEC q4_0_rocmfp4_fast m=512 n=1 k=2048: 16 x 2.732 us = 43.72 us (767.297 GFLOPS/s)
MUL_MAT_VEC q4_0_rocmfp4_fast m=6144 n=1 k=2048: 22 x 33.052 us = 727.16 us (761.198 GFLOPS/s)
MUL_MAT_VEC q6_K m=128000 n=1 k=2048: 1 x 879.88 us = 879.88 us (595.718 GFLOPS/s)
RMS_NORM_MUL RMS_NORM(2048,1,1,1): 61 x 4.089 us = 249.44 us
RMS_NORM_MUL_ROPE RMS_NORM(64,32,1,1): 8 x 4.255 us = 34.04 us
RMS_NORM_MUL_ROPE RMS_NORM(64,8,1,1): 8 x 3.69 us = 29.52 us
SET_ROWS: 16 x 2.375 us = 38 us
SSM_CONV: 22 x 2.454 us = 54 us
Total time: 7840.24 us.
----------------
Vulkan Timings:
ADD: 22 x 2.41 us = 53.04 us
CONCAT: 22 x 2.523 us = 55.52 us
CPY: 22 x 2.663 us = 58.6 us
FLASH_ATTN_EXT dst(64,32,1,1),  q(64,1,32,1),  k(64,256,8,1),  v(64,256,8,1),  m(256,1,1,1): 8 x 10.54 us = 84.32 us (198.971 GFLOPS/s)
GET_ROWS: 24 x 1.993 us = 47.84 us
GLU: 30 x 2.313 us = 69.4 us
MUL: 44 x 2.442 us = 107.48 us
MUL_MAT f32 m=64 n=32 k=64: 16 x 2.105 us = 33.68 us (123.561 GFLOPS/s)
MUL_MAT_ADD MUL_MAT_VEC q4_0_rocmfp4_fast m=2048 n=1 k=10752: 30 x 52.58 us = 1577.4 us (837.546 GFLOPS/s)
MUL_MAT_ADD MUL_MAT_VEC q4_0_rocmfp4_fast m=2048 n=1 k=2048: 8 x 12.77 us = 102.16 us (656.739 GFLOPS/s)
MUL_MAT_VEC f32 m=64 n=8 k=64: 16 x 2.09 us = 33.44 us (31.112 GFLOPS/s)
MUL_MAT_VEC q4_0_rocmfp4_fast m=10752 n=1 k=2048: 60 x 51.427 us = 3085.64 us (856.149 GFLOPS/s)
MUL_MAT_VEC q4_0_rocmfp4_fast m=2048 n=1 k=2048: 30 x 14.086 us = 422.6 us (595.354 GFLOPS/s)
MUL_MAT_VEC q4_0_rocmfp4_fast m=512 n=1 k=2048: 16 x 2.587 us = 41.4 us (810.296 GFLOPS/s)
MUL_MAT_VEC q4_0_rocmfp4_fast m=6144 n=1 k=2048: 22 x 32.045 us = 705 us (785.125 GFLOPS/s)
MUL_MAT_VEC q6_K m=128000 n=1 k=2048: 1 x 881.12 us = 881.12 us (594.879 GFLOPS/s)
RMS_NORM_MUL RMS_NORM(2048,1,1,1): 61 x 3.848 us = 234.76 us
RMS_NORM_MUL_ROPE RMS_NORM(64,32,1,1): 8 x 3.935 us = 31.48 us
RMS_NORM_MUL_ROPE RMS_NORM(64,8,1,1): 8 x 3.4 us = 27.2 us
SET_ROWS: 16 x 2.09 us = 33.44 us
SSM_CONV: 22 x 2.29 us = 50.4 us
Total time: 7735.92 us.
----------------
Vulkan Timings:
ADD: 22 x 2.365 us = 52.04 us
CONCAT: 22 x 2.318 us = 51 us
CPY: 22 x 2.312 us = 50.88 us
FLASH_ATTN_EXT dst(64,32,1,1),  q(64,1,32,1),  k(64,256,8,1),  v(64,256,8,1),  m(256,1,1,1): 8 x 10.495 us = 83.96 us (199.824 GFLOPS/s)
GET_ROWS: 24 x 2.016 us = 48.4 us
GLU: 30 x 3.138 us = 94.16 us
MUL: 44 x 2.446 us = 107.64 us
MUL_MAT f32 m=64 n=32 k=64: 16 x 2.182 us = 34.92 us (119.173 GFLOPS/s)
MUL_MAT_ADD MUL_MAT_VEC q4_0_rocmfp4_fast m=2048 n=1 k=10752: 30 x 52.286 us = 1568.6 us (842.244 GFLOPS/s)
MUL_MAT_ADD MUL_MAT_VEC q4_0_rocmfp4_fast m=2048 n=1 k=2048: 8 x 12.985 us = 103.88 us (645.865 GFLOPS/s)
MUL_MAT_VEC f32 m=64 n=8 k=64: 16 x 2.095 us = 33.52 us (31.0377 GFLOPS/s)
MUL_MAT_VEC q4_0_rocmfp4_fast m=10752 n=1 k=2048: 60 x 51.398 us = 3083.88 us (856.637 GFLOPS/s)
MUL_MAT_VEC q4_0_rocmfp4_fast m=2048 n=1 k=2048: 30 x 13.77 us = 413.12 us (609.016 GFLOPS/s)
MUL_MAT_VEC q4_0_rocmfp4_fast m=512 n=1 k=2048: 16 x 2.602 us = 41.64 us (805.625 GFLOPS/s)
MUL_MAT_VEC q4_0_rocmfp4_fast m=6144 n=1 k=2048: 22 x 31.854 us = 700.8 us (789.83 GFLOPS/s)
MUL_MAT_VEC q6_K m=128000 n=1 k=2048: 1 x 871.6 us = 871.6 us (601.377 GFLOPS/s)
RMS_NORM_MUL RMS_NORM(2048,1,1,1): 61 x 4.02 us = 245.28 us
RMS_NORM_MUL_ROPE RMS_NORM(64,32,1,1): 8 x 3.9 us = 31.2 us
RMS_NORM_MUL_ROPE RMS_NORM(64,8,1,1): 8 x 3.395 us = 27.16 us
SET_ROWS: 16 x 2.05 us = 32.8 us
SSM_CONV: 22 x 2.312 us = 50.88 us
Total time: 7727.36 us.
----------------
Vulkan Timings:
ADD: 22 x 2.32 us = 51.04 us
CONCAT: 22 x 2.323 us = 51.12 us
CPY: 22 x 2.314 us = 50.92 us
FLASH_ATTN_EXT dst(64,32,1,1),  q(64,1,32,1),  k(64,256,8,1),  v(64,256,8,1),  m(256,1,1,1): 8 x 10.655 us = 85.24 us (196.823 GFLOPS/s)
GET_ROWS: 24 x 1.988 us = 47.72 us
GLU: 30 x 2.338 us = 70.16 us
MUL: 44 x 2.454 us = 108 us
MUL_MAT f32 m=64 n=32 k=64: 16 x 2.122 us = 33.96 us (122.542 GFLOPS/s)
MUL_MAT_ADD MUL_MAT_VEC q4_0_rocmfp4_fast m=2048 n=1 k=10752: 30 x 53.12 us = 1593.6 us (829.031 GFLOPS/s)
MUL_MAT_ADD MUL_MAT_VEC q4_0_rocmfp4_fast m=2048 n=1 k=2048: 8 x 12.895 us = 103.16 us (650.373 GFLOPS/s)
MUL_MAT_VEC f32 m=64 n=8 k=64: 16 x 2.09 us = 33.44 us (31.112 GFLOPS/s)
MUL_MAT_VEC q4_0_rocmfp4_fast m=10752 n=1 k=2048: 60 x 51.785 us = 3107.12 us (850.23 GFLOPS/s)
MUL_MAT_VEC q4_0_rocmfp4_fast m=2048 n=1 k=2048: 30 x 13.75 us = 412.52 us (609.902 GFLOPS/s)
MUL_MAT_VEC q4_0_rocmfp4_fast m=512 n=1 k=2048: 16 x 2.555 us = 40.88 us (820.603 GFLOPS/s)
MUL_MAT_VEC q4_0_rocmfp4_fast m=6144 n=1 k=2048: 22 x 32.207 us = 708.56 us (781.18 GFLOPS/s)
MUL_MAT_VEC q6_K m=128000 n=1 k=2048: 1 x 875.28 us = 875.28 us (598.848 GFLOPS/s)
RMS_NORM_MUL RMS_NORM(2048,1,1,1): 61 x 3.69 us = 225.12 us
RMS_NORM_MUL_ROPE RMS_NORM(64,32,1,1): 8 x 3.9 us = 31.2 us
RMS_NORM_MUL_ROPE RMS_NORM(64,8,1,1): 8 x 3.415 us = 27.32 us
SET_ROWS: 16 x 1.937 us = 31 us
SSM_CONV: 22 x 2.318 us = 51 us
Total time: 7738.36 us.
----------------
Vulkan Timings:
ADD: 22 x 2.441 us = 53.72 us
CONCAT: 22 x 2.376 us = 52.28 us
CPY: 22 x 2.365 us = 52.04 us
FLASH_ATTN_EXT dst(64,32,1,1),  q(64,1,32,1),  k(64,256,8,1),  v(64,256,8,1),  m(256,1,1,1): 8 x 10.795 us = 86.36 us (194.271 GFLOPS/s)
GET_ROWS: 24 x 2.02 us = 48.48 us
GLU: 30 x 2.382 us = 71.48 us
MUL: 44 x 2.487 us = 109.44 us
MUL_MAT f32 m=64 n=32 k=64: 16 x 2.165 us = 34.64 us (120.137 GFLOPS/s)
MUL_MAT_ADD MUL_MAT_VEC q4_0_rocmfp4_fast m=2048 n=1 k=10752: 30 x 55.36 us = 1660.82 us (795.477 GFLOPS/s)
MUL_MAT_ADD MUL_MAT_VEC q4_0_rocmfp4_fast m=2048 n=1 k=2048: 8 x 12.86 us = 102.88 us (652.143 GFLOPS/s)
MUL_MAT_VEC f32 m=64 n=8 k=64: 16 x 2.065 us = 33.04 us (31.4886 GFLOPS/s)
MUL_MAT_VEC q4_0_rocmfp4_fast m=10752 n=1 k=2048: 60 x 51.95 us = 3117 us (847.535 GFLOPS/s)
MUL_MAT_VEC q4_0_rocmfp4_fast m=2048 n=1 k=2048: 30 x 13.849 us = 415.48 us (605.557 GFLOPS/s)
MUL_MAT_VEC q4_0_rocmfp4_fast m=512 n=1 k=2048: 16 x 2.652 us = 42.44 us (790.439 GFLOPS/s)
MUL_MAT_VEC q4_0_rocmfp4_fast m=6144 n=1 k=2048: 22 x 32.934 us = 724.56 us (763.93 GFLOPS/s)
MUL_MAT_VEC q6_K m=128000 n=1 k=2048: 1 x 880.32 us = 880.32 us (595.42 GFLOPS/s)
RMS_NORM_MUL RMS_NORM(2048,1,1,1): 61 x 3.735 us = 227.88 us
RMS_NORM_MUL_ROPE RMS_NORM(64,32,1,1): 8 x 4.03 us = 32.24 us
RMS_NORM_MUL_ROPE RMS_NORM(64,8,1,1): 8 x 3.495 us = 27.96 us
SET_ROWS: 16 x 2.122 us = 33.96 us
SSM_CONV: 22 x 2.356 us = 51.84 us
Total time: 7858.86 us.
----------------
Vulkan Timings:
ADD: 22 x 2.309 us = 50.8 us
CONCAT: 22 x 2.309 us = 50.8 us
CPY: 22 x 2.289 us = 50.36 us
FLASH_ATTN_EXT dst(64,32,1,1),  q(64,1,32,1),  k(64,256,8,1),  v(64,256,8,1),  m(256,1,1,1): 8 x 10.48 us = 83.84 us (200.11 GFLOPS/s)
GET_ROWS: 24 x 1.976 us = 47.44 us
GLU: 30 x 2.317 us = 69.52 us
MUL: 44 x 2.44 us = 107.36 us
MUL_MAT f32 m=64 n=32 k=64: 16 x 2.11 us = 33.76 us (123.268 GFLOPS/s)
MUL_MAT_ADD MUL_MAT_VEC q4_0_rocmfp4_fast m=2048 n=1 k=10752: 30 x 52.512 us = 1575.36 us (838.63 GFLOPS/s)
MUL_MAT_ADD MUL_MAT_VEC q4_0_rocmfp4_fast m=2048 n=1 k=2048: 8 x 12.695 us = 101.56 us (660.619 GFLOPS/s)
MUL_MAT_VEC f32 m=64 n=8 k=64: 16 x 2.075 us = 33.2 us (31.3369 GFLOPS/s)
MUL_MAT_VEC q4_0_rocmfp4_fast m=10752 n=1 k=2048: 60 x 50.7 us = 3042 us (868.431 GFLOPS/s)
MUL_MAT_VEC q4_0_rocmfp4_fast m=2048 n=1 k=2048: 30 x 13.946 us = 418.4 us (601.331 GFLOPS/s)
MUL_MAT_VEC q4_0_rocmfp4_fast m=512 n=1 k=2048: 16 x 3.185 us = 50.96 us (658.286 GFLOPS/s)
MUL_MAT_VEC q4_0_rocmfp4_fast m=6144 n=1 k=2048: 22 x 31.667 us = 696.68 us (794.501 GFLOPS/s)
MUL_MAT_VEC q6_K m=128000 n=1 k=2048: 1 x 871.32 us = 871.32 us (601.57 GFLOPS/s)
RMS_NORM_MUL RMS_NORM(2048,1,1,1): 61 x 4.125 us = 251.64 us
RMS_NORM_MUL_ROPE RMS_NORM(64,32,1,1): 8 x 5.885 us = 47.08 us
RMS_NORM_MUL_ROPE RMS_NORM(64,8,1,1): 8 x 3.465 us = 27.72 us
SET_ROWS: 16 x 2.017 us = 32.28 us
SSM_CONV: 22 x 2.307 us = 50.76 us
Total time: 7692.84 us.
----------------
Vulkan Timings:
ADD: 22 x 2.3 us = 50.6 us
CONCAT: 22 x 2.3 us = 50.6 us
CPY: 22 x 2.287 us = 50.32 us
FLASH_ATTN_EXT dst(64,32,1,1),  q(64,1,32,1),  k(64,256,8,1),  v(64,256,8,1),  m(256,1,1,1): 8 x 10.6 us = 84.8 us (197.845 GFLOPS/s)
GET_ROWS: 24 x 1.976 us = 47.44 us
GLU: 30 x 2.334 us = 70.04 us
MUL: 44 x 2.439 us = 107.32 us
MUL_MAT f32 m=64 n=32 k=64: 16 x 2.102 us = 33.64 us (123.708 GFLOPS/s)
MUL_MAT_ADD MUL_MAT_VEC q4_0_rocmfp4_fast m=2048 n=1 k=10752: 30 x 53.422 us = 1602.68 us (824.334 GFLOPS/s)
MUL_MAT_ADD MUL_MAT_VEC q4_0_rocmfp4_fast m=2048 n=1 k=2048: 8 x 12.69 us = 101.52 us (660.879 GFLOPS/s)
MUL_MAT_VEC f32 m=64 n=8 k=64: 16 x 2.09 us = 33.44 us (31.112 GFLOPS/s)
MUL_MAT_VEC q4_0_rocmfp4_fast m=10752 n=1 k=2048: 60 x 51.01 us = 3060.6 us (863.153 GFLOPS/s)
MUL_MAT_VEC q4_0_rocmfp4_fast m=2048 n=1 k=2048: 30 x 13.792 us = 413.76 us (608.074 GFLOPS/s)
MUL_MAT_VEC q4_0_rocmfp4_fast m=512 n=1 k=2048: 16 x 2.587 us = 41.4 us (810.296 GFLOPS/s)
MUL_MAT_VEC q4_0_rocmfp4_fast m=6144 n=1 k=2048: 22 x 32.209 us = 708.6 us (781.136 GFLOPS/s)
MUL_MAT_VEC q6_K m=128000 n=1 k=2048: 1 x 880.24 us = 880.24 us (595.474 GFLOPS/s)
RMS_NORM_MUL RMS_NORM(2048,1,1,1): 61 x 3.845 us = 234.56 us
RMS_NORM_MUL_ROPE RMS_NORM(64,32,1,1): 8 x 3.915 us = 31.32 us
RMS_NORM_MUL_ROPE RMS_NORM(64,8,1,1): 8 x 3.4 us = 27.2 us
SET_ROWS: 16 x 2.062 us = 33 us
SSM_CONV: 22 x 2.298 us = 50.56 us
Total time: 7713.64 us.
----------------
Vulkan Timings:
ADD: 22 x 2.332 us = 51.32 us
CONCAT: 22 x 2.669 us = 58.72 us
CPY: 22 x 2.269 us = 49.92 us
FLASH_ATTN_EXT dst(64,32,1,1),  q(64,1,32,1),  k(64,256,8,1),  v(64,256,8,1),  m(256,1,1,1): 8 x 10.51 us = 84.08 us (199.539 GFLOPS/s)
GET_ROWS: 24 x 1.968 us = 47.24 us
GLU: 30 x 2.406 us = 72.2 us
MUL: 44 x 2.506 us = 110.28 us
MUL_MAT f32 m=64 n=32 k=64: 16 x 2.11 us = 33.76 us (123.268 GFLOPS/s)
MUL_MAT_ADD MUL_MAT_VEC q4_0_rocmfp4_fast m=2048 n=1 k=10752: 30 x 54.626 us = 1638.8 us (806.166 GFLOPS/s)
MUL_MAT_ADD MUL_MAT_VEC q4_0_rocmfp4_fast m=2048 n=1 k=2048: 8 x 12.785 us = 102.28 us (655.969 GFLOPS/s)
MUL_MAT_VEC f32 m=64 n=8 k=64: 16 x 2.07 us = 33.12 us (31.4126 GFLOPS/s)
MUL_MAT_VEC q4_0_rocmfp4_fast m=10752 n=1 k=2048: 60 x 51.69 us = 3101.44 us (851.787 GFLOPS/s)
MUL_MAT_VEC q4_0_rocmfp4_fast m=2048 n=1 k=2048: 30 x 13.858 us = 415.76 us (605.149 GFLOPS/s)
MUL_MAT_VEC q4_0_rocmfp4_fast m=512 n=1 k=2048: 16 x 2.86 us = 45.76 us (733.091 GFLOPS/s)
MUL_MAT_VEC q4_0_rocmfp4_fast m=6144 n=1 k=2048: 22 x 31.867 us = 701.08 us (789.515 GFLOPS/s)
MUL_MAT_VEC q6_K m=128000 n=1 k=2048: 1 x 880.12 us = 880.12 us (595.555 GFLOPS/s)
RMS_NORM_MUL RMS_NORM(2048,1,1,1): 61 x 3.73 us = 227.56 us
RMS_NORM_MUL_ROPE RMS_NORM(64,32,1,1): 8 x 6.485 us = 51.88 us
RMS_NORM_MUL_ROPE RMS_NORM(64,8,1,1): 8 x 3.39 us = 27.12 us
SET_ROWS: 16 x 1.975 us = 31.6 us
SSM_CONV: 22 x 3.22 us = 70.84 us
Total time: 7834.88 us.
----------------
Vulkan Timings:
ADD: 22 x 2.289 us = 50.36 us
CONCAT: 22 x 2.301 us = 50.64 us
CPY: 22 x 2.278 us = 50.12 us
FLASH_ATTN_EXT dst(64,32,1,1),  q(64,1,32,1),  k(64,256,8,1),  v(64,256,8,1),  m(256,1,1,1): 8 x 10.535 us = 84.28 us (199.065 GFLOPS/s)
GET_ROWS: 24 x 1.978 us = 47.48 us
GLU: 30 x 2.32 us = 69.6 us
MUL: 44 x 2.432 us = 107.04 us
MUL_MAT f32 m=64 n=32 k=64: 16 x 2.1 us = 33.6 us (123.855 GFLOPS/s)
MUL_MAT_ADD MUL_MAT_VEC q4_0_rocmfp4_fast m=2048 n=1 k=10752: 30 x 53.121 us = 1593.64 us (829.011 GFLOPS/s)
MUL_MAT_ADD MUL_MAT_VEC q4_0_rocmfp4_fast m=2048 n=1 k=2048: 8 x 12.795 us = 102.36 us (655.456 GFLOPS/s)
MUL_MAT_VEC f32 m=64 n=8 k=64: 16 x 2.075 us = 33.2 us (31.3369 GFLOPS/s)
MUL_MAT_VEC q4_0_rocmfp4_fast m=10752 n=1 k=2048: 60 x 51.134 us = 3068.04 us (861.06 GFLOPS/s)
MUL_MAT_VEC q4_0_rocmfp4_fast m=2048 n=1 k=2048: 30 x 13.776 us = 413.28 us (608.78 GFLOPS/s)
MUL_MAT_VEC q4_0_rocmfp4_fast m=512 n=1 k=2048: 16 x 2.575 us = 41.2 us (814.229 GFLOPS/s)
MUL_MAT_VEC q4_0_rocmfp4_fast m=6144 n=1 k=2048: 22 x 32.676 us = 718.88 us (769.966 GFLOPS/s)
MUL_MAT_VEC q6_K m=128000 n=1 k=2048: 1 x 901.2 us = 901.2 us (581.625 GFLOPS/s)
RMS_NORM_MUL RMS_NORM(2048,1,1,1): 61 x 3.729 us = 227.48 us
RMS_NORM_MUL_ROPE RMS_NORM(64,32,1,1): 8 x 3.89 us = 31.12 us
RMS_NORM_MUL_ROPE RMS_NORM(64,8,1,1): 8 x 3.39 us = 27.12 us
SET_ROWS: 16 x 1.97 us = 31.52 us
SSM_CONV: 22 x 2.296 us = 50.52 us
Total time: 7732.68 us.
----------------
Vulkan Timings:
ADD: 22 x 2.314 us = 50.92 us
CONCAT: 22 x 2.27 us = 49.96 us
CPY: 22 x 2.321 us = 51.08 us
FLASH_ATTN_EXT dst(64,32,1,1),  q(64,1,32,1),  k(64,256,8,1),  v(64,256,8,1),  m(256,1,1,1): 8 x 10.505 us = 84.04 us (199.634 GFLOPS/s)
GET_ROWS: 24 x 1.966 us = 47.2 us
GLU: 30 x 2.305 us = 69.16 us
MUL: 44 x 2.496 us = 109.84 us
MUL_MAT f32 m=64 n=32 k=64: 16 x 2.115 us = 33.84 us (122.977 GFLOPS/s)
MUL_MAT_ADD MUL_MAT_VEC q4_0_rocmfp4_fast m=2048 n=1 k=10752: 30 x 54.068 us = 1622.04 us (814.496 GFLOPS/s)
MUL_MAT_ADD MUL_MAT_VEC q4_0_rocmfp4_fast m=2048 n=1 k=2048: 8 x 12.8 us = 102.4 us (655.2 GFLOPS/s)
MUL_MAT_VEC f32 m=64 n=8 k=64: 16 x 2.08 us = 33.28 us (31.2615 GFLOPS/s)
MUL_MAT_VEC q4_0_rocmfp4_fast m=10752 n=1 k=2048: 60 x 51.974 us = 3118.44 us (847.144 GFLOPS/s)
MUL_MAT_VEC q4_0_rocmfp4_fast m=2048 n=1 k=2048: 30 x 14.153 us = 424.6 us (592.55 GFLOPS/s)
MUL_MAT_VEC q4_0_rocmfp4_fast m=512 n=1 k=2048: 16 x 2.565 us = 41.04 us (817.404 GFLOPS/s)
MUL_MAT_VEC q4_0_rocmfp4_fast m=6144 n=1 k=2048: 22 x 33.263 us = 731.8 us (756.372 GFLOPS/s)
MUL_MAT_VEC q6_K m=128000 n=1 k=2048: 1 x 880.2 us = 880.2 us (595.501 GFLOPS/s)
RMS_NORM_MUL RMS_NORM(2048,1,1,1): 61 x 3.982 us = 242.96 us
RMS_NORM_MUL_ROPE RMS_NORM(64,32,1,1): 8 x 3.89 us = 31.12 us
RMS_NORM_MUL_ROPE RMS_NORM(64,8,1,1): 8 x 3.39 us = 27.12 us
SET_ROWS: 16 x 2.007 us = 32.12 us
SSM_CONV: 22 x 2.352 us = 51.76 us
Total time: 7834.92 us.
----------------
Vulkan Timings:
ADD: 22 x 2.438 us = 53.64 us
CONCAT: 22 x 2.305 us = 50.72 us
CPY: 22 x 2.329 us = 51.24 us
FLASH_ATTN_EXT dst(64,32,1,1),  q(64,1,32,1),  k(64,256,8,1),  v(64,256,8,1),  m(256,1,1,1): 8 x 10.685 us = 85.48 us (196.271 GFLOPS/s)
GET_ROWS: 24 x 1.983 us = 47.6 us
GLU: 30 x 2.333 us = 70 us
MUL: 44 x 2.452 us = 107.92 us
MUL_MAT f32 m=64 n=32 k=64: 16 x 2.127 us = 34.04 us (122.254 GFLOPS/s)
MUL_MAT_ADD MUL_MAT_VEC q4_0_rocmfp4_fast m=2048 n=1 k=10752: 30 x 52.382 us = 1571.48 us (840.701 GFLOPS/s)
MUL_MAT_ADD MUL_MAT_VEC q4_0_rocmfp4_fast m=2048 n=1 k=2048: 8 x 12.7 us = 101.6 us (660.359 GFLOPS/s)
MUL_MAT_VEC f32 m=64 n=8 k=64: 16 x 2.08 us = 33.28 us (31.2615 GFLOPS/s)
MUL_MAT_VEC q4_0_rocmfp4_fast m=10752 n=1 k=2048: 60 x 51.134 us = 3068.04 us (861.06 GFLOPS/s)
MUL_MAT_VEC q4_0_rocmfp4_fast m=2048 n=1 k=2048: 30 x 14.02 us = 420.6 us (598.185 GFLOPS/s)
MUL_MAT_VEC q4_0_rocmfp4_fast m=512 n=1 k=2048: 16 x 2.562 us = 41 us (818.201 GFLOPS/s)
MUL_MAT_VEC q4_0_rocmfp4_fast m=6144 n=1 k=2048: 22 x 32.072 us = 705.6 us (784.457 GFLOPS/s)
MUL_MAT_VEC q6_K m=128000 n=1 k=2048: 1 x 926.28 us = 926.28 us (565.876 GFLOPS/s)
RMS_NORM_MUL RMS_NORM(2048,1,1,1): 61 x 3.948 us = 240.84 us
RMS_NORM_MUL_ROPE RMS_NORM(64,32,1,1): 8 x 3.89 us = 31.12 us
RMS_NORM_MUL_ROPE RMS_NORM(64,8,1,1): 8 x 3.38 us = 27.04 us
SET_ROWS: 16 x 1.9 us = 30.4 us
SSM_CONV: 22 x 2.309 us = 50.8 us
Total time: 7748.72 us.
----------------
Vulkan Timings:
ADD: 22 x 2.334 us = 51.36 us
CONCAT: 22 x 2.314 us = 50.92 us
CPY: 22 x 2.307 us = 50.76 us
FLASH_ATTN_EXT dst(64,32,1,1),  q(64,1,32,1),  k(64,256,8,1),  v(64,256,8,1),  m(256,1,1,1): 8 x 10.66 us = 85.28 us (196.731 GFLOPS/s)
GET_ROWS: 24 x 1.986 us = 47.68 us
GLU: 30 x 2.322 us = 69.68 us
MUL: 44 x 2.441 us = 107.44 us
MUL_MAT f32 m=64 n=32 k=64: 16 x 2.112 us = 33.8 us (123.122 GFLOPS/s)
MUL_MAT_ADD MUL_MAT_VEC q4_0_rocmfp4_fast m=2048 n=1 k=10752: 30 x 53.014 us = 1590.44 us (830.679 GFLOPS/s)
MUL_MAT_ADD MUL_MAT_VEC q4_0_rocmfp4_fast m=2048 n=1 k=2048: 8 x 12.745 us = 101.96 us (658.027 GFLOPS/s)
MUL_MAT_VEC f32 m=64 n=8 k=64: 16 x 2.087 us = 33.4 us (31.1492 GFLOPS/s)
MUL_MAT_VEC q4_0_rocmfp4_fast m=10752 n=1 k=2048: 60 x 51.142 us = 3068.52 us (860.925 GFLOPS/s)
MUL_MAT_VEC q4_0_rocmfp4_fast m=2048 n=1 k=2048: 30 x 13.796 us = 413.88 us (607.898 GFLOPS/s)
MUL_MAT_VEC q4_0_rocmfp4_fast m=512 n=1 k=2048: 16 x 2.57 us = 41.12 us (815.813 GFLOPS/s)
MUL_MAT_VEC q4_0_rocmfp4_fast m=6144 n=1 k=2048: 22 x 32.752 us = 720.56 us (768.171 GFLOPS/s)
MUL_MAT_VEC q6_K m=128000 n=1 k=2048: 1 x 879.32 us = 879.32 us (596.097 GFLOPS/s)
RMS_NORM_MUL RMS_NORM(2048,1,1,1): 61 x 3.68 us = 224.52 us
RMS_NORM_MUL_ROPE RMS_NORM(64,32,1,1): 8 x 3.895 us = 31.16 us
RMS_NORM_MUL_ROPE RMS_NORM(64,8,1,1): 8 x 3.4 us = 27.2 us
SET_ROWS: 16 x 1.955 us = 31.28 us
SSM_CONV: 22 x 2.321 us = 51.08 us
Total time: 7711.36 us.
----------------
Vulkan Timings:
ADD: 22 x 2.72 us = 59.84 us
CONCAT: 22 x 2.518 us = 55.4 us
CPY: 22 x 2.289 us = 50.36 us
FLASH_ATTN_EXT dst(64,32,1,1),  q(64,1,32,1),  k(64,256,8,1),  v(64,256,8,1),  m(256,1,1,1): 8 x 10.595 us = 84.76 us (197.938 GFLOPS/s)
GET_ROWS: 24 x 1.968 us = 47.24 us
GLU: 30 x 2.365 us = 70.96 us
MUL: 44 x 2.474 us = 108.88 us
MUL_MAT f32 m=64 n=32 k=64: 16 x 2.102 us = 33.64 us (123.708 GFLOPS/s)
MUL_MAT_ADD MUL_MAT_VEC q4_0_rocmfp4_fast m=2048 n=1 k=10752: 30 x 53.885 us = 1616.56 us (817.257 GFLOPS/s)
MUL_MAT_ADD MUL_MAT_VEC q4_0_rocmfp4_fast m=2048 n=1 k=2048: 8 x 12.79 us = 102.32 us (655.712 GFLOPS/s)
MUL_MAT_VEC f32 m=64 n=8 k=64: 16 x 2.077 us = 33.24 us (31.2992 GFLOPS/s)
MUL_MAT_VEC q4_0_rocmfp4_fast m=10752 n=1 k=2048: 60 x 86.401 us = 5184.11 us (509.589 GFLOPS/s)
MUL_MAT_VEC q4_0_rocmfp4_fast m=2048 n=1 k=2048: 30 x 13.881 us = 416.44 us (604.161 GFLOPS/s)
MUL_MAT_VEC q4_0_rocmfp4_fast m=512 n=1 k=2048: 16 x 2.59 us = 41.44 us (809.514 GFLOPS/s)
MUL_MAT_VEC q4_0_rocmfp4_fast m=6144 n=1 k=2048: 22 x 34.172 us = 751.8 us (736.25 GFLOPS/s)
MUL_MAT_VEC q6_K m=128000 n=1 k=2048: 1 x 879.56 us = 879.56 us (595.934 GFLOPS/s)
RMS_NORM_MUL RMS_NORM(2048,1,1,1): 61 x 3.942 us = 240.52 us
RMS_NORM_MUL_ROPE RMS_NORM(64,32,1,1): 8 x 3.89 us = 31.12 us
RMS_NORM_MUL_ROPE RMS_NORM(64,8,1,1): 8 x 3.39 us = 27.12 us
SET_ROWS: 16 x 1.975 us = 31.6 us
SSM_CONV: 22 x 2.294 us = 50.48 us
Total time: 9917.39 us.
----------------
Vulkan Timings:
ADD: 22 x 2.456 us = 54.04 us
CONCAT: 22 x 2.301 us = 50.64 us
CPY: 22 x 2.283 us = 50.24 us
FLASH_ATTN_EXT dst(64,32,1,1),  q(64,1,32,1),  k(64,256,8,1),  v(64,256,8,1),  m(256,1,1,1): 8 x 11.075 us = 88.6 us (189.359 GFLOPS/s)
GET_ROWS: 24 x 2.891 us = 69.4 us
GLU: 30 x 2.318 us = 69.56 us
MUL: 44 x 2.45 us = 107.8 us
MUL_MAT f32 m=64 n=32 k=64: 16 x 2.102 us = 33.64 us (123.708 GFLOPS/s)
MUL_MAT_ADD MUL_MAT_VEC q4_0_rocmfp4_fast m=2048 n=1 k=10752: 30 x 53.294 us = 1598.84 us (826.314 GFLOPS/s)
MUL_MAT_ADD MUL_MAT_VEC q4_0_rocmfp4_fast m=2048 n=1 k=2048: 8 x 12.85 us = 102.8 us (652.651 GFLOPS/s)
MUL_MAT_VEC f32 m=64 n=8 k=64: 16 x 2.075 us = 33.2 us (31.3369 GFLOPS/s)
MUL_MAT_VEC q4_0_rocmfp4_fast m=10752 n=1 k=2048: 60 x 51.596 us = 3095.76 us (853.35 GFLOPS/s)
MUL_MAT_VEC q4_0_rocmfp4_fast m=2048 n=1 k=2048: 30 x 13.829 us = 414.88 us (606.433 GFLOPS/s)
MUL_MAT_VEC q4_0_rocmfp4_fast m=512 n=1 k=2048: 16 x 2.54 us = 40.64 us (825.449 GFLOPS/s)
MUL_MAT_VEC q4_0_rocmfp4_fast m=6144 n=1 k=2048: 22 x 32.336 us = 711.4 us (778.062 GFLOPS/s)
MUL_MAT_VEC q6_K m=128000 n=1 k=2048: 1 x 899.68 us = 899.68 us (582.607 GFLOPS/s)
RMS_NORM_MUL RMS_NORM(2048,1,1,1): 61 x 3.748 us = 228.68 us
RMS_NORM_MUL_ROPE RMS_NORM(64,32,1,1): 8 x 3.915 us = 31.32 us
RMS_NORM_MUL_ROPE RMS_NORM(64,8,1,1): 8 x 3.39 us = 27.12 us
SET_ROWS: 16 x 1.972 us = 31.56 us
SSM_CONV: 22 x 2.294 us = 50.48 us
Total time: 7790.28 us.
----------------
Vulkan Timings:
ADD: 22 x 2.303 us = 50.68 us
CONCAT: 22 x 2.3 us = 50.6 us
CPY: 22 x 2.278 us = 50.12 us
FLASH_ATTN_EXT dst(64,32,1,1),  q(64,1,32,1),  k(64,256,8,1),  v(64,256,8,1),  m(256,1,1,1): 8 x 10.695 us = 85.56 us (196.087 GFLOPS/s)
GET_ROWS: 24 x 1.995 us = 47.88 us
GLU: 30 x 2.309 us = 69.28 us
MUL: 44 x 2.434 us = 107.12 us
MUL_MAT f32 m=64 n=32 k=64: 16 x 2.1 us = 33.6 us (123.855 GFLOPS/s)
MUL_MAT_ADD MUL_MAT_VEC q4_0_rocmfp4_fast m=2048 n=1 k=10752: 30 x 52.908 us = 1587.24 us (832.353 GFLOPS/s)
MUL_MAT_ADD MUL_MAT_VEC q4_0_rocmfp4_fast m=2048 n=1 k=2048: 8 x 12.705 us = 101.64 us (660.099 GFLOPS/s)
MUL_MAT_VEC f32 m=64 n=8 k=64: 16 x 2.077 us = 33.24 us (31.2992 GFLOPS/s)
MUL_MAT_VEC q4_0_rocmfp4_fast m=10752 n=1 k=2048: 60 x 51.414 us = 3084.88 us (856.36 GFLOPS/s)
MUL_MAT_VEC q4_0_rocmfp4_fast m=2048 n=1 k=2048: 30 x 13.782 us = 413.48 us (608.486 GFLOPS/s)
MUL_MAT_VEC q4_0_rocmfp4_fast m=512 n=1 k=2048: 16 x 2.597 us = 41.56 us (807.176 GFLOPS/s)
MUL_MAT_VEC q4_0_rocmfp4_fast m=6144 n=1 k=2048: 22 x 32.132 us = 706.92 us (782.992 GFLOPS/s)
MUL_MAT_VEC q6_K m=128000 n=1 k=2048: 1 x 880.92 us = 880.92 us (595.014 GFLOPS/s)
RMS_NORM_MUL RMS_NORM(2048,1,1,1): 61 x 3.678 us = 224.36 us
RMS_NORM_MUL_ROPE RMS_NORM(64,32,1,1): 8 x 3.875 us = 31 us
RMS_NORM_MUL_ROPE RMS_NORM(64,8,1,1): 8 x 3.39 us = 27.12 us
SET_ROWS: 16 x 1.912 us = 30.6 us
SSM_CONV: 22 x 2.3 us = 50.6 us
Total time: 7708.4 us.
----------------
Vulkan Timings:
ADD: 22 x 2.469 us = 54.32 us
CONCAT: 22 x 2.325 us = 51.16 us
CPY: 22 x 2.303 us = 50.68 us
FLASH_ATTN_EXT dst(64,32,1,1),  q(64,1,32,1),  k(64,256,8,1),  v(64,256,8,1),  m(256,1,1,1): 8 x 12.47 us = 99.76 us (168.176 GFLOPS/s)
GET_ROWS: 24 x 1.975 us = 47.4 us
GLU: 30 x 2.34 us = 70.2 us
MUL: 44 x 2.441 us = 107.44 us
MUL_MAT f32 m=64 n=32 k=64: 16 x 2.222 us = 35.56 us (117.029 GFLOPS/s)
MUL_MAT_ADD MUL_MAT_VEC q4_0_rocmfp4_fast m=2048 n=1 k=10752: 30 x 52.533 us = 1576 us (838.29 GFLOPS/s)
MUL_MAT_ADD MUL_MAT_VEC q4_0_rocmfp4_fast m=2048 n=1 k=2048: 8 x 12.815 us = 102.52 us (654.433 GFLOPS/s)
MUL_MAT_VEC f32 m=64 n=8 k=64: 16 x 2.072 us = 33.16 us (31.3747 GFLOPS/s)
MUL_MAT_VEC q4_0_rocmfp4_fast m=10752 n=1 k=2048: 60 x 51.682 us = 3100.96 us (851.919 GFLOPS/s)
MUL_MAT_VEC q4_0_rocmfp4_fast m=2048 n=1 k=2048: 30 x 14.113 us = 423.4 us (594.23 GFLOPS/s)
MUL_MAT_VEC q4_0_rocmfp4_fast m=512 n=1 k=2048: 16 x 2.627 us = 42.04 us (797.96 GFLOPS/s)
MUL_MAT_VEC q4_0_rocmfp4_fast m=6144 n=1 k=2048: 22 x 31.84 us = 700.48 us (790.191 GFLOPS/s)
MUL_MAT_VEC q6_K m=128000 n=1 k=2048: 1 x 882.36 us = 882.36 us (594.043 GFLOPS/s)
RMS_NORM_MUL RMS_NORM(2048,1,1,1): 61 x 3.984 us = 243.08 us
RMS_NORM_MUL_ROPE RMS_NORM(64,32,1,1): 8 x 3.875 us = 31 us
RMS_NORM_MUL_ROPE RMS_NORM(64,8,1,1): 8 x 3.3 us = 26.4 us
SET_ROWS: 16 x 1.942 us = 31.08 us
SSM_CONV: 22 x 2.287 us = 50.32 us
Total time: 7759.32 us.
----------------
Vulkan Timings:
ADD: 22 x 2.345 us = 51.6 us
CONCAT: 22 x 2.34 us = 51.48 us
CPY: 22 x 2.3 us = 50.6 us
FLASH_ATTN_EXT dst(64,32,1,1),  q(64,1,32,1),  k(64,256,8,1),  v(64,256,8,1),  m(256,1,1,1): 8 x 10.5 us = 84 us (199.729 GFLOPS/s)
GET_ROWS: 24 x 2.01 us = 48.24 us
GLU: 30 x 2.34 us = 70.2 us
MUL: 44 x 2.461 us = 108.32 us
MUL_MAT f32 m=64 n=32 k=64: 16 x 2.145 us = 34.32 us (121.257 GFLOPS/s)
MUL_MAT_ADD MUL_MAT_VEC q4_0_rocmfp4_fast m=2048 n=1 k=10752: 30 x 52.486 us = 1574.6 us (839.035 GFLOPS/s)
MUL_MAT_ADD MUL_MAT_VEC q4_0_rocmfp4_fast m=2048 n=1 k=2048: 8 x 12.79 us = 102.32 us (655.712 GFLOPS/s)
MUL_MAT_VEC f32 m=64 n=8 k=64: 16 x 2.115 us = 33.84 us (30.7442 GFLOPS/s)
MUL_MAT_VEC q4_0_rocmfp4_fast m=10752 n=1 k=2048: 60 x 51.754 us = 3105.28 us (850.734 GFLOPS/s)
MUL_MAT_VEC q4_0_rocmfp4_fast m=2048 n=1 k=2048: 30 x 13.794 us = 413.84 us (607.957 GFLOPS/s)
MUL_MAT_VEC q4_0_rocmfp4_fast m=512 n=1 k=2048: 16 x 2.592 us = 41.48 us (808.733 GFLOPS/s)
MUL_MAT_VEC q4_0_rocmfp4_fast m=6144 n=1 k=2048: 22 x 32.22 us = 708.84 us (780.872 GFLOPS/s)
MUL_MAT_VEC q6_K m=128000 n=1 k=2048: 1 x 920.6 us = 920.6 us (569.368 GFLOPS/s)
RMS_NORM_MUL RMS_NORM(2048,1,1,1): 61 x 3.743 us = 228.36 us
RMS_NORM_MUL_ROPE RMS_NORM(64,32,1,1): 8 x 3.895 us = 31.16 us
RMS_NORM_MUL_ROPE RMS_NORM(64,8,1,1): 8 x 3.405 us = 27.24 us
SET_ROWS: 16 x 1.975 us = 31.6 us
SSM_CONV: 22 x 2.31 us = 50.84 us
Total time: 7768.76 us.
----------------
Vulkan Timings:
ADD: 22 x 2.294 us = 50.48 us
CONCAT: 22 x 2.485 us = 54.68 us
CPY: 22 x 2.287 us = 50.32 us
FLASH_ATTN_EXT dst(64,32,1,1),  q(64,1,32,1),  k(64,256,8,1),  v(64,256,8,1),  m(256,1,1,1): 8 x 10.535 us = 84.28 us (199.065 GFLOPS/s)
GET_ROWS: 24 x 1.988 us = 47.72 us
GLU: 30 x 2.62 us = 78.6 us
MUL: 44 x 2.53 us = 111.32 us
MUL_MAT f32 m=64 n=32 k=64: 16 x 2.097 us = 33.56 us (124.003 GFLOPS/s)
MUL_MAT_ADD MUL_MAT_VEC q4_0_rocmfp4_fast m=2048 n=1 k=10752: 30 x 52.589 us = 1577.68 us (837.397 GFLOPS/s)
MUL_MAT_ADD MUL_MAT_VEC q4_0_rocmfp4_fast m=2048 n=1 k=2048: 8 x 12.74 us = 101.92 us (658.286 GFLOPS/s)
MUL_MAT_VEC f32 m=64 n=8 k=64: 16 x 2.08 us = 33.28 us (31.2615 GFLOPS/s)
MUL_MAT_VEC q4_0_rocmfp4_fast m=10752 n=1 k=2048: 60 x 50.752 us = 3045.16 us (867.53 GFLOPS/s)
MUL_MAT_VEC q4_0_rocmfp4_fast m=2048 n=1 k=2048: 30 x 13.79 us = 413.72 us (608.133 GFLOPS/s)
MUL_MAT_VEC q4_0_rocmfp4_fast m=512 n=1 k=2048: 16 x 2.59 us = 41.44 us (809.514 GFLOPS/s)
MUL_MAT_VEC q4_0_rocmfp4_fast m=6144 n=1 k=2048: 22 x 32.072 us = 705.6 us (784.457 GFLOPS/s)
MUL_MAT_VEC q6_K m=128000 n=1 k=2048: 1 x 882.28 us = 882.28 us (594.097 GFLOPS/s)
RMS_NORM_MUL RMS_NORM(2048,1,1,1): 61 x 3.722 us = 227.08 us
RMS_NORM_MUL_ROPE RMS_NORM(64,32,1,1): 8 x 3.9 us = 31.2 us
RMS_NORM_MUL_ROPE RMS_NORM(64,8,1,1): 8 x 3.39 us = 27.12 us
SET_ROWS: 16 x 2.015 us = 32.24 us
SSM_CONV: 22 x 2.298 us = 50.56 us
Total time: 7680.24 us.
----------------
Vulkan Timings:
ADD: 22 x 2.305 us = 50.72 us
CONCAT: 22 x 2.465 us = 54.24 us
CPY: 22 x 2.285 us = 50.28 us
FLASH_ATTN_EXT dst(64,32,1,1),  q(64,1,32,1),  k(64,256,8,1),  v(64,256,8,1),  m(256,1,1,1): 8 x 10.44 us = 83.52 us (200.877 GFLOPS/s)
GET_ROWS: 24 x 2.45 us = 58.8 us
GLU: 30 x 2.365 us = 70.96 us
MUL: 44 x 2.53 us = 111.32 us
MUL_MAT f32 m=64 n=32 k=64: 16 x 2.127 us = 34.04 us (122.254 GFLOPS/s)
MUL_MAT_ADD MUL_MAT_VEC q4_0_rocmfp4_fast m=2048 n=1 k=10752: 30 x 52.337 us = 1570.12 us (841.429 GFLOPS/s)
MUL_MAT_ADD MUL_MAT_VEC q4_0_rocmfp4_fast m=2048 n=1 k=2048: 8 x 12.785 us = 102.28 us (655.969 GFLOPS/s)
MUL_MAT_VEC f32 m=64 n=8 k=64: 16 x 2.23 us = 35.68 us (29.1587 GFLOPS/s)
MUL_MAT_VEC q4_0_rocmfp4_fast m=10752 n=1 k=2048: 60 x 50.638 us = 3038.28 us (869.494 GFLOPS/s)
MUL_MAT_VEC q4_0_rocmfp4_fast m=2048 n=1 k=2048: 30 x 13.797 us = 413.92 us (607.839 GFLOPS/s)
MUL_MAT_VEC q4_0_rocmfp4_fast m=512 n=1 k=2048: 16 x 2.59 us = 41.44 us (809.514 GFLOPS/s)
MUL_MAT_VEC q4_0_rocmfp4_fast m=6144 n=1 k=2048: 22 x 31.894 us = 701.68 us (788.84 GFLOPS/s)
MUL_MAT_VEC q6_K m=128000 n=1 k=2048: 1 x 875.12 us = 875.12 us (598.958 GFLOPS/s)
RMS_NORM_MUL RMS_NORM(2048,1,1,1): 61 x 4.104 us = 250.4 us
RMS_NORM_MUL_ROPE RMS_NORM(64,32,1,1): 8 x 3.895 us = 31.16 us
RMS_NORM_MUL_ROPE RMS_NORM(64,8,1,1): 8 x 3.375 us = 27 us
SET_ROWS: 16 x 2.072 us = 33.16 us
SSM_CONV: 22 x 2.854 us = 62.8 us
Total time: 7696.92 us.
----------------
Vulkan Timings:
ADD: 22 x 2.305 us = 50.72 us
CONCAT: 22 x 2.314 us = 50.92 us
CPY: 22 x 2.312 us = 50.88 us
FLASH_ATTN_EXT dst(64,32,1,1),  q(64,1,32,1),  k(64,256,8,1),  v(64,256,8,1),  m(256,1,1,1): 8 x 10.445 us = 83.56 us (200.78 GFLOPS/s)
GET_ROWS: 24 x 1.993 us = 47.84 us
GLU: 30 x 2.328 us = 69.84 us
MUL: 44 x 2.436 us = 107.2 us
MUL_MAT f32 m=64 n=32 k=64: 16 x 2.145 us = 34.32 us (121.257 GFLOPS/s)
MUL_MAT_ADD MUL_MAT_VEC q4_0_rocmfp4_fast m=2048 n=1 k=10752: 30 x 52.145 us = 1564.36 us (844.527 GFLOPS/s)
MUL_MAT_ADD MUL_MAT_VEC q4_0_rocmfp4_fast m=2048 n=1 k=2048: 8 x 12.685 us = 101.48 us (661.14 GFLOPS/s)
MUL_MAT_VEC f32 m=64 n=8 k=64: 16 x 2.085 us = 33.36 us (31.1866 GFLOPS/s)
MUL_MAT_VEC q4_0_rocmfp4_fast m=10752 n=1 k=2048: 60 x 50.666 us = 3040 us (869.002 GFLOPS/s)
MUL_MAT_VEC q4_0_rocmfp4_fast m=2048 n=1 k=2048: 30 x 13.781 us = 413.44 us (608.545 GFLOPS/s)
MUL_MAT_VEC q4_0_rocmfp4_fast m=512 n=1 k=2048: 16 x 2.605 us = 41.68 us (804.852 GFLOPS/s)
MUL_MAT_VEC q4_0_rocmfp4_fast m=6144 n=1 k=2048: 22 x 31.674 us = 696.84 us (794.319 GFLOPS/s)
MUL_MAT_VEC q6_K m=128000 n=1 k=2048: 1 x 880.28 us = 880.28 us (595.447 GFLOPS/s)
RMS_NORM_MUL RMS_NORM(2048,1,1,1): 61 x 3.764 us = 229.64 us
RMS_NORM_MUL_ROPE RMS_NORM(64,32,1,1): 8 x 3.895 us = 31.16 us
RMS_NORM_MUL_ROPE RMS_NORM(64,8,1,1): 8 x 3.43 us = 27.44 us
SET_ROWS: 16 x 2.035 us = 32.56 us
SSM_CONV: 22 x 2.33 us = 51.28 us
Total time: 7638.8 us.
----------------
Vulkan Timings:
ADD: 22 x 2.31 us = 50.84 us
CONCAT: 22 x 2.61 us = 57.44 us
CPY: 22 x 2.3 us = 50.6 us
FLASH_ATTN_EXT dst(64,32,1,1),  q(64,1,32,1),  k(64,256,8,1),  v(64,256,8,1),  m(256,1,1,1): 8 x 11.215 us = 89.72 us (186.995 GFLOPS/s)
GET_ROWS: 24 x 3.258 us = 78.2 us
GLU: 30 x 2.322 us = 69.68 us
MUL: 44 x 2.432 us = 107.04 us
MUL_MAT f32 m=64 n=32 k=64: 16 x 2.107 us = 33.72 us (123.414 GFLOPS/s)
MUL_MAT_ADD MUL_MAT_VEC q4_0_rocmfp4_fast m=2048 n=1 k=10752: 30 x 52.305 us = 1569.16 us (841.944 GFLOPS/s)
MUL_MAT_ADD MUL_MAT_VEC q4_0_rocmfp4_fast m=2048 n=1 k=2048: 8 x 12.78 us = 102.24 us (656.225 GFLOPS/s)
MUL_MAT_VEC f32 m=64 n=8 k=64: 16 x 2.085 us = 33.36 us (31.1866 GFLOPS/s)
MUL_MAT_VEC q4_0_rocmfp4_fast m=10752 n=1 k=2048: 60 x 51.748 us = 3104.88 us (850.843 GFLOPS/s)
MUL_MAT_VEC q4_0_rocmfp4_fast m=2048 n=1 k=2048: 30 x 13.746 us = 412.4 us (610.08 GFLOPS/s)
MUL_MAT_VEC q4_0_rocmfp4_fast m=512 n=1 k=2048: 16 x 2.567 us = 41.08 us (816.608 GFLOPS/s)
MUL_MAT_VEC q4_0_rocmfp4_fast m=6144 n=1 k=2048: 22 x 34.969 us = 769.32 us (719.483 GFLOPS/s)
MUL_MAT_VEC q6_K m=128000 n=1 k=2048: 1 x 886.2 us = 886.2 us (591.469 GFLOPS/s)
RMS_NORM_MUL RMS_NORM(2048,1,1,1): 61 x 3.739 us = 228.08 us
RMS_NORM_MUL_ROPE RMS_NORM(64,32,1,1): 8 x 3.93 us = 31.44 us
RMS_NORM_MUL_ROPE RMS_NORM(64,8,1,1): 8 x 3.4 us = 27.2 us
SET_ROWS: 16 x 1.937 us = 31 us
SSM_CONV: 22 x 2.303 us = 50.68 us
Total time: 7824.28 us.
----------------
Vulkan Timings:
ADD: 22 x 2.312 us = 50.88 us
CONCAT: 22 x 2.321 us = 51.08 us
CPY: 22 x 2.29 us = 50.4 us
FLASH_ATTN_EXT dst(64,32,1,1),  q(64,1,32,1),  k(64,256,8,1),  v(64,256,8,1),  m(256,1,1,1): 8 x 10.67 us = 85.36 us (196.547 GFLOPS/s)
GET_ROWS: 24 x 1.988 us = 47.72 us
GLU: 30 x 2.328 us = 69.84 us
MUL: 44 x 2.444 us = 107.56 us
MUL_MAT f32 m=64 n=32 k=64: 16 x 2.132 us = 34.12 us (121.968 GFLOPS/s)
MUL_MAT_ADD MUL_MAT_VEC q4_0_rocmfp4_fast m=2048 n=1 k=10752: 30 x 52.314 us = 1569.44 us (841.793 GFLOPS/s)
MUL_MAT_ADD MUL_MAT_VEC q4_0_rocmfp4_fast m=2048 n=1 k=2048: 8 x 12.805 us = 102.44 us (654.944 GFLOPS/s)
MUL_MAT_VEC f32 m=64 n=8 k=64: 16 x 2.077 us = 33.24 us (31.2992 GFLOPS/s)
MUL_MAT_VEC q4_0_rocmfp4_fast m=10752 n=1 k=2048: 60 x 50.662 us = 3039.72 us (869.082 GFLOPS/s)
MUL_MAT_VEC q4_0_rocmfp4_fast m=2048 n=1 k=2048: 30 x 13.81 us = 414.32 us (607.252 GFLOPS/s)
MUL_MAT_VEC q4_0_rocmfp4_fast m=512 n=1 k=2048: 16 x 2.56 us = 40.96 us (819 GFLOPS/s)
MUL_MAT_VEC q4_0_rocmfp4_fast m=6144 n=1 k=2048: 22 x 31.67 us = 696.76 us (794.41 GFLOPS/s)
MUL_MAT_VEC q6_K m=128000 n=1 k=2048: 1 x 926.68 us = 926.68 us (565.632 GFLOPS/s)
RMS_NORM_MUL RMS_NORM(2048,1,1,1): 61 x 4.089 us = 249.44 us
RMS_NORM_MUL_ROPE RMS_NORM(64,32,1,1): 8 x 3.89 us = 31.12 us
RMS_NORM_MUL_ROPE RMS_NORM(64,8,1,1): 8 x 3.41 us = 27.28 us
SET_ROWS: 16 x 1.932 us = 30.92 us
SSM_CONV: 22 x 2.32 us = 51.04 us
Total time: 7710.32 us.
----------------
Vulkan Timings:
ADD: 22 x 2.332 us = 51.32 us
CONCAT: 22 x 2.332 us = 51.32 us
CPY: 22 x 2.303 us = 50.68 us
FLASH_ATTN_EXT dst(64,32,1,1),  q(64,1,32,1),  k(64,256,8,1),  v(64,256,8,1),  m(256,1,1,1): 8 x 10.58 us = 84.64 us (198.219 GFLOPS/s)
GET_ROWS: 24 x 2.01 us = 48.24 us
GLU: 30 x 2.346 us = 70.4 us
MUL: 44 x 2.454 us = 108 us
MUL_MAT f32 m=64 n=32 k=64: 16 x 2.137 us = 34.2 us (121.682 GFLOPS/s)
MUL_MAT_ADD MUL_MAT_VEC q4_0_rocmfp4_fast m=2048 n=1 k=10752: 30 x 51.968 us = 1559.04 us (847.409 GFLOPS/s)
MUL_MAT_ADD MUL_MAT_VEC q4_0_rocmfp4_fast m=2048 n=1 k=2048: 8 x 12.86 us = 102.88 us (652.143 GFLOPS/s)
MUL_MAT_VEC f32 m=64 n=8 k=64: 16 x 2.107 us = 33.72 us (30.8536 GFLOPS/s)
MUL_MAT_VEC q4_0_rocmfp4_fast m=10752 n=1 k=2048: 60 x 50.759 us = 3045.57 us (867.413 GFLOPS/s)
MUL_MAT_VEC q4_0_rocmfp4_fast m=2048 n=1 k=2048: 30 x 13.797 us = 413.92 us (607.839 GFLOPS/s)
MUL_MAT_VEC q4_0_rocmfp4_fast m=512 n=1 k=2048: 16 x 2.565 us = 41.04 us (817.404 GFLOPS/s)
MUL_MAT_VEC q4_0_rocmfp4_fast m=6144 n=1 k=2048: 22 x 31.952 us = 702.96 us (787.403 GFLOPS/s)
MUL_MAT_VEC q6_K m=128000 n=1 k=2048: 1 x 881.32 us = 881.32 us (594.744 GFLOPS/s)
RMS_NORM_MUL RMS_NORM(2048,1,1,1): 61 x 3.723 us = 227.16 us
RMS_NORM_MUL_ROPE RMS_NORM(64,32,1,1): 8 x 3.9 us = 31.2 us
RMS_NORM_MUL_ROPE RMS_NORM(64,8,1,1): 8 x 3.45 us = 27.6 us
SET_ROWS: 16 x 2.05 us = 32.8 us
SSM_CONV: 22 x 2.314 us = 50.92 us
Total time: 7648.93 us.
----------------
Vulkan Timings:
ADD: 22 x 2.521 us = 55.48 us
CONCAT: 22 x 2.445 us = 53.8 us
CPY: 22 x 2.409 us = 53 us
FLASH_ATTN_EXT dst(64,32,1,1),  q(64,1,32,1),  k(64,256,8,1),  v(64,256,8,1),  m(256,1,1,1): 8 x 11.72 us = 93.76 us (178.938 GFLOPS/s)
GET_ROWS: 24 x 2.098 us = 50.36 us
GLU: 30 x 2.457 us = 73.72 us
MUL: 44 x 2.589 us = 113.92 us
MUL_MAT f32 m=64 n=32 k=64: 16 x 2.22 us = 35.52 us (117.16 GFLOPS/s)
MUL_MAT_ADD MUL_MAT_VEC q4_0_rocmfp4_fast m=2048 n=1 k=10752: 30 x 57.992 us = 1739.78 us (759.374 GFLOPS/s)
MUL_MAT_ADD MUL_MAT_VEC q4_0_rocmfp4_fast m=2048 n=1 k=2048: 8 x 13.01 us = 104.08 us (644.624 GFLOPS/s)
MUL_MAT_VEC f32 m=64 n=8 k=64: 16 x 1.937 us = 31 us (33.5608 GFLOPS/s)
MUL_MAT_VEC q4_0_rocmfp4_fast m=10752 n=1 k=2048: 60 x 52.854 us = 3171.24 us (833.039 GFLOPS/s)
MUL_MAT_VEC q4_0_rocmfp4_fast m=2048 n=1 k=2048: 30 x 14.138 us = 424.16 us (593.165 GFLOPS/s)
MUL_MAT_VEC q4_0_rocmfp4_fast m=512 n=1 k=2048: 16 x 2.695 us = 43.12 us (777.974 GFLOPS/s)
MUL_MAT_VEC q4_0_rocmfp4_fast m=6144 n=1 k=2048: 22 x 33.46 us = 736.12 us (751.933 GFLOPS/s)
MUL_MAT_VEC q6_K m=128000 n=1 k=2048: 1 x 879.8 us = 879.8 us (595.772 GFLOPS/s)
RMS_NORM_MUL RMS_NORM(2048,1,1,1): 61 x 4.388 us = 267.68 us
RMS_NORM_MUL_ROPE RMS_NORM(64,32,1,1): 8 x 4.335 us = 34.68 us
RMS_NORM_MUL_ROPE RMS_NORM(64,8,1,1): 8 x 3.665 us = 29.32 us
SET_ROWS: 16 x 2.537 us = 40.6 us
SSM_CONV: 22 x 2.516 us = 55.36 us
Total time: 8086.5 us.
----------------
Vulkan Timings:
ADD: 22 x 2.37 us = 52.16 us
CONCAT: 22 x 2.329 us = 51.24 us
CPY: 22 x 2.31 us = 50.84 us
FLASH_ATTN_EXT dst(64,32,1,1),  q(64,1,32,1),  k(64,256,8,1),  v(64,256,8,1),  m(256,1,1,1): 8 x 10.56 us = 84.48 us (198.594 GFLOPS/s)
GET_ROWS: 24 x 2.865 us = 68.76 us
GLU: 30 x 2.641 us = 79.24 us
MUL: 44 x 2.452 us = 107.92 us
MUL_MAT f32 m=64 n=32 k=64: 16 x 2.282 us = 36.52 us (113.952 GFLOPS/s)
MUL_MAT_ADD MUL_MAT_VEC q4_0_rocmfp4_fast m=2048 n=1 k=10752: 30 x 52.252 us = 1567.56 us (842.803 GFLOPS/s)
MUL_MAT_ADD MUL_MAT_VEC q4_0_rocmfp4_fast m=2048 n=1 k=2048: 8 x 13.39 us = 107.12 us (626.33 GFLOPS/s)
MUL_MAT_VEC f32 m=64 n=8 k=64: 16 x 2.097 us = 33.56 us (31.0007 GFLOPS/s)
MUL_MAT_VEC q4_0_rocmfp4_fast m=10752 n=1 k=2048: 60 x 50.879 us = 3052.76 us (865.37 GFLOPS/s)
MUL_MAT_VEC q4_0_rocmfp4_fast m=2048 n=1 k=2048: 30 x 13.762 us = 412.88 us (609.37 GFLOPS/s)
MUL_MAT_VEC q4_0_rocmfp4_fast m=512 n=1 k=2048: 16 x 2.585 us = 41.36 us (811.079 GFLOPS/s)
MUL_MAT_VEC q4_0_rocmfp4_fast m=6144 n=1 k=2048: 22 x 31.809 us = 699.8 us (790.959 GFLOPS/s)
MUL_MAT_VEC q6_K m=128000 n=1 k=2048: 1 x 874 us = 874 us (599.725 GFLOPS/s)
RMS_NORM_MUL RMS_NORM(2048,1,1,1): 61 x 3.76 us = 229.4 us
RMS_NORM_MUL_ROPE RMS_NORM(64,32,1,1): 8 x 3.91 us = 31.28 us
RMS_NORM_MUL_ROPE RMS_NORM(64,8,1,1): 8 x 3.395 us = 27.16 us
SET_ROWS: 16 x 2.027 us = 32.44 us
SSM_CONV: 22 x 2.309 us = 50.8 us
Total time: 7691.28 us.
----------------
Vulkan Timings:
ADD: 22 x 2.307 us = 50.76 us
CONCAT: 22 x 2.303 us = 50.68 us
CPY: 22 x 2.301 us = 50.64 us
FLASH_ATTN_EXT dst(64,32,1,1),  q(64,1,32,1),  k(64,256,8,1),  v(64,256,8,1),  m(256,1,1,1): 8 x 10.675 us = 85.4 us (196.455 GFLOPS/s)
GET_ROWS: 24 x 1.983 us = 47.6 us
GLU: 30 x 2.314 us = 69.44 us
MUL: 44 x 2.436 us = 107.2 us
MUL_MAT f32 m=64 n=32 k=64: 16 x 2.117 us = 33.88 us (122.832 GFLOPS/s)
MUL_MAT_ADD MUL_MAT_VEC q4_0_rocmfp4_fast m=2048 n=1 k=10752: 30 x 52.112 us = 1563.36 us (845.067 GFLOPS/s)
MUL_MAT_ADD MUL_MAT_VEC q4_0_rocmfp4_fast m=2048 n=1 k=2048: 8 x 12.785 us = 102.28 us (655.969 GFLOPS/s)
MUL_MAT_VEC f32 m=64 n=8 k=64: 16 x 2.105 us = 33.68 us (30.8903 GFLOPS/s)
MUL_MAT_VEC q4_0_rocmfp4_fast m=10752 n=1 k=2048: 60 x 50.796 us = 3047.76 us (866.79 GFLOPS/s)
MUL_MAT_VEC q4_0_rocmfp4_fast m=2048 n=1 k=2048: 30 x 13.804 us = 414.12 us (607.546 GFLOPS/s)
MUL_MAT_VEC q4_0_rocmfp4_fast m=512 n=1 k=2048: 16 x 2.575 us = 41.2 us (814.229 GFLOPS/s)
MUL_MAT_VEC q4_0_rocmfp4_fast m=6144 n=1 k=2048: 22 x 31.947 us = 702.84 us (787.538 GFLOPS/s)
MUL_MAT_VEC q6_K m=128000 n=1 k=2048: 1 x 880.44 us = 880.44 us (595.339 GFLOPS/s)
RMS_NORM_MUL RMS_NORM(2048,1,1,1): 61 x 3.881 us = 236.8 us
RMS_NORM_MUL_ROPE RMS_NORM(64,32,1,1): 8 x 3.95 us = 31.6 us
RMS_NORM_MUL_ROPE RMS_NORM(64,8,1,1): 8 x 3.375 us = 27 us
SET_ROWS: 16 x 2.087 us = 33.4 us
SSM_CONV: 22 x 2.312 us = 50.88 us
Total time: 7660.96 us.
----------------
Vulkan Timings:
ADD: 22 x 2.309 us = 50.8 us
CONCAT: 22 x 2.392 us = 52.64 us
CPY: 22 x 2.274 us = 50.04 us
FLASH_ATTN_EXT dst(64,32,1,1),  q(64,1,32,1),  k(64,256,8,1),  v(64,256,8,1),  m(256,1,1,1): 8 x 10.775 us = 86.2 us (194.631 GFLOPS/s)
GET_ROWS: 24 x 2.076 us = 49.84 us
GLU: 30 x 2.362 us = 70.88 us
MUL: 44 x 2.427 us = 106.8 us
MUL_MAT f32 m=64 n=32 k=64: 16 x 2.16 us = 34.56 us (120.415 GFLOPS/s)
MUL_MAT_ADD MUL_MAT_VEC q4_0_rocmfp4_fast m=2048 n=1 k=10752: 30 x 52.561 us = 1576.84 us (837.843 GFLOPS/s)
MUL_MAT_ADD MUL_MAT_VEC q4_0_rocmfp4_fast m=2048 n=1 k=2048: 8 x 12.805 us = 102.44 us (654.944 GFLOPS/s)
MUL_MAT_VEC f32 m=64 n=8 k=64: 16 x 2.035 us = 32.56 us (31.9528 GFLOPS/s)
MUL_MAT_VEC q4_0_rocmfp4_fast m=10752 n=1 k=2048: 60 x 51.876 us = 3112.6 us (848.733 GFLOPS/s)
MUL_MAT_VEC q4_0_rocmfp4_fast m=2048 n=1 k=2048: 30 x 13.833 us = 415 us (606.257 GFLOPS/s)
MUL_MAT_VEC q4_0_rocmfp4_fast m=512 n=1 k=2048: 16 x 2.597 us = 41.56 us (807.176 GFLOPS/s)
MUL_MAT_VEC q4_0_rocmfp4_fast m=6144 n=1 k=2048: 22 x 31.749 us = 698.48 us (792.454 GFLOPS/s)
MUL_MAT_VEC q6_K m=128000 n=1 k=2048: 1 x 881.88 us = 881.88 us (594.367 GFLOPS/s)
RMS_NORM_MUL RMS_NORM(2048,1,1,1): 61 x 4.097 us = 249.92 us
RMS_NORM_MUL_ROPE RMS_NORM(64,32,1,1): 8 x 3.94 us = 31.52 us
RMS_NORM_MUL_ROPE RMS_NORM(64,8,1,1): 8 x 3.395 us = 27.16 us
SET_ROWS: 16 x 2.135 us = 34.16 us
SSM_CONV: 22 x 3.392 us = 74.64 us
Total time: 7780.52 us.
----------------
Vulkan Timings:
ADD: 22 x 2.33 us = 51.28 us
CONCAT: 22 x 2.325 us = 51.16 us
CPY: 22 x 2.312 us = 50.88 us
FLASH_ATTN_EXT dst(64,32,1,1),  q(64,1,32,1),  k(64,256,8,1),  v(64,256,8,1),  m(256,1,1,1): 8 x 10.61 us = 84.88 us (197.658 GFLOPS/s)
GET_ROWS: 24 x 2.001 us = 48.04 us
GLU: 30 x 2.349 us = 70.48 us
MUL: 44 x 2.452 us = 107.92 us
MUL_MAT f32 m=64 n=32 k=64: 16 x 2.157 us = 34.52 us (120.554 GFLOPS/s)
MUL_MAT_ADD MUL_MAT_VEC q4_0_rocmfp4_fast m=2048 n=1 k=10752: 30 x 52.018 us = 1560.56 us (846.583 GFLOPS/s)
MUL_MAT_ADD MUL_MAT_VEC q4_0_rocmfp4_fast m=2048 n=1 k=2048: 8 x 12.71 us = 101.68 us (659.839 GFLOPS/s)
MUL_MAT_VEC f32 m=64 n=8 k=64: 16 x 2.08 us = 33.28 us (31.2615 GFLOPS/s)
MUL_MAT_VEC q4_0_rocmfp4_fast m=10752 n=1 k=2048: 60 x 50.637 us = 3038.24 us (869.506 GFLOPS/s)
MUL_MAT_VEC q4_0_rocmfp4_fast m=2048 n=1 k=2048: 30 x 13.789 us = 413.68 us (608.192 GFLOPS/s)
MUL_MAT_VEC q4_0_rocmfp4_fast m=512 n=1 k=2048: 16 x 2.56 us = 40.96 us (819 GFLOPS/s)
MUL_MAT_VEC q4_0_rocmfp4_fast m=6144 n=1 k=2048: 22 x 31.676 us = 696.88 us (794.273 GFLOPS/s)
MUL_MAT_VEC q6_K m=128000 n=1 k=2048: 1 x 870.28 us = 870.28 us (602.289 GFLOPS/s)
RMS_NORM_MUL RMS_NORM(2048,1,1,1): 61 x 3.742 us = 228.32 us
RMS_NORM_MUL_ROPE RMS_NORM(64,32,1,1): 8 x 3.89 us = 31.12 us
RMS_NORM_MUL_ROPE RMS_NORM(64,8,1,1): 8 x 3.43 us = 27.44 us
SET_ROWS: 16 x 1.98 us = 31.68 us
SSM_CONV: 22 x 2.316 us = 50.96 us
Total time: 7624.24 us.
----------------
Vulkan Timings:
ADD: 22 x 2.298 us = 50.56 us
CONCAT: 22 x 2.318 us = 51 us
CPY: 22 x 2.289 us = 50.36 us
FLASH_ATTN_EXT dst(64,32,1,1),  q(64,1,32,1),  k(64,256,8,1),  v(64,256,8,1),  m(256,1,1,1): 8 x 10.54 us = 84.32 us (198.971 GFLOPS/s)
GET_ROWS: 24 x 1.981 us = 47.56 us
GLU: 30 x 2.336 us = 70.08 us
MUL: 44 x 2.43 us = 106.96 us
MUL_MAT f32 m=64 n=32 k=64: 16 x 2.11 us = 33.76 us (123.268 GFLOPS/s)
MUL_MAT_ADD MUL_MAT_VEC q4_0_rocmfp4_fast m=2048 n=1 k=10752: 30 x 52.885 us = 1586.56 us (832.71 GFLOPS/s)
MUL_MAT_ADD MUL_MAT_VEC q4_0_rocmfp4_fast m=2048 n=1 k=2048: 8 x 12.73 us = 101.84 us (658.803 GFLOPS/s)
MUL_MAT_VEC f32 m=64 n=8 k=64: 16 x 2.105 us = 33.68 us (30.8903 GFLOPS/s)
MUL_MAT_VEC q4_0_rocmfp4_fast m=10752 n=1 k=2048: 60 x 51.122 us = 3067.32 us (861.262 GFLOPS/s)
MUL_MAT_VEC q4_0_rocmfp4_fast m=2048 n=1 k=2048: 30 x 14.113 us = 423.4 us (594.23 GFLOPS/s)
MUL_MAT_VEC q4_0_rocmfp4_fast m=512 n=1 k=2048: 16 x 3.05 us = 48.8 us (687.423 GFLOPS/s)
MUL_MAT_VEC q4_0_rocmfp4_fast m=6144 n=1 k=2048: 22 x 31.727 us = 698 us (792.999 GFLOPS/s)
MUL_MAT_VEC q6_K m=128000 n=1 k=2048: 1 x 880.24 us = 880.24 us (595.474 GFLOPS/s)
RMS_NORM_MUL RMS_NORM(2048,1,1,1): 61 x 3.889 us = 237.28 us
RMS_NORM_MUL_ROPE RMS_NORM(64,32,1,1): 8 x 3.91 us = 31.28 us
RMS_NORM_MUL_ROPE RMS_NORM(64,8,1,1): 8 x 3.4 us = 27.2 us
SET_ROWS: 16 x 2.11 us = 33.76 us
SSM_CONV: 22 x 2.298 us = 50.56 us
Total time: 7714.52 us.
----------------
Vulkan Timings:
ADD: 22 x 2.33 us = 51.28 us
CONCAT: 22 x 2.447 us = 53.84 us
CPY: 22 x 2.294 us = 50.48 us
FLASH_ATTN_EXT dst(64,32,1,1),  q(64,1,32,1),  k(64,256,8,1),  v(64,256,8,1),  m(256,1,1,1): 8 x 10.72 us = 85.76 us (195.63 GFLOPS/s)
GET_ROWS: 24 x 1.991 us = 47.8 us
GLU: 30 x 2.68 us = 80.4 us
MUL: 44 x 2.494 us = 109.76 us
MUL_MAT f32 m=64 n=32 k=64: 16 x 2.12 us = 33.92 us (122.687 GFLOPS/s)
MUL_MAT_ADD MUL_MAT_VEC q4_0_rocmfp4_fast m=2048 n=1 k=10752: 30 x 52.537 us = 1576.12 us (838.226 GFLOPS/s)
MUL_MAT_ADD MUL_MAT_VEC q4_0_rocmfp4_fast m=2048 n=1 k=2048: 8 x 12.745 us = 101.96 us (658.027 GFLOPS/s)
MUL_MAT_VEC f32 m=64 n=8 k=64: 16 x 2.075 us = 33.2 us (31.3369 GFLOPS/s)
MUL_MAT_VEC q4_0_rocmfp4_fast m=10752 n=1 k=2048: 60 x 51.117 us = 3067.04 us (861.341 GFLOPS/s)
MUL_MAT_VEC q4_0_rocmfp4_fast m=2048 n=1 k=2048: 30 x 13.846 us = 415.4 us (605.674 GFLOPS/s)
MUL_MAT_VEC q4_0_rocmfp4_fast m=512 n=1 k=2048: 16 x 2.562 us = 41 us (818.201 GFLOPS/s)
MUL_MAT_VEC q4_0_rocmfp4_fast m=6144 n=1 k=2048: 22 x 32.205 us = 708.52 us (781.224 GFLOPS/s)
MUL_MAT_VEC q6_K m=128000 n=1 k=2048: 1 x 914.56 us = 914.56 us (573.128 GFLOPS/s)
RMS_NORM_MUL RMS_NORM(2048,1,1,1): 61 x 3.948 us = 240.84 us
RMS_NORM_MUL_ROPE RMS_NORM(64,32,1,1): 8 x 3.915 us = 31.32 us
RMS_NORM_MUL_ROPE RMS_NORM(64,8,1,1): 8 x 3.41 us = 27.28 us
SET_ROWS: 16 x 1.97 us = 31.52 us
SSM_CONV: 22 x 2.321 us = 51.08 us
Total time: 7753.08 us.
----------------
Vulkan Timings:
ADD: 22 x 2.383 us = 52.44 us
CONCAT: 22 x 2.367 us = 52.08 us
CPY: 22 x 2.378 us = 52.32 us
FLASH_ATTN_EXT dst(64,32,1,1),  q(64,1,32,1),  k(64,256,8,1),  v(64,256,8,1),  m(256,1,1,1): 8 x 10.62 us = 84.96 us (197.472 GFLOPS/s)
GET_ROWS: 24 x 2.06 us = 49.44 us
GLU: 30 x 2.397 us = 71.92 us
MUL: 44 x 2.491 us = 109.64 us
MUL_MAT f32 m=64 n=32 k=64: 16 x 2.187 us = 35 us (118.901 GFLOPS/s)
MUL_MAT_ADD MUL_MAT_VEC q4_0_rocmfp4_fast m=2048 n=1 k=10752: 30 x 52.282 us = 1568.48 us (842.309 GFLOPS/s)
MUL_MAT_ADD MUL_MAT_VEC q4_0_rocmfp4_fast m=2048 n=1 k=2048: 8 x 12.76 us = 102.08 us (657.254 GFLOPS/s)
MUL_MAT_VEC f32 m=64 n=8 k=64: 16 x 2.145 us = 34.32 us (30.3142 GFLOPS/s)
MUL_MAT_VEC q4_0_rocmfp4_fast m=10752 n=1 k=2048: 60 x 50.673 us = 3040.4 us (868.888 GFLOPS/s)
MUL_MAT_VEC q4_0_rocmfp4_fast m=2048 n=1 k=2048: 30 x 13.8 us = 414 us (607.722 GFLOPS/s)
MUL_MAT_VEC q4_0_rocmfp4_fast m=512 n=1 k=2048: 16 x 2.575 us = 41.2 us (814.229 GFLOPS/s)
MUL_MAT_VEC q4_0_rocmfp4_fast m=6144 n=1 k=2048: 22 x 31.745 us = 698.4 us (792.544 GFLOPS/s)
MUL_MAT_VEC q6_K m=128000 n=1 k=2048: 1 x 872.44 us = 872.44 us (600.798 GFLOPS/s)
RMS_NORM_MUL RMS_NORM(2048,1,1,1): 61 x 3.749 us = 228.72 us
RMS_NORM_MUL_ROPE RMS_NORM(64,32,1,1): 8 x 3.875 us = 31 us
RMS_NORM_MUL_ROPE RMS_NORM(64,8,1,1): 8 x 3.47 us = 27.76 us
SET_ROWS: 16 x 2.015 us = 32.24 us
SSM_CONV: 22 x 2.369 us = 52.12 us
Total time: 7650.96 us.
----------------
Vulkan Timings:
ADD: 22 x 2.56 us = 56.32 us
CONCAT: 22 x 2.62 us = 57.64 us
CPY: 22 x 2.314 us = 50.92 us
FLASH_ATTN_EXT dst(64,32,1,1),  q(64,1,32,1),  k(64,256,8,1),  v(64,256,8,1),  m(256,1,1,1): 8 x 11.27 us = 90.16 us (186.083 GFLOPS/s)
GET_ROWS: 24 x 2.773 us = 66.56 us
GLU: 30 x 2.416 us = 72.48 us
MUL: 44 x 2.541 us = 111.84 us
MUL_MAT f32 m=64 n=32 k=64: 16 x 2.187 us = 35 us (118.901 GFLOPS/s)
MUL_MAT_ADD MUL_MAT_VEC q4_0_rocmfp4_fast m=2048 n=1 k=10752: 30 x 54.939 us = 1648.19 us (801.573 GFLOPS/s)
MUL_MAT_ADD MUL_MAT_VEC q4_0_rocmfp4_fast m=2048 n=1 k=2048: 8 x 12.785 us = 102.28 us (655.969 GFLOPS/s)
MUL_MAT_VEC f32 m=64 n=8 k=64: 16 x 2.002 us = 32.04 us (32.4714 GFLOPS/s)
MUL_MAT_VEC q4_0_rocmfp4_fast m=10752 n=1 k=2048: 60 x 52.653 us = 3159.2 us (836.214 GFLOPS/s)
MUL_MAT_VEC q4_0_rocmfp4_fast m=2048 n=1 k=2048: 30 x 14.094 us = 422.84 us (595.017 GFLOPS/s)
MUL_MAT_VEC q4_0_rocmfp4_fast m=512 n=1 k=2048: 16 x 2.647 us = 42.36 us (791.932 GFLOPS/s)
MUL_MAT_VEC q4_0_rocmfp4_fast m=6144 n=1 k=2048: 22 x 31.952 us = 702.96 us (787.403 GFLOPS/s)
MUL_MAT_VEC q6_K m=128000 n=1 k=2048: 1 x 880.52 us = 880.52 us (595.285 GFLOPS/s)
RMS_NORM_MUL RMS_NORM(2048,1,1,1): 61 x 4.111 us = 250.8 us
RMS_NORM_MUL_ROPE RMS_NORM(64,32,1,1): 8 x 4.155 us = 33.24 us
RMS_NORM_MUL_ROPE RMS_NORM(64,8,1,1): 8 x 3.55 us = 28.4 us
SET_ROWS: 16 x 2.407 us = 38.52 us
SSM_CONV: 22 x 3.432 us = 75.52 us
Total time: 7957.79 us.
----------------
Vulkan Timings:
ADD: 22 x 2.427 us = 53.4 us
CONCAT: 22 x 2.458 us = 54.08 us
CPY: 22 x 2.423 us = 53.32 us
FLASH_ATTN_EXT dst(64,32,1,1),  q(64,1,32,1),  k(64,256,8,1),  v(64,256,8,1),  m(256,1,1,1): 8 x 13.18 us = 105.44 us (159.116 GFLOPS/s)
GET_ROWS: 24 x 2.076 us = 49.84 us
GLU: 30 x 2.504 us = 75.12 us
MUL: 44 x 2.587 us = 113.84 us
MUL_MAT f32 m=64 n=32 k=64: 16 x 2.34 us = 37.44 us (111.152 GFLOPS/s)
MUL_MAT_ADD MUL_MAT_VEC q4_0_rocmfp4_fast m=2048 n=1 k=10752: 30 x 52.884 us = 1586.52 us (832.731 GFLOPS/s)
MUL_MAT_ADD MUL_MAT_VEC q4_0_rocmfp4_fast m=2048 n=1 k=2048: 8 x 13.015 us = 104.12 us (644.376 GFLOPS/s)
MUL_MAT_VEC f32 m=64 n=8 k=64: 16 x 2 us = 32 us (32.512 GFLOPS/s)
MUL_MAT_VEC q4_0_rocmfp4_fast m=10752 n=1 k=2048: 60 x 54.034 us = 3242.04 us (814.847 GFLOPS/s)
MUL_MAT_VEC q4_0_rocmfp4_fast m=2048 n=1 k=2048: 30 x 14.406 us = 432.2 us (582.13 GFLOPS/s)
MUL_MAT_VEC q4_0_rocmfp4_fast m=512 n=1 k=2048: 16 x 3.045 us = 48.72 us (688.552 GFLOPS/s)
MUL_MAT_VEC q4_0_rocmfp4_fast m=6144 n=1 k=2048: 22 x 32.25 us = 709.52 us (780.123 GFLOPS/s)
MUL_MAT_VEC q6_K m=128000 n=1 k=2048: 1 x 882 us = 882 us (594.286 GFLOPS/s)
RMS_NORM_MUL RMS_NORM(2048,1,1,1): 61 x 4.831 us = 294.72 us
RMS_NORM_MUL_ROPE RMS_NORM(64,32,1,1): 8 x 4.195 us = 33.56 us
RMS_NORM_MUL_ROPE RMS_NORM(64,8,1,1): 8 x 3.525 us = 28.2 us
SET_ROWS: 16 x 2.422 us = 38.76 us
SSM_CONV: 22 x 2.432 us = 53.52 us
Total time: 8028.36 us.
----------------
Vulkan Timings:
ADD: 22 x 2.31 us = 50.84 us
CONCAT: 22 x 2.309 us = 50.8 us
CPY: 22 x 2.289 us = 50.36 us
FLASH_ATTN_EXT dst(64,32,1,1),  q(64,1,32,1),  k(64,256,8,1),  v(64,256,8,1),  m(256,1,1,1): 8 x 10.665 us = 85.32 us (196.639 GFLOPS/s)
GET_ROWS: 24 x 1.983 us = 47.6 us
GLU: 30 x 2.421 us = 72.64 us
MUL: 44 x 2.432 us = 107.04 us
MUL_MAT f32 m=64 n=32 k=64: 16 x 2.115 us = 33.84 us (122.977 GFLOPS/s)
MUL_MAT_ADD MUL_MAT_VEC q4_0_rocmfp4_fast m=2048 n=1 k=10752: 30 x 53.6 us = 1608 us (821.607 GFLOPS/s)
MUL_MAT_ADD MUL_MAT_VEC q4_0_rocmfp4_fast m=2048 n=1 k=2048: 8 x 12.79 us = 102.32 us (655.712 GFLOPS/s)
MUL_MAT_VEC f32 m=64 n=8 k=64: 16 x 2.072 us = 33.16 us (31.3747 GFLOPS/s)
MUL_MAT_VEC q4_0_rocmfp4_fast m=10752 n=1 k=2048: 60 x 50.852 us = 3051.12 us (865.835 GFLOPS/s)
MUL_MAT_VEC q4_0_rocmfp4_fast m=2048 n=1 k=2048: 30 x 13.793 us = 413.8 us (608.015 GFLOPS/s)
MUL_MAT_VEC q4_0_rocmfp4_fast m=512 n=1 k=2048: 16 x 2.557 us = 40.92 us (819.801 GFLOPS/s)
MUL_MAT_VEC q4_0_rocmfp4_fast m=6144 n=1 k=2048: 22 x 32.396 us = 712.72 us (776.62 GFLOPS/s)
MUL_MAT_VEC q6_K m=128000 n=1 k=2048: 1 x 1504.58 us = 1504.58 us (348.376 GFLOPS/s)
RMS_NORM_MUL RMS_NORM(2048,1,1,1): 61 x 3.74 us = 228.2 us
RMS_NORM_MUL_ROPE RMS_NORM(64,32,1,1): 8 x 3.92 us = 31.36 us
RMS_NORM_MUL_ROPE RMS_NORM(64,8,1,1): 8 x 3.39 us = 27.12 us
SET_ROWS: 16 x 1.985 us = 31.76 us
SSM_CONV: 22 x 2.296 us = 50.52 us
Total time: 8334.02 us.
----------------
Vulkan Timings:
ADD: 22 x 2.321 us = 51.08 us
CONCAT: 22 x 2.318 us = 51 us
CPY: 22 x 2.303 us = 50.68 us
FLASH_ATTN_EXT dst(64,32,1,1),  q(64,1,32,1),  k(64,256,8,1),  v(64,256,8,1),  m(256,1,1,1): 8 x 10.59 us = 84.72 us (198.031 GFLOPS/s)
GET_ROWS: 24 x 1.988 us = 47.72 us
GLU: 30 x 2.333 us = 70 us
MUL: 44 x 2.456 us = 108.08 us
MUL_MAT f32 m=64 n=32 k=64: 16 x 2.137 us = 34.2 us (121.682 GFLOPS/s)
MUL_MAT_ADD MUL_MAT_VEC q4_0_rocmfp4_fast m=2048 n=1 k=10752: 30 x 52.084 us = 1562.52 us (845.522 GFLOPS/s)
MUL_MAT_ADD MUL_MAT_VEC q4_0_rocmfp4_fast m=2048 n=1 k=2048: 8 x 12.66 us = 101.28 us (662.445 GFLOPS/s)
MUL_MAT_VEC f32 m=64 n=8 k=64: 16 x 2.085 us = 33.36 us (31.1866 GFLOPS/s)
MUL_MAT_VEC q4_0_rocmfp4_fast m=10752 n=1 k=2048: 60 x 50.71 us = 3042.64 us (868.248 GFLOPS/s)
MUL_MAT_VEC q4_0_rocmfp4_fast m=2048 n=1 k=2048: 30 x 13.796 us = 413.88 us (607.898 GFLOPS/s)
MUL_MAT_VEC q4_0_rocmfp4_fast m=512 n=1 k=2048: 16 x 2.58 us = 41.28 us (812.651 GFLOPS/s)
MUL_MAT_VEC q4_0_rocmfp4_fast m=6144 n=1 k=2048: 22 x 31.676 us = 696.88 us (794.273 GFLOPS/s)
MUL_MAT_VEC q6_K m=128000 n=1 k=2048: 1 x 880 us = 880 us (595.636 GFLOPS/s)
RMS_NORM_MUL RMS_NORM(2048,1,1,1): 61 x 3.716 us = 226.68 us
RMS_NORM_MUL_ROPE RMS_NORM(64,32,1,1): 8 x 3.865 us = 30.92 us
RMS_NORM_MUL_ROPE RMS_NORM(64,8,1,1): 8 x 3.415 us = 27.32 us
SET_ROWS: 16 x 1.992 us = 31.88 us
SSM_CONV: 22 x 2.3 us = 50.6 us
Total time: 7636.72 us.
----------------
Vulkan Timings:
ADD: 22 x 2.318 us = 51 us
CONCAT: 22 x 2.343 us = 51.56 us
CPY: 22 x 2.307 us = 50.76 us
FLASH_ATTN_EXT dst(64,32,1,1),  q(64,1,32,1),  k(64,256,8,1),  v(64,256,8,1),  m(256,1,1,1): 8 x 10.825 us = 86.6 us (193.732 GFLOPS/s)
GET_ROWS: 24 x 2.323 us = 55.76 us
GLU: 30 x 2.71 us = 81.32 us
MUL: 44 x 2.455 us = 108.04 us
MUL_MAT f32 m=64 n=32 k=64: 16 x 2.212 us = 35.4 us (117.558 GFLOPS/s)
MUL_MAT_ADD MUL_MAT_VEC q4_0_rocmfp4_fast m=2048 n=1 k=10752: 30 x 52.752 us = 1582.56 us (834.815 GFLOPS/s)
MUL_MAT_ADD MUL_MAT_VEC q4_0_rocmfp4_fast m=2048 n=1 k=2048: 8 x 12.715 us = 101.72 us (659.58 GFLOPS/s)
MUL_MAT_VEC f32 m=64 n=8 k=64: 16 x 2.302 us = 36.84 us (28.2406 GFLOPS/s)
MUL_MAT_VEC q4_0_rocmfp4_fast m=10752 n=1 k=2048: 60 x 51.04 us = 3062.4 us (862.646 GFLOPS/s)
MUL_MAT_VEC q4_0_rocmfp4_fast m=2048 n=1 k=2048: 30 x 13.749 us = 412.48 us (609.961 GFLOPS/s)
MUL_MAT_VEC q4_0_rocmfp4_fast m=512 n=1 k=2048: 16 x 2.867 us = 45.88 us (731.173 GFLOPS/s)
MUL_MAT_VEC q4_0_rocmfp4_fast m=6144 n=1 k=2048: 22 x 32.787 us = 721.32 us (767.361 GFLOPS/s)
MUL_MAT_VEC q6_K m=128000 n=1 k=2048: 1 x 880.84 us = 880.84 us (595.068 GFLOPS/s)
RMS_NORM_MUL RMS_NORM(2048,1,1,1): 61 x 3.872 us = 236.24 us
RMS_NORM_MUL_ROPE RMS_NORM(64,32,1,1): 8 x 3.92 us = 31.36 us
RMS_NORM_MUL_ROPE RMS_NORM(64,8,1,1): 8 x 3.715 us = 29.72 us
SET_ROWS: 16 x 2.312 us = 37 us
SSM_CONV: 22 x 2.329 us = 51.24 us
Total time: 7750.04 us.
----------------
Vulkan Timings:
ADD: 22 x 2.296 us = 50.52 us
CONCAT: 22 x 2.303 us = 50.68 us
CPY: 22 x 2.283 us = 50.24 us
FLASH_ATTN_EXT dst(64,32,1,1),  q(64,1,32,1),  k(64,256,8,1),  v(64,256,8,1),  m(256,1,1,1): 8 x 10.595 us = 84.76 us (197.938 GFLOPS/s)
GET_ROWS: 24 x 1.975 us = 47.4 us
GLU: 30 x 2.32 us = 69.6 us
MUL: 44 x 2.43 us = 106.92 us
MUL_MAT f32 m=64 n=32 k=64: 16 x 2.11 us = 33.76 us (123.268 GFLOPS/s)
MUL_MAT_ADD MUL_MAT_VEC q4_0_rocmfp4_fast m=2048 n=1 k=10752: 30 x 52.058 us = 1561.76 us (845.933 GFLOPS/s)
MUL_MAT_ADD MUL_MAT_VEC q4_0_rocmfp4_fast m=2048 n=1 k=2048: 8 x 12.75 us = 102 us (657.769 GFLOPS/s)
MUL_MAT_VEC f32 m=64 n=8 k=64: 16 x 2.1 us = 33.6 us (30.9638 GFLOPS/s)
MUL_MAT_VEC q4_0_rocmfp4_fast m=10752 n=1 k=2048: 60 x 50.632 us = 3037.92 us (869.597 GFLOPS/s)
MUL_MAT_VEC q4_0_rocmfp4_fast m=2048 n=1 k=2048: 30 x 13.804 us = 414.12 us (607.546 GFLOPS/s)
MUL_MAT_VEC q4_0_rocmfp4_fast m=512 n=1 k=2048: 16 x 2.582 us = 41.32 us (811.864 GFLOPS/s)
MUL_MAT_VEC q4_0_rocmfp4_fast m=6144 n=1 k=2048: 22 x 31.645 us = 696.2 us (795.049 GFLOPS/s)
MUL_MAT_VEC q6_K m=128000 n=1 k=2048: 1 x 870.72 us = 870.72 us (601.985 GFLOPS/s)
RMS_NORM_MUL RMS_NORM(2048,1,1,1): 61 x 3.69 us = 225.12 us
RMS_NORM_MUL_ROPE RMS_NORM(64,32,1,1): 8 x 3.89 us = 31.12 us
RMS_NORM_MUL_ROPE RMS_NORM(64,8,1,1): 8 x 3.38 us = 27.04 us
SET_ROWS: 16 x 1.982 us = 31.72 us
SSM_CONV: 22 x 2.296 us = 50.52 us
Total time: 7617.04 us.
----------------
Vulkan Timings:
ADD: 22 x 2.314 us = 50.92 us
CONCAT: 22 x 2.32 us = 51.04 us
CPY: 22 x 2.301 us = 50.64 us
FLASH_ATTN_EXT dst(64,32,1,1),  q(64,1,32,1),  k(64,256,8,1),  v(64,256,8,1),  m(256,1,1,1): 8 x 10.92 us = 87.36 us (192.047 GFLOPS/s)
GET_ROWS: 24 x 1.99 us = 47.76 us
GLU: 30 x 2.32 us = 69.6 us
MUL: 44 x 2.458 us = 108.16 us
MUL_MAT f32 m=64 n=32 k=64: 16 x 2.552 us = 40.84 us (101.899 GFLOPS/s)
MUL_MAT_ADD MUL_MAT_VEC q4_0_rocmfp4_fast m=2048 n=1 k=10752: 30 x 54.238 us = 1627.16 us (811.933 GFLOPS/s)
MUL_MAT_ADD MUL_MAT_VEC q4_0_rocmfp4_fast m=2048 n=1 k=2048: 8 x 13.2 us = 105.6 us (635.345 GFLOPS/s)
MUL_MAT_VEC f32 m=64 n=8 k=64: 16 x 2.27 us = 36.32 us (28.6449 GFLOPS/s)
MUL_MAT_VEC q4_0_rocmfp4_fast m=10752 n=1 k=2048: 60 x 51.98 us = 3118.84 us (847.035 GFLOPS/s)
MUL_MAT_VEC q4_0_rocmfp4_fast m=2048 n=1 k=2048: 30 x 13.904 us = 417.12 us (603.176 GFLOPS/s)
MUL_MAT_VEC q4_0_rocmfp4_fast m=512 n=1 k=2048: 16 x 2.632 us = 42.12 us (796.444 GFLOPS/s)
MUL_MAT_VEC q4_0_rocmfp4_fast m=6144 n=1 k=2048: 22 x 33.481 us = 736.6 us (751.443 GFLOPS/s)
MUL_MAT_VEC q6_K m=128000 n=1 k=2048: 1 x 892.2 us = 892.2 us (587.492 GFLOPS/s)
RMS_NORM_MUL RMS_NORM(2048,1,1,1): 61 x 4.005 us = 244.36 us
RMS_NORM_MUL_ROPE RMS_NORM(64,32,1,1): 8 x 5.375 us = 43 us
RMS_NORM_MUL_ROPE RMS_NORM(64,8,1,1): 8 x 3.315 us = 26.52 us
SET_ROWS: 16 x 2.03 us = 32.48 us
SSM_CONV: 22 x 2.321 us = 51.08 us
Total time: 7879.72 us.
----------------
Vulkan Timings:
ADD: 22 x 2.318 us = 51 us
CONCAT: 22 x 2.58 us = 56.76 us
CPY: 22 x 2.29 us = 50.4 us
FLASH_ATTN_EXT dst(64,32,1,1),  q(64,1,32,1),  k(64,256,8,1),  v(64,256,8,1),  m(256,1,1,1): 8 x 10.745 us = 85.96 us (195.175 GFLOPS/s)
GET_ROWS: 24 x 2.006 us = 48.16 us
GLU: 30 x 2.353 us = 70.6 us
MUL: 44 x 2.507 us = 110.32 us
MUL_MAT f32 m=64 n=32 k=64: 16 x 2.142 us = 34.28 us (121.398 GFLOPS/s)
MUL_MAT_ADD MUL_MAT_VEC q4_0_rocmfp4_fast m=2048 n=1 k=10752: 30 x 52.704 us = 1581.12 us (835.575 GFLOPS/s)
MUL_MAT_ADD MUL_MAT_VEC q4_0_rocmfp4_fast m=2048 n=1 k=2048: 8 x 12.87 us = 102.96 us (651.636 GFLOPS/s)
MUL_MAT_VEC f32 m=64 n=8 k=64: 16 x 2.095 us = 33.52 us (31.0377 GFLOPS/s)
MUL_MAT_VEC q4_0_rocmfp4_fast m=10752 n=1 k=2048: 60 x 51.251 us = 3075.08 us (859.089 GFLOPS/s)
MUL_MAT_VEC q4_0_rocmfp4_fast m=2048 n=1 k=2048: 30 x 13.841 us = 415.24 us (605.907 GFLOPS/s)
MUL_MAT_VEC q4_0_rocmfp4_fast m=512 n=1 k=2048: 16 x 2.54 us = 40.64 us (825.449 GFLOPS/s)
MUL_MAT_VEC q4_0_rocmfp4_fast m=6144 n=1 k=2048: 22 x 32.507 us = 715.16 us (773.971 GFLOPS/s)
MUL_MAT_VEC q6_K m=128000 n=1 k=2048: 1 x 882.52 us = 882.52 us (593.936 GFLOPS/s)
RMS_NORM_MUL RMS_NORM(2048,1,1,1): 61 x 3.993 us = 243.6 us
RMS_NORM_MUL_ROPE RMS_NORM(64,32,1,1): 8 x 3.9 us = 31.2 us
RMS_NORM_MUL_ROPE RMS_NORM(64,8,1,1): 8 x 3.41 us = 27.28 us
SET_ROWS: 16 x 1.957 us = 31.32 us
SSM_CONV: 22 x 2.87 us = 63.16 us
Total time: 7750.28 us.
----------------
Vulkan Timings:
ADD: 22 x 2.329 us = 51.24 us
CONCAT: 22 x 2.327 us = 51.2 us
CPY: 22 x 2.314 us = 50.92 us
FLASH_ATTN_EXT dst(64,32,1,1),  q(64,1,32,1),  k(64,256,8,1),  v(64,256,8,1),  m(256,1,1,1): 8 x 10.665 us = 85.32 us (196.639 GFLOPS/s)
GET_ROWS: 24 x 2.013 us = 48.32 us
GLU: 30 x 2.337 us = 70.12 us
MUL: 44 x 2.451 us = 107.88 us
MUL_MAT f32 m=64 n=32 k=64: 16 x 2.127 us = 34.04 us (122.254 GFLOPS/s)
MUL_MAT_ADD MUL_MAT_VEC q4_0_rocmfp4_fast m=2048 n=1 k=10752: 30 x 53.249 us = 1597.48 us (827.018 GFLOPS/s)
MUL_MAT_ADD MUL_MAT_VEC q4_0_rocmfp4_fast m=2048 n=1 k=2048: 8 x 12.795 us = 102.36 us (655.456 GFLOPS/s)
MUL_MAT_VEC f32 m=64 n=8 k=64: 16 x 2.097 us = 33.56 us (31.0007 GFLOPS/s)
MUL_MAT_VEC q4_0_rocmfp4_fast m=10752 n=1 k=2048: 60 x 51.156 us = 3069.4 us (860.678 GFLOPS/s)
MUL_MAT_VEC q4_0_rocmfp4_fast m=2048 n=1 k=2048: 30 x 13.809 us = 414.28 us (607.311 GFLOPS/s)
MUL_MAT_VEC q4_0_rocmfp4_fast m=512 n=1 k=2048: 16 x 2.56 us = 40.96 us (819 GFLOPS/s)
MUL_MAT_VEC q4_0_rocmfp4_fast m=6144 n=1 k=2048: 22 x 32.2 us = 708.4 us (781.357 GFLOPS/s)
MUL_MAT_VEC q6_K m=128000 n=1 k=2048: 1 x 879.24 us = 879.24 us (596.151 GFLOPS/s)
RMS_NORM_MUL RMS_NORM(2048,1,1,1): 61 x 3.713 us = 226.52 us
RMS_NORM_MUL_ROPE RMS_NORM(64,32,1,1): 8 x 3.91 us = 31.28 us
RMS_NORM_MUL_ROPE RMS_NORM(64,8,1,1): 8 x 3.415 us = 27.32 us
SET_ROWS: 16 x 1.925 us = 30.8 us
SSM_CONV: 22 x 2.318 us = 51 us
Total time: 7711.64 us.
0.20.207.799 I slot print_timing: id  0 | task 199 | prompt eval time =     103.91 ms /   128 tokens (    0.81 ms per token,  1231.88 tokens per second)
0.20.207.804 I slot print_timing: id  0 | task 199 |        eval time =     688.60 ms /    64 tokens (   10.93 ms per token,    91.49 tokens per second)
0.20.207.804 I slot print_timing: id  0 | task 199 |       total time =     792.51 ms /   192 tokens
0.20.207.806 I slot print_timing: id  0 | task 199 |    graphs reused =        249
0.20.207.830 I slot      release: id  0 | task 199 | stop processing: n_tokens = 191, truncated = 0
0.27.790.169 I slot get_availabl: id  0 | task -1 | selected lowest available slot (compact policy)
0.27.790.227 I slot launch_slot_: id  0 | task 265 | processing task, is_child = 0
----------------
Vulkan Timings:
ADD: 58 x 12.025 us = 697.48 us
CONCAT: 22 x 33.318 us = 733 us
CPY: 22 x 3.414 us = 75.12 us
FLASH_ATTN_EXT dst(64,32,124,1),  q(64,124,32,1),  k(64,256,8,1),  v(64,256,8,1),  m(256,124,1,1): 8 x 111.63 us = 893.04 us (2329.54 GFLOPS/s)
GET_ROWS: 22 x 2.99 us = 65.8 us
GLU: 29 x 42.591 us = 1235.16 us
MUL: 44 x 11.946 us = 525.64 us
MUL_MAT f32 m=64 n=3968 k=64: 16 x 5.81 us = 92.96 us (5551.1 GFLOPS/s)
MUL_MAT f32 m=64 n=992 k=64: 16 x 3.89 us = 62.24 us (2072.74 GFLOPS/s)
MUL_MAT q4_0_rocmfp4_fast m=10752 n=124 k=2048: 58 x 517.012 us = 29986.7 us (10560 GFLOPS/s)
MUL_MAT q4_0_rocmfp4_fast m=2048 n=124 k=10752: 29 x 657.719 us = 19073.9 us (8302.52 GFLOPS/s)
MUL_MAT q4_0_rocmfp4_fast m=2048 n=124 k=2048: 38 x 111.248 us = 4227.44 us (9347.85 GFLOPS/s)
MUL_MAT q4_0_rocmfp4_fast m=512 n=124 k=2048: 16 x 48.27 us = 772.32 us (5386.02 GFLOPS/s)
MUL_MAT q4_0_rocmfp4_fast m=6144 n=124 k=2048: 22 x 329.809 us = 7255.8 us (9459.41 GFLOPS/s)
RMS_NORM_MUL RMS_NORM(2048,124,1,1): 59 x 11.509 us = 679.08 us
RMS_NORM_MUL_ROPE RMS_NORM(64,32,124,1): 8 x 99.92 us = 799.36 us
RMS_NORM_MUL_ROPE RMS_NORM(64,8,124,1): 8 x 26.595 us = 212.76 us
SCALE: 22 x 4.845 us = 106.6 us
SET_ROWS: 16 x 2.857 us = 45.72 us
SSM_CONV: 22 x 18.529 us = 407.64 us
Total time: 67947.7 us.
----------------
Vulkan Timings:
ADD: 59 x 2.08 us = 122.76 us
CONCAT: 22 x 2.294 us = 50.48 us
CPY: 22 x 2.55 us = 56.12 us
FLASH_ATTN_EXT dst(64,32,4,1),  q(64,4,32,1),  k(64,256,8,1),  v(64,256,8,1),  m(256,4,1,1): 8 x 14.025 us = 112.2 us (598.118 GFLOPS/s)
GET_ROWS: 24 x 1.965 us = 47.16 us
GLU: 30 x 4.424 us = 132.72 us
MUL: 44 x 2.314 us = 101.84 us
MUL_MAT f32 m=64 n=128 k=64: 16 x 2.15 us = 34.4 us (483.9 GFLOPS/s)
MUL_MAT f32 m=64 n=32 k=64: 16 x 2.085 us = 33.36 us (124.746 GFLOPS/s)
MUL_MAT_ADD MUL_MAT_VEC q4_0_rocmfp4_fast m=2048 n=1 k=10752: 1 x 53.56 us = 53.56 us (822.221 GFLOPS/s)
MUL_MAT_VEC q4_0_rocmfp4_fast m=10752 n=1 k=2048: 2 x 51.72 us = 103.44 us (851.304 GFLOPS/s)
MUL_MAT_VEC q4_0_rocmfp4_fast m=10752 n=4 k=2048: 58 x 59.251 us = 3436.56 us (2972.4 GFLOPS/s)
MUL_MAT_VEC q4_0_rocmfp4_fast m=2048 n=4 k=10752: 29 x 61.776 us = 1791.52 us (2851.45 GFLOPS/s)
MUL_MAT_VEC q4_0_rocmfp4_fast m=2048 n=4 k=2048: 38 x 16.975 us = 645.08 us (1976.12 GFLOPS/s)
MUL_MAT_VEC q4_0_rocmfp4_fast m=512 n=4 k=2048: 16 x 3.56 us = 56.96 us (2355.78 GFLOPS/s)
MUL_MAT_VEC q4_0_rocmfp4_fast m=6144 n=4 k=2048: 22 x 37.438 us = 823.64 us (2688.13 GFLOPS/s)
MUL_MAT_VEC q6_K m=128000 n=1 k=2048: 1 x 916.68 us = 916.68 us (571.803 GFLOPS/s)
RMS_NORM_MUL RMS_NORM(2048,1,1,1): 2 x 2.36 us = 4.72 us
RMS_NORM_MUL RMS_NORM(2048,4,1,1): 59 x 4.41 us = 260.2 us
RMS_NORM_MUL_ROPE RMS_NORM(64,32,4,1): 8 x 7.905 us = 63.24 us
RMS_NORM_MUL_ROPE RMS_NORM(64,8,4,1): 8 x 3.4 us = 27.2 us
SET_ROWS: 16 x 2.312 us = 37 us
SSM_CONV: 22 x 2.307 us = 50.76 us
Total time: 8961.6 us.
----------------
Vulkan Timings:
ADD: 22 x 3.93 us = 86.48 us
CONCAT: 22 x 3.958 us = 87.08 us
CPY: 22 x 4.427 us = 97.4 us
FLASH_ATTN_EXT dst(64,32,1,1),  q(64,1,32,1),  k(64,256,8,1),  v(64,256,8,1),  m(256,1,1,1): 8 x 19.565 us = 156.52 us (107.189 GFLOPS/s)
GET_ROWS: 24 x 3.586 us = 86.08 us
GLU: 30 x 3.909 us = 117.28 us
MUL: 44 x 3.985 us = 175.36 us
MUL_MAT f32 m=64 n=32 k=64: 16 x 3.72 us = 59.52 us (69.9183 GFLOPS/s)
MUL_MAT_ADD MUL_MAT_VEC q4_0_rocmfp4_fast m=2048 n=1 k=10752: 30 x 63.773 us = 1913.2 us (690.542 GFLOPS/s)
MUL_MAT_ADD MUL_MAT_VEC q4_0_rocmfp4_fast m=2048 n=1 k=2048: 8 x 18.025 us = 144.2 us (465.274 GFLOPS/s)
MUL_MAT_VEC f32 m=64 n=8 k=64: 16 x 3.055 us = 48.88 us (21.2845 GFLOPS/s)
MUL_MAT_VEC q4_0_rocmfp4_fast m=10752 n=1 k=2048: 60 x 64.427 us = 3865.64 us (683.397 GFLOPS/s)
MUL_MAT_VEC q4_0_rocmfp4_fast m=2048 n=1 k=2048: 30 x 18.836 us = 565.08 us (445.241 GFLOPS/s)
MUL_MAT_VEC q4_0_rocmfp4_fast m=512 n=1 k=2048: 16 x 6.44 us = 103.04 us (325.565 GFLOPS/s)
MUL_MAT_VEC q4_0_rocmfp4_fast m=6144 n=1 k=2048: 22 x 43.074 us = 947.64 us (584.096 GFLOPS/s)
MUL_MAT_VEC q6_K m=128000 n=1 k=2048: 1 x 877.96 us = 877.96 us (597.02 GFLOPS/s)
RMS_NORM_MUL RMS_NORM(2048,1,1,1): 61 x 6.896 us = 420.68 us
RMS_NORM_MUL_ROPE RMS_NORM(64,32,1,1): 8 x 7.06 us = 56.48 us
RMS_NORM_MUL_ROPE RMS_NORM(64,8,1,1): 8 x 5.985 us = 47.88 us
SET_ROWS: 16 x 4.62 us = 73.92 us
SSM_CONV: 22 x 4.33 us = 95.28 us
Total time: 10025.6 us.
----------------
Vulkan Timings:
ADD: 22 x 3.009 us = 66.2 us
CONCAT: 22 x 2.801 us = 61.64 us
CPY: 22 x 2.776 us = 61.08 us
FLASH_ATTN_EXT dst(64,32,1,1),  q(64,1,32,1),  k(64,256,8,1),  v(64,256,8,1),  m(256,1,1,1): 8 x 12.92 us = 103.36 us (162.318 GFLOPS/s)
GET_ROWS: 24 x 2.36 us = 56.64 us
GLU: 30 x 2.76 us = 82.8 us
MUL: 44 x 2.938 us = 129.28 us
MUL_MAT f32 m=64 n=32 k=64: 16 x 2.307 us = 36.92 us (112.718 GFLOPS/s)
MUL_MAT_ADD MUL_MAT_VEC q4_0_rocmfp4_fast m=2048 n=1 k=10752: 30 x 54.068 us = 1622.04 us (814.496 GFLOPS/s)
MUL_MAT_ADD MUL_MAT_VEC q4_0_rocmfp4_fast m=2048 n=1 k=2048: 8 x 13.575 us = 108.6 us (617.794 GFLOPS/s)
MUL_MAT_VEC f32 m=64 n=8 k=64: 16 x 2.425 us = 38.8 us (26.814 GFLOPS/s)
MUL_MAT_VEC q4_0_rocmfp4_fast m=10752 n=1 k=2048: 60 x 52.69 us = 3161.4 us (835.632 GFLOPS/s)
MUL_MAT_VEC q4_0_rocmfp4_fast m=2048 n=1 k=2048: 30 x 14.648 us = 439.44 us (572.54 GFLOPS/s)
MUL_MAT_VEC q4_0_rocmfp4_fast m=512 n=1 k=2048: 16 x 3.55 us = 56.8 us (590.603 GFLOPS/s)
MUL_MAT_VEC q4_0_rocmfp4_fast m=6144 n=1 k=2048: 22 x 33.558 us = 738.28 us (749.733 GFLOPS/s)
MUL_MAT_VEC q6_K m=128000 n=1 k=2048: 1 x 879.6 us = 879.6 us (595.907 GFLOPS/s)
RMS_NORM_MUL RMS_NORM(2048,1,1,1): 61 x 4.582 us = 279.52 us
RMS_NORM_MUL_ROPE RMS_NORM(64,32,1,1): 8 x 4.81 us = 38.48 us
RMS_NORM_MUL_ROPE RMS_NORM(64,8,1,1): 8 x 4.035 us = 32.28 us
SET_ROWS: 16 x 2.31 us = 36.96 us
SSM_CONV: 22 x 2.792 us = 61.44 us
Total time: 8091.56 us.
----------------
Vulkan Timings:
ADD: 22 x 2.289 us = 50.36 us
CONCAT: 22 x 2.298 us = 50.56 us
CPY: 22 x 2.292 us = 50.44 us
FLASH_ATTN_EXT dst(64,32,1,1),  q(64,1,32,1),  k(64,256,8,1),  v(64,256,8,1),  m(256,1,1,1): 8 x 12.95 us = 103.6 us (161.942 GFLOPS/s)
GET_ROWS: 24 x 2.151 us = 51.64 us
GLU: 30 x 2.392 us = 71.76 us
MUL: 44 x 2.432 us = 107.04 us
MUL_MAT f32 m=64 n=32 k=64: 16 x 2.185 us = 34.96 us (119.037 GFLOPS/s)
MUL_MAT_ADD MUL_MAT_VEC q4_0_rocmfp4_fast m=2048 n=1 k=10752: 30 x 52.717 us = 1581.52 us (835.364 GFLOPS/s)
MUL_MAT_ADD MUL_MAT_VEC q4_0_rocmfp4_fast m=2048 n=1 k=2048: 8 x 12.82 us = 102.56 us (654.178 GFLOPS/s)
MUL_MAT_VEC f32 m=64 n=8 k=64: 16 x 2.095 us = 33.52 us (31.0377 GFLOPS/s)
MUL_MAT_VEC q4_0_rocmfp4_fast m=10752 n=1 k=2048: 60 x 51.788 us = 3107.32 us (850.175 GFLOPS/s)
MUL_MAT_VEC q4_0_rocmfp4_fast m=2048 n=1 k=2048: 30 x 13.84 us = 415.2 us (605.965 GFLOPS/s)
MUL_MAT_VEC q4_0_rocmfp4_fast m=512 n=1 k=2048: 16 x 2.6 us = 41.6 us (806.4 GFLOPS/s)
MUL_MAT_VEC q4_0_rocmfp4_fast m=6144 n=1 k=2048: 22 x 32.247 us = 709.44 us (780.211 GFLOPS/s)
MUL_MAT_VEC q6_K m=128000 n=1 k=2048: 1 x 880.24 us = 880.24 us (595.474 GFLOPS/s)
RMS_NORM_MUL RMS_NORM(2048,1,1,1): 61 x 3.761 us = 229.48 us
RMS_NORM_MUL_ROPE RMS_NORM(64,32,1,1): 8 x 3.97 us = 31.76 us
RMS_NORM_MUL_ROPE RMS_NORM(64,8,1,1): 8 x 3.42 us = 27.36 us
SET_ROWS: 16 x 1.952 us = 31.24 us
SSM_CONV: 22 x 2.316 us = 50.96 us
Total time: 7762.56 us.
----------------
Vulkan Timings:
ADD: 22 x 2.296 us = 50.52 us
CONCAT: 22 x 2.3 us = 50.6 us
CPY: 22 x 2.294 us = 50.48 us
FLASH_ATTN_EXT dst(64,32,1,1),  q(64,1,32,1),  k(64,256,8,1),  v(64,256,8,1),  m(256,1,1,1): 8 x 10.565 us = 84.52 us (198.5 GFLOPS/s)
GET_ROWS: 24 x 1.991 us = 47.8 us
GLU: 30 x 2.306 us = 69.2 us
MUL: 44 x 2.422 us = 106.6 us
MUL_MAT f32 m=64 n=32 k=64: 16 x 2.112 us = 33.8 us (123.122 GFLOPS/s)
MUL_MAT_ADD MUL_MAT_VEC q4_0_rocmfp4_fast m=2048 n=1 k=10752: 30 x 52.408 us = 1572.24 us (840.294 GFLOPS/s)
MUL_MAT_ADD MUL_MAT_VEC q4_0_rocmfp4_fast m=2048 n=1 k=2048: 8 x 12.795 us = 102.36 us (655.456 GFLOPS/s)
MUL_MAT_VEC f32 m=64 n=8 k=64: 16 x 2.07 us = 33.12 us (31.4126 GFLOPS/s)
MUL_MAT_VEC q4_0_rocmfp4_fast m=10752 n=1 k=2048: 60 x 51.123 us = 3067.4 us (861.24 GFLOPS/s)
MUL_MAT_VEC q4_0_rocmfp4_fast m=2048 n=1 k=2048: 30 x 13.793 us = 413.8 us (608.015 GFLOPS/s)
MUL_MAT_VEC q4_0_rocmfp4_fast m=512 n=1 k=2048: 16 x 2.562 us = 41 us (818.201 GFLOPS/s)
MUL_MAT_VEC q4_0_rocmfp4_fast m=6144 n=1 k=2048: 22 x 32.687 us = 719.12 us (769.709 GFLOPS/s)
MUL_MAT_VEC q6_K m=128000 n=1 k=2048: 1 x 880.4 us = 880.4 us (595.366 GFLOPS/s)
RMS_NORM_MUL RMS_NORM(2048,1,1,1): 61 x 3.681 us = 224.56 us
RMS_NORM_MUL_ROPE RMS_NORM(64,32,1,1): 8 x 3.915 us = 31.32 us
RMS_NORM_MUL_ROPE RMS_NORM(64,8,1,1): 8 x 3.39 us = 27.12 us
SET_ROWS: 16 x 1.937 us = 31 us
SSM_CONV: 22 x 2.289 us = 50.36 us
Total time: 7687.32 us.
----------------
Vulkan Timings:
ADD: 22 x 2.327 us = 51.2 us
CONCAT: 22 x 2.409 us = 53 us
CPY: 22 x 2.27 us = 49.96 us
FLASH_ATTN_EXT dst(64,32,1,1),  q(64,1,32,1),  k(64,256,8,1),  v(64,256,8,1),  m(256,1,1,1): 8 x 10.615 us = 84.92 us (197.565 GFLOPS/s)
GET_ROWS: 24 x 2 us = 48 us
GLU: 30 x 2.316 us = 69.48 us
MUL: 44 x 2.59 us = 114 us
MUL_MAT f32 m=64 n=32 k=64: 16 x 2.14 us = 34.24 us (121.54 GFLOPS/s)
MUL_MAT_ADD MUL_MAT_VEC q4_0_rocmfp4_fast m=2048 n=1 k=10752: 30 x 52.308 us = 1569.24 us (841.901 GFLOPS/s)
MUL_MAT_ADD MUL_MAT_VEC q4_0_rocmfp4_fast m=2048 n=1 k=2048: 8 x 12.835 us = 102.68 us (653.413 GFLOPS/s)
MUL_MAT_VEC f32 m=64 n=8 k=64: 16 x 2.1 us = 33.6 us (30.9638 GFLOPS/s)
MUL_MAT_VEC q4_0_rocmfp4_fast m=10752 n=1 k=2048: 60 x 51.549 us = 3092.96 us (854.122 GFLOPS/s)
MUL_MAT_VEC q4_0_rocmfp4_fast m=2048 n=1 k=2048: 30 x 13.812 us = 414.36 us (607.194 GFLOPS/s)
MUL_MAT_VEC q4_0_rocmfp4_fast m=512 n=1 k=2048: 16 x 2.585 us = 41.36 us (811.079 GFLOPS/s)
MUL_MAT_VEC q4_0_rocmfp4_fast m=6144 n=1 k=2048: 22 x 31.934 us = 702.56 us (787.852 GFLOPS/s)
MUL_MAT_VEC q6_K m=128000 n=1 k=2048: 1 x 880.12 us = 880.12 us (595.555 GFLOPS/s)
RMS_NORM_MUL RMS_NORM(2048,1,1,1): 61 x 3.897 us = 237.72 us
RMS_NORM_MUL_ROPE RMS_NORM(64,32,1,1): 8 x 3.945 us = 31.56 us
RMS_NORM_MUL_ROPE RMS_NORM(64,8,1,1): 8 x 3.415 us = 27.32 us
SET_ROWS: 16 x 2.04 us = 32.64 us
SSM_CONV: 22 x 3.22 us = 70.84 us
Total time: 7741.76 us.
----------------
Vulkan Timings:
ADD: 22 x 2.336 us = 51.4 us
CONCAT: 22 x 2.334 us = 51.36 us
CPY: 22 x 2.34 us = 51.48 us
FLASH_ATTN_EXT dst(64,32,1,1),  q(64,1,32,1),  k(64,256,8,1),  v(64,256,8,1),  m(256,1,1,1): 8 x 10.435 us = 83.48 us (200.973 GFLOPS/s)
GET_ROWS: 24 x 1.993 us = 47.84 us
GLU: 30 x 2.354 us = 70.64 us
MUL: 44 x 2.462 us = 108.36 us
MUL_MAT f32 m=64 n=32 k=64: 16 x 2.125 us = 34 us (122.398 GFLOPS/s)
MUL_MAT_ADD MUL_MAT_VEC q4_0_rocmfp4_fast m=2048 n=1 k=10752: 30 x 52.521 us = 1575.64 us (838.481 GFLOPS/s)
MUL_MAT_ADD MUL_MAT_VEC q4_0_rocmfp4_fast m=2048 n=1 k=2048: 8 x 12.795 us = 102.36 us (655.456 GFLOPS/s)
MUL_MAT_VEC f32 m=64 n=8 k=64: 16 x 2.095 us = 33.52 us (31.0377 GFLOPS/s)
MUL_MAT_VEC q4_0_rocmfp4_fast m=10752 n=1 k=2048: 60 x 51.016 us = 3060.96 us (863.052 GFLOPS/s)
MUL_MAT_VEC q4_0_rocmfp4_fast m=2048 n=1 k=2048: 30 x 13.825 us = 414.76 us (606.608 GFLOPS/s)
MUL_MAT_VEC q4_0_rocmfp4_fast m=512 n=1 k=2048: 16 x 2.59 us = 41.44 us (809.514 GFLOPS/s)
MUL_MAT_VEC q4_0_rocmfp4_fast m=6144 n=1 k=2048: 22 x 32.136 us = 707 us (782.904 GFLOPS/s)
MUL_MAT_VEC q6_K m=128000 n=1 k=2048: 1 x 870.72 us = 870.72 us (601.985 GFLOPS/s)
RMS_NORM_MUL RMS_NORM(2048,1,1,1): 61 x 4.213 us = 257 us
RMS_NORM_MUL_ROPE RMS_NORM(64,32,1,1): 8 x 3.875 us = 31 us
RMS_NORM_MUL_ROPE RMS_NORM(64,8,1,1): 8 x 3.425 us = 27.4 us
SET_ROWS: 16 x 2.03 us = 32.48 us
SSM_CONV: 22 x 2.325 us = 51.16 us
Total time: 7704 us.
----------------
Vulkan Timings:
ADD: 22 x 2.307 us = 50.76 us
CONCAT: 22 x 2.321 us = 51.08 us
CPY: 22 x 2.301 us = 50.64 us
FLASH_ATTN_EXT dst(64,32,1,1),  q(64,1,32,1),  k(64,256,8,1),  v(64,256,8,1),  m(256,1,1,1): 8 x 10.53 us = 84.24 us (199.16 GFLOPS/s)
GET_ROWS: 24 x 1.988 us = 47.72 us
GLU: 30 x 2.33 us = 69.92 us
MUL: 44 x 2.434 us = 107.12 us
MUL_MAT f32 m=64 n=32 k=64: 16 x 2.122 us = 33.96 us (122.542 GFLOPS/s)
MUL_MAT_ADD MUL_MAT_VEC q4_0_rocmfp4_fast m=2048 n=1 k=10752: 30 x 52.22 us = 1566.6 us (843.319 GFLOPS/s)
MUL_MAT_ADD MUL_MAT_VEC q4_0_rocmfp4_fast m=2048 n=1 k=2048: 8 x 12.74 us = 101.92 us (658.286 GFLOPS/s)
MUL_MAT_VEC f32 m=64 n=8 k=64: 16 x 2.09 us = 33.44 us (31.112 GFLOPS/s)
MUL_MAT_VEC q4_0_rocmfp4_fast m=10752 n=1 k=2048: 60 x 50.708 us = 3042.52 us (868.282 GFLOPS/s)
MUL_MAT_VEC q4_0_rocmfp4_fast m=2048 n=1 k=2048: 30 x 13.749 us = 412.48 us (609.961 GFLOPS/s)
MUL_MAT_VEC q4_0_rocmfp4_fast m=512 n=1 k=2048: 16 x 2.56 us = 40.96 us (819 GFLOPS/s)
MUL_MAT_VEC q4_0_rocmfp4_fast m=6144 n=1 k=2048: 22 x 32.163 us = 707.6 us (782.24 GFLOPS/s)
MUL_MAT_VEC q6_K m=128000 n=1 k=2048: 1 x 872.56 us = 872.56 us (600.715 GFLOPS/s)
RMS_NORM_MUL RMS_NORM(2048,1,1,1): 61 x 3.725 us = 227.28 us
RMS_NORM_MUL_ROPE RMS_NORM(64,32,1,1): 8 x 3.88 us = 31.04 us
RMS_NORM_MUL_ROPE RMS_NORM(64,8,1,1): 8 x 3.385 us = 27.08 us
SET_ROWS: 16 x 1.985 us = 31.76 us
SSM_CONV: 22 x 2.31 us = 50.84 us
Total time: 7641.52 us.
----------------
Vulkan Timings:
ADD: 22 x 2.57 us = 56.56 us
CONCAT: 22 x 2.558 us = 56.28 us
CPY: 22 x 2.538 us = 55.84 us
FLASH_ATTN_EXT dst(64,32,1,1),  q(64,1,32,1),  k(64,256,8,1),  v(64,256,8,1),  m(256,1,1,1): 8 x 12.415 us = 99.32 us (168.921 GFLOPS/s)
GET_ROWS: 24 x 2.118 us = 50.84 us
GLU: 30 x 2.546 us = 76.4 us
MUL: 44 x 2.695 us = 118.6 us
MUL_MAT f32 m=64 n=32 k=64: 16 x 2.29 us = 36.64 us (113.579 GFLOPS/s)
MUL_MAT_ADD MUL_MAT_VEC q4_0_rocmfp4_fast m=2048 n=1 k=10752: 30 x 53.548 us = 1606.44 us (822.405 GFLOPS/s)
MUL_MAT_ADD MUL_MAT_VEC q4_0_rocmfp4_fast m=2048 n=1 k=2048: 8 x 13.175 us = 105.4 us (636.551 GFLOPS/s)
MUL_MAT_VEC f32 m=64 n=8 k=64: 16 x 1.895 us = 30.32 us (34.3135 GFLOPS/s)
MUL_MAT_VEC q4_0_rocmfp4_fast m=10752 n=1 k=2048: 60 x 52.72 us = 3163.2 us (835.156 GFLOPS/s)
MUL_MAT_VEC q4_0_rocmfp4_fast m=2048 n=1 k=2048: 30 x 14.253 us = 427.6 us (588.393 GFLOPS/s)
MUL_MAT_VEC q4_0_rocmfp4_fast m=512 n=1 k=2048: 16 x 2.777 us = 44.44 us (754.866 GFLOPS/s)
MUL_MAT_VEC q4_0_rocmfp4_fast m=6144 n=1 k=2048: 22 x 32.834 us = 722.36 us (766.256 GFLOPS/s)
MUL_MAT_VEC q6_K m=128000 n=1 k=2048: 1 x 880.88 us = 880.88 us (595.041 GFLOPS/s)
RMS_NORM_MUL RMS_NORM(2048,1,1,1): 61 x 4.13 us = 251.96 us
RMS_NORM_MUL_ROPE RMS_NORM(64,32,1,1): 8 x 4.355 us = 34.84 us
RMS_NORM_MUL_ROPE RMS_NORM(64,8,1,1): 8 x 3.86 us = 30.88 us
SET_ROWS: 16 x 2.475 us = 39.6 us
SSM_CONV: 22 x 2.554 us = 56.2 us
Total time: 7944.6 us.
----------------
Vulkan Timings:
ADD: 22 x 2.589 us = 56.96 us
CONCAT: 22 x 3.112 us = 68.48 us
CPY: 22 x 2.578 us = 56.72 us
FLASH_ATTN_EXT dst(64,32,1,1),  q(64,1,32,1),  k(64,256,8,1),  v(64,256,8,1),  m(256,1,1,1): 8 x 12.525 us = 100.2 us (167.437 GFLOPS/s)
GET_ROWS: 24 x 2.186 us = 52.48 us
GLU: 30 x 3.8 us = 114 us
MUL: 44 x 2.83 us = 124.56 us
MUL_MAT f32 m=64 n=32 k=64: 16 x 2.33 us = 37.28 us (111.629 GFLOPS/s)
MUL_MAT_ADD MUL_MAT_VEC q4_0_rocmfp4_fast m=2048 n=1 k=10752: 30 x 53.244 us = 1597.32 us (827.101 GFLOPS/s)
MUL_MAT_ADD MUL_MAT_VEC q4_0_rocmfp4_fast m=2048 n=1 k=2048: 8 x 13.11 us = 104.88 us (639.707 GFLOPS/s)
MUL_MAT_VEC f32 m=64 n=8 k=64: 16 x 1.84 us = 29.44 us (35.3391 GFLOPS/s)
MUL_MAT_VEC q4_0_rocmfp4_fast m=10752 n=1 k=2048: 60 x 60.071 us = 3604.28 us (732.953 GFLOPS/s)
MUL_MAT_VEC q4_0_rocmfp4_fast m=2048 n=1 k=2048: 30 x 14.516 us = 435.48 us (577.746 GFLOPS/s)
MUL_MAT_VEC q4_0_rocmfp4_fast m=512 n=1 k=2048: 16 x 2.842 us = 45.48 us (737.604 GFLOPS/s)
MUL_MAT_VEC q4_0_rocmfp4_fast m=6144 n=1 k=2048: 22 x 32.778 us = 721.12 us (767.574 GFLOPS/s)
MUL_MAT_VEC q6_K m=128000 n=1 k=2048: 1 x 880.84 us = 880.84 us (595.068 GFLOPS/s)
RMS_NORM_MUL RMS_NORM(2048,1,1,1): 61 x 4.552 us = 277.68 us
RMS_NORM_MUL_ROPE RMS_NORM(64,32,1,1): 8 x 4.53 us = 36.24 us
RMS_NORM_MUL_ROPE RMS_NORM(64,8,1,1): 8 x 3.875 us = 31 us
SET_ROWS: 16 x 2.585 us = 41.36 us
SSM_CONV: 22 x 2.585 us = 56.88 us
Total time: 8472.68 us.
----------------
Vulkan Timings:
ADD: 22 x 3.083 us = 67.84 us
CONCAT: 22 x 2.961 us = 65.16 us
CPY: 22 x 2.909 us = 64 us
FLASH_ATTN_EXT dst(64,32,1,1),  q(64,1,32,1),  k(64,256,8,1),  v(64,256,8,1),  m(256,1,1,1): 8 x 14.225 us = 113.8 us (147.427 GFLOPS/s)
GET_ROWS: 24 x 2.931 us = 70.36 us
GLU: 30 x 2.912 us = 87.36 us
MUL: 44 x 3.139 us = 138.12 us
MUL_MAT f32 m=64 n=32 k=64: 16 x 2.332 us = 37.32 us (111.51 GFLOPS/s)
MUL_MAT_ADD MUL_MAT_VEC q4_0_rocmfp4_fast m=2048 n=1 k=10752: 30 x 53.994 us = 1619.84 us (815.602 GFLOPS/s)
MUL_MAT_ADD MUL_MAT_VEC q4_0_rocmfp4_fast m=2048 n=1 k=2048: 8 x 13.895 us = 111.16 us (603.567 GFLOPS/s)
MUL_MAT_VEC f32 m=64 n=8 k=64: 16 x 2.775 us = 44.4 us (23.4321 GFLOPS/s)
MUL_MAT_VEC q4_0_rocmfp4_fast m=10752 n=1 k=2048: 60 x 52.358 us = 3141.48 us (840.931 GFLOPS/s)
MUL_MAT_VEC q4_0_rocmfp4_fast m=2048 n=1 k=2048: 30 x 15.326 us = 459.8 us (547.187 GFLOPS/s)
MUL_MAT_VEC q4_0_rocmfp4_fast m=512 n=1 k=2048: 16 x 3.455 us = 55.28 us (606.842 GFLOPS/s)
MUL_MAT_VEC q4_0_rocmfp4_fast m=6144 n=1 k=2048: 22 x 33.37 us = 734.16 us (753.941 GFLOPS/s)
MUL_MAT_VEC q6_K m=128000 n=1 k=2048: 1 x 932.2 us = 932.2 us (562.283 GFLOPS/s)
RMS_NORM_MUL RMS_NORM(2048,1,1,1): 61 x 5.117 us = 312.16 us
RMS_NORM_MUL_ROPE RMS_NORM(64,32,1,1): 8 x 5.055 us = 40.44 us
RMS_NORM_MUL_ROPE RMS_NORM(64,8,1,1): 8 x 4.39 us = 35.12 us
SET_ROWS: 16 x 2.19 us = 35.04 us
SSM_CONV: 22 x 2.883 us = 63.44 us
Total time: 8228.48 us.
----------------
Vulkan Timings:
ADD: 22 x 2.316 us = 50.96 us
CONCAT: 22 x 2.334 us = 51.36 us
CPY: 22 x 2.305 us = 50.72 us
FLASH_ATTN_EXT dst(64,32,1,1),  q(64,1,32,1),  k(64,256,8,1),  v(64,256,8,1),  m(256,1,1,1): 8 x 10.54 us = 84.32 us (198.971 GFLOPS/s)
GET_ROWS: 24 x 2.011 us = 48.28 us
GLU: 30 x 2.346 us = 70.4 us
MUL: 44 x 2.457 us = 108.12 us
MUL_MAT f32 m=64 n=32 k=64: 16 x 2.13 us = 34.08 us (122.111 GFLOPS/s)
MUL_MAT_ADD MUL_MAT_VEC q4_0_rocmfp4_fast m=2048 n=1 k=10752: 30 x 52.046 us = 1561.4 us (846.128 GFLOPS/s)
MUL_MAT_ADD MUL_MAT_VEC q4_0_rocmfp4_fast m=2048 n=1 k=2048: 8 x 12.895 us = 103.16 us (650.373 GFLOPS/s)
MUL_MAT_VEC f32 m=64 n=8 k=64: 16 x 2.092 us = 33.48 us (31.0748 GFLOPS/s)
MUL_MAT_VEC q4_0_rocmfp4_fast m=10752 n=1 k=2048: 60 x 50.718 us = 3043.12 us (868.111 GFLOPS/s)
MUL_MAT_VEC q4_0_rocmfp4_fast m=2048 n=1 k=2048: 30 x 13.806 us = 414.2 us (607.428 GFLOPS/s)
MUL_MAT_VEC q4_0_rocmfp4_fast m=512 n=1 k=2048: 16 x 2.59 us = 41.44 us (809.514 GFLOPS/s)
MUL_MAT_VEC q4_0_rocmfp4_fast m=6144 n=1 k=2048: 22 x 31.68 us = 696.96 us (794.182 GFLOPS/s)
MUL_MAT_VEC q6_K m=128000 n=1 k=2048: 1 x 880.4 us = 880.4 us (595.366 GFLOPS/s)
RMS_NORM_MUL RMS_NORM(2048,1,1,1): 61 x 3.735 us = 227.88 us
RMS_NORM_MUL_ROPE RMS_NORM(64,32,1,1): 8 x 3.895 us = 31.16 us
RMS_NORM_MUL_ROPE RMS_NORM(64,8,1,1): 8 x 3.42 us = 27.36 us
SET_ROWS: 16 x 2 us = 32 us
SSM_CONV: 22 x 2.318 us = 51 us
Total time: 7641.8 us.
----------------
Vulkan Timings:
ADD: 22 x 2.307 us = 50.76 us
CONCAT: 22 x 2.307 us = 50.76 us
CPY: 22 x 2.29 us = 50.4 us
FLASH_ATTN_EXT dst(64,32,1,1),  q(64,1,32,1),  k(64,256,8,1),  v(64,256,8,1),  m(256,1,1,1): 8 x 10.615 us = 84.92 us (197.565 GFLOPS/s)
GET_ROWS: 24 x 2.015 us = 48.36 us
GLU: 30 x 2.328 us = 69.84 us
MUL: 44 x 2.504 us = 110.2 us
MUL_MAT f32 m=64 n=32 k=64: 16 x 2.112 us = 33.8 us (123.122 GFLOPS/s)
MUL_MAT_ADD MUL_MAT_VEC q4_0_rocmfp4_fast m=2048 n=1 k=10752: 30 x 53.769 us = 1613.08 us (819.02 GFLOPS/s)
MUL_MAT_ADD MUL_MAT_VEC q4_0_rocmfp4_fast m=2048 n=1 k=2048: 8 x 12.795 us = 102.36 us (655.456 GFLOPS/s)
MUL_MAT_VEC f32 m=64 n=8 k=64: 16 x 2.115 us = 33.84 us (30.7442 GFLOPS/s)
MUL_MAT_VEC q4_0_rocmfp4_fast m=10752 n=1 k=2048: 60 x 51.716 us = 3103 us (851.359 GFLOPS/s)
MUL_MAT_VEC q4_0_rocmfp4_fast m=2048 n=1 k=2048: 30 x 13.774 us = 413.24 us (608.839 GFLOPS/s)
MUL_MAT_VEC q4_0_rocmfp4_fast m=512 n=1 k=2048: 16 x 3.325 us = 53.2 us (630.568 GFLOPS/s)
MUL_MAT_VEC q4_0_rocmfp4_fast m=6144 n=1 k=2048: 22 x 31.743 us = 698.36 us (792.59 GFLOPS/s)
MUL_MAT_VEC q6_K m=128000 n=1 k=2048: 1 x 880 us = 880 us (595.636 GFLOPS/s)
RMS_NORM_MUL RMS_NORM(2048,1,1,1): 61 x 3.702 us = 225.84 us
RMS_NORM_MUL_ROPE RMS_NORM(64,32,1,1): 8 x 4.35 us = 34.8 us
RMS_NORM_MUL_ROPE RMS_NORM(64,8,1,1): 8 x 3.41 us = 27.28 us
SET_ROWS: 16 x 1.977 us = 31.64 us
SSM_CONV: 22 x 2.314 us = 50.92 us
Total time: 7766.6 us.
----------------
Vulkan Timings:
ADD: 22 x 2.305 us = 50.72 us
CONCAT: 22 x 2.305 us = 50.72 us
CPY: 22 x 2.294 us = 50.48 us
FLASH_ATTN_EXT dst(64,32,1,1),  q(64,1,32,1),  k(64,256,8,1),  v(64,256,8,1),  m(256,1,1,1): 8 x 10.425 us = 83.4 us (201.166 GFLOPS/s)
GET_ROWS: 24 x 1.983 us = 47.6 us
GLU: 30 x 2.329 us = 69.88 us
MUL: 44 x 2.423 us = 106.64 us
MUL_MAT f32 m=64 n=32 k=64: 16 x 2.1 us = 33.6 us (123.855 GFLOPS/s)
MUL_MAT_ADD MUL_MAT_VEC q4_0_rocmfp4_fast m=2048 n=1 k=10752: 30 x 51.992 us = 1559.76 us (847.018 GFLOPS/s)
MUL_MAT_ADD MUL_MAT_VEC q4_0_rocmfp4_fast m=2048 n=1 k=2048: 8 x 12.67 us = 101.36 us (661.923 GFLOPS/s)
MUL_MAT_VEC f32 m=64 n=8 k=64: 16 x 2.077 us = 33.24 us (31.2992 GFLOPS/s)
MUL_MAT_VEC q4_0_rocmfp4_fast m=10752 n=1 k=2048: 60 x 50.63 us = 3037.84 us (869.62 GFLOPS/s)
MUL_MAT_VEC q4_0_rocmfp4_fast m=2048 n=1 k=2048: 30 x 13.786 us = 413.6 us (608.309 GFLOPS/s)
MUL_MAT_VEC q4_0_rocmfp4_fast m=512 n=1 k=2048: 16 x 2.58 us = 41.28 us (812.651 GFLOPS/s)
MUL_MAT_VEC q4_0_rocmfp4_fast m=6144 n=1 k=2048: 22 x 31.663 us = 696.6 us (794.592 GFLOPS/s)
MUL_MAT_VEC q6_K m=128000 n=1 k=2048: 1 x 901.36 us = 901.36 us (581.521 GFLOPS/s)
RMS_NORM_MUL RMS_NORM(2048,1,1,1): 61 x 3.716 us = 226.68 us
RMS_NORM_MUL_ROPE RMS_NORM(64,32,1,1): 8 x 3.885 us = 31.08 us
RMS_NORM_MUL_ROPE RMS_NORM(64,8,1,1): 8 x 3.39 us = 27.12 us
SET_ROWS: 16 x 1.997 us = 31.96 us
SSM_CONV: 22 x 2.29 us = 50.4 us
Total time: 7645.32 us.
----------------
Vulkan Timings:
ADD: 22 x 2.841 us = 62.52 us
CONCAT: 22 x 2.316 us = 50.96 us
CPY: 22 x 2.314 us = 50.92 us
FLASH_ATTN_EXT dst(64,32,1,1),  q(64,1,32,1),  k(64,256,8,1),  v(64,256,8,1),  m(256,1,1,1): 8 x 10.58 us = 84.64 us (198.219 GFLOPS/s)
GET_ROWS: 24 x 2.056 us = 49.36 us
GLU: 30 x 2.47 us = 74.12 us
MUL: 44 x 2.427 us = 106.8 us
MUL_MAT f32 m=64 n=32 k=64: 16 x 2.112 us = 33.8 us (123.122 GFLOPS/s)
MUL_MAT_ADD MUL_MAT_VEC q4_0_rocmfp4_fast m=2048 n=1 k=10752: 30 x 52.326 us = 1569.8 us (841.6 GFLOPS/s)
MUL_MAT_ADD MUL_MAT_VEC q4_0_rocmfp4_fast m=2048 n=1 k=2048: 8 x 12.65 us = 101.2 us (662.969 GFLOPS/s)
MUL_MAT_VEC f32 m=64 n=8 k=64: 16 x 2.085 us = 33.36 us (31.1866 GFLOPS/s)
MUL_MAT_VEC q4_0_rocmfp4_fast m=10752 n=1 k=2048: 60 x 51.071 us = 3064.28 us (862.117 GFLOPS/s)
MUL_MAT_VEC q4_0_rocmfp4_fast m=2048 n=1 k=2048: 30 x 14.004 us = 420.12 us (598.869 GFLOPS/s)
MUL_MAT_VEC q4_0_rocmfp4_fast m=512 n=1 k=2048: 16 x 2.582 us = 41.32 us (811.864 GFLOPS/s)
MUL_MAT_VEC q4_0_rocmfp4_fast m=6144 n=1 k=2048: 22 x 31.656 us = 696.44 us (794.775 GFLOPS/s)
MUL_MAT_VEC q6_K m=128000 n=1 k=2048: 1 x 879.56 us = 879.56 us (595.934 GFLOPS/s)
RMS_NORM_MUL RMS_NORM(2048,1,1,1): 61 x 3.774 us = 230.24 us
RMS_NORM_MUL_ROPE RMS_NORM(64,32,1,1): 8 x 3.87 us = 30.96 us
RMS_NORM_MUL_ROPE RMS_NORM(64,8,1,1): 8 x 3.375 us = 27 us
SET_ROWS: 16 x 1.975 us = 31.6 us
SSM_CONV: 22 x 2.298 us = 50.56 us
Total time: 7689.56 us.
----------------
Vulkan Timings:
ADD: 22 x 2.303 us = 50.68 us
CONCAT: 22 x 3.063 us = 67.4 us
CPY: 22 x 2.296 us = 50.52 us
FLASH_ATTN_EXT dst(64,32,1,1),  q(64,1,32,1),  k(64,256,8,1),  v(64,256,8,1),  m(256,1,1,1): 8 x 10.585 us = 84.68 us (198.125 GFLOPS/s)
GET_ROWS: 24 x 2.445 us = 58.68 us
GLU: 30 x 2.326 us = 69.8 us
MUL: 44 x 2.549 us = 112.16 us
MUL_MAT f32 m=64 n=32 k=64: 16 x 2.127 us = 34.04 us (122.254 GFLOPS/s)
MUL_MAT_ADD MUL_MAT_VEC q4_0_rocmfp4_fast m=2048 n=1 k=10752: 30 x 52.257 us = 1567.72 us (842.717 GFLOPS/s)
MUL_MAT_ADD MUL_MAT_VEC q4_0_rocmfp4_fast m=2048 n=1 k=2048: 8 x 12.815 us = 102.52 us (654.433 GFLOPS/s)
MUL_MAT_VEC f32 m=64 n=8 k=64: 16 x 2.09 us = 33.44 us (31.112 GFLOPS/s)
MUL_MAT_VEC q4_0_rocmfp4_fast m=10752 n=1 k=2048: 60 x 51.28 us = 3076.8 us (858.608 GFLOPS/s)
MUL_MAT_VEC q4_0_rocmfp4_fast m=2048 n=1 k=2048: 30 x 13.808 us = 414.24 us (607.37 GFLOPS/s)
MUL_MAT_VEC q4_0_rocmfp4_fast m=512 n=1 k=2048: 16 x 2.56 us = 40.96 us (819 GFLOPS/s)
MUL_MAT_VEC q4_0_rocmfp4_fast m=6144 n=1 k=2048: 22 x 31.792 us = 699.44 us (791.366 GFLOPS/s)
MUL_MAT_VEC q6_K m=128000 n=1 k=2048: 1 x 923 us = 923 us (567.887 GFLOPS/s)
RMS_NORM_MUL RMS_NORM(2048,1,1,1): 61 x 3.715 us = 226.64 us
RMS_NORM_MUL_ROPE RMS_NORM(64,32,1,1): 8 x 3.885 us = 31.08 us
RMS_NORM_MUL_ROPE RMS_NORM(64,8,1,1): 8 x 3.395 us = 27.16 us
SET_ROWS: 16 x 1.947 us = 31.16 us
SSM_CONV: 22 x 2.31 us = 50.84 us
Total time: 7752.96 us.
----------------
Vulkan Timings:
ADD: 22 x 2.298 us = 50.56 us
CONCAT: 22 x 2.33 us = 51.28 us
CPY: 22 x 2.294 us = 50.48 us
FLASH_ATTN_EXT dst(64,32,1,1),  q(64,1,32,1),  k(64,256,8,1),  v(64,256,8,1),  m(256,1,1,1): 8 x 10.615 us = 84.92 us (197.565 GFLOPS/s)
GET_ROWS: 24 x 2.025 us = 48.6 us
GLU: 30 x 2.334 us = 70.04 us
MUL: 44 x 2.436 us = 107.2 us
MUL_MAT f32 m=64 n=32 k=64: 16 x 2.122 us = 33.96 us (122.542 GFLOPS/s)
MUL_MAT_ADD MUL_MAT_VEC q4_0_rocmfp4_fast m=2048 n=1 k=10752: 30 x 52.001 us = 1560.04 us (846.866 GFLOPS/s)
MUL_MAT_ADD MUL_MAT_VEC q4_0_rocmfp4_fast m=2048 n=1 k=2048: 8 x 12.755 us = 102.04 us (657.512 GFLOPS/s)
MUL_MAT_VEC f32 m=64 n=8 k=64: 16 x 2.125 us = 34 us (30.5995 GFLOPS/s)
MUL_MAT_VEC q4_0_rocmfp4_fast m=10752 n=1 k=2048: 60 x 50.634 us = 3038.04 us (869.563 GFLOPS/s)
MUL_MAT_VEC q4_0_rocmfp4_fast m=2048 n=1 k=2048: 30 x 13.798 us = 413.96 us (607.78 GFLOPS/s)
MUL_MAT_VEC q4_0_rocmfp4_fast m=512 n=1 k=2048: 16 x 2.562 us = 41 us (818.201 GFLOPS/s)
MUL_MAT_VEC q4_0_rocmfp4_fast m=6144 n=1 k=2048: 22 x 31.76 us = 698.72 us (792.181 GFLOPS/s)
MUL_MAT_VEC q6_K m=128000 n=1 k=2048: 1 x 880.04 us = 880.04 us (595.609 GFLOPS/s)
RMS_NORM_MUL RMS_NORM(2048,1,1,1): 61 x 3.717 us = 226.76 us
RMS_NORM_MUL_ROPE RMS_NORM(64,32,1,1): 8 x 3.89 us = 31.12 us
RMS_NORM_MUL_ROPE RMS_NORM(64,8,1,1): 8 x 3.345 us = 26.76 us
SET_ROWS: 16 x 1.922 us = 30.76 us
SSM_CONV: 22 x 2.301 us = 50.64 us
Total time: 7630.92 us.
----------------
Vulkan Timings:
ADD: 22 x 2.336 us = 51.4 us
CONCAT: 22 x 2.298 us = 50.56 us
CPY: 22 x 2.536 us = 55.8 us
FLASH_ATTN_EXT dst(64,32,1,1),  q(64,1,32,1),  k(64,256,8,1),  v(64,256,8,1),  m(256,1,1,1): 8 x 10.56 us = 84.48 us (198.594 GFLOPS/s)
GET_ROWS: 24 x 2.59 us = 62.16 us
GLU: 30 x 2.34 us = 70.2 us
MUL: 44 x 2.613 us = 115 us
MUL_MAT f32 m=64 n=32 k=64: 16 x 2.185 us = 34.96 us (119.037 GFLOPS/s)
MUL_MAT_ADD MUL_MAT_VEC q4_0_rocmfp4_fast m=2048 n=1 k=10752: 30 x 52.838 us = 1585.16 us (833.445 GFLOPS/s)
MUL_MAT_ADD MUL_MAT_VEC q4_0_rocmfp4_fast m=2048 n=1 k=2048: 8 x 13.29 us = 106.32 us (631.043 GFLOPS/s)
MUL_MAT_VEC f32 m=64 n=8 k=64: 16 x 2.15 us = 34.4 us (30.2437 GFLOPS/s)
MUL_MAT_VEC q4_0_rocmfp4_fast m=10752 n=1 k=2048: 60 x 51.15 us = 3069 us (860.791 GFLOPS/s)
MUL_MAT_VEC q4_0_rocmfp4_fast m=2048 n=1 k=2048: 30 x 14.208 us = 426.24 us (590.27 GFLOPS/s)
MUL_MAT_VEC q4_0_rocmfp4_fast m=512 n=1 k=2048: 16 x 2.572 us = 41.16 us (815.02 GFLOPS/s)
MUL_MAT_VEC q4_0_rocmfp4_fast m=6144 n=1 k=2048: 22 x 32.249 us = 709.48 us (780.167 GFLOPS/s)
MUL_MAT_VEC q6_K m=128000 n=1 k=2048: 1 x 882.08 us = 882.08 us (594.232 GFLOPS/s)
RMS_NORM_MUL RMS_NORM(2048,1,1,1): 61 x 3.791 us = 231.28 us
RMS_NORM_MUL_ROPE RMS_NORM(64,32,1,1): 8 x 3.975 us = 31.8 us
RMS_NORM_MUL_ROPE RMS_NORM(64,8,1,1): 8 x 3.465 us = 27.72 us
SET_ROWS: 16 x 2.07 us = 33.12 us
SSM_CONV: 22 x 2.623 us = 57.72 us
Total time: 7760.04 us.
----------------
Vulkan Timings:
ADD: 22 x 2.31 us = 50.84 us
CONCAT: 22 x 2.332 us = 51.32 us
CPY: 22 x 2.312 us = 50.88 us
FLASH_ATTN_EXT dst(64,32,1,1),  q(64,1,32,1),  k(64,256,8,1),  v(64,256,8,1),  m(256,1,1,1): 8 x 10.38 us = 83.04 us (202.038 GFLOPS/s)
GET_ROWS: 24 x 2.003 us = 48.08 us
GLU: 30 x 2.332 us = 69.96 us
MUL: 44 x 2.442 us = 107.48 us
MUL_MAT f32 m=64 n=32 k=64: 16 x 2.135 us = 34.16 us (121.825 GFLOPS/s)
MUL_MAT_ADD MUL_MAT_VEC q4_0_rocmfp4_fast m=2048 n=1 k=10752: 30 x 51.998 us = 1559.96 us (846.909 GFLOPS/s)
MUL_MAT_ADD MUL_MAT_VEC q4_0_rocmfp4_fast m=2048 n=1 k=2048: 8 x 12.795 us = 102.36 us (655.456 GFLOPS/s)
MUL_MAT_VEC f32 m=64 n=8 k=64: 16 x 2.097 us = 33.56 us (31.0007 GFLOPS/s)
MUL_MAT_VEC q4_0_rocmfp4_fast m=10752 n=1 k=2048: 60 x 50.736 us = 3044.16 us (867.815 GFLOPS/s)
MUL_MAT_VEC q4_0_rocmfp4_fast m=2048 n=1 k=2048: 30 x 13.83 us = 414.92 us (606.374 GFLOPS/s)
MUL_MAT_VEC q4_0_rocmfp4_fast m=512 n=1 k=2048: 16 x 2.562 us = 41 us (818.201 GFLOPS/s)
MUL_MAT_VEC q4_0_rocmfp4_fast m=6144 n=1 k=2048: 22 x 31.643 us = 696.16 us (795.094 GFLOPS/s)
MUL_MAT_VEC q6_K m=128000 n=1 k=2048: 1 x 947.52 us = 947.52 us (553.191 GFLOPS/s)
RMS_NORM_MUL RMS_NORM(2048,1,1,1): 61 x 3.703 us = 225.92 us
RMS_NORM_MUL_ROPE RMS_NORM(64,32,1,1): 8 x 3.88 us = 31.04 us
RMS_NORM_MUL_ROPE RMS_NORM(64,8,1,1): 8 x 3.395 us = 27.16 us
SET_ROWS: 16 x 2.072 us = 33.16 us
SSM_CONV: 22 x 2.314 us = 50.92 us
Total time: 7703.6 us.
----------------
Vulkan Timings:
ADD: 22 x 2.296 us = 50.52 us
CONCAT: 22 x 2.32 us = 51.04 us
CPY: 22 x 2.307 us = 50.76 us
FLASH_ATTN_EXT dst(64,32,1,1),  q(64,1,32,1),  k(64,256,8,1),  v(64,256,8,1),  m(256,1,1,1): 8 x 10.675 us = 85.4 us (196.455 GFLOPS/s)
GET_ROWS: 24 x 1.976 us = 47.44 us
GLU: 30 x 2.318 us = 69.56 us
MUL: 44 x 2.428 us = 106.84 us
MUL_MAT f32 m=64 n=32 k=64: 16 x 2.042 us = 32.68 us (127.342 GFLOPS/s)
MUL_MAT_ADD MUL_MAT_VEC q4_0_rocmfp4_fast m=2048 n=1 k=10752: 30 x 52.07 us = 1562.12 us (845.738 GFLOPS/s)
MUL_MAT_ADD MUL_MAT_VEC q4_0_rocmfp4_fast m=2048 n=1 k=2048: 8 x 14.72 us = 117.76 us (569.739 GFLOPS/s)
MUL_MAT_VEC f32 m=64 n=8 k=64: 16 x 2.565 us = 41.04 us (25.3505 GFLOPS/s)
MUL_MAT_VEC q4_0_rocmfp4_fast m=10752 n=1 k=2048: 60 x 50.758 us = 3045.48 us (867.438 GFLOPS/s)
MUL_MAT_VEC q4_0_rocmfp4_fast m=2048 n=1 k=2048: 30 x 13.757 us = 412.72 us (609.607 GFLOPS/s)
MUL_MAT_VEC q4_0_rocmfp4_fast m=512 n=1 k=2048: 16 x 3.585 us = 57.36 us (584.837 GFLOPS/s)
MUL_MAT_VEC q4_0_rocmfp4_fast m=6144 n=1 k=2048: 22 x 31.636 us = 696 us (795.277 GFLOPS/s)
MUL_MAT_VEC q6_K m=128000 n=1 k=2048: 1 x 879.48 us = 879.48 us (595.989 GFLOPS/s)
RMS_NORM_MUL RMS_NORM(2048,1,1,1): 61 x 3.753 us = 228.96 us
RMS_NORM_MUL_ROPE RMS_NORM(64,32,1,1): 8 x 3.82 us = 30.56 us
RMS_NORM_MUL_ROPE RMS_NORM(64,8,1,1): 8 x 4.51 us = 36.08 us
SET_ROWS: 16 x 1.992 us = 31.88 us
SSM_CONV: 22 x 2.292 us = 50.44 us
Total time: 7684.12 us.
----------------
Vulkan Timings:
ADD: 22 x 2.361 us = 51.96 us
CONCAT: 22 x 2.365 us = 52.04 us
CPY: 22 x 2.292 us = 50.44 us
FLASH_ATTN_EXT dst(64,32,1,1),  q(64,1,32,1),  k(64,256,8,1),  v(64,256,8,1),  m(256,1,1,1): 8 x 10.555 us = 84.44 us (198.688 GFLOPS/s)
GET_ROWS: 24 x 2.005 us = 48.12 us
GLU: 30 x 2.348 us = 70.44 us
MUL: 44 x 2.456 us = 108.08 us
MUL_MAT f32 m=64 n=32 k=64: 16 x 2.11 us = 33.76 us (123.268 GFLOPS/s)
MUL_MAT_ADD MUL_MAT_VEC q4_0_rocmfp4_fast m=2048 n=1 k=10752: 30 x 52.842 us = 1585.28 us (833.382 GFLOPS/s)
MUL_MAT_ADD MUL_MAT_VEC q4_0_rocmfp4_fast m=2048 n=1 k=2048: 8 x 12.615 us = 100.92 us (664.809 GFLOPS/s)
MUL_MAT_VEC f32 m=64 n=8 k=64: 16 x 2.077 us = 33.24 us (31.2992 GFLOPS/s)
MUL_MAT_VEC q4_0_rocmfp4_fast m=10752 n=1 k=2048: 60 x 51.562 us = 3093.72 us (853.913 GFLOPS/s)
MUL_MAT_VEC q4_0_rocmfp4_fast m=2048 n=1 k=2048: 30 x 14.033 us = 421 us (597.617 GFLOPS/s)
MUL_MAT_VEC q4_0_rocmfp4_fast m=512 n=1 k=2048: 16 x 3.095 us = 49.52 us (677.428 GFLOPS/s)
MUL_MAT_VEC q4_0_rocmfp4_fast m=6144 n=1 k=2048: 22 x 31.807 us = 699.76 us (791.004 GFLOPS/s)
MUL_MAT_VEC q6_K m=128000 n=1 k=2048: 1 x 879.8 us = 879.8 us (595.772 GFLOPS/s)
RMS_NORM_MUL RMS_NORM(2048,1,1,1): 61 x 4.005 us = 244.36 us
RMS_NORM_MUL_ROPE RMS_NORM(64,32,1,1): 8 x 3.87 us = 30.96 us
RMS_NORM_MUL_ROPE RMS_NORM(64,8,1,1): 8 x 3.4 us = 27.2 us
SET_ROWS: 16 x 1.99 us = 31.84 us
SSM_CONV: 22 x 2.321 us = 51.08 us
Total time: 7747.96 us.
----------------
Vulkan Timings:
ADD: 22 x 2.318 us = 51 us
CONCAT: 22 x 2.314 us = 50.92 us
CPY: 22 x 2.316 us = 50.96 us
FLASH_ATTN_EXT dst(64,32,1,1),  q(64,1,32,1),  k(64,256,8,1),  v(64,256,8,1),  m(256,1,1,1): 8 x 10.52 us = 84.16 us (199.349 GFLOPS/s)
GET_ROWS: 24 x 2.001 us = 48.04 us
GLU: 30 x 2.338 us = 70.16 us
MUL: 44 x 2.44 us = 107.36 us
MUL_MAT f32 m=64 n=32 k=64: 16 x 2.127 us = 34.04 us (122.254 GFLOPS/s)
MUL_MAT_ADD MUL_MAT_VEC q4_0_rocmfp4_fast m=2048 n=1 k=10752: 30 x 52.024 us = 1560.72 us (846.497 GFLOPS/s)
MUL_MAT_ADD MUL_MAT_VEC q4_0_rocmfp4_fast m=2048 n=1 k=2048: 8 x 12.85 us = 102.8 us (652.651 GFLOPS/s)
MUL_MAT_VEC f32 m=64 n=8 k=64: 16 x 2.072 us = 33.16 us (31.3747 GFLOPS/s)
MUL_MAT_VEC q4_0_rocmfp4_fast m=10752 n=1 k=2048: 60 x 50.718 us = 3043.08 us (868.123 GFLOPS/s)
MUL_MAT_VEC q4_0_rocmfp4_fast m=2048 n=1 k=2048: 30 x 13.846 us = 415.4 us (605.674 GFLOPS/s)
MUL_MAT_VEC q4_0_rocmfp4_fast m=512 n=1 k=2048: 16 x 2.557 us = 40.92 us (819.801 GFLOPS/s)
MUL_MAT_VEC q4_0_rocmfp4_fast m=6144 n=1 k=2048: 22 x 31.669 us = 696.72 us (794.455 GFLOPS/s)
MUL_MAT_VEC q6_K m=128000 n=1 k=2048: 1 x 879.24 us = 879.24 us (596.151 GFLOPS/s)
RMS_NORM_MUL RMS_NORM(2048,1,1,1): 61 x 3.706 us = 226.08 us
RMS_NORM_MUL_ROPE RMS_NORM(64,32,1,1): 8 x 3.945 us = 31.56 us
RMS_NORM_MUL_ROPE RMS_NORM(64,8,1,1): 8 x 3.405 us = 27.24 us
SET_ROWS: 16 x 1.997 us = 31.96 us
SSM_CONV: 22 x 2.323 us = 51.12 us
Total time: 7636.64 us.
----------------
Vulkan Timings:
ADD: 22 x 2.325 us = 51.16 us
CONCAT: 22 x 2.336 us = 51.4 us
CPY: 22 x 2.298 us = 50.56 us
FLASH_ATTN_EXT dst(64,32,1,1),  q(64,1,32,1),  k(64,256,8,1),  v(64,256,8,1),  m(256,1,1,1): 8 x 11.15 us = 89.2 us (188.085 GFLOPS/s)
GET_ROWS: 24 x 2.43 us = 58.32 us
GLU: 30 x 2.306 us = 69.2 us
MUL: 44 x 2.626 us = 115.56 us
MUL_MAT f32 m=64 n=32 k=64: 16 x 2.187 us = 35 us (118.901 GFLOPS/s)
MUL_MAT_ADD MUL_MAT_VEC q4_0_rocmfp4_fast m=2048 n=1 k=10752: 30 x 52.341 us = 1570.24 us (841.365 GFLOPS/s)
MUL_MAT_ADD MUL_MAT_VEC q4_0_rocmfp4_fast m=2048 n=1 k=2048: 8 x 12.755 us = 102.04 us (657.512 GFLOPS/s)
MUL_MAT_VEC f32 m=64 n=8 k=64: 16 x 2.1 us = 33.6 us (30.9638 GFLOPS/s)
MUL_MAT_VEC q4_0_rocmfp4_fast m=10752 n=1 k=2048: 60 x 51.929 us = 3115.76 us (847.872 GFLOPS/s)
MUL_MAT_VEC q4_0_rocmfp4_fast m=2048 n=1 k=2048: 30 x 13.888 us = 416.64 us (603.871 GFLOPS/s)
MUL_MAT_VEC q4_0_rocmfp4_fast m=512 n=1 k=2048: 16 x 2.595 us = 41.52 us (807.954 GFLOPS/s)
MUL_MAT_VEC q4_0_rocmfp4_fast m=6144 n=1 k=2048: 22 x 31.949 us = 702.88 us (787.493 GFLOPS/s)
MUL_MAT_VEC q6_K m=128000 n=1 k=2048: 1 x 879.76 us = 879.76 us (595.799 GFLOPS/s)
RMS_NORM_MUL RMS_NORM(2048,1,1,1): 61 x 3.735 us = 227.88 us
RMS_NORM_MUL_ROPE RMS_NORM(64,32,1,1): 8 x 3.86 us = 30.88 us
RMS_NORM_MUL_ROPE RMS_NORM(64,8,1,1): 8 x 3.4 us = 27.2 us
SET_ROWS: 16 x 1.932 us = 30.92 us
SSM_CONV: 22 x 3.112 us = 68.48 us
Total time: 7768.2 us.
----------------
Vulkan Timings:
ADD: 22 x 2.32 us = 51.04 us
CONCAT: 22 x 2.32 us = 51.04 us
CPY: 22 x 2.292 us = 50.44 us
FLASH_ATTN_EXT dst(64,32,1,1),  q(64,1,32,1),  k(64,256,8,1),  v(64,256,8,1),  m(256,1,1,1): 8 x 10.665 us = 85.32 us (196.639 GFLOPS/s)
GET_ROWS: 24 x 1.988 us = 47.72 us
GLU: 30 x 2.337 us = 70.12 us
MUL: 44 x 2.431 us = 107 us
MUL_MAT f32 m=64 n=32 k=64: 16 x 2.125 us = 34 us (122.398 GFLOPS/s)
MUL_MAT_ADD MUL_MAT_VEC q4_0_rocmfp4_fast m=2048 n=1 k=10752: 30 x 51.992 us = 1559.76 us (847.018 GFLOPS/s)
MUL_MAT_ADD MUL_MAT_VEC q4_0_rocmfp4_fast m=2048 n=1 k=2048: 8 x 12.77 us = 102.16 us (656.739 GFLOPS/s)
MUL_MAT_VEC f32 m=64 n=8 k=64: 16 x 2.095 us = 33.52 us (31.0377 GFLOPS/s)
MUL_MAT_VEC q4_0_rocmfp4_fast m=10752 n=1 k=2048: 60 x 50.596 us = 3035.76 us (870.216 GFLOPS/s)
MUL_MAT_VEC q4_0_rocmfp4_fast m=2048 n=1 k=2048: 30 x 13.788 us = 413.64 us (608.251 GFLOPS/s)
MUL_MAT_VEC q4_0_rocmfp4_fast m=512 n=1 k=2048: 16 x 2.617 us = 41.88 us (801.009 GFLOPS/s)
MUL_MAT_VEC q4_0_rocmfp4_fast m=6144 n=1 k=2048: 22 x 31.685 us = 697.08 us (794.045 GFLOPS/s)
MUL_MAT_VEC q6_K m=128000 n=1 k=2048: 1 x 900.08 us = 900.08 us (582.348 GFLOPS/s)
RMS_NORM_MUL RMS_NORM(2048,1,1,1): 61 x 3.732 us = 227.68 us
RMS_NORM_MUL_ROPE RMS_NORM(64,32,1,1): 8 x 3.915 us = 31.32 us
RMS_NORM_MUL_ROPE RMS_NORM(64,8,1,1): 8 x 3.385 us = 27.08 us
SET_ROWS: 16 x 1.952 us = 31.24 us
SSM_CONV: 22 x 2.309 us = 50.8 us
Total time: 7648.68 us.
----------------
Vulkan Timings:
ADD: 22 x 2.318 us = 51 us
CONCAT: 22 x 2.312 us = 50.88 us
CPY: 22 x 2.292 us = 50.44 us
FLASH_ATTN_EXT dst(64,32,1,1),  q(64,1,32,1),  k(64,256,8,1),  v(64,256,8,1),  m(256,1,1,1): 8 x 10.455 us = 83.64 us (200.588 GFLOPS/s)
GET_ROWS: 24 x 1.97 us = 47.28 us
GLU: 30 x 2.97 us = 89.12 us
MUL: 44 x 2.423 us = 106.64 us
MUL_MAT f32 m=64 n=32 k=64: 16 x 2.1 us = 33.6 us (123.855 GFLOPS/s)
MUL_MAT_ADD MUL_MAT_VEC q4_0_rocmfp4_fast m=2048 n=1 k=10752: 30 x 52.35 us = 1570.52 us (841.215 GFLOPS/s)
MUL_MAT_ADD MUL_MAT_VEC q4_0_rocmfp4_fast m=2048 n=1 k=2048: 8 x 12.735 us = 101.88 us (658.544 GFLOPS/s)
MUL_MAT_VEC f32 m=64 n=8 k=64: 16 x 2.07 us = 33.12 us (31.4126 GFLOPS/s)
MUL_MAT_VEC q4_0_rocmfp4_fast m=10752 n=1 k=2048: 60 x 50.886 us = 3053.2 us (865.245 GFLOPS/s)
MUL_MAT_VEC q4_0_rocmfp4_fast m=2048 n=1 k=2048: 30 x 13.766 us = 413 us (609.193 GFLOPS/s)
MUL_MAT_VEC q4_0_rocmfp4_fast m=512 n=1 k=2048: 16 x 2.55 us = 40.8 us (822.212 GFLOPS/s)
MUL_MAT_VEC q4_0_rocmfp4_fast m=6144 n=1 k=2048: 22 x 32.478 us = 714.52 us (774.664 GFLOPS/s)
MUL_MAT_VEC q6_K m=128000 n=1 k=2048: 1 x 881.24 us = 881.24 us (594.798 GFLOPS/s)
RMS_NORM_MUL RMS_NORM(2048,1,1,1): 61 x 3.756 us = 229.16 us
RMS_NORM_MUL_ROPE RMS_NORM(64,32,1,1): 8 x 3.885 us = 31.08 us
RMS_NORM_MUL_ROPE RMS_NORM(64,8,1,1): 8 x 3.45 us = 27.6 us
SET_ROWS: 16 x 2.002 us = 32.04 us
SSM_CONV: 22 x 2.29 us = 50.4 us
Total time: 7691.16 us.
----------------
Vulkan Timings:
ADD: 22 x 2.33 us = 51.28 us
CONCAT: 22 x 2.672 us = 58.8 us
CPY: 22 x 2.298 us = 50.56 us
FLASH_ATTN_EXT dst(64,32,1,1),  q(64,1,32,1),  k(64,256,8,1),  v(64,256,8,1),  m(256,1,1,1): 8 x 10.46 us = 83.68 us (200.493 GFLOPS/s)
GET_ROWS: 24 x 2.453 us = 58.88 us
GLU: 30 x 3.044 us = 91.32 us
MUL: 44 x 2.465 us = 108.48 us
MUL_MAT f32 m=64 n=32 k=64: 16 x 2.16 us = 34.56 us (120.415 GFLOPS/s)
MUL_MAT_ADD MUL_MAT_VEC q4_0_rocmfp4_fast m=2048 n=1 k=10752: 30 x 52.266 us = 1568 us (842.567 GFLOPS/s)
MUL_MAT_ADD MUL_MAT_VEC q4_0_rocmfp4_fast m=2048 n=1 k=2048: 8 x 12.735 us = 101.88 us (658.544 GFLOPS/s)
MUL_MAT_VEC f32 m=64 n=8 k=64: 16 x 2.162 us = 34.6 us (30.0689 GFLOPS/s)
MUL_MAT_VEC q4_0_rocmfp4_fast m=10752 n=1 k=2048: 60 x 50.888 us = 3053.28 us (865.222 GFLOPS/s)
MUL_MAT_VEC q4_0_rocmfp4_fast m=2048 n=1 k=2048: 30 x 13.806 us = 414.2 us (607.428 GFLOPS/s)
MUL_MAT_VEC q4_0_rocmfp4_fast m=512 n=1 k=2048: 16 x 2.565 us = 41.04 us (817.404 GFLOPS/s)
MUL_MAT_VEC q4_0_rocmfp4_fast m=6144 n=1 k=2048: 22 x 32.434 us = 713.56 us (775.706 GFLOPS/s)
MUL_MAT_VEC q6_K m=128000 n=1 k=2048: 1 x 879.52 us = 879.52 us (595.961 GFLOPS/s)
RMS_NORM_MUL RMS_NORM(2048,1,1,1): 61 x 3.697 us = 225.52 us
RMS_NORM_MUL_ROPE RMS_NORM(64,32,1,1): 8 x 3.92 us = 31.36 us
RMS_NORM_MUL_ROPE RMS_NORM(64,8,1,1): 8 x 3.29 us = 26.32 us
SET_ROWS: 16 x 2.025 us = 32.4 us
SSM_CONV: 22 x 2.307 us = 50.76 us
Total time: 7710 us.
----------------
Vulkan Timings:
ADD: 22 x 2.301 us = 50.64 us
CONCAT: 22 x 2.316 us = 50.96 us
CPY: 22 x 2.283 us = 50.24 us
FLASH_ATTN_EXT dst(64,32,1,1),  q(64,1,32,1),  k(64,256,8,1),  v(64,256,8,1),  m(256,1,1,1): 8 x 10.495 us = 83.96 us (199.824 GFLOPS/s)
GET_ROWS: 24 x 1.978 us = 47.48 us
GLU: 30 x 2.318 us = 69.56 us
MUL: 44 x 2.446 us = 107.64 us
MUL_MAT f32 m=64 n=32 k=64: 16 x 2.107 us = 33.72 us (123.414 GFLOPS/s)
MUL_MAT_ADD MUL_MAT_VEC q4_0_rocmfp4_fast m=2048 n=1 k=10752: 30 x 52.352 us = 1570.56 us (841.193 GFLOPS/s)
MUL_MAT_ADD MUL_MAT_VEC q4_0_rocmfp4_fast m=2048 n=1 k=2048: 8 x 12.755 us = 102.04 us (657.512 GFLOPS/s)
MUL_MAT_VEC f32 m=64 n=8 k=64: 16 x 2.075 us = 33.2 us (31.3369 GFLOPS/s)
MUL_MAT_VEC q4_0_rocmfp4_fast m=10752 n=1 k=2048: 60 x 51.02 us = 3061.24 us (862.973 GFLOPS/s)
MUL_MAT_VEC q4_0_rocmfp4_fast m=2048 n=1 k=2048: 30 x 13.854 us = 415.64 us (605.324 GFLOPS/s)
MUL_MAT_VEC q4_0_rocmfp4_fast m=512 n=1 k=2048: 16 x 2.547 us = 40.76 us (823.019 GFLOPS/s)
MUL_MAT_VEC q4_0_rocmfp4_fast m=6144 n=1 k=2048: 22 x 31.856 us = 700.84 us (789.785 GFLOPS/s)
MUL_MAT_VEC q6_K m=128000 n=1 k=2048: 1 x 879 us = 879 us (596.314 GFLOPS/s)
RMS_NORM_MUL RMS_NORM(2048,1,1,1): 61 x 4.069 us = 248.24 us
RMS_NORM_MUL_ROPE RMS_NORM(64,32,1,1): 8 x 3.88 us = 31.04 us
RMS_NORM_MUL_ROPE RMS_NORM(64,8,1,1): 8 x 3.4 us = 27.2 us
SET_ROWS: 16 x 1.97 us = 31.52 us
SSM_CONV: 22 x 2.261 us = 49.76 us
Total time: 7685.24 us.
----------------
Vulkan Timings:
ADD: 22 x 2.309 us = 50.8 us
CONCAT: 22 x 2.296 us = 50.52 us
CPY: 22 x 2.261 us = 49.76 us
FLASH_ATTN_EXT dst(64,32,1,1),  q(64,1,32,1),  k(64,256,8,1),  v(64,256,8,1),  m(256,1,1,1): 8 x 10.525 us = 84.2 us (199.254 GFLOPS/s)
GET_ROWS: 24 x 1.976 us = 47.44 us
GLU: 30 x 3.249 us = 97.48 us
MUL: 44 x 2.504 us = 110.2 us
MUL_MAT f32 m=64 n=32 k=64: 16 x 2.105 us = 33.68 us (123.561 GFLOPS/s)
MUL_MAT_ADD MUL_MAT_VEC q4_0_rocmfp4_fast m=2048 n=1 k=10752: 30 x 52.225 us = 1566.76 us (843.233 GFLOPS/s)
MUL_MAT_ADD MUL_MAT_VEC q4_0_rocmfp4_fast m=2048 n=1 k=2048: 8 x 12.7 us = 101.6 us (660.359 GFLOPS/s)
MUL_MAT_VEC f32 m=64 n=8 k=64: 16 x 2.107 us = 33.72 us (30.8536 GFLOPS/s)
MUL_MAT_VEC q4_0_rocmfp4_fast m=10752 n=1 k=2048: 60 x 51.62 us = 3097.2 us (852.953 GFLOPS/s)
MUL_MAT_VEC q4_0_rocmfp4_fast m=2048 n=1 k=2048: 30 x 14.041 us = 421.24 us (597.277 GFLOPS/s)
MUL_MAT_VEC q4_0_rocmfp4_fast m=512 n=1 k=2048: 16 x 2.577 us = 41.24 us (813.439 GFLOPS/s)
MUL_MAT_VEC q4_0_rocmfp4_fast m=6144 n=1 k=2048: 22 x 31.738 us = 698.24 us (792.726 GFLOPS/s)
MUL_MAT_VEC q6_K m=128000 n=1 k=2048: 1 x 881 us = 881 us (594.96 GFLOPS/s)
RMS_NORM_MUL RMS_NORM(2048,1,1,1): 61 x 3.934 us = 240 us
RMS_NORM_MUL_ROPE RMS_NORM(64,32,1,1): 8 x 3.955 us = 31.64 us
RMS_NORM_MUL_ROPE RMS_NORM(64,8,1,1): 8 x 3.39 us = 27.12 us
SET_ROWS: 16 x 1.935 us = 30.96 us
SSM_CONV: 22 x 2.321 us = 51.08 us
Total time: 7745.88 us.
----------------
Vulkan Timings:
ADD: 22 x 2.3 us = 50.6 us
CONCAT: 22 x 2.301 us = 50.64 us
CPY: 22 x 2.283 us = 50.24 us
FLASH_ATTN_EXT dst(64,32,1,1),  q(64,1,32,1),  k(64,256,8,1),  v(64,256,8,1),  m(256,1,1,1): 8 x 10.52 us = 84.16 us (199.349 GFLOPS/s)
GET_ROWS: 24 x 1.978 us = 47.48 us
GLU: 30 x 2.313 us = 69.4 us
MUL: 44 x 2.44 us = 107.36 us
MUL_MAT f32 m=64 n=32 k=64: 16 x 2.122 us = 33.96 us (122.542 GFLOPS/s)
MUL_MAT_ADD MUL_MAT_VEC q4_0_rocmfp4_fast m=2048 n=1 k=10752: 30 x 51.914 us = 1557.44 us (848.279 GFLOPS/s)
MUL_MAT_ADD MUL_MAT_VEC q4_0_rocmfp4_fast m=2048 n=1 k=2048: 8 x 12.705 us = 101.64 us (660.099 GFLOPS/s)
MUL_MAT_VEC f32 m=64 n=8 k=64: 16 x 2.075 us = 33.2 us (31.3369 GFLOPS/s)
MUL_MAT_VEC q4_0_rocmfp4_fast m=10752 n=1 k=2048: 60 x 50.64 us = 3038.44 us (869.448 GFLOPS/s)
MUL_MAT_VEC q4_0_rocmfp4_fast m=2048 n=1 k=2048: 30 x 13.704 us = 411.12 us (611.979 GFLOPS/s)
MUL_MAT_VEC q4_0_rocmfp4_fast m=512 n=1 k=2048: 16 x 2.58 us = 41.28 us (812.651 GFLOPS/s)
MUL_MAT_VEC q4_0_rocmfp4_fast m=6144 n=1 k=2048: 22 x 31.607 us = 695.36 us (796.009 GFLOPS/s)
MUL_MAT_VEC q6_K m=128000 n=1 k=2048: 1 x 871.52 us = 871.52 us (601.432 GFLOPS/s)
RMS_NORM_MUL RMS_NORM(2048,1,1,1): 61 x 3.738 us = 228.04 us
RMS_NORM_MUL_ROPE RMS_NORM(64,32,1,1): 8 x 3.885 us = 31.08 us
RMS_NORM_MUL_ROPE RMS_NORM(64,8,1,1): 8 x 3.43 us = 27.44 us
SET_ROWS: 16 x 1.982 us = 31.72 us
SSM_CONV: 22 x 2.294 us = 50.48 us
Total time: 7612.6 us.
----------------
Vulkan Timings:
ADD: 22 x 2.35 us = 51.72 us
CONCAT: 22 x 3.198 us = 70.36 us
CPY: 22 x 2.307 us = 50.76 us
FLASH_ATTN_EXT dst(64,32,1,1),  q(64,1,32,1),  k(64,256,8,1),  v(64,256,8,1),  m(256,1,1,1): 8 x 10.63 us = 85.04 us (197.286 GFLOPS/s)
GET_ROWS: 24 x 1.988 us = 47.72 us
GLU: 30 x 2.328 us = 69.84 us
MUL: 44 x 2.431 us = 107 us
MUL_MAT f32 m=64 n=32 k=64: 16 x 2.105 us = 33.68 us (123.561 GFLOPS/s)
MUL_MAT_ADD MUL_MAT_VEC q4_0_rocmfp4_fast m=2048 n=1 k=10752: 30 x 52.362 us = 1570.88 us (841.022 GFLOPS/s)
MUL_MAT_ADD MUL_MAT_VEC q4_0_rocmfp4_fast m=2048 n=1 k=2048: 8 x 12.815 us = 102.52 us (654.433 GFLOPS/s)
MUL_MAT_VEC f32 m=64 n=8 k=64: 16 x 2.107 us = 33.72 us (30.8536 GFLOPS/s)
MUL_MAT_VEC q4_0_rocmfp4_fast m=10752 n=1 k=2048: 60 x 51.134 us = 3068.04 us (861.06 GFLOPS/s)
MUL_MAT_VEC q4_0_rocmfp4_fast m=2048 n=1 k=2048: 30 x 13.822 us = 414.68 us (606.725 GFLOPS/s)
MUL_MAT_VEC q4_0_rocmfp4_fast m=512 n=1 k=2048: 16 x 2.612 us = 41.8 us (802.542 GFLOPS/s)
MUL_MAT_VEC q4_0_rocmfp4_fast m=6144 n=1 k=2048: 22 x 32.252 us = 709.56 us (780.079 GFLOPS/s)
MUL_MAT_VEC q6_K m=128000 n=1 k=2048: 1 x 880.32 us = 880.32 us (595.42 GFLOPS/s)
RMS_NORM_MUL RMS_NORM(2048,1,1,1): 61 x 3.917 us = 238.96 us
RMS_NORM_MUL_ROPE RMS_NORM(64,32,1,1): 8 x 3.92 us = 31.36 us
RMS_NORM_MUL_ROPE RMS_NORM(64,8,1,1): 8 x 3.415 us = 27.32 us
SET_ROWS: 16 x 2.04 us = 32.64 us
SSM_CONV: 22 x 2.316 us = 50.96 us
Total time: 7718.88 us.
----------------
Vulkan Timings:
ADD: 22 x 2.312 us = 50.88 us
CONCAT: 22 x 3.132 us = 68.92 us
CPY: 22 x 2.292 us = 50.44 us
FLASH_ATTN_EXT dst(64,32,1,1),  q(64,1,32,1),  k(64,256,8,1),  v(64,256,8,1),  m(256,1,1,1): 8 x 10.5 us = 84 us (199.729 GFLOPS/s)
GET_ROWS: 24 x 1.995 us = 47.88 us
GLU: 30 x 2.34 us = 70.2 us
MUL: 44 x 2.433 us = 107.08 us
MUL_MAT f32 m=64 n=32 k=64: 16 x 2.125 us = 34 us (122.398 GFLOPS/s)
MUL_MAT_ADD MUL_MAT_VEC q4_0_rocmfp4_fast m=2048 n=1 k=10752: 30 x 52.95 us = 1588.52 us (831.683 GFLOPS/s)
MUL_MAT_ADD MUL_MAT_VEC q4_0_rocmfp4_fast m=2048 n=1 k=2048: 8 x 12.775 us = 102.2 us (656.482 GFLOPS/s)
MUL_MAT_VEC f32 m=64 n=8 k=64: 16 x 2.085 us = 33.36 us (31.1866 GFLOPS/s)
MUL_MAT_VEC q4_0_rocmfp4_fast m=10752 n=1 k=2048: 60 x 51.113 us = 3066.8 us (861.408 GFLOPS/s)
MUL_MAT_VEC q4_0_rocmfp4_fast m=2048 n=1 k=2048: 30 x 13.821 us = 414.64 us (606.784 GFLOPS/s)
MUL_MAT_VEC q4_0_rocmfp4_fast m=512 n=1 k=2048: 16 x 2.585 us = 41.36 us (811.079 GFLOPS/s)
MUL_MAT_VEC q4_0_rocmfp4_fast m=6144 n=1 k=2048: 22 x 32.312 us = 710.88 us (778.631 GFLOPS/s)
MUL_MAT_VEC q6_K m=128000 n=1 k=2048: 1 x 872.96 us = 872.96 us (600.44 GFLOPS/s)
RMS_NORM_MUL RMS_NORM(2048,1,1,1): 61 x 4.017 us = 245.08 us
RMS_NORM_MUL_ROPE RMS_NORM(64,32,1,1): 8 x 3.895 us = 31.16 us
RMS_NORM_MUL_ROPE RMS_NORM(64,8,1,1): 8 x 3.39 us = 27.12 us
SET_ROWS: 16 x 2.017 us = 32.28 us
SSM_CONV: 22 x 2.832 us = 62.32 us
Total time: 7742.08 us.
----------------
Vulkan Timings:
ADD: 22 x 2.3 us = 50.6 us
CONCAT: 22 x 2.305 us = 50.72 us
CPY: 22 x 2.287 us = 50.32 us
FLASH_ATTN_EXT dst(64,32,1,1),  q(64,1,32,1),  k(64,256,8,1),  v(64,256,8,1),  m(256,1,1,1): 8 x 10.81 us = 86.48 us (194.001 GFLOPS/s)
GET_ROWS: 24 x 1.978 us = 47.48 us
GLU: 30 x 3.022 us = 90.68 us
MUL: 44 x 2.426 us = 106.76 us
MUL_MAT f32 m=64 n=32 k=64: 16 x 2.137 us = 34.2 us (121.682 GFLOPS/s)
MUL_MAT_ADD MUL_MAT_VEC q4_0_rocmfp4_fast m=2048 n=1 k=10752: 30 x 52.598 us = 1577.96 us (837.248 GFLOPS/s)
MUL_MAT_ADD MUL_MAT_VEC q4_0_rocmfp4_fast m=2048 n=1 k=2048: 8 x 12.88 us = 103.04 us (651.13 GFLOPS/s)
MUL_MAT_VEC f32 m=64 n=8 k=64: 16 x 2.092 us = 33.48 us (31.0748 GFLOPS/s)
MUL_MAT_VEC q4_0_rocmfp4_fast m=10752 n=1 k=2048: 60 x 51.513 us = 3090.8 us (854.719 GFLOPS/s)
MUL_MAT_VEC q4_0_rocmfp4_fast m=2048 n=1 k=2048: 30 x 13.822 us = 414.68 us (606.725 GFLOPS/s)
MUL_MAT_VEC q4_0_rocmfp4_fast m=512 n=1 k=2048: 16 x 2.585 us = 41.36 us (811.079 GFLOPS/s)
MUL_MAT_VEC q4_0_rocmfp4_fast m=6144 n=1 k=2048: 22 x 33.95 us = 746.92 us (741.061 GFLOPS/s)
MUL_MAT_VEC q6_K m=128000 n=1 k=2048: 1 x 880.72 us = 880.72 us (595.149 GFLOPS/s)
RMS_NORM_MUL RMS_NORM(2048,1,1,1): 61 x 3.801 us = 231.92 us
RMS_NORM_MUL_ROPE RMS_NORM(64,32,1,1): 8 x 3.895 us = 31.16 us
RMS_NORM_MUL_ROPE RMS_NORM(64,8,1,1): 8 x 3.315 us = 26.52 us
SET_ROWS: 16 x 1.952 us = 31.24 us
SSM_CONV: 22 x 2.305 us = 50.72 us
Total time: 7777.76 us.
----------------
Vulkan Timings:
ADD: 22 x 2.358 us = 51.88 us
CONCAT: 22 x 2.303 us = 50.68 us
CPY: 22 x 2.374 us = 52.24 us
FLASH_ATTN_EXT dst(64,32,1,1),  q(64,1,32,1),  k(64,256,8,1),  v(64,256,8,1),  m(256,1,1,1): 8 x 10.615 us = 84.92 us (197.565 GFLOPS/s)
GET_ROWS: 24 x 1.995 us = 47.88 us
GLU: 30 x 3.038 us = 91.16 us
MUL: 44 x 2.495 us = 109.8 us
MUL_MAT f32 m=64 n=32 k=64: 16 x 2.135 us = 34.16 us (121.825 GFLOPS/s)
MUL_MAT_ADD MUL_MAT_VEC q4_0_rocmfp4_fast m=2048 n=1 k=10752: 30 x 52.701 us = 1581.04 us (835.617 GFLOPS/s)
MUL_MAT_ADD MUL_MAT_VEC q4_0_rocmfp4_fast m=2048 n=1 k=2048: 8 x 12.765 us = 102.12 us (656.996 GFLOPS/s)
MUL_MAT_VEC f32 m=64 n=8 k=64: 16 x 2.097 us = 33.56 us (31.0007 GFLOPS/s)
MUL_MAT_VEC q4_0_rocmfp4_fast m=10752 n=1 k=2048: 60 x 51.636 us = 3098.16 us (852.689 GFLOPS/s)
MUL_MAT_VEC q4_0_rocmfp4_fast m=2048 n=1 k=2048: 30 x 13.829 us = 414.88 us (606.433 GFLOPS/s)
MUL_MAT_VEC q4_0_rocmfp4_fast m=512 n=1 k=2048: 16 x 2.59 us = 41.44 us (809.514 GFLOPS/s)
MUL_MAT_VEC q4_0_rocmfp4_fast m=6144 n=1 k=2048: 22 x 32.23 us = 709.08 us (780.607 GFLOPS/s)
MUL_MAT_VEC q6_K m=128000 n=1 k=2048: 1 x 881.6 us = 881.6 us (594.555 GFLOPS/s)
RMS_NORM_MUL RMS_NORM(2048,1,1,1): 61 x 3.809 us = 232.36 us
RMS_NORM_MUL_ROPE RMS_NORM(64,32,1,1): 8 x 3.935 us = 31.48 us
RMS_NORM_MUL_ROPE RMS_NORM(64,8,1,1): 8 x 3.435 us = 27.48 us
SET_ROWS: 16 x 1.952 us = 31.24 us
SSM_CONV: 22 x 3.194 us = 70.28 us
Total time: 7777.44 us.
----------------
Vulkan Timings:
ADD: 22 x 2.334 us = 51.36 us
CONCAT: 22 x 2.327 us = 51.2 us
CPY: 22 x 2.307 us = 50.76 us
FLASH_ATTN_EXT dst(64,32,1,1),  q(64,1,32,1),  k(64,256,8,1),  v(64,256,8,1),  m(256,1,1,1): 8 x 10.515 us = 84.12 us (199.444 GFLOPS/s)
GET_ROWS: 24 x 2.015 us = 48.36 us
GLU: 30 x 2.338 us = 70.16 us
MUL: 44 x 2.462 us = 108.36 us
MUL_MAT f32 m=64 n=32 k=64: 16 x 2.132 us = 34.12 us (121.968 GFLOPS/s)
MUL_MAT_ADD MUL_MAT_VEC q4_0_rocmfp4_fast m=2048 n=1 k=10752: 30 x 52.446 us = 1573.4 us (839.675 GFLOPS/s)
MUL_MAT_ADD MUL_MAT_VEC q4_0_rocmfp4_fast m=2048 n=1 k=2048: 8 x 12.75 us = 102 us (657.769 GFLOPS/s)
MUL_MAT_VEC f32 m=64 n=8 k=64: 16 x 2.085 us = 33.36 us (31.1866 GFLOPS/s)
MUL_MAT_VEC q4_0_rocmfp4_fast m=10752 n=1 k=2048: 60 x 51.058 us = 3063.52 us (862.33 GFLOPS/s)
MUL_MAT_VEC q4_0_rocmfp4_fast m=2048 n=1 k=2048: 30 x 13.772 us = 413.16 us (608.957 GFLOPS/s)
MUL_MAT_VEC q4_0_rocmfp4_fast m=512 n=1 k=2048: 16 x 2.58 us = 41.28 us (812.651 GFLOPS/s)
MUL_MAT_VEC q4_0_rocmfp4_fast m=6144 n=1 k=2048: 22 x 32.736 us = 720.2 us (768.555 GFLOPS/s)
MUL_MAT_VEC q6_K m=128000 n=1 k=2048: 1 x 895.4 us = 895.4 us (585.392 GFLOPS/s)
RMS_NORM_MUL RMS_NORM(2048,1,1,1): 61 x 3.72 us = 226.92 us
RMS_NORM_MUL_ROPE RMS_NORM(64,32,1,1): 8 x 3.92 us = 31.36 us
RMS_NORM_MUL_ROPE RMS_NORM(64,8,1,1): 8 x 3.42 us = 27.36 us
SET_ROWS: 16 x 1.997 us = 31.96 us
SSM_CONV: 22 x 2.309 us = 50.8 us
Total time: 7709.16 us.
----------------
Vulkan Timings:
ADD: 22 x 2.314 us = 50.92 us
CONCAT: 22 x 2.3 us = 50.6 us
CPY: 22 x 2.405 us = 52.92 us
FLASH_ATTN_EXT dst(64,32,1,1),  q(64,1,32,1),  k(64,256,8,1),  v(64,256,8,1),  m(256,1,1,1): 8 x 10.67 us = 85.36 us (196.547 GFLOPS/s)
GET_ROWS: 24 x 2.025 us = 48.6 us
GLU: 30 x 2.752 us = 82.56 us
MUL: 44 x 2.451 us = 107.88 us
MUL_MAT f32 m=64 n=32 k=64: 16 x 2.232 us = 35.72 us (116.504 GFLOPS/s)
MUL_MAT_ADD MUL_MAT_VEC q4_0_rocmfp4_fast m=2048 n=1 k=10752: 30 x 52.456 us = 1573.68 us (839.525 GFLOPS/s)
MUL_MAT_ADD MUL_MAT_VEC q4_0_rocmfp4_fast m=2048 n=1 k=2048: 8 x 12.88 us = 103.04 us (651.13 GFLOPS/s)
MUL_MAT_VEC f32 m=64 n=8 k=64: 16 x 2.092 us = 33.48 us (31.0748 GFLOPS/s)
MUL_MAT_VEC q4_0_rocmfp4_fast m=10752 n=1 k=2048: 60 x 51.852 us = 3111.16 us (849.126 GFLOPS/s)
MUL_MAT_VEC q4_0_rocmfp4_fast m=2048 n=1 k=2048: 30 x 13.876 us = 416.28 us (604.393 GFLOPS/s)
MUL_MAT_VEC q4_0_rocmfp4_fast m=512 n=1 k=2048: 16 x 2.59 us = 41.44 us (809.514 GFLOPS/s)
MUL_MAT_VEC q4_0_rocmfp4_fast m=6144 n=1 k=2048: 22 x 32.443 us = 713.76 us (775.489 GFLOPS/s)
MUL_MAT_VEC q6_K m=128000 n=1 k=2048: 1 x 881.68 us = 881.68 us (594.501 GFLOPS/s)
RMS_NORM_MUL RMS_NORM(2048,1,1,1): 61 x 4.326 us = 263.92 us
RMS_NORM_MUL_ROPE RMS_NORM(64,32,1,1): 8 x 3.91 us = 31.28 us
RMS_NORM_MUL_ROPE RMS_NORM(64,8,1,1): 8 x 3.42 us = 27.36 us
SET_ROWS: 16 x 1.997 us = 31.96 us
SSM_CONV: 22 x 2.323 us = 51.12 us
Total time: 7794.72 us.
----------------
Vulkan Timings:
ADD: 22 x 2.305 us = 50.72 us
CONCAT: 22 x 2.298 us = 50.56 us
CPY: 22 x 2.294 us = 50.48 us
FLASH_ATTN_EXT dst(64,32,1,1),  q(64,1,32,1),  k(64,256,8,1),  v(64,256,8,1),  m(256,1,1,1): 8 x 10.645 us = 85.16 us (197.008 GFLOPS/s)
GET_ROWS: 24 x 1.993 us = 47.84 us
GLU: 30 x 2.321 us = 69.64 us
MUL: 44 x 2.43 us = 106.92 us
MUL_MAT f32 m=64 n=32 k=64: 16 x 2.107 us = 33.72 us (123.414 GFLOPS/s)
MUL_MAT_ADD MUL_MAT_VEC q4_0_rocmfp4_fast m=2048 n=1 k=10752: 30 x 53.322 us = 1599.68 us (825.88 GFLOPS/s)
MUL_MAT_ADD MUL_MAT_VEC q4_0_rocmfp4_fast m=2048 n=1 k=2048: 8 x 12.64 us = 101.12 us (663.494 GFLOPS/s)
MUL_MAT_VEC f32 m=64 n=8 k=64: 16 x 2.085 us = 33.36 us (31.1866 GFLOPS/s)
MUL_MAT_VEC q4_0_rocmfp4_fast m=10752 n=1 k=2048: 60 x 51.522 us = 3091.36 us (854.564 GFLOPS/s)
MUL_MAT_VEC q4_0_rocmfp4_fast m=2048 n=1 k=2048: 30 x 13.738 us = 412.16 us (610.435 GFLOPS/s)
MUL_MAT_VEC q4_0_rocmfp4_fast m=512 n=1 k=2048: 16 x 2.567 us = 41.08 us (816.608 GFLOPS/s)
MUL_MAT_VEC q4_0_rocmfp4_fast m=6144 n=1 k=2048: 22 x 32.723 us = 719.92 us (768.853 GFLOPS/s)
MUL_MAT_VEC q6_K m=128000 n=1 k=2048: 1 x 920.56 us = 920.56 us (569.393 GFLOPS/s)
RMS_NORM_MUL RMS_NORM(2048,1,1,1): 61 x 3.826 us = 233.4 us
RMS_NORM_MUL_ROPE RMS_NORM(64,32,1,1): 8 x 3.845 us = 30.76 us
RMS_NORM_MUL_ROPE RMS_NORM(64,8,1,1): 8 x 3.375 us = 27 us
SET_ROWS: 16 x 1.95 us = 31.2 us
SSM_CONV: 22 x 2.309 us = 50.8 us
Total time: 7787.44 us.
----------------
Vulkan Timings:
ADD: 22 x 2.309 us = 50.8 us
CONCAT: 22 x 2.307 us = 50.76 us
CPY: 22 x 2.292 us = 50.44 us
FLASH_ATTN_EXT dst(64,32,1,1),  q(64,1,32,1),  k(64,256,8,1),  v(64,256,8,1),  m(256,1,1,1): 8 x 10.65 us = 85.2 us (196.916 GFLOPS/s)
GET_ROWS: 24 x 1.965 us = 47.16 us
GLU: 30 x 2.314 us = 69.44 us
MUL: 44 x 2.43 us = 106.92 us
MUL_MAT f32 m=64 n=32 k=64: 16 x 2.11 us = 33.76 us (123.268 GFLOPS/s)
MUL_MAT_ADD MUL_MAT_VEC q4_0_rocmfp4_fast m=2048 n=1 k=10752: 30 x 53.077 us = 1592.32 us (829.698 GFLOPS/s)
MUL_MAT_ADD MUL_MAT_VEC q4_0_rocmfp4_fast m=2048 n=1 k=2048: 8 x 12.735 us = 101.88 us (658.544 GFLOPS/s)
MUL_MAT_VEC f32 m=64 n=8 k=64: 16 x 2.097 us = 33.56 us (31.0007 GFLOPS/s)
MUL_MAT_VEC q4_0_rocmfp4_fast m=10752 n=1 k=2048: 60 x 52.01 us = 3120.64 us (846.546 GFLOPS/s)
MUL_MAT_VEC q4_0_rocmfp4_fast m=2048 n=1 k=2048: 30 x 13.804 us = 414.12 us (607.546 GFLOPS/s)
MUL_MAT_VEC q4_0_rocmfp4_fast m=512 n=1 k=2048: 16 x 2.575 us = 41.2 us (814.229 GFLOPS/s)
MUL_MAT_VEC q4_0_rocmfp4_fast m=6144 n=1 k=2048: 22 x 33.14 us = 729.08 us (759.194 GFLOPS/s)
MUL_MAT_VEC q6_K m=128000 n=1 k=2048: 1 x 880.88 us = 880.88 us (595.041 GFLOPS/s)
RMS_NORM_MUL RMS_NORM(2048,1,1,1): 61 x 3.716 us = 226.72 us
RMS_NORM_MUL_ROPE RMS_NORM(64,32,1,1): 8 x 3.92 us = 31.36 us
RMS_NORM_MUL_ROPE RMS_NORM(64,8,1,1): 8 x 3.945 us = 31.56 us
SET_ROWS: 16 x 1.967 us = 31.48 us
SSM_CONV: 22 x 2.294 us = 50.48 us
Total time: 7779.76 us.
----------------
Vulkan Timings:
ADD: 22 x 2.389 us = 52.56 us
CONCAT: 22 x 3.183 us = 70.04 us
CPY: 22 x 2.321 us = 51.08 us
FLASH_ATTN_EXT dst(64,32,1,1),  q(64,1,32,1),  k(64,256,8,1),  v(64,256,8,1),  m(256,1,1,1): 8 x 10.355 us = 82.84 us (202.526 GFLOPS/s)
GET_ROWS: 24 x 3.161 us = 75.88 us
GLU: 30 x 2.358 us = 70.76 us
MUL: 44 x 2.43 us = 106.96 us
MUL_MAT f32 m=64 n=32 k=64: 16 x 2.112 us = 33.8 us (123.122 GFLOPS/s)
MUL_MAT_ADD MUL_MAT_VEC q4_0_rocmfp4_fast m=2048 n=1 k=10752: 30 x 52.47 us = 1574.12 us (839.291 GFLOPS/s)
MUL_MAT_ADD MUL_MAT_VEC q4_0_rocmfp4_fast m=2048 n=1 k=2048: 8 x 12.775 us = 102.2 us (656.482 GFLOPS/s)
MUL_MAT_VEC f32 m=64 n=8 k=64: 16 x 2.085 us = 33.36 us (31.1866 GFLOPS/s)
MUL_MAT_VEC q4_0_rocmfp4_fast m=10752 n=1 k=2048: 60 x 51.319 us = 3079.16 us (857.95 GFLOPS/s)
MUL_MAT_VEC q4_0_rocmfp4_fast m=2048 n=1 k=2048: 30 x 13.805 us = 414.16 us (607.487 GFLOPS/s)
MUL_MAT_VEC q4_0_rocmfp4_fast m=512 n=1 k=2048: 16 x 2.582 us = 41.32 us (811.864 GFLOPS/s)
MUL_MAT_VEC q4_0_rocmfp4_fast m=6144 n=1 k=2048: 22 x 32.547 us = 716.04 us (773.02 GFLOPS/s)
MUL_MAT_VEC q6_K m=128000 n=1 k=2048: 1 x 880 us = 880 us (595.636 GFLOPS/s)
RMS_NORM_MUL RMS_NORM(2048,1,1,1): 61 x 3.746 us = 228.52 us
RMS_NORM_MUL_ROPE RMS_NORM(64,32,1,1): 8 x 3.925 us = 31.4 us
RMS_NORM_MUL_ROPE RMS_NORM(64,8,1,1): 8 x 3.4 us = 27.2 us
SET_ROWS: 16 x 2.11 us = 33.76 us
SSM_CONV: 22 x 2.34 us = 51.48 us
Total time: 7756.64 us.
----------------
Vulkan Timings:
ADD: 22 x 2.361 us = 51.96 us
CONCAT: 22 x 2.354 us = 51.8 us
CPY: 22 x 2.358 us = 51.88 us
FLASH_ATTN_EXT dst(64,32,1,1),  q(64,1,32,1),  k(64,256,8,1),  v(64,256,8,1),  m(256,1,1,1): 8 x 10.61 us = 84.88 us (197.658 GFLOPS/s)
GET_ROWS: 24 x 2.036 us = 48.88 us
GLU: 30 x 2.381 us = 71.44 us
MUL: 44 x 2.496 us = 109.84 us
MUL_MAT f32 m=64 n=32 k=64: 16 x 2.172 us = 34.76 us (119.722 GFLOPS/s)
MUL_MAT_ADD MUL_MAT_VEC q4_0_rocmfp4_fast m=2048 n=1 k=10752: 30 x 52.226 us = 1566.8 us (843.212 GFLOPS/s)
MUL_MAT_ADD MUL_MAT_VEC q4_0_rocmfp4_fast m=2048 n=1 k=2048: 8 x 12.79 us = 102.32 us (655.712 GFLOPS/s)
MUL_MAT_VEC f32 m=64 n=8 k=64: 16 x 2.117 us = 33.88 us (30.7079 GFLOPS/s)
MUL_MAT_VEC q4_0_rocmfp4_fast m=10752 n=1 k=2048: 60 x 50.963 us = 3057.8 us (863.943 GFLOPS/s)
MUL_MAT_VEC q4_0_rocmfp4_fast m=2048 n=1 k=2048: 30 x 13.828 us = 414.84 us (606.491 GFLOPS/s)
MUL_MAT_VEC q4_0_rocmfp4_fast m=512 n=1 k=2048: 16 x 2.602 us = 41.64 us (805.625 GFLOPS/s)
MUL_MAT_VEC q4_0_rocmfp4_fast m=6144 n=1 k=2048: 22 x 31.769 us = 698.92 us (791.955 GFLOPS/s)
MUL_MAT_VEC q6_K m=128000 n=1 k=2048: 1 x 870.52 us = 870.52 us (602.123 GFLOPS/s)
RMS_NORM_MUL RMS_NORM(2048,1,1,1): 61 x 3.738 us = 228.04 us
RMS_NORM_MUL_ROPE RMS_NORM(64,32,1,1): 8 x 3.895 us = 31.16 us
RMS_NORM_MUL_ROPE RMS_NORM(64,8,1,1): 8 x 3.45 us = 27.6 us
SET_ROWS: 16 x 1.982 us = 31.72 us
SSM_CONV: 22 x 2.345 us = 51.6 us
Total time: 7662.28 us.
----------------
Vulkan Timings:
ADD: 22 x 2.432 us = 53.52 us
CONCAT: 22 x 2.441 us = 53.72 us
CPY: 22 x 2.436 us = 53.6 us
FLASH_ATTN_EXT dst(64,32,1,1),  q(64,1,32,1),  k(64,256,8,1),  v(64,256,8,1),  m(256,1,1,1): 8 x 10.96 us = 87.68 us (191.346 GFLOPS/s)
GET_ROWS: 24 x 2.111 us = 50.68 us
GLU: 30 x 2.452 us = 73.56 us
MUL: 44 x 2.557 us = 112.52 us
MUL_MAT f32 m=64 n=32 k=64: 16 x 2.235 us = 35.76 us (116.374 GFLOPS/s)
MUL_MAT_ADD MUL_MAT_VEC q4_0_rocmfp4_fast m=2048 n=1 k=10752: 30 x 53.386 us = 1601.6 us (824.89 GFLOPS/s)
MUL_MAT_ADD MUL_MAT_VEC q4_0_rocmfp4_fast m=2048 n=1 k=2048: 8 x 12.89 us = 103.12 us (650.625 GFLOPS/s)
MUL_MAT_VEC f32 m=64 n=8 k=64: 16 x 2.092 us = 33.48 us (31.0748 GFLOPS/s)
MUL_MAT_VEC q4_0_rocmfp4_fast m=10752 n=1 k=2048: 60 x 51.727 us = 3103.64 us (851.183 GFLOPS/s)
MUL_MAT_VEC q4_0_rocmfp4_fast m=2048 n=1 k=2048: 30 x 13.954 us = 418.64 us (600.986 GFLOPS/s)
MUL_MAT_VEC q4_0_rocmfp4_fast m=512 n=1 k=2048: 16 x 2.642 us = 42.28 us (793.43 GFLOPS/s)
MUL_MAT_VEC q4_0_rocmfp4_fast m=6144 n=1 k=2048: 22 x 33.005 us = 726.12 us (762.289 GFLOPS/s)
MUL_MAT_VEC q6_K m=128000 n=1 k=2048: 1 x 880.28 us = 880.28 us (595.447 GFLOPS/s)
RMS_NORM_MUL RMS_NORM(2048,1,1,1): 61 x 3.924 us = 239.4 us
RMS_NORM_MUL_ROPE RMS_NORM(64,32,1,1): 8 x 4.045 us = 32.36 us
RMS_NORM_MUL_ROPE RMS_NORM(64,8,1,1): 8 x 3.6 us = 28.8 us
SET_ROWS: 16 x 2.205 us = 35.28 us
SSM_CONV: 22 x 2.418 us = 53.2 us
Total time: 7819.24 us.
----------------
Vulkan Timings:
ADD: 22 x 2.37 us = 52.16 us
CONCAT: 22 x 2.352 us = 51.76 us
CPY: 22 x 2.338 us = 51.44 us
FLASH_ATTN_EXT dst(64,32,1,1),  q(64,1,32,1),  k(64,256,8,1),  v(64,256,8,1),  m(256,1,1,1): 8 x 10.505 us = 84.04 us (199.634 GFLOPS/s)
GET_ROWS: 24 x 2.763 us = 66.32 us
GLU: 30 x 2.353 us = 70.6 us
MUL: 44 x 2.478 us = 109.04 us
MUL_MAT f32 m=64 n=32 k=64: 16 x 2.165 us = 34.64 us (120.137 GFLOPS/s)
MUL_MAT_ADD MUL_MAT_VEC q4_0_rocmfp4_fast m=2048 n=1 k=10752: 30 x 52.246 us = 1567.4 us (842.889 GFLOPS/s)
MUL_MAT_ADD MUL_MAT_VEC q4_0_rocmfp4_fast m=2048 n=1 k=2048: 8 x 13.085 us = 104.68 us (640.929 GFLOPS/s)
MUL_MAT_VEC f32 m=64 n=8 k=64: 16 x 2.112 us = 33.8 us (30.7806 GFLOPS/s)
MUL_MAT_VEC q4_0_rocmfp4_fast m=10752 n=1 k=2048: 60 x 51.45 us = 3087.04 us (855.76 GFLOPS/s)
MUL_MAT_VEC q4_0_rocmfp4_fast m=2048 n=1 k=2048: 30 x 13.886 us = 416.6 us (603.929 GFLOPS/s)
MUL_MAT_VEC q4_0_rocmfp4_fast m=512 n=1 k=2048: 16 x 2.59 us = 41.44 us (809.514 GFLOPS/s)
MUL_MAT_VEC q4_0_rocmfp4_fast m=6144 n=1 k=2048: 22 x 31.743 us = 698.36 us (792.59 GFLOPS/s)
MUL_MAT_VEC q6_K m=128000 n=1 k=2048: 1 x 933.76 us = 933.76 us (561.343 GFLOPS/s)
RMS_NORM_MUL RMS_NORM(2048,1,1,1): 61 x 3.695 us = 225.44 us
RMS_NORM_MUL_ROPE RMS_NORM(64,32,1,1): 8 x 3.895 us = 31.16 us
RMS_NORM_MUL_ROPE RMS_NORM(64,8,1,1): 8 x 3.45 us = 27.6 us
SET_ROWS: 16 x 2.037 us = 32.6 us
SSM_CONV: 22 x 2.361 us = 51.96 us
Total time: 7771.84 us.
----------------
Vulkan Timings:
ADD: 22 x 2.341 us = 51.52 us
CONCAT: 22 x 2.354 us = 51.8 us
CPY: 22 x 2.338 us = 51.44 us
FLASH_ATTN_EXT dst(64,32,1,1),  q(64,1,32,1),  k(64,256,8,1),  v(64,256,8,1),  m(256,1,1,1): 8 x 10.475 us = 83.8 us (200.205 GFLOPS/s)
GET_ROWS: 24 x 2.03 us = 48.72 us
GLU: 30 x 2.364 us = 70.92 us
MUL: 44 x 2.473 us = 108.84 us
MUL_MAT f32 m=64 n=32 k=64: 16 x 2.157 us = 34.52 us (120.554 GFLOPS/s)
MUL_MAT_ADD MUL_MAT_VEC q4_0_rocmfp4_fast m=2048 n=1 k=10752: 30 x 53.98 us = 1619.4 us (815.823 GFLOPS/s)
MUL_MAT_ADD MUL_MAT_VEC q4_0_rocmfp4_fast m=2048 n=1 k=2048: 8 x 12.765 us = 102.12 us (656.996 GFLOPS/s)
MUL_MAT_VEC f32 m=64 n=8 k=64: 16 x 2.1 us = 33.6 us (30.9638 GFLOPS/s)
MUL_MAT_VEC q4_0_rocmfp4_fast m=10752 n=1 k=2048: 60 x 51.338 us = 3080.32 us (857.627 GFLOPS/s)
MUL_MAT_VEC q4_0_rocmfp4_fast m=2048 n=1 k=2048: 30 x 13.842 us = 415.28 us (605.849 GFLOPS/s)
MUL_MAT_VEC q4_0_rocmfp4_fast m=512 n=1 k=2048: 16 x 2.565 us = 41.04 us (817.404 GFLOPS/s)
MUL_MAT_VEC q4_0_rocmfp4_fast m=6144 n=1 k=2048: 22 x 31.82 us = 700.04 us (790.688 GFLOPS/s)
MUL_MAT_VEC q6_K m=128000 n=1 k=2048: 1 x 875 us = 875 us (599.04 GFLOPS/s)
RMS_NORM_MUL RMS_NORM(2048,1,1,1): 61 x 3.704 us = 225.96 us
RMS_NORM_MUL_ROPE RMS_NORM(64,32,1,1): 8 x 3.88 us = 31.04 us
RMS_NORM_MUL_ROPE RMS_NORM(64,8,1,1): 8 x 3.445 us = 27.56 us
SET_ROWS: 16 x 2.055 us = 32.88 us
SSM_CONV: 22 x 2.334 us = 51.36 us
Total time: 7737.16 us.
----------------
Vulkan Timings:
ADD: 22 x 2.276 us = 50.08 us
CONCAT: 22 x 3.145 us = 69.2 us
CPY: 22 x 2.347 us = 51.64 us
FLASH_ATTN_EXT dst(64,32,1,1),  q(64,1,32,1),  k(64,256,8,1),  v(64,256,8,1),  m(256,1,1,1): 8 x 10.5 us = 84 us (199.729 GFLOPS/s)
GET_ROWS: 24 x 2.006 us = 48.16 us
GLU: 30 x 2.385 us = 71.56 us
MUL: 44 x 2.59 us = 113.96 us
MUL_MAT f32 m=64 n=32 k=64: 16 x 2.13 us = 34.08 us (122.111 GFLOPS/s)
MUL_MAT_ADD MUL_MAT_VEC q4_0_rocmfp4_fast m=2048 n=1 k=10752: 30 x 53.55 us = 1606.52 us (822.364 GFLOPS/s)
MUL_MAT_ADD MUL_MAT_VEC q4_0_rocmfp4_fast m=2048 n=1 k=2048: 8 x 12.91 us = 103.28 us (649.617 GFLOPS/s)
MUL_MAT_VEC f32 m=64 n=8 k=64: 16 x 2.085 us = 33.36 us (31.1866 GFLOPS/s)
MUL_MAT_VEC q4_0_rocmfp4_fast m=10752 n=1 k=2048: 60 x 51.22 us = 3073.2 us (859.614 GFLOPS/s)
MUL_MAT_VEC q4_0_rocmfp4_fast m=2048 n=1 k=2048: 30 x 13.886 us = 416.6 us (603.929 GFLOPS/s)
MUL_MAT_VEC q4_0_rocmfp4_fast m=512 n=1 k=2048: 16 x 2.587 us = 41.4 us (810.296 GFLOPS/s)
MUL_MAT_VEC q4_0_rocmfp4_fast m=6144 n=1 k=2048: 22 x 32.472 us = 714.4 us (774.794 GFLOPS/s)
MUL_MAT_VEC q6_K m=128000 n=1 k=2048: 1 x 894.96 us = 894.96 us (585.68 GFLOPS/s)
RMS_NORM_MUL RMS_NORM(2048,1,1,1): 61 x 4.076 us = 248.68 us
RMS_NORM_MUL_ROPE RMS_NORM(64,32,1,1): 8 x 3.915 us = 31.32 us
RMS_NORM_MUL_ROPE RMS_NORM(64,8,1,1): 8 x 3.41 us = 27.28 us
SET_ROWS: 16 x 2.11 us = 33.76 us
SSM_CONV: 22 x 2.316 us = 50.96 us
Total time: 7798.4 us.
----------------
Vulkan Timings:
ADD: 22 x 2.365 us = 52.04 us
CONCAT: 22 x 2.381 us = 52.4 us
CPY: 22 x 2.318 us = 51 us
FLASH_ATTN_EXT dst(64,32,1,1),  q(64,1,32,1),  k(64,256,8,1),  v(64,256,8,1),  m(256,1,1,1): 8 x 10.695 us = 85.56 us (196.087 GFLOPS/s)
GET_ROWS: 24 x 2.031 us = 48.76 us
GLU: 30 x 2.381 us = 71.44 us
MUL: 44 x 2.486 us = 109.4 us
MUL_MAT f32 m=64 n=32 k=64: 16 x 2.175 us = 34.8 us (119.584 GFLOPS/s)
MUL_MAT_ADD MUL_MAT_VEC q4_0_rocmfp4_fast m=2048 n=1 k=10752: 30 x 53.75 us = 1612.52 us (819.304 GFLOPS/s)
MUL_MAT_ADD MUL_MAT_VEC q4_0_rocmfp4_fast m=2048 n=1 k=2048: 8 x 12.795 us = 102.36 us (655.456 GFLOPS/s)
MUL_MAT_VEC f32 m=64 n=8 k=64: 16 x 2.12 us = 33.92 us (30.6717 GFLOPS/s)
MUL_MAT_VEC q4_0_rocmfp4_fast m=10752 n=1 k=2048: 60 x 52.168 us = 3130.12 us (843.982 GFLOPS/s)
MUL_MAT_VEC q4_0_rocmfp4_fast m=2048 n=1 k=2048: 30 x 13.866 us = 416 us (604.8 GFLOPS/s)
MUL_MAT_VEC q4_0_rocmfp4_fast m=512 n=1 k=2048: 16 x 2.577 us = 41.24 us (813.439 GFLOPS/s)
MUL_MAT_VEC q4_0_rocmfp4_fast m=6144 n=1 k=2048: 22 x 32.314 us = 710.92 us (778.587 GFLOPS/s)
MUL_MAT_VEC q6_K m=128000 n=1 k=2048: 1 x 877.56 us = 877.56 us (597.292 GFLOPS/s)
RMS_NORM_MUL RMS_NORM(2048,1,1,1): 61 x 3.677 us = 224.32 us
RMS_NORM_MUL_ROPE RMS_NORM(64,32,1,1): 8 x 3.875 us = 31 us
RMS_NORM_MUL_ROPE RMS_NORM(64,8,1,1): 8 x 3.445 us = 27.56 us
SET_ROWS: 16 x 1.952 us = 31.24 us
SSM_CONV: 22 x 3.2 us = 70.4 us
Total time: 7814.56 us.
----------------
Vulkan Timings:
ADD: 22 x 2.33 us = 51.28 us
CONCAT: 22 x 2.365 us = 52.04 us
CPY: 22 x 2.325 us = 51.16 us
FLASH_ATTN_EXT dst(64,32,1,1),  q(64,1,32,1),  k(64,256,8,1),  v(64,256,8,1),  m(256,1,1,1): 8 x 10.705 us = 85.64 us (195.904 GFLOPS/s)
GET_ROWS: 24 x 2.035 us = 48.84 us
GLU: 30 x 2.37 us = 71.12 us
MUL: 44 x 2.47 us = 108.72 us
MUL_MAT f32 m=64 n=32 k=64: 16 x 2.18 us = 34.88 us (119.31 GFLOPS/s)
MUL_MAT_ADD MUL_MAT_VEC q4_0_rocmfp4_fast m=2048 n=1 k=10752: 30 x 54.216 us = 1626.48 us (812.272 GFLOPS/s)
MUL_MAT_ADD MUL_MAT_VEC q4_0_rocmfp4_fast m=2048 n=1 k=2048: 8 x 12.68 us = 101.44 us (661.401 GFLOPS/s)
MUL_MAT_VEC f32 m=64 n=8 k=64: 16 x 2.095 us = 33.52 us (31.0377 GFLOPS/s)
MUL_MAT_VEC q4_0_rocmfp4_fast m=10752 n=1 k=2048: 60 x 52.009 us = 3120.56 us (846.568 GFLOPS/s)
MUL_MAT_VEC q4_0_rocmfp4_fast m=2048 n=1 k=2048: 30 x 13.804 us = 414.12 us (607.546 GFLOPS/s)
MUL_MAT_VEC q4_0_rocmfp4_fast m=512 n=1 k=2048: 16 x 2.595 us = 41.52 us (807.954 GFLOPS/s)
MUL_MAT_VEC q4_0_rocmfp4_fast m=6144 n=1 k=2048: 22 x 33.32 us = 733.04 us (755.092 GFLOPS/s)
MUL_MAT_VEC q6_K m=128000 n=1 k=2048: 1 x 879.32 us = 879.32 us (596.097 GFLOPS/s)
RMS_NORM_MUL RMS_NORM(2048,1,1,1): 61 x 3.716 us = 226.68 us
RMS_NORM_MUL_ROPE RMS_NORM(64,32,1,1): 8 x 3.88 us = 31.04 us
RMS_NORM_MUL_ROPE RMS_NORM(64,8,1,1): 8 x 3.445 us = 27.56 us
SET_ROWS: 16 x 1.937 us = 31 us
SSM_CONV: 22 x 2.334 us = 51.36 us
Total time: 7821.32 us.
----------------
Vulkan Timings:
ADD: 22 x 2.318 us = 51 us
CONCAT: 22 x 2.314 us = 50.92 us
CPY: 22 x 2.296 us = 50.52 us
FLASH_ATTN_EXT dst(64,32,1,1),  q(64,1,32,1),  k(64,256,8,1),  v(64,256,8,1),  m(256,1,1,1): 8 x 10.6 us = 84.8 us (197.845 GFLOPS/s)
GET_ROWS: 24 x 2.015 us = 48.36 us
GLU: 30 x 2.312 us = 69.36 us
MUL: 44 x 2.449 us = 107.76 us
MUL_MAT f32 m=64 n=32 k=64: 16 x 2.11 us = 33.76 us (123.268 GFLOPS/s)
MUL_MAT_ADD MUL_MAT_VEC q4_0_rocmfp4_fast m=2048 n=1 k=10752: 30 x 52.113 us = 1563.4 us (845.046 GFLOPS/s)
MUL_MAT_ADD MUL_MAT_VEC q4_0_rocmfp4_fast m=2048 n=1 k=2048: 8 x 12.73 us = 101.84 us (658.803 GFLOPS/s)
MUL_MAT_VEC f32 m=64 n=8 k=64: 16 x 2.087 us = 33.4 us (31.1492 GFLOPS/s)
MUL_MAT_VEC q4_0_rocmfp4_fast m=10752 n=1 k=2048: 60 x 51.344 us = 3080.68 us (857.527 GFLOPS/s)
MUL_MAT_VEC q4_0_rocmfp4_fast m=2048 n=1 k=2048: 30 x 13.857 us = 415.72 us (605.207 GFLOPS/s)
MUL_MAT_VEC q4_0_rocmfp4_fast m=512 n=1 k=2048: 16 x 2.58 us = 41.28 us (812.651 GFLOPS/s)
MUL_MAT_VEC q4_0_rocmfp4_fast m=6144 n=1 k=2048: 22 x 32.51 us = 715.24 us (773.884 GFLOPS/s)
MUL_MAT_VEC q6_K m=128000 n=1 k=2048: 1 x 927.28 us = 927.28 us (565.266 GFLOPS/s)
RMS_NORM_MUL RMS_NORM(2048,1,1,1): 61 x 3.774 us = 230.24 us
RMS_NORM_MUL_ROPE RMS_NORM(64,32,1,1): 8 x 3.9 us = 31.2 us
RMS_NORM_MUL_ROPE RMS_NORM(64,8,1,1): 8 x 3.4 us = 27.2 us
SET_ROWS: 16 x 1.97 us = 31.52 us
SSM_CONV: 22 x 2.301 us = 50.64 us
Total time: 7746.12 us.
----------------
Vulkan Timings:
ADD: 22 x 2.321 us = 51.08 us
CONCAT: 22 x 2.294 us = 50.48 us
CPY: 22 x 2.318 us = 51 us
FLASH_ATTN_EXT dst(64,32,1,1),  q(64,1,32,1),  k(64,256,8,1),  v(64,256,8,1),  m(256,1,1,1): 8 x 10.605 us = 84.84 us (197.751 GFLOPS/s)
GET_ROWS: 24 x 1.971 us = 47.32 us
GLU: 30 x 2.32 us = 69.6 us
MUL: 44 x 2.443 us = 107.52 us
MUL_MAT f32 m=64 n=32 k=64: 16 x 2.102 us = 33.64 us (123.708 GFLOPS/s)
MUL_MAT_ADD MUL_MAT_VEC q4_0_rocmfp4_fast m=2048 n=1 k=10752: 30 x 51.954 us = 1558.64 us (847.626 GFLOPS/s)
MUL_MAT_ADD MUL_MAT_VEC q4_0_rocmfp4_fast m=2048 n=1 k=2048: 8 x 12.74 us = 101.92 us (658.286 GFLOPS/s)
MUL_MAT_VEC f32 m=64 n=8 k=64: 16 x 2.072 us = 33.16 us (31.3747 GFLOPS/s)
MUL_MAT_VEC q4_0_rocmfp4_fast m=10752 n=1 k=2048: 60 x 50.752 us = 3045.16 us (867.53 GFLOPS/s)
MUL_MAT_VEC q4_0_rocmfp4_fast m=2048 n=1 k=2048: 30 x 13.76 us = 412.8 us (609.488 GFLOPS/s)
MUL_MAT_VEC q4_0_rocmfp4_fast m=512 n=1 k=2048: 16 x 2.602 us = 41.64 us (805.625 GFLOPS/s)
MUL_MAT_VEC q4_0_rocmfp4_fast m=6144 n=1 k=2048: 22 x 31.658 us = 696.48 us (794.729 GFLOPS/s)
MUL_MAT_VEC q6_K m=128000 n=1 k=2048: 1 x 872.48 us = 872.48 us (600.77 GFLOPS/s)
RMS_NORM_MUL RMS_NORM(2048,1,1,1): 61 x 3.712 us = 226.44 us
RMS_NORM_MUL_ROPE RMS_NORM(64,32,1,1): 8 x 3.875 us = 31 us
RMS_NORM_MUL_ROPE RMS_NORM(64,8,1,1): 8 x 3.39 us = 27.12 us
SET_ROWS: 16 x 1.982 us = 31.72 us
SSM_CONV: 22 x 2.298 us = 50.56 us
Total time: 7624.6 us.
----------------
Vulkan Timings:
ADD: 22 x 2.327 us = 51.2 us
CONCAT: 22 x 2.332 us = 51.32 us
CPY: 22 x 2.312 us = 50.88 us
FLASH_ATTN_EXT dst(64,32,1,1),  q(64,1,32,1),  k(64,256,8,1),  v(64,256,8,1),  m(256,1,1,1): 8 x 10.595 us = 84.76 us (197.938 GFLOPS/s)
GET_ROWS: 24 x 1.996 us = 47.92 us
GLU: 30 x 2.342 us = 70.28 us
MUL: 44 x 2.455 us = 108.04 us
MUL_MAT f32 m=64 n=32 k=64: 16 x 2.122 us = 33.96 us (122.542 GFLOPS/s)
MUL_MAT_ADD MUL_MAT_VEC q4_0_rocmfp4_fast m=2048 n=1 k=10752: 30 x 52.677 us = 1580.32 us (835.998 GFLOPS/s)
MUL_MAT_ADD MUL_MAT_VEC q4_0_rocmfp4_fast m=2048 n=1 k=2048: 8 x 12.765 us = 102.12 us (656.996 GFLOPS/s)
MUL_MAT_VEC f32 m=64 n=8 k=64: 16 x 2.105 us = 33.68 us (30.8903 GFLOPS/s)
MUL_MAT_VEC q4_0_rocmfp4_fast m=10752 n=1 k=2048: 60 x 52.382 us = 3142.93 us (840.543 GFLOPS/s)
MUL_MAT_VEC q4_0_rocmfp4_fast m=2048 n=1 k=2048: 30 x 13.858 us = 415.76 us (605.149 GFLOPS/s)
MUL_MAT_VEC q4_0_rocmfp4_fast m=512 n=1 k=2048: 16 x 2.56 us = 40.96 us (819 GFLOPS/s)
MUL_MAT_VEC q4_0_rocmfp4_fast m=6144 n=1 k=2048: 22 x 32.59 us = 717 us (771.985 GFLOPS/s)
MUL_MAT_VEC q6_K m=128000 n=1 k=2048: 1 x 880.28 us = 880.28 us (595.447 GFLOPS/s)
RMS_NORM_MUL RMS_NORM(2048,1,1,1): 61 x 3.842 us = 234.4 us
RMS_NORM_MUL_ROPE RMS_NORM(64,32,1,1): 8 x 3.915 us = 31.32 us
RMS_NORM_MUL_ROPE RMS_NORM(64,8,1,1): 8 x 3.425 us = 27.4 us
SET_ROWS: 16 x 2.065 us = 33.04 us
SSM_CONV: 22 x 2.34 us = 51.48 us
Total time: 7789.05 us.
----------------
Vulkan Timings:
ADD: 22 x 2.47 us = 54.36 us
CONCAT: 22 x 2.472 us = 54.4 us
CPY: 22 x 2.45 us = 53.92 us
FLASH_ATTN_EXT dst(64,32,1,1),  q(64,1,32,1),  k(64,256,8,1),  v(64,256,8,1),  m(256,1,1,1): 8 x 11.74 us = 93.92 us (178.633 GFLOPS/s)
GET_ROWS: 24 x 2.105 us = 50.52 us
GLU: 30 x 2.609 us = 78.28 us
MUL: 44 x 2.658 us = 116.96 us
MUL_MAT f32 m=64 n=32 k=64: 16 x 2.24 us = 35.84 us (116.114 GFLOPS/s)
MUL_MAT_ADD MUL_MAT_VEC q4_0_rocmfp4_fast m=2048 n=1 k=10752: 30 x 53.462 us = 1603.88 us (823.718 GFLOPS/s)
MUL_MAT_ADD MUL_MAT_VEC q4_0_rocmfp4_fast m=2048 n=1 k=2048: 8 x 13.09 us = 104.72 us (640.684 GFLOPS/s)
MUL_MAT_VEC f32 m=64 n=8 k=64: 16 x 1.952 us = 31.24 us (33.3029 GFLOPS/s)
MUL_MAT_VEC q4_0_rocmfp4_fast m=10752 n=1 k=2048: 60 x 54.339 us = 3260.34 us (810.273 GFLOPS/s)
MUL_MAT_VEC q4_0_rocmfp4_fast m=2048 n=1 k=2048: 30 x 14.138 us = 424.16 us (593.165 GFLOPS/s)
MUL_MAT_VEC q4_0_rocmfp4_fast m=512 n=1 k=2048: 16 x 2.797 us = 44.76 us (749.469 GFLOPS/s)
MUL_MAT_VEC q4_0_rocmfp4_fast m=6144 n=1 k=2048: 22 x 33.087 us = 727.92 us (760.404 GFLOPS/s)
MUL_MAT_VEC q6_K m=128000 n=1 k=2048: 1 x 881 us = 881 us (594.96 GFLOPS/s)
RMS_NORM_MUL RMS_NORM(2048,1,1,1): 61 x 4.468 us = 272.56 us
RMS_NORM_MUL_ROPE RMS_NORM(64,32,1,1): 8 x 4.46 us = 35.68 us
RMS_NORM_MUL_ROPE RMS_NORM(64,8,1,1): 8 x 5.6 us = 44.8 us
SET_ROWS: 16 x 2.405 us = 38.48 us
SSM_CONV: 22 x 2.469 us = 54.32 us
Total time: 8062.06 us.
----------------
Vulkan Timings:
ADD: 22 x 2.29 us = 50.4 us
CONCAT: 22 x 2.298 us = 50.56 us
CPY: 22 x 2.289 us = 50.36 us
FLASH_ATTN_EXT dst(64,32,1,1),  q(64,1,32,1),  k(64,256,8,1),  v(64,256,8,1),  m(256,1,1,1): 8 x 10.74 us = 85.92 us (195.266 GFLOPS/s)
GET_ROWS: 24 x 2 us = 48 us
GLU: 30 x 2.317 us = 69.52 us
MUL: 44 x 2.427 us = 106.8 us
MUL_MAT f32 m=64 n=32 k=64: 16 x 2.115 us = 33.84 us (122.977 GFLOPS/s)
MUL_MAT_ADD MUL_MAT_VEC q4_0_rocmfp4_fast m=2048 n=1 k=10752: 30 x 53.717 us = 1611.52 us (819.813 GFLOPS/s)
MUL_MAT_ADD MUL_MAT_VEC q4_0_rocmfp4_fast m=2048 n=1 k=2048: 8 x 12.715 us = 101.72 us (659.58 GFLOPS/s)
MUL_MAT_VEC f32 m=64 n=8 k=64: 16 x 2.072 us = 33.16 us (31.3747 GFLOPS/s)
MUL_MAT_VEC q4_0_rocmfp4_fast m=10752 n=1 k=2048: 60 x 51.467 us = 3088.04 us (855.483 GFLOPS/s)
MUL_MAT_VEC q4_0_rocmfp4_fast m=2048 n=1 k=2048: 30 x 13.752 us = 412.56 us (609.843 GFLOPS/s)
MUL_MAT_VEC q4_0_rocmfp4_fast m=512 n=1 k=2048: 16 x 2.567 us = 41.08 us (816.608 GFLOPS/s)
MUL_MAT_VEC q4_0_rocmfp4_fast m=6144 n=1 k=2048: 22 x 32.138 us = 707.04 us (782.859 GFLOPS/s)
MUL_MAT_VEC q6_K m=128000 n=1 k=2048: 1 x 925.88 us = 925.88 us (566.121 GFLOPS/s)
RMS_NORM_MUL RMS_NORM(2048,1,1,1): 61 x 3.677 us = 224.32 us
RMS_NORM_MUL_ROPE RMS_NORM(64,32,1,1): 8 x 3.905 us = 31.24 us
RMS_NORM_MUL_ROPE RMS_NORM(64,8,1,1): 8 x 3.4 us = 27.2 us
SET_ROWS: 16 x 1.927 us = 30.84 us
SSM_CONV: 22 x 2.29 us = 50.4 us
Total time: 7780.4 us.
----------------
Vulkan Timings:
ADD: 22 x 2.36 us = 51.92 us
CONCAT: 22 x 2.367 us = 52.08 us
CPY: 22 x 2.341 us = 51.52 us
FLASH_ATTN_EXT dst(64,32,1,1),  q(64,1,32,1),  k(64,256,8,1),  v(64,256,8,1),  m(256,1,1,1): 8 x 10.88 us = 87.04 us (192.753 GFLOPS/s)
GET_ROWS: 24 x 2.03 us = 48.72 us
GLU: 30 x 2.369 us = 71.08 us
MUL: 44 x 2.49 us = 109.56 us
MUL_MAT f32 m=64 n=32 k=64: 16 x 2.157 us = 34.52 us (120.554 GFLOPS/s)
MUL_MAT_ADD MUL_MAT_VEC q4_0_rocmfp4_fast m=2048 n=1 k=10752: 30 x 53.434 us = 1603.04 us (824.149 GFLOPS/s)
MUL_MAT_ADD MUL_MAT_VEC q4_0_rocmfp4_fast m=2048 n=1 k=2048: 8 x 12.765 us = 102.12 us (656.996 GFLOPS/s)
MUL_MAT_VEC f32 m=64 n=8 k=64: 16 x 2.047 us = 32.76 us (31.7578 GFLOPS/s)
MUL_MAT_VEC q4_0_rocmfp4_fast m=10752 n=1 k=2048: 60 x 51.742 us = 3104.56 us (850.931 GFLOPS/s)
MUL_MAT_VEC q4_0_rocmfp4_fast m=2048 n=1 k=2048: 30 x 13.901 us = 417.04 us (603.292 GFLOPS/s)
MUL_MAT_VEC q4_0_rocmfp4_fast m=512 n=1 k=2048: 16 x 2.62 us = 41.92 us (800.244 GFLOPS/s)
MUL_MAT_VEC q4_0_rocmfp4_fast m=6144 n=1 k=2048: 22 x 32.367 us = 712.08 us (777.319 GFLOPS/s)
MUL_MAT_VEC q6_K m=128000 n=1 k=2048: 1 x 880.36 us = 880.36 us (595.393 GFLOPS/s)
RMS_NORM_MUL RMS_NORM(2048,1,1,1): 61 x 3.784 us = 230.84 us
RMS_NORM_MUL_ROPE RMS_NORM(64,32,1,1): 8 x 4 us = 32 us
RMS_NORM_MUL_ROPE RMS_NORM(64,8,1,1): 8 x 3.49 us = 27.92 us
SET_ROWS: 16 x 2.067 us = 33.08 us
SSM_CONV: 22 x 2.358 us = 51.88 us
Total time: 7776.04 us.
----------------
Vulkan Timings:
ADD: 22 x 2.776 us = 61.08 us
CONCAT: 22 x 2.772 us = 61 us
CPY: 22 x 2.758 us = 60.68 us
FLASH_ATTN_EXT dst(64,32,1,1),  q(64,1,32,1),  k(64,256,8,1),  v(64,256,8,1),  m(256,1,1,1): 8 x 13.49 us = 107.92 us (155.46 GFLOPS/s)
GET_ROWS: 24 x 2.551 us = 61.24 us
GLU: 30 x 2.766 us = 83 us
MUL: 44 x 2.915 us = 128.28 us
MUL_MAT f32 m=64 n=32 k=64: 16 x 2.735 us = 43.76 us (95.0991 GFLOPS/s)
MUL_MAT_ADD MUL_MAT_VEC q4_0_rocmfp4_fast m=2048 n=1 k=10752: 30 x 55.086 us = 1652.6 us (799.434 GFLOPS/s)
MUL_MAT_ADD MUL_MAT_VEC q4_0_rocmfp4_fast m=2048 n=1 k=2048: 8 x 13.565 us = 108.52 us (618.25 GFLOPS/s)
MUL_MAT_VEC f32 m=64 n=8 k=64: 16 x 2.612 us = 41.8 us (24.8896 GFLOPS/s)
MUL_MAT_VEC q4_0_rocmfp4_fast m=10752 n=1 k=2048: 60 x 52.859 us = 3171.56 us (832.955 GFLOPS/s)
MUL_MAT_VEC q4_0_rocmfp4_fast m=2048 n=1 k=2048: 30 x 14.824 us = 444.72 us (565.742 GFLOPS/s)
MUL_MAT_VEC q4_0_rocmfp4_fast m=512 n=1 k=2048: 16 x 3.352 us = 53.64 us (625.396 GFLOPS/s)
MUL_MAT_VEC q4_0_rocmfp4_fast m=6144 n=1 k=2048: 22 x 33.429 us = 735.44 us (752.628 GFLOPS/s)
MUL_MAT_VEC q6_K m=128000 n=1 k=2048: 1 x 882.6 us = 882.6 us (593.882 GFLOPS/s)
RMS_NORM_MUL RMS_NORM(2048,1,1,1): 61 x 4.776 us = 291.36 us
RMS_NORM_MUL_ROPE RMS_NORM(64,32,1,1): 8 x 6.095 us = 48.76 us
RMS_NORM_MUL_ROPE RMS_NORM(64,8,1,1): 8 x 4.045 us = 32.36 us
SET_ROWS: 16 x 2.507 us = 40.12 us
SSM_CONV: 22 x 2.754 us = 60.6 us
Total time: 8171.04 us.
----------------
Vulkan Timings:
ADD: 22 x 3.069 us = 67.52 us
CONCAT: 22 x 3.487 us = 76.72 us
CPY: 22 x 3.301 us = 72.64 us
FLASH_ATTN_EXT dst(64,32,1,1),  q(64,1,32,1),  k(64,256,8,1),  v(64,256,8,1),  m(256,1,1,1): 8 x 14.685 us = 117.48 us (142.809 GFLOPS/s)
GET_ROWS: 24 x 3.79 us = 90.96 us
GLU: 30 x 3.088 us = 92.64 us
MUL: 44 x 3.302 us = 145.32 us
MUL_MAT f32 m=64 n=32 k=64: 16 x 2.507 us = 40.12 us (103.727 GFLOPS/s)
MUL_MAT_ADD MUL_MAT_VEC q4_0_rocmfp4_fast m=2048 n=1 k=10752: 30 x 56.387 us = 1691.61 us (780.998 GFLOPS/s)
MUL_MAT_ADD MUL_MAT_VEC q4_0_rocmfp4_fast m=2048 n=1 k=2048: 8 x 14.125 us = 113 us (593.739 GFLOPS/s)
MUL_MAT_VEC f32 m=64 n=8 k=64: 16 x 2.475 us = 39.6 us (26.2723 GFLOPS/s)
MUL_MAT_VEC q4_0_rocmfp4_fast m=10752 n=1 k=2048: 60 x 53.24 us = 3194.4 us (826.999 GFLOPS/s)
MUL_MAT_VEC q4_0_rocmfp4_fast m=2048 n=1 k=2048: 30 x 15.5 us = 465 us (541.068 GFLOPS/s)
MUL_MAT_VEC q4_0_rocmfp4_fast m=512 n=1 k=2048: 16 x 4.182 us = 66.92 us (501.289 GFLOPS/s)
MUL_MAT_VEC q4_0_rocmfp4_fast m=6144 n=1 k=2048: 22 x 33.883 us = 745.44 us (742.532 GFLOPS/s)
MUL_MAT_VEC q6_K m=128000 n=1 k=2048: 1 x 882.56 us = 882.56 us (593.909 GFLOPS/s)
RMS_NORM_MUL RMS_NORM(2048,1,1,1): 61 x 5.349 us = 326.32 us
RMS_NORM_MUL_ROPE RMS_NORM(64,32,1,1): 8 x 5.275 us = 42.2 us
RMS_NORM_MUL_ROPE RMS_NORM(64,8,1,1): 8 x 4.5 us = 36 us
SET_ROWS: 16 x 2.647 us = 42.36 us
SSM_CONV: 22 x 3.014 us = 66.32 us
Total time: 8415.13 us.
----------------
Vulkan Timings:
ADD: 22 x 2.678 us = 58.92 us
CONCAT: 22 x 2.712 us = 59.68 us
CPY: 22 x 2.68 us = 58.96 us
FLASH_ATTN_EXT dst(64,32,1,1),  q(64,1,32,1),  k(64,256,8,1),  v(64,256,8,1),  m(256,1,1,1): 8 x 13.365 us = 106.92 us (156.914 GFLOPS/s)
GET_ROWS: 24 x 2.268 us = 54.44 us
GLU: 30 x 2.681 us = 80.44 us
MUL: 44 x 2.845 us = 125.2 us
MUL_MAT f32 m=64 n=32 k=64: 16 x 2.292 us = 36.68 us (113.455 GFLOPS/s)
MUL_MAT_ADD MUL_MAT_VEC q4_0_rocmfp4_fast m=2048 n=1 k=10752: 30 x 55.62 us = 1668.6 us (791.768 GFLOPS/s)
MUL_MAT_ADD MUL_MAT_VEC q4_0_rocmfp4_fast m=2048 n=1 k=2048: 8 x 13.285 us = 106.28 us (631.28 GFLOPS/s)
MUL_MAT_VEC f32 m=64 n=8 k=64: 16 x 2.087 us = 33.4 us (31.1492 GFLOPS/s)
MUL_MAT_VEC q4_0_rocmfp4_fast m=10752 n=1 k=2048: 60 x 52.796 us = 3167.76 us (833.954 GFLOPS/s)
MUL_MAT_VEC q4_0_rocmfp4_fast m=2048 n=1 k=2048: 30 x 14.704 us = 441.12 us (570.359 GFLOPS/s)
MUL_MAT_VEC q4_0_rocmfp4_fast m=512 n=1 k=2048: 16 x 2.942 us = 47.08 us (712.537 GFLOPS/s)
MUL_MAT_VEC q4_0_rocmfp4_fast m=6144 n=1 k=2048: 22 x 33.196 us = 730.32 us (757.905 GFLOPS/s)
MUL_MAT_VEC q6_K m=128000 n=1 k=2048: 1 x 872 us = 872 us (601.101 GFLOPS/s)
RMS_NORM_MUL RMS_NORM(2048,1,1,1): 61 x 4.358 us = 265.88 us
RMS_NORM_MUL_ROPE RMS_NORM(64,32,1,1): 8 x 4.665 us = 37.32 us
RMS_NORM_MUL_ROPE RMS_NORM(64,8,1,1): 8 x 4.06 us = 32.48 us
SET_ROWS: 16 x 2.425 us = 38.8 us
SSM_CONV: 22 x 2.696 us = 59.32 us
Total time: 8081.6 us.
----------------
Vulkan Timings:
ADD: 22 x 2.292 us = 50.44 us
CONCAT: 22 x 2.27 us = 49.96 us
CPY: 22 x 2.341 us = 51.52 us
FLASH_ATTN_EXT dst(64,32,1,1),  q(64,1,32,1),  k(64,256,8,1),  v(64,256,8,1),  m(256,1,1,1): 8 x 10.635 us = 85.08 us (197.193 GFLOPS/s)
GET_ROWS: 24 x 1.995 us = 47.88 us
GLU: 30 x 2.293 us = 68.8 us
MUL: 44 x 2.539 us = 111.72 us
MUL_MAT f32 m=64 n=32 k=64: 16 x 2.115 us = 33.84 us (122.977 GFLOPS/s)
MUL_MAT_ADD MUL_MAT_VEC q4_0_rocmfp4_fast m=2048 n=1 k=10752: 30 x 59.693 us = 1790.8 us (737.74 GFLOPS/s)
MUL_MAT_ADD MUL_MAT_VEC q4_0_rocmfp4_fast m=2048 n=1 k=2048: 8 x 12.725 us = 101.8 us (659.062 GFLOPS/s)
MUL_MAT_VEC f32 m=64 n=8 k=64: 16 x 2.075 us = 33.2 us (31.3369 GFLOPS/s)
MUL_MAT_VEC q4_0_rocmfp4_fast m=10752 n=1 k=2048: 60 x 50.899 us = 3053.96 us (865.03 GFLOPS/s)
MUL_MAT_VEC q4_0_rocmfp4_fast m=2048 n=1 k=2048: 30 x 14.2 us = 426 us (590.603 GFLOPS/s)
MUL_MAT_VEC q4_0_rocmfp4_fast m=512 n=1 k=2048: 16 x 2.567 us = 41.08 us (816.608 GFLOPS/s)
MUL_MAT_VEC q4_0_rocmfp4_fast m=6144 n=1 k=2048: 22 x 31.674 us = 696.84 us (794.319 GFLOPS/s)
MUL_MAT_VEC q6_K m=128000 n=1 k=2048: 1 x 880.24 us = 880.24 us (595.474 GFLOPS/s)
RMS_NORM_MUL RMS_NORM(2048,1,1,1): 61 x 3.811 us = 232.52 us
RMS_NORM_MUL_ROPE RMS_NORM(64,32,1,1): 8 x 3.85 us = 30.8 us
RMS_NORM_MUL_ROPE RMS_NORM(64,8,1,1): 8 x 3.405 us = 27.24 us
SET_ROWS: 16 x 1.947 us = 31.16 us
SSM_CONV: 22 x 2.321 us = 51.08 us
Total time: 7895.96 us.
----------------
Vulkan Timings:
ADD: 22 x 2.441 us = 53.72 us
CONCAT: 22 x 2.32 us = 51.04 us
CPY: 22 x 2.314 us = 50.92 us
FLASH_ATTN_EXT dst(64,32,1,1),  q(64,1,32,1),  k(64,256,8,1),  v(64,256,8,1),  m(256,1,1,1): 8 x 10.68 us = 85.44 us (196.363 GFLOPS/s)
GET_ROWS: 24 x 2 us = 48 us
GLU: 30 x 2.325 us = 69.76 us
MUL: 44 x 2.448 us = 107.72 us
MUL_MAT f32 m=64 n=32 k=64: 16 x 2.14 us = 34.24 us (121.54 GFLOPS/s)
MUL_MAT_ADD MUL_MAT_VEC q4_0_rocmfp4_fast m=2048 n=1 k=10752: 30 x 52.054 us = 1561.64 us (845.998 GFLOPS/s)
MUL_MAT_ADD MUL_MAT_VEC q4_0_rocmfp4_fast m=2048 n=1 k=2048: 8 x 12.68 us = 101.44 us (661.401 GFLOPS/s)
MUL_MAT_VEC f32 m=64 n=8 k=64: 16 x 2.067 us = 33.08 us (31.4505 GFLOPS/s)
MUL_MAT_VEC q4_0_rocmfp4_fast m=10752 n=1 k=2048: 60 x 51.777 us = 3106.64 us (850.361 GFLOPS/s)
MUL_MAT_VEC q4_0_rocmfp4_fast m=2048 n=1 k=2048: 30 x 13.902 us = 417.08 us (603.234 GFLOPS/s)
MUL_MAT_VEC q4_0_rocmfp4_fast m=512 n=1 k=2048: 16 x 2.57 us = 41.12 us (815.813 GFLOPS/s)
MUL_MAT_VEC q4_0_rocmfp4_fast m=6144 n=1 k=2048: 22 x 31.774 us = 699.04 us (791.819 GFLOPS/s)
MUL_MAT_VEC q6_K m=128000 n=1 k=2048: 1 x 872.08 us = 872.08 us (601.046 GFLOPS/s)
RMS_NORM_MUL RMS_NORM(2048,1,1,1): 61 x 3.782 us = 230.76 us
RMS_NORM_MUL_ROPE RMS_NORM(64,32,1,1): 8 x 3.9 us = 31.2 us
RMS_NORM_MUL_ROPE RMS_NORM(64,8,1,1): 8 x 3.44 us = 27.52 us
SET_ROWS: 16 x 1.932 us = 30.92 us
SSM_CONV: 22 x 2.39 us = 52.6 us
Total time: 7705.96 us.
----------------
Vulkan Timings:
ADD: 22 x 2.296 us = 50.52 us
CONCAT: 22 x 2.307 us = 50.76 us
CPY: 22 x 2.285 us = 50.28 us
FLASH_ATTN_EXT dst(64,32,1,1),  q(64,1,32,1),  k(64,256,8,1),  v(64,256,8,1),  m(256,1,1,1): 8 x 10.57 us = 84.56 us (198.406 GFLOPS/s)
GET_ROWS: 24 x 1.998 us = 47.96 us
GLU: 30 x 2.318 us = 69.56 us
MUL: 44 x 2.431 us = 107 us
MUL_MAT f32 m=64 n=32 k=64: 16 x 2.137 us = 34.2 us (121.682 GFLOPS/s)
MUL_MAT_ADD MUL_MAT_VEC q4_0_rocmfp4_fast m=2048 n=1 k=10752: 30 x 52.112 us = 1563.36 us (845.067 GFLOPS/s)
MUL_MAT_ADD MUL_MAT_VEC q4_0_rocmfp4_fast m=2048 n=1 k=2048: 8 x 12.715 us = 101.72 us (659.58 GFLOPS/s)
MUL_MAT_VEC f32 m=64 n=8 k=64: 16 x 2.105 us = 33.68 us (30.8903 GFLOPS/s)
MUL_MAT_VEC q4_0_rocmfp4_fast m=10752 n=1 k=2048: 60 x 50.758 us = 3045.48 us (867.438 GFLOPS/s)
MUL_MAT_VEC q4_0_rocmfp4_fast m=2048 n=1 k=2048: 30 x 13.812 us = 414.36 us (607.194 GFLOPS/s)
MUL_MAT_VEC q4_0_rocmfp4_fast m=512 n=1 k=2048: 16 x 2.567 us = 41.08 us (816.608 GFLOPS/s)
MUL_MAT_VEC q4_0_rocmfp4_fast m=6144 n=1 k=2048: 22 x 31.718 us = 697.8 us (793.226 GFLOPS/s)
MUL_MAT_VEC q6_K m=128000 n=1 k=2048: 1 x 879.92 us = 879.92 us (595.691 GFLOPS/s)
RMS_NORM_MUL RMS_NORM(2048,1,1,1): 61 x 3.867 us = 235.92 us
RMS_NORM_MUL_ROPE RMS_NORM(64,32,1,1): 8 x 3.94 us = 31.52 us
RMS_NORM_MUL_ROPE RMS_NORM(64,8,1,1): 8 x 3.405 us = 27.24 us
SET_ROWS: 16 x 2.067 us = 33.08 us
SSM_CONV: 22 x 2.296 us = 50.52 us
Total time: 7650.52 us.
----------------
Vulkan Timings:
ADD: 22 x 2.301 us = 50.64 us
CONCAT: 22 x 2.327 us = 51.2 us
CPY: 22 x 2.287 us = 50.32 us
FLASH_ATTN_EXT dst(64,32,1,1),  q(64,1,32,1),  k(64,256,8,1),  v(64,256,8,1),  m(256,1,1,1): 8 x 11.31 us = 90.48 us (185.425 GFLOPS/s)
GET_ROWS: 24 x 2.025 us = 48.6 us
GLU: 30 x 2.565 us = 76.96 us
MUL: 44 x 2.467 us = 108.56 us
MUL_MAT f32 m=64 n=32 k=64: 16 x 2.16 us = 34.56 us (120.415 GFLOPS/s)
MUL_MAT_ADD MUL_MAT_VEC q4_0_rocmfp4_fast m=2048 n=1 k=10752: 30 x 52.676 us = 1580.28 us (836.019 GFLOPS/s)
MUL_MAT_ADD MUL_MAT_VEC q4_0_rocmfp4_fast m=2048 n=1 k=2048: 8 x 12.975 us = 103.8 us (646.363 GFLOPS/s)
MUL_MAT_VEC f32 m=64 n=8 k=64: 16 x 2.12 us = 33.92 us (30.6717 GFLOPS/s)
MUL_MAT_VEC q4_0_rocmfp4_fast m=10752 n=1 k=2048: 60 x 51.482 us = 3088.92 us (855.24 GFLOPS/s)
MUL_MAT_VEC q4_0_rocmfp4_fast m=2048 n=1 k=2048: 30 x 13.816 us = 414.48 us (607.018 GFLOPS/s)
MUL_MAT_VEC q4_0_rocmfp4_fast m=512 n=1 k=2048: 16 x 2.607 us = 41.72 us (804.081 GFLOPS/s)
MUL_MAT_VEC q4_0_rocmfp4_fast m=6144 n=1 k=2048: 22 x 33.796 us = 743.52 us (744.449 GFLOPS/s)
MUL_MAT_VEC q6_K m=128000 n=1 k=2048: 1 x 882.12 us = 882.12 us (594.205 GFLOPS/s)
RMS_NORM_MUL RMS_NORM(2048,1,1,1): 61 x 3.744 us = 228.4 us
RMS_NORM_MUL_ROPE RMS_NORM(64,32,1,1): 8 x 3.935 us = 31.48 us
RMS_NORM_MUL_ROPE RMS_NORM(64,8,1,1): 8 x 3.44 us = 27.52 us
SET_ROWS: 16 x 1.97 us = 31.52 us
SSM_CONV: 22 x 2.31 us = 50.84 us
Total time: 7769.84 us.
----------------
Vulkan Timings:
ADD: 22 x 2.296 us = 50.52 us
CONCAT: 22 x 2.31 us = 50.84 us
CPY: 22 x 2.281 us = 50.2 us
FLASH_ATTN_EXT dst(64,32,1,1),  q(64,1,32,1),  k(64,256,8,1),  v(64,256,8,1),  m(256,1,1,1): 8 x 10.675 us = 85.4 us (196.455 GFLOPS/s)
GET_ROWS: 24 x 1.971 us = 47.32 us
GLU: 30 x 2.318 us = 69.56 us
MUL: 44 x 2.424 us = 106.68 us
MUL_MAT f32 m=64 n=32 k=64: 16 x 2.107 us = 33.72 us (123.414 GFLOPS/s)
MUL_MAT_ADD MUL_MAT_VEC q4_0_rocmfp4_fast m=2048 n=1 k=10752: 30 x 52.004 us = 1560.12 us (846.822 GFLOPS/s)
MUL_MAT_ADD MUL_MAT_VEC q4_0_rocmfp4_fast m=2048 n=1 k=2048: 8 x 12.73 us = 101.84 us (658.803 GFLOPS/s)
MUL_MAT_VEC f32 m=64 n=8 k=64: 16 x 2.08 us = 33.28 us (31.2615 GFLOPS/s)
MUL_MAT_VEC q4_0_rocmfp4_fast m=10752 n=1 k=2048: 60 x 51.039 us = 3062.36 us (862.657 GFLOPS/s)
MUL_MAT_VEC q4_0_rocmfp4_fast m=2048 n=1 k=2048: 30 x 13.784 us = 413.52 us (608.427 GFLOPS/s)
MUL_MAT_VEC q4_0_rocmfp4_fast m=512 n=1 k=2048: 16 x 2.552 us = 40.84 us (821.406 GFLOPS/s)
MUL_MAT_VEC q4_0_rocmfp4_fast m=6144 n=1 k=2048: 22 x 31.68 us = 696.96 us (794.182 GFLOPS/s)
MUL_MAT_VEC q6_K m=128000 n=1 k=2048: 1 x 926.32 us = 926.32 us (565.852 GFLOPS/s)
RMS_NORM_MUL RMS_NORM(2048,1,1,1): 61 x 3.715 us = 226.64 us
RMS_NORM_MUL_ROPE RMS_NORM(64,32,1,1): 8 x 3.87 us = 30.96 us
RMS_NORM_MUL_ROPE RMS_NORM(64,8,1,1): 8 x 3.385 us = 27.08 us
SET_ROWS: 16 x 1.932 us = 30.92 us
SSM_CONV: 22 x 2.294 us = 50.48 us
Total time: 7695.56 us.
----------------
Vulkan Timings:
ADD: 22 x 2.309 us = 50.8 us
CONCAT: 22 x 2.32 us = 51.04 us
CPY: 22 x 2.312 us = 50.88 us
FLASH_ATTN_EXT dst(64,32,1,1),  q(64,1,32,1),  k(64,256,8,1),  v(64,256,8,1),  m(256,1,1,1): 8 x 10.61 us = 84.88 us (197.658 GFLOPS/s)
GET_ROWS: 24 x 2 us = 48 us
GLU: 30 x 2.332 us = 69.96 us
MUL: 44 x 2.446 us = 107.64 us
MUL_MAT f32 m=64 n=32 k=64: 16 x 2.122 us = 33.96 us (122.542 GFLOPS/s)
MUL_MAT_ADD MUL_MAT_VEC q4_0_rocmfp4_fast m=2048 n=1 k=10752: 30 x 51.961 us = 1558.84 us (847.518 GFLOPS/s)
MUL_MAT_ADD MUL_MAT_VEC q4_0_rocmfp4_fast m=2048 n=1 k=2048: 8 x 12.81 us = 102.48 us (654.689 GFLOPS/s)
MUL_MAT_VEC f32 m=64 n=8 k=64: 16 x 2.082 us = 33.32 us (31.224 GFLOPS/s)
MUL_MAT_VEC q4_0_rocmfp4_fast m=10752 n=1 k=2048: 60 x 50.831 us = 3049.88 us (866.187 GFLOPS/s)
MUL_MAT_VEC q4_0_rocmfp4_fast m=2048 n=1 k=2048: 30 x 13.828 us = 414.84 us (606.491 GFLOPS/s)
MUL_MAT_VEC q4_0_rocmfp4_fast m=512 n=1 k=2048: 16 x 2.582 us = 41.32 us (811.864 GFLOPS/s)
MUL_MAT_VEC q4_0_rocmfp4_fast m=6144 n=1 k=2048: 22 x 31.732 us = 698.12 us (792.862 GFLOPS/s)
MUL_MAT_VEC q6_K m=128000 n=1 k=2048: 1 x 879.56 us = 879.56 us (595.934 GFLOPS/s)
RMS_NORM_MUL RMS_NORM(2048,1,1,1): 61 x 3.778 us = 230.48 us
RMS_NORM_MUL_ROPE RMS_NORM(64,32,1,1): 8 x 3.835 us = 30.68 us
RMS_NORM_MUL_ROPE RMS_NORM(64,8,1,1): 8 x 3.415 us = 27.32 us
SET_ROWS: 16 x 1.96 us = 31.36 us
SSM_CONV: 22 x 2.31 us = 50.84 us
Total time: 7646.2 us.
----------------
Vulkan Timings:
ADD: 22 x 2.318 us = 51 us
CONCAT: 22 x 2.387 us = 52.52 us
CPY: 22 x 3.35 us = 73.72 us
FLASH_ATTN_EXT dst(64,32,1,1),  q(64,1,32,1),  k(64,256,8,1),  v(64,256,8,1),  m(256,1,1,1): 8 x 10.655 us = 85.24 us (196.823 GFLOPS/s)
GET_ROWS: 24 x 2.773 us = 66.56 us
GLU: 30 x 2.95 us = 88.52 us
MUL: 44 x 2.414 us = 106.24 us
MUL_MAT f32 m=64 n=32 k=64: 16 x 2.112 us = 33.8 us (123.122 GFLOPS/s)
MUL_MAT_ADD MUL_MAT_VEC q4_0_rocmfp4_fast m=2048 n=1 k=10752: 30 x 52.924 us = 1587.72 us (832.102 GFLOPS/s)
MUL_MAT_ADD MUL_MAT_VEC q4_0_rocmfp4_fast m=2048 n=1 k=2048: 8 x 12.82 us = 102.56 us (654.178 GFLOPS/s)
MUL_MAT_VEC f32 m=64 n=8 k=64: 16 x 2.112 us = 33.8 us (30.7806 GFLOPS/s)
MUL_MAT_VEC q4_0_rocmfp4_fast m=10752 n=1 k=2048: 60 x 50.855 us = 3051.32 us (865.778 GFLOPS/s)
MUL_MAT_VEC q4_0_rocmfp4_fast m=2048 n=1 k=2048: 30 x 13.789 us = 413.68 us (608.192 GFLOPS/s)
MUL_MAT_VEC q4_0_rocmfp4_fast m=512 n=1 k=2048: 16 x 2.58 us = 41.28 us (812.651 GFLOPS/s)
MUL_MAT_VEC q4_0_rocmfp4_fast m=6144 n=1 k=2048: 22 x 32.043 us = 704.96 us (785.169 GFLOPS/s)
MUL_MAT_VEC q6_K m=128000 n=1 k=2048: 1 x 879.6 us = 879.6 us (595.907 GFLOPS/s)
RMS_NORM_MUL RMS_NORM(2048,1,1,1): 61 x 4.287 us = 261.52 us
RMS_NORM_MUL_ROPE RMS_NORM(64,32,1,1): 8 x 3.83 us = 30.64 us
RMS_NORM_MUL_ROPE RMS_NORM(64,8,1,1): 8 x 3.38 us = 27.04 us
SET_ROWS: 16 x 1.97 us = 31.52 us
SSM_CONV: 22 x 2.305 us = 50.72 us
Total time: 7773.96 us.
----------------
Vulkan Timings:
ADD: 22 x 2.309 us = 50.8 us
CONCAT: 22 x 2.312 us = 50.88 us
CPY: 22 x 2.298 us = 50.56 us
FLASH_ATTN_EXT dst(64,32,1,1),  q(64,1,32,1),  k(64,256,8,1),  v(64,256,8,1),  m(256,1,1,1): 8 x 10.685 us = 85.48 us (196.271 GFLOPS/s)
GET_ROWS: 24 x 1.976 us = 47.44 us
GLU: 30 x 2.345 us = 70.36 us
MUL: 44 x 2.43 us = 106.96 us
MUL_MAT f32 m=64 n=32 k=64: 16 x 2.125 us = 34 us (122.398 GFLOPS/s)
MUL_MAT_ADD MUL_MAT_VEC q4_0_rocmfp4_fast m=2048 n=1 k=10752: 30 x 52.033 us = 1561 us (846.345 GFLOPS/s)
MUL_MAT_ADD MUL_MAT_VEC q4_0_rocmfp4_fast m=2048 n=1 k=2048: 8 x 12.675 us = 101.4 us (661.662 GFLOPS/s)
MUL_MAT_VEC f32 m=64 n=8 k=64: 16 x 2.08 us = 33.28 us (31.2615 GFLOPS/s)
MUL_MAT_VEC q4_0_rocmfp4_fast m=10752 n=1 k=2048: 60 x 50.632 us = 3037.96 us (869.586 GFLOPS/s)
MUL_MAT_VEC q4_0_rocmfp4_fast m=2048 n=1 k=2048: 30 x 13.752 us = 412.56 us (609.843 GFLOPS/s)
MUL_MAT_VEC q4_0_rocmfp4_fast m=512 n=1 k=2048: 16 x 2.527 us = 40.44 us (829.531 GFLOPS/s)
MUL_MAT_VEC q4_0_rocmfp4_fast m=6144 n=1 k=2048: 22 x 31.665 us = 696.64 us (794.547 GFLOPS/s)
MUL_MAT_VEC q6_K m=128000 n=1 k=2048: 1 x 898.56 us = 898.56 us (583.333 GFLOPS/s)
RMS_NORM_MUL RMS_NORM(2048,1,1,1): 61 x 3.718 us = 226.84 us
RMS_NORM_MUL_ROPE RMS_NORM(64,32,1,1): 8 x 3.885 us = 31.08 us
RMS_NORM_MUL_ROPE RMS_NORM(64,8,1,1): 8 x 3.405 us = 27.24 us
SET_ROWS: 16 x 1.95 us = 31.2 us
SSM_CONV: 22 x 2.294 us = 50.48 us
Total time: 7645.16 us.
----------------
Vulkan Timings:
ADD: 22 x 2.374 us = 52.24 us
CONCAT: 22 x 2.303 us = 50.68 us
CPY: 22 x 2.258 us = 49.68 us
FLASH_ATTN_EXT dst(64,32,1,1),  q(64,1,32,1),  k(64,256,8,1),  v(64,256,8,1),  m(256,1,1,1): 8 x 10.635 us = 85.08 us (197.193 GFLOPS/s)
GET_ROWS: 24 x 1.976 us = 47.44 us
GLU: 30 x 2.29 us = 68.72 us
MUL: 44 x 2.479 us = 109.08 us
MUL_MAT f32 m=64 n=32 k=64: 16 x 2.097 us = 33.56 us (124.003 GFLOPS/s)
MUL_MAT_ADD MUL_MAT_VEC q4_0_rocmfp4_fast m=2048 n=1 k=10752: 30 x 52.332 us = 1569.96 us (841.515 GFLOPS/s)
MUL_MAT_ADD MUL_MAT_VEC q4_0_rocmfp4_fast m=2048 n=1 k=2048: 8 x 12.87 us = 102.96 us (651.636 GFLOPS/s)
MUL_MAT_VEC f32 m=64 n=8 k=64: 16 x 2.097 us = 33.56 us (31.0007 GFLOPS/s)
MUL_MAT_VEC q4_0_rocmfp4_fast m=10752 n=1 k=2048: 60 x 51.066 us = 3063.96 us (862.207 GFLOPS/s)
MUL_MAT_VEC q4_0_rocmfp4_fast m=2048 n=1 k=2048: 30 x 13.805 us = 414.16 us (607.487 GFLOPS/s)
MUL_MAT_VEC q4_0_rocmfp4_fast m=512 n=1 k=2048: 16 x 2.567 us = 41.08 us (816.608 GFLOPS/s)
MUL_MAT_VEC q4_0_rocmfp4_fast m=6144 n=1 k=2048: 22 x 32.427 us = 713.4 us (775.88 GFLOPS/s)
MUL_MAT_VEC q6_K m=128000 n=1 k=2048: 1 x 879.72 us = 879.72 us (595.826 GFLOPS/s)
RMS_NORM_MUL RMS_NORM(2048,1,1,1): 61 x 3.731 us = 227.6 us
RMS_NORM_MUL_ROPE RMS_NORM(64,32,1,1): 8 x 3.865 us = 30.92 us
RMS_NORM_MUL_ROPE RMS_NORM(64,8,1,1): 8 x 3.4 us = 27.2 us
SET_ROWS: 16 x 1.94 us = 31.04 us
SSM_CONV: 22 x 2.336 us = 51.4 us
Total time: 7683.44 us.
----------------
Vulkan Timings:
ADD: 22 x 2.305 us = 50.72 us
CONCAT: 22 x 2.316 us = 50.96 us
CPY: 22 x 2.296 us = 50.52 us
FLASH_ATTN_EXT dst(64,32,1,1),  q(64,1,32,1),  k(64,256,8,1),  v(64,256,8,1),  m(256,1,1,1): 8 x 10.445 us = 83.56 us (200.78 GFLOPS/s)
GET_ROWS: 24 x 2.236 us = 53.68 us
GLU: 30 x 2.326 us = 69.8 us
MUL: 44 x 2.447 us = 107.68 us
MUL_MAT f32 m=64 n=32 k=64: 16 x 2.152 us = 34.44 us (120.834 GFLOPS/s)
MUL_MAT_ADD MUL_MAT_VEC q4_0_rocmfp4_fast m=2048 n=1 k=10752: 30 x 52.044 us = 1561.32 us (846.171 GFLOPS/s)
MUL_MAT_ADD MUL_MAT_VEC q4_0_rocmfp4_fast m=2048 n=1 k=2048: 8 x 12.765 us = 102.12 us (656.996 GFLOPS/s)
MUL_MAT_VEC f32 m=64 n=8 k=64: 16 x 2.075 us = 33.2 us (31.3369 GFLOPS/s)
MUL_MAT_VEC q4_0_rocmfp4_fast m=10752 n=1 k=2048: 60 x 51.594 us = 3095.64 us (853.383 GFLOPS/s)
MUL_MAT_VEC q4_0_rocmfp4_fast m=2048 n=1 k=2048: 30 x 13.814 us = 414.44 us (607.077 GFLOPS/s)
MUL_MAT_VEC q4_0_rocmfp4_fast m=512 n=1 k=2048: 16 x 2.577 us = 41.24 us (813.439 GFLOPS/s)
MUL_MAT_VEC q4_0_rocmfp4_fast m=6144 n=1 k=2048: 22 x 31.669 us = 696.72 us (794.455 GFLOPS/s)
MUL_MAT_VEC q6_K m=128000 n=1 k=2048: 1 x 933 us = 933 us (561.801 GFLOPS/s)
RMS_NORM_MUL RMS_NORM(2048,1,1,1): 61 x 3.794 us = 231.48 us
RMS_NORM_MUL_ROPE RMS_NORM(64,32,1,1): 8 x 3.86 us = 30.88 us
RMS_NORM_MUL_ROPE RMS_NORM(64,8,1,1): 8 x 3.455 us = 27.64 us
SET_ROWS: 16 x 2.07 us = 33.12 us
SSM_CONV: 22 x 2.314 us = 50.92 us
Total time: 7753.08 us.
0.28.548.468 I slot print_timing: id  0 | task 265 | prompt eval time =      91.27 ms /   128 tokens (    0.71 ms per token,  1402.48 tokens per second)
0.28.548.473 I slot print_timing: id  0 | task 265 |        eval time =     666.95 ms /    64 tokens (   10.59 ms per token,    94.46 tokens per second)
0.28.548.473 I slot print_timing: id  0 | task 265 |       total time =     758.21 ms /   192 tokens
0.28.548.474 I slot print_timing: id  0 | task 265 |    graphs reused =        311
0.28.548.499 I slot      release: id  0 | task 265 | stop processing: n_tokens = 191, truncated = 0
0.28.556.174 I slot get_availabl: id  0 | task -1 | selected lowest available slot (compact policy)
0.28.556.226 I slot launch_slot_: id  0 | task 331 | processing task, is_child = 0
0.28.556.228 I slot get_availabl: id  1 | task -1 | selected lowest available slot (compact policy)
0.28.556.238 I slot launch_slot_: id  1 | task 332 | processing task, is_child = 0
----------------
Vulkan Timings:
ADD: 58 x 12.839 us = 744.68 us
CONCAT: 22 x 36.087 us = 793.92 us
CPY: 22 x 3.71 us = 81.64 us
FLASH_ATTN_EXT dst(64,32,64,2),  q(64,64,32,2),  k(64,256,8,2),  v(64,256,8,2),  m(256,64,1,2): 8 x 139.37 us = 1114.96 us (1926.06 GFLOPS/s)
GET_ROWS: 22 x 3.38 us = 74.36 us
GLU: 29 x 54.947 us = 1593.48 us
MUL: 44 x 12.751 us = 561.08 us
MUL_MAT f32 m=64 n=1024 k=64: 16 x 4.7 us = 75.2 us (1770.87 GFLOPS/s)
MUL_MAT f32 m=64 n=4096 k=64: 16 x 7.565 us = 121.04 us (4400.83 GFLOPS/s)
MUL_MAT q4_0_rocmfp4_fast m=10752 n=128 k=2048: 58 x 559.019 us = 32423.1 us (10081.5 GFLOPS/s)
MUL_MAT q4_0_rocmfp4_fast m=2048 n=128 k=10752: 29 x 754.506 us = 21880.7 us (7470.95 GFLOPS/s)
MUL_MAT q4_0_rocmfp4_fast m=2048 n=128 k=2048: 16 x 131.795 us = 2108.72 us (8145.07 GFLOPS/s)
MUL_MAT q4_0_rocmfp4_fast m=2048 n=64 k=2048 batch=2: 22 x 124.86 us = 2746.92 us (8597.47 GFLOPS/s)
MUL_MAT q4_0_rocmfp4_fast m=512 n=128 k=2048: 16 x 86.188 us = 1379.02 us (3113.75 GFLOPS/s)
MUL_MAT q4_0_rocmfp4_fast m=6144 n=64 k=2048 batch=2: 22 x 344.034 us = 7568.75 us (9360.81 GFLOPS/s)
RMS_NORM_MUL RMS_NORM(2048,128,1,1): 59 x 14.103 us = 832.12 us
RMS_NORM_MUL_ROPE RMS_NORM(64,32,128,1): 8 x 137.375 us = 1099 us
RMS_NORM_MUL_ROPE RMS_NORM(64,8,128,1): 8 x 36.115 us = 288.92 us
SCALE: 22 x 4.745 us = 104.4 us
SET_ROWS: 16 x 4.622 us = 73.96 us
SSM_CONV: 22 x 14.043 us = 308.96 us
Total time: 75974.9 us.
----------------
Vulkan Timings:
ADD: 58 x 8.273 us = 479.84 us
CONCAT: 22 x 26.687 us = 587.12 us
CPY: 22 x 3.172 us = 69.8 us
FLASH_ATTN_EXT dst(64,32,60,2),  q(64,60,32,2),  k(64,256,8,2),  v(64,256,8,2),  m(256,60,1,2): 8 x 71.98 us = 575.84 us (3496.22 GFLOPS/s)
GET_ROWS: 22 x 3.169 us = 69.72 us
GLU: 29 x 38.688 us = 1121.96 us
MUL: 44 x 9.746 us = 428.84 us
MUL_MAT f32 m=64 n=3840 k=64: 16 x 5.862 us = 93.8 us (5323.93 GFLOPS/s)
MUL_MAT f32 m=64 n=960 k=64: 16 x 3.882 us = 62.12 us (2009.76 GFLOPS/s)
MUL_MAT q4_0_rocmfp4_fast m=10752 n=120 k=2048: 58 x 446.702 us = 25908.8 us (11827.8 GFLOPS/s)
MUL_MAT q4_0_rocmfp4_fast m=2048 n=120 k=10752: 29 x 610.573 us = 17706.6 us (8655.1 GFLOPS/s)
MUL_MAT q4_0_rocmfp4_fast m=2048 n=120 k=2048: 16 x 109.147 us = 1746.36 us (9220.43 GFLOPS/s)
MUL_MAT q4_0_rocmfp4_fast m=2048 n=60 k=2048 batch=2: 22 x 104.285 us = 2294.28 us (9650.31 GFLOPS/s)
MUL_MAT q4_0_rocmfp4_fast m=512 n=120 k=2048: 16 x 44.775 us = 716.4 us (5619.14 GFLOPS/s)
MUL_MAT q4_0_rocmfp4_fast m=6144 n=60 k=2048 batch=2: 22 x 254.56 us = 5600.32 us (11860.3 GFLOPS/s)
RMS_NORM_MUL RMS_NORM(2048,120,1,1): 59 x 9.892 us = 583.64 us
RMS_NORM_MUL_ROPE RMS_NORM(64,32,120,1): 8 x 111.75 us = 894 us
RMS_NORM_MUL_ROPE RMS_NORM(64,8,120,1): 8 x 29.655 us = 237.24 us
SET_ROWS: 16 x 3.035 us = 48.56 us
SSM_CONV: 22 x 11.183 us = 246.04 us
Total time: 59471.3 us.
0.28.712.271 I slot get_availabl: id  2 | task -1 | selected lowest available slot (compact policy)
0.28.712.308 I slot launch_slot_: id  2 | task 334 | processing task, is_child = 0
0.28.712.311 I slot get_availabl: id  3 | task -1 | selected lowest available slot (compact policy)
0.28.712.326 I slot launch_slot_: id  3 | task 335 | processing task, is_child = 0
----------------
Vulkan Timings:
ADD: 60 x 4.07 us = 244.2 us
CONCAT: 22 x 6.581 us = 144.8 us
CPY: 22 x 3.48 us = 76.56 us
FLASH_ATTN_EXT dst(64,32,4,4),  q(64,4,32,4),  k(64,256,8,4),  v(64,256,8,4),  m(256,4,1,4): 8 x 21.93 us = 175.44 us (1530.07 GFLOPS/s)
GET_ROWS: 24 x 3.363 us = 80.72 us
GLU: 30 x 9.761 us = 292.84 us
MUL: 44 x 2.836 us = 124.8 us
MUL_MAT f32 m=64 n=128 k=64: 16 x 2.707 us = 43.32 us (384.26 GFLOPS/s)
MUL_MAT f32 m=64 n=512 k=64: 16 x 3.267 us = 52.28 us (1273.61 GFLOPS/s)
MUL_MAT q4_0_rocmfp4_fast m=10752 n=16 k=2048: 58 x 272.906 us = 15828.6 us (2581.37 GFLOPS/s)
MUL_MAT q4_0_rocmfp4_fast m=2048 n=16 k=10752: 29 x 689.179 us = 19986.2 us (1022.39 GFLOPS/s)
MUL_MAT q4_0_rocmfp4_fast m=2048 n=16 k=2048: 16 x 116.515 us = 1864.24 us (1151.65 GFLOPS/s)
MUL_MAT q4_0_rocmfp4_fast m=512 n=16 k=2048: 16 x 73.997 us = 1183.96 us (453.343 GFLOPS/s)
MUL_MAT_VEC q4_0_rocmfp4_fast m=10752 n=2 k=2048: 2 x 75.88 us = 151.76 us (1160.5 GFLOPS/s)
MUL_MAT_VEC q4_0_rocmfp4_fast m=2048 n=2 k=10752: 1 x 75.64 us = 75.64 us (1164.41 GFLOPS/s)
MUL_MAT_VEC q4_0_rocmfp4_fast m=2048 n=4 k=2048 batch=4: 22 x 206.685 us = 4547.08 us (649.223 GFLOPS/s)
MUL_MAT_VEC q4_0_rocmfp4_fast m=6144 n=4 k=2048 batch=4: 22 x 519.032 us = 11418.7 us (775.587 GFLOPS/s)
MUL_MAT_VEC q6_K m=128000 n=2 k=2048: 1 x 1326.4 us = 1326.4 us (790.35 GFLOPS/s)
RMS_NORM_MUL RMS_NORM(2048,16,1,1): 59 x 6.916 us = 408.08 us
RMS_NORM_MUL RMS_NORM(2048,2,1,1): 2 x 7.08 us = 14.16 us
RMS_NORM_MUL_ROPE RMS_NORM(64,32,16,1): 8 x 25.55 us = 204.4 us
RMS_NORM_MUL_ROPE RMS_NORM(64,8,16,1): 8 x 8.075 us = 64.6 us
SCALE: 22 x 4.314 us = 94.92 us
SET_ROWS: 16 x 3.892 us = 62.28 us
SSM_CONV: 22 x 5.85 us = 128.72 us
Total time: 58594.7 us.
----------------
Vulkan Timings:
ADD: 58 x 11.065 us = 641.8 us
CONCAT: 22 x 29.77 us = 654.96 us
CPY: 22 x 3.114 us = 68.52 us
FLASH_ATTN_EXT dst(64,32,64,2),  q(64,64,32,2),  k(64,256,8,2),  v(64,256,8,2),  m(256,64,1,2): 8 x 122.61 us = 980.88 us (2189.34 GFLOPS/s)
GET_ROWS: 22 x 3.325 us = 73.16 us
GLU: 29 x 42.045 us = 1219.32 us
MUL: 44 x 11.127 us = 489.6 us
MUL_MAT f32 m=64 n=1024 k=64: 16 x 4.642 us = 74.28 us (1792.8 GFLOPS/s)
MUL_MAT f32 m=64 n=4096 k=64: 16 x 6.137 us = 98.2 us (5424.41 GFLOPS/s)
MUL_MAT q4_0_rocmfp4_fast m=10752 n=128 k=2048: 58 x 469.402 us = 27225.4 us (12006.3 GFLOPS/s)
MUL_MAT q4_0_rocmfp4_fast m=2048 n=128 k=10752: 29 x 618.619 us = 17940 us (9112.04 GFLOPS/s)
MUL_MAT q4_0_rocmfp4_fast m=2048 n=128 k=2048: 16 x 121.047 us = 1936.76 us (8868.25 GFLOPS/s)
MUL_MAT q4_0_rocmfp4_fast m=2048 n=64 k=2048 batch=2: 22 x 108.216 us = 2380.76 us (9919.75 GFLOPS/s)
MUL_MAT q4_0_rocmfp4_fast m=512 n=128 k=2048: 16 x 46.415 us = 742.64 us (5781.97 GFLOPS/s)
MUL_MAT q4_0_rocmfp4_fast m=6144 n=64 k=2048 batch=2: 22 x 265.681 us = 5844.99 us (12121.4 GFLOPS/s)
RMS_NORM_MUL RMS_NORM(2048,128,1,1): 59 x 11.556 us = 681.84 us
RMS_NORM_MUL_ROPE RMS_NORM(64,32,128,1): 8 x 120.11 us = 960.88 us
RMS_NORM_MUL_ROPE RMS_NORM(64,8,128,1): 8 x 31.88 us = 255.04 us
SET_ROWS: 16 x 3.32 us = 53.12 us
SSM_CONV: 22 x 11.674 us = 256.84 us
Total time: 62578.9 us.
----------------
Vulkan Timings:
ADD: 58 x 8.167 us = 473.72 us
CONCAT: 22 x 23.101 us = 508.24 us
CPY: 22 x 3.083 us = 67.84 us
FLASH_ATTN_EXT dst(64,32,56,2),  q(64,56,32,2),  k(64,256,8,2),  v(64,256,8,2),  m(256,56,1,2): 8 x 68.535 us = 548.28 us (3427.17 GFLOPS/s)
GET_ROWS: 22 x 3.556 us = 78.24 us
GLU: 29 x 35.317 us = 1024.2 us
MUL: 44 x 10.216 us = 449.52 us
MUL_MAT f32 m=64 n=3584 k=64: 16 x 5.562 us = 89 us (5236.99 GFLOPS/s)
MUL_MAT f32 m=64 n=896 k=64: 16 x 3.922 us = 62.76 us (1856.64 GFLOPS/s)
MUL_MAT q4_0_rocmfp4_fast m=10752 n=112 k=2048: 58 x 447.74 us = 25968.9 us (11013.8 GFLOPS/s)
MUL_MAT q4_0_rocmfp4_fast m=2048 n=112 k=10752: 29 x 598.139 us = 17346 us (8246.03 GFLOPS/s)
MUL_MAT q4_0_rocmfp4_fast m=2048 n=112 k=2048: 16 x 105.71 us = 1691.36 us (8885.58 GFLOPS/s)
MUL_MAT q4_0_rocmfp4_fast m=2048 n=56 k=2048 batch=2: 22 x 102.592 us = 2257.04 us (9155.57 GFLOPS/s)
MUL_MAT q4_0_rocmfp4_fast m=512 n=112 k=2048: 16 x 47.462 us = 759.4 us (4947.56 GFLOPS/s)
MUL_MAT q4_0_rocmfp4_fast m=6144 n=56 k=2048 batch=2: 22 x 257.834 us = 5672.36 us (10929 GFLOPS/s)
RMS_NORM_MUL RMS_NORM(2048,112,1,1): 59 x 9.43 us = 556.4 us
RMS_NORM_MUL_ROPE RMS_NORM(64,32,112,1): 8 x 99.37 us = 794.96 us
RMS_NORM_MUL_ROPE RMS_NORM(64,8,112,1): 8 x 26.555 us = 212.44 us
SET_ROWS: 16 x 2.795 us = 44.72 us
SSM_CONV: 22 x 10.634 us = 233.96 us
Total time: 58839.4 us.
----------------
Vulkan Timings:
ADD: 60 x 3.41 us = 204.6 us
CONCAT: 22 x 5.41 us = 119.04 us
CPY: 22 x 5.152 us = 113.36 us
FLASH_ATTN_EXT dst(64,32,1,4),  q(64,1,32,4),  k(64,256,8,4),  v(64,256,8,4),  m(256,1,1,4): 8 x 38.8 us = 310.4 us (216.201 GFLOPS/s)
GET_ROWS: 24 x 5.196 us = 124.72 us
GLU: 30 x 7.377 us = 221.32 us
MUL: 44 x 4.56 us = 200.68 us
MUL_MAT f32 m=64 n=128 k=64: 16 x 5.182 us = 82.92 us (200.749 GFLOPS/s)
MUL_MAT f32 m=64 n=32 k=64: 16 x 4.265 us = 68.24 us (60.9838 GFLOPS/s)
MUL_MAT_VEC q4_0_rocmfp4_fast m=10752 n=2 k=2048: 2 x 52.56 us = 105.12 us (1675.4 GFLOPS/s)
MUL_MAT_VEC q4_0_rocmfp4_fast m=10752 n=4 k=2048: 58 x 151.109 us = 8764.36 us (1165.5 GFLOPS/s)
MUL_MAT_VEC q4_0_rocmfp4_fast m=2048 n=1 k=2048 batch=4: 22 x 78.914 us = 1736.12 us (425.096 GFLOPS/s)
MUL_MAT_VEC q4_0_rocmfp4_fast m=2048 n=2 k=10752: 1 x 55.84 us = 55.84 us (1577.3 GFLOPS/s)
MUL_MAT_VEC q4_0_rocmfp4_fast m=2048 n=4 k=10752: 29 x 154.27 us = 4473.84 us (1141.84 GFLOPS/s)
MUL_MAT_VEC q4_0_rocmfp4_fast m=2048 n=4 k=2048: 16 x 41.847 us = 669.56 us (801.631 GFLOPS/s)
MUL_MAT_VEC q4_0_rocmfp4_fast m=512 n=4 k=2048: 16 x 12.1 us = 193.6 us (693.104 GFLOPS/s)
MUL_MAT_VEC q4_0_rocmfp4_fast m=6144 n=1 k=2048 batch=4: 22 x 188.692 us = 4151.24 us (533.347 GFLOPS/s)
MUL_MAT_VEC q6_K m=128000 n=2 k=2048: 1 x 903.12 us = 903.12 us (1160.78 GFLOPS/s)
RMS_NORM_MUL RMS_NORM(2048,2,1,1): 2 x 4.58 us = 9.16 us
RMS_NORM_MUL RMS_NORM(2048,4,1,1): 59 x 9.863 us = 581.92 us
RMS_NORM_MUL_ROPE RMS_NORM(64,32,4,1): 8 x 15.105 us = 120.84 us
RMS_NORM_MUL_ROPE RMS_NORM(64,8,4,1): 8 x 7.125 us = 57 us
SET_ROWS: 16 x 5.675 us = 90.8 us
SSM_CONV: 22 x 8.045 us = 177 us
Total time: 23534.8 us.
----------------
Vulkan Timings:
ADD: 60 x 2.595 us = 155.72 us
CONCAT: 22 x 4.041 us = 88.92 us
CPY: 22 x 5.445 us = 119.8 us
FLASH_ATTN_EXT dst(64,32,3,2),  q(64,3,32,2),  k(64,256,8,2),  v(64,256,8,2),  m(256,3,1,2): 8 x 24.815 us = 198.52 us (507.069 GFLOPS/s)
GET_ROWS: 24 x 5.336 us = 128.08 us
GLU: 30 x 6.526 us = 195.8 us
MUL: 44 x 4.641 us = 204.24 us
MUL_MAT f32 m=64 n=192 k=64: 16 x 4.1 us = 65.6 us (380.628 GFLOPS/s)
MUL_MAT f32 m=64 n=48 k=64: 16 x 3.43 us = 54.88 us (113.745 GFLOPS/s)
MUL_MAT_VEC q4_0_rocmfp4_fast m=10752 n=2 k=2048: 2 x 52.44 us = 104.88 us (1679.23 GFLOPS/s)
MUL_MAT_VEC q4_0_rocmfp4_fast m=10752 n=6 k=2048: 58 x 147.435 us = 8551.28 us (1791.81 GFLOPS/s)
MUL_MAT_VEC q4_0_rocmfp4_fast m=2048 n=2 k=10752: 1 x 53.2 us = 53.2 us (1655.57 GFLOPS/s)
MUL_MAT_VEC q4_0_rocmfp4_fast m=2048 n=3 k=2048 batch=2: 22 x 127.447 us = 2803.84 us (394.825 GFLOPS/s)
MUL_MAT_VEC q4_0_rocmfp4_fast m=2048 n=6 k=10752: 29 x 135.437 us = 3927.68 us (1950.93 GFLOPS/s)
MUL_MAT_VEC q4_0_rocmfp4_fast m=2048 n=6 k=2048: 16 x 37.162 us = 594.6 us (1354.04 GFLOPS/s)
MUL_MAT_VEC q4_0_rocmfp4_fast m=512 n=6 k=2048: 16 x 9.71 us = 155.36 us (1295.56 GFLOPS/s)
MUL_MAT_VEC q4_0_rocmfp4_fast m=6144 n=3 k=2048 batch=2: 22 x 361.318 us = 7949 us (417.798 GFLOPS/s)
MUL_MAT_VEC q6_K m=128000 n=2 k=2048: 1 x 896.96 us = 896.96 us (1168.75 GFLOPS/s)
RMS_NORM_MUL RMS_NORM(2048,2,1,1): 2 x 4.14 us = 8.28 us
RMS_NORM_MUL RMS_NORM(2048,6,1,1): 59 x 7.532 us = 444.4 us
RMS_NORM_MUL_ROPE RMS_NORM(64,32,6,1): 8 x 16.165 us = 129.32 us
RMS_NORM_MUL_ROPE RMS_NORM(64,8,6,1): 8 x 5.4 us = 43.2 us
SET_ROWS: 16 x 4.082 us = 65.32 us
SSM_CONV: 22 x 5.43 us = 119.48 us
Total time: 27058.4 us.
----------------
Vulkan Timings:
ADD: 60 x 2.449 us = 146.96 us
CONCAT: 22 x 3.156 us = 69.44 us
CPY: 22 x 1.761 us = 38.76 us
FLASH_ATTN_EXT dst(64,32,1,4),  q(64,1,32,4),  k(64,256,8,4),  v(64,256,8,4),  m(256,1,1,4): 8 x 20.455 us = 163.64 us (410.101 GFLOPS/s)
GET_ROWS: 24 x 3.005 us = 72.12 us
GLU: 30 x 6.197 us = 185.92 us
MUL: 44 x 3.074 us = 135.28 us
MUL_MAT f32 m=64 n=128 k=64: 16 x 2.485 us = 39.76 us (418.666 GFLOPS/s)
MUL_MAT f32 m=64 n=32 k=64: 16 x 2.412 us = 38.6 us (107.812 GFLOPS/s)
MUL_MAT_VEC q4_0_rocmfp4_fast m=10752 n=4 k=2048: 60 x 82.384 us = 4943.08 us (2137.75 GFLOPS/s)
MUL_MAT_VEC q4_0_rocmfp4_fast m=2048 n=1 k=2048 batch=4: 22 x 39.581 us = 870.8 us (847.516 GFLOPS/s)
MUL_MAT_VEC q4_0_rocmfp4_fast m=2048 n=4 k=10752: 30 x 81.428 us = 2442.84 us (2163.29 GFLOPS/s)
MUL_MAT_VEC q4_0_rocmfp4_fast m=2048 n=4 k=2048: 16 x 22.262 us = 356.2 us (1506.85 GFLOPS/s)
MUL_MAT_VEC q4_0_rocmfp4_fast m=512 n=4 k=2048: 16 x 6.277 us = 100.44 us (1335.97 GFLOPS/s)
MUL_MAT_VEC q4_0_rocmfp4_fast m=6144 n=1 k=2048 batch=4: 22 x 107.167 us = 2357.68 us (939.081 GFLOPS/s)
MUL_MAT_VEC q6_K m=128000 n=4 k=2048: 1 x 1071.88 us = 1071.88 us (1956.04 GFLOPS/s)
RMS_NORM_MUL RMS_NORM(2048,4,1,1): 61 x 5.826 us = 355.44 us
RMS_NORM_MUL_ROPE RMS_NORM(64,32,4,1): 8 x 10.47 us = 83.76 us
RMS_NORM_MUL_ROPE RMS_NORM(64,8,4,1): 8 x 4.56 us = 36.48 us
SET_ROWS: 16 x 2.82 us = 45.12 us
SSM_CONV: 22 x 6.823 us = 150.12 us
Total time: 13704.3 us.
----------------
Vulkan Timings:
ADD: 60 x 1.773 us = 106.4 us
CONCAT: 22 x 2.301 us = 50.64 us
CPY: 22 x 1.701 us = 37.44 us
FLASH_ATTN_EXT dst(64,32,1,4),  q(64,1,32,4),  k(64,256,8,4),  v(64,256,8,4),  m(256,1,1,4): 8 x 14.79 us = 118.32 us (567.181 GFLOPS/s)
GET_ROWS: 24 x 2.281 us = 54.76 us
GLU: 30 x 4.504 us = 135.12 us
MUL: 44 x 2.466 us = 108.52 us
MUL_MAT f32 m=64 n=128 k=64: 16 x 2.087 us = 33.4 us (498.388 GFLOPS/s)
MUL_MAT f32 m=64 n=32 k=64: 16 x 2.06 us = 32.96 us (126.26 GFLOPS/s)
MUL_MAT_VEC q4_0_rocmfp4_fast m=10752 n=4 k=2048: 60 x 60.101 us = 3606.08 us (2930.35 GFLOPS/s)
MUL_MAT_VEC q4_0_rocmfp4_fast m=2048 n=1 k=2048 batch=4: 22 x 28.612 us = 629.48 us (1172.42 GFLOPS/s)
MUL_MAT_VEC q4_0_rocmfp4_fast m=2048 n=4 k=10752: 30 x 60.09 us = 1802.72 us (2931.45 GFLOPS/s)
MUL_MAT_VEC q4_0_rocmfp4_fast m=2048 n=4 k=2048: 16 x 18.422 us = 294.76 us (1820.94 GFLOPS/s)
MUL_MAT_VEC q4_0_rocmfp4_fast m=512 n=4 k=2048: 16 x 3.557 us = 56.92 us (2357.43 GFLOPS/s)
MUL_MAT_VEC q4_0_rocmfp4_fast m=6144 n=1 k=2048 batch=4: 22 x 80.096 us = 1762.12 us (1256.47 GFLOPS/s)
MUL_MAT_VEC q6_K m=128000 n=4 k=2048: 1 x 1061.96 us = 1061.96 us (1974.31 GFLOPS/s)
RMS_NORM_MUL RMS_NORM(2048,4,1,1): 61 x 4.356 us = 265.76 us
RMS_NORM_MUL_ROPE RMS_NORM(64,32,4,1): 8 x 8.235 us = 65.88 us
RMS_NORM_MUL_ROPE RMS_NORM(64,8,4,1): 8 x 3.4 us = 27.2 us
SET_ROWS: 16 x 2.145 us = 34.32 us
SSM_CONV: 22 x 6.4 us = 140.8 us
Total time: 10425.6 us.
----------------
Vulkan Timings:
ADD: 60 x 1.782 us = 106.96 us
CONCAT: 22 x 2.332 us = 51.32 us
CPY: 22 x 1.61 us = 35.44 us
FLASH_ATTN_EXT dst(64,32,1,4),  q(64,1,32,4),  k(64,256,8,4),  v(64,256,8,4),  m(256,1,1,4): 8 x 15.005 us = 120.04 us (559.054 GFLOPS/s)
GET_ROWS: 24 x 2.23 us = 53.52 us
GLU: 30 x 5.261 us = 157.84 us
MUL: 44 x 2.458 us = 108.16 us
MUL_MAT f32 m=64 n=128 k=64: 16 x 2.107 us = 33.72 us (493.658 GFLOPS/s)
MUL_MAT f32 m=64 n=32 k=64: 16 x 2.085 us = 33.36 us (124.746 GFLOPS/s)
MUL_MAT_VEC q4_0_rocmfp4_fast m=10752 n=4 k=2048: 60 x 59.82 us = 3589.24 us (2944.1 GFLOPS/s)
MUL_MAT_VEC q4_0_rocmfp4_fast m=2048 n=1 k=2048 batch=4: 22 x 28.578 us = 628.72 us (1173.84 GFLOPS/s)
MUL_MAT_VEC q4_0_rocmfp4_fast m=2048 n=4 k=10752: 30 x 60.117 us = 1803.52 us (2930.15 GFLOPS/s)
MUL_MAT_VEC q4_0_rocmfp4_fast m=2048 n=4 k=2048: 16 x 18.465 us = 295.44 us (1816.75 GFLOPS/s)
MUL_MAT_VEC q4_0_rocmfp4_fast m=512 n=4 k=2048: 16 x 3.567 us = 57.08 us (2350.82 GFLOPS/s)
MUL_MAT_VEC q4_0_rocmfp4_fast m=6144 n=1 k=2048 batch=4: 22 x 79.274 us = 1744.04 us (1269.5 GFLOPS/s)
MUL_MAT_VEC q6_K m=128000 n=4 k=2048: 1 x 1138.8 us = 1138.8 us (1841.1 GFLOPS/s)
RMS_NORM_MUL RMS_NORM(2048,4,1,1): 61 x 4.492 us = 274.04 us
RMS_NORM_MUL_ROPE RMS_NORM(64,32,4,1): 8 x 8.335 us = 66.68 us
RMS_NORM_MUL_ROPE RMS_NORM(64,8,4,1): 8 x 3.385 us = 27.08 us
SET_ROWS: 16 x 2.097 us = 33.56 us
SSM_CONV: 22 x 4.258 us = 93.68 us
Total time: 10452.2 us.
----------------
Vulkan Timings:
ADD: 60 x 2.038 us = 122.28 us
CONCAT: 22 x 2.327 us = 51.2 us
CPY: 22 x 1.545 us = 34 us
FLASH_ATTN_EXT dst(64,32,1,4),  q(64,1,32,4),  k(64,256,8,4),  v(64,256,8,4),  m(256,1,1,4): 8 x 15.1 us = 120.8 us (555.537 GFLOPS/s)
GET_ROWS: 24 x 2.215 us = 53.16 us
GLU: 30 x 4.525 us = 135.76 us
MUL: 44 x 2.438 us = 107.28 us
MUL_MAT f32 m=64 n=128 k=64: 16 x 2.08 us = 33.28 us (500.185 GFLOPS/s)
MUL_MAT f32 m=64 n=32 k=64: 16 x 2.075 us = 33.2 us (125.347 GFLOPS/s)
MUL_MAT_VEC q4_0_rocmfp4_fast m=10752 n=4 k=2048: 60 x 59.542 us = 3572.56 us (2957.84 GFLOPS/s)
MUL_MAT_VEC q4_0_rocmfp4_fast m=2048 n=1 k=2048 batch=4: 22 x 28.576 us = 628.68 us (1173.92 GFLOPS/s)
MUL_MAT_VEC q4_0_rocmfp4_fast m=2048 n=4 k=10752: 30 x 60.494 us = 1814.84 us (2911.87 GFLOPS/s)
MUL_MAT_VEC q4_0_rocmfp4_fast m=2048 n=4 k=2048: 16 x 18.34 us = 293.44 us (1829.13 GFLOPS/s)
MUL_MAT_VEC q4_0_rocmfp4_fast m=512 n=4 k=2048: 16 x 3.59 us = 57.44 us (2336.09 GFLOPS/s)
MUL_MAT_VEC q4_0_rocmfp4_fast m=6144 n=1 k=2048 batch=4: 22 x 78.9 us = 1735.8 us (1275.52 GFLOPS/s)
MUL_MAT_VEC q6_K m=128000 n=4 k=2048: 1 x 1094.12 us = 1094.12 us (1916.28 GFLOPS/s)
RMS_NORM_MUL RMS_NORM(2048,4,1,1): 61 x 4.514 us = 275.36 us
RMS_NORM_MUL_ROPE RMS_NORM(64,32,4,1): 8 x 8.17 us = 65.36 us
RMS_NORM_MUL_ROPE RMS_NORM(64,8,4,1): 8 x 3.39 us = 27.12 us
SET_ROWS: 16 x 2.017 us = 32.28 us
SSM_CONV: 22 x 4.265 us = 93.84 us
Total time: 10381.8 us.
----------------
Vulkan Timings:
ADD: 60 x 1.794 us = 107.64 us
CONCAT: 22 x 2.338 us = 51.44 us
CPY: 22 x 1.578 us = 34.72 us
FLASH_ATTN_EXT dst(64,32,1,4),  q(64,1,32,4),  k(64,256,8,4),  v(64,256,8,4),  m(256,1,1,4): 8 x 15.165 us = 121.32 us (553.156 GFLOPS/s)
GET_ROWS: 24 x 2.24 us = 53.76 us
GLU: 30 x 4.55 us = 136.52 us
MUL: 44 x 2.465 us = 108.48 us
MUL_MAT f32 m=64 n=128 k=64: 16 x 2.115 us = 33.84 us (491.907 GFLOPS/s)
MUL_MAT f32 m=64 n=32 k=64: 16 x 2.087 us = 33.4 us (124.597 GFLOPS/s)
MUL_MAT_VEC q4_0_rocmfp4_fast m=10752 n=4 k=2048: 60 x 59.369 us = 3562.16 us (2966.48 GFLOPS/s)
MUL_MAT_VEC q4_0_rocmfp4_fast m=2048 n=1 k=2048 batch=4: 22 x 28.596 us = 629.12 us (1173.09 GFLOPS/s)
MUL_MAT_VEC q4_0_rocmfp4_fast m=2048 n=4 k=10752: 30 x 60.096 us = 1802.88 us (2931.19 GFLOPS/s)
MUL_MAT_VEC q4_0_rocmfp4_fast m=2048 n=4 k=2048: 16 x 18.415 us = 294.64 us (1821.68 GFLOPS/s)
MUL_MAT_VEC q4_0_rocmfp4_fast m=512 n=4 k=2048: 16 x 3.54 us = 56.64 us (2369.08 GFLOPS/s)
MUL_MAT_VEC q4_0_rocmfp4_fast m=6144 n=1 k=2048 batch=4: 22 x 78.858 us = 1734.88 us (1276.2 GFLOPS/s)
MUL_MAT_VEC q6_K m=128000 n=4 k=2048: 1 x 1108.96 us = 1108.96 us (1890.64 GFLOPS/s)
RMS_NORM_MUL RMS_NORM(2048,4,1,1): 61 x 4.353 us = 265.56 us
RMS_NORM_MUL_ROPE RMS_NORM(64,32,4,1): 8 x 8.295 us = 66.36 us
RMS_NORM_MUL_ROPE RMS_NORM(64,8,4,1): 8 x 3.42 us = 27.36 us
SET_ROWS: 16 x 2.042 us = 32.68 us
SSM_CONV: 22 x 4.287 us = 94.32 us
Total time: 10356.7 us.
----------------
Vulkan Timings:
ADD: 60 x 1.775 us = 106.52 us
CONCAT: 22 x 2.332 us = 51.32 us
CPY: 22 x 1.578 us = 34.72 us
FLASH_ATTN_EXT dst(64,32,1,4),  q(64,1,32,4),  k(64,256,8,4),  v(64,256,8,4),  m(256,1,1,4): 8 x 14.785 us = 118.28 us (567.373 GFLOPS/s)
GET_ROWS: 24 x 2.253 us = 54.08 us
GLU: 30 x 4.498 us = 134.96 us
MUL: 44 x 2.447 us = 107.68 us
MUL_MAT f32 m=64 n=128 k=64: 16 x 2.095 us = 33.52 us (496.603 GFLOPS/s)
MUL_MAT f32 m=64 n=32 k=64: 16 x 2.097 us = 33.56 us (124.003 GFLOPS/s)
MUL_MAT_VEC q4_0_rocmfp4_fast m=10752 n=4 k=2048: 60 x 60.264 us = 3615.88 us (2922.4 GFLOPS/s)
MUL_MAT_VEC q4_0_rocmfp4_fast m=2048 n=1 k=2048 batch=4: 22 x 29.101 us = 640.24 us (1152.72 GFLOPS/s)
MUL_MAT_VEC q4_0_rocmfp4_fast m=2048 n=4 k=10752: 30 x 61.066 us = 1832 us (2884.59 GFLOPS/s)
MUL_MAT_VEC q4_0_rocmfp4_fast m=2048 n=4 k=2048: 16 x 18.387 us = 294.2 us (1824.4 GFLOPS/s)
MUL_MAT_VEC q4_0_rocmfp4_fast m=512 n=4 k=2048: 16 x 3.522 us = 56.36 us (2380.85 GFLOPS/s)
MUL_MAT_VEC q4_0_rocmfp4_fast m=6144 n=1 k=2048 batch=4: 22 x 78.892 us = 1735.64 us (1275.64 GFLOPS/s)
MUL_MAT_VEC q6_K m=128000 n=4 k=2048: 1 x 1067.24 us = 1067.24 us (1964.54 GFLOPS/s)
RMS_NORM_MUL RMS_NORM(2048,4,1,1): 61 x 4.479 us = 273.24 us
RMS_NORM_MUL_ROPE RMS_NORM(64,32,4,1): 8 x 8.185 us = 65.48 us
RMS_NORM_MUL_ROPE RMS_NORM(64,8,4,1): 8 x 3.445 us = 27.56 us
SET_ROWS: 16 x 2.232 us = 35.72 us
SSM_CONV: 22 x 4.258 us = 93.68 us
Total time: 10411.9 us.
----------------
Vulkan Timings:
ADD: 60 x 1.858 us = 111.52 us
CONCAT: 22 x 2.458 us = 54.08 us
CPY: 22 x 1.632 us = 35.92 us
FLASH_ATTN_EXT dst(64,32,1,4),  q(64,1,32,4),  k(64,256,8,4),  v(64,256,8,4),  m(256,1,1,4): 8 x 15.38 us = 123.04 us (545.423 GFLOPS/s)
GET_ROWS: 24 x 2.313 us = 55.52 us
GLU: 30 x 4.696 us = 140.88 us
MUL: 44 x 2.57 us = 113.08 us
MUL_MAT f32 m=64 n=128 k=64: 16 x 2.172 us = 34.76 us (478.888 GFLOPS/s)
MUL_MAT f32 m=64 n=32 k=64: 16 x 2.007 us = 32.12 us (129.562 GFLOPS/s)
MUL_MAT_VEC q4_0_rocmfp4_fast m=10752 n=4 k=2048: 60 x 63.426 us = 3805.61 us (2776.71 GFLOPS/s)
MUL_MAT_VEC q4_0_rocmfp4_fast m=2048 n=1 k=2048 batch=4: 22 x 30.769 us = 676.92 us (1090.26 GFLOPS/s)
MUL_MAT_VEC q4_0_rocmfp4_fast m=2048 n=4 k=10752: 30 x 63.559 us = 1906.78 us (2771.47 GFLOPS/s)
MUL_MAT_VEC q4_0_rocmfp4_fast m=2048 n=4 k=2048: 16 x 18.827 us = 301.24 us (1781.77 GFLOPS/s)
MUL_MAT_VEC q4_0_rocmfp4_fast m=512 n=4 k=2048: 16 x 3.675 us = 58.8 us (2282.06 GFLOPS/s)
MUL_MAT_VEC q4_0_rocmfp4_fast m=6144 n=1 k=2048 batch=4: 22 x 81.956 us = 1803.04 us (1227.95 GFLOPS/s)
MUL_MAT_VEC q6_K m=128000 n=4 k=2048: 1 x 1061.88 us = 1061.88 us (1974.46 GFLOPS/s)
RMS_NORM_MUL RMS_NORM(2048,4,1,1): 61 x 4.552 us = 277.72 us
RMS_NORM_MUL_ROPE RMS_NORM(64,32,4,1): 8 x 8.45 us = 67.6 us
RMS_NORM_MUL_ROPE RMS_NORM(64,8,4,1): 8 x 3.54 us = 28.32 us
SET_ROWS: 16 x 2.4 us = 38.4 us
SSM_CONV: 22 x 4.51 us = 99.24 us
Total time: 10826.5 us.
----------------
Vulkan Timings:
ADD: 60 x 2.604 us = 156.28 us
CONCAT: 22 x 3.12 us = 68.64 us
CPY: 22 x 2.35 us = 51.72 us
FLASH_ATTN_EXT dst(64,32,1,4),  q(64,1,32,4),  k(64,256,8,4),  v(64,256,8,4),  m(256,1,1,4): 8 x 23.24 us = 185.92 us (360.956 GFLOPS/s)
GET_ROWS: 24 x 3.743 us = 89.84 us
GLU: 30 x 5.928 us = 177.84 us
MUL: 44 x 3.64 us = 160.2 us
MUL_MAT f32 m=64 n=128 k=64: 16 x 2.692 us = 43.08 us (386.401 GFLOPS/s)
MUL_MAT f32 m=64 n=32 k=64: 16 x 2.775 us = 44.4 us (93.7283 GFLOPS/s)
MUL_MAT_VEC q4_0_rocmfp4_fast m=10752 n=4 k=2048: 60 x 92.434 us = 5546.04 us (1905.34 GFLOPS/s)
MUL_MAT_VEC q4_0_rocmfp4_fast m=2048 n=1 k=2048 batch=4: 22 x 44.167 us = 971.68 us (759.527 GFLOPS/s)
MUL_MAT_VEC q4_0_rocmfp4_fast m=2048 n=4 k=10752: 30 x 90.428 us = 2712.84 us (1947.99 GFLOPS/s)
MUL_MAT_VEC q4_0_rocmfp4_fast m=2048 n=4 k=2048: 16 x 25.637 us = 410.2 us (1308.48 GFLOPS/s)
MUL_MAT_VEC q4_0_rocmfp4_fast m=512 n=4 k=2048: 16 x 5.805 us = 92.88 us (1444.71 GFLOPS/s)
MUL_MAT_VEC q4_0_rocmfp4_fast m=6144 n=1 k=2048 batch=4: 22 x 118.978 us = 2617.52 us (845.859 GFLOPS/s)
MUL_MAT_VEC q6_K m=128000 n=4 k=2048: 1 x 1060.36 us = 1060.36 us (1977.29 GFLOPS/s)
RMS_NORM_MUL RMS_NORM(2048,4,1,1): 61 x 6.379 us = 389.12 us
RMS_NORM_MUL_ROPE RMS_NORM(64,32,4,1): 8 x 11.74 us = 93.92 us
RMS_NORM_MUL_ROPE RMS_NORM(64,8,4,1): 8 x 4.93 us = 39.44 us
SET_ROWS: 16 x 2.995 us = 47.92 us
SSM_CONV: 22 x 6.552 us = 144.16 us
Total time: 15104 us.
----------------
Vulkan Timings:
ADD: 60 x 2.123 us = 127.4 us
CONCAT: 22 x 3.845 us = 84.6 us
CPY: 22 x 1.678 us = 36.92 us
FLASH_ATTN_EXT dst(64,32,1,4),  q(64,1,32,4),  k(64,256,8,4),  v(64,256,8,4),  m(256,1,1,4): 8 x 18.555 us = 148.44 us (452.094 GFLOPS/s)
GET_ROWS: 24 x 2.603 us = 62.48 us
GLU: 30 x 5.504 us = 165.12 us
MUL: 44 x 2.908 us = 127.96 us
MUL_MAT f32 m=64 n=128 k=64: 16 x 2.307 us = 36.92 us (450.871 GFLOPS/s)
MUL_MAT f32 m=64 n=32 k=64: 16 x 2.502 us = 40.04 us (103.934 GFLOPS/s)
MUL_MAT_VEC q4_0_rocmfp4_fast m=10752 n=4 k=2048: 60 x 72.214 us = 4332.84 us (2438.83 GFLOPS/s)
MUL_MAT_VEC q4_0_rocmfp4_fast m=2048 n=1 k=2048 batch=4: 22 x 34.314 us = 754.92 us (977.61 GFLOPS/s)
MUL_MAT_VEC q4_0_rocmfp4_fast m=2048 n=4 k=10752: 30 x 70.744 us = 2122.32 us (2490 GFLOPS/s)
MUL_MAT_VEC q4_0_rocmfp4_fast m=2048 n=4 k=2048: 16 x 21.422 us = 342.76 us (1565.93 GFLOPS/s)
MUL_MAT_VEC q4_0_rocmfp4_fast m=512 n=4 k=2048: 16 x 4.627 us = 74.04 us (1812.33 GFLOPS/s)
MUL_MAT_VEC q4_0_rocmfp4_fast m=6144 n=1 k=2048 batch=4: 22 x 96.36 us = 2119.92 us (1044.4 GFLOPS/s)
MUL_MAT_VEC q6_K m=128000 n=4 k=2048: 1 x 1073.24 us = 1073.24 us (1953.56 GFLOPS/s)
RMS_NORM_MUL RMS_NORM(2048,4,1,1): 61 x 5.326 us = 324.92 us
RMS_NORM_MUL_ROPE RMS_NORM(64,32,4,1): 8 x 9.81 us = 78.48 us
RMS_NORM_MUL_ROPE RMS_NORM(64,8,4,1): 8 x 4.22 us = 33.76 us
SET_ROWS: 16 x 2.437 us = 39 us
SSM_CONV: 22 x 5.22 us = 114.84 us
Total time: 12240.9 us.
----------------
Vulkan Timings:
ADD: 60 x 1.855 us = 111.32 us
CONCAT: 22 x 2.401 us = 52.84 us
CPY: 22 x 1.63 us = 35.88 us
FLASH_ATTN_EXT dst(64,32,1,4),  q(64,1,32,4),  k(64,256,8,4),  v(64,256,8,4),  m(256,1,1,4): 8 x 15.085 us = 120.68 us (556.089 GFLOPS/s)
GET_ROWS: 24 x 2.31 us = 55.44 us
GLU: 30 x 4.888 us = 146.64 us
MUL: 44 x 2.497 us = 109.88 us
MUL_MAT f32 m=64 n=128 k=64: 16 x 2.152 us = 34.44 us (483.338 GFLOPS/s)
MUL_MAT f32 m=64 n=32 k=64: 16 x 2.125 us = 34 us (122.398 GFLOPS/s)
MUL_MAT_VEC q4_0_rocmfp4_fast m=10752 n=4 k=2048: 60 x 60.644 us = 3638.68 us (2904.09 GFLOPS/s)
MUL_MAT_VEC q4_0_rocmfp4_fast m=2048 n=1 k=2048 batch=4: 22 x 29.24 us = 643.28 us (1147.27 GFLOPS/s)
MUL_MAT_VEC q4_0_rocmfp4_fast m=2048 n=4 k=10752: 30 x 61.329 us = 1839.88 us (2872.24 GFLOPS/s)
MUL_MAT_VEC q4_0_rocmfp4_fast m=2048 n=4 k=2048: 16 x 18.467 us = 295.48 us (1816.5 GFLOPS/s)
MUL_MAT_VEC q4_0_rocmfp4_fast m=512 n=4 k=2048: 16 x 3.545 us = 56.72 us (2365.74 GFLOPS/s)
MUL_MAT_VEC q4_0_rocmfp4_fast m=6144 n=1 k=2048 batch=4: 22 x 79.692 us = 1753.24 us (1262.83 GFLOPS/s)
MUL_MAT_VEC q6_K m=128000 n=4 k=2048: 1 x 1057.12 us = 1057.12 us (1983.35 GFLOPS/s)
RMS_NORM_MUL RMS_NORM(2048,4,1,1): 61 x 4.367 us = 266.44 us
RMS_NORM_MUL_ROPE RMS_NORM(64,32,4,1): 8 x 8.34 us = 66.72 us
RMS_NORM_MUL_ROPE RMS_NORM(64,8,4,1): 8 x 3.46 us = 27.68 us
SET_ROWS: 16 x 2.135 us = 34.16 us
SSM_CONV: 22 x 4.34 us = 95.48 us
Total time: 10476 us.
----------------
Vulkan Timings:
ADD: 60 x 1.795 us = 107.72 us
CONCAT: 22 x 2.35 us = 51.72 us
CPY: 22 x 1.569 us = 34.52 us
FLASH_ATTN_EXT dst(64,32,1,4),  q(64,1,32,4),  k(64,256,8,4),  v(64,256,8,4),  m(256,1,1,4): 8 x 14.96 us = 119.68 us (560.736 GFLOPS/s)
GET_ROWS: 24 x 2.441 us = 58.6 us
GLU: 30 x 4.452 us = 133.56 us
MUL: 44 x 2.454 us = 108 us
MUL_MAT f32 m=64 n=128 k=64: 16 x 2.097 us = 33.56 us (496.011 GFLOPS/s)
MUL_MAT f32 m=64 n=32 k=64: 16 x 2.097 us = 33.56 us (124.003 GFLOPS/s)
MUL_MAT_VEC q4_0_rocmfp4_fast m=10752 n=4 k=2048: 60 x 60.314 us = 3618.84 us (2920.01 GFLOPS/s)
MUL_MAT_VEC q4_0_rocmfp4_fast m=2048 n=1 k=2048 batch=4: 22 x 28.647 us = 630.24 us (1171.01 GFLOPS/s)
MUL_MAT_VEC q4_0_rocmfp4_fast m=2048 n=4 k=10752: 30 x 61.26 us = 1837.8 us (2875.49 GFLOPS/s)
MUL_MAT_VEC q4_0_rocmfp4_fast m=2048 n=4 k=2048: 16 x 18.485 us = 295.76 us (1814.78 GFLOPS/s)
MUL_MAT_VEC q4_0_rocmfp4_fast m=512 n=4 k=2048: 16 x 3.545 us = 56.72 us (2365.74 GFLOPS/s)
MUL_MAT_VEC q4_0_rocmfp4_fast m=6144 n=1 k=2048 batch=4: 22 x 79.594 us = 1751.08 us (1264.39 GFLOPS/s)
MUL_MAT_VEC q6_K m=128000 n=4 k=2048: 1 x 1064.32 us = 1064.32 us (1969.93 GFLOPS/s)
RMS_NORM_MUL RMS_NORM(2048,4,1,1): 61 x 4.477 us = 273.12 us
RMS_NORM_MUL_ROPE RMS_NORM(64,32,4,1): 8 x 8.27 us = 66.16 us
RMS_NORM_MUL_ROPE RMS_NORM(64,8,4,1): 8 x 3.445 us = 27.56 us
SET_ROWS: 16 x 2.162 us = 34.6 us
SSM_CONV: 22 x 4.292 us = 94.44 us
Total time: 10431.6 us.
----------------
Vulkan Timings:
ADD: 60 x 1.844 us = 110.64 us
CONCAT: 22 x 2.423 us = 53.32 us
CPY: 22 x 1.581 us = 34.8 us
FLASH_ATTN_EXT dst(64,32,1,4),  q(64,1,32,4),  k(64,256,8,4),  v(64,256,8,4),  m(256,1,1,4): 8 x 15.615 us = 124.92 us (537.215 GFLOPS/s)
GET_ROWS: 24 x 2.288 us = 54.92 us
GLU: 30 x 4.689 us = 140.68 us
MUL: 44 x 2.532 us = 111.44 us
MUL_MAT f32 m=64 n=128 k=64: 16 x 2.155 us = 34.48 us (482.777 GFLOPS/s)
MUL_MAT f32 m=64 n=32 k=64: 16 x 2 us = 32 us (130.048 GFLOPS/s)
MUL_MAT_VEC q4_0_rocmfp4_fast m=10752 n=4 k=2048: 60 x 61.486 us = 3689.2 us (2864.32 GFLOPS/s)
MUL_MAT_VEC q4_0_rocmfp4_fast m=2048 n=1 k=2048 batch=4: 22 x 31.33 us = 689.28 us (1070.71 GFLOPS/s)
MUL_MAT_VEC q4_0_rocmfp4_fast m=2048 n=4 k=10752: 30 x 61.404 us = 1842.12 us (2868.75 GFLOPS/s)
MUL_MAT_VEC q4_0_rocmfp4_fast m=2048 n=4 k=2048: 16 x 19.002 us = 304.04 us (1765.36 GFLOPS/s)
MUL_MAT_VEC q4_0_rocmfp4_fast m=512 n=4 k=2048: 16 x 3.642 us = 58.28 us (2302.42 GFLOPS/s)
MUL_MAT_VEC q4_0_rocmfp4_fast m=6144 n=1 k=2048 batch=4: 22 x 83.116 us = 1828.56 us (1210.82 GFLOPS/s)
MUL_MAT_VEC q6_K m=128000 n=4 k=2048: 1 x 1068.28 us = 1068.28 us (1962.63 GFLOPS/s)
RMS_NORM_MUL RMS_NORM(2048,4,1,1): 61 x 4.505 us = 274.84 us
RMS_NORM_MUL_ROPE RMS_NORM(64,32,4,1): 8 x 8.57 us = 68.56 us
RMS_NORM_MUL_ROPE RMS_NORM(64,8,4,1): 8 x 3.54 us = 28.32 us
SET_ROWS: 16 x 2.292 us = 36.68 us
SSM_CONV: 22 x 4.489 us = 98.76 us
Total time: 10684.1 us.
----------------
Vulkan Timings:
ADD: 60 x 2.308 us = 138.52 us
CONCAT: 22 x 3.121 us = 68.68 us
CPY: 22 x 1.76 us = 38.72 us
FLASH_ATTN_EXT dst(64,32,1,4),  q(64,1,32,4),  k(64,256,8,4),  v(64,256,8,4),  m(256,1,1,4): 8 x 19.7 us = 157.6 us (425.818 GFLOPS/s)
GET_ROWS: 24 x 2.808 us = 67.4 us
GLU: 30 x 5.494 us = 164.84 us
MUL: 44 x 3.24 us = 142.6 us
MUL_MAT f32 m=64 n=128 k=64: 16 x 2.47 us = 39.52 us (421.208 GFLOPS/s)
MUL_MAT f32 m=64 n=32 k=64: 16 x 2.562 us = 41 us (101.501 GFLOPS/s)
MUL_MAT_VEC q4_0_rocmfp4_fast m=10752 n=4 k=2048: 60 x 81.456 us = 4887.4 us (2162.1 GFLOPS/s)
MUL_MAT_VEC q4_0_rocmfp4_fast m=2048 n=1 k=2048 batch=4: 22 x 39.123 us = 860.72 us (857.442 GFLOPS/s)
MUL_MAT_VEC q4_0_rocmfp4_fast m=2048 n=4 k=10752: 30 x 79.54 us = 2386.2 us (2214.64 GFLOPS/s)
MUL_MAT_VEC q4_0_rocmfp4_fast m=2048 n=4 k=2048: 16 x 22.002 us = 352.04 us (1524.66 GFLOPS/s)
MUL_MAT_VEC q4_0_rocmfp4_fast m=512 n=4 k=2048: 16 x 5.8 us = 92.8 us (1445.96 GFLOPS/s)
MUL_MAT_VEC q4_0_rocmfp4_fast m=6144 n=1 k=2048 batch=4: 22 x 105.054 us = 2311.2 us (957.966 GFLOPS/s)
MUL_MAT_VEC q6_K m=128000 n=4 k=2048: 1 x 1064.36 us = 1064.36 us (1969.86 GFLOPS/s)
RMS_NORM_MUL RMS_NORM(2048,4,1,1): 61 x 5.834 us = 355.92 us
RMS_NORM_MUL_ROPE RMS_NORM(64,32,4,1): 8 x 10.25 us = 82 us
RMS_NORM_MUL_ROPE RMS_NORM(64,8,4,1): 8 x 4.42 us = 35.36 us
SET_ROWS: 16 x 2.627 us = 42.04 us
SSM_CONV: 22 x 5.776 us = 127.08 us
Total time: 13456 us.
----------------
Vulkan Timings:
ADD: 60 x 1.838 us = 110.28 us
CONCAT: 22 x 2.39 us = 52.6 us
CPY: 22 x 1.634 us = 35.96 us
FLASH_ATTN_EXT dst(64,32,1,4),  q(64,1,32,4),  k(64,256,8,4),  v(64,256,8,4),  m(256,1,1,4): 8 x 14.91 us = 119.28 us (562.616 GFLOPS/s)
GET_ROWS: 24 x 2.283 us = 54.8 us
GLU: 30 x 4.53 us = 135.92 us
MUL: 44 x 2.503 us = 110.16 us
MUL_MAT f32 m=64 n=128 k=64: 16 x 2.147 us = 34.36 us (484.463 GFLOPS/s)
MUL_MAT f32 m=64 n=32 k=64: 16 x 2.072 us = 33.16 us (125.499 GFLOPS/s)
MUL_MAT_VEC q4_0_rocmfp4_fast m=10752 n=4 k=2048: 60 x 59.771 us = 3586.28 us (2946.53 GFLOPS/s)
MUL_MAT_VEC q4_0_rocmfp4_fast m=2048 n=1 k=2048 batch=4: 22 x 29.654 us = 652.4 us (1131.23 GFLOPS/s)
MUL_MAT_VEC q4_0_rocmfp4_fast m=2048 n=4 k=10752: 30 x 61.878 us = 1856.36 us (2846.74 GFLOPS/s)
MUL_MAT_VEC q4_0_rocmfp4_fast m=2048 n=4 k=2048: 16 x 18.607 us = 297.72 us (1802.83 GFLOPS/s)
MUL_MAT_VEC q4_0_rocmfp4_fast m=512 n=4 k=2048: 16 x 3.575 us = 57.2 us (2345.89 GFLOPS/s)
MUL_MAT_VEC q4_0_rocmfp4_fast m=6144 n=1 k=2048 batch=4: 22 x 79.976 us = 1759.48 us (1258.36 GFLOPS/s)
MUL_MAT_VEC q6_K m=128000 n=4 k=2048: 1 x 1124.04 us = 1124.04 us (1865.27 GFLOPS/s)
RMS_NORM_MUL RMS_NORM(2048,4,1,1): 61 x 4.336 us = 264.52 us
RMS_NORM_MUL_ROPE RMS_NORM(64,32,4,1): 8 x 8.17 us = 65.36 us
RMS_NORM_MUL_ROPE RMS_NORM(64,8,4,1): 8 x 3.42 us = 27.36 us
SET_ROWS: 16 x 2.15 us = 34.4 us
SSM_CONV: 22 x 4.296 us = 94.52 us
Total time: 10506.2 us.
----------------
Vulkan Timings:
ADD: 60 x 1.884 us = 113.04 us
CONCAT: 22 x 2.378 us = 52.32 us
CPY: 22 x 1.618 us = 35.6 us
FLASH_ATTN_EXT dst(64,32,1,4),  q(64,1,32,4),  k(64,256,8,4),  v(64,256,8,4),  m(256,1,1,4): 8 x 15.025 us = 120.2 us (558.31 GFLOPS/s)
GET_ROWS: 24 x 2.4 us = 57.6 us
GLU: 30 x 4.54 us = 136.2 us
MUL: 44 x 2.498 us = 109.92 us
MUL_MAT f32 m=64 n=128 k=64: 16 x 2.14 us = 34.24 us (486.161 GFLOPS/s)
MUL_MAT f32 m=64 n=32 k=64: 16 x 2.115 us = 33.84 us (122.977 GFLOPS/s)
MUL_MAT_VEC q4_0_rocmfp4_fast m=10752 n=4 k=2048: 60 x 60.368 us = 3622.08 us (2917.4 GFLOPS/s)
MUL_MAT_VEC q4_0_rocmfp4_fast m=2048 n=1 k=2048 batch=4: 22 x 30.076 us = 661.68 us (1115.37 GFLOPS/s)
MUL_MAT_VEC q4_0_rocmfp4_fast m=2048 n=4 k=10752: 30 x 62.162 us = 1864.88 us (2833.74 GFLOPS/s)
MUL_MAT_VEC q4_0_rocmfp4_fast m=2048 n=4 k=2048: 16 x 18.54 us = 296.64 us (1809.4 GFLOPS/s)
MUL_MAT_VEC q4_0_rocmfp4_fast m=512 n=4 k=2048: 16 x 3.562 us = 57 us (2354.12 GFLOPS/s)
MUL_MAT_VEC q4_0_rocmfp4_fast m=6144 n=1 k=2048 batch=4: 22 x 81.39 us = 1790.6 us (1236.49 GFLOPS/s)
MUL_MAT_VEC q6_K m=128000 n=4 k=2048: 1 x 1055.32 us = 1055.32 us (1986.73 GFLOPS/s)
RMS_NORM_MUL RMS_NORM(2048,4,1,1): 61 x 4.369 us = 266.56 us
RMS_NORM_MUL_ROPE RMS_NORM(64,32,4,1): 8 x 8.28 us = 66.24 us
RMS_NORM_MUL_ROPE RMS_NORM(64,8,4,1): 8 x 3.435 us = 27.48 us
SET_ROWS: 16 x 2.085 us = 33.36 us
SSM_CONV: 22 x 4.314 us = 94.92 us
Total time: 10529.7 us.
----------------
Vulkan Timings:
ADD: 60 x 1.99 us = 119.4 us
CONCAT: 22 x 2.685 us = 59.08 us
CPY: 22 x 2.694 us = 59.28 us
FLASH_ATTN_EXT dst(64,32,1,4),  q(64,1,32,4),  k(64,256,8,4),  v(64,256,8,4),  m(256,1,1,4): 8 x 17.415 us = 139.32 us (481.689 GFLOPS/s)
GET_ROWS: 24 x 2.453 us = 58.88 us
GLU: 30 x 5.052 us = 151.56 us
MUL: 44 x 2.717 us = 119.56 us
MUL_MAT f32 m=64 n=128 k=64: 16 x 2.25 us = 36 us (462.393 GFLOPS/s)
MUL_MAT f32 m=64 n=32 k=64: 16 x 2.077 us = 33.24 us (125.197 GFLOPS/s)
MUL_MAT_VEC q4_0_rocmfp4_fast m=10752 n=4 k=2048: 60 x 67.81 us = 4068.6 us (2597.22 GFLOPS/s)
MUL_MAT_VEC q4_0_rocmfp4_fast m=2048 n=1 k=2048 batch=4: 22 x 33.15 us = 729.32 us (1011.93 GFLOPS/s)
MUL_MAT_VEC q4_0_rocmfp4_fast m=2048 n=4 k=10752: 30 x 67.724 us = 2031.72 us (2601.04 GFLOPS/s)
MUL_MAT_VEC q4_0_rocmfp4_fast m=2048 n=4 k=2048: 16 x 20.3 us = 324.8 us (1652.52 GFLOPS/s)
MUL_MAT_VEC q4_0_rocmfp4_fast m=512 n=4 k=2048: 16 x 3.952 us = 63.24 us (2121.84 GFLOPS/s)
MUL_MAT_VEC q4_0_rocmfp4_fast m=6144 n=1 k=2048 batch=4: 22 x 90.898 us = 1999.76 us (1107.16 GFLOPS/s)
MUL_MAT_VEC q6_K m=128000 n=4 k=2048: 1 x 1153 us = 1153 us (1818.42 GFLOPS/s)
RMS_NORM_MUL RMS_NORM(2048,4,1,1): 61 x 5.045 us = 307.8 us
RMS_NORM_MUL_ROPE RMS_NORM(64,32,4,1): 8 x 9.185 us = 73.48 us
RMS_NORM_MUL_ROPE RMS_NORM(64,8,4,1): 8 x 3.875 us = 31 us
SET_ROWS: 16 x 2.455 us = 39.28 us
SSM_CONV: 22 x 4.878 us = 107.32 us
Total time: 11705.6 us.
----------------
Vulkan Timings:
ADD: 60 x 1.966 us = 118 us
CONCAT: 22 x 2.354 us = 51.8 us
CPY: 22 x 1.587 us = 34.92 us
FLASH_ATTN_EXT dst(64,32,1,4),  q(64,1,32,4),  k(64,256,8,4),  v(64,256,8,4),  m(256,1,1,4): 8 x 14.935 us = 119.48 us (561.674 GFLOPS/s)
GET_ROWS: 24 x 2.25 us = 54 us
GLU: 30 x 4.689 us = 140.68 us
MUL: 44 x 2.473 us = 108.84 us
MUL_MAT f32 m=64 n=128 k=64: 16 x 2.137 us = 34.2 us (486.729 GFLOPS/s)
MUL_MAT f32 m=64 n=32 k=64: 16 x 2.07 us = 33.12 us (125.65 GFLOPS/s)
MUL_MAT_VEC q4_0_rocmfp4_fast m=10752 n=4 k=2048: 60 x 60.294 us = 3617.68 us (2920.95 GFLOPS/s)
MUL_MAT_VEC q4_0_rocmfp4_fast m=2048 n=1 k=2048 batch=4: 22 x 30.127 us = 662.8 us (1113.48 GFLOPS/s)
MUL_MAT_VEC q4_0_rocmfp4_fast m=2048 n=4 k=10752: 30 x 63.229 us = 1896.88 us (2785.93 GFLOPS/s)
MUL_MAT_VEC q4_0_rocmfp4_fast m=2048 n=4 k=2048: 16 x 18.437 us = 295 us (1819.46 GFLOPS/s)
MUL_MAT_VEC q4_0_rocmfp4_fast m=512 n=4 k=2048: 16 x 3.55 us = 56.8 us (2362.41 GFLOPS/s)
MUL_MAT_VEC q4_0_rocmfp4_fast m=6144 n=1 k=2048 batch=4: 22 x 79.943 us = 1758.76 us (1258.87 GFLOPS/s)
MUL_MAT_VEC q6_K m=128000 n=4 k=2048: 1 x 1063.84 us = 1063.84 us (1970.82 GFLOPS/s)
RMS_NORM_MUL RMS_NORM(2048,4,1,1): 61 x 4.362 us = 266.12 us
RMS_NORM_MUL_ROPE RMS_NORM(64,32,4,1): 8 x 8.24 us = 65.92 us
RMS_NORM_MUL_ROPE RMS_NORM(64,8,4,1): 8 x 3.415 us = 27.32 us
SET_ROWS: 16 x 2.195 us = 35.12 us
SSM_CONV: 22 x 4.309 us = 94.8 us
Total time: 10536.1 us.
----------------
Vulkan Timings:
ADD: 60 x 1.835 us = 110.12 us
CONCAT: 22 x 2.356 us = 51.84 us
CPY: 22 x 1.587 us = 34.92 us
FLASH_ATTN_EXT dst(64,32,1,4),  q(64,1,32,4),  k(64,256,8,4),  v(64,256,8,4),  m(256,1,1,4): 8 x 14.92 us = 119.36 us (562.239 GFLOPS/s)
GET_ROWS: 24 x 2.261 us = 54.28 us
GLU: 30 x 4.566 us = 137 us
MUL: 44 x 2.49 us = 109.6 us
MUL_MAT f32 m=64 n=128 k=64: 16 x 2.137 us = 34.2 us (486.729 GFLOPS/s)
MUL_MAT f32 m=64 n=32 k=64: 16 x 2.127 us = 34.04 us (122.254 GFLOPS/s)
MUL_MAT_VEC q4_0_rocmfp4_fast m=10752 n=4 k=2048: 60 x 60.73 us = 3643.8 us (2900.01 GFLOPS/s)
MUL_MAT_VEC q4_0_rocmfp4_fast m=2048 n=1 k=2048 batch=4: 22 x 30.83 us = 678.28 us (1088.07 GFLOPS/s)
MUL_MAT_VEC q4_0_rocmfp4_fast m=2048 n=4 k=10752: 30 x 61.316 us = 1839.48 us (2872.86 GFLOPS/s)
MUL_MAT_VEC q4_0_rocmfp4_fast m=2048 n=4 k=2048: 16 x 18.542 us = 296.68 us (1809.15 GFLOPS/s)
MUL_MAT_VEC q4_0_rocmfp4_fast m=512 n=4 k=2048: 16 x 3.572 us = 57.16 us (2347.53 GFLOPS/s)
MUL_MAT_VEC q4_0_rocmfp4_fast m=6144 n=1 k=2048 batch=4: 22 x 80.881 us = 1779.4 us (1244.27 GFLOPS/s)
MUL_MAT_VEC q6_K m=128000 n=4 k=2048: 1 x 1070.8 us = 1070.8 us (1958.01 GFLOPS/s)
RMS_NORM_MUL RMS_NORM(2048,4,1,1): 61 x 4.5 us = 274.52 us
RMS_NORM_MUL_ROPE RMS_NORM(64,32,4,1): 8 x 8.18 us = 65.44 us
RMS_NORM_MUL_ROPE RMS_NORM(64,8,4,1): 8 x 3.455 us = 27.64 us
SET_ROWS: 16 x 2.175 us = 34.8 us
SSM_CONV: 22 x 4.34 us = 95.48 us
Total time: 10548.8 us.
----------------
Vulkan Timings:
ADD: 60 x 1.896 us = 113.76 us
CONCAT: 22 x 2.441 us = 53.72 us
CPY: 22 x 1.587 us = 34.92 us
FLASH_ATTN_EXT dst(64,32,1,4),  q(64,1,32,4),  k(64,256,8,4),  v(64,256,8,4),  m(256,1,1,4): 8 x 16.07 us = 128.56 us (522.004 GFLOPS/s)
GET_ROWS: 24 x 2.308 us = 55.4 us
GLU: 30 x 4.689 us = 140.68 us
MUL: 44 x 2.662 us = 117.16 us
MUL_MAT f32 m=64 n=128 k=64: 16 x 2.19 us = 35.04 us (475.061 GFLOPS/s)
MUL_MAT f32 m=64 n=32 k=64: 16 x 1.867 us = 29.88 us (139.275 GFLOPS/s)
MUL_MAT_VEC q4_0_rocmfp4_fast m=10752 n=4 k=2048: 60 x 62.391 us = 3743.48 us (2822.79 GFLOPS/s)
MUL_MAT_VEC q4_0_rocmfp4_fast m=2048 n=1 k=2048 batch=4: 22 x 31.089 us = 683.96 us (1079.04 GFLOPS/s)
MUL_MAT_VEC q4_0_rocmfp4_fast m=2048 n=4 k=10752: 30 x 64.14 us = 1924.2 us (2746.38 GFLOPS/s)
MUL_MAT_VEC q4_0_rocmfp4_fast m=2048 n=4 k=2048: 16 x 19.07 us = 305.12 us (1759.11 GFLOPS/s)
MUL_MAT_VEC q4_0_rocmfp4_fast m=512 n=4 k=2048: 16 x 3.71 us = 59.36 us (2260.53 GFLOPS/s)
MUL_MAT_VEC q4_0_rocmfp4_fast m=6144 n=1 k=2048 batch=4: 22 x 84.156 us = 1851.44 us (1195.85 GFLOPS/s)
MUL_MAT_VEC q6_K m=128000 n=4 k=2048: 1 x 1065.24 us = 1065.24 us (1968.23 GFLOPS/s)
RMS_NORM_MUL RMS_NORM(2048,4,1,1): 61 x 4.556 us = 277.96 us
RMS_NORM_MUL_ROPE RMS_NORM(64,32,4,1): 8 x 8.59 us = 68.72 us
RMS_NORM_MUL_ROPE RMS_NORM(64,8,4,1): 8 x 3.6 us = 28.8 us
SET_ROWS: 16 x 2.467 us = 39.48 us
SSM_CONV: 22 x 4.5 us = 99 us
Total time: 10855.9 us.
----------------
Vulkan Timings:
ADD: 60 x 2.37 us = 142.24 us
CONCAT: 22 x 3.952 us = 86.96 us
CPY: 22 x 1.749 us = 38.48 us
FLASH_ATTN_EXT dst(64,32,1,4),  q(64,1,32,4),  k(64,256,8,4),  v(64,256,8,4),  m(256,1,1,4): 8 x 19.285 us = 154.28 us (434.981 GFLOPS/s)
GET_ROWS: 24 x 2.746 us = 65.92 us
GLU: 30 x 5.518 us = 165.56 us
MUL: 44 x 3.146 us = 138.44 us
MUL_MAT f32 m=64 n=128 k=64: 16 x 2.397 us = 38.36 us (433.945 GFLOPS/s)
MUL_MAT f32 m=64 n=32 k=64: 16 x 2.577 us = 41.24 us (100.91 GFLOPS/s)
MUL_MAT_VEC q4_0_rocmfp4_fast m=10752 n=4 k=2048: 60 x 78.24 us = 4694.44 us (2250.97 GFLOPS/s)
MUL_MAT_VEC q4_0_rocmfp4_fast m=2048 n=1 k=2048 batch=4: 22 x 36.918 us = 812.2 us (908.664 GFLOPS/s)
MUL_MAT_VEC q4_0_rocmfp4_fast m=2048 n=4 k=10752: 30 x 77.842 us = 2335.28 us (2262.93 GFLOPS/s)
MUL_MAT_VEC q4_0_rocmfp4_fast m=2048 n=4 k=2048: 16 x 21.657 us = 346.52 us (1548.94 GFLOPS/s)
MUL_MAT_VEC q4_0_rocmfp4_fast m=512 n=4 k=2048: 16 x 5.617 us = 89.88 us (1492.93 GFLOPS/s)
MUL_MAT_VEC q4_0_rocmfp4_fast m=6144 n=1 k=2048 batch=4: 22 x 102.429 us = 2253.44 us (982.521 GFLOPS/s)
MUL_MAT_VEC q6_K m=128000 n=4 k=2048: 1 x 1064.2 us = 1064.2 us (1970.16 GFLOPS/s)
RMS_NORM_MUL RMS_NORM(2048,4,1,1): 61 x 5.836 us = 356 us
RMS_NORM_MUL_ROPE RMS_NORM(64,32,4,1): 8 x 10.235 us = 81.88 us
RMS_NORM_MUL_ROPE RMS_NORM(64,8,4,1): 8 x 4.32 us = 34.56 us
SET_ROWS: 16 x 2.482 us = 39.72 us
SSM_CONV: 22 x 5.552 us = 122.16 us
Total time: 13101.8 us.
----------------
Vulkan Timings:
ADD: 60 x 2.122 us = 127.32 us
CONCAT: 22 x 2.521 us = 55.48 us
CPY: 22 x 1.596 us = 35.12 us
FLASH_ATTN_EXT dst(64,32,1,4),  q(64,1,32,4),  k(64,256,8,4),  v(64,256,8,4),  m(256,1,1,4): 8 x 16.715 us = 133.72 us (501.861 GFLOPS/s)
GET_ROWS: 24 x 2.393 us = 57.44 us
GLU: 30 x 4.974 us = 149.24 us
MUL: 44 x 2.637 us = 116.04 us
MUL_MAT f32 m=64 n=128 k=64: 16 x 2.245 us = 35.92 us (463.423 GFLOPS/s)
MUL_MAT f32 m=64 n=32 k=64: 16 x 1.995 us = 31.92 us (130.374 GFLOPS/s)
MUL_MAT_VEC q4_0_rocmfp4_fast m=10752 n=4 k=2048: 60 x 64.796 us = 3887.76 us (2718.03 GFLOPS/s)
MUL_MAT_VEC q4_0_rocmfp4_fast m=2048 n=1 k=2048 batch=4: 22 x 31.44 us = 691.68 us (1066.99 GFLOPS/s)
MUL_MAT_VEC q4_0_rocmfp4_fast m=2048 n=4 k=10752: 30 x 64.054 us = 1921.64 us (2750.04 GFLOPS/s)
MUL_MAT_VEC q4_0_rocmfp4_fast m=2048 n=4 k=2048: 16 x 19.597 us = 313.56 us (1711.76 GFLOPS/s)
MUL_MAT_VEC q4_0_rocmfp4_fast m=512 n=4 k=2048: 16 x 3.787 us = 60.6 us (2214.27 GFLOPS/s)
MUL_MAT_VEC q4_0_rocmfp4_fast m=6144 n=1 k=2048 batch=4: 22 x 85.754 us = 1886.6 us (1173.57 GFLOPS/s)
MUL_MAT_VEC q6_K m=128000 n=4 k=2048: 1 x 1111.92 us = 1111.92 us (1885.6 GFLOPS/s)
RMS_NORM_MUL RMS_NORM(2048,4,1,1): 61 x 4.773 us = 291.2 us
RMS_NORM_MUL_ROPE RMS_NORM(64,32,4,1): 8 x 8.82 us = 70.56 us
RMS_NORM_MUL_ROPE RMS_NORM(64,8,4,1): 8 x 3.71 us = 29.68 us
SET_ROWS: 16 x 2.345 us = 37.52 us
SSM_CONV: 22 x 4.732 us = 104.12 us
Total time: 11149 us.
----------------
Vulkan Timings:
ADD: 60 x 1.906 us = 114.4 us
CONCAT: 22 x 2.57 us = 56.56 us
CPY: 22 x 1.634 us = 35.96 us
FLASH_ATTN_EXT dst(64,32,1,4),  q(64,1,32,4),  k(64,256,8,4),  v(64,256,8,4),  m(256,1,1,4): 8 x 16.8 us = 134.4 us (499.322 GFLOPS/s)
GET_ROWS: 24 x 3.32 us = 79.68 us
GLU: 30 x 5.058 us = 151.76 us
MUL: 44 x 2.77 us = 121.88 us
MUL_MAT f32 m=64 n=128 k=64: 16 x 2.222 us = 35.56 us (468.114 GFLOPS/s)
MUL_MAT f32 m=64 n=32 k=64: 16 x 1.935 us = 30.96 us (134.417 GFLOPS/s)
MUL_MAT_VEC q4_0_rocmfp4_fast m=10752 n=4 k=2048: 60 x 65.869 us = 3952.16 us (2673.74 GFLOPS/s)
MUL_MAT_VEC q4_0_rocmfp4_fast m=2048 n=1 k=2048 batch=4: 22 x 31.432 us = 691.52 us (1067.24 GFLOPS/s)
MUL_MAT_VEC q4_0_rocmfp4_fast m=2048 n=4 k=10752: 30 x 64.696 us = 1940.88 us (2722.77 GFLOPS/s)
MUL_MAT_VEC q4_0_rocmfp4_fast m=2048 n=4 k=2048: 16 x 20.042 us = 320.68 us (1673.76 GFLOPS/s)
MUL_MAT_VEC q4_0_rocmfp4_fast m=512 n=4 k=2048: 16 x 3.867 us = 61.88 us (2168.47 GFLOPS/s)
MUL_MAT_VEC q4_0_rocmfp4_fast m=6144 n=1 k=2048 batch=4: 22 x 86.432 us = 1901.52 us (1164.36 GFLOPS/s)
MUL_MAT_VEC q6_K m=128000 n=4 k=2048: 1 x 1131.88 us = 1131.88 us (1852.35 GFLOPS/s)
RMS_NORM_MUL RMS_NORM(2048,4,1,1): 61 x 5.052 us = 308.2 us
RMS_NORM_MUL_ROPE RMS_NORM(64,32,4,1): 8 x 9.075 us = 72.6 us
RMS_NORM_MUL_ROPE RMS_NORM(64,8,4,1): 8 x 3.76 us = 30.08 us
SET_ROWS: 16 x 2.617 us = 41.88 us
SSM_CONV: 22 x 4.718 us = 103.8 us
Total time: 11318.2 us.
----------------
Vulkan Timings:
ADD: 60 x 1.79 us = 107.4 us
CONCAT: 22 x 2.347 us = 51.64 us
CPY: 22 x 1.547 us = 34.04 us
FLASH_ATTN_EXT dst(64,32,1,4),  q(64,1,32,4),  k(64,256,8,4),  v(64,256,8,4),  m(256,1,1,4): 8 x 15.14 us = 121.12 us (554.069 GFLOPS/s)
GET_ROWS: 24 x 2.223 us = 53.36 us
GLU: 30 x 4.529 us = 135.88 us
MUL: 44 x 2.44 us = 107.36 us
MUL_MAT f32 m=64 n=128 k=64: 16 x 2.077 us = 33.24 us (500.787 GFLOPS/s)
MUL_MAT f32 m=64 n=32 k=64: 16 x 2.087 us = 33.4 us (124.597 GFLOPS/s)
MUL_MAT_VEC q4_0_rocmfp4_fast m=10752 n=4 k=2048: 60 x 59.481 us = 3568.88 us (2960.89 GFLOPS/s)
MUL_MAT_VEC q4_0_rocmfp4_fast m=2048 n=1 k=2048 batch=4: 22 x 28.609 us = 629.4 us (1172.57 GFLOPS/s)
MUL_MAT_VEC q4_0_rocmfp4_fast m=2048 n=4 k=10752: 30 x 60.222 us = 1806.68 us (2925.02 GFLOPS/s)
MUL_MAT_VEC q4_0_rocmfp4_fast m=2048 n=4 k=2048: 16 x 18.425 us = 294.8 us (1820.69 GFLOPS/s)
MUL_MAT_VEC q4_0_rocmfp4_fast m=512 n=4 k=2048: 16 x 3.57 us = 57.12 us (2349.18 GFLOPS/s)
MUL_MAT_VEC q4_0_rocmfp4_fast m=6144 n=1 k=2048 batch=4: 22 x 78.983 us = 1737.64 us (1274.17 GFLOPS/s)
MUL_MAT_VEC q6_K m=128000 n=4 k=2048: 1 x 1064.36 us = 1064.36 us (1969.86 GFLOPS/s)
RMS_NORM_MUL RMS_NORM(2048,4,1,1): 61 x 4.314 us = 263.2 us
RMS_NORM_MUL_ROPE RMS_NORM(64,32,4,1): 8 x 8.2 us = 65.6 us
RMS_NORM_MUL_ROPE RMS_NORM(64,8,4,1): 8 x 3.4 us = 27.2 us
SET_ROWS: 16 x 1.977 us = 31.64 us
SSM_CONV: 22 x 4.29 us = 94.4 us
Total time: 10318.4 us.
----------------
Vulkan Timings:
ADD: 60 x 1.781 us = 106.88 us
CONCAT: 22 x 2.441 us = 53.72 us
CPY: 22 x 2.59 us = 57 us
FLASH_ATTN_EXT dst(64,32,1,4),  q(64,1,32,4),  k(64,256,8,4),  v(64,256,8,4),  m(256,1,1,4): 8 x 14.785 us = 118.28 us (567.373 GFLOPS/s)
GET_ROWS: 24 x 2.241 us = 53.8 us
GLU: 30 x 4.594 us = 137.84 us
MUL: 44 x 2.436 us = 107.2 us
MUL_MAT f32 m=64 n=128 k=64: 16 x 2.1 us = 33.6 us (495.421 GFLOPS/s)
MUL_MAT f32 m=64 n=32 k=64: 16 x 2.11 us = 33.76 us (123.268 GFLOPS/s)
MUL_MAT_VEC q4_0_rocmfp4_fast m=10752 n=4 k=2048: 60 x 59.82 us = 3589.2 us (2944.13 GFLOPS/s)
MUL_MAT_VEC q4_0_rocmfp4_fast m=2048 n=1 k=2048 batch=4: 22 x 28.69 us = 631.2 us (1169.23 GFLOPS/s)
MUL_MAT_VEC q4_0_rocmfp4_fast m=2048 n=4 k=10752: 30 x 60.377 us = 1811.32 us (2917.53 GFLOPS/s)
MUL_MAT_VEC q4_0_rocmfp4_fast m=2048 n=4 k=2048: 16 x 18.495 us = 295.92 us (1813.8 GFLOPS/s)
MUL_MAT_VEC q4_0_rocmfp4_fast m=512 n=4 k=2048: 16 x 3.57 us = 57.12 us (2349.18 GFLOPS/s)
MUL_MAT_VEC q4_0_rocmfp4_fast m=6144 n=1 k=2048 batch=4: 22 x 79.998 us = 1759.96 us (1258.01 GFLOPS/s)
MUL_MAT_VEC q6_K m=128000 n=4 k=2048: 1 x 1072.08 us = 1072.08 us (1955.67 GFLOPS/s)
RMS_NORM_MUL RMS_NORM(2048,4,1,1): 61 x 4.515 us = 275.44 us
RMS_NORM_MUL_ROPE RMS_NORM(64,32,4,1): 8 x 8.31 us = 66.48 us
RMS_NORM_MUL_ROPE RMS_NORM(64,8,4,1): 8 x 3.43 us = 27.44 us
SET_ROWS: 16 x 2.227 us = 35.64 us
SSM_CONV: 22 x 4.254 us = 93.6 us
Total time: 10417.5 us.
----------------
Vulkan Timings:
ADD: 60 x 2.047 us = 122.84 us
CONCAT: 22 x 2.369 us = 52.12 us
CPY: 22 x 1.572 us = 34.6 us
FLASH_ATTN_EXT dst(64,32,1,4),  q(64,1,32,4),  k(64,256,8,4),  v(64,256,8,4),  m(256,1,1,4): 8 x 14.905 us = 119.24 us (562.805 GFLOPS/s)
GET_ROWS: 24 x 2.275 us = 54.6 us
GLU: 30 x 4.541 us = 136.24 us
MUL: 44 x 2.555 us = 112.44 us
MUL_MAT f32 m=64 n=128 k=64: 16 x 2.125 us = 34 us (489.592 GFLOPS/s)
MUL_MAT f32 m=64 n=32 k=64: 16 x 2.115 us = 33.84 us (122.977 GFLOPS/s)
MUL_MAT_VEC q4_0_rocmfp4_fast m=10752 n=4 k=2048: 60 x 60.161 us = 3609.68 us (2927.42 GFLOPS/s)
MUL_MAT_VEC q4_0_rocmfp4_fast m=2048 n=1 k=2048 batch=4: 22 x 28.827 us = 634.2 us (1163.7 GFLOPS/s)
MUL_MAT_VEC q4_0_rocmfp4_fast m=2048 n=4 k=10752: 30 x 62.421 us = 1872.65 us (2821.98 GFLOPS/s)
MUL_MAT_VEC q4_0_rocmfp4_fast m=2048 n=4 k=2048: 16 x 18.76 us = 300.16 us (1788.18 GFLOPS/s)
MUL_MAT_VEC q4_0_rocmfp4_fast m=512 n=4 k=2048: 16 x 3.565 us = 57.04 us (2352.47 GFLOPS/s)
MUL_MAT_VEC q4_0_rocmfp4_fast m=6144 n=1 k=2048 batch=4: 22 x 79.069 us = 1739.52 us (1272.79 GFLOPS/s)
MUL_MAT_VEC q6_K m=128000 n=4 k=2048: 1 x 1067.72 us = 1067.72 us (1963.66 GFLOPS/s)
RMS_NORM_MUL RMS_NORM(2048,4,1,1): 61 x 4.571 us = 278.88 us
RMS_NORM_MUL_ROPE RMS_NORM(64,32,4,1): 8 x 8.27 us = 66.16 us
RMS_NORM_MUL_ROPE RMS_NORM(64,8,4,1): 8 x 3.455 us = 27.64 us
SET_ROWS: 16 x 2.127 us = 34.04 us
SSM_CONV: 22 x 4.298 us = 94.56 us
Total time: 10482.2 us.
----------------
Vulkan Timings:
ADD: 60 x 1.847 us = 110.84 us
CONCAT: 22 x 2.48 us = 54.56 us
CPY: 22 x 1.629 us = 35.84 us
FLASH_ATTN_EXT dst(64,32,1,4),  q(64,1,32,4),  k(64,256,8,4),  v(64,256,8,4),  m(256,1,1,4): 8 x 15.025 us = 120.2 us (558.31 GFLOPS/s)
GET_ROWS: 24 x 2.585 us = 62.04 us
GLU: 30 x 4.541 us = 136.24 us
MUL: 44 x 2.477 us = 109 us
MUL_MAT f32 m=64 n=128 k=64: 16 x 2.11 us = 33.76 us (493.073 GFLOPS/s)
MUL_MAT f32 m=64 n=32 k=64: 16 x 2.105 us = 33.68 us (123.561 GFLOPS/s)
MUL_MAT_VEC q4_0_rocmfp4_fast m=10752 n=4 k=2048: 60 x 60.012 us = 3600.76 us (2934.68 GFLOPS/s)
MUL_MAT_VEC q4_0_rocmfp4_fast m=2048 n=1 k=2048 batch=4: 22 x 29.172 us = 641.8 us (1149.92 GFLOPS/s)
MUL_MAT_VEC q4_0_rocmfp4_fast m=2048 n=4 k=10752: 30 x 61.293 us = 1838.8 us (2873.93 GFLOPS/s)
MUL_MAT_VEC q4_0_rocmfp4_fast m=2048 n=4 k=2048: 16 x 18.392 us = 294.28 us (1823.91 GFLOPS/s)
MUL_MAT_VEC q4_0_rocmfp4_fast m=512 n=4 k=2048: 16 x 3.535 us = 56.56 us (2372.44 GFLOPS/s)
MUL_MAT_VEC q4_0_rocmfp4_fast m=6144 n=1 k=2048 batch=4: 22 x 79.154 us = 1741.4 us (1271.42 GFLOPS/s)
MUL_MAT_VEC q6_K m=128000 n=4 k=2048: 1 x 1069.2 us = 1069.2 us (1960.94 GFLOPS/s)
RMS_NORM_MUL RMS_NORM(2048,4,1,1): 61 x 4.991 us = 304.48 us
RMS_NORM_MUL_ROPE RMS_NORM(64,32,4,1): 8 x 8.3 us = 66.4 us
RMS_NORM_MUL_ROPE RMS_NORM(64,8,4,1): 8 x 3.435 us = 27.48 us
SET_ROWS: 16 x 2.112 us = 33.8 us
SSM_CONV: 22 x 4.301 us = 94.64 us
Total time: 10465.8 us.
----------------
Vulkan Timings:
ADD: 60 x 2.098 us = 125.92 us
CONCAT: 22 x 2.445 us = 53.8 us
CPY: 22 x 1.641 us = 36.12 us
FLASH_ATTN_EXT dst(64,32,1,4),  q(64,1,32,4),  k(64,256,8,4),  v(64,256,8,4),  m(256,1,1,4): 8 x 15.42 us = 123.36 us (544.008 GFLOPS/s)
GET_ROWS: 24 x 2.271 us = 54.52 us
GLU: 30 x 4.625 us = 138.76 us
MUL: 44 x 2.473 us = 108.84 us
MUL_MAT f32 m=64 n=128 k=64: 16 x 2.152 us = 34.44 us (483.338 GFLOPS/s)
MUL_MAT f32 m=64 n=32 k=64: 16 x 2.13 us = 34.08 us (122.111 GFLOPS/s)
MUL_MAT_VEC q4_0_rocmfp4_fast m=10752 n=4 k=2048: 60 x 59.607 us = 3576.44 us (2954.63 GFLOPS/s)
MUL_MAT_VEC q4_0_rocmfp4_fast m=2048 n=1 k=2048 batch=4: 22 x 29.543 us = 649.96 us (1135.48 GFLOPS/s)
MUL_MAT_VEC q4_0_rocmfp4_fast m=2048 n=4 k=10752: 30 x 61.256 us = 1837.68 us (2875.68 GFLOPS/s)
MUL_MAT_VEC q4_0_rocmfp4_fast m=2048 n=4 k=2048: 16 x 18.465 us = 295.44 us (1816.75 GFLOPS/s)
MUL_MAT_VEC q4_0_rocmfp4_fast m=512 n=4 k=2048: 16 x 3.555 us = 56.88 us (2359.09 GFLOPS/s)
MUL_MAT_VEC q4_0_rocmfp4_fast m=6144 n=1 k=2048 batch=4: 22 x 78.978 us = 1737.52 us (1274.26 GFLOPS/s)
MUL_MAT_VEC q6_K m=128000 n=4 k=2048: 1 x 1088.64 us = 1088.64 us (1925.93 GFLOPS/s)
RMS_NORM_MUL RMS_NORM(2048,4,1,1): 61 x 4.554 us = 277.84 us
RMS_NORM_MUL_ROPE RMS_NORM(64,32,4,1): 8 x 8.31 us = 66.48 us
RMS_NORM_MUL_ROPE RMS_NORM(64,8,4,1): 8 x 3.475 us = 27.8 us
SET_ROWS: 16 x 2.005 us = 32.08 us
SSM_CONV: 22 x 4.298 us = 94.56 us
Total time: 10451.2 us.
----------------
Vulkan Timings:
ADD: 60 x 1.777 us = 106.64 us
CONCAT: 22 x 2.336 us = 51.4 us
CPY: 22 x 1.601 us = 35.24 us
FLASH_ATTN_EXT dst(64,32,1,4),  q(64,1,32,4),  k(64,256,8,4),  v(64,256,8,4),  m(256,1,1,4): 8 x 15.01 us = 120.08 us (558.868 GFLOPS/s)
GET_ROWS: 24 x 2.23 us = 53.52 us
GLU: 30 x 4.505 us = 135.16 us
MUL: 44 x 2.453 us = 107.96 us
MUL_MAT f32 m=64 n=128 k=64: 16 x 2.082 us = 33.32 us (499.584 GFLOPS/s)
MUL_MAT f32 m=64 n=32 k=64: 16 x 2.095 us = 33.52 us (124.151 GFLOPS/s)
MUL_MAT_VEC q4_0_rocmfp4_fast m=10752 n=4 k=2048: 60 x 59.788 us = 3587.28 us (2945.7 GFLOPS/s)
MUL_MAT_VEC q4_0_rocmfp4_fast m=2048 n=1 k=2048 batch=4: 22 x 28.634 us = 629.96 us (1171.53 GFLOPS/s)
MUL_MAT_VEC q4_0_rocmfp4_fast m=2048 n=4 k=10752: 30 x 60.101 us = 1803.04 us (2930.93 GFLOPS/s)
MUL_MAT_VEC q4_0_rocmfp4_fast m=2048 n=4 k=2048: 16 x 18.5 us = 296 us (1813.31 GFLOPS/s)
MUL_MAT_VEC q4_0_rocmfp4_fast m=512 n=4 k=2048: 16 x 3.53 us = 56.48 us (2375.8 GFLOPS/s)
MUL_MAT_VEC q4_0_rocmfp4_fast m=6144 n=1 k=2048 batch=4: 22 x 80.2 us = 1764.4 us (1254.85 GFLOPS/s)
MUL_MAT_VEC q6_K m=128000 n=4 k=2048: 1 x 1061.48 us = 1061.48 us (1975.2 GFLOPS/s)
RMS_NORM_MUL RMS_NORM(2048,4,1,1): 61 x 4.321 us = 263.64 us
RMS_NORM_MUL_ROPE RMS_NORM(64,32,4,1): 8 x 8.18 us = 65.44 us
RMS_NORM_MUL_ROPE RMS_NORM(64,8,4,1): 8 x 3.4 us = 27.2 us
SET_ROWS: 16 x 2.075 us = 33.2 us
SSM_CONV: 22 x 4.23 us = 93.08 us
Total time: 10358 us.
----------------
Vulkan Timings:
ADD: 60 x 1.776 us = 106.56 us
CONCAT: 22 x 2.358 us = 51.88 us
CPY: 22 x 1.561 us = 34.36 us
FLASH_ATTN_EXT dst(64,32,1,4),  q(64,1,32,4),  k(64,256,8,4),  v(64,256,8,4),  m(256,1,1,4): 8 x 14.67 us = 117.36 us (571.821 GFLOPS/s)
GET_ROWS: 24 x 2.236 us = 53.68 us
GLU: 30 x 4.548 us = 136.44 us
MUL: 44 x 2.44 us = 107.4 us
MUL_MAT f32 m=64 n=128 k=64: 16 x 2.087 us = 33.4 us (498.388 GFLOPS/s)
MUL_MAT f32 m=64 n=32 k=64: 16 x 2.095 us = 33.52 us (124.151 GFLOPS/s)
MUL_MAT_VEC q4_0_rocmfp4_fast m=10752 n=4 k=2048: 60 x 59.515 us = 3570.92 us (2959.2 GFLOPS/s)
MUL_MAT_VEC q4_0_rocmfp4_fast m=2048 n=1 k=2048 batch=4: 22 x 28.643 us = 630.16 us (1171.16 GFLOPS/s)
MUL_MAT_VEC q4_0_rocmfp4_fast m=2048 n=4 k=10752: 30 x 60.062 us = 1801.88 us (2932.81 GFLOPS/s)
MUL_MAT_VEC q4_0_rocmfp4_fast m=2048 n=4 k=2048: 16 x 18.357 us = 293.72 us (1827.39 GFLOPS/s)
MUL_MAT_VEC q4_0_rocmfp4_fast m=512 n=4 k=2048: 16 x 3.55 us = 56.8 us (2362.41 GFLOPS/s)
MUL_MAT_VEC q4_0_rocmfp4_fast m=6144 n=1 k=2048 batch=4: 22 x 78.934 us = 1736.56 us (1274.96 GFLOPS/s)
MUL_MAT_VEC q6_K m=128000 n=4 k=2048: 1 x 1062.52 us = 1062.52 us (1973.27 GFLOPS/s)
RMS_NORM_MUL RMS_NORM(2048,4,1,1): 61 x 4.35 us = 265.4 us
RMS_NORM_MUL_ROPE RMS_NORM(64,32,4,1): 8 x 8.27 us = 66.16 us
RMS_NORM_MUL_ROPE RMS_NORM(64,8,4,1): 8 x 3.4 us = 27.2 us
SET_ROWS: 16 x 2.19 us = 35.04 us
SSM_CONV: 22 x 4.29 us = 94.4 us
Total time: 10315.4 us.
----------------
Vulkan Timings:
ADD: 60 x 1.787 us = 107.24 us
CONCAT: 22 x 2.35 us = 51.72 us
CPY: 22 x 1.592 us = 35.04 us
FLASH_ATTN_EXT dst(64,32,1,4),  q(64,1,32,4),  k(64,256,8,4),  v(64,256,8,4),  m(256,1,1,4): 8 x 14.895 us = 119.16 us (563.183 GFLOPS/s)
GET_ROWS: 24 x 2.218 us = 53.24 us
GLU: 30 x 4.534 us = 136.04 us
MUL: 44 x 2.486 us = 109.4 us
MUL_MAT f32 m=64 n=128 k=64: 16 x 2.1 us = 33.6 us (495.421 GFLOPS/s)
MUL_MAT f32 m=64 n=32 k=64: 16 x 2.087 us = 33.4 us (124.597 GFLOPS/s)
MUL_MAT_VEC q4_0_rocmfp4_fast m=10752 n=4 k=2048: 60 x 60.08 us = 3604.8 us (2931.39 GFLOPS/s)
MUL_MAT_VEC q4_0_rocmfp4_fast m=2048 n=1 k=2048 batch=4: 22 x 28.696 us = 631.32 us (1169.01 GFLOPS/s)
MUL_MAT_VEC q4_0_rocmfp4_fast m=2048 n=4 k=10752: 30 x 60.977 us = 1829.32 us (2888.82 GFLOPS/s)
MUL_MAT_VEC q4_0_rocmfp4_fast m=2048 n=4 k=2048: 16 x 18.432 us = 294.92 us (1819.95 GFLOPS/s)
MUL_MAT_VEC q4_0_rocmfp4_fast m=512 n=4 k=2048: 16 x 3.545 us = 56.72 us (2365.74 GFLOPS/s)
MUL_MAT_VEC q4_0_rocmfp4_fast m=6144 n=1 k=2048 batch=4: 22 x 78.941 us = 1736.72 us (1274.85 GFLOPS/s)
MUL_MAT_VEC q6_K m=128000 n=4 k=2048: 1 x 1062.76 us = 1062.76 us (1972.83 GFLOPS/s)
RMS_NORM_MUL RMS_NORM(2048,4,1,1): 61 x 4.34 us = 264.8 us
RMS_NORM_MUL_ROPE RMS_NORM(64,32,4,1): 8 x 8.285 us = 66.28 us
RMS_NORM_MUL_ROPE RMS_NORM(64,8,4,1): 8 x 3.4 us = 27.2 us
SET_ROWS: 16 x 2.177 us = 34.84 us
SSM_CONV: 22 x 4.29 us = 94.4 us
Total time: 10382.9 us.
----------------
Vulkan Timings:
ADD: 60 x 1.814 us = 108.84 us
CONCAT: 22 x 2.301 us = 50.64 us
CPY: 22 x 1.62 us = 35.64 us
FLASH_ATTN_EXT dst(64,32,1,4),  q(64,1,32,4),  k(64,256,8,4),  v(64,256,8,4),  m(256,1,1,4): 8 x 15.305 us = 122.44 us (548.096 GFLOPS/s)
GET_ROWS: 24 x 2.245 us = 53.88 us
GLU: 30 x 4.594 us = 137.84 us
MUL: 44 x 2.565 us = 112.88 us
MUL_MAT f32 m=64 n=128 k=64: 16 x 2.09 us = 33.44 us (497.791 GFLOPS/s)
MUL_MAT f32 m=64 n=32 k=64: 16 x 2.1 us = 33.6 us (123.855 GFLOPS/s)
MUL_MAT_VEC q4_0_rocmfp4_fast m=10752 n=4 k=2048: 60 x 60.413 us = 3624.8 us (2915.21 GFLOPS/s)
MUL_MAT_VEC q4_0_rocmfp4_fast m=2048 n=1 k=2048 batch=4: 22 x 29.549 us = 650.08 us (1135.27 GFLOPS/s)
MUL_MAT_VEC q4_0_rocmfp4_fast m=2048 n=4 k=10752: 30 x 60.618 us = 1818.56 us (2905.91 GFLOPS/s)
MUL_MAT_VEC q4_0_rocmfp4_fast m=2048 n=4 k=2048: 16 x 18.57 us = 297.12 us (1806.47 GFLOPS/s)
MUL_MAT_VEC q4_0_rocmfp4_fast m=512 n=4 k=2048: 16 x 3.56 us = 56.96 us (2355.78 GFLOPS/s)
MUL_MAT_VEC q4_0_rocmfp4_fast m=6144 n=1 k=2048 batch=4: 22 x 79.223 us = 1742.92 us (1270.31 GFLOPS/s)
MUL_MAT_VEC q6_K m=128000 n=4 k=2048: 1 x 1070.24 us = 1070.24 us (1959.04 GFLOPS/s)
RMS_NORM_MUL RMS_NORM(2048,4,1,1): 61 x 4.48 us = 273.28 us
RMS_NORM_MUL_ROPE RMS_NORM(64,32,4,1): 8 x 8.265 us = 66.12 us
RMS_NORM_MUL_ROPE RMS_NORM(64,8,4,1): 8 x 3.44 us = 27.52 us
SET_ROWS: 16 x 2.082 us = 33.32 us
SSM_CONV: 22 x 4.263 us = 93.8 us
Total time: 10443.9 us.
----------------
Vulkan Timings:
ADD: 60 x 1.782 us = 106.96 us
CONCAT: 22 x 2.409 us = 53 us
CPY: 22 x 2.649 us = 58.28 us
FLASH_ATTN_EXT dst(64,32,1,4),  q(64,1,32,4),  k(64,256,8,4),  v(64,256,8,4),  m(256,1,1,4): 8 x 15.115 us = 120.92 us (554.986 GFLOPS/s)
GET_ROWS: 24 x 2.226 us = 53.44 us
GLU: 30 x 4.542 us = 136.28 us
MUL: 44 x 2.427 us = 106.8 us
MUL_MAT f32 m=64 n=128 k=64: 16 x 2.127 us = 34.04 us (489.017 GFLOPS/s)
MUL_MAT f32 m=64 n=32 k=64: 16 x 2.082 us = 33.32 us (124.896 GFLOPS/s)
MUL_MAT_VEC q4_0_rocmfp4_fast m=10752 n=4 k=2048: 60 x 59.532 us = 3571.96 us (2958.34 GFLOPS/s)
MUL_MAT_VEC q4_0_rocmfp4_fast m=2048 n=1 k=2048 batch=4: 22 x 28.59 us = 629 us (1173.32 GFLOPS/s)
MUL_MAT_VEC q4_0_rocmfp4_fast m=2048 n=4 k=10752: 30 x 61.945 us = 1858.36 us (2843.68 GFLOPS/s)
MUL_MAT_VEC q4_0_rocmfp4_fast m=2048 n=4 k=2048: 16 x 18.442 us = 295.08 us (1818.96 GFLOPS/s)
MUL_MAT_VEC q4_0_rocmfp4_fast m=512 n=4 k=2048: 16 x 3.577 us = 57.24 us (2344.25 GFLOPS/s)
MUL_MAT_VEC q4_0_rocmfp4_fast m=6144 n=1 k=2048 batch=4: 22 x 81.669 us = 1796.72 us (1232.27 GFLOPS/s)
MUL_MAT_VEC q6_K m=128000 n=4 k=2048: 1 x 1062.76 us = 1062.76 us (1972.83 GFLOPS/s)
RMS_NORM_MUL RMS_NORM(2048,4,1,1): 61 x 4.38 us = 267.24 us
RMS_NORM_MUL_ROPE RMS_NORM(64,32,4,1): 8 x 8.31 us = 66.48 us
RMS_NORM_MUL_ROPE RMS_NORM(64,8,4,1): 8 x 3.385 us = 27.08 us
SET_ROWS: 16 x 2.052 us = 32.84 us
SSM_CONV: 22 x 4.256 us = 93.64 us
Total time: 10461.4 us.
----------------
Vulkan Timings:
ADD: 60 x 1.792 us = 107.52 us
CONCAT: 22 x 2.34 us = 51.48 us
CPY: 22 x 1.585 us = 34.88 us
FLASH_ATTN_EXT dst(64,32,1,4),  q(64,1,32,4),  k(64,256,8,4),  v(64,256,8,4),  m(256,1,1,4): 8 x 14.96 us = 119.68 us (560.736 GFLOPS/s)
GET_ROWS: 24 x 2.23 us = 53.52 us
GLU: 30 x 4.528 us = 135.84 us
MUL: 44 x 2.448 us = 107.72 us
MUL_MAT f32 m=64 n=128 k=64: 16 x 2.085 us = 33.36 us (498.985 GFLOPS/s)
MUL_MAT f32 m=64 n=32 k=64: 16 x 2.087 us = 33.4 us (124.597 GFLOPS/s)
MUL_MAT_VEC q4_0_rocmfp4_fast m=10752 n=4 k=2048: 60 x 59.831 us = 3589.88 us (2943.57 GFLOPS/s)
MUL_MAT_VEC q4_0_rocmfp4_fast m=2048 n=1 k=2048 batch=4: 22 x 28.629 us = 629.84 us (1171.75 GFLOPS/s)
MUL_MAT_VEC q4_0_rocmfp4_fast m=2048 n=4 k=10752: 30 x 60.193 us = 1805.8 us (2926.45 GFLOPS/s)
MUL_MAT_VEC q4_0_rocmfp4_fast m=2048 n=4 k=2048: 16 x 18.517 us = 296.28 us (1811.6 GFLOPS/s)
MUL_MAT_VEC q4_0_rocmfp4_fast m=512 n=4 k=2048: 16 x 3.577 us = 57.24 us (2344.25 GFLOPS/s)
MUL_MAT_VEC q4_0_rocmfp4_fast m=6144 n=1 k=2048 batch=4: 22 x 80.21 us = 1764.64 us (1254.68 GFLOPS/s)
MUL_MAT_VEC q6_K m=128000 n=4 k=2048: 1 x 1135.96 us = 1135.96 us (1845.7 GFLOPS/s)
RMS_NORM_MUL RMS_NORM(2048,4,1,1): 61 x 4.368 us = 266.48 us
RMS_NORM_MUL_ROPE RMS_NORM(64,32,4,1): 8 x 8.24 us = 65.92 us
RMS_NORM_MUL_ROPE RMS_NORM(64,8,4,1): 8 x 3.41 us = 27.28 us
SET_ROWS: 16 x 2.187 us = 35 us
SSM_CONV: 22 x 4.26 us = 93.72 us
Total time: 10445.4 us.
----------------
Vulkan Timings:
ADD: 60 x 1.798 us = 107.88 us
CONCAT: 22 x 2.334 us = 51.36 us
CPY: 22 x 1.556 us = 34.24 us
FLASH_ATTN_EXT dst(64,32,1,4),  q(64,1,32,4),  k(64,256,8,4),  v(64,256,8,4),  m(256,1,1,4): 8 x 16.065 us = 128.52 us (522.167 GFLOPS/s)
GET_ROWS: 24 x 2.505 us = 60.12 us
GLU: 30 x 4.506 us = 135.2 us
MUL: 44 x 2.446 us = 107.64 us
MUL_MAT f32 m=64 n=128 k=64: 16 x 2.085 us = 33.36 us (498.985 GFLOPS/s)
MUL_MAT f32 m=64 n=32 k=64: 16 x 2.11 us = 33.76 us (123.268 GFLOPS/s)
MUL_MAT_VEC q4_0_rocmfp4_fast m=10752 n=4 k=2048: 60 x 60.09 us = 3605.4 us (2930.9 GFLOPS/s)
MUL_MAT_VEC q4_0_rocmfp4_fast m=2048 n=1 k=2048 batch=4: 22 x 28.667 us = 630.68 us (1170.19 GFLOPS/s)
MUL_MAT_VEC q4_0_rocmfp4_fast m=2048 n=4 k=10752: 30 x 60.684 us = 1820.52 us (2902.78 GFLOPS/s)
MUL_MAT_VEC q4_0_rocmfp4_fast m=2048 n=4 k=2048: 16 x 18.412 us = 294.6 us (1821.93 GFLOPS/s)
MUL_MAT_VEC q4_0_rocmfp4_fast m=512 n=4 k=2048: 16 x 3.552 us = 56.84 us (2360.75 GFLOPS/s)
MUL_MAT_VEC q4_0_rocmfp4_fast m=6144 n=1 k=2048 batch=4: 22 x 79.029 us = 1738.64 us (1273.44 GFLOPS/s)
MUL_MAT_VEC q6_K m=128000 n=4 k=2048: 1 x 1057.16 us = 1057.16 us (1983.28 GFLOPS/s)
RMS_NORM_MUL RMS_NORM(2048,4,1,1): 61 x 4.374 us = 266.84 us
RMS_NORM_MUL_ROPE RMS_NORM(64,32,4,1): 8 x 8.195 us = 65.56 us
RMS_NORM_MUL_ROPE RMS_NORM(64,8,4,1): 8 x 3.4 us = 27.2 us
SET_ROWS: 16 x 2.007 us = 32.12 us
SSM_CONV: 22 x 4.265 us = 93.84 us
Total time: 10381.5 us.
----------------
Vulkan Timings:
ADD: 60 x 1.78 us = 106.8 us
CONCAT: 22 x 2.332 us = 51.32 us
CPY: 22 x 1.552 us = 34.16 us
FLASH_ATTN_EXT dst(64,32,1,4),  q(64,1,32,4),  k(64,256,8,4),  v(64,256,8,4),  m(256,1,1,4): 8 x 15.275 us = 122.2 us (549.172 GFLOPS/s)
GET_ROWS: 24 x 2.255 us = 54.12 us
GLU: 30 x 4.574 us = 137.24 us
MUL: 44 x 2.453 us = 107.96 us
MUL_MAT f32 m=64 n=128 k=64: 16 x 2.11 us = 33.76 us (493.073 GFLOPS/s)
MUL_MAT f32 m=64 n=32 k=64: 16 x 2.075 us = 33.2 us (125.347 GFLOPS/s)
MUL_MAT_VEC q4_0_rocmfp4_fast m=10752 n=4 k=2048: 60 x 59.795 us = 3587.72 us (2945.34 GFLOPS/s)
MUL_MAT_VEC q4_0_rocmfp4_fast m=2048 n=1 k=2048 batch=4: 22 x 28.636 us = 630 us (1171.46 GFLOPS/s)
MUL_MAT_VEC q4_0_rocmfp4_fast m=2048 n=4 k=10752: 30 x 60.097 us = 1802.92 us (2931.12 GFLOPS/s)
MUL_MAT_VEC q4_0_rocmfp4_fast m=2048 n=4 k=2048: 16 x 18.495 us = 295.92 us (1813.8 GFLOPS/s)
MUL_MAT_VEC q4_0_rocmfp4_fast m=512 n=4 k=2048: 16 x 3.552 us = 56.84 us (2360.75 GFLOPS/s)
MUL_MAT_VEC q4_0_rocmfp4_fast m=6144 n=1 k=2048 batch=4: 22 x 78.978 us = 1737.52 us (1274.26 GFLOPS/s)
MUL_MAT_VEC q6_K m=128000 n=4 k=2048: 1 x 1118.6 us = 1118.6 us (1874.34 GFLOPS/s)
RMS_NORM_MUL RMS_NORM(2048,4,1,1): 61 x 4.468 us = 272.56 us
RMS_NORM_MUL_ROPE RMS_NORM(64,32,4,1): 8 x 8.195 us = 65.56 us
RMS_NORM_MUL_ROPE RMS_NORM(64,8,4,1): 8 x 3.46 us = 27.68 us
SET_ROWS: 16 x 2.08 us = 33.28 us
SSM_CONV: 22 x 4.294 us = 94.48 us
Total time: 10403.8 us.
----------------
Vulkan Timings:
ADD: 60 x 1.842 us = 110.56 us
CONCAT: 22 x 2.421 us = 53.28 us
CPY: 22 x 1.565 us = 34.44 us
FLASH_ATTN_EXT dst(64,32,1,4),  q(64,1,32,4),  k(64,256,8,4),  v(64,256,8,4),  m(256,1,1,4): 8 x 15.36 us = 122.88 us (546.133 GFLOPS/s)
GET_ROWS: 24 x 2.301 us = 55.24 us
GLU: 30 x 4.774 us = 143.24 us
MUL: 44 x 2.538 us = 111.68 us
MUL_MAT f32 m=64 n=128 k=64: 16 x 2.165 us = 34.64 us (480.547 GFLOPS/s)
MUL_MAT f32 m=64 n=32 k=64: 16 x 2.16 us = 34.56 us (120.415 GFLOPS/s)
MUL_MAT_VEC q4_0_rocmfp4_fast m=10752 n=4 k=2048: 60 x 61.242 us = 3674.56 us (2875.74 GFLOPS/s)
MUL_MAT_VEC q4_0_rocmfp4_fast m=2048 n=1 k=2048 batch=4: 22 x 29.767 us = 654.88 us (1126.95 GFLOPS/s)
MUL_MAT_VEC q4_0_rocmfp4_fast m=2048 n=4 k=10752: 30 x 61.44 us = 1843.2 us (2867.07 GFLOPS/s)
MUL_MAT_VEC q4_0_rocmfp4_fast m=2048 n=4 k=2048: 16 x 19.07 us = 305.12 us (1759.11 GFLOPS/s)
MUL_MAT_VEC q4_0_rocmfp4_fast m=512 n=4 k=2048: 16 x 3.687 us = 59 us (2274.32 GFLOPS/s)
MUL_MAT_VEC q4_0_rocmfp4_fast m=6144 n=1 k=2048 batch=4: 22 x 82.356 us = 1811.84 us (1221.99 GFLOPS/s)
MUL_MAT_VEC q6_K m=128000 n=4 k=2048: 1 x 1093.76 us = 1093.76 us (1916.91 GFLOPS/s)
RMS_NORM_MUL RMS_NORM(2048,4,1,1): 61 x 4.653 us = 283.88 us
RMS_NORM_MUL_ROPE RMS_NORM(64,32,4,1): 8 x 8.495 us = 67.96 us
RMS_NORM_MUL_ROPE RMS_NORM(64,8,4,1): 8 x 3.47 us = 27.76 us
SET_ROWS: 16 x 2.437 us = 39 us
SSM_CONV: 22 x 4.492 us = 98.84 us
Total time: 10660.3 us.
----------------
Vulkan Timings:
ADD: 60 x 2.311 us = 138.68 us
CONCAT: 22 x 3.147 us = 69.24 us
CPY: 22 x 1.745 us = 38.4 us
FLASH_ATTN_EXT dst(64,32,1,4),  q(64,1,32,4),  k(64,256,8,4),  v(64,256,8,4),  m(256,1,1,4): 8 x 21.64 us = 173.12 us (387.644 GFLOPS/s)
GET_ROWS: 24 x 2.831 us = 67.96 us
GLU: 30 x 5.392 us = 161.76 us
MUL: 44 x 3.21 us = 141.28 us
MUL_MAT f32 m=64 n=128 k=64: 16 x 2.507 us = 40.12 us (414.909 GFLOPS/s)
MUL_MAT f32 m=64 n=32 k=64: 16 x 2.627 us = 42.04 us (98.9899 GFLOPS/s)
MUL_MAT_VEC q4_0_rocmfp4_fast m=10752 n=4 k=2048: 60 x 81.892 us = 4913.52 us (2150.61 GFLOPS/s)
MUL_MAT_VEC q4_0_rocmfp4_fast m=2048 n=1 k=2048 batch=4: 22 x 38.189 us = 840.16 us (878.425 GFLOPS/s)
MUL_MAT_VEC q4_0_rocmfp4_fast m=2048 n=4 k=10752: 30 x 80.246 us = 2407.4 us (2195.14 GFLOPS/s)
MUL_MAT_VEC q4_0_rocmfp4_fast m=2048 n=4 k=2048: 16 x 22.417 us = 358.68 us (1496.43 GFLOPS/s)
MUL_MAT_VEC q4_0_rocmfp4_fast m=512 n=4 k=2048: 16 x 5.847 us = 93.56 us (1434.21 GFLOPS/s)
MUL_MAT_VEC q4_0_rocmfp4_fast m=6144 n=1 k=2048 batch=4: 22 x 107.14 us = 2357.08 us (939.32 GFLOPS/s)
MUL_MAT_VEC q6_K m=128000 n=4 k=2048: 1 x 1063.68 us = 1063.68 us (1971.12 GFLOPS/s)
RMS_NORM_MUL RMS_NORM(2048,4,1,1): 61 x 5.863 us = 357.68 us
RMS_NORM_MUL_ROPE RMS_NORM(64,32,4,1): 8 x 10.435 us = 83.48 us
RMS_NORM_MUL_ROPE RMS_NORM(64,8,4,1): 8 x 4.485 us = 35.88 us
SET_ROWS: 16 x 2.612 us = 41.8 us
SSM_CONV: 22 x 6.916 us = 152.16 us
Total time: 13577.7 us.
----------------
Vulkan Timings:
ADD: 60 x 1.768 us = 106.12 us
CONCAT: 22 x 2.336 us = 51.4 us
CPY: 22 x 1.556 us = 34.24 us
FLASH_ATTN_EXT dst(64,32,1,4),  q(64,1,32,4),  k(64,256,8,4),  v(64,256,8,4),  m(256,1,1,4): 8 x 15.23 us = 121.84 us (550.795 GFLOPS/s)
GET_ROWS: 24 x 2.236 us = 53.68 us
GLU: 30 x 4.457 us = 133.72 us
MUL: 44 x 2.44 us = 107.4 us
MUL_MAT f32 m=64 n=128 k=64: 16 x 2.087 us = 33.4 us (498.388 GFLOPS/s)
MUL_MAT f32 m=64 n=32 k=64: 16 x 2.09 us = 33.44 us (124.448 GFLOPS/s)
MUL_MAT_VEC q4_0_rocmfp4_fast m=10752 n=4 k=2048: 60 x 59.706 us = 3582.4 us (2949.72 GFLOPS/s)
MUL_MAT_VEC q4_0_rocmfp4_fast m=2048 n=1 k=2048 batch=4: 22 x 30.156 us = 663.44 us (1112.41 GFLOPS/s)
MUL_MAT_VEC q4_0_rocmfp4_fast m=2048 n=4 k=10752: 30 x 62.764 us = 1882.92 us (2806.59 GFLOPS/s)
MUL_MAT_VEC q4_0_rocmfp4_fast m=2048 n=4 k=2048: 16 x 18.337 us = 293.4 us (1829.38 GFLOPS/s)
MUL_MAT_VEC q4_0_rocmfp4_fast m=512 n=4 k=2048: 16 x 3.57 us = 57.12 us (2349.18 GFLOPS/s)
MUL_MAT_VEC q4_0_rocmfp4_fast m=6144 n=1 k=2048 batch=4: 22 x 81.303 us = 1788.68 us (1237.81 GFLOPS/s)
MUL_MAT_VEC q6_K m=128000 n=4 k=2048: 1 x 1056.64 us = 1056.64 us (1984.25 GFLOPS/s)
RMS_NORM_MUL RMS_NORM(2048,4,1,1): 61 x 4.554 us = 277.8 us
RMS_NORM_MUL_ROPE RMS_NORM(64,32,4,1): 8 x 8.22 us = 65.76 us
RMS_NORM_MUL_ROPE RMS_NORM(64,8,4,1): 8 x 3.42 us = 27.36 us
SET_ROWS: 16 x 2.027 us = 32.44 us
SSM_CONV: 22 x 4.269 us = 93.92 us
Total time: 10497.1 us.
----------------
Vulkan Timings:
ADD: 60 x 1.778 us = 106.72 us
CONCAT: 22 x 2.338 us = 51.44 us
CPY: 22 x 1.61 us = 35.44 us
FLASH_ATTN_EXT dst(64,32,1,4),  q(64,1,32,4),  k(64,256,8,4),  v(64,256,8,4),  m(256,1,1,4): 8 x 15.215 us = 121.72 us (551.338 GFLOPS/s)
GET_ROWS: 24 x 2.221 us = 53.32 us
GLU: 30 x 4.421 us = 132.64 us
MUL: 44 x 2.568 us = 113 us
MUL_MAT f32 m=64 n=128 k=64: 16 x 2.095 us = 33.52 us (496.603 GFLOPS/s)
MUL_MAT f32 m=64 n=32 k=64: 16 x 2.09 us = 33.44 us (124.448 GFLOPS/s)
MUL_MAT_VEC q4_0_rocmfp4_fast m=10752 n=4 k=2048: 60 x 60.437 us = 3626.24 us (2914.06 GFLOPS/s)
MUL_MAT_VEC q4_0_rocmfp4_fast m=2048 n=1 k=2048 batch=4: 22 x 29.747 us = 654.44 us (1127.71 GFLOPS/s)
MUL_MAT_VEC q4_0_rocmfp4_fast m=2048 n=4 k=10752: 30 x 61.993 us = 1859.8 us (2841.48 GFLOPS/s)
MUL_MAT_VEC q4_0_rocmfp4_fast m=2048 n=4 k=2048: 16 x 18.415 us = 294.64 us (1821.68 GFLOPS/s)
MUL_MAT_VEC q4_0_rocmfp4_fast m=512 n=4 k=2048: 16 x 3.547 us = 56.76 us (2364.08 GFLOPS/s)
MUL_MAT_VEC q4_0_rocmfp4_fast m=6144 n=1 k=2048 batch=4: 22 x 80.361 us = 1767.96 us (1252.32 GFLOPS/s)
MUL_MAT_VEC q6_K m=128000 n=4 k=2048: 1 x 1079.32 us = 1079.32 us (1942.56 GFLOPS/s)
RMS_NORM_MUL RMS_NORM(2048,4,1,1): 61 x 4.409 us = 268.96 us
RMS_NORM_MUL_ROPE RMS_NORM(64,32,4,1): 8 x 8.265 us = 66.12 us
RMS_NORM_MUL_ROPE RMS_NORM(64,8,4,1): 8 x 3.405 us = 27.24 us
SET_ROWS: 16 x 2.027 us = 32.44 us
SSM_CONV: 22 x 4.601 us = 101.24 us
Total time: 10516.4 us.
----------------
Vulkan Timings:
ADD: 60 x 1.788 us = 107.32 us
CONCAT: 22 x 2.34 us = 51.48 us
CPY: 22 x 1.567 us = 34.48 us
FLASH_ATTN_EXT dst(64,32,1,4),  q(64,1,32,4),  k(64,256,8,4),  v(64,256,8,4),  m(256,1,1,4): 8 x 16.7 us = 133.6 us (502.312 GFLOPS/s)
GET_ROWS: 24 x 2.251 us = 54.04 us
GLU: 30 x 4.522 us = 135.68 us
MUL: 44 x 2.446 us = 107.64 us
MUL_MAT f32 m=64 n=128 k=64: 16 x 2.117 us = 33.88 us (491.327 GFLOPS/s)
MUL_MAT f32 m=64 n=32 k=64: 16 x 2.13 us = 34.08 us (122.111 GFLOPS/s)
MUL_MAT_VEC q4_0_rocmfp4_fast m=10752 n=4 k=2048: 60 x 60.533 us = 3632 us (2909.43 GFLOPS/s)
MUL_MAT_VEC q4_0_rocmfp4_fast m=2048 n=1 k=2048 batch=4: 22 x 29.738 us = 654.24 us (1128.05 GFLOPS/s)
MUL_MAT_VEC q4_0_rocmfp4_fast m=2048 n=4 k=10752: 30 x 61.1 us = 1833 us (2883.02 GFLOPS/s)
MUL_MAT_VEC q4_0_rocmfp4_fast m=2048 n=4 k=2048: 16 x 18.54 us = 296.64 us (1809.4 GFLOPS/s)
MUL_MAT_VEC q4_0_rocmfp4_fast m=512 n=4 k=2048: 16 x 4.117 us = 65.88 us (2036.81 GFLOPS/s)
MUL_MAT_VEC q4_0_rocmfp4_fast m=6144 n=1 k=2048 batch=4: 22 x 79.818 us = 1756 us (1260.85 GFLOPS/s)
MUL_MAT_VEC q6_K m=128000 n=4 k=2048: 1 x 1072.28 us = 1072.28 us (1955.31 GFLOPS/s)
RMS_NORM_MUL RMS_NORM(2048,4,1,1): 61 x 4.512 us = 275.28 us
RMS_NORM_MUL_ROPE RMS_NORM(64,32,4,1): 8 x 10.085 us = 80.68 us
RMS_NORM_MUL_ROPE RMS_NORM(64,8,4,1): 8 x 3.47 us = 27.76 us
SET_ROWS: 16 x 2.227 us = 35.64 us
SSM_CONV: 22 x 4.27 us = 93.96 us
Total time: 10515.6 us.
----------------
Vulkan Timings:
ADD: 60 x 1.842 us = 110.56 us
CONCAT: 22 x 2.425 us = 53.36 us
CPY: 22 x 1.614 us = 35.52 us
FLASH_ATTN_EXT dst(64,32,1,4),  q(64,1,32,4),  k(64,256,8,4),  v(64,256,8,4),  m(256,1,1,4): 8 x 15.01 us = 120.08 us (558.868 GFLOPS/s)
GET_ROWS: 24 x 2.25 us = 54 us
GLU: 30 x 4.438 us = 133.16 us
MUL: 44 x 2.449 us = 107.76 us
MUL_MAT f32 m=64 n=128 k=64: 16 x 2.1 us = 33.6 us (495.421 GFLOPS/s)
MUL_MAT f32 m=64 n=32 k=64: 16 x 2.095 us = 33.52 us (124.151 GFLOPS/s)
MUL_MAT_VEC q4_0_rocmfp4_fast m=10752 n=4 k=2048: 60 x 60.541 us = 3632.48 us (2909.05 GFLOPS/s)
MUL_MAT_VEC q4_0_rocmfp4_fast m=2048 n=1 k=2048 batch=4: 22 x 30.05 us = 661.12 us (1116.31 GFLOPS/s)
MUL_MAT_VEC q4_0_rocmfp4_fast m=2048 n=4 k=10752: 30 x 61.44 us = 1843.2 us (2867.07 GFLOPS/s)
MUL_MAT_VEC q4_0_rocmfp4_fast m=2048 n=4 k=2048: 16 x 18.44 us = 295.04 us (1819.21 GFLOPS/s)
MUL_MAT_VEC q4_0_rocmfp4_fast m=512 n=4 k=2048: 16 x 3.557 us = 56.92 us (2357.43 GFLOPS/s)
MUL_MAT_VEC q4_0_rocmfp4_fast m=6144 n=1 k=2048 batch=4: 22 x 81.494 us = 1792.88 us (1234.91 GFLOPS/s)
MUL_MAT_VEC q6_K m=128000 n=4 k=2048: 1 x 1062.92 us = 1062.92 us (1972.53 GFLOPS/s)
RMS_NORM_MUL RMS_NORM(2048,4,1,1): 61 x 4.333 us = 264.32 us
RMS_NORM_MUL_ROPE RMS_NORM(64,32,4,1): 8 x 8.235 us = 65.88 us
RMS_NORM_MUL_ROPE RMS_NORM(64,8,4,1): 8 x 3.41 us = 27.28 us
SET_ROWS: 16 x 2.15 us = 34.4 us
SSM_CONV: 22 x 4.301 us = 94.64 us
Total time: 10512.6 us.
----------------
Vulkan Timings:
ADD: 60 x 1.857 us = 111.44 us
CONCAT: 22 x 3.443 us = 75.76 us
CPY: 22 x 1.609 us = 35.4 us
FLASH_ATTN_EXT dst(64,32,1,4),  q(64,1,32,4),  k(64,256,8,4),  v(64,256,8,4),  m(256,1,1,4): 8 x 15.61 us = 124.88 us (537.387 GFLOPS/s)
GET_ROWS: 24 x 3.301 us = 79.24 us
GLU: 30 x 4.75 us = 142.52 us
MUL: 44 x 2.506 us = 110.28 us
MUL_MAT f32 m=64 n=128 k=64: 16 x 2.182 us = 34.92 us (476.694 GFLOPS/s)
MUL_MAT f32 m=64 n=32 k=64: 16 x 2.08 us = 33.28 us (125.046 GFLOPS/s)
MUL_MAT_VEC q4_0_rocmfp4_fast m=10752 n=4 k=2048: 60 x 60.771 us = 3646.28 us (2898.04 GFLOPS/s)
MUL_MAT_VEC q4_0_rocmfp4_fast m=2048 n=1 k=2048 batch=4: 22 x 29.77 us = 654.96 us (1126.81 GFLOPS/s)
MUL_MAT_VEC q4_0_rocmfp4_fast m=2048 n=4 k=10752: 30 x 61.937 us = 1858.12 us (2844.05 GFLOPS/s)
MUL_MAT_VEC q4_0_rocmfp4_fast m=2048 n=4 k=2048: 16 x 18.735 us = 299.76 us (1790.57 GFLOPS/s)
MUL_MAT_VEC q4_0_rocmfp4_fast m=512 n=4 k=2048: 16 x 3.642 us = 58.28 us (2302.42 GFLOPS/s)
MUL_MAT_VEC q4_0_rocmfp4_fast m=6144 n=1 k=2048 batch=4: 22 x 82.172 us = 1807.8 us (1224.72 GFLOPS/s)
MUL_MAT_VEC q6_K m=128000 n=4 k=2048: 1 x 1065.24 us = 1065.24 us (1968.23 GFLOPS/s)
RMS_NORM_MUL RMS_NORM(2048,4,1,1): 61 x 4.464 us = 272.36 us
RMS_NORM_MUL_ROPE RMS_NORM(64,32,4,1): 8 x 8.445 us = 67.56 us
RMS_NORM_MUL_ROPE RMS_NORM(64,8,4,1): 8 x 3.465 us = 27.72 us
SET_ROWS: 16 x 2.165 us = 34.64 us
SSM_CONV: 22 x 4.425 us = 97.36 us
Total time: 10637.8 us.
----------------
Vulkan Timings:
ADD: 60 x 2.151 us = 129.08 us
CONCAT: 22 x 2.663 us = 58.6 us
CPY: 22 x 1.61 us = 35.44 us
FLASH_ATTN_EXT dst(64,32,1,4),  q(64,1,32,4),  k(64,256,8,4),  v(64,256,8,4),  m(256,1,1,4): 8 x 18.205 us = 145.64 us (460.786 GFLOPS/s)
GET_ROWS: 24 x 3.035 us = 72.84 us
GLU: 30 x 5.054 us = 151.64 us
MUL: 44 x 2.747 us = 120.88 us
MUL_MAT f32 m=64 n=128 k=64: 16 x 2.302 us = 36.84 us (451.85 GFLOPS/s)
MUL_MAT f32 m=64 n=32 k=64: 16 x 2.16 us = 34.56 us (120.415 GFLOPS/s)
MUL_MAT_VEC q4_0_rocmfp4_fast m=10752 n=4 k=2048: 60 x 68.328 us = 4099.72 us (2577.51 GFLOPS/s)
MUL_MAT_VEC q4_0_rocmfp4_fast m=2048 n=1 k=2048 batch=4: 22 x 32.867 us = 723.08 us (1020.66 GFLOPS/s)
MUL_MAT_VEC q4_0_rocmfp4_fast m=2048 n=4 k=10752: 30 x 69.214 us = 2076.44 us (2545.02 GFLOPS/s)
MUL_MAT_VEC q4_0_rocmfp4_fast m=2048 n=4 k=2048: 16 x 20.72 us = 331.52 us (1619.03 GFLOPS/s)
MUL_MAT_VEC q4_0_rocmfp4_fast m=512 n=4 k=2048: 16 x 4.022 us = 64.36 us (2084.91 GFLOPS/s)
MUL_MAT_VEC q4_0_rocmfp4_fast m=6144 n=1 k=2048 batch=4: 22 x 90.249 us = 1985.48 us (1115.12 GFLOPS/s)
MUL_MAT_VEC q6_K m=128000 n=4 k=2048: 1 x 1082.04 us = 1082.04 us (1937.67 GFLOPS/s)
RMS_NORM_MUL RMS_NORM(2048,4,1,1): 61 x 5.082 us = 310.04 us
RMS_NORM_MUL_ROPE RMS_NORM(64,32,4,1): 8 x 9.2 us = 73.6 us
RMS_NORM_MUL_ROPE RMS_NORM(64,8,4,1): 8 x 3.85 us = 30.8 us
SET_ROWS: 16 x 2.235 us = 35.76 us
SSM_CONV: 22 x 4.978 us = 109.52 us
Total time: 11707.9 us.
----------------
Vulkan Timings:
ADD: 60 x 2.19 us = 131.4 us
CONCAT: 22 x 3.096 us = 68.12 us
CPY: 22 x 1.63 us = 35.88 us
FLASH_ATTN_EXT dst(64,32,1,4),  q(64,1,32,4),  k(64,256,8,4),  v(64,256,8,4),  m(256,1,1,4): 8 x 18.24 us = 145.92 us (459.902 GFLOPS/s)
GET_ROWS: 24 x 2.585 us = 62.04 us
GLU: 30 x 5.404 us = 162.12 us
MUL: 44 x 2.984 us = 131.32 us
MUL_MAT f32 m=64 n=128 k=64: 16 x 2.352 us = 37.64 us (442.246 GFLOPS/s)
MUL_MAT f32 m=64 n=32 k=64: 16 x 2.155 us = 34.48 us (120.694 GFLOPS/s)
MUL_MAT_VEC q4_0_rocmfp4_fast m=10752 n=4 k=2048: 60 x 73.916 us = 4435 us (2382.65 GFLOPS/s)
MUL_MAT_VEC q4_0_rocmfp4_fast m=2048 n=1 k=2048 batch=4: 22 x 35.094 us = 772.08 us (955.882 GFLOPS/s)
MUL_MAT_VEC q4_0_rocmfp4_fast m=2048 n=4 k=10752: 30 x 71.506 us = 2145.2 us (2463.44 GFLOPS/s)
MUL_MAT_VEC q4_0_rocmfp4_fast m=2048 n=4 k=2048: 16 x 20.587 us = 329.4 us (1629.45 GFLOPS/s)
MUL_MAT_VEC q4_0_rocmfp4_fast m=512 n=4 k=2048: 16 x 4.927 us = 78.84 us (1701.99 GFLOPS/s)
MUL_MAT_VEC q4_0_rocmfp4_fast m=6144 n=1 k=2048 batch=4: 22 x 95.918 us = 2110.2 us (1049.21 GFLOPS/s)
MUL_MAT_VEC q6_K m=128000 n=4 k=2048: 1 x 1078.72 us = 1078.72 us (1943.64 GFLOPS/s)
RMS_NORM_MUL RMS_NORM(2048,4,1,1): 61 x 5.25 us = 320.28 us
RMS_NORM_MUL_ROPE RMS_NORM(64,32,4,1): 8 x 9.645 us = 77.16 us
RMS_NORM_MUL_ROPE RMS_NORM(64,8,4,1): 8 x 4.05 us = 32.4 us
SET_ROWS: 16 x 2.582 us = 41.32 us
SSM_CONV: 22 x 5.26 us = 115.72 us
Total time: 12345.2 us.
----------------
Vulkan Timings:
ADD: 60 x 2.219 us = 133.16 us
CONCAT: 22 x 2.843 us = 62.56 us
CPY: 22 x 2.854 us = 62.8 us
FLASH_ATTN_EXT dst(64,32,1,4),  q(64,1,32,4),  k(64,256,8,4),  v(64,256,8,4),  m(256,1,1,4): 8 x 18.445 us = 147.56 us (454.79 GFLOPS/s)
GET_ROWS: 24 x 2.568 us = 61.64 us
GLU: 30 x 5.454 us = 163.64 us
MUL: 44 x 3.03 us = 133.36 us
MUL_MAT f32 m=64 n=128 k=64: 16 x 2.25 us = 36 us (462.393 GFLOPS/s)
MUL_MAT f32 m=64 n=32 k=64: 16 x 2.495 us = 39.92 us (104.247 GFLOPS/s)
MUL_MAT_VEC q4_0_rocmfp4_fast m=10752 n=4 k=2048: 60 x 72.803 us = 4368.2 us (2419.09 GFLOPS/s)
MUL_MAT_VEC q4_0_rocmfp4_fast m=2048 n=1 k=2048 batch=4: 22 x 36.016 us = 792.36 us (931.417 GFLOPS/s)
MUL_MAT_VEC q4_0_rocmfp4_fast m=2048 n=4 k=10752: 30 x 74.162 us = 2224.86 us (2375.24 GFLOPS/s)
MUL_MAT_VEC q4_0_rocmfp4_fast m=2048 n=4 k=2048: 16 x 21.355 us = 341.68 us (1570.88 GFLOPS/s)
MUL_MAT_VEC q4_0_rocmfp4_fast m=512 n=4 k=2048: 16 x 4.682 us = 74.92 us (1791.04 GFLOPS/s)
MUL_MAT_VEC q4_0_rocmfp4_fast m=6144 n=1 k=2048 batch=4: 22 x 95.64 us = 2104.08 us (1052.27 GFLOPS/s)
MUL_MAT_VEC q6_K m=128000 n=4 k=2048: 1 x 1074.48 us = 1074.48 us (1951.31 GFLOPS/s)
RMS_NORM_MUL RMS_NORM(2048,4,1,1): 61 x 5.394 us = 329.04 us
RMS_NORM_MUL_ROPE RMS_NORM(64,32,4,1): 8 x 9.84 us = 78.72 us
RMS_NORM_MUL_ROPE RMS_NORM(64,8,4,1): 8 x 4.23 us = 33.84 us
SET_ROWS: 16 x 2.392 us = 38.28 us
SSM_CONV: 22 x 5.192 us = 114.24 us
Total time: 12415.3 us.
----------------
Vulkan Timings:
ADD: 60 x 1.88 us = 112.8 us
CONCAT: 22 x 2.461 us = 54.16 us
CPY: 22 x 1.561 us = 34.36 us
FLASH_ATTN_EXT dst(64,32,1,4),  q(64,1,32,4),  k(64,256,8,4),  v(64,256,8,4),  m(256,1,1,4): 8 x 16.36 us = 130.88 us (512.751 GFLOPS/s)
GET_ROWS: 24 x 2.333 us = 56 us
GLU: 30 x 4.914 us = 147.44 us
MUL: 44 x 2.571 us = 113.16 us
MUL_MAT f32 m=64 n=128 k=64: 16 x 2.197 us = 35.16 us (473.44 GFLOPS/s)
MUL_MAT f32 m=64 n=32 k=64: 16 x 1.95 us = 31.2 us (133.383 GFLOPS/s)
MUL_MAT_VEC q4_0_rocmfp4_fast m=10752 n=4 k=2048: 60 x 63.73 us = 3823.8 us (2763.5 GFLOPS/s)
MUL_MAT_VEC q4_0_rocmfp4_fast m=2048 n=1 k=2048 batch=4: 22 x 31.607 us = 695.36 us (1061.35 GFLOPS/s)
MUL_MAT_VEC q4_0_rocmfp4_fast m=2048 n=4 k=10752: 30 x 63.396 us = 1901.88 us (2778.61 GFLOPS/s)
MUL_MAT_VEC q4_0_rocmfp4_fast m=2048 n=4 k=2048: 16 x 19.415 us = 310.64 us (1727.85 GFLOPS/s)
MUL_MAT_VEC q4_0_rocmfp4_fast m=512 n=4 k=2048: 16 x 3.722 us = 59.56 us (2252.94 GFLOPS/s)
MUL_MAT_VEC q4_0_rocmfp4_fast m=6144 n=1 k=2048 batch=4: 22 x 84.883 us = 1867.44 us (1185.61 GFLOPS/s)
MUL_MAT_VEC q6_K m=128000 n=4 k=2048: 1 x 1086.8 us = 1086.8 us (1929.19 GFLOPS/s)
RMS_NORM_MUL RMS_NORM(2048,4,1,1): 61 x 4.767 us = 290.8 us
RMS_NORM_MUL_ROPE RMS_NORM(64,32,4,1): 8 x 8.735 us = 69.88 us
RMS_NORM_MUL_ROPE RMS_NORM(64,8,4,1): 8 x 3.6 us = 28.8 us
SET_ROWS: 16 x 2.425 us = 38.8 us
SSM_CONV: 22 x 4.636 us = 102 us
Total time: 10990.9 us.
----------------
Vulkan Timings:
ADD: 60 x 1.788 us = 107.32 us
CONCAT: 22 x 2.349 us = 51.68 us
CPY: 22 x 1.569 us = 34.52 us
FLASH_ATTN_EXT dst(64,32,1,4),  q(64,1,32,4),  k(64,256,8,4),  v(64,256,8,4),  m(256,1,1,4): 8 x 14.765 us = 118.12 us (568.141 GFLOPS/s)
GET_ROWS: 24 x 2.268 us = 54.44 us
GLU: 30 x 4.485 us = 134.56 us
MUL: 44 x 2.476 us = 108.96 us
MUL_MAT f32 m=64 n=128 k=64: 16 x 2.08 us = 33.28 us (500.185 GFLOPS/s)
MUL_MAT f32 m=64 n=32 k=64: 16 x 2.105 us = 33.68 us (123.561 GFLOPS/s)
MUL_MAT_VEC q4_0_rocmfp4_fast m=10752 n=4 k=2048: 60 x 60.938 us = 3656.32 us (2890.08 GFLOPS/s)
MUL_MAT_VEC q4_0_rocmfp4_fast m=2048 n=1 k=2048 batch=4: 22 x 29.392 us = 646.64 us (1141.31 GFLOPS/s)
MUL_MAT_VEC q4_0_rocmfp4_fast m=2048 n=4 k=10752: 30 x 62.552 us = 1876.56 us (2816.1 GFLOPS/s)
MUL_MAT_VEC q4_0_rocmfp4_fast m=2048 n=4 k=2048: 16 x 18.535 us = 296.56 us (1809.89 GFLOPS/s)
MUL_MAT_VEC q4_0_rocmfp4_fast m=512 n=4 k=2048: 16 x 3.565 us = 57.04 us (2352.47 GFLOPS/s)
MUL_MAT_VEC q4_0_rocmfp4_fast m=6144 n=1 k=2048 batch=4: 22 x 80.603 us = 1773.28 us (1248.56 GFLOPS/s)
MUL_MAT_VEC q6_K m=128000 n=4 k=2048: 1 x 1072.24 us = 1072.24 us (1955.38 GFLOPS/s)
RMS_NORM_MUL RMS_NORM(2048,4,1,1): 61 x 4.503 us = 274.72 us
RMS_NORM_MUL_ROPE RMS_NORM(64,32,4,1): 8 x 8.235 us = 65.88 us
RMS_NORM_MUL_ROPE RMS_NORM(64,8,4,1): 8 x 3.43 us = 27.44 us
SET_ROWS: 16 x 2.282 us = 36.52 us
SSM_CONV: 22 x 4.307 us = 94.76 us
Total time: 10554.5 us.
----------------
Vulkan Timings:
ADD: 60 x 1.814 us = 108.88 us
CONCAT: 22 x 2.36 us = 51.92 us
CPY: 22 x 1.589 us = 34.96 us
FLASH_ATTN_EXT dst(64,32,1,4),  q(64,1,32,4),  k(64,256,8,4),  v(64,256,8,4),  m(256,1,1,4): 8 x 15.125 us = 121 us (554.619 GFLOPS/s)
GET_ROWS: 24 x 2.221 us = 53.32 us
GLU: 30 x 4.756 us = 142.68 us
MUL: 44 x 2.459 us = 108.2 us
MUL_MAT f32 m=64 n=128 k=64: 16 x 2.097 us = 33.56 us (496.011 GFLOPS/s)
MUL_MAT f32 m=64 n=32 k=64: 16 x 2.105 us = 33.68 us (123.561 GFLOPS/s)
MUL_MAT_VEC q4_0_rocmfp4_fast m=10752 n=4 k=2048: 60 x 60.257 us = 3615.44 us (2922.76 GFLOPS/s)
MUL_MAT_VEC q4_0_rocmfp4_fast m=2048 n=1 k=2048 batch=4: 22 x 28.65 us = 630.32 us (1170.86 GFLOPS/s)
MUL_MAT_VEC q4_0_rocmfp4_fast m=2048 n=4 k=10752: 30 x 60.21 us = 1806.32 us (2925.6 GFLOPS/s)
MUL_MAT_VEC q4_0_rocmfp4_fast m=2048 n=4 k=2048: 16 x 18.505 us = 296.08 us (1812.82 GFLOPS/s)
MUL_MAT_VEC q4_0_rocmfp4_fast m=512 n=4 k=2048: 16 x 3.57 us = 57.12 us (2349.18 GFLOPS/s)
MUL_MAT_VEC q4_0_rocmfp4_fast m=6144 n=1 k=2048 batch=4: 22 x 81.138 us = 1785.04 us (1240.34 GFLOPS/s)
MUL_MAT_VEC q6_K m=128000 n=4 k=2048: 1 x 1061.92 us = 1061.92 us (1974.39 GFLOPS/s)
RMS_NORM_MUL RMS_NORM(2048,4,1,1): 61 x 4.512 us = 275.28 us
RMS_NORM_MUL_ROPE RMS_NORM(64,32,4,1): 8 x 8.185 us = 65.48 us
RMS_NORM_MUL_ROPE RMS_NORM(64,8,4,1): 8 x 3.415 us = 27.32 us
SET_ROWS: 16 x 2.072 us = 33.16 us
SSM_CONV: 22 x 4.269 us = 93.92 us
Total time: 10435.6 us.
----------------
Vulkan Timings:
ADD: 60 x 1.843 us = 110.6 us
CONCAT: 22 x 2.42 us = 53.24 us
CPY: 22 x 1.581 us = 34.8 us
FLASH_ATTN_EXT dst(64,32,1,4),  q(64,1,32,4),  k(64,256,8,4),  v(64,256,8,4),  m(256,1,1,4): 8 x 17.035 us = 136.28 us (492.434 GFLOPS/s)
GET_ROWS: 24 x 2.231 us = 53.56 us
GLU: 30 x 4.688 us = 140.64 us
MUL: 44 x 2.453 us = 107.96 us
MUL_MAT f32 m=64 n=128 k=64: 16 x 2.64 us = 42.24 us (394.085 GFLOPS/s)
MUL_MAT f32 m=64 n=32 k=64: 16 x 2.102 us = 33.64 us (123.708 GFLOPS/s)
MUL_MAT_VEC q4_0_rocmfp4_fast m=10752 n=4 k=2048: 60 x 60.462 us = 3627.72 us (2912.87 GFLOPS/s)
MUL_MAT_VEC q4_0_rocmfp4_fast m=2048 n=1 k=2048 batch=4: 22 x 28.72 us = 631.84 us (1168.04 GFLOPS/s)
MUL_MAT_VEC q4_0_rocmfp4_fast m=2048 n=4 k=10752: 30 x 61.368 us = 1841.04 us (2870.43 GFLOPS/s)
MUL_MAT_VEC q4_0_rocmfp4_fast m=2048 n=4 k=2048: 16 x 18.525 us = 296.4 us (1810.86 GFLOPS/s)
MUL_MAT_VEC q4_0_rocmfp4_fast m=512 n=4 k=2048: 16 x 3.58 us = 57.28 us (2342.61 GFLOPS/s)
MUL_MAT_VEC q4_0_rocmfp4_fast m=6144 n=1 k=2048 batch=4: 22 x 79.341 us = 1745.52 us (1268.42 GFLOPS/s)
MUL_MAT_VEC q6_K m=128000 n=4 k=2048: 1 x 1061.8 us = 1061.8 us (1974.61 GFLOPS/s)
RMS_NORM_MUL RMS_NORM(2048,4,1,1): 61 x 4.632 us = 282.56 us
RMS_NORM_MUL_ROPE RMS_NORM(64,32,4,1): 8 x 8.395 us = 67.16 us
RMS_NORM_MUL_ROPE RMS_NORM(64,8,4,1): 8 x 3.49 us = 27.92 us
SET_ROWS: 16 x 1.97 us = 31.52 us
SSM_CONV: 22 x 4.292 us = 94.44 us
Total time: 10478.2 us.
----------------
Vulkan Timings:
ADD: 60 x 1.776 us = 106.6 us
CONCAT: 22 x 2.327 us = 51.2 us
CPY: 22 x 1.6 us = 35.2 us
FLASH_ATTN_EXT dst(64,32,1,4),  q(64,1,32,4),  k(64,256,8,4),  v(64,256,8,4),  m(256,1,1,4): 8 x 15.16 us = 121.28 us (553.338 GFLOPS/s)
GET_ROWS: 24 x 2.243 us = 53.84 us
GLU: 30 x 4.529 us = 135.88 us
MUL: 44 x 2.454 us = 108 us
MUL_MAT f32 m=64 n=128 k=64: 16 x 2.102 us = 33.64 us (494.832 GFLOPS/s)
MUL_MAT f32 m=64 n=32 k=64: 16 x 2.1 us = 33.6 us (123.855 GFLOPS/s)
MUL_MAT_VEC q4_0_rocmfp4_fast m=10752 n=4 k=2048: 60 x 60.206 us = 3612.4 us (2925.22 GFLOPS/s)
MUL_MAT_VEC q4_0_rocmfp4_fast m=2048 n=1 k=2048 batch=4: 22 x 29.201 us = 642.44 us (1148.77 GFLOPS/s)
MUL_MAT_VEC q4_0_rocmfp4_fast m=2048 n=4 k=10752: 30 x 60.209 us = 1806.28 us (2925.67 GFLOPS/s)
MUL_MAT_VEC q4_0_rocmfp4_fast m=2048 n=4 k=2048: 16 x 18.447 us = 295.16 us (1818.47 GFLOPS/s)
MUL_MAT_VEC q4_0_rocmfp4_fast m=512 n=4 k=2048: 16 x 3.57 us = 57.12 us (2349.18 GFLOPS/s)
MUL_MAT_VEC q4_0_rocmfp4_fast m=6144 n=1 k=2048 batch=4: 22 x 79.536 us = 1749.8 us (1265.32 GFLOPS/s)
MUL_MAT_VEC q6_K m=128000 n=4 k=2048: 1 x 1059.44 us = 1059.44 us (1979.01 GFLOPS/s)
RMS_NORM_MUL RMS_NORM(2048,4,1,1): 61 x 4.32 us = 263.56 us
RMS_NORM_MUL_ROPE RMS_NORM(64,32,4,1): 8 x 8.165 us = 65.32 us
RMS_NORM_MUL_ROPE RMS_NORM(64,8,4,1): 8 x 3.395 us = 27.16 us
SET_ROWS: 16 x 2.017 us = 32.28 us
SSM_CONV: 22 x 5.472 us = 120.4 us
Total time: 10410.6 us.
----------------
Vulkan Timings:
ADD: 60 x 1.77 us = 106.24 us
CONCAT: 22 x 2.336 us = 51.4 us
CPY: 22 x 1.554 us = 34.2 us
FLASH_ATTN_EXT dst(64,32,1,4),  q(64,1,32,4),  k(64,256,8,4),  v(64,256,8,4),  m(256,1,1,4): 8 x 15.045 us = 120.36 us (557.568 GFLOPS/s)
GET_ROWS: 24 x 2.25 us = 54 us
GLU: 30 x 4.58 us = 137.4 us
MUL: 44 x 2.45 us = 107.84 us
MUL_MAT f32 m=64 n=128 k=64: 16 x 2.1 us = 33.6 us (495.421 GFLOPS/s)
MUL_MAT f32 m=64 n=32 k=64: 16 x 2.097 us = 33.56 us (124.003 GFLOPS/s)
MUL_MAT_VEC q4_0_rocmfp4_fast m=10752 n=4 k=2048: 60 x 60.244 us = 3614.68 us (2923.38 GFLOPS/s)
MUL_MAT_VEC q4_0_rocmfp4_fast m=2048 n=1 k=2048 batch=4: 22 x 29.749 us = 654.48 us (1127.64 GFLOPS/s)
MUL_MAT_VEC q4_0_rocmfp4_fast m=2048 n=4 k=10752: 30 x 62.205 us = 1866.16 us (2831.79 GFLOPS/s)
MUL_MAT_VEC q4_0_rocmfp4_fast m=2048 n=4 k=2048: 16 x 18.557 us = 296.92 us (1807.69 GFLOPS/s)
MUL_MAT_VEC q4_0_rocmfp4_fast m=512 n=4 k=2048: 16 x 3.542 us = 56.68 us (2367.41 GFLOPS/s)
MUL_MAT_VEC q4_0_rocmfp4_fast m=6144 n=1 k=2048 batch=4: 22 x 79.921 us = 1758.28 us (1259.21 GFLOPS/s)
MUL_MAT_VEC q6_K m=128000 n=4 k=2048: 1 x 1117.04 us = 1117.04 us (1876.96 GFLOPS/s)
RMS_NORM_MUL RMS_NORM(2048,4,1,1): 61 x 4.504 us = 274.8 us
RMS_NORM_MUL_ROPE RMS_NORM(64,32,4,1): 8 x 8.26 us = 66.08 us
RMS_NORM_MUL_ROPE RMS_NORM(64,8,4,1): 8 x 3.425 us = 27.4 us
SET_ROWS: 16 x 2.17 us = 34.72 us
SSM_CONV: 22 x 4.27 us = 93.96 us
Total time: 10539.8 us.
----------------
Vulkan Timings:
ADD: 60 x 1.867 us = 112.04 us
CONCAT: 22 x 2.443 us = 53.76 us
CPY: 22 x 1.652 us = 36.36 us
FLASH_ATTN_EXT dst(64,32,1,4),  q(64,1,32,4),  k(64,256,8,4),  v(64,256,8,4),  m(256,1,1,4): 8 x 15.31 us = 122.48 us (547.917 GFLOPS/s)
GET_ROWS: 24 x 2.306 us = 55.36 us
GLU: 30 x 4.63 us = 138.92 us
MUL: 44 x 2.549 us = 112.16 us
MUL_MAT f32 m=64 n=128 k=64: 16 x 2.165 us = 34.64 us (480.547 GFLOPS/s)
MUL_MAT f32 m=64 n=32 k=64: 16 x 2.017 us = 32.28 us (128.92 GFLOPS/s)
MUL_MAT_VEC q4_0_rocmfp4_fast m=10752 n=4 k=2048: 60 x 61.431 us = 3685.88 us (2866.9 GFLOPS/s)
MUL_MAT_VEC q4_0_rocmfp4_fast m=2048 n=1 k=2048 batch=4: 22 x 29.407 us = 646.96 us (1140.75 GFLOPS/s)
MUL_MAT_VEC q4_0_rocmfp4_fast m=2048 n=4 k=10752: 30 x 62.413 us = 1872.4 us (2822.35 GFLOPS/s)
MUL_MAT_VEC q4_0_rocmfp4_fast m=2048 n=4 k=2048: 16 x 18.895 us = 302.32 us (1775.4 GFLOPS/s)
MUL_MAT_VEC q4_0_rocmfp4_fast m=512 n=4 k=2048: 16 x 3.635 us = 58.16 us (2307.17 GFLOPS/s)
MUL_MAT_VEC q4_0_rocmfp4_fast m=6144 n=1 k=2048 batch=4: 22 x 81.55 us = 1794.12 us (1234.06 GFLOPS/s)
MUL_MAT_VEC q6_K m=128000 n=4 k=2048: 1 x 1092.36 us = 1092.36 us (1919.37 GFLOPS/s)
RMS_NORM_MUL RMS_NORM(2048,4,1,1): 61 x 4.589 us = 279.96 us
RMS_NORM_MUL_ROPE RMS_NORM(64,32,4,1): 8 x 8.52 us = 68.16 us
RMS_NORM_MUL_ROPE RMS_NORM(64,8,4,1): 8 x 3.54 us = 28.32 us
SET_ROWS: 16 x 2.45 us = 39.2 us
SSM_CONV: 22 x 4.45 us = 97.92 us
Total time: 10663.8 us.
----------------
Vulkan Timings:
ADD: 60 x 1.882 us = 112.92 us
CONCAT: 22 x 2.449 us = 53.88 us
CPY: 22 x 1.59 us = 35 us
FLASH_ATTN_EXT dst(64,32,1,4),  q(64,1,32,4),  k(64,256,8,4),  v(64,256,8,4),  m(256,1,1,4): 8 x 15.755 us = 126.04 us (532.441 GFLOPS/s)
GET_ROWS: 24 x 2.318 us = 55.64 us
GLU: 30 x 4.812 us = 144.36 us
MUL: 44 x 2.565 us = 112.88 us
MUL_MAT f32 m=64 n=128 k=64: 16 x 2.17 us = 34.72 us (479.44 GFLOPS/s)
MUL_MAT f32 m=64 n=32 k=64: 16 x 2.04 us = 32.64 us (127.498 GFLOPS/s)
MUL_MAT_VEC q4_0_rocmfp4_fast m=10752 n=4 k=2048: 60 x 61.648 us = 3698.92 us (2856.8 GFLOPS/s)
MUL_MAT_VEC q4_0_rocmfp4_fast m=2048 n=1 k=2048 batch=4: 22 x 30.02 us = 660.44 us (1117.46 GFLOPS/s)
MUL_MAT_VEC q4_0_rocmfp4_fast m=2048 n=4 k=10752: 30 x 61.786 us = 1853.6 us (2850.98 GFLOPS/s)
MUL_MAT_VEC q4_0_rocmfp4_fast m=2048 n=4 k=2048: 16 x 19.17 us = 306.72 us (1749.93 GFLOPS/s)
MUL_MAT_VEC q4_0_rocmfp4_fast m=512 n=4 k=2048: 16 x 3.715 us = 59.44 us (2257.49 GFLOPS/s)
MUL_MAT_VEC q4_0_rocmfp4_fast m=6144 n=1 k=2048 batch=4: 22 x 82.803 us = 1821.68 us (1215.39 GFLOPS/s)
MUL_MAT_VEC q6_K m=128000 n=4 k=2048: 1 x 1092.88 us = 1092.88 us (1918.45 GFLOPS/s)
RMS_NORM_MUL RMS_NORM(2048,4,1,1): 61 x 4.699 us = 286.64 us
RMS_NORM_MUL_ROPE RMS_NORM(64,32,4,1): 8 x 8.625 us = 69 us
RMS_NORM_MUL_ROPE RMS_NORM(64,8,4,1): 8 x 3.6 us = 28.8 us
SET_ROWS: 16 x 2.41 us = 38.56 us
SSM_CONV: 22 x 4.514 us = 99.32 us
Total time: 10724.1 us.
----------------
Vulkan Timings:
ADD: 60 x 2.689 us = 161.36 us
CONCAT: 22 x 3.261 us = 71.76 us
CPY: 22 x 2.381 us = 52.4 us
FLASH_ATTN_EXT dst(64,32,1,4),  q(64,1,32,4),  k(64,256,8,4),  v(64,256,8,4),  m(256,1,1,4): 8 x 22.72 us = 181.76 us (369.217 GFLOPS/s)
GET_ROWS: 24 x 3.133 us = 75.2 us
GLU: 30 x 5.969 us = 179.08 us
MUL: 44 x 3.515 us = 154.68 us
MUL_MAT f32 m=64 n=128 k=64: 16 x 2.822 us = 45.16 us (368.604 GFLOPS/s)
MUL_MAT f32 m=64 n=32 k=64: 16 x 2.66 us = 42.56 us (97.7805 GFLOPS/s)
MUL_MAT_VEC q4_0_rocmfp4_fast m=10752 n=4 k=2048: 60 x 96.003 us = 5760.2 us (1834.5 GFLOPS/s)
MUL_MAT_VEC q4_0_rocmfp4_fast m=2048 n=1 k=2048 batch=4: 22 x 43.905 us = 965.92 us (764.056 GFLOPS/s)
MUL_MAT_VEC q4_0_rocmfp4_fast m=2048 n=4 k=10752: 30 x 93.16 us = 2794.8 us (1890.86 GFLOPS/s)
MUL_MAT_VEC q4_0_rocmfp4_fast m=2048 n=4 k=2048: 16 x 25.147 us = 402.36 us (1333.98 GFLOPS/s)
MUL_MAT_VEC q4_0_rocmfp4_fast m=512 n=4 k=2048: 16 x 7.56 us = 120.96 us (1109.33 GFLOPS/s)
MUL_MAT_VEC q4_0_rocmfp4_fast m=6144 n=1 k=2048 batch=4: 22 x 121.456 us = 2672.04 us (828.6 GFLOPS/s)
MUL_MAT_VEC q6_K m=128000 n=4 k=2048: 1 x 1120.76 us = 1120.76 us (1870.73 GFLOPS/s)
RMS_NORM_MUL RMS_NORM(2048,4,1,1): 61 x 6.706 us = 409.08 us
RMS_NORM_MUL_ROPE RMS_NORM(64,32,4,1): 8 x 12.025 us = 96.2 us
RMS_NORM_MUL_ROPE RMS_NORM(64,8,4,1): 8 x 5.155 us = 41.24 us
SET_ROWS: 16 x 3.48 us = 55.68 us
SSM_CONV: 22 x 6.647 us = 146.24 us
Total time: 15549.4 us.
----------------
Vulkan Timings:
ADD: 60 x 2.512 us = 150.76 us
CONCAT: 22 x 3.294 us = 72.48 us
CPY: 22 x 1.794 us = 39.48 us
FLASH_ATTN_EXT dst(64,32,1,4),  q(64,1,32,4),  k(64,256,8,4),  v(64,256,8,4),  m(256,1,1,4): 8 x 20.61 us = 164.88 us (407.016 GFLOPS/s)
GET_ROWS: 24 x 2.915 us = 69.96 us
GLU: 30 x 5.377 us = 161.32 us
MUL: 44 x 3.378 us = 148.64 us
MUL_MAT f32 m=64 n=128 k=64: 16 x 2.587 us = 41.4 us (402.081 GFLOPS/s)
MUL_MAT f32 m=64 n=32 k=64: 16 x 2.495 us = 39.92 us (104.247 GFLOPS/s)
MUL_MAT_VEC q4_0_rocmfp4_fast m=10752 n=4 k=2048: 60 x 83.81 us = 5028.6 us (2101.39 GFLOPS/s)
MUL_MAT_VEC q4_0_rocmfp4_fast m=2048 n=1 k=2048 batch=4: 22 x 38.99 us = 857.8 us (860.361 GFLOPS/s)
MUL_MAT_VEC q4_0_rocmfp4_fast m=2048 n=4 k=10752: 30 x 82.193 us = 2465.8 us (2143.15 GFLOPS/s)
MUL_MAT_VEC q4_0_rocmfp4_fast m=2048 n=4 k=2048: 16 x 22.525 us = 360.4 us (1489.29 GFLOPS/s)
MUL_MAT_VEC q4_0_rocmfp4_fast m=512 n=4 k=2048: 16 x 6.335 us = 101.36 us (1323.85 GFLOPS/s)
MUL_MAT_VEC q4_0_rocmfp4_fast m=6144 n=1 k=2048 batch=4: 22 x 107.101 us = 2356.24 us (939.655 GFLOPS/s)
MUL_MAT_VEC q6_K m=128000 n=4 k=2048: 1 x 1071.76 us = 1071.76 us (1956.26 GFLOPS/s)
RMS_NORM_MUL RMS_NORM(2048,4,1,1): 61 x 6.242 us = 380.8 us
RMS_NORM_MUL_ROPE RMS_NORM(64,32,4,1): 8 x 10.905 us = 87.24 us
RMS_NORM_MUL_ROPE RMS_NORM(64,8,4,1): 8 x 4.61 us = 36.88 us
SET_ROWS: 16 x 2.762 us = 44.2 us
SSM_CONV: 22 x 6.894 us = 151.68 us
Total time: 13831.6 us.
----------------
Vulkan Timings:
ADD: 60 x 1.814 us = 108.84 us
CONCAT: 22 x 2.287 us = 50.32 us
CPY: 22 x 1.647 us = 36.24 us
FLASH_ATTN_EXT dst(64,32,1,4),  q(64,1,32,4),  k(64,256,8,4),  v(64,256,8,4),  m(256,1,1,4): 8 x 14.875 us = 119 us (563.94 GFLOPS/s)
GET_ROWS: 24 x 2.515 us = 60.36 us
GLU: 30 x 4.537 us = 136.12 us
MUL: 44 x 2.446 us = 107.64 us
MUL_MAT f32 m=64 n=128 k=64: 16 x 2.1 us = 33.6 us (495.421 GFLOPS/s)
MUL_MAT f32 m=64 n=32 k=64: 16 x 2.097 us = 33.56 us (124.003 GFLOPS/s)
MUL_MAT_VEC q4_0_rocmfp4_fast m=10752 n=4 k=2048: 60 x 60.105 us = 3606.32 us (2930.15 GFLOPS/s)
MUL_MAT_VEC q4_0_rocmfp4_fast m=2048 n=1 k=2048 batch=4: 22 x 28.805 us = 633.72 us (1164.58 GFLOPS/s)
MUL_MAT_VEC q4_0_rocmfp4_fast m=2048 n=4 k=10752: 30 x 61.294 us = 1838.84 us (2873.86 GFLOPS/s)
MUL_MAT_VEC q4_0_rocmfp4_fast m=2048 n=4 k=2048: 16 x 18.472 us = 295.56 us (1816.01 GFLOPS/s)
MUL_MAT_VEC q4_0_rocmfp4_fast m=512 n=4 k=2048: 16 x 3.557 us = 56.92 us (2357.43 GFLOPS/s)
MUL_MAT_VEC q4_0_rocmfp4_fast m=6144 n=1 k=2048 batch=4: 22 x 79.594 us = 1751.08 us (1264.39 GFLOPS/s)
MUL_MAT_VEC q6_K m=128000 n=4 k=2048: 1 x 1064.92 us = 1064.92 us (1968.82 GFLOPS/s)
RMS_NORM_MUL RMS_NORM(2048,4,1,1): 61 x 4.511 us = 275.2 us
RMS_NORM_MUL_ROPE RMS_NORM(64,32,4,1): 8 x 8.37 us = 66.96 us
RMS_NORM_MUL_ROPE RMS_NORM(64,8,4,1): 8 x 3.455 us = 27.64 us
SET_ROWS: 16 x 2.195 us = 35.12 us
SSM_CONV: 22 x 4.301 us = 94.64 us
Total time: 10432.6 us.
----------------
Vulkan Timings:
ADD: 60 x 1.79 us = 107.4 us
CONCAT: 22 x 2.425 us = 53.36 us
CPY: 22 x 1.576 us = 34.68 us
FLASH_ATTN_EXT dst(64,32,1,4),  q(64,1,32,4),  k(64,256,8,4),  v(64,256,8,4),  m(256,1,1,4): 8 x 16.68 us = 133.44 us (502.914 GFLOPS/s)
GET_ROWS: 24 x 2.226 us = 53.44 us
GLU: 30 x 4.522 us = 135.68 us
MUL: 44 x 2.65 us = 116.6 us
MUL_MAT f32 m=64 n=128 k=64: 16 x 2.105 us = 33.68 us (494.244 GFLOPS/s)
MUL_MAT f32 m=64 n=32 k=64: 16 x 2.102 us = 33.64 us (123.708 GFLOPS/s)
MUL_MAT_VEC q4_0_rocmfp4_fast m=10752 n=4 k=2048: 60 x 59.552 us = 3573.12 us (2957.38 GFLOPS/s)
MUL_MAT_VEC q4_0_rocmfp4_fast m=2048 n=1 k=2048 batch=4: 22 x 28.62 us = 629.64 us (1172.13 GFLOPS/s)
MUL_MAT_VEC q4_0_rocmfp4_fast m=2048 n=4 k=10752: 30 x 60.222 us = 1806.68 us (2925.02 GFLOPS/s)
MUL_MAT_VEC q4_0_rocmfp4_fast m=2048 n=4 k=2048: 16 x 18.99 us = 303.84 us (1766.52 GFLOPS/s)
MUL_MAT_VEC q4_0_rocmfp4_fast m=512 n=4 k=2048: 16 x 3.555 us = 56.88 us (2359.09 GFLOPS/s)
MUL_MAT_VEC q4_0_rocmfp4_fast m=6144 n=1 k=2048 batch=4: 22 x 79.772 us = 1755 us (1261.57 GFLOPS/s)
MUL_MAT_VEC q6_K m=128000 n=4 k=2048: 1 x 1059.56 us = 1059.56 us (1978.78 GFLOPS/s)
RMS_NORM_MUL RMS_NORM(2048,4,1,1): 61 x 4.344 us = 265.04 us
RMS_NORM_MUL_ROPE RMS_NORM(64,32,4,1): 8 x 8.155 us = 65.24 us
RMS_NORM_MUL_ROPE RMS_NORM(64,8,4,1): 8 x 3.375 us = 27 us
SET_ROWS: 16 x 2.012 us = 32.2 us
SSM_CONV: 22 x 4.245 us = 93.4 us
Total time: 10369.5 us.
----------------
Vulkan Timings:
ADD: 60 x 1.781 us = 106.88 us
CONCAT: 22 x 2.34 us = 51.48 us
CPY: 22 x 1.565 us = 34.44 us
FLASH_ATTN_EXT dst(64,32,1,4),  q(64,1,32,4),  k(64,256,8,4),  v(64,256,8,4),  m(256,1,1,4): 8 x 15.205 us = 121.64 us (551.701 GFLOPS/s)
GET_ROWS: 24 x 2.246 us = 53.92 us
GLU: 30 x 4.581 us = 137.44 us
MUL: 44 x 2.454 us = 108 us
MUL_MAT f32 m=64 n=128 k=64: 16 x 2.097 us = 33.56 us (496.011 GFLOPS/s)
MUL_MAT f32 m=64 n=32 k=64: 16 x 2.077 us = 33.24 us (125.197 GFLOPS/s)
MUL_MAT_VEC q4_0_rocmfp4_fast m=10752 n=4 k=2048: 60 x 59.746 us = 3584.8 us (2947.74 GFLOPS/s)
MUL_MAT_VEC q4_0_rocmfp4_fast m=2048 n=1 k=2048 batch=4: 22 x 28.63 us = 629.88 us (1171.68 GFLOPS/s)
MUL_MAT_VEC q4_0_rocmfp4_fast m=2048 n=4 k=10752: 30 x 60.164 us = 1804.92 us (2927.87 GFLOPS/s)
MUL_MAT_VEC q4_0_rocmfp4_fast m=2048 n=4 k=2048: 16 x 18.435 us = 294.96 us (1819.7 GFLOPS/s)
MUL_MAT_VEC q4_0_rocmfp4_fast m=512 n=4 k=2048: 16 x 3.56 us = 56.96 us (2355.78 GFLOPS/s)
MUL_MAT_VEC q4_0_rocmfp4_fast m=6144 n=1 k=2048 batch=4: 22 x 79.007 us = 1738.16 us (1273.79 GFLOPS/s)
MUL_MAT_VEC q6_K m=128000 n=4 k=2048: 1 x 1151.08 us = 1151.08 us (1821.45 GFLOPS/s)
RMS_NORM_MUL RMS_NORM(2048,4,1,1): 61 x 4.491 us = 273.96 us
RMS_NORM_MUL_ROPE RMS_NORM(64,32,4,1): 8 x 8.33 us = 66.64 us
RMS_NORM_MUL_ROPE RMS_NORM(64,8,4,1): 8 x 3.435 us = 27.48 us
SET_ROWS: 16 x 2.122 us = 33.96 us
SSM_CONV: 22 x 4.274 us = 94.04 us
Total time: 10437.4 us.
----------------
Vulkan Timings:
ADD: 60 x 1.778 us = 106.72 us
CONCAT: 22 x 2.332 us = 51.32 us
CPY: 22 x 1.561 us = 34.36 us
FLASH_ATTN_EXT dst(64,32,1,4),  q(64,1,32,4),  k(64,256,8,4),  v(64,256,8,4),  m(256,1,1,4): 8 x 15.14 us = 121.12 us (554.069 GFLOPS/s)
GET_ROWS: 24 x 2.231 us = 53.56 us
GLU: 30 x 4.521 us = 135.64 us
MUL: 44 x 2.44 us = 107.4 us
MUL_MAT f32 m=64 n=128 k=64: 16 x 2.107 us = 33.72 us (493.658 GFLOPS/s)
MUL_MAT f32 m=64 n=32 k=64: 16 x 2.085 us = 33.36 us (124.746 GFLOPS/s)
MUL_MAT_VEC q4_0_rocmfp4_fast m=10752 n=4 k=2048: 60 x 59.504 us = 3570.24 us (2959.76 GFLOPS/s)
MUL_MAT_VEC q4_0_rocmfp4_fast m=2048 n=1 k=2048 batch=4: 22 x 28.62 us = 629.64 us (1172.13 GFLOPS/s)
MUL_MAT_VEC q4_0_rocmfp4_fast m=2048 n=4 k=10752: 30 x 60.001 us = 1800.04 us (2935.81 GFLOPS/s)
MUL_MAT_VEC q4_0_rocmfp4_fast m=2048 n=4 k=2048: 16 x 18.53 us = 296.48 us (1810.37 GFLOPS/s)
MUL_MAT_VEC q4_0_rocmfp4_fast m=512 n=4 k=2048: 16 x 3.57 us = 57.12 us (2349.18 GFLOPS/s)
MUL_MAT_VEC q4_0_rocmfp4_fast m=6144 n=1 k=2048 batch=4: 22 x 79.192 us = 1742.24 us (1270.81 GFLOPS/s)
MUL_MAT_VEC q6_K m=128000 n=4 k=2048: 1 x 1065.52 us = 1065.52 us (1967.72 GFLOPS/s)
RMS_NORM_MUL RMS_NORM(2048,4,1,1): 61 x 4.365 us = 266.32 us
RMS_NORM_MUL_ROPE RMS_NORM(64,32,4,1): 8 x 8.255 us = 66.04 us
RMS_NORM_MUL_ROPE RMS_NORM(64,8,4,1): 8 x 3.405 us = 27.24 us
SET_ROWS: 16 x 2.07 us = 33.12 us
SSM_CONV: 22 x 4.27 us = 93.96 us
Total time: 10325.2 us.
----------------
Vulkan Timings:
ADD: 60 x 1.868 us = 112.08 us
CONCAT: 22 x 2.341 us = 51.52 us
CPY: 22 x 1.561 us = 34.36 us
FLASH_ATTN_EXT dst(64,32,1,4),  q(64,1,32,4),  k(64,256,8,4),  v(64,256,8,4),  m(256,1,1,4): 8 x 14.845 us = 118.76 us (565.08 GFLOPS/s)
GET_ROWS: 24 x 2.256 us = 54.16 us
GLU: 30 x 4.582 us = 137.48 us
MUL: 44 x 2.453 us = 107.96 us
MUL_MAT f32 m=64 n=128 k=64: 16 x 2.182 us = 34.92 us (476.694 GFLOPS/s)
MUL_MAT f32 m=64 n=32 k=64: 16 x 2.162 us = 34.6 us (120.276 GFLOPS/s)
MUL_MAT_VEC q4_0_rocmfp4_fast m=10752 n=4 k=2048: 60 x 60.348 us = 3620.92 us (2918.34 GFLOPS/s)
MUL_MAT_VEC q4_0_rocmfp4_fast m=2048 n=1 k=2048 batch=4: 22 x 28.638 us = 630.04 us (1171.38 GFLOPS/s)
MUL_MAT_VEC q4_0_rocmfp4_fast m=2048 n=4 k=10752: 30 x 61.026 us = 1830.8 us (2886.49 GFLOPS/s)
MUL_MAT_VEC q4_0_rocmfp4_fast m=2048 n=4 k=2048: 16 x 18.595 us = 297.52 us (1804.05 GFLOPS/s)
MUL_MAT_VEC q4_0_rocmfp4_fast m=512 n=4 k=2048: 16 x 3.54 us = 56.64 us (2369.08 GFLOPS/s)
MUL_MAT_VEC q4_0_rocmfp4_fast m=6144 n=1 k=2048 batch=4: 22 x 79.121 us = 1740.68 us (1271.95 GFLOPS/s)
MUL_MAT_VEC q6_K m=128000 n=4 k=2048: 1 x 1075.8 us = 1075.8 us (1948.91 GFLOPS/s)
RMS_NORM_MUL RMS_NORM(2048,4,1,1): 61 x 4.487 us = 273.72 us
RMS_NORM_MUL_ROPE RMS_NORM(64,32,4,1): 8 x 8.35 us = 66.8 us
RMS_NORM_MUL_ROPE RMS_NORM(64,8,4,1): 8 x 3.345 us = 26.76 us
SET_ROWS: 16 x 2.23 us = 35.68 us
SSM_CONV: 22 x 4.289 us = 94.36 us
Total time: 10435.6 us.
----------------
Vulkan Timings:
ADD: 60 x 1.842 us = 110.52 us
CONCAT: 22 x 2.418 us = 53.2 us
CPY: 22 x 1.583 us = 34.84 us
FLASH_ATTN_EXT dst(64,32,1,4),  q(64,1,32,4),  k(64,256,8,4),  v(64,256,8,4),  m(256,1,1,4): 8 x 15.295 us = 122.36 us (548.454 GFLOPS/s)
GET_ROWS: 24 x 2.236 us = 53.68 us
GLU: 30 x 4.661 us = 139.84 us
MUL: 44 x 2.726 us = 119.96 us
MUL_MAT f32 m=64 n=128 k=64: 16 x 2.085 us = 33.36 us (498.985 GFLOPS/s)
MUL_MAT f32 m=64 n=32 k=64: 16 x 2.1 us = 33.6 us (123.855 GFLOPS/s)
MUL_MAT_VEC q4_0_rocmfp4_fast m=10752 n=4 k=2048: 60 x 60.453 us = 3627.2 us (2913.28 GFLOPS/s)
MUL_MAT_VEC q4_0_rocmfp4_fast m=2048 n=1 k=2048 batch=4: 22 x 28.667 us = 630.68 us (1170.19 GFLOPS/s)
MUL_MAT_VEC q4_0_rocmfp4_fast m=2048 n=4 k=10752: 30 x 60.289 us = 1808.68 us (2921.79 GFLOPS/s)
MUL_MAT_VEC q4_0_rocmfp4_fast m=2048 n=4 k=2048: 16 x 18.615 us = 297.84 us (1802.11 GFLOPS/s)
MUL_MAT_VEC q4_0_rocmfp4_fast m=512 n=4 k=2048: 16 x 3.555 us = 56.88 us (2359.09 GFLOPS/s)
MUL_MAT_VEC q4_0_rocmfp4_fast m=6144 n=1 k=2048 batch=4: 22 x 80.101 us = 1762.24 us (1256.38 GFLOPS/s)
MUL_MAT_VEC q6_K m=128000 n=4 k=2048: 1 x 1063.64 us = 1063.64 us (1971.19 GFLOPS/s)
RMS_NORM_MUL RMS_NORM(2048,4,1,1): 61 x 4.52 us = 275.76 us
RMS_NORM_MUL_ROPE RMS_NORM(64,32,4,1): 8 x 8.165 us = 65.32 us
RMS_NORM_MUL_ROPE RMS_NORM(64,8,4,1): 8 x 3.41 us = 27.28 us
SET_ROWS: 16 x 2.022 us = 32.36 us
SSM_CONV: 22 x 4.296 us = 94.52 us
Total time: 10443.8 us.
----------------
Vulkan Timings:
ADD: 60 x 1.942 us = 116.56 us
CONCAT: 22 x 2.747 us = 60.44 us
CPY: 22 x 1.587 us = 34.92 us
FLASH_ATTN_EXT dst(64,32,1,4),  q(64,1,32,4),  k(64,256,8,4),  v(64,256,8,4),  m(256,1,1,4): 8 x 15.1 us = 120.8 us (555.537 GFLOPS/s)
GET_ROWS: 24 x 2.226 us = 53.44 us
GLU: 30 x 4.569 us = 137.08 us
MUL: 44 x 2.536 us = 111.6 us
MUL_MAT f32 m=64 n=128 k=64: 16 x 2.102 us = 33.64 us (494.832 GFLOPS/s)
MUL_MAT f32 m=64 n=32 k=64: 16 x 2.192 us = 35.08 us (118.63 GFLOPS/s)
MUL_MAT_VEC q4_0_rocmfp4_fast m=10752 n=4 k=2048: 60 x 59.848 us = 3590.92 us (2942.72 GFLOPS/s)
MUL_MAT_VEC q4_0_rocmfp4_fast m=2048 n=1 k=2048 batch=4: 22 x 28.607 us = 629.36 us (1172.65 GFLOPS/s)
MUL_MAT_VEC q4_0_rocmfp4_fast m=2048 n=4 k=10752: 30 x 61.224 us = 1836.72 us (2877.18 GFLOPS/s)
MUL_MAT_VEC q4_0_rocmfp4_fast m=2048 n=4 k=2048: 16 x 18.415 us = 294.64 us (1821.68 GFLOPS/s)
MUL_MAT_VEC q4_0_rocmfp4_fast m=512 n=4 k=2048: 16 x 3.555 us = 56.88 us (2359.09 GFLOPS/s)
MUL_MAT_VEC q4_0_rocmfp4_fast m=6144 n=1 k=2048 batch=4: 22 x 79.598 us = 1751.16 us (1264.33 GFLOPS/s)
MUL_MAT_VEC q6_K m=128000 n=4 k=2048: 1 x 1070.28 us = 1070.28 us (1958.96 GFLOPS/s)
RMS_NORM_MUL RMS_NORM(2048,4,1,1): 61 x 4.579 us = 279.36 us
RMS_NORM_MUL_ROPE RMS_NORM(64,32,4,1): 8 x 8.255 us = 66.04 us
RMS_NORM_MUL_ROPE RMS_NORM(64,8,4,1): 8 x 5.235 us = 41.88 us
SET_ROWS: 16 x 2.075 us = 33.2 us
SSM_CONV: 22 x 4.269 us = 93.92 us
Total time: 10447.9 us.
0.30.001.729 I slot print_timing: id  0 | task 331 | prompt eval time =     393.82 ms /   128 tokens (    3.08 ms per token,   325.02 tokens per second)
0.30.001.734 I slot print_timing: id  0 | task 331 |        eval time =    1051.64 ms /    64 tokens (   16.69 ms per token,    59.91 tokens per second)
0.30.001.735 I slot print_timing: id  0 | task 331 |       total time =    1445.46 ms /   192 tokens
0.30.001.736 I slot print_timing: id  0 | task 331 |    graphs reused =        372
0.30.001.761 I slot      release: id  0 | task 331 | stop processing: n_tokens = 191, truncated = 0
0.30.002.049 I slot print_timing: id  1 | task 332 | prompt eval time =     396.07 ms /   128 tokens (    3.09 ms per token,   323.17 tokens per second)
0.30.002.052 I slot print_timing: id  1 | task 332 |        eval time =    1049.52 ms /    64 tokens (   16.66 ms per token,    60.03 tokens per second)
0.30.002.053 I slot print_timing: id  1 | task 332 |       total time =    1445.59 ms /   192 tokens
0.30.002.053 I slot print_timing: id  1 | task 332 |    graphs reused =        372
0.30.002.068 I slot      release: id  1 | task 332 | stop processing: n_tokens = 191, truncated = 0
----------------
Vulkan Timings:
ADD: 60 x 1.811 us = 108.68 us
CONCAT: 22 x 2.47 us = 54.36 us
CPY: 22 x 1.874 us = 41.24 us
FLASH_ATTN_EXT dst(64,32,1,2),  q(64,1,32,2),  k(64,256,8,2),  v(64,256,8,2),  m(256,1,1,2): 8 x 12.245 us = 97.96 us (342.532 GFLOPS/s)
GET_ROWS: 24 x 2.033 us = 48.8 us
GLU: 30 x 3.068 us = 92.04 us
MUL: 44 x 2.524 us = 111.08 us
MUL_MAT f32 m=64 n=16 k=64: 16 x 2.027 us = 32.44 us (64.142 GFLOPS/s)
MUL_MAT f32 m=64 n=64 k=64: 16 x 2.152 us = 34.44 us (241.669 GFLOPS/s)
MUL_MAT_VEC q4_0_rocmfp4_fast m=10752 n=2 k=2048: 60 x 52.496 us = 3149.8 us (1677.42 GFLOPS/s)
MUL_MAT_VEC q4_0_rocmfp4_fast m=2048 n=1 k=2048 batch=2: 22 x 19.212 us = 422.68 us (873.021 GFLOPS/s)
MUL_MAT_VEC q4_0_rocmfp4_fast m=2048 n=2 k=10752: 30 x 53.54 us = 1606.2 us (1645.06 GFLOPS/s)
MUL_MAT_VEC q4_0_rocmfp4_fast m=2048 n=2 k=2048: 16 x 15.15 us = 242.4 us (1107.14 GFLOPS/s)
MUL_MAT_VEC q4_0_rocmfp4_fast m=512 n=2 k=2048: 16 x 2.797 us = 44.76 us (1498.94 GFLOPS/s)
MUL_MAT_VEC q4_0_rocmfp4_fast m=6144 n=1 k=2048 batch=2: 22 x 48.852 us = 1074.76 us (1030.02 GFLOPS/s)
MUL_MAT_VEC q6_K m=128000 n=2 k=2048: 1 x 889.96 us = 889.96 us (1177.94 GFLOPS/s)
RMS_NORM_MUL RMS_NORM(2048,2,1,1): 61 x 4.712 us = 287.44 us
RMS_NORM_MUL_ROPE RMS_NORM(64,32,2,1): 8 x 5.57 us = 44.56 us
RMS_NORM_MUL_ROPE RMS_NORM(64,8,2,1): 8 x 3.6 us = 28.8 us
SET_ROWS: 16 x 2.33 us = 37.28 us
SSM_CONV: 22 x 3.549 us = 78.08 us
Total time: 8527.76 us.
0.30.016.631 I slot print_timing: id  2 | task 334 | prompt eval time =     317.30 ms /   128 tokens (    2.48 ms per token,   403.40 tokens per second)
0.30.016.637 I slot print_timing: id  2 | task 334 |        eval time =     981.10 ms /    64 tokens (   15.57 ms per token,    64.21 tokens per second)
0.30.016.638 I slot print_timing: id  2 | task 334 |       total time =    1298.40 ms /   192 tokens
0.30.016.639 I slot print_timing: id  2 | task 334 |    graphs reused =        372
0.30.016.674 I slot      release: id  2 | task 334 | stop processing: n_tokens = 191, truncated = 0
0.30.016.951 I slot print_timing: id  3 | task 335 | prompt eval time =     318.12 ms /   128 tokens (    2.49 ms per token,   402.36 tokens per second)
0.30.016.954 I slot print_timing: id  3 | task 335 |        eval time =     980.40 ms /    64 tokens (   15.56 ms per token,    64.26 tokens per second)
0.30.016.955 I slot print_timing: id  3 | task 335 |       total time =    1298.53 ms /   192 tokens
0.30.016.955 I slot print_timing: id  3 | task 335 |    graphs reused =        372
0.30.016.973 I slot      release: id  3 | task 335 | stop processing: n_tokens = 191, truncated = 0
0.30.022.062 I slot get_availabl: id  0 | task -1 | selected lowest available slot (compact policy)
0.30.022.095 I slot launch_slot_: id  0 | task 401 | processing task, is_child = 0
0.30.041.908 I slot get_availabl: id  1 | task -1 | selected lowest available slot (compact policy)
0.30.041.943 I slot launch_slot_: id  1 | task 402 | processing task, is_child = 0
0.30.043.431 I slot get_availabl: id  2 | task -1 | selected lowest available slot (compact policy)
0.30.043.474 I slot launch_slot_: id  2 | task 403 | processing task, is_child = 0
0.30.044.210 I slot get_availabl: id  3 | task -1 | selected lowest available slot (compact policy)
0.30.044.246 I slot launch_slot_: id  3 | task 404 | processing task, is_child = 0
----------------
Vulkan Timings:
ADD: 58 x 11.558 us = 670.4 us
CONCAT: 22 x 26.852 us = 590.76 us
CPY: 22 x 4.467 us = 98.28 us
FLASH_ATTN_EXT dst(64,32,32,4),  q(64,32,32,4),  k(64,256,8,4),  v(64,256,8,4),  m(256,32,1,4): 8 x 62.715 us = 501.72 us (4280.24 GFLOPS/s)
GET_ROWS: 22 x 3.307 us = 72.76 us
GLU: 29 x 47.896 us = 1389 us
MUL: 44 x 12.54 us = 551.8 us
MUL_MAT f32 m=64 n=1024 k=64: 16 x 4.805 us = 76.88 us (1732.17 GFLOPS/s)
MUL_MAT f32 m=64 n=4096 k=64: 16 x 7.167 us = 114.68 us (4644.9 GFLOPS/s)
MUL_MAT q4_0_rocmfp4_fast m=10752 n=128 k=2048: 58 x 555.277 us = 32206.1 us (10149.5 GFLOPS/s)
MUL_MAT q4_0_rocmfp4_fast m=2048 n=128 k=10752: 29 x 712.918 us = 20674.6 us (7906.77 GFLOPS/s)
MUL_MAT q4_0_rocmfp4_fast m=2048 n=128 k=2048: 16 x 139.02 us = 2224.32 us (7721.76 GFLOPS/s)
MUL_MAT q4_0_rocmfp4_fast m=2048 n=32 k=2048 batch=4: 22 x 193.223 us = 4250.92 us (5555.63 GFLOPS/s)
MUL_MAT q4_0_rocmfp4_fast m=512 n=128 k=2048: 16 x 57.94 us = 927.04 us (4631.86 GFLOPS/s)
MUL_MAT q4_0_rocmfp4_fast m=6144 n=32 k=2048 batch=4: 22 x 467.705 us = 10289.5 us (6885.62 GFLOPS/s)
RMS_NORM_MUL RMS_NORM(2048,128,1,1): 59 x 13.677 us = 806.96 us
RMS_NORM_MUL_ROPE RMS_NORM(64,32,128,1): 8 x 136.71 us = 1093.68 us
RMS_NORM_MUL_ROPE RMS_NORM(64,8,128,1): 8 x 36.33 us = 290.64 us
SCALE: 22 x 4.683 us = 103.04 us
SET_ROWS: 16 x 4.262 us = 68.2 us
SSM_CONV: 22 x 11.965 us = 263.24 us
Total time: 77264.6 us.
----------------
Vulkan Timings:
ADD: 58 x 8.581 us = 497.72 us
CONCAT: 22 x 23.436 us = 515.6 us
CPY: 22 x 3.836 us = 84.4 us
FLASH_ATTN_EXT dst(64,32,32,4),  q(64,32,32,4),  k(64,256,8,4),  v(64,256,8,4),  m(256,32,1,4): 8 x 59.525 us = 476.2 us (4509.63 GFLOPS/s)
GET_ROWS: 22 x 3.149 us = 69.28 us
GLU: 29 x 41.434 us = 1201.6 us
MUL: 44 x 10.267 us = 451.76 us
MUL_MAT f32 m=64 n=1024 k=64: 16 x 4.495 us = 71.92 us (1851.63 GFLOPS/s)
MUL_MAT f32 m=64 n=4096 k=64: 16 x 5.81 us = 92.96 us (5730.17 GFLOPS/s)
MUL_MAT q4_0_rocmfp4_fast m=10752 n=128 k=2048: 58 x 437.42 us = 25370.4 us (12884.1 GFLOPS/s)
MUL_MAT q4_0_rocmfp4_fast m=2048 n=128 k=10752: 29 x 580.162 us = 16824.7 us (9716.04 GFLOPS/s)
MUL_MAT q4_0_rocmfp4_fast m=2048 n=128 k=2048: 16 x 100.547 us = 1608.76 us (10676.3 GFLOPS/s)
MUL_MAT q4_0_rocmfp4_fast m=2048 n=32 k=2048 batch=4: 22 x 145.525 us = 3201.56 us (7376.58 GFLOPS/s)
MUL_MAT q4_0_rocmfp4_fast m=512 n=128 k=2048: 16 x 46.385 us = 742.16 us (5785.7 GFLOPS/s)
MUL_MAT q4_0_rocmfp4_fast m=6144 n=32 k=2048 batch=4: 22 x 364.629 us = 8021.84 us (8832.1 GFLOPS/s)
RMS_NORM_MUL RMS_NORM(2048,128,1,1): 59 x 10.789 us = 636.6 us
RMS_NORM_MUL_ROPE RMS_NORM(64,32,128,1): 8 x 108.455 us = 867.64 us
RMS_NORM_MUL_ROPE RMS_NORM(64,8,128,1): 8 x 29.7 us = 237.6 us
SET_ROWS: 16 x 2.937 us = 47 us
SSM_CONV: 22 x 9.812 us = 215.88 us
Total time: 61235.6 us.
----------------
Vulkan Timings:
ADD: 58 x 8.491 us = 492.48 us
CONCAT: 22 x 23.147 us = 509.24 us
CPY: 22 x 3.84 us = 84.48 us
FLASH_ATTN_EXT dst(64,32,32,4),  q(64,32,32,4),  k(64,256,8,4),  v(64,256,8,4),  m(256,32,1,4): 8 x 65.19 us = 521.52 us (4117.74 GFLOPS/s)
GET_ROWS: 22 x 3.038 us = 66.84 us
GLU: 29 x 39.097 us = 1133.84 us
MUL: 44 x 9.898 us = 435.52 us
MUL_MAT f32 m=64 n=1024 k=64: 16 x 4.382 us = 70.12 us (1899.16 GFLOPS/s)
MUL_MAT f32 m=64 n=4096 k=64: 16 x 6.932 us = 110.92 us (4802.35 GFLOPS/s)
MUL_MAT q4_0_rocmfp4_fast m=10752 n=128 k=2048: 58 x 422.258 us = 24491 us (13346.7 GFLOPS/s)
MUL_MAT q4_0_rocmfp4_fast m=2048 n=128 k=10752: 29 x 571.38 us = 16570 us (9865.37 GFLOPS/s)
MUL_MAT q4_0_rocmfp4_fast m=2048 n=128 k=2048: 16 x 99.9 us = 1598.4 us (10745.5 GFLOPS/s)
MUL_MAT q4_0_rocmfp4_fast m=2048 n=32 k=2048 batch=4: 22 x 140.52 us = 3091.44 us (7639.34 GFLOPS/s)
MUL_MAT q4_0_rocmfp4_fast m=512 n=128 k=2048: 16 x 46.797 us = 748.76 us (5734.71 GFLOPS/s)
MUL_MAT q4_0_rocmfp4_fast m=6144 n=32 k=2048 batch=4: 22 x 357.114 us = 7856.52 us (9017.94 GFLOPS/s)
RMS_NORM_MUL RMS_NORM(2048,128,1,1): 59 x 10.475 us = 618.08 us
RMS_NORM_MUL_ROPE RMS_NORM(64,32,128,1): 8 x 107.95 us = 863.6 us
RMS_NORM_MUL_ROPE RMS_NORM(64,8,128,1): 8 x 29.16 us = 233.28 us
SET_ROWS: 16 x 2.657 us = 42.52 us
SSM_CONV: 22 x 9.638 us = 212.04 us
Total time: 59750.6 us.
----------------
Vulkan Timings:
ADD: 58 x 8.488 us = 492.36 us
CONCAT: 22 x 14.832 us = 326.32 us
CPY: 22 x 3.53 us = 77.68 us
FLASH_ATTN_EXT dst(64,32,28,4),  q(64,28,32,4),  k(64,256,8,4),  v(64,256,8,4),  m(256,28,1,4): 8 x 77.22 us = 617.76 us (3041.71 GFLOPS/s)
GET_ROWS: 22 x 3.543 us = 77.96 us
GLU: 29 x 38.437 us = 1114.68 us
MUL: 44 x 10.479 us = 461.08 us
MUL_MAT f32 m=64 n=3584 k=64: 16 x 5.822 us = 93.16 us (5003.13 GFLOPS/s)
MUL_MAT f32 m=64 n=896 k=64: 16 x 3.972 us = 63.56 us (1833.28 GFLOPS/s)
MUL_MAT q4_0_rocmfp4_fast m=10752 n=112 k=2048: 58 x 468.944 us = 27198.8 us (10515.7 GFLOPS/s)
MUL_MAT q4_0_rocmfp4_fast m=2048 n=112 k=10752: 29 x 627.137 us = 18187 us (7864.73 GFLOPS/s)
MUL_MAT q4_0_rocmfp4_fast m=2048 n=112 k=2048: 16 x 112.567 us = 1801.08 us (8344.28 GFLOPS/s)
MUL_MAT q4_0_rocmfp4_fast m=2048 n=28 k=2048 batch=4: 22 x 152.89 us = 3363.6 us (6143.56 GFLOPS/s)
MUL_MAT q4_0_rocmfp4_fast m=512 n=112 k=2048: 16 x 48.497 us = 775.96 us (4841.97 GFLOPS/s)
MUL_MAT q4_0_rocmfp4_fast m=6144 n=28 k=2048 batch=4: 22 x 386.018 us = 8492.4 us (7299.87 GFLOPS/s)
RMS_NORM_MUL RMS_NORM(2048,112,1,1): 59 x 9.971 us = 588.32 us
RMS_NORM_MUL_ROPE RMS_NORM(64,32,112,1): 8 x 107.92 us = 863.36 us
RMS_NORM_MUL_ROPE RMS_NORM(64,8,112,1): 8 x 28.75 us = 230 us
SET_ROWS: 16 x 3.117 us = 49.88 us
SSM_CONV: 22 x 9.674 us = 212.84 us
Total time: 65087.8 us.
----------------
Vulkan Timings:
ADD: 60 x 3.135 us = 188.12 us
CONCAT: 22 x 6.483 us = 142.64 us
CPY: 22 x 2.561 us = 56.36 us
FLASH_ATTN_EXT dst(64,32,4,4),  q(64,4,32,4),  k(64,256,8,4),  v(64,256,8,4),  m(256,4,1,4): 8 x 23.12 us = 184.96 us (1451.32 GFLOPS/s)
GET_ROWS: 24 x 3.448 us = 82.76 us
GLU: 30 x 10.197 us = 305.92 us
MUL: 44 x 2.62 us = 115.32 us
MUL_MAT f32 m=64 n=128 k=64: 16 x 3.112 us = 49.8 us (334.26 GFLOPS/s)
MUL_MAT f32 m=64 n=512 k=64: 16 x 2.815 us = 45.04 us (1478.34 GFLOPS/s)
MUL_MAT q4_0_rocmfp4_fast m=10752 n=16 k=2048: 58 x 255.868 us = 14840.4 us (2753.26 GFLOPS/s)
MUL_MAT q4_0_rocmfp4_fast m=2048 n=16 k=10752: 29 x 663.329 us = 19236.6 us (1062.23 GFLOPS/s)
MUL_MAT q4_0_rocmfp4_fast m=2048 n=16 k=2048: 16 x 111.9 us = 1790.4 us (1199.15 GFLOPS/s)
MUL_MAT q4_0_rocmfp4_fast m=512 n=16 k=2048: 16 x 57.187 us = 915 us (586.601 GFLOPS/s)
MUL_MAT_VEC q4_0_rocmfp4_fast m=10752 n=4 k=2048: 2 x 62.06 us = 124.12 us (2837.86 GFLOPS/s)
MUL_MAT_VEC q4_0_rocmfp4_fast m=2048 n=4 k=10752: 1 x 85.88 us = 85.88 us (2051.15 GFLOPS/s)
MUL_MAT_VEC q4_0_rocmfp4_fast m=2048 n=4 k=2048 batch=4: 22 x 189.46 us = 4168.12 us (708.25 GFLOPS/s)
MUL_MAT_VEC q4_0_rocmfp4_fast m=6144 n=4 k=2048 batch=4: 22 x 493.207 us = 10850.6 us (816.198 GFLOPS/s)
MUL_MAT_VEC q6_K m=128000 n=4 k=2048: 1 x 1097.08 us = 1097.08 us (1911.11 GFLOPS/s)
RMS_NORM_MUL RMS_NORM(2048,16,1,1): 59 x 6.336 us = 373.84 us
RMS_NORM_MUL RMS_NORM(2048,4,1,1): 2 x 4.62 us = 9.24 us
RMS_NORM_MUL_ROPE RMS_NORM(64,32,16,1): 8 x 24.7 us = 197.6 us
RMS_NORM_MUL_ROPE RMS_NORM(64,8,16,1): 8 x 8.055 us = 64.44 us
SET_ROWS: 16 x 3.35 us = 53.6 us
SSM_CONV: 22 x 5.607 us = 123.36 us
Total time: 55101.1 us.
----------------
Vulkan Timings:
ADD: 60 x 2.851 us = 171.08 us
CONCAT: 22 x 5.125 us = 112.76 us
CPY: 22 x 4.727 us = 104 us
FLASH_ATTN_EXT dst(64,32,1,4),  q(64,1,32,4),  k(64,256,8,4),  v(64,256,8,4),  m(256,1,1,4): 8 x 31.515 us = 252.12 us (266.178 GFLOPS/s)
GET_ROWS: 24 x 4.275 us = 102.6 us
GLU: 30 x 7.102 us = 213.08 us
MUL: 44 x 4.522 us = 199 us
MUL_MAT f32 m=64 n=128 k=64: 16 x 4.797 us = 76.76 us (216.86 GFLOPS/s)
MUL_MAT f32 m=64 n=32 k=64: 16 x 3.892 us = 62.28 us (66.8198 GFLOPS/s)
MUL_MAT_VEC q4_0_rocmfp4_fast m=10752 n=4 k=2048: 60 x 140.822 us = 8449.32 us (1250.64 GFLOPS/s)
MUL_MAT_VEC q4_0_rocmfp4_fast m=2048 n=1 k=2048 batch=4: 22 x 65.265 us = 1435.84 us (513.997 GFLOPS/s)
MUL_MAT_VEC q4_0_rocmfp4_fast m=2048 n=4 k=10752: 30 x 141.821 us = 4254.64 us (1242.07 GFLOPS/s)
MUL_MAT_VEC q4_0_rocmfp4_fast m=2048 n=4 k=2048: 16 x 37.49 us = 599.84 us (894.805 GFLOPS/s)
MUL_MAT_VEC q4_0_rocmfp4_fast m=512 n=4 k=2048: 16 x 12.137 us = 194.2 us (690.963 GFLOPS/s)
MUL_MAT_VEC q4_0_rocmfp4_fast m=6144 n=1 k=2048 batch=4: 22 x 176.85 us = 3890.72 us (569.06 GFLOPS/s)
MUL_MAT_VEC q6_K m=128000 n=4 k=2048: 1 x 1064.36 us = 1064.36 us (1969.86 GFLOPS/s)
RMS_NORM_MUL RMS_NORM(2048,4,1,1): 61 x 8.849 us = 539.84 us
RMS_NORM_MUL_ROPE RMS_NORM(64,32,4,1): 8 x 14.35 us = 114.8 us
RMS_NORM_MUL_ROPE RMS_NORM(64,8,4,1): 8 x 6.52 us = 52.16 us
SET_ROWS: 16 x 4.645 us = 74.32 us
SSM_CONV: 22 x 9.089 us = 199.96 us
Total time: 22163.7 us.
----------------
Vulkan Timings:
ADD: 60 x 2.255 us = 135.32 us
CONCAT: 22 x 2.55 us = 56.12 us
CPY: 22 x 1.592 us = 35.04 us
FLASH_ATTN_EXT dst(64,32,1,4),  q(64,1,32,4),  k(64,256,8,4),  v(64,256,8,4),  m(256,1,1,4): 8 x 16.715 us = 133.72 us (501.861 GFLOPS/s)
GET_ROWS: 24 x 2.371 us = 56.92 us
GLU: 30 x 4.99 us = 149.72 us
MUL: 44 x 2.637 us = 116.04 us
MUL_MAT f32 m=64 n=128 k=64: 16 x 2.99 us = 47.84 us (347.955 GFLOPS/s)
MUL_MAT f32 m=64 n=32 k=64: 16 x 2.197 us = 35.16 us (118.36 GFLOPS/s)
MUL_MAT_VEC q4_0_rocmfp4_fast m=10752 n=4 k=2048: 60 x 65.468 us = 3928.12 us (2690.11 GFLOPS/s)
MUL_MAT_VEC q4_0_rocmfp4_fast m=2048 n=1 k=2048 batch=4: 22 x 31.572 us = 694.6 us (1062.51 GFLOPS/s)
MUL_MAT_VEC q4_0_rocmfp4_fast m=2048 n=4 k=10752: 30 x 65.238 us = 1957.16 us (2700.13 GFLOPS/s)
MUL_MAT_VEC q4_0_rocmfp4_fast m=2048 n=4 k=2048: 16 x 20.245 us = 323.92 us (1657.01 GFLOPS/s)
MUL_MAT_VEC q4_0_rocmfp4_fast m=512 n=4 k=2048: 16 x 3.88 us = 62.08 us (2161.48 GFLOPS/s)
MUL_MAT_VEC q4_0_rocmfp4_fast m=6144 n=1 k=2048 batch=4: 22 x 86.849 us = 1910.68 us (1158.78 GFLOPS/s)
MUL_MAT_VEC q6_K m=128000 n=4 k=2048: 1 x 1063.88 us = 1063.88 us (1970.75 GFLOPS/s)
RMS_NORM_MUL RMS_NORM(2048,4,1,1): 61 x 4.794 us = 292.44 us
RMS_NORM_MUL_ROPE RMS_NORM(64,32,4,1): 8 x 10.49 us = 83.92 us
RMS_NORM_MUL_ROPE RMS_NORM(64,8,4,1): 8 x 3.71 us = 29.68 us
SET_ROWS: 16 x 2.357 us = 37.72 us
SSM_CONV: 22 x 4.743 us = 104.36 us
Total time: 11254.4 us.
----------------
Vulkan Timings:
ADD: 60 x 2.876 us = 172.6 us
CONCAT: 22 x 3.236 us = 71.2 us
CPY: 22 x 2.083 us = 45.84 us
FLASH_ATTN_EXT dst(64,32,1,4),  q(64,1,32,4),  k(64,256,8,4),  v(64,256,8,4),  m(256,1,1,4): 8 x 21.23 us = 169.84 us (395.13 GFLOPS/s)
GET_ROWS: 24 x 3.091 us = 74.2 us
GLU: 30 x 5.437 us = 163.12 us
MUL: 44 x 3.552 us = 156.32 us
MUL_MAT f32 m=64 n=128 k=64: 16 x 2.677 us = 42.84 us (388.565 GFLOPS/s)
MUL_MAT f32 m=64 n=32 k=64: 16 x 2.827 us = 45.24 us (91.988 GFLOPS/s)
MUL_MAT_VEC q4_0_rocmfp4_fast m=10752 n=4 k=2048: 60 x 95.105 us = 5706.35 us (1851.81 GFLOPS/s)
MUL_MAT_VEC q4_0_rocmfp4_fast m=2048 n=1 k=2048 batch=4: 22 x 42.207 us = 928.56 us (794.798 GFLOPS/s)
MUL_MAT_VEC q4_0_rocmfp4_fast m=2048 n=4 k=10752: 30 x 90.529 us = 2715.88 us (1945.81 GFLOPS/s)
MUL_MAT_VEC q4_0_rocmfp4_fast m=2048 n=4 k=2048: 16 x 24.695 us = 395.12 us (1358.42 GFLOPS/s)
MUL_MAT_VEC q4_0_rocmfp4_fast m=512 n=4 k=2048: 16 x 6.98 us = 111.68 us (1201.51 GFLOPS/s)
MUL_MAT_VEC q4_0_rocmfp4_fast m=6144 n=1 k=2048 batch=4: 22 x 115.774 us = 2547.04 us (869.265 GFLOPS/s)
MUL_MAT_VEC q6_K m=128000 n=4 k=2048: 1 x 1061.44 us = 1061.44 us (1975.28 GFLOPS/s)
RMS_NORM_MUL RMS_NORM(2048,4,1,1): 61 x 6.573 us = 401 us
RMS_NORM_MUL_ROPE RMS_NORM(64,32,4,1): 8 x 11.57 us = 92.56 us
RMS_NORM_MUL_ROPE RMS_NORM(64,8,4,1): 8 x 7.785 us = 62.28 us
SET_ROWS: 16 x 3.242 us = 51.88 us
SSM_CONV: 22 x 6.332 us = 139.32 us
Total time: 15154.3 us.
----------------
Vulkan Timings:
ADD: 60 x 1.876 us = 112.56 us
CONCAT: 22 x 2.467 us = 54.28 us
CPY: 22 x 1.554 us = 34.2 us
FLASH_ATTN_EXT dst(64,32,1,4),  q(64,1,32,4),  k(64,256,8,4),  v(64,256,8,4),  m(256,1,1,4): 8 x 18.245 us = 145.96 us (459.776 GFLOPS/s)
GET_ROWS: 24 x 2.31 us = 55.44 us
GLU: 30 x 4.861 us = 145.84 us
MUL: 44 x 2.579 us = 113.48 us
MUL_MAT f32 m=64 n=128 k=64: 16 x 2.232 us = 35.72 us (466.017 GFLOPS/s)
MUL_MAT f32 m=64 n=32 k=64: 16 x 1.877 us = 30.04 us (138.533 GFLOPS/s)
MUL_MAT_VEC q4_0_rocmfp4_fast m=10752 n=4 k=2048: 60 x 63.23 us = 3793.84 us (2785.32 GFLOPS/s)
MUL_MAT_VEC q4_0_rocmfp4_fast m=2048 n=1 k=2048 batch=4: 22 x 30.823 us = 678.12 us (1088.33 GFLOPS/s)
MUL_MAT_VEC q4_0_rocmfp4_fast m=2048 n=4 k=10752: 30 x 63.073 us = 1892.2 us (2792.82 GFLOPS/s)
MUL_MAT_VEC q4_0_rocmfp4_fast m=2048 n=4 k=2048: 16 x 19.737 us = 315.8 us (1699.62 GFLOPS/s)
MUL_MAT_VEC q4_0_rocmfp4_fast m=512 n=4 k=2048: 16 x 4.557 us = 72.92 us (1840.17 GFLOPS/s)
MUL_MAT_VEC q4_0_rocmfp4_fast m=6144 n=1 k=2048 batch=4: 22 x 85.272 us = 1876 us (1180.2 GFLOPS/s)
MUL_MAT_VEC q6_K m=128000 n=4 k=2048: 1 x 1085.76 us = 1085.76 us (1931.03 GFLOPS/s)
RMS_NORM_MUL RMS_NORM(2048,4,1,1): 61 x 4.71 us = 287.32 us
RMS_NORM_MUL_ROPE RMS_NORM(64,32,4,1): 8 x 8.84 us = 70.72 us
RMS_NORM_MUL_ROPE RMS_NORM(64,8,4,1): 8 x 3.625 us = 29 us
SET_ROWS: 16 x 2.402 us = 38.44 us
SSM_CONV: 22 x 4.634 us = 101.96 us
Total time: 10969.6 us.
----------------
Vulkan Timings:
ADD: 60 x 2.572 us = 154.36 us
CONCAT: 22 x 3.156 us = 69.44 us
CPY: 22 x 1.763 us = 38.8 us
FLASH_ATTN_EXT dst(64,32,1,4),  q(64,1,32,4),  k(64,256,8,4),  v(64,256,8,4),  m(256,1,1,4): 8 x 20.365 us = 162.92 us (411.913 GFLOPS/s)
GET_ROWS: 24 x 2.853 us = 68.48 us
GLU: 30 x 5.478 us = 164.36 us
MUL: 44 x 3.244 us = 142.76 us
MUL_MAT f32 m=64 n=128 k=64: 16 x 2.515 us = 40.24 us (413.672 GFLOPS/s)
MUL_MAT f32 m=64 n=32 k=64: 16 x 2.45 us = 39.2 us (106.162 GFLOPS/s)
MUL_MAT_VEC q4_0_rocmfp4_fast m=10752 n=4 k=2048: 60 x 83.128 us = 4987.68 us (2118.63 GFLOPS/s)
MUL_MAT_VEC q4_0_rocmfp4_fast m=2048 n=1 k=2048 batch=4: 22 x 38.792 us = 853.44 us (864.756 GFLOPS/s)
MUL_MAT_VEC q4_0_rocmfp4_fast m=2048 n=4 k=10752: 30 x 81.85 us = 2455.52 us (2152.12 GFLOPS/s)
MUL_MAT_VEC q4_0_rocmfp4_fast m=2048 n=4 k=2048: 16 x 22.432 us = 358.92 us (1495.43 GFLOPS/s)
MUL_MAT_VEC q4_0_rocmfp4_fast m=512 n=4 k=2048: 16 x 6.287 us = 100.6 us (1333.85 GFLOPS/s)
MUL_MAT_VEC q4_0_rocmfp4_fast m=6144 n=1 k=2048 batch=4: 22 x 107.743 us = 2370.36 us (934.057 GFLOPS/s)
MUL_MAT_VEC q6_K m=128000 n=4 k=2048: 1 x 1061.68 us = 1061.68 us (1974.83 GFLOPS/s)
RMS_NORM_MUL RMS_NORM(2048,4,1,1): 61 x 6.156 us = 375.56 us
RMS_NORM_MUL_ROPE RMS_NORM(64,32,4,1): 8 x 10.62 us = 84.96 us
RMS_NORM_MUL_ROPE RMS_NORM(64,8,4,1): 8 x 4.5 us = 36 us
SET_ROWS: 16 x 2.717 us = 43.48 us
SSM_CONV: 22 x 5.845 us = 128.6 us
Total time: 13737.4 us.
----------------
Vulkan Timings:
ADD: 60 x 1.802 us = 108.12 us
CONCAT: 22 x 2.347 us = 51.64 us
CPY: 22 x 1.587 us = 34.92 us
FLASH_ATTN_EXT dst(64,32,1,4),  q(64,1,32,4),  k(64,256,8,4),  v(64,256,8,4),  m(256,1,1,4): 8 x 15.29 us = 122.32 us (548.634 GFLOPS/s)
GET_ROWS: 24 x 2.235 us = 53.64 us
GLU: 30 x 4.474 us = 134.24 us
MUL: 44 x 2.459 us = 108.2 us
MUL_MAT f32 m=64 n=128 k=64: 16 x 2.107 us = 33.72 us (493.658 GFLOPS/s)
MUL_MAT f32 m=64 n=32 k=64: 16 x 2.097 us = 33.56 us (124.003 GFLOPS/s)
MUL_MAT_VEC q4_0_rocmfp4_fast m=10752 n=4 k=2048: 60 x 59.802 us = 3588.16 us (2944.98 GFLOPS/s)
MUL_MAT_VEC q4_0_rocmfp4_fast m=2048 n=1 k=2048 batch=4: 22 x 29.692 us = 653.24 us (1129.78 GFLOPS/s)
MUL_MAT_VEC q4_0_rocmfp4_fast m=2048 n=4 k=10752: 30 x 61.369 us = 1841.08 us (2870.37 GFLOPS/s)
MUL_MAT_VEC q4_0_rocmfp4_fast m=2048 n=4 k=2048: 16 x 18.485 us = 295.76 us (1814.78 GFLOPS/s)
MUL_MAT_VEC q4_0_rocmfp4_fast m=512 n=4 k=2048: 16 x 3.565 us = 57.04 us (2352.47 GFLOPS/s)
MUL_MAT_VEC q4_0_rocmfp4_fast m=6144 n=1 k=2048 batch=4: 22 x 79.658 us = 1752.48 us (1263.38 GFLOPS/s)
MUL_MAT_VEC q6_K m=128000 n=4 k=2048: 1 x 1144.6 us = 1144.6 us (1831.77 GFLOPS/s)
RMS_NORM_MUL RMS_NORM(2048,4,1,1): 61 x 4.325 us = 263.88 us
RMS_NORM_MUL_ROPE RMS_NORM(64,32,4,1): 8 x 8.235 us = 65.88 us
RMS_NORM_MUL_ROPE RMS_NORM(64,8,4,1): 8 x 3.42 us = 27.36 us
SET_ROWS: 16 x 2.032 us = 32.52 us
SSM_CONV: 22 x 4.29 us = 94.4 us
Total time: 10496.8 us.
----------------
Vulkan Timings:
ADD: 60 x 1.832 us = 109.92 us
CONCAT: 22 x 2.545 us = 56 us
CPY: 22 x 2.056 us = 45.24 us
FLASH_ATTN_EXT dst(64,32,1,4),  q(64,1,32,4),  k(64,256,8,4),  v(64,256,8,4),  m(256,1,1,4): 8 x 15.105 us = 120.84 us (555.353 GFLOPS/s)
GET_ROWS: 24 x 2.25 us = 54 us
GLU: 30 x 4.488 us = 134.64 us
MUL: 44 x 2.52 us = 110.92 us
MUL_MAT f32 m=64 n=128 k=64: 16 x 2.087 us = 33.4 us (498.388 GFLOPS/s)
MUL_MAT f32 m=64 n=32 k=64: 16 x 2.09 us = 33.44 us (124.448 GFLOPS/s)
MUL_MAT_VEC q4_0_rocmfp4_fast m=10752 n=4 k=2048: 60 x 60.315 us = 3618.92 us (2919.95 GFLOPS/s)
MUL_MAT_VEC q4_0_rocmfp4_fast m=2048 n=1 k=2048 batch=4: 22 x 29.17 us = 641.76 us (1149.99 GFLOPS/s)
MUL_MAT_VEC q4_0_rocmfp4_fast m=2048 n=4 k=10752: 30 x 61.534 us = 1846.04 us (2862.66 GFLOPS/s)
MUL_MAT_VEC q4_0_rocmfp4_fast m=2048 n=4 k=2048: 16 x 18.38 us = 294.08 us (1825.15 GFLOPS/s)
MUL_MAT_VEC q4_0_rocmfp4_fast m=512 n=4 k=2048: 16 x 3.55 us = 56.8 us (2362.41 GFLOPS/s)
MUL_MAT_VEC q4_0_rocmfp4_fast m=6144 n=1 k=2048 batch=4: 22 x 79.694 us = 1753.28 us (1262.81 GFLOPS/s)
MUL_MAT_VEC q6_K m=128000 n=4 k=2048: 1 x 1065.2 us = 1065.2 us (1968.31 GFLOPS/s)
RMS_NORM_MUL RMS_NORM(2048,4,1,1): 61 x 4.323 us = 263.72 us
RMS_NORM_MUL_ROPE RMS_NORM(64,32,4,1): 8 x 8.235 us = 65.88 us
RMS_NORM_MUL_ROPE RMS_NORM(64,8,4,1): 8 x 3.41 us = 27.28 us
SET_ROWS: 16 x 2.057 us = 32.92 us
SSM_CONV: 22 x 5.196 us = 114.32 us
Total time: 10478.6 us.
----------------
Vulkan Timings:
ADD: 60 x 1.821 us = 109.28 us
CONCAT: 22 x 2.434 us = 53.56 us
CPY: 22 x 1.66 us = 36.52 us
FLASH_ATTN_EXT dst(64,32,1,4),  q(64,1,32,4),  k(64,256,8,4),  v(64,256,8,4),  m(256,1,1,4): 8 x 15.145 us = 121.16 us (553.886 GFLOPS/s)
GET_ROWS: 24 x 2.278 us = 54.68 us
GLU: 30 x 4.369 us = 131.08 us
MUL: 44 x 2.65 us = 116.6 us
MUL_MAT f32 m=64 n=128 k=64: 16 x 2.152 us = 34.44 us (483.338 GFLOPS/s)
MUL_MAT f32 m=64 n=32 k=64: 16 x 2.13 us = 34.08 us (122.111 GFLOPS/s)
MUL_MAT_VEC q4_0_rocmfp4_fast m=10752 n=4 k=2048: 60 x 60.538 us = 3632.28 us (2909.21 GFLOPS/s)
MUL_MAT_VEC q4_0_rocmfp4_fast m=2048 n=1 k=2048 batch=4: 22 x 29.3 us = 644.6 us (1144.92 GFLOPS/s)
MUL_MAT_VEC q4_0_rocmfp4_fast m=2048 n=4 k=10752: 30 x 61.046 us = 1831.4 us (2885.54 GFLOPS/s)
MUL_MAT_VEC q4_0_rocmfp4_fast m=2048 n=4 k=2048: 16 x 18.512 us = 296.2 us (1812.09 GFLOPS/s)
MUL_MAT_VEC q4_0_rocmfp4_fast m=512 n=4 k=2048: 16 x 3.547 us = 56.76 us (2364.08 GFLOPS/s)
MUL_MAT_VEC q4_0_rocmfp4_fast m=6144 n=1 k=2048 batch=4: 22 x 79.665 us = 1752.64 us (1263.27 GFLOPS/s)
MUL_MAT_VEC q6_K m=128000 n=4 k=2048: 1 x 1068.52 us = 1068.52 us (1962.19 GFLOPS/s)
RMS_NORM_MUL RMS_NORM(2048,4,1,1): 61 x 4.372 us = 266.72 us
RMS_NORM_MUL_ROPE RMS_NORM(64,32,4,1): 8 x 8.345 us = 66.76 us
RMS_NORM_MUL_ROPE RMS_NORM(64,8,4,1): 8 x 3.435 us = 27.48 us
SET_ROWS: 16 x 2.03 us = 32.48 us
SSM_CONV: 22 x 4.598 us = 101.16 us
Total time: 10468.4 us.
----------------
Vulkan Timings:
ADD: 60 x 1.864 us = 111.88 us
CONCAT: 22 x 2.354 us = 51.8 us
CPY: 22 x 1.981 us = 43.6 us
FLASH_ATTN_EXT dst(64,32,1,4),  q(64,1,32,4),  k(64,256,8,4),  v(64,256,8,4),  m(256,1,1,4): 8 x 15.175 us = 121.4 us (552.791 GFLOPS/s)
GET_ROWS: 24 x 2.25 us = 54 us
GLU: 30 x 4.561 us = 136.84 us
MUL: 44 x 2.467 us = 108.56 us
MUL_MAT f32 m=64 n=128 k=64: 16 x 2.105 us = 33.68 us (494.244 GFLOPS/s)
MUL_MAT f32 m=64 n=32 k=64: 16 x 2.107 us = 33.72 us (123.414 GFLOPS/s)
MUL_MAT_VEC q4_0_rocmfp4_fast m=10752 n=4 k=2048: 60 x 60.342 us = 3620.56 us (2918.63 GFLOPS/s)
MUL_MAT_VEC q4_0_rocmfp4_fast m=2048 n=1 k=2048 batch=4: 22 x 29.656 us = 652.44 us (1131.16 GFLOPS/s)
MUL_MAT_VEC q4_0_rocmfp4_fast m=2048 n=4 k=10752: 30 x 60.88 us = 1826.4 us (2893.44 GFLOPS/s)
MUL_MAT_VEC q4_0_rocmfp4_fast m=2048 n=4 k=2048: 16 x 18.45 us = 295.2 us (1818.22 GFLOPS/s)
MUL_MAT_VEC q4_0_rocmfp4_fast m=512 n=4 k=2048: 16 x 3.567 us = 57.08 us (2350.82 GFLOPS/s)
MUL_MAT_VEC q4_0_rocmfp4_fast m=6144 n=1 k=2048 batch=4: 22 x 79.954 us = 1759 us (1258.7 GFLOPS/s)
MUL_MAT_VEC q6_K m=128000 n=4 k=2048: 1 x 1069.12 us = 1069.12 us (1961.09 GFLOPS/s)
RMS_NORM_MUL RMS_NORM(2048,4,1,1): 61 x 4.325 us = 263.88 us
RMS_NORM_MUL_ROPE RMS_NORM(64,32,4,1): 8 x 8.24 us = 65.92 us
RMS_NORM_MUL_ROPE RMS_NORM(64,8,4,1): 8 x 3.42 us = 27.36 us
SET_ROWS: 16 x 1.997 us = 31.96 us
SSM_CONV: 22 x 4.72 us = 103.84 us
Total time: 10468.2 us.
----------------
Vulkan Timings:
ADD: 60 x 1.808 us = 108.48 us
CONCAT: 22 x 2.389 us = 52.56 us
CPY: 22 x 1.601 us = 35.24 us
FLASH_ATTN_EXT dst(64,32,1,4),  q(64,1,32,4),  k(64,256,8,4),  v(64,256,8,4),  m(256,1,1,4): 8 x 14.93 us = 119.44 us (561.863 GFLOPS/s)
GET_ROWS: 24 x 2.27 us = 54.48 us
GLU: 30 x 5.828 us = 174.84 us
MUL: 44 x 2.483 us = 109.28 us
MUL_MAT f32 m=64 n=128 k=64: 16 x 2.117 us = 33.88 us (491.327 GFLOPS/s)
MUL_MAT f32 m=64 n=32 k=64: 16 x 2.102 us = 33.64 us (123.708 GFLOPS/s)
MUL_MAT_VEC q4_0_rocmfp4_fast m=10752 n=4 k=2048: 60 x 59.746 us = 3584.8 us (2947.74 GFLOPS/s)
MUL_MAT_VEC q4_0_rocmfp4_fast m=2048 n=1 k=2048 batch=4: 22 x 29.223 us = 642.92 us (1147.91 GFLOPS/s)
MUL_MAT_VEC q4_0_rocmfp4_fast m=2048 n=4 k=10752: 30 x 61.018 us = 1830.56 us (2886.86 GFLOPS/s)
MUL_MAT_VEC q4_0_rocmfp4_fast m=2048 n=4 k=2048: 16 x 18.395 us = 294.32 us (1823.66 GFLOPS/s)
MUL_MAT_VEC q4_0_rocmfp4_fast m=512 n=4 k=2048: 16 x 3.54 us = 56.64 us (2369.08 GFLOPS/s)
MUL_MAT_VEC q4_0_rocmfp4_fast m=6144 n=1 k=2048 batch=4: 22 x 79.06 us = 1739.32 us (1272.94 GFLOPS/s)
MUL_MAT_VEC q6_K m=128000 n=4 k=2048: 1 x 1060.48 us = 1060.48 us (1977.07 GFLOPS/s)
RMS_NORM_MUL RMS_NORM(2048,4,1,1): 61 x 4.366 us = 266.36 us
RMS_NORM_MUL_ROPE RMS_NORM(64,32,4,1): 8 x 8.275 us = 66.2 us
RMS_NORM_MUL_ROPE RMS_NORM(64,8,4,1): 8 x 3.415 us = 27.32 us
SET_ROWS: 16 x 2.065 us = 33.04 us
SSM_CONV: 22 x 4.301 us = 94.64 us
Total time: 10418.4 us.
----------------
Vulkan Timings:
ADD: 60 x 1.824 us = 109.48 us
CONCAT: 22 x 2.336 us = 51.4 us
CPY: 22 x 1.572 us = 34.6 us
FLASH_ATTN_EXT dst(64,32,1,4),  q(64,1,32,4),  k(64,256,8,4),  v(64,256,8,4),  m(256,1,1,4): 8 x 14.975 us = 119.8 us (560.174 GFLOPS/s)
GET_ROWS: 24 x 2.246 us = 53.92 us
GLU: 30 x 4.661 us = 139.84 us
MUL: 44 x 2.458 us = 108.16 us
MUL_MAT f32 m=64 n=128 k=64: 16 x 2.092 us = 33.48 us (497.197 GFLOPS/s)
MUL_MAT f32 m=64 n=32 k=64: 16 x 2.097 us = 33.56 us (124.003 GFLOPS/s)
MUL_MAT_VEC q4_0_rocmfp4_fast m=10752 n=4 k=2048: 60 x 60.353 us = 3621.2 us (2918.11 GFLOPS/s)
MUL_MAT_VEC q4_0_rocmfp4_fast m=2048 n=1 k=2048 batch=4: 22 x 29.381 us = 646.4 us (1141.73 GFLOPS/s)
MUL_MAT_VEC q4_0_rocmfp4_fast m=2048 n=4 k=10752: 30 x 60.753 us = 1822.6 us (2899.47 GFLOPS/s)
MUL_MAT_VEC q4_0_rocmfp4_fast m=2048 n=4 k=2048: 16 x 18.38 us = 294.08 us (1825.15 GFLOPS/s)
MUL_MAT_VEC q4_0_rocmfp4_fast m=512 n=4 k=2048: 16 x 3.555 us = 56.88 us (2359.09 GFLOPS/s)
MUL_MAT_VEC q4_0_rocmfp4_fast m=6144 n=1 k=2048 batch=4: 22 x 79.01 us = 1738.24 us (1273.73 GFLOPS/s)
MUL_MAT_VEC q6_K m=128000 n=4 k=2048: 1 x 1063.28 us = 1063.28 us (1971.86 GFLOPS/s)
RMS_NORM_MUL RMS_NORM(2048,4,1,1): 61 x 4.36 us = 265.96 us
RMS_NORM_MUL_ROPE RMS_NORM(64,32,4,1): 8 x 8.21 us = 65.68 us
RMS_NORM_MUL_ROPE RMS_NORM(64,8,4,1): 8 x 3.425 us = 27.4 us
SET_ROWS: 16 x 2.117 us = 33.88 us
SSM_CONV: 22 x 4.274 us = 94.04 us
Total time: 10413.9 us.
----------------
Vulkan Timings:
ADD: 60 x 1.893 us = 113.6 us
CONCAT: 22 x 2.436 us = 53.6 us
CPY: 22 x 1.583 us = 34.84 us
FLASH_ATTN_EXT dst(64,32,1,4),  q(64,1,32,4),  k(64,256,8,4),  v(64,256,8,4),  m(256,1,1,4): 8 x 17.35 us = 138.8 us (483.493 GFLOPS/s)
GET_ROWS: 24 x 2.68 us = 64.32 us
GLU: 30 x 4.838 us = 145.16 us
MUL: 44 x 2.552 us = 112.32 us
MUL_MAT f32 m=64 n=128 k=64: 16 x 2.16 us = 34.56 us (481.659 GFLOPS/s)
MUL_MAT f32 m=64 n=32 k=64: 16 x 1.897 us = 30.36 us (137.073 GFLOPS/s)
MUL_MAT_VEC q4_0_rocmfp4_fast m=10752 n=4 k=2048: 60 x 62.404 us = 3744.24 us (2822.22 GFLOPS/s)
MUL_MAT_VEC q4_0_rocmfp4_fast m=2048 n=1 k=2048 batch=4: 22 x 30.674 us = 674.84 us (1093.62 GFLOPS/s)
MUL_MAT_VEC q4_0_rocmfp4_fast m=2048 n=4 k=10752: 30 x 63.34 us = 1900.2 us (2781.06 GFLOPS/s)
MUL_MAT_VEC q4_0_rocmfp4_fast m=2048 n=4 k=2048: 16 x 19.277 us = 308.44 us (1740.18 GFLOPS/s)
MUL_MAT_VEC q4_0_rocmfp4_fast m=512 n=4 k=2048: 16 x 3.747 us = 59.96 us (2237.91 GFLOPS/s)
MUL_MAT_VEC q4_0_rocmfp4_fast m=6144 n=1 k=2048 batch=4: 22 x 83.416 us = 1835.16 us (1206.46 GFLOPS/s)
MUL_MAT_VEC q6_K m=128000 n=4 k=2048: 1 x 1074.36 us = 1074.36 us (1951.52 GFLOPS/s)
RMS_NORM_MUL RMS_NORM(2048,4,1,1): 61 x 4.716 us = 287.72 us
RMS_NORM_MUL_ROPE RMS_NORM(64,32,4,1): 8 x 8.62 us = 68.96 us
RMS_NORM_MUL_ROPE RMS_NORM(64,8,4,1): 8 x 3.69 us = 29.52 us
SET_ROWS: 16 x 2.552 us = 40.84 us
SSM_CONV: 22 x 4.534 us = 99.76 us
Total time: 10851.6 us.
----------------
Vulkan Timings:
ADD: 60 x 3.19 us = 191.4 us
CONCAT: 22 x 4.23 us = 93.08 us
CPY: 22 x 3.58 us = 78.76 us
FLASH_ATTN_EXT dst(64,32,1,4),  q(64,1,32,4),  k(64,256,8,4),  v(64,256,8,4),  m(256,1,1,4): 8 x 27.29 us = 218.32 us (307.388 GFLOPS/s)
GET_ROWS: 24 x 3.908 us = 93.8 us
GLU: 30 x 6.269 us = 188.08 us
MUL: 44 x 4 us = 176 us
MUL_MAT f32 m=64 n=128 k=64: 16 x 4.12 us = 65.92 us (252.52 GFLOPS/s)
MUL_MAT f32 m=64 n=32 k=64: 16 x 3.495 us = 55.92 us (74.4195 GFLOPS/s)
MUL_MAT_VEC q4_0_rocmfp4_fast m=10752 n=4 k=2048: 60 x 114.865 us = 6891.92 us (1533.25 GFLOPS/s)
MUL_MAT_VEC q4_0_rocmfp4_fast m=2048 n=1 k=2048 batch=4: 22 x 54.349 us = 1195.68 us (617.236 GFLOPS/s)
MUL_MAT_VEC q4_0_rocmfp4_fast m=2048 n=4 k=10752: 30 x 114.957 us = 3448.72 us (1532.33 GFLOPS/s)
MUL_MAT_VEC q4_0_rocmfp4_fast m=2048 n=4 k=2048: 16 x 31.347 us = 501.56 us (1070.14 GFLOPS/s)
MUL_MAT_VEC q4_0_rocmfp4_fast m=512 n=4 k=2048: 16 x 9.37 us = 149.92 us (895.044 GFLOPS/s)
MUL_MAT_VEC q4_0_rocmfp4_fast m=6144 n=1 k=2048 batch=4: 22 x 147.121 us = 3236.68 us (684.05 GFLOPS/s)
MUL_MAT_VEC q6_K m=128000 n=4 k=2048: 1 x 1065.56 us = 1065.56 us (1967.64 GFLOPS/s)
RMS_NORM_MUL RMS_NORM(2048,4,1,1): 61 x 7.394 us = 451.08 us
RMS_NORM_MUL_ROPE RMS_NORM(64,32,4,1): 8 x 13.215 us = 105.72 us
RMS_NORM_MUL_ROPE RMS_NORM(64,8,4,1): 8 x 5.73 us = 45.84 us
SET_ROWS: 16 x 4.1 us = 65.6 us
SSM_CONV: 22 x 6.798 us = 149.56 us
Total time: 18469.1 us.
----------------
Vulkan Timings:
ADD: 60 x 1.98 us = 118.84 us
CONCAT: 22 x 2.616 us = 57.56 us
CPY: 22 x 1.63 us = 35.88 us
FLASH_ATTN_EXT dst(64,32,1,4),  q(64,1,32,4),  k(64,256,8,4),  v(64,256,8,4),  m(256,1,1,4): 8 x 17.19 us = 137.52 us (487.993 GFLOPS/s)
GET_ROWS: 24 x 2.918 us = 70.04 us
GLU: 30 x 5.101 us = 153.04 us
MUL: 44 x 2.734 us = 120.32 us
MUL_MAT f32 m=64 n=128 k=64: 16 x 2.255 us = 36.08 us (461.368 GFLOPS/s)
MUL_MAT f32 m=64 n=32 k=64: 16 x 2.17 us = 34.72 us (119.86 GFLOPS/s)
MUL_MAT_VEC q4_0_rocmfp4_fast m=10752 n=4 k=2048: 60 x 68.254 us = 4095.28 us (2580.3 GFLOPS/s)
MUL_MAT_VEC q4_0_rocmfp4_fast m=2048 n=1 k=2048 batch=4: 22 x 32.821 us = 722.08 us (1022.07 GFLOPS/s)
MUL_MAT_VEC q4_0_rocmfp4_fast m=2048 n=4 k=10752: 30 x 68.032 us = 2040.96 us (2589.26 GFLOPS/s)
MUL_MAT_VEC q4_0_rocmfp4_fast m=2048 n=4 k=2048: 16 x 20.367 us = 325.88 us (1647.05 GFLOPS/s)
MUL_MAT_VEC q4_0_rocmfp4_fast m=512 n=4 k=2048: 16 x 3.927 us = 62.84 us (2135.34 GFLOPS/s)
MUL_MAT_VEC q4_0_rocmfp4_fast m=6144 n=1 k=2048 batch=4: 22 x 88.667 us = 1950.68 us (1135.02 GFLOPS/s)
MUL_MAT_VEC q6_K m=128000 n=4 k=2048: 1 x 1077.28 us = 1077.28 us (1946.23 GFLOPS/s)
RMS_NORM_MUL RMS_NORM(2048,4,1,1): 61 x 5.124 us = 312.6 us
RMS_NORM_MUL_ROPE RMS_NORM(64,32,4,1): 8 x 9.27 us = 74.16 us
RMS_NORM_MUL_ROPE RMS_NORM(64,8,4,1): 8 x 3.87 us = 30.96 us
SET_ROWS: 16 x 2.487 us = 39.8 us
SSM_CONV: 22 x 4.912 us = 108.08 us
Total time: 11604.6 us.
----------------
Vulkan Timings:
ADD: 60 x 1.875 us = 112.52 us
CONCAT: 22 x 2.425 us = 53.36 us
CPY: 22 x 1.605 us = 35.32 us
FLASH_ATTN_EXT dst(64,32,1,4),  q(64,1,32,4),  k(64,256,8,4),  v(64,256,8,4),  m(256,1,1,4): 8 x 16.515 us = 132.12 us (507.939 GFLOPS/s)
GET_ROWS: 24 x 2.383 us = 57.2 us
GLU: 30 x 4.689 us = 140.68 us
MUL: 44 x 2.538 us = 111.68 us
MUL_MAT f32 m=64 n=128 k=64: 16 x 2.417 us = 38.68 us (430.355 GFLOPS/s)
MUL_MAT f32 m=64 n=32 k=64: 16 x 2.04 us = 32.64 us (127.498 GFLOPS/s)
MUL_MAT_VEC q4_0_rocmfp4_fast m=10752 n=4 k=2048: 60 x 61.455 us = 3687.32 us (2865.78 GFLOPS/s)
MUL_MAT_VEC q4_0_rocmfp4_fast m=2048 n=1 k=2048 batch=4: 22 x 30.169 us = 663.72 us (1111.94 GFLOPS/s)
MUL_MAT_VEC q4_0_rocmfp4_fast m=2048 n=4 k=10752: 30 x 62.29 us = 1868.72 us (2827.91 GFLOPS/s)
MUL_MAT_VEC q4_0_rocmfp4_fast m=2048 n=4 k=2048: 16 x 19.312 us = 309 us (1737.02 GFLOPS/s)
MUL_MAT_VEC q4_0_rocmfp4_fast m=512 n=4 k=2048: 16 x 3.76 us = 60.16 us (2230.47 GFLOPS/s)
MUL_MAT_VEC q4_0_rocmfp4_fast m=6144 n=1 k=2048 batch=4: 22 x 82.063 us = 1805.4 us (1226.35 GFLOPS/s)
MUL_MAT_VEC q6_K m=128000 n=4 k=2048: 1 x 1073.56 us = 1073.56 us (1952.98 GFLOPS/s)
RMS_NORM_MUL RMS_NORM(2048,4,1,1): 61 x 4.918 us = 300.04 us
RMS_NORM_MUL_ROPE RMS_NORM(64,32,4,1): 8 x 8.485 us = 67.88 us
RMS_NORM_MUL_ROPE RMS_NORM(64,8,4,1): 8 x 4.55 us = 36.4 us
SET_ROWS: 16 x 2.515 us = 40.24 us
SSM_CONV: 22 x 4.449 us = 97.88 us
Total time: 10724.5 us.
----------------
Vulkan Timings:
ADD: 60 x 1.812 us = 108.72 us
CONCAT: 22 x 2.367 us = 52.08 us
CPY: 22 x 1.581 us = 34.8 us
FLASH_ATTN_EXT dst(64,32,1,4),  q(64,1,32,4),  k(64,256,8,4),  v(64,256,8,4),  m(256,1,1,4): 8 x 15.235 us = 121.88 us (550.614 GFLOPS/s)
GET_ROWS: 24 x 2.318 us = 55.64 us
GLU: 30 x 4.526 us = 135.8 us
MUL: 44 x 2.501 us = 110.08 us
MUL_MAT f32 m=64 n=128 k=64: 16 x 2.135 us = 34.16 us (487.299 GFLOPS/s)
MUL_MAT f32 m=64 n=32 k=64: 16 x 2.102 us = 33.64 us (123.708 GFLOPS/s)
MUL_MAT_VEC q4_0_rocmfp4_fast m=10752 n=4 k=2048: 60 x 60.62 us = 3637.2 us (2905.27 GFLOPS/s)
MUL_MAT_VEC q4_0_rocmfp4_fast m=2048 n=1 k=2048 batch=4: 22 x 29.201 us = 642.44 us (1148.77 GFLOPS/s)
MUL_MAT_VEC q4_0_rocmfp4_fast m=2048 n=4 k=10752: 30 x 61.364 us = 1840.92 us (2870.62 GFLOPS/s)
MUL_MAT_VEC q4_0_rocmfp4_fast m=2048 n=4 k=2048: 16 x 18.46 us = 295.36 us (1817.24 GFLOPS/s)
MUL_MAT_VEC q4_0_rocmfp4_fast m=512 n=4 k=2048: 16 x 3.83 us = 61.28 us (2189.7 GFLOPS/s)
MUL_MAT_VEC q4_0_rocmfp4_fast m=6144 n=1 k=2048 batch=4: 22 x 79.103 us = 1740.28 us (1272.24 GFLOPS/s)
MUL_MAT_VEC q6_K m=128000 n=4 k=2048: 1 x 1063.96 us = 1063.96 us (1970.6 GFLOPS/s)
RMS_NORM_MUL RMS_NORM(2048,4,1,1): 61 x 4.851 us = 295.92 us
RMS_NORM_MUL_ROPE RMS_NORM(64,32,4,1): 8 x 10.275 us = 82.2 us
RMS_NORM_MUL_ROPE RMS_NORM(64,8,4,1): 8 x 3.44 us = 27.52 us
SET_ROWS: 16 x 2.007 us = 32.12 us
SSM_CONV: 22 x 4.358 us = 95.88 us
Total time: 10501.9 us.
----------------
Vulkan Timings:
ADD: 60 x 1.816 us = 108.96 us
CONCAT: 22 x 2.776 us = 61.08 us
CPY: 22 x 1.576 us = 34.68 us
FLASH_ATTN_EXT dst(64,32,1,4),  q(64,1,32,4),  k(64,256,8,4),  v(64,256,8,4),  m(256,1,1,4): 8 x 15.245 us = 121.96 us (550.253 GFLOPS/s)
GET_ROWS: 24 x 2.25 us = 54 us
GLU: 30 x 4.581 us = 137.44 us
MUL: 44 x 2.782 us = 122.44 us
MUL_MAT f32 m=64 n=128 k=64: 16 x 2.117 us = 33.88 us (491.327 GFLOPS/s)
MUL_MAT f32 m=64 n=32 k=64: 16 x 2.197 us = 35.16 us (118.36 GFLOPS/s)
MUL_MAT_VEC q4_0_rocmfp4_fast m=10752 n=4 k=2048: 60 x 59.858 us = 3591.48 us (2942.26 GFLOPS/s)
MUL_MAT_VEC q4_0_rocmfp4_fast m=2048 n=1 k=2048 batch=4: 22 x 28.632 us = 629.92 us (1171.6 GFLOPS/s)
MUL_MAT_VEC q4_0_rocmfp4_fast m=2048 n=4 k=10752: 30 x 60.244 us = 1807.32 us (2923.99 GFLOPS/s)
MUL_MAT_VEC q4_0_rocmfp4_fast m=2048 n=4 k=2048: 16 x 18.505 us = 296.08 us (1812.82 GFLOPS/s)
MUL_MAT_VEC q4_0_rocmfp4_fast m=512 n=4 k=2048: 16 x 3.57 us = 57.12 us (2349.18 GFLOPS/s)
MUL_MAT_VEC q4_0_rocmfp4_fast m=6144 n=1 k=2048 batch=4: 22 x 79.565 us = 1750.44 us (1264.85 GFLOPS/s)
MUL_MAT_VEC q6_K m=128000 n=4 k=2048: 1 x 1130.56 us = 1130.56 us (1854.51 GFLOPS/s)
RMS_NORM_MUL RMS_NORM(2048,4,1,1): 61 x 4.335 us = 264.44 us
RMS_NORM_MUL_ROPE RMS_NORM(64,32,4,1): 8 x 8.28 us = 66.24 us
RMS_NORM_MUL_ROPE RMS_NORM(64,8,4,1): 8 x 3.42 us = 27.36 us
SET_ROWS: 16 x 2.037 us = 32.6 us
SSM_CONV: 22 x 4.292 us = 94.44 us
Total time: 10457.6 us.
----------------
Vulkan Timings:
ADD: 60 x 1.87 us = 112.2 us
CONCAT: 22 x 2.385 us = 52.48 us
CPY: 22 x 1.589 us = 34.96 us
FLASH_ATTN_EXT dst(64,32,1,4),  q(64,1,32,4),  k(64,256,8,4),  v(64,256,8,4),  m(256,1,1,4): 8 x 15.02 us = 120.16 us (558.496 GFLOPS/s)
GET_ROWS: 24 x 2.245 us = 53.88 us
GLU: 30 x 4.566 us = 137 us
MUL: 44 x 2.507 us = 110.32 us
MUL_MAT f32 m=64 n=128 k=64: 16 x 2.127 us = 34.04 us (489.017 GFLOPS/s)
MUL_MAT f32 m=64 n=32 k=64: 16 x 2.127 us = 34.04 us (122.254 GFLOPS/s)
MUL_MAT_VEC q4_0_rocmfp4_fast m=10752 n=4 k=2048: 60 x 60.452 us = 3627.12 us (2913.35 GFLOPS/s)
MUL_MAT_VEC q4_0_rocmfp4_fast m=2048 n=1 k=2048 batch=4: 22 x 28.881 us = 635.4 us (1161.5 GFLOPS/s)
MUL_MAT_VEC q4_0_rocmfp4_fast m=2048 n=4 k=10752: 30 x 60.045 us = 1801.36 us (2933.66 GFLOPS/s)
MUL_MAT_VEC q4_0_rocmfp4_fast m=2048 n=4 k=2048: 16 x 18.412 us = 294.6 us (1821.93 GFLOPS/s)
MUL_MAT_VEC q4_0_rocmfp4_fast m=512 n=4 k=2048: 16 x 3.547 us = 56.76 us (2364.08 GFLOPS/s)
MUL_MAT_VEC q4_0_rocmfp4_fast m=6144 n=1 k=2048 batch=4: 22 x 79.07 us = 1739.56 us (1272.77 GFLOPS/s)
MUL_MAT_VEC q6_K m=128000 n=4 k=2048: 1 x 1059.64 us = 1059.64 us (1978.63 GFLOPS/s)
RMS_NORM_MUL RMS_NORM(2048,4,1,1): 61 x 4.474 us = 272.96 us
RMS_NORM_MUL_ROPE RMS_NORM(64,32,4,1): 8 x 8.235 us = 65.88 us
RMS_NORM_MUL_ROPE RMS_NORM(64,8,4,1): 8 x 3.405 us = 27.24 us
SET_ROWS: 16 x 2.125 us = 34 us
SSM_CONV: 22 x 4.316 us = 94.96 us
Total time: 10398.6 us.
----------------
Vulkan Timings:
ADD: 60 x 1.84 us = 110.4 us
CONCAT: 22 x 2.325 us = 51.16 us
CPY: 22 x 1.574 us = 34.64 us
FLASH_ATTN_EXT dst(64,32,1,4),  q(64,1,32,4),  k(64,256,8,4),  v(64,256,8,4),  m(256,1,1,4): 8 x 15.02 us = 120.16 us (558.496 GFLOPS/s)
GET_ROWS: 24 x 2.235 us = 53.64 us
GLU: 30 x 4.745 us = 142.36 us
MUL: 44 x 2.444 us = 107.56 us
MUL_MAT f32 m=64 n=128 k=64: 16 x 2.092 us = 33.48 us (497.197 GFLOPS/s)
MUL_MAT f32 m=64 n=32 k=64: 16 x 2.09 us = 33.44 us (124.448 GFLOPS/s)
MUL_MAT_VEC q4_0_rocmfp4_fast m=10752 n=4 k=2048: 60 x 60.43 us = 3625.8 us (2914.41 GFLOPS/s)
MUL_MAT_VEC q4_0_rocmfp4_fast m=2048 n=1 k=2048 batch=4: 22 x 29.998 us = 659.96 us (1118.28 GFLOPS/s)
MUL_MAT_VEC q4_0_rocmfp4_fast m=2048 n=4 k=10752: 30 x 61.781 us = 1853.44 us (2851.23 GFLOPS/s)
MUL_MAT_VEC q4_0_rocmfp4_fast m=2048 n=4 k=2048: 16 x 18.452 us = 295.24 us (1817.98 GFLOPS/s)
MUL_MAT_VEC q4_0_rocmfp4_fast m=512 n=4 k=2048: 16 x 3.552 us = 56.84 us (2360.75 GFLOPS/s)
MUL_MAT_VEC q4_0_rocmfp4_fast m=6144 n=1 k=2048 batch=4: 22 x 79.621 us = 1751.68 us (1263.96 GFLOPS/s)
MUL_MAT_VEC q6_K m=128000 n=4 k=2048: 1 x 1065.76 us = 1065.76 us (1967.27 GFLOPS/s)
RMS_NORM_MUL RMS_NORM(2048,4,1,1): 61 x 4.783 us = 291.8 us
RMS_NORM_MUL_ROPE RMS_NORM(64,32,4,1): 8 x 8.205 us = 65.64 us
RMS_NORM_MUL_ROPE RMS_NORM(64,8,4,1): 8 x 3.4 us = 27.2 us
SET_ROWS: 16 x 2.057 us = 32.92 us
SSM_CONV: 22 x 4.252 us = 93.56 us
Total time: 10506.7 us.
----------------
Vulkan Timings:
ADD: 60 x 1.826 us = 109.6 us
CONCAT: 22 x 2.36 us = 51.92 us
CPY: 22 x 1.594 us = 35.08 us
FLASH_ATTN_EXT dst(64,32,1,4),  q(64,1,32,4),  k(64,256,8,4),  v(64,256,8,4),  m(256,1,1,4): 8 x 15.24 us = 121.92 us (550.434 GFLOPS/s)
GET_ROWS: 24 x 2.286 us = 54.88 us
GLU: 30 x 4.541 us = 136.24 us
MUL: 44 x 2.477 us = 109 us
MUL_MAT f32 m=64 n=128 k=64: 16 x 2.11 us = 33.76 us (493.073 GFLOPS/s)
MUL_MAT f32 m=64 n=32 k=64: 16 x 2.117 us = 33.88 us (122.832 GFLOPS/s)
MUL_MAT_VEC q4_0_rocmfp4_fast m=10752 n=4 k=2048: 60 x 59.964 us = 3597.84 us (2937.06 GFLOPS/s)
MUL_MAT_VEC q4_0_rocmfp4_fast m=2048 n=1 k=2048 batch=4: 22 x 29.698 us = 653.36 us (1129.57 GFLOPS/s)
MUL_MAT_VEC q4_0_rocmfp4_fast m=2048 n=4 k=10752: 30 x 62.414 us = 1872.44 us (2822.29 GFLOPS/s)
MUL_MAT_VEC q4_0_rocmfp4_fast m=2048 n=4 k=2048: 16 x 18.547 us = 296.76 us (1808.67 GFLOPS/s)
MUL_MAT_VEC q4_0_rocmfp4_fast m=512 n=4 k=2048: 16 x 3.562 us = 57 us (2354.12 GFLOPS/s)
MUL_MAT_VEC q4_0_rocmfp4_fast m=6144 n=1 k=2048 batch=4: 22 x 80.754 us = 1776.6 us (1246.23 GFLOPS/s)
MUL_MAT_VEC q6_K m=128000 n=4 k=2048: 1 x 1116.6 us = 1116.6 us (1877.7 GFLOPS/s)
RMS_NORM_MUL RMS_NORM(2048,4,1,1): 61 x 4.468 us = 272.6 us
RMS_NORM_MUL_ROPE RMS_NORM(64,32,4,1): 8 x 8.345 us = 66.76 us
RMS_NORM_MUL_ROPE RMS_NORM(64,8,4,1): 8 x 3.46 us = 27.68 us
SET_ROWS: 16 x 2.095 us = 33.52 us
SSM_CONV: 22 x 4.305 us = 94.72 us
Total time: 10552.2 us.
----------------
Vulkan Timings:
ADD: 60 x 1.812 us = 108.76 us
CONCAT: 22 x 2.352 us = 51.76 us
CPY: 22 x 1.581 us = 34.8 us
FLASH_ATTN_EXT dst(64,32,1,4),  q(64,1,32,4),  k(64,256,8,4),  v(64,256,8,4),  m(256,1,1,4): 8 x 15.46 us = 123.68 us (542.601 GFLOPS/s)
GET_ROWS: 24 x 2.223 us = 53.36 us
GLU: 30 x 4.572 us = 137.16 us
MUL: 44 x 2.466 us = 108.52 us
MUL_MAT f32 m=64 n=128 k=64: 16 x 2.107 us = 33.72 us (493.658 GFLOPS/s)
MUL_MAT f32 m=64 n=32 k=64: 16 x 2.087 us = 33.4 us (124.597 GFLOPS/s)
MUL_MAT_VEC q4_0_rocmfp4_fast m=10752 n=4 k=2048: 60 x 60.016 us = 3601 us (2934.48 GFLOPS/s)
MUL_MAT_VEC q4_0_rocmfp4_fast m=2048 n=1 k=2048 batch=4: 22 x 29.158 us = 641.48 us (1150.49 GFLOPS/s)
MUL_MAT_VEC q4_0_rocmfp4_fast m=2048 n=4 k=10752: 30 x 61.641 us = 1849.24 us (2857.7 GFLOPS/s)
MUL_MAT_VEC q4_0_rocmfp4_fast m=2048 n=4 k=2048: 16 x 18.49 us = 295.84 us (1814.29 GFLOPS/s)
MUL_MAT_VEC q4_0_rocmfp4_fast m=512 n=4 k=2048: 16 x 3.562 us = 57 us (2354.12 GFLOPS/s)
MUL_MAT_VEC q4_0_rocmfp4_fast m=6144 n=1 k=2048 batch=4: 22 x 79.025 us = 1738.56 us (1273.5 GFLOPS/s)
MUL_MAT_VEC q6_K m=128000 n=4 k=2048: 1 x 1066.8 us = 1066.8 us (1965.35 GFLOPS/s)
RMS_NORM_MUL RMS_NORM(2048,4,1,1): 61 x 4.331 us = 264.2 us
RMS_NORM_MUL_ROPE RMS_NORM(64,32,4,1): 8 x 8.155 us = 65.24 us
RMS_NORM_MUL_ROPE RMS_NORM(64,8,4,1): 8 x 3.42 us = 27.36 us
SET_ROWS: 16 x 1.975 us = 31.6 us
SSM_CONV: 22 x 4.294 us = 94.48 us
Total time: 10418 us.
----------------
Vulkan Timings:
ADD: 60 x 1.791 us = 107.48 us
CONCAT: 22 x 2.36 us = 51.92 us
CPY: 22 x 1.59 us = 35 us
FLASH_ATTN_EXT dst(64,32,1,4),  q(64,1,32,4),  k(64,256,8,4),  v(64,256,8,4),  m(256,1,1,4): 8 x 15.035 us = 120.28 us (557.939 GFLOPS/s)
GET_ROWS: 24 x 2.518 us = 60.44 us
GLU: 30 x 4.553 us = 136.6 us
MUL: 44 x 2.671 us = 117.56 us
MUL_MAT f32 m=64 n=128 k=64: 16 x 2.102 us = 33.64 us (494.832 GFLOPS/s)
MUL_MAT f32 m=64 n=32 k=64: 16 x 2.105 us = 33.68 us (123.561 GFLOPS/s)
MUL_MAT_VEC q4_0_rocmfp4_fast m=10752 n=4 k=2048: 60 x 59.557 us = 3573.44 us (2957.11 GFLOPS/s)
MUL_MAT_VEC q4_0_rocmfp4_fast m=2048 n=1 k=2048 batch=4: 22 x 28.643 us = 630.16 us (1171.16 GFLOPS/s)
MUL_MAT_VEC q4_0_rocmfp4_fast m=2048 n=4 k=10752: 30 x 60.317 us = 1809.52 us (2920.43 GFLOPS/s)
MUL_MAT_VEC q4_0_rocmfp4_fast m=2048 n=4 k=2048: 16 x 18.395 us = 294.32 us (1823.66 GFLOPS/s)
MUL_MAT_VEC q4_0_rocmfp4_fast m=512 n=4 k=2048: 16 x 3.565 us = 57.04 us (2352.47 GFLOPS/s)
MUL_MAT_VEC q4_0_rocmfp4_fast m=6144 n=1 k=2048 batch=4: 22 x 79.892 us = 1757.64 us (1259.67 GFLOPS/s)
MUL_MAT_VEC q6_K m=128000 n=4 k=2048: 1 x 1065.36 us = 1065.36 us (1968.01 GFLOPS/s)
RMS_NORM_MUL RMS_NORM(2048,4,1,1): 61 x 4.468 us = 272.6 us
RMS_NORM_MUL_ROPE RMS_NORM(64,32,4,1): 8 x 8.29 us = 66.32 us
RMS_NORM_MUL_ROPE RMS_NORM(64,8,4,1): 8 x 3.43 us = 27.44 us
SET_ROWS: 16 x 2.12 us = 33.92 us
SSM_CONV: 22 x 4.309 us = 94.8 us
Total time: 10379.2 us.
----------------
Vulkan Timings:
ADD: 60 x 1.78 us = 106.84 us
CONCAT: 22 x 2.609 us = 57.4 us
CPY: 22 x 1.67 us = 36.76 us
FLASH_ATTN_EXT dst(64,32,1,4),  q(64,1,32,4),  k(64,256,8,4),  v(64,256,8,4),  m(256,1,1,4): 8 x 15.215 us = 121.72 us (551.338 GFLOPS/s)
GET_ROWS: 24 x 2.243 us = 53.84 us
GLU: 30 x 5.033 us = 151 us
MUL: 44 x 2.526 us = 111.16 us
MUL_MAT f32 m=64 n=128 k=64: 16 x 2.117 us = 33.88 us (491.327 GFLOPS/s)
MUL_MAT f32 m=64 n=32 k=64: 16 x 2.07 us = 33.12 us (125.65 GFLOPS/s)
MUL_MAT_VEC q4_0_rocmfp4_fast m=10752 n=4 k=2048: 60 x 60.498 us = 3629.88 us (2911.13 GFLOPS/s)
MUL_MAT_VEC q4_0_rocmfp4_fast m=2048 n=1 k=2048 batch=4: 22 x 28.685 us = 631.08 us (1169.45 GFLOPS/s)
MUL_MAT_VEC q4_0_rocmfp4_fast m=2048 n=4 k=10752: 30 x 60.668 us = 1820.04 us (2903.55 GFLOPS/s)
MUL_MAT_VEC q4_0_rocmfp4_fast m=2048 n=4 k=2048: 16 x 18.387 us = 294.2 us (1824.4 GFLOPS/s)
MUL_MAT_VEC q4_0_rocmfp4_fast m=512 n=4 k=2048: 16 x 3.547 us = 56.76 us (2364.08 GFLOPS/s)
MUL_MAT_VEC q4_0_rocmfp4_fast m=6144 n=1 k=2048 batch=4: 22 x 79.192 us = 1742.24 us (1270.81 GFLOPS/s)
MUL_MAT_VEC q6_K m=128000 n=4 k=2048: 1 x 1065.92 us = 1065.92 us (1966.98 GFLOPS/s)
RMS_NORM_MUL RMS_NORM(2048,4,1,1): 61 x 4.602 us = 280.76 us
RMS_NORM_MUL_ROPE RMS_NORM(64,32,4,1): 8 x 8.28 us = 66.24 us
RMS_NORM_MUL_ROPE RMS_NORM(64,8,4,1): 8 x 3.415 us = 27.32 us
SET_ROWS: 16 x 1.982 us = 31.72 us
SSM_CONV: 22 x 5.201 us = 114.44 us
Total time: 10466.3 us.
----------------
Vulkan Timings:
ADD: 60 x 1.995 us = 119.72 us
CONCAT: 22 x 2.663 us = 58.6 us
CPY: 22 x 1.61 us = 35.44 us
FLASH_ATTN_EXT dst(64,32,1,4),  q(64,1,32,4),  k(64,256,8,4),  v(64,256,8,4),  m(256,1,1,4): 8 x 17.975 us = 143.8 us (466.682 GFLOPS/s)
GET_ROWS: 24 x 2.458 us = 59 us
GLU: 30 x 5.59 us = 167.72 us
MUL: 44 x 2.768 us = 121.8 us
MUL_MAT f32 m=64 n=128 k=64: 16 x 2.197 us = 35.16 us (473.44 GFLOPS/s)
MUL_MAT f32 m=64 n=32 k=64: 16 x 2.255 us = 36.08 us (115.342 GFLOPS/s)
MUL_MAT_VEC q4_0_rocmfp4_fast m=10752 n=4 k=2048: 60 x 68.974 us = 4138.48 us (2553.37 GFLOPS/s)
MUL_MAT_VEC q4_0_rocmfp4_fast m=2048 n=1 k=2048 batch=4: 22 x 33.027 us = 726.6 us (1015.71 GFLOPS/s)
MUL_MAT_VEC q4_0_rocmfp4_fast m=2048 n=4 k=10752: 30 x 69.596 us = 2087.88 us (2531.07 GFLOPS/s)
MUL_MAT_VEC q4_0_rocmfp4_fast m=2048 n=4 k=2048: 16 x 20.737 us = 331.8 us (1617.66 GFLOPS/s)
MUL_MAT_VEC q4_0_rocmfp4_fast m=512 n=4 k=2048: 16 x 4.067 us = 65.08 us (2061.85 GFLOPS/s)
MUL_MAT_VEC q4_0_rocmfp4_fast m=6144 n=1 k=2048 batch=4: 22 x 91.629 us = 2015.84 us (1098.33 GFLOPS/s)
MUL_MAT_VEC q6_K m=128000 n=4 k=2048: 1 x 1062.72 us = 1062.72 us (1972.9 GFLOPS/s)
RMS_NORM_MUL RMS_NORM(2048,4,1,1): 61 x 5 us = 305.04 us
RMS_NORM_MUL_ROPE RMS_NORM(64,32,4,1): 8 x 9.395 us = 75.16 us
RMS_NORM_MUL_ROPE RMS_NORM(64,8,4,1): 8 x 3.965 us = 31.72 us
SET_ROWS: 16 x 2.25 us = 36 us
SSM_CONV: 22 x 4.967 us = 109.28 us
Total time: 11762.9 us.
----------------
Vulkan Timings:
ADD: 60 x 2.52 us = 151.2 us
CONCAT: 22 x 3.37 us = 74.16 us
CPY: 22 x 1.834 us = 40.36 us
FLASH_ATTN_EXT dst(64,32,1,4),  q(64,1,32,4),  k(64,256,8,4),  v(64,256,8,4),  m(256,1,1,4): 8 x 20.955 us = 167.64 us (400.315 GFLOPS/s)
GET_ROWS: 24 x 3.6 us = 86.4 us
GLU: 30 x 5.716 us = 171.48 us
MUL: 44 x 3.479 us = 153.08 us
MUL_MAT f32 m=64 n=128 k=64: 16 x 2.545 us = 40.72 us (408.795 GFLOPS/s)
MUL_MAT f32 m=64 n=32 k=64: 16 x 2.63 us = 42.08 us (98.8958 GFLOPS/s)
MUL_MAT_VEC q4_0_rocmfp4_fast m=10752 n=4 k=2048: 60 x 87.464 us = 5247.84 us (2013.6 GFLOPS/s)
MUL_MAT_VEC q4_0_rocmfp4_fast m=2048 n=1 k=2048 batch=4: 22 x 40.947 us = 900.84 us (819.255 GFLOPS/s)
MUL_MAT_VEC q4_0_rocmfp4_fast m=2048 n=4 k=10752: 30 x 86.14 us = 2584.2 us (2044.96 GFLOPS/s)
MUL_MAT_VEC q4_0_rocmfp4_fast m=2048 n=4 k=2048: 16 x 23.555 us = 376.88 us (1424.17 GFLOPS/s)
MUL_MAT_VEC q4_0_rocmfp4_fast m=512 n=4 k=2048: 16 x 6.117 us = 97.88 us (1370.91 GFLOPS/s)
MUL_MAT_VEC q4_0_rocmfp4_fast m=6144 n=1 k=2048 batch=4: 22 x 113.27 us = 2491.96 us (888.478 GFLOPS/s)
MUL_MAT_VEC q6_K m=128000 n=4 k=2048: 1 x 1068.04 us = 1068.04 us (1963.07 GFLOPS/s)
RMS_NORM_MUL RMS_NORM(2048,4,1,1): 61 x 6.034 us = 368.08 us
RMS_NORM_MUL_ROPE RMS_NORM(64,32,4,1): 8 x 10.845 us = 86.76 us
RMS_NORM_MUL_ROPE RMS_NORM(64,8,4,1): 8 x 4.66 us = 37.28 us
SET_ROWS: 16 x 2.67 us = 42.72 us
SSM_CONV: 22 x 6.214 us = 136.72 us
Total time: 14366.3 us.
----------------
Vulkan Timings:
ADD: 60 x 2.074 us = 124.48 us
CONCAT: 22 x 3.636 us = 80 us
CPY: 22 x 1.66 us = 36.52 us
FLASH_ATTN_EXT dst(64,32,1,4),  q(64,1,32,4),  k(64,256,8,4),  v(64,256,8,4),  m(256,1,1,4): 8 x 16.945 us = 135.56 us (495.049 GFLOPS/s)
GET_ROWS: 24 x 2.411 us = 57.88 us
GLU: 30 x 5.114 us = 153.44 us
MUL: 44 x 2.665 us = 117.28 us
MUL_MAT f32 m=64 n=128 k=64: 16 x 2.23 us = 35.68 us (466.54 GFLOPS/s)
MUL_MAT f32 m=64 n=32 k=64: 16 x 2.087 us = 33.4 us (124.597 GFLOPS/s)
MUL_MAT_VEC q4_0_rocmfp4_fast m=10752 n=4 k=2048: 60 x 65.44 us = 3926.4 us (2691.29 GFLOPS/s)
MUL_MAT_VEC q4_0_rocmfp4_fast m=2048 n=1 k=2048 batch=4: 22 x 31.681 us = 697 us (1058.85 GFLOPS/s)
MUL_MAT_VEC q4_0_rocmfp4_fast m=2048 n=4 k=10752: 30 x 64.633 us = 1939 us (2725.41 GFLOPS/s)
MUL_MAT_VEC q4_0_rocmfp4_fast m=2048 n=4 k=2048: 16 x 20.377 us = 326.04 us (1646.24 GFLOPS/s)
MUL_MAT_VEC q4_0_rocmfp4_fast m=512 n=4 k=2048: 16 x 3.857 us = 61.72 us (2174.09 GFLOPS/s)
MUL_MAT_VEC q4_0_rocmfp4_fast m=6144 n=1 k=2048 batch=4: 22 x 87.198 us = 1918.36 us (1154.14 GFLOPS/s)
MUL_MAT_VEC q6_K m=128000 n=4 k=2048: 1 x 1067.88 us = 1067.88 us (1963.37 GFLOPS/s)
RMS_NORM_MUL RMS_NORM(2048,4,1,1): 61 x 5.157 us = 314.6 us
RMS_NORM_MUL_ROPE RMS_NORM(64,32,4,1): 8 x 9.125 us = 73 us
RMS_NORM_MUL_ROPE RMS_NORM(64,8,4,1): 8 x 3.855 us = 30.84 us
SET_ROWS: 16 x 2.512 us = 40.2 us
SSM_CONV: 22 x 4.825 us = 106.16 us
Total time: 11275.4 us.
----------------
Vulkan Timings:
ADD: 60 x 2.64 us = 158.44 us
CONCAT: 22 x 3.825 us = 84.16 us
CPY: 22 x 2.263 us = 49.8 us
FLASH_ATTN_EXT dst(64,32,1,4),  q(64,1,32,4),  k(64,256,8,4),  v(64,256,8,4),  m(256,1,1,4): 8 x 22.265 us = 178.12 us (376.762 GFLOPS/s)
GET_ROWS: 24 x 3.178 us = 76.28 us
GLU: 30 x 5.765 us = 172.96 us
MUL: 44 x 3.676 us = 161.76 us
MUL_MAT f32 m=64 n=128 k=64: 16 x 2.842 us = 45.48 us (366.01 GFLOPS/s)
MUL_MAT f32 m=64 n=32 k=64: 16 x 2.67 us = 42.72 us (97.4142 GFLOPS/s)
MUL_MAT_VEC q4_0_rocmfp4_fast m=10752 n=4 k=2048: 60 x 96.034 us = 5762.04 us (1833.91 GFLOPS/s)
MUL_MAT_VEC q4_0_rocmfp4_fast m=2048 n=1 k=2048 batch=4: 22 x 45.403 us = 998.88 us (738.845 GFLOPS/s)
MUL_MAT_VEC q4_0_rocmfp4_fast m=2048 n=4 k=10752: 30 x 92.828 us = 2784.84 us (1897.62 GFLOPS/s)
MUL_MAT_VEC q4_0_rocmfp4_fast m=2048 n=4 k=2048: 16 x 25.447 us = 407.16 us (1318.25 GFLOPS/s)
MUL_MAT_VEC q4_0_rocmfp4_fast m=512 n=4 k=2048: 16 x 7.127 us = 114.04 us (1176.65 GFLOPS/s)
MUL_MAT_VEC q4_0_rocmfp4_fast m=6144 n=1 k=2048 batch=4: 22 x 121.09 us = 2664 us (831.101 GFLOPS/s)
MUL_MAT_VEC q6_K m=128000 n=4 k=2048: 1 x 1057.08 us = 1057.08 us (1983.43 GFLOPS/s)
RMS_NORM_MUL RMS_NORM(2048,4,1,1): 61 x 6.736 us = 410.92 us
RMS_NORM_MUL_ROPE RMS_NORM(64,32,4,1): 8 x 11.86 us = 94.88 us
RMS_NORM_MUL_ROPE RMS_NORM(64,8,4,1): 8 x 5.12 us = 40.96 us
SET_ROWS: 16 x 3.565 us = 57.04 us
SSM_CONV: 22 x 6.721 us = 147.88 us
Total time: 15509.4 us.
----------------
Vulkan Timings:
ADD: 60 x 1.796 us = 107.8 us
CONCAT: 22 x 2.365 us = 52.04 us
CPY: 22 x 1.592 us = 35.04 us
FLASH_ATTN_EXT dst(64,32,1,4),  q(64,1,32,4),  k(64,256,8,4),  v(64,256,8,4),  m(256,1,1,4): 8 x 17.045 us = 136.36 us (492.145 GFLOPS/s)
GET_ROWS: 24 x 2.276 us = 54.64 us
GLU: 30 x 4.584 us = 137.52 us
MUL: 44 x 2.463 us = 108.4 us
MUL_MAT f32 m=64 n=128 k=64: 16 x 2.095 us = 33.52 us (496.603 GFLOPS/s)
MUL_MAT f32 m=64 n=32 k=64: 16 x 2.055 us = 32.88 us (126.567 GFLOPS/s)
MUL_MAT_VEC q4_0_rocmfp4_fast m=10752 n=4 k=2048: 60 x 59.82 us = 3589.24 us (2944.1 GFLOPS/s)
MUL_MAT_VEC q4_0_rocmfp4_fast m=2048 n=1 k=2048 batch=4: 22 x 28.661 us = 630.56 us (1170.42 GFLOPS/s)
MUL_MAT_VEC q4_0_rocmfp4_fast m=2048 n=4 k=10752: 30 x 61.233 us = 1837 us (2876.74 GFLOPS/s)
MUL_MAT_VEC q4_0_rocmfp4_fast m=2048 n=4 k=2048: 16 x 19.112 us = 305.8 us (1755.2 GFLOPS/s)
MUL_MAT_VEC q4_0_rocmfp4_fast m=512 n=4 k=2048: 16 x 3.532 us = 56.52 us (2374.11 GFLOPS/s)
MUL_MAT_VEC q4_0_rocmfp4_fast m=6144 n=1 k=2048 batch=4: 22 x 79.05 us = 1739.12 us (1273.09 GFLOPS/s)
MUL_MAT_VEC q6_K m=128000 n=4 k=2048: 1 x 1072.48 us = 1072.48 us (1954.95 GFLOPS/s)
RMS_NORM_MUL RMS_NORM(2048,4,1,1): 61 x 4.512 us = 275.24 us
RMS_NORM_MUL_ROPE RMS_NORM(64,32,4,1): 8 x 8.295 us = 66.36 us
RMS_NORM_MUL_ROPE RMS_NORM(64,8,4,1): 8 x 3.625 us = 29 us
SET_ROWS: 16 x 2.327 us = 37.24 us
SSM_CONV: 22 x 4.283 us = 94.24 us
Total time: 10431 us.
----------------
Vulkan Timings:
ADD: 60 x 2.362 us = 141.76 us
CONCAT: 22 x 3.19 us = 70.2 us
CPY: 22 x 1.763 us = 38.8 us
FLASH_ATTN_EXT dst(64,32,1,4),  q(64,1,32,4),  k(64,256,8,4),  v(64,256,8,4),  m(256,1,1,4): 8 x 20.39 us = 163.12 us (411.408 GFLOPS/s)
GET_ROWS: 24 x 2.876 us = 69.04 us
GLU: 30 x 6.025 us = 180.76 us
MUL: 44 x 3.273 us = 144.04 us
MUL_MAT f32 m=64 n=128 k=64: 16 x 2.497 us = 39.96 us (416.57 GFLOPS/s)
MUL_MAT f32 m=64 n=32 k=64: 16 x 2.69 us = 43.04 us (96.69 GFLOPS/s)
MUL_MAT_VEC q4_0_rocmfp4_fast m=10752 n=4 k=2048: 60 x 83.815 us = 5028.92 us (2101.26 GFLOPS/s)
MUL_MAT_VEC q4_0_rocmfp4_fast m=2048 n=1 k=2048 batch=4: 22 x 38.954 us = 857 us (861.164 GFLOPS/s)
MUL_MAT_VEC q4_0_rocmfp4_fast m=2048 n=4 k=10752: 30 x 81.624 us = 2448.72 us (2158.1 GFLOPS/s)
MUL_MAT_VEC q4_0_rocmfp4_fast m=2048 n=4 k=2048: 16 x 22.995 us = 367.92 us (1458.85 GFLOPS/s)
MUL_MAT_VEC q4_0_rocmfp4_fast m=512 n=4 k=2048: 16 x 6.005 us = 96.08 us (1396.6 GFLOPS/s)
MUL_MAT_VEC q4_0_rocmfp4_fast m=6144 n=1 k=2048 batch=4: 22 x 108.132 us = 2378.92 us (930.696 GFLOPS/s)
MUL_MAT_VEC q6_K m=128000 n=4 k=2048: 1 x 1133.88 us = 1133.88 us (1849.08 GFLOPS/s)
RMS_NORM_MUL RMS_NORM(2048,4,1,1): 61 x 5.816 us = 354.8 us
RMS_NORM_MUL_ROPE RMS_NORM(64,32,4,1): 8 x 10.81 us = 86.48 us
RMS_NORM_MUL_ROPE RMS_NORM(64,8,4,1): 8 x 4.555 us = 36.44 us
SET_ROWS: 16 x 2.527 us = 40.44 us
SSM_CONV: 22 x 5.869 us = 129.12 us
Total time: 13849.4 us.
----------------
Vulkan Timings:
ADD: 60 x 2.01 us = 120.64 us
CONCAT: 22 x 2.681 us = 59 us
CPY: 22 x 1.6 us = 35.2 us
FLASH_ATTN_EXT dst(64,32,1,4),  q(64,1,32,4),  k(64,256,8,4),  v(64,256,8,4),  m(256,1,1,4): 8 x 17.67 us = 141.36 us (474.737 GFLOPS/s)
GET_ROWS: 24 x 2.503 us = 60.08 us
GLU: 30 x 5.824 us = 174.72 us
MUL: 44 x 2.786 us = 122.6 us
MUL_MAT f32 m=64 n=128 k=64: 16 x 2.25 us = 36 us (462.393 GFLOPS/s)
MUL_MAT f32 m=64 n=32 k=64: 16 x 2.267 us = 36.28 us (114.706 GFLOPS/s)
MUL_MAT_VEC q4_0_rocmfp4_fast m=10752 n=4 k=2048: 60 x 70.737 us = 4244.24 us (2489.74 GFLOPS/s)
MUL_MAT_VEC q4_0_rocmfp4_fast m=2048 n=1 k=2048 batch=4: 22 x 33.467 us = 736.28 us (1002.36 GFLOPS/s)
MUL_MAT_VEC q4_0_rocmfp4_fast m=2048 n=4 k=10752: 30 x 69.726 us = 2091.8 us (2526.33 GFLOPS/s)
MUL_MAT_VEC q4_0_rocmfp4_fast m=2048 n=4 k=2048: 16 x 21.06 us = 336.96 us (1592.89 GFLOPS/s)
MUL_MAT_VEC q4_0_rocmfp4_fast m=512 n=4 k=2048: 16 x 4.137 us = 66.2 us (2026.96 GFLOPS/s)
MUL_MAT_VEC q4_0_rocmfp4_fast m=6144 n=1 k=2048 batch=4: 22 x 92.19 us = 2028.2 us (1091.63 GFLOPS/s)
MUL_MAT_VEC q6_K m=128000 n=4 k=2048: 1 x 1057.44 us = 1057.44 us (1982.75 GFLOPS/s)
RMS_NORM_MUL RMS_NORM(2048,4,1,1): 61 x 5.05 us = 308.08 us
RMS_NORM_MUL_ROPE RMS_NORM(64,32,4,1): 8 x 9.41 us = 75.28 us
RMS_NORM_MUL_ROPE RMS_NORM(64,8,4,1): 8 x 3.96 us = 31.68 us
SET_ROWS: 16 x 2.467 us = 39.48 us
SSM_CONV: 22 x 5.03 us = 110.68 us
Total time: 11912.2 us.
----------------
Vulkan Timings:
ADD: 60 x 2.23 us = 133.84 us
CONCAT: 22 x 2.73 us = 60.08 us
CPY: 22 x 1.632 us = 35.92 us
FLASH_ATTN_EXT dst(64,32,1,4),  q(64,1,32,4),  k(64,256,8,4),  v(64,256,8,4),  m(256,1,1,4): 8 x 18.535 us = 148.28 us (452.582 GFLOPS/s)
GET_ROWS: 24 x 2.755 us = 66.12 us
GLU: 30 x 5.362 us = 160.88 us
MUL: 44 x 2.854 us = 125.6 us
MUL_MAT f32 m=64 n=128 k=64: 16 x 2.28 us = 36.48 us (456.309 GFLOPS/s)
MUL_MAT f32 m=64 n=32 k=64: 16 x 2.402 us = 38.44 us (108.261 GFLOPS/s)
MUL_MAT_VEC q4_0_rocmfp4_fast m=10752 n=4 k=2048: 60 x 72.264 us = 4335.88 us (2437.12 GFLOPS/s)
MUL_MAT_VEC q4_0_rocmfp4_fast m=2048 n=1 k=2048 batch=4: 22 x 34.567 us = 760.48 us (970.462 GFLOPS/s)
MUL_MAT_VEC q4_0_rocmfp4_fast m=2048 n=4 k=10752: 30 x 71.078 us = 2132.36 us (2478.28 GFLOPS/s)
MUL_MAT_VEC q4_0_rocmfp4_fast m=2048 n=4 k=2048: 16 x 20.967 us = 335.48 us (1599.92 GFLOPS/s)
MUL_MAT_VEC q4_0_rocmfp4_fast m=512 n=4 k=2048: 16 x 4.54 us = 72.64 us (1847.26 GFLOPS/s)
MUL_MAT_VEC q4_0_rocmfp4_fast m=6144 n=1 k=2048 batch=4: 22 x 93.449 us = 2055.88 us (1076.94 GFLOPS/s)
MUL_MAT_VEC q6_K m=128000 n=4 k=2048: 1 x 1066.56 us = 1066.56 us (1965.8 GFLOPS/s)
RMS_NORM_MUL RMS_NORM(2048,4,1,1): 61 x 5.232 us = 319.16 us
RMS_NORM_MUL_ROPE RMS_NORM(64,32,4,1): 8 x 9.68 us = 77.44 us
RMS_NORM_MUL_ROPE RMS_NORM(64,8,4,1): 8 x 4.1 us = 32.8 us
SET_ROWS: 16 x 2.235 us = 35.76 us
SSM_CONV: 22 x 5.116 us = 112.56 us
Total time: 12142.6 us.
----------------
Vulkan Timings:
ADD: 60 x 3.048 us = 182.88 us
CONCAT: 22 x 3.92 us = 86.24 us
CPY: 22 x 2.692 us = 59.24 us
FLASH_ATTN_EXT dst(64,32,1,4),  q(64,1,32,4),  k(64,256,8,4),  v(64,256,8,4),  m(256,1,1,4): 8 x 24.505 us = 196.04 us (342.322 GFLOPS/s)
GET_ROWS: 24 x 4.258 us = 102.2 us
GLU: 30 x 5.942 us = 178.28 us
MUL: 44 x 3.57 us = 157.12 us
MUL_MAT f32 m=64 n=128 k=64: 16 x 3.16 us = 50.56 us (329.235 GFLOPS/s)
MUL_MAT f32 m=64 n=32 k=64: 16 x 3.325 us = 53.2 us (78.2244 GFLOPS/s)
MUL_MAT_VEC q4_0_rocmfp4_fast m=10752 n=4 k=2048: 60 x 102.84 us = 6170.4 us (1712.54 GFLOPS/s)
MUL_MAT_VEC q4_0_rocmfp4_fast m=2048 n=1 k=2048 batch=4: 22 x 47.452 us = 1043.96 us (706.94 GFLOPS/s)
MUL_MAT_VEC q4_0_rocmfp4_fast m=2048 n=4 k=10752: 30 x 102.914 us = 3087.44 us (1711.64 GFLOPS/s)
MUL_MAT_VEC q4_0_rocmfp4_fast m=2048 n=4 k=2048: 16 x 26.957 us = 431.32 us (1244.41 GFLOPS/s)
MUL_MAT_VEC q4_0_rocmfp4_fast m=512 n=4 k=2048: 16 x 8.1 us = 129.6 us (1035.38 GFLOPS/s)
MUL_MAT_VEC q4_0_rocmfp4_fast m=6144 n=1 k=2048 batch=4: 22 x 129.109 us = 2840.4 us (779.486 GFLOPS/s)
MUL_MAT_VEC q6_K m=128000 n=4 k=2048: 1 x 1090.36 us = 1090.36 us (1922.89 GFLOPS/s)
RMS_NORM_MUL RMS_NORM(2048,4,1,1): 61 x 6.951 us = 424.04 us
RMS_NORM_MUL_ROPE RMS_NORM(64,32,4,1): 8 x 12.32 us = 98.56 us
RMS_NORM_MUL_ROPE RMS_NORM(64,8,4,1): 8 x 5.295 us = 42.36 us
SET_ROWS: 16 x 3.022 us = 48.36 us
SSM_CONV: 22 x 7.656 us = 168.44 us
Total time: 16641 us.
----------------
Vulkan Timings:
ADD: 60 x 1.914 us = 114.88 us
CONCAT: 22 x 2.774 us = 61.04 us
CPY: 22 x 1.629 us = 35.84 us
FLASH_ATTN_EXT dst(64,32,1,4),  q(64,1,32,4),  k(64,256,8,4),  v(64,256,8,4),  m(256,1,1,4): 8 x 16.645 us = 133.16 us (503.972 GFLOPS/s)
GET_ROWS: 24 x 2.36 us = 56.64 us
GLU: 30 x 4.881 us = 146.44 us
MUL: 44 x 2.854 us = 125.6 us
MUL_MAT f32 m=64 n=128 k=64: 16 x 2.212 us = 35.4 us (470.23 GFLOPS/s)
MUL_MAT f32 m=64 n=32 k=64: 16 x 1.917 us = 30.68 us (135.643 GFLOPS/s)
MUL_MAT_VEC q4_0_rocmfp4_fast m=10752 n=4 k=2048: 60 x 64.106 us = 3846.36 us (2747.29 GFLOPS/s)
MUL_MAT_VEC q4_0_rocmfp4_fast m=2048 n=1 k=2048 batch=4: 22 x 31.045 us = 683 us (1080.55 GFLOPS/s)
MUL_MAT_VEC q4_0_rocmfp4_fast m=2048 n=4 k=10752: 30 x 63.533 us = 1906 us (2772.6 GFLOPS/s)
MUL_MAT_VEC q4_0_rocmfp4_fast m=2048 n=4 k=2048: 16 x 19.615 us = 313.84 us (1710.23 GFLOPS/s)
MUL_MAT_VEC q4_0_rocmfp4_fast m=512 n=4 k=2048: 16 x 3.797 us = 60.76 us (2208.44 GFLOPS/s)
MUL_MAT_VEC q4_0_rocmfp4_fast m=6144 n=1 k=2048 batch=4: 22 x 85.963 us = 1891.2 us (1170.71 GFLOPS/s)
MUL_MAT_VEC q6_K m=128000 n=4 k=2048: 1 x 1089.8 us = 1089.8 us (1923.88 GFLOPS/s)
RMS_NORM_MUL RMS_NORM(2048,4,1,1): 61 x 4.71 us = 287.36 us
RMS_NORM_MUL_ROPE RMS_NORM(64,32,4,1): 8 x 8.955 us = 71.64 us
RMS_NORM_MUL_ROPE RMS_NORM(64,8,4,1): 8 x 3.68 us = 29.44 us
SET_ROWS: 16 x 2.46 us = 39.36 us
SSM_CONV: 22 x 4.672 us = 102.8 us
Total time: 11061.2 us.
----------------
Vulkan Timings:
ADD: 60 x 2.535 us = 152.12 us
CONCAT: 22 x 3.609 us = 79.4 us
CPY: 22 x 2.46 us = 54.12 us
FLASH_ATTN_EXT dst(64,32,1,4),  q(64,1,32,4),  k(64,256,8,4),  v(64,256,8,4),  m(256,1,1,4): 8 x 23.635 us = 189.08 us (354.923 GFLOPS/s)
GET_ROWS: 24 x 3.248 us = 77.96 us
GLU: 30 x 5.741 us = 172.24 us
MUL: 44 x 3.613 us = 159 us
MUL_MAT f32 m=64 n=128 k=64: 16 x 3.117 us = 49.88 us (333.724 GFLOPS/s)
MUL_MAT f32 m=64 n=32 k=64: 16 x 3.052 us = 48.84 us (85.2075 GFLOPS/s)
MUL_MAT_VEC q4_0_rocmfp4_fast m=10752 n=4 k=2048: 60 x 98.424 us = 5905.48 us (1789.37 GFLOPS/s)
MUL_MAT_VEC q4_0_rocmfp4_fast m=2048 n=1 k=2048 batch=4: 22 x 45.725 us = 1005.96 us (733.645 GFLOPS/s)
MUL_MAT_VEC q4_0_rocmfp4_fast m=2048 n=4 k=10752: 30 x 96.309 us = 2889.28 us (1829.03 GFLOPS/s)
MUL_MAT_VEC q4_0_rocmfp4_fast m=2048 n=4 k=2048: 16 x 26.472 us = 423.56 us (1267.21 GFLOPS/s)
MUL_MAT_VEC q4_0_rocmfp4_fast m=512 n=4 k=2048: 16 x 7.8 us = 124.8 us (1075.2 GFLOPS/s)
MUL_MAT_VEC q4_0_rocmfp4_fast m=6144 n=1 k=2048 batch=4: 22 x 124.598 us = 2741.16 us (807.706 GFLOPS/s)
MUL_MAT_VEC q6_K m=128000 n=4 k=2048: 1 x 1060.56 us = 1060.56 us (1976.92 GFLOPS/s)
RMS_NORM_MUL RMS_NORM(2048,4,1,1): 61 x 7.122 us = 434.48 us
RMS_NORM_MUL_ROPE RMS_NORM(64,32,4,1): 8 x 11.995 us = 95.96 us
RMS_NORM_MUL_ROPE RMS_NORM(64,8,4,1): 8 x 5.19 us = 41.52 us
SET_ROWS: 16 x 3.47 us = 55.52 us
SSM_CONV: 22 x 6.34 us = 139.48 us
Total time: 15900.4 us.
----------------
Vulkan Timings:
ADD: 60 x 1.952 us = 117.12 us
CONCAT: 22 x 2.929 us = 64.44 us
CPY: 22 x 2.027 us = 44.6 us
FLASH_ATTN_EXT dst(64,32,1,4),  q(64,1,32,4),  k(64,256,8,4),  v(64,256,8,4),  m(256,1,1,4): 8 x 17.15 us = 137.2 us (489.132 GFLOPS/s)
GET_ROWS: 24 x 2.425 us = 58.2 us
GLU: 30 x 5.549 us = 166.48 us
MUL: 44 x 2.679 us = 117.88 us
MUL_MAT f32 m=64 n=128 k=64: 16 x 2.255 us = 36.08 us (461.368 GFLOPS/s)
MUL_MAT f32 m=64 n=32 k=64: 16 x 1.982 us = 31.72 us (131.196 GFLOPS/s)
MUL_MAT_VEC q4_0_rocmfp4_fast m=10752 n=4 k=2048: 60 x 67.14 us = 4028.4 us (2623.14 GFLOPS/s)
MUL_MAT_VEC q4_0_rocmfp4_fast m=2048 n=1 k=2048 batch=4: 22 x 32.123 us = 706.72 us (1044.29 GFLOPS/s)
MUL_MAT_VEC q4_0_rocmfp4_fast m=2048 n=4 k=10752: 30 x 68.092 us = 2042.76 us (2586.98 GFLOPS/s)
MUL_MAT_VEC q4_0_rocmfp4_fast m=2048 n=4 k=2048: 16 x 20.352 us = 325.64 us (1648.26 GFLOPS/s)
MUL_MAT_VEC q4_0_rocmfp4_fast m=512 n=4 k=2048: 16 x 3.902 us = 62.44 us (2149.02 GFLOPS/s)
MUL_MAT_VEC q4_0_rocmfp4_fast m=6144 n=1 k=2048 batch=4: 22 x 88.81 us = 1953.84 us (1133.18 GFLOPS/s)
MUL_MAT_VEC q6_K m=128000 n=4 k=2048: 1 x 1073.08 us = 1073.08 us (1953.85 GFLOPS/s)
RMS_NORM_MUL RMS_NORM(2048,4,1,1): 61 x 4.996 us = 304.76 us
RMS_NORM_MUL_ROPE RMS_NORM(64,32,4,1): 8 x 9.265 us = 74.12 us
RMS_NORM_MUL_ROPE RMS_NORM(64,8,4,1): 8 x 3.825 us = 30.6 us
SET_ROWS: 16 x 2.6 us = 41.6 us
SSM_CONV: 22 x 5.727 us = 126 us
Total time: 11543.7 us.
----------------
Vulkan Timings:
ADD: 60 x 2.59 us = 155.4 us
CONCAT: 22 x 4.141 us = 91.12 us
CPY: 22 x 3.627 us = 79.8 us
FLASH_ATTN_EXT dst(64,32,1,4),  q(64,1,32,4),  k(64,256,8,4),  v(64,256,8,4),  m(256,1,1,4): 8 x 26.455 us = 211.64 us (317.09 GFLOPS/s)
GET_ROWS: 24 x 4.098 us = 98.36 us
GLU: 30 x 6.42 us = 192.6 us
MUL: 44 x 4.174 us = 183.68 us
MUL_MAT f32 m=64 n=128 k=64: 16 x 4.062 us = 65 us (256.095 GFLOPS/s)
MUL_MAT f32 m=64 n=32 k=64: 16 x 3.457 us = 55.32 us (75.2266 GFLOPS/s)
MUL_MAT_VEC q4_0_rocmfp4_fast m=10752 n=4 k=2048: 60 x 118.502 us = 7110.12 us (1486.2 GFLOPS/s)
MUL_MAT_VEC q4_0_rocmfp4_fast m=2048 n=1 k=2048 batch=4: 22 x 55.596 us = 1223.12 us (603.389 GFLOPS/s)
MUL_MAT_VEC q4_0_rocmfp4_fast m=2048 n=4 k=10752: 30 x 118.27 us = 3548.12 us (1489.4 GFLOPS/s)
MUL_MAT_VEC q4_0_rocmfp4_fast m=2048 n=4 k=2048: 16 x 31.657 us = 506.52 us (1059.66 GFLOPS/s)
MUL_MAT_VEC q4_0_rocmfp4_fast m=512 n=4 k=2048: 16 x 13.42 us = 214.72 us (624.93 GFLOPS/s)
MUL_MAT_VEC q4_0_rocmfp4_fast m=6144 n=1 k=2048 batch=4: 22 x 147.512 us = 3245.28 us (682.238 GFLOPS/s)
MUL_MAT_VEC q6_K m=128000 n=4 k=2048: 1 x 1057.08 us = 1057.08 us (1983.43 GFLOPS/s)
RMS_NORM_MUL RMS_NORM(2048,4,1,1): 61 x 7.619 us = 464.76 us
RMS_NORM_MUL_ROPE RMS_NORM(64,32,4,1): 8 x 13.495 us = 107.96 us
RMS_NORM_MUL_ROPE RMS_NORM(64,8,4,1): 8 x 5.395 us = 43.16 us
SET_ROWS: 16 x 3.795 us = 60.72 us
SSM_CONV: 22 x 6.787 us = 149.32 us
Total time: 18863.8 us.
----------------
Vulkan Timings:
ADD: 60 x 2.029 us = 121.76 us
CONCAT: 22 x 2.641 us = 58.12 us
CPY: 22 x 1.59 us = 35 us
FLASH_ATTN_EXT dst(64,32,1,4),  q(64,1,32,4),  k(64,256,8,4),  v(64,256,8,4),  m(256,1,1,4): 8 x 17.485 us = 139.88 us (479.76 GFLOPS/s)
GET_ROWS: 24 x 2.746 us = 65.92 us
GLU: 30 x 5.206 us = 156.2 us
MUL: 44 x 2.729 us = 120.08 us
MUL_MAT f32 m=64 n=128 k=64: 16 x 2.21 us = 35.36 us (470.762 GFLOPS/s)
MUL_MAT f32 m=64 n=32 k=64: 16 x 2.19 us = 35.04 us (118.765 GFLOPS/s)
MUL_MAT_VEC q4_0_rocmfp4_fast m=10752 n=4 k=2048: 60 x 68.509 us = 4110.56 us (2570.71 GFLOPS/s)
MUL_MAT_VEC q4_0_rocmfp4_fast m=2048 n=1 k=2048 batch=4: 22 x 32.823 us = 722.12 us (1022.01 GFLOPS/s)
MUL_MAT_VEC q4_0_rocmfp4_fast m=2048 n=4 k=10752: 30 x 68.224 us = 2046.72 us (2581.97 GFLOPS/s)
MUL_MAT_VEC q4_0_rocmfp4_fast m=2048 n=4 k=2048: 16 x 20.507 us = 328.12 us (1635.8 GFLOPS/s)
MUL_MAT_VEC q4_0_rocmfp4_fast m=512 n=4 k=2048: 16 x 4 us = 64 us (2096.64 GFLOPS/s)
MUL_MAT_VEC q4_0_rocmfp4_fast m=6144 n=1 k=2048 batch=4: 22 x 91.778 us = 2019.12 us (1096.54 GFLOPS/s)
MUL_MAT_VEC q6_K m=128000 n=4 k=2048: 1 x 1086.6 us = 1086.6 us (1929.54 GFLOPS/s)
RMS_NORM_MUL RMS_NORM(2048,4,1,1): 61 x 4.927 us = 300.6 us
RMS_NORM_MUL_ROPE RMS_NORM(64,32,4,1): 8 x 9.2 us = 73.6 us
RMS_NORM_MUL_ROPE RMS_NORM(64,8,4,1): 8 x 3.905 us = 31.24 us
SET_ROWS: 16 x 2.42 us = 38.72 us
SSM_CONV: 22 x 4.932 us = 108.52 us
Total time: 11697.3 us.
----------------
Vulkan Timings:
ADD: 60 x 2.111 us = 126.68 us
CONCAT: 22 x 2.838 us = 62.44 us
CPY: 22 x 1.647 us = 36.24 us
FLASH_ATTN_EXT dst(64,32,1,4),  q(64,1,32,4),  k(64,256,8,4),  v(64,256,8,4),  m(256,1,1,4): 8 x 18.47 us = 147.76 us (454.175 GFLOPS/s)
GET_ROWS: 24 x 2.623 us = 62.96 us
GLU: 30 x 5.24 us = 157.2 us
MUL: 44 x 3.155 us = 138.84 us
MUL_MAT f32 m=64 n=128 k=64: 16 x 2.34 us = 37.44 us (444.609 GFLOPS/s)
MUL_MAT f32 m=64 n=32 k=64: 16 x 2.395 us = 38.32 us (108.6 GFLOPS/s)
MUL_MAT_VEC q4_0_rocmfp4_fast m=10752 n=4 k=2048: 60 x 74.618 us = 4477.08 us (2360.26 GFLOPS/s)
MUL_MAT_VEC q4_0_rocmfp4_fast m=2048 n=1 k=2048 batch=4: 22 x 35.727 us = 786 us (938.953 GFLOPS/s)
MUL_MAT_VEC q4_0_rocmfp4_fast m=2048 n=4 k=10752: 30 x 74.026 us = 2220.8 us (2379.58 GFLOPS/s)
MUL_MAT_VEC q4_0_rocmfp4_fast m=2048 n=4 k=2048: 16 x 21.615 us = 345.84 us (1551.99 GFLOPS/s)
MUL_MAT_VEC q4_0_rocmfp4_fast m=512 n=4 k=2048: 16 x 4.67 us = 74.72 us (1795.84 GFLOPS/s)
MUL_MAT_VEC q4_0_rocmfp4_fast m=6144 n=1 k=2048 batch=4: 22 x 95.578 us = 2102.72 us (1052.95 GFLOPS/s)
MUL_MAT_VEC q6_K m=128000 n=4 k=2048: 1 x 1065.6 us = 1065.6 us (1967.57 GFLOPS/s)
RMS_NORM_MUL RMS_NORM(2048,4,1,1): 61 x 5.569 us = 339.72 us
RMS_NORM_MUL_ROPE RMS_NORM(64,32,4,1): 8 x 9.91 us = 79.28 us
RMS_NORM_MUL_ROPE RMS_NORM(64,8,4,1): 8 x 4.195 us = 33.56 us
SET_ROWS: 16 x 2.51 us = 40.16 us
SSM_CONV: 22 x 5.301 us = 116.64 us
Total time: 12490 us.
----------------
Vulkan Timings:
ADD: 60 x 2.62 us = 157.24 us
CONCAT: 22 x 3.249 us = 71.48 us
CPY: 22 x 1.805 us = 39.72 us
FLASH_ATTN_EXT dst(64,32,1,4),  q(64,1,32,4),  k(64,256,8,4),  v(64,256,8,4),  m(256,1,1,4): 8 x 21.17 us = 169.36 us (396.25 GFLOPS/s)
GET_ROWS: 24 x 2.94 us = 70.56 us
GLU: 30 x 5.321 us = 159.64 us
MUL: 44 x 3.347 us = 147.28 us
MUL_MAT f32 m=64 n=128 k=64: 16 x 2.6 us = 41.6 us (400.148 GFLOPS/s)
MUL_MAT f32 m=64 n=32 k=64: 16 x 2.727 us = 43.64 us (95.3606 GFLOPS/s)
MUL_MAT_VEC q4_0_rocmfp4_fast m=10752 n=4 k=2048: 60 x 85.322 us = 5119.32 us (2064.15 GFLOPS/s)
MUL_MAT_VEC q4_0_rocmfp4_fast m=2048 n=1 k=2048 batch=4: 22 x 39.985 us = 879.68 us (838.961 GFLOPS/s)
MUL_MAT_VEC q4_0_rocmfp4_fast m=2048 n=4 k=10752: 30 x 83.669 us = 2510.08 us (2105.34 GFLOPS/s)
MUL_MAT_VEC q4_0_rocmfp4_fast m=2048 n=4 k=2048: 16 x 23.342 us = 373.48 us (1437.13 GFLOPS/s)
MUL_MAT_VEC q4_0_rocmfp4_fast m=512 n=4 k=2048: 16 x 6.467 us = 103.48 us (1296.72 GFLOPS/s)
MUL_MAT_VEC q4_0_rocmfp4_fast m=6144 n=1 k=2048 batch=4: 22 x 109.092 us = 2400.04 us (922.506 GFLOPS/s)
MUL_MAT_VEC q6_K m=128000 n=4 k=2048: 1 x 1058 us = 1058 us (1981.7 GFLOPS/s)
RMS_NORM_MUL RMS_NORM(2048,4,1,1): 61 x 5.994 us = 365.64 us
RMS_NORM_MUL_ROPE RMS_NORM(64,32,4,1): 8 x 11.06 us = 88.48 us
RMS_NORM_MUL_ROPE RMS_NORM(64,8,4,1): 8 x 4.73 us = 37.84 us
SET_ROWS: 16 x 2.607 us = 41.72 us
SSM_CONV: 22 x 5.967 us = 131.28 us
Total time: 14009.6 us.
----------------
Vulkan Timings:
ADD: 60 x 1.936 us = 116.2 us
CONCAT: 22 x 2.543 us = 55.96 us
CPY: 22 x 1.65 us = 36.32 us
FLASH_ATTN_EXT dst(64,32,1,4),  q(64,1,32,4),  k(64,256,8,4),  v(64,256,8,4),  m(256,1,1,4): 8 x 16.635 us = 133.08 us (504.275 GFLOPS/s)
GET_ROWS: 24 x 2.401 us = 57.64 us
GLU: 30 x 4.997 us = 149.92 us
MUL: 44 x 2.659 us = 117 us
MUL_MAT f32 m=64 n=128 k=64: 16 x 2.207 us = 35.32 us (471.295 GFLOPS/s)
MUL_MAT f32 m=64 n=32 k=64: 16 x 2.017 us = 32.28 us (128.92 GFLOPS/s)
MUL_MAT_VEC q4_0_rocmfp4_fast m=10752 n=4 k=2048: 60 x 64.608 us = 3876.48 us (2725.94 GFLOPS/s)
MUL_MAT_VEC q4_0_rocmfp4_fast m=2048 n=1 k=2048 batch=4: 22 x 31.287 us = 688.32 us (1072.2 GFLOPS/s)
MUL_MAT_VEC q4_0_rocmfp4_fast m=2048 n=4 k=10752: 30 x 63.481 us = 1904.44 us (2774.87 GFLOPS/s)
MUL_MAT_VEC q4_0_rocmfp4_fast m=2048 n=4 k=2048: 16 x 19.747 us = 315.96 us (1698.76 GFLOPS/s)
MUL_MAT_VEC q4_0_rocmfp4_fast m=512 n=4 k=2048: 16 x 3.75 us = 60 us (2236.42 GFLOPS/s)
MUL_MAT_VEC q4_0_rocmfp4_fast m=6144 n=1 k=2048 batch=4: 22 x 86.443 us = 1901.76 us (1164.21 GFLOPS/s)
MUL_MAT_VEC q6_K m=128000 n=4 k=2048: 1 x 1071.92 us = 1071.92 us (1955.97 GFLOPS/s)
RMS_NORM_MUL RMS_NORM(2048,4,1,1): 61 x 4.873 us = 297.28 us
RMS_NORM_MUL_ROPE RMS_NORM(64,32,4,1): 8 x 8.865 us = 70.92 us
RMS_NORM_MUL_ROPE RMS_NORM(64,8,4,1): 8 x 3.705 us = 29.64 us
SET_ROWS: 16 x 2.432 us = 38.92 us
SSM_CONV: 22 x 4.707 us = 103.56 us
Total time: 11092.9 us.
----------------
Vulkan Timings:
ADD: 60 x 2.075 us = 124.52 us
CONCAT: 22 x 2.71 us = 59.64 us
CPY: 22 x 1.647 us = 36.24 us
FLASH_ATTN_EXT dst(64,32,1,4),  q(64,1,32,4),  k(64,256,8,4),  v(64,256,8,4),  m(256,1,1,4): 8 x 17.96 us = 143.68 us (467.072 GFLOPS/s)
GET_ROWS: 24 x 2.538 us = 60.92 us
GLU: 30 x 5.788 us = 173.64 us
MUL: 44 x 2.796 us = 123.04 us
MUL_MAT f32 m=64 n=128 k=64: 16 x 2.28 us = 36.48 us (456.309 GFLOPS/s)
MUL_MAT f32 m=64 n=32 k=64: 16 x 2.287 us = 36.6 us (113.703 GFLOPS/s)
MUL_MAT_VEC q4_0_rocmfp4_fast m=10752 n=4 k=2048: 60 x 69.978 us = 4198.72 us (2516.74 GFLOPS/s)
MUL_MAT_VEC q4_0_rocmfp4_fast m=2048 n=1 k=2048 batch=4: 22 x 33.19 us = 730.2 us (1010.71 GFLOPS/s)
MUL_MAT_VEC q4_0_rocmfp4_fast m=2048 n=4 k=10752: 30 x 68.389 us = 2051.68 us (2575.73 GFLOPS/s)
MUL_MAT_VEC q4_0_rocmfp4_fast m=2048 n=4 k=2048: 16 x 21.035 us = 336.56 us (1594.78 GFLOPS/s)
MUL_MAT_VEC q4_0_rocmfp4_fast m=512 n=4 k=2048: 16 x 4.09 us = 65.44 us (2050.5 GFLOPS/s)
MUL_MAT_VEC q4_0_rocmfp4_fast m=6144 n=1 k=2048 batch=4: 22 x 91.416 us = 2011.16 us (1100.88 GFLOPS/s)
MUL_MAT_VEC q6_K m=128000 n=4 k=2048: 1 x 1145.2 us = 1145.2 us (1830.81 GFLOPS/s)
RMS_NORM_MUL RMS_NORM(2048,4,1,1): 61 x 5.188 us = 316.52 us
RMS_NORM_MUL_ROPE RMS_NORM(64,32,4,1): 8 x 9.48 us = 75.84 us
RMS_NORM_MUL_ROPE RMS_NORM(64,8,4,1): 8 x 4.04 us = 32.32 us
SET_ROWS: 16 x 2.455 us = 39.28 us
SSM_CONV: 22 x 5.025 us = 110.56 us
Total time: 11908.2 us.
----------------
Vulkan Timings:
ADD: 60 x 2.16 us = 129.64 us
CONCAT: 22 x 2.65 us = 58.32 us
CPY: 22 x 1.65 us = 36.32 us
FLASH_ATTN_EXT dst(64,32,1,4),  q(64,1,32,4),  k(64,256,8,4),  v(64,256,8,4),  m(256,1,1,4): 8 x 17.62 us = 140.96 us (476.084 GFLOPS/s)
GET_ROWS: 24 x 2.468 us = 59.24 us
GLU: 30 x 5.173 us = 155.2 us
MUL: 44 x 2.754 us = 121.2 us
MUL_MAT f32 m=64 n=128 k=64: 16 x 2.302 us = 36.84 us (451.85 GFLOPS/s)
MUL_MAT f32 m=64 n=32 k=64: 16 x 2.11 us = 33.76 us (123.268 GFLOPS/s)
MUL_MAT_VEC q4_0_rocmfp4_fast m=10752 n=4 k=2048: 60 x 68.092 us = 4085.52 us (2586.47 GFLOPS/s)
MUL_MAT_VEC q4_0_rocmfp4_fast m=2048 n=1 k=2048 batch=4: 22 x 32.998 us = 725.96 us (1016.61 GFLOPS/s)
MUL_MAT_VEC q4_0_rocmfp4_fast m=2048 n=4 k=10752: 30 x 67.205 us = 2016.16 us (2621.11 GFLOPS/s)
MUL_MAT_VEC q4_0_rocmfp4_fast m=2048 n=4 k=2048: 16 x 20.622 us = 329.96 us (1626.68 GFLOPS/s)
MUL_MAT_VEC q4_0_rocmfp4_fast m=512 n=4 k=2048: 16 x 4.02 us = 64.32 us (2086.21 GFLOPS/s)
MUL_MAT_VEC q4_0_rocmfp4_fast m=6144 n=1 k=2048 batch=4: 22 x 89.892 us = 1977.64 us (1119.54 GFLOPS/s)
MUL_MAT_VEC q6_K m=128000 n=4 k=2048: 1 x 1124.68 us = 1124.68 us (1864.21 GFLOPS/s)
RMS_NORM_MUL RMS_NORM(2048,4,1,1): 61 x 5.203 us = 317.4 us
RMS_NORM_MUL_ROPE RMS_NORM(64,32,4,1): 8 x 9.295 us = 74.36 us
RMS_NORM_MUL_ROPE RMS_NORM(64,8,4,1): 8 x 3.895 us = 31.16 us
SET_ROWS: 16 x 2.377 us = 38.04 us
SSM_CONV: 22 x 4.901 us = 107.84 us
Total time: 11664.5 us.
----------------
Vulkan Timings:
ADD: 60 x 1.986 us = 119.2 us
CONCAT: 22 x 3.212 us = 70.68 us
CPY: 22 x 1.629 us = 35.84 us
FLASH_ATTN_EXT dst(64,32,1,4),  q(64,1,32,4),  k(64,256,8,4),  v(64,256,8,4),  m(256,1,1,4): 8 x 17.67 us = 141.36 us (474.737 GFLOPS/s)
GET_ROWS: 24 x 2.456 us = 58.96 us
GLU: 30 x 5.158 us = 154.76 us
MUL: 44 x 2.992 us = 131.68 us
MUL_MAT f32 m=64 n=128 k=64: 16 x 2.237 us = 35.8 us (464.976 GFLOPS/s)
MUL_MAT f32 m=64 n=32 k=64: 16 x 2.197 us = 35.16 us (118.36 GFLOPS/s)
MUL_MAT_VEC q4_0_rocmfp4_fast m=10752 n=4 k=2048: 60 x 67.468 us = 4048.08 us (2610.39 GFLOPS/s)
MUL_MAT_VEC q4_0_rocmfp4_fast m=2048 n=1 k=2048 batch=4: 22 x 33.301 us = 732.64 us (1007.34 GFLOPS/s)
MUL_MAT_VEC q4_0_rocmfp4_fast m=2048 n=4 k=10752: 30 x 66.568 us = 1997.04 us (2646.21 GFLOPS/s)
MUL_MAT_VEC q4_0_rocmfp4_fast m=2048 n=4 k=2048: 16 x 20.27 us = 324.32 us (1654.97 GFLOPS/s)
MUL_MAT_VEC q4_0_rocmfp4_fast m=512 n=4 k=2048: 16 x 3.947 us = 63.16 us (2124.52 GFLOPS/s)
MUL_MAT_VEC q4_0_rocmfp4_fast m=6144 n=1 k=2048 batch=4: 22 x 89.307 us = 1964.76 us (1126.88 GFLOPS/s)
MUL_MAT_VEC q6_K m=128000 n=4 k=2048: 1 x 1059.72 us = 1059.72 us (1978.48 GFLOPS/s)
RMS_NORM_MUL RMS_NORM(2048,4,1,1): 61 x 5.158 us = 314.68 us
RMS_NORM_MUL_ROPE RMS_NORM(64,32,4,1): 8 x 9.24 us = 73.92 us
RMS_NORM_MUL_ROPE RMS_NORM(64,8,4,1): 8 x 3.81 us = 30.48 us
SET_ROWS: 16 x 2.235 us = 35.76 us
SSM_CONV: 22 x 4.954 us = 109 us
Total time: 11537 us.
----------------
Vulkan Timings:
ADD: 60 x 2.041 us = 122.48 us
CONCAT: 22 x 2.667 us = 58.68 us
CPY: 22 x 1.627 us = 35.8 us
FLASH_ATTN_EXT dst(64,32,1,4),  q(64,1,32,4),  k(64,256,8,4),  v(64,256,8,4),  m(256,1,1,4): 8 x 17.895 us = 143.16 us (468.768 GFLOPS/s)
GET_ROWS: 24 x 2.511 us = 60.28 us
GLU: 30 x 5.492 us = 164.76 us
MUL: 44 x 2.784 us = 122.52 us
MUL_MAT f32 m=64 n=128 k=64: 16 x 2.25 us = 36 us (462.393 GFLOPS/s)
MUL_MAT f32 m=64 n=32 k=64: 16 x 2.262 us = 36.2 us (114.96 GFLOPS/s)
MUL_MAT_VEC q4_0_rocmfp4_fast m=10752 n=4 k=2048: 60 x 70.088 us = 4205.28 us (2512.81 GFLOPS/s)
MUL_MAT_VEC q4_0_rocmfp4_fast m=2048 n=1 k=2048 batch=4: 22 x 34.381 us = 756.4 us (975.697 GFLOPS/s)
MUL_MAT_VEC q4_0_rocmfp4_fast m=2048 n=4 k=10752: 30 x 69.144 us = 2074.32 us (2547.62 GFLOPS/s)
MUL_MAT_VEC q4_0_rocmfp4_fast m=2048 n=4 k=2048: 16 x 21.582 us = 345.32 us (1554.33 GFLOPS/s)
MUL_MAT_VEC q4_0_rocmfp4_fast m=512 n=4 k=2048: 16 x 4.065 us = 65.04 us (2063.11 GFLOPS/s)
MUL_MAT_VEC q4_0_rocmfp4_fast m=6144 n=1 k=2048 batch=4: 22 x 91.501 us = 2013.04 us (1099.85 GFLOPS/s)
MUL_MAT_VEC q6_K m=128000 n=4 k=2048: 1 x 1071.92 us = 1071.92 us (1955.97 GFLOPS/s)
RMS_NORM_MUL RMS_NORM(2048,4,1,1): 61 x 5.506 us = 335.88 us
RMS_NORM_MUL_ROPE RMS_NORM(64,32,4,1): 8 x 9.57 us = 76.56 us
RMS_NORM_MUL_ROPE RMS_NORM(64,8,4,1): 8 x 4.015 us = 32.12 us
SET_ROWS: 16 x 2.42 us = 38.72 us
SSM_CONV: 22 x 4.981 us = 109.6 us
Total time: 11904.1 us.
----------------
Vulkan Timings:
ADD: 60 x 2.198 us = 131.92 us
CONCAT: 22 x 2.947 us = 64.84 us
CPY: 22 x 1.749 us = 38.48 us
FLASH_ATTN_EXT dst(64,32,1,4),  q(64,1,32,4),  k(64,256,8,4),  v(64,256,8,4),  m(256,1,1,4): 8 x 19.485 us = 155.88 us (430.516 GFLOPS/s)
GET_ROWS: 24 x 2.668 us = 64.04 us
GLU: 30 x 5.656 us = 169.68 us
MUL: 44 x 3.16 us = 139.08 us
MUL_MAT f32 m=64 n=128 k=64: 16 x 2.395 us = 38.32 us (434.398 GFLOPS/s)
MUL_MAT f32 m=64 n=32 k=64: 16 x 2.457 us = 39.32 us (105.838 GFLOPS/s)
MUL_MAT_VEC q4_0_rocmfp4_fast m=10752 n=4 k=2048: 60 x 75.914 us = 4554.88 us (2319.94 GFLOPS/s)
MUL_MAT_VEC q4_0_rocmfp4_fast m=2048 n=1 k=2048 batch=4: 22 x 36.581 us = 804.8 us (917.019 GFLOPS/s)
MUL_MAT_VEC q4_0_rocmfp4_fast m=2048 n=4 k=10752: 30 x 74.525 us = 2235.76 us (2363.66 GFLOPS/s)
MUL_MAT_VEC q4_0_rocmfp4_fast m=2048 n=4 k=2048: 16 x 21.885 us = 350.16 us (1532.84 GFLOPS/s)
MUL_MAT_VEC q4_0_rocmfp4_fast m=512 n=4 k=2048: 16 x 5.12 us = 81.92 us (1638 GFLOPS/s)
MUL_MAT_VEC q4_0_rocmfp4_fast m=6144 n=1 k=2048 batch=4: 22 x 99.207 us = 2182.56 us (1014.43 GFLOPS/s)
MUL_MAT_VEC q6_K m=128000 n=4 k=2048: 1 x 1056.6 us = 1056.6 us (1984.33 GFLOPS/s)
RMS_NORM_MUL RMS_NORM(2048,4,1,1): 61 x 5.482 us = 334.44 us
RMS_NORM_MUL_ROPE RMS_NORM(64,32,4,1): 8 x 10.055 us = 80.44 us
RMS_NORM_MUL_ROPE RMS_NORM(64,8,4,1): 8 x 4.27 us = 34.16 us
SET_ROWS: 16 x 2.425 us = 38.8 us
SSM_CONV: 22 x 5.336 us = 117.4 us
Total time: 12713.5 us.
----------------
Vulkan Timings:
ADD: 60 x 2.128 us = 127.68 us
CONCAT: 22 x 2.792 us = 61.44 us
CPY: 22 x 2.063 us = 45.4 us
FLASH_ATTN_EXT dst(64,32,1,4),  q(64,1,32,4),  k(64,256,8,4),  v(64,256,8,4),  m(256,1,1,4): 8 x 18.625 us = 149 us (450.395 GFLOPS/s)
GET_ROWS: 24 x 2.608 us = 62.6 us
GLU: 30 x 5.985 us = 179.56 us
MUL: 44 x 3.275 us = 144.12 us
MUL_MAT f32 m=64 n=128 k=64: 16 x 2.34 us = 37.44 us (444.609 GFLOPS/s)
MUL_MAT f32 m=64 n=32 k=64: 16 x 2.337 us = 37.4 us (111.271 GFLOPS/s)
MUL_MAT_VEC q4_0_rocmfp4_fast m=10752 n=4 k=2048: 60 x 71.863 us = 4311.8 us (2450.73 GFLOPS/s)
MUL_MAT_VEC q4_0_rocmfp4_fast m=2048 n=1 k=2048 batch=4: 22 x 34.965 us = 769.24 us (959.411 GFLOPS/s)
MUL_MAT_VEC q4_0_rocmfp4_fast m=2048 n=4 k=10752: 30 x 70.528 us = 2115.84 us (2497.63 GFLOPS/s)
MUL_MAT_VEC q4_0_rocmfp4_fast m=2048 n=4 k=2048: 16 x 21.405 us = 342.48 us (1567.22 GFLOPS/s)
MUL_MAT_VEC q4_0_rocmfp4_fast m=512 n=4 k=2048: 16 x 4.562 us = 73 us (1838.15 GFLOPS/s)
MUL_MAT_VEC q4_0_rocmfp4_fast m=6144 n=1 k=2048 batch=4: 22 x 95.812 us = 2107.88 us (1050.37 GFLOPS/s)
MUL_MAT_VEC q6_K m=128000 n=4 k=2048: 1 x 1067.04 us = 1067.04 us (1964.91 GFLOPS/s)
RMS_NORM_MUL RMS_NORM(2048,4,1,1): 61 x 5.331 us = 325.24 us
RMS_NORM_MUL_ROPE RMS_NORM(64,32,4,1): 8 x 9.76 us = 78.08 us
RMS_NORM_MUL_ROPE RMS_NORM(64,8,4,1): 8 x 4.095 us = 32.76 us
SET_ROWS: 16 x 2.405 us = 38.48 us
SSM_CONV: 22 x 5.109 us = 112.4 us
Total time: 12218.9 us.
----------------
Vulkan Timings:
ADD: 60 x 2.021 us = 121.28 us
CONCAT: 22 x 2.847 us = 62.64 us
CPY: 22 x 1.716 us = 37.76 us
FLASH_ATTN_EXT dst(64,32,1,4),  q(64,1,32,4),  k(64,256,8,4),  v(64,256,8,4),  m(256,1,1,4): 8 x 17.24 us = 137.92 us (486.578 GFLOPS/s)
GET_ROWS: 24 x 2.463 us = 59.12 us
GLU: 30 x 5.074 us = 152.24 us
MUL: 44 x 2.78 us = 122.36 us
MUL_MAT f32 m=64 n=128 k=64: 16 x 2.297 us = 36.76 us (452.833 GFLOPS/s)
MUL_MAT f32 m=64 n=32 k=64: 16 x 2.007 us = 32.12 us (129.562 GFLOPS/s)
MUL_MAT_VEC q4_0_rocmfp4_fast m=10752 n=4 k=2048: 60 x 66.877 us = 4012.64 us (2633.44 GFLOPS/s)
MUL_MAT_VEC q4_0_rocmfp4_fast m=2048 n=1 k=2048 batch=4: 22 x 33.209 us = 730.6 us (1010.15 GFLOPS/s)
MUL_MAT_VEC q4_0_rocmfp4_fast m=2048 n=4 k=10752: 30 x 65.24 us = 1957.2 us (2700.07 GFLOPS/s)
MUL_MAT_VEC q4_0_rocmfp4_fast m=2048 n=4 k=2048: 16 x 20.23 us = 323.68 us (1658.24 GFLOPS/s)
MUL_MAT_VEC q4_0_rocmfp4_fast m=512 n=4 k=2048: 16 x 3.88 us = 62.08 us (2161.48 GFLOPS/s)
MUL_MAT_VEC q4_0_rocmfp4_fast m=6144 n=1 k=2048 batch=4: 22 x 88.307 us = 1942.76 us (1139.64 GFLOPS/s)
MUL_MAT_VEC q6_K m=128000 n=4 k=2048: 1 x 1072.04 us = 1072.04 us (1955.75 GFLOPS/s)
RMS_NORM_MUL RMS_NORM(2048,4,1,1): 61 x 5.129 us = 312.92 us
RMS_NORM_MUL_ROPE RMS_NORM(64,32,4,1): 8 x 9.22 us = 73.76 us
RMS_NORM_MUL_ROPE RMS_NORM(64,8,4,1): 8 x 3.885 us = 31.08 us
SET_ROWS: 16 x 2.595 us = 41.52 us
SSM_CONV: 22 x 5.874 us = 129.24 us
Total time: 11451.7 us.
----------------
Vulkan Timings:
ADD: 60 x 1.993 us = 119.6 us
CONCAT: 22 x 2.64 us = 58.08 us
CPY: 22 x 2.22 us = 48.84 us
FLASH_ATTN_EXT dst(64,32,1,4),  q(64,1,32,4),  k(64,256,8,4),  v(64,256,8,4),  m(256,1,1,4): 8 x 19.705 us = 157.64 us (425.71 GFLOPS/s)
GET_ROWS: 24 x 2.44 us = 58.56 us
GLU: 30 x 5.177 us = 155.32 us
MUL: 44 x 2.735 us = 120.36 us
MUL_MAT f32 m=64 n=128 k=64: 16 x 2.262 us = 36.2 us (459.838 GFLOPS/s)
MUL_MAT f32 m=64 n=32 k=64: 16 x 2.19 us = 35.04 us (118.765 GFLOPS/s)
MUL_MAT_VEC q4_0_rocmfp4_fast m=10752 n=4 k=2048: 60 x 66.805 us = 4008.32 us (2636.28 GFLOPS/s)
MUL_MAT_VEC q4_0_rocmfp4_fast m=2048 n=1 k=2048 batch=4: 22 x 32.152 us = 707.36 us (1043.34 GFLOPS/s)
MUL_MAT_VEC q4_0_rocmfp4_fast m=2048 n=4 k=10752: 30 x 66.358 us = 1990.76 us (2654.55 GFLOPS/s)
MUL_MAT_VEC q4_0_rocmfp4_fast m=2048 n=4 k=2048: 16 x 20.51 us = 328.16 us (1635.6 GFLOPS/s)
MUL_MAT_VEC q4_0_rocmfp4_fast m=512 n=4 k=2048: 16 x 5.15 us = 82.4 us (1628.46 GFLOPS/s)
MUL_MAT_VEC q4_0_rocmfp4_fast m=6144 n=1 k=2048 batch=4: 22 x 88.356 us = 1943.84 us (1139.01 GFLOPS/s)
MUL_MAT_VEC q6_K m=128000 n=4 k=2048: 1 x 1073.08 us = 1073.08 us (1953.85 GFLOPS/s)
RMS_NORM_MUL RMS_NORM(2048,4,1,1): 61 x 5.051 us = 308.16 us
RMS_NORM_MUL_ROPE RMS_NORM(64,32,4,1): 8 x 11.635 us = 93.08 us
RMS_NORM_MUL_ROPE RMS_NORM(64,8,4,1): 8 x 3.95 us = 31.6 us
SET_ROWS: 16 x 2.527 us = 40.44 us
SSM_CONV: 22 x 5.467 us = 120.28 us
Total time: 11517.1 us.
----------------
Vulkan Timings:
ADD: 60 x 2.117 us = 127.04 us
CONCAT: 22 x 2.661 us = 58.56 us
CPY: 22 x 1.645 us = 36.2 us
FLASH_ATTN_EXT dst(64,32,1,4),  q(64,1,32,4),  k(64,256,8,4),  v(64,256,8,4),  m(256,1,1,4): 8 x 17.64 us = 141.12 us (475.545 GFLOPS/s)
GET_ROWS: 24 x 2.483 us = 59.6 us
GLU: 30 x 5.26 us = 157.8 us
MUL: 44 x 2.784 us = 122.52 us
MUL_MAT f32 m=64 n=128 k=64: 16 x 2.22 us = 35.52 us (468.641 GFLOPS/s)
MUL_MAT f32 m=64 n=32 k=64: 16 x 2.302 us = 36.84 us (112.962 GFLOPS/s)
MUL_MAT_VEC q4_0_rocmfp4_fast m=10752 n=4 k=2048: 60 x 69.059 us = 4143.56 us (2550.24 GFLOPS/s)
MUL_MAT_VEC q4_0_rocmfp4_fast m=2048 n=1 k=2048 batch=4: 22 x 32.905 us = 723.92 us (1019.47 GFLOPS/s)
MUL_MAT_VEC q4_0_rocmfp4_fast m=2048 n=4 k=10752: 30 x 67.293 us = 2018.8 us (2617.68 GFLOPS/s)
MUL_MAT_VEC q4_0_rocmfp4_fast m=2048 n=4 k=2048: 16 x 20.675 us = 330.8 us (1622.55 GFLOPS/s)
MUL_MAT_VEC q4_0_rocmfp4_fast m=512 n=4 k=2048: 16 x 3.997 us = 63.96 us (2097.95 GFLOPS/s)
MUL_MAT_VEC q4_0_rocmfp4_fast m=6144 n=1 k=2048 batch=4: 22 x 90.32 us = 1987.04 us (1114.25 GFLOPS/s)
MUL_MAT_VEC q6_K m=128000 n=4 k=2048: 1 x 1069.88 us = 1069.88 us (1959.7 GFLOPS/s)
RMS_NORM_MUL RMS_NORM(2048,4,1,1): 61 x 5.242 us = 319.8 us
RMS_NORM_MUL_ROPE RMS_NORM(64,32,4,1): 8 x 9.255 us = 74.04 us
RMS_NORM_MUL_ROPE RMS_NORM(64,8,4,1): 8 x 3.91 us = 31.28 us
SET_ROWS: 16 x 2.272 us = 36.36 us
SSM_CONV: 22 x 4.985 us = 109.68 us
Total time: 11684.3 us.
----------------
Vulkan Timings:
ADD: 60 x 2.266 us = 136 us
CONCAT: 22 x 3.096 us = 68.12 us
CPY: 22 x 1.723 us = 37.92 us
FLASH_ATTN_EXT dst(64,32,1,4),  q(64,1,32,4),  k(64,256,8,4),  v(64,256,8,4),  m(256,1,1,4): 8 x 19.765 us = 158.12 us (424.417 GFLOPS/s)
GET_ROWS: 24 x 2.773 us = 66.56 us
GLU: 30 x 5.661 us = 169.84 us
MUL: 44 x 3.149 us = 138.56 us
MUL_MAT f32 m=64 n=128 k=64: 16 x 2.452 us = 39.24 us (424.214 GFLOPS/s)
MUL_MAT f32 m=64 n=32 k=64: 16 x 2.627 us = 42.04 us (98.9899 GFLOPS/s)
MUL_MAT_VEC q4_0_rocmfp4_fast m=10752 n=4 k=2048: 60 x 80.616 us = 4837 us (2184.63 GFLOPS/s)
MUL_MAT_VEC q4_0_rocmfp4_fast m=2048 n=1 k=2048 batch=4: 22 x 38.129 us = 838.84 us (879.807 GFLOPS/s)
MUL_MAT_VEC q4_0_rocmfp4_fast m=2048 n=4 k=10752: 30 x 78.602 us = 2358.08 us (2241.05 GFLOPS/s)
MUL_MAT_VEC q4_0_rocmfp4_fast m=2048 n=4 k=2048: 16 x 21.397 us = 342.36 us (1567.76 GFLOPS/s)
MUL_MAT_VEC q4_0_rocmfp4_fast m=512 n=4 k=2048: 16 x 6.15 us = 98.4 us (1363.67 GFLOPS/s)
MUL_MAT_VEC q4_0_rocmfp4_fast m=6144 n=1 k=2048 batch=4: 22 x 102.654 us = 2258.4 us (980.363 GFLOPS/s)
MUL_MAT_VEC q6_K m=128000 n=4 k=2048: 1 x 1068.44 us = 1068.44 us (1962.34 GFLOPS/s)
RMS_NORM_MUL RMS_NORM(2048,4,1,1): 61 x 5.84 us = 356.24 us
RMS_NORM_MUL_ROPE RMS_NORM(64,32,4,1): 8 x 10.395 us = 83.16 us
RMS_NORM_MUL_ROPE RMS_NORM(64,8,4,1): 8 x 4.42 us = 35.36 us
SET_ROWS: 16 x 2.607 us = 41.72 us
SSM_CONV: 22 x 5.73 us = 126.08 us
Total time: 13300.5 us.
----------------
Vulkan Timings:
ADD: 60 x 2.796 us = 167.8 us
CONCAT: 22 x 3.12 us = 68.64 us
CPY: 22 x 2.349 us = 51.68 us
FLASH_ATTN_EXT dst(64,32,1,4),  q(64,1,32,4),  k(64,256,8,4),  v(64,256,8,4),  m(256,1,1,4): 8 x 22.385 us = 179.08 us (374.742 GFLOPS/s)
GET_ROWS: 24 x 3.123 us = 74.96 us
GLU: 30 x 5.502 us = 165.08 us
MUL: 44 x 3.657 us = 160.92 us
MUL_MAT f32 m=64 n=128 k=64: 16 x 2.8 us = 44.8 us (371.566 GFLOPS/s)
MUL_MAT f32 m=64 n=32 k=64: 16 x 2.542 us = 40.68 us (102.299 GFLOPS/s)
MUL_MAT_VEC q4_0_rocmfp4_fast m=10752 n=4 k=2048: 60 x 93.071 us = 5584.28 us (1892.29 GFLOPS/s)
MUL_MAT_VEC q4_0_rocmfp4_fast m=2048 n=1 k=2048 batch=4: 22 x 43.458 us = 956.08 us (771.92 GFLOPS/s)
MUL_MAT_VEC q4_0_rocmfp4_fast m=2048 n=4 k=10752: 30 x 91.065 us = 2731.96 us (1934.35 GFLOPS/s)
MUL_MAT_VEC q4_0_rocmfp4_fast m=2048 n=4 k=2048: 16 x 25.965 us = 415.44 us (1291.98 GFLOPS/s)
MUL_MAT_VEC q4_0_rocmfp4_fast m=512 n=4 k=2048: 16 x 6.97 us = 111.52 us (1203.24 GFLOPS/s)
MUL_MAT_VEC q4_0_rocmfp4_fast m=6144 n=1 k=2048 batch=4: 22 x 118.098 us = 2598.16 us (852.161 GFLOPS/s)
MUL_MAT_VEC q6_K m=128000 n=4 k=2048: 1 x 1054.72 us = 1054.72 us (1987.86 GFLOPS/s)
RMS_NORM_MUL RMS_NORM(2048,4,1,1): 61 x 6.935 us = 423.04 us
RMS_NORM_MUL_ROPE RMS_NORM(64,32,4,1): 8 x 11.73 us = 93.84 us
RMS_NORM_MUL_ROPE RMS_NORM(64,8,4,1): 8 x 4.96 us = 39.68 us
SET_ROWS: 16 x 3.32 us = 53.12 us
SSM_CONV: 22 x 6.554 us = 144.2 us
Total time: 15159.7 us.
----------------
Vulkan Timings:
ADD: 60 x 1.909 us = 114.56 us
CONCAT: 22 x 2.476 us = 54.48 us
CPY: 22 x 1.618 us = 35.6 us
FLASH_ATTN_EXT dst(64,32,1,4),  q(64,1,32,4),  k(64,256,8,4),  v(64,256,8,4),  m(256,1,1,4): 8 x 16.03 us = 128.24 us (523.307 GFLOPS/s)
GET_ROWS: 24 x 2.366 us = 56.8 us
GLU: 30 x 5.28 us = 158.4 us
MUL: 44 x 2.583 us = 113.68 us
MUL_MAT f32 m=64 n=128 k=64: 16 x 2.23 us = 35.68 us (466.54 GFLOPS/s)
MUL_MAT f32 m=64 n=32 k=64: 16 x 1.925 us = 30.8 us (135.115 GFLOPS/s)
MUL_MAT_VEC q4_0_rocmfp4_fast m=10752 n=4 k=2048: 60 x 63.158 us = 3789.52 us (2788.5 GFLOPS/s)
MUL_MAT_VEC q4_0_rocmfp4_fast m=2048 n=1 k=2048 batch=4: 22 x 31.123 us = 684.72 us (1077.84 GFLOPS/s)
MUL_MAT_VEC q4_0_rocmfp4_fast m=2048 n=4 k=10752: 30 x 63.793 us = 1913.8 us (2761.3 GFLOPS/s)
MUL_MAT_VEC q4_0_rocmfp4_fast m=2048 n=4 k=2048: 16 x 19.41 us = 310.56 us (1728.3 GFLOPS/s)
MUL_MAT_VEC q4_0_rocmfp4_fast m=512 n=4 k=2048: 16 x 3.792 us = 60.68 us (2211.35 GFLOPS/s)
MUL_MAT_VEC q4_0_rocmfp4_fast m=6144 n=1 k=2048 batch=4: 22 x 84.958 us = 1869.08 us (1184.57 GFLOPS/s)
MUL_MAT_VEC q6_K m=128000 n=4 k=2048: 1 x 1064.24 us = 1064.24 us (1970.08 GFLOPS/s)
RMS_NORM_MUL RMS_NORM(2048,4,1,1): 61 x 4.77 us = 291 us
RMS_NORM_MUL_ROPE RMS_NORM(64,32,4,1): 8 x 8.735 us = 69.88 us
RMS_NORM_MUL_ROPE RMS_NORM(64,8,4,1): 8 x 3.7 us = 29.6 us
SET_ROWS: 16 x 2.745 us = 43.92 us
SSM_CONV: 22 x 4.627 us = 101.8 us
Total time: 10957 us.
----------------
Vulkan Timings:
ADD: 60 x 1.827 us = 109.64 us
CONCAT: 22 x 2.341 us = 51.52 us
CPY: 22 x 1.563 us = 34.4 us
FLASH_ATTN_EXT dst(64,32,1,4),  q(64,1,32,4),  k(64,256,8,4),  v(64,256,8,4),  m(256,1,1,4): 8 x 15.12 us = 120.96 us (554.802 GFLOPS/s)
GET_ROWS: 24 x 2.281 us = 54.76 us
GLU: 30 x 4.54 us = 136.2 us
MUL: 44 x 2.461 us = 108.32 us
MUL_MAT f32 m=64 n=128 k=64: 16 x 2.165 us = 34.64 us (480.547 GFLOPS/s)
MUL_MAT f32 m=64 n=32 k=64: 16 x 2.097 us = 33.56 us (124.003 GFLOPS/s)
MUL_MAT_VEC q4_0_rocmfp4_fast m=10752 n=4 k=2048: 60 x 60.43 us = 3625.8 us (2914.41 GFLOPS/s)
MUL_MAT_VEC q4_0_rocmfp4_fast m=2048 n=1 k=2048 batch=4: 22 x 28.672 us = 630.8 us (1169.97 GFLOPS/s)
MUL_MAT_VEC q4_0_rocmfp4_fast m=2048 n=4 k=10752: 30 x 60.121 us = 1803.64 us (2929.95 GFLOPS/s)
MUL_MAT_VEC q4_0_rocmfp4_fast m=2048 n=4 k=2048: 16 x 18.53 us = 296.48 us (1810.37 GFLOPS/s)
MUL_MAT_VEC q4_0_rocmfp4_fast m=512 n=4 k=2048: 16 x 3.575 us = 57.2 us (2345.89 GFLOPS/s)
MUL_MAT_VEC q4_0_rocmfp4_fast m=6144 n=1 k=2048 batch=4: 22 x 79.009 us = 1738.2 us (1273.76 GFLOPS/s)
MUL_MAT_VEC q6_K m=128000 n=4 k=2048: 1 x 1055.04 us = 1055.04 us (1987.26 GFLOPS/s)
RMS_NORM_MUL RMS_NORM(2048,4,1,1): 61 x 4.459 us = 272.04 us
RMS_NORM_MUL_ROPE RMS_NORM(64,32,4,1): 8 x 8.31 us = 66.48 us
RMS_NORM_MUL_ROPE RMS_NORM(64,8,4,1): 8 x 3.42 us = 27.36 us
SET_ROWS: 16 x 2.022 us = 32.36 us
SSM_CONV: 22 x 4.294 us = 94.48 us
Total time: 10383.9 us.
----------------
Vulkan Timings:
ADD: 60 x 1.898 us = 113.92 us
CONCAT: 22 x 2.516 us = 55.36 us
CPY: 22 x 1.567 us = 34.48 us
FLASH_ATTN_EXT dst(64,32,1,4),  q(64,1,32,4),  k(64,256,8,4),  v(64,256,8,4),  m(256,1,1,4): 8 x 16.455 us = 131.64 us (509.791 GFLOPS/s)
GET_ROWS: 24 x 2.345 us = 56.28 us
GLU: 30 x 4.913 us = 147.4 us
MUL: 44 x 2.618 us = 115.2 us
MUL_MAT f32 m=64 n=128 k=64: 16 x 2.207 us = 35.32 us (471.295 GFLOPS/s)
MUL_MAT f32 m=64 n=32 k=64: 16 x 1.902 us = 30.44 us (136.713 GFLOPS/s)
MUL_MAT_VEC q4_0_rocmfp4_fast m=10752 n=4 k=2048: 60 x 64.15 us = 3849 us (2745.41 GFLOPS/s)
MUL_MAT_VEC q4_0_rocmfp4_fast m=2048 n=1 k=2048 batch=4: 22 x 31.15 us = 685.32 us (1076.89 GFLOPS/s)
MUL_MAT_VEC q4_0_rocmfp4_fast m=2048 n=4 k=10752: 30 x 63.482 us = 1904.48 us (2774.81 GFLOPS/s)
MUL_MAT_VEC q4_0_rocmfp4_fast m=2048 n=4 k=2048: 16 x 19.67 us = 314.72 us (1705.45 GFLOPS/s)
MUL_MAT_VEC q4_0_rocmfp4_fast m=512 n=4 k=2048: 16 x 4.38 us = 70.08 us (1914.74 GFLOPS/s)
MUL_MAT_VEC q4_0_rocmfp4_fast m=6144 n=1 k=2048 batch=4: 22 x 85.634 us = 1883.96 us (1175.21 GFLOPS/s)
MUL_MAT_VEC q6_K m=128000 n=4 k=2048: 1 x 1063.4 us = 1063.4 us (1971.64 GFLOPS/s)
RMS_NORM_MUL RMS_NORM(2048,4,1,1): 61 x 4.739 us = 289.08 us
RMS_NORM_MUL_ROPE RMS_NORM(64,32,4,1): 8 x 9.06 us = 72.48 us
RMS_NORM_MUL_ROPE RMS_NORM(64,8,4,1): 8 x 3.66 us = 29.28 us
SET_ROWS: 16 x 2.452 us = 39.24 us
SSM_CONV: 22 x 4.709 us = 103.6 us
Total time: 11024.7 us.
----------------
Vulkan Timings:
ADD: 60 x 2.251 us = 135.08 us
CONCAT: 22 x 2.985 us = 65.68 us
CPY: 22 x 1.709 us = 37.6 us
FLASH_ATTN_EXT dst(64,32,1,4),  q(64,1,32,4),  k(64,256,8,4),  v(64,256,8,4),  m(256,1,1,4): 8 x 19.705 us = 157.64 us (425.71 GFLOPS/s)
GET_ROWS: 24 x 2.776 us = 66.64 us
GLU: 30 x 5.884 us = 176.52 us
MUL: 44 x 3.092 us = 136.08 us
MUL_MAT f32 m=64 n=128 k=64: 16 x 2.455 us = 39.28 us (423.782 GFLOPS/s)
MUL_MAT f32 m=64 n=32 k=64: 16 x 2.547 us = 40.76 us (102.099 GFLOPS/s)
MUL_MAT_VEC q4_0_rocmfp4_fast m=10752 n=4 k=2048: 60 x 78.436 us = 4706.2 us (2245.35 GFLOPS/s)
MUL_MAT_VEC q4_0_rocmfp4_fast m=2048 n=1 k=2048 batch=4: 22 x 36.716 us = 807.76 us (913.659 GFLOPS/s)
MUL_MAT_VEC q4_0_rocmfp4_fast m=2048 n=4 k=10752: 30 x 78.414 us = 2352.44 us (2246.42 GFLOPS/s)
MUL_MAT_VEC q4_0_rocmfp4_fast m=2048 n=4 k=2048: 16 x 22.04 us = 352.64 us (1522.06 GFLOPS/s)
MUL_MAT_VEC q4_0_rocmfp4_fast m=512 n=4 k=2048: 16 x 5.735 us = 91.76 us (1462.35 GFLOPS/s)
MUL_MAT_VEC q4_0_rocmfp4_fast m=6144 n=1 k=2048 batch=4: 22 x 101.647 us = 2236.24 us (990.078 GFLOPS/s)
MUL_MAT_VEC q6_K m=128000 n=4 k=2048: 1 x 1139 us = 1139 us (1840.77 GFLOPS/s)
RMS_NORM_MUL RMS_NORM(2048,4,1,1): 61 x 5.736 us = 349.92 us
RMS_NORM_MUL_ROPE RMS_NORM(64,32,4,1): 8 x 10.38 us = 83.04 us
RMS_NORM_MUL_ROPE RMS_NORM(64,8,4,1): 8 x 4.455 us = 35.64 us
SET_ROWS: 16 x 2.71 us = 43.36 us
SSM_CONV: 22 x 5.547 us = 122.04 us
Total time: 13175.3 us.
----------------
Vulkan Timings:
ADD: 60 x 1.793 us = 107.6 us
CONCAT: 22 x 2.349 us = 51.68 us
CPY: 22 x 1.565 us = 34.44 us
FLASH_ATTN_EXT dst(64,32,1,4),  q(64,1,32,4),  k(64,256,8,4),  v(64,256,8,4),  m(256,1,1,4): 8 x 14.9 us = 119.2 us (562.994 GFLOPS/s)
GET_ROWS: 24 x 2.243 us = 53.84 us
GLU: 30 x 4.513 us = 135.4 us
MUL: 44 x 2.458 us = 108.16 us
MUL_MAT f32 m=64 n=128 k=64: 16 x 2.1 us = 33.6 us (495.421 GFLOPS/s)
MUL_MAT f32 m=64 n=32 k=64: 16 x 2.107 us = 33.72 us (123.414 GFLOPS/s)
MUL_MAT_VEC q4_0_rocmfp4_fast m=10752 n=4 k=2048: 60 x 60.186 us = 3611.16 us (2926.22 GFLOPS/s)
MUL_MAT_VEC q4_0_rocmfp4_fast m=2048 n=1 k=2048 batch=4: 22 x 28.607 us = 629.36 us (1172.65 GFLOPS/s)
MUL_MAT_VEC q4_0_rocmfp4_fast m=2048 n=4 k=10752: 30 x 60.526 us = 1815.8 us (2910.33 GFLOPS/s)
MUL_MAT_VEC q4_0_rocmfp4_fast m=2048 n=4 k=2048: 16 x 18.482 us = 295.72 us (1815.03 GFLOPS/s)
MUL_MAT_VEC q4_0_rocmfp4_fast m=512 n=4 k=2048: 16 x 3.56 us = 56.96 us (2355.78 GFLOPS/s)
MUL_MAT_VEC q4_0_rocmfp4_fast m=6144 n=1 k=2048 batch=4: 22 x 79.612 us = 1751.48 us (1264.1 GFLOPS/s)
MUL_MAT_VEC q6_K m=128000 n=4 k=2048: 1 x 1056.12 us = 1056.12 us (1985.23 GFLOPS/s)
RMS_NORM_MUL RMS_NORM(2048,4,1,1): 61 x 4.381 us = 267.28 us
RMS_NORM_MUL_ROPE RMS_NORM(64,32,4,1): 8 x 8.165 us = 65.32 us
RMS_NORM_MUL_ROPE RMS_NORM(64,8,4,1): 8 x 3.41 us = 27.28 us
SET_ROWS: 16 x 2.152 us = 34.44 us
SSM_CONV: 22 x 4.3 us = 94.6 us
Total time: 10383.2 us.
----------------
Vulkan Timings:
ADD: 60 x 1.782 us = 106.92 us
CONCAT: 22 x 2.341 us = 51.52 us
CPY: 22 x 1.58 us = 34.76 us
FLASH_ATTN_EXT dst(64,32,1,4),  q(64,1,32,4),  k(64,256,8,4),  v(64,256,8,4),  m(256,1,1,4): 8 x 15.425 us = 123.4 us (543.832 GFLOPS/s)
GET_ROWS: 24 x 2.26 us = 54.24 us
GLU: 30 x 4.582 us = 137.48 us
MUL: 44 x 2.46 us = 108.24 us
MUL_MAT f32 m=64 n=128 k=64: 16 x 2.11 us = 33.76 us (493.073 GFLOPS/s)
MUL_MAT f32 m=64 n=32 k=64: 16 x 2.087 us = 33.4 us (124.597 GFLOPS/s)
MUL_MAT_VEC q4_0_rocmfp4_fast m=10752 n=4 k=2048: 60 x 59.699 us = 3581.96 us (2950.08 GFLOPS/s)
MUL_MAT_VEC q4_0_rocmfp4_fast m=2048 n=1 k=2048 batch=4: 22 x 28.598 us = 629.16 us (1173.02 GFLOPS/s)
MUL_MAT_VEC q4_0_rocmfp4_fast m=2048 n=4 k=10752: 30 x 60.233 us = 1807 us (2924.5 GFLOPS/s)
MUL_MAT_VEC q4_0_rocmfp4_fast m=2048 n=4 k=2048: 16 x 18.52 us = 296.32 us (1811.35 GFLOPS/s)
MUL_MAT_VEC q4_0_rocmfp4_fast m=512 n=4 k=2048: 16 x 3.557 us = 56.92 us (2357.43 GFLOPS/s)
MUL_MAT_VEC q4_0_rocmfp4_fast m=6144 n=1 k=2048 batch=4: 22 x 79.941 us = 1758.72 us (1258.9 GFLOPS/s)
MUL_MAT_VEC q6_K m=128000 n=4 k=2048: 1 x 1131.96 us = 1131.96 us (1852.22 GFLOPS/s)
RMS_NORM_MUL RMS_NORM(2048,4,1,1): 61 x 4.462 us = 272.24 us
RMS_NORM_MUL_ROPE RMS_NORM(64,32,4,1): 8 x 8.21 us = 65.68 us
RMS_NORM_MUL_ROPE RMS_NORM(64,8,4,1): 8 x 3.44 us = 27.52 us
SET_ROWS: 16 x 2.1 us = 33.6 us
SSM_CONV: 22 x 4.265 us = 93.84 us
Total time: 10438.6 us.
----------------
Vulkan Timings:
ADD: 60 x 1.812 us = 108.72 us
CONCAT: 22 x 2.307 us = 50.76 us
CPY: 22 x 1.601 us = 35.24 us
FLASH_ATTN_EXT dst(64,32,1,4),  q(64,1,32,4),  k(64,256,8,4),  v(64,256,8,4),  m(256,1,1,4): 8 x 15.1 us = 120.8 us (555.537 GFLOPS/s)
GET_ROWS: 24 x 2.25 us = 54 us
GLU: 30 x 4.528 us = 135.84 us
MUL: 44 x 2.441 us = 107.44 us
MUL_MAT f32 m=64 n=128 k=64: 16 x 2.105 us = 33.68 us (494.244 GFLOPS/s)
MUL_MAT f32 m=64 n=32 k=64: 16 x 2.07 us = 33.12 us (125.65 GFLOPS/s)
MUL_MAT_VEC q4_0_rocmfp4_fast m=10752 n=4 k=2048: 60 x 59.959 us = 3597.56 us (2937.29 GFLOPS/s)
MUL_MAT_VEC q4_0_rocmfp4_fast m=2048 n=1 k=2048 batch=4: 22 x 28.638 us = 630.04 us (1171.38 GFLOPS/s)
MUL_MAT_VEC q4_0_rocmfp4_fast m=2048 n=4 k=10752: 30 x 61.101 us = 1833.04 us (2882.96 GFLOPS/s)
MUL_MAT_VEC q4_0_rocmfp4_fast m=2048 n=4 k=2048: 16 x 18.39 us = 294.24 us (1824.16 GFLOPS/s)
MUL_MAT_VEC q4_0_rocmfp4_fast m=512 n=4 k=2048: 16 x 3.58 us = 57.28 us (2342.61 GFLOPS/s)
MUL_MAT_VEC q4_0_rocmfp4_fast m=6144 n=1 k=2048 batch=4: 22 x 79.027 us = 1738.6 us (1273.47 GFLOPS/s)
MUL_MAT_VEC q6_K m=128000 n=4 k=2048: 1 x 1054.2 us = 1054.2 us (1988.84 GFLOPS/s)
RMS_NORM_MUL RMS_NORM(2048,4,1,1): 61 x 4.322 us = 263.68 us
RMS_NORM_MUL_ROPE RMS_NORM(64,32,4,1): 8 x 8.14 us = 65.12 us
RMS_NORM_MUL_ROPE RMS_NORM(64,8,4,1): 8 x 3.42 us = 27.36 us
SET_ROWS: 16 x 2.085 us = 33.36 us
SSM_CONV: 22 x 4.403 us = 96.88 us
Total time: 10371 us.
----------------
Vulkan Timings:
ADD: 60 x 2.355 us = 141.32 us
CONCAT: 22 x 3.438 us = 75.64 us
CPY: 22 x 1.736 us = 38.2 us
FLASH_ATTN_EXT dst(64,32,1,4),  q(64,1,32,4),  k(64,256,8,4),  v(64,256,8,4),  m(256,1,1,4): 8 x 19.8 us = 158.4 us (423.667 GFLOPS/s)
GET_ROWS: 24 x 2.778 us = 66.68 us
GLU: 30 x 5.38 us = 161.4 us
MUL: 44 x 3.59 us = 158 us
MUL_MAT f32 m=64 n=128 k=64: 16 x 2.442 us = 39.08 us (425.95 GFLOPS/s)
MUL_MAT f32 m=64 n=32 k=64: 16 x 2.42 us = 38.72 us (107.478 GFLOPS/s)
MUL_MAT_VEC q4_0_rocmfp4_fast m=10752 n=4 k=2048: 60 x 80.357 us = 4821.44 us (2191.68 GFLOPS/s)
MUL_MAT_VEC q4_0_rocmfp4_fast m=2048 n=1 k=2048 batch=4: 22 x 37.936 us = 834.6 us (884.277 GFLOPS/s)
MUL_MAT_VEC q4_0_rocmfp4_fast m=2048 n=4 k=10752: 30 x 79.014 us = 2370.44 us (2229.37 GFLOPS/s)
MUL_MAT_VEC q4_0_rocmfp4_fast m=2048 n=4 k=2048: 16 x 21.757 us = 348.12 us (1541.82 GFLOPS/s)
MUL_MAT_VEC q4_0_rocmfp4_fast m=512 n=4 k=2048: 16 x 6.912 us = 110.6 us (1213.25 GFLOPS/s)
MUL_MAT_VEC q4_0_rocmfp4_fast m=6144 n=1 k=2048 batch=4: 22 x 104.632 us = 2301.92 us (961.828 GFLOPS/s)
MUL_MAT_VEC q6_K m=128000 n=4 k=2048: 1 x 1065.08 us = 1065.08 us (1968.53 GFLOPS/s)
RMS_NORM_MUL RMS_NORM(2048,4,1,1): 61 x 5.841 us = 356.36 us
RMS_NORM_MUL_ROPE RMS_NORM(64,32,4,1): 8 x 10.305 us = 82.44 us
RMS_NORM_MUL_ROPE RMS_NORM(64,8,4,1): 8 x 4.36 us = 34.88 us
SET_ROWS: 16 x 2.607 us = 41.72 us
SSM_CONV: 22 x 6.558 us = 144.28 us
Total time: 13389.3 us.
----------------
Vulkan Timings:
ADD: 60 x 1.789 us = 107.36 us
CONCAT: 22 x 2.347 us = 51.64 us
CPY: 22 x 1.607 us = 35.36 us
FLASH_ATTN_EXT dst(64,32,1,4),  q(64,1,32,4),  k(64,256,8,4),  v(64,256,8,4),  m(256,1,1,4): 8 x 14.98 us = 119.84 us (559.987 GFLOPS/s)
GET_ROWS: 24 x 2.24 us = 53.76 us
GLU: 30 x 4.541 us = 136.24 us
MUL: 44 x 2.46 us = 108.24 us
MUL_MAT f32 m=64 n=128 k=64: 16 x 2.107 us = 33.72 us (493.658 GFLOPS/s)
MUL_MAT f32 m=64 n=32 k=64: 16 x 2.097 us = 33.56 us (124.003 GFLOPS/s)
MUL_MAT_VEC q4_0_rocmfp4_fast m=10752 n=4 k=2048: 60 x 60.263 us = 3615.8 us (2922.47 GFLOPS/s)
MUL_MAT_VEC q4_0_rocmfp4_fast m=2048 n=1 k=2048 batch=4: 22 x 28.703 us = 631.48 us (1168.71 GFLOPS/s)
MUL_MAT_VEC q4_0_rocmfp4_fast m=2048 n=4 k=10752: 30 x 60.722 us = 1821.68 us (2900.94 GFLOPS/s)
MUL_MAT_VEC q4_0_rocmfp4_fast m=2048 n=4 k=2048: 16 x 18.39 us = 294.24 us (1824.16 GFLOPS/s)
MUL_MAT_VEC q4_0_rocmfp4_fast m=512 n=4 k=2048: 16 x 3.555 us = 56.88 us (2359.09 GFLOPS/s)
MUL_MAT_VEC q4_0_rocmfp4_fast m=6144 n=1 k=2048 batch=4: 22 x 79.192 us = 1742.24 us (1270.81 GFLOPS/s)
MUL_MAT_VEC q6_K m=128000 n=4 k=2048: 1 x 1065.32 us = 1065.32 us (1968.08 GFLOPS/s)
RMS_NORM_MUL RMS_NORM(2048,4,1,1): 61 x 4.558 us = 278.04 us
RMS_NORM_MUL_ROPE RMS_NORM(64,32,4,1): 8 x 8.285 us = 66.28 us
RMS_NORM_MUL_ROPE RMS_NORM(64,8,4,1): 8 x 3.42 us = 27.36 us
SET_ROWS: 16 x 2.12 us = 33.92 us
SSM_CONV: 22 x 4.252 us = 93.56 us
Total time: 10406.5 us.
----------------
Vulkan Timings:
ADD: 60 x 1.79 us = 107.4 us
CONCAT: 22 x 2.347 us = 51.64 us
CPY: 22 x 1.556 us = 34.24 us
FLASH_ATTN_EXT dst(64,32,1,4),  q(64,1,32,4),  k(64,256,8,4),  v(64,256,8,4),  m(256,1,1,4): 8 x 15.3 us = 122.4 us (548.275 GFLOPS/s)
GET_ROWS: 24 x 2.238 us = 53.72 us
GLU: 30 x 4.529 us = 135.88 us
MUL: 44 x 2.456 us = 108.08 us
MUL_MAT f32 m=64 n=128 k=64: 16 x 2.112 us = 33.8 us (492.489 GFLOPS/s)
MUL_MAT f32 m=64 n=32 k=64: 16 x 2.1 us = 33.6 us (123.855 GFLOPS/s)
MUL_MAT_VEC q4_0_rocmfp4_fast m=10752 n=4 k=2048: 60 x 60.118 us = 3607.12 us (2929.5 GFLOPS/s)
MUL_MAT_VEC q4_0_rocmfp4_fast m=2048 n=1 k=2048 batch=4: 22 x 29.132 us = 640.92 us (1151.5 GFLOPS/s)
MUL_MAT_VEC q4_0_rocmfp4_fast m=2048 n=4 k=10752: 30 x 61.989 us = 1859.68 us (2841.66 GFLOPS/s)
MUL_MAT_VEC q4_0_rocmfp4_fast m=2048 n=4 k=2048: 16 x 18.35 us = 293.6 us (1828.13 GFLOPS/s)
MUL_MAT_VEC q4_0_rocmfp4_fast m=512 n=4 k=2048: 16 x 3.542 us = 56.68 us (2367.41 GFLOPS/s)
MUL_MAT_VEC q4_0_rocmfp4_fast m=6144 n=1 k=2048 batch=4: 22 x 79.53 us = 1749.68 us (1265.4 GFLOPS/s)
MUL_MAT_VEC q6_K m=128000 n=4 k=2048: 1 x 1057.8 us = 1057.8 us (1982.08 GFLOPS/s)
RMS_NORM_MUL RMS_NORM(2048,4,1,1): 61 x 4.382 us = 267.36 us
RMS_NORM_MUL_ROPE RMS_NORM(64,32,4,1): 8 x 8.32 us = 66.56 us
RMS_NORM_MUL_ROPE RMS_NORM(64,8,4,1): 8 x 3.4 us = 27.2 us
SET_ROWS: 16 x 2.067 us = 33.08 us
SSM_CONV: 22 x 4.298 us = 94.56 us
Total time: 10435 us.
----------------
Vulkan Timings:
ADD: 60 x 1.878 us = 112.72 us
CONCAT: 22 x 2.469 us = 54.32 us
CPY: 22 x 1.567 us = 34.48 us
FLASH_ATTN_EXT dst(64,32,1,4),  q(64,1,32,4),  k(64,256,8,4),  v(64,256,8,4),  m(256,1,1,4): 8 x 16.465 us = 131.72 us (509.481 GFLOPS/s)
GET_ROWS: 24 x 2.308 us = 55.4 us
GLU: 30 x 4.829 us = 144.88 us
MUL: 44 x 2.591 us = 114.04 us
MUL_MAT f32 m=64 n=128 k=64: 16 x 2.19 us = 35.04 us (475.061 GFLOPS/s)
MUL_MAT f32 m=64 n=32 k=64: 16 x 1.96 us = 31.36 us (132.702 GFLOPS/s)
MUL_MAT_VEC q4_0_rocmfp4_fast m=10752 n=4 k=2048: 60 x 63.397 us = 3803.84 us (2778 GFLOPS/s)
MUL_MAT_VEC q4_0_rocmfp4_fast m=2048 n=1 k=2048 batch=4: 22 x 31.967 us = 703.28 us (1049.39 GFLOPS/s)
MUL_MAT_VEC q4_0_rocmfp4_fast m=2048 n=4 k=10752: 30 x 63.493 us = 1904.8 us (2774.35 GFLOPS/s)
MUL_MAT_VEC q4_0_rocmfp4_fast m=2048 n=4 k=2048: 16 x 19.36 us = 309.76 us (1732.76 GFLOPS/s)
MUL_MAT_VEC q4_0_rocmfp4_fast m=512 n=4 k=2048: 16 x 3.772 us = 60.36 us (2223.08 GFLOPS/s)
MUL_MAT_VEC q4_0_rocmfp4_fast m=6144 n=1 k=2048 batch=4: 22 x 85.892 us = 1889.64 us (1171.68 GFLOPS/s)
MUL_MAT_VEC q6_K m=128000 n=4 k=2048: 1 x 1064.08 us = 1064.08 us (1970.38 GFLOPS/s)
RMS_NORM_MUL RMS_NORM(2048,4,1,1): 61 x 4.662 us = 284.44 us
RMS_NORM_MUL_ROPE RMS_NORM(64,32,4,1): 8 x 8.71 us = 69.68 us
RMS_NORM_MUL_ROPE RMS_NORM(64,8,4,1): 8 x 3.62 us = 28.96 us
SET_ROWS: 16 x 2.295 us = 36.72 us
SSM_CONV: 22 x 4.652 us = 102.36 us
Total time: 10971.9 us.
----------------
Vulkan Timings:
ADD: 60 x 2.042 us = 122.56 us
CONCAT: 22 x 2.849 us = 62.68 us
CPY: 22 x 1.61 us = 35.44 us
FLASH_ATTN_EXT dst(64,32,1,4),  q(64,1,32,4),  k(64,256,8,4),  v(64,256,8,4),  m(256,1,1,4): 8 x 18.02 us = 144.16 us (465.517 GFLOPS/s)
GET_ROWS: 24 x 2.611 us = 62.68 us
GLU: 30 x 5.136 us = 154.08 us
MUL: 44 x 2.877 us = 126.6 us
MUL_MAT f32 m=64 n=128 k=64: 16 x 2.23 us = 35.68 us (466.54 GFLOPS/s)
MUL_MAT f32 m=64 n=32 k=64: 16 x 2.342 us = 37.48 us (111.034 GFLOPS/s)
MUL_MAT_VEC q4_0_rocmfp4_fast m=10752 n=4 k=2048: 60 x 71.381 us = 4282.88 us (2467.28 GFLOPS/s)
MUL_MAT_VEC q4_0_rocmfp4_fast m=2048 n=1 k=2048 batch=4: 22 x 35.007 us = 770.16 us (958.265 GFLOPS/s)
MUL_MAT_VEC q4_0_rocmfp4_fast m=2048 n=4 k=10752: 30 x 70.94 us = 2128.2 us (2483.12 GFLOPS/s)
MUL_MAT_VEC q4_0_rocmfp4_fast m=2048 n=4 k=2048: 16 x 20.63 us = 330.08 us (1626.09 GFLOPS/s)
MUL_MAT_VEC q4_0_rocmfp4_fast m=512 n=4 k=2048: 16 x 4.447 us = 71.16 us (1885.68 GFLOPS/s)
MUL_MAT_VEC q4_0_rocmfp4_fast m=6144 n=1 k=2048 batch=4: 22 x 95.223 us = 2094.92 us (1056.87 GFLOPS/s)
MUL_MAT_VEC q6_K m=128000 n=4 k=2048: 1 x 1086.32 us = 1086.32 us (1930.04 GFLOPS/s)
RMS_NORM_MUL RMS_NORM(2048,4,1,1): 61 x 5.118 us = 312.24 us
RMS_NORM_MUL_ROPE RMS_NORM(64,32,4,1): 8 x 9.455 us = 75.64 us
RMS_NORM_MUL_ROPE RMS_NORM(64,8,4,1): 8 x 3.945 us = 31.56 us
SET_ROWS: 16 x 2.22 us = 35.52 us
SSM_CONV: 22 x 5.118 us = 112.6 us
Total time: 12112.6 us.
0.31.529.803 I slot print_timing: id  0 | task 401 | prompt eval time =     375.36 ms /   128 tokens (    2.93 ms per token,   341.01 tokens per second)
0.31.529.808 I slot print_timing: id  0 | task 401 |        eval time =    1110.16 ms /    64 tokens (   17.62 ms per token,    56.75 tokens per second)
0.31.529.809 I slot print_timing: id  0 | task 401 |       total time =    1485.52 ms /   192 tokens
0.31.529.810 I slot print_timing: id  0 | task 401 |    graphs reused =        435
0.31.529.849 I slot      release: id  0 | task 401 | stop processing: n_tokens = 191, truncated = 0
0.31.530.138 I slot print_timing: id  1 | task 402 | prompt eval time =     375.85 ms /   128 tokens (    2.94 ms per token,   340.56 tokens per second)
0.31.530.142 I slot print_timing: id  1 | task 402 |        eval time =    1109.79 ms /    64 tokens (   17.62 ms per token,    56.77 tokens per second)
0.31.530.143 I slot print_timing: id  1 | task 402 |       total time =    1485.64 ms /   192 tokens
0.31.530.144 I slot print_timing: id  1 | task 402 |    graphs reused =        435
0.31.530.166 I slot      release: id  1 | task 402 | stop processing: n_tokens = 191, truncated = 0
0.31.530.492 I slot print_timing: id  2 | task 403 | prompt eval time =     376.33 ms /   128 tokens (    2.94 ms per token,   340.12 tokens per second)
0.31.530.498 I slot print_timing: id  2 | task 403 |        eval time =    1109.46 ms /    64 tokens (   17.61 ms per token,    56.78 tokens per second)
0.31.530.499 I slot print_timing: id  2 | task 403 |       total time =    1485.79 ms /   192 tokens
0.31.530.499 I slot print_timing: id  2 | task 403 |    graphs reused =        435
0.31.530.520 I slot      release: id  2 | task 403 | stop processing: n_tokens = 191, truncated = 0
0.31.530.886 I slot print_timing: id  3 | task 404 | prompt eval time =     378.62 ms /   128 tokens (    2.96 ms per token,   338.07 tokens per second)
0.31.530.889 I slot print_timing: id  3 | task 404 |        eval time =    1107.43 ms /    64 tokens (   17.58 ms per token,    56.89 tokens per second)
0.31.530.890 I slot print_timing: id  3 | task 404 |       total time =    1486.05 ms /   192 tokens
0.31.530.891 I slot print_timing: id  3 | task 404 |    graphs reused =        435
0.31.530.907 I slot      release: id  3 | task 404 | stop processing: n_tokens = 191, truncated = 0
0.31.539.241 I slot get_availabl: id  0 | task -1 | selected lowest available slot (compact policy)
0.31.539.275 I slot launch_slot_: id  0 | task 470 | processing task, is_child = 0
0.31.569.074 I slot get_availabl: id  1 | task -1 | selected lowest available slot (compact policy)
0.31.569.112 I slot launch_slot_: id  1 | task 471 | processing task, is_child = 0
0.31.570.754 I slot get_availabl: id  2 | task -1 | selected lowest available slot (compact policy)
0.31.570.774 I slot launch_slot_: id  2 | task 472 | processing task, is_child = 0
0.31.571.517 I slot get_availabl: id  3 | task -1 | selected lowest available slot (compact policy)
0.31.571.536 I slot launch_slot_: id  3 | task 473 | processing task, is_child = 0
----------------
Vulkan Timings:
ADD: 58 x 13.197 us = 765.48 us
CONCAT: 22 x 29.056 us = 639.24 us
CPY: 22 x 4.629 us = 101.84 us
FLASH_ATTN_EXT dst(64,32,32,4),  q(64,32,32,4),  k(64,256,8,4),  v(64,256,8,4),  m(256,32,1,4): 8 x 62.495 us = 499.96 us (4295.31 GFLOPS/s)
GET_ROWS: 22 x 3.403 us = 74.88 us
GLU: 29 x 50 us = 1450 us
MUL: 44 x 14.39 us = 633.16 us
MUL_MAT f32 m=64 n=1024 k=64: 16 x 4.86 us = 77.76 us (1712.57 GFLOPS/s)
MUL_MAT f32 m=64 n=4096 k=64: 16 x 7.285 us = 116.56 us (4569.98 GFLOPS/s)
MUL_MAT q4_0_rocmfp4_fast m=10752 n=128 k=2048: 58 x 560.944 us = 32534.8 us (10046.9 GFLOPS/s)
MUL_MAT q4_0_rocmfp4_fast m=2048 n=128 k=10752: 29 x 724.12 us = 20999.5 us (7784.45 GFLOPS/s)
MUL_MAT q4_0_rocmfp4_fast m=2048 n=128 k=2048: 16 x 127.267 us = 2036.28 us (8434.83 GFLOPS/s)
MUL_MAT q4_0_rocmfp4_fast m=2048 n=32 k=2048 batch=4: 22 x 194.949 us = 4288.88 us (5506.46 GFLOPS/s)
MUL_MAT q4_0_rocmfp4_fast m=512 n=128 k=2048: 16 x 58.057 us = 928.92 us (4622.48 GFLOPS/s)
MUL_MAT q4_0_rocmfp4_fast m=6144 n=32 k=2048 batch=4: 22 x 513.458 us = 11296.1 us (6272.06 GFLOPS/s)
RMS_NORM_MUL RMS_NORM(2048,128,1,1): 59 x 13.705 us = 808.64 us
RMS_NORM_MUL_ROPE RMS_NORM(64,32,128,1): 8 x 136.785 us = 1094.28 us
RMS_NORM_MUL_ROPE RMS_NORM(64,8,128,1): 8 x 36.36 us = 290.88 us
SCALE: 22 x 5.081 us = 111.8 us
SET_ROWS: 16 x 4.272 us = 68.36 us
SSM_CONV: 22 x 12.454 us = 274 us
Total time: 79091.3 us.
----------------
Vulkan Timings:
ADD: 58 x 9.448 us = 548 us
CONCAT: 22 x 22.665 us = 498.64 us
CPY: 22 x 3.912 us = 86.08 us
FLASH_ATTN_EXT dst(64,32,32,4),  q(64,32,32,4),  k(64,256,8,4),  v(64,256,8,4),  m(256,32,1,4): 8 x 65.16 us = 521.28 us (4119.64 GFLOPS/s)
GET_ROWS: 22 x 3.294 us = 72.48 us
GLU: 29 x 42.413 us = 1230 us
MUL: 44 x 11.678 us = 513.84 us
MUL_MAT f32 m=64 n=1024 k=64: 16 x 4.655 us = 74.48 us (1787.99 GFLOPS/s)
MUL_MAT f32 m=64 n=4096 k=64: 16 x 6.215 us = 99.44 us (5356.76 GFLOPS/s)
MUL_MAT q4_0_rocmfp4_fast m=10752 n=128 k=2048: 58 x 469.015 us = 27202.9 us (12016.2 GFLOPS/s)
MUL_MAT q4_0_rocmfp4_fast m=2048 n=128 k=10752: 29 x 615.15 us = 17839.4 us (9163.42 GFLOPS/s)
MUL_MAT q4_0_rocmfp4_fast m=2048 n=128 k=2048: 16 x 117.665 us = 1882.64 us (9123.19 GFLOPS/s)
MUL_MAT q4_0_rocmfp4_fast m=2048 n=32 k=2048 batch=4: 22 x 152.665 us = 3358.64 us (7031.58 GFLOPS/s)
MUL_MAT q4_0_rocmfp4_fast m=512 n=128 k=2048: 16 x 51.235 us = 819.76 us (5238.02 GFLOPS/s)
MUL_MAT q4_0_rocmfp4_fast m=6144 n=32 k=2048 batch=4: 22 x 397.227 us = 8739 us (8107.3 GFLOPS/s)
RMS_NORM_MUL RMS_NORM(2048,128,1,1): 59 x 11.233 us = 662.76 us
RMS_NORM_MUL_ROPE RMS_NORM(64,32,128,1): 8 x 122.725 us = 981.8 us
RMS_NORM_MUL_ROPE RMS_NORM(64,8,128,1): 8 x 34.005 us = 272.04 us
SET_ROWS: 16 x 3.4 us = 54.4 us
SSM_CONV: 22 x 10.17 us = 223.76 us
Total time: 65681.3 us.
----------------
Vulkan Timings:
ADD: 58 x 8.763 us = 508.28 us
CONCAT: 22 x 21.487 us = 472.72 us
CPY: 22 x 3.849 us = 84.68 us
FLASH_ATTN_EXT dst(64,32,32,4),  q(64,32,32,4),  k(64,256,8,4),  v(64,256,8,4),  m(256,32,1,4): 8 x 65.085 us = 520.68 us (4124.38 GFLOPS/s)
GET_ROWS: 22 x 3.116 us = 68.56 us
GLU: 29 x 40.067 us = 1161.96 us
MUL: 44 x 10.494 us = 461.76 us
MUL_MAT f32 m=64 n=1024 k=64: 16 x 4.372 us = 69.96 us (1903.5 GFLOPS/s)
MUL_MAT f32 m=64 n=4096 k=64: 16 x 5.727 us = 91.64 us (5812.71 GFLOPS/s)
MUL_MAT q4_0_rocmfp4_fast m=10752 n=128 k=2048: 58 x 425.233 us = 24663.6 us (13253.3 GFLOPS/s)
MUL_MAT q4_0_rocmfp4_fast m=2048 n=128 k=10752: 29 x 573.353 us = 16627.2 us (9831.43 GFLOPS/s)
MUL_MAT q4_0_rocmfp4_fast m=2048 n=128 k=2048: 16 x 96.207 us = 1539.32 us (11158 GFLOPS/s)
MUL_MAT q4_0_rocmfp4_fast m=2048 n=32 k=2048 batch=4: 22 x 138.869 us = 3055.12 us (7730.16 GFLOPS/s)
MUL_MAT q4_0_rocmfp4_fast m=512 n=128 k=2048: 16 x 44.01 us = 704.16 us (6097.93 GFLOPS/s)
MUL_MAT q4_0_rocmfp4_fast m=6144 n=32 k=2048 batch=4: 22 x 350.494 us = 7710.88 us (9188.27 GFLOPS/s)
RMS_NORM_MUL RMS_NORM(2048,128,1,1): 59 x 10.608 us = 625.92 us
RMS_NORM_MUL_ROPE RMS_NORM(64,32,128,1): 8 x 102.08 us = 816.64 us
RMS_NORM_MUL_ROPE RMS_NORM(64,8,128,1): 8 x 27.37 us = 218.96 us
SET_ROWS: 16 x 2.662 us = 42.6 us
SSM_CONV: 22 x 9.618 us = 211.6 us
Total time: 59656.2 us.
----------------
Vulkan Timings:
ADD: 58 x 8.521 us = 494.24 us
CONCAT: 22 x 13.583 us = 298.84 us
CPY: 22 x 3.609 us = 79.4 us
FLASH_ATTN_EXT dst(64,32,28,4),  q(64,28,32,4),  k(64,256,8,4),  v(64,256,8,4),  m(256,28,1,4): 8 x 78.565 us = 628.52 us (2989.64 GFLOPS/s)
GET_ROWS: 22 x 3.601 us = 79.24 us
GLU: 29 x 37.722 us = 1093.96 us
MUL: 44 x 10.578 us = 465.44 us
MUL_MAT f32 m=64 n=3584 k=64: 16 x 5.897 us = 94.36 us (4939.51 GFLOPS/s)
MUL_MAT f32 m=64 n=896 k=64: 16 x 3.872 us = 61.96 us (1880.62 GFLOPS/s)
MUL_MAT q4_0_rocmfp4_fast m=10752 n=112 k=2048: 58 x 479.828 us = 27830 us (10277.2 GFLOPS/s)
MUL_MAT q4_0_rocmfp4_fast m=2048 n=112 k=10752: 29 x 625.691 us = 18145 us (7882.92 GFLOPS/s)
MUL_MAT q4_0_rocmfp4_fast m=2048 n=112 k=2048: 16 x 115.157 us = 1842.52 us (8156.61 GFLOPS/s)
MUL_MAT q4_0_rocmfp4_fast m=2048 n=28 k=2048 batch=4: 22 x 154.216 us = 3392.76 us (6090.76 GFLOPS/s)
MUL_MAT q4_0_rocmfp4_fast m=512 n=112 k=2048: 16 x 51.39 us = 822.24 us (4569.44 GFLOPS/s)
MUL_MAT q4_0_rocmfp4_fast m=6144 n=28 k=2048 batch=4: 22 x 386.678 us = 8506.92 us (7287.41 GFLOPS/s)
RMS_NORM_MUL RMS_NORM(2048,112,1,1): 59 x 9.81 us = 578.8 us
RMS_NORM_MUL_ROPE RMS_NORM(64,32,112,1): 8 x 112.37 us = 898.96 us
RMS_NORM_MUL_ROPE RMS_NORM(64,8,112,1): 8 x 29.015 us = 232.12 us
SET_ROWS: 16 x 3.135 us = 50.16 us
SSM_CONV: 22 x 9.623 us = 211.72 us
Total time: 65807.2 us.
----------------
Vulkan Timings:
ADD: 60 x 2.72 us = 163.2 us
CONCAT: 22 x 6.516 us = 143.36 us
CPY: 22 x 2.565 us = 56.44 us
FLASH_ATTN_EXT dst(64,32,4,4),  q(64,4,32,4),  k(64,256,8,4),  v(64,256,8,4),  m(256,4,1,4): 8 x 22.845 us = 182.76 us (1468.79 GFLOPS/s)
GET_ROWS: 24 x 3.116 us = 74.8 us
GLU: 30 x 10.373 us = 311.2 us
MUL: 44 x 2.57 us = 113.08 us
MUL_MAT f32 m=64 n=128 k=64: 16 x 3.132 us = 50.12 us (332.126 GFLOPS/s)
MUL_MAT f32 m=64 n=512 k=64: 16 x 2.982 us = 47.72 us (1395.32 GFLOPS/s)
MUL_MAT q4_0_rocmfp4_fast m=10752 n=16 k=2048: 58 x 259.336 us = 15041.5 us (2716.44 GFLOPS/s)
MUL_MAT q4_0_rocmfp4_fast m=2048 n=16 k=10752: 29 x 673.862 us = 19542 us (1045.63 GFLOPS/s)
MUL_MAT q4_0_rocmfp4_fast m=2048 n=16 k=2048: 16 x 117.875 us = 1886 us (1138.37 GFLOPS/s)
MUL_MAT q4_0_rocmfp4_fast m=512 n=16 k=2048: 16 x 50.672 us = 810.76 us (662.021 GFLOPS/s)
MUL_MAT_VEC q4_0_rocmfp4_fast m=10752 n=4 k=2048: 2 x 81.26 us = 162.52 us (2167.34 GFLOPS/s)
MUL_MAT_VEC q4_0_rocmfp4_fast m=2048 n=4 k=10752: 1 x 82.72 us = 82.72 us (2129.5 GFLOPS/s)
MUL_MAT_VEC q4_0_rocmfp4_fast m=2048 n=4 k=2048 batch=4: 22 x 190.572 us = 4192.6 us (704.114 GFLOPS/s)
MUL_MAT_VEC q4_0_rocmfp4_fast m=6144 n=4 k=2048 batch=4: 22 x 491.307 us = 10808.8 us (819.355 GFLOPS/s)
MUL_MAT_VEC q6_K m=128000 n=4 k=2048: 1 x 1461.12 us = 1461.12 us (1434.95 GFLOPS/s)
RMS_NORM_MUL RMS_NORM(2048,16,1,1): 59 x 6.629 us = 391.12 us
RMS_NORM_MUL RMS_NORM(2048,4,1,1): 2 x 4.9 us = 9.8 us
RMS_NORM_MUL_ROPE RMS_NORM(64,32,16,1): 8 x 24.65 us = 197.2 us
RMS_NORM_MUL_ROPE RMS_NORM(64,8,16,1): 8 x 8.115 us = 64.92 us
SET_ROWS: 16 x 3.425 us = 54.8 us
SSM_CONV: 22 x 5.816 us = 127.96 us
Total time: 55976.5 us.
----------------
Vulkan Timings:
ADD: 60 x 3.35 us = 201 us
CONCAT: 22 x 4.998 us = 109.96 us
CPY: 22 x 4.778 us = 105.12 us
FLASH_ATTN_EXT dst(64,32,1,4),  q(64,1,32,4),  k(64,256,8,4),  v(64,256,8,4),  m(256,1,1,4): 8 x 30.85 us = 246.8 us (271.916 GFLOPS/s)
GET_ROWS: 24 x 4.795 us = 115.08 us
GLU: 30 x 7.792 us = 233.76 us
MUL: 44 x 4.434 us = 195.12 us
MUL_MAT f32 m=64 n=128 k=64: 16 x 4.967 us = 79.48 us (209.438 GFLOPS/s)
MUL_MAT f32 m=64 n=32 k=64: 16 x 3.73 us = 59.68 us (69.7308 GFLOPS/s)
MUL_MAT_VEC q4_0_rocmfp4_fast m=10752 n=4 k=2048: 60 x 141.987 us = 8519.24 us (1240.38 GFLOPS/s)
MUL_MAT_VEC q4_0_rocmfp4_fast m=2048 n=1 k=2048 batch=4: 22 x 65.636 us = 1444 us (511.092 GFLOPS/s)
MUL_MAT_VEC q4_0_rocmfp4_fast m=2048 n=4 k=10752: 30 x 137.269 us = 4118.08 us (1283.26 GFLOPS/s)
MUL_MAT_VEC q4_0_rocmfp4_fast m=2048 n=4 k=2048: 16 x 40.417 us = 646.68 us (829.993 GFLOPS/s)
MUL_MAT_VEC q4_0_rocmfp4_fast m=512 n=4 k=2048: 16 x 12.492 us = 199.88 us (671.328 GFLOPS/s)
MUL_MAT_VEC q4_0_rocmfp4_fast m=6144 n=1 k=2048 batch=4: 22 x 179.501 us = 3949.04 us (560.656 GFLOPS/s)
MUL_MAT_VEC q6_K m=128000 n=4 k=2048: 1 x 1063.64 us = 1063.64 us (1971.19 GFLOPS/s)
RMS_NORM_MUL RMS_NORM(2048,4,1,1): 61 x 9.417 us = 574.44 us
RMS_NORM_MUL_ROPE RMS_NORM(64,32,4,1): 8 x 18.97 us = 151.76 us
RMS_NORM_MUL_ROPE RMS_NORM(64,8,4,1): 8 x 6.615 us = 52.92 us
SET_ROWS: 16 x 4.897 us = 78.36 us
SSM_CONV: 22 x 8.005 us = 176.12 us
Total time: 22320.2 us.
----------------
Vulkan Timings:
ADD: 60 x 1.921 us = 115.28 us
CONCAT: 22 x 2.354 us = 51.8 us
CPY: 22 x 1.585 us = 34.88 us
FLASH_ATTN_EXT dst(64,32,1,4),  q(64,1,32,4),  k(64,256,8,4),  v(64,256,8,4),  m(256,1,1,4): 8 x 15.085 us = 120.68 us (556.089 GFLOPS/s)
GET_ROWS: 24 x 2.598 us = 62.36 us
GLU: 30 x 4.894 us = 146.84 us
MUL: 44 x 2.682 us = 118.04 us
MUL_MAT f32 m=64 n=128 k=64: 16 x 2.1 us = 33.6 us (495.421 GFLOPS/s)
MUL_MAT f32 m=64 n=32 k=64: 16 x 2.092 us = 33.48 us (124.299 GFLOPS/s)
MUL_MAT_VEC q4_0_rocmfp4_fast m=10752 n=4 k=2048: 60 x 59.873 us = 3592.4 us (2941.51 GFLOPS/s)
MUL_MAT_VEC q4_0_rocmfp4_fast m=2048 n=1 k=2048 batch=4: 22 x 29.207 us = 642.56 us (1148.56 GFLOPS/s)
MUL_MAT_VEC q4_0_rocmfp4_fast m=2048 n=4 k=10752: 30 x 61.052 us = 1831.56 us (2885.29 GFLOPS/s)
MUL_MAT_VEC q4_0_rocmfp4_fast m=2048 n=4 k=2048: 16 x 18.482 us = 295.72 us (1815.03 GFLOPS/s)
MUL_MAT_VEC q4_0_rocmfp4_fast m=512 n=4 k=2048: 16 x 3.54 us = 56.64 us (2369.08 GFLOPS/s)
MUL_MAT_VEC q4_0_rocmfp4_fast m=6144 n=1 k=2048 batch=4: 22 x 79.91 us = 1758.04 us (1259.39 GFLOPS/s)
MUL_MAT_VEC q6_K m=128000 n=4 k=2048: 1 x 1065.36 us = 1065.36 us (1968.01 GFLOPS/s)
RMS_NORM_MUL RMS_NORM(2048,4,1,1): 61 x 4.55 us = 277.56 us
RMS_NORM_MUL_ROPE RMS_NORM(64,32,4,1): 8 x 8.33 us = 66.64 us
RMS_NORM_MUL_ROPE RMS_NORM(64,8,4,1): 8 x 3.44 us = 27.52 us
SET_ROWS: 16 x 2.032 us = 32.52 us
SSM_CONV: 22 x 4.3 us = 94.6 us
Total time: 10458.1 us.
----------------
Vulkan Timings:
ADD: 60 x 1.772 us = 106.36 us
CONCAT: 22 x 2.343 us = 51.56 us
CPY: 22 x 1.592 us = 35.04 us
FLASH_ATTN_EXT dst(64,32,1,4),  q(64,1,32,4),  k(64,256,8,4),  v(64,256,8,4),  m(256,1,1,4): 8 x 14.995 us = 119.96 us (559.427 GFLOPS/s)
GET_ROWS: 24 x 2.22 us = 53.28 us
GLU: 30 x 4.634 us = 139.04 us
MUL: 44 x 2.455 us = 108.04 us
MUL_MAT f32 m=64 n=128 k=64: 16 x 2.095 us = 33.52 us (496.603 GFLOPS/s)
MUL_MAT f32 m=64 n=32 k=64: 16 x 2.102 us = 33.64 us (123.708 GFLOPS/s)
MUL_MAT_VEC q4_0_rocmfp4_fast m=10752 n=4 k=2048: 60 x 60.45 us = 3627 us (2913.45 GFLOPS/s)
MUL_MAT_VEC q4_0_rocmfp4_fast m=2048 n=1 k=2048 batch=4: 22 x 28.69 us = 631.2 us (1169.23 GFLOPS/s)
MUL_MAT_VEC q4_0_rocmfp4_fast m=2048 n=4 k=10752: 30 x 60.848 us = 1825.44 us (2894.96 GFLOPS/s)
MUL_MAT_VEC q4_0_rocmfp4_fast m=2048 n=4 k=2048: 16 x 18.415 us = 294.64 us (1821.68 GFLOPS/s)
MUL_MAT_VEC q4_0_rocmfp4_fast m=512 n=4 k=2048: 16 x 3.572 us = 57.16 us (2347.53 GFLOPS/s)
MUL_MAT_VEC q4_0_rocmfp4_fast m=6144 n=1 k=2048 batch=4: 22 x 79.045 us = 1739 us (1273.18 GFLOPS/s)
MUL_MAT_VEC q6_K m=128000 n=4 k=2048: 1 x 1059.92 us = 1059.92 us (1978.11 GFLOPS/s)
RMS_NORM_MUL RMS_NORM(2048,4,1,1): 61 x 4.35 us = 265.36 us
RMS_NORM_MUL_ROPE RMS_NORM(64,32,4,1): 8 x 8.215 us = 65.72 us
RMS_NORM_MUL_ROPE RMS_NORM(64,8,4,1): 8 x 3.4 us = 27.2 us
SET_ROWS: 16 x 2.112 us = 33.8 us
SSM_CONV: 22 x 4.258 us = 93.68 us
Total time: 10400.6 us.
----------------
Vulkan Timings:
ADD: 60 x 1.92 us = 115.2 us
CONCAT: 22 x 2.329 us = 51.24 us
CPY: 22 x 1.583 us = 34.84 us
FLASH_ATTN_EXT dst(64,32,1,4),  q(64,1,32,4),  k(64,256,8,4),  v(64,256,8,4),  m(256,1,1,4): 8 x 14.915 us = 119.32 us (562.428 GFLOPS/s)
GET_ROWS: 24 x 2.23 us = 53.52 us
GLU: 30 x 4.486 us = 134.6 us
MUL: 44 x 2.459 us = 108.2 us
MUL_MAT f32 m=64 n=128 k=64: 16 x 2.1 us = 33.6 us (495.421 GFLOPS/s)
MUL_MAT f32 m=64 n=32 k=64: 16 x 2.09 us = 33.44 us (124.448 GFLOPS/s)
MUL_MAT_VEC q4_0_rocmfp4_fast m=10752 n=4 k=2048: 60 x 60.186 us = 3611.16 us (2926.22 GFLOPS/s)
MUL_MAT_VEC q4_0_rocmfp4_fast m=2048 n=1 k=2048 batch=4: 22 x 29.494 us = 648.88 us (1137.37 GFLOPS/s)
MUL_MAT_VEC q4_0_rocmfp4_fast m=2048 n=4 k=10752: 30 x 60.79 us = 1823.72 us (2897.69 GFLOPS/s)
MUL_MAT_VEC q4_0_rocmfp4_fast m=2048 n=4 k=2048: 16 x 18.482 us = 295.72 us (1815.03 GFLOPS/s)
MUL_MAT_VEC q4_0_rocmfp4_fast m=512 n=4 k=2048: 16 x 3.567 us = 57.08 us (2350.82 GFLOPS/s)
MUL_MAT_VEC q4_0_rocmfp4_fast m=6144 n=1 k=2048 batch=4: 22 x 79.05 us = 1739.12 us (1273.09 GFLOPS/s)
MUL_MAT_VEC q6_K m=128000 n=4 k=2048: 1 x 1064.68 us = 1064.68 us (1969.27 GFLOPS/s)
RMS_NORM_MUL RMS_NORM(2048,4,1,1): 61 x 4.391 us = 267.88 us
RMS_NORM_MUL_ROPE RMS_NORM(64,32,4,1): 8 x 8.18 us = 65.44 us
RMS_NORM_MUL_ROPE RMS_NORM(64,8,4,1): 8 x 3.415 us = 27.32 us
SET_ROWS: 16 x 2.072 us = 33.16 us
SSM_CONV: 22 x 4.272 us = 94 us
Total time: 10412.1 us.
----------------
Vulkan Timings:
ADD: 60 x 1.77 us = 106.24 us
CONCAT: 22 x 2.323 us = 51.12 us
CPY: 22 x 1.56 us = 34.32 us
FLASH_ATTN_EXT dst(64,32,1,4),  q(64,1,32,4),  k(64,256,8,4),  v(64,256,8,4),  m(256,1,1,4): 8 x 15.1 us = 120.8 us (555.537 GFLOPS/s)
GET_ROWS: 24 x 2.233 us = 53.6 us
GLU: 30 x 4.381 us = 131.44 us
MUL: 44 x 2.448 us = 107.72 us
MUL_MAT f32 m=64 n=128 k=64: 16 x 2.105 us = 33.68 us (494.244 GFLOPS/s)
MUL_MAT f32 m=64 n=32 k=64: 16 x 2.09 us = 33.44 us (124.448 GFLOPS/s)
MUL_MAT_VEC q4_0_rocmfp4_fast m=10752 n=4 k=2048: 60 x 59.894 us = 3593.64 us (2940.49 GFLOPS/s)
MUL_MAT_VEC q4_0_rocmfp4_fast m=2048 n=1 k=2048 batch=4: 22 x 29.678 us = 652.92 us (1130.33 GFLOPS/s)
MUL_MAT_VEC q4_0_rocmfp4_fast m=2048 n=4 k=10752: 30 x 61.94 us = 1858.2 us (2843.92 GFLOPS/s)
MUL_MAT_VEC q4_0_rocmfp4_fast m=2048 n=4 k=2048: 16 x 18.362 us = 293.8 us (1826.89 GFLOPS/s)
MUL_MAT_VEC q4_0_rocmfp4_fast m=512 n=4 k=2048: 16 x 3.602 us = 57.64 us (2327.98 GFLOPS/s)
MUL_MAT_VEC q4_0_rocmfp4_fast m=6144 n=1 k=2048 batch=4: 22 x 80.896 us = 1779.72 us (1244.05 GFLOPS/s)
MUL_MAT_VEC q6_K m=128000 n=4 k=2048: 1 x 1152.88 us = 1152.88 us (1818.61 GFLOPS/s)
RMS_NORM_MUL RMS_NORM(2048,4,1,1): 61 x 4.693 us = 286.28 us
RMS_NORM_MUL_ROPE RMS_NORM(64,32,4,1): 8 x 8.2 us = 65.6 us
RMS_NORM_MUL_ROPE RMS_NORM(64,8,4,1): 8 x 3.405 us = 27.24 us
SET_ROWS: 16 x 2.027 us = 32.44 us
SSM_CONV: 22 x 4.289 us = 94.36 us
Total time: 10567.1 us.
----------------
Vulkan Timings:
ADD: 60 x 1.78 us = 106.84 us
CONCAT: 22 x 2.336 us = 51.4 us
CPY: 22 x 1.558 us = 34.28 us
FLASH_ATTN_EXT dst(64,32,1,4),  q(64,1,32,4),  k(64,256,8,4),  v(64,256,8,4),  m(256,1,1,4): 8 x 15.245 us = 121.96 us (550.253 GFLOPS/s)
GET_ROWS: 24 x 2.228 us = 53.48 us
GLU: 30 x 4.51 us = 135.32 us
MUL: 44 x 2.64 us = 116.2 us
MUL_MAT f32 m=64 n=128 k=64: 16 x 2.097 us = 33.56 us (496.011 GFLOPS/s)
MUL_MAT f32 m=64 n=32 k=64: 16 x 2.092 us = 33.48 us (124.299 GFLOPS/s)
MUL_MAT_VEC q4_0_rocmfp4_fast m=10752 n=4 k=2048: 60 x 60.26 us = 3615.64 us (2922.6 GFLOPS/s)
MUL_MAT_VEC q4_0_rocmfp4_fast m=2048 n=1 k=2048 batch=4: 22 x 29.552 us = 650.16 us (1135.13 GFLOPS/s)
MUL_MAT_VEC q4_0_rocmfp4_fast m=2048 n=4 k=10752: 30 x 60.372 us = 1811.16 us (2917.79 GFLOPS/s)
MUL_MAT_VEC q4_0_rocmfp4_fast m=2048 n=4 k=2048: 16 x 18.437 us = 295 us (1819.46 GFLOPS/s)
MUL_MAT_VEC q4_0_rocmfp4_fast m=512 n=4 k=2048: 16 x 3.562 us = 57 us (2354.12 GFLOPS/s)
MUL_MAT_VEC q4_0_rocmfp4_fast m=6144 n=1 k=2048 batch=4: 22 x 79.152 us = 1741.36 us (1271.45 GFLOPS/s)
MUL_MAT_VEC q6_K m=128000 n=4 k=2048: 1 x 1061.04 us = 1061.04 us (1976.02 GFLOPS/s)
RMS_NORM_MUL RMS_NORM(2048,4,1,1): 61 x 4.353 us = 265.56 us
RMS_NORM_MUL_ROPE RMS_NORM(64,32,4,1): 8 x 8.21 us = 65.68 us
RMS_NORM_MUL_ROPE RMS_NORM(64,8,4,1): 8 x 3.4 us = 27.2 us
SET_ROWS: 16 x 1.982 us = 31.72 us
SSM_CONV: 22 x 4.256 us = 93.64 us
Total time: 10401.7 us.
----------------
Vulkan Timings:
ADD: 60 x 1.788 us = 107.28 us
CONCAT: 22 x 2.303 us = 50.68 us
CPY: 22 x 1.832 us = 40.32 us
FLASH_ATTN_EXT dst(64,32,1,4),  q(64,1,32,4),  k(64,256,8,4),  v(64,256,8,4),  m(256,1,1,4): 8 x 15.015 us = 120.12 us (558.682 GFLOPS/s)
GET_ROWS: 24 x 2.238 us = 53.72 us
GLU: 30 x 4.413 us = 132.4 us
MUL: 44 x 2.456 us = 108.08 us
MUL_MAT f32 m=64 n=128 k=64: 16 x 2.127 us = 34.04 us (489.017 GFLOPS/s)
MUL_MAT f32 m=64 n=32 k=64: 16 x 2.102 us = 33.64 us (123.708 GFLOPS/s)
MUL_MAT_VEC q4_0_rocmfp4_fast m=10752 n=4 k=2048: 60 x 60.198 us = 3611.88 us (2925.64 GFLOPS/s)
MUL_MAT_VEC q4_0_rocmfp4_fast m=2048 n=1 k=2048 batch=4: 22 x 29.15 us = 641.32 us (1150.78 GFLOPS/s)
MUL_MAT_VEC q4_0_rocmfp4_fast m=2048 n=4 k=10752: 30 x 61.234 us = 1837.04 us (2876.68 GFLOPS/s)
MUL_MAT_VEC q4_0_rocmfp4_fast m=2048 n=4 k=2048: 16 x 18.505 us = 296.08 us (1812.82 GFLOPS/s)
MUL_MAT_VEC q4_0_rocmfp4_fast m=512 n=4 k=2048: 16 x 3.542 us = 56.68 us (2367.41 GFLOPS/s)
MUL_MAT_VEC q4_0_rocmfp4_fast m=6144 n=1 k=2048 batch=4: 22 x 79.263 us = 1743.8 us (1269.67 GFLOPS/s)
MUL_MAT_VEC q6_K m=128000 n=4 k=2048: 1 x 1082.52 us = 1082.52 us (1936.81 GFLOPS/s)
RMS_NORM_MUL RMS_NORM(2048,4,1,1): 61 x 4.327 us = 263.96 us
RMS_NORM_MUL_ROPE RMS_NORM(64,32,4,1): 8 x 8.35 us = 66.8 us
RMS_NORM_MUL_ROPE RMS_NORM(64,8,4,1): 8 x 3.395 us = 27.16 us
SET_ROWS: 16 x 2.115 us = 33.84 us
SSM_CONV: 22 x 4.68 us = 102.96 us
Total time: 10444.3 us.
----------------
Vulkan Timings:
ADD: 60 x 1.824 us = 109.44 us
CONCAT: 22 x 2.345 us = 51.6 us
CPY: 22 x 1.594 us = 35.08 us
FLASH_ATTN_EXT dst(64,32,1,4),  q(64,1,32,4),  k(64,256,8,4),  v(64,256,8,4),  m(256,1,1,4): 8 x 15.165 us = 121.32 us (553.156 GFLOPS/s)
GET_ROWS: 24 x 2.225 us = 53.4 us
GLU: 30 x 4.537 us = 136.12 us
MUL: 44 x 2.775 us = 122.12 us
MUL_MAT f32 m=64 n=128 k=64: 16 x 2.092 us = 33.48 us (497.197 GFLOPS/s)
MUL_MAT f32 m=64 n=32 k=64: 16 x 2.145 us = 34.32 us (121.257 GFLOPS/s)
MUL_MAT_VEC q4_0_rocmfp4_fast m=10752 n=4 k=2048: 60 x 60.355 us = 3621.32 us (2918.01 GFLOPS/s)
MUL_MAT_VEC q4_0_rocmfp4_fast m=2048 n=1 k=2048 batch=4: 22 x 28.681 us = 631 us (1169.6 GFLOPS/s)
MUL_MAT_VEC q4_0_rocmfp4_fast m=2048 n=4 k=10752: 30 x 61.025 us = 1830.76 us (2886.55 GFLOPS/s)
MUL_MAT_VEC q4_0_rocmfp4_fast m=2048 n=4 k=2048: 16 x 18.422 us = 294.76 us (1820.94 GFLOPS/s)
MUL_MAT_VEC q4_0_rocmfp4_fast m=512 n=4 k=2048: 16 x 3.547 us = 56.76 us (2364.08 GFLOPS/s)
MUL_MAT_VEC q4_0_rocmfp4_fast m=6144 n=1 k=2048 batch=4: 22 x 80.303 us = 1766.68 us (1253.23 GFLOPS/s)
MUL_MAT_VEC q6_K m=128000 n=4 k=2048: 1 x 1081.84 us = 1081.84 us (1938.03 GFLOPS/s)
RMS_NORM_MUL RMS_NORM(2048,4,1,1): 61 x 4.386 us = 267.56 us
RMS_NORM_MUL_ROPE RMS_NORM(64,32,4,1): 8 x 8.225 us = 65.8 us
RMS_NORM_MUL_ROPE RMS_NORM(64,8,4,1): 8 x 3.36 us = 26.88 us
SET_ROWS: 16 x 2.077 us = 33.24 us
SSM_CONV: 22 x 4.31 us = 94.84 us
Total time: 10468.3 us.
----------------
Vulkan Timings:
ADD: 60 x 1.79 us = 107.4 us
CONCAT: 22 x 2.332 us = 51.32 us
CPY: 22 x 1.57 us = 34.56 us
FLASH_ATTN_EXT dst(64,32,1,4),  q(64,1,32,4),  k(64,256,8,4),  v(64,256,8,4),  m(256,1,1,4): 8 x 15.36 us = 122.88 us (546.133 GFLOPS/s)
GET_ROWS: 24 x 2.216 us = 53.2 us
GLU: 30 x 4.549 us = 136.48 us
MUL: 44 x 2.447 us = 107.68 us
MUL_MAT f32 m=64 n=128 k=64: 16 x 2.112 us = 33.8 us (492.489 GFLOPS/s)
MUL_MAT f32 m=64 n=32 k=64: 16 x 2.08 us = 33.28 us (125.046 GFLOPS/s)
MUL_MAT_VEC q4_0_rocmfp4_fast m=10752 n=4 k=2048: 60 x 60.631 us = 3637.88 us (2904.73 GFLOPS/s)
MUL_MAT_VEC q4_0_rocmfp4_fast m=2048 n=1 k=2048 batch=4: 22 x 28.674 us = 630.84 us (1169.9 GFLOPS/s)
MUL_MAT_VEC q4_0_rocmfp4_fast m=2048 n=4 k=10752: 30 x 60.462 us = 1813.88 us (2913.41 GFLOPS/s)
MUL_MAT_VEC q4_0_rocmfp4_fast m=2048 n=4 k=2048: 16 x 18.517 us = 296.28 us (1811.6 GFLOPS/s)
MUL_MAT_VEC q4_0_rocmfp4_fast m=512 n=4 k=2048: 16 x 3.572 us = 57.16 us (2347.53 GFLOPS/s)
MUL_MAT_VEC q4_0_rocmfp4_fast m=6144 n=1 k=2048 batch=4: 22 x 79.7 us = 1753.4 us (1262.72 GFLOPS/s)
MUL_MAT_VEC q6_K m=128000 n=4 k=2048: 1 x 1062.32 us = 1062.32 us (1973.64 GFLOPS/s)
RMS_NORM_MUL RMS_NORM(2048,4,1,1): 61 x 4.377 us = 267.04 us
RMS_NORM_MUL_ROPE RMS_NORM(64,32,4,1): 8 x 8.26 us = 66.08 us
RMS_NORM_MUL_ROPE RMS_NORM(64,8,4,1): 8 x 3.435 us = 27.48 us
SET_ROWS: 16 x 2.027 us = 32.44 us
SSM_CONV: 22 x 4.278 us = 94.12 us
Total time: 10419.5 us.
----------------
Vulkan Timings:
ADD: 60 x 1.882 us = 112.96 us
CONCAT: 22 x 2.341 us = 51.52 us
CPY: 22 x 1.569 us = 34.52 us
FLASH_ATTN_EXT dst(64,32,1,4),  q(64,1,32,4),  k(64,256,8,4),  v(64,256,8,4),  m(256,1,1,4): 8 x 15.02 us = 120.16 us (558.496 GFLOPS/s)
GET_ROWS: 24 x 2.23 us = 53.52 us
GLU: 30 x 4.537 us = 136.12 us
MUL: 44 x 2.448 us = 107.72 us
MUL_MAT f32 m=64 n=128 k=64: 16 x 2.107 us = 33.72 us (493.658 GFLOPS/s)
MUL_MAT f32 m=64 n=32 k=64: 16 x 2.12 us = 33.92 us (122.687 GFLOPS/s)
MUL_MAT_VEC q4_0_rocmfp4_fast m=10752 n=4 k=2048: 60 x 59.644 us = 3578.64 us (2952.82 GFLOPS/s)
MUL_MAT_VEC q4_0_rocmfp4_fast m=2048 n=1 k=2048 batch=4: 22 x 28.785 us = 633.28 us (1165.39 GFLOPS/s)
MUL_MAT_VEC q4_0_rocmfp4_fast m=2048 n=4 k=10752: 30 x 60.861 us = 1825.84 us (2894.33 GFLOPS/s)
MUL_MAT_VEC q4_0_rocmfp4_fast m=2048 n=4 k=2048: 16 x 18.065 us = 289.04 us (1856.97 GFLOPS/s)
MUL_MAT_VEC q4_0_rocmfp4_fast m=512 n=4 k=2048: 16 x 4.452 us = 71.24 us (1883.56 GFLOPS/s)
MUL_MAT_VEC q4_0_rocmfp4_fast m=6144 n=1 k=2048 batch=4: 22 x 80.069 us = 1761.52 us (1256.9 GFLOPS/s)
MUL_MAT_VEC q6_K m=128000 n=4 k=2048: 1 x 1061.24 us = 1061.24 us (1975.65 GFLOPS/s)
RMS_NORM_MUL RMS_NORM(2048,4,1,1): 61 x 4.451 us = 271.52 us
RMS_NORM_MUL_ROPE RMS_NORM(64,32,4,1): 8 x 8.26 us = 66.08 us
RMS_NORM_MUL_ROPE RMS_NORM(64,8,4,1): 8 x 4.015 us = 32.12 us
SET_ROWS: 16 x 2.085 us = 33.36 us
SSM_CONV: 22 x 4.276 us = 94.08 us
Total time: 10402.1 us.
----------------
Vulkan Timings:
ADD: 60 x 1.801 us = 108.08 us
CONCAT: 22 x 2.349 us = 51.68 us
CPY: 22 x 1.587 us = 34.92 us
FLASH_ATTN_EXT dst(64,32,1,4),  q(64,1,32,4),  k(64,256,8,4),  v(64,256,8,4),  m(256,1,1,4): 8 x 14.83 us = 118.64 us (565.651 GFLOPS/s)
GET_ROWS: 24 x 2.275 us = 54.6 us
GLU: 30 x 4.541 us = 136.24 us
MUL: 44 x 2.466 us = 108.52 us
MUL_MAT f32 m=64 n=128 k=64: 16 x 2.097 us = 33.56 us (496.011 GFLOPS/s)
MUL_MAT f32 m=64 n=32 k=64: 16 x 2.112 us = 33.8 us (123.122 GFLOPS/s)
MUL_MAT_VEC q4_0_rocmfp4_fast m=10752 n=4 k=2048: 60 x 60.468 us = 3628.08 us (2912.58 GFLOPS/s)
MUL_MAT_VEC q4_0_rocmfp4_fast m=2048 n=1 k=2048 batch=4: 22 x 28.869 us = 635.12 us (1162.01 GFLOPS/s)
MUL_MAT_VEC q4_0_rocmfp4_fast m=2048 n=4 k=10752: 30 x 61.296 us = 1838.88 us (2873.8 GFLOPS/s)
MUL_MAT_VEC q4_0_rocmfp4_fast m=2048 n=4 k=2048: 16 x 18.515 us = 296.24 us (1811.84 GFLOPS/s)
MUL_MAT_VEC q4_0_rocmfp4_fast m=512 n=4 k=2048: 16 x 3.57 us = 57.12 us (2349.18 GFLOPS/s)
MUL_MAT_VEC q4_0_rocmfp4_fast m=6144 n=1 k=2048 batch=4: 22 x 80.121 us = 1762.68 us (1256.07 GFLOPS/s)
MUL_MAT_VEC q6_K m=128000 n=4 k=2048: 1 x 1156.92 us = 1156.92 us (1812.26 GFLOPS/s)
RMS_NORM_MUL RMS_NORM(2048,4,1,1): 61 x 4.508 us = 275.04 us
RMS_NORM_MUL_ROPE RMS_NORM(64,32,4,1): 8 x 8.245 us = 65.96 us
RMS_NORM_MUL_ROPE RMS_NORM(64,8,4,1): 8 x 3.445 us = 27.56 us
SET_ROWS: 16 x 2.252 us = 36.04 us
SSM_CONV: 22 x 4.28 us = 94.16 us
Total time: 10553.8 us.
----------------
Vulkan Timings:
ADD: 60 x 1.793 us = 107.6 us
CONCAT: 22 x 2.31 us = 50.84 us
CPY: 22 x 2.614 us = 57.52 us
FLASH_ATTN_EXT dst(64,32,1,4),  q(64,1,32,4),  k(64,256,8,4),  v(64,256,8,4),  m(256,1,1,4): 8 x 15.215 us = 121.72 us (551.338 GFLOPS/s)
GET_ROWS: 24 x 2.218 us = 53.24 us
GLU: 30 x 4.458 us = 133.76 us
MUL: 44 x 2.46 us = 108.24 us
MUL_MAT f32 m=64 n=128 k=64: 16 x 2.095 us = 33.52 us (496.603 GFLOPS/s)
MUL_MAT f32 m=64 n=32 k=64: 16 x 2.095 us = 33.52 us (124.151 GFLOPS/s)
MUL_MAT_VEC q4_0_rocmfp4_fast m=10752 n=4 k=2048: 60 x 60.092 us = 3605.52 us (2930.8 GFLOPS/s)
MUL_MAT_VEC q4_0_rocmfp4_fast m=2048 n=1 k=2048 batch=4: 22 x 28.658 us = 630.48 us (1170.56 GFLOPS/s)
MUL_MAT_VEC q4_0_rocmfp4_fast m=2048 n=4 k=10752: 30 x 61.537 us = 1846.12 us (2862.53 GFLOPS/s)
MUL_MAT_VEC q4_0_rocmfp4_fast m=2048 n=4 k=2048: 16 x 18.425 us = 294.8 us (1820.69 GFLOPS/s)
MUL_MAT_VEC q4_0_rocmfp4_fast m=512 n=4 k=2048: 16 x 3.542 us = 56.68 us (2367.41 GFLOPS/s)
MUL_MAT_VEC q4_0_rocmfp4_fast m=6144 n=1 k=2048 batch=4: 22 x 80.2 us = 1764.4 us (1254.85 GFLOPS/s)
MUL_MAT_VEC q6_K m=128000 n=4 k=2048: 1 x 1065.32 us = 1065.32 us (1968.08 GFLOPS/s)
RMS_NORM_MUL RMS_NORM(2048,4,1,1): 61 x 4.373 us = 266.76 us
RMS_NORM_MUL_ROPE RMS_NORM(64,32,4,1): 8 x 8.27 us = 66.16 us
RMS_NORM_MUL_ROPE RMS_NORM(64,8,4,1): 8 x 3.42 us = 27.36 us
SET_ROWS: 16 x 1.995 us = 31.92 us
SSM_CONV: 22 x 4.258 us = 93.68 us
Total time: 10449.2 us.
----------------
Vulkan Timings:
ADD: 60 x 1.795 us = 107.72 us
CONCAT: 22 x 2.358 us = 51.88 us
CPY: 22 x 1.583 us = 34.84 us
FLASH_ATTN_EXT dst(64,32,1,4),  q(64,1,32,4),  k(64,256,8,4),  v(64,256,8,4),  m(256,1,1,4): 8 x 15.225 us = 121.8 us (550.976 GFLOPS/s)
GET_ROWS: 24 x 2.225 us = 53.4 us
GLU: 30 x 4.336 us = 130.08 us
MUL: 44 x 2.451 us = 107.88 us
MUL_MAT f32 m=64 n=128 k=64: 16 x 2.035 us = 32.56 us (511.245 GFLOPS/s)
MUL_MAT f32 m=64 n=32 k=64: 16 x 2.105 us = 33.68 us (123.561 GFLOPS/s)
MUL_MAT_VEC q4_0_rocmfp4_fast m=10752 n=4 k=2048: 60 x 60.836 us = 3650.2 us (2894.93 GFLOPS/s)
MUL_MAT_VEC q4_0_rocmfp4_fast m=2048 n=1 k=2048 batch=4: 22 x 29.698 us = 653.36 us (1129.57 GFLOPS/s)
MUL_MAT_VEC q4_0_rocmfp4_fast m=2048 n=4 k=10752: 30 x 62.694 us = 1880.84 us (2809.69 GFLOPS/s)
MUL_MAT_VEC q4_0_rocmfp4_fast m=2048 n=4 k=2048: 16 x 18.67 us = 298.72 us (1796.8 GFLOPS/s)
MUL_MAT_VEC q4_0_rocmfp4_fast m=512 n=4 k=2048: 16 x 3.557 us = 56.92 us (2357.43 GFLOPS/s)
MUL_MAT_VEC q4_0_rocmfp4_fast m=6144 n=1 k=2048 batch=4: 22 x 80.05 us = 1761.12 us (1257.18 GFLOPS/s)
MUL_MAT_VEC q6_K m=128000 n=4 k=2048: 1 x 1063.24 us = 1063.24 us (1971.93 GFLOPS/s)
RMS_NORM_MUL RMS_NORM(2048,4,1,1): 61 x 4.371 us = 266.64 us
RMS_NORM_MUL_ROPE RMS_NORM(64,32,4,1): 8 x 8.32 us = 66.56 us
RMS_NORM_MUL_ROPE RMS_NORM(64,8,4,1): 8 x 3.39 us = 27.12 us
SET_ROWS: 16 x 2.06 us = 32.96 us
SSM_CONV: 22 x 4.289 us = 94.36 us
Total time: 10525.9 us.
----------------
Vulkan Timings:
ADD: 60 x 1.859 us = 111.56 us
CONCAT: 22 x 2.334 us = 51.36 us
CPY: 22 x 1.596 us = 35.12 us
FLASH_ATTN_EXT dst(64,32,1,4),  q(64,1,32,4),  k(64,256,8,4),  v(64,256,8,4),  m(256,1,1,4): 8 x 15.225 us = 121.8 us (550.976 GFLOPS/s)
GET_ROWS: 24 x 2.24 us = 53.76 us
GLU: 30 x 4.445 us = 133.36 us
MUL: 44 x 2.466 us = 108.52 us
MUL_MAT f32 m=64 n=128 k=64: 16 x 2.132 us = 34.12 us (487.871 GFLOPS/s)
MUL_MAT f32 m=64 n=32 k=64: 16 x 2.092 us = 33.48 us (124.299 GFLOPS/s)
MUL_MAT_VEC q4_0_rocmfp4_fast m=10752 n=4 k=2048: 60 x 60.454 us = 3627.24 us (2913.25 GFLOPS/s)
MUL_MAT_VEC q4_0_rocmfp4_fast m=2048 n=1 k=2048 batch=4: 22 x 29.687 us = 653.12 us (1129.99 GFLOPS/s)
MUL_MAT_VEC q4_0_rocmfp4_fast m=2048 n=4 k=10752: 30 x 61.508 us = 1845.24 us (2863.9 GFLOPS/s)
MUL_MAT_VEC q4_0_rocmfp4_fast m=2048 n=4 k=2048: 16 x 19.392 us = 310.28 us (1729.86 GFLOPS/s)
MUL_MAT_VEC q4_0_rocmfp4_fast m=512 n=4 k=2048: 16 x 3.577 us = 57.24 us (2344.25 GFLOPS/s)
MUL_MAT_VEC q4_0_rocmfp4_fast m=6144 n=1 k=2048 batch=4: 22 x 80.943 us = 1780.76 us (1243.32 GFLOPS/s)
MUL_MAT_VEC q6_K m=128000 n=4 k=2048: 1 x 1065.72 us = 1065.72 us (1967.35 GFLOPS/s)
RMS_NORM_MUL RMS_NORM(2048,4,1,1): 61 x 4.587 us = 279.84 us
RMS_NORM_MUL_ROPE RMS_NORM(64,32,4,1): 8 x 8.24 us = 65.92 us
RMS_NORM_MUL_ROPE RMS_NORM(64,8,4,1): 8 x 3.39 us = 27.12 us
SET_ROWS: 16 x 2.03 us = 32.48 us
SSM_CONV: 22 x 4.305 us = 94.72 us
Total time: 10522.8 us.
----------------
Vulkan Timings:
ADD: 60 x 2.527 us = 151.64 us
CONCAT: 22 x 3.372 us = 74.2 us
CPY: 22 x 1.778 us = 39.12 us
FLASH_ATTN_EXT dst(64,32,1,4),  q(64,1,32,4),  k(64,256,8,4),  v(64,256,8,4),  m(256,1,1,4): 8 x 19.765 us = 158.12 us (424.417 GFLOPS/s)
GET_ROWS: 24 x 2.761 us = 66.28 us
GLU: 30 x 5.446 us = 163.4 us
MUL: 44 x 3.199 us = 140.76 us
MUL_MAT f32 m=64 n=128 k=64: 16 x 2.465 us = 39.44 us (422.062 GFLOPS/s)
MUL_MAT f32 m=64 n=32 k=64: 16 x 2.597 us = 41.56 us (100.133 GFLOPS/s)
MUL_MAT_VEC q4_0_rocmfp4_fast m=10752 n=4 k=2048: 60 x 79.877 us = 4792.64 us (2204.85 GFLOPS/s)
MUL_MAT_VEC q4_0_rocmfp4_fast m=2048 n=1 k=2048 batch=4: 22 x 37.707 us = 829.56 us (889.649 GFLOPS/s)
MUL_MAT_VEC q4_0_rocmfp4_fast m=2048 n=4 k=10752: 30 x 82.551 us = 2476.53 us (2133.86 GFLOPS/s)
MUL_MAT_VEC q4_0_rocmfp4_fast m=2048 n=4 k=2048: 16 x 21.682 us = 346.92 us (1547.16 GFLOPS/s)
MUL_MAT_VEC q4_0_rocmfp4_fast m=512 n=4 k=2048: 16 x 6.077 us = 97.24 us (1379.94 GFLOPS/s)
MUL_MAT_VEC q4_0_rocmfp4_fast m=6144 n=1 k=2048 batch=4: 22 x 103.589 us = 2278.96 us (971.519 GFLOPS/s)
MUL_MAT_VEC q6_K m=128000 n=4 k=2048: 1 x 1082.32 us = 1082.32 us (1937.17 GFLOPS/s)
RMS_NORM_MUL RMS_NORM(2048,4,1,1): 61 x 5.746 us = 350.52 us
RMS_NORM_MUL_ROPE RMS_NORM(64,32,4,1): 8 x 10.29 us = 82.32 us
RMS_NORM_MUL_ROPE RMS_NORM(64,8,4,1): 8 x 4.38 us = 35.04 us
SET_ROWS: 16 x 2.392 us = 38.28 us
SSM_CONV: 22 x 5.607 us = 123.36 us
Total time: 13408.2 us.
----------------
Vulkan Timings:
ADD: 60 x 2.518 us = 151.12 us
CONCAT: 22 x 3.318 us = 73 us
CPY: 22 x 1.947 us = 42.84 us
FLASH_ATTN_EXT dst(64,32,1,4),  q(64,1,32,4),  k(64,256,8,4),  v(64,256,8,4),  m(256,1,1,4): 8 x 21.035 us = 168.28 us (398.793 GFLOPS/s)
GET_ROWS: 24 x 3.015 us = 72.36 us
GLU: 30 x 5.513 us = 165.4 us
MUL: 44 x 3.514 us = 154.64 us
MUL_MAT f32 m=64 n=128 k=64: 16 x 2.622 us = 41.96 us (396.715 GFLOPS/s)
MUL_MAT f32 m=64 n=32 k=64: 16 x 2.602 us = 41.64 us (99.9408 GFLOPS/s)
MUL_MAT_VEC q4_0_rocmfp4_fast m=10752 n=4 k=2048: 60 x 89.306 us = 5358.36 us (1972.07 GFLOPS/s)
MUL_MAT_VEC q4_0_rocmfp4_fast m=2048 n=1 k=2048 batch=4: 22 x 41.367 us = 910.08 us (810.937 GFLOPS/s)
MUL_MAT_VEC q4_0_rocmfp4_fast m=2048 n=4 k=10752: 30 x 87.468 us = 2624.04 us (2013.91 GFLOPS/s)
MUL_MAT_VEC q4_0_rocmfp4_fast m=2048 n=4 k=2048: 16 x 23.137 us = 370.2 us (1449.86 GFLOPS/s)
MUL_MAT_VEC q4_0_rocmfp4_fast m=512 n=4 k=2048: 16 x 6.945 us = 111.12 us (1207.57 GFLOPS/s)
MUL_MAT_VEC q4_0_rocmfp4_fast m=6144 n=1 k=2048 batch=4: 22 x 114.261 us = 2513.76 us (880.773 GFLOPS/s)
MUL_MAT_VEC q6_K m=128000 n=4 k=2048: 1 x 1150.56 us = 1150.56 us (1822.28 GFLOPS/s)
RMS_NORM_MUL RMS_NORM(2048,4,1,1): 61 x 6.198 us = 378.12 us
RMS_NORM_MUL_ROPE RMS_NORM(64,32,4,1): 8 x 11.025 us = 88.2 us
RMS_NORM_MUL_ROPE RMS_NORM(64,8,4,1): 8 x 4.725 us = 37.8 us
SET_ROWS: 16 x 2.935 us = 46.96 us
SSM_CONV: 22 x 6.269 us = 137.92 us
Total time: 14638.4 us.
----------------
Vulkan Timings:
ADD: 60 x 1.831 us = 109.88 us
CONCAT: 22 x 2.407 us = 52.96 us
CPY: 22 x 1.556 us = 34.24 us
FLASH_ATTN_EXT dst(64,32,1,4),  q(64,1,32,4),  k(64,256,8,4),  v(64,256,8,4),  m(256,1,1,4): 8 x 15.765 us = 126.12 us (532.103 GFLOPS/s)
GET_ROWS: 24 x 2.261 us = 54.28 us
GLU: 30 x 4.726 us = 141.8 us
MUL: 44 x 2.524 us = 111.08 us
MUL_MAT f32 m=64 n=128 k=64: 16 x 2.147 us = 34.36 us (484.463 GFLOPS/s)
MUL_MAT f32 m=64 n=32 k=64: 16 x 2.012 us = 32.2 us (129.24 GFLOPS/s)
MUL_MAT_VEC q4_0_rocmfp4_fast m=10752 n=4 k=2048: 60 x 61.128 us = 3667.72 us (2881.1 GFLOPS/s)
MUL_MAT_VEC q4_0_rocmfp4_fast m=2048 n=1 k=2048 batch=4: 22 x 29.876 us = 657.28 us (1122.84 GFLOPS/s)
MUL_MAT_VEC q4_0_rocmfp4_fast m=2048 n=4 k=10752: 30 x 61.573 us = 1847.2 us (2860.86 GFLOPS/s)
MUL_MAT_VEC q4_0_rocmfp4_fast m=2048 n=4 k=2048: 16 x 18.982 us = 303.72 us (1767.22 GFLOPS/s)
MUL_MAT_VEC q4_0_rocmfp4_fast m=512 n=4 k=2048: 16 x 3.645 us = 58.32 us (2300.84 GFLOPS/s)
MUL_MAT_VEC q4_0_rocmfp4_fast m=6144 n=1 k=2048 batch=4: 22 x 82.318 us = 1811 us (1222.56 GFLOPS/s)
MUL_MAT_VEC q6_K m=128000 n=4 k=2048: 1 x 1055.72 us = 1055.72 us (1985.98 GFLOPS/s)
RMS_NORM_MUL RMS_NORM(2048,4,1,1): 61 x 4.52 us = 275.76 us
RMS_NORM_MUL_ROPE RMS_NORM(64,32,4,1): 8 x 8.48 us = 67.84 us
RMS_NORM_MUL_ROPE RMS_NORM(64,8,4,1): 8 x 3.505 us = 28.04 us
SET_ROWS: 16 x 2.222 us = 35.56 us
SSM_CONV: 22 x 4.47 us = 98.36 us
Total time: 10603.4 us.
----------------
Vulkan Timings:
ADD: 60 x 1.995 us = 119.72 us
CONCAT: 22 x 2.689 us = 59.16 us
CPY: 22 x 1.605 us = 35.32 us
FLASH_ATTN_EXT dst(64,32,1,4),  q(64,1,32,4),  k(64,256,8,4),  v(64,256,8,4),  m(256,1,1,4): 8 x 18.11 us = 144.88 us (463.203 GFLOPS/s)
GET_ROWS: 24 x 2.476 us = 59.44 us
GLU: 30 x 5.182 us = 155.48 us
MUL: 44 x 2.778 us = 122.24 us
MUL_MAT f32 m=64 n=128 k=64: 16 x 2.205 us = 35.28 us (471.829 GFLOPS/s)
MUL_MAT f32 m=64 n=32 k=64: 16 x 2.242 us = 35.88 us (115.985 GFLOPS/s)
MUL_MAT_VEC q4_0_rocmfp4_fast m=10752 n=4 k=2048: 60 x 68.894 us = 4133.68 us (2556.33 GFLOPS/s)
MUL_MAT_VEC q4_0_rocmfp4_fast m=2048 n=1 k=2048 batch=4: 22 x 34.434 us = 757.56 us (974.203 GFLOPS/s)
MUL_MAT_VEC q4_0_rocmfp4_fast m=2048 n=4 k=10752: 30 x 67.832 us = 2034.96 us (2596.89 GFLOPS/s)
MUL_MAT_VEC q4_0_rocmfp4_fast m=2048 n=4 k=2048: 16 x 20.732 us = 331.72 us (1618.05 GFLOPS/s)
MUL_MAT_VEC q4_0_rocmfp4_fast m=512 n=4 k=2048: 16 x 4.047 us = 64.76 us (2072.03 GFLOPS/s)
MUL_MAT_VEC q4_0_rocmfp4_fast m=6144 n=1 k=2048 batch=4: 22 x 91.292 us = 2008.44 us (1102.37 GFLOPS/s)
MUL_MAT_VEC q6_K m=128000 n=4 k=2048: 1 x 1130.4 us = 1130.4 us (1854.78 GFLOPS/s)
RMS_NORM_MUL RMS_NORM(2048,4,1,1): 61 x 5.033 us = 307.04 us
RMS_NORM_MUL_ROPE RMS_NORM(64,32,4,1): 8 x 9.37 us = 74.96 us
RMS_NORM_MUL_ROPE RMS_NORM(64,8,4,1): 8 x 3.925 us = 31.4 us
SET_ROWS: 16 x 2.205 us = 35.28 us
SSM_CONV: 22 x 5.02 us = 110.44 us
Total time: 11788 us.
----------------
Vulkan Timings:
ADD: 60 x 1.82 us = 109.2 us
CONCAT: 22 x 2.4 us = 52.8 us
CPY: 22 x 1.583 us = 34.84 us
FLASH_ATTN_EXT dst(64,32,1,4),  q(64,1,32,4),  k(64,256,8,4),  v(64,256,8,4),  m(256,1,1,4): 8 x 15.26 us = 122.08 us (549.712 GFLOPS/s)
GET_ROWS: 24 x 2.288 us = 54.92 us
GLU: 30 x 4.705 us = 141.16 us
MUL: 44 x 2.513 us = 110.6 us
MUL_MAT f32 m=64 n=128 k=64: 16 x 2.142 us = 34.28 us (485.593 GFLOPS/s)
MUL_MAT f32 m=64 n=32 k=64: 16 x 2.062 us = 33 us (126.107 GFLOPS/s)
MUL_MAT_VEC q4_0_rocmfp4_fast m=10752 n=4 k=2048: 60 x 60.461 us = 3627.68 us (2912.9 GFLOPS/s)
MUL_MAT_VEC q4_0_rocmfp4_fast m=2048 n=1 k=2048 batch=4: 22 x 29.387 us = 646.52 us (1141.52 GFLOPS/s)
MUL_MAT_VEC q4_0_rocmfp4_fast m=2048 n=4 k=10752: 30 x 60.87 us = 1826.12 us (2893.88 GFLOPS/s)
MUL_MAT_VEC q4_0_rocmfp4_fast m=2048 n=4 k=2048: 16 x 18.825 us = 301.2 us (1782 GFLOPS/s)
MUL_MAT_VEC q4_0_rocmfp4_fast m=512 n=4 k=2048: 16 x 3.59 us = 57.44 us (2336.09 GFLOPS/s)
MUL_MAT_VEC q4_0_rocmfp4_fast m=6144 n=1 k=2048 batch=4: 22 x 80.987 us = 1781.72 us (1242.65 GFLOPS/s)
MUL_MAT_VEC q6_K m=128000 n=4 k=2048: 1 x 1060.88 us = 1060.88 us (1976.32 GFLOPS/s)
RMS_NORM_MUL RMS_NORM(2048,4,1,1): 61 x 4.578 us = 279.28 us
RMS_NORM_MUL_ROPE RMS_NORM(64,32,4,1): 8 x 8.44 us = 67.52 us
RMS_NORM_MUL_ROPE RMS_NORM(64,8,4,1): 8 x 3.51 us = 28.08 us
SET_ROWS: 16 x 2.382 us = 38.12 us
SSM_CONV: 22 x 4.392 us = 96.64 us
Total time: 10504.1 us.
----------------
Vulkan Timings:
ADD: 60 x 1.784 us = 107.04 us
CONCAT: 22 x 2.321 us = 51.08 us
CPY: 22 x 1.578 us = 34.72 us
FLASH_ATTN_EXT dst(64,32,1,4),  q(64,1,32,4),  k(64,256,8,4),  v(64,256,8,4),  m(256,1,1,4): 8 x 15.11 us = 120.88 us (555.169 GFLOPS/s)
GET_ROWS: 24 x 2.228 us = 53.48 us
GLU: 30 x 4.885 us = 146.56 us
MUL: 44 x 2.448 us = 107.72 us
MUL_MAT f32 m=64 n=128 k=64: 16 x 2.097 us = 33.56 us (496.011 GFLOPS/s)
MUL_MAT f32 m=64 n=32 k=64: 16 x 2.112 us = 33.8 us (123.122 GFLOPS/s)
MUL_MAT_VEC q4_0_rocmfp4_fast m=10752 n=4 k=2048: 60 x 59.616 us = 3577 us (2954.17 GFLOPS/s)
MUL_MAT_VEC q4_0_rocmfp4_fast m=2048 n=1 k=2048 batch=4: 22 x 28.632 us = 629.92 us (1171.6 GFLOPS/s)
MUL_MAT_VEC q4_0_rocmfp4_fast m=2048 n=4 k=10752: 30 x 60.702 us = 1821.08 us (2901.89 GFLOPS/s)
MUL_MAT_VEC q4_0_rocmfp4_fast m=2048 n=4 k=2048: 16 x 18.49 us = 295.84 us (1814.29 GFLOPS/s)
MUL_MAT_VEC q4_0_rocmfp4_fast m=512 n=4 k=2048: 16 x 3.55 us = 56.8 us (2362.41 GFLOPS/s)
MUL_MAT_VEC q4_0_rocmfp4_fast m=6144 n=1 k=2048 batch=4: 22 x 79.821 us = 1756.08 us (1260.79 GFLOPS/s)
MUL_MAT_VEC q6_K m=128000 n=4 k=2048: 1 x 1064.64 us = 1064.64 us (1969.34 GFLOPS/s)
RMS_NORM_MUL RMS_NORM(2048,4,1,1): 61 x 4.327 us = 264 us
RMS_NORM_MUL_ROPE RMS_NORM(64,32,4,1): 8 x 8.235 us = 65.88 us
RMS_NORM_MUL_ROPE RMS_NORM(64,8,4,1): 8 x 3.41 us = 27.28 us
SET_ROWS: 16 x 2.06 us = 32.96 us
SSM_CONV: 22 x 4.301 us = 94.64 us
Total time: 10375 us.
----------------
Vulkan Timings:
ADD: 60 x 1.934 us = 116.04 us
CONCAT: 22 x 2.325 us = 51.16 us
CPY: 22 x 1.607 us = 35.36 us
FLASH_ATTN_EXT dst(64,32,1,4),  q(64,1,32,4),  k(64,256,8,4),  v(64,256,8,4),  m(256,1,1,4): 8 x 16.195 us = 129.56 us (517.975 GFLOPS/s)
GET_ROWS: 24 x 2.835 us = 68.04 us
GLU: 30 x 4.568 us = 137.04 us
MUL: 44 x 2.501 us = 110.08 us
MUL_MAT f32 m=64 n=128 k=64: 16 x 2.092 us = 33.48 us (497.197 GFLOPS/s)
MUL_MAT f32 m=64 n=32 k=64: 16 x 2.142 us = 34.28 us (121.398 GFLOPS/s)
MUL_MAT_VEC q4_0_rocmfp4_fast m=10752 n=4 k=2048: 60 x 59.876 us = 3592.6 us (2941.34 GFLOPS/s)
MUL_MAT_VEC q4_0_rocmfp4_fast m=2048 n=1 k=2048 batch=4: 22 x 28.656 us = 630.44 us (1170.64 GFLOPS/s)
MUL_MAT_VEC q4_0_rocmfp4_fast m=2048 n=4 k=10752: 30 x 60.768 us = 1823.04 us (2898.77 GFLOPS/s)
MUL_MAT_VEC q4_0_rocmfp4_fast m=2048 n=4 k=2048: 16 x 19.015 us = 304.24 us (1764.2 GFLOPS/s)
MUL_MAT_VEC q4_0_rocmfp4_fast m=512 n=4 k=2048: 16 x 3.602 us = 57.64 us (2327.98 GFLOPS/s)
MUL_MAT_VEC q4_0_rocmfp4_fast m=6144 n=1 k=2048 batch=4: 22 x 79.325 us = 1745.16 us (1268.68 GFLOPS/s)
MUL_MAT_VEC q6_K m=128000 n=4 k=2048: 1 x 1071.08 us = 1071.08 us (1957.5 GFLOPS/s)
RMS_NORM_MUL RMS_NORM(2048,4,1,1): 61 x 4.64 us = 283.08 us
RMS_NORM_MUL_ROPE RMS_NORM(64,32,4,1): 8 x 8.335 us = 66.68 us
RMS_NORM_MUL_ROPE RMS_NORM(64,8,4,1): 8 x 4.485 us = 35.88 us
SET_ROWS: 16 x 2.095 us = 33.52 us
SSM_CONV: 22 x 4.3 us = 94.6 us
Total time: 10453 us.
----------------
Vulkan Timings:
ADD: 60 x 1.864 us = 111.88 us
CONCAT: 22 x 2.432 us = 53.52 us
CPY: 22 x 1.64 us = 36.08 us
FLASH_ATTN_EXT dst(64,32,1,4),  q(64,1,32,4),  k(64,256,8,4),  v(64,256,8,4),  m(256,1,1,4): 8 x 15.1 us = 120.8 us (555.537 GFLOPS/s)
GET_ROWS: 24 x 2.31 us = 55.44 us
GLU: 30 x 4.588 us = 137.64 us
MUL: 44 x 2.536 us = 111.6 us
MUL_MAT f32 m=64 n=128 k=64: 16 x 2.19 us = 35.04 us (475.061 GFLOPS/s)
MUL_MAT f32 m=64 n=32 k=64: 16 x 2.157 us = 34.52 us (120.554 GFLOPS/s)
MUL_MAT_VEC q4_0_rocmfp4_fast m=10752 n=4 k=2048: 60 x 60.849 us = 3650.96 us (2894.33 GFLOPS/s)
MUL_MAT_VEC q4_0_rocmfp4_fast m=2048 n=1 k=2048 batch=4: 22 x 28.774 us = 633.04 us (1165.83 GFLOPS/s)
MUL_MAT_VEC q4_0_rocmfp4_fast m=2048 n=4 k=10752: 30 x 62.062 us = 1861.88 us (2838.3 GFLOPS/s)
MUL_MAT_VEC q4_0_rocmfp4_fast m=2048 n=4 k=2048: 16 x 18.502 us = 296.04 us (1813.07 GFLOPS/s)
MUL_MAT_VEC q4_0_rocmfp4_fast m=512 n=4 k=2048: 16 x 3.555 us = 56.88 us (2359.09 GFLOPS/s)
MUL_MAT_VEC q4_0_rocmfp4_fast m=6144 n=1 k=2048 batch=4: 22 x 79.656 us = 1752.44 us (1263.41 GFLOPS/s)
MUL_MAT_VEC q6_K m=128000 n=4 k=2048: 1 x 1067.88 us = 1067.88 us (1963.37 GFLOPS/s)
RMS_NORM_MUL RMS_NORM(2048,4,1,1): 61 x 4.368 us = 266.48 us
RMS_NORM_MUL_ROPE RMS_NORM(64,32,4,1): 8 x 8.375 us = 67 us
RMS_NORM_MUL_ROPE RMS_NORM(64,8,4,1): 8 x 3.47 us = 27.76 us
SET_ROWS: 16 x 2.095 us = 33.52 us
SSM_CONV: 22 x 4.392 us = 96.64 us
Total time: 10507 us.
----------------
Vulkan Timings:
ADD: 60 x 1.832 us = 109.96 us
CONCAT: 22 x 3.154 us = 69.4 us
CPY: 22 x 1.61 us = 35.44 us
FLASH_ATTN_EXT dst(64,32,1,4),  q(64,1,32,4),  k(64,256,8,4),  v(64,256,8,4),  m(256,1,1,4): 8 x 15.23 us = 121.84 us (550.795 GFLOPS/s)
GET_ROWS: 24 x 2.39 us = 57.36 us
GLU: 30 x 4.732 us = 141.96 us
MUL: 44 x 2.683 us = 118.08 us
MUL_MAT f32 m=64 n=128 k=64: 16 x 2.137 us = 34.2 us (486.729 GFLOPS/s)
MUL_MAT f32 m=64 n=32 k=64: 16 x 2.145 us = 34.32 us (121.257 GFLOPS/s)
MUL_MAT_VEC q4_0_rocmfp4_fast m=10752 n=4 k=2048: 60 x 59.962 us = 3597.76 us (2937.12 GFLOPS/s)
MUL_MAT_VEC q4_0_rocmfp4_fast m=2048 n=1 k=2048 batch=4: 22 x 28.687 us = 631.12 us (1169.38 GFLOPS/s)
MUL_MAT_VEC q4_0_rocmfp4_fast m=2048 n=4 k=10752: 30 x 61.661 us = 1849.84 us (2856.78 GFLOPS/s)
MUL_MAT_VEC q4_0_rocmfp4_fast m=2048 n=4 k=2048: 16 x 18.417 us = 294.68 us (1821.43 GFLOPS/s)
MUL_MAT_VEC q4_0_rocmfp4_fast m=512 n=4 k=2048: 16 x 3.675 us = 58.8 us (2282.06 GFLOPS/s)
MUL_MAT_VEC q4_0_rocmfp4_fast m=6144 n=1 k=2048 batch=4: 22 x 79.618 us = 1751.6 us (1264.02 GFLOPS/s)
MUL_MAT_VEC q6_K m=128000 n=4 k=2048: 1 x 1062.56 us = 1062.56 us (1973.2 GFLOPS/s)
RMS_NORM_MUL RMS_NORM(2048,4,1,1): 61 x 4.399 us = 268.36 us
RMS_NORM_MUL_ROPE RMS_NORM(64,32,4,1): 8 x 8.4 us = 67.2 us
RMS_NORM_MUL_ROPE RMS_NORM(64,8,4,1): 8 x 3.52 us = 28.16 us
SET_ROWS: 16 x 2.01 us = 32.16 us
SSM_CONV: 22 x 4.341 us = 95.52 us
Total time: 10460.3 us.
----------------
Vulkan Timings:
ADD: 60 x 1.833 us = 110 us
CONCAT: 22 x 3.041 us = 66.92 us
CPY: 22 x 1.614 us = 35.52 us
FLASH_ATTN_EXT dst(64,32,1,4),  q(64,1,32,4),  k(64,256,8,4),  v(64,256,8,4),  m(256,1,1,4): 8 x 15.03 us = 120.24 us (558.124 GFLOPS/s)
GET_ROWS: 24 x 2.263 us = 54.32 us
GLU: 30 x 4.662 us = 139.88 us
MUL: 44 x 2.477 us = 109 us
MUL_MAT f32 m=64 n=128 k=64: 16 x 2.145 us = 34.32 us (485.028 GFLOPS/s)
MUL_MAT f32 m=64 n=32 k=64: 16 x 2.107 us = 33.72 us (123.414 GFLOPS/s)
MUL_MAT_VEC q4_0_rocmfp4_fast m=10752 n=4 k=2048: 60 x 59.653 us = 3579.2 us (2952.35 GFLOPS/s)
MUL_MAT_VEC q4_0_rocmfp4_fast m=2048 n=1 k=2048 batch=4: 22 x 28.727 us = 632 us (1167.75 GFLOPS/s)
MUL_MAT_VEC q4_0_rocmfp4_fast m=2048 n=4 k=10752: 30 x 60.636 us = 1819.08 us (2905.08 GFLOPS/s)
MUL_MAT_VEC q4_0_rocmfp4_fast m=2048 n=4 k=2048: 16 x 18.44 us = 295.04 us (1819.21 GFLOPS/s)
MUL_MAT_VEC q4_0_rocmfp4_fast m=512 n=4 k=2048: 16 x 3.542 us = 56.68 us (2367.41 GFLOPS/s)
MUL_MAT_VEC q4_0_rocmfp4_fast m=6144 n=1 k=2048 batch=4: 22 x 79.027 us = 1738.6 us (1273.47 GFLOPS/s)
MUL_MAT_VEC q6_K m=128000 n=4 k=2048: 1 x 1123.36 us = 1123.36 us (1866.4 GFLOPS/s)
RMS_NORM_MUL RMS_NORM(2048,4,1,1): 61 x 4.344 us = 265.04 us
RMS_NORM_MUL_ROPE RMS_NORM(64,32,4,1): 8 x 8.34 us = 66.72 us
RMS_NORM_MUL_ROPE RMS_NORM(64,8,4,1): 8 x 3.44 us = 27.52 us
SET_ROWS: 16 x 2.082 us = 33.32 us
SSM_CONV: 22 x 4.832 us = 106.32 us
Total time: 10446.8 us.
----------------
Vulkan Timings:
ADD: 60 x 1.841 us = 110.48 us
CONCAT: 22 x 2.381 us = 52.4 us
CPY: 22 x 1.609 us = 35.4 us
FLASH_ATTN_EXT dst(64,32,1,4),  q(64,1,32,4),  k(64,256,8,4),  v(64,256,8,4),  m(256,1,1,4): 8 x 14.955 us = 119.64 us (560.923 GFLOPS/s)
GET_ROWS: 24 x 2.276 us = 54.64 us
GLU: 30 x 4.573 us = 137.2 us
MUL: 44 x 2.488 us = 109.48 us
MUL_MAT f32 m=64 n=128 k=64: 16 x 2.15 us = 34.4 us (483.9 GFLOPS/s)
MUL_MAT f32 m=64 n=32 k=64: 16 x 2.18 us = 34.88 us (119.31 GFLOPS/s)
MUL_MAT_VEC q4_0_rocmfp4_fast m=10752 n=4 k=2048: 60 x 59.402 us = 3564.12 us (2964.85 GFLOPS/s)
MUL_MAT_VEC q4_0_rocmfp4_fast m=2048 n=1 k=2048 batch=4: 22 x 28.67 us = 630.76 us (1170.04 GFLOPS/s)
MUL_MAT_VEC q4_0_rocmfp4_fast m=2048 n=4 k=10752: 30 x 60.094 us = 1802.84 us (2931.25 GFLOPS/s)
MUL_MAT_VEC q4_0_rocmfp4_fast m=2048 n=4 k=2048: 16 x 18.435 us = 294.96 us (1819.7 GFLOPS/s)
MUL_MAT_VEC q4_0_rocmfp4_fast m=512 n=4 k=2048: 16 x 3.577 us = 57.24 us (2344.25 GFLOPS/s)
MUL_MAT_VEC q4_0_rocmfp4_fast m=6144 n=1 k=2048 batch=4: 22 x 79.058 us = 1739.28 us (1272.97 GFLOPS/s)
MUL_MAT_VEC q6_K m=128000 n=4 k=2048: 1 x 1058.96 us = 1058.96 us (1979.9 GFLOPS/s)
RMS_NORM_MUL RMS_NORM(2048,4,1,1): 61 x 4.331 us = 264.24 us
RMS_NORM_MUL_ROPE RMS_NORM(64,32,4,1): 8 x 8.24 us = 65.92 us
RMS_NORM_MUL_ROPE RMS_NORM(64,8,4,1): 8 x 3.355 us = 26.84 us
SET_ROWS: 16 x 2.152 us = 34.44 us
SSM_CONV: 22 x 4.325 us = 95.16 us
Total time: 10323.3 us.
----------------
Vulkan Timings:
ADD: 60 x 1.796 us = 107.8 us
CONCAT: 22 x 2.361 us = 51.96 us
CPY: 22 x 1.594 us = 35.08 us
FLASH_ATTN_EXT dst(64,32,1,4),  q(64,1,32,4),  k(64,256,8,4),  v(64,256,8,4),  m(256,1,1,4): 8 x 17.12 us = 136.96 us (489.989 GFLOPS/s)
GET_ROWS: 24 x 3.065 us = 73.56 us
GLU: 30 x 4.545 us = 136.36 us
MUL: 44 x 2.463 us = 108.4 us
MUL_MAT f32 m=64 n=128 k=64: 16 x 2.137 us = 34.2 us (486.729 GFLOPS/s)
MUL_MAT f32 m=64 n=32 k=64: 16 x 2.215 us = 35.44 us (117.425 GFLOPS/s)
MUL_MAT_VEC q4_0_rocmfp4_fast m=10752 n=4 k=2048: 60 x 59.856 us = 3591.36 us (2942.36 GFLOPS/s)
MUL_MAT_VEC q4_0_rocmfp4_fast m=2048 n=1 k=2048 batch=4: 22 x 28.658 us = 630.48 us (1170.56 GFLOPS/s)
MUL_MAT_VEC q4_0_rocmfp4_fast m=2048 n=4 k=10752: 30 x 60.106 us = 1803.2 us (2930.67 GFLOPS/s)
MUL_MAT_VEC q4_0_rocmfp4_fast m=2048 n=4 k=2048: 16 x 18.475 us = 295.6 us (1815.76 GFLOPS/s)
MUL_MAT_VEC q4_0_rocmfp4_fast m=512 n=4 k=2048: 16 x 3.565 us = 57.04 us (2352.47 GFLOPS/s)
MUL_MAT_VEC q4_0_rocmfp4_fast m=6144 n=1 k=2048 batch=4: 22 x 79.036 us = 1738.8 us (1273.32 GFLOPS/s)
MUL_MAT_VEC q6_K m=128000 n=4 k=2048: 1 x 1065.12 us = 1065.12 us (1968.45 GFLOPS/s)
RMS_NORM_MUL RMS_NORM(2048,4,1,1): 61 x 4.325 us = 263.84 us
RMS_NORM_MUL_ROPE RMS_NORM(64,32,4,1): 8 x 8.24 us = 65.92 us
RMS_NORM_MUL_ROPE RMS_NORM(64,8,4,1): 8 x 3.51 us = 28.08 us
SET_ROWS: 16 x 2.11 us = 33.76 us
SSM_CONV: 22 x 4.281 us = 94.2 us
Total time: 10387.2 us.
----------------
Vulkan Timings:
ADD: 60 x 1.836 us = 110.2 us
CONCAT: 22 x 2.354 us = 51.8 us
CPY: 22 x 1.585 us = 34.88 us
FLASH_ATTN_EXT dst(64,32,1,4),  q(64,1,32,4),  k(64,256,8,4),  v(64,256,8,4),  m(256,1,1,4): 8 x 16.66 us = 133.28 us (503.518 GFLOPS/s)
GET_ROWS: 24 x 2.256 us = 54.16 us
GLU: 30 x 4.58 us = 137.4 us
MUL: 44 x 2.478 us = 109.04 us
MUL_MAT f32 m=64 n=128 k=64: 16 x 2.047 us = 32.76 us (508.124 GFLOPS/s)
MUL_MAT f32 m=64 n=32 k=64: 16 x 2.135 us = 34.16 us (121.825 GFLOPS/s)
MUL_MAT_VEC q4_0_rocmfp4_fast m=10752 n=4 k=2048: 60 x 60.168 us = 3610.08 us (2927.1 GFLOPS/s)
MUL_MAT_VEC q4_0_rocmfp4_fast m=2048 n=1 k=2048 batch=4: 22 x 28.672 us = 630.8 us (1169.97 GFLOPS/s)
MUL_MAT_VEC q4_0_rocmfp4_fast m=2048 n=4 k=10752: 30 x 60.178 us = 1805.36 us (2927.16 GFLOPS/s)
MUL_MAT_VEC q4_0_rocmfp4_fast m=2048 n=4 k=2048: 16 x 19.412 us = 310.6 us (1728.07 GFLOPS/s)
MUL_MAT_VEC q4_0_rocmfp4_fast m=512 n=4 k=2048: 16 x 3.605 us = 57.68 us (2326.37 GFLOPS/s)
MUL_MAT_VEC q4_0_rocmfp4_fast m=6144 n=1 k=2048 batch=4: 22 x 79.107 us = 1740.36 us (1272.18 GFLOPS/s)
MUL_MAT_VEC q6_K m=128000 n=4 k=2048: 1 x 1073.84 us = 1073.84 us (1952.47 GFLOPS/s)
RMS_NORM_MUL RMS_NORM(2048,4,1,1): 61 x 4.489 us = 273.84 us
RMS_NORM_MUL_ROPE RMS_NORM(64,32,4,1): 8 x 8.435 us = 67.48 us
RMS_NORM_MUL_ROPE RMS_NORM(64,8,4,1): 8 x 3.64 us = 29.12 us
SET_ROWS: 16 x 2.16 us = 34.56 us
SSM_CONV: 22 x 4.294 us = 94.48 us
Total time: 10425.9 us.
----------------
Vulkan Timings:
ADD: 60 x 2.063 us = 123.8 us
CONCAT: 22 x 2.609 us = 57.4 us
CPY: 22 x 1.68 us = 36.96 us
FLASH_ATTN_EXT dst(64,32,1,4),  q(64,1,32,4),  k(64,256,8,4),  v(64,256,8,4),  m(256,1,1,4): 8 x 15.27 us = 122.16 us (549.352 GFLOPS/s)
GET_ROWS: 24 x 2.29 us = 54.96 us
GLU: 30 x 4.566 us = 137 us
MUL: 44 x 2.647 us = 116.48 us
MUL_MAT f32 m=64 n=128 k=64: 16 x 2.107 us = 33.72 us (493.658 GFLOPS/s)
MUL_MAT f32 m=64 n=32 k=64: 16 x 2.105 us = 33.68 us (123.561 GFLOPS/s)
MUL_MAT_VEC q4_0_rocmfp4_fast m=10752 n=4 k=2048: 60 x 60.11 us = 3606.64 us (2929.89 GFLOPS/s)
MUL_MAT_VEC q4_0_rocmfp4_fast m=2048 n=1 k=2048 batch=4: 22 x 28.876 us = 635.28 us (1161.72 GFLOPS/s)
MUL_MAT_VEC q4_0_rocmfp4_fast m=2048 n=4 k=10752: 30 x 61.033 us = 1831 us (2886.17 GFLOPS/s)
MUL_MAT_VEC q4_0_rocmfp4_fast m=2048 n=4 k=2048: 16 x 18.837 us = 301.4 us (1780.82 GFLOPS/s)
MUL_MAT_VEC q4_0_rocmfp4_fast m=512 n=4 k=2048: 16 x 3.55 us = 56.8 us (2362.41 GFLOPS/s)
MUL_MAT_VEC q4_0_rocmfp4_fast m=6144 n=1 k=2048 batch=4: 22 x 79.689 us = 1753.16 us (1262.89 GFLOPS/s)
MUL_MAT_VEC q6_K m=128000 n=4 k=2048: 1 x 1064.32 us = 1064.32 us (1969.93 GFLOPS/s)
RMS_NORM_MUL RMS_NORM(2048,4,1,1): 61 x 4.5 us = 274.56 us
RMS_NORM_MUL_ROPE RMS_NORM(64,32,4,1): 8 x 8.36 us = 66.88 us
RMS_NORM_MUL_ROPE RMS_NORM(64,8,4,1): 8 x 3.42 us = 27.36 us
SET_ROWS: 16 x 1.982 us = 31.72 us
SSM_CONV: 22 x 4.367 us = 96.08 us
Total time: 10461.4 us.
----------------
Vulkan Timings:
ADD: 60 x 2.072 us = 124.32 us
CONCAT: 22 x 2.66 us = 58.52 us
CPY: 22 x 1.609 us = 35.4 us
FLASH_ATTN_EXT dst(64,32,1,4),  q(64,1,32,4),  k(64,256,8,4),  v(64,256,8,4),  m(256,1,1,4): 8 x 16.785 us = 134.28 us (499.768 GFLOPS/s)
GET_ROWS: 24 x 2.363 us = 56.72 us
GLU: 30 x 4.909 us = 147.28 us
MUL: 44 x 2.749 us = 120.96 us
MUL_MAT f32 m=64 n=128 k=64: 16 x 2.175 us = 34.8 us (478.337 GFLOPS/s)
MUL_MAT f32 m=64 n=32 k=64: 16 x 2.092 us = 33.48 us (124.299 GFLOPS/s)
MUL_MAT_VEC q4_0_rocmfp4_fast m=10752 n=4 k=2048: 60 x 63.856 us = 3831.36 us (2758.05 GFLOPS/s)
MUL_MAT_VEC q4_0_rocmfp4_fast m=2048 n=1 k=2048 batch=4: 22 x 30.792 us = 677.44 us (1089.42 GFLOPS/s)
MUL_MAT_VEC q4_0_rocmfp4_fast m=2048 n=4 k=10752: 30 x 64.001 us = 1920.04 us (2752.33 GFLOPS/s)
MUL_MAT_VEC q4_0_rocmfp4_fast m=2048 n=4 k=2048: 16 x 19.502 us = 312.04 us (1720.1 GFLOPS/s)
MUL_MAT_VEC q4_0_rocmfp4_fast m=512 n=4 k=2048: 16 x 3.765 us = 60.24 us (2227.51 GFLOPS/s)
MUL_MAT_VEC q4_0_rocmfp4_fast m=6144 n=1 k=2048 batch=4: 22 x 85.97 us = 1891.36 us (1170.61 GFLOPS/s)
MUL_MAT_VEC q6_K m=128000 n=4 k=2048: 1 x 1064.24 us = 1064.24 us (1970.08 GFLOPS/s)
RMS_NORM_MUL RMS_NORM(2048,4,1,1): 61 x 4.666 us = 284.68 us
RMS_NORM_MUL_ROPE RMS_NORM(64,32,4,1): 8 x 8.955 us = 71.64 us
RMS_NORM_MUL_ROPE RMS_NORM(64,8,4,1): 8 x 3.74 us = 29.92 us
SET_ROWS: 16 x 2.22 us = 35.52 us
SSM_CONV: 22 x 4.636 us = 102 us
Total time: 11026.2 us.
----------------
Vulkan Timings:
ADD: 60 x 1.824 us = 109.44 us
CONCAT: 22 x 2.37 us = 52.16 us
CPY: 22 x 1.692 us = 37.24 us
FLASH_ATTN_EXT dst(64,32,1,4),  q(64,1,32,4),  k(64,256,8,4),  v(64,256,8,4),  m(256,1,1,4): 8 x 15.425 us = 123.4 us (543.832 GFLOPS/s)
GET_ROWS: 24 x 2.253 us = 54.08 us
GLU: 30 x 4.616 us = 138.48 us
MUL: 44 x 2.533 us = 111.48 us
MUL_MAT f32 m=64 n=128 k=64: 16 x 2.152 us = 34.44 us (483.338 GFLOPS/s)
MUL_MAT f32 m=64 n=32 k=64: 16 x 2.375 us = 38 us (109.514 GFLOPS/s)
MUL_MAT_VEC q4_0_rocmfp4_fast m=10752 n=4 k=2048: 60 x 60.542 us = 3632.56 us (2908.99 GFLOPS/s)
MUL_MAT_VEC q4_0_rocmfp4_fast m=2048 n=1 k=2048 batch=4: 22 x 29.867 us = 657.08 us (1123.18 GFLOPS/s)
MUL_MAT_VEC q4_0_rocmfp4_fast m=2048 n=4 k=10752: 30 x 61.092 us = 1832.76 us (2883.4 GFLOPS/s)
MUL_MAT_VEC q4_0_rocmfp4_fast m=2048 n=4 k=2048: 16 x 18.722 us = 299.56 us (1791.76 GFLOPS/s)
MUL_MAT_VEC q4_0_rocmfp4_fast m=512 n=4 k=2048: 16 x 3.607 us = 57.72 us (2324.76 GFLOPS/s)
MUL_MAT_VEC q4_0_rocmfp4_fast m=6144 n=1 k=2048 batch=4: 22 x 81.03 us = 1782.68 us (1241.98 GFLOPS/s)
MUL_MAT_VEC q6_K m=128000 n=4 k=2048: 1 x 1071.08 us = 1071.08 us (1957.5 GFLOPS/s)
RMS_NORM_MUL RMS_NORM(2048,4,1,1): 61 x 4.445 us = 271.2 us
RMS_NORM_MUL_ROPE RMS_NORM(64,32,4,1): 8 x 8.31 us = 66.48 us
RMS_NORM_MUL_ROPE RMS_NORM(64,8,4,1): 8 x 3.48 us = 27.84 us
SET_ROWS: 16 x 2.095 us = 33.52 us
SSM_CONV: 22 x 4.345 us = 95.6 us
Total time: 10526.8 us.
----------------
Vulkan Timings:
ADD: 60 x 1.82 us = 109.24 us
CONCAT: 22 x 2.358 us = 51.88 us
CPY: 22 x 1.59 us = 35 us
FLASH_ATTN_EXT dst(64,32,1,4),  q(64,1,32,4),  k(64,256,8,4),  v(64,256,8,4),  m(256,1,1,4): 8 x 15.325 us = 122.6 us (547.381 GFLOPS/s)
GET_ROWS: 24 x 2.251 us = 54.04 us
GLU: 30 x 4.565 us = 136.96 us
MUL: 44 x 2.463 us = 108.4 us
MUL_MAT f32 m=64 n=128 k=64: 16 x 2.12 us = 33.92 us (490.747 GFLOPS/s)
MUL_MAT f32 m=64 n=32 k=64: 16 x 2.112 us = 33.8 us (123.122 GFLOPS/s)
MUL_MAT_VEC q4_0_rocmfp4_fast m=10752 n=4 k=2048: 60 x 60.025 us = 3601.52 us (2934.06 GFLOPS/s)
MUL_MAT_VEC q4_0_rocmfp4_fast m=2048 n=1 k=2048 batch=4: 22 x 28.636 us = 630 us (1171.46 GFLOPS/s)
MUL_MAT_VEC q4_0_rocmfp4_fast m=2048 n=4 k=10752: 30 x 61.31 us = 1839.32 us (2873.11 GFLOPS/s)
MUL_MAT_VEC q4_0_rocmfp4_fast m=2048 n=4 k=2048: 16 x 18.44 us = 295.04 us (1819.21 GFLOPS/s)
MUL_MAT_VEC q4_0_rocmfp4_fast m=512 n=4 k=2048: 16 x 3.547 us = 56.76 us (2364.08 GFLOPS/s)
MUL_MAT_VEC q4_0_rocmfp4_fast m=6144 n=1 k=2048 batch=4: 22 x 79.674 us = 1752.84 us (1263.12 GFLOPS/s)
MUL_MAT_VEC q6_K m=128000 n=4 k=2048: 1 x 1059.28 us = 1059.28 us (1979.31 GFLOPS/s)
RMS_NORM_MUL RMS_NORM(2048,4,1,1): 61 x 4.347 us = 265.2 us
RMS_NORM_MUL_ROPE RMS_NORM(64,32,4,1): 8 x 8.335 us = 66.68 us
RMS_NORM_MUL_ROPE RMS_NORM(64,8,4,1): 8 x 3.43 us = 27.44 us
SET_ROWS: 16 x 2.002 us = 32.04 us
SSM_CONV: 22 x 4.29 us = 94.4 us
Total time: 10406.4 us.
----------------
Vulkan Timings:
ADD: 60 x 1.842 us = 110.56 us
CONCAT: 22 x 2.396 us = 52.72 us
CPY: 22 x 1.647 us = 36.24 us
FLASH_ATTN_EXT dst(64,32,1,4),  q(64,1,32,4),  k(64,256,8,4),  v(64,256,8,4),  m(256,1,1,4): 8 x 15.24 us = 121.92 us (550.434 GFLOPS/s)
GET_ROWS: 24 x 2.28 us = 54.72 us
GLU: 30 x 4.57 us = 137.12 us
MUL: 44 x 2.505 us = 110.24 us
MUL_MAT f32 m=64 n=128 k=64: 16 x 2.132 us = 34.12 us (487.871 GFLOPS/s)
MUL_MAT f32 m=64 n=32 k=64: 16 x 2.122 us = 33.96 us (122.542 GFLOPS/s)
MUL_MAT_VEC q4_0_rocmfp4_fast m=10752 n=4 k=2048: 60 x 59.827 us = 3589.64 us (2943.77 GFLOPS/s)
MUL_MAT_VEC q4_0_rocmfp4_fast m=2048 n=1 k=2048 batch=4: 22 x 28.656 us = 630.44 us (1170.64 GFLOPS/s)
MUL_MAT_VEC q4_0_rocmfp4_fast m=2048 n=4 k=10752: 30 x 61.638 us = 1849.16 us (2857.83 GFLOPS/s)
MUL_MAT_VEC q4_0_rocmfp4_fast m=2048 n=4 k=2048: 16 x 18.497 us = 295.96 us (1813.56 GFLOPS/s)
MUL_MAT_VEC q4_0_rocmfp4_fast m=512 n=4 k=2048: 16 x 3.542 us = 56.68 us (2367.41 GFLOPS/s)
MUL_MAT_VEC q4_0_rocmfp4_fast m=6144 n=1 k=2048 batch=4: 22 x 79.532 us = 1749.72 us (1265.37 GFLOPS/s)
MUL_MAT_VEC q6_K m=128000 n=4 k=2048: 1 x 1150.6 us = 1150.6 us (1822.21 GFLOPS/s)
RMS_NORM_MUL RMS_NORM(2048,4,1,1): 61 x 4.393 us = 268 us
RMS_NORM_MUL_ROPE RMS_NORM(64,32,4,1): 8 x 8.32 us = 66.56 us
RMS_NORM_MUL_ROPE RMS_NORM(64,8,4,1): 8 x 3.445 us = 27.56 us
SET_ROWS: 16 x 2.057 us = 32.92 us
SSM_CONV: 22 x 4.307 us = 94.76 us
Total time: 10503.6 us.
----------------
Vulkan Timings:
ADD: 60 x 1.794 us = 107.68 us
CONCAT: 22 x 2.414 us = 53.12 us
CPY: 22 x 2.527 us = 55.6 us
FLASH_ATTN_EXT dst(64,32,1,4),  q(64,1,32,4),  k(64,256,8,4),  v(64,256,8,4),  m(256,1,1,4): 8 x 14.835 us = 118.68 us (565.461 GFLOPS/s)
GET_ROWS: 24 x 2.25 us = 54 us
GLU: 30 x 4.448 us = 133.44 us
MUL: 44 x 2.577 us = 113.4 us
MUL_MAT f32 m=64 n=128 k=64: 16 x 2.11 us = 33.76 us (493.073 GFLOPS/s)
MUL_MAT f32 m=64 n=32 k=64: 16 x 2.11 us = 33.76 us (123.268 GFLOPS/s)
MUL_MAT_VEC q4_0_rocmfp4_fast m=10752 n=4 k=2048: 60 x 59.838 us = 3590.28 us (2943.24 GFLOPS/s)
MUL_MAT_VEC q4_0_rocmfp4_fast m=2048 n=1 k=2048 batch=4: 22 x 29.938 us = 658.64 us (1120.52 GFLOPS/s)
MUL_MAT_VEC q4_0_rocmfp4_fast m=2048 n=4 k=10752: 30 x 61.374 us = 1841.24 us (2870.12 GFLOPS/s)
MUL_MAT_VEC q4_0_rocmfp4_fast m=2048 n=4 k=2048: 16 x 18.52 us = 296.32 us (1811.35 GFLOPS/s)
MUL_MAT_VEC q4_0_rocmfp4_fast m=512 n=4 k=2048: 16 x 3.565 us = 57.04 us (2352.47 GFLOPS/s)
MUL_MAT_VEC q4_0_rocmfp4_fast m=6144 n=1 k=2048 batch=4: 22 x 79.209 us = 1742.6 us (1270.55 GFLOPS/s)
MUL_MAT_VEC q6_K m=128000 n=4 k=2048: 1 x 1065.24 us = 1065.24 us (1968.23 GFLOPS/s)
RMS_NORM_MUL RMS_NORM(2048,4,1,1): 61 x 4.73 us = 288.56 us
RMS_NORM_MUL_ROPE RMS_NORM(64,32,4,1): 8 x 8.295 us = 66.36 us
RMS_NORM_MUL_ROPE RMS_NORM(64,8,4,1): 8 x 3.395 us = 27.16 us
SET_ROWS: 16 x 2.197 us = 35.16 us
SSM_CONV: 22 x 4.261 us = 93.76 us
Total time: 10465.8 us.
----------------
Vulkan Timings:
ADD: 60 x 1.86 us = 111.64 us
CONCAT: 22 x 2.401 us = 52.84 us
CPY: 22 x 1.638 us = 36.04 us
FLASH_ATTN_EXT dst(64,32,1,4),  q(64,1,32,4),  k(64,256,8,4),  v(64,256,8,4),  m(256,1,1,4): 8 x 15.215 us = 121.72 us (551.338 GFLOPS/s)
GET_ROWS: 24 x 2.298 us = 55.16 us
GLU: 30 x 4.514 us = 135.44 us
MUL: 44 x 2.533 us = 111.48 us
MUL_MAT f32 m=64 n=128 k=64: 16 x 2.18 us = 34.88 us (477.24 GFLOPS/s)
MUL_MAT f32 m=64 n=32 k=64: 16 x 2.14 us = 34.24 us (121.54 GFLOPS/s)
MUL_MAT_VEC q4_0_rocmfp4_fast m=10752 n=4 k=2048: 60 x 61.128 us = 3667.69 us (2881.12 GFLOPS/s)
MUL_MAT_VEC q4_0_rocmfp4_fast m=2048 n=1 k=2048 batch=4: 22 x 29.749 us = 654.48 us (1127.64 GFLOPS/s)
MUL_MAT_VEC q4_0_rocmfp4_fast m=2048 n=4 k=10752: 30 x 61.632 us = 1848.96 us (2858.13 GFLOPS/s)
MUL_MAT_VEC q4_0_rocmfp4_fast m=2048 n=4 k=2048: 16 x 18.557 us = 296.92 us (1807.69 GFLOPS/s)
MUL_MAT_VEC q4_0_rocmfp4_fast m=512 n=4 k=2048: 16 x 3.545 us = 56.72 us (2365.74 GFLOPS/s)
MUL_MAT_VEC q4_0_rocmfp4_fast m=6144 n=1 k=2048 batch=4: 22 x 80.672 us = 1774.8 us (1247.49 GFLOPS/s)
MUL_MAT_VEC q6_K m=128000 n=4 k=2048: 1 x 1066.8 us = 1066.8 us (1965.35 GFLOPS/s)
RMS_NORM_MUL RMS_NORM(2048,4,1,1): 61 x 4.38 us = 267.2 us
RMS_NORM_MUL_ROPE RMS_NORM(64,32,4,1): 8 x 8.28 us = 66.24 us
RMS_NORM_MUL_ROPE RMS_NORM(64,8,4,1): 8 x 3.485 us = 27.88 us
SET_ROWS: 16 x 2.017 us = 32.28 us
SSM_CONV: 22 x 4.38 us = 96.36 us
Total time: 10549.8 us.
----------------
Vulkan Timings:
ADD: 60 x 1.873 us = 112.4 us
CONCAT: 22 x 2.432 us = 53.52 us
CPY: 22 x 1.609 us = 35.4 us
FLASH_ATTN_EXT dst(64,32,1,4),  q(64,1,32,4),  k(64,256,8,4),  v(64,256,8,4),  m(256,1,1,4): 8 x 15.575 us = 124.6 us (538.594 GFLOPS/s)
GET_ROWS: 24 x 2.295 us = 55.08 us
GLU: 30 x 4.512 us = 135.36 us
MUL: 44 x 2.548 us = 112.12 us
MUL_MAT f32 m=64 n=128 k=64: 16 x 2.167 us = 34.68 us (479.993 GFLOPS/s)
MUL_MAT f32 m=64 n=32 k=64: 16 x 2 us = 32 us (130.048 GFLOPS/s)
MUL_MAT_VEC q4_0_rocmfp4_fast m=10752 n=4 k=2048: 60 x 60.618 us = 3637.12 us (2905.34 GFLOPS/s)
MUL_MAT_VEC q4_0_rocmfp4_fast m=2048 n=1 k=2048 batch=4: 22 x 29.634 us = 651.96 us (1132 GFLOPS/s)
MUL_MAT_VEC q4_0_rocmfp4_fast m=2048 n=4 k=10752: 30 x 62.272 us = 1868.16 us (2828.76 GFLOPS/s)
MUL_MAT_VEC q4_0_rocmfp4_fast m=2048 n=4 k=2048: 16 x 18.862 us = 301.8 us (1778.46 GFLOPS/s)
MUL_MAT_VEC q4_0_rocmfp4_fast m=512 n=4 k=2048: 16 x 3.625 us = 58 us (2313.53 GFLOPS/s)
MUL_MAT_VEC q4_0_rocmfp4_fast m=6144 n=1 k=2048 batch=4: 22 x 81.521 us = 1793.48 us (1234.5 GFLOPS/s)
MUL_MAT_VEC q6_K m=128000 n=4 k=2048: 1 x 1067.96 us = 1067.96 us (1963.22 GFLOPS/s)
RMS_NORM_MUL RMS_NORM(2048,4,1,1): 61 x 4.433 us = 270.44 us
RMS_NORM_MUL_ROPE RMS_NORM(64,32,4,1): 8 x 8.62 us = 68.96 us
RMS_NORM_MUL_ROPE RMS_NORM(64,8,4,1): 8 x 3.525 us = 28.2 us
SET_ROWS: 16 x 2.277 us = 36.44 us
SSM_CONV: 22 x 4.456 us = 98.04 us
Total time: 10575.7 us.
----------------
Vulkan Timings:
ADD: 60 x 1.861 us = 111.68 us
CONCAT: 22 x 2.458 us = 54.08 us
CPY: 22 x 1.594 us = 35.08 us
FLASH_ATTN_EXT dst(64,32,1,4),  q(64,1,32,4),  k(64,256,8,4),  v(64,256,8,4),  m(256,1,1,4): 8 x 15.64 us = 125.12 us (536.356 GFLOPS/s)
GET_ROWS: 24 x 2.303 us = 55.28 us
GLU: 30 x 4.741 us = 142.24 us
MUL: 44 x 2.554 us = 112.4 us
MUL_MAT f32 m=64 n=128 k=64: 16 x 2.15 us = 34.4 us (483.9 GFLOPS/s)
MUL_MAT f32 m=64 n=32 k=64: 16 x 1.947 us = 31.16 us (133.554 GFLOPS/s)
MUL_MAT_VEC q4_0_rocmfp4_fast m=10752 n=4 k=2048: 60 x 62.973 us = 3778.4 us (2796.7 GFLOPS/s)
MUL_MAT_VEC q4_0_rocmfp4_fast m=2048 n=1 k=2048 batch=4: 22 x 31.06 us = 683.32 us (1080.05 GFLOPS/s)
MUL_MAT_VEC q4_0_rocmfp4_fast m=2048 n=4 k=10752: 30 x 64.04 us = 1921.2 us (2750.66 GFLOPS/s)
MUL_MAT_VEC q4_0_rocmfp4_fast m=2048 n=4 k=2048: 16 x 19.112 us = 305.8 us (1755.2 GFLOPS/s)
MUL_MAT_VEC q4_0_rocmfp4_fast m=512 n=4 k=2048: 16 x 3.682 us = 58.92 us (2277.41 GFLOPS/s)
MUL_MAT_VEC q4_0_rocmfp4_fast m=6144 n=1 k=2048 batch=4: 22 x 84.209 us = 1852.6 us (1195.11 GFLOPS/s)
MUL_MAT_VEC q6_K m=128000 n=4 k=2048: 1 x 1073.68 us = 1073.68 us (1952.76 GFLOPS/s)
RMS_NORM_MUL RMS_NORM(2048,4,1,1): 61 x 4.733 us = 288.76 us
RMS_NORM_MUL_ROPE RMS_NORM(64,32,4,1): 8 x 8.52 us = 68.16 us
RMS_NORM_MUL_ROPE RMS_NORM(64,8,4,1): 8 x 3.58 us = 28.64 us
SET_ROWS: 16 x 2.49 us = 39.84 us
SSM_CONV: 22 x 4.581 us = 100.8 us
Total time: 10901.6 us.
----------------
Vulkan Timings:
ADD: 60 x 1.97 us = 118.24 us
CONCAT: 22 x 3.029 us = 66.64 us
CPY: 22 x 1.616 us = 35.56 us
FLASH_ATTN_EXT dst(64,32,1,4),  q(64,1,32,4),  k(64,256,8,4),  v(64,256,8,4),  m(256,1,1,4): 8 x 17.45 us = 139.6 us (480.723 GFLOPS/s)
GET_ROWS: 24 x 2.443 us = 58.64 us
GLU: 30 x 5.005 us = 150.16 us
MUL: 44 x 2.881 us = 126.8 us
MUL_MAT f32 m=64 n=128 k=64: 16 x 2.202 us = 35.24 us (472.365 GFLOPS/s)
MUL_MAT f32 m=64 n=32 k=64: 16 x 2.097 us = 33.56 us (124.003 GFLOPS/s)
MUL_MAT_VEC q4_0_rocmfp4_fast m=10752 n=4 k=2048: 60 x 67.698 us = 4061.92 us (2601.5 GFLOPS/s)
MUL_MAT_VEC q4_0_rocmfp4_fast m=2048 n=1 k=2048 batch=4: 22 x 33.107 us = 728.36 us (1013.26 GFLOPS/s)
MUL_MAT_VEC q4_0_rocmfp4_fast m=2048 n=4 k=10752: 30 x 67.581 us = 2027.44 us (2606.53 GFLOPS/s)
MUL_MAT_VEC q4_0_rocmfp4_fast m=2048 n=4 k=2048: 16 x 20.352 us = 325.64 us (1648.26 GFLOPS/s)
MUL_MAT_VEC q4_0_rocmfp4_fast m=512 n=4 k=2048: 16 x 3.925 us = 62.8 us (2136.7 GFLOPS/s)
MUL_MAT_VEC q4_0_rocmfp4_fast m=6144 n=1 k=2048 batch=4: 22 x 90.925 us = 2000.36 us (1106.83 GFLOPS/s)
MUL_MAT_VEC q6_K m=128000 n=4 k=2048: 1 x 1065.84 us = 1065.84 us (1967.12 GFLOPS/s)
RMS_NORM_MUL RMS_NORM(2048,4,1,1): 61 x 5.072 us = 309.4 us
RMS_NORM_MUL_ROPE RMS_NORM(64,32,4,1): 8 x 9.23 us = 73.84 us
RMS_NORM_MUL_ROPE RMS_NORM(64,8,4,1): 8 x 3.82 us = 30.56 us
SET_ROWS: 16 x 2.475 us = 39.6 us
SSM_CONV: 22 x 4.892 us = 107.64 us
Total time: 11597.8 us.
----------------
Vulkan Timings:
ADD: 60 x 1.991 us = 119.48 us
CONCAT: 22 x 2.64 us = 58.08 us
CPY: 22 x 2.685 us = 59.08 us
FLASH_ATTN_EXT dst(64,32,1,4),  q(64,1,32,4),  k(64,256,8,4),  v(64,256,8,4),  m(256,1,1,4): 8 x 17.62 us = 140.96 us (476.084 GFLOPS/s)
GET_ROWS: 24 x 2.456 us = 58.96 us
GLU: 30 x 5.033 us = 151 us
MUL: 44 x 2.749 us = 120.96 us
MUL_MAT f32 m=64 n=128 k=64: 16 x 2.245 us = 35.92 us (463.423 GFLOPS/s)
MUL_MAT f32 m=64 n=32 k=64: 16 x 2.097 us = 33.56 us (124.003 GFLOPS/s)
MUL_MAT_VEC q4_0_rocmfp4_fast m=10752 n=4 k=2048: 60 x 67.922 us = 4075.36 us (2592.92 GFLOPS/s)
MUL_MAT_VEC q4_0_rocmfp4_fast m=2048 n=1 k=2048 batch=4: 22 x 32.576 us = 716.68 us (1029.77 GFLOPS/s)
MUL_MAT_VEC q4_0_rocmfp4_fast m=2048 n=4 k=10752: 30 x 68.281 us = 2048.44 us (2579.81 GFLOPS/s)
MUL_MAT_VEC q4_0_rocmfp4_fast m=2048 n=4 k=2048: 16 x 20.445 us = 327.12 us (1640.8 GFLOPS/s)
MUL_MAT_VEC q4_0_rocmfp4_fast m=512 n=4 k=2048: 16 x 3.962 us = 63.4 us (2116.48 GFLOPS/s)
MUL_MAT_VEC q4_0_rocmfp4_fast m=6144 n=1 k=2048 batch=4: 22 x 91.025 us = 2002.56 us (1105.61 GFLOPS/s)
MUL_MAT_VEC q6_K m=128000 n=4 k=2048: 1 x 1066.6 us = 1066.6 us (1965.72 GFLOPS/s)
RMS_NORM_MUL RMS_NORM(2048,4,1,1): 61 x 4.926 us = 300.52 us
RMS_NORM_MUL_ROPE RMS_NORM(64,32,4,1): 8 x 9.225 us = 73.8 us
RMS_NORM_MUL_ROPE RMS_NORM(64,8,4,1): 8 x 3.855 us = 30.84 us
SET_ROWS: 16 x 2.36 us = 37.76 us
SSM_CONV: 22 x 4.92 us = 108.24 us
Total time: 11629.3 us.
----------------
Vulkan Timings:
ADD: 60 x 1.905 us = 114.32 us
CONCAT: 22 x 2.5 us = 55 us
CPY: 22 x 1.556 us = 34.24 us
FLASH_ATTN_EXT dst(64,32,1,4),  q(64,1,32,4),  k(64,256,8,4),  v(64,256,8,4),  m(256,1,1,4): 8 x 16.62 us = 132.96 us (504.73 GFLOPS/s)
GET_ROWS: 24 x 2.36 us = 56.64 us
GLU: 30 x 5.006 us = 150.2 us
MUL: 44 x 2.6 us = 114.44 us
MUL_MAT f32 m=64 n=128 k=64: 16 x 2.22 us = 35.52 us (468.641 GFLOPS/s)
MUL_MAT f32 m=64 n=32 k=64: 16 x 1.937 us = 31 us (134.243 GFLOPS/s)
MUL_MAT_VEC q4_0_rocmfp4_fast m=10752 n=4 k=2048: 60 x 64.794 us = 3887.64 us (2718.12 GFLOPS/s)
MUL_MAT_VEC q4_0_rocmfp4_fast m=2048 n=1 k=2048 batch=4: 22 x 32.367 us = 712.08 us (1036.42 GFLOPS/s)
MUL_MAT_VEC q4_0_rocmfp4_fast m=2048 n=4 k=10752: 30 x 65.661 us = 1969.84 us (2682.74 GFLOPS/s)
MUL_MAT_VEC q4_0_rocmfp4_fast m=2048 n=4 k=2048: 16 x 19.892 us = 318.28 us (1686.38 GFLOPS/s)
MUL_MAT_VEC q4_0_rocmfp4_fast m=512 n=4 k=2048: 16 x 3.825 us = 61.2 us (2192.56 GFLOPS/s)
MUL_MAT_VEC q4_0_rocmfp4_fast m=6144 n=1 k=2048 batch=4: 22 x 86.807 us = 1909.76 us (1159.34 GFLOPS/s)
MUL_MAT_VEC q6_K m=128000 n=4 k=2048: 1 x 1070.8 us = 1070.8 us (1958.01 GFLOPS/s)
RMS_NORM_MUL RMS_NORM(2048,4,1,1): 61 x 4.872 us = 297.24 us
RMS_NORM_MUL_ROPE RMS_NORM(64,32,4,1): 8 x 8.985 us = 71.88 us
RMS_NORM_MUL_ROPE RMS_NORM(64,8,4,1): 8 x 3.74 us = 29.92 us
SET_ROWS: 16 x 2.547 us = 40.76 us
SSM_CONV: 22 x 4.683 us = 103.04 us
Total time: 11196.8 us.
----------------
Vulkan Timings:
ADD: 60 x 1.803 us = 108.2 us
CONCAT: 22 x 2.338 us = 51.44 us
CPY: 22 x 1.567 us = 34.48 us
FLASH_ATTN_EXT dst(64,32,1,4),  q(64,1,32,4),  k(64,256,8,4),  v(64,256,8,4),  m(256,1,1,4): 8 x 15.275 us = 122.2 us (549.172 GFLOPS/s)
GET_ROWS: 24 x 2.285 us = 54.84 us
GLU: 30 x 4.56 us = 136.8 us
MUL: 44 x 2.483 us = 109.28 us
MUL_MAT f32 m=64 n=128 k=64: 16 x 2.095 us = 33.52 us (496.603 GFLOPS/s)
MUL_MAT f32 m=64 n=32 k=64: 16 x 2.09 us = 33.44 us (124.448 GFLOPS/s)
MUL_MAT_VEC q4_0_rocmfp4_fast m=10752 n=4 k=2048: 60 x 59.69 us = 3581.44 us (2950.51 GFLOPS/s)
MUL_MAT_VEC q4_0_rocmfp4_fast m=2048 n=1 k=2048 batch=4: 22 x 30.625 us = 673.76 us (1095.37 GFLOPS/s)
MUL_MAT_VEC q4_0_rocmfp4_fast m=2048 n=4 k=10752: 30 x 60.762 us = 1822.88 us (2899.03 GFLOPS/s)
MUL_MAT_VEC q4_0_rocmfp4_fast m=2048 n=4 k=2048: 16 x 18.425 us = 294.8 us (1820.69 GFLOPS/s)
MUL_MAT_VEC q4_0_rocmfp4_fast m=512 n=4 k=2048: 16 x 3.565 us = 57.04 us (2352.47 GFLOPS/s)
MUL_MAT_VEC q4_0_rocmfp4_fast m=6144 n=1 k=2048 batch=4: 22 x 80.73 us = 1776.08 us (1246.59 GFLOPS/s)
MUL_MAT_VEC q6_K m=128000 n=4 k=2048: 1 x 1067.56 us = 1067.56 us (1963.96 GFLOPS/s)
RMS_NORM_MUL RMS_NORM(2048,4,1,1): 61 x 4.346 us = 265.12 us
RMS_NORM_MUL_ROPE RMS_NORM(64,32,4,1): 8 x 8.28 us = 66.24 us
RMS_NORM_MUL_ROPE RMS_NORM(64,8,4,1): 8 x 3.405 us = 27.24 us
SET_ROWS: 16 x 2.037 us = 32.6 us
SSM_CONV: 22 x 4.332 us = 95.32 us
Total time: 10444.3 us.
----------------
Vulkan Timings:
ADD: 60 x 1.873 us = 112.4 us
CONCAT: 22 x 2.312 us = 50.88 us
CPY: 22 x 1.685 us = 37.08 us
FLASH_ATTN_EXT dst(64,32,1,4),  q(64,1,32,4),  k(64,256,8,4),  v(64,256,8,4),  m(256,1,1,4): 8 x 15.035 us = 120.28 us (557.939 GFLOPS/s)
GET_ROWS: 24 x 2.24 us = 53.76 us
GLU: 30 x 4.553 us = 136.6 us
MUL: 44 x 2.453 us = 107.96 us
MUL_MAT f32 m=64 n=128 k=64: 16 x 2.082 us = 33.32 us (499.584 GFLOPS/s)
MUL_MAT f32 m=64 n=32 k=64: 16 x 2.11 us = 33.76 us (123.268 GFLOPS/s)
MUL_MAT_VEC q4_0_rocmfp4_fast m=10752 n=4 k=2048: 60 x 59.818 us = 3589.12 us (2944.19 GFLOPS/s)
MUL_MAT_VEC q4_0_rocmfp4_fast m=2048 n=1 k=2048 batch=4: 22 x 29.729 us = 654.04 us (1128.4 GFLOPS/s)
MUL_MAT_VEC q4_0_rocmfp4_fast m=2048 n=4 k=10752: 30 x 63.096 us = 1892.88 us (2791.82 GFLOPS/s)
MUL_MAT_VEC q4_0_rocmfp4_fast m=2048 n=4 k=2048: 16 x 18.917 us = 302.68 us (1773.29 GFLOPS/s)
MUL_MAT_VEC q4_0_rocmfp4_fast m=512 n=4 k=2048: 16 x 3.55 us = 56.8 us (2362.41 GFLOPS/s)
MUL_MAT_VEC q4_0_rocmfp4_fast m=6144 n=1 k=2048 batch=4: 22 x 81.503 us = 1793.08 us (1234.78 GFLOPS/s)
MUL_MAT_VEC q6_K m=128000 n=4 k=2048: 1 x 1065.48 us = 1065.48 us (1967.79 GFLOPS/s)
RMS_NORM_MUL RMS_NORM(2048,4,1,1): 61 x 4.444 us = 271.12 us
RMS_NORM_MUL_ROPE RMS_NORM(64,32,4,1): 8 x 8.375 us = 67 us
RMS_NORM_MUL_ROPE RMS_NORM(64,8,4,1): 8 x 3.405 us = 27.24 us
SET_ROWS: 16 x 2.192 us = 35.08 us
SSM_CONV: 22 x 5.232 us = 115.12 us
Total time: 10555.7 us.
----------------
Vulkan Timings:
ADD: 60 x 1.987 us = 119.24 us
CONCAT: 22 x 2.334 us = 51.36 us
CPY: 22 x 1.609 us = 35.4 us
FLASH_ATTN_EXT dst(64,32,1,4),  q(64,1,32,4),  k(64,256,8,4),  v(64,256,8,4),  m(256,1,1,4): 8 x 15.19 us = 121.52 us (552.245 GFLOPS/s)
GET_ROWS: 24 x 2.23 us = 53.52 us
GLU: 30 x 4.52 us = 135.6 us
MUL: 44 x 2.455 us = 108.04 us
MUL_MAT f32 m=64 n=128 k=64: 16 x 2.117 us = 33.88 us (491.327 GFLOPS/s)
MUL_MAT f32 m=64 n=32 k=64: 16 x 2.1 us = 33.6 us (123.855 GFLOPS/s)
MUL_MAT_VEC q4_0_rocmfp4_fast m=10752 n=4 k=2048: 60 x 60.465 us = 3627.92 us (2912.71 GFLOPS/s)
MUL_MAT_VEC q4_0_rocmfp4_fast m=2048 n=1 k=2048 batch=4: 22 x 29.22 us = 642.84 us (1148.06 GFLOPS/s)
MUL_MAT_VEC q4_0_rocmfp4_fast m=2048 n=4 k=10752: 30 x 61.052 us = 1831.56 us (2885.29 GFLOPS/s)
MUL_MAT_VEC q4_0_rocmfp4_fast m=2048 n=4 k=2048: 16 x 18.392 us = 294.28 us (1823.91 GFLOPS/s)
MUL_MAT_VEC q4_0_rocmfp4_fast m=512 n=4 k=2048: 16 x 3.55 us = 56.8 us (2362.41 GFLOPS/s)
MUL_MAT_VEC q4_0_rocmfp4_fast m=6144 n=1 k=2048 batch=4: 22 x 79.16 us = 1741.52 us (1271.33 GFLOPS/s)
MUL_MAT_VEC q6_K m=128000 n=4 k=2048: 1 x 1073.6 us = 1073.6 us (1952.91 GFLOPS/s)
RMS_NORM_MUL RMS_NORM(2048,4,1,1): 61 x 4.507 us = 274.96 us
RMS_NORM_MUL_ROPE RMS_NORM(64,32,4,1): 8 x 8.33 us = 66.64 us
RMS_NORM_MUL_ROPE RMS_NORM(64,8,4,1): 8 x 3.41 us = 27.28 us
SET_ROWS: 16 x 2.032 us = 32.52 us
SSM_CONV: 22 x 4.27 us = 93.96 us
Total time: 10456 us.
----------------
Vulkan Timings:
ADD: 60 x 1.786 us = 107.2 us
CONCAT: 22 x 2.612 us = 57.48 us
CPY: 22 x 1.552 us = 34.16 us
FLASH_ATTN_EXT dst(64,32,1,4),  q(64,1,32,4),  k(64,256,8,4),  v(64,256,8,4),  m(256,1,1,4): 8 x 15.425 us = 123.4 us (543.832 GFLOPS/s)
GET_ROWS: 24 x 2.258 us = 54.2 us
GLU: 30 x 4.576 us = 137.28 us
MUL: 44 x 2.576 us = 113.36 us
MUL_MAT f32 m=64 n=128 k=64: 16 x 2.127 us = 34.04 us (489.017 GFLOPS/s)
MUL_MAT f32 m=64 n=32 k=64: 16 x 2.127 us = 34.04 us (122.254 GFLOPS/s)
MUL_MAT_VEC q4_0_rocmfp4_fast m=10752 n=4 k=2048: 60 x 60.466 us = 3627.96 us (2912.67 GFLOPS/s)
MUL_MAT_VEC q4_0_rocmfp4_fast m=2048 n=1 k=2048 batch=4: 22 x 29.623 us = 651.72 us (1132.41 GFLOPS/s)
MUL_MAT_VEC q4_0_rocmfp4_fast m=2048 n=4 k=10752: 30 x 61.565 us = 1846.96 us (2861.23 GFLOPS/s)
MUL_MAT_VEC q4_0_rocmfp4_fast m=2048 n=4 k=2048: 16 x 18.512 us = 296.2 us (1812.09 GFLOPS/s)
MUL_MAT_VEC q4_0_rocmfp4_fast m=512 n=4 k=2048: 16 x 3.58 us = 57.28 us (2342.61 GFLOPS/s)
MUL_MAT_VEC q4_0_rocmfp4_fast m=6144 n=1 k=2048 batch=4: 22 x 80.934 us = 1780.56 us (1243.46 GFLOPS/s)
MUL_MAT_VEC q6_K m=128000 n=4 k=2048: 1 x 1082.08 us = 1082.08 us (1937.6 GFLOPS/s)
RMS_NORM_MUL RMS_NORM(2048,4,1,1): 61 x 4.368 us = 266.48 us
RMS_NORM_MUL_ROPE RMS_NORM(64,32,4,1): 8 x 8.335 us = 66.68 us
RMS_NORM_MUL_ROPE RMS_NORM(64,8,4,1): 8 x 3.46 us = 27.68 us
SET_ROWS: 16 x 2.067 us = 33.08 us
SSM_CONV: 22 x 4.325 us = 95.16 us
Total time: 10527 us.
----------------
Vulkan Timings:
ADD: 60 x 1.776 us = 106.56 us
CONCAT: 22 x 2.321 us = 51.08 us
CPY: 22 x 1.641 us = 36.12 us
FLASH_ATTN_EXT dst(64,32,1,4),  q(64,1,32,4),  k(64,256,8,4),  v(64,256,8,4),  m(256,1,1,4): 8 x 14.93 us = 119.44 us (561.863 GFLOPS/s)
GET_ROWS: 24 x 2.228 us = 53.48 us
GLU: 30 x 4.558 us = 136.76 us
MUL: 44 x 2.453 us = 107.96 us
MUL_MAT f32 m=64 n=128 k=64: 16 x 2.082 us = 33.32 us (499.584 GFLOPS/s)
MUL_MAT f32 m=64 n=32 k=64: 16 x 2.11 us = 33.76 us (123.268 GFLOPS/s)
MUL_MAT_VEC q4_0_rocmfp4_fast m=10752 n=4 k=2048: 60 x 60.088 us = 3605.32 us (2930.96 GFLOPS/s)
MUL_MAT_VEC q4_0_rocmfp4_fast m=2048 n=1 k=2048 batch=4: 22 x 29.152 us = 641.36 us (1150.71 GFLOPS/s)
MUL_MAT_VEC q4_0_rocmfp4_fast m=2048 n=4 k=10752: 30 x 61.086 us = 1832.6 us (2883.65 GFLOPS/s)
MUL_MAT_VEC q4_0_rocmfp4_fast m=2048 n=4 k=2048: 16 x 18.475 us = 295.6 us (1815.76 GFLOPS/s)
MUL_MAT_VEC q4_0_rocmfp4_fast m=512 n=4 k=2048: 16 x 3.557 us = 56.92 us (2357.43 GFLOPS/s)
MUL_MAT_VEC q4_0_rocmfp4_fast m=6144 n=1 k=2048 batch=4: 22 x 79.889 us = 1757.56 us (1259.73 GFLOPS/s)
MUL_MAT_VEC q6_K m=128000 n=4 k=2048: 1 x 1055.8 us = 1055.8 us (1985.83 GFLOPS/s)
RMS_NORM_MUL RMS_NORM(2048,4,1,1): 61 x 4.336 us = 264.52 us
RMS_NORM_MUL_ROPE RMS_NORM(64,32,4,1): 8 x 8.205 us = 65.64 us
RMS_NORM_MUL_ROPE RMS_NORM(64,8,4,1): 8 x 3.385 us = 27.08 us
SET_ROWS: 16 x 2.16 us = 34.56 us
SSM_CONV: 22 x 5.389 us = 118.56 us
Total time: 10434 us.
----------------
Vulkan Timings:
ADD: 60 x 1.784 us = 107.04 us
CONCAT: 22 x 2.35 us = 51.72 us
CPY: 22 x 1.572 us = 34.6 us
FLASH_ATTN_EXT dst(64,32,1,4),  q(64,1,32,4),  k(64,256,8,4),  v(64,256,8,4),  m(256,1,1,4): 8 x 14.935 us = 119.48 us (561.674 GFLOPS/s)
GET_ROWS: 24 x 2.26 us = 54.24 us
GLU: 30 x 4.529 us = 135.88 us
MUL: 44 x 2.458 us = 108.16 us
MUL_MAT f32 m=64 n=128 k=64: 16 x 2.097 us = 33.56 us (496.011 GFLOPS/s)
MUL_MAT f32 m=64 n=32 k=64: 16 x 2.107 us = 33.72 us (123.414 GFLOPS/s)
MUL_MAT_VEC q4_0_rocmfp4_fast m=10752 n=4 k=2048: 60 x 60.51 us = 3630.64 us (2910.52 GFLOPS/s)
MUL_MAT_VEC q4_0_rocmfp4_fast m=2048 n=1 k=2048 batch=4: 22 x 29.669 us = 652.72 us (1130.68 GFLOPS/s)
MUL_MAT_VEC q4_0_rocmfp4_fast m=2048 n=4 k=10752: 30 x 61.694 us = 1850.84 us (2855.23 GFLOPS/s)
MUL_MAT_VEC q4_0_rocmfp4_fast m=2048 n=4 k=2048: 16 x 18.487 us = 295.8 us (1814.54 GFLOPS/s)
MUL_MAT_VEC q4_0_rocmfp4_fast m=512 n=4 k=2048: 16 x 3.547 us = 56.76 us (2364.08 GFLOPS/s)
MUL_MAT_VEC q4_0_rocmfp4_fast m=6144 n=1 k=2048 batch=4: 22 x 80.334 us = 1767.36 us (1252.75 GFLOPS/s)
MUL_MAT_VEC q6_K m=128000 n=4 k=2048: 1 x 1095.8 us = 1095.8 us (1913.34 GFLOPS/s)
RMS_NORM_MUL RMS_NORM(2048,4,1,1): 61 x 4.499 us = 274.44 us
RMS_NORM_MUL_ROPE RMS_NORM(64,32,4,1): 8 x 8.215 us = 65.72 us
RMS_NORM_MUL_ROPE RMS_NORM(64,8,4,1): 8 x 3.43 us = 27.44 us
SET_ROWS: 16 x 2.205 us = 35.28 us
SSM_CONV: 22 x 4.283 us = 94.24 us
Total time: 10525.4 us.
----------------
Vulkan Timings:
ADD: 60 x 2.322 us = 139.36 us
CONCAT: 22 x 3.154 us = 69.4 us
CPY: 22 x 1.769 us = 38.92 us
FLASH_ATTN_EXT dst(64,32,1,4),  q(64,1,32,4),  k(64,256,8,4),  v(64,256,8,4),  m(256,1,1,4): 8 x 19.785 us = 158.28 us (423.988 GFLOPS/s)
GET_ROWS: 24 x 2.83 us = 67.92 us
GLU: 30 x 5.502 us = 165.08 us
MUL: 44 x 3.242 us = 142.68 us
MUL_MAT f32 m=64 n=128 k=64: 16 x 2.52 us = 40.32 us (412.851 GFLOPS/s)
MUL_MAT f32 m=64 n=32 k=64: 16 x 2.46 us = 39.36 us (105.73 GFLOPS/s)
MUL_MAT_VEC q4_0_rocmfp4_fast m=10752 n=4 k=2048: 60 x 82.53 us = 4951.8 us (2133.98 GFLOPS/s)
MUL_MAT_VEC q4_0_rocmfp4_fast m=2048 n=1 k=2048 batch=4: 22 x 39.127 us = 860.8 us (857.362 GFLOPS/s)
MUL_MAT_VEC q4_0_rocmfp4_fast m=2048 n=4 k=10752: 30 x 80.266 us = 2408 us (2194.59 GFLOPS/s)
MUL_MAT_VEC q4_0_rocmfp4_fast m=2048 n=4 k=2048: 16 x 22.79 us = 364.64 us (1471.97 GFLOPS/s)
MUL_MAT_VEC q4_0_rocmfp4_fast m=512 n=4 k=2048: 16 x 5.437 us = 87 us (1542.36 GFLOPS/s)
MUL_MAT_VEC q4_0_rocmfp4_fast m=6144 n=1 k=2048 batch=4: 22 x 104.609 us = 2301.4 us (962.046 GFLOPS/s)
MUL_MAT_VEC q6_K m=128000 n=4 k=2048: 1 x 1130.6 us = 1130.6 us (1854.45 GFLOPS/s)
RMS_NORM_MUL RMS_NORM(2048,4,1,1): 61 x 5.92 us = 361.16 us
RMS_NORM_MUL_ROPE RMS_NORM(64,32,4,1): 8 x 10.495 us = 83.96 us
RMS_NORM_MUL_ROPE RMS_NORM(64,8,4,1): 8 x 4.505 us = 36.04 us
SET_ROWS: 16 x 2.855 us = 45.68 us
SSM_CONV: 22 x 5.818 us = 128 us
Total time: 13620.4 us.
----------------
Vulkan Timings:
ADD: 60 x 1.968 us = 118.08 us
CONCAT: 22 x 2.632 us = 57.92 us
CPY: 22 x 1.605 us = 35.32 us
FLASH_ATTN_EXT dst(64,32,1,4),  q(64,1,32,4),  k(64,256,8,4),  v(64,256,8,4),  m(256,1,1,4): 8 x 18.095 us = 144.76 us (463.587 GFLOPS/s)
GET_ROWS: 24 x 2.435 us = 58.44 us
GLU: 30 x 5.169 us = 155.08 us
MUL: 44 x 2.715 us = 119.48 us
MUL_MAT f32 m=64 n=128 k=64: 16 x 2.225 us = 35.6 us (467.588 GFLOPS/s)
MUL_MAT f32 m=64 n=32 k=64: 16 x 2.465 us = 39.44 us (105.516 GFLOPS/s)
MUL_MAT_VEC q4_0_rocmfp4_fast m=10752 n=4 k=2048: 60 x 67.91 us = 4074.64 us (2593.37 GFLOPS/s)
MUL_MAT_VEC q4_0_rocmfp4_fast m=2048 n=1 k=2048 batch=4: 22 x 32.547 us = 716.04 us (1030.69 GFLOPS/s)
MUL_MAT_VEC q4_0_rocmfp4_fast m=2048 n=4 k=10752: 30 x 66.582 us = 1997.48 us (2645.62 GFLOPS/s)
MUL_MAT_VEC q4_0_rocmfp4_fast m=2048 n=4 k=2048: 16 x 20.59 us = 329.44 us (1629.25 GFLOPS/s)
MUL_MAT_VEC q4_0_rocmfp4_fast m=512 n=4 k=2048: 16 x 3.972 us = 63.56 us (2111.15 GFLOPS/s)
MUL_MAT_VEC q4_0_rocmfp4_fast m=6144 n=1 k=2048 batch=4: 22 x 90.383 us = 1988.44 us (1113.46 GFLOPS/s)
MUL_MAT_VEC q6_K m=128000 n=4 k=2048: 1 x 1096.8 us = 1096.8 us (1911.6 GFLOPS/s)
RMS_NORM_MUL RMS_NORM(2048,4,1,1): 61 x 4.933 us = 300.96 us
RMS_NORM_MUL_ROPE RMS_NORM(64,32,4,1): 8 x 9.095 us = 72.76 us
RMS_NORM_MUL_ROPE RMS_NORM(64,8,4,1): 8 x 5.795 us = 46.36 us
SET_ROWS: 16 x 2.385 us = 38.16 us
SSM_CONV: 22 x 4.916 us = 108.16 us
Total time: 11596.9 us.
----------------
Vulkan Timings:
ADD: 60 x 2.314 us = 138.88 us
CONCAT: 22 x 3.981 us = 87.6 us
CPY: 22 x 2.878 us = 63.32 us
FLASH_ATTN_EXT dst(64,32,1,4),  q(64,1,32,4),  k(64,256,8,4),  v(64,256,8,4),  m(256,1,1,4): 8 x 20.25 us = 162 us (414.252 GFLOPS/s)
GET_ROWS: 24 x 2.805 us = 67.32 us
GLU: 30 x 5.97 us = 179.12 us
MUL: 44 x 3.364 us = 148.04 us
MUL_MAT f32 m=64 n=128 k=64: 16 x 2.527 us = 40.44 us (411.626 GFLOPS/s)
MUL_MAT f32 m=64 n=32 k=64: 16 x 2.5 us = 40 us (104.038 GFLOPS/s)
MUL_MAT_VEC q4_0_rocmfp4_fast m=10752 n=4 k=2048: 60 x 81.593 us = 4895.6 us (2158.48 GFLOPS/s)
MUL_MAT_VEC q4_0_rocmfp4_fast m=2048 n=1 k=2048 batch=4: 22 x 38.476 us = 846.48 us (871.866 GFLOPS/s)
MUL_MAT_VEC q4_0_rocmfp4_fast m=2048 n=4 k=10752: 30 x 79.942 us = 2398.28 us (2203.49 GFLOPS/s)
MUL_MAT_VEC q4_0_rocmfp4_fast m=2048 n=4 k=2048: 16 x 21.972 us = 351.56 us (1526.74 GFLOPS/s)
MUL_MAT_VEC q4_0_rocmfp4_fast m=512 n=4 k=2048: 16 x 6.26 us = 100.16 us (1339.71 GFLOPS/s)
MUL_MAT_VEC q4_0_rocmfp4_fast m=6144 n=1 k=2048 batch=4: 22 x 105.93 us = 2330.48 us (950.041 GFLOPS/s)
MUL_MAT_VEC q6_K m=128000 n=4 k=2048: 1 x 1070.76 us = 1070.76 us (1958.09 GFLOPS/s)
RMS_NORM_MUL RMS_NORM(2048,4,1,1): 61 x 5.768 us = 351.88 us
RMS_NORM_MUL_ROPE RMS_NORM(64,32,4,1): 8 x 10.865 us = 86.92 us
RMS_NORM_MUL_ROPE RMS_NORM(64,8,4,1): 8 x 4.495 us = 35.96 us
SET_ROWS: 16 x 2.682 us = 42.92 us
SSM_CONV: 22 x 5.78 us = 127.16 us
Total time: 13564.9 us.
----------------
Vulkan Timings:
ADD: 60 x 2.095 us = 125.72 us
CONCAT: 22 x 2.696 us = 59.32 us
CPY: 22 x 1.625 us = 35.76 us
FLASH_ATTN_EXT dst(64,32,1,4),  q(64,1,32,4),  k(64,256,8,4),  v(64,256,8,4),  m(256,1,1,4): 8 x 17.82 us = 142.56 us (470.741 GFLOPS/s)
GET_ROWS: 24 x 2.523 us = 60.56 us
GLU: 30 x 5.181 us = 155.44 us
MUL: 44 x 3.144 us = 138.36 us
MUL_MAT f32 m=64 n=128 k=64: 16 x 2.237 us = 35.8 us (464.976 GFLOPS/s)
MUL_MAT f32 m=64 n=32 k=64: 16 x 2.31 us = 36.96 us (112.596 GFLOPS/s)
MUL_MAT_VEC q4_0_rocmfp4_fast m=10752 n=4 k=2048: 60 x 69.024 us = 4141.48 us (2551.52 GFLOPS/s)
MUL_MAT_VEC q4_0_rocmfp4_fast m=2048 n=1 k=2048 batch=4: 22 x 33.196 us = 730.32 us (1010.54 GFLOPS/s)
MUL_MAT_VEC q4_0_rocmfp4_fast m=2048 n=4 k=10752: 30 x 68.256 us = 2047.68 us (2580.76 GFLOPS/s)
MUL_MAT_VEC q4_0_rocmfp4_fast m=2048 n=4 k=2048: 16 x 20.72 us = 331.52 us (1619.03 GFLOPS/s)
MUL_MAT_VEC q4_0_rocmfp4_fast m=512 n=4 k=2048: 16 x 4.06 us = 64.96 us (2065.66 GFLOPS/s)
MUL_MAT_VEC q4_0_rocmfp4_fast m=6144 n=1 k=2048 batch=4: 22 x 91.987 us = 2023.72 us (1094.05 GFLOPS/s)
MUL_MAT_VEC q6_K m=128000 n=4 k=2048: 1 x 1065.64 us = 1065.64 us (1967.49 GFLOPS/s)
RMS_NORM_MUL RMS_NORM(2048,4,1,1): 61 x 5.019 us = 306.2 us
RMS_NORM_MUL_ROPE RMS_NORM(64,32,4,1): 8 x 9.415 us = 75.32 us
RMS_NORM_MUL_ROPE RMS_NORM(64,8,4,1): 8 x 3.9 us = 31.2 us
SET_ROWS: 16 x 2.185 us = 34.96 us
SSM_CONV: 22 x 5.676 us = 124.88 us
Total time: 11768.4 us.
----------------
Vulkan Timings:
ADD: 60 x 2.49 us = 149.4 us
CONCAT: 22 x 3.02 us = 66.44 us
CPY: 22 x 2.73 us = 60.08 us
FLASH_ATTN_EXT dst(64,32,1,4),  q(64,1,32,4),  k(64,256,8,4),  v(64,256,8,4),  m(256,1,1,4): 8 x 20.67 us = 165.36 us (405.835 GFLOPS/s)
GET_ROWS: 24 x 2.855 us = 68.52 us
GLU: 30 x 5.409 us = 162.28 us
MUL: 44 x 3.481 us = 153.2 us
MUL_MAT f32 m=64 n=128 k=64: 16 x 2.5 us = 40 us (416.154 GFLOPS/s)
MUL_MAT f32 m=64 n=32 k=64: 16 x 2.475 us = 39.6 us (105.089 GFLOPS/s)
MUL_MAT_VEC q4_0_rocmfp4_fast m=10752 n=4 k=2048: 60 x 82.459 us = 4947.56 us (2135.81 GFLOPS/s)
MUL_MAT_VEC q4_0_rocmfp4_fast m=2048 n=1 k=2048 batch=4: 22 x 39.207 us = 862.56 us (855.613 GFLOPS/s)
MUL_MAT_VEC q4_0_rocmfp4_fast m=2048 n=4 k=10752: 30 x 81.75 us = 2452.52 us (2154.75 GFLOPS/s)
MUL_MAT_VEC q4_0_rocmfp4_fast m=2048 n=4 k=2048: 16 x 22.122 us = 353.96 us (1516.39 GFLOPS/s)
MUL_MAT_VEC q4_0_rocmfp4_fast m=512 n=4 k=2048: 16 x 6.312 us = 101 us (1328.56 GFLOPS/s)
MUL_MAT_VEC q4_0_rocmfp4_fast m=6144 n=1 k=2048 batch=4: 22 x 105.221 us = 2314.88 us (956.443 GFLOPS/s)
MUL_MAT_VEC q6_K m=128000 n=4 k=2048: 1 x 1072.56 us = 1072.56 us (1954.8 GFLOPS/s)
RMS_NORM_MUL RMS_NORM(2048,4,1,1): 61 x 6.34 us = 386.76 us
RMS_NORM_MUL_ROPE RMS_NORM(64,32,4,1): 8 x 10.5 us = 84 us
RMS_NORM_MUL_ROPE RMS_NORM(64,8,4,1): 8 x 4.51 us = 36.08 us
SET_ROWS: 16 x 2.63 us = 42.08 us
SSM_CONV: 22 x 7.025 us = 154.56 us
Total time: 13713.4 us.
----------------
Vulkan Timings:
ADD: 60 x 2.35 us = 141 us
CONCAT: 22 x 3.149 us = 69.28 us
CPY: 22 x 1.767 us = 38.88 us
FLASH_ATTN_EXT dst(64,32,1,4),  q(64,1,32,4),  k(64,256,8,4),  v(64,256,8,4),  m(256,1,1,4): 8 x 22.475 us = 179.8 us (373.242 GFLOPS/s)
GET_ROWS: 24 x 3.363 us = 80.72 us
GLU: 30 x 5.558 us = 166.76 us
MUL: 44 x 3.242 us = 142.68 us
MUL_MAT f32 m=64 n=128 k=64: 16 x 2.51 us = 40.16 us (414.496 GFLOPS/s)
MUL_MAT f32 m=64 n=32 k=64: 16 x 2.545 us = 40.72 us (102.199 GFLOPS/s)
MUL_MAT_VEC q4_0_rocmfp4_fast m=10752 n=4 k=2048: 60 x 82.402 us = 4944.12 us (2137.3 GFLOPS/s)
MUL_MAT_VEC q4_0_rocmfp4_fast m=2048 n=1 k=2048 batch=4: 22 x 38.436 us = 845.6 us (872.774 GFLOPS/s)
MUL_MAT_VEC q4_0_rocmfp4_fast m=2048 n=4 k=10752: 30 x 80.813 us = 2424.4 us (2179.75 GFLOPS/s)
MUL_MAT_VEC q4_0_rocmfp4_fast m=2048 n=4 k=2048: 16 x 22.94 us = 367.04 us (1462.35 GFLOPS/s)
MUL_MAT_VEC q4_0_rocmfp4_fast m=512 n=4 k=2048: 16 x 7.46 us = 119.36 us (1124.2 GFLOPS/s)
MUL_MAT_VEC q4_0_rocmfp4_fast m=6144 n=1 k=2048 batch=4: 22 x 106.423 us = 2341.32 us (945.643 GFLOPS/s)
MUL_MAT_VEC q6_K m=128000 n=4 k=2048: 1 x 1078.64 us = 1078.64 us (1943.78 GFLOPS/s)
RMS_NORM_MUL RMS_NORM(2048,4,1,1): 61 x 5.97 us = 364.2 us
RMS_NORM_MUL_ROPE RMS_NORM(64,32,4,1): 8 x 10.715 us = 85.72 us
RMS_NORM_MUL_ROPE RMS_NORM(64,8,4,1): 8 x 4.555 us = 36.44 us
SET_ROWS: 16 x 2.76 us = 44.16 us
SSM_CONV: 22 x 5.825 us = 128.16 us
Total time: 13679.2 us.
----------------
Vulkan Timings:
ADD: 60 x 2.657 us = 159.44 us
CONCAT: 22 x 3.607 us = 79.36 us
CPY: 22 x 2.416 us = 53.16 us
FLASH_ATTN_EXT dst(64,32,1,4),  q(64,1,32,4),  k(64,256,8,4),  v(64,256,8,4),  m(256,1,1,4): 8 x 22.81 us = 182.48 us (367.76 GFLOPS/s)
GET_ROWS: 24 x 3.365 us = 80.76 us
GLU: 30 x 5.772 us = 173.16 us
MUL: 44 x 3.643 us = 160.32 us
MUL_MAT f32 m=64 n=128 k=64: 16 x 3.01 us = 48.16 us (345.643 GFLOPS/s)
MUL_MAT f32 m=64 n=32 k=64: 16 x 2.845 us = 45.52 us (91.4221 GFLOPS/s)
MUL_MAT_VEC q4_0_rocmfp4_fast m=10752 n=4 k=2048: 60 x 96.428 us = 5785.72 us (1826.4 GFLOPS/s)
MUL_MAT_VEC q4_0_rocmfp4_fast m=2048 n=1 k=2048 batch=4: 22 x 45.08 us = 991.76 us (744.149 GFLOPS/s)
MUL_MAT_VEC q4_0_rocmfp4_fast m=2048 n=4 k=10752: 30 x 94.186 us = 2825.6 us (1870.25 GFLOPS/s)
MUL_MAT_VEC q4_0_rocmfp4_fast m=2048 n=4 k=2048: 16 x 26.335 us = 421.36 us (1273.83 GFLOPS/s)
MUL_MAT_VEC q4_0_rocmfp4_fast m=512 n=4 k=2048: 16 x 7.812 us = 125 us (1073.48 GFLOPS/s)
MUL_MAT_VEC q4_0_rocmfp4_fast m=6144 n=1 k=2048 batch=4: 22 x 121.92 us = 2682.24 us (825.449 GFLOPS/s)
MUL_MAT_VEC q6_K m=128000 n=4 k=2048: 1 x 1067.6 us = 1067.6 us (1963.88 GFLOPS/s)
RMS_NORM_MUL RMS_NORM(2048,4,1,1): 61 x 7.001 us = 427.08 us
RMS_NORM_MUL_ROPE RMS_NORM(64,32,4,1): 8 x 12.255 us = 98.04 us
RMS_NORM_MUL_ROPE RMS_NORM(64,8,4,1): 8 x 4.975 us = 39.8 us
SET_ROWS: 16 x 3.72 us = 59.52 us
SSM_CONV: 22 x 6.587 us = 144.92 us
Total time: 15651 us.
----------------
Vulkan Timings:
ADD: 60 x 1.864 us = 111.88 us
CONCAT: 22 x 2.789 us = 61.36 us
CPY: 22 x 1.589 us = 34.96 us
FLASH_ATTN_EXT dst(64,32,1,4),  q(64,1,32,4),  k(64,256,8,4),  v(64,256,8,4),  m(256,1,1,4): 8 x 15.8 us = 126.4 us (530.925 GFLOPS/s)
GET_ROWS: 24 x 2.303 us = 55.28 us
GLU: 30 x 4.793 us = 143.8 us
MUL: 44 x 2.685 us = 118.16 us
MUL_MAT f32 m=64 n=128 k=64: 16 x 2.162 us = 34.6 us (481.102 GFLOPS/s)
MUL_MAT f32 m=64 n=32 k=64: 16 x 2.04 us = 32.64 us (127.498 GFLOPS/s)
MUL_MAT_VEC q4_0_rocmfp4_fast m=10752 n=4 k=2048: 60 x 61.61 us = 3696.64 us (2858.56 GFLOPS/s)
MUL_MAT_VEC q4_0_rocmfp4_fast m=2048 n=1 k=2048 batch=4: 22 x 29.887 us = 657.52 us (1122.43 GFLOPS/s)
MUL_MAT_VEC q4_0_rocmfp4_fast m=2048 n=4 k=10752: 30 x 61.706 us = 1851.2 us (2854.68 GFLOPS/s)
MUL_MAT_VEC q4_0_rocmfp4_fast m=2048 n=4 k=2048: 16 x 19.105 us = 305.68 us (1755.89 GFLOPS/s)
MUL_MAT_VEC q4_0_rocmfp4_fast m=512 n=4 k=2048: 16 x 3.7 us = 59.2 us (2266.64 GFLOPS/s)
MUL_MAT_VEC q4_0_rocmfp4_fast m=6144 n=1 k=2048 batch=4: 22 x 83.025 us = 1826.56 us (1212.14 GFLOPS/s)
MUL_MAT_VEC q6_K m=128000 n=4 k=2048: 1 x 1059.36 us = 1059.36 us (1979.16 GFLOPS/s)
RMS_NORM_MUL RMS_NORM(2048,4,1,1): 61 x 4.561 us = 278.28 us
RMS_NORM_MUL_ROPE RMS_NORM(64,32,4,1): 8 x 8.63 us = 69.04 us
RMS_NORM_MUL_ROPE RMS_NORM(64,8,4,1): 8 x 3.555 us = 28.44 us
SET_ROWS: 16 x 2.352 us = 37.64 us
SSM_CONV: 22 x 4.489 us = 98.76 us
Total time: 10687.4 us.
----------------
Vulkan Timings:
ADD: 60 x 2.635 us = 158.12 us
CONCAT: 22 x 3.7 us = 81.4 us
CPY: 22 x 2.305 us = 50.72 us
FLASH_ATTN_EXT dst(64,32,1,4),  q(64,1,32,4),  k(64,256,8,4),  v(64,256,8,4),  m(256,1,1,4): 8 x 22.06 us = 176.48 us (380.263 GFLOPS/s)
GET_ROWS: 24 x 3.098 us = 74.36 us
GLU: 30 x 5.545 us = 166.36 us
MUL: 44 x 4.338 us = 190.88 us
MUL_MAT f32 m=64 n=128 k=64: 16 x 2.845 us = 45.52 us (365.689 GFLOPS/s)
MUL_MAT f32 m=64 n=32 k=64: 16 x 2.55 us = 40.8 us (101.998 GFLOPS/s)
MUL_MAT_VEC q4_0_rocmfp4_fast m=10752 n=4 k=2048: 60 x 95.673 us = 5740.4 us (1840.82 GFLOPS/s)
MUL_MAT_VEC q4_0_rocmfp4_fast m=2048 n=1 k=2048 batch=4: 22 x 45.901 us = 1009.84 us (730.826 GFLOPS/s)
MUL_MAT_VEC q4_0_rocmfp4_fast m=2048 n=4 k=10752: 30 x 94.405 us = 2832.16 us (1865.92 GFLOPS/s)
MUL_MAT_VEC q4_0_rocmfp4_fast m=2048 n=4 k=2048: 16 x 25.13 us = 402.08 us (1334.91 GFLOPS/s)
MUL_MAT_VEC q4_0_rocmfp4_fast m=512 n=4 k=2048: 16 x 7.092 us = 113.48 us (1182.45 GFLOPS/s)
MUL_MAT_VEC q4_0_rocmfp4_fast m=6144 n=1 k=2048 batch=4: 22 x 120.867 us = 2659.08 us (832.638 GFLOPS/s)
MUL_MAT_VEC q6_K m=128000 n=4 k=2048: 1 x 1069.24 us = 1069.24 us (1960.87 GFLOPS/s)
RMS_NORM_MUL RMS_NORM(2048,4,1,1): 61 x 7.247 us = 442.12 us
RMS_NORM_MUL_ROPE RMS_NORM(64,32,4,1): 8 x 11.76 us = 94.08 us
RMS_NORM_MUL_ROPE RMS_NORM(64,8,4,1): 8 x 5.075 us = 40.6 us
SET_ROWS: 16 x 3.747 us = 59.96 us
SSM_CONV: 22 x 7.476 us = 164.48 us
Total time: 15612.2 us.
----------------
Vulkan Timings:
ADD: 60 x 2.197 us = 131.84 us
CONCAT: 22 x 3.409 us = 75 us
CPY: 22 x 1.636 us = 36 us
FLASH_ATTN_EXT dst(64,32,1,4),  q(64,1,32,4),  k(64,256,8,4),  v(64,256,8,4),  m(256,1,1,4): 8 x 18.655 us = 149.24 us (449.671 GFLOPS/s)
GET_ROWS: 24 x 2.985 us = 71.64 us
GLU: 30 x 5.46 us = 163.8 us
MUL: 44 x 3.124 us = 137.48 us
MUL_MAT f32 m=64 n=128 k=64: 16 x 2.307 us = 36.92 us (450.871 GFLOPS/s)
MUL_MAT f32 m=64 n=32 k=64: 16 x 2.377 us = 38.04 us (109.399 GFLOPS/s)
MUL_MAT_VEC q4_0_rocmfp4_fast m=10752 n=4 k=2048: 60 x 73.708 us = 4422.48 us (2389.4 GFLOPS/s)
MUL_MAT_VEC q4_0_rocmfp4_fast m=2048 n=1 k=2048 batch=4: 22 x 35.021 us = 770.48 us (957.867 GFLOPS/s)
MUL_MAT_VEC q4_0_rocmfp4_fast m=2048 n=4 k=10752: 30 x 73.488 us = 2204.64 us (2397.03 GFLOPS/s)
MUL_MAT_VEC q4_0_rocmfp4_fast m=2048 n=4 k=2048: 16 x 20.942 us = 335.08 us (1601.83 GFLOPS/s)
MUL_MAT_VEC q4_0_rocmfp4_fast m=512 n=4 k=2048: 16 x 5.03 us = 80.48 us (1667.31 GFLOPS/s)
MUL_MAT_VEC q4_0_rocmfp4_fast m=6144 n=1 k=2048 batch=4: 22 x 96.218 us = 2116.8 us (1045.94 GFLOPS/s)
MUL_MAT_VEC q6_K m=128000 n=4 k=2048: 1 x 1062.88 us = 1062.88 us (1972.6 GFLOPS/s)
RMS_NORM_MUL RMS_NORM(2048,4,1,1): 61 x 5.31 us = 323.92 us
RMS_NORM_MUL_ROPE RMS_NORM(64,32,4,1): 8 x 9.885 us = 79.08 us
RMS_NORM_MUL_ROPE RMS_NORM(64,8,4,1): 8 x 4.14 us = 33.12 us
SET_ROWS: 16 x 2.402 us = 38.44 us
SSM_CONV: 22 x 5.285 us = 116.28 us
Total time: 12423.6 us.
----------------
Vulkan Timings:
ADD: 60 x 2.176 us = 130.6 us
CONCAT: 22 x 2.945 us = 64.8 us
CPY: 22 x 1.707 us = 37.56 us
FLASH_ATTN_EXT dst(64,32,1,4),  q(64,1,32,4),  k(64,256,8,4),  v(64,256,8,4),  m(256,1,1,4): 8 x 19.23 us = 153.84 us (436.225 GFLOPS/s)
GET_ROWS: 24 x 2.72 us = 65.28 us
GLU: 30 x 5.688 us = 170.64 us
MUL: 44 x 3.027 us = 133.2 us
MUL_MAT f32 m=64 n=128 k=64: 16 x 2.385 us = 38.16 us (436.22 GFLOPS/s)
MUL_MAT f32 m=64 n=32 k=64: 16 x 2.505 us = 40.08 us (103.831 GFLOPS/s)
MUL_MAT_VEC q4_0_rocmfp4_fast m=10752 n=4 k=2048: 60 x 76.449 us = 4586.96 us (2303.72 GFLOPS/s)
MUL_MAT_VEC q4_0_rocmfp4_fast m=2048 n=1 k=2048 batch=4: 22 x 36.276 us = 798.08 us (924.741 GFLOPS/s)
MUL_MAT_VEC q4_0_rocmfp4_fast m=2048 n=4 k=10752: 30 x 76.252 us = 2287.56 us (2310.14 GFLOPS/s)
MUL_MAT_VEC q4_0_rocmfp4_fast m=2048 n=4 k=2048: 16 x 21.382 us = 342.12 us (1568.86 GFLOPS/s)
MUL_MAT_VEC q4_0_rocmfp4_fast m=512 n=4 k=2048: 16 x 6.415 us = 102.64 us (1307.34 GFLOPS/s)
MUL_MAT_VEC q4_0_rocmfp4_fast m=6144 n=1 k=2048 batch=4: 22 x 99.943 us = 2198.76 us (1006.95 GFLOPS/s)
MUL_MAT_VEC q6_K m=128000 n=4 k=2048: 1 x 1069.08 us = 1069.08 us (1961.16 GFLOPS/s)
RMS_NORM_MUL RMS_NORM(2048,4,1,1): 61 x 5.672 us = 346.04 us
RMS_NORM_MUL_ROPE RMS_NORM(64,32,4,1): 8 x 11.825 us = 94.6 us
RMS_NORM_MUL_ROPE RMS_NORM(64,8,4,1): 8 x 4.3 us = 34.4 us
SET_ROWS: 16 x 2.595 us = 41.52 us
SSM_CONV: 22 x 5.405 us = 118.92 us
Total time: 12854.8 us.
----------------
Vulkan Timings:
ADD: 60 x 2.024 us = 121.48 us
CONCAT: 22 x 2.632 us = 57.92 us
CPY: 22 x 1.792 us = 39.44 us
FLASH_ATTN_EXT dst(64,32,1,4),  q(64,1,32,4),  k(64,256,8,4),  v(64,256,8,4),  m(256,1,1,4): 8 x 17.945 us = 143.56 us (467.462 GFLOPS/s)
GET_ROWS: 24 x 2.506 us = 60.16 us
GLU: 30 x 5.433 us = 163 us
MUL: 44 x 2.844 us = 125.16 us
MUL_MAT f32 m=64 n=128 k=64: 16 x 2.24 us = 35.84 us (464.457 GFLOPS/s)
MUL_MAT f32 m=64 n=32 k=64: 16 x 2.267 us = 36.28 us (114.706 GFLOPS/s)
MUL_MAT_VEC q4_0_rocmfp4_fast m=10752 n=4 k=2048: 60 x 70.048 us = 4202.88 us (2514.24 GFLOPS/s)
MUL_MAT_VEC q4_0_rocmfp4_fast m=2048 n=1 k=2048 batch=4: 22 x 33.907 us = 745.96 us (989.352 GFLOPS/s)
MUL_MAT_VEC q4_0_rocmfp4_fast m=2048 n=4 k=10752: 30 x 69.136 us = 2074.08 us (2547.91 GFLOPS/s)
MUL_MAT_VEC q4_0_rocmfp4_fast m=2048 n=4 k=2048: 16 x 20.717 us = 331.48 us (1619.22 GFLOPS/s)
MUL_MAT_VEC q4_0_rocmfp4_fast m=512 n=4 k=2048: 16 x 4.467 us = 71.48 us (1877.24 GFLOPS/s)
MUL_MAT_VEC q4_0_rocmfp4_fast m=6144 n=1 k=2048 batch=4: 22 x 92.574 us = 2036.64 us (1087.11 GFLOPS/s)
MUL_MAT_VEC q6_K m=128000 n=4 k=2048: 1 x 1073.84 us = 1073.84 us (1952.47 GFLOPS/s)
RMS_NORM_MUL RMS_NORM(2048,4,1,1): 61 x 5.225 us = 318.76 us
RMS_NORM_MUL_ROPE RMS_NORM(64,32,4,1): 8 x 9.46 us = 75.68 us
RMS_NORM_MUL_ROPE RMS_NORM(64,8,4,1): 8 x 3.995 us = 31.96 us
SET_ROWS: 16 x 2.407 us = 38.52 us
SSM_CONV: 22 x 5.045 us = 111 us
Total time: 11895.1 us.
----------------
Vulkan Timings:
ADD: 60 x 2.003 us = 120.2 us
CONCAT: 22 x 2.972 us = 65.4 us
CPY: 22 x 1.683 us = 37.04 us
FLASH_ATTN_EXT dst(64,32,1,4),  q(64,1,32,4),  k(64,256,8,4),  v(64,256,8,4),  m(256,1,1,4): 8 x 17.97 us = 143.76 us (466.812 GFLOPS/s)
GET_ROWS: 24 x 2.486 us = 59.68 us
GLU: 30 x 5.236 us = 157.08 us
MUL: 44 x 3.036 us = 133.6 us
MUL_MAT f32 m=64 n=128 k=64: 16 x 2.265 us = 36.24 us (459.331 GFLOPS/s)
MUL_MAT f32 m=64 n=32 k=64: 16 x 2.242 us = 35.88 us (115.985 GFLOPS/s)
MUL_MAT_VEC q4_0_rocmfp4_fast m=10752 n=4 k=2048: 60 x 70.018 us = 4201.12 us (2515.3 GFLOPS/s)
MUL_MAT_VEC q4_0_rocmfp4_fast m=2048 n=1 k=2048 batch=4: 22 x 33.441 us = 735.72 us (1003.12 GFLOPS/s)
MUL_MAT_VEC q4_0_rocmfp4_fast m=2048 n=4 k=10752: 30 x 68.352 us = 2050.56 us (2577.14 GFLOPS/s)
MUL_MAT_VEC q4_0_rocmfp4_fast m=2048 n=4 k=2048: 16 x 20.47 us = 327.52 us (1638.8 GFLOPS/s)
MUL_MAT_VEC q4_0_rocmfp4_fast m=512 n=4 k=2048: 16 x 4.475 us = 71.6 us (1874.09 GFLOPS/s)
MUL_MAT_VEC q4_0_rocmfp4_fast m=6144 n=1 k=2048 batch=4: 22 x 92.105 us = 2026.32 us (1092.65 GFLOPS/s)
MUL_MAT_VEC q6_K m=128000 n=4 k=2048: 1 x 1068.96 us = 1068.96 us (1961.38 GFLOPS/s)
RMS_NORM_MUL RMS_NORM(2048,4,1,1): 61 x 5.095 us = 310.84 us
RMS_NORM_MUL_ROPE RMS_NORM(64,32,4,1): 8 x 9.535 us = 76.28 us
RMS_NORM_MUL_ROPE RMS_NORM(64,8,4,1): 8 x 3.93 us = 31.44 us
SET_ROWS: 16 x 2.31 us = 36.96 us
SSM_CONV: 22 x 5.078 us = 111.72 us
Total time: 11837.9 us.
----------------
Vulkan Timings:
ADD: 60 x 2.194 us = 131.64 us
CONCAT: 22 x 2.845 us = 62.6 us
CPY: 22 x 1.645 us = 36.2 us
FLASH_ATTN_EXT dst(64,32,1,4),  q(64,1,32,4),  k(64,256,8,4),  v(64,256,8,4),  m(256,1,1,4): 8 x 18.62 us = 148.96 us (450.516 GFLOPS/s)
GET_ROWS: 24 x 2.933 us = 70.4 us
GLU: 30 x 5.576 us = 167.28 us
MUL: 44 x 2.937 us = 129.24 us
MUL_MAT f32 m=64 n=128 k=64: 16 x 2.32 us = 37.12 us (448.441 GFLOPS/s)
MUL_MAT f32 m=64 n=32 k=64: 16 x 2.372 us = 37.96 us (109.63 GFLOPS/s)
MUL_MAT_VEC q4_0_rocmfp4_fast m=10752 n=4 k=2048: 60 x 74.479 us = 4468.76 us (2364.65 GFLOPS/s)
MUL_MAT_VEC q4_0_rocmfp4_fast m=2048 n=1 k=2048 batch=4: 22 x 35.498 us = 780.96 us (945.013 GFLOPS/s)
MUL_MAT_VEC q4_0_rocmfp4_fast m=2048 n=4 k=10752: 30 x 73.688 us = 2210.64 us (2390.52 GFLOPS/s)
MUL_MAT_VEC q4_0_rocmfp4_fast m=2048 n=4 k=2048: 16 x 20.657 us = 330.52 us (1623.93 GFLOPS/s)
MUL_MAT_VEC q4_0_rocmfp4_fast m=512 n=4 k=2048: 16 x 5.417 us = 86.68 us (1548.05 GFLOPS/s)
MUL_MAT_VEC q4_0_rocmfp4_fast m=6144 n=1 k=2048 batch=4: 22 x 96.749 us = 2128.48 us (1040.2 GFLOPS/s)
MUL_MAT_VEC q6_K m=128000 n=4 k=2048: 1 x 1064.56 us = 1064.56 us (1969.49 GFLOPS/s)
RMS_NORM_MUL RMS_NORM(2048,4,1,1): 61 x 5.706 us = 348.08 us
RMS_NORM_MUL_ROPE RMS_NORM(64,32,4,1): 8 x 9.88 us = 79.04 us
RMS_NORM_MUL_ROPE RMS_NORM(64,8,4,1): 8 x 4.175 us = 33.4 us
SET_ROWS: 16 x 2.537 us = 40.6 us
SSM_CONV: 22 x 5.303 us = 116.68 us
Total time: 12509.8 us.
----------------
Vulkan Timings:
ADD: 60 x 2.122 us = 127.32 us
CONCAT: 22 x 2.827 us = 62.2 us
CPY: 22 x 1.652 us = 36.36 us
FLASH_ATTN_EXT dst(64,32,1,4),  q(64,1,32,4),  k(64,256,8,4),  v(64,256,8,4),  m(256,1,1,4): 8 x 18.27 us = 146.16 us (459.147 GFLOPS/s)
GET_ROWS: 24 x 2.578 us = 61.88 us
GLU: 30 x 5.498 us = 164.96 us
MUL: 44 x 2.935 us = 129.16 us
MUL_MAT f32 m=64 n=128 k=64: 16 x 2.33 us = 37.28 us (446.517 GFLOPS/s)
MUL_MAT f32 m=64 n=32 k=64: 16 x 2.325 us = 37.2 us (111.869 GFLOPS/s)
MUL_MAT_VEC q4_0_rocmfp4_fast m=10752 n=4 k=2048: 60 x 73.892 us = 4433.52 us (2383.45 GFLOPS/s)
MUL_MAT_VEC q4_0_rocmfp4_fast m=2048 n=1 k=2048 batch=4: 22 x 34.996 us = 769.92 us (958.564 GFLOPS/s)
MUL_MAT_VEC q4_0_rocmfp4_fast m=2048 n=4 k=10752: 30 x 72.709 us = 2181.28 us (2422.7 GFLOPS/s)
MUL_MAT_VEC q4_0_rocmfp4_fast m=2048 n=4 k=2048: 16 x 20.83 us = 333.28 us (1610.48 GFLOPS/s)
MUL_MAT_VEC q4_0_rocmfp4_fast m=512 n=4 k=2048: 16 x 4.92 us = 78.72 us (1704.59 GFLOPS/s)
MUL_MAT_VEC q4_0_rocmfp4_fast m=6144 n=1 k=2048 batch=4: 22 x 95.91 us = 2110.04 us (1049.29 GFLOPS/s)
MUL_MAT_VEC q6_K m=128000 n=4 k=2048: 1 x 1126.08 us = 1126.08 us (1861.89 GFLOPS/s)
RMS_NORM_MUL RMS_NORM(2048,4,1,1): 61 x 5.292 us = 322.84 us
RMS_NORM_MUL_ROPE RMS_NORM(64,32,4,1): 8 x 9.72 us = 77.76 us
RMS_NORM_MUL_ROPE RMS_NORM(64,8,4,1): 8 x 4.065 us = 32.52 us
SET_ROWS: 16 x 2.427 us = 38.84 us
SSM_CONV: 22 x 5.283 us = 116.24 us
Total time: 12423.6 us.
----------------
Vulkan Timings:
ADD: 60 x 1.908 us = 114.52 us
CONCAT: 22 x 2.378 us = 52.32 us
CPY: 22 x 1.605 us = 35.32 us
FLASH_ATTN_EXT dst(64,32,1,4),  q(64,1,32,4),  k(64,256,8,4),  v(64,256,8,4),  m(256,1,1,4): 8 x 15.11 us = 120.88 us (555.169 GFLOPS/s)
GET_ROWS: 24 x 2.27 us = 54.48 us
GLU: 30 x 4.66 us = 139.8 us
MUL: 44 x 2.49 us = 109.56 us
MUL_MAT f32 m=64 n=128 k=64: 16 x 2.127 us = 34.04 us (489.017 GFLOPS/s)
MUL_MAT f32 m=64 n=32 k=64: 16 x 2.102 us = 33.64 us (123.708 GFLOPS/s)
MUL_MAT_VEC q4_0_rocmfp4_fast m=10752 n=4 k=2048: 60 x 60.408 us = 3624.48 us (2915.47 GFLOPS/s)
MUL_MAT_VEC q4_0_rocmfp4_fast m=2048 n=1 k=2048 batch=4: 22 x 28.694 us = 631.28 us (1169.08 GFLOPS/s)
MUL_MAT_VEC q4_0_rocmfp4_fast m=2048 n=4 k=10752: 30 x 60.518 us = 1815.56 us (2910.71 GFLOPS/s)
MUL_MAT_VEC q4_0_rocmfp4_fast m=2048 n=4 k=2048: 16 x 18.415 us = 294.64 us (1821.68 GFLOPS/s)
MUL_MAT_VEC q4_0_rocmfp4_fast m=512 n=4 k=2048: 16 x 3.562 us = 57 us (2354.12 GFLOPS/s)
MUL_MAT_VEC q4_0_rocmfp4_fast m=6144 n=1 k=2048 batch=4: 22 x 79.3 us = 1744.6 us (1269.09 GFLOPS/s)
MUL_MAT_VEC q6_K m=128000 n=4 k=2048: 1 x 1070.04 us = 1070.04 us (1959.4 GFLOPS/s)
RMS_NORM_MUL RMS_NORM(2048,4,1,1): 61 x 4.525 us = 276.04 us
RMS_NORM_MUL_ROPE RMS_NORM(64,32,4,1): 8 x 8.335 us = 66.68 us
RMS_NORM_MUL_ROPE RMS_NORM(64,8,4,1): 8 x 3.435 us = 27.48 us
SET_ROWS: 16 x 2.077 us = 33.24 us
SSM_CONV: 22 x 4.349 us = 95.68 us
Total time: 10431.3 us.
----------------
Vulkan Timings:
ADD: 60 x 1.809 us = 108.56 us
CONCAT: 22 x 2.36 us = 51.92 us
CPY: 22 x 1.576 us = 34.68 us
FLASH_ATTN_EXT dst(64,32,1,4),  q(64,1,32,4),  k(64,256,8,4),  v(64,256,8,4),  m(256,1,1,4): 8 x 15.2 us = 121.6 us (551.882 GFLOPS/s)
GET_ROWS: 24 x 2.225 us = 53.4 us
GLU: 30 x 4.489 us = 134.68 us
MUL: 44 x 2.47 us = 108.68 us
MUL_MAT f32 m=64 n=128 k=64: 16 x 2.12 us = 33.92 us (490.747 GFLOPS/s)
MUL_MAT f32 m=64 n=32 k=64: 16 x 2.105 us = 33.68 us (123.561 GFLOPS/s)
MUL_MAT_VEC q4_0_rocmfp4_fast m=10752 n=4 k=2048: 60 x 59.574 us = 3574.44 us (2956.29 GFLOPS/s)
MUL_MAT_VEC q4_0_rocmfp4_fast m=2048 n=1 k=2048 batch=4: 22 x 29.909 us = 658 us (1121.61 GFLOPS/s)
MUL_MAT_VEC q4_0_rocmfp4_fast m=2048 n=4 k=10752: 30 x 61.392 us = 1841.76 us (2869.31 GFLOPS/s)
MUL_MAT_VEC q4_0_rocmfp4_fast m=2048 n=4 k=2048: 16 x 18.515 us = 296.24 us (1811.84 GFLOPS/s)
MUL_MAT_VEC q4_0_rocmfp4_fast m=512 n=4 k=2048: 16 x 3.53 us = 56.48 us (2375.8 GFLOPS/s)
MUL_MAT_VEC q4_0_rocmfp4_fast m=6144 n=1 k=2048 batch=4: 22 x 80.863 us = 1779 us (1244.55 GFLOPS/s)
MUL_MAT_VEC q6_K m=128000 n=4 k=2048: 1 x 1055.64 us = 1055.64 us (1986.13 GFLOPS/s)
RMS_NORM_MUL RMS_NORM(2048,4,1,1): 61 x 4.369 us = 266.52 us
RMS_NORM_MUL_ROPE RMS_NORM(64,32,4,1): 8 x 8.355 us = 66.84 us
RMS_NORM_MUL_ROPE RMS_NORM(64,8,4,1): 8 x 3.42 us = 27.36 us
SET_ROWS: 16 x 2.04 us = 32.64 us
SSM_CONV: 22 x 4.3 us = 94.6 us
Total time: 10430.6 us.
----------------
Vulkan Timings:
ADD: 60 x 2.05 us = 123 us
CONCAT: 22 x 2.723 us = 59.92 us
CPY: 22 x 1.638 us = 36.04 us
FLASH_ATTN_EXT dst(64,32,1,4),  q(64,1,32,4),  k(64,256,8,4),  v(64,256,8,4),  m(256,1,1,4): 8 x 17.265 us = 138.12 us (485.874 GFLOPS/s)
GET_ROWS: 24 x 2.508 us = 60.2 us
GLU: 30 x 5.325 us = 159.76 us
MUL: 44 x 2.822 us = 124.2 us
MUL_MAT f32 m=64 n=128 k=64: 16 x 2.252 us = 36.04 us (461.88 GFLOPS/s)
MUL_MAT f32 m=64 n=32 k=64: 16 x 2.225 us = 35.6 us (116.897 GFLOPS/s)
MUL_MAT_VEC q4_0_rocmfp4_fast m=10752 n=4 k=2048: 60 x 69.693 us = 4181.6 us (2527.04 GFLOPS/s)
MUL_MAT_VEC q4_0_rocmfp4_fast m=2048 n=1 k=2048 batch=4: 22 x 33.447 us = 735.84 us (1002.96 GFLOPS/s)
MUL_MAT_VEC q4_0_rocmfp4_fast m=2048 n=4 k=10752: 30 x 68.042 us = 2041.28 us (2588.85 GFLOPS/s)
MUL_MAT_VEC q4_0_rocmfp4_fast m=2048 n=4 k=2048: 16 x 21.02 us = 336.32 us (1595.92 GFLOPS/s)
MUL_MAT_VEC q4_0_rocmfp4_fast m=512 n=4 k=2048: 16 x 4.077 us = 65.24 us (2056.79 GFLOPS/s)
MUL_MAT_VEC q4_0_rocmfp4_fast m=6144 n=1 k=2048 batch=4: 22 x 92.618 us = 2037.6 us (1086.6 GFLOPS/s)
MUL_MAT_VEC q6_K m=128000 n=4 k=2048: 1 x 1159.32 us = 1159.32 us (1808.51 GFLOPS/s)
RMS_NORM_MUL RMS_NORM(2048,4,1,1): 61 x 5.134 us = 313.2 us
RMS_NORM_MUL_ROPE RMS_NORM(64,32,4,1): 8 x 9.375 us = 75 us
RMS_NORM_MUL_ROPE RMS_NORM(64,8,4,1): 8 x 3.895 us = 31.16 us
SET_ROWS: 16 x 2.495 us = 39.92 us
SSM_CONV: 22 x 5.056 us = 111.24 us
Total time: 11900.6 us.
0.32.982.138 I slot print_timing: id  0 | task 470 | prompt eval time =     382.67 ms /   128 tokens (    2.99 ms per token,   334.49 tokens per second)
0.32.982.149 I slot print_timing: id  0 | task 470 |        eval time =    1027.88 ms /    64 tokens (   16.32 ms per token,    61.29 tokens per second)
0.32.982.152 I slot print_timing: id  0 | task 470 |       total time =    1410.55 ms /   192 tokens
0.32.982.155 I slot print_timing: id  0 | task 470 |    graphs reused =        498
0.32.982.247 I slot      release: id  0 | task 470 | stop processing: n_tokens = 191, truncated = 0
0.32.982.719 I slot print_timing: id  1 | task 471 | prompt eval time =     383.20 ms /   128 tokens (    2.99 ms per token,   334.02 tokens per second)
0.32.982.724 I slot print_timing: id  1 | task 471 |        eval time =    1027.78 ms /    64 tokens (   16.31 ms per token,    61.30 tokens per second)
0.32.982.726 I slot print_timing: id  1 | task 471 |       total time =    1410.98 ms /   192 tokens
0.32.982.727 I slot print_timing: id  1 | task 471 |    graphs reused =        498
0.32.982.777 I slot      release: id  1 | task 471 | stop processing: n_tokens = 191, truncated = 0
0.32.983.227 I slot print_timing: id  2 | task 472 | prompt eval time =     383.76 ms /   128 tokens (    3.00 ms per token,   333.54 tokens per second)
0.32.983.233 I slot print_timing: id  2 | task 472 |        eval time =    1027.59 ms /    64 tokens (   16.31 ms per token,    61.31 tokens per second)
0.32.983.234 I slot print_timing: id  2 | task 472 |       total time =    1411.36 ms /   192 tokens
0.32.983.235 I slot print_timing: id  2 | task 472 |    graphs reused =        498
0.32.983.266 I slot      release: id  2 | task 472 | stop processing: n_tokens = 191, truncated = 0
0.32.983.704 I slot print_timing: id  3 | task 473 | prompt eval time =     386.10 ms /   128 tokens (    3.02 ms per token,   331.52 tokens per second)
0.32.983.709 I slot print_timing: id  3 | task 473 |        eval time =    1025.60 ms /    64 tokens (   16.28 ms per token,    61.43 tokens per second)
0.32.983.711 I slot print_timing: id  3 | task 473 |       total time =    1411.70 ms /   192 tokens
0.32.983.712 I slot print_timing: id  3 | task 473 |    graphs reused =        498
0.32.983.735 I slot      release: id  3 | task 473 | stop processing: n_tokens = 191, truncated = 0
0.38.886.643 I srv    operator(): operator(): cleaning up before exit...
