rocmfpx-plugin: info: registered 1 ROCmFPX Vulkan device(s)
rocmfpx-plugin: info: loaded rocmfpx-vulkan-charlie 0.1.0 from /home/isaac/Documents/Codex/2026-09-16/recalcar-vas-a-estar-en-paralelo-2/work/builds/rocmfpx-vulkan-gfx1032-v3-instrumented/bin/rocmfpx-vulkan-plugin.so
0.00.076.222 I cmn  common_param: common_params_print_info: verbosity = 3 (adjust with the `-lv N` CLI arg)
0.00.076.682 W srv  llama_server: -----------------
0.00.076.684 W srv  llama_server: CORS is set to allow all origins ('*') and no API key is set
0.00.076.685 W srv  llama_server: this can be a security risk (cross-origin attacks)
0.00.076.685 W srv  llama_server: more info: https://github.com/ggml-org/llama.cpp/pull/25655
0.00.076.685 W srv  llama_server: -----------------
0.00.077.946 I srv    load_model: loading model 'work/results/models/LFM2.5-2.6B-ROCmFP4_FAST.gguf'
0.01.890.681 I cmn          init: llama threadpool init, n_threads = 4
----------------
Vulkan Timings:
ADD: 59 x 9.024 us = 532.44 us
CONCAT: 21 x 7.019 us = 147.4 us
CPY, SSM_CONV: 22 x 13.912 us = 306.08 us
FLASH_ATTN_EXT dst(64,32,2,1),  q(64,2,32,1),  k(64,256,8,1),  v(64,256,8,1),  m(256,2,1,1), SCALE: 8 x 107.713 us = 861.71 us (38.9394 GFLOPS/s)
GET_ROWS: 1 x 7.08 us = 7.08 us
GET_ROWS, GET_ROWS, CONCAT, CPY: 1 x 52.68 us = 52.68 us
GET_ROWS, GET_ROWS, CPY, MUL_MAT f32 m=64 n=64 k=64: 8 x 33.4 us = 267.2 us (15.5746 GFLOPS/s)
GET_ROWS, GET_ROWS, MUL_MAT_VEC q4_0_rocmfp4_fast m=2048 n=2 k=10752: 12 x 154.533 us = 1854.4 us (569.95 GFLOPS/s)
GET_ROWS, GET_ROWS, RMS_NORM_MUL RMS_NORM(2048,2,1,1), CPY: 1 x 20.36 us = 20.36 us
GLU: 18 x 8.851 us = 159.32 us
GLU, SCALE: 12 x 14.5 us = 174 us
MUL: 43 x 8.405 us = 361.44 us
MUL, SCALE: 1 x 28.24 us = 28.24 us
MUL_MAT f32 m=64 n=16 k=64: 8 x 11.725 us = 93.8 us (11.0915 GFLOPS/s)
MUL_MAT f32 m=64 n=16 k=64, RMS_NORM_MUL_ROPE RMS_NORM(64,8,2,1), MUL_MAT f32 m=64 n=64 k=64: 8 x 41.75 us = 334 us (15.5746 GFLOPS/s)
MUL_MAT_ADD MUL_MAT_VEC q4_0_rocmfp4_fast m=2048 n=1 k=10752: 1 x 65.32 us = 65.32 us (674.191 GFLOPS/s)
MUL_MAT_VEC q4_0_rocmfp4_fast m=10752 n=1 k=2048, MUL_MAT_VEC q4_0_rocmfp4_fast m=10752 n=1 k=2048: 1 x 123.32 us = 123.32 us (714.068 GFLOPS/s)
MUL_MAT_VEC q4_0_rocmfp4_fast m=10752 n=2 k=2048, MUL_MAT_VEC q4_0_rocmfp4_fast m=10752 n=2 k=2048: 29 x 264.297 us = 7664.64 us (666.361 GFLOPS/s)
MUL_MAT_VEC q4_0_rocmfp4_fast m=2048 n=2 k=10752: 17 x 242.711 us = 4126.09 us (362.885 GFLOPS/s)
MUL_MAT_VEC q4_0_rocmfp4_fast m=2048 n=2 k=2048: 30 x 43.08 us = 1292.4 us (389.348 GFLOPS/s)
MUL_MAT_VEC q4_0_rocmfp4_fast m=2048 n=2 k=2048, MUL_MAT_VEC q4_0_rocmfp4_fast m=512 n=2 k=2048, MUL_MAT_VEC q4_0_rocmfp4_fast m=512 n=2 k=2048: 8 x 61.14 us = 489.12 us (411.509 GFLOPS/s)
MUL_MAT_VEC q4_0_rocmfp4_fast m=6144 n=2 k=2048: 10 x 287.358 us = 2873.58 us (175.11 GFLOPS/s)
MUL_MAT_VEC q4_0_rocmfp4_fast m=6144 n=2 k=2048, CPY: 12 x 114.083 us = 1369 us (441.075 GFLOPS/s)
RMS_NORM_MUL RMS_NORM(2048,1,1,1): 2 x 11.26 us = 22.52 us
RMS_NORM_MUL RMS_NORM(2048,2,1,1): 57 x 11.908 us = 678.8 us
RMS_NORM_MUL RMS_NORM(2048,2,1,1), GET_ROWS: 1 x 9.76 us = 9.76 us
RMS_NORM_MUL_ROPE RMS_NORM(64,32,2,1): 8 x 10.905 us = 87.24 us
SCALE: 1 x 11.56 us = 11.56 us
SET_ROWS, SET_ROWS: 8 x 12.215 us = 97.72 us
Total time: 24111.2 us.
VKPHASE pipeline=quantize_q8_1_x4 elements=4096,1,1 gpu_ns=3840
VKPHASE pipeline=mul_mat_vec_rocmfp4_fast_q8_1_f32 elements=6144,1,1 gpu_ns=147800
VKPHASE pipeline=quantize_q8_1_x4 elements=4096,1,1 gpu_ns=7760
VKPHASE pipeline=mul_mat_vec_rocmfp4_fast_q8_1_f32 elements=2048,1,1 gpu_ns=50440
VKPHASE pipeline=quantize_q8_1_x4 elements=4096,1,1 gpu_ns=7280
VKPHASE pipeline=mul_mat_vec_rocmfp4_fast_q8_1_f32 elements=10752,1,1 gpu_ns=192800
VKPHASE pipeline=mul_mat_vec_rocmfp4_fast_q8_1_f32 elements=10752,1,1 gpu_ns=121680
VKPHASE pipeline=quantize_q8_1_x4 elements=21504,1,1 gpu_ns=3880
VKPHASE pipeline=mul_mat_vec_rocmfp4_fast_q8_1_f32 elements=2048,1,1 gpu_ns=133000
VKPHASE pipeline=quantize_q8_1_x4 elements=4096,1,1 gpu_ns=7640
VKPHASE pipeline=mul_mat_vec_rocmfp4_fast_q8_1_f32 elements=6144,1,1 gpu_ns=81280
VKPHASE pipeline=quantize_q8_1_x4 elements=4096,1,1 gpu_ns=7280
VKPHASE pipeline=mul_mat_vec_rocmfp4_fast_q8_1_f32 elements=2048,1,1 gpu_ns=32120
VKPHASE pipeline=quantize_q8_1_x4 elements=4096,1,1 gpu_ns=7680
VKPHASE pipeline=mul_mat_vec_rocmfp4_fast_q8_1_f32 elements=10752,1,1 gpu_ns=137440
VKPHASE pipeline=mul_mat_vec_rocmfp4_fast_q8_1_f32 elements=10752,1,1 gpu_ns=126640
VKPHASE pipeline=quantize_q8_1_x4 elements=21504,1,1 gpu_ns=7560
VKPHASE pipeline=mul_mat_vec_rocmfp4_fast_q8_1_f32 elements=2048,1,1 gpu_ns=126840
VKPHASE pipeline=quantize_q8_1_x4 elements=4096,1,1 gpu_ns=7320
VKPHASE pipeline=mul_mat_vec_rocmfp4_fast_q8_1_f32 elements=2048,1,1 gpu_ns=44640
VKPHASE pipeline=mul_mat_vec_rocmfp4_fast_q8_1_f32 elements=512,1,1 gpu_ns=1000
VKPHASE pipeline=mul_mat_vec_rocmfp4_fast_q8_1_f32 elements=512,1,1 gpu_ns=1000
VKPHASE pipeline=quantize_q8_1_x4 elements=4096,1,1 gpu_ns=7680
VKPHASE pipeline=mul_mat_vec_rocmfp4_fast_q8_1_f32 elements=2048,1,1 gpu_ns=32600
VKPHASE pipeline=quantize_q8_1_x4 elements=4096,1,1 gpu_ns=7360
VKPHASE pipeline=mul_mat_vec_rocmfp4_fast_q8_1_f32 elements=10752,1,1 gpu_ns=137760
VKPHASE pipeline=mul_mat_vec_rocmfp4_fast_q8_1_f32 elements=10752,1,1 gpu_ns=127040
VKPHASE pipeline=quantize_q8_1_x4 elements=21504,1,1 gpu_ns=3400
VKPHASE pipeline=mul_mat_vec_rocmfp4_fast_q8_1_f32 elements=2048,1,1 gpu_ns=128000
VKPHASE pipeline=quantize_q8_1_x4 elements=4096,1,1 gpu_ns=7400
VKPHASE pipeline=mul_mat_vec_rocmfp4_fast_q8_1_f32 elements=6144,1,1 gpu_ns=81320
VKPHASE pipeline=quantize_q8_1_x4 elements=4096,1,1 gpu_ns=7440
VKPHASE pipeline=mul_mat_vec_rocmfp4_fast_q8_1_f32 elements=2048,1,1 gpu_ns=32120
VKPHASE pipeline=quantize_q8_1_x4 elements=4096,1,1 gpu_ns=7760
VKPHASE pipeline=mul_mat_vec_rocmfp4_fast_q8_1_f32 elements=10752,1,1 gpu_ns=138000
VKPHASE pipeline=mul_mat_vec_rocmfp4_fast_q8_1_f32 elements=10752,1,1 gpu_ns=125840
VKPHASE pipeline=quantize_q8_1_x4 elements=21504,1,1 gpu_ns=7720
VKPHASE pipeline=mul_mat_vec_rocmfp4_fast_q8_1_f32 elements=2048,1,1 gpu_ns=126800
VKPHASE pipeline=quantize_q8_1_x4 elements=4096,1,1 gpu_ns=7640
VKPHASE pipeline=mul_mat_vec_rocmfp4_fast_q8_1_f32 elements=6144,1,1 gpu_ns=81120
VKPHASE pipeline=quantize_q8_1_x4 elements=4096,1,1 gpu_ns=7600
VKPHASE pipeline=mul_mat_vec_rocmfp4_fast_q8_1_f32 elements=2048,1,1 gpu_ns=32200
VKPHASE pipeline=quantize_q8_1_x4 elements=4096,1,1 gpu_ns=7720
VKPHASE pipeline=mul_mat_vec_rocmfp4_fast_q8_1_f32 elements=10752,1,1 gpu_ns=136960
VKPHASE pipeline=mul_mat_vec_rocmfp4_fast_q8_1_f32 elements=10752,1,1 gpu_ns=125960
VKPHASE pipeline=quantize_q8_1_x4 elements=21504,1,1 gpu_ns=7560
VKPHASE pipeline=mul_mat_vec_rocmfp4_fast_q8_1_f32 elements=2048,1,1 gpu_ns=126400
VKPHASE pipeline=quantize_q8_1_x4 elements=4096,1,1 gpu_ns=7360
VKPHASE pipeline=mul_mat_vec_rocmfp4_fast_q8_1_f32 elements=2048,1,1 gpu_ns=42800
VKPHASE pipeline=mul_mat_vec_rocmfp4_fast_q8_1_f32 elements=512,1,1 gpu_ns=1000
VKPHASE pipeline=mul_mat_vec_rocmfp4_fast_q8_1_f32 elements=512,1,1 gpu_ns=960
VKPHASE pipeline=quantize_q8_1_x4 elements=4096,1,1 gpu_ns=7720
VKPHASE pipeline=mul_mat_vec_rocmfp4_fast_q8_1_f32 elements=2048,1,1 gpu_ns=33480
VKPHASE pipeline=quantize_q8_1_x4 elements=4096,1,1 gpu_ns=7800
VKPHASE pipeline=mul_mat_vec_rocmfp4_fast_q8_1_f32 elements=10752,1,1 gpu_ns=137720
VKPHASE pipeline=mul_mat_vec_rocmfp4_fast_q8_1_f32 elements=10752,1,1 gpu_ns=126200
VKPHASE pipeline=quantize_q8_1_x4 elements=21504,1,1 gpu_ns=3560
VKPHASE pipeline=mul_mat_vec_rocmfp4_fast_q8_1_f32 elements=2048,1,1 gpu_ns=126680
VKPHASE pipeline=quantize_q8_1_x4 elements=4096,1,1 gpu_ns=7800
VKPHASE pipeline=mul_mat_vec_rocmfp4_fast_q8_1_f32 elements=6144,1,1 gpu_ns=370160
VKPHASE pipeline=quantize_q8_1_x4 elements=4096,1,1 gpu_ns=7680
VKPHASE pipeline=mul_mat_vec_rocmfp4_fast_q8_1_f32 elements=2048,1,1 gpu_ns=32280
VKPHASE pipeline=quantize_q8_1_x4 elements=4096,1,1 gpu_ns=7000
VKPHASE pipeline=mul_mat_vec_rocmfp4_fast_q8_1_f32 elements=10752,1,1 gpu_ns=137160
VKPHASE pipeline=mul_mat_vec_rocmfp4_fast_q8_1_f32 elements=10752,1,1 gpu_ns=126640
VKPHASE pipeline=quantize_q8_1_x4 elements=21504,1,1 gpu_ns=3320
VKPHASE pipeline=mul_mat_vec_rocmfp4_fast_q8_1_f32 elements=2048,1,1 gpu_ns=126200
VKPHASE pipeline=quantize_q8_1_x4 elements=4096,1,1 gpu_ns=7760
VKPHASE pipeline=mul_mat_vec_rocmfp4_fast_q8_1_f32 elements=6144,1,1 gpu_ns=81360
VKPHASE pipeline=quantize_q8_1_x4 elements=4096,1,1 gpu_ns=7440
VKPHASE pipeline=mul_mat_vec_rocmfp4_fast_q8_1_f32 elements=2048,1,1 gpu_ns=32120
VKPHASE pipeline=quantize_q8_1_x4 elements=4096,1,1 gpu_ns=7760
VKPHASE pipeline=mul_mat_vec_rocmfp4_fast_q8_1_f32 elements=10752,1,1 gpu_ns=137080
VKPHASE pipeline=mul_mat_vec_rocmfp4_fast_q8_1_f32 elements=10752,1,1 gpu_ns=143560
VKPHASE pipeline=quantize_q8_1_x4 elements=21504,1,1 gpu_ns=7800
VKPHASE pipeline=mul_mat_vec_rocmfp4_fast_q8_1_f32 elements=2048,1,1 gpu_ns=143400
VKPHASE pipeline=quantize_q8_1_x4 elements=4096,1,1 gpu_ns=7400
VKPHASE pipeline=mul_mat_vec_rocmfp4_fast_q8_1_f32 elements=6144,1,1 gpu_ns=79680
VKPHASE pipeline=quantize_q8_1_x4 elements=4096,1,1 gpu_ns=7400
VKPHASE pipeline=mul_mat_vec_rocmfp4_fast_q8_1_f32 elements=2048,1,1 gpu_ns=31960
VKPHASE pipeline=quantize_q8_1_x4 elements=4096,1,1 gpu_ns=7360
VKPHASE pipeline=mul_mat_vec_rocmfp4_fast_q8_1_f32 elements=10752,1,1 gpu_ns=137160
VKPHASE pipeline=mul_mat_vec_rocmfp4_fast_q8_1_f32 elements=10752,1,1 gpu_ns=126640
VKPHASE pipeline=quantize_q8_1_x4 elements=21504,1,1 gpu_ns=7840
VKPHASE pipeline=mul_mat_vec_rocmfp4_fast_q8_1_f32 elements=2048,1,1 gpu_ns=363840
VKPHASE pipeline=quantize_q8_1_x4 elements=4096,1,1 gpu_ns=7760
VKPHASE pipeline=mul_mat_vec_rocmfp4_fast_q8_1_f32 elements=2048,1,1 gpu_ns=52440
VKPHASE pipeline=mul_mat_vec_rocmfp4_fast_q8_1_f32 elements=512,1,1 gpu_ns=960
VKPHASE pipeline=mul_mat_vec_rocmfp4_fast_q8_1_f32 elements=512,1,1 gpu_ns=960
VKPHASE pipeline=quantize_q8_1_x4 elements=4096,1,1 gpu_ns=3400
VKPHASE pipeline=mul_mat_vec_rocmfp4_fast_q8_1_f32 elements=2048,1,1 gpu_ns=32600
VKPHASE pipeline=quantize_q8_1_x4 elements=4096,1,1 gpu_ns=7760
VKPHASE pipeline=mul_mat_vec_rocmfp4_fast_q8_1_f32 elements=10752,1,1 gpu_ns=136640
VKPHASE pipeline=mul_mat_vec_rocmfp4_fast_q8_1_f32 elements=10752,1,1 gpu_ns=126480
VKPHASE pipeline=quantize_q8_1_x4 elements=21504,1,1 gpu_ns=3560
VKPHASE pipeline=mul_mat_vec_rocmfp4_fast_q8_1_f32 elements=2048,1,1 gpu_ns=125560
VKPHASE pipeline=quantize_q8_1_x4 elements=4096,1,1 gpu_ns=7720
VKPHASE pipeline=mul_mat_vec_rocmfp4_fast_q8_1_f32 elements=6144,1,1 gpu_ns=81120
VKPHASE pipeline=quantize_q8_1_x4 elements=4096,1,1 gpu_ns=7640
VKPHASE pipeline=mul_mat_vec_rocmfp4_fast_q8_1_f32 elements=2048,1,1 gpu_ns=49040
VKPHASE pipeline=quantize_q8_1_x4 elements=4096,1,1 gpu_ns=7720
VKPHASE pipeline=mul_mat_vec_rocmfp4_fast_q8_1_f32 elements=10752,1,1 gpu_ns=137080
VKPHASE pipeline=mul_mat_vec_rocmfp4_fast_q8_1_f32 elements=10752,1,1 gpu_ns=127200
VKPHASE pipeline=quantize_q8_1_x4 elements=21504,1,1 gpu_ns=3320
VKPHASE pipeline=mul_mat_vec_rocmfp4_fast_q8_1_f32 elements=2048,1,1 gpu_ns=126720
VKPHASE pipeline=quantize_q8_1_x4 elements=4096,1,1 gpu_ns=8200
VKPHASE pipeline=mul_mat_vec_rocmfp4_fast_q8_1_f32 elements=6144,1,1 gpu_ns=81840
VKPHASE pipeline=quantize_q8_1_x4 elements=4096,1,1 gpu_ns=7720
VKPHASE pipeline=mul_mat_vec_rocmfp4_fast_q8_1_f32 elements=2048,1,1 gpu_ns=32040
VKPHASE pipeline=quantize_q8_1_x4 elements=4096,1,1 gpu_ns=7720
VKPHASE pipeline=mul_mat_vec_rocmfp4_fast_q8_1_f32 elements=10752,1,1 gpu_ns=137320
VKPHASE pipeline=mul_mat_vec_rocmfp4_fast_q8_1_f32 elements=10752,1,1 gpu_ns=125920
VKPHASE pipeline=quantize_q8_1_x4 elements=21504,1,1 gpu_ns=7880
VKPHASE pipeline=mul_mat_vec_rocmfp4_fast_q8_1_f32 elements=2048,1,1 gpu_ns=125480
VKPHASE pipeline=quantize_q8_1_x4 elements=4096,1,1 gpu_ns=7640
VKPHASE pipeline=mul_mat_vec_rocmfp4_fast_q8_1_f32 elements=6144,1,1 gpu_ns=81040
VKPHASE pipeline=quantize_q8_1_x4 elements=4096,1,1 gpu_ns=7680
VKPHASE pipeline=mul_mat_vec_rocmfp4_fast_q8_1_f32 elements=2048,1,1 gpu_ns=32120
VKPHASE pipeline=quantize_q8_1_x4 elements=4096,1,1 gpu_ns=7240
VKPHASE pipeline=mul_mat_vec_rocmfp4_fast_q8_1_f32 elements=10752,1,1 gpu_ns=136520
VKPHASE pipeline=mul_mat_vec_rocmfp4_fast_q8_1_f32 elements=10752,1,1 gpu_ns=126440
VKPHASE pipeline=quantize_q8_1_x4 elements=21504,1,1 gpu_ns=7880
VKPHASE pipeline=mul_mat_vec_rocmfp4_fast_q8_1_f32 elements=2048,1,1 gpu_ns=125240
VKPHASE pipeline=quantize_q8_1_x4 elements=4096,1,1 gpu_ns=7720
VKPHASE pipeline=mul_mat_vec_rocmfp4_fast_q8_1_f32 elements=2048,1,1 gpu_ns=52600
VKPHASE pipeline=mul_mat_vec_rocmfp4_fast_q8_1_f32 elements=512,1,1 gpu_ns=960
VKPHASE pipeline=mul_mat_vec_rocmfp4_fast_q8_1_f32 elements=512,1,1 gpu_ns=960
VKPHASE pipeline=quantize_q8_1_x4 elements=4096,1,1 gpu_ns=3320
VKPHASE pipeline=mul_mat_vec_rocmfp4_fast_q8_1_f32 elements=2048,1,1 gpu_ns=50040
VKPHASE pipeline=quantize_q8_1_x4 elements=4096,1,1 gpu_ns=7800
VKPHASE pipeline=mul_mat_vec_rocmfp4_fast_q8_1_f32 elements=10752,1,1 gpu_ns=136560
VKPHASE pipeline=mul_mat_vec_rocmfp4_fast_q8_1_f32 elements=10752,1,1 gpu_ns=126480
VKPHASE pipeline=quantize_q8_1_x4 elements=21504,1,1 gpu_ns=3360
VKPHASE pipeline=mul_mat_vec_rocmfp4_fast_q8_1_f32 elements=2048,1,1 gpu_ns=125760
VKPHASE pipeline=quantize_q8_1_x4 elements=4096,1,1 gpu_ns=7640
VKPHASE pipeline=mul_mat_vec_rocmfp4_fast_q8_1_f32 elements=6144,1,1 gpu_ns=81080
VKPHASE pipeline=quantize_q8_1_x4 elements=4096,1,1 gpu_ns=7680
VKPHASE pipeline=mul_mat_vec_rocmfp4_fast_q8_1_f32 elements=2048,1,1 gpu_ns=32400
VKPHASE pipeline=quantize_q8_1_x4 elements=4096,1,1 gpu_ns=7240
VKPHASE pipeline=mul_mat_vec_rocmfp4_fast_q8_1_f32 elements=10752,1,1 gpu_ns=136560
VKPHASE pipeline=mul_mat_vec_rocmfp4_fast_q8_1_f32 elements=10752,1,1 gpu_ns=126360
VKPHASE pipeline=quantize_q8_1_x4 elements=21504,1,1 gpu_ns=3320
VKPHASE pipeline=mul_mat_vec_rocmfp4_fast_q8_1_f32 elements=2048,1,1 gpu_ns=125280
VKPHASE pipeline=quantize_q8_1_x4 elements=4096,1,1 gpu_ns=7720
VKPHASE pipeline=mul_mat_vec_rocmfp4_fast_q8_1_f32 elements=6144,1,1 gpu_ns=80840
VKPHASE pipeline=quantize_q8_1_x4 elements=4096,1,1 gpu_ns=7720
VKPHASE pipeline=mul_mat_vec_rocmfp4_fast_q8_1_f32 elements=2048,1,1 gpu_ns=32160
VKPHASE pipeline=quantize_q8_1_x4 elements=4096,1,1 gpu_ns=7720
VKPHASE pipeline=mul_mat_vec_rocmfp4_fast_q8_1_f32 elements=10752,1,1 gpu_ns=136320
VKPHASE pipeline=mul_mat_vec_rocmfp4_fast_q8_1_f32 elements=10752,1,1 gpu_ns=126720
VKPHASE pipeline=quantize_q8_1_x4 elements=21504,1,1 gpu_ns=7800
VKPHASE pipeline=mul_mat_vec_rocmfp4_fast_q8_1_f32 elements=2048,1,1 gpu_ns=142400
VKPHASE pipeline=quantize_q8_1_x4 elements=4096,1,1 gpu_ns=7680
VKPHASE pipeline=mul_mat_vec_rocmfp4_fast_q8_1_f32 elements=6144,1,1 gpu_ns=79560
VKPHASE pipeline=quantize_q8_1_x4 elements=4096,1,1 gpu_ns=7720
VKPHASE pipeline=mul_mat_vec_rocmfp4_fast_q8_1_f32 elements=2048,1,1 gpu_ns=32280
VKPHASE pipeline=quantize_q8_1_x4 elements=4096,1,1 gpu_ns=7800
VKPHASE pipeline=mul_mat_vec_rocmfp4_fast_q8_1_f32 elements=10752,1,1 gpu_ns=136320
VKPHASE pipeline=mul_mat_vec_rocmfp4_fast_q8_1_f32 elements=10752,1,1 gpu_ns=126680
VKPHASE pipeline=quantize_q8_1_x4 elements=21504,1,1 gpu_ns=7840
VKPHASE pipeline=mul_mat_vec_rocmfp4_fast_q8_1_f32 elements=2048,1,1 gpu_ns=125760
VKPHASE pipeline=quantize_q8_1_x4 elements=4096,1,1 gpu_ns=7720
VKPHASE pipeline=mul_mat_vec_rocmfp4_fast_q8_1_f32 elements=2048,1,1 gpu_ns=44160
VKPHASE pipeline=mul_mat_vec_rocmfp4_fast_q8_1_f32 elements=512,1,1 gpu_ns=960
VKPHASE pipeline=mul_mat_vec_rocmfp4_fast_q8_1_f32 elements=512,1,1 gpu_ns=960
VKPHASE pipeline=quantize_q8_1_x4 elements=4096,1,1 gpu_ns=7800
VKPHASE pipeline=mul_mat_vec_rocmfp4_fast_q8_1_f32 elements=2048,1,1 gpu_ns=33040
VKPHASE pipeline=quantize_q8_1_x4 elements=4096,1,1 gpu_ns=7760
VKPHASE pipeline=mul_mat_vec_rocmfp4_fast_q8_1_f32 elements=10752,1,1 gpu_ns=136480
VKPHASE pipeline=mul_mat_vec_rocmfp4_fast_q8_1_f32 elements=10752,1,1 gpu_ns=126480
VKPHASE pipeline=quantize_q8_1_x4 elements=21504,1,1 gpu_ns=3360
VKPHASE pipeline=mul_mat_vec_rocmfp4_fast_q8_1_f32 elements=2048,1,1 gpu_ns=125720
VKPHASE pipeline=quantize_q8_1_x4 elements=4096,1,1 gpu_ns=7600
VKPHASE pipeline=mul_mat_vec_rocmfp4_fast_q8_1_f32 elements=6144,1,1 gpu_ns=79400
VKPHASE pipeline=quantize_q8_1_x4 elements=4096,1,1 gpu_ns=7680
VKPHASE pipeline=mul_mat_vec_rocmfp4_fast_q8_1_f32 elements=2048,1,1 gpu_ns=32240
VKPHASE pipeline=quantize_q8_1_x4 elements=4096,1,1 gpu_ns=7720
VKPHASE pipeline=mul_mat_vec_rocmfp4_fast_q8_1_f32 elements=10752,1,1 gpu_ns=136680
VKPHASE pipeline=mul_mat_vec_rocmfp4_fast_q8_1_f32 elements=10752,1,1 gpu_ns=126240
VKPHASE pipeline=quantize_q8_1_x4 elements=21504,1,1 gpu_ns=3320
VKPHASE pipeline=mul_mat_vec_rocmfp4_fast_q8_1_f32 elements=2048,1,1 gpu_ns=125240
VKPHASE pipeline=quantize_q8_1_x4 elements=4096,1,1 gpu_ns=7800
VKPHASE pipeline=mul_mat_vec_rocmfp4_fast_q8_1_f32 elements=6144,1,1 gpu_ns=80680
VKPHASE pipeline=quantize_q8_1_x4 elements=4096,1,1 gpu_ns=7320
VKPHASE pipeline=mul_mat_vec_rocmfp4_fast_q8_1_f32 elements=2048,1,1 gpu_ns=35080
VKPHASE pipeline=quantize_q8_1_x4 elements=4096,1,1 gpu_ns=8320
VKPHASE pipeline=mul_mat_vec_rocmfp4_fast_q8_1_f32 elements=10752,1,1 gpu_ns=136560
VKPHASE pipeline=mul_mat_vec_rocmfp4_fast_q8_1_f32 elements=10752,1,1 gpu_ns=126240
VKPHASE pipeline=quantize_q8_1_x4 elements=21504,1,1 gpu_ns=49720
VKPHASE pipeline=mul_mat_vec_rocmfp4_fast_q8_1_f32 elements=2048,1,1 gpu_ns=125400
VKPHASE pipeline=quantize_q8_1_x4 elements=4096,1,1 gpu_ns=7680
VKPHASE pipeline=mul_mat_vec_rocmfp4_fast_q8_1_f32 elements=6144,1,1 gpu_ns=82440
VKPHASE pipeline=quantize_q8_1_x4 elements=4096,1,1 gpu_ns=7640
VKPHASE pipeline=mul_mat_vec_rocmfp4_fast_q8_1_f32 elements=2048,1,1 gpu_ns=30520
VKPHASE pipeline=quantize_q8_1_x4 elements=4096,1,1 gpu_ns=7720
VKPHASE pipeline=mul_mat_vec_rocmfp4_fast_q8_1_f32 elements=10752,1,1 gpu_ns=136120
VKPHASE pipeline=mul_mat_vec_rocmfp4_fast_q8_1_f32 elements=10752,1,1 gpu_ns=126840
VKPHASE pipeline=quantize_q8_1_x4 elements=21504,1,1 gpu_ns=7680
VKPHASE pipeline=mul_mat_vec_rocmfp4_fast_q8_1_f32 elements=2048,1,1 gpu_ns=125120
VKPHASE pipeline=quantize_q8_1_x4 elements=4096,1,1 gpu_ns=7640
VKPHASE pipeline=mul_mat_vec_rocmfp4_fast_q8_1_f32 elements=2048,1,1 gpu_ns=44040
VKPHASE pipeline=mul_mat_vec_rocmfp4_fast_q8_1_f32 elements=512,1,1 gpu_ns=960
VKPHASE pipeline=mul_mat_vec_rocmfp4_fast_q8_1_f32 elements=512,1,1 gpu_ns=960
VKPHASE pipeline=quantize_q8_1_x4 elements=4096,1,1 gpu_ns=7600
VKPHASE pipeline=mul_mat_vec_rocmfp4_fast_q8_1_f32 elements=2048,1,1 gpu_ns=32680
VKPHASE pipeline=quantize_q8_1_x4 elements=4096,1,1 gpu_ns=7640
VKPHASE pipeline=mul_mat_vec_rocmfp4_fast_q8_1_f32 elements=10752,1,1 gpu_ns=136760
VKPHASE pipeline=mul_mat_vec_rocmfp4_fast_q8_1_f32 elements=10752,1,1 gpu_ns=126520
VKPHASE pipeline=quantize_q8_1_x4 elements=21504,1,1 gpu_ns=3360
VKPHASE pipeline=mul_mat_vec_rocmfp4_fast_q8_1_f32 elements=2048,1,1 gpu_ns=126000
VKPHASE pipeline=quantize_q8_1_x4 elements=4096,1,1 gpu_ns=7800
VKPHASE pipeline=mul_mat_vec_rocmfp4_fast_q8_1_f32 elements=6144,1,1 gpu_ns=80800
VKPHASE pipeline=quantize_q8_1_x4 elements=4096,1,1 gpu_ns=7680
VKPHASE pipeline=mul_mat_vec_rocmfp4_fast_q8_1_f32 elements=2048,1,1 gpu_ns=32200
VKPHASE pipeline=quantize_q8_1_x4 elements=4096,1,1 gpu_ns=7680
VKPHASE pipeline=mul_mat_vec_rocmfp4_fast_q8_1_f32 elements=10752,1,1 gpu_ns=136120
VKPHASE pipeline=mul_mat_vec_rocmfp4_fast_q8_1_f32 elements=10752,1,1 gpu_ns=121840
VKPHASE pipeline=quantize_q8_1_x4 elements=21504,1,1 gpu_ns=7160
VKPHASE pipeline=mul_mat_vec_rocmfp4_fast_q8_1_f32 elements=2048,1,1 gpu_ns=116600
VKPHASE pipeline=quantize_q8_1_x4 elements=4096,1,1 gpu_ns=6880
VKPHASE pipeline=mul_mat_vec_rocmfp4_fast_q8_1_f32 elements=6144,1,1 gpu_ns=74920
VKPHASE pipeline=quantize_q8_1_x4 elements=4096,1,1 gpu_ns=7120
VKPHASE pipeline=mul_mat_vec_rocmfp4_fast_q8_1_f32 elements=2048,1,1 gpu_ns=29840
VKPHASE pipeline=quantize_q8_1_x4 elements=4096,1,1 gpu_ns=6760
VKPHASE pipeline=mul_mat_vec_rocmfp4_fast_q8_1_f32 elements=10752,1,1 gpu_ns=126960
VKPHASE pipeline=mul_mat_vec_rocmfp4_fast_q8_1_f32 elements=10752,1,1 gpu_ns=117400
VKPHASE pipeline=quantize_q8_1_x4 elements=21504,1,1 gpu_ns=6920
VKPHASE pipeline=mul_mat_vec_rocmfp4_fast_q8_1_f32 elements=2048,1,1 gpu_ns=116640
VKPHASE pipeline=quantize_q8_1_x4 elements=4096,1,1 gpu_ns=6840
VKPHASE pipeline=mul_mat_vec_rocmfp4_fast_q8_1_f32 elements=2048,1,1 gpu_ns=41200
VKPHASE pipeline=mul_mat_vec_rocmfp4_fast_q8_1_f32 elements=512,1,1 gpu_ns=880
VKPHASE pipeline=mul_mat_vec_rocmfp4_fast_q8_1_f32 elements=512,1,1 gpu_ns=840
VKPHASE pipeline=quantize_q8_1_x4 elements=4096,1,1 gpu_ns=6160
VKPHASE pipeline=mul_mat_vec_rocmfp4_fast_q8_1_f32 elements=2048,1,1 gpu_ns=47480
VKPHASE pipeline=quantize_q8_1_x4 elements=4096,1,1 gpu_ns=5960
VKPHASE pipeline=mul_mat_vec_rocmfp4_fast_q8_1_f32 elements=10752,1,1 gpu_ns=113040
VKPHASE pipeline=mul_mat_vec_rocmfp4_fast_q8_1_f32 elements=10752,1,1 gpu_ns=106960
VKPHASE pipeline=quantize_q8_1_x4 elements=21504,1,1 gpu_ns=2800
VKPHASE pipeline=mul_mat_vec_rocmfp4_fast_q8_1_f32 elements=2048,1,1 gpu_ns=101840
VKPHASE pipeline=quantize_q8_1_x4 elements=4096,1,1 gpu_ns=6040
VKPHASE pipeline=mul_mat_vec_rocmfp4_fast_q8_1_f32 elements=6144,1,1 gpu_ns=65160
VKPHASE pipeline=quantize_q8_1_x4 elements=4096,1,1 gpu_ns=6040
VKPHASE pipeline=mul_mat_vec_rocmfp4_fast_q8_1_f32 elements=2048,1,1 gpu_ns=25360
VKPHASE pipeline=quantize_q8_1_x4 elements=4096,1,1 gpu_ns=5960
VKPHASE pipeline=mul_mat_vec_rocmfp4_fast_q8_1_f32 elements=10752,1,1 gpu_ns=111080
VKPHASE pipeline=mul_mat_vec_rocmfp4_fast_q8_1_f32 elements=10752,1,1 gpu_ns=103280
VKPHASE pipeline=quantize_q8_1_x4 elements=21504,1,1 gpu_ns=6120
VKPHASE pipeline=mul_mat_vec_rocmfp4_fast_q8_1_f32 elements=2048,1,1 gpu_ns=102080
VKPHASE pipeline=quantize_q8_1_x4 elements=4096,1,1 gpu_ns=5120
VKPHASE pipeline=mul_mat_vec_rocmfp4_fast_q8_1_f32 elements=6144,1,1 gpu_ns=55080
VKPHASE pipeline=quantize_q8_1_x4 elements=4096,1,1 gpu_ns=2360
VKPHASE pipeline=mul_mat_vec_rocmfp4_fast_q8_1_f32 elements=2048,1,1 gpu_ns=21280
VKPHASE pipeline=quantize_q8_1_x4 elements=4096,1,1 gpu_ns=5080
VKPHASE pipeline=mul_mat_vec_rocmfp4_fast_q8_1_f32 elements=10752,1,1 gpu_ns=94960
VKPHASE pipeline=mul_mat_vec_rocmfp4_fast_q8_1_f32 elements=10752,1,1 gpu_ns=87840
VKPHASE pipeline=quantize_q8_1_x4 elements=21504,1,1 gpu_ns=5080
VKPHASE pipeline=mul_mat_vec_rocmfp4_fast_q8_1_f32 elements=2048,1,1 gpu_ns=87120
VKPHASE pipeline=quantize_q8_1_x4 elements=4096,1,1 gpu_ns=2360
VKPHASE pipeline=mul_mat_vec_rocmfp4_fast_q8_1_f32 elements=2048,1,1 gpu_ns=29560
VKPHASE pipeline=mul_mat_vec_rocmfp4_fast_q8_1_f32 elements=512,1,1 gpu_ns=640
VKPHASE pipeline=mul_mat_vec_rocmfp4_fast_q8_1_f32 elements=512,1,1 gpu_ns=680
VKPHASE pipeline=quantize_q8_1_x4 elements=4096,1,1 gpu_ns=5160
VKPHASE pipeline=mul_mat_vec_rocmfp4_fast_q8_1_f32 elements=2048,1,1 gpu_ns=22200
VKPHASE pipeline=quantize_q8_1_x4 elements=4096,1,1 gpu_ns=2360
VKPHASE pipeline=mul_mat_vec_rocmfp4_fast_q8_1_f32 elements=10752,1,1 gpu_ns=94600
VKPHASE pipeline=mul_mat_vec_rocmfp4_fast_q8_1_f32 elements=10752,1,1 gpu_ns=87960
VKPHASE pipeline=quantize_q8_1_x4 elements=21504,1,1 gpu_ns=2400
VKPHASE pipeline=mul_mat_vec_rocmfp4_fast_q8_1_f32 elements=2048,1,1 gpu_ns=87160
VKPHASE pipeline=quantize_q8_1_x4 elements=4096,1,1 gpu_ns=5080
VKPHASE pipeline=mul_mat_vec_rocmfp4_fast_q8_1_f32 elements=6144,1,1 gpu_ns=55600
VKPHASE pipeline=quantize_q8_1_x4 elements=4096,1,1 gpu_ns=2120
VKPHASE pipeline=mul_mat_vec_rocmfp4_fast_q8_1_f32 elements=2048,1,1 gpu_ns=18360
VKPHASE pipeline=quantize_q8_1_x4 elements=4096,1,1 gpu_ns=2080
VKPHASE pipeline=mul_mat_vec_rocmfp4_fast_q8_1_f32 elements=10752,1,1 gpu_ns=79240
VKPHASE pipeline=mul_mat_vec_rocmfp4_fast_q8_1_f32 elements=10752,1,1 gpu_ns=74240
VKPHASE pipeline=quantize_q8_1_x4 elements=21504,1,1 gpu_ns=2120
VKPHASE pipeline=mul_mat_vec_rocmfp4_fast_q8_1_f32 elements=2048,1,1 gpu_ns=73120
VKPHASE pipeline=quantize_q8_1_x4 elements=4096,1,1 gpu_ns=2120
VKPHASE pipeline=mul_mat_vec_rocmfp4_fast_q8_1_f32 elements=6144,1,1 gpu_ns=46320
VKPHASE pipeline=quantize_q8_1_x4 elements=4096,1,1 gpu_ns=2120
VKPHASE pipeline=mul_mat_vec_rocmfp4_fast_q8_1_f32 elements=2048,1,1 gpu_ns=18520
VKPHASE pipeline=quantize_q8_1_x4 elements=2048,1,1 gpu_ns=2080
VKPHASE pipeline=mul_mat_vec_rocmfp4_fast_q8_1_f32 elements=10752,1,1 gpu_ns=63280
VKPHASE pipeline=mul_mat_vec_rocmfp4_fast_q8_1_f32 elements=10752,1,1 gpu_ns=54600
VKPHASE pipeline=quantize_q8_1_x4 elements=10752,1,1 gpu_ns=2120
VKPHASE pipeline=mul_mat_vec_rocmfp4_fast_q8_1_f32 elements=2048,1,1 gpu_ns=58120
VKPHASE pipeline=quantize_q8_1_x4 elements=2048,1,1 gpu_ns=2120
VKPHASE pipeline=mul_mat_vec_rocmfp4_fast_q8_1_f32 elements=128000,1,1 gpu_ns=621840
----------------
Vulkan Timings:
ADD: 59 x 3.917 us = 231.12 us
CONCAT: 21 x 4.403 us = 92.48 us
CPY, SSM_CONV: 22 x 6.963 us = 153.2 us
FLASH_ATTN_EXT dst(64,32,2,1),  q(64,2,32,1),  k(64,256,8,1),  v(64,256,8,1),  m(256,2,1,1), SCALE: 8 x 16.84 us = 134.72 us (249.068 GFLOPS/s)
GET_ROWS: 1 x 2.52 us = 2.52 us
GET_ROWS, GET_ROWS, CONCAT, CPY: 1 x 6.32 us = 6.32 us
GET_ROWS, GET_ROWS, CPY, MUL_MAT f32 m=64 n=64 k=64: 8 x 14.95 us = 119.6 us (34.7955 GFLOPS/s)
GET_ROWS, GET_ROWS, MUL_MAT_VEC q4_0_rocmfp4_fast m=2048 n=2 k=10752: 12 x 70.86 us = 850.32 us (1242.96 GFLOPS/s)
GET_ROWS, GET_ROWS, RMS_NORM_MUL RMS_NORM(2048,2,1,1), CPY: 1 x 9.92 us = 9.92 us
GLU: 18 x 5.115 us = 92.08 us
GLU, SCALE: 12 x 7.58 us = 90.96 us
MUL: 43 x 4.436 us = 190.76 us
MUL, SCALE: 1 x 6.36 us = 6.36 us
MUL_MAT f32 m=64 n=16 k=64: 8 x 7.02 us = 56.16 us (18.5254 GFLOPS/s)
MUL_MAT f32 m=64 n=16 k=64, RMS_NORM_MUL_ROPE RMS_NORM(64,8,2,1), MUL_MAT f32 m=64 n=64 k=64: 8 x 18.155 us = 145.24 us (35.816 GFLOPS/s)
MUL_MAT_ADD MUL_MAT_VEC q4_0_rocmfp4_fast m=2048 n=1 k=10752: 1 x 53.52 us = 53.52 us (822.835 GFLOPS/s)
MUL_MAT_VEC q4_0_rocmfp4_fast m=10752 n=1 k=2048, MUL_MAT_VEC q4_0_rocmfp4_fast m=10752 n=1 k=2048: 1 x 102.64 us = 102.64 us (857.939 GFLOPS/s)
MUL_MAT_VEC q4_0_rocmfp4_fast m=10752 n=2 k=2048, MUL_MAT_VEC q4_0_rocmfp4_fast m=10752 n=2 k=2048: 29 x 133.758 us = 3879 us (1316.68 GFLOPS/s)
MUL_MAT_VEC q4_0_rocmfp4_fast m=2048 n=2 k=10752: 17 x 67.19 us = 1142.24 us (1310.84 GFLOPS/s)
MUL_MAT_VEC q4_0_rocmfp4_fast m=2048 n=2 k=2048: 30 x 19.516 us = 585.48 us (859.455 GFLOPS/s)
MUL_MAT_VEC q4_0_rocmfp4_fast m=2048 n=2 k=2048, MUL_MAT_VEC q4_0_rocmfp4_fast m=512 n=2 k=2048, MUL_MAT_VEC q4_0_rocmfp4_fast m=512 n=2 k=2048: 8 x 26.965 us = 215.72 us (933.05 GFLOPS/s)
MUL_MAT_VEC q4_0_rocmfp4_fast m=6144 n=2 k=2048: 10 x 47.176 us = 471.76 us (1066.63 GFLOPS/s)
MUL_MAT_VEC q4_0_rocmfp4_fast m=6144 n=2 k=2048, CPY: 12 x 43.413 us = 520.96 us (1159.08 GFLOPS/s)
RMS_NORM_MUL RMS_NORM(2048,1,1,1): 2 x 6.9 us = 13.8 us
RMS_NORM_MUL RMS_NORM(2048,2,1,1): 57 x 7.867 us = 448.44 us
RMS_NORM_MUL RMS_NORM(2048,2,1,1), GET_ROWS: 1 x 5.8 us = 5.8 us
RMS_NORM_MUL_ROPE RMS_NORM(64,32,2,1): 8 x 7.275 us = 58.2 us
SCALE: 1 x 6.56 us = 6.56 us
SET_ROWS, SET_ROWS: 8 x 5.195 us = 41.56 us
Total time: 9727.44 us.
VKPHASE pipeline=quantize_q8_1_x4 elements=4096,1,1 gpu_ns=2120
VKPHASE pipeline=mul_mat_vec_rocmfp4_fast_q8_1_f32 elements=6144,1,1 gpu_ns=76240
VKPHASE pipeline=quantize_q8_1_x4 elements=4096,1,1 gpu_ns=2040
VKPHASE pipeline=mul_mat_vec_rocmfp4_fast_q8_1_f32 elements=2048,1,1 gpu_ns=26400
VKPHASE pipeline=quantize_q8_1_x4 elements=4096,1,1 gpu_ns=2080
VKPHASE pipeline=mul_mat_vec_rocmfp4_fast_q8_1_f32 elements=10752,1,1 gpu_ns=146760
VKPHASE pipeline=mul_mat_vec_rocmfp4_fast_q8_1_f32 elements=10752,1,1 gpu_ns=116400
VKPHASE pipeline=quantize_q8_1_x4 elements=21504,1,1 gpu_ns=2080
VKPHASE pipeline=mul_mat_vec_rocmfp4_fast_q8_1_f32 elements=2048,1,1 gpu_ns=70440
VKPHASE pipeline=quantize_q8_1_x4 elements=4096,1,1 gpu_ns=2040
VKPHASE pipeline=mul_mat_vec_rocmfp4_fast_q8_1_f32 elements=6144,1,1 gpu_ns=40920
VKPHASE pipeline=quantize_q8_1_x4 elements=4096,1,1 gpu_ns=2040
VKPHASE pipeline=mul_mat_vec_rocmfp4_fast_q8_1_f32 elements=2048,1,1 gpu_ns=15200
VKPHASE pipeline=quantize_q8_1_x4 elements=4096,1,1 gpu_ns=2080
VKPHASE pipeline=mul_mat_vec_rocmfp4_fast_q8_1_f32 elements=10752,1,1 gpu_ns=68080
VKPHASE pipeline=mul_mat_vec_rocmfp4_fast_q8_1_f32 elements=10752,1,1 gpu_ns=63080
VKPHASE pipeline=quantize_q8_1_x4 elements=21504,1,1 gpu_ns=2120
VKPHASE pipeline=mul_mat_vec_rocmfp4_fast_q8_1_f32 elements=2048,1,1 gpu_ns=63320
VKPHASE pipeline=quantize_q8_1_x4 elements=4096,1,1 gpu_ns=2280
VKPHASE pipeline=mul_mat_vec_rocmfp4_fast_q8_1_f32 elements=2048,1,1 gpu_ns=21000
VKPHASE pipeline=mul_mat_vec_rocmfp4_fast_q8_1_f32 elements=512,1,1 gpu_ns=480
VKPHASE pipeline=mul_mat_vec_rocmfp4_fast_q8_1_f32 elements=512,1,1 gpu_ns=480
VKPHASE pipeline=quantize_q8_1_x4 elements=4096,1,1 gpu_ns=2080
VKPHASE pipeline=mul_mat_vec_rocmfp4_fast_q8_1_f32 elements=2048,1,1 gpu_ns=16160
VKPHASE pipeline=quantize_q8_1_x4 elements=4096,1,1 gpu_ns=2080
VKPHASE pipeline=mul_mat_vec_rocmfp4_fast_q8_1_f32 elements=10752,1,1 gpu_ns=71680
VKPHASE pipeline=mul_mat_vec_rocmfp4_fast_q8_1_f32 elements=10752,1,1 gpu_ns=68120
VKPHASE pipeline=quantize_q8_1_x4 elements=21504,1,1 gpu_ns=2000
VKPHASE pipeline=mul_mat_vec_rocmfp4_fast_q8_1_f32 elements=2048,1,1 gpu_ns=69240
VKPHASE pipeline=quantize_q8_1_x4 elements=4096,1,1 gpu_ns=2200
VKPHASE pipeline=mul_mat_vec_rocmfp4_fast_q8_1_f32 elements=6144,1,1 gpu_ns=42320
VKPHASE pipeline=quantize_q8_1_x4 elements=4096,1,1 gpu_ns=2160
VKPHASE pipeline=mul_mat_vec_rocmfp4_fast_q8_1_f32 elements=2048,1,1 gpu_ns=16200
VKPHASE pipeline=quantize_q8_1_x4 elements=4096,1,1 gpu_ns=2000
VKPHASE pipeline=mul_mat_vec_rocmfp4_fast_q8_1_f32 elements=10752,1,1 gpu_ns=73600
VKPHASE pipeline=mul_mat_vec_rocmfp4_fast_q8_1_f32 elements=10752,1,1 gpu_ns=67960
VKPHASE pipeline=quantize_q8_1_x4 elements=21504,1,1 gpu_ns=2040
VKPHASE pipeline=mul_mat_vec_rocmfp4_fast_q8_1_f32 elements=2048,1,1 gpu_ns=68120
VKPHASE pipeline=quantize_q8_1_x4 elements=4096,1,1 gpu_ns=2040
VKPHASE pipeline=mul_mat_vec_rocmfp4_fast_q8_1_f32 elements=6144,1,1 gpu_ns=43280
VKPHASE pipeline=quantize_q8_1_x4 elements=4096,1,1 gpu_ns=2040
VKPHASE pipeline=mul_mat_vec_rocmfp4_fast_q8_1_f32 elements=2048,1,1 gpu_ns=16520
VKPHASE pipeline=quantize_q8_1_x4 elements=4096,1,1 gpu_ns=2160
VKPHASE pipeline=mul_mat_vec_rocmfp4_fast_q8_1_f32 elements=10752,1,1 gpu_ns=73040
VKPHASE pipeline=mul_mat_vec_rocmfp4_fast_q8_1_f32 elements=10752,1,1 gpu_ns=68080
VKPHASE pipeline=quantize_q8_1_x4 elements=21504,1,1 gpu_ns=2000
VKPHASE pipeline=mul_mat_vec_rocmfp4_fast_q8_1_f32 elements=2048,1,1 gpu_ns=68320
VKPHASE pipeline=quantize_q8_1_x4 elements=4096,1,1 gpu_ns=2160
VKPHASE pipeline=mul_mat_vec_rocmfp4_fast_q8_1_f32 elements=2048,1,1 gpu_ns=22400
VKPHASE pipeline=mul_mat_vec_rocmfp4_fast_q8_1_f32 elements=512,1,1 gpu_ns=520
VKPHASE pipeline=mul_mat_vec_rocmfp4_fast_q8_1_f32 elements=512,1,1 gpu_ns=520
VKPHASE pipeline=quantize_q8_1_x4 elements=4096,1,1 gpu_ns=2280
VKPHASE pipeline=mul_mat_vec_rocmfp4_fast_q8_1_f32 elements=2048,1,1 gpu_ns=16680
VKPHASE pipeline=quantize_q8_1_x4 elements=4096,1,1 gpu_ns=2080
VKPHASE pipeline=mul_mat_vec_rocmfp4_fast_q8_1_f32 elements=10752,1,1 gpu_ns=75760
VKPHASE pipeline=mul_mat_vec_rocmfp4_fast_q8_1_f32 elements=10752,1,1 gpu_ns=70160
VKPHASE pipeline=quantize_q8_1_x4 elements=21504,1,1 gpu_ns=2120
VKPHASE pipeline=mul_mat_vec_rocmfp4_fast_q8_1_f32 elements=2048,1,1 gpu_ns=70160
VKPHASE pipeline=quantize_q8_1_x4 elements=4096,1,1 gpu_ns=2040
VKPHASE pipeline=mul_mat_vec_rocmfp4_fast_q8_1_f32 elements=6144,1,1 gpu_ns=44800
VKPHASE pipeline=quantize_q8_1_x4 elements=4096,1,1 gpu_ns=2080
VKPHASE pipeline=mul_mat_vec_rocmfp4_fast_q8_1_f32 elements=2048,1,1 gpu_ns=17840
VKPHASE pipeline=quantize_q8_1_x4 elements=4096,1,1 gpu_ns=2080
VKPHASE pipeline=mul_mat_vec_rocmfp4_fast_q8_1_f32 elements=10752,1,1 gpu_ns=76160
VKPHASE pipeline=mul_mat_vec_rocmfp4_fast_q8_1_f32 elements=10752,1,1 gpu_ns=69560
VKPHASE pipeline=quantize_q8_1_x4 elements=21504,1,1 gpu_ns=2240
VKPHASE pipeline=mul_mat_vec_rocmfp4_fast_q8_1_f32 elements=2048,1,1 gpu_ns=69440
VKPHASE pipeline=quantize_q8_1_x4 elements=4096,1,1 gpu_ns=2080
VKPHASE pipeline=mul_mat_vec_rocmfp4_fast_q8_1_f32 elements=6144,1,1 gpu_ns=44320
VKPHASE pipeline=quantize_q8_1_x4 elements=4096,1,1 gpu_ns=2080
VKPHASE pipeline=mul_mat_vec_rocmfp4_fast_q8_1_f32 elements=2048,1,1 gpu_ns=17080
VKPHASE pipeline=quantize_q8_1_x4 elements=4096,1,1 gpu_ns=2080
VKPHASE pipeline=mul_mat_vec_rocmfp4_fast_q8_1_f32 elements=10752,1,1 gpu_ns=76040
VKPHASE pipeline=mul_mat_vec_rocmfp4_fast_q8_1_f32 elements=10752,1,1 gpu_ns=69680
VKPHASE pipeline=quantize_q8_1_x4 elements=21504,1,1 gpu_ns=2080
VKPHASE pipeline=mul_mat_vec_rocmfp4_fast_q8_1_f32 elements=2048,1,1 gpu_ns=69560
VKPHASE pipeline=quantize_q8_1_x4 elements=4096,1,1 gpu_ns=2240
VKPHASE pipeline=mul_mat_vec_rocmfp4_fast_q8_1_f32 elements=6144,1,1 gpu_ns=42920
VKPHASE pipeline=quantize_q8_1_x4 elements=4096,1,1 gpu_ns=2040
VKPHASE pipeline=mul_mat_vec_rocmfp4_fast_q8_1_f32 elements=2048,1,1 gpu_ns=16920
VKPHASE pipeline=quantize_q8_1_x4 elements=4096,1,1 gpu_ns=2040
VKPHASE pipeline=mul_mat_vec_rocmfp4_fast_q8_1_f32 elements=10752,1,1 gpu_ns=74800
VKPHASE pipeline=mul_mat_vec_rocmfp4_fast_q8_1_f32 elements=10752,1,1 gpu_ns=68640
VKPHASE pipeline=quantize_q8_1_x4 elements=21504,1,1 gpu_ns=2040
VKPHASE pipeline=mul_mat_vec_rocmfp4_fast_q8_1_f32 elements=2048,1,1 gpu_ns=69400
VKPHASE pipeline=quantize_q8_1_x4 elements=4096,1,1 gpu_ns=2440
VKPHASE pipeline=mul_mat_vec_rocmfp4_fast_q8_1_f32 elements=2048,1,1 gpu_ns=22760
VKPHASE pipeline=mul_mat_vec_rocmfp4_fast_q8_1_f32 elements=512,1,1 gpu_ns=480
VKPHASE pipeline=mul_mat_vec_rocmfp4_fast_q8_1_f32 elements=512,1,1 gpu_ns=520
VKPHASE pipeline=quantize_q8_1_x4 elements=4096,1,1 gpu_ns=2240
VKPHASE pipeline=mul_mat_vec_rocmfp4_fast_q8_1_f32 elements=2048,1,1 gpu_ns=16640
VKPHASE pipeline=quantize_q8_1_x4 elements=4096,1,1 gpu_ns=2240
VKPHASE pipeline=mul_mat_vec_rocmfp4_fast_q8_1_f32 elements=10752,1,1 gpu_ns=73800
VKPHASE pipeline=mul_mat_vec_rocmfp4_fast_q8_1_f32 elements=10752,1,1 gpu_ns=69120
VKPHASE pipeline=quantize_q8_1_x4 elements=21504,1,1 gpu_ns=4240
VKPHASE pipeline=mul_mat_vec_rocmfp4_fast_q8_1_f32 elements=2048,1,1 gpu_ns=72920
VKPHASE pipeline=quantize_q8_1_x4 elements=4096,1,1 gpu_ns=2040
VKPHASE pipeline=mul_mat_vec_rocmfp4_fast_q8_1_f32 elements=6144,1,1 gpu_ns=43760
VKPHASE pipeline=quantize_q8_1_x4 elements=4096,1,1 gpu_ns=2040
VKPHASE pipeline=mul_mat_vec_rocmfp4_fast_q8_1_f32 elements=2048,1,1 gpu_ns=17120
VKPHASE pipeline=quantize_q8_1_x4 elements=4096,1,1 gpu_ns=2280
VKPHASE pipeline=mul_mat_vec_rocmfp4_fast_q8_1_f32 elements=10752,1,1 gpu_ns=74040
VKPHASE pipeline=mul_mat_vec_rocmfp4_fast_q8_1_f32 elements=10752,1,1 gpu_ns=65840
VKPHASE pipeline=quantize_q8_1_x4 elements=21504,1,1 gpu_ns=2240
VKPHASE pipeline=mul_mat_vec_rocmfp4_fast_q8_1_f32 elements=2048,1,1 gpu_ns=65280
VKPHASE pipeline=quantize_q8_1_x4 elements=4096,1,1 gpu_ns=2120
VKPHASE pipeline=mul_mat_vec_rocmfp4_fast_q8_1_f32 elements=6144,1,1 gpu_ns=40840
VKPHASE pipeline=quantize_q8_1_x4 elements=4096,1,1 gpu_ns=2120
VKPHASE pipeline=mul_mat_vec_rocmfp4_fast_q8_1_f32 elements=2048,1,1 gpu_ns=15880
VKPHASE pipeline=quantize_q8_1_x4 elements=4096,1,1 gpu_ns=2120
VKPHASE pipeline=mul_mat_vec_rocmfp4_fast_q8_1_f32 elements=10752,1,1 gpu_ns=69920
VKPHASE pipeline=mul_mat_vec_rocmfp4_fast_q8_1_f32 elements=10752,1,1 gpu_ns=65200
VKPHASE pipeline=quantize_q8_1_x4 elements=21504,1,1 gpu_ns=2040
VKPHASE pipeline=mul_mat_vec_rocmfp4_fast_q8_1_f32 elements=2048,1,1 gpu_ns=65560
VKPHASE pipeline=quantize_q8_1_x4 elements=4096,1,1 gpu_ns=2120
VKPHASE pipeline=mul_mat_vec_rocmfp4_fast_q8_1_f32 elements=6144,1,1 gpu_ns=41880
VKPHASE pipeline=quantize_q8_1_x4 elements=4096,1,1 gpu_ns=2120
VKPHASE pipeline=mul_mat_vec_rocmfp4_fast_q8_1_f32 elements=2048,1,1 gpu_ns=15480
VKPHASE pipeline=quantize_q8_1_x4 elements=4096,1,1 gpu_ns=2120
VKPHASE pipeline=mul_mat_vec_rocmfp4_fast_q8_1_f32 elements=10752,1,1 gpu_ns=69840
VKPHASE pipeline=mul_mat_vec_rocmfp4_fast_q8_1_f32 elements=10752,1,1 gpu_ns=65360
VKPHASE pipeline=quantize_q8_1_x4 elements=21504,1,1 gpu_ns=2000
VKPHASE pipeline=mul_mat_vec_rocmfp4_fast_q8_1_f32 elements=2048,1,1 gpu_ns=65480
VKPHASE pipeline=quantize_q8_1_x4 elements=4096,1,1 gpu_ns=2120
VKPHASE pipeline=mul_mat_vec_rocmfp4_fast_q8_1_f32 elements=2048,1,1 gpu_ns=21440
VKPHASE pipeline=mul_mat_vec_rocmfp4_fast_q8_1_f32 elements=512,1,1 gpu_ns=480
VKPHASE pipeline=mul_mat_vec_rocmfp4_fast_q8_1_f32 elements=512,1,1 gpu_ns=480
VKPHASE pipeline=quantize_q8_1_x4 elements=4096,1,1 gpu_ns=2120
VKPHASE pipeline=mul_mat_vec_rocmfp4_fast_q8_1_f32 elements=2048,1,1 gpu_ns=16120
VKPHASE pipeline=quantize_q8_1_x4 elements=4096,1,1 gpu_ns=2000
VKPHASE pipeline=mul_mat_vec_rocmfp4_fast_q8_1_f32 elements=10752,1,1 gpu_ns=64520
VKPHASE pipeline=mul_mat_vec_rocmfp4_fast_q8_1_f32 elements=10752,1,1 gpu_ns=60600
VKPHASE pipeline=quantize_q8_1_x4 elements=21504,1,1 gpu_ns=1920
VKPHASE pipeline=mul_mat_vec_rocmfp4_fast_q8_1_f32 elements=2048,1,1 gpu_ns=60280
VKPHASE pipeline=quantize_q8_1_x4 elements=4096,1,1 gpu_ns=1960
VKPHASE pipeline=mul_mat_vec_rocmfp4_fast_q8_1_f32 elements=6144,1,1 gpu_ns=37720
VKPHASE pipeline=quantize_q8_1_x4 elements=4096,1,1 gpu_ns=2000
VKPHASE pipeline=mul_mat_vec_rocmfp4_fast_q8_1_f32 elements=2048,1,1 gpu_ns=14800
VKPHASE pipeline=quantize_q8_1_x4 elements=4096,1,1 gpu_ns=2000
VKPHASE pipeline=mul_mat_vec_rocmfp4_fast_q8_1_f32 elements=10752,1,1 gpu_ns=64480
VKPHASE pipeline=mul_mat_vec_rocmfp4_fast_q8_1_f32 elements=10752,1,1 gpu_ns=60040
VKPHASE pipeline=quantize_q8_1_x4 elements=21504,1,1 gpu_ns=1960
VKPHASE pipeline=mul_mat_vec_rocmfp4_fast_q8_1_f32 elements=2048,1,1 gpu_ns=60040
VKPHASE pipeline=quantize_q8_1_x4 elements=4096,1,1 gpu_ns=1960
VKPHASE pipeline=mul_mat_vec_rocmfp4_fast_q8_1_f32 elements=6144,1,1 gpu_ns=37640
VKPHASE pipeline=quantize_q8_1_x4 elements=4096,1,1 gpu_ns=2000
VKPHASE pipeline=mul_mat_vec_rocmfp4_fast_q8_1_f32 elements=2048,1,1 gpu_ns=14720
VKPHASE pipeline=quantize_q8_1_x4 elements=4096,1,1 gpu_ns=2000
VKPHASE pipeline=mul_mat_vec_rocmfp4_fast_q8_1_f32 elements=10752,1,1 gpu_ns=64160
VKPHASE pipeline=mul_mat_vec_rocmfp4_fast_q8_1_f32 elements=10752,1,1 gpu_ns=60360
VKPHASE pipeline=quantize_q8_1_x4 elements=21504,1,1 gpu_ns=2080
VKPHASE pipeline=mul_mat_vec_rocmfp4_fast_q8_1_f32 elements=2048,1,1 gpu_ns=59920
VKPHASE pipeline=quantize_q8_1_x4 elements=4096,1,1 gpu_ns=2000
VKPHASE pipeline=mul_mat_vec_rocmfp4_fast_q8_1_f32 elements=6144,1,1 gpu_ns=37720
VKPHASE pipeline=quantize_q8_1_x4 elements=4096,1,1 gpu_ns=2000
VKPHASE pipeline=mul_mat_vec_rocmfp4_fast_q8_1_f32 elements=2048,1,1 gpu_ns=14320
VKPHASE pipeline=quantize_q8_1_x4 elements=4096,1,1 gpu_ns=2000
VKPHASE pipeline=mul_mat_vec_rocmfp4_fast_q8_1_f32 elements=10752,1,1 gpu_ns=65240
VKPHASE pipeline=mul_mat_vec_rocmfp4_fast_q8_1_f32 elements=10752,1,1 gpu_ns=58440
VKPHASE pipeline=quantize_q8_1_x4 elements=21504,1,1 gpu_ns=1880
VKPHASE pipeline=mul_mat_vec_rocmfp4_fast_q8_1_f32 elements=2048,1,1 gpu_ns=56480
VKPHASE pipeline=quantize_q8_1_x4 elements=4096,1,1 gpu_ns=1800
VKPHASE pipeline=mul_mat_vec_rocmfp4_fast_q8_1_f32 elements=2048,1,1 gpu_ns=17920
VKPHASE pipeline=mul_mat_vec_rocmfp4_fast_q8_1_f32 elements=512,1,1 gpu_ns=400
VKPHASE pipeline=mul_mat_vec_rocmfp4_fast_q8_1_f32 elements=512,1,1 gpu_ns=400
VKPHASE pipeline=quantize_q8_1_x4 elements=4096,1,1 gpu_ns=1800
VKPHASE pipeline=mul_mat_vec_rocmfp4_fast_q8_1_f32 elements=2048,1,1 gpu_ns=14000
VKPHASE pipeline=quantize_q8_1_x4 elements=4096,1,1 gpu_ns=1840
VKPHASE pipeline=mul_mat_vec_rocmfp4_fast_q8_1_f32 elements=10752,1,1 gpu_ns=58680
VKPHASE pipeline=mul_mat_vec_rocmfp4_fast_q8_1_f32 elements=10752,1,1 gpu_ns=54120
VKPHASE pipeline=quantize_q8_1_x4 elements=21504,1,1 gpu_ns=1800
VKPHASE pipeline=mul_mat_vec_rocmfp4_fast_q8_1_f32 elements=2048,1,1 gpu_ns=56560
VKPHASE pipeline=quantize_q8_1_x4 elements=4096,1,1 gpu_ns=1800
VKPHASE pipeline=mul_mat_vec_rocmfp4_fast_q8_1_f32 elements=6144,1,1 gpu_ns=34680
VKPHASE pipeline=quantize_q8_1_x4 elements=4096,1,1 gpu_ns=1840
VKPHASE pipeline=mul_mat_vec_rocmfp4_fast_q8_1_f32 elements=2048,1,1 gpu_ns=13280
VKPHASE pipeline=quantize_q8_1_x4 elements=4096,1,1 gpu_ns=1840
VKPHASE pipeline=mul_mat_vec_rocmfp4_fast_q8_1_f32 elements=10752,1,1 gpu_ns=58800
VKPHASE pipeline=mul_mat_vec_rocmfp4_fast_q8_1_f32 elements=10752,1,1 gpu_ns=53760
VKPHASE pipeline=quantize_q8_1_x4 elements=21504,1,1 gpu_ns=1800
VKPHASE pipeline=mul_mat_vec_rocmfp4_fast_q8_1_f32 elements=2048,1,1 gpu_ns=56240
VKPHASE pipeline=quantize_q8_1_x4 elements=4096,1,1 gpu_ns=1880
VKPHASE pipeline=mul_mat_vec_rocmfp4_fast_q8_1_f32 elements=6144,1,1 gpu_ns=34480
VKPHASE pipeline=quantize_q8_1_x4 elements=4096,1,1 gpu_ns=1880
VKPHASE pipeline=mul_mat_vec_rocmfp4_fast_q8_1_f32 elements=2048,1,1 gpu_ns=13600
VKPHASE pipeline=quantize_q8_1_x4 elements=4096,1,1 gpu_ns=1840
VKPHASE pipeline=mul_mat_vec_rocmfp4_fast_q8_1_f32 elements=10752,1,1 gpu_ns=58760
VKPHASE pipeline=mul_mat_vec_rocmfp4_fast_q8_1_f32 elements=10752,1,1 gpu_ns=53960
VKPHASE pipeline=quantize_q8_1_x4 elements=21504,1,1 gpu_ns=1840
VKPHASE pipeline=mul_mat_vec_rocmfp4_fast_q8_1_f32 elements=2048,1,1 gpu_ns=58920
VKPHASE pipeline=quantize_q8_1_x4 elements=4096,1,1 gpu_ns=1680
VKPHASE pipeline=mul_mat_vec_rocmfp4_fast_q8_1_f32 elements=6144,1,1 gpu_ns=31800
VKPHASE pipeline=quantize_q8_1_x4 elements=4096,1,1 gpu_ns=1640
VKPHASE pipeline=mul_mat_vec_rocmfp4_fast_q8_1_f32 elements=2048,1,1 gpu_ns=12120
VKPHASE pipeline=quantize_q8_1_x4 elements=4096,1,1 gpu_ns=1640
VKPHASE pipeline=mul_mat_vec_rocmfp4_fast_q8_1_f32 elements=10752,1,1 gpu_ns=54520
VKPHASE pipeline=mul_mat_vec_rocmfp4_fast_q8_1_f32 elements=10752,1,1 gpu_ns=46760
VKPHASE pipeline=quantize_q8_1_x4 elements=21504,1,1 gpu_ns=1640
VKPHASE pipeline=mul_mat_vec_rocmfp4_fast_q8_1_f32 elements=2048,1,1 gpu_ns=53000
VKPHASE pipeline=quantize_q8_1_x4 elements=4096,1,1 gpu_ns=1680
VKPHASE pipeline=mul_mat_vec_rocmfp4_fast_q8_1_f32 elements=2048,1,1 gpu_ns=16360
VKPHASE pipeline=mul_mat_vec_rocmfp4_fast_q8_1_f32 elements=512,1,1 gpu_ns=360
VKPHASE pipeline=mul_mat_vec_rocmfp4_fast_q8_1_f32 elements=512,1,1 gpu_ns=320
VKPHASE pipeline=quantize_q8_1_x4 elements=4096,1,1 gpu_ns=1680
VKPHASE pipeline=mul_mat_vec_rocmfp4_fast_q8_1_f32 elements=2048,1,1 gpu_ns=12120
VKPHASE pipeline=quantize_q8_1_x4 elements=4096,1,1 gpu_ns=1640
VKPHASE pipeline=mul_mat_vec_rocmfp4_fast_q8_1_f32 elements=10752,1,1 gpu_ns=53200
VKPHASE pipeline=mul_mat_vec_rocmfp4_fast_q8_1_f32 elements=10752,1,1 gpu_ns=47640
VKPHASE pipeline=quantize_q8_1_x4 elements=21504,1,1 gpu_ns=1640
VKPHASE pipeline=mul_mat_vec_rocmfp4_fast_q8_1_f32 elements=2048,1,1 gpu_ns=52480
VKPHASE pipeline=quantize_q8_1_x4 elements=4096,1,1 gpu_ns=1720
VKPHASE pipeline=mul_mat_vec_rocmfp4_fast_q8_1_f32 elements=6144,1,1 gpu_ns=32000
VKPHASE pipeline=quantize_q8_1_x4 elements=4096,1,1 gpu_ns=1640
VKPHASE pipeline=mul_mat_vec_rocmfp4_fast_q8_1_f32 elements=2048,1,1 gpu_ns=11840
VKPHASE pipeline=quantize_q8_1_x4 elements=4096,1,1 gpu_ns=1680
VKPHASE pipeline=mul_mat_vec_rocmfp4_fast_q8_1_f32 elements=10752,1,1 gpu_ns=53320
VKPHASE pipeline=mul_mat_vec_rocmfp4_fast_q8_1_f32 elements=10752,1,1 gpu_ns=47480
VKPHASE pipeline=quantize_q8_1_x4 elements=21504,1,1 gpu_ns=1640
VKPHASE pipeline=mul_mat_vec_rocmfp4_fast_q8_1_f32 elements=2048,1,1 gpu_ns=52760
VKPHASE pipeline=quantize_q8_1_x4 elements=4096,1,1 gpu_ns=1640
VKPHASE pipeline=mul_mat_vec_rocmfp4_fast_q8_1_f32 elements=6144,1,1 gpu_ns=32600
VKPHASE pipeline=quantize_q8_1_x4 elements=4096,1,1 gpu_ns=1720
VKPHASE pipeline=mul_mat_vec_rocmfp4_fast_q8_1_f32 elements=2048,1,1 gpu_ns=11160
VKPHASE pipeline=quantize_q8_1_x4 elements=4096,1,1 gpu_ns=1720
VKPHASE pipeline=mul_mat_vec_rocmfp4_fast_q8_1_f32 elements=10752,1,1 gpu_ns=54160
VKPHASE pipeline=mul_mat_vec_rocmfp4_fast_q8_1_f32 elements=10752,1,1 gpu_ns=50560
VKPHASE pipeline=quantize_q8_1_x4 elements=21504,1,1 gpu_ns=1840
VKPHASE pipeline=mul_mat_vec_rocmfp4_fast_q8_1_f32 elements=2048,1,1 gpu_ns=52160
VKPHASE pipeline=quantize_q8_1_x4 elements=4096,1,1 gpu_ns=1480
VKPHASE pipeline=mul_mat_vec_rocmfp4_fast_q8_1_f32 elements=2048,1,1 gpu_ns=14000
VKPHASE pipeline=mul_mat_vec_rocmfp4_fast_q8_1_f32 elements=512,1,1 gpu_ns=320
VKPHASE pipeline=mul_mat_vec_rocmfp4_fast_q8_1_f32 elements=512,1,1 gpu_ns=280
VKPHASE pipeline=quantize_q8_1_x4 elements=4096,1,1 gpu_ns=1640
VKPHASE pipeline=mul_mat_vec_rocmfp4_fast_q8_1_f32 elements=2048,1,1 gpu_ns=10800
VKPHASE pipeline=quantize_q8_1_x4 elements=4096,1,1 gpu_ns=1600
VKPHASE pipeline=mul_mat_vec_rocmfp4_fast_q8_1_f32 elements=10752,1,1 gpu_ns=61760
VKPHASE pipeline=mul_mat_vec_rocmfp4_fast_q8_1_f32 elements=10752,1,1 gpu_ns=63760
VKPHASE pipeline=quantize_q8_1_x4 elements=21504,1,1 gpu_ns=1600
VKPHASE pipeline=mul_mat_vec_rocmfp4_fast_q8_1_f32 elements=2048,1,1 gpu_ns=55960
VKPHASE pipeline=quantize_q8_1_x4 elements=4096,1,1 gpu_ns=1640
VKPHASE pipeline=mul_mat_vec_rocmfp4_fast_q8_1_f32 elements=6144,1,1 gpu_ns=31720
VKPHASE pipeline=quantize_q8_1_x4 elements=4096,1,1 gpu_ns=1640
VKPHASE pipeline=mul_mat_vec_rocmfp4_fast_q8_1_f32 elements=2048,1,1 gpu_ns=11440
VKPHASE pipeline=quantize_q8_1_x4 elements=4096,1,1 gpu_ns=1640
VKPHASE pipeline=mul_mat_vec_rocmfp4_fast_q8_1_f32 elements=10752,1,1 gpu_ns=56600
VKPHASE pipeline=mul_mat_vec_rocmfp4_fast_q8_1_f32 elements=10752,1,1 gpu_ns=45400
VKPHASE pipeline=quantize_q8_1_x4 elements=21504,1,1 gpu_ns=1520
VKPHASE pipeline=mul_mat_vec_rocmfp4_fast_q8_1_f32 elements=2048,1,1 gpu_ns=51000
VKPHASE pipeline=quantize_q8_1_x4 elements=4096,1,1 gpu_ns=1520
VKPHASE pipeline=mul_mat_vec_rocmfp4_fast_q8_1_f32 elements=6144,1,1 gpu_ns=31120
VKPHASE pipeline=quantize_q8_1_x4 elements=4096,1,1 gpu_ns=1600
VKPHASE pipeline=mul_mat_vec_rocmfp4_fast_q8_1_f32 elements=2048,1,1 gpu_ns=11480
VKPHASE pipeline=quantize_q8_1_x4 elements=4096,1,1 gpu_ns=1640
VKPHASE pipeline=mul_mat_vec_rocmfp4_fast_q8_1_f32 elements=10752,1,1 gpu_ns=56760
VKPHASE pipeline=mul_mat_vec_rocmfp4_fast_q8_1_f32 elements=10752,1,1 gpu_ns=45080
VKPHASE pipeline=quantize_q8_1_x4 elements=21504,1,1 gpu_ns=1560
VKPHASE pipeline=mul_mat_vec_rocmfp4_fast_q8_1_f32 elements=2048,1,1 gpu_ns=51680
VKPHASE pipeline=quantize_q8_1_x4 elements=4096,1,1 gpu_ns=1680
VKPHASE pipeline=mul_mat_vec_rocmfp4_fast_q8_1_f32 elements=2048,1,1 gpu_ns=15440
VKPHASE pipeline=mul_mat_vec_rocmfp4_fast_q8_1_f32 elements=512,1,1 gpu_ns=320
VKPHASE pipeline=mul_mat_vec_rocmfp4_fast_q8_1_f32 elements=512,1,1 gpu_ns=320
VKPHASE pipeline=quantize_q8_1_x4 elements=4096,1,1 gpu_ns=1640
VKPHASE pipeline=mul_mat_vec_rocmfp4_fast_q8_1_f32 elements=2048,1,1 gpu_ns=12880
VKPHASE pipeline=quantize_q8_1_x4 elements=4096,1,1 gpu_ns=1680
VKPHASE pipeline=mul_mat_vec_rocmfp4_fast_q8_1_f32 elements=10752,1,1 gpu_ns=55560
VKPHASE pipeline=mul_mat_vec_rocmfp4_fast_q8_1_f32 elements=10752,1,1 gpu_ns=42680
VKPHASE pipeline=quantize_q8_1_x4 elements=21504,1,1 gpu_ns=1480
VKPHASE pipeline=mul_mat_vec_rocmfp4_fast_q8_1_f32 elements=2048,1,1 gpu_ns=51360
VKPHASE pipeline=quantize_q8_1_x4 elements=4096,1,1 gpu_ns=1440
VKPHASE pipeline=mul_mat_vec_rocmfp4_fast_q8_1_f32 elements=6144,1,1 gpu_ns=31200
VKPHASE pipeline=quantize_q8_1_x4 elements=4096,1,1 gpu_ns=1440
VKPHASE pipeline=mul_mat_vec_rocmfp4_fast_q8_1_f32 elements=2048,1,1 gpu_ns=9960
VKPHASE pipeline=quantize_q8_1_x4 elements=4096,1,1 gpu_ns=1800
VKPHASE pipeline=mul_mat_vec_rocmfp4_fast_q8_1_f32 elements=10752,1,1 gpu_ns=55840
VKPHASE pipeline=mul_mat_vec_rocmfp4_fast_q8_1_f32 elements=10752,1,1 gpu_ns=42560
VKPHASE pipeline=quantize_q8_1_x4 elements=21504,1,1 gpu_ns=1440
VKPHASE pipeline=mul_mat_vec_rocmfp4_fast_q8_1_f32 elements=2048,1,1 gpu_ns=70680
VKPHASE pipeline=quantize_q8_1_x4 elements=4096,1,1 gpu_ns=1400
VKPHASE pipeline=mul_mat_vec_rocmfp4_fast_q8_1_f32 elements=6144,1,1 gpu_ns=40880
VKPHASE pipeline=quantize_q8_1_x4 elements=4096,1,1 gpu_ns=1440
VKPHASE pipeline=mul_mat_vec_rocmfp4_fast_q8_1_f32 elements=2048,1,1 gpu_ns=11240
VKPHASE pipeline=quantize_q8_1_x4 elements=2048,1,1 gpu_ns=1400
VKPHASE pipeline=mul_mat_vec_rocmfp4_fast_q8_1_f32 elements=10752,1,1 gpu_ns=55240
VKPHASE pipeline=mul_mat_vec_rocmfp4_fast_q8_1_f32 elements=10752,1,1 gpu_ns=44200
VKPHASE pipeline=quantize_q8_1_x4 elements=10752,1,1 gpu_ns=1440
VKPHASE pipeline=mul_mat_vec_rocmfp4_fast_q8_1_f32 elements=2048,1,1 gpu_ns=49120
VKPHASE pipeline=quantize_q8_1_x4 elements=2048,1,1 gpu_ns=1400
VKPHASE pipeline=mul_mat_vec_rocmfp4_fast_q8_1_f32 elements=128000,1,1 gpu_ns=570600
0.01.940.096 I srv    load_model: initializing, n_slots = 4, n_ctx_slot = 8704, kv_unified = 'false'
0.01.940.136 I srv    load_model: sequence policy: lowest_slot_first=1 dense_sequences=0 remap_trace=0
0.01.945.047 W srv          init: chat template supports preserving reasoning, it is enabled by default (may use more tokens, disable via --no-reasoning-preserve)
0.01.945.083 I srv  llama_server: model loaded
0.01.945.087 I srv  llama_server: listening on http://127.0.0.1:18184
0.10.378.857 I slot get_availabl: id  0 | task -1 | selected slot by id (0)
0.10.378.901 I slot launch_slot_: id  0 | task 1 | processing task, is_child = 0
----------------
Vulkan Timings:
ADD: 58 x 13.445 us = 779.84 us
CONCAT: 21 x 37.948 us = 796.92 us
CPY, SSM_CONV: 22 x 34.88 us = 767.36 us
FLASH_ATTN_EXT dst(64,32,128,1),  q(64,128,32,1),  k(64,256,8,1),  v(64,256,8,1),  m(256,128,1,1), SCALE: 8 x 152.38 us = 1219.04 us (1761.62 GFLOPS/s)
GET_ROWS, GET_ROWS, CONCAT, CPY: 1 x 130.32 us = 130.32 us
GET_ROWS, GET_ROWS, CPY, MUL_MAT f32 m=64 n=4096 k=64: 8 x 20.795 us = 166.36 us (1600.98 GFLOPS/s)
GET_ROWS, GET_ROWS, MUL_MAT q4_0_rocmfp4_fast m=2048 n=128 k=10752: 12 x 679.563 us = 8154.76 us (8294.86 GFLOPS/s)
GET_ROWS, GET_ROWS, RMS_NORM_MUL RMS_NORM(2048,128,1,1), CPY: 1 x 122.16 us = 122.16 us
GLU: 17 x 52.668 us = 895.36 us
GLU, SCALE: 12 x 52.443 us = 629.32 us
MUL: 43 x 14.038 us = 603.64 us
MUL, SCALE: 1 x 53.72 us = 53.72 us
MUL_MAT f32 m=64 n=1024 k=64: 8 x 3.69 us = 29.52 us (2255.58 GFLOPS/s)
MUL_MAT f32 m=64 n=1024 k=64, RMS_NORM_MUL_ROPE RMS_NORM(64,8,128,1): 8 x 42.46 us = 339.68 us (196.021 GFLOPS/s)
MUL_MAT f32 m=64 n=4096 k=64: 8 x 25.135 us = 201.08 us (1324.54 GFLOPS/s)
MUL_MAT q4_0_rocmfp4_fast m=10752 n=128 k=2048, MUL_MAT q4_0_rocmfp4_fast m=10752 n=128 k=2048: 29 x 1084.65 us = 31454.8 us (10391.9 GFLOPS/s)
MUL_MAT q4_0_rocmfp4_fast m=2048 n=128 k=10752: 17 x 766.684 us = 13033.6 us (7352.29 GFLOPS/s)
MUL_MAT q4_0_rocmfp4_fast m=2048 n=128 k=2048: 29 x 135.557 us = 3931.16 us (7919.01 GFLOPS/s)
MUL_MAT q4_0_rocmfp4_fast m=2048 n=128 k=2048, MUL_MAT q4_0_rocmfp4_fast m=512 n=128 k=2048, MUL_MAT q4_0_rocmfp4_fast m=512 n=128 k=2048: 8 x 356.555 us = 2852.44 us (4516.05 GFLOPS/s)
MUL_MAT q4_0_rocmfp4_fast m=6144 n=128 k=2048: 10 x 530.017 us = 5300.17 us (6076.11 GFLOPS/s)
MUL_MAT q4_0_rocmfp4_fast m=6144 n=128 k=2048, CPY: 12 x 286.913 us = 3442.96 us (11224.4 GFLOPS/s)
RMS_NORM_MUL RMS_NORM(2048,128,1,1): 57 x 12.955 us = 738.48 us
RMS_NORM_MUL RMS_NORM(2048,128,1,1), GET_ROWS: 1 x 10.52 us = 10.52 us
RMS_NORM_MUL_ROPE RMS_NORM(64,32,128,1): 8 x 137.27 us = 1098.16 us
SCALE: 1 x 20.76 us = 20.76 us
SET_ROWS, SET_ROWS: 8 x 6.575 us = 52.6 us
Total time: 76824.8 us.
VKPHASE pipeline=quantize_q8_1_x4 elements=262144,1,1 gpu_ns=24760
VKPHASE pipeline=quantize_q8_1_x4 elements=262144,1,1 gpu_ns=10120
VKPHASE pipeline=quantize_q8_1_x4 elements=262144,1,1 gpu_ns=8640
VKPHASE pipeline=quantize_q8_1_x4 elements=1376256,1,1 gpu_ns=31920
VKPHASE pipeline=quantize_q8_1_x4 elements=262144,1,1 gpu_ns=10040
VKPHASE pipeline=quantize_q8_1_x4 elements=262144,1,1 gpu_ns=8640
VKPHASE pipeline=quantize_q8_1_x4 elements=262144,1,1 gpu_ns=10160
VKPHASE pipeline=quantize_q8_1_x4 elements=1376256,1,1 gpu_ns=27360
VKPHASE pipeline=quantize_q8_1_x4 elements=262144,1,1 gpu_ns=8760
VKPHASE pipeline=quantize_q8_1_x4 elements=262144,1,1 gpu_ns=10720
VKPHASE pipeline=quantize_q8_1_x4 elements=262144,1,1 gpu_ns=10280
VKPHASE pipeline=quantize_q8_1_x4 elements=1376256,1,1 gpu_ns=26640
VKPHASE pipeline=quantize_q8_1_x4 elements=262144,1,1 gpu_ns=10120
VKPHASE pipeline=quantize_q8_1_x4 elements=262144,1,1 gpu_ns=8080
VKPHASE pipeline=quantize_q8_1_x4 elements=262144,1,1 gpu_ns=7240
VKPHASE pipeline=quantize_q8_1_x4 elements=1376256,1,1 gpu_ns=15360
VKPHASE pipeline=quantize_q8_1_x4 elements=262144,1,1 gpu_ns=4880
VKPHASE pipeline=quantize_q8_1_x4 elements=262144,1,1 gpu_ns=4440
VKPHASE pipeline=quantize_q8_1_x4 elements=262144,1,1 gpu_ns=2360
VKPHASE pipeline=quantize_q8_1_x4 elements=1376256,1,1 gpu_ns=15800
VKPHASE pipeline=quantize_q8_1_x4 elements=262144,1,1 gpu_ns=5600
VKPHASE pipeline=quantize_q8_1_x4 elements=262144,1,1 gpu_ns=3560
VKPHASE pipeline=quantize_q8_1_x4 elements=262144,1,1 gpu_ns=5560
VKPHASE pipeline=quantize_q8_1_x4 elements=1376256,1,1 gpu_ns=17320
VKPHASE pipeline=quantize_q8_1_x4 elements=262144,1,1 gpu_ns=5280
VKPHASE pipeline=quantize_q8_1_x4 elements=262144,1,1 gpu_ns=3440
VKPHASE pipeline=quantize_q8_1_x4 elements=262144,1,1 gpu_ns=5480
VKPHASE pipeline=quantize_q8_1_x4 elements=1376256,1,1 gpu_ns=15000
VKPHASE pipeline=quantize_q8_1_x4 elements=262144,1,1 gpu_ns=2080
VKPHASE pipeline=quantize_q8_1_x4 elements=262144,1,1 gpu_ns=3360
VKPHASE pipeline=quantize_q8_1_x4 elements=262144,1,1 gpu_ns=3680
VKPHASE pipeline=quantize_q8_1_x4 elements=1376256,1,1 gpu_ns=14720
VKPHASE pipeline=quantize_q8_1_x4 elements=262144,1,1 gpu_ns=3800
VKPHASE pipeline=quantize_q8_1_x4 elements=262144,1,1 gpu_ns=3320
VKPHASE pipeline=quantize_q8_1_x4 elements=262144,1,1 gpu_ns=5280
VKPHASE pipeline=quantize_q8_1_x4 elements=1376256,1,1 gpu_ns=15080
VKPHASE pipeline=quantize_q8_1_x4 elements=262144,1,1 gpu_ns=3760
VKPHASE pipeline=quantize_q8_1_x4 elements=262144,1,1 gpu_ns=5440
VKPHASE pipeline=quantize_q8_1_x4 elements=262144,1,1 gpu_ns=3720
VKPHASE pipeline=quantize_q8_1_x4 elements=1376256,1,1 gpu_ns=14680
VKPHASE pipeline=quantize_q8_1_x4 elements=262144,1,1 gpu_ns=3880
VKPHASE pipeline=quantize_q8_1_x4 elements=262144,1,1 gpu_ns=3360
VKPHASE pipeline=quantize_q8_1_x4 elements=262144,1,1 gpu_ns=3600
VKPHASE pipeline=quantize_q8_1_x4 elements=1376256,1,1 gpu_ns=14800
VKPHASE pipeline=quantize_q8_1_x4 elements=262144,1,1 gpu_ns=3800
VKPHASE pipeline=quantize_q8_1_x4 elements=262144,1,1 gpu_ns=3320
VKPHASE pipeline=quantize_q8_1_x4 elements=262144,1,1 gpu_ns=3640
VKPHASE pipeline=quantize_q8_1_x4 elements=1376256,1,1 gpu_ns=15480
VKPHASE pipeline=quantize_q8_1_x4 elements=262144,1,1 gpu_ns=5520
VKPHASE pipeline=quantize_q8_1_x4 elements=262144,1,1 gpu_ns=3320
VKPHASE pipeline=quantize_q8_1_x4 elements=262144,1,1 gpu_ns=5360
VKPHASE pipeline=quantize_q8_1_x4 elements=1376256,1,1 gpu_ns=12240
VKPHASE pipeline=quantize_q8_1_x4 elements=262144,1,1 gpu_ns=3240
VKPHASE pipeline=quantize_q8_1_x4 elements=262144,1,1 gpu_ns=3240
VKPHASE pipeline=quantize_q8_1_x4 elements=262144,1,1 gpu_ns=3600
VKPHASE pipeline=quantize_q8_1_x4 elements=1376256,1,1 gpu_ns=12080
VKPHASE pipeline=quantize_q8_1_x4 elements=262144,1,1 gpu_ns=1520
VKPHASE pipeline=quantize_q8_1_x4 elements=262144,1,1 gpu_ns=1440
VKPHASE pipeline=quantize_q8_1_x4 elements=262144,1,1 gpu_ns=3240
VKPHASE pipeline=quantize_q8_1_x4 elements=1376256,1,1 gpu_ns=12080
VKPHASE pipeline=quantize_q8_1_x4 elements=262144,1,1 gpu_ns=1560
VKPHASE pipeline=quantize_q8_1_x4 elements=262144,1,1 gpu_ns=1440
VKPHASE pipeline=quantize_q8_1_x4 elements=262144,1,1 gpu_ns=1480
VKPHASE pipeline=quantize_q8_1_x4 elements=1376256,1,1 gpu_ns=11840
VKPHASE pipeline=quantize_q8_1_x4 elements=262144,1,1 gpu_ns=1480
VKPHASE pipeline=quantize_q8_1_x4 elements=262144,1,1 gpu_ns=3200
VKPHASE pipeline=quantize_q8_1_x4 elements=262144,1,1 gpu_ns=3200
VKPHASE pipeline=quantize_q8_1_x4 elements=1376256,1,1 gpu_ns=12080
VKPHASE pipeline=quantize_q8_1_x4 elements=262144,1,1 gpu_ns=3200
VKPHASE pipeline=quantize_q8_1_x4 elements=262144,1,1 gpu_ns=3240
VKPHASE pipeline=quantize_q8_1_x4 elements=262144,1,1 gpu_ns=3240
VKPHASE pipeline=quantize_q8_1_x4 elements=1376256,1,1 gpu_ns=12000
VKPHASE pipeline=quantize_q8_1_x4 elements=262144,1,1 gpu_ns=3200
VKPHASE pipeline=quantize_q8_1_x4 elements=262144,1,1 gpu_ns=3240
VKPHASE pipeline=quantize_q8_1_x4 elements=262144,1,1 gpu_ns=3440
VKPHASE pipeline=quantize_q8_1_x4 elements=1376256,1,1 gpu_ns=12120
VKPHASE pipeline=quantize_q8_1_x4 elements=262144,1,1 gpu_ns=3200
VKPHASE pipeline=quantize_q8_1_x4 elements=262144,1,1 gpu_ns=1440
VKPHASE pipeline=quantize_q8_1_x4 elements=262144,1,1 gpu_ns=3200
VKPHASE pipeline=quantize_q8_1_x4 elements=1376256,1,1 gpu_ns=11560
VKPHASE pipeline=quantize_q8_1_x4 elements=262144,1,1 gpu_ns=3240
VKPHASE pipeline=quantize_q8_1_x4 elements=262144,1,1 gpu_ns=1440
VKPHASE pipeline=quantize_q8_1_x4 elements=262144,1,1 gpu_ns=1440
VKPHASE pipeline=quantize_q8_1_x4 elements=1376256,1,1 gpu_ns=12600
VKPHASE pipeline=quantize_q8_1_x4 elements=262144,1,1 gpu_ns=3160
VKPHASE pipeline=quantize_q8_1_x4 elements=262144,1,1 gpu_ns=3200
VKPHASE pipeline=quantize_q8_1_x4 elements=262144,1,1 gpu_ns=3280
VKPHASE pipeline=quantize_q8_1_x4 elements=1376256,1,1 gpu_ns=12760
VKPHASE pipeline=quantize_q8_1_x4 elements=262144,1,1 gpu_ns=3200
VKPHASE pipeline=quantize_q8_1_x4 elements=262144,1,1 gpu_ns=3280
VKPHASE pipeline=quantize_q8_1_x4 elements=262144,1,1 gpu_ns=3240
VKPHASE pipeline=quantize_q8_1_x4 elements=1376256,1,1 gpu_ns=12320
VKPHASE pipeline=quantize_q8_1_x4 elements=262144,1,1 gpu_ns=3440
VKPHASE pipeline=quantize_q8_1_x4 elements=262144,1,1 gpu_ns=1480
VKPHASE pipeline=quantize_q8_1_x4 elements=262144,1,1 gpu_ns=1440
VKPHASE pipeline=quantize_q8_1_x4 elements=1376256,1,1 gpu_ns=12000
VKPHASE pipeline=quantize_q8_1_x4 elements=262144,1,1 gpu_ns=1480
VKPHASE pipeline=quantize_q8_1_x4 elements=262144,1,1 gpu_ns=3240
VKPHASE pipeline=quantize_q8_1_x4 elements=262144,1,1 gpu_ns=3160
VKPHASE pipeline=quantize_q8_1_x4 elements=1376256,1,1 gpu_ns=12160
VKPHASE pipeline=quantize_q8_1_x4 elements=262144,1,1 gpu_ns=1480
VKPHASE pipeline=quantize_q8_1_x4 elements=262144,1,1 gpu_ns=1440
VKPHASE pipeline=quantize_q8_1_x4 elements=262144,1,1 gpu_ns=3160
VKPHASE pipeline=quantize_q8_1_x4 elements=1376256,1,1 gpu_ns=12120
VKPHASE pipeline=quantize_q8_1_x4 elements=262144,1,1 gpu_ns=1480
VKPHASE pipeline=quantize_q8_1_x4 elements=262144,1,1 gpu_ns=3160
VKPHASE pipeline=quantize_q8_1_x4 elements=262144,1,1 gpu_ns=3160
VKPHASE pipeline=quantize_q8_1_x4 elements=1376256,1,1 gpu_ns=11960
VKPHASE pipeline=quantize_q8_1_x4 elements=262144,1,1 gpu_ns=3120
VKPHASE pipeline=quantize_q8_1_x4 elements=262144,1,1 gpu_ns=3160
VKPHASE pipeline=quantize_q8_1_x4 elements=262144,1,1 gpu_ns=3160
VKPHASE pipeline=quantize_q8_1_x4 elements=1376256,1,1 gpu_ns=12480
VKPHASE pipeline=quantize_q8_1_x4 elements=262144,1,1 gpu_ns=3240
VKPHASE pipeline=quantize_q8_1_x4 elements=262144,1,1 gpu_ns=1440
VKPHASE pipeline=quantize_q8_1_x4 elements=262144,1,1 gpu_ns=3200
VKPHASE pipeline=quantize_q8_1_x4 elements=1376256,1,1 gpu_ns=11800
VKPHASE pipeline=quantize_q8_1_x4 elements=262144,1,1 gpu_ns=11360
VKPHASE pipeline=quantize_q8_1_x4 elements=262144,1,1 gpu_ns=1440
----------------
Vulkan Timings:
ADD: 58 x 10.464 us = 606.96 us
CONCAT: 21 x 31.571 us = 663 us
CONCAT, CPY: 1 x 30.04 us = 30.04 us
CPY, SSM_CONV: 22 x 16.918 us = 372.2 us
FLASH_ATTN_EXT dst(64,32,128,1),  q(64,128,32,1),  k(64,256,8,1),  v(64,256,8,1),  m(256,128,1,1), SCALE: 1 x 154.96 us = 154.96 us (1732.29 GFLOPS/s)
FLASH_ATTN_EXT dst(64,32,128,1),  q(64,128,32,1),  k(64,256,8,1),  v(64,256,8,1),  m(256,128,1,1), SCALE, GET_ROWS, GET_ROWS, CPY: 7 x 159.262 us = 1114.84 us (1685.49 GFLOPS/s)
GET_ROWS, GET_ROWS, CPY, MUL_MAT f32 m=64 n=4096 k=64: 1 x 16.56 us = 16.56 us (2010.4 GFLOPS/s)
GLU: 17 x 37.995 us = 645.92 us
GLU, SCALE, GET_ROWS, GET_ROWS: 12 x 41.536 us = 498.44 us
MUL: 43 x 10.437 us = 448.8 us
MUL, SCALE, GET_ROWS, GET_ROWS: 1 x 12.56 us = 12.56 us
MUL_MAT f32 m=64 n=1024 k=64: 8 x 3.015 us = 24.12 us (2760.55 GFLOPS/s)
MUL_MAT f32 m=64 n=1024 k=64, RMS_NORM_MUL_ROPE RMS_NORM(64,8,128,1): 8 x 32.945 us = 263.56 us (252.635 GFLOPS/s)
MUL_MAT f32 m=64 n=4096 k=64: 15 x 17.013 us = 255.2 us (1956.84 GFLOPS/s)
MUL_MAT q4_0_rocmfp4_fast m=10752 n=128 k=2048, MUL_MAT q4_0_rocmfp4_fast m=10752 n=128 k=2048: 29 x 795.731 us = 23076.2 us (14165 GFLOPS/s)
MUL_MAT q4_0_rocmfp4_fast m=2048 n=128 k=10752: 29 x 565.128 us = 16388.7 us (9974.52 GFLOPS/s)
MUL_MAT q4_0_rocmfp4_fast m=2048 n=128 k=2048: 29 x 98.842 us = 2866.44 us (10860.5 GFLOPS/s)
MUL_MAT q4_0_rocmfp4_fast m=2048 n=128 k=2048, MUL_MAT q4_0_rocmfp4_fast m=512 n=128 k=2048, MUL_MAT q4_0_rocmfp4_fast m=512 n=128 k=2048: 8 x 149.255 us = 1194.04 us (10788.4 GFLOPS/s)
MUL_MAT q4_0_rocmfp4_fast m=6144 n=128 k=2048: 10 x 238.48 us = 2384.8 us (13504 GFLOPS/s)
MUL_MAT q4_0_rocmfp4_fast m=6144 n=128 k=2048, CPY: 12 x 240.71 us = 2888.52 us (13378.9 GFLOPS/s)
RMS_NORM_MUL RMS_NORM(2048,128,1,1): 57 x 10.34 us = 589.4 us
RMS_NORM_MUL RMS_NORM(2048,128,1,1), GET_ROWS: 1 x 10.24 us = 10.24 us
RMS_NORM_MUL_ROPE RMS_NORM(64,32,128,1): 8 x 106.485 us = 851.88 us
SCALE, GET_ROWS, GET_ROWS, RMS_NORM_MUL RMS_NORM(2048,128,1,1), CPY: 1 x 14.32 us = 14.32 us
SET_ROWS, SET_ROWS: 8 x 4.91 us = 39.28 us
Total time: 55411 us.
VKPHASE pipeline=quantize_q8_1_x4 elements=262144,1,1 gpu_ns=1520
VKPHASE pipeline=quantize_q8_1_x4 elements=262144,1,1 gpu_ns=3200
VKPHASE pipeline=quantize_q8_1_x4 elements=262144,1,1 gpu_ns=3400
VKPHASE pipeline=quantize_q8_1_x4 elements=1376256,1,1 gpu_ns=12160
VKPHASE pipeline=quantize_q8_1_x4 elements=262144,1,1 gpu_ns=3160
VKPHASE pipeline=quantize_q8_1_x4 elements=262144,1,1 gpu_ns=1440
VKPHASE pipeline=quantize_q8_1_x4 elements=262144,1,1 gpu_ns=3200
VKPHASE pipeline=quantize_q8_1_x4 elements=1376256,1,1 gpu_ns=12440
VKPHASE pipeline=quantize_q8_1_x4 elements=262144,1,1 gpu_ns=3160
VKPHASE pipeline=quantize_q8_1_x4 elements=262144,1,1 gpu_ns=3240
VKPHASE pipeline=quantize_q8_1_x4 elements=262144,1,1 gpu_ns=3200
VKPHASE pipeline=quantize_q8_1_x4 elements=1376256,1,1 gpu_ns=12440
VKPHASE pipeline=quantize_q8_1_x4 elements=262144,1,1 gpu_ns=3200
VKPHASE pipeline=quantize_q8_1_x4 elements=262144,1,1 gpu_ns=3200
VKPHASE pipeline=quantize_q8_1_x4 elements=262144,1,1 gpu_ns=3160
VKPHASE pipeline=quantize_q8_1_x4 elements=1376256,1,1 gpu_ns=12120
VKPHASE pipeline=quantize_q8_1_x4 elements=262144,1,1 gpu_ns=3200
VKPHASE pipeline=quantize_q8_1_x4 elements=262144,1,1 gpu_ns=1440
VKPHASE pipeline=quantize_q8_1_x4 elements=262144,1,1 gpu_ns=1480
VKPHASE pipeline=quantize_q8_1_x4 elements=1376256,1,1 gpu_ns=12080
VKPHASE pipeline=quantize_q8_1_x4 elements=262144,1,1 gpu_ns=3200
VKPHASE pipeline=quantize_q8_1_x4 elements=262144,1,1 gpu_ns=1560
VKPHASE pipeline=quantize_q8_1_x4 elements=262144,1,1 gpu_ns=3160
VKPHASE pipeline=quantize_q8_1_x4 elements=1376256,1,1 gpu_ns=12240
VKPHASE pipeline=quantize_q8_1_x4 elements=262144,1,1 gpu_ns=1520
VKPHASE pipeline=quantize_q8_1_x4 elements=262144,1,1 gpu_ns=1480
VKPHASE pipeline=quantize_q8_1_x4 elements=262144,1,1 gpu_ns=1480
VKPHASE pipeline=quantize_q8_1_x4 elements=1376256,1,1 gpu_ns=12720
VKPHASE pipeline=quantize_q8_1_x4 elements=262144,1,1 gpu_ns=3200
VKPHASE pipeline=quantize_q8_1_x4 elements=262144,1,1 gpu_ns=3120
VKPHASE pipeline=quantize_q8_1_x4 elements=262144,1,1 gpu_ns=3200
VKPHASE pipeline=quantize_q8_1_x4 elements=1376256,1,1 gpu_ns=12080
VKPHASE pipeline=quantize_q8_1_x4 elements=262144,1,1 gpu_ns=3520
VKPHASE pipeline=quantize_q8_1_x4 elements=262144,1,1 gpu_ns=3160
VKPHASE pipeline=quantize_q8_1_x4 elements=262144,1,1 gpu_ns=3200
VKPHASE pipeline=quantize_q8_1_x4 elements=1376256,1,1 gpu_ns=31920
VKPHASE pipeline=quantize_q8_1_x4 elements=262144,1,1 gpu_ns=3160
VKPHASE pipeline=quantize_q8_1_x4 elements=262144,1,1 gpu_ns=3200
VKPHASE pipeline=quantize_q8_1_x4 elements=262144,1,1 gpu_ns=1440
VKPHASE pipeline=quantize_q8_1_x4 elements=1376256,1,1 gpu_ns=12200
VKPHASE pipeline=quantize_q8_1_x4 elements=262144,1,1 gpu_ns=3120
VKPHASE pipeline=quantize_q8_1_x4 elements=262144,1,1 gpu_ns=3200
VKPHASE pipeline=quantize_q8_1_x4 elements=262144,1,1 gpu_ns=3120
VKPHASE pipeline=quantize_q8_1_x4 elements=1376256,1,1 gpu_ns=12040
VKPHASE pipeline=quantize_q8_1_x4 elements=262144,1,1 gpu_ns=3160
VKPHASE pipeline=quantize_q8_1_x4 elements=262144,1,1 gpu_ns=3160
VKPHASE pipeline=quantize_q8_1_x4 elements=262144,1,1 gpu_ns=1440
VKPHASE pipeline=quantize_q8_1_x4 elements=1376256,1,1 gpu_ns=12000
VKPHASE pipeline=quantize_q8_1_x4 elements=262144,1,1 gpu_ns=3200
VKPHASE pipeline=quantize_q8_1_x4 elements=262144,1,1 gpu_ns=3200
VKPHASE pipeline=quantize_q8_1_x4 elements=262144,1,1 gpu_ns=3520
VKPHASE pipeline=quantize_q8_1_x4 elements=1376256,1,1 gpu_ns=11840
VKPHASE pipeline=quantize_q8_1_x4 elements=262144,1,1 gpu_ns=1520
VKPHASE pipeline=quantize_q8_1_x4 elements=262144,1,1 gpu_ns=3200
VKPHASE pipeline=quantize_q8_1_x4 elements=262144,1,1 gpu_ns=3200
VKPHASE pipeline=quantize_q8_1_x4 elements=1376256,1,1 gpu_ns=12080
VKPHASE pipeline=quantize_q8_1_x4 elements=262144,1,1 gpu_ns=3200
VKPHASE pipeline=quantize_q8_1_x4 elements=262144,1,1 gpu_ns=1480
VKPHASE pipeline=quantize_q8_1_x4 elements=262144,1,1 gpu_ns=1440
VKPHASE pipeline=quantize_q8_1_x4 elements=1376256,1,1 gpu_ns=12120
VKPHASE pipeline=quantize_q8_1_x4 elements=262144,1,1 gpu_ns=1600
VKPHASE pipeline=quantize_q8_1_x4 elements=262144,1,1 gpu_ns=1440
VKPHASE pipeline=quantize_q8_1_x4 elements=262144,1,1 gpu_ns=1440
VKPHASE pipeline=quantize_q8_1_x4 elements=1376256,1,1 gpu_ns=12520
VKPHASE pipeline=quantize_q8_1_x4 elements=262144,1,1 gpu_ns=1480
VKPHASE pipeline=quantize_q8_1_x4 elements=262144,1,1 gpu_ns=1560
VKPHASE pipeline=quantize_q8_1_x4 elements=262144,1,1 gpu_ns=3200
VKPHASE pipeline=quantize_q8_1_x4 elements=1376256,1,1 gpu_ns=12240
VKPHASE pipeline=quantize_q8_1_x4 elements=262144,1,1 gpu_ns=3160
VKPHASE pipeline=quantize_q8_1_x4 elements=262144,1,1 gpu_ns=2080
VKPHASE pipeline=quantize_q8_1_x4 elements=262144,1,1 gpu_ns=3200
VKPHASE pipeline=quantize_q8_1_x4 elements=1376256,1,1 gpu_ns=12360
VKPHASE pipeline=quantize_q8_1_x4 elements=262144,1,1 gpu_ns=3520
VKPHASE pipeline=quantize_q8_1_x4 elements=262144,1,1 gpu_ns=3200
VKPHASE pipeline=quantize_q8_1_x4 elements=262144,1,1 gpu_ns=3200
VKPHASE pipeline=quantize_q8_1_x4 elements=1376256,1,1 gpu_ns=12040
VKPHASE pipeline=quantize_q8_1_x4 elements=262144,1,1 gpu_ns=3240
VKPHASE pipeline=quantize_q8_1_x4 elements=262144,1,1 gpu_ns=3160
VKPHASE pipeline=quantize_q8_1_x4 elements=262144,1,1 gpu_ns=3160
VKPHASE pipeline=quantize_q8_1_x4 elements=1376256,1,1 gpu_ns=12120
VKPHASE pipeline=quantize_q8_1_x4 elements=262144,1,1 gpu_ns=3240
VKPHASE pipeline=quantize_q8_1_x4 elements=262144,1,1 gpu_ns=3160
VKPHASE pipeline=quantize_q8_1_x4 elements=262144,1,1 gpu_ns=3240
VKPHASE pipeline=quantize_q8_1_x4 elements=1376256,1,1 gpu_ns=12120
VKPHASE pipeline=quantize_q8_1_x4 elements=262144,1,1 gpu_ns=3160
VKPHASE pipeline=quantize_q8_1_x4 elements=262144,1,1 gpu_ns=3360
VKPHASE pipeline=quantize_q8_1_x4 elements=262144,1,1 gpu_ns=3240
VKPHASE pipeline=quantize_q8_1_x4 elements=1376256,1,1 gpu_ns=12040
VKPHASE pipeline=quantize_q8_1_x4 elements=262144,1,1 gpu_ns=3200
VKPHASE pipeline=quantize_q8_1_x4 elements=262144,1,1 gpu_ns=1480
VKPHASE pipeline=quantize_q8_1_x4 elements=262144,1,1 gpu_ns=3240
VKPHASE pipeline=quantize_q8_1_x4 elements=1376256,1,1 gpu_ns=12120
VKPHASE pipeline=quantize_q8_1_x4 elements=262144,1,1 gpu_ns=3200
VKPHASE pipeline=quantize_q8_1_x4 elements=262144,1,1 gpu_ns=1480
VKPHASE pipeline=quantize_q8_1_x4 elements=262144,1,1 gpu_ns=1440
VKPHASE pipeline=quantize_q8_1_x4 elements=1376256,1,1 gpu_ns=12080
VKPHASE pipeline=quantize_q8_1_x4 elements=262144,1,1 gpu_ns=1800
VKPHASE pipeline=quantize_q8_1_x4 elements=262144,1,1 gpu_ns=4520
VKPHASE pipeline=quantize_q8_1_x4 elements=262144,1,1 gpu_ns=1480
VKPHASE pipeline=quantize_q8_1_x4 elements=1376256,1,1 gpu_ns=12640
VKPHASE pipeline=quantize_q8_1_x4 elements=262144,1,1 gpu_ns=1560
VKPHASE pipeline=quantize_q8_1_x4 elements=262144,1,1 gpu_ns=3320
VKPHASE pipeline=quantize_q8_1_x4 elements=262144,1,1 gpu_ns=3200
VKPHASE pipeline=quantize_q8_1_x4 elements=1376256,1,1 gpu_ns=12440
VKPHASE pipeline=quantize_q8_1_x4 elements=262144,1,1 gpu_ns=3200
VKPHASE pipeline=quantize_q8_1_x4 elements=262144,1,1 gpu_ns=3160
VKPHASE pipeline=quantize_q8_1_x4 elements=262144,1,1 gpu_ns=3160
VKPHASE pipeline=quantize_q8_1_x4 elements=1376256,1,1 gpu_ns=12520
VKPHASE pipeline=quantize_q8_1_x4 elements=262144,1,1 gpu_ns=3160
VKPHASE pipeline=quantize_q8_1_x4 elements=262144,1,1 gpu_ns=1440
VKPHASE pipeline=quantize_q8_1_x4 elements=262144,1,1 gpu_ns=3200
VKPHASE pipeline=quantize_q8_1_x4 elements=1376256,1,1 gpu_ns=12480
VKPHASE pipeline=quantize_q8_1_x4 elements=262144,1,1 gpu_ns=3240
VKPHASE pipeline=quantize_q8_1_x4 elements=262144,1,1 gpu_ns=3200
VKPHASE pipeline=quantize_q8_1_x4 elements=262144,1,1 gpu_ns=3160
VKPHASE pipeline=quantize_q8_1_x4 elements=1376256,1,1 gpu_ns=12160
VKPHASE pipeline=quantize_q8_1_x4 elements=262144,1,1 gpu_ns=3240
VKPHASE pipeline=quantize_q8_1_x4 elements=262144,1,1 gpu_ns=1440
----------------
Vulkan Timings:
ADD: 58 x 16.035 us = 930.04 us
CONCAT: 21 x 40.617 us = 852.96 us
CONCAT, CPY: 1 x 30.04 us = 30.04 us
CPY, SSM_CONV: 22 x 21.38 us = 470.36 us
FLASH_ATTN_EXT dst(64,32,128,1),  q(64,128,32,1),  k(64,512,8,1),  v(64,512,8,1),  m(512,128,1,1), SCALE: 1 x 180.04 us = 180.04 us (2981.95 GFLOPS/s)
FLASH_ATTN_EXT dst(64,32,128,1),  q(64,128,32,1),  k(64,512,8,1),  v(64,512,8,1),  m(512,128,1,1), SCALE, GET_ROWS, GET_ROWS, CPY: 7 x 249.434 us = 1746.04 us (2152.35 GFLOPS/s)
GET_ROWS, GET_ROWS, CPY, MUL_MAT f32 m=64 n=4096 k=64: 1 x 17.6 us = 17.6 us (1891.61 GFLOPS/s)
GLU: 17 x 56.08 us = 953.36 us
GLU, SCALE, GET_ROWS, GET_ROWS: 12 x 57.633 us = 691.6 us
MUL: 43 x 14.336 us = 616.48 us
MUL, SCALE, GET_ROWS, GET_ROWS: 1 x 12.44 us = 12.44 us
MUL_MAT f32 m=64 n=1024 k=64: 8 x 3.99 us = 31.92 us (2085.98 GFLOPS/s)
MUL_MAT f32 m=64 n=1024 k=64, RMS_NORM_MUL_ROPE RMS_NORM(64,8,128,1): 8 x 43.095 us = 344.76 us (193.133 GFLOPS/s)
MUL_MAT f32 m=64 n=4096 k=64: 15 x 23.877 us = 358.16 us (1394.31 GFLOPS/s)
MUL_MAT q4_0_rocmfp4_fast m=10752 n=128 k=2048, MUL_MAT q4_0_rocmfp4_fast m=10752 n=128 k=2048: 29 x 1076.24 us = 31211 us (10473.1 GFLOPS/s)
MUL_MAT q4_0_rocmfp4_fast m=2048 n=128 k=10752: 29 x 1956.19 us = 56729.5 us (2881.56 GFLOPS/s)
MUL_MAT q4_0_rocmfp4_fast m=2048 n=128 k=2048: 29 x 129.771 us = 3763.36 us (8272.11 GFLOPS/s)
MUL_MAT q4_0_rocmfp4_fast m=2048 n=128 k=2048, MUL_MAT q4_0_rocmfp4_fast m=512 n=128 k=2048, MUL_MAT q4_0_rocmfp4_fast m=512 n=128 k=2048: 8 x 210.475 us = 1683.8 us (7650.41 GFLOPS/s)
MUL_MAT q4_0_rocmfp4_fast m=6144 n=128 k=2048: 10 x 352.208 us = 3522.08 us (9143.57 GFLOPS/s)
MUL_MAT q4_0_rocmfp4_fast m=6144 n=128 k=2048, CPY: 12 x 304.796 us = 3657.56 us (10565.9 GFLOPS/s)
RMS_NORM_MUL RMS_NORM(2048,128,1,1): 57 x 13.366 us = 761.88 us
RMS_NORM_MUL RMS_NORM(2048,128,1,1), GET_ROWS: 1 x 11.4 us = 11.4 us
RMS_NORM_MUL_ROPE RMS_NORM(64,32,128,1): 8 x 148.62 us = 1188.96 us
SCALE, GET_ROWS, GET_ROWS, RMS_NORM_MUL RMS_NORM(2048,128,1,1), CPY: 1 x 14.44 us = 14.44 us
SET_ROWS, SET_ROWS: 8 x 8.175 us = 65.4 us
Total time: 109845 us.
VKPHASE pipeline=quantize_q8_1_x4 elements=262144,1,1 gpu_ns=1520
VKPHASE pipeline=quantize_q8_1_x4 elements=262144,1,1 gpu_ns=3320
VKPHASE pipeline=quantize_q8_1_x4 elements=262144,1,1 gpu_ns=3360
VKPHASE pipeline=quantize_q8_1_x4 elements=1376256,1,1 gpu_ns=12080
VKPHASE pipeline=quantize_q8_1_x4 elements=262144,1,1 gpu_ns=10560
VKPHASE pipeline=quantize_q8_1_x4 elements=262144,1,1 gpu_ns=10080
VKPHASE pipeline=quantize_q8_1_x4 elements=262144,1,1 gpu_ns=8560
VKPHASE pipeline=quantize_q8_1_x4 elements=1376256,1,1 gpu_ns=26600
VKPHASE pipeline=quantize_q8_1_x4 elements=262144,1,1 gpu_ns=8600
VKPHASE pipeline=quantize_q8_1_x4 elements=262144,1,1 gpu_ns=10160
VKPHASE pipeline=quantize_q8_1_x4 elements=262144,1,1 gpu_ns=8680
VKPHASE pipeline=quantize_q8_1_x4 elements=1376256,1,1 gpu_ns=27000
VKPHASE pipeline=quantize_q8_1_x4 elements=262144,1,1 gpu_ns=8720
VKPHASE pipeline=quantize_q8_1_x4 elements=262144,1,1 gpu_ns=8560
VKPHASE pipeline=quantize_q8_1_x4 elements=262144,1,1 gpu_ns=10080
VKPHASE pipeline=quantize_q8_1_x4 elements=1376256,1,1 gpu_ns=28680
VKPHASE pipeline=quantize_q8_1_x4 elements=262144,1,1 gpu_ns=7800
VKPHASE pipeline=quantize_q8_1_x4 elements=262144,1,1 gpu_ns=6200
VKPHASE pipeline=quantize_q8_1_x4 elements=262144,1,1 gpu_ns=6200
VKPHASE pipeline=quantize_q8_1_x4 elements=1376256,1,1 gpu_ns=14680
VKPHASE pipeline=quantize_q8_1_x4 elements=262144,1,1 gpu_ns=4800
VKPHASE pipeline=quantize_q8_1_x4 elements=262144,1,1 gpu_ns=3880
VKPHASE pipeline=quantize_q8_1_x4 elements=262144,1,1 gpu_ns=2400
VKPHASE pipeline=quantize_q8_1_x4 elements=1376256,1,1 gpu_ns=15840
VKPHASE pipeline=quantize_q8_1_x4 elements=262144,1,1 gpu_ns=5680
VKPHASE pipeline=quantize_q8_1_x4 elements=262144,1,1 gpu_ns=3200
VKPHASE pipeline=quantize_q8_1_x4 elements=262144,1,1 gpu_ns=5360
VKPHASE pipeline=quantize_q8_1_x4 elements=1376256,1,1 gpu_ns=16120
VKPHASE pipeline=quantize_q8_1_x4 elements=262144,1,1 gpu_ns=5720
VKPHASE pipeline=quantize_q8_1_x4 elements=262144,1,1 gpu_ns=3440
VKPHASE pipeline=quantize_q8_1_x4 elements=262144,1,1 gpu_ns=5440
VKPHASE pipeline=quantize_q8_1_x4 elements=1376256,1,1 gpu_ns=15520
VKPHASE pipeline=quantize_q8_1_x4 elements=262144,1,1 gpu_ns=3760
VKPHASE pipeline=quantize_q8_1_x4 elements=262144,1,1 gpu_ns=3320
VKPHASE pipeline=quantize_q8_1_x4 elements=262144,1,1 gpu_ns=3760
VKPHASE pipeline=quantize_q8_1_x4 elements=1376256,1,1 gpu_ns=14600
VKPHASE pipeline=quantize_q8_1_x4 elements=262144,1,1 gpu_ns=4000
VKPHASE pipeline=quantize_q8_1_x4 elements=262144,1,1 gpu_ns=5480
VKPHASE pipeline=quantize_q8_1_x4 elements=262144,1,1 gpu_ns=3720
VKPHASE pipeline=quantize_q8_1_x4 elements=1376256,1,1 gpu_ns=14680
VKPHASE pipeline=quantize_q8_1_x4 elements=262144,1,1 gpu_ns=2200
VKPHASE pipeline=quantize_q8_1_x4 elements=262144,1,1 gpu_ns=4560
VKPHASE pipeline=quantize_q8_1_x4 elements=262144,1,1 gpu_ns=3760
VKPHASE pipeline=quantize_q8_1_x4 elements=1376256,1,1 gpu_ns=15000
VKPHASE pipeline=quantize_q8_1_x4 elements=262144,1,1 gpu_ns=3840
VKPHASE pipeline=quantize_q8_1_x4 elements=262144,1,1 gpu_ns=3360
VKPHASE pipeline=quantize_q8_1_x4 elements=262144,1,1 gpu_ns=3920
VKPHASE pipeline=quantize_q8_1_x4 elements=1376256,1,1 gpu_ns=14600
VKPHASE pipeline=quantize_q8_1_x4 elements=262144,1,1 gpu_ns=3800
VKPHASE pipeline=quantize_q8_1_x4 elements=262144,1,1 gpu_ns=3320
VKPHASE pipeline=quantize_q8_1_x4 elements=262144,1,1 gpu_ns=5440
VKPHASE pipeline=quantize_q8_1_x4 elements=1376256,1,1 gpu_ns=14720
VKPHASE pipeline=quantize_q8_1_x4 elements=262144,1,1 gpu_ns=3920
VKPHASE pipeline=quantize_q8_1_x4 elements=262144,1,1 gpu_ns=5480
VKPHASE pipeline=quantize_q8_1_x4 elements=262144,1,1 gpu_ns=3800
VKPHASE pipeline=quantize_q8_1_x4 elements=1376256,1,1 gpu_ns=14400
VKPHASE pipeline=quantize_q8_1_x4 elements=262144,1,1 gpu_ns=2160
VKPHASE pipeline=quantize_q8_1_x4 elements=262144,1,1 gpu_ns=1640
VKPHASE pipeline=quantize_q8_1_x4 elements=262144,1,1 gpu_ns=3720
VKPHASE pipeline=quantize_q8_1_x4 elements=1376256,1,1 gpu_ns=14720
VKPHASE pipeline=quantize_q8_1_x4 elements=262144,1,1 gpu_ns=4120
VKPHASE pipeline=quantize_q8_1_x4 elements=262144,1,1 gpu_ns=3080
VKPHASE pipeline=quantize_q8_1_x4 elements=262144,1,1 gpu_ns=3760
VKPHASE pipeline=quantize_q8_1_x4 elements=1376256,1,1 gpu_ns=15760
VKPHASE pipeline=quantize_q8_1_x4 elements=262144,1,1 gpu_ns=3880
VKPHASE pipeline=quantize_q8_1_x4 elements=262144,1,1 gpu_ns=1600
VKPHASE pipeline=quantize_q8_1_x4 elements=262144,1,1 gpu_ns=4000
VKPHASE pipeline=quantize_q8_1_x4 elements=1376256,1,1 gpu_ns=15200
VKPHASE pipeline=quantize_q8_1_x4 elements=262144,1,1 gpu_ns=3840
VKPHASE pipeline=quantize_q8_1_x4 elements=262144,1,1 gpu_ns=5600
VKPHASE pipeline=quantize_q8_1_x4 elements=262144,1,1 gpu_ns=3720
VKPHASE pipeline=quantize_q8_1_x4 elements=1376256,1,1 gpu_ns=14800
VKPHASE pipeline=quantize_q8_1_x4 elements=262144,1,1 gpu_ns=3840
VKPHASE pipeline=quantize_q8_1_x4 elements=262144,1,1 gpu_ns=1600
VKPHASE pipeline=quantize_q8_1_x4 elements=262144,1,1 gpu_ns=5680
VKPHASE pipeline=quantize_q8_1_x4 elements=1376256,1,1 gpu_ns=14760
VKPHASE pipeline=quantize_q8_1_x4 elements=262144,1,1 gpu_ns=3800
VKPHASE pipeline=quantize_q8_1_x4 elements=262144,1,1 gpu_ns=3320
VKPHASE pipeline=quantize_q8_1_x4 elements=262144,1,1 gpu_ns=3640
VKPHASE pipeline=quantize_q8_1_x4 elements=1376256,1,1 gpu_ns=14680
VKPHASE pipeline=quantize_q8_1_x4 elements=262144,1,1 gpu_ns=3960
VKPHASE pipeline=quantize_q8_1_x4 elements=262144,1,1 gpu_ns=3320
VKPHASE pipeline=quantize_q8_1_x4 elements=262144,1,1 gpu_ns=3720
VKPHASE pipeline=quantize_q8_1_x4 elements=1376256,1,1 gpu_ns=14760
VKPHASE pipeline=quantize_q8_1_x4 elements=262144,1,1 gpu_ns=3680
VKPHASE pipeline=quantize_q8_1_x4 elements=262144,1,1 gpu_ns=3360
VKPHASE pipeline=quantize_q8_1_x4 elements=262144,1,1 gpu_ns=1880
VKPHASE pipeline=quantize_q8_1_x4 elements=1376256,1,1 gpu_ns=14200
VKPHASE pipeline=quantize_q8_1_x4 elements=262144,1,1 gpu_ns=4200
VKPHASE pipeline=quantize_q8_1_x4 elements=262144,1,1 gpu_ns=3400
VKPHASE pipeline=quantize_q8_1_x4 elements=262144,1,1 gpu_ns=3920
VKPHASE pipeline=quantize_q8_1_x4 elements=1376256,1,1 gpu_ns=14760
VKPHASE pipeline=quantize_q8_1_x4 elements=262144,1,1 gpu_ns=3720
VKPHASE pipeline=quantize_q8_1_x4 elements=262144,1,1 gpu_ns=1600
VKPHASE pipeline=quantize_q8_1_x4 elements=262144,1,1 gpu_ns=3680
VKPHASE pipeline=quantize_q8_1_x4 elements=1376256,1,1 gpu_ns=15560
VKPHASE pipeline=quantize_q8_1_x4 elements=262144,1,1 gpu_ns=5480
VKPHASE pipeline=quantize_q8_1_x4 elements=262144,1,1 gpu_ns=5600
VKPHASE pipeline=quantize_q8_1_x4 elements=262144,1,1 gpu_ns=3200
VKPHASE pipeline=quantize_q8_1_x4 elements=1376256,1,1 gpu_ns=15200
VKPHASE pipeline=quantize_q8_1_x4 elements=262144,1,1 gpu_ns=5400
VKPHASE pipeline=quantize_q8_1_x4 elements=262144,1,1 gpu_ns=3320
VKPHASE pipeline=quantize_q8_1_x4 elements=262144,1,1 gpu_ns=3720
VKPHASE pipeline=quantize_q8_1_x4 elements=1376256,1,1 gpu_ns=21360
VKPHASE pipeline=quantize_q8_1_x4 elements=262144,1,1 gpu_ns=3920
VKPHASE pipeline=quantize_q8_1_x4 elements=262144,1,1 gpu_ns=3320
VKPHASE pipeline=quantize_q8_1_x4 elements=262144,1,1 gpu_ns=3760
VKPHASE pipeline=quantize_q8_1_x4 elements=1376256,1,1 gpu_ns=15040
VKPHASE pipeline=quantize_q8_1_x4 elements=262144,1,1 gpu_ns=3720
VKPHASE pipeline=quantize_q8_1_x4 elements=262144,1,1 gpu_ns=5480
VKPHASE pipeline=quantize_q8_1_x4 elements=262144,1,1 gpu_ns=3720
VKPHASE pipeline=quantize_q8_1_x4 elements=1376256,1,1 gpu_ns=15600
VKPHASE pipeline=quantize_q8_1_x4 elements=262144,1,1 gpu_ns=3920
VKPHASE pipeline=quantize_q8_1_x4 elements=262144,1,1 gpu_ns=1640
VKPHASE pipeline=quantize_q8_1_x4 elements=262144,1,1 gpu_ns=3880
VKPHASE pipeline=quantize_q8_1_x4 elements=1376256,1,1 gpu_ns=15360
VKPHASE pipeline=quantize_q8_1_x4 elements=262144,1,1 gpu_ns=3760
VKPHASE pipeline=quantize_q8_1_x4 elements=262144,1,1 gpu_ns=3360
----------------
Vulkan Timings:
ADD: 58 x 12.417 us = 720.24 us
CONCAT: 21 x 30.735 us = 645.44 us
CONCAT, CPY: 1 x 31.76 us = 31.76 us
CPY, SSM_CONV: 22 x 18.947 us = 416.84 us
FLASH_ATTN_EXT dst(64,32,128,1),  q(64,128,32,1),  k(64,512,8,1),  v(64,512,8,1),  m(512,128,1,1), SCALE: 1 x 216.68 us = 216.68 us (2477.71 GFLOPS/s)
FLASH_ATTN_EXT dst(64,32,128,1),  q(64,128,32,1),  k(64,512,8,1),  v(64,512,8,1),  m(512,128,1,1), SCALE, GET_ROWS, GET_ROWS, CPY: 7 x 219.24 us = 1534.68 us (2448.78 GFLOPS/s)
GET_ROWS, GET_ROWS, CPY, MUL_MAT f32 m=64 n=4096 k=64: 1 x 17.56 us = 17.56 us (1895.92 GFLOPS/s)
GLU: 17 x 41.856 us = 711.56 us
GLU, SCALE, GET_ROWS, GET_ROWS: 12 x 43.176 us = 518.12 us
MUL: 43 x 11.004 us = 473.2 us
MUL, SCALE, GET_ROWS, GET_ROWS: 1 x 32.2 us = 32.2 us
MUL_MAT f32 m=64 n=1024 k=64: 8 x 3.05 us = 24.4 us (2728.88 GFLOPS/s)
MUL_MAT f32 m=64 n=1024 k=64, RMS_NORM_MUL_ROPE RMS_NORM(64,8,128,1): 8 x 34.88 us = 279.04 us (238.62 GFLOPS/s)
MUL_MAT f32 m=64 n=4096 k=64: 15 x 17.8 us = 267 us (1870.35 GFLOPS/s)
MUL_MAT q4_0_rocmfp4_fast m=10752 n=128 k=2048, MUL_MAT q4_0_rocmfp4_fast m=10752 n=128 k=2048: 29 x 810.914 us = 23516.5 us (13899.8 GFLOPS/s)
MUL_MAT q4_0_rocmfp4_fast m=2048 n=128 k=10752: 29 x 588.066 us = 17053.9 us (9585.46 GFLOPS/s)
MUL_MAT q4_0_rocmfp4_fast m=2048 n=128 k=2048: 29 x 96.27 us = 2791.84 us (11150.7 GFLOPS/s)
MUL_MAT q4_0_rocmfp4_fast m=2048 n=128 k=2048, MUL_MAT q4_0_rocmfp4_fast m=512 n=128 k=2048, MUL_MAT q4_0_rocmfp4_fast m=512 n=128 k=2048: 8 x 152.465 us = 1219.72 us (10561.2 GFLOPS/s)
MUL_MAT q4_0_rocmfp4_fast m=6144 n=128 k=2048: 10 x 256.476 us = 2564.76 us (12556.5 GFLOPS/s)
MUL_MAT q4_0_rocmfp4_fast m=6144 n=128 k=2048, CPY: 12 x 244.87 us = 2938.44 us (13151.6 GFLOPS/s)
RMS_NORM_MUL RMS_NORM(2048,128,1,1): 57 x 11.242 us = 640.8 us
RMS_NORM_MUL RMS_NORM(2048,128,1,1), GET_ROWS: 1 x 10.28 us = 10.28 us
RMS_NORM_MUL_ROPE RMS_NORM(64,32,128,1): 8 x 101.43 us = 811.44 us
SCALE, GET_ROWS, GET_ROWS, RMS_NORM_MUL RMS_NORM(2048,128,1,1), CPY: 1 x 16.88 us = 16.88 us
SET_ROWS, SET_ROWS: 8 x 33.505 us = 268.04 us
Total time: 57721.4 us.
VKPHASE pipeline=quantize_q8_1_x4 elements=262144,1,1 gpu_ns=8520
VKPHASE pipeline=quantize_q8_1_x4 elements=262144,1,1 gpu_ns=3400
VKPHASE pipeline=quantize_q8_1_x4 elements=262144,1,1 gpu_ns=3840
VKPHASE pipeline=quantize_q8_1_x4 elements=1376256,1,1 gpu_ns=15320
VKPHASE pipeline=quantize_q8_1_x4 elements=262144,1,1 gpu_ns=5520
VKPHASE pipeline=quantize_q8_1_x4 elements=262144,1,1 gpu_ns=3400
VKPHASE pipeline=quantize_q8_1_x4 elements=262144,1,1 gpu_ns=3680
VKPHASE pipeline=quantize_q8_1_x4 elements=1376256,1,1 gpu_ns=14880
VKPHASE pipeline=quantize_q8_1_x4 elements=262144,1,1 gpu_ns=5320
VKPHASE pipeline=quantize_q8_1_x4 elements=262144,1,1 gpu_ns=5400
VKPHASE pipeline=quantize_q8_1_x4 elements=262144,1,1 gpu_ns=3680
VKPHASE pipeline=quantize_q8_1_x4 elements=1376256,1,1 gpu_ns=15280
VKPHASE pipeline=quantize_q8_1_x4 elements=262144,1,1 gpu_ns=3160
VKPHASE pipeline=quantize_q8_1_x4 elements=262144,1,1 gpu_ns=3320
VKPHASE pipeline=quantize_q8_1_x4 elements=262144,1,1 gpu_ns=3640
VKPHASE pipeline=quantize_q8_1_x4 elements=1376256,1,1 gpu_ns=15520
VKPHASE pipeline=quantize_q8_1_x4 elements=262144,1,1 gpu_ns=3840
VKPHASE pipeline=quantize_q8_1_x4 elements=262144,1,1 gpu_ns=3360
VKPHASE pipeline=quantize_q8_1_x4 elements=262144,1,1 gpu_ns=3760
VKPHASE pipeline=quantize_q8_1_x4 elements=1376256,1,1 gpu_ns=14800
VKPHASE pipeline=quantize_q8_1_x4 elements=262144,1,1 gpu_ns=5760
VKPHASE pipeline=quantize_q8_1_x4 elements=262144,1,1 gpu_ns=5480
VKPHASE pipeline=quantize_q8_1_x4 elements=262144,1,1 gpu_ns=3640
VKPHASE pipeline=quantize_q8_1_x4 elements=1376256,1,1 gpu_ns=14520
VKPHASE pipeline=quantize_q8_1_x4 elements=262144,1,1 gpu_ns=5440
VKPHASE pipeline=quantize_q8_1_x4 elements=262144,1,1 gpu_ns=1720
VKPHASE pipeline=quantize_q8_1_x4 elements=262144,1,1 gpu_ns=3640
VKPHASE pipeline=quantize_q8_1_x4 elements=1376256,1,1 gpu_ns=14920
VKPHASE pipeline=quantize_q8_1_x4 elements=262144,1,1 gpu_ns=3840
VKPHASE pipeline=quantize_q8_1_x4 elements=262144,1,1 gpu_ns=3560
VKPHASE pipeline=quantize_q8_1_x4 elements=262144,1,1 gpu_ns=3720
VKPHASE pipeline=quantize_q8_1_x4 elements=1376256,1,1 gpu_ns=15320
VKPHASE pipeline=quantize_q8_1_x4 elements=262144,1,1 gpu_ns=14160
VKPHASE pipeline=quantize_q8_1_x4 elements=262144,1,1 gpu_ns=3360
VKPHASE pipeline=quantize_q8_1_x4 elements=262144,1,1 gpu_ns=3640
VKPHASE pipeline=quantize_q8_1_x4 elements=1376256,1,1 gpu_ns=15480
VKPHASE pipeline=quantize_q8_1_x4 elements=262144,1,1 gpu_ns=3880
VKPHASE pipeline=quantize_q8_1_x4 elements=262144,1,1 gpu_ns=5400
VKPHASE pipeline=quantize_q8_1_x4 elements=262144,1,1 gpu_ns=5680
VKPHASE pipeline=quantize_q8_1_x4 elements=1376256,1,1 gpu_ns=14400
VKPHASE pipeline=quantize_q8_1_x4 elements=262144,1,1 gpu_ns=2240
VKPHASE pipeline=quantize_q8_1_x4 elements=262144,1,1 gpu_ns=4080
VKPHASE pipeline=quantize_q8_1_x4 elements=262144,1,1 gpu_ns=3680
VKPHASE pipeline=quantize_q8_1_x4 elements=1376256,1,1 gpu_ns=15200
VKPHASE pipeline=quantize_q8_1_x4 elements=262144,1,1 gpu_ns=2200
VKPHASE pipeline=quantize_q8_1_x4 elements=262144,1,1 gpu_ns=3320
VKPHASE pipeline=quantize_q8_1_x4 elements=262144,1,1 gpu_ns=3800
VKPHASE pipeline=quantize_q8_1_x4 elements=1376256,1,1 gpu_ns=14760
VKPHASE pipeline=quantize_q8_1_x4 elements=262144,1,1 gpu_ns=3760
VKPHASE pipeline=quantize_q8_1_x4 elements=262144,1,1 gpu_ns=3240
VKPHASE pipeline=quantize_q8_1_x4 elements=262144,1,1 gpu_ns=3720
VKPHASE pipeline=quantize_q8_1_x4 elements=1376256,1,1 gpu_ns=14800
VKPHASE pipeline=quantize_q8_1_x4 elements=262144,1,1 gpu_ns=5560
VKPHASE pipeline=quantize_q8_1_x4 elements=262144,1,1 gpu_ns=5480
VKPHASE pipeline=quantize_q8_1_x4 elements=262144,1,1 gpu_ns=3600
VKPHASE pipeline=quantize_q8_1_x4 elements=1376256,1,1 gpu_ns=14480
VKPHASE pipeline=quantize_q8_1_x4 elements=262144,1,1 gpu_ns=3800
VKPHASE pipeline=quantize_q8_1_x4 elements=262144,1,1 gpu_ns=1520
VKPHASE pipeline=quantize_q8_1_x4 elements=262144,1,1 gpu_ns=3680
VKPHASE pipeline=quantize_q8_1_x4 elements=1376256,1,1 gpu_ns=14800
VKPHASE pipeline=quantize_q8_1_x4 elements=262144,1,1 gpu_ns=3760
VKPHASE pipeline=quantize_q8_1_x4 elements=262144,1,1 gpu_ns=3360
VKPHASE pipeline=quantize_q8_1_x4 elements=262144,1,1 gpu_ns=3640
VKPHASE pipeline=quantize_q8_1_x4 elements=1376256,1,1 gpu_ns=14440
VKPHASE pipeline=quantize_q8_1_x4 elements=262144,1,1 gpu_ns=3800
VKPHASE pipeline=quantize_q8_1_x4 elements=262144,1,1 gpu_ns=1600
VKPHASE pipeline=quantize_q8_1_x4 elements=262144,1,1 gpu_ns=3760
VKPHASE pipeline=quantize_q8_1_x4 elements=1376256,1,1 gpu_ns=15760
VKPHASE pipeline=quantize_q8_1_x4 elements=262144,1,1 gpu_ns=6800
VKPHASE pipeline=quantize_q8_1_x4 elements=262144,1,1 gpu_ns=1640
VKPHASE pipeline=quantize_q8_1_x4 elements=262144,1,1 gpu_ns=3240
VKPHASE pipeline=quantize_q8_1_x4 elements=1376256,1,1 gpu_ns=12680
VKPHASE pipeline=quantize_q8_1_x4 elements=262144,1,1 gpu_ns=3200
VKPHASE pipeline=quantize_q8_1_x4 elements=262144,1,1 gpu_ns=3200
VKPHASE pipeline=quantize_q8_1_x4 elements=262144,1,1 gpu_ns=3240
VKPHASE pipeline=quantize_q8_1_x4 elements=1376256,1,1 gpu_ns=11960
VKPHASE pipeline=quantize_q8_1_x4 elements=262144,1,1 gpu_ns=1480
VKPHASE pipeline=quantize_q8_1_x4 elements=262144,1,1 gpu_ns=1480
VKPHASE pipeline=quantize_q8_1_x4 elements=262144,1,1 gpu_ns=3200
VKPHASE pipeline=quantize_q8_1_x4 elements=1376256,1,1 gpu_ns=12120
VKPHASE pipeline=quantize_q8_1_x4 elements=262144,1,1 gpu_ns=3440
VKPHASE pipeline=quantize_q8_1_x4 elements=262144,1,1 gpu_ns=1560
VKPHASE pipeline=quantize_q8_1_x4 elements=262144,1,1 gpu_ns=1440
VKPHASE pipeline=quantize_q8_1_x4 elements=1376256,1,1 gpu_ns=12120
VKPHASE pipeline=quantize_q8_1_x4 elements=262144,1,1 gpu_ns=3240
VKPHASE pipeline=quantize_q8_1_x4 elements=262144,1,1 gpu_ns=3240
VKPHASE pipeline=quantize_q8_1_x4 elements=262144,1,1 gpu_ns=3160
VKPHASE pipeline=quantize_q8_1_x4 elements=1376256,1,1 gpu_ns=12120
VKPHASE pipeline=quantize_q8_1_x4 elements=262144,1,1 gpu_ns=3200
VKPHASE pipeline=quantize_q8_1_x4 elements=262144,1,1 gpu_ns=1440
VKPHASE pipeline=quantize_q8_1_x4 elements=262144,1,1 gpu_ns=3200
VKPHASE pipeline=quantize_q8_1_x4 elements=1376256,1,1 gpu_ns=12160
VKPHASE pipeline=quantize_q8_1_x4 elements=262144,1,1 gpu_ns=3440
VKPHASE pipeline=quantize_q8_1_x4 elements=262144,1,1 gpu_ns=1600
VKPHASE pipeline=quantize_q8_1_x4 elements=262144,1,1 gpu_ns=3160
VKPHASE pipeline=quantize_q8_1_x4 elements=1376256,1,1 gpu_ns=11920
VKPHASE pipeline=quantize_q8_1_x4 elements=262144,1,1 gpu_ns=1480
VKPHASE pipeline=quantize_q8_1_x4 elements=262144,1,1 gpu_ns=3360
VKPHASE pipeline=quantize_q8_1_x4 elements=262144,1,1 gpu_ns=3120
VKPHASE pipeline=quantize_q8_1_x4 elements=1376256,1,1 gpu_ns=12120
VKPHASE pipeline=quantize_q8_1_x4 elements=262144,1,1 gpu_ns=3200
VKPHASE pipeline=quantize_q8_1_x4 elements=262144,1,1 gpu_ns=1480
VKPHASE pipeline=quantize_q8_1_x4 elements=262144,1,1 gpu_ns=3120
VKPHASE pipeline=quantize_q8_1_x4 elements=1376256,1,1 gpu_ns=12200
VKPHASE pipeline=quantize_q8_1_x4 elements=262144,1,1 gpu_ns=3240
VKPHASE pipeline=quantize_q8_1_x4 elements=262144,1,1 gpu_ns=1440
VKPHASE pipeline=quantize_q8_1_x4 elements=262144,1,1 gpu_ns=3200
VKPHASE pipeline=quantize_q8_1_x4 elements=1376256,1,1 gpu_ns=12000
VKPHASE pipeline=quantize_q8_1_x4 elements=262144,1,1 gpu_ns=3160
VKPHASE pipeline=quantize_q8_1_x4 elements=262144,1,1 gpu_ns=3120
VKPHASE pipeline=quantize_q8_1_x4 elements=262144,1,1 gpu_ns=3480
VKPHASE pipeline=quantize_q8_1_x4 elements=1376256,1,1 gpu_ns=12120
VKPHASE pipeline=quantize_q8_1_x4 elements=262144,1,1 gpu_ns=3200
VKPHASE pipeline=quantize_q8_1_x4 elements=262144,1,1 gpu_ns=3200
VKPHASE pipeline=quantize_q8_1_x4 elements=262144,1,1 gpu_ns=3160
VKPHASE pipeline=quantize_q8_1_x4 elements=1376256,1,1 gpu_ns=12040
VKPHASE pipeline=quantize_q8_1_x4 elements=262144,1,1 gpu_ns=3240
VKPHASE pipeline=quantize_q8_1_x4 elements=262144,1,1 gpu_ns=1480
----------------
Vulkan Timings:
ADD: 58 x 10.236 us = 593.72 us
CONCAT: 21 x 30.817 us = 647.16 us
CONCAT, CPY: 1 x 32.56 us = 32.56 us
CPY, SSM_CONV: 22 x 17.154 us = 377.4 us
FLASH_ATTN_EXT dst(64,32,128,1),  q(64,128,32,1),  k(64,768,8,1),  v(64,768,8,1),  m(768,128,1,1), SCALE: 1 x 261.52 us = 261.52 us (3079.33 GFLOPS/s)
FLASH_ATTN_EXT dst(64,32,128,1),  q(64,128,32,1),  k(64,768,8,1),  v(64,768,8,1),  m(768,128,1,1), SCALE, GET_ROWS, GET_ROWS, CPY: 7 x 271.194 us = 1898.36 us (2969.48 GFLOPS/s)
GET_ROWS, GET_ROWS, CPY, MUL_MAT f32 m=64 n=4096 k=64: 1 x 17.4 us = 17.4 us (1913.35 GFLOPS/s)
GLU: 17 x 39.872 us = 677.84 us
GLU, SCALE, GET_ROWS, GET_ROWS: 12 x 40.48 us = 485.76 us
MUL: 43 x 9.832 us = 422.8 us
MUL, SCALE, GET_ROWS, GET_ROWS: 1 x 12.88 us = 12.88 us
MUL_MAT f32 m=64 n=1024 k=64: 8 x 2.715 us = 21.72 us (3065.59 GFLOPS/s)
MUL_MAT f32 m=64 n=1024 k=64, RMS_NORM_MUL_ROPE RMS_NORM(64,8,128,1): 8 x 32.775 us = 262.2 us (253.946 GFLOPS/s)
MUL_MAT f32 m=64 n=4096 k=64: 15 x 18.573 us = 278.6 us (1792.48 GFLOPS/s)
MUL_MAT q4_0_rocmfp4_fast m=10752 n=128 k=2048, MUL_MAT q4_0_rocmfp4_fast m=10752 n=128 k=2048: 29 x 817.041 us = 23694.2 us (13795.6 GFLOPS/s)
MUL_MAT q4_0_rocmfp4_fast m=2048 n=128 k=10752: 29 x 579.486 us = 16805.1 us (9727.37 GFLOPS/s)
MUL_MAT q4_0_rocmfp4_fast m=2048 n=128 k=2048: 29 x 101.515 us = 2943.96 us (10574.5 GFLOPS/s)
MUL_MAT q4_0_rocmfp4_fast m=2048 n=128 k=2048, MUL_MAT q4_0_rocmfp4_fast m=512 n=128 k=2048, MUL_MAT q4_0_rocmfp4_fast m=512 n=128 k=2048: 8 x 156.62 us = 1252.96 us (10281.1 GFLOPS/s)
MUL_MAT q4_0_rocmfp4_fast m=6144 n=128 k=2048: 10 x 252.632 us = 2526.32 us (12747.5 GFLOPS/s)
MUL_MAT q4_0_rocmfp4_fast m=6144 n=128 k=2048, CPY: 12 x 251.903 us = 3022.84 us (12784.4 GFLOPS/s)
RMS_NORM_MUL RMS_NORM(2048,128,1,1): 57 x 10.682 us = 608.88 us
RMS_NORM_MUL RMS_NORM(2048,128,1,1), GET_ROWS: 1 x 10.36 us = 10.36 us
RMS_NORM_MUL_ROPE RMS_NORM(64,32,128,1): 8 x 106.49 us = 851.92 us
SCALE, GET_ROWS, GET_ROWS, RMS_NORM_MUL RMS_NORM(2048,128,1,1), CPY: 1 x 40 us = 40 us
SET_ROWS, SET_ROWS: 8 x 5.735 us = 45.88 us
Total time: 57792.4 us.
VKPHASE pipeline=quantize_q8_1_x4 elements=262144,1,1 gpu_ns=1880
VKPHASE pipeline=quantize_q8_1_x4 elements=262144,1,1 gpu_ns=5240
VKPHASE pipeline=quantize_q8_1_x4 elements=262144,1,1 gpu_ns=1640
VKPHASE pipeline=quantize_q8_1_x4 elements=1376256,1,1 gpu_ns=12400
VKPHASE pipeline=quantize_q8_1_x4 elements=262144,1,1 gpu_ns=3520
VKPHASE pipeline=quantize_q8_1_x4 elements=262144,1,1 gpu_ns=3360
VKPHASE pipeline=quantize_q8_1_x4 elements=262144,1,1 gpu_ns=1600
VKPHASE pipeline=quantize_q8_1_x4 elements=1376256,1,1 gpu_ns=12280
VKPHASE pipeline=quantize_q8_1_x4 elements=262144,1,1 gpu_ns=1760
VKPHASE pipeline=quantize_q8_1_x4 elements=262144,1,1 gpu_ns=3640
VKPHASE pipeline=quantize_q8_1_x4 elements=262144,1,1 gpu_ns=3520
VKPHASE pipeline=quantize_q8_1_x4 elements=1376256,1,1 gpu_ns=12760
VKPHASE pipeline=quantize_q8_1_x4 elements=262144,1,1 gpu_ns=3400
VKPHASE pipeline=quantize_q8_1_x4 elements=262144,1,1 gpu_ns=3320
VKPHASE pipeline=quantize_q8_1_x4 elements=262144,1,1 gpu_ns=3320
VKPHASE pipeline=quantize_q8_1_x4 elements=1376256,1,1 gpu_ns=12120
VKPHASE pipeline=quantize_q8_1_x4 elements=262144,1,1 gpu_ns=3200
VKPHASE pipeline=quantize_q8_1_x4 elements=262144,1,1 gpu_ns=3200
VKPHASE pipeline=quantize_q8_1_x4 elements=262144,1,1 gpu_ns=1440
VKPHASE pipeline=quantize_q8_1_x4 elements=1376256,1,1 gpu_ns=12240
VKPHASE pipeline=quantize_q8_1_x4 elements=262144,1,1 gpu_ns=1600
VKPHASE pipeline=quantize_q8_1_x4 elements=262144,1,1 gpu_ns=3280
VKPHASE pipeline=quantize_q8_1_x4 elements=262144,1,1 gpu_ns=1400
VKPHASE pipeline=quantize_q8_1_x4 elements=1376256,1,1 gpu_ns=12080
VKPHASE pipeline=quantize_q8_1_x4 elements=262144,1,1 gpu_ns=1440
VKPHASE pipeline=quantize_q8_1_x4 elements=262144,1,1 gpu_ns=1480
VKPHASE pipeline=quantize_q8_1_x4 elements=262144,1,1 gpu_ns=3160
VKPHASE pipeline=quantize_q8_1_x4 elements=1376256,1,1 gpu_ns=11840
VKPHASE pipeline=quantize_q8_1_x4 elements=262144,1,1 gpu_ns=3200
VKPHASE pipeline=quantize_q8_1_x4 elements=262144,1,1 gpu_ns=1440
VKPHASE pipeline=quantize_q8_1_x4 elements=262144,1,1 gpu_ns=3200
VKPHASE pipeline=quantize_q8_1_x4 elements=1376256,1,1 gpu_ns=12160
VKPHASE pipeline=quantize_q8_1_x4 elements=262144,1,1 gpu_ns=3200
VKPHASE pipeline=quantize_q8_1_x4 elements=262144,1,1 gpu_ns=3200
VKPHASE pipeline=quantize_q8_1_x4 elements=262144,1,1 gpu_ns=3200
VKPHASE pipeline=quantize_q8_1_x4 elements=1376256,1,1 gpu_ns=12240
VKPHASE pipeline=quantize_q8_1_x4 elements=262144,1,1 gpu_ns=1480
VKPHASE pipeline=quantize_q8_1_x4 elements=262144,1,1 gpu_ns=3240
VKPHASE pipeline=quantize_q8_1_x4 elements=262144,1,1 gpu_ns=1480
VKPHASE pipeline=quantize_q8_1_x4 elements=1376256,1,1 gpu_ns=11920
VKPHASE pipeline=quantize_q8_1_x4 elements=262144,1,1 gpu_ns=3240
VKPHASE pipeline=quantize_q8_1_x4 elements=262144,1,1 gpu_ns=3160
VKPHASE pipeline=quantize_q8_1_x4 elements=262144,1,1 gpu_ns=3280
VKPHASE pipeline=quantize_q8_1_x4 elements=1376256,1,1 gpu_ns=11920
VKPHASE pipeline=quantize_q8_1_x4 elements=262144,1,1 gpu_ns=3160
VKPHASE pipeline=quantize_q8_1_x4 elements=262144,1,1 gpu_ns=1440
VKPHASE pipeline=quantize_q8_1_x4 elements=262144,1,1 gpu_ns=3160
VKPHASE pipeline=quantize_q8_1_x4 elements=1376256,1,1 gpu_ns=12040
VKPHASE pipeline=quantize_q8_1_x4 elements=262144,1,1 gpu_ns=3240
VKPHASE pipeline=quantize_q8_1_x4 elements=262144,1,1 gpu_ns=1480
VKPHASE pipeline=quantize_q8_1_x4 elements=262144,1,1 gpu_ns=3200
VKPHASE pipeline=quantize_q8_1_x4 elements=1376256,1,1 gpu_ns=12120
VKPHASE pipeline=quantize_q8_1_x4 elements=262144,1,1 gpu_ns=1520
VKPHASE pipeline=quantize_q8_1_x4 elements=262144,1,1 gpu_ns=3160
VKPHASE pipeline=quantize_q8_1_x4 elements=262144,1,1 gpu_ns=3200
VKPHASE pipeline=quantize_q8_1_x4 elements=1376256,1,1 gpu_ns=11920
VKPHASE pipeline=quantize_q8_1_x4 elements=262144,1,1 gpu_ns=1520
VKPHASE pipeline=quantize_q8_1_x4 elements=262144,1,1 gpu_ns=1480
VKPHASE pipeline=quantize_q8_1_x4 elements=262144,1,1 gpu_ns=1440
VKPHASE pipeline=quantize_q8_1_x4 elements=1376256,1,1 gpu_ns=11960
VKPHASE pipeline=quantize_q8_1_x4 elements=262144,1,1 gpu_ns=3240
VKPHASE pipeline=quantize_q8_1_x4 elements=262144,1,1 gpu_ns=1440
VKPHASE pipeline=quantize_q8_1_x4 elements=262144,1,1 gpu_ns=3480
VKPHASE pipeline=quantize_q8_1_x4 elements=1376256,1,1 gpu_ns=12000
VKPHASE pipeline=quantize_q8_1_x4 elements=262144,1,1 gpu_ns=1480
VKPHASE pipeline=quantize_q8_1_x4 elements=262144,1,1 gpu_ns=3120
VKPHASE pipeline=quantize_q8_1_x4 elements=262144,1,1 gpu_ns=3240
VKPHASE pipeline=quantize_q8_1_x4 elements=1376256,1,1 gpu_ns=12480
VKPHASE pipeline=quantize_q8_1_x4 elements=262144,1,1 gpu_ns=1560
VKPHASE pipeline=quantize_q8_1_x4 elements=262144,1,1 gpu_ns=1600
VKPHASE pipeline=quantize_q8_1_x4 elements=262144,1,1 gpu_ns=3160
VKPHASE pipeline=quantize_q8_1_x4 elements=1376256,1,1 gpu_ns=12400
VKPHASE pipeline=quantize_q8_1_x4 elements=262144,1,1 gpu_ns=1480
VKPHASE pipeline=quantize_q8_1_x4 elements=262144,1,1 gpu_ns=1560
VKPHASE pipeline=quantize_q8_1_x4 elements=262144,1,1 gpu_ns=3240
VKPHASE pipeline=quantize_q8_1_x4 elements=1376256,1,1 gpu_ns=12120
VKPHASE pipeline=quantize_q8_1_x4 elements=262144,1,1 gpu_ns=3160
VKPHASE pipeline=quantize_q8_1_x4 elements=262144,1,1 gpu_ns=1400
VKPHASE pipeline=quantize_q8_1_x4 elements=262144,1,1 gpu_ns=3480
VKPHASE pipeline=quantize_q8_1_x4 elements=1376256,1,1 gpu_ns=12360
VKPHASE pipeline=quantize_q8_1_x4 elements=262144,1,1 gpu_ns=3200
VKPHASE pipeline=quantize_q8_1_x4 elements=262144,1,1 gpu_ns=1440
VKPHASE pipeline=quantize_q8_1_x4 elements=262144,1,1 gpu_ns=3200
VKPHASE pipeline=quantize_q8_1_x4 elements=1376256,1,1 gpu_ns=12160
VKPHASE pipeline=quantize_q8_1_x4 elements=262144,1,1 gpu_ns=3240
VKPHASE pipeline=quantize_q8_1_x4 elements=262144,1,1 gpu_ns=3360
VKPHASE pipeline=quantize_q8_1_x4 elements=262144,1,1 gpu_ns=3160
VKPHASE pipeline=quantize_q8_1_x4 elements=1376256,1,1 gpu_ns=12040
VKPHASE pipeline=quantize_q8_1_x4 elements=262144,1,1 gpu_ns=3240
VKPHASE pipeline=quantize_q8_1_x4 elements=262144,1,1 gpu_ns=3160
VKPHASE pipeline=quantize_q8_1_x4 elements=262144,1,1 gpu_ns=3160
VKPHASE pipeline=quantize_q8_1_x4 elements=1376256,1,1 gpu_ns=12080
VKPHASE pipeline=quantize_q8_1_x4 elements=262144,1,1 gpu_ns=3160
VKPHASE pipeline=quantize_q8_1_x4 elements=262144,1,1 gpu_ns=1440
VKPHASE pipeline=quantize_q8_1_x4 elements=262144,1,1 gpu_ns=1440
VKPHASE pipeline=quantize_q8_1_x4 elements=1376256,1,1 gpu_ns=12000
VKPHASE pipeline=quantize_q8_1_x4 elements=262144,1,1 gpu_ns=1520
VKPHASE pipeline=quantize_q8_1_x4 elements=262144,1,1 gpu_ns=3400
VKPHASE pipeline=quantize_q8_1_x4 elements=262144,1,1 gpu_ns=1480
VKPHASE pipeline=quantize_q8_1_x4 elements=1376256,1,1 gpu_ns=12560
VKPHASE pipeline=quantize_q8_1_x4 elements=262144,1,1 gpu_ns=1520
VKPHASE pipeline=quantize_q8_1_x4 elements=262144,1,1 gpu_ns=3480
VKPHASE pipeline=quantize_q8_1_x4 elements=262144,1,1 gpu_ns=3200
VKPHASE pipeline=quantize_q8_1_x4 elements=1376256,1,1 gpu_ns=12600
VKPHASE pipeline=quantize_q8_1_x4 elements=262144,1,1 gpu_ns=3200
VKPHASE pipeline=quantize_q8_1_x4 elements=262144,1,1 gpu_ns=3280
VKPHASE pipeline=quantize_q8_1_x4 elements=262144,1,1 gpu_ns=3240
VKPHASE pipeline=quantize_q8_1_x4 elements=1376256,1,1 gpu_ns=12200
VKPHASE pipeline=quantize_q8_1_x4 elements=262144,1,1 gpu_ns=3240
VKPHASE pipeline=quantize_q8_1_x4 elements=262144,1,1 gpu_ns=3280
VKPHASE pipeline=quantize_q8_1_x4 elements=262144,1,1 gpu_ns=3920
VKPHASE pipeline=quantize_q8_1_x4 elements=1376256,1,1 gpu_ns=12280
VKPHASE pipeline=quantize_q8_1_x4 elements=262144,1,1 gpu_ns=3240
VKPHASE pipeline=quantize_q8_1_x4 elements=262144,1,1 gpu_ns=1440
VKPHASE pipeline=quantize_q8_1_x4 elements=262144,1,1 gpu_ns=3160
VKPHASE pipeline=quantize_q8_1_x4 elements=1376256,1,1 gpu_ns=12280
VKPHASE pipeline=quantize_q8_1_x4 elements=262144,1,1 gpu_ns=3160
VKPHASE pipeline=quantize_q8_1_x4 elements=262144,1,1 gpu_ns=1480
----------------
Vulkan Timings:
ADD: 58 x 10.187 us = 590.88 us
CONCAT: 21 x 30.771 us = 646.2 us
CONCAT, CPY: 1 x 29.8 us = 29.8 us
CPY, SSM_CONV: 22 x 17.009 us = 374.2 us
FLASH_ATTN_EXT dst(64,32,128,1),  q(64,128,32,1),  k(64,768,8,1),  v(64,768,8,1),  m(768,128,1,1), SCALE: 1 x 303.6 us = 303.6 us (2652.52 GFLOPS/s)
FLASH_ATTN_EXT dst(64,32,128,1),  q(64,128,32,1),  k(64,768,8,1),  v(64,768,8,1),  m(768,128,1,1), SCALE, GET_ROWS, GET_ROWS, CPY: 7 x 303.268 us = 2122.88 us (2655.42 GFLOPS/s)
GET_ROWS, GET_ROWS, CPY, MUL_MAT f32 m=64 n=4096 k=64: 1 x 16.96 us = 16.96 us (1962.99 GFLOPS/s)
GLU: 17 x 38.392 us = 652.68 us
GLU, SCALE, GET_ROWS, GET_ROWS: 12 x 40.73 us = 488.76 us
MUL: 43 x 10.746 us = 462.12 us
MUL, SCALE, GET_ROWS, GET_ROWS: 1 x 12.2 us = 12.2 us
MUL_MAT f32 m=64 n=1024 k=64: 8 x 2.98 us = 23.84 us (2792.98 GFLOPS/s)
MUL_MAT f32 m=64 n=1024 k=64, RMS_NORM_MUL_ROPE RMS_NORM(64,8,128,1): 8 x 30.84 us = 246.72 us (269.879 GFLOPS/s)
MUL_MAT f32 m=64 n=4096 k=64: 15 x 17.2 us = 258 us (1935.6 GFLOPS/s)
MUL_MAT q4_0_rocmfp4_fast m=10752 n=128 k=2048, MUL_MAT q4_0_rocmfp4_fast m=10752 n=128 k=2048: 29 x 798.573 us = 23158.6 us (14114.6 GFLOPS/s)
MUL_MAT q4_0_rocmfp4_fast m=2048 n=128 k=10752: 29 x 567.692 us = 16463.1 us (9929.47 GFLOPS/s)
MUL_MAT q4_0_rocmfp4_fast m=2048 n=128 k=2048: 29 x 97.87 us = 2838.24 us (10968.4 GFLOPS/s)
MUL_MAT q4_0_rocmfp4_fast m=2048 n=128 k=2048, MUL_MAT q4_0_rocmfp4_fast m=512 n=128 k=2048, MUL_MAT q4_0_rocmfp4_fast m=512 n=128 k=2048: 8 x 154.81 us = 1238.48 us (10401.3 GFLOPS/s)
MUL_MAT q4_0_rocmfp4_fast m=6144 n=128 k=2048: 10 x 239.236 us = 2392.36 us (13461.3 GFLOPS/s)
MUL_MAT q4_0_rocmfp4_fast m=6144 n=128 k=2048, CPY: 12 x 242.786 us = 2913.44 us (13264.5 GFLOPS/s)
RMS_NORM_MUL RMS_NORM(2048,128,1,1): 57 x 10.261 us = 584.92 us
RMS_NORM_MUL RMS_NORM(2048,128,1,1), GET_ROWS: 1 x 10.4 us = 10.4 us
RMS_NORM_MUL_ROPE RMS_NORM(64,32,128,1): 8 x 100.665 us = 805.32 us
SCALE, GET_ROWS, GET_ROWS, RMS_NORM_MUL RMS_NORM(2048,128,1,1), CPY: 1 x 14 us = 14 us
SET_ROWS, SET_ROWS: 8 x 5.535 us = 44.28 us
Total time: 56692 us.
VKPHASE pipeline=quantize_q8_1_x4 elements=262144,1,1 gpu_ns=1480
VKPHASE pipeline=quantize_q8_1_x4 elements=262144,1,1 gpu_ns=1480
VKPHASE pipeline=quantize_q8_1_x4 elements=262144,1,1 gpu_ns=3240
VKPHASE pipeline=quantize_q8_1_x4 elements=1376256,1,1 gpu_ns=12160
VKPHASE pipeline=quantize_q8_1_x4 elements=262144,1,1 gpu_ns=3120
VKPHASE pipeline=quantize_q8_1_x4 elements=262144,1,1 gpu_ns=3200
VKPHASE pipeline=quantize_q8_1_x4 elements=262144,1,1 gpu_ns=3200
VKPHASE pipeline=quantize_q8_1_x4 elements=1376256,1,1 gpu_ns=12480
VKPHASE pipeline=quantize_q8_1_x4 elements=262144,1,1 gpu_ns=3200
VKPHASE pipeline=quantize_q8_1_x4 elements=262144,1,1 gpu_ns=3240
VKPHASE pipeline=quantize_q8_1_x4 elements=262144,1,1 gpu_ns=3160
VKPHASE pipeline=quantize_q8_1_x4 elements=1376256,1,1 gpu_ns=12360
VKPHASE pipeline=quantize_q8_1_x4 elements=262144,1,1 gpu_ns=3200
VKPHASE pipeline=quantize_q8_1_x4 elements=262144,1,1 gpu_ns=2000
VKPHASE pipeline=quantize_q8_1_x4 elements=262144,1,1 gpu_ns=3160
VKPHASE pipeline=quantize_q8_1_x4 elements=1376256,1,1 gpu_ns=12480
VKPHASE pipeline=quantize_q8_1_x4 elements=262144,1,1 gpu_ns=3240
VKPHASE pipeline=quantize_q8_1_x4 elements=262144,1,1 gpu_ns=3200
VKPHASE pipeline=quantize_q8_1_x4 elements=262144,1,1 gpu_ns=1480
VKPHASE pipeline=quantize_q8_1_x4 elements=1376256,1,1 gpu_ns=12360
VKPHASE pipeline=quantize_q8_1_x4 elements=262144,1,1 gpu_ns=1520
VKPHASE pipeline=quantize_q8_1_x4 elements=262144,1,1 gpu_ns=3320
VKPHASE pipeline=quantize_q8_1_x4 elements=262144,1,1 gpu_ns=1440
VKPHASE pipeline=quantize_q8_1_x4 elements=1376256,1,1 gpu_ns=12120
VKPHASE pipeline=quantize_q8_1_x4 elements=262144,1,1 gpu_ns=1480
VKPHASE pipeline=quantize_q8_1_x4 elements=262144,1,1 gpu_ns=1480
VKPHASE pipeline=quantize_q8_1_x4 elements=262144,1,1 gpu_ns=3160
VKPHASE pipeline=quantize_q8_1_x4 elements=1376256,1,1 gpu_ns=11920
VKPHASE pipeline=quantize_q8_1_x4 elements=262144,1,1 gpu_ns=1520
VKPHASE pipeline=quantize_q8_1_x4 elements=262144,1,1 gpu_ns=3120
VKPHASE pipeline=quantize_q8_1_x4 elements=262144,1,1 gpu_ns=3160
VKPHASE pipeline=quantize_q8_1_x4 elements=1376256,1,1 gpu_ns=12000
VKPHASE pipeline=quantize_q8_1_x4 elements=262144,1,1 gpu_ns=1600
VKPHASE pipeline=quantize_q8_1_x4 elements=262144,1,1 gpu_ns=3200
VKPHASE pipeline=quantize_q8_1_x4 elements=262144,1,1 gpu_ns=3160
VKPHASE pipeline=quantize_q8_1_x4 elements=1376256,1,1 gpu_ns=12160
VKPHASE pipeline=quantize_q8_1_x4 elements=262144,1,1 gpu_ns=4360
VKPHASE pipeline=quantize_q8_1_x4 elements=262144,1,1 gpu_ns=4440
VKPHASE pipeline=quantize_q8_1_x4 elements=262144,1,1 gpu_ns=3160
VKPHASE pipeline=quantize_q8_1_x4 elements=1376256,1,1 gpu_ns=12120
VKPHASE pipeline=quantize_q8_1_x4 elements=262144,1,1 gpu_ns=1440
VKPHASE pipeline=quantize_q8_1_x4 elements=262144,1,1 gpu_ns=1440
VKPHASE pipeline=quantize_q8_1_x4 elements=262144,1,1 gpu_ns=3160
VKPHASE pipeline=quantize_q8_1_x4 elements=1376256,1,1 gpu_ns=12720
VKPHASE pipeline=quantize_q8_1_x4 elements=262144,1,1 gpu_ns=3200
VKPHASE pipeline=quantize_q8_1_x4 elements=262144,1,1 gpu_ns=1440
VKPHASE pipeline=quantize_q8_1_x4 elements=262144,1,1 gpu_ns=3160
VKPHASE pipeline=quantize_q8_1_x4 elements=1376256,1,1 gpu_ns=12080
VKPHASE pipeline=quantize_q8_1_x4 elements=262144,1,1 gpu_ns=3240
VKPHASE pipeline=quantize_q8_1_x4 elements=262144,1,1 gpu_ns=1480
VKPHASE pipeline=quantize_q8_1_x4 elements=262144,1,1 gpu_ns=3160
VKPHASE pipeline=quantize_q8_1_x4 elements=1376256,1,1 gpu_ns=12360
VKPHASE pipeline=quantize_q8_1_x4 elements=262144,1,1 gpu_ns=3240
VKPHASE pipeline=quantize_q8_1_x4 elements=262144,1,1 gpu_ns=3200
VKPHASE pipeline=quantize_q8_1_x4 elements=262144,1,1 gpu_ns=1440
VKPHASE pipeline=quantize_q8_1_x4 elements=1376256,1,1 gpu_ns=12080
VKPHASE pipeline=quantize_q8_1_x4 elements=262144,1,1 gpu_ns=1520
VKPHASE pipeline=quantize_q8_1_x4 elements=262144,1,1 gpu_ns=1480
VKPHASE pipeline=quantize_q8_1_x4 elements=262144,1,1 gpu_ns=1480
VKPHASE pipeline=quantize_q8_1_x4 elements=1376256,1,1 gpu_ns=12200
VKPHASE pipeline=quantize_q8_1_x4 elements=262144,1,1 gpu_ns=1520
VKPHASE pipeline=quantize_q8_1_x4 elements=262144,1,1 gpu_ns=1440
VKPHASE pipeline=quantize_q8_1_x4 elements=262144,1,1 gpu_ns=1480
VKPHASE pipeline=quantize_q8_1_x4 elements=1376256,1,1 gpu_ns=12040
VKPHASE pipeline=quantize_q8_1_x4 elements=262144,1,1 gpu_ns=3120
VKPHASE pipeline=quantize_q8_1_x4 elements=262144,1,1 gpu_ns=3160
VKPHASE pipeline=quantize_q8_1_x4 elements=262144,1,1 gpu_ns=3200
VKPHASE pipeline=quantize_q8_1_x4 elements=1376256,1,1 gpu_ns=12120
VKPHASE pipeline=quantize_q8_1_x4 elements=262144,1,1 gpu_ns=3160
VKPHASE pipeline=quantize_q8_1_x4 elements=262144,1,1 gpu_ns=3240
VKPHASE pipeline=quantize_q8_1_x4 elements=262144,1,1 gpu_ns=3240
VKPHASE pipeline=quantize_q8_1_x4 elements=1376256,1,1 gpu_ns=12400
VKPHASE pipeline=quantize_q8_1_x4 elements=262144,1,1 gpu_ns=3200
VKPHASE pipeline=quantize_q8_1_x4 elements=262144,1,1 gpu_ns=3160
VKPHASE pipeline=quantize_q8_1_x4 elements=262144,1,1 gpu_ns=3200
VKPHASE pipeline=quantize_q8_1_x4 elements=1376256,1,1 gpu_ns=12280
VKPHASE pipeline=quantize_q8_1_x4 elements=262144,1,1 gpu_ns=3600
VKPHASE pipeline=quantize_q8_1_x4 elements=262144,1,1 gpu_ns=1560
VKPHASE pipeline=quantize_q8_1_x4 elements=262144,1,1 gpu_ns=3160
VKPHASE pipeline=quantize_q8_1_x4 elements=1376256,1,1 gpu_ns=12240
VKPHASE pipeline=quantize_q8_1_x4 elements=262144,1,1 gpu_ns=3200
VKPHASE pipeline=quantize_q8_1_x4 elements=262144,1,1 gpu_ns=3200
VKPHASE pipeline=quantize_q8_1_x4 elements=262144,1,1 gpu_ns=3200
VKPHASE pipeline=quantize_q8_1_x4 elements=1376256,1,1 gpu_ns=11920
VKPHASE pipeline=quantize_q8_1_x4 elements=262144,1,1 gpu_ns=3280
VKPHASE pipeline=quantize_q8_1_x4 elements=262144,1,1 gpu_ns=3320
VKPHASE pipeline=quantize_q8_1_x4 elements=262144,1,1 gpu_ns=3160
VKPHASE pipeline=quantize_q8_1_x4 elements=1376256,1,1 gpu_ns=12040
VKPHASE pipeline=quantize_q8_1_x4 elements=262144,1,1 gpu_ns=3240
VKPHASE pipeline=quantize_q8_1_x4 elements=262144,1,1 gpu_ns=1440
VKPHASE pipeline=quantize_q8_1_x4 elements=262144,1,1 gpu_ns=3200
VKPHASE pipeline=quantize_q8_1_x4 elements=1376256,1,1 gpu_ns=12040
VKPHASE pipeline=quantize_q8_1_x4 elements=262144,1,1 gpu_ns=3160
VKPHASE pipeline=quantize_q8_1_x4 elements=262144,1,1 gpu_ns=1480
VKPHASE pipeline=quantize_q8_1_x4 elements=262144,1,1 gpu_ns=1440
VKPHASE pipeline=quantize_q8_1_x4 elements=1376256,1,1 gpu_ns=11880
VKPHASE pipeline=quantize_q8_1_x4 elements=262144,1,1 gpu_ns=3160
VKPHASE pipeline=quantize_q8_1_x4 elements=262144,1,1 gpu_ns=3360
VKPHASE pipeline=quantize_q8_1_x4 elements=262144,1,1 gpu_ns=1480
VKPHASE pipeline=quantize_q8_1_x4 elements=1376256,1,1 gpu_ns=12400
VKPHASE pipeline=quantize_q8_1_x4 elements=262144,1,1 gpu_ns=1520
VKPHASE pipeline=quantize_q8_1_x4 elements=262144,1,1 gpu_ns=1440
VKPHASE pipeline=quantize_q8_1_x4 elements=262144,1,1 gpu_ns=3160
VKPHASE pipeline=quantize_q8_1_x4 elements=1376256,1,1 gpu_ns=12080
VKPHASE pipeline=quantize_q8_1_x4 elements=262144,1,1 gpu_ns=3200
VKPHASE pipeline=quantize_q8_1_x4 elements=262144,1,1 gpu_ns=3200
VKPHASE pipeline=quantize_q8_1_x4 elements=262144,1,1 gpu_ns=1440
VKPHASE pipeline=quantize_q8_1_x4 elements=1376256,1,1 gpu_ns=12040
VKPHASE pipeline=quantize_q8_1_x4 elements=262144,1,1 gpu_ns=4520
VKPHASE pipeline=quantize_q8_1_x4 elements=262144,1,1 gpu_ns=3160
VKPHASE pipeline=quantize_q8_1_x4 elements=262144,1,1 gpu_ns=3240
VKPHASE pipeline=quantize_q8_1_x4 elements=1376256,1,1 gpu_ns=12720
VKPHASE pipeline=quantize_q8_1_x4 elements=262144,1,1 gpu_ns=1440
VKPHASE pipeline=quantize_q8_1_x4 elements=262144,1,1 gpu_ns=1440
VKPHASE pipeline=quantize_q8_1_x4 elements=262144,1,1 gpu_ns=3520
VKPHASE pipeline=quantize_q8_1_x4 elements=1376256,1,1 gpu_ns=12120
VKPHASE pipeline=quantize_q8_1_x4 elements=262144,1,1 gpu_ns=3160
VKPHASE pipeline=quantize_q8_1_x4 elements=262144,1,1 gpu_ns=3120
----------------
Vulkan Timings:
ADD: 58 x 11.589 us = 672.2 us
CONCAT: 21 x 33.08 us = 694.68 us
CONCAT, CPY: 1 x 33 us = 33 us
CPY, SSM_CONV: 22 x 18.096 us = 398.12 us
FLASH_ATTN_EXT dst(64,32,128,1),  q(64,128,32,1),  k(64,1024,8,1),  v(64,1024,8,1),  m(1024,128,1,1), SCALE: 1 x 284.84 us = 284.84 us (3769.63 GFLOPS/s)
FLASH_ATTN_EXT dst(64,32,128,1),  q(64,128,32,1),  k(64,1024,8,1),  v(64,1024,8,1),  m(1024,128,1,1), SCALE, GET_ROWS, GET_ROWS, CPY: 7 x 360.211 us = 2521.48 us (2980.87 GFLOPS/s)
GET_ROWS, GET_ROWS, CPY, MUL_MAT f32 m=64 n=4096 k=64: 1 x 17.4 us = 17.4 us (1913.35 GFLOPS/s)
GLU: 17 x 42.327 us = 719.56 us
GLU, SCALE, GET_ROWS, GET_ROWS: 12 x 45.076 us = 540.92 us
MUL: 43 x 10.8 us = 464.4 us
MUL, SCALE, GET_ROWS, GET_ROWS: 1 x 13.32 us = 13.32 us
MUL_MAT f32 m=64 n=1024 k=64: 8 x 3.82 us = 30.56 us (2178.81 GFLOPS/s)
MUL_MAT f32 m=64 n=1024 k=64, RMS_NORM_MUL_ROPE RMS_NORM(64,8,128,1): 8 x 44.04 us = 352.32 us (188.989 GFLOPS/s)
MUL_MAT f32 m=64 n=4096 k=64: 15 x 21.837 us = 327.56 us (1524.56 GFLOPS/s)
MUL_MAT q4_0_rocmfp4_fast m=10752 n=128 k=2048, MUL_MAT q4_0_rocmfp4_fast m=10752 n=128 k=2048: 29 x 909.521 us = 26376.1 us (12392.8 GFLOPS/s)
MUL_MAT q4_0_rocmfp4_fast m=2048 n=128 k=10752: 29 x 728.033 us = 21113 us (7742.61 GFLOPS/s)
MUL_MAT q4_0_rocmfp4_fast m=2048 n=128 k=2048: 29 x 111.776 us = 3241.52 us (9603.8 GFLOPS/s)
MUL_MAT q4_0_rocmfp4_fast m=2048 n=128 k=2048, MUL_MAT q4_0_rocmfp4_fast m=512 n=128 k=2048, MUL_MAT q4_0_rocmfp4_fast m=512 n=128 k=2048: 8 x 197.23 us = 1577.84 us (8164.17 GFLOPS/s)
MUL_MAT q4_0_rocmfp4_fast m=6144 n=128 k=2048: 10 x 281.464 us = 2814.64 us (11441.7 GFLOPS/s)
MUL_MAT q4_0_rocmfp4_fast m=6144 n=128 k=2048, CPY: 12 x 257.533 us = 3090.4 us (12504.9 GFLOPS/s)
RMS_NORM_MUL RMS_NORM(2048,128,1,1): 57 x 11.501 us = 655.56 us
RMS_NORM_MUL RMS_NORM(2048,128,1,1), GET_ROWS: 1 x 12.12 us = 12.12 us
RMS_NORM_MUL_ROPE RMS_NORM(64,32,128,1): 8 x 133.95 us = 1071.6 us
SCALE, GET_ROWS, GET_ROWS, RMS_NORM_MUL RMS_NORM(2048,128,1,1), CPY: 1 x 14.28 us = 14.28 us
SET_ROWS, SET_ROWS: 8 x 8.6 us = 68.8 us
Total time: 67106.2 us.
VKPHASE pipeline=quantize_q8_1_x4 elements=262144,1,1 gpu_ns=3320
VKPHASE pipeline=quantize_q8_1_x4 elements=262144,1,1 gpu_ns=3360
VKPHASE pipeline=quantize_q8_1_x4 elements=262144,1,1 gpu_ns=3480
VKPHASE pipeline=quantize_q8_1_x4 elements=1376256,1,1 gpu_ns=12120
VKPHASE pipeline=quantize_q8_1_x4 elements=262144,1,1 gpu_ns=4680
VKPHASE pipeline=quantize_q8_1_x4 elements=262144,1,1 gpu_ns=5040
VKPHASE pipeline=quantize_q8_1_x4 elements=262144,1,1 gpu_ns=5120
VKPHASE pipeline=quantize_q8_1_x4 elements=1376256,1,1 gpu_ns=27360
VKPHASE pipeline=quantize_q8_1_x4 elements=262144,1,1 gpu_ns=10280
VKPHASE pipeline=quantize_q8_1_x4 elements=262144,1,1 gpu_ns=3480
VKPHASE pipeline=quantize_q8_1_x4 elements=262144,1,1 gpu_ns=7120
VKPHASE pipeline=quantize_q8_1_x4 elements=1376256,1,1 gpu_ns=15560
VKPHASE pipeline=quantize_q8_1_x4 elements=262144,1,1 gpu_ns=4200
VKPHASE pipeline=quantize_q8_1_x4 elements=262144,1,1 gpu_ns=4280
VKPHASE pipeline=quantize_q8_1_x4 elements=262144,1,1 gpu_ns=3880
VKPHASE pipeline=quantize_q8_1_x4 elements=1376256,1,1 gpu_ns=12720
VKPHASE pipeline=quantize_q8_1_x4 elements=262144,1,1 gpu_ns=3760
VKPHASE pipeline=quantize_q8_1_x4 elements=262144,1,1 gpu_ns=3320
VKPHASE pipeline=quantize_q8_1_x4 elements=262144,1,1 gpu_ns=3360
VKPHASE pipeline=quantize_q8_1_x4 elements=1376256,1,1 gpu_ns=12160
VKPHASE pipeline=quantize_q8_1_x4 elements=262144,1,1 gpu_ns=1520
VKPHASE pipeline=quantize_q8_1_x4 elements=262144,1,1 gpu_ns=3200
VKPHASE pipeline=quantize_q8_1_x4 elements=262144,1,1 gpu_ns=1480
VKPHASE pipeline=quantize_q8_1_x4 elements=1376256,1,1 gpu_ns=12800
VKPHASE pipeline=quantize_q8_1_x4 elements=262144,1,1 gpu_ns=1520
VKPHASE pipeline=quantize_q8_1_x4 elements=262144,1,1 gpu_ns=3280
VKPHASE pipeline=quantize_q8_1_x4 elements=262144,1,1 gpu_ns=1440
VKPHASE pipeline=quantize_q8_1_x4 elements=1376256,1,1 gpu_ns=12240
VKPHASE pipeline=quantize_q8_1_x4 elements=262144,1,1 gpu_ns=3200
VKPHASE pipeline=quantize_q8_1_x4 elements=262144,1,1 gpu_ns=1480
VKPHASE pipeline=quantize_q8_1_x4 elements=262144,1,1 gpu_ns=3240
VKPHASE pipeline=quantize_q8_1_x4 elements=1376256,1,1 gpu_ns=12520
VKPHASE pipeline=quantize_q8_1_x4 elements=262144,1,1 gpu_ns=3160
VKPHASE pipeline=quantize_q8_1_x4 elements=262144,1,1 gpu_ns=3160
VKPHASE pipeline=quantize_q8_1_x4 elements=262144,1,1 gpu_ns=3160
VKPHASE pipeline=quantize_q8_1_x4 elements=1376256,1,1 gpu_ns=12160
VKPHASE pipeline=quantize_q8_1_x4 elements=262144,1,1 gpu_ns=3200
VKPHASE pipeline=quantize_q8_1_x4 elements=262144,1,1 gpu_ns=3240
VKPHASE pipeline=quantize_q8_1_x4 elements=262144,1,1 gpu_ns=3160
VKPHASE pipeline=quantize_q8_1_x4 elements=1376256,1,1 gpu_ns=12080
VKPHASE pipeline=quantize_q8_1_x4 elements=262144,1,1 gpu_ns=3160
VKPHASE pipeline=quantize_q8_1_x4 elements=262144,1,1 gpu_ns=3160
VKPHASE pipeline=quantize_q8_1_x4 elements=262144,1,1 gpu_ns=3160
VKPHASE pipeline=quantize_q8_1_x4 elements=1376256,1,1 gpu_ns=12160
VKPHASE pipeline=quantize_q8_1_x4 elements=262144,1,1 gpu_ns=3200
VKPHASE pipeline=quantize_q8_1_x4 elements=262144,1,1 gpu_ns=3200
VKPHASE pipeline=quantize_q8_1_x4 elements=262144,1,1 gpu_ns=3160
VKPHASE pipeline=quantize_q8_1_x4 elements=1376256,1,1 gpu_ns=12000
VKPHASE pipeline=quantize_q8_1_x4 elements=262144,1,1 gpu_ns=3200
VKPHASE pipeline=quantize_q8_1_x4 elements=262144,1,1 gpu_ns=1560
VKPHASE pipeline=quantize_q8_1_x4 elements=262144,1,1 gpu_ns=3200
VKPHASE pipeline=quantize_q8_1_x4 elements=1376256,1,1 gpu_ns=12120
VKPHASE pipeline=quantize_q8_1_x4 elements=262144,1,1 gpu_ns=3200
VKPHASE pipeline=quantize_q8_1_x4 elements=262144,1,1 gpu_ns=3200
VKPHASE pipeline=quantize_q8_1_x4 elements=262144,1,1 gpu_ns=1440
VKPHASE pipeline=quantize_q8_1_x4 elements=1376256,1,1 gpu_ns=11960
VKPHASE pipeline=quantize_q8_1_x4 elements=262144,1,1 gpu_ns=1480
VKPHASE pipeline=quantize_q8_1_x4 elements=262144,1,1 gpu_ns=1480
VKPHASE pipeline=quantize_q8_1_x4 elements=262144,1,1 gpu_ns=1480
VKPHASE pipeline=quantize_q8_1_x4 elements=1376256,1,1 gpu_ns=12320
VKPHASE pipeline=quantize_q8_1_x4 elements=262144,1,1 gpu_ns=3240
VKPHASE pipeline=quantize_q8_1_x4 elements=262144,1,1 gpu_ns=2680
VKPHASE pipeline=quantize_q8_1_x4 elements=262144,1,1 gpu_ns=1480
VKPHASE pipeline=quantize_q8_1_x4 elements=1376256,1,1 gpu_ns=12000
VKPHASE pipeline=quantize_q8_1_x4 elements=262144,1,1 gpu_ns=3920
VKPHASE pipeline=quantize_q8_1_x4 elements=262144,1,1 gpu_ns=3200
VKPHASE pipeline=quantize_q8_1_x4 elements=262144,1,1 gpu_ns=3200
VKPHASE pipeline=quantize_q8_1_x4 elements=1376256,1,1 gpu_ns=11960
VKPHASE pipeline=quantize_q8_1_x4 elements=262144,1,1 gpu_ns=3200
VKPHASE pipeline=quantize_q8_1_x4 elements=262144,1,1 gpu_ns=3280
VKPHASE pipeline=quantize_q8_1_x4 elements=262144,1,1 gpu_ns=3160
VKPHASE pipeline=quantize_q8_1_x4 elements=1376256,1,1 gpu_ns=12480
VKPHASE pipeline=quantize_q8_1_x4 elements=262144,1,1 gpu_ns=3200
VKPHASE pipeline=quantize_q8_1_x4 elements=262144,1,1 gpu_ns=1440
VKPHASE pipeline=quantize_q8_1_x4 elements=262144,1,1 gpu_ns=3200
VKPHASE pipeline=quantize_q8_1_x4 elements=1376256,1,1 gpu_ns=12160
VKPHASE pipeline=quantize_q8_1_x4 elements=262144,1,1 gpu_ns=3240
VKPHASE pipeline=quantize_q8_1_x4 elements=262144,1,1 gpu_ns=4280
VKPHASE pipeline=quantize_q8_1_x4 elements=262144,1,1 gpu_ns=3160
VKPHASE pipeline=quantize_q8_1_x4 elements=1376256,1,1 gpu_ns=11960
VKPHASE pipeline=quantize_q8_1_x4 elements=262144,1,1 gpu_ns=3200
VKPHASE pipeline=quantize_q8_1_x4 elements=262144,1,1 gpu_ns=1440
VKPHASE pipeline=quantize_q8_1_x4 elements=262144,1,1 gpu_ns=3160
VKPHASE pipeline=quantize_q8_1_x4 elements=1376256,1,1 gpu_ns=12360
VKPHASE pipeline=quantize_q8_1_x4 elements=262144,1,1 gpu_ns=3240
VKPHASE pipeline=quantize_q8_1_x4 elements=262144,1,1 gpu_ns=3280
VKPHASE pipeline=quantize_q8_1_x4 elements=262144,1,1 gpu_ns=3240
VKPHASE pipeline=quantize_q8_1_x4 elements=1376256,1,1 gpu_ns=12080
VKPHASE pipeline=quantize_q8_1_x4 elements=262144,1,1 gpu_ns=3160
VKPHASE pipeline=quantize_q8_1_x4 elements=262144,1,1 gpu_ns=3240
VKPHASE pipeline=quantize_q8_1_x4 elements=262144,1,1 gpu_ns=3200
VKPHASE pipeline=quantize_q8_1_x4 elements=1376256,1,1 gpu_ns=12480
VKPHASE pipeline=quantize_q8_1_x4 elements=262144,1,1 gpu_ns=3240
VKPHASE pipeline=quantize_q8_1_x4 elements=262144,1,1 gpu_ns=1440
VKPHASE pipeline=quantize_q8_1_x4 elements=262144,1,1 gpu_ns=1440
VKPHASE pipeline=quantize_q8_1_x4 elements=1376256,1,1 gpu_ns=11960
VKPHASE pipeline=quantize_q8_1_x4 elements=262144,1,1 gpu_ns=1480
VKPHASE pipeline=quantize_q8_1_x4 elements=262144,1,1 gpu_ns=3400
VKPHASE pipeline=quantize_q8_1_x4 elements=262144,1,1 gpu_ns=1520
VKPHASE pipeline=quantize_q8_1_x4 elements=1376256,1,1 gpu_ns=12840
VKPHASE pipeline=quantize_q8_1_x4 elements=262144,1,1 gpu_ns=3240
VKPHASE pipeline=quantize_q8_1_x4 elements=262144,1,1 gpu_ns=3240
VKPHASE pipeline=quantize_q8_1_x4 elements=262144,1,1 gpu_ns=3160
VKPHASE pipeline=quantize_q8_1_x4 elements=1376256,1,1 gpu_ns=12160
VKPHASE pipeline=quantize_q8_1_x4 elements=262144,1,1 gpu_ns=3200
VKPHASE pipeline=quantize_q8_1_x4 elements=262144,1,1 gpu_ns=1440
VKPHASE pipeline=quantize_q8_1_x4 elements=262144,1,1 gpu_ns=1440
VKPHASE pipeline=quantize_q8_1_x4 elements=1376256,1,1 gpu_ns=12120
VKPHASE pipeline=quantize_q8_1_x4 elements=262144,1,1 gpu_ns=4280
VKPHASE pipeline=quantize_q8_1_x4 elements=262144,1,1 gpu_ns=3280
VKPHASE pipeline=quantize_q8_1_x4 elements=262144,1,1 gpu_ns=3160
VKPHASE pipeline=quantize_q8_1_x4 elements=1376256,1,1 gpu_ns=12320
VKPHASE pipeline=quantize_q8_1_x4 elements=262144,1,1 gpu_ns=3160
VKPHASE pipeline=quantize_q8_1_x4 elements=262144,1,1 gpu_ns=3240
VKPHASE pipeline=quantize_q8_1_x4 elements=262144,1,1 gpu_ns=3200
VKPHASE pipeline=quantize_q8_1_x4 elements=1376256,1,1 gpu_ns=12280
VKPHASE pipeline=quantize_q8_1_x4 elements=262144,1,1 gpu_ns=1440
VKPHASE pipeline=quantize_q8_1_x4 elements=262144,1,1 gpu_ns=3200
----------------
Vulkan Timings:
ADD: 58 x 10.442 us = 605.68 us
CONCAT: 21 x 30.156 us = 633.28 us
CONCAT, CPY: 1 x 29.48 us = 29.48 us
CPY, SSM_CONV: 22 x 17.001 us = 374.04 us
FLASH_ATTN_EXT dst(64,32,128,1),  q(64,128,32,1),  k(64,1024,8,1),  v(64,1024,8,1),  m(1024,128,1,1), SCALE: 1 x 297.48 us = 297.48 us (3609.46 GFLOPS/s)
FLASH_ATTN_EXT dst(64,32,128,1),  q(64,128,32,1),  k(64,1024,8,1),  v(64,1024,8,1),  m(1024,128,1,1), SCALE, GET_ROWS, GET_ROWS, CPY: 7 x 301.771 us = 2112.4 us (3558.13 GFLOPS/s)
GET_ROWS, GET_ROWS, CPY, MUL_MAT f32 m=64 n=4096 k=64: 1 x 18.84 us = 18.84 us (1767.11 GFLOPS/s)
GLU: 17 x 37.767 us = 642.04 us
GLU, SCALE, GET_ROWS, GET_ROWS: 12 x 40.22 us = 482.64 us
MUL: 43 x 10.457 us = 449.68 us
MUL, SCALE, GET_ROWS, GET_ROWS: 1 x 12.28 us = 12.28 us
MUL_MAT f32 m=64 n=1024 k=64: 8 x 2.975 us = 23.8 us (2797.67 GFLOPS/s)
MUL_MAT f32 m=64 n=1024 k=64, RMS_NORM_MUL_ROPE RMS_NORM(64,8,128,1): 8 x 30.855 us = 246.84 us (269.748 GFLOPS/s)
MUL_MAT f32 m=64 n=4096 k=64: 15 x 16.674 us = 250.12 us (1996.58 GFLOPS/s)
MUL_MAT q4_0_rocmfp4_fast m=10752 n=128 k=2048, MUL_MAT q4_0_rocmfp4_fast m=10752 n=128 k=2048: 29 x 794.402 us = 23037.7 us (14188.7 GFLOPS/s)
MUL_MAT q4_0_rocmfp4_fast m=2048 n=128 k=10752: 29 x 572.288 us = 16596.4 us (9849.73 GFLOPS/s)
MUL_MAT q4_0_rocmfp4_fast m=2048 n=128 k=2048: 29 x 97.786 us = 2835.8 us (10977.8 GFLOPS/s)
MUL_MAT q4_0_rocmfp4_fast m=2048 n=128 k=2048, MUL_MAT q4_0_rocmfp4_fast m=512 n=128 k=2048, MUL_MAT q4_0_rocmfp4_fast m=512 n=128 k=2048: 8 x 154.49 us = 1235.92 us (10422.8 GFLOPS/s)
MUL_MAT q4_0_rocmfp4_fast m=6144 n=128 k=2048: 10 x 240.636 us = 2406.36 us (13383 GFLOPS/s)
MUL_MAT q4_0_rocmfp4_fast m=6144 n=128 k=2048, CPY: 12 x 243.823 us = 2925.88 us (13208.1 GFLOPS/s)
RMS_NORM_MUL RMS_NORM(2048,128,1,1): 57 x 10.338 us = 589.32 us
RMS_NORM_MUL RMS_NORM(2048,128,1,1), GET_ROWS: 1 x 10.32 us = 10.32 us
RMS_NORM_MUL_ROPE RMS_NORM(64,32,128,1): 8 x 102.57 us = 820.56 us
SCALE, GET_ROWS, GET_ROWS, RMS_NORM_MUL RMS_NORM(2048,128,1,1), CPY: 1 x 14.2 us = 14.2 us
SET_ROWS, SET_ROWS: 8 x 5.495 us = 43.96 us
Total time: 56695 us.
VKPHASE pipeline=quantize_q8_1_x4 elements=262144,1,1 gpu_ns=1760
VKPHASE pipeline=quantize_q8_1_x4 elements=262144,1,1 gpu_ns=1560
VKPHASE pipeline=quantize_q8_1_x4 elements=262144,1,1 gpu_ns=3240
VKPHASE pipeline=quantize_q8_1_x4 elements=1376256,1,1 gpu_ns=12160
VKPHASE pipeline=quantize_q8_1_x4 elements=262144,1,1 gpu_ns=1480
VKPHASE pipeline=quantize_q8_1_x4 elements=262144,1,1 gpu_ns=1440
VKPHASE pipeline=quantize_q8_1_x4 elements=262144,1,1 gpu_ns=3160
VKPHASE pipeline=quantize_q8_1_x4 elements=1376256,1,1 gpu_ns=12320
VKPHASE pipeline=quantize_q8_1_x4 elements=262144,1,1 gpu_ns=3200
VKPHASE pipeline=quantize_q8_1_x4 elements=262144,1,1 gpu_ns=3280
VKPHASE pipeline=quantize_q8_1_x4 elements=262144,1,1 gpu_ns=3160
VKPHASE pipeline=quantize_q8_1_x4 elements=1376256,1,1 gpu_ns=12480
VKPHASE pipeline=quantize_q8_1_x4 elements=262144,1,1 gpu_ns=3200
VKPHASE pipeline=quantize_q8_1_x4 elements=262144,1,1 gpu_ns=1440
VKPHASE pipeline=quantize_q8_1_x4 elements=262144,1,1 gpu_ns=3200
VKPHASE pipeline=quantize_q8_1_x4 elements=1376256,1,1 gpu_ns=12400
VKPHASE pipeline=quantize_q8_1_x4 elements=262144,1,1 gpu_ns=1600
VKPHASE pipeline=quantize_q8_1_x4 elements=262144,1,1 gpu_ns=3280
VKPHASE pipeline=quantize_q8_1_x4 elements=262144,1,1 gpu_ns=1440
VKPHASE pipeline=quantize_q8_1_x4 elements=1376256,1,1 gpu_ns=11920
VKPHASE pipeline=quantize_q8_1_x4 elements=262144,1,1 gpu_ns=1600
VKPHASE pipeline=quantize_q8_1_x4 elements=262144,1,1 gpu_ns=4400
VKPHASE pipeline=quantize_q8_1_x4 elements=262144,1,1 gpu_ns=3200
VKPHASE pipeline=quantize_q8_1_x4 elements=1376256,1,1 gpu_ns=12200
VKPHASE pipeline=quantize_q8_1_x4 elements=262144,1,1 gpu_ns=3280
VKPHASE pipeline=quantize_q8_1_x4 elements=262144,1,1 gpu_ns=1480
VKPHASE pipeline=quantize_q8_1_x4 elements=262144,1,1 gpu_ns=1440
VKPHASE pipeline=quantize_q8_1_x4 elements=1376256,1,1 gpu_ns=12000
VKPHASE pipeline=quantize_q8_1_x4 elements=262144,1,1 gpu_ns=1480
VKPHASE pipeline=quantize_q8_1_x4 elements=262144,1,1 gpu_ns=3240
VKPHASE pipeline=quantize_q8_1_x4 elements=262144,1,1 gpu_ns=3200
VKPHASE pipeline=quantize_q8_1_x4 elements=1376256,1,1 gpu_ns=12040
VKPHASE pipeline=quantize_q8_1_x4 elements=262144,1,1 gpu_ns=3280
VKPHASE pipeline=quantize_q8_1_x4 elements=262144,1,1 gpu_ns=1440
VKPHASE pipeline=quantize_q8_1_x4 elements=262144,1,1 gpu_ns=3200
VKPHASE pipeline=quantize_q8_1_x4 elements=1376256,1,1 gpu_ns=11720
VKPHASE pipeline=quantize_q8_1_x4 elements=262144,1,1 gpu_ns=3160
VKPHASE pipeline=quantize_q8_1_x4 elements=262144,1,1 gpu_ns=3240
VKPHASE pipeline=quantize_q8_1_x4 elements=262144,1,1 gpu_ns=3160
VKPHASE pipeline=quantize_q8_1_x4 elements=1376256,1,1 gpu_ns=12080
VKPHASE pipeline=quantize_q8_1_x4 elements=262144,1,1 gpu_ns=3280
VKPHASE pipeline=quantize_q8_1_x4 elements=262144,1,1 gpu_ns=3120
VKPHASE pipeline=quantize_q8_1_x4 elements=262144,1,1 gpu_ns=3160
VKPHASE pipeline=quantize_q8_1_x4 elements=1376256,1,1 gpu_ns=12480
VKPHASE pipeline=quantize_q8_1_x4 elements=262144,1,1 gpu_ns=1600
VKPHASE pipeline=quantize_q8_1_x4 elements=262144,1,1 gpu_ns=1480
VKPHASE pipeline=quantize_q8_1_x4 elements=262144,1,1 gpu_ns=3200
VKPHASE pipeline=quantize_q8_1_x4 elements=1376256,1,1 gpu_ns=12040
VKPHASE pipeline=quantize_q8_1_x4 elements=262144,1,1 gpu_ns=3240
VKPHASE pipeline=quantize_q8_1_x4 elements=262144,1,1 gpu_ns=1440
VKPHASE pipeline=quantize_q8_1_x4 elements=262144,1,1 gpu_ns=3200
VKPHASE pipeline=quantize_q8_1_x4 elements=1376256,1,1 gpu_ns=12200
VKPHASE pipeline=quantize_q8_1_x4 elements=262144,1,1 gpu_ns=3240
VKPHASE pipeline=quantize_q8_1_x4 elements=262144,1,1 gpu_ns=3200
VKPHASE pipeline=quantize_q8_1_x4 elements=262144,1,1 gpu_ns=1440
VKPHASE pipeline=quantize_q8_1_x4 elements=1376256,1,1 gpu_ns=11920
VKPHASE pipeline=quantize_q8_1_x4 elements=262144,1,1 gpu_ns=1480
VKPHASE pipeline=quantize_q8_1_x4 elements=262144,1,1 gpu_ns=1520
VKPHASE pipeline=quantize_q8_1_x4 elements=262144,1,1 gpu_ns=1440
VKPHASE pipeline=quantize_q8_1_x4 elements=1376256,1,1 gpu_ns=12200
VKPHASE pipeline=quantize_q8_1_x4 elements=262144,1,1 gpu_ns=3240
VKPHASE pipeline=quantize_q8_1_x4 elements=262144,1,1 gpu_ns=2600
VKPHASE pipeline=quantize_q8_1_x4 elements=262144,1,1 gpu_ns=3200
VKPHASE pipeline=quantize_q8_1_x4 elements=1376256,1,1 gpu_ns=11840
VKPHASE pipeline=quantize_q8_1_x4 elements=262144,1,1 gpu_ns=1440
VKPHASE pipeline=quantize_q8_1_x4 elements=262144,1,1 gpu_ns=3200
VKPHASE pipeline=quantize_q8_1_x4 elements=262144,1,1 gpu_ns=3160
VKPHASE pipeline=quantize_q8_1_x4 elements=1376256,1,1 gpu_ns=13720
VKPHASE pipeline=quantize_q8_1_x4 elements=262144,1,1 gpu_ns=3200
VKPHASE pipeline=quantize_q8_1_x4 elements=262144,1,1 gpu_ns=3320
VKPHASE pipeline=quantize_q8_1_x4 elements=262144,1,1 gpu_ns=3160
VKPHASE pipeline=quantize_q8_1_x4 elements=1376256,1,1 gpu_ns=12520
VKPHASE pipeline=quantize_q8_1_x4 elements=262144,1,1 gpu_ns=3280
VKPHASE pipeline=quantize_q8_1_x4 elements=262144,1,1 gpu_ns=3160
VKPHASE pipeline=quantize_q8_1_x4 elements=262144,1,1 gpu_ns=1520
VKPHASE pipeline=quantize_q8_1_x4 elements=1376256,1,1 gpu_ns=12600
VKPHASE pipeline=quantize_q8_1_x4 elements=262144,1,1 gpu_ns=3240
VKPHASE pipeline=quantize_q8_1_x4 elements=262144,1,1 gpu_ns=1440
VKPHASE pipeline=quantize_q8_1_x4 elements=262144,1,1 gpu_ns=1520
VKPHASE pipeline=quantize_q8_1_x4 elements=1376256,1,1 gpu_ns=12040
VKPHASE pipeline=quantize_q8_1_x4 elements=262144,1,1 gpu_ns=3280
VKPHASE pipeline=quantize_q8_1_x4 elements=262144,1,1 gpu_ns=3200
VKPHASE pipeline=quantize_q8_1_x4 elements=262144,1,1 gpu_ns=3480
VKPHASE pipeline=quantize_q8_1_x4 elements=1376256,1,1 gpu_ns=12440
VKPHASE pipeline=quantize_q8_1_x4 elements=262144,1,1 gpu_ns=3160
VKPHASE pipeline=quantize_q8_1_x4 elements=262144,1,1 gpu_ns=3440
VKPHASE pipeline=quantize_q8_1_x4 elements=262144,1,1 gpu_ns=3200
VKPHASE pipeline=quantize_q8_1_x4 elements=1376256,1,1 gpu_ns=11960
VKPHASE pipeline=quantize_q8_1_x4 elements=262144,1,1 gpu_ns=3280
VKPHASE pipeline=quantize_q8_1_x4 elements=262144,1,1 gpu_ns=3280
VKPHASE pipeline=quantize_q8_1_x4 elements=262144,1,1 gpu_ns=3200
VKPHASE pipeline=quantize_q8_1_x4 elements=1376256,1,1 gpu_ns=11960
VKPHASE pipeline=quantize_q8_1_x4 elements=262144,1,1 gpu_ns=3200
VKPHASE pipeline=quantize_q8_1_x4 elements=262144,1,1 gpu_ns=1480
VKPHASE pipeline=quantize_q8_1_x4 elements=262144,1,1 gpu_ns=3200
VKPHASE pipeline=quantize_q8_1_x4 elements=1376256,1,1 gpu_ns=11960
VKPHASE pipeline=quantize_q8_1_x4 elements=262144,1,1 gpu_ns=1440
VKPHASE pipeline=quantize_q8_1_x4 elements=262144,1,1 gpu_ns=3400
VKPHASE pipeline=quantize_q8_1_x4 elements=262144,1,1 gpu_ns=1520
VKPHASE pipeline=quantize_q8_1_x4 elements=1376256,1,1 gpu_ns=12400
VKPHASE pipeline=quantize_q8_1_x4 elements=262144,1,1 gpu_ns=1760
VKPHASE pipeline=quantize_q8_1_x4 elements=262144,1,1 gpu_ns=1440
VKPHASE pipeline=quantize_q8_1_x4 elements=262144,1,1 gpu_ns=3240
VKPHASE pipeline=quantize_q8_1_x4 elements=1376256,1,1 gpu_ns=12040
VKPHASE pipeline=quantize_q8_1_x4 elements=262144,1,1 gpu_ns=3240
VKPHASE pipeline=quantize_q8_1_x4 elements=262144,1,1 gpu_ns=1480
VKPHASE pipeline=quantize_q8_1_x4 elements=262144,1,1 gpu_ns=3200
VKPHASE pipeline=quantize_q8_1_x4 elements=1376256,1,1 gpu_ns=12120
VKPHASE pipeline=quantize_q8_1_x4 elements=262144,1,1 gpu_ns=3200
VKPHASE pipeline=quantize_q8_1_x4 elements=262144,1,1 gpu_ns=1560
VKPHASE pipeline=quantize_q8_1_x4 elements=262144,1,1 gpu_ns=3160
VKPHASE pipeline=quantize_q8_1_x4 elements=1376256,1,1 gpu_ns=12240
VKPHASE pipeline=quantize_q8_1_x4 elements=262144,1,1 gpu_ns=1480
VKPHASE pipeline=quantize_q8_1_x4 elements=262144,1,1 gpu_ns=3160
VKPHASE pipeline=quantize_q8_1_x4 elements=262144,1,1 gpu_ns=3200
VKPHASE pipeline=quantize_q8_1_x4 elements=1376256,1,1 gpu_ns=12320
VKPHASE pipeline=quantize_q8_1_x4 elements=262144,1,1 gpu_ns=3160
VKPHASE pipeline=quantize_q8_1_x4 elements=262144,1,1 gpu_ns=3200
----------------
Vulkan Timings:
ADD: 58 x 11.464 us = 664.96 us
CONCAT: 21 x 30.215 us = 634.52 us
CONCAT, CPY: 1 x 29.84 us = 29.84 us
CPY, SSM_CONV: 22 x 18.152 us = 399.36 us
FLASH_ATTN_EXT dst(64,32,128,1),  q(64,128,32,1),  k(64,1280,8,1),  v(64,1280,8,1),  m(1280,128,1,1), SCALE: 1 x 331 us = 331 us (4054.92 GFLOPS/s)
FLASH_ATTN_EXT dst(64,32,128,1),  q(64,128,32,1),  k(64,1280,8,1),  v(64,1280,8,1),  m(1280,128,1,1), SCALE, GET_ROWS, GET_ROWS, CPY: 7 x 335.011 us = 2345.08 us (4006.36 GFLOPS/s)
GET_ROWS, GET_ROWS, CPY, MUL_MAT f32 m=64 n=4096 k=64: 1 x 17.6 us = 17.6 us (1891.61 GFLOPS/s)
GLU: 17 x 38.089 us = 647.52 us
GLU, SCALE, GET_ROWS, GET_ROWS: 12 x 42.793 us = 513.52 us
MUL: 43 x 10.815 us = 465.08 us
MUL, SCALE, GET_ROWS, GET_ROWS: 1 x 12.24 us = 12.24 us
MUL_MAT f32 m=64 n=1024 k=64: 8 x 2.98 us = 23.84 us (2792.98 GFLOPS/s)
MUL_MAT f32 m=64 n=1024 k=64, RMS_NORM_MUL_ROPE RMS_NORM(64,8,128,1): 8 x 31.05 us = 248.4 us (268.054 GFLOPS/s)
MUL_MAT f32 m=64 n=4096 k=64: 15 x 17.378 us = 260.68 us (1915.7 GFLOPS/s)
MUL_MAT q4_0_rocmfp4_fast m=10752 n=128 k=2048, MUL_MAT q4_0_rocmfp4_fast m=10752 n=128 k=2048: 29 x 798.591 us = 23159.2 us (14114.3 GFLOPS/s)
MUL_MAT q4_0_rocmfp4_fast m=2048 n=128 k=10752: 29 x 567.413 us = 16455 us (9934.34 GFLOPS/s)
MUL_MAT q4_0_rocmfp4_fast m=2048 n=128 k=2048: 29 x 96.986 us = 2812.6 us (11068.4 GFLOPS/s)
MUL_MAT q4_0_rocmfp4_fast m=2048 n=128 k=2048, MUL_MAT q4_0_rocmfp4_fast m=512 n=128 k=2048, MUL_MAT q4_0_rocmfp4_fast m=512 n=128 k=2048: 8 x 148.9 us = 1191.2 us (10814.1 GFLOPS/s)
MUL_MAT q4_0_rocmfp4_fast m=6144 n=128 k=2048: 10 x 246.88 us = 2468.8 us (13044.6 GFLOPS/s)
MUL_MAT q4_0_rocmfp4_fast m=6144 n=128 k=2048, CPY: 12 x 239.153 us = 2869.84 us (13466 GFLOPS/s)
RMS_NORM_MUL RMS_NORM(2048,128,1,1): 57 x 10.347 us = 589.8 us
RMS_NORM_MUL RMS_NORM(2048,128,1,1), GET_ROWS: 1 x 10.4 us = 10.4 us
RMS_NORM_MUL_ROPE RMS_NORM(64,32,128,1): 8 x 104.625 us = 837 us
SCALE, GET_ROWS, GET_ROWS, RMS_NORM_MUL RMS_NORM(2048,128,1,1), CPY: 1 x 13.84 us = 13.84 us
SET_ROWS, SET_ROWS: 8 x 5.44 us = 43.52 us
Total time: 57044.8 us.
VKPHASE pipeline=quantize_q8_1_x4 elements=262144,1,1 gpu_ns=3240
VKPHASE pipeline=quantize_q8_1_x4 elements=262144,1,1 gpu_ns=3240
VKPHASE pipeline=quantize_q8_1_x4 elements=262144,1,1 gpu_ns=3240
VKPHASE pipeline=quantize_q8_1_x4 elements=1376256,1,1 gpu_ns=12680
VKPHASE pipeline=quantize_q8_1_x4 elements=262144,1,1 gpu_ns=3400
VKPHASE pipeline=quantize_q8_1_x4 elements=262144,1,1 gpu_ns=3360
VKPHASE pipeline=quantize_q8_1_x4 elements=262144,1,1 gpu_ns=3320
VKPHASE pipeline=quantize_q8_1_x4 elements=1376256,1,1 gpu_ns=12080
VKPHASE pipeline=quantize_q8_1_x4 elements=262144,1,1 gpu_ns=3320
VKPHASE pipeline=quantize_q8_1_x4 elements=262144,1,1 gpu_ns=3320
VKPHASE pipeline=quantize_q8_1_x4 elements=262144,1,1 gpu_ns=3640
VKPHASE pipeline=quantize_q8_1_x4 elements=1376256,1,1 gpu_ns=12400
VKPHASE pipeline=quantize_q8_1_x4 elements=262144,1,1 gpu_ns=1440
VKPHASE pipeline=quantize_q8_1_x4 elements=262144,1,1 gpu_ns=3240
VKPHASE pipeline=quantize_q8_1_x4 elements=262144,1,1 gpu_ns=3240
VKPHASE pipeline=quantize_q8_1_x4 elements=1376256,1,1 gpu_ns=12600
VKPHASE pipeline=quantize_q8_1_x4 elements=262144,1,1 gpu_ns=3240
VKPHASE pipeline=quantize_q8_1_x4 elements=262144,1,1 gpu_ns=3240
VKPHASE pipeline=quantize_q8_1_x4 elements=262144,1,1 gpu_ns=1440
VKPHASE pipeline=quantize_q8_1_x4 elements=1376256,1,1 gpu_ns=12120
VKPHASE pipeline=quantize_q8_1_x4 elements=262144,1,1 gpu_ns=1600
VKPHASE pipeline=quantize_q8_1_x4 elements=262144,1,1 gpu_ns=3280
VKPHASE pipeline=quantize_q8_1_x4 elements=262144,1,1 gpu_ns=3240
VKPHASE pipeline=quantize_q8_1_x4 elements=1376256,1,1 gpu_ns=12040
VKPHASE pipeline=quantize_q8_1_x4 elements=262144,1,1 gpu_ns=1560
VKPHASE pipeline=quantize_q8_1_x4 elements=262144,1,1 gpu_ns=1480
VKPHASE pipeline=quantize_q8_1_x4 elements=262144,1,1 gpu_ns=1480
VKPHASE pipeline=quantize_q8_1_x4 elements=1376256,1,1 gpu_ns=12080
VKPHASE pipeline=quantize_q8_1_x4 elements=262144,1,1 gpu_ns=3160
VKPHASE pipeline=quantize_q8_1_x4 elements=262144,1,1 gpu_ns=1480
VKPHASE pipeline=quantize_q8_1_x4 elements=262144,1,1 gpu_ns=3200
VKPHASE pipeline=quantize_q8_1_x4 elements=1376256,1,1 gpu_ns=12280
VKPHASE pipeline=quantize_q8_1_x4 elements=262144,1,1 gpu_ns=3200
VKPHASE pipeline=quantize_q8_1_x4 elements=262144,1,1 gpu_ns=3200
VKPHASE pipeline=quantize_q8_1_x4 elements=262144,1,1 gpu_ns=3160
VKPHASE pipeline=quantize_q8_1_x4 elements=1376256,1,1 gpu_ns=11920
VKPHASE pipeline=quantize_q8_1_x4 elements=262144,1,1 gpu_ns=4160
VKPHASE pipeline=quantize_q8_1_x4 elements=262144,1,1 gpu_ns=3240
VKPHASE pipeline=quantize_q8_1_x4 elements=262144,1,1 gpu_ns=3160
VKPHASE pipeline=quantize_q8_1_x4 elements=1376256,1,1 gpu_ns=12120
VKPHASE pipeline=quantize_q8_1_x4 elements=262144,1,1 gpu_ns=3160
VKPHASE pipeline=quantize_q8_1_x4 elements=262144,1,1 gpu_ns=4560
VKPHASE pipeline=quantize_q8_1_x4 elements=262144,1,1 gpu_ns=3160
VKPHASE pipeline=quantize_q8_1_x4 elements=1376256,1,1 gpu_ns=11960
VKPHASE pipeline=quantize_q8_1_x4 elements=262144,1,1 gpu_ns=3200
VKPHASE pipeline=quantize_q8_1_x4 elements=262144,1,1 gpu_ns=3160
VKPHASE pipeline=quantize_q8_1_x4 elements=262144,1,1 gpu_ns=3240
VKPHASE pipeline=quantize_q8_1_x4 elements=1376256,1,1 gpu_ns=12520
VKPHASE pipeline=quantize_q8_1_x4 elements=262144,1,1 gpu_ns=3200
VKPHASE pipeline=quantize_q8_1_x4 elements=262144,1,1 gpu_ns=1480
VKPHASE pipeline=quantize_q8_1_x4 elements=262144,1,1 gpu_ns=3480
VKPHASE pipeline=quantize_q8_1_x4 elements=1376256,1,1 gpu_ns=12160
VKPHASE pipeline=quantize_q8_1_x4 elements=262144,1,1 gpu_ns=3160
VKPHASE pipeline=quantize_q8_1_x4 elements=262144,1,1 gpu_ns=3320
VKPHASE pipeline=quantize_q8_1_x4 elements=262144,1,1 gpu_ns=3160
VKPHASE pipeline=quantize_q8_1_x4 elements=1376256,1,1 gpu_ns=12160
VKPHASE pipeline=quantize_q8_1_x4 elements=262144,1,1 gpu_ns=1480
VKPHASE pipeline=quantize_q8_1_x4 elements=262144,1,1 gpu_ns=1520
VKPHASE pipeline=quantize_q8_1_x4 elements=262144,1,1 gpu_ns=3240
VKPHASE pipeline=quantize_q8_1_x4 elements=1376256,1,1 gpu_ns=12240
VKPHASE pipeline=quantize_q8_1_x4 elements=262144,1,1 gpu_ns=1600
VKPHASE pipeline=quantize_q8_1_x4 elements=262144,1,1 gpu_ns=1440
VKPHASE pipeline=quantize_q8_1_x4 elements=262144,1,1 gpu_ns=3200
VKPHASE pipeline=quantize_q8_1_x4 elements=1376256,1,1 gpu_ns=12120
VKPHASE pipeline=quantize_q8_1_x4 elements=262144,1,1 gpu_ns=3200
VKPHASE pipeline=quantize_q8_1_x4 elements=262144,1,1 gpu_ns=3240
VKPHASE pipeline=quantize_q8_1_x4 elements=262144,1,1 gpu_ns=3160
VKPHASE pipeline=quantize_q8_1_x4 elements=1376256,1,1 gpu_ns=12120
VKPHASE pipeline=quantize_q8_1_x4 elements=262144,1,1 gpu_ns=1600
VKPHASE pipeline=quantize_q8_1_x4 elements=262144,1,1 gpu_ns=3240
VKPHASE pipeline=quantize_q8_1_x4 elements=262144,1,1 gpu_ns=3160
VKPHASE pipeline=quantize_q8_1_x4 elements=1376256,1,1 gpu_ns=13040
VKPHASE pipeline=quantize_q8_1_x4 elements=262144,1,1 gpu_ns=3240
VKPHASE pipeline=quantize_q8_1_x4 elements=262144,1,1 gpu_ns=3160
VKPHASE pipeline=quantize_q8_1_x4 elements=262144,1,1 gpu_ns=3240
VKPHASE pipeline=quantize_q8_1_x4 elements=1376256,1,1 gpu_ns=12080
VKPHASE pipeline=quantize_q8_1_x4 elements=262144,1,1 gpu_ns=3200
VKPHASE pipeline=quantize_q8_1_x4 elements=262144,1,1 gpu_ns=3120
VKPHASE pipeline=quantize_q8_1_x4 elements=262144,1,1 gpu_ns=1560
VKPHASE pipeline=quantize_q8_1_x4 elements=1376256,1,1 gpu_ns=11960
VKPHASE pipeline=quantize_q8_1_x4 elements=262144,1,1 gpu_ns=3240
VKPHASE pipeline=quantize_q8_1_x4 elements=262144,1,1 gpu_ns=1480
VKPHASE pipeline=quantize_q8_1_x4 elements=262144,1,1 gpu_ns=4040
VKPHASE pipeline=quantize_q8_1_x4 elements=1376256,1,1 gpu_ns=12120
VKPHASE pipeline=quantize_q8_1_x4 elements=262144,1,1 gpu_ns=1480
VKPHASE pipeline=quantize_q8_1_x4 elements=262144,1,1 gpu_ns=3240
VKPHASE pipeline=quantize_q8_1_x4 elements=262144,1,1 gpu_ns=3120
VKPHASE pipeline=quantize_q8_1_x4 elements=1376256,1,1 gpu_ns=12040
VKPHASE pipeline=quantize_q8_1_x4 elements=262144,1,1 gpu_ns=3160
VKPHASE pipeline=quantize_q8_1_x4 elements=262144,1,1 gpu_ns=3200
VKPHASE pipeline=quantize_q8_1_x4 elements=262144,1,1 gpu_ns=3200
VKPHASE pipeline=quantize_q8_1_x4 elements=1376256,1,1 gpu_ns=12080
VKPHASE pipeline=quantize_q8_1_x4 elements=262144,1,1 gpu_ns=3240
VKPHASE pipeline=quantize_q8_1_x4 elements=262144,1,1 gpu_ns=1440
VKPHASE pipeline=quantize_q8_1_x4 elements=262144,1,1 gpu_ns=3200
VKPHASE pipeline=quantize_q8_1_x4 elements=1376256,1,1 gpu_ns=11840
VKPHASE pipeline=quantize_q8_1_x4 elements=262144,1,1 gpu_ns=1880
VKPHASE pipeline=quantize_q8_1_x4 elements=262144,1,1 gpu_ns=3280
VKPHASE pipeline=quantize_q8_1_x4 elements=262144,1,1 gpu_ns=1440
VKPHASE pipeline=quantize_q8_1_x4 elements=1376256,1,1 gpu_ns=12360
VKPHASE pipeline=quantize_q8_1_x4 elements=262144,1,1 gpu_ns=1520
VKPHASE pipeline=quantize_q8_1_x4 elements=262144,1,1 gpu_ns=1440
VKPHASE pipeline=quantize_q8_1_x4 elements=262144,1,1 gpu_ns=3200
VKPHASE pipeline=quantize_q8_1_x4 elements=1376256,1,1 gpu_ns=12000
VKPHASE pipeline=quantize_q8_1_x4 elements=262144,1,1 gpu_ns=3160
VKPHASE pipeline=quantize_q8_1_x4 elements=262144,1,1 gpu_ns=1440
VKPHASE pipeline=quantize_q8_1_x4 elements=262144,1,1 gpu_ns=3120
VKPHASE pipeline=quantize_q8_1_x4 elements=1376256,1,1 gpu_ns=11600
VKPHASE pipeline=quantize_q8_1_x4 elements=262144,1,1 gpu_ns=3120
VKPHASE pipeline=quantize_q8_1_x4 elements=262144,1,1 gpu_ns=3160
VKPHASE pipeline=quantize_q8_1_x4 elements=262144,1,1 gpu_ns=3480
VKPHASE pipeline=quantize_q8_1_x4 elements=1376256,1,1 gpu_ns=12160
VKPHASE pipeline=quantize_q8_1_x4 elements=262144,1,1 gpu_ns=3240
VKPHASE pipeline=quantize_q8_1_x4 elements=262144,1,1 gpu_ns=3200
VKPHASE pipeline=quantize_q8_1_x4 elements=262144,1,1 gpu_ns=3160
VKPHASE pipeline=quantize_q8_1_x4 elements=1376256,1,1 gpu_ns=11800
VKPHASE pipeline=quantize_q8_1_x4 elements=262144,1,1 gpu_ns=3200
VKPHASE pipeline=quantize_q8_1_x4 elements=262144,1,1 gpu_ns=1480
----------------
Vulkan Timings:
ADD: 58 x 11.333 us = 657.32 us
CONCAT: 21 x 30.02 us = 630.44 us
CONCAT, CPY: 1 x 30.68 us = 30.68 us
CPY, SSM_CONV: 22 x 16.98 us = 373.56 us
FLASH_ATTN_EXT dst(64,32,128,1),  q(64,128,32,1),  k(64,1280,8,1),  v(64,1280,8,1),  m(1280,128,1,1), SCALE: 1 x 362.76 us = 362.76 us (3699.9 GFLOPS/s)
FLASH_ATTN_EXT dst(64,32,128,1),  q(64,128,32,1),  k(64,1280,8,1),  v(64,1280,8,1),  m(1280,128,1,1), SCALE, GET_ROWS, GET_ROWS, CPY: 7 x 366.697 us = 2566.88 us (3660.18 GFLOPS/s)
GET_ROWS, GET_ROWS, CPY, MUL_MAT f32 m=64 n=4096 k=64: 1 x 17.48 us = 17.48 us (1904.59 GFLOPS/s)
GLU: 17 x 37.856 us = 643.56 us
GLU, SCALE, GET_ROWS, GET_ROWS: 12 x 40.943 us = 491.32 us
MUL: 43 x 10.777 us = 463.44 us
MUL, SCALE, GET_ROWS, GET_ROWS: 1 x 12.16 us = 12.16 us
MUL_MAT f32 m=64 n=1024 k=64: 8 x 2.985 us = 23.88 us (2788.3 GFLOPS/s)
MUL_MAT f32 m=64 n=1024 k=64, RMS_NORM_MUL_ROPE RMS_NORM(64,8,128,1): 8 x 30.825 us = 246.6 us (270.01 GFLOPS/s)
MUL_MAT f32 m=64 n=4096 k=64: 15 x 17.352 us = 260.28 us (1918.64 GFLOPS/s)
MUL_MAT q4_0_rocmfp4_fast m=10752 n=128 k=2048, MUL_MAT q4_0_rocmfp4_fast m=10752 n=128 k=2048: 29 x 797.297 us = 23121.6 us (14137.2 GFLOPS/s)
MUL_MAT q4_0_rocmfp4_fast m=2048 n=128 k=10752: 29 x 565.044 us = 16386.3 us (9976 GFLOPS/s)
MUL_MAT q4_0_rocmfp4_fast m=2048 n=128 k=2048: 29 x 96.383 us = 2795.12 us (11137.6 GFLOPS/s)
MUL_MAT q4_0_rocmfp4_fast m=2048 n=128 k=2048, MUL_MAT q4_0_rocmfp4_fast m=512 n=128 k=2048, MUL_MAT q4_0_rocmfp4_fast m=512 n=128 k=2048: 8 x 147.775 us = 1182.2 us (10896.4 GFLOPS/s)
MUL_MAT q4_0_rocmfp4_fast m=6144 n=128 k=2048: 10 x 239.144 us = 2391.44 us (13466.5 GFLOPS/s)
MUL_MAT q4_0_rocmfp4_fast m=6144 n=128 k=2048, CPY: 12 x 240.68 us = 2888.16 us (13380.6 GFLOPS/s)
RMS_NORM_MUL RMS_NORM(2048,128,1,1): 57 x 10.924 us = 622.72 us
RMS_NORM_MUL RMS_NORM(2048,128,1,1), GET_ROWS: 1 x 10.16 us = 10.16 us
RMS_NORM_MUL_ROPE RMS_NORM(64,32,128,1): 8 x 100.78 us = 806.24 us
SCALE, GET_ROWS, GET_ROWS, RMS_NORM_MUL RMS_NORM(2048,128,1,1), CPY: 1 x 13.76 us = 13.76 us
SET_ROWS, SET_ROWS: 8 x 5.485 us = 43.88 us
Total time: 57042 us.
VKPHASE pipeline=quantize_q8_1_x4 elements=262144,1,1 gpu_ns=1440
VKPHASE pipeline=quantize_q8_1_x4 elements=262144,1,1 gpu_ns=1440
VKPHASE pipeline=quantize_q8_1_x4 elements=262144,1,1 gpu_ns=3240
VKPHASE pipeline=quantize_q8_1_x4 elements=1376256,1,1 gpu_ns=12120
VKPHASE pipeline=quantize_q8_1_x4 elements=262144,1,1 gpu_ns=1840
VKPHASE pipeline=quantize_q8_1_x4 elements=262144,1,1 gpu_ns=3160
VKPHASE pipeline=quantize_q8_1_x4 elements=262144,1,1 gpu_ns=3160
VKPHASE pipeline=quantize_q8_1_x4 elements=1376256,1,1 gpu_ns=12320
VKPHASE pipeline=quantize_q8_1_x4 elements=262144,1,1 gpu_ns=1520
VKPHASE pipeline=quantize_q8_1_x4 elements=262144,1,1 gpu_ns=3320
VKPHASE pipeline=quantize_q8_1_x4 elements=262144,1,1 gpu_ns=1520
VKPHASE pipeline=quantize_q8_1_x4 elements=1376256,1,1 gpu_ns=13320
VKPHASE pipeline=quantize_q8_1_x4 elements=262144,1,1 gpu_ns=3120
VKPHASE pipeline=quantize_q8_1_x4 elements=262144,1,1 gpu_ns=3120
VKPHASE pipeline=quantize_q8_1_x4 elements=262144,1,1 gpu_ns=3160
VKPHASE pipeline=quantize_q8_1_x4 elements=1376256,1,1 gpu_ns=12840
VKPHASE pipeline=quantize_q8_1_x4 elements=262144,1,1 gpu_ns=3280
VKPHASE pipeline=quantize_q8_1_x4 elements=262144,1,1 gpu_ns=3200
VKPHASE pipeline=quantize_q8_1_x4 elements=262144,1,1 gpu_ns=1480
VKPHASE pipeline=quantize_q8_1_x4 elements=1376256,1,1 gpu_ns=12280
VKPHASE pipeline=quantize_q8_1_x4 elements=262144,1,1 gpu_ns=1560
VKPHASE pipeline=quantize_q8_1_x4 elements=262144,1,1 gpu_ns=3200
VKPHASE pipeline=quantize_q8_1_x4 elements=262144,1,1 gpu_ns=1480
VKPHASE pipeline=quantize_q8_1_x4 elements=1376256,1,1 gpu_ns=12160
VKPHASE pipeline=quantize_q8_1_x4 elements=262144,1,1 gpu_ns=1480
VKPHASE pipeline=quantize_q8_1_x4 elements=262144,1,1 gpu_ns=1560
VKPHASE pipeline=quantize_q8_1_x4 elements=262144,1,1 gpu_ns=1480
VKPHASE pipeline=quantize_q8_1_x4 elements=1376256,1,1 gpu_ns=12040
VKPHASE pipeline=quantize_q8_1_x4 elements=262144,1,1 gpu_ns=3200
VKPHASE pipeline=quantize_q8_1_x4 elements=262144,1,1 gpu_ns=1480
VKPHASE pipeline=quantize_q8_1_x4 elements=262144,1,1 gpu_ns=3200
VKPHASE pipeline=quantize_q8_1_x4 elements=1376256,1,1 gpu_ns=12160
VKPHASE pipeline=quantize_q8_1_x4 elements=262144,1,1 gpu_ns=3200
VKPHASE pipeline=quantize_q8_1_x4 elements=262144,1,1 gpu_ns=3240
VKPHASE pipeline=quantize_q8_1_x4 elements=262144,1,1 gpu_ns=3120
VKPHASE pipeline=quantize_q8_1_x4 elements=1376256,1,1 gpu_ns=12080
VKPHASE pipeline=quantize_q8_1_x4 elements=262144,1,1 gpu_ns=3120
VKPHASE pipeline=quantize_q8_1_x4 elements=262144,1,1 gpu_ns=3200
VKPHASE pipeline=quantize_q8_1_x4 elements=262144,1,1 gpu_ns=3120
VKPHASE pipeline=quantize_q8_1_x4 elements=1376256,1,1 gpu_ns=12200
VKPHASE pipeline=quantize_q8_1_x4 elements=262144,1,1 gpu_ns=1480
VKPHASE pipeline=quantize_q8_1_x4 elements=262144,1,1 gpu_ns=1440
VKPHASE pipeline=quantize_q8_1_x4 elements=262144,1,1 gpu_ns=1440
VKPHASE pipeline=quantize_q8_1_x4 elements=1376256,1,1 gpu_ns=12120
VKPHASE pipeline=quantize_q8_1_x4 elements=262144,1,1 gpu_ns=3240
VKPHASE pipeline=quantize_q8_1_x4 elements=262144,1,1 gpu_ns=2920
VKPHASE pipeline=quantize_q8_1_x4 elements=262144,1,1 gpu_ns=3200
VKPHASE pipeline=quantize_q8_1_x4 elements=1376256,1,1 gpu_ns=12240
VKPHASE pipeline=quantize_q8_1_x4 elements=262144,1,1 gpu_ns=3200
VKPHASE pipeline=quantize_q8_1_x4 elements=262144,1,1 gpu_ns=1440
VKPHASE pipeline=quantize_q8_1_x4 elements=262144,1,1 gpu_ns=3200
VKPHASE pipeline=quantize_q8_1_x4 elements=1376256,1,1 gpu_ns=12040
VKPHASE pipeline=quantize_q8_1_x4 elements=262144,1,1 gpu_ns=3280
VKPHASE pipeline=quantize_q8_1_x4 elements=262144,1,1 gpu_ns=3240
VKPHASE pipeline=quantize_q8_1_x4 elements=262144,1,1 gpu_ns=3240
VKPHASE pipeline=quantize_q8_1_x4 elements=1376256,1,1 gpu_ns=12280
VKPHASE pipeline=quantize_q8_1_x4 elements=262144,1,1 gpu_ns=1520
VKPHASE pipeline=quantize_q8_1_x4 elements=262144,1,1 gpu_ns=1480
VKPHASE pipeline=quantize_q8_1_x4 elements=262144,1,1 gpu_ns=1440
VKPHASE pipeline=quantize_q8_1_x4 elements=1376256,1,1 gpu_ns=12000
VKPHASE pipeline=quantize_q8_1_x4 elements=262144,1,1 gpu_ns=3160
VKPHASE pipeline=quantize_q8_1_x4 elements=262144,1,1 gpu_ns=1440
VKPHASE pipeline=quantize_q8_1_x4 elements=262144,1,1 gpu_ns=1480
VKPHASE pipeline=quantize_q8_1_x4 elements=1376256,1,1 gpu_ns=12080
VKPHASE pipeline=quantize_q8_1_x4 elements=262144,1,1 gpu_ns=1520
VKPHASE pipeline=quantize_q8_1_x4 elements=262144,1,1 gpu_ns=1560
VKPHASE pipeline=quantize_q8_1_x4 elements=262144,1,1 gpu_ns=3120
VKPHASE pipeline=quantize_q8_1_x4 elements=1376256,1,1 gpu_ns=11960
VKPHASE pipeline=quantize_q8_1_x4 elements=262144,1,1 gpu_ns=3200
VKPHASE pipeline=quantize_q8_1_x4 elements=262144,1,1 gpu_ns=3240
VKPHASE pipeline=quantize_q8_1_x4 elements=262144,1,1 gpu_ns=3160
VKPHASE pipeline=quantize_q8_1_x4 elements=1376256,1,1 gpu_ns=12400
VKPHASE pipeline=quantize_q8_1_x4 elements=262144,1,1 gpu_ns=1520
VKPHASE pipeline=quantize_q8_1_x4 elements=262144,1,1 gpu_ns=1400
VKPHASE pipeline=quantize_q8_1_x4 elements=262144,1,1 gpu_ns=3200
VKPHASE pipeline=quantize_q8_1_x4 elements=1376256,1,1 gpu_ns=12120
VKPHASE pipeline=quantize_q8_1_x4 elements=262144,1,1 gpu_ns=3200
VKPHASE pipeline=quantize_q8_1_x4 elements=262144,1,1 gpu_ns=3160
VKPHASE pipeline=quantize_q8_1_x4 elements=262144,1,1 gpu_ns=3200
VKPHASE pipeline=quantize_q8_1_x4 elements=1376256,1,1 gpu_ns=12360
VKPHASE pipeline=quantize_q8_1_x4 elements=262144,1,1 gpu_ns=3240
VKPHASE pipeline=quantize_q8_1_x4 elements=262144,1,1 gpu_ns=3200
VKPHASE pipeline=quantize_q8_1_x4 elements=262144,1,1 gpu_ns=3200
VKPHASE pipeline=quantize_q8_1_x4 elements=1376256,1,1 gpu_ns=12280
VKPHASE pipeline=quantize_q8_1_x4 elements=262144,1,1 gpu_ns=3240
VKPHASE pipeline=quantize_q8_1_x4 elements=262144,1,1 gpu_ns=3280
VKPHASE pipeline=quantize_q8_1_x4 elements=262144,1,1 gpu_ns=3120
VKPHASE pipeline=quantize_q8_1_x4 elements=1376256,1,1 gpu_ns=12680
VKPHASE pipeline=quantize_q8_1_x4 elements=262144,1,1 gpu_ns=3240
VKPHASE pipeline=quantize_q8_1_x4 elements=262144,1,1 gpu_ns=3240
VKPHASE pipeline=quantize_q8_1_x4 elements=262144,1,1 gpu_ns=3160
VKPHASE pipeline=quantize_q8_1_x4 elements=1376256,1,1 gpu_ns=12360
VKPHASE pipeline=quantize_q8_1_x4 elements=262144,1,1 gpu_ns=3200
VKPHASE pipeline=quantize_q8_1_x4 elements=262144,1,1 gpu_ns=1560
VKPHASE pipeline=quantize_q8_1_x4 elements=262144,1,1 gpu_ns=3240
VKPHASE pipeline=quantize_q8_1_x4 elements=1376256,1,1 gpu_ns=12040
VKPHASE pipeline=quantize_q8_1_x4 elements=262144,1,1 gpu_ns=1480
VKPHASE pipeline=quantize_q8_1_x4 elements=262144,1,1 gpu_ns=4320
VKPHASE pipeline=quantize_q8_1_x4 elements=262144,1,1 gpu_ns=1480
VKPHASE pipeline=quantize_q8_1_x4 elements=1376256,1,1 gpu_ns=12480
VKPHASE pipeline=quantize_q8_1_x4 elements=262144,1,1 gpu_ns=3200
VKPHASE pipeline=quantize_q8_1_x4 elements=262144,1,1 gpu_ns=1480
VKPHASE pipeline=quantize_q8_1_x4 elements=262144,1,1 gpu_ns=3160
VKPHASE pipeline=quantize_q8_1_x4 elements=1376256,1,1 gpu_ns=12000
VKPHASE pipeline=quantize_q8_1_x4 elements=262144,1,1 gpu_ns=3240
VKPHASE pipeline=quantize_q8_1_x4 elements=262144,1,1 gpu_ns=1480
VKPHASE pipeline=quantize_q8_1_x4 elements=262144,1,1 gpu_ns=3160
VKPHASE pipeline=quantize_q8_1_x4 elements=1376256,1,1 gpu_ns=12040
VKPHASE pipeline=quantize_q8_1_x4 elements=262144,1,1 gpu_ns=3160
VKPHASE pipeline=quantize_q8_1_x4 elements=262144,1,1 gpu_ns=3160
VKPHASE pipeline=quantize_q8_1_x4 elements=262144,1,1 gpu_ns=3160
VKPHASE pipeline=quantize_q8_1_x4 elements=1376256,1,1 gpu_ns=12200
VKPHASE pipeline=quantize_q8_1_x4 elements=262144,1,1 gpu_ns=3240
VKPHASE pipeline=quantize_q8_1_x4 elements=262144,1,1 gpu_ns=3280
VKPHASE pipeline=quantize_q8_1_x4 elements=262144,1,1 gpu_ns=1440
VKPHASE pipeline=quantize_q8_1_x4 elements=1376256,1,1 gpu_ns=12000
VKPHASE pipeline=quantize_q8_1_x4 elements=262144,1,1 gpu_ns=3360
VKPHASE pipeline=quantize_q8_1_x4 elements=262144,1,1 gpu_ns=3200
----------------
Vulkan Timings:
ADD: 58 x 10.52 us = 610.2 us
CONCAT: 21 x 30.853 us = 647.92 us
CONCAT, CPY: 1 x 29.64 us = 29.64 us
CPY, SSM_CONV: 22 x 18.02 us = 396.44 us
FLASH_ATTN_EXT dst(64,32,128,1),  q(64,128,32,1),  k(64,1536,8,1),  v(64,1536,8,1),  m(1536,128,1,1), SCALE: 1 x 393.96 us = 393.96 us (4088.26 GFLOPS/s)
FLASH_ATTN_EXT dst(64,32,128,1),  q(64,128,32,1),  k(64,1536,8,1),  v(64,1536,8,1),  m(1536,128,1,1), SCALE, GET_ROWS, GET_ROWS, CPY: 7 x 397.6 us = 2783.2 us (4050.84 GFLOPS/s)
GET_ROWS, GET_ROWS, CPY, MUL_MAT f32 m=64 n=4096 k=64: 1 x 17.64 us = 17.64 us (1887.32 GFLOPS/s)
GLU: 17 x 38.065 us = 647.12 us
GLU, SCALE, GET_ROWS, GET_ROWS: 12 x 40.526 us = 486.32 us
MUL: 43 x 10.123 us = 435.32 us
MUL, SCALE, GET_ROWS, GET_ROWS: 1 x 12.16 us = 12.16 us
MUL_MAT f32 m=64 n=1024 k=64: 8 x 2.675 us = 21.4 us (3111.43 GFLOPS/s)
MUL_MAT f32 m=64 n=1024 k=64, RMS_NORM_MUL_ROPE RMS_NORM(64,8,128,1): 8 x 34.175 us = 273.4 us (243.543 GFLOPS/s)
MUL_MAT f32 m=64 n=4096 k=64: 15 x 18.269 us = 274.04 us (1822.3 GFLOPS/s)
MUL_MAT q4_0_rocmfp4_fast m=10752 n=128 k=2048, MUL_MAT q4_0_rocmfp4_fast m=10752 n=128 k=2048: 29 x 800.23 us = 23206.7 us (14085.4 GFLOPS/s)
MUL_MAT q4_0_rocmfp4_fast m=2048 n=128 k=10752: 29 x 569.129 us = 16504.8 us (9904.39 GFLOPS/s)
MUL_MAT q4_0_rocmfp4_fast m=2048 n=128 k=2048: 29 x 95.504 us = 2769.64 us (11240.1 GFLOPS/s)
MUL_MAT q4_0_rocmfp4_fast m=2048 n=128 k=2048, MUL_MAT q4_0_rocmfp4_fast m=512 n=128 k=2048, MUL_MAT q4_0_rocmfp4_fast m=512 n=128 k=2048: 8 x 157.695 us = 1261.56 us (10211 GFLOPS/s)
MUL_MAT q4_0_rocmfp4_fast m=6144 n=128 k=2048: 10 x 242.08 us = 2420.8 us (13303.2 GFLOPS/s)
MUL_MAT q4_0_rocmfp4_fast m=6144 n=128 k=2048, CPY: 12 x 241.406 us = 2896.88 us (13340.3 GFLOPS/s)
RMS_NORM_MUL RMS_NORM(2048,128,1,1): 57 x 10.28 us = 586 us
RMS_NORM_MUL RMS_NORM(2048,128,1,1), GET_ROWS: 1 x 10.32 us = 10.32 us
RMS_NORM_MUL_ROPE RMS_NORM(64,32,128,1): 8 x 104.375 us = 835 us
SCALE, GET_ROWS, GET_ROWS, RMS_NORM_MUL RMS_NORM(2048,128,1,1), CPY: 1 x 14.12 us = 14.12 us
SET_ROWS, SET_ROWS: 8 x 5.245 us = 41.96 us
Total time: 57576.5 us.
VKPHASE pipeline=quantize_q8_1_x4 elements=262144,1,1 gpu_ns=3320
VKPHASE pipeline=quantize_q8_1_x4 elements=262144,1,1 gpu_ns=3160
VKPHASE pipeline=quantize_q8_1_x4 elements=262144,1,1 gpu_ns=3320
VKPHASE pipeline=quantize_q8_1_x4 elements=1376256,1,1 gpu_ns=11960
VKPHASE pipeline=quantize_q8_1_x4 elements=262144,1,1 gpu_ns=3160
VKPHASE pipeline=quantize_q8_1_x4 elements=262144,1,1 gpu_ns=1560
VKPHASE pipeline=quantize_q8_1_x4 elements=262144,1,1 gpu_ns=3160
VKPHASE pipeline=quantize_q8_1_x4 elements=1376256,1,1 gpu_ns=12600
VKPHASE pipeline=quantize_q8_1_x4 elements=262144,1,1 gpu_ns=3160
VKPHASE pipeline=quantize_q8_1_x4 elements=262144,1,1 gpu_ns=3240
VKPHASE pipeline=quantize_q8_1_x4 elements=262144,1,1 gpu_ns=3200
VKPHASE pipeline=quantize_q8_1_x4 elements=1376256,1,1 gpu_ns=12440
VKPHASE pipeline=quantize_q8_1_x4 elements=262144,1,1 gpu_ns=3240
VKPHASE pipeline=quantize_q8_1_x4 elements=262144,1,1 gpu_ns=3160
VKPHASE pipeline=quantize_q8_1_x4 elements=262144,1,1 gpu_ns=1440
VKPHASE pipeline=quantize_q8_1_x4 elements=1376256,1,1 gpu_ns=12440
VKPHASE pipeline=quantize_q8_1_x4 elements=262144,1,1 gpu_ns=3200
VKPHASE pipeline=quantize_q8_1_x4 elements=262144,1,1 gpu_ns=1720
VKPHASE pipeline=quantize_q8_1_x4 elements=262144,1,1 gpu_ns=3200
VKPHASE pipeline=quantize_q8_1_x4 elements=1376256,1,1 gpu_ns=12840
VKPHASE pipeline=quantize_q8_1_x4 elements=262144,1,1 gpu_ns=1480
VKPHASE pipeline=quantize_q8_1_x4 elements=262144,1,1 gpu_ns=4320
VKPHASE pipeline=quantize_q8_1_x4 elements=262144,1,1 gpu_ns=1480
VKPHASE pipeline=quantize_q8_1_x4 elements=1376256,1,1 gpu_ns=12320
VKPHASE pipeline=quantize_q8_1_x4 elements=262144,1,1 gpu_ns=1480
VKPHASE pipeline=quantize_q8_1_x4 elements=262144,1,1 gpu_ns=2640
VKPHASE pipeline=quantize_q8_1_x4 elements=262144,1,1 gpu_ns=1440
VKPHASE pipeline=quantize_q8_1_x4 elements=1376256,1,1 gpu_ns=12440
VKPHASE pipeline=quantize_q8_1_x4 elements=262144,1,1 gpu_ns=3280
VKPHASE pipeline=quantize_q8_1_x4 elements=262144,1,1 gpu_ns=3160
VKPHASE pipeline=quantize_q8_1_x4 elements=262144,1,1 gpu_ns=3440
VKPHASE pipeline=quantize_q8_1_x4 elements=1376256,1,1 gpu_ns=12280
VKPHASE pipeline=quantize_q8_1_x4 elements=262144,1,1 gpu_ns=3160
VKPHASE pipeline=quantize_q8_1_x4 elements=262144,1,1 gpu_ns=4240
VKPHASE pipeline=quantize_q8_1_x4 elements=262144,1,1 gpu_ns=3120
VKPHASE pipeline=quantize_q8_1_x4 elements=1376256,1,1 gpu_ns=12040
VKPHASE pipeline=quantize_q8_1_x4 elements=262144,1,1 gpu_ns=3200
VKPHASE pipeline=quantize_q8_1_x4 elements=262144,1,1 gpu_ns=3200
VKPHASE pipeline=quantize_q8_1_x4 elements=262144,1,1 gpu_ns=3200
VKPHASE pipeline=quantize_q8_1_x4 elements=1376256,1,1 gpu_ns=12160
VKPHASE pipeline=quantize_q8_1_x4 elements=262144,1,1 gpu_ns=1440
VKPHASE pipeline=quantize_q8_1_x4 elements=262144,1,1 gpu_ns=1440
VKPHASE pipeline=quantize_q8_1_x4 elements=262144,1,1 gpu_ns=3120
VKPHASE pipeline=quantize_q8_1_x4 elements=1376256,1,1 gpu_ns=12000
VKPHASE pipeline=quantize_q8_1_x4 elements=262144,1,1 gpu_ns=3160
VKPHASE pipeline=quantize_q8_1_x4 elements=262144,1,1 gpu_ns=1480
VKPHASE pipeline=quantize_q8_1_x4 elements=262144,1,1 gpu_ns=3160
VKPHASE pipeline=quantize_q8_1_x4 elements=1376256,1,1 gpu_ns=11960
VKPHASE pipeline=quantize_q8_1_x4 elements=262144,1,1 gpu_ns=3200
VKPHASE pipeline=quantize_q8_1_x4 elements=262144,1,1 gpu_ns=3280
VKPHASE pipeline=quantize_q8_1_x4 elements=262144,1,1 gpu_ns=3200
VKPHASE pipeline=quantize_q8_1_x4 elements=1376256,1,1 gpu_ns=15080
VKPHASE pipeline=quantize_q8_1_x4 elements=262144,1,1 gpu_ns=14480
VKPHASE pipeline=quantize_q8_1_x4 elements=262144,1,1 gpu_ns=3240
VKPHASE pipeline=quantize_q8_1_x4 elements=262144,1,1 gpu_ns=3160
VKPHASE pipeline=quantize_q8_1_x4 elements=1376256,1,1 gpu_ns=12040
VKPHASE pipeline=quantize_q8_1_x4 elements=262144,1,1 gpu_ns=1480
VKPHASE pipeline=quantize_q8_1_x4 elements=262144,1,1 gpu_ns=1480
VKPHASE pipeline=quantize_q8_1_x4 elements=262144,1,1 gpu_ns=1440
VKPHASE pipeline=quantize_q8_1_x4 elements=1376256,1,1 gpu_ns=12200
VKPHASE pipeline=quantize_q8_1_x4 elements=262144,1,1 gpu_ns=3280
VKPHASE pipeline=quantize_q8_1_x4 elements=262144,1,1 gpu_ns=1440
VKPHASE pipeline=quantize_q8_1_x4 elements=262144,1,1 gpu_ns=3200
VKPHASE pipeline=quantize_q8_1_x4 elements=1376256,1,1 gpu_ns=12480
VKPHASE pipeline=quantize_q8_1_x4 elements=262144,1,1 gpu_ns=1480
VKPHASE pipeline=quantize_q8_1_x4 elements=262144,1,1 gpu_ns=3200
VKPHASE pipeline=quantize_q8_1_x4 elements=262144,1,1 gpu_ns=1520
VKPHASE pipeline=quantize_q8_1_x4 elements=1376256,1,1 gpu_ns=12200
VKPHASE pipeline=quantize_q8_1_x4 elements=262144,1,1 gpu_ns=1480
VKPHASE pipeline=quantize_q8_1_x4 elements=262144,1,1 gpu_ns=3320
VKPHASE pipeline=quantize_q8_1_x4 elements=262144,1,1 gpu_ns=3200
VKPHASE pipeline=quantize_q8_1_x4 elements=1376256,1,1 gpu_ns=12360
VKPHASE pipeline=quantize_q8_1_x4 elements=262144,1,1 gpu_ns=3280
VKPHASE pipeline=quantize_q8_1_x4 elements=262144,1,1 gpu_ns=1560
VKPHASE pipeline=quantize_q8_1_x4 elements=262144,1,1 gpu_ns=3160
VKPHASE pipeline=quantize_q8_1_x4 elements=1376256,1,1 gpu_ns=12280
VKPHASE pipeline=quantize_q8_1_x4 elements=262144,1,1 gpu_ns=3200
VKPHASE pipeline=quantize_q8_1_x4 elements=262144,1,1 gpu_ns=1480
VKPHASE pipeline=quantize_q8_1_x4 elements=262144,1,1 gpu_ns=3200
VKPHASE pipeline=quantize_q8_1_x4 elements=1376256,1,1 gpu_ns=12080
VKPHASE pipeline=quantize_q8_1_x4 elements=262144,1,1 gpu_ns=3280
VKPHASE pipeline=quantize_q8_1_x4 elements=262144,1,1 gpu_ns=1440
VKPHASE pipeline=quantize_q8_1_x4 elements=262144,1,1 gpu_ns=3200
VKPHASE pipeline=quantize_q8_1_x4 elements=1376256,1,1 gpu_ns=11880
VKPHASE pipeline=quantize_q8_1_x4 elements=262144,1,1 gpu_ns=3240
VKPHASE pipeline=quantize_q8_1_x4 elements=262144,1,1 gpu_ns=3200
VKPHASE pipeline=quantize_q8_1_x4 elements=262144,1,1 gpu_ns=3200
VKPHASE pipeline=quantize_q8_1_x4 elements=1376256,1,1 gpu_ns=12560
VKPHASE pipeline=quantize_q8_1_x4 elements=262144,1,1 gpu_ns=3120
VKPHASE pipeline=quantize_q8_1_x4 elements=262144,1,1 gpu_ns=1480
VKPHASE pipeline=quantize_q8_1_x4 elements=262144,1,1 gpu_ns=3160
VKPHASE pipeline=quantize_q8_1_x4 elements=1376256,1,1 gpu_ns=12200
VKPHASE pipeline=quantize_q8_1_x4 elements=262144,1,1 gpu_ns=3200
VKPHASE pipeline=quantize_q8_1_x4 elements=262144,1,1 gpu_ns=1480
VKPHASE pipeline=quantize_q8_1_x4 elements=262144,1,1 gpu_ns=1440
VKPHASE pipeline=quantize_q8_1_x4 elements=1376256,1,1 gpu_ns=12360
VKPHASE pipeline=quantize_q8_1_x4 elements=262144,1,1 gpu_ns=1520
VKPHASE pipeline=quantize_q8_1_x4 elements=262144,1,1 gpu_ns=3320
VKPHASE pipeline=quantize_q8_1_x4 elements=262144,1,1 gpu_ns=3520
VKPHASE pipeline=quantize_q8_1_x4 elements=1376256,1,1 gpu_ns=12480
VKPHASE pipeline=quantize_q8_1_x4 elements=262144,1,1 gpu_ns=1400
VKPHASE pipeline=quantize_q8_1_x4 elements=262144,1,1 gpu_ns=3160
VKPHASE pipeline=quantize_q8_1_x4 elements=262144,1,1 gpu_ns=1440
VKPHASE pipeline=quantize_q8_1_x4 elements=1376256,1,1 gpu_ns=12240
VKPHASE pipeline=quantize_q8_1_x4 elements=262144,1,1 gpu_ns=3200
VKPHASE pipeline=quantize_q8_1_x4 elements=262144,1,1 gpu_ns=3200
VKPHASE pipeline=quantize_q8_1_x4 elements=262144,1,1 gpu_ns=3160
VKPHASE pipeline=quantize_q8_1_x4 elements=1376256,1,1 gpu_ns=12000
VKPHASE pipeline=quantize_q8_1_x4 elements=262144,1,1 gpu_ns=3120
VKPHASE pipeline=quantize_q8_1_x4 elements=262144,1,1 gpu_ns=3160
VKPHASE pipeline=quantize_q8_1_x4 elements=262144,1,1 gpu_ns=3160
VKPHASE pipeline=quantize_q8_1_x4 elements=1376256,1,1 gpu_ns=12320
VKPHASE pipeline=quantize_q8_1_x4 elements=262144,1,1 gpu_ns=3200
VKPHASE pipeline=quantize_q8_1_x4 elements=262144,1,1 gpu_ns=1440
VKPHASE pipeline=quantize_q8_1_x4 elements=262144,1,1 gpu_ns=3160
VKPHASE pipeline=quantize_q8_1_x4 elements=1376256,1,1 gpu_ns=12000
VKPHASE pipeline=quantize_q8_1_x4 elements=262144,1,1 gpu_ns=3320
VKPHASE pipeline=quantize_q8_1_x4 elements=262144,1,1 gpu_ns=1480
----------------
Vulkan Timings:
ADD: 58 x 10.182 us = 590.56 us
CONCAT: 21 x 30.367 us = 637.72 us
CONCAT, CPY: 1 x 29.48 us = 29.48 us
CPY, SSM_CONV: 22 x 18.327 us = 403.2 us
FLASH_ATTN_EXT dst(64,32,128,1),  q(64,128,32,1),  k(64,1536,8,1),  v(64,1536,8,1),  m(1536,128,1,1), SCALE: 1 x 437.28 us = 437.28 us (3683.25 GFLOPS/s)
FLASH_ATTN_EXT dst(64,32,128,1),  q(64,128,32,1),  k(64,1536,8,1),  v(64,1536,8,1),  m(1536,128,1,1), SCALE, GET_ROWS, GET_ROWS, CPY: 7 x 426.954 us = 2988.68 us (3772.33 GFLOPS/s)
GET_ROWS, GET_ROWS, CPY, MUL_MAT f32 m=64 n=4096 k=64: 1 x 40.36 us = 40.36 us (824.883 GFLOPS/s)
GLU: 17 x 38.04 us = 646.68 us
GLU, SCALE, GET_ROWS, GET_ROWS: 12 x 39.313 us = 471.76 us
MUL: 43 x 10.269 us = 441.6 us
MUL, SCALE, GET_ROWS, GET_ROWS: 1 x 12.28 us = 12.28 us
MUL_MAT f32 m=64 n=1024 k=64: 8 x 2.975 us = 23.8 us (2797.67 GFLOPS/s)
MUL_MAT f32 m=64 n=1024 k=64, RMS_NORM_MUL_ROPE RMS_NORM(64,8,128,1): 8 x 32.36 us = 258.88 us (257.202 GFLOPS/s)
MUL_MAT f32 m=64 n=4096 k=64: 15 x 17.576 us = 263.64 us (1894.19 GFLOPS/s)
MUL_MAT q4_0_rocmfp4_fast m=10752 n=128 k=2048, MUL_MAT q4_0_rocmfp4_fast m=10752 n=128 k=2048: 29 x 797.736 us = 23134.4 us (14129.4 GFLOPS/s)
MUL_MAT q4_0_rocmfp4_fast m=2048 n=128 k=10752: 29 x 565.986 us = 16413.6 us (9959.4 GFLOPS/s)
MUL_MAT q4_0_rocmfp4_fast m=2048 n=128 k=2048: 29 x 100.827 us = 2924 us (10646.7 GFLOPS/s)
MUL_MAT q4_0_rocmfp4_fast m=2048 n=128 k=2048, MUL_MAT q4_0_rocmfp4_fast m=512 n=128 k=2048, MUL_MAT q4_0_rocmfp4_fast m=512 n=128 k=2048: 8 x 149.885 us = 1199.08 us (10743 GFLOPS/s)
MUL_MAT q4_0_rocmfp4_fast m=6144 n=128 k=2048: 10 x 244.936 us = 2449.36 us (13148.1 GFLOPS/s)
MUL_MAT q4_0_rocmfp4_fast m=6144 n=128 k=2048, CPY: 12 x 240.206 us = 2882.48 us (13407 GFLOPS/s)
RMS_NORM_MUL RMS_NORM(2048,128,1,1): 57 x 10.435 us = 594.8 us
RMS_NORM_MUL RMS_NORM(2048,128,1,1), GET_ROWS: 1 x 10.6 us = 10.6 us
RMS_NORM_MUL_ROPE RMS_NORM(64,32,128,1): 8 x 102.69 us = 821.52 us
SCALE, GET_ROWS, GET_ROWS, RMS_NORM_MUL RMS_NORM(2048,128,1,1), CPY: 1 x 14.88 us = 14.88 us
SET_ROWS, SET_ROWS: 8 x 5.645 us = 45.16 us
Total time: 57735.8 us.
VKPHASE pipeline=quantize_q8_1_x4 elements=262144,1,1 gpu_ns=1680
VKPHASE pipeline=quantize_q8_1_x4 elements=262144,1,1 gpu_ns=1520
VKPHASE pipeline=quantize_q8_1_x4 elements=262144,1,1 gpu_ns=3280
VKPHASE pipeline=quantize_q8_1_x4 elements=1376256,1,1 gpu_ns=12200
VKPHASE pipeline=quantize_q8_1_x4 elements=262144,1,1 gpu_ns=3160
VKPHASE pipeline=quantize_q8_1_x4 elements=262144,1,1 gpu_ns=3760
VKPHASE pipeline=quantize_q8_1_x4 elements=262144,1,1 gpu_ns=3200
VKPHASE pipeline=quantize_q8_1_x4 elements=1376256,1,1 gpu_ns=12440
VKPHASE pipeline=quantize_q8_1_x4 elements=262144,1,1 gpu_ns=3120
VKPHASE pipeline=quantize_q8_1_x4 elements=262144,1,1 gpu_ns=3240
VKPHASE pipeline=quantize_q8_1_x4 elements=262144,1,1 gpu_ns=3200
VKPHASE pipeline=quantize_q8_1_x4 elements=1376256,1,1 gpu_ns=12320
VKPHASE pipeline=quantize_q8_1_x4 elements=262144,1,1 gpu_ns=3160
VKPHASE pipeline=quantize_q8_1_x4 elements=262144,1,1 gpu_ns=3240
VKPHASE pipeline=quantize_q8_1_x4 elements=262144,1,1 gpu_ns=3200
VKPHASE pipeline=quantize_q8_1_x4 elements=1376256,1,1 gpu_ns=12520
VKPHASE pipeline=quantize_q8_1_x4 elements=262144,1,1 gpu_ns=3320
VKPHASE pipeline=quantize_q8_1_x4 elements=262144,1,1 gpu_ns=1480
VKPHASE pipeline=quantize_q8_1_x4 elements=262144,1,1 gpu_ns=1440
VKPHASE pipeline=quantize_q8_1_x4 elements=1376256,1,1 gpu_ns=12120
VKPHASE pipeline=quantize_q8_1_x4 elements=262144,1,1 gpu_ns=1520
VKPHASE pipeline=quantize_q8_1_x4 elements=262144,1,1 gpu_ns=3280
VKPHASE pipeline=quantize_q8_1_x4 elements=262144,1,1 gpu_ns=1480
VKPHASE pipeline=quantize_q8_1_x4 elements=1376256,1,1 gpu_ns=12040
VKPHASE pipeline=quantize_q8_1_x4 elements=262144,1,1 gpu_ns=1520
VKPHASE pipeline=quantize_q8_1_x4 elements=262144,1,1 gpu_ns=1560
VKPHASE pipeline=quantize_q8_1_x4 elements=262144,1,1 gpu_ns=3160
VKPHASE pipeline=quantize_q8_1_x4 elements=1376256,1,1 gpu_ns=11960
VKPHASE pipeline=quantize_q8_1_x4 elements=262144,1,1 gpu_ns=3280
VKPHASE pipeline=quantize_q8_1_x4 elements=262144,1,1 gpu_ns=1440
VKPHASE pipeline=quantize_q8_1_x4 elements=262144,1,1 gpu_ns=3160
VKPHASE pipeline=quantize_q8_1_x4 elements=1376256,1,1 gpu_ns=12760
VKPHASE pipeline=quantize_q8_1_x4 elements=262144,1,1 gpu_ns=3240
VKPHASE pipeline=quantize_q8_1_x4 elements=262144,1,1 gpu_ns=4440
VKPHASE pipeline=quantize_q8_1_x4 elements=262144,1,1 gpu_ns=3160
VKPHASE pipeline=quantize_q8_1_x4 elements=1376256,1,1 gpu_ns=12240
VKPHASE pipeline=quantize_q8_1_x4 elements=262144,1,1 gpu_ns=3200
VKPHASE pipeline=quantize_q8_1_x4 elements=262144,1,1 gpu_ns=1560
VKPHASE pipeline=quantize_q8_1_x4 elements=262144,1,1 gpu_ns=1440
VKPHASE pipeline=quantize_q8_1_x4 elements=1376256,1,1 gpu_ns=12200
VKPHASE pipeline=quantize_q8_1_x4 elements=262144,1,1 gpu_ns=3200
VKPHASE pipeline=quantize_q8_1_x4 elements=262144,1,1 gpu_ns=1440
VKPHASE pipeline=quantize_q8_1_x4 elements=262144,1,1 gpu_ns=3160
VKPHASE pipeline=quantize_q8_1_x4 elements=1376256,1,1 gpu_ns=12320
VKPHASE pipeline=quantize_q8_1_x4 elements=262144,1,1 gpu_ns=3200
VKPHASE pipeline=quantize_q8_1_x4 elements=262144,1,1 gpu_ns=3200
VKPHASE pipeline=quantize_q8_1_x4 elements=262144,1,1 gpu_ns=1440
VKPHASE pipeline=quantize_q8_1_x4 elements=1376256,1,1 gpu_ns=12160
VKPHASE pipeline=quantize_q8_1_x4 elements=262144,1,1 gpu_ns=3160
VKPHASE pipeline=quantize_q8_1_x4 elements=262144,1,1 gpu_ns=3160
VKPHASE pipeline=quantize_q8_1_x4 elements=262144,1,1 gpu_ns=3240
VKPHASE pipeline=quantize_q8_1_x4 elements=1376256,1,1 gpu_ns=12040
VKPHASE pipeline=quantize_q8_1_x4 elements=262144,1,1 gpu_ns=3200
VKPHASE pipeline=quantize_q8_1_x4 elements=262144,1,1 gpu_ns=3240
VKPHASE pipeline=quantize_q8_1_x4 elements=262144,1,1 gpu_ns=1480
VKPHASE pipeline=quantize_q8_1_x4 elements=1376256,1,1 gpu_ns=11520
VKPHASE pipeline=quantize_q8_1_x4 elements=262144,1,1 gpu_ns=1480
VKPHASE pipeline=quantize_q8_1_x4 elements=262144,1,1 gpu_ns=1480
VKPHASE pipeline=quantize_q8_1_x4 elements=262144,1,1 gpu_ns=1480
VKPHASE pipeline=quantize_q8_1_x4 elements=1376256,1,1 gpu_ns=11560
VKPHASE pipeline=quantize_q8_1_x4 elements=262144,1,1 gpu_ns=1640
VKPHASE pipeline=quantize_q8_1_x4 elements=262144,1,1 gpu_ns=1480
VKPHASE pipeline=quantize_q8_1_x4 elements=262144,1,1 gpu_ns=3200
VKPHASE pipeline=quantize_q8_1_x4 elements=1376256,1,1 gpu_ns=12000
VKPHASE pipeline=quantize_q8_1_x4 elements=262144,1,1 gpu_ns=1840
VKPHASE pipeline=quantize_q8_1_x4 elements=262144,1,1 gpu_ns=3200
VKPHASE pipeline=quantize_q8_1_x4 elements=262144,1,1 gpu_ns=3240
VKPHASE pipeline=quantize_q8_1_x4 elements=1376256,1,1 gpu_ns=11960
VKPHASE pipeline=quantize_q8_1_x4 elements=262144,1,1 gpu_ns=3160
VKPHASE pipeline=quantize_q8_1_x4 elements=262144,1,1 gpu_ns=3320
VKPHASE pipeline=quantize_q8_1_x4 elements=262144,1,1 gpu_ns=1520
VKPHASE pipeline=quantize_q8_1_x4 elements=1376256,1,1 gpu_ns=12400
VKPHASE pipeline=quantize_q8_1_x4 elements=262144,1,1 gpu_ns=3160
VKPHASE pipeline=quantize_q8_1_x4 elements=262144,1,1 gpu_ns=3200
VKPHASE pipeline=quantize_q8_1_x4 elements=262144,1,1 gpu_ns=3160
VKPHASE pipeline=quantize_q8_1_x4 elements=1376256,1,1 gpu_ns=12320
VKPHASE pipeline=quantize_q8_1_x4 elements=262144,1,1 gpu_ns=3160
VKPHASE pipeline=quantize_q8_1_x4 elements=262144,1,1 gpu_ns=3160
VKPHASE pipeline=quantize_q8_1_x4 elements=262144,1,1 gpu_ns=3160
VKPHASE pipeline=quantize_q8_1_x4 elements=1376256,1,1 gpu_ns=12120
VKPHASE pipeline=quantize_q8_1_x4 elements=262144,1,1 gpu_ns=3200
VKPHASE pipeline=quantize_q8_1_x4 elements=262144,1,1 gpu_ns=3160
VKPHASE pipeline=quantize_q8_1_x4 elements=262144,1,1 gpu_ns=3160
VKPHASE pipeline=quantize_q8_1_x4 elements=1376256,1,1 gpu_ns=12240
VKPHASE pipeline=quantize_q8_1_x4 elements=262144,1,1 gpu_ns=3320
VKPHASE pipeline=quantize_q8_1_x4 elements=262144,1,1 gpu_ns=3200
VKPHASE pipeline=quantize_q8_1_x4 elements=262144,1,1 gpu_ns=3160
VKPHASE pipeline=quantize_q8_1_x4 elements=1376256,1,1 gpu_ns=11960
VKPHASE pipeline=quantize_q8_1_x4 elements=262144,1,1 gpu_ns=3200
VKPHASE pipeline=quantize_q8_1_x4 elements=262144,1,1 gpu_ns=1480
VKPHASE pipeline=quantize_q8_1_x4 elements=262144,1,1 gpu_ns=1440
VKPHASE pipeline=quantize_q8_1_x4 elements=1376256,1,1 gpu_ns=12200
VKPHASE pipeline=quantize_q8_1_x4 elements=262144,1,1 gpu_ns=3240
VKPHASE pipeline=quantize_q8_1_x4 elements=262144,1,1 gpu_ns=1440
VKPHASE pipeline=quantize_q8_1_x4 elements=262144,1,1 gpu_ns=3160
VKPHASE pipeline=quantize_q8_1_x4 elements=1376256,1,1 gpu_ns=11880
VKPHASE pipeline=quantize_q8_1_x4 elements=262144,1,1 gpu_ns=1520
VKPHASE pipeline=quantize_q8_1_x4 elements=262144,1,1 gpu_ns=1760
VKPHASE pipeline=quantize_q8_1_x4 elements=262144,1,1 gpu_ns=3320
VKPHASE pipeline=quantize_q8_1_x4 elements=1376256,1,1 gpu_ns=13440
VKPHASE pipeline=quantize_q8_1_x4 elements=262144,1,1 gpu_ns=1480
VKPHASE pipeline=quantize_q8_1_x4 elements=262144,1,1 gpu_ns=3160
VKPHASE pipeline=quantize_q8_1_x4 elements=262144,1,1 gpu_ns=3120
VKPHASE pipeline=quantize_q8_1_x4 elements=1376256,1,1 gpu_ns=12320
VKPHASE pipeline=quantize_q8_1_x4 elements=262144,1,1 gpu_ns=1560
VKPHASE pipeline=quantize_q8_1_x4 elements=262144,1,1 gpu_ns=3160
VKPHASE pipeline=quantize_q8_1_x4 elements=262144,1,1 gpu_ns=3720
VKPHASE pipeline=quantize_q8_1_x4 elements=1376256,1,1 gpu_ns=11960
VKPHASE pipeline=quantize_q8_1_x4 elements=262144,1,1 gpu_ns=3240
VKPHASE pipeline=quantize_q8_1_x4 elements=262144,1,1 gpu_ns=1600
VKPHASE pipeline=quantize_q8_1_x4 elements=262144,1,1 gpu_ns=1440
VKPHASE pipeline=quantize_q8_1_x4 elements=1376256,1,1 gpu_ns=12440
VKPHASE pipeline=quantize_q8_1_x4 elements=262144,1,1 gpu_ns=1520
VKPHASE pipeline=quantize_q8_1_x4 elements=262144,1,1 gpu_ns=3160
VKPHASE pipeline=quantize_q8_1_x4 elements=262144,1,1 gpu_ns=3200
VKPHASE pipeline=quantize_q8_1_x4 elements=1376256,1,1 gpu_ns=12280
VKPHASE pipeline=quantize_q8_1_x4 elements=262144,1,1 gpu_ns=3280
VKPHASE pipeline=quantize_q8_1_x4 elements=262144,1,1 gpu_ns=3200
----------------
Vulkan Timings:
ADD: 58 x 10.328 us = 599.08 us
CONCAT: 21 x 30.217 us = 634.56 us
CONCAT, CPY: 1 x 29.96 us = 29.96 us
CPY, SSM_CONV: 22 x 16.983 us = 373.64 us
FLASH_ATTN_EXT dst(64,32,128,1),  q(64,128,32,1),  k(64,1792,8,1),  v(64,1792,8,1),  m(1792,128,1,1), SCALE: 1 x 462.04 us = 462.04 us (4066.85 GFLOPS/s)
FLASH_ATTN_EXT dst(64,32,128,1),  q(64,128,32,1),  k(64,1792,8,1),  v(64,1792,8,1),  m(1792,128,1,1), SCALE, GET_ROWS, GET_ROWS, CPY: 7 x 455.674 us = 3189.72 us (4123.67 GFLOPS/s)
GET_ROWS, GET_ROWS, CPY, MUL_MAT f32 m=64 n=4096 k=64: 1 x 17.64 us = 17.64 us (1887.32 GFLOPS/s)
GLU: 17 x 38.501 us = 654.52 us
GLU, SCALE, GET_ROWS, GET_ROWS: 12 x 42.68 us = 512.16 us
MUL: 43 x 10.121 us = 435.24 us
MUL, SCALE, GET_ROWS, GET_ROWS: 1 x 12.32 us = 12.32 us
MUL_MAT f32 m=64 n=1024 k=64: 8 x 2.66 us = 21.28 us (3128.97 GFLOPS/s)
MUL_MAT f32 m=64 n=1024 k=64, RMS_NORM_MUL_ROPE RMS_NORM(64,8,128,1): 8 x 31.57 us = 252.56 us (263.639 GFLOPS/s)
MUL_MAT f32 m=64 n=4096 k=64: 15 x 18.194 us = 272.92 us (1829.78 GFLOPS/s)
MUL_MAT q4_0_rocmfp4_fast m=10752 n=128 k=2048, MUL_MAT q4_0_rocmfp4_fast m=10752 n=128 k=2048: 29 x 794.64 us = 23044.6 us (14184.5 GFLOPS/s)
MUL_MAT q4_0_rocmfp4_fast m=2048 n=128 k=10752: 29 x 569.045 us = 16502.3 us (9905.86 GFLOPS/s)
MUL_MAT q4_0_rocmfp4_fast m=2048 n=128 k=2048: 29 x 96.548 us = 2799.92 us (11118.5 GFLOPS/s)
MUL_MAT q4_0_rocmfp4_fast m=2048 n=128 k=2048, MUL_MAT q4_0_rocmfp4_fast m=512 n=128 k=2048, MUL_MAT q4_0_rocmfp4_fast m=512 n=128 k=2048: 8 x 152.245 us = 1217.96 us (10576.5 GFLOPS/s)
MUL_MAT q4_0_rocmfp4_fast m=6144 n=128 k=2048: 10 x 248.572 us = 2485.72 us (12955.8 GFLOPS/s)
MUL_MAT q4_0_rocmfp4_fast m=6144 n=128 k=2048, CPY: 12 x 243.483 us = 2921.8 us (13226.5 GFLOPS/s)
RMS_NORM_MUL RMS_NORM(2048,128,1,1): 57 x 10.338 us = 589.28 us
RMS_NORM_MUL RMS_NORM(2048,128,1,1), GET_ROWS: 1 x 10.44 us = 10.44 us
RMS_NORM_MUL_ROPE RMS_NORM(64,32,128,1): 8 x 102.595 us = 820.76 us
SCALE, GET_ROWS, GET_ROWS, RMS_NORM_MUL RMS_NORM(2048,128,1,1), CPY: 1 x 14.28 us = 14.28 us
SET_ROWS, SET_ROWS: 8 x 5.355 us = 42.84 us
Total time: 57917.5 us.
VKPHASE pipeline=quantize_q8_1_x4 elements=262144,1,1 gpu_ns=3600
VKPHASE pipeline=quantize_q8_1_x4 elements=262144,1,1 gpu_ns=1440
VKPHASE pipeline=quantize_q8_1_x4 elements=262144,1,1 gpu_ns=3240
VKPHASE pipeline=quantize_q8_1_x4 elements=1376256,1,1 gpu_ns=12080
VKPHASE pipeline=quantize_q8_1_x4 elements=262144,1,1 gpu_ns=3160
VKPHASE pipeline=quantize_q8_1_x4 elements=262144,1,1 gpu_ns=1480
VKPHASE pipeline=quantize_q8_1_x4 elements=262144,1,1 gpu_ns=3160
VKPHASE pipeline=quantize_q8_1_x4 elements=1376256,1,1 gpu_ns=13480
VKPHASE pipeline=quantize_q8_1_x4 elements=262144,1,1 gpu_ns=3200
VKPHASE pipeline=quantize_q8_1_x4 elements=262144,1,1 gpu_ns=3240
VKPHASE pipeline=quantize_q8_1_x4 elements=262144,1,1 gpu_ns=3240
VKPHASE pipeline=quantize_q8_1_x4 elements=1376256,1,1 gpu_ns=12520
VKPHASE pipeline=quantize_q8_1_x4 elements=262144,1,1 gpu_ns=3280
VKPHASE pipeline=quantize_q8_1_x4 elements=262144,1,1 gpu_ns=3200
VKPHASE pipeline=quantize_q8_1_x4 elements=262144,1,1 gpu_ns=3200
VKPHASE pipeline=quantize_q8_1_x4 elements=1376256,1,1 gpu_ns=12600
VKPHASE pipeline=quantize_q8_1_x4 elements=262144,1,1 gpu_ns=1480
VKPHASE pipeline=quantize_q8_1_x4 elements=262144,1,1 gpu_ns=1400
VKPHASE pipeline=quantize_q8_1_x4 elements=262144,1,1 gpu_ns=1480
VKPHASE pipeline=quantize_q8_1_x4 elements=1376256,1,1 gpu_ns=12120
VKPHASE pipeline=quantize_q8_1_x4 elements=262144,1,1 gpu_ns=1520
VKPHASE pipeline=quantize_q8_1_x4 elements=262144,1,1 gpu_ns=3200
VKPHASE pipeline=quantize_q8_1_x4 elements=262144,1,1 gpu_ns=1480
VKPHASE pipeline=quantize_q8_1_x4 elements=1376256,1,1 gpu_ns=12200
VKPHASE pipeline=quantize_q8_1_x4 elements=262144,1,1 gpu_ns=1520
VKPHASE pipeline=quantize_q8_1_x4 elements=262144,1,1 gpu_ns=1480
VKPHASE pipeline=quantize_q8_1_x4 elements=262144,1,1 gpu_ns=1480
VKPHASE pipeline=quantize_q8_1_x4 elements=1376256,1,1 gpu_ns=12120
VKPHASE pipeline=quantize_q8_1_x4 elements=262144,1,1 gpu_ns=3280
VKPHASE pipeline=quantize_q8_1_x4 elements=262144,1,1 gpu_ns=3200
VKPHASE pipeline=quantize_q8_1_x4 elements=262144,1,1 gpu_ns=3160
VKPHASE pipeline=quantize_q8_1_x4 elements=1376256,1,1 gpu_ns=12160
VKPHASE pipeline=quantize_q8_1_x4 elements=262144,1,1 gpu_ns=3280
VKPHASE pipeline=quantize_q8_1_x4 elements=262144,1,1 gpu_ns=3120
VKPHASE pipeline=quantize_q8_1_x4 elements=262144,1,1 gpu_ns=1440
VKPHASE pipeline=quantize_q8_1_x4 elements=1376256,1,1 gpu_ns=12600
VKPHASE pipeline=quantize_q8_1_x4 elements=262144,1,1 gpu_ns=3200
VKPHASE pipeline=quantize_q8_1_x4 elements=262144,1,1 gpu_ns=3320
VKPHASE pipeline=quantize_q8_1_x4 elements=262144,1,1 gpu_ns=3120
VKPHASE pipeline=quantize_q8_1_x4 elements=1376256,1,1 gpu_ns=12160
VKPHASE pipeline=quantize_q8_1_x4 elements=262144,1,1 gpu_ns=3200
VKPHASE pipeline=quantize_q8_1_x4 elements=262144,1,1 gpu_ns=3160
VKPHASE pipeline=quantize_q8_1_x4 elements=262144,1,1 gpu_ns=3160
VKPHASE pipeline=quantize_q8_1_x4 elements=1376256,1,1 gpu_ns=12160
VKPHASE pipeline=quantize_q8_1_x4 elements=262144,1,1 gpu_ns=3280
VKPHASE pipeline=quantize_q8_1_x4 elements=262144,1,1 gpu_ns=3160
VKPHASE pipeline=quantize_q8_1_x4 elements=262144,1,1 gpu_ns=1440
VKPHASE pipeline=quantize_q8_1_x4 elements=1376256,1,1 gpu_ns=12080
VKPHASE pipeline=quantize_q8_1_x4 elements=262144,1,1 gpu_ns=3520
VKPHASE pipeline=quantize_q8_1_x4 elements=262144,1,1 gpu_ns=3160
VKPHASE pipeline=quantize_q8_1_x4 elements=262144,1,1 gpu_ns=3200
VKPHASE pipeline=quantize_q8_1_x4 elements=1376256,1,1 gpu_ns=12120
VKPHASE pipeline=quantize_q8_1_x4 elements=262144,1,1 gpu_ns=3360
VKPHASE pipeline=quantize_q8_1_x4 elements=262144,1,1 gpu_ns=4440
VKPHASE pipeline=quantize_q8_1_x4 elements=262144,1,1 gpu_ns=3200
VKPHASE pipeline=quantize_q8_1_x4 elements=1376256,1,1 gpu_ns=11920
VKPHASE pipeline=quantize_q8_1_x4 elements=262144,1,1 gpu_ns=3240
VKPHASE pipeline=quantize_q8_1_x4 elements=262144,1,1 gpu_ns=1480
VKPHASE pipeline=quantize_q8_1_x4 elements=262144,1,1 gpu_ns=3200
VKPHASE pipeline=quantize_q8_1_x4 elements=1376256,1,1 gpu_ns=12200
VKPHASE pipeline=quantize_q8_1_x4 elements=262144,1,1 gpu_ns=3200
VKPHASE pipeline=quantize_q8_1_x4 elements=262144,1,1 gpu_ns=1440
VKPHASE pipeline=quantize_q8_1_x4 elements=262144,1,1 gpu_ns=1480
VKPHASE pipeline=quantize_q8_1_x4 elements=1376256,1,1 gpu_ns=12040
VKPHASE pipeline=quantize_q8_1_x4 elements=262144,1,1 gpu_ns=1480
VKPHASE pipeline=quantize_q8_1_x4 elements=262144,1,1 gpu_ns=3200
VKPHASE pipeline=quantize_q8_1_x4 elements=262144,1,1 gpu_ns=3200
VKPHASE pipeline=quantize_q8_1_x4 elements=1376256,1,1 gpu_ns=12400
VKPHASE pipeline=quantize_q8_1_x4 elements=262144,1,1 gpu_ns=3240
VKPHASE pipeline=quantize_q8_1_x4 elements=262144,1,1 gpu_ns=3360
VKPHASE pipeline=quantize_q8_1_x4 elements=262144,1,1 gpu_ns=3200
VKPHASE pipeline=quantize_q8_1_x4 elements=1376256,1,1 gpu_ns=12440
VKPHASE pipeline=quantize_q8_1_x4 elements=262144,1,1 gpu_ns=3160
VKPHASE pipeline=quantize_q8_1_x4 elements=262144,1,1 gpu_ns=1440
VKPHASE pipeline=quantize_q8_1_x4 elements=262144,1,1 gpu_ns=3240
VKPHASE pipeline=quantize_q8_1_x4 elements=1376256,1,1 gpu_ns=12040
VKPHASE pipeline=quantize_q8_1_x4 elements=262144,1,1 gpu_ns=1600
VKPHASE pipeline=quantize_q8_1_x4 elements=262144,1,1 gpu_ns=3160
VKPHASE pipeline=quantize_q8_1_x4 elements=262144,1,1 gpu_ns=3200
VKPHASE pipeline=quantize_q8_1_x4 elements=1376256,1,1 gpu_ns=12080
VKPHASE pipeline=quantize_q8_1_x4 elements=262144,1,1 gpu_ns=3200
VKPHASE pipeline=quantize_q8_1_x4 elements=262144,1,1 gpu_ns=3240
VKPHASE pipeline=quantize_q8_1_x4 elements=262144,1,1 gpu_ns=3200
VKPHASE pipeline=quantize_q8_1_x4 elements=1376256,1,1 gpu_ns=12000
VKPHASE pipeline=quantize_q8_1_x4 elements=262144,1,1 gpu_ns=3160
VKPHASE pipeline=quantize_q8_1_x4 elements=262144,1,1 gpu_ns=3200
VKPHASE pipeline=quantize_q8_1_x4 elements=262144,1,1 gpu_ns=3160
VKPHASE pipeline=quantize_q8_1_x4 elements=1376256,1,1 gpu_ns=12200
VKPHASE pipeline=quantize_q8_1_x4 elements=262144,1,1 gpu_ns=1440
VKPHASE pipeline=quantize_q8_1_x4 elements=262144,1,1 gpu_ns=3240
VKPHASE pipeline=quantize_q8_1_x4 elements=262144,1,1 gpu_ns=1520
VKPHASE pipeline=quantize_q8_1_x4 elements=1376256,1,1 gpu_ns=12160
VKPHASE pipeline=quantize_q8_1_x4 elements=262144,1,1 gpu_ns=3200
VKPHASE pipeline=quantize_q8_1_x4 elements=262144,1,1 gpu_ns=1440
VKPHASE pipeline=quantize_q8_1_x4 elements=262144,1,1 gpu_ns=1440
VKPHASE pipeline=quantize_q8_1_x4 elements=1376256,1,1 gpu_ns=11800
VKPHASE pipeline=quantize_q8_1_x4 elements=262144,1,1 gpu_ns=1560
VKPHASE pipeline=quantize_q8_1_x4 elements=262144,1,1 gpu_ns=3360
VKPHASE pipeline=quantize_q8_1_x4 elements=262144,1,1 gpu_ns=1480
VKPHASE pipeline=quantize_q8_1_x4 elements=1376256,1,1 gpu_ns=12840
VKPHASE pipeline=quantize_q8_1_x4 elements=262144,1,1 gpu_ns=3200
VKPHASE pipeline=quantize_q8_1_x4 elements=262144,1,1 gpu_ns=3200
VKPHASE pipeline=quantize_q8_1_x4 elements=262144,1,1 gpu_ns=3120
VKPHASE pipeline=quantize_q8_1_x4 elements=1376256,1,1 gpu_ns=12160
VKPHASE pipeline=quantize_q8_1_x4 elements=262144,1,1 gpu_ns=3440
VKPHASE pipeline=quantize_q8_1_x4 elements=262144,1,1 gpu_ns=1480
VKPHASE pipeline=quantize_q8_1_x4 elements=262144,1,1 gpu_ns=3160
VKPHASE pipeline=quantize_q8_1_x4 elements=1376256,1,1 gpu_ns=12000
VKPHASE pipeline=quantize_q8_1_x4 elements=262144,1,1 gpu_ns=3200
VKPHASE pipeline=quantize_q8_1_x4 elements=262144,1,1 gpu_ns=3120
VKPHASE pipeline=quantize_q8_1_x4 elements=262144,1,1 gpu_ns=3200
VKPHASE pipeline=quantize_q8_1_x4 elements=1376256,1,1 gpu_ns=12240
VKPHASE pipeline=quantize_q8_1_x4 elements=262144,1,1 gpu_ns=3320
VKPHASE pipeline=quantize_q8_1_x4 elements=262144,1,1 gpu_ns=3160
VKPHASE pipeline=quantize_q8_1_x4 elements=262144,1,1 gpu_ns=1440
VKPHASE pipeline=quantize_q8_1_x4 elements=1376256,1,1 gpu_ns=12120
VKPHASE pipeline=quantize_q8_1_x4 elements=262144,1,1 gpu_ns=3200
VKPHASE pipeline=quantize_q8_1_x4 elements=262144,1,1 gpu_ns=3240
----------------
Vulkan Timings:
ADD: 58 x 10.063 us = 583.68 us
CONCAT: 21 x 29.948 us = 628.92 us
CONCAT, CPY: 1 x 30.12 us = 30.12 us
CPY, SSM_CONV: 22 x 16.881 us = 371.4 us
FLASH_ATTN_EXT dst(64,32,128,1),  q(64,128,32,1),  k(64,1792,8,1),  v(64,1792,8,1),  m(1792,128,1,1), SCALE: 1 x 487.92 us = 487.92 us (3851.14 GFLOPS/s)
FLASH_ATTN_EXT dst(64,32,128,1),  q(64,128,32,1),  k(64,1792,8,1),  v(64,1792,8,1),  m(1792,128,1,1), SCALE, GET_ROWS, GET_ROWS, CPY: 7 x 487.68 us = 3413.76 us (3853.04 GFLOPS/s)
GET_ROWS, GET_ROWS, CPY, MUL_MAT f32 m=64 n=4096 k=64: 1 x 17.52 us = 17.52 us (1900.24 GFLOPS/s)
GLU: 17 x 38.487 us = 654.28 us
GLU, SCALE, GET_ROWS, GET_ROWS: 12 x 40.2 us = 482.4 us
MUL: 43 x 10.786 us = 463.8 us
MUL, SCALE, GET_ROWS, GET_ROWS: 1 x 12.2 us = 12.2 us
MUL_MAT f32 m=64 n=1024 k=64: 8 x 2.615 us = 20.92 us (3182.82 GFLOPS/s)
MUL_MAT f32 m=64 n=1024 k=64, RMS_NORM_MUL_ROPE RMS_NORM(64,8,128,1): 8 x 32.8 us = 262.4 us (253.752 GFLOPS/s)
MUL_MAT f32 m=64 n=4096 k=64: 15 x 17.464 us = 261.96 us (1906.34 GFLOPS/s)
MUL_MAT q4_0_rocmfp4_fast m=10752 n=128 k=2048, MUL_MAT q4_0_rocmfp4_fast m=10752 n=128 k=2048: 29 x 799.117 us = 23174.4 us (14105 GFLOPS/s)
MUL_MAT q4_0_rocmfp4_fast m=2048 n=128 k=10752: 29 x 568.15 us = 16476.4 us (9921.46 GFLOPS/s)
MUL_MAT q4_0_rocmfp4_fast m=2048 n=128 k=2048: 29 x 96.751 us = 2805.8 us (11095.2 GFLOPS/s)
MUL_MAT q4_0_rocmfp4_fast m=2048 n=128 k=2048, MUL_MAT q4_0_rocmfp4_fast m=512 n=128 k=2048, MUL_MAT q4_0_rocmfp4_fast m=512 n=128 k=2048: 8 x 154.525 us = 1236.2 us (10420.4 GFLOPS/s)
MUL_MAT q4_0_rocmfp4_fast m=6144 n=128 k=2048: 10 x 239.164 us = 2391.64 us (13465.4 GFLOPS/s)
MUL_MAT q4_0_rocmfp4_fast m=6144 n=128 k=2048, CPY: 12 x 245.056 us = 2940.68 us (13141.6 GFLOPS/s)
RMS_NORM_MUL RMS_NORM(2048,128,1,1): 57 x 10.572 us = 602.64 us
RMS_NORM_MUL RMS_NORM(2048,128,1,1), GET_ROWS: 1 x 11.08 us = 11.08 us
RMS_NORM_MUL_ROPE RMS_NORM(64,32,128,1): 8 x 102.7 us = 821.6 us
SCALE, GET_ROWS, GET_ROWS, RMS_NORM_MUL RMS_NORM(2048,128,1,1), CPY: 1 x 13.92 us = 13.92 us
SET_ROWS, SET_ROWS: 8 x 5.505 us = 44.04 us
Total time: 58209.6 us.
VKPHASE pipeline=quantize_q8_1_x4 elements=262144,1,1 gpu_ns=1480
VKPHASE pipeline=quantize_q8_1_x4 elements=262144,1,1 gpu_ns=3160
VKPHASE pipeline=quantize_q8_1_x4 elements=262144,1,1 gpu_ns=3160
VKPHASE pipeline=quantize_q8_1_x4 elements=1376256,1,1 gpu_ns=12200
VKPHASE pipeline=quantize_q8_1_x4 elements=262144,1,1 gpu_ns=3120
VKPHASE pipeline=quantize_q8_1_x4 elements=262144,1,1 gpu_ns=1440
VKPHASE pipeline=quantize_q8_1_x4 elements=262144,1,1 gpu_ns=3200
VKPHASE pipeline=quantize_q8_1_x4 elements=1376256,1,1 gpu_ns=12480
VKPHASE pipeline=quantize_q8_1_x4 elements=262144,1,1 gpu_ns=3200
VKPHASE pipeline=quantize_q8_1_x4 elements=262144,1,1 gpu_ns=3240
VKPHASE pipeline=quantize_q8_1_x4 elements=262144,1,1 gpu_ns=1440
VKPHASE pipeline=quantize_q8_1_x4 elements=1376256,1,1 gpu_ns=12600
VKPHASE pipeline=quantize_q8_1_x4 elements=262144,1,1 gpu_ns=3200
VKPHASE pipeline=quantize_q8_1_x4 elements=262144,1,1 gpu_ns=1440
VKPHASE pipeline=quantize_q8_1_x4 elements=262144,1,1 gpu_ns=3200
VKPHASE pipeline=quantize_q8_1_x4 elements=1376256,1,1 gpu_ns=12760
VKPHASE pipeline=quantize_q8_1_x4 elements=262144,1,1 gpu_ns=3240
VKPHASE pipeline=quantize_q8_1_x4 elements=262144,1,1 gpu_ns=1400
VKPHASE pipeline=quantize_q8_1_x4 elements=262144,1,1 gpu_ns=3200
VKPHASE pipeline=quantize_q8_1_x4 elements=1376256,1,1 gpu_ns=12120
VKPHASE pipeline=quantize_q8_1_x4 elements=262144,1,1 gpu_ns=1440
VKPHASE pipeline=quantize_q8_1_x4 elements=262144,1,1 gpu_ns=3280
VKPHASE pipeline=quantize_q8_1_x4 elements=262144,1,1 gpu_ns=1480
VKPHASE pipeline=quantize_q8_1_x4 elements=1376256,1,1 gpu_ns=12000
VKPHASE pipeline=quantize_q8_1_x4 elements=262144,1,1 gpu_ns=3160
VKPHASE pipeline=quantize_q8_1_x4 elements=262144,1,1 gpu_ns=1480
VKPHASE pipeline=quantize_q8_1_x4 elements=262144,1,1 gpu_ns=1440
VKPHASE pipeline=quantize_q8_1_x4 elements=1376256,1,1 gpu_ns=12040
VKPHASE pipeline=quantize_q8_1_x4 elements=262144,1,1 gpu_ns=3200
VKPHASE pipeline=quantize_q8_1_x4 elements=262144,1,1 gpu_ns=3200
VKPHASE pipeline=quantize_q8_1_x4 elements=262144,1,1 gpu_ns=3200
VKPHASE pipeline=quantize_q8_1_x4 elements=1376256,1,1 gpu_ns=12160
VKPHASE pipeline=quantize_q8_1_x4 elements=262144,1,1 gpu_ns=1560
VKPHASE pipeline=quantize_q8_1_x4 elements=262144,1,1 gpu_ns=2800
VKPHASE pipeline=quantize_q8_1_x4 elements=262144,1,1 gpu_ns=3160
VKPHASE pipeline=quantize_q8_1_x4 elements=1376256,1,1 gpu_ns=11960
VKPHASE pipeline=quantize_q8_1_x4 elements=262144,1,1 gpu_ns=3200
VKPHASE pipeline=quantize_q8_1_x4 elements=262144,1,1 gpu_ns=3280
VKPHASE pipeline=quantize_q8_1_x4 elements=262144,1,1 gpu_ns=1440
VKPHASE pipeline=quantize_q8_1_x4 elements=1376256,1,1 gpu_ns=12560
VKPHASE pipeline=quantize_q8_1_x4 elements=262144,1,1 gpu_ns=11840
VKPHASE pipeline=quantize_q8_1_x4 elements=262144,1,1 gpu_ns=3200
VKPHASE pipeline=quantize_q8_1_x4 elements=262144,1,1 gpu_ns=3120
VKPHASE pipeline=quantize_q8_1_x4 elements=1376256,1,1 gpu_ns=12040
VKPHASE pipeline=quantize_q8_1_x4 elements=262144,1,1 gpu_ns=3200
VKPHASE pipeline=quantize_q8_1_x4 elements=262144,1,1 gpu_ns=3200
VKPHASE pipeline=quantize_q8_1_x4 elements=262144,1,1 gpu_ns=3160
VKPHASE pipeline=quantize_q8_1_x4 elements=1376256,1,1 gpu_ns=12640
VKPHASE pipeline=quantize_q8_1_x4 elements=262144,1,1 gpu_ns=1560
VKPHASE pipeline=quantize_q8_1_x4 elements=262144,1,1 gpu_ns=3200
VKPHASE pipeline=quantize_q8_1_x4 elements=262144,1,1 gpu_ns=3200
VKPHASE pipeline=quantize_q8_1_x4 elements=1376256,1,1 gpu_ns=12040
VKPHASE pipeline=quantize_q8_1_x4 elements=262144,1,1 gpu_ns=3240
VKPHASE pipeline=quantize_q8_1_x4 elements=262144,1,1 gpu_ns=3280
VKPHASE pipeline=quantize_q8_1_x4 elements=262144,1,1 gpu_ns=1480
VKPHASE pipeline=quantize_q8_1_x4 elements=1376256,1,1 gpu_ns=12040
VKPHASE pipeline=quantize_q8_1_x4 elements=262144,1,1 gpu_ns=1520
VKPHASE pipeline=quantize_q8_1_x4 elements=262144,1,1 gpu_ns=1520
VKPHASE pipeline=quantize_q8_1_x4 elements=262144,1,1 gpu_ns=1480
VKPHASE pipeline=quantize_q8_1_x4 elements=1376256,1,1 gpu_ns=12040
VKPHASE pipeline=quantize_q8_1_x4 elements=262144,1,1 gpu_ns=1600
VKPHASE pipeline=quantize_q8_1_x4 elements=262144,1,1 gpu_ns=1440
VKPHASE pipeline=quantize_q8_1_x4 elements=262144,1,1 gpu_ns=1440
VKPHASE pipeline=quantize_q8_1_x4 elements=1376256,1,1 gpu_ns=12000
VKPHASE pipeline=quantize_q8_1_x4 elements=262144,1,1 gpu_ns=1520
VKPHASE pipeline=quantize_q8_1_x4 elements=262144,1,1 gpu_ns=3200
VKPHASE pipeline=quantize_q8_1_x4 elements=262144,1,1 gpu_ns=3120
VKPHASE pipeline=quantize_q8_1_x4 elements=1376256,1,1 gpu_ns=12120
VKPHASE pipeline=quantize_q8_1_x4 elements=262144,1,1 gpu_ns=3200
VKPHASE pipeline=quantize_q8_1_x4 elements=262144,1,1 gpu_ns=3280
VKPHASE pipeline=quantize_q8_1_x4 elements=262144,1,1 gpu_ns=3200
VKPHASE pipeline=quantize_q8_1_x4 elements=1376256,1,1 gpu_ns=12040
VKPHASE pipeline=quantize_q8_1_x4 elements=262144,1,1 gpu_ns=3240
VKPHASE pipeline=quantize_q8_1_x4 elements=262144,1,1 gpu_ns=3120
VKPHASE pipeline=quantize_q8_1_x4 elements=262144,1,1 gpu_ns=3200
VKPHASE pipeline=quantize_q8_1_x4 elements=1376256,1,1 gpu_ns=12360
VKPHASE pipeline=quantize_q8_1_x4 elements=262144,1,1 gpu_ns=3480
VKPHASE pipeline=quantize_q8_1_x4 elements=262144,1,1 gpu_ns=1520
VKPHASE pipeline=quantize_q8_1_x4 elements=262144,1,1 gpu_ns=3200
VKPHASE pipeline=quantize_q8_1_x4 elements=1376256,1,1 gpu_ns=11960
VKPHASE pipeline=quantize_q8_1_x4 elements=262144,1,1 gpu_ns=3200
VKPHASE pipeline=quantize_q8_1_x4 elements=262144,1,1 gpu_ns=1440
VKPHASE pipeline=quantize_q8_1_x4 elements=262144,1,1 gpu_ns=3160
VKPHASE pipeline=quantize_q8_1_x4 elements=1376256,1,1 gpu_ns=12120
VKPHASE pipeline=quantize_q8_1_x4 elements=262144,1,1 gpu_ns=3200
VKPHASE pipeline=quantize_q8_1_x4 elements=262144,1,1 gpu_ns=3320
VKPHASE pipeline=quantize_q8_1_x4 elements=262144,1,1 gpu_ns=3160
VKPHASE pipeline=quantize_q8_1_x4 elements=1376256,1,1 gpu_ns=12160
VKPHASE pipeline=quantize_q8_1_x4 elements=262144,1,1 gpu_ns=3160
VKPHASE pipeline=quantize_q8_1_x4 elements=262144,1,1 gpu_ns=3200
VKPHASE pipeline=quantize_q8_1_x4 elements=262144,1,1 gpu_ns=3200
VKPHASE pipeline=quantize_q8_1_x4 elements=1376256,1,1 gpu_ns=12200
VKPHASE pipeline=quantize_q8_1_x4 elements=262144,1,1 gpu_ns=1480
VKPHASE pipeline=quantize_q8_1_x4 elements=262144,1,1 gpu_ns=1440
VKPHASE pipeline=quantize_q8_1_x4 elements=262144,1,1 gpu_ns=1480
VKPHASE pipeline=quantize_q8_1_x4 elements=1376256,1,1 gpu_ns=11920
VKPHASE pipeline=quantize_q8_1_x4 elements=262144,1,1 gpu_ns=1520
VKPHASE pipeline=quantize_q8_1_x4 elements=262144,1,1 gpu_ns=3360
VKPHASE pipeline=quantize_q8_1_x4 elements=262144,1,1 gpu_ns=1480
VKPHASE pipeline=quantize_q8_1_x4 elements=1376256,1,1 gpu_ns=12280
VKPHASE pipeline=quantize_q8_1_x4 elements=262144,1,1 gpu_ns=1480
VKPHASE pipeline=quantize_q8_1_x4 elements=262144,1,1 gpu_ns=2640
VKPHASE pipeline=quantize_q8_1_x4 elements=262144,1,1 gpu_ns=3160
VKPHASE pipeline=quantize_q8_1_x4 elements=1376256,1,1 gpu_ns=12120
VKPHASE pipeline=quantize_q8_1_x4 elements=262144,1,1 gpu_ns=3200
VKPHASE pipeline=quantize_q8_1_x4 elements=262144,1,1 gpu_ns=1400
VKPHASE pipeline=quantize_q8_1_x4 elements=262144,1,1 gpu_ns=3200
VKPHASE pipeline=quantize_q8_1_x4 elements=1376256,1,1 gpu_ns=12440
VKPHASE pipeline=quantize_q8_1_x4 elements=262144,1,1 gpu_ns=3160
VKPHASE pipeline=quantize_q8_1_x4 elements=262144,1,1 gpu_ns=3240
VKPHASE pipeline=quantize_q8_1_x4 elements=262144,1,1 gpu_ns=3120
VKPHASE pipeline=quantize_q8_1_x4 elements=1376256,1,1 gpu_ns=12000
VKPHASE pipeline=quantize_q8_1_x4 elements=262144,1,1 gpu_ns=3160
VKPHASE pipeline=quantize_q8_1_x4 elements=262144,1,1 gpu_ns=4320
VKPHASE pipeline=quantize_q8_1_x4 elements=262144,1,1 gpu_ns=3200
VKPHASE pipeline=quantize_q8_1_x4 elements=1376256,1,1 gpu_ns=12440
VKPHASE pipeline=quantize_q8_1_x4 elements=262144,1,1 gpu_ns=3480
VKPHASE pipeline=quantize_q8_1_x4 elements=262144,1,1 gpu_ns=1480
----------------
Vulkan Timings:
ADD: 58 x 11.244 us = 652.16 us
CONCAT: 21 x 30.072 us = 631.52 us
CONCAT, CPY: 1 x 30.08 us = 30.08 us
CPY, SSM_CONV: 22 x 16.983 us = 373.64 us
FLASH_ATTN_EXT dst(64,32,128,1),  q(64,128,32,1),  k(64,2048,8,1),  v(64,2048,8,1),  m(2048,128,1,1), SCALE: 1 x 521.56 us = 521.56 us (4117.42 GFLOPS/s)
FLASH_ATTN_EXT dst(64,32,128,1),  q(64,128,32,1),  k(64,2048,8,1),  v(64,2048,8,1),  m(2048,128,1,1), SCALE, GET_ROWS, GET_ROWS, CPY: 7 x 525.525 us = 3678.68 us (4086.35 GFLOPS/s)
GET_ROWS, GET_ROWS, CPY, MUL_MAT f32 m=64 n=4096 k=64: 1 x 17.48 us = 17.48 us (1904.59 GFLOPS/s)
GLU: 17 x 37.995 us = 645.92 us
GLU, SCALE, GET_ROWS, GET_ROWS: 12 x 40.326 us = 483.92 us
MUL: 43 x 10.847 us = 466.44 us
MUL, SCALE, GET_ROWS, GET_ROWS: 1 x 12.16 us = 12.16 us
MUL_MAT f32 m=64 n=1024 k=64: 8 x 2.985 us = 23.88 us (2788.3 GFLOPS/s)
MUL_MAT f32 m=64 n=1024 k=64, RMS_NORM_MUL_ROPE RMS_NORM(64,8,128,1): 8 x 31.295 us = 250.36 us (265.955 GFLOPS/s)
MUL_MAT f32 m=64 n=4096 k=64: 15 x 17.498 us = 262.48 us (1902.56 GFLOPS/s)
MUL_MAT q4_0_rocmfp4_fast m=10752 n=128 k=2048, MUL_MAT q4_0_rocmfp4_fast m=10752 n=128 k=2048: 29 x 800.115 us = 23203.4 us (14087.4 GFLOPS/s)
MUL_MAT q4_0_rocmfp4_fast m=2048 n=128 k=10752: 29 x 568.864 us = 16497.1 us (9909 GFLOPS/s)
MUL_MAT q4_0_rocmfp4_fast m=2048 n=128 k=2048: 29 x 96.154 us = 2788.48 us (11164.1 GFLOPS/s)
MUL_MAT q4_0_rocmfp4_fast m=2048 n=128 k=2048, MUL_MAT q4_0_rocmfp4_fast m=512 n=128 k=2048, MUL_MAT q4_0_rocmfp4_fast m=512 n=128 k=2048: 8 x 153.715 us = 1229.72 us (10475.4 GFLOPS/s)
MUL_MAT q4_0_rocmfp4_fast m=6144 n=128 k=2048: 10 x 245.552 us = 2455.52 us (13115.1 GFLOPS/s)
MUL_MAT q4_0_rocmfp4_fast m=6144 n=128 k=2048, CPY: 12 x 253.34 us = 3040.08 us (12711.9 GFLOPS/s)
RMS_NORM_MUL RMS_NORM(2048,128,1,1): 57 x 10.422 us = 594.08 us
RMS_NORM_MUL RMS_NORM(2048,128,1,1), GET_ROWS: 1 x 10.08 us = 10.08 us
RMS_NORM_MUL_ROPE RMS_NORM(64,32,128,1): 8 x 101.785 us = 814.28 us
SCALE, GET_ROWS, GET_ROWS, RMS_NORM_MUL RMS_NORM(2048,128,1,1), CPY: 1 x 13.88 us = 13.88 us
SET_ROWS, SET_ROWS: 8 x 5.465 us = 43.72 us
Total time: 58740.6 us.
VKPHASE pipeline=quantize_q8_1_x4 elements=262144,1,1 gpu_ns=3200
VKPHASE pipeline=quantize_q8_1_x4 elements=262144,1,1 gpu_ns=3200
VKPHASE pipeline=quantize_q8_1_x4 elements=262144,1,1 gpu_ns=3240
VKPHASE pipeline=quantize_q8_1_x4 elements=1376256,1,1 gpu_ns=12040
VKPHASE pipeline=quantize_q8_1_x4 elements=262144,1,1 gpu_ns=3280
VKPHASE pipeline=quantize_q8_1_x4 elements=262144,1,1 gpu_ns=3280
VKPHASE pipeline=quantize_q8_1_x4 elements=262144,1,1 gpu_ns=1560
VKPHASE pipeline=quantize_q8_1_x4 elements=1376256,1,1 gpu_ns=12560
VKPHASE pipeline=quantize_q8_1_x4 elements=262144,1,1 gpu_ns=3320
VKPHASE pipeline=quantize_q8_1_x4 elements=262144,1,1 gpu_ns=3280
VKPHASE pipeline=quantize_q8_1_x4 elements=262144,1,1 gpu_ns=1520
VKPHASE pipeline=quantize_q8_1_x4 elements=1376256,1,1 gpu_ns=12520
VKPHASE pipeline=quantize_q8_1_x4 elements=262144,1,1 gpu_ns=3200
VKPHASE pipeline=quantize_q8_1_x4 elements=262144,1,1 gpu_ns=3240
VKPHASE pipeline=quantize_q8_1_x4 elements=262144,1,1 gpu_ns=3200
VKPHASE pipeline=quantize_q8_1_x4 elements=1376256,1,1 gpu_ns=12560
VKPHASE pipeline=quantize_q8_1_x4 elements=262144,1,1 gpu_ns=3160
VKPHASE pipeline=quantize_q8_1_x4 elements=262144,1,1 gpu_ns=1480
VKPHASE pipeline=quantize_q8_1_x4 elements=262144,1,1 gpu_ns=1440
VKPHASE pipeline=quantize_q8_1_x4 elements=1376256,1,1 gpu_ns=12160
VKPHASE pipeline=quantize_q8_1_x4 elements=262144,1,1 gpu_ns=3160
VKPHASE pipeline=quantize_q8_1_x4 elements=262144,1,1 gpu_ns=3280
VKPHASE pipeline=quantize_q8_1_x4 elements=262144,1,1 gpu_ns=3240
VKPHASE pipeline=quantize_q8_1_x4 elements=1376256,1,1 gpu_ns=12080
VKPHASE pipeline=quantize_q8_1_x4 elements=262144,1,1 gpu_ns=3160
VKPHASE pipeline=quantize_q8_1_x4 elements=262144,1,1 gpu_ns=1480
VKPHASE pipeline=quantize_q8_1_x4 elements=262144,1,1 gpu_ns=1480
VKPHASE pipeline=quantize_q8_1_x4 elements=1376256,1,1 gpu_ns=12160
VKPHASE pipeline=quantize_q8_1_x4 elements=262144,1,1 gpu_ns=3280
VKPHASE pipeline=quantize_q8_1_x4 elements=262144,1,1 gpu_ns=3160
VKPHASE pipeline=quantize_q8_1_x4 elements=262144,1,1 gpu_ns=3280
VKPHASE pipeline=quantize_q8_1_x4 elements=1376256,1,1 gpu_ns=12080
VKPHASE pipeline=quantize_q8_1_x4 elements=262144,1,1 gpu_ns=1520
VKPHASE pipeline=quantize_q8_1_x4 elements=262144,1,1 gpu_ns=1440
VKPHASE pipeline=quantize_q8_1_x4 elements=262144,1,1 gpu_ns=3120
VKPHASE pipeline=quantize_q8_1_x4 elements=1376256,1,1 gpu_ns=11680
VKPHASE pipeline=quantize_q8_1_x4 elements=262144,1,1 gpu_ns=3160
VKPHASE pipeline=quantize_q8_1_x4 elements=262144,1,1 gpu_ns=3160
VKPHASE pipeline=quantize_q8_1_x4 elements=262144,1,1 gpu_ns=3200
VKPHASE pipeline=quantize_q8_1_x4 elements=1376256,1,1 gpu_ns=12120
VKPHASE pipeline=quantize_q8_1_x4 elements=262144,1,1 gpu_ns=1560
VKPHASE pipeline=quantize_q8_1_x4 elements=262144,1,1 gpu_ns=1480
VKPHASE pipeline=quantize_q8_1_x4 elements=262144,1,1 gpu_ns=3200
VKPHASE pipeline=quantize_q8_1_x4 elements=1376256,1,1 gpu_ns=12200
VKPHASE pipeline=quantize_q8_1_x4 elements=262144,1,1 gpu_ns=1520
VKPHASE pipeline=quantize_q8_1_x4 elements=262144,1,1 gpu_ns=4240
VKPHASE pipeline=quantize_q8_1_x4 elements=262144,1,1 gpu_ns=3560
VKPHASE pipeline=quantize_q8_1_x4 elements=1376256,1,1 gpu_ns=11880
VKPHASE pipeline=quantize_q8_1_x4 elements=262144,1,1 gpu_ns=3160
VKPHASE pipeline=quantize_q8_1_x4 elements=262144,1,1 gpu_ns=1440
VKPHASE pipeline=quantize_q8_1_x4 elements=262144,1,1 gpu_ns=3240
VKPHASE pipeline=quantize_q8_1_x4 elements=1376256,1,1 gpu_ns=12000
VKPHASE pipeline=quantize_q8_1_x4 elements=262144,1,1 gpu_ns=3280
VKPHASE pipeline=quantize_q8_1_x4 elements=262144,1,1 gpu_ns=3200
VKPHASE pipeline=quantize_q8_1_x4 elements=262144,1,1 gpu_ns=3160
VKPHASE pipeline=quantize_q8_1_x4 elements=1376256,1,1 gpu_ns=12160
VKPHASE pipeline=quantize_q8_1_x4 elements=262144,1,1 gpu_ns=3240
VKPHASE pipeline=quantize_q8_1_x4 elements=262144,1,1 gpu_ns=1480
VKPHASE pipeline=quantize_q8_1_x4 elements=262144,1,1 gpu_ns=1480
VKPHASE pipeline=quantize_q8_1_x4 elements=1376256,1,1 gpu_ns=12120
VKPHASE pipeline=quantize_q8_1_x4 elements=262144,1,1 gpu_ns=1480
VKPHASE pipeline=quantize_q8_1_x4 elements=262144,1,1 gpu_ns=1480
VKPHASE pipeline=quantize_q8_1_x4 elements=262144,1,1 gpu_ns=3320
VKPHASE pipeline=quantize_q8_1_x4 elements=1376256,1,1 gpu_ns=11920
VKPHASE pipeline=quantize_q8_1_x4 elements=262144,1,1 gpu_ns=1560
VKPHASE pipeline=quantize_q8_1_x4 elements=262144,1,1 gpu_ns=1520
VKPHASE pipeline=quantize_q8_1_x4 elements=262144,1,1 gpu_ns=3200
VKPHASE pipeline=quantize_q8_1_x4 elements=1376256,1,1 gpu_ns=12080
VKPHASE pipeline=quantize_q8_1_x4 elements=262144,1,1 gpu_ns=3200
VKPHASE pipeline=quantize_q8_1_x4 elements=262144,1,1 gpu_ns=3360
VKPHASE pipeline=quantize_q8_1_x4 elements=262144,1,1 gpu_ns=3240
VKPHASE pipeline=quantize_q8_1_x4 elements=1376256,1,1 gpu_ns=12480
VKPHASE pipeline=quantize_q8_1_x4 elements=262144,1,1 gpu_ns=3200
VKPHASE pipeline=quantize_q8_1_x4 elements=262144,1,1 gpu_ns=1440
VKPHASE pipeline=quantize_q8_1_x4 elements=262144,1,1 gpu_ns=3200
VKPHASE pipeline=quantize_q8_1_x4 elements=1376256,1,1 gpu_ns=12720
VKPHASE pipeline=quantize_q8_1_x4 elements=262144,1,1 gpu_ns=1520
VKPHASE pipeline=quantize_q8_1_x4 elements=262144,1,1 gpu_ns=3120
VKPHASE pipeline=quantize_q8_1_x4 elements=262144,1,1 gpu_ns=3200
VKPHASE pipeline=quantize_q8_1_x4 elements=1376256,1,1 gpu_ns=12200
VKPHASE pipeline=quantize_q8_1_x4 elements=262144,1,1 gpu_ns=3240
VKPHASE pipeline=quantize_q8_1_x4 elements=262144,1,1 gpu_ns=1440
VKPHASE pipeline=quantize_q8_1_x4 elements=262144,1,1 gpu_ns=3200
VKPHASE pipeline=quantize_q8_1_x4 elements=1376256,1,1 gpu_ns=12280
VKPHASE pipeline=quantize_q8_1_x4 elements=262144,1,1 gpu_ns=3200
VKPHASE pipeline=quantize_q8_1_x4 elements=262144,1,1 gpu_ns=4280
VKPHASE pipeline=quantize_q8_1_x4 elements=262144,1,1 gpu_ns=3200
VKPHASE pipeline=quantize_q8_1_x4 elements=1376256,1,1 gpu_ns=12080
VKPHASE pipeline=quantize_q8_1_x4 elements=262144,1,1 gpu_ns=3200
VKPHASE pipeline=quantize_q8_1_x4 elements=262144,1,1 gpu_ns=1480
VKPHASE pipeline=quantize_q8_1_x4 elements=262144,1,1 gpu_ns=3240
VKPHASE pipeline=quantize_q8_1_x4 elements=1376256,1,1 gpu_ns=12080
VKPHASE pipeline=quantize_q8_1_x4 elements=262144,1,1 gpu_ns=3240
VKPHASE pipeline=quantize_q8_1_x4 elements=262144,1,1 gpu_ns=1440
VKPHASE pipeline=quantize_q8_1_x4 elements=262144,1,1 gpu_ns=3200
VKPHASE pipeline=quantize_q8_1_x4 elements=1376256,1,1 gpu_ns=12120
VKPHASE pipeline=quantize_q8_1_x4 elements=262144,1,1 gpu_ns=1480
VKPHASE pipeline=quantize_q8_1_x4 elements=262144,1,1 gpu_ns=3400
VKPHASE pipeline=quantize_q8_1_x4 elements=262144,1,1 gpu_ns=1520
VKPHASE pipeline=quantize_q8_1_x4 elements=1376256,1,1 gpu_ns=12400
VKPHASE pipeline=quantize_q8_1_x4 elements=262144,1,1 gpu_ns=1480
VKPHASE pipeline=quantize_q8_1_x4 elements=262144,1,1 gpu_ns=1480
VKPHASE pipeline=quantize_q8_1_x4 elements=262144,1,1 gpu_ns=3160
VKPHASE pipeline=quantize_q8_1_x4 elements=1376256,1,1 gpu_ns=12040
VKPHASE pipeline=quantize_q8_1_x4 elements=262144,1,1 gpu_ns=3200
VKPHASE pipeline=quantize_q8_1_x4 elements=262144,1,1 gpu_ns=1440
VKPHASE pipeline=quantize_q8_1_x4 elements=262144,1,1 gpu_ns=3160
VKPHASE pipeline=quantize_q8_1_x4 elements=1376256,1,1 gpu_ns=12320
VKPHASE pipeline=quantize_q8_1_x4 elements=262144,1,1 gpu_ns=3160
VKPHASE pipeline=quantize_q8_1_x4 elements=262144,1,1 gpu_ns=1440
VKPHASE pipeline=quantize_q8_1_x4 elements=262144,1,1 gpu_ns=3160
VKPHASE pipeline=quantize_q8_1_x4 elements=1376256,1,1 gpu_ns=12040
VKPHASE pipeline=quantize_q8_1_x4 elements=262144,1,1 gpu_ns=1480
VKPHASE pipeline=quantize_q8_1_x4 elements=262144,1,1 gpu_ns=1480
VKPHASE pipeline=quantize_q8_1_x4 elements=262144,1,1 gpu_ns=3200
VKPHASE pipeline=quantize_q8_1_x4 elements=1376256,1,1 gpu_ns=12280
VKPHASE pipeline=quantize_q8_1_x4 elements=262144,1,1 gpu_ns=3240
VKPHASE pipeline=quantize_q8_1_x4 elements=262144,1,1 gpu_ns=3200
----------------
Vulkan Timings:
ADD: 58 x 11.154 us = 646.96 us
CONCAT: 21 x 31.48 us = 661.08 us
CONCAT, CPY: 1 x 30.64 us = 30.64 us
CPY, SSM_CONV: 22 x 17.112 us = 376.48 us
FLASH_ATTN_EXT dst(64,32,128,1),  q(64,128,32,1),  k(64,2048,8,1),  v(64,2048,8,1),  m(2048,128,1,1), SCALE: 1 x 553.4 us = 553.4 us (3880.53 GFLOPS/s)
FLASH_ATTN_EXT dst(64,32,128,1),  q(64,128,32,1),  k(64,2048,8,1),  v(64,2048,8,1),  m(2048,128,1,1), SCALE, GET_ROWS, GET_ROWS, CPY: 7 x 551.074 us = 3857.52 us (3896.9 GFLOPS/s)
GET_ROWS, GET_ROWS, CPY, MUL_MAT f32 m=64 n=4096 k=64: 1 x 17.36 us = 17.36 us (1917.76 GFLOPS/s)
GLU: 17 x 38.169 us = 648.88 us
GLU, SCALE, GET_ROWS, GET_ROWS: 12 x 40.26 us = 483.12 us
MUL: 43 x 10.762 us = 462.8 us
MUL, SCALE, GET_ROWS, GET_ROWS: 1 x 12.48 us = 12.48 us
MUL_MAT f32 m=64 n=1024 k=64: 8 x 2.975 us = 23.8 us (2797.67 GFLOPS/s)
MUL_MAT f32 m=64 n=1024 k=64, RMS_NORM_MUL_ROPE RMS_NORM(64,8,128,1): 8 x 31.035 us = 248.28 us (268.183 GFLOPS/s)
MUL_MAT f32 m=64 n=4096 k=64: 15 x 17.426 us = 261.4 us (1910.42 GFLOPS/s)
MUL_MAT q4_0_rocmfp4_fast m=10752 n=128 k=2048, MUL_MAT q4_0_rocmfp4_fast m=10752 n=128 k=2048: 29 x 794.953 us = 23053.6 us (14178.9 GFLOPS/s)
MUL_MAT q4_0_rocmfp4_fast m=2048 n=128 k=10752: 29 x 565.802 us = 16408.3 us (9962.63 GFLOPS/s)
MUL_MAT q4_0_rocmfp4_fast m=2048 n=128 k=2048: 29 x 95.83 us = 2779.08 us (11201.9 GFLOPS/s)
MUL_MAT q4_0_rocmfp4_fast m=2048 n=128 k=2048, MUL_MAT q4_0_rocmfp4_fast m=512 n=128 k=2048, MUL_MAT q4_0_rocmfp4_fast m=512 n=128 k=2048: 8 x 148.135 us = 1185.08 us (10869.9 GFLOPS/s)
MUL_MAT q4_0_rocmfp4_fast m=6144 n=128 k=2048: 10 x 253.74 us = 2537.4 us (12691.9 GFLOPS/s)
MUL_MAT q4_0_rocmfp4_fast m=6144 n=128 k=2048, CPY: 12 x 246.046 us = 2952.56 us (13088.7 GFLOPS/s)
RMS_NORM_MUL RMS_NORM(2048,128,1,1): 57 x 10.446 us = 595.44 us
RMS_NORM_MUL RMS_NORM(2048,128,1,1), GET_ROWS: 1 x 10.12 us = 10.12 us
RMS_NORM_MUL_ROPE RMS_NORM(64,32,128,1): 8 x 101.015 us = 808.12 us
SCALE, GET_ROWS, GET_ROWS, RMS_NORM_MUL RMS_NORM(2048,128,1,1), CPY: 1 x 14.24 us = 14.24 us
SET_ROWS, SET_ROWS: 8 x 5.465 us = 43.72 us
Total time: 58671.9 us.
VKPHASE pipeline=quantize_q8_1_x4 elements=262144,1,1 gpu_ns=3360
VKPHASE pipeline=quantize_q8_1_x4 elements=262144,1,1 gpu_ns=3280
VKPHASE pipeline=quantize_q8_1_x4 elements=262144,1,1 gpu_ns=3240
VKPHASE pipeline=quantize_q8_1_x4 elements=1376256,1,1 gpu_ns=11960
VKPHASE pipeline=quantize_q8_1_x4 elements=262144,1,1 gpu_ns=3200
VKPHASE pipeline=quantize_q8_1_x4 elements=262144,1,1 gpu_ns=1480
VKPHASE pipeline=quantize_q8_1_x4 elements=262144,1,1 gpu_ns=3240
VKPHASE pipeline=quantize_q8_1_x4 elements=1376256,1,1 gpu_ns=12320
VKPHASE pipeline=quantize_q8_1_x4 elements=262144,1,1 gpu_ns=3160
VKPHASE pipeline=quantize_q8_1_x4 elements=262144,1,1 gpu_ns=3280
VKPHASE pipeline=quantize_q8_1_x4 elements=262144,1,1 gpu_ns=3160
VKPHASE pipeline=quantize_q8_1_x4 elements=1376256,1,1 gpu_ns=12480
VKPHASE pipeline=quantize_q8_1_x4 elements=262144,1,1 gpu_ns=3480
VKPHASE pipeline=quantize_q8_1_x4 elements=262144,1,1 gpu_ns=3160
VKPHASE pipeline=quantize_q8_1_x4 elements=262144,1,1 gpu_ns=3200
VKPHASE pipeline=quantize_q8_1_x4 elements=1376256,1,1 gpu_ns=12480
VKPHASE pipeline=quantize_q8_1_x4 elements=262144,1,1 gpu_ns=3240
VKPHASE pipeline=quantize_q8_1_x4 elements=262144,1,1 gpu_ns=3200
VKPHASE pipeline=quantize_q8_1_x4 elements=262144,1,1 gpu_ns=1440
VKPHASE pipeline=quantize_q8_1_x4 elements=1376256,1,1 gpu_ns=12160
VKPHASE pipeline=quantize_q8_1_x4 elements=262144,1,1 gpu_ns=1480
VKPHASE pipeline=quantize_q8_1_x4 elements=262144,1,1 gpu_ns=3240
VKPHASE pipeline=quantize_q8_1_x4 elements=262144,1,1 gpu_ns=1480
VKPHASE pipeline=quantize_q8_1_x4 elements=1376256,1,1 gpu_ns=12120
VKPHASE pipeline=quantize_q8_1_x4 elements=262144,1,1 gpu_ns=1840
VKPHASE pipeline=quantize_q8_1_x4 elements=262144,1,1 gpu_ns=1480
VKPHASE pipeline=quantize_q8_1_x4 elements=262144,1,1 gpu_ns=1480
VKPHASE pipeline=quantize_q8_1_x4 elements=1376256,1,1 gpu_ns=11880
VKPHASE pipeline=quantize_q8_1_x4 elements=262144,1,1 gpu_ns=1560
VKPHASE pipeline=quantize_q8_1_x4 elements=262144,1,1 gpu_ns=3200
VKPHASE pipeline=quantize_q8_1_x4 elements=262144,1,1 gpu_ns=3240
VKPHASE pipeline=quantize_q8_1_x4 elements=1376256,1,1 gpu_ns=12160
VKPHASE pipeline=quantize_q8_1_x4 elements=262144,1,1 gpu_ns=3200
VKPHASE pipeline=quantize_q8_1_x4 elements=262144,1,1 gpu_ns=3120
VKPHASE pipeline=quantize_q8_1_x4 elements=262144,1,1 gpu_ns=3200
VKPHASE pipeline=quantize_q8_1_x4 elements=1376256,1,1 gpu_ns=12040
VKPHASE pipeline=quantize_q8_1_x4 elements=262144,1,1 gpu_ns=3240
VKPHASE pipeline=quantize_q8_1_x4 elements=262144,1,1 gpu_ns=3280
VKPHASE pipeline=quantize_q8_1_x4 elements=262144,1,1 gpu_ns=3160
VKPHASE pipeline=quantize_q8_1_x4 elements=1376256,1,1 gpu_ns=12200
VKPHASE pipeline=quantize_q8_1_x4 elements=262144,1,1 gpu_ns=3200
VKPHASE pipeline=quantize_q8_1_x4 elements=262144,1,1 gpu_ns=1440
VKPHASE pipeline=quantize_q8_1_x4 elements=262144,1,1 gpu_ns=1440
VKPHASE pipeline=quantize_q8_1_x4 elements=1376256,1,1 gpu_ns=12160
VKPHASE pipeline=quantize_q8_1_x4 elements=262144,1,1 gpu_ns=3160
VKPHASE pipeline=quantize_q8_1_x4 elements=262144,1,1 gpu_ns=3160
VKPHASE pipeline=quantize_q8_1_x4 elements=262144,1,1 gpu_ns=3200
VKPHASE pipeline=quantize_q8_1_x4 elements=1376256,1,1 gpu_ns=11880
VKPHASE pipeline=quantize_q8_1_x4 elements=262144,1,1 gpu_ns=3200
VKPHASE pipeline=quantize_q8_1_x4 elements=262144,1,1 gpu_ns=3200
VKPHASE pipeline=quantize_q8_1_x4 elements=262144,1,1 gpu_ns=3520
VKPHASE pipeline=quantize_q8_1_x4 elements=1376256,1,1 gpu_ns=12720
VKPHASE pipeline=quantize_q8_1_x4 elements=262144,1,1 gpu_ns=3160
VKPHASE pipeline=quantize_q8_1_x4 elements=262144,1,1 gpu_ns=3200
VKPHASE pipeline=quantize_q8_1_x4 elements=262144,1,1 gpu_ns=3200
VKPHASE pipeline=quantize_q8_1_x4 elements=1376256,1,1 gpu_ns=12200
VKPHASE pipeline=quantize_q8_1_x4 elements=262144,1,1 gpu_ns=1520
VKPHASE pipeline=quantize_q8_1_x4 elements=262144,1,1 gpu_ns=1520
VKPHASE pipeline=quantize_q8_1_x4 elements=262144,1,1 gpu_ns=1480
VKPHASE pipeline=quantize_q8_1_x4 elements=1376256,1,1 gpu_ns=12240
VKPHASE pipeline=quantize_q8_1_x4 elements=262144,1,1 gpu_ns=1520
VKPHASE pipeline=quantize_q8_1_x4 elements=262144,1,1 gpu_ns=1640
VKPHASE pipeline=quantize_q8_1_x4 elements=262144,1,1 gpu_ns=1480
VKPHASE pipeline=quantize_q8_1_x4 elements=1376256,1,1 gpu_ns=12000
VKPHASE pipeline=quantize_q8_1_x4 elements=262144,1,1 gpu_ns=3240
VKPHASE pipeline=quantize_q8_1_x4 elements=262144,1,1 gpu_ns=3200
VKPHASE pipeline=quantize_q8_1_x4 elements=262144,1,1 gpu_ns=1520
VKPHASE pipeline=quantize_q8_1_x4 elements=1376256,1,1 gpu_ns=12200
VKPHASE pipeline=quantize_q8_1_x4 elements=262144,1,1 gpu_ns=3160
VKPHASE pipeline=quantize_q8_1_x4 elements=262144,1,1 gpu_ns=3200
VKPHASE pipeline=quantize_q8_1_x4 elements=262144,1,1 gpu_ns=3200
VKPHASE pipeline=quantize_q8_1_x4 elements=1376256,1,1 gpu_ns=12280
VKPHASE pipeline=quantize_q8_1_x4 elements=262144,1,1 gpu_ns=3200
VKPHASE pipeline=quantize_q8_1_x4 elements=262144,1,1 gpu_ns=3200
VKPHASE pipeline=quantize_q8_1_x4 elements=262144,1,1 gpu_ns=3480
VKPHASE pipeline=quantize_q8_1_x4 elements=1376256,1,1 gpu_ns=12240
VKPHASE pipeline=quantize_q8_1_x4 elements=262144,1,1 gpu_ns=3240
VKPHASE pipeline=quantize_q8_1_x4 elements=262144,1,1 gpu_ns=4440
VKPHASE pipeline=quantize_q8_1_x4 elements=262144,1,1 gpu_ns=3120
VKPHASE pipeline=quantize_q8_1_x4 elements=1376256,1,1 gpu_ns=11960
VKPHASE pipeline=quantize_q8_1_x4 elements=262144,1,1 gpu_ns=3200
VKPHASE pipeline=quantize_q8_1_x4 elements=262144,1,1 gpu_ns=3120
VKPHASE pipeline=quantize_q8_1_x4 elements=262144,1,1 gpu_ns=3360
VKPHASE pipeline=quantize_q8_1_x4 elements=1376256,1,1 gpu_ns=12280
VKPHASE pipeline=quantize_q8_1_x4 elements=262144,1,1 gpu_ns=1560
VKPHASE pipeline=quantize_q8_1_x4 elements=262144,1,1 gpu_ns=3320
VKPHASE pipeline=quantize_q8_1_x4 elements=262144,1,1 gpu_ns=1440
VKPHASE pipeline=quantize_q8_1_x4 elements=1376256,1,1 gpu_ns=12320
VKPHASE pipeline=quantize_q8_1_x4 elements=262144,1,1 gpu_ns=3160
VKPHASE pipeline=quantize_q8_1_x4 elements=262144,1,1 gpu_ns=1480
VKPHASE pipeline=quantize_q8_1_x4 elements=262144,1,1 gpu_ns=3200
VKPHASE pipeline=quantize_q8_1_x4 elements=1376256,1,1 gpu_ns=12440
VKPHASE pipeline=quantize_q8_1_x4 elements=262144,1,1 gpu_ns=3240
VKPHASE pipeline=quantize_q8_1_x4 elements=262144,1,1 gpu_ns=1440
VKPHASE pipeline=quantize_q8_1_x4 elements=262144,1,1 gpu_ns=3240
VKPHASE pipeline=quantize_q8_1_x4 elements=1376256,1,1 gpu_ns=12200
VKPHASE pipeline=quantize_q8_1_x4 elements=262144,1,1 gpu_ns=1520
VKPHASE pipeline=quantize_q8_1_x4 elements=262144,1,1 gpu_ns=3480
VKPHASE pipeline=quantize_q8_1_x4 elements=262144,1,1 gpu_ns=1480
VKPHASE pipeline=quantize_q8_1_x4 elements=1376256,1,1 gpu_ns=12560
VKPHASE pipeline=quantize_q8_1_x4 elements=262144,1,1 gpu_ns=1480
VKPHASE pipeline=quantize_q8_1_x4 elements=262144,1,1 gpu_ns=1480
VKPHASE pipeline=quantize_q8_1_x4 elements=262144,1,1 gpu_ns=1480
VKPHASE pipeline=quantize_q8_1_x4 elements=1376256,1,1 gpu_ns=11960
VKPHASE pipeline=quantize_q8_1_x4 elements=262144,1,1 gpu_ns=3240
VKPHASE pipeline=quantize_q8_1_x4 elements=262144,1,1 gpu_ns=1480
VKPHASE pipeline=quantize_q8_1_x4 elements=262144,1,1 gpu_ns=3120
VKPHASE pipeline=quantize_q8_1_x4 elements=1376256,1,1 gpu_ns=11960
VKPHASE pipeline=quantize_q8_1_x4 elements=262144,1,1 gpu_ns=3200
VKPHASE pipeline=quantize_q8_1_x4 elements=262144,1,1 gpu_ns=3160
VKPHASE pipeline=quantize_q8_1_x4 elements=262144,1,1 gpu_ns=3200
VKPHASE pipeline=quantize_q8_1_x4 elements=1376256,1,1 gpu_ns=12360
VKPHASE pipeline=quantize_q8_1_x4 elements=262144,1,1 gpu_ns=1520
VKPHASE pipeline=quantize_q8_1_x4 elements=262144,1,1 gpu_ns=3160
VKPHASE pipeline=quantize_q8_1_x4 elements=262144,1,1 gpu_ns=3160
VKPHASE pipeline=quantize_q8_1_x4 elements=1376256,1,1 gpu_ns=12640
VKPHASE pipeline=quantize_q8_1_x4 elements=262144,1,1 gpu_ns=3200
VKPHASE pipeline=quantize_q8_1_x4 elements=262144,1,1 gpu_ns=4440
----------------
Vulkan Timings:
ADD: 58 x 10.918 us = 633.28 us
CONCAT: 21 x 30.032 us = 630.68 us
CONCAT, CPY: 1 x 29.68 us = 29.68 us
CPY, SSM_CONV: 22 x 17.029 us = 374.64 us
FLASH_ATTN_EXT dst(64,32,128,1),  q(64,128,32,1),  k(64,2304,8,1),  v(64,2304,8,1),  m(2304,128,1,1), SCALE: 1 x 596.2 us = 596.2 us (4052.2 GFLOPS/s)
FLASH_ATTN_EXT dst(64,32,128,1),  q(64,128,32,1),  k(64,2304,8,1),  v(64,2304,8,1),  m(2304,128,1,1), SCALE, GET_ROWS, GET_ROWS, CPY: 7 x 592.565 us = 4147.96 us (4077.05 GFLOPS/s)
GET_ROWS, GET_ROWS, CPY, MUL_MAT f32 m=64 n=4096 k=64: 1 x 35.76 us = 35.76 us (930.992 GFLOPS/s)
GLU: 17 x 37.872 us = 643.84 us
GLU, SCALE, GET_ROWS, GET_ROWS: 12 x 40.666 us = 488 us
MUL: 43 x 10.826 us = 465.52 us
MUL, SCALE, GET_ROWS, GET_ROWS: 1 x 12.2 us = 12.2 us
MUL_MAT f32 m=64 n=1024 k=64: 8 x 2.98 us = 23.84 us (2792.98 GFLOPS/s)
MUL_MAT f32 m=64 n=1024 k=64, RMS_NORM_MUL_ROPE RMS_NORM(64,8,128,1): 8 x 30.92 us = 247.36 us (269.181 GFLOPS/s)
MUL_MAT f32 m=64 n=4096 k=64: 15 x 17.408 us = 261.12 us (1912.47 GFLOPS/s)
MUL_MAT q4_0_rocmfp4_fast m=10752 n=128 k=2048, MUL_MAT q4_0_rocmfp4_fast m=10752 n=128 k=2048: 29 x 792.34 us = 22977.9 us (14225.6 GFLOPS/s)
MUL_MAT q4_0_rocmfp4_fast m=2048 n=128 k=10752: 29 x 566.525 us = 16429.2 us (9949.92 GFLOPS/s)
MUL_MAT q4_0_rocmfp4_fast m=2048 n=128 k=2048: 29 x 98.097 us = 2844.84 us (10942.9 GFLOPS/s)
MUL_MAT q4_0_rocmfp4_fast m=2048 n=128 k=2048, MUL_MAT q4_0_rocmfp4_fast m=512 n=128 k=2048, MUL_MAT q4_0_rocmfp4_fast m=512 n=128 k=2048: 8 x 148.79 us = 1190.32 us (10822.1 GFLOPS/s)
MUL_MAT q4_0_rocmfp4_fast m=6144 n=128 k=2048: 10 x 239.692 us = 2396.92 us (13435.7 GFLOPS/s)
MUL_MAT q4_0_rocmfp4_fast m=6144 n=128 k=2048, CPY: 12 x 239.186 us = 2870.24 us (13464.1 GFLOPS/s)
RMS_NORM_MUL RMS_NORM(2048,128,1,1): 57 x 10.632 us = 606.08 us
RMS_NORM_MUL RMS_NORM(2048,128,1,1), GET_ROWS: 1 x 9.96 us = 9.96 us
RMS_NORM_MUL_ROPE RMS_NORM(64,32,128,1): 8 x 103.815 us = 830.52 us
SCALE, GET_ROWS, GET_ROWS, RMS_NORM_MUL RMS_NORM(2048,128,1,1), CPY: 1 x 14.68 us = 14.68 us
SET_ROWS, SET_ROWS: 8 x 5.54 us = 44.32 us
Total time: 58805.1 us.
VKPHASE pipeline=quantize_q8_1_x4 elements=262144,1,1 gpu_ns=1520
VKPHASE pipeline=quantize_q8_1_x4 elements=262144,1,1 gpu_ns=3400
VKPHASE pipeline=quantize_q8_1_x4 elements=262144,1,1 gpu_ns=3360
VKPHASE pipeline=quantize_q8_1_x4 elements=1376256,1,1 gpu_ns=12200
VKPHASE pipeline=quantize_q8_1_x4 elements=262144,1,1 gpu_ns=3160
VKPHASE pipeline=quantize_q8_1_x4 elements=262144,1,1 gpu_ns=3160
VKPHASE pipeline=quantize_q8_1_x4 elements=262144,1,1 gpu_ns=1520
VKPHASE pipeline=quantize_q8_1_x4 elements=1376256,1,1 gpu_ns=12360
VKPHASE pipeline=quantize_q8_1_x4 elements=262144,1,1 gpu_ns=1520
VKPHASE pipeline=quantize_q8_1_x4 elements=262144,1,1 gpu_ns=3200
VKPHASE pipeline=quantize_q8_1_x4 elements=262144,1,1 gpu_ns=1440
VKPHASE pipeline=quantize_q8_1_x4 elements=1376256,1,1 gpu_ns=12560
VKPHASE pipeline=quantize_q8_1_x4 elements=262144,1,1 gpu_ns=1440
VKPHASE pipeline=quantize_q8_1_x4 elements=262144,1,1 gpu_ns=3200
VKPHASE pipeline=quantize_q8_1_x4 elements=262144,1,1 gpu_ns=1440
VKPHASE pipeline=quantize_q8_1_x4 elements=1376256,1,1 gpu_ns=12440
VKPHASE pipeline=quantize_q8_1_x4 elements=262144,1,1 gpu_ns=3200
VKPHASE pipeline=quantize_q8_1_x4 elements=262144,1,1 gpu_ns=1480
VKPHASE pipeline=quantize_q8_1_x4 elements=262144,1,1 gpu_ns=1440
VKPHASE pipeline=quantize_q8_1_x4 elements=1376256,1,1 gpu_ns=12080
VKPHASE pipeline=quantize_q8_1_x4 elements=262144,1,1 gpu_ns=1520
VKPHASE pipeline=quantize_q8_1_x4 elements=262144,1,1 gpu_ns=3280
VKPHASE pipeline=quantize_q8_1_x4 elements=262144,1,1 gpu_ns=12880
VKPHASE pipeline=quantize_q8_1_x4 elements=1376256,1,1 gpu_ns=12000
VKPHASE pipeline=quantize_q8_1_x4 elements=262144,1,1 gpu_ns=1480
VKPHASE pipeline=quantize_q8_1_x4 elements=262144,1,1 gpu_ns=1480
VKPHASE pipeline=quantize_q8_1_x4 elements=262144,1,1 gpu_ns=1480
VKPHASE pipeline=quantize_q8_1_x4 elements=1376256,1,1 gpu_ns=12200
VKPHASE pipeline=quantize_q8_1_x4 elements=262144,1,1 gpu_ns=3240
VKPHASE pipeline=quantize_q8_1_x4 elements=262144,1,1 gpu_ns=1440
VKPHASE pipeline=quantize_q8_1_x4 elements=262144,1,1 gpu_ns=3240
VKPHASE pipeline=quantize_q8_1_x4 elements=1376256,1,1 gpu_ns=12200
VKPHASE pipeline=quantize_q8_1_x4 elements=262144,1,1 gpu_ns=3200
VKPHASE pipeline=quantize_q8_1_x4 elements=262144,1,1 gpu_ns=3160
VKPHASE pipeline=quantize_q8_1_x4 elements=262144,1,1 gpu_ns=3120
VKPHASE pipeline=quantize_q8_1_x4 elements=1376256,1,1 gpu_ns=12240
VKPHASE pipeline=quantize_q8_1_x4 elements=262144,1,1 gpu_ns=3160
VKPHASE pipeline=quantize_q8_1_x4 elements=262144,1,1 gpu_ns=3160
VKPHASE pipeline=quantize_q8_1_x4 elements=262144,1,1 gpu_ns=3160
VKPHASE pipeline=quantize_q8_1_x4 elements=1376256,1,1 gpu_ns=12040
VKPHASE pipeline=quantize_q8_1_x4 elements=262144,1,1 gpu_ns=3240
VKPHASE pipeline=quantize_q8_1_x4 elements=262144,1,1 gpu_ns=1440
VKPHASE pipeline=quantize_q8_1_x4 elements=262144,1,1 gpu_ns=3200
VKPHASE pipeline=quantize_q8_1_x4 elements=1376256,1,1 gpu_ns=12280
VKPHASE pipeline=quantize_q8_1_x4 elements=262144,1,1 gpu_ns=3200
VKPHASE pipeline=quantize_q8_1_x4 elements=262144,1,1 gpu_ns=3200
VKPHASE pipeline=quantize_q8_1_x4 elements=262144,1,1 gpu_ns=3200
VKPHASE pipeline=quantize_q8_1_x4 elements=1376256,1,1 gpu_ns=12160
VKPHASE pipeline=quantize_q8_1_x4 elements=262144,1,1 gpu_ns=3200
VKPHASE pipeline=quantize_q8_1_x4 elements=262144,1,1 gpu_ns=1480
VKPHASE pipeline=quantize_q8_1_x4 elements=262144,1,1 gpu_ns=3200
VKPHASE pipeline=quantize_q8_1_x4 elements=1376256,1,1 gpu_ns=12040
VKPHASE pipeline=quantize_q8_1_x4 elements=262144,1,1 gpu_ns=3200
VKPHASE pipeline=quantize_q8_1_x4 elements=262144,1,1 gpu_ns=3280
VKPHASE pipeline=quantize_q8_1_x4 elements=262144,1,1 gpu_ns=1480
VKPHASE pipeline=quantize_q8_1_x4 elements=1376256,1,1 gpu_ns=12720
VKPHASE pipeline=quantize_q8_1_x4 elements=262144,1,1 gpu_ns=3200
VKPHASE pipeline=quantize_q8_1_x4 elements=262144,1,1 gpu_ns=1480
VKPHASE pipeline=quantize_q8_1_x4 elements=262144,1,1 gpu_ns=3280
VKPHASE pipeline=quantize_q8_1_x4 elements=1376256,1,1 gpu_ns=12120
VKPHASE pipeline=quantize_q8_1_x4 elements=262144,1,1 gpu_ns=3240
VKPHASE pipeline=quantize_q8_1_x4 elements=262144,1,1 gpu_ns=5440
VKPHASE pipeline=quantize_q8_1_x4 elements=262144,1,1 gpu_ns=1440
VKPHASE pipeline=quantize_q8_1_x4 elements=1376256,1,1 gpu_ns=12200
VKPHASE pipeline=quantize_q8_1_x4 elements=262144,1,1 gpu_ns=3480
VKPHASE pipeline=quantize_q8_1_x4 elements=262144,1,1 gpu_ns=1440
VKPHASE pipeline=quantize_q8_1_x4 elements=262144,1,1 gpu_ns=3200
VKPHASE pipeline=quantize_q8_1_x4 elements=1376256,1,1 gpu_ns=12120
VKPHASE pipeline=quantize_q8_1_x4 elements=262144,1,1 gpu_ns=3240
VKPHASE pipeline=quantize_q8_1_x4 elements=262144,1,1 gpu_ns=3280
VKPHASE pipeline=quantize_q8_1_x4 elements=262144,1,1 gpu_ns=3200
VKPHASE pipeline=quantize_q8_1_x4 elements=1376256,1,1 gpu_ns=12360
VKPHASE pipeline=quantize_q8_1_x4 elements=262144,1,1 gpu_ns=3160
VKPHASE pipeline=quantize_q8_1_x4 elements=262144,1,1 gpu_ns=1400
VKPHASE pipeline=quantize_q8_1_x4 elements=262144,1,1 gpu_ns=3240
VKPHASE pipeline=quantize_q8_1_x4 elements=1376256,1,1 gpu_ns=12080
VKPHASE pipeline=quantize_q8_1_x4 elements=262144,1,1 gpu_ns=3240
VKPHASE pipeline=quantize_q8_1_x4 elements=262144,1,1 gpu_ns=3160
VKPHASE pipeline=quantize_q8_1_x4 elements=262144,1,1 gpu_ns=3160
VKPHASE pipeline=quantize_q8_1_x4 elements=1376256,1,1 gpu_ns=12000
VKPHASE pipeline=quantize_q8_1_x4 elements=262144,1,1 gpu_ns=3240
VKPHASE pipeline=quantize_q8_1_x4 elements=262144,1,1 gpu_ns=1480
VKPHASE pipeline=quantize_q8_1_x4 elements=262144,1,1 gpu_ns=3160
VKPHASE pipeline=quantize_q8_1_x4 elements=1376256,1,1 gpu_ns=11960
VKPHASE pipeline=quantize_q8_1_x4 elements=262144,1,1 gpu_ns=3200
VKPHASE pipeline=quantize_q8_1_x4 elements=262144,1,1 gpu_ns=3200
VKPHASE pipeline=quantize_q8_1_x4 elements=262144,1,1 gpu_ns=3200
VKPHASE pipeline=quantize_q8_1_x4 elements=1376256,1,1 gpu_ns=12400
VKPHASE pipeline=quantize_q8_1_x4 elements=262144,1,1 gpu_ns=3200
VKPHASE pipeline=quantize_q8_1_x4 elements=262144,1,1 gpu_ns=3200
VKPHASE pipeline=quantize_q8_1_x4 elements=262144,1,1 gpu_ns=3320
VKPHASE pipeline=quantize_q8_1_x4 elements=1376256,1,1 gpu_ns=12200
VKPHASE pipeline=quantize_q8_1_x4 elements=262144,1,1 gpu_ns=3240
VKPHASE pipeline=quantize_q8_1_x4 elements=262144,1,1 gpu_ns=1440
VKPHASE pipeline=quantize_q8_1_x4 elements=262144,1,1 gpu_ns=1400
VKPHASE pipeline=quantize_q8_1_x4 elements=1376256,1,1 gpu_ns=12040
VKPHASE pipeline=quantize_q8_1_x4 elements=262144,1,1 gpu_ns=2720
VKPHASE pipeline=quantize_q8_1_x4 elements=262144,1,1 gpu_ns=4960
VKPHASE pipeline=quantize_q8_1_x4 elements=262144,1,1 gpu_ns=1480
VKPHASE pipeline=quantize_q8_1_x4 elements=1376256,1,1 gpu_ns=12440
VKPHASE pipeline=quantize_q8_1_x4 elements=262144,1,1 gpu_ns=1480
VKPHASE pipeline=quantize_q8_1_x4 elements=262144,1,1 gpu_ns=3240
VKPHASE pipeline=quantize_q8_1_x4 elements=262144,1,1 gpu_ns=3120
VKPHASE pipeline=quantize_q8_1_x4 elements=1376256,1,1 gpu_ns=12160
VKPHASE pipeline=quantize_q8_1_x4 elements=262144,1,1 gpu_ns=3240
VKPHASE pipeline=quantize_q8_1_x4 elements=262144,1,1 gpu_ns=3160
VKPHASE pipeline=quantize_q8_1_x4 elements=262144,1,1 gpu_ns=3200
VKPHASE pipeline=quantize_q8_1_x4 elements=1376256,1,1 gpu_ns=11760
VKPHASE pipeline=quantize_q8_1_x4 elements=262144,1,1 gpu_ns=3120
VKPHASE pipeline=quantize_q8_1_x4 elements=262144,1,1 gpu_ns=1480
VKPHASE pipeline=quantize_q8_1_x4 elements=262144,1,1 gpu_ns=1480
VKPHASE pipeline=quantize_q8_1_x4 elements=1376256,1,1 gpu_ns=12360
VKPHASE pipeline=quantize_q8_1_x4 elements=262144,1,1 gpu_ns=3200
VKPHASE pipeline=quantize_q8_1_x4 elements=262144,1,1 gpu_ns=4320
VKPHASE pipeline=quantize_q8_1_x4 elements=262144,1,1 gpu_ns=3200
VKPHASE pipeline=quantize_q8_1_x4 elements=1376256,1,1 gpu_ns=12240
VKPHASE pipeline=quantize_q8_1_x4 elements=262144,1,1 gpu_ns=3200
VKPHASE pipeline=quantize_q8_1_x4 elements=262144,1,1 gpu_ns=3200
----------------
Vulkan Timings:
ADD: 58 x 9.625 us = 558.28 us
CONCAT: 21 x 31.411 us = 659.64 us
CONCAT, CPY: 1 x 30.44 us = 30.44 us
CPY, SSM_CONV: 22 x 17.072 us = 375.6 us
FLASH_ATTN_EXT dst(64,32,128,1),  q(64,128,32,1),  k(64,2304,8,1),  v(64,2304,8,1),  m(2304,128,1,1), SCALE: 1 x 613.72 us = 613.72 us (3936.52 GFLOPS/s)
FLASH_ATTN_EXT dst(64,32,128,1),  q(64,128,32,1),  k(64,2304,8,1),  v(64,2304,8,1),  m(2304,128,1,1), SCALE, GET_ROWS, GET_ROWS, CPY: 7 x 619.931 us = 4339.52 us (3897.07 GFLOPS/s)
GET_ROWS, GET_ROWS, CPY, MUL_MAT f32 m=64 n=4096 k=64: 1 x 17.48 us = 17.48 us (1904.59 GFLOPS/s)
GLU: 17 x 38.101 us = 647.72 us
GLU, SCALE, GET_ROWS, GET_ROWS: 12 x 41.643 us = 499.72 us
MUL: 43 x 10.581 us = 455 us
MUL, SCALE, GET_ROWS, GET_ROWS: 1 x 12.52 us = 12.52 us
MUL_MAT f32 m=64 n=1024 k=64: 8 x 2.655 us = 21.24 us (3134.87 GFLOPS/s)
MUL_MAT f32 m=64 n=1024 k=64, RMS_NORM_MUL_ROPE RMS_NORM(64,8,128,1): 8 x 31.525 us = 252.2 us (264.015 GFLOPS/s)
MUL_MAT f32 m=64 n=4096 k=64: 15 x 18.264 us = 273.96 us (1822.84 GFLOPS/s)
MUL_MAT q4_0_rocmfp4_fast m=10752 n=128 k=2048, MUL_MAT q4_0_rocmfp4_fast m=10752 n=128 k=2048: 29 x 800.637 us = 23218.5 us (14078.2 GFLOPS/s)
MUL_MAT q4_0_rocmfp4_fast m=2048 n=128 k=10752: 29 x 570.813 us = 16553.6 us (9875.17 GFLOPS/s)
MUL_MAT q4_0_rocmfp4_fast m=2048 n=128 k=2048: 29 x 97.642 us = 2831.64 us (10994 GFLOPS/s)
MUL_MAT q4_0_rocmfp4_fast m=2048 n=128 k=2048, MUL_MAT q4_0_rocmfp4_fast m=512 n=128 k=2048, MUL_MAT q4_0_rocmfp4_fast m=512 n=128 k=2048: 8 x 152.62 us = 1220.96 us (10550.5 GFLOPS/s)
MUL_MAT q4_0_rocmfp4_fast m=6144 n=128 k=2048: 10 x 239.332 us = 2393.32 us (13455.9 GFLOPS/s)
MUL_MAT q4_0_rocmfp4_fast m=6144 n=128 k=2048, CPY: 12 x 240.51 us = 2886.12 us (13390 GFLOPS/s)
RMS_NORM_MUL RMS_NORM(2048,128,1,1): 57 x 10.336 us = 589.16 us
RMS_NORM_MUL RMS_NORM(2048,128,1,1), GET_ROWS: 1 x 10.4 us = 10.4 us
RMS_NORM_MUL_ROPE RMS_NORM(64,32,128,1): 8 x 102.755 us = 822.04 us
SCALE, GET_ROWS, GET_ROWS, RMS_NORM_MUL RMS_NORM(2048,128,1,1), CPY: 1 x 14.12 us = 14.12 us
SET_ROWS, SET_ROWS: 8 x 5.505 us = 44.04 us
Total time: 59340.9 us.
VKPHASE pipeline=quantize_q8_1_x4 elements=262144,1,1 gpu_ns=1800
VKPHASE pipeline=quantize_q8_1_x4 elements=262144,1,1 gpu_ns=3280
VKPHASE pipeline=quantize_q8_1_x4 elements=262144,1,1 gpu_ns=3360
VKPHASE pipeline=quantize_q8_1_x4 elements=1376256,1,1 gpu_ns=12240
VKPHASE pipeline=quantize_q8_1_x4 elements=262144,1,1 gpu_ns=1600
VKPHASE pipeline=quantize_q8_1_x4 elements=262144,1,1 gpu_ns=3320
VKPHASE pipeline=quantize_q8_1_x4 elements=262144,1,1 gpu_ns=3200
VKPHASE pipeline=quantize_q8_1_x4 elements=1376256,1,1 gpu_ns=12360
VKPHASE pipeline=quantize_q8_1_x4 elements=262144,1,1 gpu_ns=4440
VKPHASE pipeline=quantize_q8_1_x4 elements=262144,1,1 gpu_ns=4360
VKPHASE pipeline=quantize_q8_1_x4 elements=262144,1,1 gpu_ns=3240
VKPHASE pipeline=quantize_q8_1_x4 elements=1376256,1,1 gpu_ns=12440
VKPHASE pipeline=quantize_q8_1_x4 elements=262144,1,1 gpu_ns=3200
VKPHASE pipeline=quantize_q8_1_x4 elements=262144,1,1 gpu_ns=3200
VKPHASE pipeline=quantize_q8_1_x4 elements=262144,1,1 gpu_ns=3200
VKPHASE pipeline=quantize_q8_1_x4 elements=1376256,1,1 gpu_ns=12560
VKPHASE pipeline=quantize_q8_1_x4 elements=262144,1,1 gpu_ns=1520
VKPHASE pipeline=quantize_q8_1_x4 elements=262144,1,1 gpu_ns=3200
VKPHASE pipeline=quantize_q8_1_x4 elements=262144,1,1 gpu_ns=1480
VKPHASE pipeline=quantize_q8_1_x4 elements=1376256,1,1 gpu_ns=12240
VKPHASE pipeline=quantize_q8_1_x4 elements=262144,1,1 gpu_ns=1480
VKPHASE pipeline=quantize_q8_1_x4 elements=262144,1,1 gpu_ns=3200
VKPHASE pipeline=quantize_q8_1_x4 elements=262144,1,1 gpu_ns=1480
VKPHASE pipeline=quantize_q8_1_x4 elements=1376256,1,1 gpu_ns=12240
VKPHASE pipeline=quantize_q8_1_x4 elements=262144,1,1 gpu_ns=3160
VKPHASE pipeline=quantize_q8_1_x4 elements=262144,1,1 gpu_ns=1440
VKPHASE pipeline=quantize_q8_1_x4 elements=262144,1,1 gpu_ns=1440
VKPHASE pipeline=quantize_q8_1_x4 elements=1376256,1,1 gpu_ns=11760
VKPHASE pipeline=quantize_q8_1_x4 elements=262144,1,1 gpu_ns=3160
VKPHASE pipeline=quantize_q8_1_x4 elements=262144,1,1 gpu_ns=1520
VKPHASE pipeline=quantize_q8_1_x4 elements=262144,1,1 gpu_ns=3480
VKPHASE pipeline=quantize_q8_1_x4 elements=1376256,1,1 gpu_ns=12720
VKPHASE pipeline=quantize_q8_1_x4 elements=262144,1,1 gpu_ns=3240
VKPHASE pipeline=quantize_q8_1_x4 elements=262144,1,1 gpu_ns=1440
VKPHASE pipeline=quantize_q8_1_x4 elements=262144,1,1 gpu_ns=3160
VKPHASE pipeline=quantize_q8_1_x4 elements=1376256,1,1 gpu_ns=11640
VKPHASE pipeline=quantize_q8_1_x4 elements=262144,1,1 gpu_ns=3120
VKPHASE pipeline=quantize_q8_1_x4 elements=262144,1,1 gpu_ns=3720
VKPHASE pipeline=quantize_q8_1_x4 elements=262144,1,1 gpu_ns=3120
VKPHASE pipeline=quantize_q8_1_x4 elements=1376256,1,1 gpu_ns=12160
VKPHASE pipeline=quantize_q8_1_x4 elements=262144,1,1 gpu_ns=3240
VKPHASE pipeline=quantize_q8_1_x4 elements=262144,1,1 gpu_ns=1480
VKPHASE pipeline=quantize_q8_1_x4 elements=262144,1,1 gpu_ns=3160
VKPHASE pipeline=quantize_q8_1_x4 elements=1376256,1,1 gpu_ns=12120
VKPHASE pipeline=quantize_q8_1_x4 elements=262144,1,1 gpu_ns=3240
VKPHASE pipeline=quantize_q8_1_x4 elements=262144,1,1 gpu_ns=3120
VKPHASE pipeline=quantize_q8_1_x4 elements=262144,1,1 gpu_ns=3160
VKPHASE pipeline=quantize_q8_1_x4 elements=1376256,1,1 gpu_ns=12080
VKPHASE pipeline=quantize_q8_1_x4 elements=262144,1,1 gpu_ns=1560
VKPHASE pipeline=quantize_q8_1_x4 elements=262144,1,1 gpu_ns=3160
VKPHASE pipeline=quantize_q8_1_x4 elements=262144,1,1 gpu_ns=1440
VKPHASE pipeline=quantize_q8_1_x4 elements=1376256,1,1 gpu_ns=11960
VKPHASE pipeline=quantize_q8_1_x4 elements=262144,1,1 gpu_ns=1600
VKPHASE pipeline=quantize_q8_1_x4 elements=262144,1,1 gpu_ns=3200
VKPHASE pipeline=quantize_q8_1_x4 elements=262144,1,1 gpu_ns=3200
VKPHASE pipeline=quantize_q8_1_x4 elements=1376256,1,1 gpu_ns=12000
VKPHASE pipeline=quantize_q8_1_x4 elements=262144,1,1 gpu_ns=1480
VKPHASE pipeline=quantize_q8_1_x4 elements=262144,1,1 gpu_ns=1480
VKPHASE pipeline=quantize_q8_1_x4 elements=262144,1,1 gpu_ns=1440
VKPHASE pipeline=quantize_q8_1_x4 elements=1376256,1,1 gpu_ns=12040
VKPHASE pipeline=quantize_q8_1_x4 elements=262144,1,1 gpu_ns=3200
VKPHASE pipeline=quantize_q8_1_x4 elements=262144,1,1 gpu_ns=1440
VKPHASE pipeline=quantize_q8_1_x4 elements=262144,1,1 gpu_ns=1480
VKPHASE pipeline=quantize_q8_1_x4 elements=1376256,1,1 gpu_ns=12000
VKPHASE pipeline=quantize_q8_1_x4 elements=262144,1,1 gpu_ns=1600
VKPHASE pipeline=quantize_q8_1_x4 elements=262144,1,1 gpu_ns=3160
VKPHASE pipeline=quantize_q8_1_x4 elements=262144,1,1 gpu_ns=3200
VKPHASE pipeline=quantize_q8_1_x4 elements=1376256,1,1 gpu_ns=11960
VKPHASE pipeline=quantize_q8_1_x4 elements=262144,1,1 gpu_ns=3160
VKPHASE pipeline=quantize_q8_1_x4 elements=262144,1,1 gpu_ns=3280
VKPHASE pipeline=quantize_q8_1_x4 elements=262144,1,1 gpu_ns=3200
VKPHASE pipeline=quantize_q8_1_x4 elements=1376256,1,1 gpu_ns=12680
VKPHASE pipeline=quantize_q8_1_x4 elements=262144,1,1 gpu_ns=3240
VKPHASE pipeline=quantize_q8_1_x4 elements=262144,1,1 gpu_ns=1480
VKPHASE pipeline=quantize_q8_1_x4 elements=262144,1,1 gpu_ns=1520
VKPHASE pipeline=quantize_q8_1_x4 elements=1376256,1,1 gpu_ns=12360
VKPHASE pipeline=quantize_q8_1_x4 elements=262144,1,1 gpu_ns=3120
VKPHASE pipeline=quantize_q8_1_x4 elements=262144,1,1 gpu_ns=3120
VKPHASE pipeline=quantize_q8_1_x4 elements=262144,1,1 gpu_ns=1440
VKPHASE pipeline=quantize_q8_1_x4 elements=1376256,1,1 gpu_ns=11960
VKPHASE pipeline=quantize_q8_1_x4 elements=262144,1,1 gpu_ns=3280
VKPHASE pipeline=quantize_q8_1_x4 elements=262144,1,1 gpu_ns=1440
VKPHASE pipeline=quantize_q8_1_x4 elements=262144,1,1 gpu_ns=3240
VKPHASE pipeline=quantize_q8_1_x4 elements=1376256,1,1 gpu_ns=11880
VKPHASE pipeline=quantize_q8_1_x4 elements=262144,1,1 gpu_ns=3240
VKPHASE pipeline=quantize_q8_1_x4 elements=262144,1,1 gpu_ns=3200
VKPHASE pipeline=quantize_q8_1_x4 elements=262144,1,1 gpu_ns=3120
VKPHASE pipeline=quantize_q8_1_x4 elements=1376256,1,1 gpu_ns=12040
VKPHASE pipeline=quantize_q8_1_x4 elements=262144,1,1 gpu_ns=1440
VKPHASE pipeline=quantize_q8_1_x4 elements=262144,1,1 gpu_ns=3160
VKPHASE pipeline=quantize_q8_1_x4 elements=262144,1,1 gpu_ns=3160
VKPHASE pipeline=quantize_q8_1_x4 elements=1376256,1,1 gpu_ns=12160
VKPHASE pipeline=quantize_q8_1_x4 elements=262144,1,1 gpu_ns=1480
VKPHASE pipeline=quantize_q8_1_x4 elements=262144,1,1 gpu_ns=1440
VKPHASE pipeline=quantize_q8_1_x4 elements=262144,1,1 gpu_ns=3200
VKPHASE pipeline=quantize_q8_1_x4 elements=1376256,1,1 gpu_ns=12000
VKPHASE pipeline=quantize_q8_1_x4 elements=262144,1,1 gpu_ns=2240
VKPHASE pipeline=quantize_q8_1_x4 elements=262144,1,1 gpu_ns=1480
VKPHASE pipeline=quantize_q8_1_x4 elements=262144,1,1 gpu_ns=1440
VKPHASE pipeline=quantize_q8_1_x4 elements=1376256,1,1 gpu_ns=12480
VKPHASE pipeline=quantize_q8_1_x4 elements=262144,1,1 gpu_ns=1480
VKPHASE pipeline=quantize_q8_1_x4 elements=262144,1,1 gpu_ns=3160
VKPHASE pipeline=quantize_q8_1_x4 elements=262144,1,1 gpu_ns=3160
VKPHASE pipeline=quantize_q8_1_x4 elements=1376256,1,1 gpu_ns=11880
VKPHASE pipeline=quantize_q8_1_x4 elements=262144,1,1 gpu_ns=3240
VKPHASE pipeline=quantize_q8_1_x4 elements=262144,1,1 gpu_ns=1480
VKPHASE pipeline=quantize_q8_1_x4 elements=262144,1,1 gpu_ns=3120
VKPHASE pipeline=quantize_q8_1_x4 elements=1376256,1,1 gpu_ns=12240
VKPHASE pipeline=quantize_q8_1_x4 elements=262144,1,1 gpu_ns=3200
VKPHASE pipeline=quantize_q8_1_x4 elements=262144,1,1 gpu_ns=3200
VKPHASE pipeline=quantize_q8_1_x4 elements=262144,1,1 gpu_ns=3400
VKPHASE pipeline=quantize_q8_1_x4 elements=1376256,1,1 gpu_ns=12280
VKPHASE pipeline=quantize_q8_1_x4 elements=262144,1,1 gpu_ns=3160
VKPHASE pipeline=quantize_q8_1_x4 elements=262144,1,1 gpu_ns=3200
VKPHASE pipeline=quantize_q8_1_x4 elements=262144,1,1 gpu_ns=3200
VKPHASE pipeline=quantize_q8_1_x4 elements=1376256,1,1 gpu_ns=12400
VKPHASE pipeline=quantize_q8_1_x4 elements=262144,1,1 gpu_ns=3280
VKPHASE pipeline=quantize_q8_1_x4 elements=262144,1,1 gpu_ns=1440
----------------
Vulkan Timings:
ADD: 58 x 9.938 us = 576.44 us
CONCAT: 21 x 30.704 us = 644.8 us
CONCAT, CPY: 1 x 30.84 us = 30.84 us
CPY, SSM_CONV: 22 x 16.976 us = 373.48 us
FLASH_ATTN_EXT dst(64,32,128,1),  q(64,128,32,1),  k(64,2560,8,1),  v(64,2560,8,1),  m(2560,128,1,1), SCALE: 1 x 645.88 us = 645.88 us (4156.12 GFLOPS/s)
FLASH_ATTN_EXT dst(64,32,128,1),  q(64,128,32,1),  k(64,2560,8,1),  v(64,2560,8,1),  m(2560,128,1,1), SCALE, GET_ROWS, GET_ROWS, CPY: 7 x 657.88 us = 4605.16 us (4080.31 GFLOPS/s)
GET_ROWS, GET_ROWS, CPY, MUL_MAT f32 m=64 n=4096 k=64: 1 x 17.6 us = 17.6 us (1891.61 GFLOPS/s)
GLU: 17 x 37.376 us = 635.4 us
GLU, SCALE, GET_ROWS, GET_ROWS: 12 x 40.11 us = 481.32 us
MUL: 43 x 10.547 us = 453.56 us
MUL, SCALE, GET_ROWS, GET_ROWS: 1 x 12.28 us = 12.28 us
MUL_MAT f32 m=64 n=1024 k=64: 8 x 2.325 us = 18.6 us (3579.82 GFLOPS/s)
MUL_MAT f32 m=64 n=1024 k=64, RMS_NORM_MUL_ROPE RMS_NORM(64,8,128,1): 8 x 34.17 us = 273.36 us (243.578 GFLOPS/s)
MUL_MAT f32 m=64 n=4096 k=64: 15 x 17.208 us = 258.12 us (1934.7 GFLOPS/s)
MUL_MAT q4_0_rocmfp4_fast m=10752 n=128 k=2048, MUL_MAT q4_0_rocmfp4_fast m=10752 n=128 k=2048: 29 x 796.641 us = 23102.6 us (14148.8 GFLOPS/s)
MUL_MAT q4_0_rocmfp4_fast m=2048 n=128 k=10752: 29 x 572.42 us = 16600.2 us (9847.45 GFLOPS/s)
MUL_MAT q4_0_rocmfp4_fast m=2048 n=128 k=2048: 29 x 99.441 us = 2883.8 us (10795.1 GFLOPS/s)
MUL_MAT q4_0_rocmfp4_fast m=2048 n=128 k=2048, MUL_MAT q4_0_rocmfp4_fast m=512 n=128 k=2048, MUL_MAT q4_0_rocmfp4_fast m=512 n=128 k=2048: 8 x 161.435 us = 1291.48 us (9974.41 GFLOPS/s)
MUL_MAT q4_0_rocmfp4_fast m=6144 n=128 k=2048: 10 x 250.808 us = 2508.08 us (12840.3 GFLOPS/s)
MUL_MAT q4_0_rocmfp4_fast m=6144 n=128 k=2048, CPY: 12 x 246.766 us = 2961.2 us (13050.5 GFLOPS/s)
RMS_NORM_MUL RMS_NORM(2048,128,1,1): 57 x 10.328 us = 588.72 us
RMS_NORM_MUL RMS_NORM(2048,128,1,1), GET_ROWS: 1 x 10.56 us = 10.56 us
RMS_NORM_MUL_ROPE RMS_NORM(64,32,128,1): 8 x 105.525 us = 844.2 us
SCALE, GET_ROWS, GET_ROWS, RMS_NORM_MUL RMS_NORM(2048,128,1,1), CPY: 1 x 13.96 us = 13.96 us
SET_ROWS, SET_ROWS: 8 x 5.47 us = 43.76 us
Total time: 59875.4 us.
VKPHASE pipeline=quantize_q8_1_x4 elements=262144,1,1 gpu_ns=3640
VKPHASE pipeline=quantize_q8_1_x4 elements=262144,1,1 gpu_ns=3200
VKPHASE pipeline=quantize_q8_1_x4 elements=262144,1,1 gpu_ns=1560
VKPHASE pipeline=quantize_q8_1_x4 elements=1376256,1,1 gpu_ns=12160
VKPHASE pipeline=quantize_q8_1_x4 elements=262144,1,1 gpu_ns=3360
VKPHASE pipeline=quantize_q8_1_x4 elements=262144,1,1 gpu_ns=3320
VKPHASE pipeline=quantize_q8_1_x4 elements=262144,1,1 gpu_ns=3360
VKPHASE pipeline=quantize_q8_1_x4 elements=1376256,1,1 gpu_ns=12240
VKPHASE pipeline=quantize_q8_1_x4 elements=262144,1,1 gpu_ns=3240
VKPHASE pipeline=quantize_q8_1_x4 elements=262144,1,1 gpu_ns=3320
VKPHASE pipeline=quantize_q8_1_x4 elements=262144,1,1 gpu_ns=3480
VKPHASE pipeline=quantize_q8_1_x4 elements=1376256,1,1 gpu_ns=12560
VKPHASE pipeline=quantize_q8_1_x4 elements=262144,1,1 gpu_ns=3200
VKPHASE pipeline=quantize_q8_1_x4 elements=262144,1,1 gpu_ns=3120
VKPHASE pipeline=quantize_q8_1_x4 elements=262144,1,1 gpu_ns=3200
VKPHASE pipeline=quantize_q8_1_x4 elements=1376256,1,1 gpu_ns=12480
VKPHASE pipeline=quantize_q8_1_x4 elements=262144,1,1 gpu_ns=1480
VKPHASE pipeline=quantize_q8_1_x4 elements=262144,1,1 gpu_ns=1480
VKPHASE pipeline=quantize_q8_1_x4 elements=262144,1,1 gpu_ns=1480
VKPHASE pipeline=quantize_q8_1_x4 elements=1376256,1,1 gpu_ns=12040
VKPHASE pipeline=quantize_q8_1_x4 elements=262144,1,1 gpu_ns=1480
VKPHASE pipeline=quantize_q8_1_x4 elements=262144,1,1 gpu_ns=3280
VKPHASE pipeline=quantize_q8_1_x4 elements=262144,1,1 gpu_ns=3240
VKPHASE pipeline=quantize_q8_1_x4 elements=1376256,1,1 gpu_ns=12160
VKPHASE pipeline=quantize_q8_1_x4 elements=262144,1,1 gpu_ns=1440
VKPHASE pipeline=quantize_q8_1_x4 elements=262144,1,1 gpu_ns=1480
VKPHASE pipeline=quantize_q8_1_x4 elements=262144,1,1 gpu_ns=1480
VKPHASE pipeline=quantize_q8_1_x4 elements=1376256,1,1 gpu_ns=12280
VKPHASE pipeline=quantize_q8_1_x4 elements=262144,1,1 gpu_ns=3280
VKPHASE pipeline=quantize_q8_1_x4 elements=262144,1,1 gpu_ns=3160
VKPHASE pipeline=quantize_q8_1_x4 elements=262144,1,1 gpu_ns=3240
VKPHASE pipeline=quantize_q8_1_x4 elements=1376256,1,1 gpu_ns=12000
VKPHASE pipeline=quantize_q8_1_x4 elements=262144,1,1 gpu_ns=3200
VKPHASE pipeline=quantize_q8_1_x4 elements=262144,1,1 gpu_ns=3200
VKPHASE pipeline=quantize_q8_1_x4 elements=262144,1,1 gpu_ns=3160
VKPHASE pipeline=quantize_q8_1_x4 elements=1376256,1,1 gpu_ns=12320
VKPHASE pipeline=quantize_q8_1_x4 elements=262144,1,1 gpu_ns=3240
VKPHASE pipeline=quantize_q8_1_x4 elements=262144,1,1 gpu_ns=3200
VKPHASE pipeline=quantize_q8_1_x4 elements=262144,1,1 gpu_ns=3160
VKPHASE pipeline=quantize_q8_1_x4 elements=1376256,1,1 gpu_ns=12080
VKPHASE pipeline=quantize_q8_1_x4 elements=262144,1,1 gpu_ns=3480
VKPHASE pipeline=quantize_q8_1_x4 elements=262144,1,1 gpu_ns=3160
VKPHASE pipeline=quantize_q8_1_x4 elements=262144,1,1 gpu_ns=3200
VKPHASE pipeline=quantize_q8_1_x4 elements=1376256,1,1 gpu_ns=12280
VKPHASE pipeline=quantize_q8_1_x4 elements=262144,1,1 gpu_ns=3160
VKPHASE pipeline=quantize_q8_1_x4 elements=262144,1,1 gpu_ns=3160
VKPHASE pipeline=quantize_q8_1_x4 elements=262144,1,1 gpu_ns=3200
VKPHASE pipeline=quantize_q8_1_x4 elements=1376256,1,1 gpu_ns=12040
VKPHASE pipeline=quantize_q8_1_x4 elements=262144,1,1 gpu_ns=1600
VKPHASE pipeline=quantize_q8_1_x4 elements=262144,1,1 gpu_ns=1440
VKPHASE pipeline=quantize_q8_1_x4 elements=262144,1,1 gpu_ns=3160
VKPHASE pipeline=quantize_q8_1_x4 elements=1376256,1,1 gpu_ns=12000
VKPHASE pipeline=quantize_q8_1_x4 elements=262144,1,1 gpu_ns=3200
VKPHASE pipeline=quantize_q8_1_x4 elements=262144,1,1 gpu_ns=3280
VKPHASE pipeline=quantize_q8_1_x4 elements=262144,1,1 gpu_ns=1480
VKPHASE pipeline=quantize_q8_1_x4 elements=1376256,1,1 gpu_ns=11800
VKPHASE pipeline=quantize_q8_1_x4 elements=262144,1,1 gpu_ns=3240
VKPHASE pipeline=quantize_q8_1_x4 elements=262144,1,1 gpu_ns=1480
VKPHASE pipeline=quantize_q8_1_x4 elements=262144,1,1 gpu_ns=1480
VKPHASE pipeline=quantize_q8_1_x4 elements=1376256,1,1 gpu_ns=12160
VKPHASE pipeline=quantize_q8_1_x4 elements=262144,1,1 gpu_ns=3240
VKPHASE pipeline=quantize_q8_1_x4 elements=262144,1,1 gpu_ns=1440
VKPHASE pipeline=quantize_q8_1_x4 elements=262144,1,1 gpu_ns=3200
VKPHASE pipeline=quantize_q8_1_x4 elements=1376256,1,1 gpu_ns=12080
VKPHASE pipeline=quantize_q8_1_x4 elements=262144,1,1 gpu_ns=3240
VKPHASE pipeline=quantize_q8_1_x4 elements=262144,1,1 gpu_ns=3200
VKPHASE pipeline=quantize_q8_1_x4 elements=262144,1,1 gpu_ns=3200
VKPHASE pipeline=quantize_q8_1_x4 elements=1376256,1,1 gpu_ns=12280
VKPHASE pipeline=quantize_q8_1_x4 elements=262144,1,1 gpu_ns=3240
VKPHASE pipeline=quantize_q8_1_x4 elements=262144,1,1 gpu_ns=3240
VKPHASE pipeline=quantize_q8_1_x4 elements=262144,1,1 gpu_ns=3200
VKPHASE pipeline=quantize_q8_1_x4 elements=1376256,1,1 gpu_ns=12320
VKPHASE pipeline=quantize_q8_1_x4 elements=262144,1,1 gpu_ns=3240
VKPHASE pipeline=quantize_q8_1_x4 elements=262144,1,1 gpu_ns=3160
VKPHASE pipeline=quantize_q8_1_x4 elements=262144,1,1 gpu_ns=3160
VKPHASE pipeline=quantize_q8_1_x4 elements=1376256,1,1 gpu_ns=12360
VKPHASE pipeline=quantize_q8_1_x4 elements=262144,1,1 gpu_ns=3160
VKPHASE pipeline=quantize_q8_1_x4 elements=262144,1,1 gpu_ns=3160
VKPHASE pipeline=quantize_q8_1_x4 elements=262144,1,1 gpu_ns=3160
VKPHASE pipeline=quantize_q8_1_x4 elements=1376256,1,1 gpu_ns=12000
VKPHASE pipeline=quantize_q8_1_x4 elements=262144,1,1 gpu_ns=3200
VKPHASE pipeline=quantize_q8_1_x4 elements=262144,1,1 gpu_ns=1440
VKPHASE pipeline=quantize_q8_1_x4 elements=262144,1,1 gpu_ns=3200
VKPHASE pipeline=quantize_q8_1_x4 elements=1376256,1,1 gpu_ns=11920
VKPHASE pipeline=quantize_q8_1_x4 elements=262144,1,1 gpu_ns=3160
VKPHASE pipeline=quantize_q8_1_x4 elements=262144,1,1 gpu_ns=3280
VKPHASE pipeline=quantize_q8_1_x4 elements=262144,1,1 gpu_ns=3160
VKPHASE pipeline=quantize_q8_1_x4 elements=1376256,1,1 gpu_ns=12160
VKPHASE pipeline=quantize_q8_1_x4 elements=262144,1,1 gpu_ns=1480
VKPHASE pipeline=quantize_q8_1_x4 elements=262144,1,1 gpu_ns=3200
VKPHASE pipeline=quantize_q8_1_x4 elements=262144,1,1 gpu_ns=3200
VKPHASE pipeline=quantize_q8_1_x4 elements=1376256,1,1 gpu_ns=11760
VKPHASE pipeline=quantize_q8_1_x4 elements=262144,1,1 gpu_ns=3200
VKPHASE pipeline=quantize_q8_1_x4 elements=262144,1,1 gpu_ns=1760
VKPHASE pipeline=quantize_q8_1_x4 elements=262144,1,1 gpu_ns=3280
VKPHASE pipeline=quantize_q8_1_x4 elements=1376256,1,1 gpu_ns=12320
VKPHASE pipeline=quantize_q8_1_x4 elements=262144,1,1 gpu_ns=1560
VKPHASE pipeline=quantize_q8_1_x4 elements=262144,1,1 gpu_ns=1560
VKPHASE pipeline=quantize_q8_1_x4 elements=262144,1,1 gpu_ns=1560
VKPHASE pipeline=quantize_q8_1_x4 elements=1376256,1,1 gpu_ns=12600
VKPHASE pipeline=quantize_q8_1_x4 elements=262144,1,1 gpu_ns=3240
VKPHASE pipeline=quantize_q8_1_x4 elements=262144,1,1 gpu_ns=3160
VKPHASE pipeline=quantize_q8_1_x4 elements=262144,1,1 gpu_ns=1480
VKPHASE pipeline=quantize_q8_1_x4 elements=1376256,1,1 gpu_ns=12160
VKPHASE pipeline=quantize_q8_1_x4 elements=262144,1,1 gpu_ns=3240
VKPHASE pipeline=quantize_q8_1_x4 elements=262144,1,1 gpu_ns=1440
VKPHASE pipeline=quantize_q8_1_x4 elements=262144,1,1 gpu_ns=3200
VKPHASE pipeline=quantize_q8_1_x4 elements=1376256,1,1 gpu_ns=12120
VKPHASE pipeline=quantize_q8_1_x4 elements=262144,1,1 gpu_ns=3200
VKPHASE pipeline=quantize_q8_1_x4 elements=262144,1,1 gpu_ns=3160
VKPHASE pipeline=quantize_q8_1_x4 elements=262144,1,1 gpu_ns=1440
VKPHASE pipeline=quantize_q8_1_x4 elements=1376256,1,1 gpu_ns=12400
VKPHASE pipeline=quantize_q8_1_x4 elements=262144,1,1 gpu_ns=3200
VKPHASE pipeline=quantize_q8_1_x4 elements=262144,1,1 gpu_ns=3160
VKPHASE pipeline=quantize_q8_1_x4 elements=262144,1,1 gpu_ns=3200
VKPHASE pipeline=quantize_q8_1_x4 elements=1376256,1,1 gpu_ns=12200
VKPHASE pipeline=quantize_q8_1_x4 elements=262144,1,1 gpu_ns=1440
VKPHASE pipeline=quantize_q8_1_x4 elements=262144,1,1 gpu_ns=1440
----------------
Vulkan Timings:
ADD: 58 x 9.952 us = 577.24 us
CONCAT: 21 x 30.396 us = 638.32 us
CONCAT, CPY: 1 x 30 us = 30 us
CPY, SSM_CONV: 22 x 16.927 us = 372.4 us
FLASH_ATTN_EXT dst(64,32,128,1),  q(64,128,32,1),  k(64,2560,8,1),  v(64,2560,8,1),  m(2560,128,1,1), SCALE: 1 x 692.6 us = 692.6 us (3875.76 GFLOPS/s)
FLASH_ATTN_EXT dst(64,32,128,1),  q(64,128,32,1),  k(64,2560,8,1),  v(64,2560,8,1),  m(2560,128,1,1), SCALE, GET_ROWS, GET_ROWS, CPY: 7 x 687.142 us = 4810 us (3906.55 GFLOPS/s)
GET_ROWS, GET_ROWS, CPY, MUL_MAT f32 m=64 n=4096 k=64: 1 x 35.72 us = 35.72 us (932.035 GFLOPS/s)
GLU: 17 x 37.936 us = 644.92 us
GLU, SCALE, GET_ROWS, GET_ROWS: 12 x 41.533 us = 498.4 us
MUL: 43 x 9.911 us = 426.2 us
MUL, SCALE, GET_ROWS, GET_ROWS: 1 x 12.28 us = 12.28 us
MUL_MAT f32 m=64 n=1024 k=64: 8 x 2.96 us = 23.68 us (2811.85 GFLOPS/s)
MUL_MAT f32 m=64 n=1024 k=64, RMS_NORM_MUL_ROPE RMS_NORM(64,8,128,1): 8 x 30.965 us = 247.72 us (268.79 GFLOPS/s)
MUL_MAT f32 m=64 n=4096 k=64: 15 x 17.44 us = 261.6 us (1908.96 GFLOPS/s)
MUL_MAT q4_0_rocmfp4_fast m=10752 n=128 k=2048, MUL_MAT q4_0_rocmfp4_fast m=10752 n=128 k=2048: 29 x 799.573 us = 23187.6 us (14096.9 GFLOPS/s)
MUL_MAT q4_0_rocmfp4_fast m=2048 n=128 k=10752: 29 x 570.897 us = 16556 us (9873.71 GFLOPS/s)
MUL_MAT q4_0_rocmfp4_fast m=2048 n=128 k=2048: 29 x 98.913 us = 2868.48 us (10852.8 GFLOPS/s)
MUL_MAT q4_0_rocmfp4_fast m=2048 n=128 k=2048, MUL_MAT q4_0_rocmfp4_fast m=512 n=128 k=2048, MUL_MAT q4_0_rocmfp4_fast m=512 n=128 k=2048: 8 x 158.615 us = 1268.92 us (10151.7 GFLOPS/s)
MUL_MAT q4_0_rocmfp4_fast m=6144 n=128 k=2048: 10 x 248.072 us = 2480.72 us (12981.9 GFLOPS/s)
MUL_MAT q4_0_rocmfp4_fast m=6144 n=128 k=2048, CPY: 12 x 242.48 us = 2909.76 us (13281.3 GFLOPS/s)
RMS_NORM_MUL RMS_NORM(2048,128,1,1): 57 x 10.355 us = 590.28 us
RMS_NORM_MUL RMS_NORM(2048,128,1,1), GET_ROWS: 1 x 10.32 us = 10.32 us
RMS_NORM_MUL_ROPE RMS_NORM(64,32,128,1): 8 x 100.97 us = 807.76 us
SCALE, GET_ROWS, GET_ROWS, RMS_NORM_MUL RMS_NORM(2048,128,1,1), CPY: 1 x 14.04 us = 14.04 us
SET_ROWS, SET_ROWS: 8 x 5.44 us = 43.52 us
Total time: 60008.6 us.
VKPHASE pipeline=quantize_q8_1_x4 elements=262144,1,1 gpu_ns=3200
VKPHASE pipeline=quantize_q8_1_x4 elements=262144,1,1 gpu_ns=3160
VKPHASE pipeline=quantize_q8_1_x4 elements=262144,1,1 gpu_ns=3240
VKPHASE pipeline=quantize_q8_1_x4 elements=1376256,1,1 gpu_ns=12200
VKPHASE pipeline=quantize_q8_1_x4 elements=262144,1,1 gpu_ns=3280
VKPHASE pipeline=quantize_q8_1_x4 elements=262144,1,1 gpu_ns=1440
VKPHASE pipeline=quantize_q8_1_x4 elements=262144,1,1 gpu_ns=3320
VKPHASE pipeline=quantize_q8_1_x4 elements=1376256,1,1 gpu_ns=12480
VKPHASE pipeline=quantize_q8_1_x4 elements=262144,1,1 gpu_ns=3280
VKPHASE pipeline=quantize_q8_1_x4 elements=262144,1,1 gpu_ns=3280
VKPHASE pipeline=quantize_q8_1_x4 elements=262144,1,1 gpu_ns=3240
VKPHASE pipeline=quantize_q8_1_x4 elements=1376256,1,1 gpu_ns=12560
VKPHASE pipeline=quantize_q8_1_x4 elements=262144,1,1 gpu_ns=3200
VKPHASE pipeline=quantize_q8_1_x4 elements=262144,1,1 gpu_ns=3200
VKPHASE pipeline=quantize_q8_1_x4 elements=262144,1,1 gpu_ns=3160
VKPHASE pipeline=quantize_q8_1_x4 elements=1376256,1,1 gpu_ns=12440
VKPHASE pipeline=quantize_q8_1_x4 elements=262144,1,1 gpu_ns=1520
VKPHASE pipeline=quantize_q8_1_x4 elements=262144,1,1 gpu_ns=3200
VKPHASE pipeline=quantize_q8_1_x4 elements=262144,1,1 gpu_ns=3160
VKPHASE pipeline=quantize_q8_1_x4 elements=1376256,1,1 gpu_ns=12120
VKPHASE pipeline=quantize_q8_1_x4 elements=262144,1,1 gpu_ns=3160
VKPHASE pipeline=quantize_q8_1_x4 elements=262144,1,1 gpu_ns=3240
VKPHASE pipeline=quantize_q8_1_x4 elements=262144,1,1 gpu_ns=1480
VKPHASE pipeline=quantize_q8_1_x4 elements=1376256,1,1 gpu_ns=12080
VKPHASE pipeline=quantize_q8_1_x4 elements=262144,1,1 gpu_ns=3160
VKPHASE pipeline=quantize_q8_1_x4 elements=262144,1,1 gpu_ns=1480
VKPHASE pipeline=quantize_q8_1_x4 elements=262144,1,1 gpu_ns=1440
VKPHASE pipeline=quantize_q8_1_x4 elements=1376256,1,1 gpu_ns=12120
VKPHASE pipeline=quantize_q8_1_x4 elements=262144,1,1 gpu_ns=3480
VKPHASE pipeline=quantize_q8_1_x4 elements=262144,1,1 gpu_ns=1480
VKPHASE pipeline=quantize_q8_1_x4 elements=262144,1,1 gpu_ns=3160
VKPHASE pipeline=quantize_q8_1_x4 elements=1376256,1,1 gpu_ns=20200
VKPHASE pipeline=quantize_q8_1_x4 elements=262144,1,1 gpu_ns=3200
VKPHASE pipeline=quantize_q8_1_x4 elements=262144,1,1 gpu_ns=3160
VKPHASE pipeline=quantize_q8_1_x4 elements=262144,1,1 gpu_ns=1440
VKPHASE pipeline=quantize_q8_1_x4 elements=1376256,1,1 gpu_ns=11960
VKPHASE pipeline=quantize_q8_1_x4 elements=262144,1,1 gpu_ns=3200
VKPHASE pipeline=quantize_q8_1_x4 elements=262144,1,1 gpu_ns=4480
VKPHASE pipeline=quantize_q8_1_x4 elements=262144,1,1 gpu_ns=3200
VKPHASE pipeline=quantize_q8_1_x4 elements=1376256,1,1 gpu_ns=11960
VKPHASE pipeline=quantize_q8_1_x4 elements=262144,1,1 gpu_ns=3200
VKPHASE pipeline=quantize_q8_1_x4 elements=262144,1,1 gpu_ns=3240
VKPHASE pipeline=quantize_q8_1_x4 elements=262144,1,1 gpu_ns=3160
VKPHASE pipeline=quantize_q8_1_x4 elements=1376256,1,1 gpu_ns=12280
VKPHASE pipeline=quantize_q8_1_x4 elements=262144,1,1 gpu_ns=3200
VKPHASE pipeline=quantize_q8_1_x4 elements=262144,1,1 gpu_ns=1440
VKPHASE pipeline=quantize_q8_1_x4 elements=262144,1,1 gpu_ns=3200
VKPHASE pipeline=quantize_q8_1_x4 elements=1376256,1,1 gpu_ns=11920
VKPHASE pipeline=quantize_q8_1_x4 elements=262144,1,1 gpu_ns=3200
VKPHASE pipeline=quantize_q8_1_x4 elements=262144,1,1 gpu_ns=3200
VKPHASE pipeline=quantize_q8_1_x4 elements=262144,1,1 gpu_ns=3160
VKPHASE pipeline=quantize_q8_1_x4 elements=1376256,1,1 gpu_ns=12080
VKPHASE pipeline=quantize_q8_1_x4 elements=262144,1,1 gpu_ns=1560
VKPHASE pipeline=quantize_q8_1_x4 elements=262144,1,1 gpu_ns=3160
VKPHASE pipeline=quantize_q8_1_x4 elements=262144,1,1 gpu_ns=3160
VKPHASE pipeline=quantize_q8_1_x4 elements=1376256,1,1 gpu_ns=12000
VKPHASE pipeline=quantize_q8_1_x4 elements=262144,1,1 gpu_ns=3160
VKPHASE pipeline=quantize_q8_1_x4 elements=262144,1,1 gpu_ns=1400
VKPHASE pipeline=quantize_q8_1_x4 elements=262144,1,1 gpu_ns=1480
VKPHASE pipeline=quantize_q8_1_x4 elements=1376256,1,1 gpu_ns=12120
VKPHASE pipeline=quantize_q8_1_x4 elements=262144,1,1 gpu_ns=1600
VKPHASE pipeline=quantize_q8_1_x4 elements=262144,1,1 gpu_ns=1480
VKPHASE pipeline=quantize_q8_1_x4 elements=262144,1,1 gpu_ns=3240
VKPHASE pipeline=quantize_q8_1_x4 elements=1376256,1,1 gpu_ns=12280
VKPHASE pipeline=quantize_q8_1_x4 elements=262144,1,1 gpu_ns=3200
VKPHASE pipeline=quantize_q8_1_x4 elements=262144,1,1 gpu_ns=3200
VKPHASE pipeline=quantize_q8_1_x4 elements=262144,1,1 gpu_ns=3200
VKPHASE pipeline=quantize_q8_1_x4 elements=1376256,1,1 gpu_ns=11720
VKPHASE pipeline=quantize_q8_1_x4 elements=262144,1,1 gpu_ns=1520
VKPHASE pipeline=quantize_q8_1_x4 elements=262144,1,1 gpu_ns=3240
VKPHASE pipeline=quantize_q8_1_x4 elements=262144,1,1 gpu_ns=3200
VKPHASE pipeline=quantize_q8_1_x4 elements=1376256,1,1 gpu_ns=12440
VKPHASE pipeline=quantize_q8_1_x4 elements=262144,1,1 gpu_ns=3200
VKPHASE pipeline=quantize_q8_1_x4 elements=262144,1,1 gpu_ns=3200
VKPHASE pipeline=quantize_q8_1_x4 elements=262144,1,1 gpu_ns=3240
VKPHASE pipeline=quantize_q8_1_x4 elements=1376256,1,1 gpu_ns=12320
VKPHASE pipeline=quantize_q8_1_x4 elements=262144,1,1 gpu_ns=3200
VKPHASE pipeline=quantize_q8_1_x4 elements=262144,1,1 gpu_ns=3160
VKPHASE pipeline=quantize_q8_1_x4 elements=262144,1,1 gpu_ns=1520
VKPHASE pipeline=quantize_q8_1_x4 elements=1376256,1,1 gpu_ns=11920
VKPHASE pipeline=quantize_q8_1_x4 elements=262144,1,1 gpu_ns=3240
VKPHASE pipeline=quantize_q8_1_x4 elements=262144,1,1 gpu_ns=1480
VKPHASE pipeline=quantize_q8_1_x4 elements=262144,1,1 gpu_ns=3160
VKPHASE pipeline=quantize_q8_1_x4 elements=1376256,1,1 gpu_ns=12120
VKPHASE pipeline=quantize_q8_1_x4 elements=262144,1,1 gpu_ns=3280
VKPHASE pipeline=quantize_q8_1_x4 elements=262144,1,1 gpu_ns=3360
VKPHASE pipeline=quantize_q8_1_x4 elements=262144,1,1 gpu_ns=3240
VKPHASE pipeline=quantize_q8_1_x4 elements=1376256,1,1 gpu_ns=12040
VKPHASE pipeline=quantize_q8_1_x4 elements=262144,1,1 gpu_ns=1480
VKPHASE pipeline=quantize_q8_1_x4 elements=262144,1,1 gpu_ns=3160
VKPHASE pipeline=quantize_q8_1_x4 elements=262144,1,1 gpu_ns=3160
VKPHASE pipeline=quantize_q8_1_x4 elements=1376256,1,1 gpu_ns=11960
VKPHASE pipeline=quantize_q8_1_x4 elements=262144,1,1 gpu_ns=3200
VKPHASE pipeline=quantize_q8_1_x4 elements=262144,1,1 gpu_ns=1440
VKPHASE pipeline=quantize_q8_1_x4 elements=262144,1,1 gpu_ns=1440
VKPHASE pipeline=quantize_q8_1_x4 elements=1376256,1,1 gpu_ns=11920
VKPHASE pipeline=quantize_q8_1_x4 elements=262144,1,1 gpu_ns=1840
VKPHASE pipeline=quantize_q8_1_x4 elements=262144,1,1 gpu_ns=3360
VKPHASE pipeline=quantize_q8_1_x4 elements=262144,1,1 gpu_ns=3160
VKPHASE pipeline=quantize_q8_1_x4 elements=1376256,1,1 gpu_ns=12280
VKPHASE pipeline=quantize_q8_1_x4 elements=262144,1,1 gpu_ns=1440
VKPHASE pipeline=quantize_q8_1_x4 elements=262144,1,1 gpu_ns=3160
VKPHASE pipeline=quantize_q8_1_x4 elements=262144,1,1 gpu_ns=3200
VKPHASE pipeline=quantize_q8_1_x4 elements=1376256,1,1 gpu_ns=12440
VKPHASE pipeline=quantize_q8_1_x4 elements=262144,1,1 gpu_ns=3400
VKPHASE pipeline=quantize_q8_1_x4 elements=262144,1,1 gpu_ns=1480
VKPHASE pipeline=quantize_q8_1_x4 elements=262144,1,1 gpu_ns=3160
VKPHASE pipeline=quantize_q8_1_x4 elements=1376256,1,1 gpu_ns=12120
VKPHASE pipeline=quantize_q8_1_x4 elements=262144,1,1 gpu_ns=1600
VKPHASE pipeline=quantize_q8_1_x4 elements=262144,1,1 gpu_ns=1440
VKPHASE pipeline=quantize_q8_1_x4 elements=262144,1,1 gpu_ns=1440
VKPHASE pipeline=quantize_q8_1_x4 elements=1376256,1,1 gpu_ns=12280
VKPHASE pipeline=quantize_q8_1_x4 elements=262144,1,1 gpu_ns=3240
VKPHASE pipeline=quantize_q8_1_x4 elements=262144,1,1 gpu_ns=3200
VKPHASE pipeline=quantize_q8_1_x4 elements=262144,1,1 gpu_ns=3200
VKPHASE pipeline=quantize_q8_1_x4 elements=1376256,1,1 gpu_ns=12160
VKPHASE pipeline=quantize_q8_1_x4 elements=262144,1,1 gpu_ns=1480
VKPHASE pipeline=quantize_q8_1_x4 elements=262144,1,1 gpu_ns=3200
----------------
Vulkan Timings:
ADD: 58 x 11.031 us = 639.8 us
CONCAT: 21 x 31.308 us = 657.48 us
CONCAT, CPY: 1 x 30.68 us = 30.68 us
CPY, SSM_CONV: 22 x 16.983 us = 373.64 us
FLASH_ATTN_EXT dst(64,32,128,1),  q(64,128,32,1),  k(64,2816,8,1),  v(64,2816,8,1),  m(2816,128,1,1), SCALE: 1 x 708.48 us = 708.48 us (4167.78 GFLOPS/s)
FLASH_ATTN_EXT dst(64,32,128,1),  q(64,128,32,1),  k(64,2816,8,1),  v(64,2816,8,1),  m(2816,128,1,1), SCALE, GET_ROWS, GET_ROWS, CPY: 7 x 711.697 us = 4981.88 us (4148.94 GFLOPS/s)
GET_ROWS, GET_ROWS, CPY, MUL_MAT f32 m=64 n=4096 k=64: 1 x 17.68 us = 17.68 us (1883.05 GFLOPS/s)
GLU: 17 x 37.44 us = 636.48 us
GLU, SCALE, GET_ROWS, GET_ROWS: 12 x 40.296 us = 483.56 us
MUL: 43 x 10.475 us = 450.44 us
MUL, SCALE, GET_ROWS, GET_ROWS: 1 x 12.56 us = 12.56 us
MUL_MAT f32 m=64 n=1024 k=64: 8 x 2.65 us = 21.2 us (3140.78 GFLOPS/s)
MUL_MAT f32 m=64 n=1024 k=64, RMS_NORM_MUL_ROPE RMS_NORM(64,8,128,1): 8 x 32.38 us = 259.04 us (257.044 GFLOPS/s)
MUL_MAT f32 m=64 n=4096 k=64: 15 x 17.57 us = 263.56 us (1894.77 GFLOPS/s)
MUL_MAT q4_0_rocmfp4_fast m=10752 n=128 k=2048, MUL_MAT q4_0_rocmfp4_fast m=10752 n=128 k=2048: 29 x 794.456 us = 23039.2 us (14187.7 GFLOPS/s)
MUL_MAT q4_0_rocmfp4_fast m=2048 n=128 k=10752: 29 x 567.764 us = 16465.2 us (9928.21 GFLOPS/s)
MUL_MAT q4_0_rocmfp4_fast m=2048 n=128 k=2048: 29 x 97.569 us = 2829.52 us (11002.2 GFLOPS/s)
MUL_MAT q4_0_rocmfp4_fast m=2048 n=128 k=2048, MUL_MAT q4_0_rocmfp4_fast m=512 n=128 k=2048, MUL_MAT q4_0_rocmfp4_fast m=512 n=128 k=2048: 8 x 152.675 us = 1221.4 us (10546.7 GFLOPS/s)
MUL_MAT q4_0_rocmfp4_fast m=6144 n=128 k=2048: 10 x 241.212 us = 2412.12 us (13351.1 GFLOPS/s)
MUL_MAT q4_0_rocmfp4_fast m=6144 n=128 k=2048, CPY: 12 x 247.02 us = 2964.24 us (13037.2 GFLOPS/s)
RMS_NORM_MUL RMS_NORM(2048,128,1,1): 57 x 10.362 us = 590.68 us
RMS_NORM_MUL RMS_NORM(2048,128,1,1), GET_ROWS: 1 x 10.36 us = 10.36 us
RMS_NORM_MUL_ROPE RMS_NORM(64,32,128,1): 8 x 102.785 us = 822.28 us
SCALE, GET_ROWS, GET_ROWS, RMS_NORM_MUL RMS_NORM(2048,128,1,1), CPY: 1 x 14.48 us = 14.48 us
SET_ROWS, SET_ROWS: 8 x 5.485 us = 43.88 us
Total time: 59949.8 us.
VKPHASE pipeline=quantize_q8_1_x4 elements=262144,1,1 gpu_ns=1480
VKPHASE pipeline=quantize_q8_1_x4 elements=262144,1,1 gpu_ns=1720
VKPHASE pipeline=quantize_q8_1_x4 elements=262144,1,1 gpu_ns=3320
VKPHASE pipeline=quantize_q8_1_x4 elements=1376256,1,1 gpu_ns=12760
VKPHASE pipeline=quantize_q8_1_x4 elements=262144,1,1 gpu_ns=1440
VKPHASE pipeline=quantize_q8_1_x4 elements=262144,1,1 gpu_ns=1440
VKPHASE pipeline=quantize_q8_1_x4 elements=262144,1,1 gpu_ns=3360
VKPHASE pipeline=quantize_q8_1_x4 elements=1376256,1,1 gpu_ns=12560
VKPHASE pipeline=quantize_q8_1_x4 elements=262144,1,1 gpu_ns=3240
VKPHASE pipeline=quantize_q8_1_x4 elements=262144,1,1 gpu_ns=1560
VKPHASE pipeline=quantize_q8_1_x4 elements=262144,1,1 gpu_ns=3200
VKPHASE pipeline=quantize_q8_1_x4 elements=1376256,1,1 gpu_ns=12080
VKPHASE pipeline=quantize_q8_1_x4 elements=262144,1,1 gpu_ns=3160
VKPHASE pipeline=quantize_q8_1_x4 elements=262144,1,1 gpu_ns=3120
VKPHASE pipeline=quantize_q8_1_x4 elements=262144,1,1 gpu_ns=3160
VKPHASE pipeline=quantize_q8_1_x4 elements=1376256,1,1 gpu_ns=12520
VKPHASE pipeline=quantize_q8_1_x4 elements=262144,1,1 gpu_ns=3280
VKPHASE pipeline=quantize_q8_1_x4 elements=262144,1,1 gpu_ns=1520
VKPHASE pipeline=quantize_q8_1_x4 elements=262144,1,1 gpu_ns=1480
VKPHASE pipeline=quantize_q8_1_x4 elements=1376256,1,1 gpu_ns=12200
VKPHASE pipeline=quantize_q8_1_x4 elements=262144,1,1 gpu_ns=1480
VKPHASE pipeline=quantize_q8_1_x4 elements=262144,1,1 gpu_ns=3280
VKPHASE pipeline=quantize_q8_1_x4 elements=262144,1,1 gpu_ns=1520
VKPHASE pipeline=quantize_q8_1_x4 elements=1376256,1,1 gpu_ns=12320
VKPHASE pipeline=quantize_q8_1_x4 elements=262144,1,1 gpu_ns=1560
VKPHASE pipeline=quantize_q8_1_x4 elements=262144,1,1 gpu_ns=1480
VKPHASE pipeline=quantize_q8_1_x4 elements=262144,1,1 gpu_ns=1480
VKPHASE pipeline=quantize_q8_1_x4 elements=1376256,1,1 gpu_ns=12200
VKPHASE pipeline=quantize_q8_1_x4 elements=262144,1,1 gpu_ns=3240
VKPHASE pipeline=quantize_q8_1_x4 elements=262144,1,1 gpu_ns=1440
VKPHASE pipeline=quantize_q8_1_x4 elements=262144,1,1 gpu_ns=3200
VKPHASE pipeline=quantize_q8_1_x4 elements=1376256,1,1 gpu_ns=12160
VKPHASE pipeline=quantize_q8_1_x4 elements=262144,1,1 gpu_ns=3200
VKPHASE pipeline=quantize_q8_1_x4 elements=262144,1,1 gpu_ns=3160
VKPHASE pipeline=quantize_q8_1_x4 elements=262144,1,1 gpu_ns=3520
VKPHASE pipeline=quantize_q8_1_x4 elements=1376256,1,1 gpu_ns=11960
VKPHASE pipeline=quantize_q8_1_x4 elements=262144,1,1 gpu_ns=1600
VKPHASE pipeline=quantize_q8_1_x4 elements=262144,1,1 gpu_ns=3280
VKPHASE pipeline=quantize_q8_1_x4 elements=262144,1,1 gpu_ns=3160
VKPHASE pipeline=quantize_q8_1_x4 elements=1376256,1,1 gpu_ns=12120
VKPHASE pipeline=quantize_q8_1_x4 elements=262144,1,1 gpu_ns=3480
VKPHASE pipeline=quantize_q8_1_x4 elements=262144,1,1 gpu_ns=1440
VKPHASE pipeline=quantize_q8_1_x4 elements=262144,1,1 gpu_ns=3160
VKPHASE pipeline=quantize_q8_1_x4 elements=1376256,1,1 gpu_ns=12520
VKPHASE pipeline=quantize_q8_1_x4 elements=262144,1,1 gpu_ns=3240
VKPHASE pipeline=quantize_q8_1_x4 elements=262144,1,1 gpu_ns=1440
VKPHASE pipeline=quantize_q8_1_x4 elements=262144,1,1 gpu_ns=3160
VKPHASE pipeline=quantize_q8_1_x4 elements=1376256,1,1 gpu_ns=12120
VKPHASE pipeline=quantize_q8_1_x4 elements=262144,1,1 gpu_ns=1600
VKPHASE pipeline=quantize_q8_1_x4 elements=262144,1,1 gpu_ns=1480
VKPHASE pipeline=quantize_q8_1_x4 elements=262144,1,1 gpu_ns=3240
VKPHASE pipeline=quantize_q8_1_x4 elements=1376256,1,1 gpu_ns=12120
VKPHASE pipeline=quantize_q8_1_x4 elements=262144,1,1 gpu_ns=3200
VKPHASE pipeline=quantize_q8_1_x4 elements=262144,1,1 gpu_ns=3200
VKPHASE pipeline=quantize_q8_1_x4 elements=262144,1,1 gpu_ns=1480
VKPHASE pipeline=quantize_q8_1_x4 elements=1376256,1,1 gpu_ns=12000
VKPHASE pipeline=quantize_q8_1_x4 elements=262144,1,1 gpu_ns=1520
VKPHASE pipeline=quantize_q8_1_x4 elements=262144,1,1 gpu_ns=1440
VKPHASE pipeline=quantize_q8_1_x4 elements=262144,1,1 gpu_ns=3200
VKPHASE pipeline=quantize_q8_1_x4 elements=1376256,1,1 gpu_ns=12080
VKPHASE pipeline=quantize_q8_1_x4 elements=262144,1,1 gpu_ns=3240
VKPHASE pipeline=quantize_q8_1_x4 elements=262144,1,1 gpu_ns=1480
VKPHASE pipeline=quantize_q8_1_x4 elements=262144,1,1 gpu_ns=3160
VKPHASE pipeline=quantize_q8_1_x4 elements=1376256,1,1 gpu_ns=12600
VKPHASE pipeline=quantize_q8_1_x4 elements=262144,1,1 gpu_ns=1560
VKPHASE pipeline=quantize_q8_1_x4 elements=262144,1,1 gpu_ns=3160
VKPHASE pipeline=quantize_q8_1_x4 elements=262144,1,1 gpu_ns=1520
VKPHASE pipeline=quantize_q8_1_x4 elements=1376256,1,1 gpu_ns=12240
VKPHASE pipeline=quantize_q8_1_x4 elements=262144,1,1 gpu_ns=1520
VKPHASE pipeline=quantize_q8_1_x4 elements=262144,1,1 gpu_ns=3240
VKPHASE pipeline=quantize_q8_1_x4 elements=262144,1,1 gpu_ns=1520
VKPHASE pipeline=quantize_q8_1_x4 elements=1376256,1,1 gpu_ns=12480
VKPHASE pipeline=quantize_q8_1_x4 elements=262144,1,1 gpu_ns=3320
VKPHASE pipeline=quantize_q8_1_x4 elements=262144,1,1 gpu_ns=1520
VKPHASE pipeline=quantize_q8_1_x4 elements=262144,1,1 gpu_ns=3280
VKPHASE pipeline=quantize_q8_1_x4 elements=1376256,1,1 gpu_ns=11800
VKPHASE pipeline=quantize_q8_1_x4 elements=262144,1,1 gpu_ns=3200
VKPHASE pipeline=quantize_q8_1_x4 elements=262144,1,1 gpu_ns=3200
VKPHASE pipeline=quantize_q8_1_x4 elements=262144,1,1 gpu_ns=3200
VKPHASE pipeline=quantize_q8_1_x4 elements=1376256,1,1 gpu_ns=11920
VKPHASE pipeline=quantize_q8_1_x4 elements=262144,1,1 gpu_ns=3240
VKPHASE pipeline=quantize_q8_1_x4 elements=262144,1,1 gpu_ns=3480
VKPHASE pipeline=quantize_q8_1_x4 elements=262144,1,1 gpu_ns=3520
VKPHASE pipeline=quantize_q8_1_x4 elements=1376256,1,1 gpu_ns=11960
VKPHASE pipeline=quantize_q8_1_x4 elements=262144,1,1 gpu_ns=3280
VKPHASE pipeline=quantize_q8_1_x4 elements=262144,1,1 gpu_ns=3160
VKPHASE pipeline=quantize_q8_1_x4 elements=262144,1,1 gpu_ns=3200
VKPHASE pipeline=quantize_q8_1_x4 elements=1376256,1,1 gpu_ns=12040
VKPHASE pipeline=quantize_q8_1_x4 elements=262144,1,1 gpu_ns=3520
VKPHASE pipeline=quantize_q8_1_x4 elements=262144,1,1 gpu_ns=3200
VKPHASE pipeline=quantize_q8_1_x4 elements=262144,1,1 gpu_ns=3200
VKPHASE pipeline=quantize_q8_1_x4 elements=1376256,1,1 gpu_ns=12160
VKPHASE pipeline=quantize_q8_1_x4 elements=262144,1,1 gpu_ns=3240
VKPHASE pipeline=quantize_q8_1_x4 elements=262144,1,1 gpu_ns=1440
VKPHASE pipeline=quantize_q8_1_x4 elements=262144,1,1 gpu_ns=1440
VKPHASE pipeline=quantize_q8_1_x4 elements=1376256,1,1 gpu_ns=12560
VKPHASE pipeline=quantize_q8_1_x4 elements=262144,1,1 gpu_ns=1520
VKPHASE pipeline=quantize_q8_1_x4 elements=262144,1,1 gpu_ns=3280
VKPHASE pipeline=quantize_q8_1_x4 elements=262144,1,1 gpu_ns=1480
VKPHASE pipeline=quantize_q8_1_x4 elements=1376256,1,1 gpu_ns=12440
VKPHASE pipeline=quantize_q8_1_x4 elements=262144,1,1 gpu_ns=1520
VKPHASE pipeline=quantize_q8_1_x4 elements=262144,1,1 gpu_ns=1440
VKPHASE pipeline=quantize_q8_1_x4 elements=262144,1,1 gpu_ns=3200
VKPHASE pipeline=quantize_q8_1_x4 elements=1376256,1,1 gpu_ns=12520
VKPHASE pipeline=quantize_q8_1_x4 elements=262144,1,1 gpu_ns=3200
VKPHASE pipeline=quantize_q8_1_x4 elements=262144,1,1 gpu_ns=3160
VKPHASE pipeline=quantize_q8_1_x4 elements=262144,1,1 gpu_ns=3160
VKPHASE pipeline=quantize_q8_1_x4 elements=1376256,1,1 gpu_ns=12120
VKPHASE pipeline=quantize_q8_1_x4 elements=262144,1,1 gpu_ns=3200
VKPHASE pipeline=quantize_q8_1_x4 elements=262144,1,1 gpu_ns=1440
VKPHASE pipeline=quantize_q8_1_x4 elements=262144,1,1 gpu_ns=3200
VKPHASE pipeline=quantize_q8_1_x4 elements=1376256,1,1 gpu_ns=12360
VKPHASE pipeline=quantize_q8_1_x4 elements=262144,1,1 gpu_ns=3240
VKPHASE pipeline=quantize_q8_1_x4 elements=262144,1,1 gpu_ns=3200
VKPHASE pipeline=quantize_q8_1_x4 elements=262144,1,1 gpu_ns=3120
VKPHASE pipeline=quantize_q8_1_x4 elements=1376256,1,1 gpu_ns=12360
VKPHASE pipeline=quantize_q8_1_x4 elements=262144,1,1 gpu_ns=3320
VKPHASE pipeline=quantize_q8_1_x4 elements=262144,1,1 gpu_ns=1440
----------------
Vulkan Timings:
ADD: 58 x 11.168 us = 647.76 us
CONCAT: 21 x 30.156 us = 633.28 us
CONCAT, CPY: 1 x 30.36 us = 30.36 us
CPY, SSM_CONV: 22 x 17.027 us = 374.6 us
FLASH_ATTN_EXT dst(64,32,128,1),  q(64,128,32,1),  k(64,2816,8,1),  v(64,2816,8,1),  m(2816,128,1,1), SCALE: 1 x 739.2 us = 739.2 us (3994.58 GFLOPS/s)
FLASH_ATTN_EXT dst(64,32,128,1),  q(64,128,32,1),  k(64,2816,8,1),  v(64,2816,8,1),  m(2816,128,1,1), SCALE, GET_ROWS, GET_ROWS, CPY: 7 x 740.817 us = 5185.72 us (3985.86 GFLOPS/s)
GET_ROWS, GET_ROWS, CPY, MUL_MAT f32 m=64 n=4096 k=64: 1 x 17.44 us = 17.44 us (1908.96 GFLOPS/s)
GLU: 17 x 38.442 us = 653.52 us
GLU, SCALE, GET_ROWS, GET_ROWS: 12 x 40.333 us = 484 us
MUL: 43 x 10.854 us = 466.76 us
MUL, SCALE, GET_ROWS, GET_ROWS: 1 x 12.36 us = 12.36 us
MUL_MAT f32 m=64 n=1024 k=64: 8 x 3.825 us = 30.6 us (2175.97 GFLOPS/s)
MUL_MAT f32 m=64 n=1024 k=64, RMS_NORM_MUL_ROPE RMS_NORM(64,8,128,1): 8 x 31.105 us = 248.84 us (267.58 GFLOPS/s)
MUL_MAT f32 m=64 n=4096 k=64: 15 x 17.464 us = 261.96 us (1906.34 GFLOPS/s)
MUL_MAT q4_0_rocmfp4_fast m=10752 n=128 k=2048, MUL_MAT q4_0_rocmfp4_fast m=10752 n=128 k=2048: 29 x 797.684 us = 23132.8 us (14130.3 GFLOPS/s)
MUL_MAT q4_0_rocmfp4_fast m=2048 n=128 k=10752: 29 x 564.675 us = 16375.6 us (9982.51 GFLOPS/s)
MUL_MAT q4_0_rocmfp4_fast m=2048 n=128 k=2048: 29 x 95.837 us = 2779.28 us (11201.1 GFLOPS/s)
MUL_MAT q4_0_rocmfp4_fast m=2048 n=128 k=2048, MUL_MAT q4_0_rocmfp4_fast m=512 n=128 k=2048, MUL_MAT q4_0_rocmfp4_fast m=512 n=128 k=2048: 8 x 148.115 us = 1184.92 us (10871.4 GFLOPS/s)
MUL_MAT q4_0_rocmfp4_fast m=6144 n=128 k=2048: 10 x 239.584 us = 2395.84 us (13441.8 GFLOPS/s)
MUL_MAT q4_0_rocmfp4_fast m=6144 n=128 k=2048, CPY: 12 x 244.343 us = 2932.12 us (13180 GFLOPS/s)
RMS_NORM_MUL RMS_NORM(2048,128,1,1): 57 x 10.328 us = 588.72 us
RMS_NORM_MUL RMS_NORM(2048,128,1,1), GET_ROWS: 1 x 10.2 us = 10.2 us
RMS_NORM_MUL_ROPE RMS_NORM(64,32,128,1): 8 x 105.795 us = 846.36 us
SCALE, GET_ROWS, GET_ROWS, RMS_NORM_MUL RMS_NORM(2048,128,1,1), CPY: 1 x 14.08 us = 14.08 us
SET_ROWS, SET_ROWS: 8 x 6.055 us = 48.44 us
Total time: 60094.8 us.
VKPHASE pipeline=quantize_q8_1_x4 elements=262144,1,1 gpu_ns=1840
VKPHASE pipeline=quantize_q8_1_x4 elements=262144,1,1 gpu_ns=1520
VKPHASE pipeline=quantize_q8_1_x4 elements=262144,1,1 gpu_ns=3200
VKPHASE pipeline=quantize_q8_1_x4 elements=1376256,1,1 gpu_ns=12320
VKPHASE pipeline=quantize_q8_1_x4 elements=262144,1,1 gpu_ns=3280
VKPHASE pipeline=quantize_q8_1_x4 elements=262144,1,1 gpu_ns=1480
VKPHASE pipeline=quantize_q8_1_x4 elements=262144,1,1 gpu_ns=3160
VKPHASE pipeline=quantize_q8_1_x4 elements=1376256,1,1 gpu_ns=12600
VKPHASE pipeline=quantize_q8_1_x4 elements=262144,1,1 gpu_ns=1480
VKPHASE pipeline=quantize_q8_1_x4 elements=262144,1,1 gpu_ns=4440
VKPHASE pipeline=quantize_q8_1_x4 elements=262144,1,1 gpu_ns=3200
VKPHASE pipeline=quantize_q8_1_x4 elements=1376256,1,1 gpu_ns=12480
VKPHASE pipeline=quantize_q8_1_x4 elements=262144,1,1 gpu_ns=3240
VKPHASE pipeline=quantize_q8_1_x4 elements=262144,1,1 gpu_ns=3200
VKPHASE pipeline=quantize_q8_1_x4 elements=262144,1,1 gpu_ns=3160
VKPHASE pipeline=quantize_q8_1_x4 elements=1376256,1,1 gpu_ns=12720
VKPHASE pipeline=quantize_q8_1_x4 elements=262144,1,1 gpu_ns=3160
VKPHASE pipeline=quantize_q8_1_x4 elements=262144,1,1 gpu_ns=3160
VKPHASE pipeline=quantize_q8_1_x4 elements=262144,1,1 gpu_ns=3160
VKPHASE pipeline=quantize_q8_1_x4 elements=1376256,1,1 gpu_ns=12040
VKPHASE pipeline=quantize_q8_1_x4 elements=262144,1,1 gpu_ns=1520
VKPHASE pipeline=quantize_q8_1_x4 elements=262144,1,1 gpu_ns=4360
VKPHASE pipeline=quantize_q8_1_x4 elements=262144,1,1 gpu_ns=1440
VKPHASE pipeline=quantize_q8_1_x4 elements=1376256,1,1 gpu_ns=12040
VKPHASE pipeline=quantize_q8_1_x4 elements=262144,1,1 gpu_ns=1480
VKPHASE pipeline=quantize_q8_1_x4 elements=262144,1,1 gpu_ns=1480
VKPHASE pipeline=quantize_q8_1_x4 elements=262144,1,1 gpu_ns=1440
VKPHASE pipeline=quantize_q8_1_x4 elements=1376256,1,1 gpu_ns=12000
VKPHASE pipeline=quantize_q8_1_x4 elements=262144,1,1 gpu_ns=3200
VKPHASE pipeline=quantize_q8_1_x4 elements=262144,1,1 gpu_ns=3240
VKPHASE pipeline=quantize_q8_1_x4 elements=262144,1,1 gpu_ns=3240
VKPHASE pipeline=quantize_q8_1_x4 elements=1376256,1,1 gpu_ns=12600
VKPHASE pipeline=quantize_q8_1_x4 elements=262144,1,1 gpu_ns=1600
VKPHASE pipeline=quantize_q8_1_x4 elements=262144,1,1 gpu_ns=3160
VKPHASE pipeline=quantize_q8_1_x4 elements=262144,1,1 gpu_ns=1520
VKPHASE pipeline=quantize_q8_1_x4 elements=1376256,1,1 gpu_ns=12160
VKPHASE pipeline=quantize_q8_1_x4 elements=262144,1,1 gpu_ns=3160
VKPHASE pipeline=quantize_q8_1_x4 elements=262144,1,1 gpu_ns=3280
VKPHASE pipeline=quantize_q8_1_x4 elements=262144,1,1 gpu_ns=3120
VKPHASE pipeline=quantize_q8_1_x4 elements=1376256,1,1 gpu_ns=12120
VKPHASE pipeline=quantize_q8_1_x4 elements=262144,1,1 gpu_ns=3200
VKPHASE pipeline=quantize_q8_1_x4 elements=262144,1,1 gpu_ns=1440
VKPHASE pipeline=quantize_q8_1_x4 elements=262144,1,1 gpu_ns=3160
VKPHASE pipeline=quantize_q8_1_x4 elements=1376256,1,1 gpu_ns=12360
VKPHASE pipeline=quantize_q8_1_x4 elements=262144,1,1 gpu_ns=3200
VKPHASE pipeline=quantize_q8_1_x4 elements=262144,1,1 gpu_ns=3160
VKPHASE pipeline=quantize_q8_1_x4 elements=262144,1,1 gpu_ns=3200
VKPHASE pipeline=quantize_q8_1_x4 elements=1376256,1,1 gpu_ns=11960
VKPHASE pipeline=quantize_q8_1_x4 elements=262144,1,1 gpu_ns=3200
VKPHASE pipeline=quantize_q8_1_x4 elements=262144,1,1 gpu_ns=3240
VKPHASE pipeline=quantize_q8_1_x4 elements=262144,1,1 gpu_ns=3200
VKPHASE pipeline=quantize_q8_1_x4 elements=1376256,1,1 gpu_ns=12040
VKPHASE pipeline=quantize_q8_1_x4 elements=262144,1,1 gpu_ns=3240
VKPHASE pipeline=quantize_q8_1_x4 elements=262144,1,1 gpu_ns=3200
VKPHASE pipeline=quantize_q8_1_x4 elements=262144,1,1 gpu_ns=3240
VKPHASE pipeline=quantize_q8_1_x4 elements=1376256,1,1 gpu_ns=11920
VKPHASE pipeline=quantize_q8_1_x4 elements=262144,1,1 gpu_ns=1520
VKPHASE pipeline=quantize_q8_1_x4 elements=262144,1,1 gpu_ns=1480
VKPHASE pipeline=quantize_q8_1_x4 elements=262144,1,1 gpu_ns=3200
VKPHASE pipeline=quantize_q8_1_x4 elements=1376256,1,1 gpu_ns=12160
VKPHASE pipeline=quantize_q8_1_x4 elements=262144,1,1 gpu_ns=3480
VKPHASE pipeline=quantize_q8_1_x4 elements=262144,1,1 gpu_ns=1440
VKPHASE pipeline=quantize_q8_1_x4 elements=262144,1,1 gpu_ns=10800
VKPHASE pipeline=quantize_q8_1_x4 elements=1376256,1,1 gpu_ns=12840
VKPHASE pipeline=quantize_q8_1_x4 elements=262144,1,1 gpu_ns=3240
VKPHASE pipeline=quantize_q8_1_x4 elements=262144,1,1 gpu_ns=3280
VKPHASE pipeline=quantize_q8_1_x4 elements=262144,1,1 gpu_ns=3200
VKPHASE pipeline=quantize_q8_1_x4 elements=1376256,1,1 gpu_ns=11760
VKPHASE pipeline=quantize_q8_1_x4 elements=262144,1,1 gpu_ns=3240
VKPHASE pipeline=quantize_q8_1_x4 elements=262144,1,1 gpu_ns=3240
VKPHASE pipeline=quantize_q8_1_x4 elements=262144,1,1 gpu_ns=3160
VKPHASE pipeline=quantize_q8_1_x4 elements=1376256,1,1 gpu_ns=12360
VKPHASE pipeline=quantize_q8_1_x4 elements=262144,1,1 gpu_ns=3280
VKPHASE pipeline=quantize_q8_1_x4 elements=262144,1,1 gpu_ns=3200
VKPHASE pipeline=quantize_q8_1_x4 elements=262144,1,1 gpu_ns=3200
VKPHASE pipeline=quantize_q8_1_x4 elements=1376256,1,1 gpu_ns=12080
VKPHASE pipeline=quantize_q8_1_x4 elements=262144,1,1 gpu_ns=1480
VKPHASE pipeline=quantize_q8_1_x4 elements=262144,1,1 gpu_ns=1520
VKPHASE pipeline=quantize_q8_1_x4 elements=262144,1,1 gpu_ns=1440
VKPHASE pipeline=quantize_q8_1_x4 elements=1376256,1,1 gpu_ns=12080
VKPHASE pipeline=quantize_q8_1_x4 elements=262144,1,1 gpu_ns=3200
VKPHASE pipeline=quantize_q8_1_x4 elements=262144,1,1 gpu_ns=3280
VKPHASE pipeline=quantize_q8_1_x4 elements=262144,1,1 gpu_ns=3200
VKPHASE pipeline=quantize_q8_1_x4 elements=1376256,1,1 gpu_ns=11960
VKPHASE pipeline=quantize_q8_1_x4 elements=262144,1,1 gpu_ns=3280
VKPHASE pipeline=quantize_q8_1_x4 elements=262144,1,1 gpu_ns=3280
VKPHASE pipeline=quantize_q8_1_x4 elements=262144,1,1 gpu_ns=3200
VKPHASE pipeline=quantize_q8_1_x4 elements=1376256,1,1 gpu_ns=11880
VKPHASE pipeline=quantize_q8_1_x4 elements=262144,1,1 gpu_ns=3160
VKPHASE pipeline=quantize_q8_1_x4 elements=262144,1,1 gpu_ns=3160
VKPHASE pipeline=quantize_q8_1_x4 elements=262144,1,1 gpu_ns=3200
VKPHASE pipeline=quantize_q8_1_x4 elements=1376256,1,1 gpu_ns=12120
VKPHASE pipeline=quantize_q8_1_x4 elements=262144,1,1 gpu_ns=3200
VKPHASE pipeline=quantize_q8_1_x4 elements=262144,1,1 gpu_ns=1440
VKPHASE pipeline=quantize_q8_1_x4 elements=262144,1,1 gpu_ns=3240
VKPHASE pipeline=quantize_q8_1_x4 elements=1376256,1,1 gpu_ns=12120
VKPHASE pipeline=quantize_q8_1_x4 elements=262144,1,1 gpu_ns=1520
VKPHASE pipeline=quantize_q8_1_x4 elements=262144,1,1 gpu_ns=3240
VKPHASE pipeline=quantize_q8_1_x4 elements=262144,1,1 gpu_ns=1480
VKPHASE pipeline=quantize_q8_1_x4 elements=1376256,1,1 gpu_ns=12240
VKPHASE pipeline=quantize_q8_1_x4 elements=262144,1,1 gpu_ns=1520
VKPHASE pipeline=quantize_q8_1_x4 elements=262144,1,1 gpu_ns=1480
VKPHASE pipeline=quantize_q8_1_x4 elements=262144,1,1 gpu_ns=1440
VKPHASE pipeline=quantize_q8_1_x4 elements=1376256,1,1 gpu_ns=12080
VKPHASE pipeline=quantize_q8_1_x4 elements=262144,1,1 gpu_ns=3160
VKPHASE pipeline=quantize_q8_1_x4 elements=262144,1,1 gpu_ns=1480
VKPHASE pipeline=quantize_q8_1_x4 elements=262144,1,1 gpu_ns=3200
VKPHASE pipeline=quantize_q8_1_x4 elements=1376256,1,1 gpu_ns=12160
VKPHASE pipeline=quantize_q8_1_x4 elements=262144,1,1 gpu_ns=3160
VKPHASE pipeline=quantize_q8_1_x4 elements=262144,1,1 gpu_ns=4280
VKPHASE pipeline=quantize_q8_1_x4 elements=262144,1,1 gpu_ns=3400
VKPHASE pipeline=quantize_q8_1_x4 elements=1376256,1,1 gpu_ns=12320
VKPHASE pipeline=quantize_q8_1_x4 elements=262144,1,1 gpu_ns=3360
VKPHASE pipeline=quantize_q8_1_x4 elements=262144,1,1 gpu_ns=1480
VKPHASE pipeline=quantize_q8_1_x4 elements=262144,1,1 gpu_ns=3200
VKPHASE pipeline=quantize_q8_1_x4 elements=1376256,1,1 gpu_ns=12520
VKPHASE pipeline=quantize_q8_1_x4 elements=262144,1,1 gpu_ns=3240
VKPHASE pipeline=quantize_q8_1_x4 elements=262144,1,1 gpu_ns=1440
----------------
Vulkan Timings:
ADD: 58 x 11.826 us = 685.96 us
CONCAT: 21 x 31.626 us = 664.16 us
CONCAT, CPY: 1 x 37.8 us = 37.8 us
CPY, SSM_CONV: 22 x 17.816 us = 391.96 us
FLASH_ATTN_EXT dst(64,32,128,1),  q(64,128,32,1),  k(64,3072,8,1),  v(64,3072,8,1),  m(3072,128,1,1), SCALE: 1 x 778 us = 778 us (4140.39 GFLOPS/s)
FLASH_ATTN_EXT dst(64,32,128,1),  q(64,128,32,1),  k(64,3072,8,1),  v(64,3072,8,1),  m(3072,128,1,1), SCALE, GET_ROWS, GET_ROWS, CPY: 7 x 870.051 us = 6090.36 us (3702.34 GFLOPS/s)
GET_ROWS, GET_ROWS, CPY, MUL_MAT f32 m=64 n=4096 k=64: 1 x 17.28 us = 17.28 us (1926.64 GFLOPS/s)
GLU: 17 x 40.063 us = 681.08 us
GLU, SCALE, GET_ROWS, GET_ROWS: 12 x 42.853 us = 514.24 us
MUL: 43 x 11.18 us = 480.76 us
MUL, SCALE, GET_ROWS, GET_ROWS: 1 x 15.12 us = 15.12 us
MUL_MAT f32 m=64 n=1024 k=64: 8 x 3.19 us = 25.52 us (2609.11 GFLOPS/s)
MUL_MAT f32 m=64 n=1024 k=64, RMS_NORM_MUL_ROPE RMS_NORM(64,8,128,1): 8 x 34.305 us = 274.44 us (242.62 GFLOPS/s)
MUL_MAT f32 m=64 n=4096 k=64: 15 x 19.048 us = 285.72 us (1747.81 GFLOPS/s)
MUL_MAT q4_0_rocmfp4_fast m=10752 n=128 k=2048, MUL_MAT q4_0_rocmfp4_fast m=10752 n=128 k=2048: 29 x 856.715 us = 24844.8 us (13156.7 GFLOPS/s)
MUL_MAT q4_0_rocmfp4_fast m=2048 n=128 k=10752: 29 x 598.3 us = 17350.7 us (9421.49 GFLOPS/s)
MUL_MAT q4_0_rocmfp4_fast m=2048 n=128 k=2048: 29 x 104.812 us = 3039.56 us (10241.9 GFLOPS/s)
MUL_MAT q4_0_rocmfp4_fast m=2048 n=128 k=2048, MUL_MAT q4_0_rocmfp4_fast m=512 n=128 k=2048, MUL_MAT q4_0_rocmfp4_fast m=512 n=128 k=2048: 8 x 165.075 us = 1320.6 us (9754.47 GFLOPS/s)
MUL_MAT q4_0_rocmfp4_fast m=6144 n=128 k=2048: 10 x 264.848 us = 2648.48 us (12159.6 GFLOPS/s)
MUL_MAT q4_0_rocmfp4_fast m=6144 n=128 k=2048, CPY: 12 x 244.496 us = 2933.96 us (13171.7 GFLOPS/s)
RMS_NORM_MUL RMS_NORM(2048,128,1,1): 57 x 10.683 us = 608.96 us
RMS_NORM_MUL RMS_NORM(2048,128,1,1), GET_ROWS: 1 x 10.16 us = 10.16 us
RMS_NORM_MUL_ROPE RMS_NORM(64,32,128,1): 8 x 113.035 us = 904.28 us
SCALE, GET_ROWS, GET_ROWS, RMS_NORM_MUL RMS_NORM(2048,128,1,1), CPY: 1 x 15.44 us = 15.44 us
SET_ROWS, SET_ROWS: 8 x 5.805 us = 46.44 us
Total time: 64665.8 us.
VKPHASE pipeline=quantize_q8_1_x4 elements=262144,1,1 gpu_ns=1600
VKPHASE pipeline=quantize_q8_1_x4 elements=262144,1,1 gpu_ns=1640
VKPHASE pipeline=quantize_q8_1_x4 elements=262144,1,1 gpu_ns=1640
VKPHASE pipeline=quantize_q8_1_x4 elements=1376256,1,1 gpu_ns=12440
VKPHASE pipeline=quantize_q8_1_x4 elements=262144,1,1 gpu_ns=4240
VKPHASE pipeline=quantize_q8_1_x4 elements=262144,1,1 gpu_ns=4360
VKPHASE pipeline=quantize_q8_1_x4 elements=262144,1,1 gpu_ns=4480
VKPHASE pipeline=quantize_q8_1_x4 elements=1376256,1,1 gpu_ns=14240
VKPHASE pipeline=quantize_q8_1_x4 elements=262144,1,1 gpu_ns=4600
VKPHASE pipeline=quantize_q8_1_x4 elements=262144,1,1 gpu_ns=4360
VKPHASE pipeline=quantize_q8_1_x4 elements=262144,1,1 gpu_ns=4400
VKPHASE pipeline=quantize_q8_1_x4 elements=1376256,1,1 gpu_ns=12920
VKPHASE pipeline=quantize_q8_1_x4 elements=262144,1,1 gpu_ns=1600
VKPHASE pipeline=quantize_q8_1_x4 elements=262144,1,1 gpu_ns=1640
VKPHASE pipeline=quantize_q8_1_x4 elements=262144,1,1 gpu_ns=1600
VKPHASE pipeline=quantize_q8_1_x4 elements=1376256,1,1 gpu_ns=13000
VKPHASE pipeline=quantize_q8_1_x4 elements=262144,1,1 gpu_ns=1600
VKPHASE pipeline=quantize_q8_1_x4 elements=262144,1,1 gpu_ns=4520
VKPHASE pipeline=quantize_q8_1_x4 elements=262144,1,1 gpu_ns=1440
VKPHASE pipeline=quantize_q8_1_x4 elements=1376256,1,1 gpu_ns=12320
VKPHASE pipeline=quantize_q8_1_x4 elements=262144,1,1 gpu_ns=1480
VKPHASE pipeline=quantize_q8_1_x4 elements=262144,1,1 gpu_ns=3200
VKPHASE pipeline=quantize_q8_1_x4 elements=262144,1,1 gpu_ns=1520
VKPHASE pipeline=quantize_q8_1_x4 elements=1376256,1,1 gpu_ns=12320
VKPHASE pipeline=quantize_q8_1_x4 elements=262144,1,1 gpu_ns=1520
VKPHASE pipeline=quantize_q8_1_x4 elements=262144,1,1 gpu_ns=1440
VKPHASE pipeline=quantize_q8_1_x4 elements=262144,1,1 gpu_ns=1440
VKPHASE pipeline=quantize_q8_1_x4 elements=1376256,1,1 gpu_ns=12080
VKPHASE pipeline=quantize_q8_1_x4 elements=262144,1,1 gpu_ns=3240
VKPHASE pipeline=quantize_q8_1_x4 elements=262144,1,1 gpu_ns=1440
VKPHASE pipeline=quantize_q8_1_x4 elements=262144,1,1 gpu_ns=3200
VKPHASE pipeline=quantize_q8_1_x4 elements=1376256,1,1 gpu_ns=12160
VKPHASE pipeline=quantize_q8_1_x4 elements=262144,1,1 gpu_ns=1480
VKPHASE pipeline=quantize_q8_1_x4 elements=262144,1,1 gpu_ns=3160
VKPHASE pipeline=quantize_q8_1_x4 elements=262144,1,1 gpu_ns=3200
VKPHASE pipeline=quantize_q8_1_x4 elements=1376256,1,1 gpu_ns=12080
VKPHASE pipeline=quantize_q8_1_x4 elements=262144,1,1 gpu_ns=3160
VKPHASE pipeline=quantize_q8_1_x4 elements=262144,1,1 gpu_ns=3160
VKPHASE pipeline=quantize_q8_1_x4 elements=262144,1,1 gpu_ns=1440
VKPHASE pipeline=quantize_q8_1_x4 elements=1376256,1,1 gpu_ns=12200
VKPHASE pipeline=quantize_q8_1_x4 elements=262144,1,1 gpu_ns=3200
VKPHASE pipeline=quantize_q8_1_x4 elements=262144,1,1 gpu_ns=3160
VKPHASE pipeline=quantize_q8_1_x4 elements=262144,1,1 gpu_ns=3200
VKPHASE pipeline=quantize_q8_1_x4 elements=1376256,1,1 gpu_ns=12200
VKPHASE pipeline=quantize_q8_1_x4 elements=262144,1,1 gpu_ns=3520
VKPHASE pipeline=quantize_q8_1_x4 elements=262144,1,1 gpu_ns=3160
VKPHASE pipeline=quantize_q8_1_x4 elements=262144,1,1 gpu_ns=3200
VKPHASE pipeline=quantize_q8_1_x4 elements=1376256,1,1 gpu_ns=12320
VKPHASE pipeline=quantize_q8_1_x4 elements=262144,1,1 gpu_ns=3240
VKPHASE pipeline=quantize_q8_1_x4 elements=262144,1,1 gpu_ns=1480
VKPHASE pipeline=quantize_q8_1_x4 elements=262144,1,1 gpu_ns=1440
VKPHASE pipeline=quantize_q8_1_x4 elements=1376256,1,1 gpu_ns=11920
VKPHASE pipeline=quantize_q8_1_x4 elements=262144,1,1 gpu_ns=3280
VKPHASE pipeline=quantize_q8_1_x4 elements=262144,1,1 gpu_ns=3200
VKPHASE pipeline=quantize_q8_1_x4 elements=262144,1,1 gpu_ns=3680
VKPHASE pipeline=quantize_q8_1_x4 elements=1376256,1,1 gpu_ns=12160
VKPHASE pipeline=quantize_q8_1_x4 elements=262144,1,1 gpu_ns=1440
VKPHASE pipeline=quantize_q8_1_x4 elements=262144,1,1 gpu_ns=3240
VKPHASE pipeline=quantize_q8_1_x4 elements=262144,1,1 gpu_ns=1480
VKPHASE pipeline=quantize_q8_1_x4 elements=1376256,1,1 gpu_ns=12160
VKPHASE pipeline=quantize_q8_1_x4 elements=262144,1,1 gpu_ns=3200
VKPHASE pipeline=quantize_q8_1_x4 elements=262144,1,1 gpu_ns=1440
VKPHASE pipeline=quantize_q8_1_x4 elements=262144,1,1 gpu_ns=3200
VKPHASE pipeline=quantize_q8_1_x4 elements=1376256,1,1 gpu_ns=12160
VKPHASE pipeline=quantize_q8_1_x4 elements=262144,1,1 gpu_ns=1480
VKPHASE pipeline=quantize_q8_1_x4 elements=262144,1,1 gpu_ns=3200
VKPHASE pipeline=quantize_q8_1_x4 elements=262144,1,1 gpu_ns=3200
VKPHASE pipeline=quantize_q8_1_x4 elements=1376256,1,1 gpu_ns=12120
VKPHASE pipeline=quantize_q8_1_x4 elements=262144,1,1 gpu_ns=1520
VKPHASE pipeline=quantize_q8_1_x4 elements=262144,1,1 gpu_ns=1600
VKPHASE pipeline=quantize_q8_1_x4 elements=262144,1,1 gpu_ns=3160
VKPHASE pipeline=quantize_q8_1_x4 elements=1376256,1,1 gpu_ns=12160
VKPHASE pipeline=quantize_q8_1_x4 elements=262144,1,1 gpu_ns=1440
VKPHASE pipeline=quantize_q8_1_x4 elements=262144,1,1 gpu_ns=1520
VKPHASE pipeline=quantize_q8_1_x4 elements=262144,1,1 gpu_ns=3240
VKPHASE pipeline=quantize_q8_1_x4 elements=1376256,1,1 gpu_ns=12440
VKPHASE pipeline=quantize_q8_1_x4 elements=262144,1,1 gpu_ns=3240
VKPHASE pipeline=quantize_q8_1_x4 elements=262144,1,1 gpu_ns=3400
VKPHASE pipeline=quantize_q8_1_x4 elements=262144,1,1 gpu_ns=1560
VKPHASE pipeline=quantize_q8_1_x4 elements=1376256,1,1 gpu_ns=12200
VKPHASE pipeline=quantize_q8_1_x4 elements=262144,1,1 gpu_ns=3480
VKPHASE pipeline=quantize_q8_1_x4 elements=262144,1,1 gpu_ns=1560
VKPHASE pipeline=quantize_q8_1_x4 elements=262144,1,1 gpu_ns=3160
VKPHASE pipeline=quantize_q8_1_x4 elements=1376256,1,1 gpu_ns=12160
VKPHASE pipeline=quantize_q8_1_x4 elements=262144,1,1 gpu_ns=1520
VKPHASE pipeline=quantize_q8_1_x4 elements=262144,1,1 gpu_ns=3120
VKPHASE pipeline=quantize_q8_1_x4 elements=262144,1,1 gpu_ns=3200
VKPHASE pipeline=quantize_q8_1_x4 elements=1376256,1,1 gpu_ns=12760
VKPHASE pipeline=quantize_q8_1_x4 elements=262144,1,1 gpu_ns=3400
VKPHASE pipeline=quantize_q8_1_x4 elements=262144,1,1 gpu_ns=3240
VKPHASE pipeline=quantize_q8_1_x4 elements=262144,1,1 gpu_ns=3160
VKPHASE pipeline=quantize_q8_1_x4 elements=1376256,1,1 gpu_ns=12520
VKPHASE pipeline=quantize_q8_1_x4 elements=262144,1,1 gpu_ns=3160
VKPHASE pipeline=quantize_q8_1_x4 elements=262144,1,1 gpu_ns=1640
VKPHASE pipeline=quantize_q8_1_x4 elements=262144,1,1 gpu_ns=3200
VKPHASE pipeline=quantize_q8_1_x4 elements=1376256,1,1 gpu_ns=12000
VKPHASE pipeline=quantize_q8_1_x4 elements=262144,1,1 gpu_ns=1480
VKPHASE pipeline=quantize_q8_1_x4 elements=262144,1,1 gpu_ns=1600
VKPHASE pipeline=quantize_q8_1_x4 elements=262144,1,1 gpu_ns=1480
VKPHASE pipeline=quantize_q8_1_x4 elements=1376256,1,1 gpu_ns=12640
VKPHASE pipeline=quantize_q8_1_x4 elements=262144,1,1 gpu_ns=1520
VKPHASE pipeline=quantize_q8_1_x4 elements=262144,1,1 gpu_ns=3160
VKPHASE pipeline=quantize_q8_1_x4 elements=262144,1,1 gpu_ns=3160
VKPHASE pipeline=quantize_q8_1_x4 elements=1376256,1,1 gpu_ns=12200
VKPHASE pipeline=quantize_q8_1_x4 elements=262144,1,1 gpu_ns=3200
VKPHASE pipeline=quantize_q8_1_x4 elements=262144,1,1 gpu_ns=3160
VKPHASE pipeline=quantize_q8_1_x4 elements=262144,1,1 gpu_ns=3160
VKPHASE pipeline=quantize_q8_1_x4 elements=1376256,1,1 gpu_ns=12120
VKPHASE pipeline=quantize_q8_1_x4 elements=262144,1,1 gpu_ns=3120
VKPHASE pipeline=quantize_q8_1_x4 elements=262144,1,1 gpu_ns=3160
VKPHASE pipeline=quantize_q8_1_x4 elements=262144,1,1 gpu_ns=3200
VKPHASE pipeline=quantize_q8_1_x4 elements=1376256,1,1 gpu_ns=12840
VKPHASE pipeline=quantize_q8_1_x4 elements=262144,1,1 gpu_ns=3240
VKPHASE pipeline=quantize_q8_1_x4 elements=262144,1,1 gpu_ns=1520
VKPHASE pipeline=quantize_q8_1_x4 elements=262144,1,1 gpu_ns=3200
VKPHASE pipeline=quantize_q8_1_x4 elements=1376256,1,1 gpu_ns=12120
VKPHASE pipeline=quantize_q8_1_x4 elements=262144,1,1 gpu_ns=3280
VKPHASE pipeline=quantize_q8_1_x4 elements=262144,1,1 gpu_ns=3160
----------------
Vulkan Timings:
ADD: 58 x 10.501 us = 609.08 us
CONCAT: 21 x 32.22 us = 676.64 us
CONCAT, CPY: 1 x 29.4 us = 29.4 us
CPY, SSM_CONV: 22 x 16.992 us = 373.84 us
FLASH_ATTN_EXT dst(64,32,128,1),  q(64,128,32,1),  k(64,3072,8,1),  v(64,3072,8,1),  m(3072,128,1,1), SCALE: 1 x 809.6 us = 809.6 us (3978.79 GFLOPS/s)
FLASH_ATTN_EXT dst(64,32,128,1),  q(64,128,32,1),  k(64,3072,8,1),  v(64,3072,8,1),  m(3072,128,1,1), SCALE, GET_ROWS, GET_ROWS, CPY: 7 x 812.125 us = 5684.88 us (3966.41 GFLOPS/s)
GET_ROWS, GET_ROWS, CPY, MUL_MAT f32 m=64 n=4096 k=64: 1 x 18.96 us = 18.96 us (1755.92 GFLOPS/s)
GLU: 17 x 39.47 us = 671 us
GLU, SCALE, GET_ROWS, GET_ROWS: 12 x 39.346 us = 472.16 us
MUL: 43 x 10.453 us = 449.52 us
MUL, SCALE, GET_ROWS, GET_ROWS: 1 x 12.32 us = 12.32 us
MUL_MAT f32 m=64 n=1024 k=64: 8 x 2.695 us = 21.56 us (3088.34 GFLOPS/s)
MUL_MAT f32 m=64 n=1024 k=64, RMS_NORM_MUL_ROPE RMS_NORM(64,8,128,1): 8 x 32.755 us = 262.04 us (254.101 GFLOPS/s)
MUL_MAT f32 m=64 n=4096 k=64: 15 x 18.528 us = 277.92 us (1796.86 GFLOPS/s)
MUL_MAT q4_0_rocmfp4_fast m=10752 n=128 k=2048, MUL_MAT q4_0_rocmfp4_fast m=10752 n=128 k=2048: 29 x 802.361 us = 23268.5 us (14048 GFLOPS/s)
MUL_MAT q4_0_rocmfp4_fast m=2048 n=128 k=10752: 29 x 568.957 us = 16499.8 us (9907.39 GFLOPS/s)
MUL_MAT q4_0_rocmfp4_fast m=2048 n=128 k=2048: 29 x 97.044 us = 2814.28 us (11061.8 GFLOPS/s)
MUL_MAT q4_0_rocmfp4_fast m=2048 n=128 k=2048, MUL_MAT q4_0_rocmfp4_fast m=512 n=128 k=2048, MUL_MAT q4_0_rocmfp4_fast m=512 n=128 k=2048: 8 x 153.575 us = 1228.6 us (10484.9 GFLOPS/s)
MUL_MAT q4_0_rocmfp4_fast m=6144 n=128 k=2048: 10 x 241.12 us = 2411.2 us (13356.2 GFLOPS/s)
MUL_MAT q4_0_rocmfp4_fast m=6144 n=128 k=2048, CPY: 12 x 240.433 us = 2885.2 us (13394.3 GFLOPS/s)
RMS_NORM_MUL RMS_NORM(2048,128,1,1): 57 x 10.62 us = 605.36 us
RMS_NORM_MUL RMS_NORM(2048,128,1,1), GET_ROWS: 1 x 10.28 us = 10.28 us
RMS_NORM_MUL_ROPE RMS_NORM(64,32,128,1): 8 x 103.05 us = 824.4 us
SCALE, GET_ROWS, GET_ROWS, RMS_NORM_MUL RMS_NORM(2048,128,1,1), CPY: 1 x 14.08 us = 14.08 us
SET_ROWS, SET_ROWS: 8 x 5.41 us = 43.28 us
Total time: 60973.8 us.
VKPHASE pipeline=quantize_q8_1_x4 elements=262144,1,1 gpu_ns=3280
VKPHASE pipeline=quantize_q8_1_x4 elements=262144,1,1 gpu_ns=1600
VKPHASE pipeline=quantize_q8_1_x4 elements=262144,1,1 gpu_ns=3200
VKPHASE pipeline=quantize_q8_1_x4 elements=1376256,1,1 gpu_ns=11920
VKPHASE pipeline=quantize_q8_1_x4 elements=262144,1,1 gpu_ns=3240
VKPHASE pipeline=quantize_q8_1_x4 elements=262144,1,1 gpu_ns=1440
VKPHASE pipeline=quantize_q8_1_x4 elements=262144,1,1 gpu_ns=3160
VKPHASE pipeline=quantize_q8_1_x4 elements=1376256,1,1 gpu_ns=12240
VKPHASE pipeline=quantize_q8_1_x4 elements=262144,1,1 gpu_ns=3240
VKPHASE pipeline=quantize_q8_1_x4 elements=262144,1,1 gpu_ns=3240
VKPHASE pipeline=quantize_q8_1_x4 elements=262144,1,1 gpu_ns=3200
VKPHASE pipeline=quantize_q8_1_x4 elements=1376256,1,1 gpu_ns=12720
VKPHASE pipeline=quantize_q8_1_x4 elements=262144,1,1 gpu_ns=3160
VKPHASE pipeline=quantize_q8_1_x4 elements=262144,1,1 gpu_ns=2000
VKPHASE pipeline=quantize_q8_1_x4 elements=262144,1,1 gpu_ns=1480
VKPHASE pipeline=quantize_q8_1_x4 elements=1376256,1,1 gpu_ns=12840
VKPHASE pipeline=quantize_q8_1_x4 elements=262144,1,1 gpu_ns=3560
VKPHASE pipeline=quantize_q8_1_x4 elements=262144,1,1 gpu_ns=1600
VKPHASE pipeline=quantize_q8_1_x4 elements=262144,1,1 gpu_ns=3160
VKPHASE pipeline=quantize_q8_1_x4 elements=1376256,1,1 gpu_ns=12360
VKPHASE pipeline=quantize_q8_1_x4 elements=262144,1,1 gpu_ns=3200
VKPHASE pipeline=quantize_q8_1_x4 elements=262144,1,1 gpu_ns=3280
VKPHASE pipeline=quantize_q8_1_x4 elements=262144,1,1 gpu_ns=1440
VKPHASE pipeline=quantize_q8_1_x4 elements=1376256,1,1 gpu_ns=12320
VKPHASE pipeline=quantize_q8_1_x4 elements=262144,1,1 gpu_ns=1400
VKPHASE pipeline=quantize_q8_1_x4 elements=262144,1,1 gpu_ns=1480
VKPHASE pipeline=quantize_q8_1_x4 elements=262144,1,1 gpu_ns=1440
VKPHASE pipeline=quantize_q8_1_x4 elements=1376256,1,1 gpu_ns=12080
VKPHASE pipeline=quantize_q8_1_x4 elements=262144,1,1 gpu_ns=1520
VKPHASE pipeline=quantize_q8_1_x4 elements=262144,1,1 gpu_ns=1440
VKPHASE pipeline=quantize_q8_1_x4 elements=262144,1,1 gpu_ns=3120
VKPHASE pipeline=quantize_q8_1_x4 elements=1376256,1,1 gpu_ns=11880
VKPHASE pipeline=quantize_q8_1_x4 elements=262144,1,1 gpu_ns=3200
VKPHASE pipeline=quantize_q8_1_x4 elements=262144,1,1 gpu_ns=3160
VKPHASE pipeline=quantize_q8_1_x4 elements=262144,1,1 gpu_ns=3120
VKPHASE pipeline=quantize_q8_1_x4 elements=1376256,1,1 gpu_ns=12240
VKPHASE pipeline=quantize_q8_1_x4 elements=262144,1,1 gpu_ns=3120
VKPHASE pipeline=quantize_q8_1_x4 elements=262144,1,1 gpu_ns=3280
VKPHASE pipeline=quantize_q8_1_x4 elements=262144,1,1 gpu_ns=3240
VKPHASE pipeline=quantize_q8_1_x4 elements=1376256,1,1 gpu_ns=12040
VKPHASE pipeline=quantize_q8_1_x4 elements=262144,1,1 gpu_ns=3120
VKPHASE pipeline=quantize_q8_1_x4 elements=262144,1,1 gpu_ns=3200
VKPHASE pipeline=quantize_q8_1_x4 elements=262144,1,1 gpu_ns=3160
VKPHASE pipeline=quantize_q8_1_x4 elements=1376256,1,1 gpu_ns=12120
VKPHASE pipeline=quantize_q8_1_x4 elements=262144,1,1 gpu_ns=3200
VKPHASE pipeline=quantize_q8_1_x4 elements=262144,1,1 gpu_ns=1440
VKPHASE pipeline=quantize_q8_1_x4 elements=262144,1,1 gpu_ns=3160
VKPHASE pipeline=quantize_q8_1_x4 elements=1376256,1,1 gpu_ns=12240
VKPHASE pipeline=quantize_q8_1_x4 elements=262144,1,1 gpu_ns=3240
VKPHASE pipeline=quantize_q8_1_x4 elements=262144,1,1 gpu_ns=1480
VKPHASE pipeline=quantize_q8_1_x4 elements=262144,1,1 gpu_ns=3200
VKPHASE pipeline=quantize_q8_1_x4 elements=1376256,1,1 gpu_ns=12000
VKPHASE pipeline=quantize_q8_1_x4 elements=262144,1,1 gpu_ns=3240
VKPHASE pipeline=quantize_q8_1_x4 elements=262144,1,1 gpu_ns=3200
VKPHASE pipeline=quantize_q8_1_x4 elements=262144,1,1 gpu_ns=3200
VKPHASE pipeline=quantize_q8_1_x4 elements=1376256,1,1 gpu_ns=12320
VKPHASE pipeline=quantize_q8_1_x4 elements=262144,1,1 gpu_ns=3160
VKPHASE pipeline=quantize_q8_1_x4 elements=262144,1,1 gpu_ns=1440
VKPHASE pipeline=quantize_q8_1_x4 elements=262144,1,1 gpu_ns=1480
VKPHASE pipeline=quantize_q8_1_x4 elements=1376256,1,1 gpu_ns=12280
VKPHASE pipeline=quantize_q8_1_x4 elements=262144,1,1 gpu_ns=3200
VKPHASE pipeline=quantize_q8_1_x4 elements=262144,1,1 gpu_ns=1440
VKPHASE pipeline=quantize_q8_1_x4 elements=262144,1,1 gpu_ns=1480
VKPHASE pipeline=quantize_q8_1_x4 elements=1376256,1,1 gpu_ns=12000
VKPHASE pipeline=quantize_q8_1_x4 elements=262144,1,1 gpu_ns=1640
VKPHASE pipeline=quantize_q8_1_x4 elements=262144,1,1 gpu_ns=4520
VKPHASE pipeline=quantize_q8_1_x4 elements=262144,1,1 gpu_ns=3240
VKPHASE pipeline=quantize_q8_1_x4 elements=1376256,1,1 gpu_ns=12000
VKPHASE pipeline=quantize_q8_1_x4 elements=262144,1,1 gpu_ns=3200
VKPHASE pipeline=quantize_q8_1_x4 elements=262144,1,1 gpu_ns=3280
VKPHASE pipeline=quantize_q8_1_x4 elements=262144,1,1 gpu_ns=3200
VKPHASE pipeline=quantize_q8_1_x4 elements=1376256,1,1 gpu_ns=12320
VKPHASE pipeline=quantize_q8_1_x4 elements=262144,1,1 gpu_ns=3280
VKPHASE pipeline=quantize_q8_1_x4 elements=262144,1,1 gpu_ns=1440
VKPHASE pipeline=quantize_q8_1_x4 elements=262144,1,1 gpu_ns=3160
VKPHASE pipeline=quantize_q8_1_x4 elements=1376256,1,1 gpu_ns=12160
VKPHASE pipeline=quantize_q8_1_x4 elements=262144,1,1 gpu_ns=3240
VKPHASE pipeline=quantize_q8_1_x4 elements=262144,1,1 gpu_ns=1520
VKPHASE pipeline=quantize_q8_1_x4 elements=262144,1,1 gpu_ns=1560
VKPHASE pipeline=quantize_q8_1_x4 elements=1376256,1,1 gpu_ns=12400
VKPHASE pipeline=quantize_q8_1_x4 elements=262144,1,1 gpu_ns=3280
VKPHASE pipeline=quantize_q8_1_x4 elements=262144,1,1 gpu_ns=1440
VKPHASE pipeline=quantize_q8_1_x4 elements=262144,1,1 gpu_ns=3200
VKPHASE pipeline=quantize_q8_1_x4 elements=1376256,1,1 gpu_ns=12160
VKPHASE pipeline=quantize_q8_1_x4 elements=262144,1,1 gpu_ns=3160
VKPHASE pipeline=quantize_q8_1_x4 elements=262144,1,1 gpu_ns=4080
VKPHASE pipeline=quantize_q8_1_x4 elements=262144,1,1 gpu_ns=3200
VKPHASE pipeline=quantize_q8_1_x4 elements=1376256,1,1 gpu_ns=12000
VKPHASE pipeline=quantize_q8_1_x4 elements=262144,1,1 gpu_ns=3240
VKPHASE pipeline=quantize_q8_1_x4 elements=262144,1,1 gpu_ns=1480
VKPHASE pipeline=quantize_q8_1_x4 elements=262144,1,1 gpu_ns=3160
VKPHASE pipeline=quantize_q8_1_x4 elements=1376256,1,1 gpu_ns=12080
VKPHASE pipeline=quantize_q8_1_x4 elements=262144,1,1 gpu_ns=1600
VKPHASE pipeline=quantize_q8_1_x4 elements=262144,1,1 gpu_ns=1480
VKPHASE pipeline=quantize_q8_1_x4 elements=262144,1,1 gpu_ns=1440
VKPHASE pipeline=quantize_q8_1_x4 elements=1376256,1,1 gpu_ns=11920
VKPHASE pipeline=quantize_q8_1_x4 elements=262144,1,1 gpu_ns=3240
VKPHASE pipeline=quantize_q8_1_x4 elements=262144,1,1 gpu_ns=3320
VKPHASE pipeline=quantize_q8_1_x4 elements=262144,1,1 gpu_ns=3240
VKPHASE pipeline=quantize_q8_1_x4 elements=1376256,1,1 gpu_ns=12680
VKPHASE pipeline=quantize_q8_1_x4 elements=262144,1,1 gpu_ns=1520
VKPHASE pipeline=quantize_q8_1_x4 elements=262144,1,1 gpu_ns=3160
VKPHASE pipeline=quantize_q8_1_x4 elements=262144,1,1 gpu_ns=3200
VKPHASE pipeline=quantize_q8_1_x4 elements=1376256,1,1 gpu_ns=12160
VKPHASE pipeline=quantize_q8_1_x4 elements=262144,1,1 gpu_ns=1520
VKPHASE pipeline=quantize_q8_1_x4 elements=262144,1,1 gpu_ns=1480
VKPHASE pipeline=quantize_q8_1_x4 elements=262144,1,1 gpu_ns=3160
VKPHASE pipeline=quantize_q8_1_x4 elements=1376256,1,1 gpu_ns=12040
VKPHASE pipeline=quantize_q8_1_x4 elements=262144,1,1 gpu_ns=4640
VKPHASE pipeline=quantize_q8_1_x4 elements=262144,1,1 gpu_ns=3040
VKPHASE pipeline=quantize_q8_1_x4 elements=262144,1,1 gpu_ns=10880
VKPHASE pipeline=quantize_q8_1_x4 elements=1376256,1,1 gpu_ns=12680
VKPHASE pipeline=quantize_q8_1_x4 elements=262144,1,1 gpu_ns=3200
VKPHASE pipeline=quantize_q8_1_x4 elements=262144,1,1 gpu_ns=3200
VKPHASE pipeline=quantize_q8_1_x4 elements=262144,1,1 gpu_ns=3200
VKPHASE pipeline=quantize_q8_1_x4 elements=1376256,1,1 gpu_ns=12080
VKPHASE pipeline=quantize_q8_1_x4 elements=262144,1,1 gpu_ns=3200
VKPHASE pipeline=quantize_q8_1_x4 elements=262144,1,1 gpu_ns=3160
----------------
Vulkan Timings:
ADD: 58 x 10.37 us = 601.48 us
CONCAT: 21 x 31.7 us = 665.72 us
CONCAT, CPY: 1 x 30.24 us = 30.24 us
CPY, SSM_CONV: 22 x 17.009 us = 374.2 us
FLASH_ATTN_EXT dst(64,32,128,1),  q(64,128,32,1),  k(64,3328,8,1),  v(64,3328,8,1),  m(3328,128,1,1), SCALE: 1 x 835.64 us = 835.64 us (4176.03 GFLOPS/s)
FLASH_ATTN_EXT dst(64,32,128,1),  q(64,128,32,1),  k(64,3328,8,1),  v(64,3328,8,1),  m(3328,128,1,1), SCALE, GET_ROWS, GET_ROWS, CPY: 7 x 838.091 us = 5866.64 us (4163.82 GFLOPS/s)
GET_ROWS, GET_ROWS, CPY, MUL_MAT f32 m=64 n=4096 k=64: 1 x 17.52 us = 17.52 us (1900.24 GFLOPS/s)
GLU: 17 x 37.244 us = 633.16 us
GLU, SCALE, GET_ROWS, GET_ROWS: 12 x 41.786 us = 501.44 us
MUL: 43 x 10.442 us = 449.04 us
MUL, SCALE, GET_ROWS, GET_ROWS: 1 x 12.12 us = 12.12 us
MUL_MAT f32 m=64 n=1024 k=64: 8 x 2.32 us = 18.56 us (3587.53 GFLOPS/s)
MUL_MAT f32 m=64 n=1024 k=64, RMS_NORM_MUL_ROPE RMS_NORM(64,8,128,1): 8 x 34.81 us = 278.48 us (239.1 GFLOPS/s)
MUL_MAT f32 m=64 n=4096 k=64: 15 x 19.082 us = 286.24 us (1744.63 GFLOPS/s)
MUL_MAT q4_0_rocmfp4_fast m=10752 n=128 k=2048, MUL_MAT q4_0_rocmfp4_fast m=10752 n=128 k=2048: 29 x 805.806 us = 23368.4 us (13987.9 GFLOPS/s)
MUL_MAT q4_0_rocmfp4_fast m=2048 n=128 k=10752: 29 x 570.093 us = 16532.7 us (9887.64 GFLOPS/s)
MUL_MAT q4_0_rocmfp4_fast m=2048 n=128 k=2048: 29 x 98.827 us = 2866 us (10862.1 GFLOPS/s)
MUL_MAT q4_0_rocmfp4_fast m=2048 n=128 k=2048, MUL_MAT q4_0_rocmfp4_fast m=512 n=128 k=2048, MUL_MAT q4_0_rocmfp4_fast m=512 n=128 k=2048: 8 x 158.445 us = 1267.56 us (10162.6 GFLOPS/s)
MUL_MAT q4_0_rocmfp4_fast m=6144 n=128 k=2048: 10 x 240.308 us = 2403.08 us (13401.3 GFLOPS/s)
MUL_MAT q4_0_rocmfp4_fast m=6144 n=128 k=2048, CPY: 12 x 240.9 us = 2890.8 us (13368.4 GFLOPS/s)
RMS_NORM_MUL RMS_NORM(2048,128,1,1): 57 x 10.355 us = 590.24 us
RMS_NORM_MUL RMS_NORM(2048,128,1,1), GET_ROWS: 1 x 10.16 us = 10.16 us
RMS_NORM_MUL_ROPE RMS_NORM(64,32,128,1): 8 x 106.755 us = 854.04 us
SCALE, GET_ROWS, GET_ROWS, RMS_NORM_MUL RMS_NORM(2048,128,1,1), CPY: 1 x 13.36 us = 13.36 us
SET_ROWS, SET_ROWS: 8 x 5.52 us = 44.16 us
Total time: 61411 us.
VKPHASE pipeline=quantize_q8_1_x4 elements=262144,1,1 gpu_ns=1600
VKPHASE pipeline=quantize_q8_1_x4 elements=262144,1,1 gpu_ns=3200
VKPHASE pipeline=quantize_q8_1_x4 elements=262144,1,1 gpu_ns=3320
VKPHASE pipeline=quantize_q8_1_x4 elements=1376256,1,1 gpu_ns=11960
VKPHASE pipeline=quantize_q8_1_x4 elements=262144,1,1 gpu_ns=1520
VKPHASE pipeline=quantize_q8_1_x4 elements=262144,1,1 gpu_ns=1480
VKPHASE pipeline=quantize_q8_1_x4 elements=262144,1,1 gpu_ns=3280
VKPHASE pipeline=quantize_q8_1_x4 elements=1376256,1,1 gpu_ns=12400
VKPHASE pipeline=quantize_q8_1_x4 elements=262144,1,1 gpu_ns=3200
VKPHASE pipeline=quantize_q8_1_x4 elements=262144,1,1 gpu_ns=3280
VKPHASE pipeline=quantize_q8_1_x4 elements=262144,1,1 gpu_ns=3240
VKPHASE pipeline=quantize_q8_1_x4 elements=1376256,1,1 gpu_ns=13200
VKPHASE pipeline=quantize_q8_1_x4 elements=262144,1,1 gpu_ns=3200
VKPHASE pipeline=quantize_q8_1_x4 elements=262144,1,1 gpu_ns=1440
VKPHASE pipeline=quantize_q8_1_x4 elements=262144,1,1 gpu_ns=1440
VKPHASE pipeline=quantize_q8_1_x4 elements=1376256,1,1 gpu_ns=12760
VKPHASE pipeline=quantize_q8_1_x4 elements=262144,1,1 gpu_ns=3200
VKPHASE pipeline=quantize_q8_1_x4 elements=262144,1,1 gpu_ns=1480
VKPHASE pipeline=quantize_q8_1_x4 elements=262144,1,1 gpu_ns=1480
VKPHASE pipeline=quantize_q8_1_x4 elements=1376256,1,1 gpu_ns=12120
VKPHASE pipeline=quantize_q8_1_x4 elements=262144,1,1 gpu_ns=1520
VKPHASE pipeline=quantize_q8_1_x4 elements=262144,1,1 gpu_ns=3240
VKPHASE pipeline=quantize_q8_1_x4 elements=262144,1,1 gpu_ns=1480
VKPHASE pipeline=quantize_q8_1_x4 elements=1376256,1,1 gpu_ns=12160
VKPHASE pipeline=quantize_q8_1_x4 elements=262144,1,1 gpu_ns=1480
VKPHASE pipeline=quantize_q8_1_x4 elements=262144,1,1 gpu_ns=1440
VKPHASE pipeline=quantize_q8_1_x4 elements=262144,1,1 gpu_ns=1440
VKPHASE pipeline=quantize_q8_1_x4 elements=1376256,1,1 gpu_ns=12080
VKPHASE pipeline=quantize_q8_1_x4 elements=262144,1,1 gpu_ns=3200
VKPHASE pipeline=quantize_q8_1_x4 elements=262144,1,1 gpu_ns=1480
VKPHASE pipeline=quantize_q8_1_x4 elements=262144,1,1 gpu_ns=3200
VKPHASE pipeline=quantize_q8_1_x4 elements=1376256,1,1 gpu_ns=12120
VKPHASE pipeline=quantize_q8_1_x4 elements=262144,1,1 gpu_ns=3240
VKPHASE pipeline=quantize_q8_1_x4 elements=262144,1,1 gpu_ns=3160
VKPHASE pipeline=quantize_q8_1_x4 elements=262144,1,1 gpu_ns=3160
VKPHASE pipeline=quantize_q8_1_x4 elements=1376256,1,1 gpu_ns=12000
VKPHASE pipeline=quantize_q8_1_x4 elements=262144,1,1 gpu_ns=3160
VKPHASE pipeline=quantize_q8_1_x4 elements=262144,1,1 gpu_ns=3120
VKPHASE pipeline=quantize_q8_1_x4 elements=262144,1,1 gpu_ns=3160
VKPHASE pipeline=quantize_q8_1_x4 elements=1376256,1,1 gpu_ns=12400
VKPHASE pipeline=quantize_q8_1_x4 elements=262144,1,1 gpu_ns=3200
VKPHASE pipeline=quantize_q8_1_x4 elements=262144,1,1 gpu_ns=1480
VKPHASE pipeline=quantize_q8_1_x4 elements=262144,1,1 gpu_ns=3240
VKPHASE pipeline=quantize_q8_1_x4 elements=1376256,1,1 gpu_ns=12800
VKPHASE pipeline=quantize_q8_1_x4 elements=262144,1,1 gpu_ns=3280
VKPHASE pipeline=quantize_q8_1_x4 elements=262144,1,1 gpu_ns=1480
VKPHASE pipeline=quantize_q8_1_x4 elements=262144,1,1 gpu_ns=3120
VKPHASE pipeline=quantize_q8_1_x4 elements=1376256,1,1 gpu_ns=12080
VKPHASE pipeline=quantize_q8_1_x4 elements=262144,1,1 gpu_ns=3200
VKPHASE pipeline=quantize_q8_1_x4 elements=262144,1,1 gpu_ns=1440
VKPHASE pipeline=quantize_q8_1_x4 elements=262144,1,1 gpu_ns=3160
VKPHASE pipeline=quantize_q8_1_x4 elements=1376256,1,1 gpu_ns=12280
VKPHASE pipeline=quantize_q8_1_x4 elements=262144,1,1 gpu_ns=3240
VKPHASE pipeline=quantize_q8_1_x4 elements=262144,1,1 gpu_ns=3280
VKPHASE pipeline=quantize_q8_1_x4 elements=262144,1,1 gpu_ns=3200
VKPHASE pipeline=quantize_q8_1_x4 elements=1376256,1,1 gpu_ns=12040
VKPHASE pipeline=quantize_q8_1_x4 elements=262144,1,1 gpu_ns=1520
VKPHASE pipeline=quantize_q8_1_x4 elements=262144,1,1 gpu_ns=1480
VKPHASE pipeline=quantize_q8_1_x4 elements=262144,1,1 gpu_ns=1600
VKPHASE pipeline=quantize_q8_1_x4 elements=1376256,1,1 gpu_ns=12200
VKPHASE pipeline=quantize_q8_1_x4 elements=262144,1,1 gpu_ns=1720
VKPHASE pipeline=quantize_q8_1_x4 elements=262144,1,1 gpu_ns=1440
VKPHASE pipeline=quantize_q8_1_x4 elements=262144,1,1 gpu_ns=1480
VKPHASE pipeline=quantize_q8_1_x4 elements=1376256,1,1 gpu_ns=11960
VKPHASE pipeline=quantize_q8_1_x4 elements=262144,1,1 gpu_ns=1560
VKPHASE pipeline=quantize_q8_1_x4 elements=262144,1,1 gpu_ns=3160
VKPHASE pipeline=quantize_q8_1_x4 elements=262144,1,1 gpu_ns=3160
VKPHASE pipeline=quantize_q8_1_x4 elements=1376256,1,1 gpu_ns=11920
VKPHASE pipeline=quantize_q8_1_x4 elements=262144,1,1 gpu_ns=3200
VKPHASE pipeline=quantize_q8_1_x4 elements=262144,1,1 gpu_ns=3400
VKPHASE pipeline=quantize_q8_1_x4 elements=262144,1,1 gpu_ns=3160
VKPHASE pipeline=quantize_q8_1_x4 elements=1376256,1,1 gpu_ns=12080
VKPHASE pipeline=quantize_q8_1_x4 elements=262144,1,1 gpu_ns=3280
VKPHASE pipeline=quantize_q8_1_x4 elements=262144,1,1 gpu_ns=3560
VKPHASE pipeline=quantize_q8_1_x4 elements=262144,1,1 gpu_ns=3240
VKPHASE pipeline=quantize_q8_1_x4 elements=1376256,1,1 gpu_ns=12600
VKPHASE pipeline=quantize_q8_1_x4 elements=262144,1,1 gpu_ns=3200
VKPHASE pipeline=quantize_q8_1_x4 elements=262144,1,1 gpu_ns=1520
VKPHASE pipeline=quantize_q8_1_x4 elements=262144,1,1 gpu_ns=3200
VKPHASE pipeline=quantize_q8_1_x4 elements=1376256,1,1 gpu_ns=12000
VKPHASE pipeline=quantize_q8_1_x4 elements=262144,1,1 gpu_ns=3280
VKPHASE pipeline=quantize_q8_1_x4 elements=262144,1,1 gpu_ns=1440
VKPHASE pipeline=quantize_q8_1_x4 elements=262144,1,1 gpu_ns=3200
VKPHASE pipeline=quantize_q8_1_x4 elements=1376256,1,1 gpu_ns=12320
VKPHASE pipeline=quantize_q8_1_x4 elements=262144,1,1 gpu_ns=3240
VKPHASE pipeline=quantize_q8_1_x4 elements=262144,1,1 gpu_ns=3240
VKPHASE pipeline=quantize_q8_1_x4 elements=262144,1,1 gpu_ns=3160
VKPHASE pipeline=quantize_q8_1_x4 elements=1376256,1,1 gpu_ns=12040
VKPHASE pipeline=quantize_q8_1_x4 elements=262144,1,1 gpu_ns=3160
VKPHASE pipeline=quantize_q8_1_x4 elements=262144,1,1 gpu_ns=3240
VKPHASE pipeline=quantize_q8_1_x4 elements=262144,1,1 gpu_ns=3200
VKPHASE pipeline=quantize_q8_1_x4 elements=1376256,1,1 gpu_ns=12160
VKPHASE pipeline=quantize_q8_1_x4 elements=262144,1,1 gpu_ns=1480
VKPHASE pipeline=quantize_q8_1_x4 elements=262144,1,1 gpu_ns=1400
VKPHASE pipeline=quantize_q8_1_x4 elements=262144,1,1 gpu_ns=3160
VKPHASE pipeline=quantize_q8_1_x4 elements=1376256,1,1 gpu_ns=12080
VKPHASE pipeline=quantize_q8_1_x4 elements=262144,1,1 gpu_ns=1440
VKPHASE pipeline=quantize_q8_1_x4 elements=262144,1,1 gpu_ns=3400
VKPHASE pipeline=quantize_q8_1_x4 elements=262144,1,1 gpu_ns=3360
VKPHASE pipeline=quantize_q8_1_x4 elements=1376256,1,1 gpu_ns=12720
VKPHASE pipeline=quantize_q8_1_x4 elements=262144,1,1 gpu_ns=1400
VKPHASE pipeline=quantize_q8_1_x4 elements=262144,1,1 gpu_ns=1440
VKPHASE pipeline=quantize_q8_1_x4 elements=262144,1,1 gpu_ns=3120
VKPHASE pipeline=quantize_q8_1_x4 elements=1376256,1,1 gpu_ns=12200
VKPHASE pipeline=quantize_q8_1_x4 elements=262144,1,1 gpu_ns=3400
VKPHASE pipeline=quantize_q8_1_x4 elements=262144,1,1 gpu_ns=1480
VKPHASE pipeline=quantize_q8_1_x4 elements=262144,1,1 gpu_ns=3160
VKPHASE pipeline=quantize_q8_1_x4 elements=1376256,1,1 gpu_ns=12760
VKPHASE pipeline=quantize_q8_1_x4 elements=262144,1,1 gpu_ns=3160
VKPHASE pipeline=quantize_q8_1_x4 elements=262144,1,1 gpu_ns=3200
VKPHASE pipeline=quantize_q8_1_x4 elements=262144,1,1 gpu_ns=3400
VKPHASE pipeline=quantize_q8_1_x4 elements=1376256,1,1 gpu_ns=12200
VKPHASE pipeline=quantize_q8_1_x4 elements=262144,1,1 gpu_ns=3560
VKPHASE pipeline=quantize_q8_1_x4 elements=262144,1,1 gpu_ns=4280
VKPHASE pipeline=quantize_q8_1_x4 elements=262144,1,1 gpu_ns=3200
VKPHASE pipeline=quantize_q8_1_x4 elements=1376256,1,1 gpu_ns=11960
VKPHASE pipeline=quantize_q8_1_x4 elements=262144,1,1 gpu_ns=3200
VKPHASE pipeline=quantize_q8_1_x4 elements=262144,1,1 gpu_ns=3160
----------------
Vulkan Timings:
ADD: 58 x 10.018 us = 581.08 us
CONCAT: 21 x 31.954 us = 671.04 us
CONCAT, CPY: 1 x 30.52 us = 30.52 us
CPY, SSM_CONV: 22 x 17.061 us = 375.36 us
FLASH_ATTN_EXT dst(64,32,128,1),  q(64,128,32,1),  k(64,3328,8,1),  v(64,3328,8,1),  m(3328,128,1,1), SCALE: 1 x 867.28 us = 867.28 us (4023.68 GFLOPS/s)
FLASH_ATTN_EXT dst(64,32,128,1),  q(64,128,32,1),  k(64,3328,8,1),  v(64,3328,8,1),  m(3328,128,1,1), SCALE, GET_ROWS, GET_ROWS, CPY: 7 x 868.302 us = 6078.12 us (4018.94 GFLOPS/s)
GET_ROWS, GET_ROWS, CPY, MUL_MAT f32 m=64 n=4096 k=64: 1 x 17.36 us = 17.36 us (1917.76 GFLOPS/s)
GLU: 17 x 38.912 us = 661.52 us
GLU, SCALE, GET_ROWS, GET_ROWS: 12 x 44.75 us = 537 us
MUL: 43 x 10.499 us = 451.48 us
MUL, SCALE, GET_ROWS, GET_ROWS: 1 x 12.32 us = 12.32 us
MUL_MAT f32 m=64 n=1024 k=64: 8 x 2.99 us = 23.92 us (2783.64 GFLOPS/s)
MUL_MAT f32 m=64 n=1024 k=64, RMS_NORM_MUL_ROPE RMS_NORM(64,8,128,1): 8 x 32.135 us = 257.08 us (259.003 GFLOPS/s)
MUL_MAT f32 m=64 n=4096 k=64: 15 x 16.634 us = 249.52 us (2001.38 GFLOPS/s)
MUL_MAT q4_0_rocmfp4_fast m=10752 n=128 k=2048, MUL_MAT q4_0_rocmfp4_fast m=10752 n=128 k=2048: 29 x 802.104 us = 23261 us (14052.4 GFLOPS/s)
MUL_MAT q4_0_rocmfp4_fast m=2048 n=128 k=10752: 29 x 567.566 us = 16459.4 us (9931.66 GFLOPS/s)
MUL_MAT q4_0_rocmfp4_fast m=2048 n=128 k=2048: 29 x 99.646 us = 2889.76 us (10772.8 GFLOPS/s)
MUL_MAT q4_0_rocmfp4_fast m=2048 n=128 k=2048, MUL_MAT q4_0_rocmfp4_fast m=512 n=128 k=2048, MUL_MAT q4_0_rocmfp4_fast m=512 n=128 k=2048: 8 x 150.325 us = 1202.6 us (10711.6 GFLOPS/s)
MUL_MAT q4_0_rocmfp4_fast m=6144 n=128 k=2048: 10 x 242.364 us = 2423.64 us (13287.6 GFLOPS/s)
MUL_MAT q4_0_rocmfp4_fast m=6144 n=128 k=2048, CPY: 12 x 244.26 us = 2931.12 us (13184.5 GFLOPS/s)
RMS_NORM_MUL RMS_NORM(2048,128,1,1): 57 x 10.331 us = 588.88 us
RMS_NORM_MUL RMS_NORM(2048,128,1,1), GET_ROWS: 1 x 10.2 us = 10.2 us
RMS_NORM_MUL_ROPE RMS_NORM(64,32,128,1): 8 x 102.655 us = 821.24 us
SCALE, GET_ROWS, GET_ROWS, RMS_NORM_MUL RMS_NORM(2048,128,1,1), CPY: 1 x 14.52 us = 14.52 us
SET_ROWS, SET_ROWS: 8 x 5.485 us = 43.88 us
Total time: 61459.9 us.
VKPHASE pipeline=quantize_q8_1_x4 elements=262144,1,1 gpu_ns=3400
VKPHASE pipeline=quantize_q8_1_x4 elements=262144,1,1 gpu_ns=3360
VKPHASE pipeline=quantize_q8_1_x4 elements=262144,1,1 gpu_ns=3200
VKPHASE pipeline=quantize_q8_1_x4 elements=1376256,1,1 gpu_ns=12120
VKPHASE pipeline=quantize_q8_1_x4 elements=262144,1,1 gpu_ns=3240
VKPHASE pipeline=quantize_q8_1_x4 elements=262144,1,1 gpu_ns=3160
VKPHASE pipeline=quantize_q8_1_x4 elements=262144,1,1 gpu_ns=3200
VKPHASE pipeline=quantize_q8_1_x4 elements=1376256,1,1 gpu_ns=12120
VKPHASE pipeline=quantize_q8_1_x4 elements=262144,1,1 gpu_ns=3200
VKPHASE pipeline=quantize_q8_1_x4 elements=262144,1,1 gpu_ns=3240
VKPHASE pipeline=quantize_q8_1_x4 elements=262144,1,1 gpu_ns=3560
VKPHASE pipeline=quantize_q8_1_x4 elements=1376256,1,1 gpu_ns=13040
VKPHASE pipeline=quantize_q8_1_x4 elements=262144,1,1 gpu_ns=3160
VKPHASE pipeline=quantize_q8_1_x4 elements=262144,1,1 gpu_ns=1480
VKPHASE pipeline=quantize_q8_1_x4 elements=262144,1,1 gpu_ns=3240
VKPHASE pipeline=quantize_q8_1_x4 elements=1376256,1,1 gpu_ns=12840
VKPHASE pipeline=quantize_q8_1_x4 elements=262144,1,1 gpu_ns=3280
VKPHASE pipeline=quantize_q8_1_x4 elements=262144,1,1 gpu_ns=1520
VKPHASE pipeline=quantize_q8_1_x4 elements=262144,1,1 gpu_ns=3880
VKPHASE pipeline=quantize_q8_1_x4 elements=1376256,1,1 gpu_ns=12240
VKPHASE pipeline=quantize_q8_1_x4 elements=262144,1,1 gpu_ns=3240
VKPHASE pipeline=quantize_q8_1_x4 elements=262144,1,1 gpu_ns=1600
VKPHASE pipeline=quantize_q8_1_x4 elements=262144,1,1 gpu_ns=3200
VKPHASE pipeline=quantize_q8_1_x4 elements=1376256,1,1 gpu_ns=12200
VKPHASE pipeline=quantize_q8_1_x4 elements=262144,1,1 gpu_ns=1600
VKPHASE pipeline=quantize_q8_1_x4 elements=262144,1,1 gpu_ns=1480
VKPHASE pipeline=quantize_q8_1_x4 elements=262144,1,1 gpu_ns=1440
VKPHASE pipeline=quantize_q8_1_x4 elements=1376256,1,1 gpu_ns=12080
VKPHASE pipeline=quantize_q8_1_x4 elements=262144,1,1 gpu_ns=3200
VKPHASE pipeline=quantize_q8_1_x4 elements=262144,1,1 gpu_ns=1480
VKPHASE pipeline=quantize_q8_1_x4 elements=262144,1,1 gpu_ns=3200
VKPHASE pipeline=quantize_q8_1_x4 elements=1376256,1,1 gpu_ns=12000
VKPHASE pipeline=quantize_q8_1_x4 elements=262144,1,1 gpu_ns=3200
VKPHASE pipeline=quantize_q8_1_x4 elements=262144,1,1 gpu_ns=3160
VKPHASE pipeline=quantize_q8_1_x4 elements=262144,1,1 gpu_ns=3200
VKPHASE pipeline=quantize_q8_1_x4 elements=1376256,1,1 gpu_ns=11960
VKPHASE pipeline=quantize_q8_1_x4 elements=262144,1,1 gpu_ns=3160
VKPHASE pipeline=quantize_q8_1_x4 elements=262144,1,1 gpu_ns=3240
VKPHASE pipeline=quantize_q8_1_x4 elements=262144,1,1 gpu_ns=3120
VKPHASE pipeline=quantize_q8_1_x4 elements=1376256,1,1 gpu_ns=12240
VKPHASE pipeline=quantize_q8_1_x4 elements=262144,1,1 gpu_ns=3280
VKPHASE pipeline=quantize_q8_1_x4 elements=262144,1,1 gpu_ns=3160
VKPHASE pipeline=quantize_q8_1_x4 elements=262144,1,1 gpu_ns=3200
VKPHASE pipeline=quantize_q8_1_x4 elements=1376256,1,1 gpu_ns=12680
VKPHASE pipeline=quantize_q8_1_x4 elements=262144,1,1 gpu_ns=3240
VKPHASE pipeline=quantize_q8_1_x4 elements=262144,1,1 gpu_ns=3160
VKPHASE pipeline=quantize_q8_1_x4 elements=262144,1,1 gpu_ns=3160
VKPHASE pipeline=quantize_q8_1_x4 elements=1376256,1,1 gpu_ns=12280
VKPHASE pipeline=quantize_q8_1_x4 elements=262144,1,1 gpu_ns=1600
VKPHASE pipeline=quantize_q8_1_x4 elements=262144,1,1 gpu_ns=1440
VKPHASE pipeline=quantize_q8_1_x4 elements=262144,1,1 gpu_ns=3200
VKPHASE pipeline=quantize_q8_1_x4 elements=1376256,1,1 gpu_ns=12520
VKPHASE pipeline=quantize_q8_1_x4 elements=262144,1,1 gpu_ns=3240
VKPHASE pipeline=quantize_q8_1_x4 elements=262144,1,1 gpu_ns=3280
VKPHASE pipeline=quantize_q8_1_x4 elements=262144,1,1 gpu_ns=3160
VKPHASE pipeline=quantize_q8_1_x4 elements=1376256,1,1 gpu_ns=12240
VKPHASE pipeline=quantize_q8_1_x4 elements=262144,1,1 gpu_ns=1480
VKPHASE pipeline=quantize_q8_1_x4 elements=262144,1,1 gpu_ns=1520
VKPHASE pipeline=quantize_q8_1_x4 elements=262144,1,1 gpu_ns=1480
VKPHASE pipeline=quantize_q8_1_x4 elements=1376256,1,1 gpu_ns=12160
VKPHASE pipeline=quantize_q8_1_x4 elements=262144,1,1 gpu_ns=1520
VKPHASE pipeline=quantize_q8_1_x4 elements=262144,1,1 gpu_ns=1440
VKPHASE pipeline=quantize_q8_1_x4 elements=262144,1,1 gpu_ns=3240
VKPHASE pipeline=quantize_q8_1_x4 elements=1376256,1,1 gpu_ns=12000
VKPHASE pipeline=quantize_q8_1_x4 elements=262144,1,1 gpu_ns=1600
VKPHASE pipeline=quantize_q8_1_x4 elements=262144,1,1 gpu_ns=3160
VKPHASE pipeline=quantize_q8_1_x4 elements=262144,1,1 gpu_ns=3240
VKPHASE pipeline=quantize_q8_1_x4 elements=1376256,1,1 gpu_ns=12160
VKPHASE pipeline=quantize_q8_1_x4 elements=262144,1,1 gpu_ns=3160
VKPHASE pipeline=quantize_q8_1_x4 elements=262144,1,1 gpu_ns=3280
VKPHASE pipeline=quantize_q8_1_x4 elements=262144,1,1 gpu_ns=3240
VKPHASE pipeline=quantize_q8_1_x4 elements=1376256,1,1 gpu_ns=12480
VKPHASE pipeline=quantize_q8_1_x4 elements=262144,1,1 gpu_ns=3200
VKPHASE pipeline=quantize_q8_1_x4 elements=262144,1,1 gpu_ns=3160
VKPHASE pipeline=quantize_q8_1_x4 elements=262144,1,1 gpu_ns=1520
VKPHASE pipeline=quantize_q8_1_x4 elements=1376256,1,1 gpu_ns=12640
VKPHASE pipeline=quantize_q8_1_x4 elements=262144,1,1 gpu_ns=3160
VKPHASE pipeline=quantize_q8_1_x4 elements=262144,1,1 gpu_ns=3160
VKPHASE pipeline=quantize_q8_1_x4 elements=262144,1,1 gpu_ns=3200
VKPHASE pipeline=quantize_q8_1_x4 elements=1376256,1,1 gpu_ns=12120
VKPHASE pipeline=quantize_q8_1_x4 elements=262144,1,1 gpu_ns=1600
VKPHASE pipeline=quantize_q8_1_x4 elements=262144,1,1 gpu_ns=3640
VKPHASE pipeline=quantize_q8_1_x4 elements=262144,1,1 gpu_ns=3160
VKPHASE pipeline=quantize_q8_1_x4 elements=1376256,1,1 gpu_ns=12120
VKPHASE pipeline=quantize_q8_1_x4 elements=262144,1,1 gpu_ns=3200
VKPHASE pipeline=quantize_q8_1_x4 elements=262144,1,1 gpu_ns=4360
VKPHASE pipeline=quantize_q8_1_x4 elements=262144,1,1 gpu_ns=3200
VKPHASE pipeline=quantize_q8_1_x4 elements=1376256,1,1 gpu_ns=12120
VKPHASE pipeline=quantize_q8_1_x4 elements=262144,1,1 gpu_ns=3160
VKPHASE pipeline=quantize_q8_1_x4 elements=262144,1,1 gpu_ns=3280
VKPHASE pipeline=quantize_q8_1_x4 elements=262144,1,1 gpu_ns=3240
VKPHASE pipeline=quantize_q8_1_x4 elements=1376256,1,1 gpu_ns=12040
VKPHASE pipeline=quantize_q8_1_x4 elements=262144,1,1 gpu_ns=1560
VKPHASE pipeline=quantize_q8_1_x4 elements=262144,1,1 gpu_ns=1480
VKPHASE pipeline=quantize_q8_1_x4 elements=262144,1,1 gpu_ns=1480
VKPHASE pipeline=quantize_q8_1_x4 elements=1376256,1,1 gpu_ns=11720
VKPHASE pipeline=quantize_q8_1_x4 elements=262144,1,1 gpu_ns=1520
VKPHASE pipeline=quantize_q8_1_x4 elements=262144,1,1 gpu_ns=3280
VKPHASE pipeline=quantize_q8_1_x4 elements=262144,1,1 gpu_ns=1440
VKPHASE pipeline=quantize_q8_1_x4 elements=1376256,1,1 gpu_ns=12520
VKPHASE pipeline=quantize_q8_1_x4 elements=262144,1,1 gpu_ns=1440
VKPHASE pipeline=quantize_q8_1_x4 elements=262144,1,1 gpu_ns=3160
VKPHASE pipeline=quantize_q8_1_x4 elements=262144,1,1 gpu_ns=3200
VKPHASE pipeline=quantize_q8_1_x4 elements=1376256,1,1 gpu_ns=12080
VKPHASE pipeline=quantize_q8_1_x4 elements=262144,1,1 gpu_ns=3200
VKPHASE pipeline=quantize_q8_1_x4 elements=262144,1,1 gpu_ns=3240
VKPHASE pipeline=quantize_q8_1_x4 elements=262144,1,1 gpu_ns=3160
VKPHASE pipeline=quantize_q8_1_x4 elements=1376256,1,1 gpu_ns=12600
VKPHASE pipeline=quantize_q8_1_x4 elements=262144,1,1 gpu_ns=3160
VKPHASE pipeline=quantize_q8_1_x4 elements=262144,1,1 gpu_ns=3200
VKPHASE pipeline=quantize_q8_1_x4 elements=262144,1,1 gpu_ns=3160
VKPHASE pipeline=quantize_q8_1_x4 elements=1376256,1,1 gpu_ns=11840
VKPHASE pipeline=quantize_q8_1_x4 elements=262144,1,1 gpu_ns=3200
VKPHASE pipeline=quantize_q8_1_x4 elements=262144,1,1 gpu_ns=3160
VKPHASE pipeline=quantize_q8_1_x4 elements=262144,1,1 gpu_ns=3240
VKPHASE pipeline=quantize_q8_1_x4 elements=1376256,1,1 gpu_ns=12160
VKPHASE pipeline=quantize_q8_1_x4 elements=262144,1,1 gpu_ns=3280
VKPHASE pipeline=quantize_q8_1_x4 elements=262144,1,1 gpu_ns=3120
----------------
Vulkan Timings:
ADD: 58 x 10.67 us = 618.88 us
CONCAT: 21 x 30.815 us = 647.12 us
CONCAT, CPY: 1 x 30.56 us = 30.56 us
CPY, SSM_CONV: 22 x 18.116 us = 398.56 us
FLASH_ATTN_EXT dst(64,32,128,1),  q(64,128,32,1),  k(64,3584,8,1),  v(64,3584,8,1),  m(3584,128,1,1), SCALE: 1 x 905.64 us = 905.64 us (4149.66 GFLOPS/s)
FLASH_ATTN_EXT dst(64,32,128,1),  q(64,128,32,1),  k(64,3584,8,1),  v(64,3584,8,1),  m(3584,128,1,1), SCALE, GET_ROWS, GET_ROWS, CPY: 7 x 929.097 us = 6503.68 us (4044.89 GFLOPS/s)
GET_ROWS, GET_ROWS, CPY, MUL_MAT f32 m=64 n=4096 k=64: 1 x 17.44 us = 17.44 us (1908.96 GFLOPS/s)
GLU: 17 x 38.221 us = 649.76 us
GLU, SCALE, GET_ROWS, GET_ROWS: 12 x 42.313 us = 507.76 us
MUL: 43 x 10.734 us = 461.6 us
MUL, SCALE, GET_ROWS, GET_ROWS: 1 x 12.4 us = 12.4 us
MUL_MAT f32 m=64 n=1024 k=64: 8 x 2.99 us = 23.92 us (2783.64 GFLOPS/s)
MUL_MAT f32 m=64 n=1024 k=64, RMS_NORM_MUL_ROPE RMS_NORM(64,8,128,1): 8 x 31.52 us = 252.16 us (264.057 GFLOPS/s)
MUL_MAT f32 m=64 n=4096 k=64: 15 x 17.602 us = 264.04 us (1891.32 GFLOPS/s)
MUL_MAT q4_0_rocmfp4_fast m=10752 n=128 k=2048, MUL_MAT q4_0_rocmfp4_fast m=10752 n=128 k=2048: 29 x 803.885 us = 23312.7 us (14021.3 GFLOPS/s)
MUL_MAT q4_0_rocmfp4_fast m=2048 n=128 k=10752: 29 x 572.241 us = 16595 us (9850.53 GFLOPS/s)
MUL_MAT q4_0_rocmfp4_fast m=2048 n=128 k=2048: 29 x 97.72 us = 2833.88 us (10985.3 GFLOPS/s)
MUL_MAT q4_0_rocmfp4_fast m=2048 n=128 k=2048, MUL_MAT q4_0_rocmfp4_fast m=512 n=128 k=2048, MUL_MAT q4_0_rocmfp4_fast m=512 n=128 k=2048: 8 x 152.45 us = 1219.6 us (10562.3 GFLOPS/s)
MUL_MAT q4_0_rocmfp4_fast m=6144 n=128 k=2048: 10 x 244.864 us = 2448.64 us (13151.9 GFLOPS/s)
MUL_MAT q4_0_rocmfp4_fast m=6144 n=128 k=2048, CPY: 12 x 241.123 us = 2893.48 us (13356 GFLOPS/s)
RMS_NORM_MUL RMS_NORM(2048,128,1,1): 57 x 10.371 us = 591.16 us
RMS_NORM_MUL RMS_NORM(2048,128,1,1), GET_ROWS: 1 x 10 us = 10 us
RMS_NORM_MUL_ROPE RMS_NORM(64,32,128,1): 8 x 104.96 us = 839.68 us
SCALE, GET_ROWS, GET_ROWS, RMS_NORM_MUL RMS_NORM(2048,128,1,1), CPY: 1 x 14.4 us = 14.4 us
SET_ROWS, SET_ROWS: 8 x 5.66 us = 45.28 us
Total time: 62097.3 us.
VKPHASE pipeline=quantize_q8_1_x4 elements=262144,1,1 gpu_ns=3360
VKPHASE pipeline=quantize_q8_1_x4 elements=262144,1,1 gpu_ns=1520
VKPHASE pipeline=quantize_q8_1_x4 elements=262144,1,1 gpu_ns=3480
VKPHASE pipeline=quantize_q8_1_x4 elements=1376256,1,1 gpu_ns=12240
VKPHASE pipeline=quantize_q8_1_x4 elements=262144,1,1 gpu_ns=3360
VKPHASE pipeline=quantize_q8_1_x4 elements=262144,1,1 gpu_ns=1640
VKPHASE pipeline=quantize_q8_1_x4 elements=262144,1,1 gpu_ns=3520
VKPHASE pipeline=quantize_q8_1_x4 elements=1376256,1,1 gpu_ns=12440
VKPHASE pipeline=quantize_q8_1_x4 elements=262144,1,1 gpu_ns=1640
VKPHASE pipeline=quantize_q8_1_x4 elements=262144,1,1 gpu_ns=3360
VKPHASE pipeline=quantize_q8_1_x4 elements=262144,1,1 gpu_ns=3320
VKPHASE pipeline=quantize_q8_1_x4 elements=1376256,1,1 gpu_ns=12800
VKPHASE pipeline=quantize_q8_1_x4 elements=262144,1,1 gpu_ns=3200
VKPHASE pipeline=quantize_q8_1_x4 elements=262144,1,1 gpu_ns=3200
VKPHASE pipeline=quantize_q8_1_x4 elements=262144,1,1 gpu_ns=3240
VKPHASE pipeline=quantize_q8_1_x4 elements=1376256,1,1 gpu_ns=12800
VKPHASE pipeline=quantize_q8_1_x4 elements=262144,1,1 gpu_ns=3160
VKPHASE pipeline=quantize_q8_1_x4 elements=262144,1,1 gpu_ns=1480
VKPHASE pipeline=quantize_q8_1_x4 elements=262144,1,1 gpu_ns=1480
VKPHASE pipeline=quantize_q8_1_x4 elements=1376256,1,1 gpu_ns=12200
VKPHASE pipeline=quantize_q8_1_x4 elements=262144,1,1 gpu_ns=1480
VKPHASE pipeline=quantize_q8_1_x4 elements=262144,1,1 gpu_ns=3320
VKPHASE pipeline=quantize_q8_1_x4 elements=262144,1,1 gpu_ns=1480
VKPHASE pipeline=quantize_q8_1_x4 elements=1376256,1,1 gpu_ns=12240
VKPHASE pipeline=quantize_q8_1_x4 elements=262144,1,1 gpu_ns=1440
VKPHASE pipeline=quantize_q8_1_x4 elements=262144,1,1 gpu_ns=1480
VKPHASE pipeline=quantize_q8_1_x4 elements=262144,1,1 gpu_ns=1480
VKPHASE pipeline=quantize_q8_1_x4 elements=1376256,1,1 gpu_ns=12000
VKPHASE pipeline=quantize_q8_1_x4 elements=262144,1,1 gpu_ns=1520
VKPHASE pipeline=quantize_q8_1_x4 elements=262144,1,1 gpu_ns=1440
VKPHASE pipeline=quantize_q8_1_x4 elements=262144,1,1 gpu_ns=3200
VKPHASE pipeline=quantize_q8_1_x4 elements=1376256,1,1 gpu_ns=12040
VKPHASE pipeline=quantize_q8_1_x4 elements=262144,1,1 gpu_ns=3200
VKPHASE pipeline=quantize_q8_1_x4 elements=262144,1,1 gpu_ns=3160
VKPHASE pipeline=quantize_q8_1_x4 elements=262144,1,1 gpu_ns=3160
VKPHASE pipeline=quantize_q8_1_x4 elements=1376256,1,1 gpu_ns=12120
VKPHASE pipeline=quantize_q8_1_x4 elements=262144,1,1 gpu_ns=3200
VKPHASE pipeline=quantize_q8_1_x4 elements=262144,1,1 gpu_ns=3320
VKPHASE pipeline=quantize_q8_1_x4 elements=262144,1,1 gpu_ns=3160
VKPHASE pipeline=quantize_q8_1_x4 elements=1376256,1,1 gpu_ns=11920
VKPHASE pipeline=quantize_q8_1_x4 elements=262144,1,1 gpu_ns=3240
VKPHASE pipeline=quantize_q8_1_x4 elements=262144,1,1 gpu_ns=4120
VKPHASE pipeline=quantize_q8_1_x4 elements=262144,1,1 gpu_ns=3160
VKPHASE pipeline=quantize_q8_1_x4 elements=1376256,1,1 gpu_ns=12240
VKPHASE pipeline=quantize_q8_1_x4 elements=262144,1,1 gpu_ns=3240
VKPHASE pipeline=quantize_q8_1_x4 elements=262144,1,1 gpu_ns=3160
VKPHASE pipeline=quantize_q8_1_x4 elements=262144,1,1 gpu_ns=1480
VKPHASE pipeline=quantize_q8_1_x4 elements=1376256,1,1 gpu_ns=11960
VKPHASE pipeline=quantize_q8_1_x4 elements=262144,1,1 gpu_ns=3200
VKPHASE pipeline=quantize_q8_1_x4 elements=262144,1,1 gpu_ns=3160
VKPHASE pipeline=quantize_q8_1_x4 elements=262144,1,1 gpu_ns=3240
VKPHASE pipeline=quantize_q8_1_x4 elements=1376256,1,1 gpu_ns=12000
VKPHASE pipeline=quantize_q8_1_x4 elements=262144,1,1 gpu_ns=1600
VKPHASE pipeline=quantize_q8_1_x4 elements=262144,1,1 gpu_ns=3320
VKPHASE pipeline=quantize_q8_1_x4 elements=262144,1,1 gpu_ns=3240
VKPHASE pipeline=quantize_q8_1_x4 elements=1376256,1,1 gpu_ns=11960
VKPHASE pipeline=quantize_q8_1_x4 elements=262144,1,1 gpu_ns=1400
VKPHASE pipeline=quantize_q8_1_x4 elements=262144,1,1 gpu_ns=1480
VKPHASE pipeline=quantize_q8_1_x4 elements=262144,1,1 gpu_ns=1480
VKPHASE pipeline=quantize_q8_1_x4 elements=1376256,1,1 gpu_ns=12000
VKPHASE pipeline=quantize_q8_1_x4 elements=262144,1,1 gpu_ns=3200
VKPHASE pipeline=quantize_q8_1_x4 elements=262144,1,1 gpu_ns=1480
VKPHASE pipeline=quantize_q8_1_x4 elements=262144,1,1 gpu_ns=1440
VKPHASE pipeline=quantize_q8_1_x4 elements=1376256,1,1 gpu_ns=12080
VKPHASE pipeline=quantize_q8_1_x4 elements=262144,1,1 gpu_ns=1440
VKPHASE pipeline=quantize_q8_1_x4 elements=262144,1,1 gpu_ns=3200
VKPHASE pipeline=quantize_q8_1_x4 elements=262144,1,1 gpu_ns=1520
VKPHASE pipeline=quantize_q8_1_x4 elements=1376256,1,1 gpu_ns=12040
VKPHASE pipeline=quantize_q8_1_x4 elements=262144,1,1 gpu_ns=3360
VKPHASE pipeline=quantize_q8_1_x4 elements=262144,1,1 gpu_ns=3360
VKPHASE pipeline=quantize_q8_1_x4 elements=262144,1,1 gpu_ns=3160
VKPHASE pipeline=quantize_q8_1_x4 elements=1376256,1,1 gpu_ns=12600
VKPHASE pipeline=quantize_q8_1_x4 elements=262144,1,1 gpu_ns=1440
VKPHASE pipeline=quantize_q8_1_x4 elements=262144,1,1 gpu_ns=1480
VKPHASE pipeline=quantize_q8_1_x4 elements=262144,1,1 gpu_ns=3200
VKPHASE pipeline=quantize_q8_1_x4 elements=1376256,1,1 gpu_ns=12080
VKPHASE pipeline=quantize_q8_1_x4 elements=262144,1,1 gpu_ns=3200
VKPHASE pipeline=quantize_q8_1_x4 elements=262144,1,1 gpu_ns=3160
VKPHASE pipeline=quantize_q8_1_x4 elements=262144,1,1 gpu_ns=3160
VKPHASE pipeline=quantize_q8_1_x4 elements=1376256,1,1 gpu_ns=12280
VKPHASE pipeline=quantize_q8_1_x4 elements=262144,1,1 gpu_ns=3240
VKPHASE pipeline=quantize_q8_1_x4 elements=262144,1,1 gpu_ns=1440
VKPHASE pipeline=quantize_q8_1_x4 elements=262144,1,1 gpu_ns=3160
VKPHASE pipeline=quantize_q8_1_x4 elements=1376256,1,1 gpu_ns=11960
VKPHASE pipeline=quantize_q8_1_x4 elements=262144,1,1 gpu_ns=3200
VKPHASE pipeline=quantize_q8_1_x4 elements=262144,1,1 gpu_ns=3360
VKPHASE pipeline=quantize_q8_1_x4 elements=262144,1,1 gpu_ns=3200
VKPHASE pipeline=quantize_q8_1_x4 elements=1376256,1,1 gpu_ns=12080
VKPHASE pipeline=quantize_q8_1_x4 elements=262144,1,1 gpu_ns=3240
VKPHASE pipeline=quantize_q8_1_x4 elements=262144,1,1 gpu_ns=3160
VKPHASE pipeline=quantize_q8_1_x4 elements=262144,1,1 gpu_ns=3200
VKPHASE pipeline=quantize_q8_1_x4 elements=1376256,1,1 gpu_ns=12160
VKPHASE pipeline=quantize_q8_1_x4 elements=262144,1,1 gpu_ns=3240
VKPHASE pipeline=quantize_q8_1_x4 elements=262144,1,1 gpu_ns=1480
VKPHASE pipeline=quantize_q8_1_x4 elements=262144,1,1 gpu_ns=3160
VKPHASE pipeline=quantize_q8_1_x4 elements=1376256,1,1 gpu_ns=11880
VKPHASE pipeline=quantize_q8_1_x4 elements=262144,1,1 gpu_ns=1480
VKPHASE pipeline=quantize_q8_1_x4 elements=262144,1,1 gpu_ns=3240
VKPHASE pipeline=quantize_q8_1_x4 elements=262144,1,1 gpu_ns=1480
VKPHASE pipeline=quantize_q8_1_x4 elements=1376256,1,1 gpu_ns=14240
VKPHASE pipeline=quantize_q8_1_x4 elements=262144,1,1 gpu_ns=3200
VKPHASE pipeline=quantize_q8_1_x4 elements=262144,1,1 gpu_ns=3240
VKPHASE pipeline=quantize_q8_1_x4 elements=262144,1,1 gpu_ns=1480
VKPHASE pipeline=quantize_q8_1_x4 elements=1376256,1,1 gpu_ns=12360
VKPHASE pipeline=quantize_q8_1_x4 elements=262144,1,1 gpu_ns=3240
VKPHASE pipeline=quantize_q8_1_x4 elements=262144,1,1 gpu_ns=1520
VKPHASE pipeline=quantize_q8_1_x4 elements=262144,1,1 gpu_ns=3160
VKPHASE pipeline=quantize_q8_1_x4 elements=1376256,1,1 gpu_ns=12040
VKPHASE pipeline=quantize_q8_1_x4 elements=262144,1,1 gpu_ns=3200
VKPHASE pipeline=quantize_q8_1_x4 elements=262144,1,1 gpu_ns=4240
VKPHASE pipeline=quantize_q8_1_x4 elements=262144,1,1 gpu_ns=3440
VKPHASE pipeline=quantize_q8_1_x4 elements=1376256,1,1 gpu_ns=12120
VKPHASE pipeline=quantize_q8_1_x4 elements=262144,1,1 gpu_ns=3240
VKPHASE pipeline=quantize_q8_1_x4 elements=262144,1,1 gpu_ns=3160
VKPHASE pipeline=quantize_q8_1_x4 elements=262144,1,1 gpu_ns=1440
VKPHASE pipeline=quantize_q8_1_x4 elements=1376256,1,1 gpu_ns=12120
VKPHASE pipeline=quantize_q8_1_x4 elements=262144,1,1 gpu_ns=3160
VKPHASE pipeline=quantize_q8_1_x4 elements=262144,1,1 gpu_ns=3200
----------------
Vulkan Timings:
ADD: 58 x 11.175 us = 648.2 us
CONCAT: 21 x 30 us = 630 us
CONCAT, CPY: 1 x 29.72 us = 29.72 us
CPY, SSM_CONV: 22 x 16.907 us = 371.96 us
FLASH_ATTN_EXT dst(64,32,128,1),  q(64,128,32,1),  k(64,3584,8,1),  v(64,3584,8,1),  m(3584,128,1,1), SCALE: 1 x 991.52 us = 991.52 us (3790.24 GFLOPS/s)
FLASH_ATTN_EXT dst(64,32,128,1),  q(64,128,32,1),  k(64,3584,8,1),  v(64,3584,8,1),  m(3584,128,1,1), SCALE, GET_ROWS, GET_ROWS, CPY: 7 x 941.805 us = 6592.64 us (3990.31 GFLOPS/s)
GET_ROWS, GET_ROWS, CPY, MUL_MAT f32 m=64 n=4096 k=64: 1 x 17.16 us = 17.16 us (1940.11 GFLOPS/s)
GLU: 17 x 38.004 us = 646.08 us
GLU, SCALE, GET_ROWS, GET_ROWS: 12 x 40.826 us = 489.92 us
MUL: 43 x 10.883 us = 468 us
MUL, SCALE, GET_ROWS, GET_ROWS: 1 x 12.2 us = 12.2 us
MUL_MAT f32 m=64 n=1024 k=64: 8 x 2.98 us = 23.84 us (2792.98 GFLOPS/s)
MUL_MAT f32 m=64 n=1024 k=64, RMS_NORM_MUL_ROPE RMS_NORM(64,8,128,1): 8 x 31.07 us = 248.56 us (267.881 GFLOPS/s)
MUL_MAT f32 m=64 n=4096 k=64: 15 x 17.357 us = 260.36 us (1918.05 GFLOPS/s)
MUL_MAT q4_0_rocmfp4_fast m=10752 n=128 k=2048, MUL_MAT q4_0_rocmfp4_fast m=10752 n=128 k=2048: 29 x 801.244 us = 23236.1 us (14067.5 GFLOPS/s)
MUL_MAT q4_0_rocmfp4_fast m=2048 n=128 k=10752: 29 x 565.885 us = 16410.7 us (9961.17 GFLOPS/s)
MUL_MAT q4_0_rocmfp4_fast m=2048 n=128 k=2048: 29 x 96.553 us = 2800.04 us (11118 GFLOPS/s)
MUL_MAT q4_0_rocmfp4_fast m=2048 n=128 k=2048, MUL_MAT q4_0_rocmfp4_fast m=512 n=128 k=2048, MUL_MAT q4_0_rocmfp4_fast m=512 n=128 k=2048: 8 x 148.285 us = 1186.28 us (10859 GFLOPS/s)
MUL_MAT q4_0_rocmfp4_fast m=6144 n=128 k=2048: 10 x 239.364 us = 2393.64 us (13454.1 GFLOPS/s)
MUL_MAT q4_0_rocmfp4_fast m=6144 n=128 k=2048, CPY: 12 x 239.396 us = 2872.76 us (13452.3 GFLOPS/s)
RMS_NORM_MUL RMS_NORM(2048,128,1,1): 57 x 10.337 us = 589.24 us
RMS_NORM_MUL RMS_NORM(2048,128,1,1), GET_ROWS: 1 x 10.28 us = 10.28 us
RMS_NORM_MUL_ROPE RMS_NORM(64,32,128,1): 8 x 100.84 us = 806.72 us
SCALE, GET_ROWS, GET_ROWS, RMS_NORM_MUL RMS_NORM(2048,128,1,1), CPY: 1 x 13.84 us = 13.84 us
SET_ROWS, SET_ROWS: 8 x 5.415 us = 43.32 us
Total time: 61793 us.
VKPHASE pipeline=quantize_q8_1_x4 elements=262144,1,1 gpu_ns=3280
VKPHASE pipeline=quantize_q8_1_x4 elements=262144,1,1 gpu_ns=1440
VKPHASE pipeline=quantize_q8_1_x4 elements=262144,1,1 gpu_ns=3200
VKPHASE pipeline=quantize_q8_1_x4 elements=1376256,1,1 gpu_ns=12440
VKPHASE pipeline=quantize_q8_1_x4 elements=262144,1,1 gpu_ns=1440
VKPHASE pipeline=quantize_q8_1_x4 elements=262144,1,1 gpu_ns=1480
VKPHASE pipeline=quantize_q8_1_x4 elements=262144,1,1 gpu_ns=3160
VKPHASE pipeline=quantize_q8_1_x4 elements=1376256,1,1 gpu_ns=12480
VKPHASE pipeline=quantize_q8_1_x4 elements=262144,1,1 gpu_ns=3200
VKPHASE pipeline=quantize_q8_1_x4 elements=262144,1,1 gpu_ns=3240
VKPHASE pipeline=quantize_q8_1_x4 elements=262144,1,1 gpu_ns=3160
VKPHASE pipeline=quantize_q8_1_x4 elements=1376256,1,1 gpu_ns=12360
VKPHASE pipeline=quantize_q8_1_x4 elements=262144,1,1 gpu_ns=1480
VKPHASE pipeline=quantize_q8_1_x4 elements=262144,1,1 gpu_ns=3280
VKPHASE pipeline=quantize_q8_1_x4 elements=262144,1,1 gpu_ns=3280
VKPHASE pipeline=quantize_q8_1_x4 elements=1376256,1,1 gpu_ns=12680
VKPHASE pipeline=quantize_q8_1_x4 elements=262144,1,1 gpu_ns=3160
VKPHASE pipeline=quantize_q8_1_x4 elements=262144,1,1 gpu_ns=1480
VKPHASE pipeline=quantize_q8_1_x4 elements=262144,1,1 gpu_ns=1480
VKPHASE pipeline=quantize_q8_1_x4 elements=1376256,1,1 gpu_ns=12280
VKPHASE pipeline=quantize_q8_1_x4 elements=262144,1,1 gpu_ns=3200
VKPHASE pipeline=quantize_q8_1_x4 elements=262144,1,1 gpu_ns=3360
VKPHASE pipeline=quantize_q8_1_x4 elements=262144,1,1 gpu_ns=3200
VKPHASE pipeline=quantize_q8_1_x4 elements=1376256,1,1 gpu_ns=12240
VKPHASE pipeline=quantize_q8_1_x4 elements=262144,1,1 gpu_ns=3200
VKPHASE pipeline=quantize_q8_1_x4 elements=262144,1,1 gpu_ns=1440
VKPHASE pipeline=quantize_q8_1_x4 elements=262144,1,1 gpu_ns=1480
VKPHASE pipeline=quantize_q8_1_x4 elements=1376256,1,1 gpu_ns=12080
VKPHASE pipeline=quantize_q8_1_x4 elements=262144,1,1 gpu_ns=3240
VKPHASE pipeline=quantize_q8_1_x4 elements=262144,1,1 gpu_ns=1560
VKPHASE pipeline=quantize_q8_1_x4 elements=262144,1,1 gpu_ns=3440
VKPHASE pipeline=quantize_q8_1_x4 elements=1376256,1,1 gpu_ns=12280
VKPHASE pipeline=quantize_q8_1_x4 elements=262144,1,1 gpu_ns=1520
VKPHASE pipeline=quantize_q8_1_x4 elements=262144,1,1 gpu_ns=1440
VKPHASE pipeline=quantize_q8_1_x4 elements=262144,1,1 gpu_ns=1440
VKPHASE pipeline=quantize_q8_1_x4 elements=1376256,1,1 gpu_ns=12120
VKPHASE pipeline=quantize_q8_1_x4 elements=262144,1,1 gpu_ns=3120
VKPHASE pipeline=quantize_q8_1_x4 elements=262144,1,1 gpu_ns=3200
VKPHASE pipeline=quantize_q8_1_x4 elements=262144,1,1 gpu_ns=3200
VKPHASE pipeline=quantize_q8_1_x4 elements=1376256,1,1 gpu_ns=12800
VKPHASE pipeline=quantize_q8_1_x4 elements=262144,1,1 gpu_ns=1480
VKPHASE pipeline=quantize_q8_1_x4 elements=262144,1,1 gpu_ns=1480
VKPHASE pipeline=quantize_q8_1_x4 elements=262144,1,1 gpu_ns=3160
VKPHASE pipeline=quantize_q8_1_x4 elements=1376256,1,1 gpu_ns=12360
VKPHASE pipeline=quantize_q8_1_x4 elements=262144,1,1 gpu_ns=3240
VKPHASE pipeline=quantize_q8_1_x4 elements=262144,1,1 gpu_ns=3200
VKPHASE pipeline=quantize_q8_1_x4 elements=262144,1,1 gpu_ns=3240
VKPHASE pipeline=quantize_q8_1_x4 elements=1376256,1,1 gpu_ns=12160
VKPHASE pipeline=quantize_q8_1_x4 elements=262144,1,1 gpu_ns=3200
VKPHASE pipeline=quantize_q8_1_x4 elements=262144,1,1 gpu_ns=1440
VKPHASE pipeline=quantize_q8_1_x4 elements=262144,1,1 gpu_ns=3240
VKPHASE pipeline=quantize_q8_1_x4 elements=1376256,1,1 gpu_ns=12080
VKPHASE pipeline=quantize_q8_1_x4 elements=262144,1,1 gpu_ns=1600
VKPHASE pipeline=quantize_q8_1_x4 elements=262144,1,1 gpu_ns=3240
VKPHASE pipeline=quantize_q8_1_x4 elements=262144,1,1 gpu_ns=3280
VKPHASE pipeline=quantize_q8_1_x4 elements=1376256,1,1 gpu_ns=12000
VKPHASE pipeline=quantize_q8_1_x4 elements=262144,1,1 gpu_ns=1520
VKPHASE pipeline=quantize_q8_1_x4 elements=262144,1,1 gpu_ns=2640
VKPHASE pipeline=quantize_q8_1_x4 elements=262144,1,1 gpu_ns=3200
VKPHASE pipeline=quantize_q8_1_x4 elements=1376256,1,1 gpu_ns=12240
VKPHASE pipeline=quantize_q8_1_x4 elements=262144,1,1 gpu_ns=1520
VKPHASE pipeline=quantize_q8_1_x4 elements=262144,1,1 gpu_ns=1480
VKPHASE pipeline=quantize_q8_1_x4 elements=262144,1,1 gpu_ns=1480
VKPHASE pipeline=quantize_q8_1_x4 elements=1376256,1,1 gpu_ns=12080
VKPHASE pipeline=quantize_q8_1_x4 elements=262144,1,1 gpu_ns=3240
VKPHASE pipeline=quantize_q8_1_x4 elements=262144,1,1 gpu_ns=1480
VKPHASE pipeline=quantize_q8_1_x4 elements=262144,1,1 gpu_ns=3160
VKPHASE pipeline=quantize_q8_1_x4 elements=1376256,1,1 gpu_ns=12040
VKPHASE pipeline=quantize_q8_1_x4 elements=262144,1,1 gpu_ns=3200
VKPHASE pipeline=quantize_q8_1_x4 elements=262144,1,1 gpu_ns=4720
VKPHASE pipeline=quantize_q8_1_x4 elements=262144,1,1 gpu_ns=3200
VKPHASE pipeline=quantize_q8_1_x4 elements=1376256,1,1 gpu_ns=12920
VKPHASE pipeline=quantize_q8_1_x4 elements=262144,1,1 gpu_ns=3200
VKPHASE pipeline=quantize_q8_1_x4 elements=262144,1,1 gpu_ns=1440
VKPHASE pipeline=quantize_q8_1_x4 elements=262144,1,1 gpu_ns=1560
VKPHASE pipeline=quantize_q8_1_x4 elements=1376256,1,1 gpu_ns=12240
VKPHASE pipeline=quantize_q8_1_x4 elements=262144,1,1 gpu_ns=1480
VKPHASE pipeline=quantize_q8_1_x4 elements=262144,1,1 gpu_ns=1520
VKPHASE pipeline=quantize_q8_1_x4 elements=262144,1,1 gpu_ns=3200
VKPHASE pipeline=quantize_q8_1_x4 elements=1376256,1,1 gpu_ns=12440
VKPHASE pipeline=quantize_q8_1_x4 elements=262144,1,1 gpu_ns=3200
VKPHASE pipeline=quantize_q8_1_x4 elements=262144,1,1 gpu_ns=1440
VKPHASE pipeline=quantize_q8_1_x4 elements=262144,1,1 gpu_ns=3240
VKPHASE pipeline=quantize_q8_1_x4 elements=1376256,1,1 gpu_ns=12120
VKPHASE pipeline=quantize_q8_1_x4 elements=262144,1,1 gpu_ns=3200
VKPHASE pipeline=quantize_q8_1_x4 elements=262144,1,1 gpu_ns=3320
VKPHASE pipeline=quantize_q8_1_x4 elements=262144,1,1 gpu_ns=3160
VKPHASE pipeline=quantize_q8_1_x4 elements=1376256,1,1 gpu_ns=12160
VKPHASE pipeline=quantize_q8_1_x4 elements=262144,1,1 gpu_ns=3240
VKPHASE pipeline=quantize_q8_1_x4 elements=262144,1,1 gpu_ns=3200
VKPHASE pipeline=quantize_q8_1_x4 elements=262144,1,1 gpu_ns=3200
VKPHASE pipeline=quantize_q8_1_x4 elements=1376256,1,1 gpu_ns=12080
VKPHASE pipeline=quantize_q8_1_x4 elements=262144,1,1 gpu_ns=3120
VKPHASE pipeline=quantize_q8_1_x4 elements=262144,1,1 gpu_ns=1440
VKPHASE pipeline=quantize_q8_1_x4 elements=262144,1,1 gpu_ns=3200
VKPHASE pipeline=quantize_q8_1_x4 elements=1376256,1,1 gpu_ns=11920
VKPHASE pipeline=quantize_q8_1_x4 elements=262144,1,1 gpu_ns=1480
VKPHASE pipeline=quantize_q8_1_x4 elements=262144,1,1 gpu_ns=3320
VKPHASE pipeline=quantize_q8_1_x4 elements=262144,1,1 gpu_ns=1480
VKPHASE pipeline=quantize_q8_1_x4 elements=1376256,1,1 gpu_ns=12720
VKPHASE pipeline=quantize_q8_1_x4 elements=262144,1,1 gpu_ns=1440
VKPHASE pipeline=quantize_q8_1_x4 elements=262144,1,1 gpu_ns=3200
VKPHASE pipeline=quantize_q8_1_x4 elements=262144,1,1 gpu_ns=3200
VKPHASE pipeline=quantize_q8_1_x4 elements=1376256,1,1 gpu_ns=12560
VKPHASE pipeline=quantize_q8_1_x4 elements=262144,1,1 gpu_ns=3280
VKPHASE pipeline=quantize_q8_1_x4 elements=262144,1,1 gpu_ns=1680
VKPHASE pipeline=quantize_q8_1_x4 elements=262144,1,1 gpu_ns=3120
VKPHASE pipeline=quantize_q8_1_x4 elements=1376256,1,1 gpu_ns=12120
VKPHASE pipeline=quantize_q8_1_x4 elements=262144,1,1 gpu_ns=3200
VKPHASE pipeline=quantize_q8_1_x4 elements=262144,1,1 gpu_ns=3200
VKPHASE pipeline=quantize_q8_1_x4 elements=262144,1,1 gpu_ns=3200
VKPHASE pipeline=quantize_q8_1_x4 elements=1376256,1,1 gpu_ns=12120
VKPHASE pipeline=quantize_q8_1_x4 elements=262144,1,1 gpu_ns=3200
VKPHASE pipeline=quantize_q8_1_x4 elements=262144,1,1 gpu_ns=3280
VKPHASE pipeline=quantize_q8_1_x4 elements=262144,1,1 gpu_ns=3200
VKPHASE pipeline=quantize_q8_1_x4 elements=1376256,1,1 gpu_ns=12120
VKPHASE pipeline=quantize_q8_1_x4 elements=262144,1,1 gpu_ns=3160
VKPHASE pipeline=quantize_q8_1_x4 elements=262144,1,1 gpu_ns=1440
----------------
Vulkan Timings:
ADD: 58 x 11.132 us = 645.68 us
CONCAT: 21 x 30.024 us = 630.52 us
CONCAT, CPY: 1 x 29.76 us = 29.76 us
CPY, SSM_CONV: 22 x 16.97 us = 373.36 us
FLASH_ATTN_EXT dst(64,32,128,1),  q(64,128,32,1),  k(64,3840,8,1),  v(64,3840,8,1),  m(3840,128,1,1), SCALE: 1 x 963.36 us = 963.36 us (4179.68 GFLOPS/s)
FLASH_ATTN_EXT dst(64,32,128,1),  q(64,128,32,1),  k(64,3840,8,1),  v(64,3840,8,1),  m(3840,128,1,1), SCALE, GET_ROWS, GET_ROWS, CPY: 7 x 975.994 us = 6831.96 us (4125.57 GFLOPS/s)
GET_ROWS, GET_ROWS, CPY, MUL_MAT f32 m=64 n=4096 k=64: 1 x 17.8 us = 17.8 us (1870.35 GFLOPS/s)
GLU: 17 x 38.152 us = 648.6 us
GLU, SCALE, GET_ROWS, GET_ROWS: 12 x 42.216 us = 506.6 us
MUL: 43 x 11.396 us = 490.04 us
MUL, SCALE, GET_ROWS, GET_ROWS: 1 x 12.2 us = 12.2 us
MUL_MAT f32 m=64 n=1024 k=64: 8 x 2.97 us = 23.76 us (2802.38 GFLOPS/s)
MUL_MAT f32 m=64 n=1024 k=64, RMS_NORM_MUL_ROPE RMS_NORM(64,8,128,1): 8 x 31.09 us = 248.72 us (267.709 GFLOPS/s)
MUL_MAT f32 m=64 n=4096 k=64: 15 x 17.28 us = 259.2 us (1926.64 GFLOPS/s)
MUL_MAT q4_0_rocmfp4_fast m=10752 n=128 k=2048, MUL_MAT q4_0_rocmfp4_fast m=10752 n=128 k=2048: 29 x 793.551 us = 23013 us (14203.9 GFLOPS/s)
MUL_MAT q4_0_rocmfp4_fast m=2048 n=128 k=10752: 29 x 566.304 us = 16422.8 us (9953.8 GFLOPS/s)
MUL_MAT q4_0_rocmfp4_fast m=2048 n=128 k=2048: 29 x 95.777 us = 2777.56 us (11208 GFLOPS/s)
MUL_MAT q4_0_rocmfp4_fast m=2048 n=128 k=2048, MUL_MAT q4_0_rocmfp4_fast m=512 n=128 k=2048, MUL_MAT q4_0_rocmfp4_fast m=512 n=128 k=2048: 8 x 152.6 us = 1220.8 us (10551.9 GFLOPS/s)
MUL_MAT q4_0_rocmfp4_fast m=6144 n=128 k=2048: 10 x 239.252 us = 2392.52 us (13460.4 GFLOPS/s)
MUL_MAT q4_0_rocmfp4_fast m=6144 n=128 k=2048, CPY: 12 x 245.336 us = 2944.04 us (13126.6 GFLOPS/s)
RMS_NORM_MUL RMS_NORM(2048,128,1,1): 57 x 10.375 us = 591.4 us
RMS_NORM_MUL RMS_NORM(2048,128,1,1), GET_ROWS: 1 x 10.16 us = 10.16 us
RMS_NORM_MUL_ROPE RMS_NORM(64,32,128,1): 8 x 104.04 us = 832.32 us
SCALE, GET_ROWS, GET_ROWS, RMS_NORM_MUL RMS_NORM(2048,128,1,1), CPY: 1 x 14.04 us = 14.04 us
SET_ROWS, SET_ROWS: 8 x 5.55 us = 44.4 us
Total time: 61944.6 us.
VKPHASE pipeline=quantize_q8_1_x4 elements=262144,1,1 gpu_ns=3120
VKPHASE pipeline=quantize_q8_1_x4 elements=262144,1,1 gpu_ns=3240
VKPHASE pipeline=quantize_q8_1_x4 elements=262144,1,1 gpu_ns=3280
VKPHASE pipeline=quantize_q8_1_x4 elements=1376256,1,1 gpu_ns=12360
VKPHASE pipeline=quantize_q8_1_x4 elements=262144,1,1 gpu_ns=3200
VKPHASE pipeline=quantize_q8_1_x4 elements=262144,1,1 gpu_ns=1480
VKPHASE pipeline=quantize_q8_1_x4 elements=262144,1,1 gpu_ns=3240
VKPHASE pipeline=quantize_q8_1_x4 elements=1376256,1,1 gpu_ns=13200
VKPHASE pipeline=quantize_q8_1_x4 elements=262144,1,1 gpu_ns=3200
VKPHASE pipeline=quantize_q8_1_x4 elements=262144,1,1 gpu_ns=3160
VKPHASE pipeline=quantize_q8_1_x4 elements=262144,1,1 gpu_ns=3280
VKPHASE pipeline=quantize_q8_1_x4 elements=1376256,1,1 gpu_ns=12440
VKPHASE pipeline=quantize_q8_1_x4 elements=262144,1,1 gpu_ns=4520
VKPHASE pipeline=quantize_q8_1_x4 elements=262144,1,1 gpu_ns=1440
VKPHASE pipeline=quantize_q8_1_x4 elements=262144,1,1 gpu_ns=3200
VKPHASE pipeline=quantize_q8_1_x4 elements=1376256,1,1 gpu_ns=12760
VKPHASE pipeline=quantize_q8_1_x4 elements=262144,1,1 gpu_ns=3160
VKPHASE pipeline=quantize_q8_1_x4 elements=262144,1,1 gpu_ns=1480
VKPHASE pipeline=quantize_q8_1_x4 elements=262144,1,1 gpu_ns=1440
VKPHASE pipeline=quantize_q8_1_x4 elements=1376256,1,1 gpu_ns=12520
VKPHASE pipeline=quantize_q8_1_x4 elements=262144,1,1 gpu_ns=3240
VKPHASE pipeline=quantize_q8_1_x4 elements=262144,1,1 gpu_ns=3240
VKPHASE pipeline=quantize_q8_1_x4 elements=262144,1,1 gpu_ns=1520
VKPHASE pipeline=quantize_q8_1_x4 elements=1376256,1,1 gpu_ns=12240
VKPHASE pipeline=quantize_q8_1_x4 elements=262144,1,1 gpu_ns=1520
VKPHASE pipeline=quantize_q8_1_x4 elements=262144,1,1 gpu_ns=1480
VKPHASE pipeline=quantize_q8_1_x4 elements=262144,1,1 gpu_ns=3200
VKPHASE pipeline=quantize_q8_1_x4 elements=1376256,1,1 gpu_ns=12120
VKPHASE pipeline=quantize_q8_1_x4 elements=262144,1,1 gpu_ns=3160
VKPHASE pipeline=quantize_q8_1_x4 elements=262144,1,1 gpu_ns=1440
VKPHASE pipeline=quantize_q8_1_x4 elements=262144,1,1 gpu_ns=3160
VKPHASE pipeline=quantize_q8_1_x4 elements=1376256,1,1 gpu_ns=11960
VKPHASE pipeline=quantize_q8_1_x4 elements=262144,1,1 gpu_ns=3200
VKPHASE pipeline=quantize_q8_1_x4 elements=262144,1,1 gpu_ns=3200
VKPHASE pipeline=quantize_q8_1_x4 elements=262144,1,1 gpu_ns=3160
VKPHASE pipeline=quantize_q8_1_x4 elements=1376256,1,1 gpu_ns=11840
VKPHASE pipeline=quantize_q8_1_x4 elements=262144,1,1 gpu_ns=1480
VKPHASE pipeline=quantize_q8_1_x4 elements=262144,1,1 gpu_ns=3880
VKPHASE pipeline=quantize_q8_1_x4 elements=262144,1,1 gpu_ns=3240
VKPHASE pipeline=quantize_q8_1_x4 elements=1376256,1,1 gpu_ns=11920
VKPHASE pipeline=quantize_q8_1_x4 elements=262144,1,1 gpu_ns=3240
VKPHASE pipeline=quantize_q8_1_x4 elements=262144,1,1 gpu_ns=1440
VKPHASE pipeline=quantize_q8_1_x4 elements=262144,1,1 gpu_ns=3400
VKPHASE pipeline=quantize_q8_1_x4 elements=1376256,1,1 gpu_ns=12280
VKPHASE pipeline=quantize_q8_1_x4 elements=262144,1,1 gpu_ns=3240
VKPHASE pipeline=quantize_q8_1_x4 elements=262144,1,1 gpu_ns=1440
VKPHASE pipeline=quantize_q8_1_x4 elements=262144,1,1 gpu_ns=3120
VKPHASE pipeline=quantize_q8_1_x4 elements=1376256,1,1 gpu_ns=12000
VKPHASE pipeline=quantize_q8_1_x4 elements=262144,1,1 gpu_ns=3200
VKPHASE pipeline=quantize_q8_1_x4 elements=262144,1,1 gpu_ns=1480
VKPHASE pipeline=quantize_q8_1_x4 elements=262144,1,1 gpu_ns=3160
VKPHASE pipeline=quantize_q8_1_x4 elements=1376256,1,1 gpu_ns=12120
VKPHASE pipeline=quantize_q8_1_x4 elements=262144,1,1 gpu_ns=3240
VKPHASE pipeline=quantize_q8_1_x4 elements=262144,1,1 gpu_ns=3240
VKPHASE pipeline=quantize_q8_1_x4 elements=262144,1,1 gpu_ns=3160
VKPHASE pipeline=quantize_q8_1_x4 elements=1376256,1,1 gpu_ns=12000
VKPHASE pipeline=quantize_q8_1_x4 elements=262144,1,1 gpu_ns=3200
VKPHASE pipeline=quantize_q8_1_x4 elements=262144,1,1 gpu_ns=1480
VKPHASE pipeline=quantize_q8_1_x4 elements=262144,1,1 gpu_ns=1600
VKPHASE pipeline=quantize_q8_1_x4 elements=1376256,1,1 gpu_ns=12160
VKPHASE pipeline=quantize_q8_1_x4 elements=262144,1,1 gpu_ns=3240
VKPHASE pipeline=quantize_q8_1_x4 elements=262144,1,1 gpu_ns=2680
VKPHASE pipeline=quantize_q8_1_x4 elements=262144,1,1 gpu_ns=1480
VKPHASE pipeline=quantize_q8_1_x4 elements=1376256,1,1 gpu_ns=12040
VKPHASE pipeline=quantize_q8_1_x4 elements=262144,1,1 gpu_ns=3160
VKPHASE pipeline=quantize_q8_1_x4 elements=262144,1,1 gpu_ns=3160
VKPHASE pipeline=quantize_q8_1_x4 elements=262144,1,1 gpu_ns=3440
VKPHASE pipeline=quantize_q8_1_x4 elements=1376256,1,1 gpu_ns=12120
VKPHASE pipeline=quantize_q8_1_x4 elements=262144,1,1 gpu_ns=1480
VKPHASE pipeline=quantize_q8_1_x4 elements=262144,1,1 gpu_ns=4360
VKPHASE pipeline=quantize_q8_1_x4 elements=262144,1,1 gpu_ns=3160
VKPHASE pipeline=quantize_q8_1_x4 elements=1376256,1,1 gpu_ns=12480
VKPHASE pipeline=quantize_q8_1_x4 elements=262144,1,1 gpu_ns=3200
VKPHASE pipeline=quantize_q8_1_x4 elements=262144,1,1 gpu_ns=3120
VKPHASE pipeline=quantize_q8_1_x4 elements=262144,1,1 gpu_ns=1400
VKPHASE pipeline=quantize_q8_1_x4 elements=1376256,1,1 gpu_ns=12120
VKPHASE pipeline=quantize_q8_1_x4 elements=262144,1,1 gpu_ns=3240
VKPHASE pipeline=quantize_q8_1_x4 elements=262144,1,1 gpu_ns=3160
VKPHASE pipeline=quantize_q8_1_x4 elements=262144,1,1 gpu_ns=3560
VKPHASE pipeline=quantize_q8_1_x4 elements=1376256,1,1 gpu_ns=12240
VKPHASE pipeline=quantize_q8_1_x4 elements=262144,1,1 gpu_ns=3200
VKPHASE pipeline=quantize_q8_1_x4 elements=262144,1,1 gpu_ns=3200
VKPHASE pipeline=quantize_q8_1_x4 elements=262144,1,1 gpu_ns=3160
VKPHASE pipeline=quantize_q8_1_x4 elements=1376256,1,1 gpu_ns=11960
VKPHASE pipeline=quantize_q8_1_x4 elements=262144,1,1 gpu_ns=3200
VKPHASE pipeline=quantize_q8_1_x4 elements=262144,1,1 gpu_ns=3240
VKPHASE pipeline=quantize_q8_1_x4 elements=262144,1,1 gpu_ns=3240
VKPHASE pipeline=quantize_q8_1_x4 elements=1376256,1,1 gpu_ns=12160
VKPHASE pipeline=quantize_q8_1_x4 elements=262144,1,1 gpu_ns=3200
VKPHASE pipeline=quantize_q8_1_x4 elements=262144,1,1 gpu_ns=3280
VKPHASE pipeline=quantize_q8_1_x4 elements=262144,1,1 gpu_ns=3200
VKPHASE pipeline=quantize_q8_1_x4 elements=1376256,1,1 gpu_ns=12120
VKPHASE pipeline=quantize_q8_1_x4 elements=262144,1,1 gpu_ns=3160
VKPHASE pipeline=quantize_q8_1_x4 elements=262144,1,1 gpu_ns=1440
VKPHASE pipeline=quantize_q8_1_x4 elements=262144,1,1 gpu_ns=1480
VKPHASE pipeline=quantize_q8_1_x4 elements=1376256,1,1 gpu_ns=11880
VKPHASE pipeline=quantize_q8_1_x4 elements=262144,1,1 gpu_ns=1480
VKPHASE pipeline=quantize_q8_1_x4 elements=262144,1,1 gpu_ns=3320
VKPHASE pipeline=quantize_q8_1_x4 elements=262144,1,1 gpu_ns=1440
VKPHASE pipeline=quantize_q8_1_x4 elements=1376256,1,1 gpu_ns=13800
VKPHASE pipeline=quantize_q8_1_x4 elements=262144,1,1 gpu_ns=1480
VKPHASE pipeline=quantize_q8_1_x4 elements=262144,1,1 gpu_ns=3120
VKPHASE pipeline=quantize_q8_1_x4 elements=262144,1,1 gpu_ns=3160
VKPHASE pipeline=quantize_q8_1_x4 elements=1376256,1,1 gpu_ns=12160
VKPHASE pipeline=quantize_q8_1_x4 elements=262144,1,1 gpu_ns=3320
VKPHASE pipeline=quantize_q8_1_x4 elements=262144,1,1 gpu_ns=2880
VKPHASE pipeline=quantize_q8_1_x4 elements=262144,1,1 gpu_ns=1440
VKPHASE pipeline=quantize_q8_1_x4 elements=1376256,1,1 gpu_ns=12480
VKPHASE pipeline=quantize_q8_1_x4 elements=262144,1,1 gpu_ns=4360
VKPHASE pipeline=quantize_q8_1_x4 elements=262144,1,1 gpu_ns=3240
VKPHASE pipeline=quantize_q8_1_x4 elements=262144,1,1 gpu_ns=3240
VKPHASE pipeline=quantize_q8_1_x4 elements=1376256,1,1 gpu_ns=12200
VKPHASE pipeline=quantize_q8_1_x4 elements=262144,1,1 gpu_ns=3240
VKPHASE pipeline=quantize_q8_1_x4 elements=262144,1,1 gpu_ns=3200
VKPHASE pipeline=quantize_q8_1_x4 elements=262144,1,1 gpu_ns=1560
VKPHASE pipeline=quantize_q8_1_x4 elements=1376256,1,1 gpu_ns=11840
VKPHASE pipeline=quantize_q8_1_x4 elements=262144,1,1 gpu_ns=3160
VKPHASE pipeline=quantize_q8_1_x4 elements=262144,1,1 gpu_ns=1440
----------------
Vulkan Timings:
ADD: 58 x 9.891 us = 573.68 us
CONCAT: 21 x 32.409 us = 680.6 us
CONCAT, CPY: 1 x 30.72 us = 30.72 us
CPY, SSM_CONV: 22 x 18.261 us = 401.76 us
FLASH_ATTN_EXT dst(64,32,128,1),  q(64,128,32,1),  k(64,3840,8,1),  v(64,3840,8,1),  m(3840,128,1,1), SCALE: 1 x 995.12 us = 995.12 us (4046.28 GFLOPS/s)
FLASH_ATTN_EXT dst(64,32,128,1),  q(64,128,32,1),  k(64,3840,8,1),  v(64,3840,8,1),  m(3840,128,1,1), SCALE, GET_ROWS, GET_ROWS, CPY: 7 x 996.96 us = 6978.72 us (4038.81 GFLOPS/s)
GET_ROWS, GET_ROWS, CPY, MUL_MAT f32 m=64 n=4096 k=64: 1 x 17.44 us = 17.44 us (1908.96 GFLOPS/s)
GLU: 17 x 38.727 us = 658.36 us
GLU, SCALE, GET_ROWS, GET_ROWS: 12 x 41.47 us = 497.64 us
MUL: 43 x 9.715 us = 417.76 us
MUL, SCALE, GET_ROWS, GET_ROWS: 1 x 12.24 us = 12.24 us
MUL_MAT f32 m=64 n=1024 k=64: 8 x 2.98 us = 23.84 us (2792.98 GFLOPS/s)
MUL_MAT f32 m=64 n=1024 k=64, RMS_NORM_MUL_ROPE RMS_NORM(64,8,128,1): 8 x 31.305 us = 250.44 us (265.87 GFLOPS/s)
MUL_MAT f32 m=64 n=4096 k=64: 15 x 17.336 us = 260.04 us (1920.41 GFLOPS/s)
MUL_MAT q4_0_rocmfp4_fast m=10752 n=128 k=2048, MUL_MAT q4_0_rocmfp4_fast m=10752 n=128 k=2048: 29 x 799.755 us = 23192.9 us (14093.7 GFLOPS/s)
MUL_MAT q4_0_rocmfp4_fast m=2048 n=128 k=10752: 29 x 569.572 us = 16517.6 us (9896.69 GFLOPS/s)
MUL_MAT q4_0_rocmfp4_fast m=2048 n=128 k=2048: 29 x 98.358 us = 2852.4 us (10913.9 GFLOPS/s)
MUL_MAT q4_0_rocmfp4_fast m=2048 n=128 k=2048, MUL_MAT q4_0_rocmfp4_fast m=512 n=128 k=2048, MUL_MAT q4_0_rocmfp4_fast m=512 n=128 k=2048: 8 x 158.1 us = 1264.8 us (10184.8 GFLOPS/s)
MUL_MAT q4_0_rocmfp4_fast m=6144 n=128 k=2048: 10 x 241.204 us = 2412.04 us (13351.5 GFLOPS/s)
MUL_MAT q4_0_rocmfp4_fast m=6144 n=128 k=2048, CPY: 12 x 245.216 us = 2942.6 us (13133 GFLOPS/s)
RMS_NORM_MUL RMS_NORM(2048,128,1,1): 57 x 10.357 us = 590.4 us
RMS_NORM_MUL RMS_NORM(2048,128,1,1), GET_ROWS: 1 x 10.24 us = 10.24 us
RMS_NORM_MUL_ROPE RMS_NORM(64,32,128,1): 8 x 102.85 us = 822.8 us
SCALE, GET_ROWS, GET_ROWS, RMS_NORM_MUL RMS_NORM(2048,128,1,1), CPY: 1 x 14 us = 14 us
SET_ROWS, SET_ROWS: 8 x 5.675 us = 45.4 us
Total time: 62463.6 us.
VKPHASE pipeline=quantize_q8_1_x4 elements=262144,1,1 gpu_ns=3280
VKPHASE pipeline=quantize_q8_1_x4 elements=262144,1,1 gpu_ns=3200
VKPHASE pipeline=quantize_q8_1_x4 elements=262144,1,1 gpu_ns=3160
VKPHASE pipeline=quantize_q8_1_x4 elements=1376256,1,1 gpu_ns=12240
VKPHASE pipeline=quantize_q8_1_x4 elements=262144,1,1 gpu_ns=3240
VKPHASE pipeline=quantize_q8_1_x4 elements=262144,1,1 gpu_ns=1440
VKPHASE pipeline=quantize_q8_1_x4 elements=262144,1,1 gpu_ns=3440
VKPHASE pipeline=quantize_q8_1_x4 elements=1376256,1,1 gpu_ns=12120
VKPHASE pipeline=quantize_q8_1_x4 elements=262144,1,1 gpu_ns=3240
VKPHASE pipeline=quantize_q8_1_x4 elements=262144,1,1 gpu_ns=3320
VKPHASE pipeline=quantize_q8_1_x4 elements=262144,1,1 gpu_ns=3160
VKPHASE pipeline=quantize_q8_1_x4 elements=1376256,1,1 gpu_ns=12440
VKPHASE pipeline=quantize_q8_1_x4 elements=262144,1,1 gpu_ns=3200
VKPHASE pipeline=quantize_q8_1_x4 elements=262144,1,1 gpu_ns=3160
VKPHASE pipeline=quantize_q8_1_x4 elements=262144,1,1 gpu_ns=3160
VKPHASE pipeline=quantize_q8_1_x4 elements=1376256,1,1 gpu_ns=12520
VKPHASE pipeline=quantize_q8_1_x4 elements=262144,1,1 gpu_ns=3240
VKPHASE pipeline=quantize_q8_1_x4 elements=262144,1,1 gpu_ns=3200
VKPHASE pipeline=quantize_q8_1_x4 elements=262144,1,1 gpu_ns=1480
VKPHASE pipeline=quantize_q8_1_x4 elements=1376256,1,1 gpu_ns=12360
VKPHASE pipeline=quantize_q8_1_x4 elements=262144,1,1 gpu_ns=1480
VKPHASE pipeline=quantize_q8_1_x4 elements=262144,1,1 gpu_ns=3280
VKPHASE pipeline=quantize_q8_1_x4 elements=262144,1,1 gpu_ns=1480
VKPHASE pipeline=quantize_q8_1_x4 elements=1376256,1,1 gpu_ns=12120
VKPHASE pipeline=quantize_q8_1_x4 elements=262144,1,1 gpu_ns=3240
VKPHASE pipeline=quantize_q8_1_x4 elements=262144,1,1 gpu_ns=1440
VKPHASE pipeline=quantize_q8_1_x4 elements=262144,1,1 gpu_ns=3160
VKPHASE pipeline=quantize_q8_1_x4 elements=1376256,1,1 gpu_ns=12160
VKPHASE pipeline=quantize_q8_1_x4 elements=262144,1,1 gpu_ns=3200
VKPHASE pipeline=quantize_q8_1_x4 elements=262144,1,1 gpu_ns=1480
VKPHASE pipeline=quantize_q8_1_x4 elements=262144,1,1 gpu_ns=3200
VKPHASE pipeline=quantize_q8_1_x4 elements=1376256,1,1 gpu_ns=12000
VKPHASE pipeline=quantize_q8_1_x4 elements=262144,1,1 gpu_ns=3200
VKPHASE pipeline=quantize_q8_1_x4 elements=262144,1,1 gpu_ns=3160
VKPHASE pipeline=quantize_q8_1_x4 elements=262144,1,1 gpu_ns=3160
VKPHASE pipeline=quantize_q8_1_x4 elements=1376256,1,1 gpu_ns=11960
VKPHASE pipeline=quantize_q8_1_x4 elements=262144,1,1 gpu_ns=3200
VKPHASE pipeline=quantize_q8_1_x4 elements=262144,1,1 gpu_ns=3200
VKPHASE pipeline=quantize_q8_1_x4 elements=262144,1,1 gpu_ns=1440
VKPHASE pipeline=quantize_q8_1_x4 elements=1376256,1,1 gpu_ns=12760
VKPHASE pipeline=quantize_q8_1_x4 elements=262144,1,1 gpu_ns=3120
VKPHASE pipeline=quantize_q8_1_x4 elements=262144,1,1 gpu_ns=1520
VKPHASE pipeline=quantize_q8_1_x4 elements=262144,1,1 gpu_ns=3240
VKPHASE pipeline=quantize_q8_1_x4 elements=1376256,1,1 gpu_ns=12520
VKPHASE pipeline=quantize_q8_1_x4 elements=262144,1,1 gpu_ns=3240
VKPHASE pipeline=quantize_q8_1_x4 elements=262144,1,1 gpu_ns=1440
VKPHASE pipeline=quantize_q8_1_x4 elements=262144,1,1 gpu_ns=1600
VKPHASE pipeline=quantize_q8_1_x4 elements=1376256,1,1 gpu_ns=12000
VKPHASE pipeline=quantize_q8_1_x4 elements=262144,1,1 gpu_ns=3200
VKPHASE pipeline=quantize_q8_1_x4 elements=262144,1,1 gpu_ns=4000
VKPHASE pipeline=quantize_q8_1_x4 elements=262144,1,1 gpu_ns=1480
VKPHASE pipeline=quantize_q8_1_x4 elements=1376256,1,1 gpu_ns=12200
VKPHASE pipeline=quantize_q8_1_x4 elements=262144,1,1 gpu_ns=1560
VKPHASE pipeline=quantize_q8_1_x4 elements=262144,1,1 gpu_ns=3280
VKPHASE pipeline=quantize_q8_1_x4 elements=262144,1,1 gpu_ns=3200
VKPHASE pipeline=quantize_q8_1_x4 elements=1376256,1,1 gpu_ns=11760
VKPHASE pipeline=quantize_q8_1_x4 elements=262144,1,1 gpu_ns=3280
VKPHASE pipeline=quantize_q8_1_x4 elements=262144,1,1 gpu_ns=1480
VKPHASE pipeline=quantize_q8_1_x4 elements=262144,1,1 gpu_ns=1480
VKPHASE pipeline=quantize_q8_1_x4 elements=1376256,1,1 gpu_ns=12120
VKPHASE pipeline=quantize_q8_1_x4 elements=262144,1,1 gpu_ns=1480
VKPHASE pipeline=quantize_q8_1_x4 elements=262144,1,1 gpu_ns=1480
VKPHASE pipeline=quantize_q8_1_x4 elements=262144,1,1 gpu_ns=3200
VKPHASE pipeline=quantize_q8_1_x4 elements=1376256,1,1 gpu_ns=12000
VKPHASE pipeline=quantize_q8_1_x4 elements=262144,1,1 gpu_ns=3160
VKPHASE pipeline=quantize_q8_1_x4 elements=262144,1,1 gpu_ns=1520
VKPHASE pipeline=quantize_q8_1_x4 elements=262144,1,1 gpu_ns=3160
VKPHASE pipeline=quantize_q8_1_x4 elements=1376256,1,1 gpu_ns=11720
VKPHASE pipeline=quantize_q8_1_x4 elements=262144,1,1 gpu_ns=3240
VKPHASE pipeline=quantize_q8_1_x4 elements=262144,1,1 gpu_ns=1560
VKPHASE pipeline=quantize_q8_1_x4 elements=262144,1,1 gpu_ns=3200
VKPHASE pipeline=quantize_q8_1_x4 elements=1376256,1,1 gpu_ns=12720
VKPHASE pipeline=quantize_q8_1_x4 elements=262144,1,1 gpu_ns=3200
VKPHASE pipeline=quantize_q8_1_x4 elements=262144,1,1 gpu_ns=3200
VKPHASE pipeline=quantize_q8_1_x4 elements=262144,1,1 gpu_ns=3280
VKPHASE pipeline=quantize_q8_1_x4 elements=1376256,1,1 gpu_ns=12120
VKPHASE pipeline=quantize_q8_1_x4 elements=262144,1,1 gpu_ns=3200
VKPHASE pipeline=quantize_q8_1_x4 elements=262144,1,1 gpu_ns=3160
VKPHASE pipeline=quantize_q8_1_x4 elements=262144,1,1 gpu_ns=1520
VKPHASE pipeline=quantize_q8_1_x4 elements=1376256,1,1 gpu_ns=12000
VKPHASE pipeline=quantize_q8_1_x4 elements=262144,1,1 gpu_ns=3280
VKPHASE pipeline=quantize_q8_1_x4 elements=262144,1,1 gpu_ns=1440
VKPHASE pipeline=quantize_q8_1_x4 elements=262144,1,1 gpu_ns=3200
VKPHASE pipeline=quantize_q8_1_x4 elements=1376256,1,1 gpu_ns=12120
VKPHASE pipeline=quantize_q8_1_x4 elements=262144,1,1 gpu_ns=1560
VKPHASE pipeline=quantize_q8_1_x4 elements=262144,1,1 gpu_ns=3280
VKPHASE pipeline=quantize_q8_1_x4 elements=262144,1,1 gpu_ns=3200
VKPHASE pipeline=quantize_q8_1_x4 elements=1376256,1,1 gpu_ns=12040
VKPHASE pipeline=quantize_q8_1_x4 elements=262144,1,1 gpu_ns=3240
VKPHASE pipeline=quantize_q8_1_x4 elements=262144,1,1 gpu_ns=3160
VKPHASE pipeline=quantize_q8_1_x4 elements=262144,1,1 gpu_ns=3160
VKPHASE pipeline=quantize_q8_1_x4 elements=1376256,1,1 gpu_ns=12040
VKPHASE pipeline=quantize_q8_1_x4 elements=262144,1,1 gpu_ns=3200
VKPHASE pipeline=quantize_q8_1_x4 elements=262144,1,1 gpu_ns=1440
VKPHASE pipeline=quantize_q8_1_x4 elements=262144,1,1 gpu_ns=1440
VKPHASE pipeline=quantize_q8_1_x4 elements=1376256,1,1 gpu_ns=12000
VKPHASE pipeline=quantize_q8_1_x4 elements=262144,1,1 gpu_ns=1560
VKPHASE pipeline=quantize_q8_1_x4 elements=262144,1,1 gpu_ns=1560
VKPHASE pipeline=quantize_q8_1_x4 elements=262144,1,1 gpu_ns=1480
VKPHASE pipeline=quantize_q8_1_x4 elements=1376256,1,1 gpu_ns=12520
VKPHASE pipeline=quantize_q8_1_x4 elements=262144,1,1 gpu_ns=1440
VKPHASE pipeline=quantize_q8_1_x4 elements=262144,1,1 gpu_ns=3120
VKPHASE pipeline=quantize_q8_1_x4 elements=262144,1,1 gpu_ns=3560
VKPHASE pipeline=quantize_q8_1_x4 elements=1376256,1,1 gpu_ns=12680
VKPHASE pipeline=quantize_q8_1_x4 elements=262144,1,1 gpu_ns=3240
VKPHASE pipeline=quantize_q8_1_x4 elements=262144,1,1 gpu_ns=1520
VKPHASE pipeline=quantize_q8_1_x4 elements=262144,1,1 gpu_ns=1480
VKPHASE pipeline=quantize_q8_1_x4 elements=1376256,1,1 gpu_ns=12280
VKPHASE pipeline=quantize_q8_1_x4 elements=262144,1,1 gpu_ns=3200
VKPHASE pipeline=quantize_q8_1_x4 elements=262144,1,1 gpu_ns=3160
VKPHASE pipeline=quantize_q8_1_x4 elements=262144,1,1 gpu_ns=3160
VKPHASE pipeline=quantize_q8_1_x4 elements=1376256,1,1 gpu_ns=12480
VKPHASE pipeline=quantize_q8_1_x4 elements=262144,1,1 gpu_ns=1520
VKPHASE pipeline=quantize_q8_1_x4 elements=262144,1,1 gpu_ns=1480
VKPHASE pipeline=quantize_q8_1_x4 elements=262144,1,1 gpu_ns=3200
VKPHASE pipeline=quantize_q8_1_x4 elements=1376256,1,1 gpu_ns=12160
VKPHASE pipeline=quantize_q8_1_x4 elements=262144,1,1 gpu_ns=3200
VKPHASE pipeline=quantize_q8_1_x4 elements=262144,1,1 gpu_ns=1440
----------------
Vulkan Timings:
ADD: 58 x 10.905 us = 632.52 us
CONCAT: 21 x 32.415 us = 680.72 us
CONCAT, CPY: 1 x 29.88 us = 29.88 us
CPY, SSM_CONV: 22 x 17.02 us = 374.44 us
FLASH_ATTN_EXT dst(64,32,128,1),  q(64,128,32,1),  k(64,4096,8,1),  v(64,4096,8,1),  m(4096,128,1,1), SCALE: 1 x 1052 us = 1052 us (4082.67 GFLOPS/s)
FLASH_ATTN_EXT dst(64,32,128,1),  q(64,128,32,1),  k(64,4096,8,1),  v(64,4096,8,1),  m(4096,128,1,1), SCALE, GET_ROWS, GET_ROWS, CPY: 7 x 1059.87 us = 7419.12 us (4052.34 GFLOPS/s)
GET_ROWS, GET_ROWS, CPY, MUL_MAT f32 m=64 n=4096 k=64: 1 x 18.88 us = 18.88 us (1763.36 GFLOPS/s)
GLU: 17 x 40.428 us = 687.28 us
GLU, SCALE, GET_ROWS, GET_ROWS: 12 x 41 us = 492 us
MUL: 43 x 9.752 us = 419.36 us
MUL, SCALE, GET_ROWS, GET_ROWS: 1 x 12.28 us = 12.28 us
MUL_MAT f32 m=64 n=1024 k=64: 8 x 2.705 us = 21.64 us (3076.92 GFLOPS/s)
MUL_MAT f32 m=64 n=1024 k=64, RMS_NORM_MUL_ROPE RMS_NORM(64,8,128,1): 8 x 33.285 us = 266.28 us (250.055 GFLOPS/s)
MUL_MAT f32 m=64 n=4096 k=64: 15 x 18.688 us = 280.32 us (1781.48 GFLOPS/s)
MUL_MAT q4_0_rocmfp4_fast m=10752 n=128 k=2048, MUL_MAT q4_0_rocmfp4_fast m=10752 n=128 k=2048: 29 x 809.097 us = 23463.8 us (13931 GFLOPS/s)
MUL_MAT q4_0_rocmfp4_fast m=2048 n=128 k=10752: 29 x 569.896 us = 16527 us (9891.06 GFLOPS/s)
MUL_MAT q4_0_rocmfp4_fast m=2048 n=128 k=2048: 29 x 98.922 us = 2868.76 us (10851.7 GFLOPS/s)
MUL_MAT q4_0_rocmfp4_fast m=2048 n=128 k=2048, MUL_MAT q4_0_rocmfp4_fast m=512 n=128 k=2048, MUL_MAT q4_0_rocmfp4_fast m=512 n=128 k=2048: 8 x 151.445 us = 1211.56 us (10632.4 GFLOPS/s)
MUL_MAT q4_0_rocmfp4_fast m=6144 n=128 k=2048: 10 x 243.896 us = 2438.96 us (13204.1 GFLOPS/s)
MUL_MAT q4_0_rocmfp4_fast m=6144 n=128 k=2048, CPY: 12 x 245.606 us = 2947.28 us (13112.2 GFLOPS/s)
RMS_NORM_MUL RMS_NORM(2048,128,1,1): 57 x 10.484 us = 597.64 us
RMS_NORM_MUL RMS_NORM(2048,128,1,1), GET_ROWS: 1 x 10.44 us = 10.44 us
RMS_NORM_MUL_ROPE RMS_NORM(64,32,128,1): 8 x 104.77 us = 838.16 us
SCALE, GET_ROWS, GET_ROWS, RMS_NORM_MUL RMS_NORM(2048,128,1,1), CPY: 1 x 39.08 us = 39.08 us
SET_ROWS, SET_ROWS: 8 x 5.55 us = 44.4 us
Total time: 63373.8 us.
VKPHASE pipeline=quantize_q8_1_x4 elements=262144,1,1 gpu_ns=1880
VKPHASE pipeline=quantize_q8_1_x4 elements=262144,1,1 gpu_ns=2640
VKPHASE pipeline=quantize_q8_1_x4 elements=262144,1,1 gpu_ns=1760
VKPHASE pipeline=quantize_q8_1_x4 elements=1376256,1,1 gpu_ns=12400
VKPHASE pipeline=quantize_q8_1_x4 elements=262144,1,1 gpu_ns=1560
VKPHASE pipeline=quantize_q8_1_x4 elements=262144,1,1 gpu_ns=3360
VKPHASE pipeline=quantize_q8_1_x4 elements=262144,1,1 gpu_ns=1520
VKPHASE pipeline=quantize_q8_1_x4 elements=1376256,1,1 gpu_ns=12600
VKPHASE pipeline=quantize_q8_1_x4 elements=262144,1,1 gpu_ns=1560
VKPHASE pipeline=quantize_q8_1_x4 elements=262144,1,1 gpu_ns=1560
VKPHASE pipeline=quantize_q8_1_x4 elements=262144,1,1 gpu_ns=3320
VKPHASE pipeline=quantize_q8_1_x4 elements=1376256,1,1 gpu_ns=12440
VKPHASE pipeline=quantize_q8_1_x4 elements=262144,1,1 gpu_ns=1480
VKPHASE pipeline=quantize_q8_1_x4 elements=262144,1,1 gpu_ns=1440
VKPHASE pipeline=quantize_q8_1_x4 elements=262144,1,1 gpu_ns=1440
VKPHASE pipeline=quantize_q8_1_x4 elements=1376256,1,1 gpu_ns=12800
VKPHASE pipeline=quantize_q8_1_x4 elements=262144,1,1 gpu_ns=3360
VKPHASE pipeline=quantize_q8_1_x4 elements=262144,1,1 gpu_ns=1480
VKPHASE pipeline=quantize_q8_1_x4 elements=262144,1,1 gpu_ns=1440
VKPHASE pipeline=quantize_q8_1_x4 elements=1376256,1,1 gpu_ns=12080
VKPHASE pipeline=quantize_q8_1_x4 elements=262144,1,1 gpu_ns=3200
VKPHASE pipeline=quantize_q8_1_x4 elements=262144,1,1 gpu_ns=3240
VKPHASE pipeline=quantize_q8_1_x4 elements=262144,1,1 gpu_ns=1480
VKPHASE pipeline=quantize_q8_1_x4 elements=1376256,1,1 gpu_ns=12120
VKPHASE pipeline=quantize_q8_1_x4 elements=262144,1,1 gpu_ns=1520
VKPHASE pipeline=quantize_q8_1_x4 elements=262144,1,1 gpu_ns=1480
VKPHASE pipeline=quantize_q8_1_x4 elements=262144,1,1 gpu_ns=1440
VKPHASE pipeline=quantize_q8_1_x4 elements=1376256,1,1 gpu_ns=12160
VKPHASE pipeline=quantize_q8_1_x4 elements=262144,1,1 gpu_ns=3240
VKPHASE pipeline=quantize_q8_1_x4 elements=262144,1,1 gpu_ns=1480
VKPHASE pipeline=quantize_q8_1_x4 elements=262144,1,1 gpu_ns=3520
VKPHASE pipeline=quantize_q8_1_x4 elements=1376256,1,1 gpu_ns=12400
VKPHASE pipeline=quantize_q8_1_x4 elements=262144,1,1 gpu_ns=3240
VKPHASE pipeline=quantize_q8_1_x4 elements=262144,1,1 gpu_ns=1480
VKPHASE pipeline=quantize_q8_1_x4 elements=262144,1,1 gpu_ns=3120
VKPHASE pipeline=quantize_q8_1_x4 elements=1376256,1,1 gpu_ns=12000
VKPHASE pipeline=quantize_q8_1_x4 elements=262144,1,1 gpu_ns=1440
VKPHASE pipeline=quantize_q8_1_x4 elements=262144,1,1 gpu_ns=4440
VKPHASE pipeline=quantize_q8_1_x4 elements=262144,1,1 gpu_ns=1480
VKPHASE pipeline=quantize_q8_1_x4 elements=1376256,1,1 gpu_ns=11960
VKPHASE pipeline=quantize_q8_1_x4 elements=262144,1,1 gpu_ns=3160
VKPHASE pipeline=quantize_q8_1_x4 elements=262144,1,1 gpu_ns=1440
VKPHASE pipeline=quantize_q8_1_x4 elements=262144,1,1 gpu_ns=3200
VKPHASE pipeline=quantize_q8_1_x4 elements=1376256,1,1 gpu_ns=12360
VKPHASE pipeline=quantize_q8_1_x4 elements=262144,1,1 gpu_ns=3240
VKPHASE pipeline=quantize_q8_1_x4 elements=262144,1,1 gpu_ns=3200
VKPHASE pipeline=quantize_q8_1_x4 elements=262144,1,1 gpu_ns=3200
VKPHASE pipeline=quantize_q8_1_x4 elements=1376256,1,1 gpu_ns=12000
VKPHASE pipeline=quantize_q8_1_x4 elements=262144,1,1 gpu_ns=3160
VKPHASE pipeline=quantize_q8_1_x4 elements=262144,1,1 gpu_ns=1440
VKPHASE pipeline=quantize_q8_1_x4 elements=262144,1,1 gpu_ns=1440
VKPHASE pipeline=quantize_q8_1_x4 elements=1376256,1,1 gpu_ns=11920
VKPHASE pipeline=quantize_q8_1_x4 elements=262144,1,1 gpu_ns=3240
VKPHASE pipeline=quantize_q8_1_x4 elements=262144,1,1 gpu_ns=3200
VKPHASE pipeline=quantize_q8_1_x4 elements=262144,1,1 gpu_ns=3200
VKPHASE pipeline=quantize_q8_1_x4 elements=1376256,1,1 gpu_ns=12000
VKPHASE pipeline=quantize_q8_1_x4 elements=262144,1,1 gpu_ns=1560
VKPHASE pipeline=quantize_q8_1_x4 elements=262144,1,1 gpu_ns=1480
VKPHASE pipeline=quantize_q8_1_x4 elements=262144,1,1 gpu_ns=1480
VKPHASE pipeline=quantize_q8_1_x4 elements=1376256,1,1 gpu_ns=11920
VKPHASE pipeline=quantize_q8_1_x4 elements=262144,1,1 gpu_ns=1480
VKPHASE pipeline=quantize_q8_1_x4 elements=262144,1,1 gpu_ns=3120
VKPHASE pipeline=quantize_q8_1_x4 elements=262144,1,1 gpu_ns=1480
VKPHASE pipeline=quantize_q8_1_x4 elements=1376256,1,1 gpu_ns=12560
VKPHASE pipeline=quantize_q8_1_x4 elements=262144,1,1 gpu_ns=1480
VKPHASE pipeline=quantize_q8_1_x4 elements=262144,1,1 gpu_ns=3160
VKPHASE pipeline=quantize_q8_1_x4 elements=262144,1,1 gpu_ns=3200
VKPHASE pipeline=quantize_q8_1_x4 elements=1376256,1,1 gpu_ns=11840
VKPHASE pipeline=quantize_q8_1_x4 elements=262144,1,1 gpu_ns=3200
VKPHASE pipeline=quantize_q8_1_x4 elements=262144,1,1 gpu_ns=3280
VKPHASE pipeline=quantize_q8_1_x4 elements=262144,1,1 gpu_ns=3160
VKPHASE pipeline=quantize_q8_1_x4 elements=1376256,1,1 gpu_ns=12200
VKPHASE pipeline=quantize_q8_1_x4 elements=262144,1,1 gpu_ns=3200
VKPHASE pipeline=quantize_q8_1_x4 elements=262144,1,1 gpu_ns=3200
VKPHASE pipeline=quantize_q8_1_x4 elements=262144,1,1 gpu_ns=3200
VKPHASE pipeline=quantize_q8_1_x4 elements=1376256,1,1 gpu_ns=12120
VKPHASE pipeline=quantize_q8_1_x4 elements=262144,1,1 gpu_ns=3240
VKPHASE pipeline=quantize_q8_1_x4 elements=262144,1,1 gpu_ns=1480
VKPHASE pipeline=quantize_q8_1_x4 elements=262144,1,1 gpu_ns=3200
VKPHASE pipeline=quantize_q8_1_x4 elements=1376256,1,1 gpu_ns=12120
VKPHASE pipeline=quantize_q8_1_x4 elements=262144,1,1 gpu_ns=3280
VKPHASE pipeline=quantize_q8_1_x4 elements=262144,1,1 gpu_ns=3200
VKPHASE pipeline=quantize_q8_1_x4 elements=262144,1,1 gpu_ns=3160
VKPHASE pipeline=quantize_q8_1_x4 elements=1376256,1,1 gpu_ns=12080
VKPHASE pipeline=quantize_q8_1_x4 elements=262144,1,1 gpu_ns=3160
VKPHASE pipeline=quantize_q8_1_x4 elements=262144,1,1 gpu_ns=3240
VKPHASE pipeline=quantize_q8_1_x4 elements=262144,1,1 gpu_ns=3200
VKPHASE pipeline=quantize_q8_1_x4 elements=1376256,1,1 gpu_ns=11960
VKPHASE pipeline=quantize_q8_1_x4 elements=262144,1,1 gpu_ns=3240
VKPHASE pipeline=quantize_q8_1_x4 elements=262144,1,1 gpu_ns=3240
VKPHASE pipeline=quantize_q8_1_x4 elements=262144,1,1 gpu_ns=3160
VKPHASE pipeline=quantize_q8_1_x4 elements=1376256,1,1 gpu_ns=12080
VKPHASE pipeline=quantize_q8_1_x4 elements=262144,1,1 gpu_ns=3240
VKPHASE pipeline=quantize_q8_1_x4 elements=262144,1,1 gpu_ns=1480
VKPHASE pipeline=quantize_q8_1_x4 elements=262144,1,1 gpu_ns=3560
VKPHASE pipeline=quantize_q8_1_x4 elements=1376256,1,1 gpu_ns=12760
VKPHASE pipeline=quantize_q8_1_x4 elements=262144,1,1 gpu_ns=3320
VKPHASE pipeline=quantize_q8_1_x4 elements=262144,1,1 gpu_ns=1600
VKPHASE pipeline=quantize_q8_1_x4 elements=262144,1,1 gpu_ns=1440
VKPHASE pipeline=quantize_q8_1_x4 elements=1376256,1,1 gpu_ns=12920
VKPHASE pipeline=quantize_q8_1_x4 elements=262144,1,1 gpu_ns=3240
VKPHASE pipeline=quantize_q8_1_x4 elements=262144,1,1 gpu_ns=3160
VKPHASE pipeline=quantize_q8_1_x4 elements=262144,1,1 gpu_ns=3240
VKPHASE pipeline=quantize_q8_1_x4 elements=1376256,1,1 gpu_ns=12280
VKPHASE pipeline=quantize_q8_1_x4 elements=262144,1,1 gpu_ns=3200
VKPHASE pipeline=quantize_q8_1_x4 elements=262144,1,1 gpu_ns=3200
VKPHASE pipeline=quantize_q8_1_x4 elements=262144,1,1 gpu_ns=3520
VKPHASE pipeline=quantize_q8_1_x4 elements=1376256,1,1 gpu_ns=12120
VKPHASE pipeline=quantize_q8_1_x4 elements=262144,1,1 gpu_ns=3160
VKPHASE pipeline=quantize_q8_1_x4 elements=262144,1,1 gpu_ns=1480
VKPHASE pipeline=quantize_q8_1_x4 elements=262144,1,1 gpu_ns=3200
VKPHASE pipeline=quantize_q8_1_x4 elements=1376256,1,1 gpu_ns=12240
VKPHASE pipeline=quantize_q8_1_x4 elements=262144,1,1 gpu_ns=3160
VKPHASE pipeline=quantize_q8_1_x4 elements=262144,1,1 gpu_ns=3280
VKPHASE pipeline=quantize_q8_1_x4 elements=262144,1,1 gpu_ns=3200
VKPHASE pipeline=quantize_q8_1_x4 elements=1376256,1,1 gpu_ns=12320
VKPHASE pipeline=quantize_q8_1_x4 elements=262144,1,1 gpu_ns=1480
VKPHASE pipeline=quantize_q8_1_x4 elements=262144,1,1 gpu_ns=3240
----------------
Vulkan Timings:
ADD: 58 x 10.88 us = 631.04 us
CONCAT: 21 x 30.403 us = 638.48 us
CONCAT, CPY: 1 x 30 us = 30 us
CPY, SSM_CONV: 22 x 17.041 us = 374.92 us
FLASH_ATTN_EXT dst(64,32,128,1),  q(64,128,32,1),  k(64,4096,8,1),  v(64,4096,8,1),  m(4096,128,1,1), SCALE: 1 x 1059.8 us = 1059.8 us (4052.62 GFLOPS/s)
FLASH_ATTN_EXT dst(64,32,128,1),  q(64,128,32,1),  k(64,4096,8,1),  v(64,4096,8,1),  m(4096,128,1,1), SCALE, GET_ROWS, GET_ROWS, CPY: 7 x 1062.98 us = 7440.88 us (4040.49 GFLOPS/s)
GET_ROWS, GET_ROWS, CPY, MUL_MAT f32 m=64 n=4096 k=64: 1 x 17.24 us = 17.24 us (1931.11 GFLOPS/s)
GLU: 17 x 38.357 us = 652.08 us
GLU, SCALE, GET_ROWS, GET_ROWS: 12 x 40.38 us = 484.56 us
MUL: 43 x 9.55 us = 410.68 us
MUL, SCALE, GET_ROWS, GET_ROWS: 1 x 12.44 us = 12.44 us
MUL_MAT f32 m=64 n=1024 k=64: 8 x 2.33 us = 18.64 us (3572.13 GFLOPS/s)
MUL_MAT f32 m=64 n=1024 k=64, RMS_NORM_MUL_ROPE RMS_NORM(64,8,128,1): 8 x 32.805 us = 262.44 us (253.714 GFLOPS/s)
MUL_MAT f32 m=64 n=4096 k=64: 15 x 19.125 us = 286.88 us (1740.74 GFLOPS/s)
MUL_MAT q4_0_rocmfp4_fast m=10752 n=128 k=2048, MUL_MAT q4_0_rocmfp4_fast m=10752 n=128 k=2048: 29 x 798.398 us = 23153.6 us (14117.7 GFLOPS/s)
MUL_MAT q4_0_rocmfp4_fast m=2048 n=128 k=10752: 29 x 567.837 us = 16467.3 us (9926.93 GFLOPS/s)
MUL_MAT q4_0_rocmfp4_fast m=2048 n=128 k=2048: 29 x 96.322 us = 2793.36 us (11144.6 GFLOPS/s)
MUL_MAT q4_0_rocmfp4_fast m=2048 n=128 k=2048, MUL_MAT q4_0_rocmfp4_fast m=512 n=128 k=2048, MUL_MAT q4_0_rocmfp4_fast m=512 n=128 k=2048: 8 x 155.97 us = 1247.76 us (10323.9 GFLOPS/s)
MUL_MAT q4_0_rocmfp4_fast m=6144 n=128 k=2048: 10 x 244.52 us = 2445.2 us (13170.5 GFLOPS/s)
MUL_MAT q4_0_rocmfp4_fast m=6144 n=128 k=2048, CPY: 12 x 246.213 us = 2954.56 us (13079.9 GFLOPS/s)
RMS_NORM_MUL RMS_NORM(2048,128,1,1): 57 x 10.702 us = 610.04 us
RMS_NORM_MUL RMS_NORM(2048,128,1,1), GET_ROWS: 1 x 10.32 us = 10.32 us
RMS_NORM_MUL_ROPE RMS_NORM(64,32,128,1): 8 x 101.015 us = 808.12 us
SCALE, GET_ROWS, GET_ROWS, RMS_NORM_MUL RMS_NORM(2048,128,1,1), CPY: 1 x 13.96 us = 13.96 us
SET_ROWS, SET_ROWS: 8 x 5.37 us = 42.96 us
Total time: 62867.2 us.
VKPHASE pipeline=quantize_q8_1_x4 elements=262144,1,1 gpu_ns=1560
VKPHASE pipeline=quantize_q8_1_x4 elements=262144,1,1 gpu_ns=3280
VKPHASE pipeline=quantize_q8_1_x4 elements=262144,1,1 gpu_ns=1440
VKPHASE pipeline=quantize_q8_1_x4 elements=1376256,1,1 gpu_ns=12320
VKPHASE pipeline=quantize_q8_1_x4 elements=262144,1,1 gpu_ns=3240
VKPHASE pipeline=quantize_q8_1_x4 elements=262144,1,1 gpu_ns=1520
VKPHASE pipeline=quantize_q8_1_x4 elements=262144,1,1 gpu_ns=3360
VKPHASE pipeline=quantize_q8_1_x4 elements=1376256,1,1 gpu_ns=12200
VKPHASE pipeline=quantize_q8_1_x4 elements=262144,1,1 gpu_ns=3200
VKPHASE pipeline=quantize_q8_1_x4 elements=262144,1,1 gpu_ns=3240
VKPHASE pipeline=quantize_q8_1_x4 elements=262144,1,1 gpu_ns=3200
VKPHASE pipeline=quantize_q8_1_x4 elements=1376256,1,1 gpu_ns=12400
VKPHASE pipeline=quantize_q8_1_x4 elements=262144,1,1 gpu_ns=3160
VKPHASE pipeline=quantize_q8_1_x4 elements=262144,1,1 gpu_ns=3200
VKPHASE pipeline=quantize_q8_1_x4 elements=262144,1,1 gpu_ns=3200
VKPHASE pipeline=quantize_q8_1_x4 elements=1376256,1,1 gpu_ns=12560
VKPHASE pipeline=quantize_q8_1_x4 elements=262144,1,1 gpu_ns=1520
VKPHASE pipeline=quantize_q8_1_x4 elements=262144,1,1 gpu_ns=1480
VKPHASE pipeline=quantize_q8_1_x4 elements=262144,1,1 gpu_ns=1440
VKPHASE pipeline=quantize_q8_1_x4 elements=1376256,1,1 gpu_ns=12240
VKPHASE pipeline=quantize_q8_1_x4 elements=262144,1,1 gpu_ns=1480
VKPHASE pipeline=quantize_q8_1_x4 elements=262144,1,1 gpu_ns=4360
VKPHASE pipeline=quantize_q8_1_x4 elements=262144,1,1 gpu_ns=1520
VKPHASE pipeline=quantize_q8_1_x4 elements=1376256,1,1 gpu_ns=12200
VKPHASE pipeline=quantize_q8_1_x4 elements=262144,1,1 gpu_ns=1480
VKPHASE pipeline=quantize_q8_1_x4 elements=262144,1,1 gpu_ns=1480
VKPHASE pipeline=quantize_q8_1_x4 elements=262144,1,1 gpu_ns=1440
VKPHASE pipeline=quantize_q8_1_x4 elements=1376256,1,1 gpu_ns=12280
VKPHASE pipeline=quantize_q8_1_x4 elements=262144,1,1 gpu_ns=3880
VKPHASE pipeline=quantize_q8_1_x4 elements=262144,1,1 gpu_ns=1400
VKPHASE pipeline=quantize_q8_1_x4 elements=262144,1,1 gpu_ns=3240
VKPHASE pipeline=quantize_q8_1_x4 elements=1376256,1,1 gpu_ns=12000
VKPHASE pipeline=quantize_q8_1_x4 elements=262144,1,1 gpu_ns=1480
VKPHASE pipeline=quantize_q8_1_x4 elements=262144,1,1 gpu_ns=3200
VKPHASE pipeline=quantize_q8_1_x4 elements=262144,1,1 gpu_ns=3160
VKPHASE pipeline=quantize_q8_1_x4 elements=1376256,1,1 gpu_ns=12680
VKPHASE pipeline=quantize_q8_1_x4 elements=262144,1,1 gpu_ns=3160
VKPHASE pipeline=quantize_q8_1_x4 elements=262144,1,1 gpu_ns=3200
VKPHASE pipeline=quantize_q8_1_x4 elements=262144,1,1 gpu_ns=3200
VKPHASE pipeline=quantize_q8_1_x4 elements=1376256,1,1 gpu_ns=12120
VKPHASE pipeline=quantize_q8_1_x4 elements=262144,1,1 gpu_ns=3240
VKPHASE pipeline=quantize_q8_1_x4 elements=262144,1,1 gpu_ns=1560
VKPHASE pipeline=quantize_q8_1_x4 elements=262144,1,1 gpu_ns=3200
VKPHASE pipeline=quantize_q8_1_x4 elements=1376256,1,1 gpu_ns=12440
VKPHASE pipeline=quantize_q8_1_x4 elements=262144,1,1 gpu_ns=3200
VKPHASE pipeline=quantize_q8_1_x4 elements=262144,1,1 gpu_ns=3160
VKPHASE pipeline=quantize_q8_1_x4 elements=262144,1,1 gpu_ns=3160
VKPHASE pipeline=quantize_q8_1_x4 elements=1376256,1,1 gpu_ns=12080
VKPHASE pipeline=quantize_q8_1_x4 elements=262144,1,1 gpu_ns=3160
VKPHASE pipeline=quantize_q8_1_x4 elements=262144,1,1 gpu_ns=3240
VKPHASE pipeline=quantize_q8_1_x4 elements=262144,1,1 gpu_ns=3200
VKPHASE pipeline=quantize_q8_1_x4 elements=1376256,1,1 gpu_ns=12080
VKPHASE pipeline=quantize_q8_1_x4 elements=262144,1,1 gpu_ns=3240
VKPHASE pipeline=quantize_q8_1_x4 elements=262144,1,1 gpu_ns=3240
VKPHASE pipeline=quantize_q8_1_x4 elements=262144,1,1 gpu_ns=3200
VKPHASE pipeline=quantize_q8_1_x4 elements=1376256,1,1 gpu_ns=12000
VKPHASE pipeline=quantize_q8_1_x4 elements=262144,1,1 gpu_ns=1480
VKPHASE pipeline=quantize_q8_1_x4 elements=262144,1,1 gpu_ns=2680
VKPHASE pipeline=quantize_q8_1_x4 elements=262144,1,1 gpu_ns=3160
VKPHASE pipeline=quantize_q8_1_x4 elements=1376256,1,1 gpu_ns=12680
VKPHASE pipeline=quantize_q8_1_x4 elements=262144,1,1 gpu_ns=3240
VKPHASE pipeline=quantize_q8_1_x4 elements=262144,1,1 gpu_ns=1480
VKPHASE pipeline=quantize_q8_1_x4 elements=262144,1,1 gpu_ns=1440
VKPHASE pipeline=quantize_q8_1_x4 elements=1376256,1,1 gpu_ns=12240
VKPHASE pipeline=quantize_q8_1_x4 elements=262144,1,1 gpu_ns=1480
VKPHASE pipeline=quantize_q8_1_x4 elements=262144,1,1 gpu_ns=3160
VKPHASE pipeline=quantize_q8_1_x4 elements=262144,1,1 gpu_ns=3240
VKPHASE pipeline=quantize_q8_1_x4 elements=1376256,1,1 gpu_ns=12280
VKPHASE pipeline=quantize_q8_1_x4 elements=262144,1,1 gpu_ns=3200
VKPHASE pipeline=quantize_q8_1_x4 elements=262144,1,1 gpu_ns=3280
VKPHASE pipeline=quantize_q8_1_x4 elements=262144,1,1 gpu_ns=3160
VKPHASE pipeline=quantize_q8_1_x4 elements=1376256,1,1 gpu_ns=12640
VKPHASE pipeline=quantize_q8_1_x4 elements=262144,1,1 gpu_ns=3200
VKPHASE pipeline=quantize_q8_1_x4 elements=262144,1,1 gpu_ns=3240
VKPHASE pipeline=quantize_q8_1_x4 elements=262144,1,1 gpu_ns=3240
VKPHASE pipeline=quantize_q8_1_x4 elements=1376256,1,1 gpu_ns=12120
VKPHASE pipeline=quantize_q8_1_x4 elements=262144,1,1 gpu_ns=1560
VKPHASE pipeline=quantize_q8_1_x4 elements=262144,1,1 gpu_ns=1480
VKPHASE pipeline=quantize_q8_1_x4 elements=262144,1,1 gpu_ns=3200
VKPHASE pipeline=quantize_q8_1_x4 elements=1376256,1,1 gpu_ns=12160
VKPHASE pipeline=quantize_q8_1_x4 elements=262144,1,1 gpu_ns=3200
VKPHASE pipeline=quantize_q8_1_x4 elements=262144,1,1 gpu_ns=1440
VKPHASE pipeline=quantize_q8_1_x4 elements=262144,1,1 gpu_ns=3200
VKPHASE pipeline=quantize_q8_1_x4 elements=1376256,1,1 gpu_ns=12080
VKPHASE pipeline=quantize_q8_1_x4 elements=262144,1,1 gpu_ns=3240
VKPHASE pipeline=quantize_q8_1_x4 elements=262144,1,1 gpu_ns=4440
VKPHASE pipeline=quantize_q8_1_x4 elements=262144,1,1 gpu_ns=3240
VKPHASE pipeline=quantize_q8_1_x4 elements=1376256,1,1 gpu_ns=12080
VKPHASE pipeline=quantize_q8_1_x4 elements=262144,1,1 gpu_ns=1440
VKPHASE pipeline=quantize_q8_1_x4 elements=262144,1,1 gpu_ns=3160
VKPHASE pipeline=quantize_q8_1_x4 elements=262144,1,1 gpu_ns=3240
VKPHASE pipeline=quantize_q8_1_x4 elements=1376256,1,1 gpu_ns=12800
VKPHASE pipeline=quantize_q8_1_x4 elements=262144,1,1 gpu_ns=3160
VKPHASE pipeline=quantize_q8_1_x4 elements=262144,1,1 gpu_ns=1480
VKPHASE pipeline=quantize_q8_1_x4 elements=262144,1,1 gpu_ns=1480
VKPHASE pipeline=quantize_q8_1_x4 elements=1376256,1,1 gpu_ns=12040
VKPHASE pipeline=quantize_q8_1_x4 elements=262144,1,1 gpu_ns=1520
VKPHASE pipeline=quantize_q8_1_x4 elements=262144,1,1 gpu_ns=3240
VKPHASE pipeline=quantize_q8_1_x4 elements=262144,1,1 gpu_ns=1480
VKPHASE pipeline=quantize_q8_1_x4 elements=1376256,1,1 gpu_ns=12520
VKPHASE pipeline=quantize_q8_1_x4 elements=262144,1,1 gpu_ns=1480
VKPHASE pipeline=quantize_q8_1_x4 elements=262144,1,1 gpu_ns=3160
VKPHASE pipeline=quantize_q8_1_x4 elements=262144,1,1 gpu_ns=3160
VKPHASE pipeline=quantize_q8_1_x4 elements=1376256,1,1 gpu_ns=12280
VKPHASE pipeline=quantize_q8_1_x4 elements=262144,1,1 gpu_ns=3240
VKPHASE pipeline=quantize_q8_1_x4 elements=262144,1,1 gpu_ns=1480
VKPHASE pipeline=quantize_q8_1_x4 elements=262144,1,1 gpu_ns=3200
VKPHASE pipeline=quantize_q8_1_x4 elements=1376256,1,1 gpu_ns=12320
VKPHASE pipeline=quantize_q8_1_x4 elements=262144,1,1 gpu_ns=3160
VKPHASE pipeline=quantize_q8_1_x4 elements=262144,1,1 gpu_ns=3200
VKPHASE pipeline=quantize_q8_1_x4 elements=262144,1,1 gpu_ns=3200
VKPHASE pipeline=quantize_q8_1_x4 elements=1376256,1,1 gpu_ns=12360
VKPHASE pipeline=quantize_q8_1_x4 elements=262144,1,1 gpu_ns=3160
VKPHASE pipeline=quantize_q8_1_x4 elements=262144,1,1 gpu_ns=3280
VKPHASE pipeline=quantize_q8_1_x4 elements=262144,1,1 gpu_ns=3240
VKPHASE pipeline=quantize_q8_1_x4 elements=1376256,1,1 gpu_ns=12280
VKPHASE pipeline=quantize_q8_1_x4 elements=262144,1,1 gpu_ns=3200
VKPHASE pipeline=quantize_q8_1_x4 elements=262144,1,1 gpu_ns=1440
----------------
Vulkan Timings:
ADD: 58 x 13.45 us = 780.12 us
CONCAT: 21 x 35.123 us = 737.6 us
CONCAT, CPY: 1 x 103.56 us = 103.56 us
CPY, SSM_CONV: 22 x 20.316 us = 446.96 us
FLASH_ATTN_EXT dst(64,32,128,1),  q(64,128,32,1),  k(64,4352,8,1),  v(64,4352,8,1),  m(4352,128,1,1), SCALE: 1 x 1089.52 us = 1089.52 us (4188.45 GFLOPS/s)
FLASH_ATTN_EXT dst(64,32,128,1),  q(64,128,32,1),  k(64,4352,8,1),  v(64,4352,8,1),  m(4352,128,1,1), SCALE, GET_ROWS, GET_ROWS, CPY: 7 x 1376.96 us = 9638.76 us (3314.1 GFLOPS/s)
GET_ROWS, GET_ROWS, CPY, MUL_MAT f32 m=64 n=4096 k=64: 1 x 16.88 us = 16.88 us (1972.29 GFLOPS/s)
GLU: 17 x 51.087 us = 868.48 us
GLU, SCALE, GET_ROWS, GET_ROWS: 12 x 46.993 us = 563.92 us
MUL: 43 x 12.843 us = 552.28 us
MUL, SCALE, GET_ROWS, GET_ROWS: 1 x 80.88 us = 80.88 us
MUL_MAT f32 m=64 n=1024 k=64: 8 x 3.59 us = 28.72 us (2318.4 GFLOPS/s)
MUL_MAT f32 m=64 n=1024 k=64, RMS_NORM_MUL_ROPE RMS_NORM(64,8,128,1): 8 x 39.74 us = 317.92 us (209.438 GFLOPS/s)
MUL_MAT f32 m=64 n=4096 k=64: 15 x 21.24 us = 318.6 us (1567.43 GFLOPS/s)
MUL_MAT q4_0_rocmfp4_fast m=10752 n=128 k=2048, MUL_MAT q4_0_rocmfp4_fast m=10752 n=128 k=2048: 29 x 981.682 us = 28468.8 us (11481.9 GFLOPS/s)
MUL_MAT q4_0_rocmfp4_fast m=2048 n=128 k=10752: 29 x 675.583 us = 19591.9 us (8343.72 GFLOPS/s)
MUL_MAT q4_0_rocmfp4_fast m=2048 n=128 k=2048: 29 x 122.797 us = 3561.12 us (8741.89 GFLOPS/s)
MUL_MAT q4_0_rocmfp4_fast m=2048 n=128 k=2048, MUL_MAT q4_0_rocmfp4_fast m=512 n=128 k=2048, MUL_MAT q4_0_rocmfp4_fast m=512 n=128 k=2048: 8 x 196.72 us = 1573.76 us (8185.34 GFLOPS/s)
MUL_MAT q4_0_rocmfp4_fast m=6144 n=128 k=2048: 10 x 366.636 us = 3666.36 us (8783.75 GFLOPS/s)
MUL_MAT q4_0_rocmfp4_fast m=6144 n=128 k=2048, CPY: 12 x 252.776 us = 3033.32 us (12740.3 GFLOPS/s)
RMS_NORM_MUL RMS_NORM(2048,128,1,1): 57 x 11.956 us = 681.52 us
RMS_NORM_MUL RMS_NORM(2048,128,1,1), GET_ROWS: 1 x 10.36 us = 10.36 us
RMS_NORM_MUL_ROPE RMS_NORM(64,32,128,1): 8 x 135.98 us = 1087.84 us
SCALE, GET_ROWS, GET_ROWS, RMS_NORM_MUL RMS_NORM(2048,128,1,1), CPY: 1 x 34.76 us = 34.76 us
SET_ROWS, SET_ROWS: 8 x 7.2 us = 57.6 us
Total time: 77311.6 us.
VKPHASE pipeline=quantize_q8_1_x4 elements=262144,1,1 gpu_ns=10840
VKPHASE pipeline=quantize_q8_1_x4 elements=262144,1,1 gpu_ns=8800
VKPHASE pipeline=quantize_q8_1_x4 elements=262144,1,1 gpu_ns=10160
VKPHASE pipeline=quantize_q8_1_x4 elements=1376256,1,1 gpu_ns=26520
VKPHASE pipeline=quantize_q8_1_x4 elements=262144,1,1 gpu_ns=8680
VKPHASE pipeline=quantize_q8_1_x4 elements=262144,1,1 gpu_ns=10160
VKPHASE pipeline=quantize_q8_1_x4 elements=262144,1,1 gpu_ns=8640
VKPHASE pipeline=quantize_q8_1_x4 elements=1376256,1,1 gpu_ns=27440
VKPHASE pipeline=quantize_q8_1_x4 elements=262144,1,1 gpu_ns=10200
VKPHASE pipeline=quantize_q8_1_x4 elements=262144,1,1 gpu_ns=5240
VKPHASE pipeline=quantize_q8_1_x4 elements=262144,1,1 gpu_ns=4960
VKPHASE pipeline=quantize_q8_1_x4 elements=1376256,1,1 gpu_ns=16120
VKPHASE pipeline=quantize_q8_1_x4 elements=262144,1,1 gpu_ns=4120
VKPHASE pipeline=quantize_q8_1_x4 elements=262144,1,1 gpu_ns=3760
VKPHASE pipeline=quantize_q8_1_x4 elements=262144,1,1 gpu_ns=3880
VKPHASE pipeline=quantize_q8_1_x4 elements=1376256,1,1 gpu_ns=15920
VKPHASE pipeline=quantize_q8_1_x4 elements=262144,1,1 gpu_ns=3760
VKPHASE pipeline=quantize_q8_1_x4 elements=262144,1,1 gpu_ns=3320
VKPHASE pipeline=quantize_q8_1_x4 elements=262144,1,1 gpu_ns=3840
VKPHASE pipeline=quantize_q8_1_x4 elements=1376256,1,1 gpu_ns=15400
VKPHASE pipeline=quantize_q8_1_x4 elements=262144,1,1 gpu_ns=3840
VKPHASE pipeline=quantize_q8_1_x4 elements=262144,1,1 gpu_ns=5560
VKPHASE pipeline=quantize_q8_1_x4 elements=262144,1,1 gpu_ns=3680
VKPHASE pipeline=quantize_q8_1_x4 elements=1376256,1,1 gpu_ns=15480
VKPHASE pipeline=quantize_q8_1_x4 elements=262144,1,1 gpu_ns=3920
VKPHASE pipeline=quantize_q8_1_x4 elements=262144,1,1 gpu_ns=1680
VKPHASE pipeline=quantize_q8_1_x4 elements=262144,1,1 gpu_ns=3800
VKPHASE pipeline=quantize_q8_1_x4 elements=1376256,1,1 gpu_ns=14880
VKPHASE pipeline=quantize_q8_1_x4 elements=262144,1,1 gpu_ns=3880
VKPHASE pipeline=quantize_q8_1_x4 elements=262144,1,1 gpu_ns=3400
VKPHASE pipeline=quantize_q8_1_x4 elements=262144,1,1 gpu_ns=3800
VKPHASE pipeline=quantize_q8_1_x4 elements=1376256,1,1 gpu_ns=14520
VKPHASE pipeline=quantize_q8_1_x4 elements=262144,1,1 gpu_ns=3920
VKPHASE pipeline=quantize_q8_1_x4 elements=262144,1,1 gpu_ns=3920
VKPHASE pipeline=quantize_q8_1_x4 elements=262144,1,1 gpu_ns=3720
VKPHASE pipeline=quantize_q8_1_x4 elements=1376256,1,1 gpu_ns=14760
VKPHASE pipeline=quantize_q8_1_x4 elements=262144,1,1 gpu_ns=5480
VKPHASE pipeline=quantize_q8_1_x4 elements=262144,1,1 gpu_ns=5440
VKPHASE pipeline=quantize_q8_1_x4 elements=262144,1,1 gpu_ns=15960
VKPHASE pipeline=quantize_q8_1_x4 elements=1376256,1,1 gpu_ns=15680
VKPHASE pipeline=quantize_q8_1_x4 elements=262144,1,1 gpu_ns=5360
VKPHASE pipeline=quantize_q8_1_x4 elements=262144,1,1 gpu_ns=1600
VKPHASE pipeline=quantize_q8_1_x4 elements=262144,1,1 gpu_ns=3680
VKPHASE pipeline=quantize_q8_1_x4 elements=1376256,1,1 gpu_ns=15080
VKPHASE pipeline=quantize_q8_1_x4 elements=262144,1,1 gpu_ns=2080
VKPHASE pipeline=quantize_q8_1_x4 elements=262144,1,1 gpu_ns=3400
VKPHASE pipeline=quantize_q8_1_x4 elements=262144,1,1 gpu_ns=3680
VKPHASE pipeline=quantize_q8_1_x4 elements=1376256,1,1 gpu_ns=15200
VKPHASE pipeline=quantize_q8_1_x4 elements=262144,1,1 gpu_ns=3800
VKPHASE pipeline=quantize_q8_1_x4 elements=262144,1,1 gpu_ns=3280
VKPHASE pipeline=quantize_q8_1_x4 elements=262144,1,1 gpu_ns=1960
VKPHASE pipeline=quantize_q8_1_x4 elements=1376256,1,1 gpu_ns=14720
VKPHASE pipeline=quantize_q8_1_x4 elements=262144,1,1 gpu_ns=3840
VKPHASE pipeline=quantize_q8_1_x4 elements=262144,1,1 gpu_ns=5360
VKPHASE pipeline=quantize_q8_1_x4 elements=262144,1,1 gpu_ns=5360
VKPHASE pipeline=quantize_q8_1_x4 elements=1376256,1,1 gpu_ns=14640
VKPHASE pipeline=quantize_q8_1_x4 elements=262144,1,1 gpu_ns=5440
VKPHASE pipeline=quantize_q8_1_x4 elements=262144,1,1 gpu_ns=1680
VKPHASE pipeline=quantize_q8_1_x4 elements=262144,1,1 gpu_ns=3680
VKPHASE pipeline=quantize_q8_1_x4 elements=1376256,1,1 gpu_ns=14880
VKPHASE pipeline=quantize_q8_1_x4 elements=262144,1,1 gpu_ns=3720
VKPHASE pipeline=quantize_q8_1_x4 elements=262144,1,1 gpu_ns=1560
VKPHASE pipeline=quantize_q8_1_x4 elements=262144,1,1 gpu_ns=5400
VKPHASE pipeline=quantize_q8_1_x4 elements=1376256,1,1 gpu_ns=14480
VKPHASE pipeline=quantize_q8_1_x4 elements=262144,1,1 gpu_ns=3800
VKPHASE pipeline=quantize_q8_1_x4 elements=262144,1,1 gpu_ns=3400
VKPHASE pipeline=quantize_q8_1_x4 elements=262144,1,1 gpu_ns=3640
VKPHASE pipeline=quantize_q8_1_x4 elements=1376256,1,1 gpu_ns=11920
VKPHASE pipeline=quantize_q8_1_x4 elements=262144,1,1 gpu_ns=3160
VKPHASE pipeline=quantize_q8_1_x4 elements=262144,1,1 gpu_ns=4440
VKPHASE pipeline=quantize_q8_1_x4 elements=262144,1,1 gpu_ns=3280
VKPHASE pipeline=quantize_q8_1_x4 elements=1376256,1,1 gpu_ns=12360
VKPHASE pipeline=quantize_q8_1_x4 elements=262144,1,1 gpu_ns=3600
VKPHASE pipeline=quantize_q8_1_x4 elements=262144,1,1 gpu_ns=3240
VKPHASE pipeline=quantize_q8_1_x4 elements=262144,1,1 gpu_ns=3240
VKPHASE pipeline=quantize_q8_1_x4 elements=1376256,1,1 gpu_ns=12080
VKPHASE pipeline=quantize_q8_1_x4 elements=262144,1,1 gpu_ns=3240
VKPHASE pipeline=quantize_q8_1_x4 elements=262144,1,1 gpu_ns=1520
VKPHASE pipeline=quantize_q8_1_x4 elements=262144,1,1 gpu_ns=3200
VKPHASE pipeline=quantize_q8_1_x4 elements=1376256,1,1 gpu_ns=12200
VKPHASE pipeline=quantize_q8_1_x4 elements=262144,1,1 gpu_ns=3240
VKPHASE pipeline=quantize_q8_1_x4 elements=262144,1,1 gpu_ns=3240
VKPHASE pipeline=quantize_q8_1_x4 elements=262144,1,1 gpu_ns=3200
VKPHASE pipeline=quantize_q8_1_x4 elements=1376256,1,1 gpu_ns=12200
VKPHASE pipeline=quantize_q8_1_x4 elements=262144,1,1 gpu_ns=3440
VKPHASE pipeline=quantize_q8_1_x4 elements=262144,1,1 gpu_ns=3280
VKPHASE pipeline=quantize_q8_1_x4 elements=262144,1,1 gpu_ns=3200
VKPHASE pipeline=quantize_q8_1_x4 elements=1376256,1,1 gpu_ns=11920
VKPHASE pipeline=quantize_q8_1_x4 elements=262144,1,1 gpu_ns=3200
VKPHASE pipeline=quantize_q8_1_x4 elements=262144,1,1 gpu_ns=1440
VKPHASE pipeline=quantize_q8_1_x4 elements=262144,1,1 gpu_ns=1440
VKPHASE pipeline=quantize_q8_1_x4 elements=1376256,1,1 gpu_ns=12040
VKPHASE pipeline=quantize_q8_1_x4 elements=262144,1,1 gpu_ns=3240
VKPHASE pipeline=quantize_q8_1_x4 elements=262144,1,1 gpu_ns=1480
VKPHASE pipeline=quantize_q8_1_x4 elements=262144,1,1 gpu_ns=1480
VKPHASE pipeline=quantize_q8_1_x4 elements=1376256,1,1 gpu_ns=12080
VKPHASE pipeline=quantize_q8_1_x4 elements=262144,1,1 gpu_ns=3240
VKPHASE pipeline=quantize_q8_1_x4 elements=262144,1,1 gpu_ns=3320
VKPHASE pipeline=quantize_q8_1_x4 elements=262144,1,1 gpu_ns=1440
VKPHASE pipeline=quantize_q8_1_x4 elements=1376256,1,1 gpu_ns=13560
VKPHASE pipeline=quantize_q8_1_x4 elements=262144,1,1 gpu_ns=1480
VKPHASE pipeline=quantize_q8_1_x4 elements=262144,1,1 gpu_ns=1480
VKPHASE pipeline=quantize_q8_1_x4 elements=262144,1,1 gpu_ns=3360
VKPHASE pipeline=quantize_q8_1_x4 elements=1376256,1,1 gpu_ns=12560
VKPHASE pipeline=quantize_q8_1_x4 elements=262144,1,1 gpu_ns=3280
VKPHASE pipeline=quantize_q8_1_x4 elements=262144,1,1 gpu_ns=3240
VKPHASE pipeline=quantize_q8_1_x4 elements=262144,1,1 gpu_ns=3160
VKPHASE pipeline=quantize_q8_1_x4 elements=1376256,1,1 gpu_ns=12560
VKPHASE pipeline=quantize_q8_1_x4 elements=262144,1,1 gpu_ns=3160
VKPHASE pipeline=quantize_q8_1_x4 elements=262144,1,1 gpu_ns=3160
VKPHASE pipeline=quantize_q8_1_x4 elements=262144,1,1 gpu_ns=3240
VKPHASE pipeline=quantize_q8_1_x4 elements=1376256,1,1 gpu_ns=12280
VKPHASE pipeline=quantize_q8_1_x4 elements=262144,1,1 gpu_ns=3200
VKPHASE pipeline=quantize_q8_1_x4 elements=262144,1,1 gpu_ns=1440
VKPHASE pipeline=quantize_q8_1_x4 elements=262144,1,1 gpu_ns=3160
VKPHASE pipeline=quantize_q8_1_x4 elements=1376256,1,1 gpu_ns=12160
VKPHASE pipeline=quantize_q8_1_x4 elements=262144,1,1 gpu_ns=3200
VKPHASE pipeline=quantize_q8_1_x4 elements=262144,1,1 gpu_ns=3120
----------------
Vulkan Timings:
ADD: 58 x 11.511 us = 667.68 us
CONCAT: 21 x 29.969 us = 629.36 us
CONCAT, CPY: 1 x 30.08 us = 30.08 us
CPY, SSM_CONV: 22 x 17.18 us = 377.96 us
FLASH_ATTN_EXT dst(64,32,128,1),  q(64,128,32,1),  k(64,4352,8,1),  v(64,4352,8,1),  m(4352,128,1,1), SCALE: 1 x 1120.8 us = 1120.8 us (4071.56 GFLOPS/s)
FLASH_ATTN_EXT dst(64,32,128,1),  q(64,128,32,1),  k(64,4352,8,1),  v(64,4352,8,1),  m(4352,128,1,1), SCALE, GET_ROWS, GET_ROWS, CPY: 7 x 1127.81 us = 7894.68 us (4046.25 GFLOPS/s)
GET_ROWS, GET_ROWS, CPY, MUL_MAT f32 m=64 n=4096 k=64: 1 x 17.2 us = 17.2 us (1935.6 GFLOPS/s)
GLU: 17 x 38.124 us = 648.12 us
GLU, SCALE, GET_ROWS, GET_ROWS: 12 x 40.476 us = 485.72 us
MUL: 43 x 10.798 us = 464.32 us
MUL, SCALE, GET_ROWS, GET_ROWS: 1 x 12.04 us = 12.04 us
MUL_MAT f32 m=64 n=1024 k=64: 8 x 2.94 us = 23.52 us (2830.98 GFLOPS/s)
MUL_MAT f32 m=64 n=1024 k=64, RMS_NORM_MUL_ROPE RMS_NORM(64,8,128,1): 8 x 31 us = 248 us (268.486 GFLOPS/s)
MUL_MAT f32 m=64 n=4096 k=64: 15 x 17.514 us = 262.72 us (1900.82 GFLOPS/s)
MUL_MAT q4_0_rocmfp4_fast m=10752 n=128 k=2048, MUL_MAT q4_0_rocmfp4_fast m=10752 n=128 k=2048: 29 x 797.543 us = 23128.8 us (14132.8 GFLOPS/s)
MUL_MAT q4_0_rocmfp4_fast m=2048 n=128 k=10752: 29 x 566.736 us = 16435.4 us (9946.21 GFLOPS/s)
MUL_MAT q4_0_rocmfp4_fast m=2048 n=128 k=2048: 29 x 95.896 us = 2781 us (11194.1 GFLOPS/s)
MUL_MAT q4_0_rocmfp4_fast m=2048 n=128 k=2048, MUL_MAT q4_0_rocmfp4_fast m=512 n=128 k=2048, MUL_MAT q4_0_rocmfp4_fast m=512 n=128 k=2048: 8 x 153.31 us = 1226.48 us (10503 GFLOPS/s)
MUL_MAT q4_0_rocmfp4_fast m=6144 n=128 k=2048: 10 x 246.824 us = 2468.24 us (13047.5 GFLOPS/s)
MUL_MAT q4_0_rocmfp4_fast m=6144 n=128 k=2048, CPY: 12 x 239.413 us = 2872.96 us (13451.4 GFLOPS/s)
RMS_NORM_MUL RMS_NORM(2048,128,1,1): 57 x 10.242 us = 583.8 us
RMS_NORM_MUL RMS_NORM(2048,128,1,1), GET_ROWS: 1 x 10.24 us = 10.24 us
RMS_NORM_MUL_ROPE RMS_NORM(64,32,128,1): 8 x 100.9 us = 807.2 us
SCALE, GET_ROWS, GET_ROWS, RMS_NORM_MUL RMS_NORM(2048,128,1,1), CPY: 1 x 13.76 us = 13.76 us
SET_ROWS, SET_ROWS: 8 x 5.845 us = 46.76 us
Total time: 63256.8 us.
VKPHASE pipeline=quantize_q8_1_x4 elements=262144,1,1 gpu_ns=1440
VKPHASE pipeline=quantize_q8_1_x4 elements=262144,1,1 gpu_ns=3200
VKPHASE pipeline=quantize_q8_1_x4 elements=262144,1,1 gpu_ns=3160
VKPHASE pipeline=quantize_q8_1_x4 elements=1376256,1,1 gpu_ns=12880
VKPHASE pipeline=quantize_q8_1_x4 elements=262144,1,1 gpu_ns=3240
VKPHASE pipeline=quantize_q8_1_x4 elements=262144,1,1 gpu_ns=1480
VKPHASE pipeline=quantize_q8_1_x4 elements=262144,1,1 gpu_ns=3240
VKPHASE pipeline=quantize_q8_1_x4 elements=1376256,1,1 gpu_ns=12080
VKPHASE pipeline=quantize_q8_1_x4 elements=262144,1,1 gpu_ns=3120
VKPHASE pipeline=quantize_q8_1_x4 elements=262144,1,1 gpu_ns=1560
VKPHASE pipeline=quantize_q8_1_x4 elements=262144,1,1 gpu_ns=3280
VKPHASE pipeline=quantize_q8_1_x4 elements=1376256,1,1 gpu_ns=12360
VKPHASE pipeline=quantize_q8_1_x4 elements=262144,1,1 gpu_ns=3240
VKPHASE pipeline=quantize_q8_1_x4 elements=262144,1,1 gpu_ns=3200
VKPHASE pipeline=quantize_q8_1_x4 elements=262144,1,1 gpu_ns=3160
VKPHASE pipeline=quantize_q8_1_x4 elements=1376256,1,1 gpu_ns=12240
VKPHASE pipeline=quantize_q8_1_x4 elements=262144,1,1 gpu_ns=3200
VKPHASE pipeline=quantize_q8_1_x4 elements=262144,1,1 gpu_ns=3160
VKPHASE pipeline=quantize_q8_1_x4 elements=262144,1,1 gpu_ns=3160
VKPHASE pipeline=quantize_q8_1_x4 elements=1376256,1,1 gpu_ns=12160
VKPHASE pipeline=quantize_q8_1_x4 elements=262144,1,1 gpu_ns=1600
VKPHASE pipeline=quantize_q8_1_x4 elements=262144,1,1 gpu_ns=3280
VKPHASE pipeline=quantize_q8_1_x4 elements=262144,1,1 gpu_ns=1480
VKPHASE pipeline=quantize_q8_1_x4 elements=1376256,1,1 gpu_ns=12200
VKPHASE pipeline=quantize_q8_1_x4 elements=262144,1,1 gpu_ns=3240
VKPHASE pipeline=quantize_q8_1_x4 elements=262144,1,1 gpu_ns=2680
VKPHASE pipeline=quantize_q8_1_x4 elements=262144,1,1 gpu_ns=3160
VKPHASE pipeline=quantize_q8_1_x4 elements=1376256,1,1 gpu_ns=12040
VKPHASE pipeline=quantize_q8_1_x4 elements=262144,1,1 gpu_ns=3200
VKPHASE pipeline=quantize_q8_1_x4 elements=262144,1,1 gpu_ns=3040
VKPHASE pipeline=quantize_q8_1_x4 elements=262144,1,1 gpu_ns=3200
VKPHASE pipeline=quantize_q8_1_x4 elements=1376256,1,1 gpu_ns=12120
VKPHASE pipeline=quantize_q8_1_x4 elements=262144,1,1 gpu_ns=3200
VKPHASE pipeline=quantize_q8_1_x4 elements=262144,1,1 gpu_ns=1480
VKPHASE pipeline=quantize_q8_1_x4 elements=262144,1,1 gpu_ns=3160
VKPHASE pipeline=quantize_q8_1_x4 elements=1376256,1,1 gpu_ns=12800
VKPHASE pipeline=quantize_q8_1_x4 elements=262144,1,1 gpu_ns=4360
VKPHASE pipeline=quantize_q8_1_x4 elements=262144,1,1 gpu_ns=3240
VKPHASE pipeline=quantize_q8_1_x4 elements=262144,1,1 gpu_ns=3440
VKPHASE pipeline=quantize_q8_1_x4 elements=1376256,1,1 gpu_ns=12000
VKPHASE pipeline=quantize_q8_1_x4 elements=262144,1,1 gpu_ns=3240
VKPHASE pipeline=quantize_q8_1_x4 elements=262144,1,1 gpu_ns=1440
VKPHASE pipeline=quantize_q8_1_x4 elements=262144,1,1 gpu_ns=3200
VKPHASE pipeline=quantize_q8_1_x4 elements=1376256,1,1 gpu_ns=12160
VKPHASE pipeline=quantize_q8_1_x4 elements=262144,1,1 gpu_ns=3160
VKPHASE pipeline=quantize_q8_1_x4 elements=262144,1,1 gpu_ns=1480
VKPHASE pipeline=quantize_q8_1_x4 elements=262144,1,1 gpu_ns=1440
VKPHASE pipeline=quantize_q8_1_x4 elements=1376256,1,1 gpu_ns=12120
VKPHASE pipeline=quantize_q8_1_x4 elements=262144,1,1 gpu_ns=3200
VKPHASE pipeline=quantize_q8_1_x4 elements=262144,1,1 gpu_ns=3160
VKPHASE pipeline=quantize_q8_1_x4 elements=262144,1,1 gpu_ns=3200
VKPHASE pipeline=quantize_q8_1_x4 elements=1376256,1,1 gpu_ns=11960
VKPHASE pipeline=quantize_q8_1_x4 elements=262144,1,1 gpu_ns=4480
VKPHASE pipeline=quantize_q8_1_x4 elements=262144,1,1 gpu_ns=4360
VKPHASE pipeline=quantize_q8_1_x4 elements=262144,1,1 gpu_ns=3240
VKPHASE pipeline=quantize_q8_1_x4 elements=1376256,1,1 gpu_ns=11960
VKPHASE pipeline=quantize_q8_1_x4 elements=262144,1,1 gpu_ns=1480
VKPHASE pipeline=quantize_q8_1_x4 elements=262144,1,1 gpu_ns=1520
VKPHASE pipeline=quantize_q8_1_x4 elements=262144,1,1 gpu_ns=1440
VKPHASE pipeline=quantize_q8_1_x4 elements=1376256,1,1 gpu_ns=12040
VKPHASE pipeline=quantize_q8_1_x4 elements=262144,1,1 gpu_ns=3160
VKPHASE pipeline=quantize_q8_1_x4 elements=262144,1,1 gpu_ns=1440
VKPHASE pipeline=quantize_q8_1_x4 elements=262144,1,1 gpu_ns=3200
VKPHASE pipeline=quantize_q8_1_x4 elements=1376256,1,1 gpu_ns=11960
VKPHASE pipeline=quantize_q8_1_x4 elements=262144,1,1 gpu_ns=1520
VKPHASE pipeline=quantize_q8_1_x4 elements=262144,1,1 gpu_ns=3720
VKPHASE pipeline=quantize_q8_1_x4 elements=262144,1,1 gpu_ns=7080
VKPHASE pipeline=quantize_q8_1_x4 elements=1376256,1,1 gpu_ns=12400
VKPHASE pipeline=quantize_q8_1_x4 elements=262144,1,1 gpu_ns=3200
VKPHASE pipeline=quantize_q8_1_x4 elements=262144,1,1 gpu_ns=3240
VKPHASE pipeline=quantize_q8_1_x4 elements=262144,1,1 gpu_ns=3160
VKPHASE pipeline=quantize_q8_1_x4 elements=1376256,1,1 gpu_ns=12760
VKPHASE pipeline=quantize_q8_1_x4 elements=262144,1,1 gpu_ns=3160
VKPHASE pipeline=quantize_q8_1_x4 elements=262144,1,1 gpu_ns=3160
VKPHASE pipeline=quantize_q8_1_x4 elements=262144,1,1 gpu_ns=3200
VKPHASE pipeline=quantize_q8_1_x4 elements=1376256,1,1 gpu_ns=11880
VKPHASE pipeline=quantize_q8_1_x4 elements=262144,1,1 gpu_ns=3120
VKPHASE pipeline=quantize_q8_1_x4 elements=262144,1,1 gpu_ns=3160
VKPHASE pipeline=quantize_q8_1_x4 elements=262144,1,1 gpu_ns=3240
VKPHASE pipeline=quantize_q8_1_x4 elements=1376256,1,1 gpu_ns=12000
VKPHASE pipeline=quantize_q8_1_x4 elements=262144,1,1 gpu_ns=3240
VKPHASE pipeline=quantize_q8_1_x4 elements=262144,1,1 gpu_ns=3160
VKPHASE pipeline=quantize_q8_1_x4 elements=262144,1,1 gpu_ns=3160
VKPHASE pipeline=quantize_q8_1_x4 elements=1376256,1,1 gpu_ns=12120
VKPHASE pipeline=quantize_q8_1_x4 elements=262144,1,1 gpu_ns=3280
VKPHASE pipeline=quantize_q8_1_x4 elements=262144,1,1 gpu_ns=3280
VKPHASE pipeline=quantize_q8_1_x4 elements=262144,1,1 gpu_ns=3240
VKPHASE pipeline=quantize_q8_1_x4 elements=1376256,1,1 gpu_ns=11920
VKPHASE pipeline=quantize_q8_1_x4 elements=262144,1,1 gpu_ns=3240
VKPHASE pipeline=quantize_q8_1_x4 elements=262144,1,1 gpu_ns=3200
VKPHASE pipeline=quantize_q8_1_x4 elements=262144,1,1 gpu_ns=3240
VKPHASE pipeline=quantize_q8_1_x4 elements=1376256,1,1 gpu_ns=12120
VKPHASE pipeline=quantize_q8_1_x4 elements=262144,1,1 gpu_ns=3240
VKPHASE pipeline=quantize_q8_1_x4 elements=262144,1,1 gpu_ns=1440
VKPHASE pipeline=quantize_q8_1_x4 elements=262144,1,1 gpu_ns=3160
VKPHASE pipeline=quantize_q8_1_x4 elements=1376256,1,1 gpu_ns=11840
VKPHASE pipeline=quantize_q8_1_x4 elements=262144,1,1 gpu_ns=1480
VKPHASE pipeline=quantize_q8_1_x4 elements=262144,1,1 gpu_ns=3320
VKPHASE pipeline=quantize_q8_1_x4 elements=262144,1,1 gpu_ns=1440
VKPHASE pipeline=quantize_q8_1_x4 elements=1376256,1,1 gpu_ns=12320
VKPHASE pipeline=quantize_q8_1_x4 elements=262144,1,1 gpu_ns=1480
VKPHASE pipeline=quantize_q8_1_x4 elements=262144,1,1 gpu_ns=3200
VKPHASE pipeline=quantize_q8_1_x4 elements=262144,1,1 gpu_ns=3120
VKPHASE pipeline=quantize_q8_1_x4 elements=1376256,1,1 gpu_ns=12440
VKPHASE pipeline=quantize_q8_1_x4 elements=262144,1,1 gpu_ns=3200
VKPHASE pipeline=quantize_q8_1_x4 elements=262144,1,1 gpu_ns=1480
VKPHASE pipeline=quantize_q8_1_x4 elements=262144,1,1 gpu_ns=3160
VKPHASE pipeline=quantize_q8_1_x4 elements=1376256,1,1 gpu_ns=11960
VKPHASE pipeline=quantize_q8_1_x4 elements=262144,1,1 gpu_ns=3200
VKPHASE pipeline=quantize_q8_1_x4 elements=262144,1,1 gpu_ns=3160
VKPHASE pipeline=quantize_q8_1_x4 elements=262144,1,1 gpu_ns=3200
VKPHASE pipeline=quantize_q8_1_x4 elements=1376256,1,1 gpu_ns=12200
VKPHASE pipeline=quantize_q8_1_x4 elements=262144,1,1 gpu_ns=3280
VKPHASE pipeline=quantize_q8_1_x4 elements=262144,1,1 gpu_ns=1440
VKPHASE pipeline=quantize_q8_1_x4 elements=262144,1,1 gpu_ns=3160
VKPHASE pipeline=quantize_q8_1_x4 elements=1376256,1,1 gpu_ns=12160
VKPHASE pipeline=quantize_q8_1_x4 elements=262144,1,1 gpu_ns=3440
VKPHASE pipeline=quantize_q8_1_x4 elements=262144,1,1 gpu_ns=1440
----------------
Vulkan Timings:
ADD: 58 x 10.595 us = 614.52 us
CONCAT: 21 x 32.26 us = 677.48 us
CONCAT, CPY: 1 x 30.56 us = 30.56 us
CPY, SSM_CONV: 22 x 17.047 us = 375.04 us
FLASH_ATTN_EXT dst(64,32,128,1),  q(64,128,32,1),  k(64,4608,8,1),  v(64,4608,8,1),  m(4608,128,1,1), SCALE: 1 x 1158.24 us = 1158.24 us (4171.71 GFLOPS/s)
FLASH_ATTN_EXT dst(64,32,128,1),  q(64,128,32,1),  k(64,4608,8,1),  v(64,4608,8,1),  m(4608,128,1,1), SCALE, GET_ROWS, GET_ROWS, CPY: 7 x 1195.19 us = 8366.36 us (4042.72 GFLOPS/s)
GET_ROWS, GET_ROWS, CPY, MUL_MAT f32 m=64 n=4096 k=64: 1 x 17.12 us = 17.12 us (1944.64 GFLOPS/s)
GLU: 17 x 39.397 us = 669.76 us
GLU, SCALE, GET_ROWS, GET_ROWS: 12 x 41.07 us = 492.84 us
MUL: 43 x 10.56 us = 454.12 us
MUL, SCALE, GET_ROWS, GET_ROWS: 1 x 12.36 us = 12.36 us
MUL_MAT f32 m=64 n=1024 k=64: 8 x 2.69 us = 21.52 us (3094.08 GFLOPS/s)
MUL_MAT f32 m=64 n=1024 k=64, RMS_NORM_MUL_ROPE RMS_NORM(64,8,128,1): 8 x 33.27 us = 266.16 us (250.167 GFLOPS/s)
MUL_MAT f32 m=64 n=4096 k=64: 15 x 17.632 us = 264.48 us (1888.17 GFLOPS/s)
MUL_MAT q4_0_rocmfp4_fast m=10752 n=128 k=2048, MUL_MAT q4_0_rocmfp4_fast m=10752 n=128 k=2048: 29 x 803.775 us = 23309.5 us (14023.2 GFLOPS/s)
MUL_MAT q4_0_rocmfp4_fast m=2048 n=128 k=10752: 29 x 571.953 us = 16586.6 us (9855.5 GFLOPS/s)
MUL_MAT q4_0_rocmfp4_fast m=2048 n=128 k=2048: 29 x 98.324 us = 2851.4 us (10917.8 GFLOPS/s)
MUL_MAT q4_0_rocmfp4_fast m=2048 n=128 k=2048, MUL_MAT q4_0_rocmfp4_fast m=512 n=128 k=2048, MUL_MAT q4_0_rocmfp4_fast m=512 n=128 k=2048: 8 x 153.915 us = 1231.32 us (10461.7 GFLOPS/s)
MUL_MAT q4_0_rocmfp4_fast m=6144 n=128 k=2048: 10 x 244.808 us = 2448.08 us (13155 GFLOPS/s)
MUL_MAT q4_0_rocmfp4_fast m=6144 n=128 k=2048, CPY: 12 x 239.146 us = 2869.76 us (13466.4 GFLOPS/s)
RMS_NORM_MUL RMS_NORM(2048,128,1,1): 57 x 10.471 us = 596.88 us
RMS_NORM_MUL RMS_NORM(2048,128,1,1), GET_ROWS: 1 x 10.32 us = 10.32 us
RMS_NORM_MUL_ROPE RMS_NORM(64,32,128,1): 8 x 102.82 us = 822.56 us
SCALE, GET_ROWS, GET_ROWS, RMS_NORM_MUL RMS_NORM(2048,128,1,1), CPY: 1 x 15.24 us = 15.24 us
SET_ROWS, SET_ROWS: 8 x 5.59 us = 44.72 us
Total time: 64207 us.
VKPHASE pipeline=quantize_q8_1_x4 elements=262144,1,1 gpu_ns=1960
VKPHASE pipeline=quantize_q8_1_x4 elements=262144,1,1 gpu_ns=1640
VKPHASE pipeline=quantize_q8_1_x4 elements=262144,1,1 gpu_ns=1600
VKPHASE pipeline=quantize_q8_1_x4 elements=1376256,1,1 gpu_ns=12280
VKPHASE pipeline=quantize_q8_1_x4 elements=262144,1,1 gpu_ns=3320
VKPHASE pipeline=quantize_q8_1_x4 elements=262144,1,1 gpu_ns=3520
VKPHASE pipeline=quantize_q8_1_x4 elements=262144,1,1 gpu_ns=3400
VKPHASE pipeline=quantize_q8_1_x4 elements=1376256,1,1 gpu_ns=12240
VKPHASE pipeline=quantize_q8_1_x4 elements=262144,1,1 gpu_ns=3320
VKPHASE pipeline=quantize_q8_1_x4 elements=262144,1,1 gpu_ns=3320
VKPHASE pipeline=quantize_q8_1_x4 elements=262144,1,1 gpu_ns=3360
VKPHASE pipeline=quantize_q8_1_x4 elements=1376256,1,1 gpu_ns=12560
VKPHASE pipeline=quantize_q8_1_x4 elements=262144,1,1 gpu_ns=3240
VKPHASE pipeline=quantize_q8_1_x4 elements=262144,1,1 gpu_ns=1480
VKPHASE pipeline=quantize_q8_1_x4 elements=262144,1,1 gpu_ns=3120
VKPHASE pipeline=quantize_q8_1_x4 elements=1376256,1,1 gpu_ns=12640
VKPHASE pipeline=quantize_q8_1_x4 elements=262144,1,1 gpu_ns=3240
VKPHASE pipeline=quantize_q8_1_x4 elements=262144,1,1 gpu_ns=3200
VKPHASE pipeline=quantize_q8_1_x4 elements=262144,1,1 gpu_ns=3200
VKPHASE pipeline=quantize_q8_1_x4 elements=1376256,1,1 gpu_ns=11960
VKPHASE pipeline=quantize_q8_1_x4 elements=262144,1,1 gpu_ns=1480
VKPHASE pipeline=quantize_q8_1_x4 elements=262144,1,1 gpu_ns=3560
VKPHASE pipeline=quantize_q8_1_x4 elements=262144,1,1 gpu_ns=1480
VKPHASE pipeline=quantize_q8_1_x4 elements=1376256,1,1 gpu_ns=13080
VKPHASE pipeline=quantize_q8_1_x4 elements=262144,1,1 gpu_ns=3200
VKPHASE pipeline=quantize_q8_1_x4 elements=262144,1,1 gpu_ns=1480
VKPHASE pipeline=quantize_q8_1_x4 elements=262144,1,1 gpu_ns=3160
VKPHASE pipeline=quantize_q8_1_x4 elements=1376256,1,1 gpu_ns=12440
VKPHASE pipeline=quantize_q8_1_x4 elements=262144,1,1 gpu_ns=3160
VKPHASE pipeline=quantize_q8_1_x4 elements=262144,1,1 gpu_ns=3160
VKPHASE pipeline=quantize_q8_1_x4 elements=262144,1,1 gpu_ns=3160
VKPHASE pipeline=quantize_q8_1_x4 elements=1376256,1,1 gpu_ns=12560
VKPHASE pipeline=quantize_q8_1_x4 elements=262144,1,1 gpu_ns=1440
VKPHASE pipeline=quantize_q8_1_x4 elements=262144,1,1 gpu_ns=1440
VKPHASE pipeline=quantize_q8_1_x4 elements=262144,1,1 gpu_ns=3200
VKPHASE pipeline=quantize_q8_1_x4 elements=1376256,1,1 gpu_ns=12240
VKPHASE pipeline=quantize_q8_1_x4 elements=262144,1,1 gpu_ns=3160
VKPHASE pipeline=quantize_q8_1_x4 elements=262144,1,1 gpu_ns=3200
VKPHASE pipeline=quantize_q8_1_x4 elements=262144,1,1 gpu_ns=3200
VKPHASE pipeline=quantize_q8_1_x4 elements=1376256,1,1 gpu_ns=12160
VKPHASE pipeline=quantize_q8_1_x4 elements=262144,1,1 gpu_ns=3200
VKPHASE pipeline=quantize_q8_1_x4 elements=262144,1,1 gpu_ns=3200
VKPHASE pipeline=quantize_q8_1_x4 elements=262144,1,1 gpu_ns=3160
VKPHASE pipeline=quantize_q8_1_x4 elements=1376256,1,1 gpu_ns=12120
VKPHASE pipeline=quantize_q8_1_x4 elements=262144,1,1 gpu_ns=3200
VKPHASE pipeline=quantize_q8_1_x4 elements=262144,1,1 gpu_ns=3120
VKPHASE pipeline=quantize_q8_1_x4 elements=262144,1,1 gpu_ns=3120
VKPHASE pipeline=quantize_q8_1_x4 elements=1376256,1,1 gpu_ns=11960
VKPHASE pipeline=quantize_q8_1_x4 elements=262144,1,1 gpu_ns=3240
VKPHASE pipeline=quantize_q8_1_x4 elements=262144,1,1 gpu_ns=3200
VKPHASE pipeline=quantize_q8_1_x4 elements=262144,1,1 gpu_ns=3200
VKPHASE pipeline=quantize_q8_1_x4 elements=1376256,1,1 gpu_ns=12160
VKPHASE pipeline=quantize_q8_1_x4 elements=262144,1,1 gpu_ns=3320
VKPHASE pipeline=quantize_q8_1_x4 elements=262144,1,1 gpu_ns=3240
VKPHASE pipeline=quantize_q8_1_x4 elements=262144,1,1 gpu_ns=3200
VKPHASE pipeline=quantize_q8_1_x4 elements=1376256,1,1 gpu_ns=13200
VKPHASE pipeline=quantize_q8_1_x4 elements=262144,1,1 gpu_ns=1520
VKPHASE pipeline=quantize_q8_1_x4 elements=262144,1,1 gpu_ns=1440
VKPHASE pipeline=quantize_q8_1_x4 elements=262144,1,1 gpu_ns=1480
VKPHASE pipeline=quantize_q8_1_x4 elements=1376256,1,1 gpu_ns=12280
VKPHASE pipeline=quantize_q8_1_x4 elements=262144,1,1 gpu_ns=1600
VKPHASE pipeline=quantize_q8_1_x4 elements=262144,1,1 gpu_ns=1440
VKPHASE pipeline=quantize_q8_1_x4 elements=262144,1,1 gpu_ns=1480
VKPHASE pipeline=quantize_q8_1_x4 elements=1376256,1,1 gpu_ns=12440
VKPHASE pipeline=quantize_q8_1_x4 elements=262144,1,1 gpu_ns=1560
VKPHASE pipeline=quantize_q8_1_x4 elements=262144,1,1 gpu_ns=3200
VKPHASE pipeline=quantize_q8_1_x4 elements=262144,1,1 gpu_ns=3160
VKPHASE pipeline=quantize_q8_1_x4 elements=1376256,1,1 gpu_ns=12320
VKPHASE pipeline=quantize_q8_1_x4 elements=262144,1,1 gpu_ns=3200
VKPHASE pipeline=quantize_q8_1_x4 elements=262144,1,1 gpu_ns=3360
VKPHASE pipeline=quantize_q8_1_x4 elements=262144,1,1 gpu_ns=1520
VKPHASE pipeline=quantize_q8_1_x4 elements=1376256,1,1 gpu_ns=12320
VKPHASE pipeline=quantize_q8_1_x4 elements=262144,1,1 gpu_ns=3240
VKPHASE pipeline=quantize_q8_1_x4 elements=262144,1,1 gpu_ns=3160
VKPHASE pipeline=quantize_q8_1_x4 elements=262144,1,1 gpu_ns=3200
VKPHASE pipeline=quantize_q8_1_x4 elements=1376256,1,1 gpu_ns=12080
VKPHASE pipeline=quantize_q8_1_x4 elements=262144,1,1 gpu_ns=3200
VKPHASE pipeline=quantize_q8_1_x4 elements=262144,1,1 gpu_ns=3160
VKPHASE pipeline=quantize_q8_1_x4 elements=262144,1,1 gpu_ns=3200
VKPHASE pipeline=quantize_q8_1_x4 elements=1376256,1,1 gpu_ns=12120
VKPHASE pipeline=quantize_q8_1_x4 elements=262144,1,1 gpu_ns=3160
VKPHASE pipeline=quantize_q8_1_x4 elements=262144,1,1 gpu_ns=3400
VKPHASE pipeline=quantize_q8_1_x4 elements=262144,1,1 gpu_ns=3200
VKPHASE pipeline=quantize_q8_1_x4 elements=1376256,1,1 gpu_ns=11800
VKPHASE pipeline=quantize_q8_1_x4 elements=262144,1,1 gpu_ns=3160
VKPHASE pipeline=quantize_q8_1_x4 elements=262144,1,1 gpu_ns=3200
VKPHASE pipeline=quantize_q8_1_x4 elements=262144,1,1 gpu_ns=3240
VKPHASE pipeline=quantize_q8_1_x4 elements=1376256,1,1 gpu_ns=12240
VKPHASE pipeline=quantize_q8_1_x4 elements=262144,1,1 gpu_ns=3240
VKPHASE pipeline=quantize_q8_1_x4 elements=262144,1,1 gpu_ns=1480
VKPHASE pipeline=quantize_q8_1_x4 elements=262144,1,1 gpu_ns=3200
VKPHASE pipeline=quantize_q8_1_x4 elements=1376256,1,1 gpu_ns=12040
VKPHASE pipeline=quantize_q8_1_x4 elements=262144,1,1 gpu_ns=3240
VKPHASE pipeline=quantize_q8_1_x4 elements=262144,1,1 gpu_ns=1480
VKPHASE pipeline=quantize_q8_1_x4 elements=262144,1,1 gpu_ns=3200
VKPHASE pipeline=quantize_q8_1_x4 elements=1376256,1,1 gpu_ns=12200
VKPHASE pipeline=quantize_q8_1_x4 elements=262144,1,1 gpu_ns=1440
VKPHASE pipeline=quantize_q8_1_x4 elements=262144,1,1 gpu_ns=1560
VKPHASE pipeline=quantize_q8_1_x4 elements=262144,1,1 gpu_ns=1800
VKPHASE pipeline=quantize_q8_1_x4 elements=1376256,1,1 gpu_ns=12600
VKPHASE pipeline=quantize_q8_1_x4 elements=262144,1,1 gpu_ns=1440
VKPHASE pipeline=quantize_q8_1_x4 elements=262144,1,1 gpu_ns=1520
VKPHASE pipeline=quantize_q8_1_x4 elements=262144,1,1 gpu_ns=3160
VKPHASE pipeline=quantize_q8_1_x4 elements=1376256,1,1 gpu_ns=12200
VKPHASE pipeline=quantize_q8_1_x4 elements=262144,1,1 gpu_ns=3240
VKPHASE pipeline=quantize_q8_1_x4 elements=262144,1,1 gpu_ns=1440
VKPHASE pipeline=quantize_q8_1_x4 elements=262144,1,1 gpu_ns=1440
VKPHASE pipeline=quantize_q8_1_x4 elements=1376256,1,1 gpu_ns=12200
VKPHASE pipeline=quantize_q8_1_x4 elements=262144,1,1 gpu_ns=3160
VKPHASE pipeline=quantize_q8_1_x4 elements=262144,1,1 gpu_ns=3320
VKPHASE pipeline=quantize_q8_1_x4 elements=262144,1,1 gpu_ns=3200
VKPHASE pipeline=quantize_q8_1_x4 elements=1376256,1,1 gpu_ns=12200
VKPHASE pipeline=quantize_q8_1_x4 elements=262144,1,1 gpu_ns=3240
VKPHASE pipeline=quantize_q8_1_x4 elements=262144,1,1 gpu_ns=3160
VKPHASE pipeline=quantize_q8_1_x4 elements=262144,1,1 gpu_ns=1560
VKPHASE pipeline=quantize_q8_1_x4 elements=1376256,1,1 gpu_ns=12640
VKPHASE pipeline=quantize_q8_1_x4 elements=262144,1,1 gpu_ns=3200
VKPHASE pipeline=quantize_q8_1_x4 elements=262144,1,1 gpu_ns=3160
----------------
Vulkan Timings:
ADD: 58 x 10.085 us = 584.96 us
CONCAT: 21 x 30.325 us = 636.84 us
CONCAT, CPY: 1 x 29.64 us = 29.64 us
CPY, SSM_CONV: 22 x 16.992 us = 373.84 us
FLASH_ATTN_EXT dst(64,32,128,1),  q(64,128,32,1),  k(64,4608,8,1),  v(64,4608,8,1),  m(4608,128,1,1), SCALE: 1 x 1234.36 us = 1234.36 us (3914.45 GFLOPS/s)
FLASH_ATTN_EXT dst(64,32,128,1),  q(64,128,32,1),  k(64,4608,8,1),  v(64,4608,8,1),  m(4608,128,1,1), SCALE, GET_ROWS, GET_ROWS, CPY: 7 x 1191.96 us = 8343.76 us (4053.67 GFLOPS/s)
GET_ROWS, GET_ROWS, CPY, MUL_MAT f32 m=64 n=4096 k=64: 1 x 17.12 us = 17.12 us (1944.64 GFLOPS/s)
GLU: 17 x 38.574 us = 655.76 us
GLU, SCALE, GET_ROWS, GET_ROWS: 12 x 40.453 us = 485.44 us
MUL: 43 x 10.165 us = 437.12 us
MUL, SCALE, GET_ROWS, GET_ROWS: 1 x 12.2 us = 12.2 us
MUL_MAT f32 m=64 n=1024 k=64: 8 x 2.68 us = 21.44 us (3105.62 GFLOPS/s)
MUL_MAT f32 m=64 n=1024 k=64, RMS_NORM_MUL_ROPE RMS_NORM(64,8,128,1): 8 x 32.71 us = 261.68 us (254.45 GFLOPS/s)
MUL_MAT f32 m=64 n=4096 k=64: 15 x 17.517 us = 262.76 us (1900.53 GFLOPS/s)
MUL_MAT q4_0_rocmfp4_fast m=10752 n=128 k=2048, MUL_MAT q4_0_rocmfp4_fast m=10752 n=128 k=2048: 29 x 796.54 us = 23099.7 us (14150.6 GFLOPS/s)
MUL_MAT q4_0_rocmfp4_fast m=2048 n=128 k=10752: 29 x 569.478 us = 16514.9 us (9898.32 GFLOPS/s)
MUL_MAT q4_0_rocmfp4_fast m=2048 n=128 k=2048: 29 x 99.486 us = 2885.12 us (10790.2 GFLOPS/s)
MUL_MAT q4_0_rocmfp4_fast m=2048 n=128 k=2048, MUL_MAT q4_0_rocmfp4_fast m=512 n=128 k=2048, MUL_MAT q4_0_rocmfp4_fast m=512 n=128 k=2048: 8 x 150.765 us = 1206.12 us (10680.3 GFLOPS/s)
MUL_MAT q4_0_rocmfp4_fast m=6144 n=128 k=2048: 10 x 242.168 us = 2421.68 us (13298.4 GFLOPS/s)
MUL_MAT q4_0_rocmfp4_fast m=6144 n=128 k=2048, CPY: 12 x 250.343 us = 3004.12 us (12864.1 GFLOPS/s)
RMS_NORM_MUL RMS_NORM(2048,128,1,1): 57 x 10.312 us = 587.8 us
RMS_NORM_MUL RMS_NORM(2048,128,1,1), GET_ROWS: 1 x 11.28 us = 11.28 us
RMS_NORM_MUL_ROPE RMS_NORM(64,32,128,1): 8 x 102.775 us = 822.2 us
SCALE, GET_ROWS, GET_ROWS, RMS_NORM_MUL RMS_NORM(2048,128,1,1), CPY: 1 x 14.12 us = 14.12 us
SET_ROWS, SET_ROWS: 8 x 5.445 us = 43.56 us
Total time: 63967.5 us.
VKPHASE pipeline=quantize_q8_1_x4 elements=262144,1,1 gpu_ns=1480
VKPHASE pipeline=quantize_q8_1_x4 elements=262144,1,1 gpu_ns=3320
VKPHASE pipeline=quantize_q8_1_x4 elements=262144,1,1 gpu_ns=3240
VKPHASE pipeline=quantize_q8_1_x4 elements=1376256,1,1 gpu_ns=12360
VKPHASE pipeline=quantize_q8_1_x4 elements=262144,1,1 gpu_ns=3120
VKPHASE pipeline=quantize_q8_1_x4 elements=262144,1,1 gpu_ns=3160
VKPHASE pipeline=quantize_q8_1_x4 elements=262144,1,1 gpu_ns=3200
VKPHASE pipeline=quantize_q8_1_x4 elements=1376256,1,1 gpu_ns=12280
VKPHASE pipeline=quantize_q8_1_x4 elements=262144,1,1 gpu_ns=3200
VKPHASE pipeline=quantize_q8_1_x4 elements=262144,1,1 gpu_ns=3240
VKPHASE pipeline=quantize_q8_1_x4 elements=262144,1,1 gpu_ns=3200
VKPHASE pipeline=quantize_q8_1_x4 elements=1376256,1,1 gpu_ns=12600
VKPHASE pipeline=quantize_q8_1_x4 elements=262144,1,1 gpu_ns=3160
VKPHASE pipeline=quantize_q8_1_x4 elements=262144,1,1 gpu_ns=3240
VKPHASE pipeline=quantize_q8_1_x4 elements=262144,1,1 gpu_ns=3160
VKPHASE pipeline=quantize_q8_1_x4 elements=1376256,1,1 gpu_ns=12480
VKPHASE pipeline=quantize_q8_1_x4 elements=262144,1,1 gpu_ns=3240
VKPHASE pipeline=quantize_q8_1_x4 elements=262144,1,1 gpu_ns=1520
VKPHASE pipeline=quantize_q8_1_x4 elements=262144,1,1 gpu_ns=1440
VKPHASE pipeline=quantize_q8_1_x4 elements=1376256,1,1 gpu_ns=12720
VKPHASE pipeline=quantize_q8_1_x4 elements=262144,1,1 gpu_ns=1600
VKPHASE pipeline=quantize_q8_1_x4 elements=262144,1,1 gpu_ns=3240
VKPHASE pipeline=quantize_q8_1_x4 elements=262144,1,1 gpu_ns=1440
VKPHASE pipeline=quantize_q8_1_x4 elements=1376256,1,1 gpu_ns=12000
VKPHASE pipeline=quantize_q8_1_x4 elements=262144,1,1 gpu_ns=1440
VKPHASE pipeline=quantize_q8_1_x4 elements=262144,1,1 gpu_ns=1600
VKPHASE pipeline=quantize_q8_1_x4 elements=262144,1,1 gpu_ns=1480
VKPHASE pipeline=quantize_q8_1_x4 elements=1376256,1,1 gpu_ns=12280
VKPHASE pipeline=quantize_q8_1_x4 elements=262144,1,1 gpu_ns=1520
VKPHASE pipeline=quantize_q8_1_x4 elements=262144,1,1 gpu_ns=1440
VKPHASE pipeline=quantize_q8_1_x4 elements=262144,1,1 gpu_ns=3160
VKPHASE pipeline=quantize_q8_1_x4 elements=1376256,1,1 gpu_ns=12320
VKPHASE pipeline=quantize_q8_1_x4 elements=262144,1,1 gpu_ns=3200
VKPHASE pipeline=quantize_q8_1_x4 elements=262144,1,1 gpu_ns=3160
VKPHASE pipeline=quantize_q8_1_x4 elements=262144,1,1 gpu_ns=3160
VKPHASE pipeline=quantize_q8_1_x4 elements=1376256,1,1 gpu_ns=12000
VKPHASE pipeline=quantize_q8_1_x4 elements=262144,1,1 gpu_ns=3200
VKPHASE pipeline=quantize_q8_1_x4 elements=262144,1,1 gpu_ns=3240
VKPHASE pipeline=quantize_q8_1_x4 elements=262144,1,1 gpu_ns=3480
VKPHASE pipeline=quantize_q8_1_x4 elements=1376256,1,1 gpu_ns=12200
VKPHASE pipeline=quantize_q8_1_x4 elements=262144,1,1 gpu_ns=3200
VKPHASE pipeline=quantize_q8_1_x4 elements=262144,1,1 gpu_ns=3200
VKPHASE pipeline=quantize_q8_1_x4 elements=262144,1,1 gpu_ns=1440
VKPHASE pipeline=quantize_q8_1_x4 elements=1376256,1,1 gpu_ns=12200
VKPHASE pipeline=quantize_q8_1_x4 elements=262144,1,1 gpu_ns=1520
VKPHASE pipeline=quantize_q8_1_x4 elements=262144,1,1 gpu_ns=3120
VKPHASE pipeline=quantize_q8_1_x4 elements=262144,1,1 gpu_ns=1440
VKPHASE pipeline=quantize_q8_1_x4 elements=1376256,1,1 gpu_ns=11920
VKPHASE pipeline=quantize_q8_1_x4 elements=262144,1,1 gpu_ns=3200
VKPHASE pipeline=quantize_q8_1_x4 elements=262144,1,1 gpu_ns=3160
VKPHASE pipeline=quantize_q8_1_x4 elements=262144,1,1 gpu_ns=3200
VKPHASE pipeline=quantize_q8_1_x4 elements=1376256,1,1 gpu_ns=12200
VKPHASE pipeline=quantize_q8_1_x4 elements=262144,1,1 gpu_ns=3240
VKPHASE pipeline=quantize_q8_1_x4 elements=262144,1,1 gpu_ns=1640
VKPHASE pipeline=quantize_q8_1_x4 elements=262144,1,1 gpu_ns=3240
VKPHASE pipeline=quantize_q8_1_x4 elements=1376256,1,1 gpu_ns=12080
VKPHASE pipeline=quantize_q8_1_x4 elements=262144,1,1 gpu_ns=1480
VKPHASE pipeline=quantize_q8_1_x4 elements=262144,1,1 gpu_ns=1480
VKPHASE pipeline=quantize_q8_1_x4 elements=262144,1,1 gpu_ns=1480
VKPHASE pipeline=quantize_q8_1_x4 elements=1376256,1,1 gpu_ns=12160
VKPHASE pipeline=quantize_q8_1_x4 elements=262144,1,1 gpu_ns=1560
VKPHASE pipeline=quantize_q8_1_x4 elements=262144,1,1 gpu_ns=1480
VKPHASE pipeline=quantize_q8_1_x4 elements=262144,1,1 gpu_ns=3160
VKPHASE pipeline=quantize_q8_1_x4 elements=1376256,1,1 gpu_ns=11720
VKPHASE pipeline=quantize_q8_1_x4 elements=262144,1,1 gpu_ns=1480
VKPHASE pipeline=quantize_q8_1_x4 elements=262144,1,1 gpu_ns=3200
VKPHASE pipeline=quantize_q8_1_x4 elements=262144,1,1 gpu_ns=3200
VKPHASE pipeline=quantize_q8_1_x4 elements=1376256,1,1 gpu_ns=11880
VKPHASE pipeline=quantize_q8_1_x4 elements=262144,1,1 gpu_ns=3160
VKPHASE pipeline=quantize_q8_1_x4 elements=262144,1,1 gpu_ns=3240
VKPHASE pipeline=quantize_q8_1_x4 elements=262144,1,1 gpu_ns=3240
VKPHASE pipeline=quantize_q8_1_x4 elements=1376256,1,1 gpu_ns=12480
VKPHASE pipeline=quantize_q8_1_x4 elements=262144,1,1 gpu_ns=3160
VKPHASE pipeline=quantize_q8_1_x4 elements=262144,1,1 gpu_ns=3160
VKPHASE pipeline=quantize_q8_1_x4 elements=262144,1,1 gpu_ns=3200
VKPHASE pipeline=quantize_q8_1_x4 elements=1376256,1,1 gpu_ns=12000
VKPHASE pipeline=quantize_q8_1_x4 elements=262144,1,1 gpu_ns=3200
VKPHASE pipeline=quantize_q8_1_x4 elements=262144,1,1 gpu_ns=3120
VKPHASE pipeline=quantize_q8_1_x4 elements=262144,1,1 gpu_ns=1480
VKPHASE pipeline=quantize_q8_1_x4 elements=1376256,1,1 gpu_ns=12320
VKPHASE pipeline=quantize_q8_1_x4 elements=262144,1,1 gpu_ns=3280
VKPHASE pipeline=quantize_q8_1_x4 elements=262144,1,1 gpu_ns=3240
VKPHASE pipeline=quantize_q8_1_x4 elements=262144,1,1 gpu_ns=1480
VKPHASE pipeline=quantize_q8_1_x4 elements=1376256,1,1 gpu_ns=12080
VKPHASE pipeline=quantize_q8_1_x4 elements=262144,1,1 gpu_ns=3240
VKPHASE pipeline=quantize_q8_1_x4 elements=262144,1,1 gpu_ns=4320
VKPHASE pipeline=quantize_q8_1_x4 elements=262144,1,1 gpu_ns=3200
VKPHASE pipeline=quantize_q8_1_x4 elements=1376256,1,1 gpu_ns=12400
VKPHASE pipeline=quantize_q8_1_x4 elements=262144,1,1 gpu_ns=3240
VKPHASE pipeline=quantize_q8_1_x4 elements=262144,1,1 gpu_ns=1480
VKPHASE pipeline=quantize_q8_1_x4 elements=262144,1,1 gpu_ns=3200
VKPHASE pipeline=quantize_q8_1_x4 elements=1376256,1,1 gpu_ns=12160
VKPHASE pipeline=quantize_q8_1_x4 elements=262144,1,1 gpu_ns=3160
VKPHASE pipeline=quantize_q8_1_x4 elements=262144,1,1 gpu_ns=1440
VKPHASE pipeline=quantize_q8_1_x4 elements=262144,1,1 gpu_ns=1440
VKPHASE pipeline=quantize_q8_1_x4 elements=1376256,1,1 gpu_ns=12040
VKPHASE pipeline=quantize_q8_1_x4 elements=262144,1,1 gpu_ns=3200
VKPHASE pipeline=quantize_q8_1_x4 elements=262144,1,1 gpu_ns=3240
VKPHASE pipeline=quantize_q8_1_x4 elements=262144,1,1 gpu_ns=3160
VKPHASE pipeline=quantize_q8_1_x4 elements=1376256,1,1 gpu_ns=12680
VKPHASE pipeline=quantize_q8_1_x4 elements=262144,1,1 gpu_ns=1440
VKPHASE pipeline=quantize_q8_1_x4 elements=262144,1,1 gpu_ns=3680
VKPHASE pipeline=quantize_q8_1_x4 elements=262144,1,1 gpu_ns=3200
VKPHASE pipeline=quantize_q8_1_x4 elements=1376256,1,1 gpu_ns=12200
VKPHASE pipeline=quantize_q8_1_x4 elements=262144,1,1 gpu_ns=3200
VKPHASE pipeline=quantize_q8_1_x4 elements=262144,1,1 gpu_ns=1480
VKPHASE pipeline=quantize_q8_1_x4 elements=262144,1,1 gpu_ns=3160
VKPHASE pipeline=quantize_q8_1_x4 elements=1376256,1,1 gpu_ns=12080
VKPHASE pipeline=quantize_q8_1_x4 elements=262144,1,1 gpu_ns=3160
VKPHASE pipeline=quantize_q8_1_x4 elements=262144,1,1 gpu_ns=3200
VKPHASE pipeline=quantize_q8_1_x4 elements=262144,1,1 gpu_ns=3200
VKPHASE pipeline=quantize_q8_1_x4 elements=1376256,1,1 gpu_ns=12120
VKPHASE pipeline=quantize_q8_1_x4 elements=262144,1,1 gpu_ns=3280
VKPHASE pipeline=quantize_q8_1_x4 elements=262144,1,1 gpu_ns=3160
VKPHASE pipeline=quantize_q8_1_x4 elements=262144,1,1 gpu_ns=3240
VKPHASE pipeline=quantize_q8_1_x4 elements=1376256,1,1 gpu_ns=11760
VKPHASE pipeline=quantize_q8_1_x4 elements=262144,1,1 gpu_ns=3240
VKPHASE pipeline=quantize_q8_1_x4 elements=262144,1,1 gpu_ns=3200
----------------
Vulkan Timings:
ADD: 58 x 10.418 us = 604.28 us
CONCAT: 21 x 30.539 us = 641.32 us
CONCAT, CPY: 1 x 29.96 us = 29.96 us
CPY, SSM_CONV: 22 x 17.12 us = 376.64 us
FLASH_ATTN_EXT dst(64,32,128,1),  q(64,128,32,1),  k(64,4864,8,1),  v(64,4864,8,1),  m(4864,128,1,1), SCALE: 1 x 1214.12 us = 1214.12 us (4200.8 GFLOPS/s)
FLASH_ATTN_EXT dst(64,32,128,1),  q(64,128,32,1),  k(64,4864,8,1),  v(64,4864,8,1),  m(4864,128,1,1), SCALE, GET_ROWS, GET_ROWS, CPY: 7 x 1258.94 us = 8812.56 us (4051.25 GFLOPS/s)
GET_ROWS, GET_ROWS, CPY, MUL_MAT f32 m=64 n=4096 k=64: 1 x 17.2 us = 17.2 us (1935.6 GFLOPS/s)
GLU: 17 x 38.974 us = 662.56 us
GLU, SCALE, GET_ROWS, GET_ROWS: 12 x 40.583 us = 487 us
MUL: 43 x 10.421 us = 448.12 us
MUL, SCALE, GET_ROWS, GET_ROWS: 1 x 12.16 us = 12.16 us
MUL_MAT f32 m=64 n=1024 k=64: 8 x 2.685 us = 21.48 us (3099.84 GFLOPS/s)
MUL_MAT f32 m=64 n=1024 k=64, RMS_NORM_MUL_ROPE RMS_NORM(64,8,128,1): 8 x 32 us = 256 us (260.096 GFLOPS/s)
MUL_MAT f32 m=64 n=4096 k=64: 15 x 17.938 us = 269.08 us (1855.9 GFLOPS/s)
MUL_MAT q4_0_rocmfp4_fast m=10752 n=128 k=2048, MUL_MAT q4_0_rocmfp4_fast m=10752 n=128 k=2048: 29 x 804.671 us = 23335.5 us (14007.6 GFLOPS/s)
MUL_MAT q4_0_rocmfp4_fast m=2048 n=128 k=10752: 29 x 574.474 us = 16659.8 us (9812.24 GFLOPS/s)
MUL_MAT q4_0_rocmfp4_fast m=2048 n=128 k=2048: 29 x 99.718 us = 2891.84 us (10765.1 GFLOPS/s)
MUL_MAT q4_0_rocmfp4_fast m=2048 n=128 k=2048, MUL_MAT q4_0_rocmfp4_fast m=512 n=128 k=2048, MUL_MAT q4_0_rocmfp4_fast m=512 n=128 k=2048: 8 x 152.35 us = 1218.8 us (10569.2 GFLOPS/s)
MUL_MAT q4_0_rocmfp4_fast m=6144 n=128 k=2048: 10 x 245.908 us = 2459.08 us (13096.1 GFLOPS/s)
MUL_MAT q4_0_rocmfp4_fast m=6144 n=128 k=2048, CPY: 12 x 246.82 us = 2961.84 us (13047.7 GFLOPS/s)
RMS_NORM_MUL RMS_NORM(2048,128,1,1): 57 x 10.478 us = 597.28 us
RMS_NORM_MUL RMS_NORM(2048,128,1,1), GET_ROWS: 1 x 10.16 us = 10.16 us
RMS_NORM_MUL_ROPE RMS_NORM(64,32,128,1): 8 x 110.72 us = 885.76 us
SCALE, GET_ROWS, GET_ROWS, RMS_NORM_MUL RMS_NORM(2048,128,1,1), CPY: 1 x 14 us = 14 us
SET_ROWS, SET_ROWS: 8 x 5.73 us = 45.84 us
Total time: 64932.3 us.
VKPHASE pipeline=quantize_q8_1_x4 elements=262144,1,1 gpu_ns=1440
VKPHASE pipeline=quantize_q8_1_x4 elements=262144,1,1 gpu_ns=3320
VKPHASE pipeline=quantize_q8_1_x4 elements=262144,1,1 gpu_ns=3320
VKPHASE pipeline=quantize_q8_1_x4 elements=1376256,1,1 gpu_ns=12080
VKPHASE pipeline=quantize_q8_1_x4 elements=262144,1,1 gpu_ns=3480
VKPHASE pipeline=quantize_q8_1_x4 elements=262144,1,1 gpu_ns=3480
VKPHASE pipeline=quantize_q8_1_x4 elements=262144,1,1 gpu_ns=3400
VKPHASE pipeline=quantize_q8_1_x4 elements=1376256,1,1 gpu_ns=12200
VKPHASE pipeline=quantize_q8_1_x4 elements=262144,1,1 gpu_ns=3560
VKPHASE pipeline=quantize_q8_1_x4 elements=262144,1,1 gpu_ns=1720
VKPHASE pipeline=quantize_q8_1_x4 elements=262144,1,1 gpu_ns=3400
VKPHASE pipeline=quantize_q8_1_x4 elements=1376256,1,1 gpu_ns=12520
VKPHASE pipeline=quantize_q8_1_x4 elements=262144,1,1 gpu_ns=2000
VKPHASE pipeline=quantize_q8_1_x4 elements=262144,1,1 gpu_ns=3240
VKPHASE pipeline=quantize_q8_1_x4 elements=262144,1,1 gpu_ns=3280
VKPHASE pipeline=quantize_q8_1_x4 elements=1376256,1,1 gpu_ns=12680
VKPHASE pipeline=quantize_q8_1_x4 elements=262144,1,1 gpu_ns=3240
VKPHASE pipeline=quantize_q8_1_x4 elements=262144,1,1 gpu_ns=3240
VKPHASE pipeline=quantize_q8_1_x4 elements=262144,1,1 gpu_ns=3160
VKPHASE pipeline=quantize_q8_1_x4 elements=1376256,1,1 gpu_ns=12240
VKPHASE pipeline=quantize_q8_1_x4 elements=262144,1,1 gpu_ns=1520
VKPHASE pipeline=quantize_q8_1_x4 elements=262144,1,1 gpu_ns=1600
VKPHASE pipeline=quantize_q8_1_x4 elements=262144,1,1 gpu_ns=1440
VKPHASE pipeline=quantize_q8_1_x4 elements=1376256,1,1 gpu_ns=12280
VKPHASE pipeline=quantize_q8_1_x4 elements=262144,1,1 gpu_ns=3240
VKPHASE pipeline=quantize_q8_1_x4 elements=262144,1,1 gpu_ns=1480
VKPHASE pipeline=quantize_q8_1_x4 elements=262144,1,1 gpu_ns=3200
VKPHASE pipeline=quantize_q8_1_x4 elements=1376256,1,1 gpu_ns=12080
VKPHASE pipeline=quantize_q8_1_x4 elements=262144,1,1 gpu_ns=1440
VKPHASE pipeline=quantize_q8_1_x4 elements=262144,1,1 gpu_ns=1440
VKPHASE pipeline=quantize_q8_1_x4 elements=262144,1,1 gpu_ns=1480
VKPHASE pipeline=quantize_q8_1_x4 elements=1376256,1,1 gpu_ns=12080
VKPHASE pipeline=quantize_q8_1_x4 elements=262144,1,1 gpu_ns=3200
VKPHASE pipeline=quantize_q8_1_x4 elements=262144,1,1 gpu_ns=1480
VKPHASE pipeline=quantize_q8_1_x4 elements=262144,1,1 gpu_ns=3160
VKPHASE pipeline=quantize_q8_1_x4 elements=1376256,1,1 gpu_ns=12080
VKPHASE pipeline=quantize_q8_1_x4 elements=262144,1,1 gpu_ns=3200
VKPHASE pipeline=quantize_q8_1_x4 elements=262144,1,1 gpu_ns=3320
VKPHASE pipeline=quantize_q8_1_x4 elements=262144,1,1 gpu_ns=1440
VKPHASE pipeline=quantize_q8_1_x4 elements=1376256,1,1 gpu_ns=11960
VKPHASE pipeline=quantize_q8_1_x4 elements=262144,1,1 gpu_ns=3240
VKPHASE pipeline=quantize_q8_1_x4 elements=262144,1,1 gpu_ns=3200
VKPHASE pipeline=quantize_q8_1_x4 elements=262144,1,1 gpu_ns=3160
VKPHASE pipeline=quantize_q8_1_x4 elements=1376256,1,1 gpu_ns=12400
VKPHASE pipeline=quantize_q8_1_x4 elements=262144,1,1 gpu_ns=3200
VKPHASE pipeline=quantize_q8_1_x4 elements=262144,1,1 gpu_ns=3120
VKPHASE pipeline=quantize_q8_1_x4 elements=262144,1,1 gpu_ns=3200
VKPHASE pipeline=quantize_q8_1_x4 elements=1376256,1,1 gpu_ns=12000
VKPHASE pipeline=quantize_q8_1_x4 elements=262144,1,1 gpu_ns=3240
VKPHASE pipeline=quantize_q8_1_x4 elements=262144,1,1 gpu_ns=1440
VKPHASE pipeline=quantize_q8_1_x4 elements=262144,1,1 gpu_ns=3240
VKPHASE pipeline=quantize_q8_1_x4 elements=1376256,1,1 gpu_ns=11920
VKPHASE pipeline=quantize_q8_1_x4 elements=262144,1,1 gpu_ns=3280
VKPHASE pipeline=quantize_q8_1_x4 elements=262144,1,1 gpu_ns=3200
VKPHASE pipeline=quantize_q8_1_x4 elements=262144,1,1 gpu_ns=1480
VKPHASE pipeline=quantize_q8_1_x4 elements=1376256,1,1 gpu_ns=12160
VKPHASE pipeline=quantize_q8_1_x4 elements=262144,1,1 gpu_ns=1520
VKPHASE pipeline=quantize_q8_1_x4 elements=262144,1,1 gpu_ns=1400
VKPHASE pipeline=quantize_q8_1_x4 elements=262144,1,1 gpu_ns=3160
VKPHASE pipeline=quantize_q8_1_x4 elements=1376256,1,1 gpu_ns=12120
VKPHASE pipeline=quantize_q8_1_x4 elements=262144,1,1 gpu_ns=3240
VKPHASE pipeline=quantize_q8_1_x4 elements=262144,1,1 gpu_ns=1480
VKPHASE pipeline=quantize_q8_1_x4 elements=262144,1,1 gpu_ns=3160
VKPHASE pipeline=quantize_q8_1_x4 elements=1376256,1,1 gpu_ns=11960
VKPHASE pipeline=quantize_q8_1_x4 elements=262144,1,1 gpu_ns=1440
VKPHASE pipeline=quantize_q8_1_x4 elements=262144,1,1 gpu_ns=3200
VKPHASE pipeline=quantize_q8_1_x4 elements=262144,1,1 gpu_ns=1400
VKPHASE pipeline=quantize_q8_1_x4 elements=1376256,1,1 gpu_ns=11840
VKPHASE pipeline=quantize_q8_1_x4 elements=262144,1,1 gpu_ns=3200
VKPHASE pipeline=quantize_q8_1_x4 elements=262144,1,1 gpu_ns=3320
VKPHASE pipeline=quantize_q8_1_x4 elements=262144,1,1 gpu_ns=3200
VKPHASE pipeline=quantize_q8_1_x4 elements=1376256,1,1 gpu_ns=12320
VKPHASE pipeline=quantize_q8_1_x4 elements=262144,1,1 gpu_ns=3600
VKPHASE pipeline=quantize_q8_1_x4 elements=262144,1,1 gpu_ns=1400
VKPHASE pipeline=quantize_q8_1_x4 elements=262144,1,1 gpu_ns=1520
VKPHASE pipeline=quantize_q8_1_x4 elements=1376256,1,1 gpu_ns=12240
VKPHASE pipeline=quantize_q8_1_x4 elements=262144,1,1 gpu_ns=3200
VKPHASE pipeline=quantize_q8_1_x4 elements=262144,1,1 gpu_ns=3120
VKPHASE pipeline=quantize_q8_1_x4 elements=262144,1,1 gpu_ns=3160
VKPHASE pipeline=quantize_q8_1_x4 elements=1376256,1,1 gpu_ns=12120
VKPHASE pipeline=quantize_q8_1_x4 elements=262144,1,1 gpu_ns=3240
VKPHASE pipeline=quantize_q8_1_x4 elements=262144,1,1 gpu_ns=1480
VKPHASE pipeline=quantize_q8_1_x4 elements=262144,1,1 gpu_ns=3240
VKPHASE pipeline=quantize_q8_1_x4 elements=1376256,1,1 gpu_ns=12440
VKPHASE pipeline=quantize_q8_1_x4 elements=262144,1,1 gpu_ns=3160
VKPHASE pipeline=quantize_q8_1_x4 elements=262144,1,1 gpu_ns=3280
VKPHASE pipeline=quantize_q8_1_x4 elements=262144,1,1 gpu_ns=3280
VKPHASE pipeline=quantize_q8_1_x4 elements=1376256,1,1 gpu_ns=12200
VKPHASE pipeline=quantize_q8_1_x4 elements=262144,1,1 gpu_ns=3160
VKPHASE pipeline=quantize_q8_1_x4 elements=262144,1,1 gpu_ns=1480
VKPHASE pipeline=quantize_q8_1_x4 elements=262144,1,1 gpu_ns=3200
VKPHASE pipeline=quantize_q8_1_x4 elements=1376256,1,1 gpu_ns=12080
VKPHASE pipeline=quantize_q8_1_x4 elements=262144,1,1 gpu_ns=3280
VKPHASE pipeline=quantize_q8_1_x4 elements=262144,1,1 gpu_ns=1480
VKPHASE pipeline=quantize_q8_1_x4 elements=262144,1,1 gpu_ns=1440
VKPHASE pipeline=quantize_q8_1_x4 elements=1376256,1,1 gpu_ns=12080
VKPHASE pipeline=quantize_q8_1_x4 elements=262144,1,1 gpu_ns=1480
VKPHASE pipeline=quantize_q8_1_x4 elements=262144,1,1 gpu_ns=12200
VKPHASE pipeline=quantize_q8_1_x4 elements=262144,1,1 gpu_ns=3400
VKPHASE pipeline=quantize_q8_1_x4 elements=1376256,1,1 gpu_ns=12760
VKPHASE pipeline=quantize_q8_1_x4 elements=262144,1,1 gpu_ns=3200
VKPHASE pipeline=quantize_q8_1_x4 elements=262144,1,1 gpu_ns=1480
VKPHASE pipeline=quantize_q8_1_x4 elements=262144,1,1 gpu_ns=3160
VKPHASE pipeline=quantize_q8_1_x4 elements=1376256,1,1 gpu_ns=11760
VKPHASE pipeline=quantize_q8_1_x4 elements=262144,1,1 gpu_ns=3200
VKPHASE pipeline=quantize_q8_1_x4 elements=262144,1,1 gpu_ns=1480
VKPHASE pipeline=quantize_q8_1_x4 elements=262144,1,1 gpu_ns=3160
VKPHASE pipeline=quantize_q8_1_x4 elements=1376256,1,1 gpu_ns=12400
VKPHASE pipeline=quantize_q8_1_x4 elements=262144,1,1 gpu_ns=3160
VKPHASE pipeline=quantize_q8_1_x4 elements=262144,1,1 gpu_ns=3200
VKPHASE pipeline=quantize_q8_1_x4 elements=262144,1,1 gpu_ns=1480
VKPHASE pipeline=quantize_q8_1_x4 elements=1376256,1,1 gpu_ns=12320
VKPHASE pipeline=quantize_q8_1_x4 elements=262144,1,1 gpu_ns=3160
VKPHASE pipeline=quantize_q8_1_x4 elements=262144,1,1 gpu_ns=3160
VKPHASE pipeline=quantize_q8_1_x4 elements=262144,1,1 gpu_ns=3240
VKPHASE pipeline=quantize_q8_1_x4 elements=1376256,1,1 gpu_ns=12200
VKPHASE pipeline=quantize_q8_1_x4 elements=262144,1,1 gpu_ns=3200
VKPHASE pipeline=quantize_q8_1_x4 elements=262144,1,1 gpu_ns=3200
----------------
Vulkan Timings:
ADD: 58 x 10.034 us = 582 us
CONCAT: 21 x 32.676 us = 686.2 us
CONCAT, CPY: 1 x 29.64 us = 29.64 us
CPY, SSM_CONV: 22 x 17.03 us = 374.68 us
FLASH_ATTN_EXT dst(64,32,128,1),  q(64,128,32,1),  k(64,4864,8,1),  v(64,4864,8,1),  m(4864,128,1,1), SCALE: 1 x 1248.84 us = 1248.84 us (4084.01 GFLOPS/s)
FLASH_ATTN_EXT dst(64,32,128,1),  q(64,128,32,1),  k(64,4864,8,1),  v(64,4864,8,1),  m(4864,128,1,1), SCALE, GET_ROWS, GET_ROWS, CPY: 7 x 1274.86 us = 8924.04 us (4000.64 GFLOPS/s)
GET_ROWS, GET_ROWS, CPY, MUL_MAT f32 m=64 n=4096 k=64: 1 x 17.04 us = 17.04 us (1953.77 GFLOPS/s)
GLU: 17 x 38.388 us = 652.6 us
GLU, SCALE, GET_ROWS, GET_ROWS: 12 x 38.903 us = 466.84 us
MUL: 43 x 10.246 us = 440.6 us
MUL, SCALE, GET_ROWS, GET_ROWS: 1 x 12.48 us = 12.48 us
MUL_MAT f32 m=64 n=1024 k=64: 8 x 2.64 us = 21.12 us (3152.68 GFLOPS/s)
MUL_MAT f32 m=64 n=1024 k=64, RMS_NORM_MUL_ROPE RMS_NORM(64,8,128,1): 8 x 31.565 us = 252.52 us (263.68 GFLOPS/s)
MUL_MAT f32 m=64 n=4096 k=64: 15 x 17.56 us = 263.4 us (1895.92 GFLOPS/s)
MUL_MAT q4_0_rocmfp4_fast m=10752 n=128 k=2048, MUL_MAT q4_0_rocmfp4_fast m=10752 n=128 k=2048: 29 x 799.115 us = 23174.4 us (14105 GFLOPS/s)
MUL_MAT q4_0_rocmfp4_fast m=2048 n=128 k=10752: 29 x 567.263 us = 16450.6 us (9936.97 GFLOPS/s)
MUL_MAT q4_0_rocmfp4_fast m=2048 n=128 k=2048: 29 x 98.168 us = 2846.88 us (10935.1 GFLOPS/s)
MUL_MAT q4_0_rocmfp4_fast m=2048 n=128 k=2048, MUL_MAT q4_0_rocmfp4_fast m=512 n=128 k=2048, MUL_MAT q4_0_rocmfp4_fast m=512 n=128 k=2048: 8 x 153.24 us = 1225.92 us (10507.8 GFLOPS/s)
MUL_MAT q4_0_rocmfp4_fast m=6144 n=128 k=2048: 10 x 249.296 us = 2492.96 us (12918.1 GFLOPS/s)
MUL_MAT q4_0_rocmfp4_fast m=6144 n=128 k=2048, CPY: 12 x 243.026 us = 2916.32 us (13251.4 GFLOPS/s)
RMS_NORM_MUL RMS_NORM(2048,128,1,1): 57 x 10.392 us = 592.4 us
RMS_NORM_MUL RMS_NORM(2048,128,1,1), GET_ROWS: 1 x 10.24 us = 10.24 us
RMS_NORM_MUL_ROPE RMS_NORM(64,32,128,1): 8 x 102.825 us = 822.6 us
SCALE, GET_ROWS, GET_ROWS, RMS_NORM_MUL RMS_NORM(2048,128,1,1), CPY: 1 x 14.48 us = 14.48 us
SET_ROWS, SET_ROWS: 8 x 5.68 us = 45.44 us
Total time: 64564.2 us.
VKPHASE pipeline=quantize_q8_1_x4 elements=262144,1,1 gpu_ns=3400
VKPHASE pipeline=quantize_q8_1_x4 elements=262144,1,1 gpu_ns=3320
VKPHASE pipeline=quantize_q8_1_x4 elements=262144,1,1 gpu_ns=3280
VKPHASE pipeline=quantize_q8_1_x4 elements=1376256,1,1 gpu_ns=12880
VKPHASE pipeline=quantize_q8_1_x4 elements=262144,1,1 gpu_ns=3200
VKPHASE pipeline=quantize_q8_1_x4 elements=262144,1,1 gpu_ns=3320
VKPHASE pipeline=quantize_q8_1_x4 elements=262144,1,1 gpu_ns=3360
VKPHASE pipeline=quantize_q8_1_x4 elements=1376256,1,1 gpu_ns=12120
VKPHASE pipeline=quantize_q8_1_x4 elements=262144,1,1 gpu_ns=1520
VKPHASE pipeline=quantize_q8_1_x4 elements=262144,1,1 gpu_ns=3200
VKPHASE pipeline=quantize_q8_1_x4 elements=262144,1,1 gpu_ns=3200
VKPHASE pipeline=quantize_q8_1_x4 elements=1376256,1,1 gpu_ns=12480
VKPHASE pipeline=quantize_q8_1_x4 elements=262144,1,1 gpu_ns=3200
VKPHASE pipeline=quantize_q8_1_x4 elements=262144,1,1 gpu_ns=1480
VKPHASE pipeline=quantize_q8_1_x4 elements=262144,1,1 gpu_ns=3240
VKPHASE pipeline=quantize_q8_1_x4 elements=1376256,1,1 gpu_ns=12640
VKPHASE pipeline=quantize_q8_1_x4 elements=262144,1,1 gpu_ns=3240
VKPHASE pipeline=quantize_q8_1_x4 elements=262144,1,1 gpu_ns=3200
VKPHASE pipeline=quantize_q8_1_x4 elements=262144,1,1 gpu_ns=1480
VKPHASE pipeline=quantize_q8_1_x4 elements=1376256,1,1 gpu_ns=12160
VKPHASE pipeline=quantize_q8_1_x4 elements=262144,1,1 gpu_ns=4400
VKPHASE pipeline=quantize_q8_1_x4 elements=262144,1,1 gpu_ns=3200
VKPHASE pipeline=quantize_q8_1_x4 elements=262144,1,1 gpu_ns=1480
VKPHASE pipeline=quantize_q8_1_x4 elements=1376256,1,1 gpu_ns=12280
VKPHASE pipeline=quantize_q8_1_x4 elements=262144,1,1 gpu_ns=1560
VKPHASE pipeline=quantize_q8_1_x4 elements=262144,1,1 gpu_ns=1440
VKPHASE pipeline=quantize_q8_1_x4 elements=262144,1,1 gpu_ns=3160
VKPHASE pipeline=quantize_q8_1_x4 elements=1376256,1,1 gpu_ns=11880
VKPHASE pipeline=quantize_q8_1_x4 elements=262144,1,1 gpu_ns=1480
VKPHASE pipeline=quantize_q8_1_x4 elements=262144,1,1 gpu_ns=1440
VKPHASE pipeline=quantize_q8_1_x4 elements=262144,1,1 gpu_ns=3240
VKPHASE pipeline=quantize_q8_1_x4 elements=1376256,1,1 gpu_ns=12000
VKPHASE pipeline=quantize_q8_1_x4 elements=262144,1,1 gpu_ns=3520
VKPHASE pipeline=quantize_q8_1_x4 elements=262144,1,1 gpu_ns=3160
VKPHASE pipeline=quantize_q8_1_x4 elements=262144,1,1 gpu_ns=3160
VKPHASE pipeline=quantize_q8_1_x4 elements=1376256,1,1 gpu_ns=12120
VKPHASE pipeline=quantize_q8_1_x4 elements=262144,1,1 gpu_ns=3160
VKPHASE pipeline=quantize_q8_1_x4 elements=262144,1,1 gpu_ns=3320
VKPHASE pipeline=quantize_q8_1_x4 elements=262144,1,1 gpu_ns=1440
VKPHASE pipeline=quantize_q8_1_x4 elements=1376256,1,1 gpu_ns=12160
VKPHASE pipeline=quantize_q8_1_x4 elements=262144,1,1 gpu_ns=3200
VKPHASE pipeline=quantize_q8_1_x4 elements=262144,1,1 gpu_ns=1440
VKPHASE pipeline=quantize_q8_1_x4 elements=262144,1,1 gpu_ns=3200
VKPHASE pipeline=quantize_q8_1_x4 elements=1376256,1,1 gpu_ns=12160
VKPHASE pipeline=quantize_q8_1_x4 elements=262144,1,1 gpu_ns=3200
VKPHASE pipeline=quantize_q8_1_x4 elements=262144,1,1 gpu_ns=3200
VKPHASE pipeline=quantize_q8_1_x4 elements=262144,1,1 gpu_ns=3160
VKPHASE pipeline=quantize_q8_1_x4 elements=1376256,1,1 gpu_ns=12200
VKPHASE pipeline=quantize_q8_1_x4 elements=262144,1,1 gpu_ns=3240
VKPHASE pipeline=quantize_q8_1_x4 elements=262144,1,1 gpu_ns=1520
VKPHASE pipeline=quantize_q8_1_x4 elements=262144,1,1 gpu_ns=3200
VKPHASE pipeline=quantize_q8_1_x4 elements=1376256,1,1 gpu_ns=12040
VKPHASE pipeline=quantize_q8_1_x4 elements=262144,1,1 gpu_ns=3280
VKPHASE pipeline=quantize_q8_1_x4 elements=262144,1,1 gpu_ns=3160
VKPHASE pipeline=quantize_q8_1_x4 elements=262144,1,1 gpu_ns=3160
VKPHASE pipeline=quantize_q8_1_x4 elements=1376256,1,1 gpu_ns=11880
VKPHASE pipeline=quantize_q8_1_x4 elements=262144,1,1 gpu_ns=1560
VKPHASE pipeline=quantize_q8_1_x4 elements=262144,1,1 gpu_ns=1520
VKPHASE pipeline=quantize_q8_1_x4 elements=262144,1,1 gpu_ns=1480
VKPHASE pipeline=quantize_q8_1_x4 elements=1376256,1,1 gpu_ns=12080
VKPHASE pipeline=quantize_q8_1_x4 elements=262144,1,1 gpu_ns=3200
VKPHASE pipeline=quantize_q8_1_x4 elements=262144,1,1 gpu_ns=1480
VKPHASE pipeline=quantize_q8_1_x4 elements=262144,1,1 gpu_ns=3200
VKPHASE pipeline=quantize_q8_1_x4 elements=1376256,1,1 gpu_ns=12880
VKPHASE pipeline=quantize_q8_1_x4 elements=262144,1,1 gpu_ns=3240
VKPHASE pipeline=quantize_q8_1_x4 elements=262144,1,1 gpu_ns=1520
VKPHASE pipeline=quantize_q8_1_x4 elements=262144,1,1 gpu_ns=3200
VKPHASE pipeline=quantize_q8_1_x4 elements=1376256,1,1 gpu_ns=12000
VKPHASE pipeline=quantize_q8_1_x4 elements=262144,1,1 gpu_ns=3160
VKPHASE pipeline=quantize_q8_1_x4 elements=262144,1,1 gpu_ns=3320
VKPHASE pipeline=quantize_q8_1_x4 elements=262144,1,1 gpu_ns=3200
VKPHASE pipeline=quantize_q8_1_x4 elements=1376256,1,1 gpu_ns=12360
VKPHASE pipeline=quantize_q8_1_x4 elements=262144,1,1 gpu_ns=3200
VKPHASE pipeline=quantize_q8_1_x4 elements=262144,1,1 gpu_ns=3120
VKPHASE pipeline=quantize_q8_1_x4 elements=262144,1,1 gpu_ns=3160
VKPHASE pipeline=quantize_q8_1_x4 elements=1376256,1,1 gpu_ns=12320
VKPHASE pipeline=quantize_q8_1_x4 elements=262144,1,1 gpu_ns=3280
VKPHASE pipeline=quantize_q8_1_x4 elements=262144,1,1 gpu_ns=3120
VKPHASE pipeline=quantize_q8_1_x4 elements=262144,1,1 gpu_ns=3200
VKPHASE pipeline=quantize_q8_1_x4 elements=1376256,1,1 gpu_ns=12120
VKPHASE pipeline=quantize_q8_1_x4 elements=262144,1,1 gpu_ns=3440
VKPHASE pipeline=quantize_q8_1_x4 elements=262144,1,1 gpu_ns=1440
VKPHASE pipeline=quantize_q8_1_x4 elements=262144,1,1 gpu_ns=3120
VKPHASE pipeline=quantize_q8_1_x4 elements=1376256,1,1 gpu_ns=12000
VKPHASE pipeline=quantize_q8_1_x4 elements=262144,1,1 gpu_ns=3280
VKPHASE pipeline=quantize_q8_1_x4 elements=262144,1,1 gpu_ns=3200
VKPHASE pipeline=quantize_q8_1_x4 elements=262144,1,1 gpu_ns=3160
VKPHASE pipeline=quantize_q8_1_x4 elements=1376256,1,1 gpu_ns=12200
VKPHASE pipeline=quantize_q8_1_x4 elements=262144,1,1 gpu_ns=1440
VKPHASE pipeline=quantize_q8_1_x4 elements=262144,1,1 gpu_ns=3200
VKPHASE pipeline=quantize_q8_1_x4 elements=262144,1,1 gpu_ns=3160
VKPHASE pipeline=quantize_q8_1_x4 elements=1376256,1,1 gpu_ns=11800
VKPHASE pipeline=quantize_q8_1_x4 elements=262144,1,1 gpu_ns=3320
VKPHASE pipeline=quantize_q8_1_x4 elements=262144,1,1 gpu_ns=1480
VKPHASE pipeline=quantize_q8_1_x4 elements=262144,1,1 gpu_ns=3200
VKPHASE pipeline=quantize_q8_1_x4 elements=1376256,1,1 gpu_ns=12440
VKPHASE pipeline=quantize_q8_1_x4 elements=262144,1,1 gpu_ns=1640
VKPHASE pipeline=quantize_q8_1_x4 elements=262144,1,1 gpu_ns=1520
VKPHASE pipeline=quantize_q8_1_x4 elements=262144,1,1 gpu_ns=1480
VKPHASE pipeline=quantize_q8_1_x4 elements=1376256,1,1 gpu_ns=12920
VKPHASE pipeline=quantize_q8_1_x4 elements=262144,1,1 gpu_ns=1520
VKPHASE pipeline=quantize_q8_1_x4 elements=262144,1,1 gpu_ns=3240
VKPHASE pipeline=quantize_q8_1_x4 elements=262144,1,1 gpu_ns=3160
VKPHASE pipeline=quantize_q8_1_x4 elements=1376256,1,1 gpu_ns=12280
VKPHASE pipeline=quantize_q8_1_x4 elements=262144,1,1 gpu_ns=3160
VKPHASE pipeline=quantize_q8_1_x4 elements=262144,1,1 gpu_ns=4480
VKPHASE pipeline=quantize_q8_1_x4 elements=262144,1,1 gpu_ns=3200
VKPHASE pipeline=quantize_q8_1_x4 elements=1376256,1,1 gpu_ns=12160
VKPHASE pipeline=quantize_q8_1_x4 elements=262144,1,1 gpu_ns=3160
VKPHASE pipeline=quantize_q8_1_x4 elements=262144,1,1 gpu_ns=1520
VKPHASE pipeline=quantize_q8_1_x4 elements=262144,1,1 gpu_ns=3200
VKPHASE pipeline=quantize_q8_1_x4 elements=1376256,1,1 gpu_ns=12320
VKPHASE pipeline=quantize_q8_1_x4 elements=262144,1,1 gpu_ns=3240
VKPHASE pipeline=quantize_q8_1_x4 elements=262144,1,1 gpu_ns=3200
VKPHASE pipeline=quantize_q8_1_x4 elements=262144,1,1 gpu_ns=3160
VKPHASE pipeline=quantize_q8_1_x4 elements=1376256,1,1 gpu_ns=12160
VKPHASE pipeline=quantize_q8_1_x4 elements=262144,1,1 gpu_ns=3200
VKPHASE pipeline=quantize_q8_1_x4 elements=262144,1,1 gpu_ns=3200
----------------
Vulkan Timings:
ADD: 58 x 11.172 us = 648 us
CONCAT: 21 x 30.099 us = 632.08 us
CONCAT, CPY: 1 x 30.4 us = 30.4 us
CPY, SSM_CONV: 22 x 16.996 us = 373.92 us
FLASH_ATTN_EXT dst(64,32,128,1),  q(64,128,32,1),  k(64,5120,8,1),  v(64,5120,8,1),  m(5120,128,1,1), SCALE: 1 x 1306.24 us = 1306.24 us (4110.05 GFLOPS/s)
FLASH_ATTN_EXT dst(64,32,128,1),  q(64,128,32,1),  k(64,5120,8,1),  v(64,5120,8,1),  m(5120,128,1,1), SCALE, GET_ROWS, GET_ROWS, CPY: 7 x 1292.48 us = 9047.4 us (4153.79 GFLOPS/s)
GET_ROWS, GET_ROWS, CPY, MUL_MAT f32 m=64 n=4096 k=64: 1 x 16.96 us = 16.96 us (1962.99 GFLOPS/s)
GLU: 17 x 38.2 us = 649.4 us
GLU, SCALE, GET_ROWS, GET_ROWS: 12 x 42.96 us = 515.52 us
MUL: 43 x 10.882 us = 467.96 us
MUL, SCALE, GET_ROWS, GET_ROWS: 1 x 12.52 us = 12.52 us
MUL_MAT f32 m=64 n=1024 k=64: 8 x 2.99 us = 23.92 us (2783.64 GFLOPS/s)
MUL_MAT f32 m=64 n=1024 k=64, RMS_NORM_MUL_ROPE RMS_NORM(64,8,128,1): 8 x 34.025 us = 272.2 us (244.616 GFLOPS/s)
MUL_MAT f32 m=64 n=4096 k=64: 15 x 17.338 us = 260.08 us (1920.12 GFLOPS/s)
MUL_MAT q4_0_rocmfp4_fast m=10752 n=128 k=2048, MUL_MAT q4_0_rocmfp4_fast m=10752 n=128 k=2048: 29 x 793.633 us = 23015.4 us (14202.5 GFLOPS/s)
MUL_MAT q4_0_rocmfp4_fast m=2048 n=128 k=10752: 29 x 565.851 us = 16409.7 us (9961.78 GFLOPS/s)
MUL_MAT q4_0_rocmfp4_fast m=2048 n=128 k=2048: 29 x 96.645 us = 2802.72 us (11107.4 GFLOPS/s)
MUL_MAT q4_0_rocmfp4_fast m=2048 n=128 k=2048, MUL_MAT q4_0_rocmfp4_fast m=512 n=128 k=2048, MUL_MAT q4_0_rocmfp4_fast m=512 n=128 k=2048: 8 x 151.325 us = 1210.6 us (10640.8 GFLOPS/s)
MUL_MAT q4_0_rocmfp4_fast m=6144 n=128 k=2048: 10 x 242.892 us = 2428.92 us (13258.7 GFLOPS/s)
MUL_MAT q4_0_rocmfp4_fast m=6144 n=128 k=2048, CPY: 12 x 247.116 us = 2965.4 us (13032.1 GFLOPS/s)
RMS_NORM_MUL RMS_NORM(2048,128,1,1): 57 x 10.355 us = 590.24 us
RMS_NORM_MUL RMS_NORM(2048,128,1,1), GET_ROWS: 1 x 10.24 us = 10.24 us
RMS_NORM_MUL_ROPE RMS_NORM(64,32,128,1): 8 x 101.015 us = 808.12 us
SCALE, GET_ROWS, GET_ROWS, RMS_NORM_MUL RMS_NORM(2048,128,1,1), CPY: 1 x 15.28 us = 15.28 us
SET_ROWS, SET_ROWS: 8 x 5.345 us = 42.76 us
Total time: 64555.9 us.
VKPHASE pipeline=quantize_q8_1_x4 elements=262144,1,1 gpu_ns=3800
VKPHASE pipeline=quantize_q8_1_x4 elements=262144,1,1 gpu_ns=1560
VKPHASE pipeline=quantize_q8_1_x4 elements=262144,1,1 gpu_ns=3400
VKPHASE pipeline=quantize_q8_1_x4 elements=1376256,1,1 gpu_ns=12200
VKPHASE pipeline=quantize_q8_1_x4 elements=262144,1,1 gpu_ns=1480
VKPHASE pipeline=quantize_q8_1_x4 elements=262144,1,1 gpu_ns=1480
VKPHASE pipeline=quantize_q8_1_x4 elements=262144,1,1 gpu_ns=3240
VKPHASE pipeline=quantize_q8_1_x4 elements=1376256,1,1 gpu_ns=12360
VKPHASE pipeline=quantize_q8_1_x4 elements=262144,1,1 gpu_ns=3240
VKPHASE pipeline=quantize_q8_1_x4 elements=262144,1,1 gpu_ns=3200
VKPHASE pipeline=quantize_q8_1_x4 elements=262144,1,1 gpu_ns=3160
VKPHASE pipeline=quantize_q8_1_x4 elements=1376256,1,1 gpu_ns=12600
VKPHASE pipeline=quantize_q8_1_x4 elements=262144,1,1 gpu_ns=3240
VKPHASE pipeline=quantize_q8_1_x4 elements=262144,1,1 gpu_ns=1440
VKPHASE pipeline=quantize_q8_1_x4 elements=262144,1,1 gpu_ns=3240
VKPHASE pipeline=quantize_q8_1_x4 elements=1376256,1,1 gpu_ns=12480
VKPHASE pipeline=quantize_q8_1_x4 elements=262144,1,1 gpu_ns=3200
VKPHASE pipeline=quantize_q8_1_x4 elements=262144,1,1 gpu_ns=1520
VKPHASE pipeline=quantize_q8_1_x4 elements=262144,1,1 gpu_ns=1480
VKPHASE pipeline=quantize_q8_1_x4 elements=1376256,1,1 gpu_ns=12040
VKPHASE pipeline=quantize_q8_1_x4 elements=262144,1,1 gpu_ns=1520
VKPHASE pipeline=quantize_q8_1_x4 elements=262144,1,1 gpu_ns=3280
VKPHASE pipeline=quantize_q8_1_x4 elements=262144,1,1 gpu_ns=1480
VKPHASE pipeline=quantize_q8_1_x4 elements=1376256,1,1 gpu_ns=12000
VKPHASE pipeline=quantize_q8_1_x4 elements=262144,1,1 gpu_ns=3200
VKPHASE pipeline=quantize_q8_1_x4 elements=262144,1,1 gpu_ns=3280
VKPHASE pipeline=quantize_q8_1_x4 elements=262144,1,1 gpu_ns=3200
VKPHASE pipeline=quantize_q8_1_x4 elements=1376256,1,1 gpu_ns=11840
VKPHASE pipeline=quantize_q8_1_x4 elements=262144,1,1 gpu_ns=3200
VKPHASE pipeline=quantize_q8_1_x4 elements=262144,1,1 gpu_ns=3160
VKPHASE pipeline=quantize_q8_1_x4 elements=262144,1,1 gpu_ns=3200
VKPHASE pipeline=quantize_q8_1_x4 elements=1376256,1,1 gpu_ns=12160
VKPHASE pipeline=quantize_q8_1_x4 elements=262144,1,1 gpu_ns=3200
VKPHASE pipeline=quantize_q8_1_x4 elements=262144,1,1 gpu_ns=1480
VKPHASE pipeline=quantize_q8_1_x4 elements=262144,1,1 gpu_ns=3160
VKPHASE pipeline=quantize_q8_1_x4 elements=1376256,1,1 gpu_ns=12040
VKPHASE pipeline=quantize_q8_1_x4 elements=262144,1,1 gpu_ns=1480
VKPHASE pipeline=quantize_q8_1_x4 elements=262144,1,1 gpu_ns=4440
VKPHASE pipeline=quantize_q8_1_x4 elements=262144,1,1 gpu_ns=3160
VKPHASE pipeline=quantize_q8_1_x4 elements=1376256,1,1 gpu_ns=12280
VKPHASE pipeline=quantize_q8_1_x4 elements=262144,1,1 gpu_ns=3240
VKPHASE pipeline=quantize_q8_1_x4 elements=262144,1,1 gpu_ns=1440
VKPHASE pipeline=quantize_q8_1_x4 elements=262144,1,1 gpu_ns=1480
VKPHASE pipeline=quantize_q8_1_x4 elements=1376256,1,1 gpu_ns=12200
VKPHASE pipeline=quantize_q8_1_x4 elements=262144,1,1 gpu_ns=1480
VKPHASE pipeline=quantize_q8_1_x4 elements=262144,1,1 gpu_ns=3120
VKPHASE pipeline=quantize_q8_1_x4 elements=262144,1,1 gpu_ns=1440
VKPHASE pipeline=quantize_q8_1_x4 elements=1376256,1,1 gpu_ns=12040
VKPHASE pipeline=quantize_q8_1_x4 elements=262144,1,1 gpu_ns=3160
VKPHASE pipeline=quantize_q8_1_x4 elements=262144,1,1 gpu_ns=1480
VKPHASE pipeline=quantize_q8_1_x4 elements=262144,1,1 gpu_ns=3240
VKPHASE pipeline=quantize_q8_1_x4 elements=1376256,1,1 gpu_ns=12400
VKPHASE pipeline=quantize_q8_1_x4 elements=262144,1,1 gpu_ns=3640
VKPHASE pipeline=quantize_q8_1_x4 elements=262144,1,1 gpu_ns=3200
VKPHASE pipeline=quantize_q8_1_x4 elements=262144,1,1 gpu_ns=3200
VKPHASE pipeline=quantize_q8_1_x4 elements=1376256,1,1 gpu_ns=11960
VKPHASE pipeline=quantize_q8_1_x4 elements=262144,1,1 gpu_ns=3160
VKPHASE pipeline=quantize_q8_1_x4 elements=262144,1,1 gpu_ns=1480
VKPHASE pipeline=quantize_q8_1_x4 elements=262144,1,1 gpu_ns=3200
VKPHASE pipeline=quantize_q8_1_x4 elements=1376256,1,1 gpu_ns=12120
VKPHASE pipeline=quantize_q8_1_x4 elements=262144,1,1 gpu_ns=3160
VKPHASE pipeline=quantize_q8_1_x4 elements=262144,1,1 gpu_ns=1480
VKPHASE pipeline=quantize_q8_1_x4 elements=262144,1,1 gpu_ns=3200
VKPHASE pipeline=quantize_q8_1_x4 elements=1376256,1,1 gpu_ns=12360
VKPHASE pipeline=quantize_q8_1_x4 elements=262144,1,1 gpu_ns=1760
VKPHASE pipeline=quantize_q8_1_x4 elements=262144,1,1 gpu_ns=3160
VKPHASE pipeline=quantize_q8_1_x4 elements=262144,1,1 gpu_ns=3200
VKPHASE pipeline=quantize_q8_1_x4 elements=1376256,1,1 gpu_ns=12040
VKPHASE pipeline=quantize_q8_1_x4 elements=262144,1,1 gpu_ns=3240
VKPHASE pipeline=quantize_q8_1_x4 elements=262144,1,1 gpu_ns=3320
VKPHASE pipeline=quantize_q8_1_x4 elements=262144,1,1 gpu_ns=3240
VKPHASE pipeline=quantize_q8_1_x4 elements=1376256,1,1 gpu_ns=12360
VKPHASE pipeline=quantize_q8_1_x4 elements=262144,1,1 gpu_ns=3200
VKPHASE pipeline=quantize_q8_1_x4 elements=262144,1,1 gpu_ns=1480
VKPHASE pipeline=quantize_q8_1_x4 elements=262144,1,1 gpu_ns=3200
VKPHASE pipeline=quantize_q8_1_x4 elements=1376256,1,1 gpu_ns=12120
VKPHASE pipeline=quantize_q8_1_x4 elements=262144,1,1 gpu_ns=3280
VKPHASE pipeline=quantize_q8_1_x4 elements=262144,1,1 gpu_ns=3160
VKPHASE pipeline=quantize_q8_1_x4 elements=262144,1,1 gpu_ns=3160
VKPHASE pipeline=quantize_q8_1_x4 elements=1376256,1,1 gpu_ns=12040
VKPHASE pipeline=quantize_q8_1_x4 elements=262144,1,1 gpu_ns=3240
VKPHASE pipeline=quantize_q8_1_x4 elements=262144,1,1 gpu_ns=3200
VKPHASE pipeline=quantize_q8_1_x4 elements=262144,1,1 gpu_ns=3600
VKPHASE pipeline=quantize_q8_1_x4 elements=1376256,1,1 gpu_ns=12800
VKPHASE pipeline=quantize_q8_1_x4 elements=262144,1,1 gpu_ns=3240
VKPHASE pipeline=quantize_q8_1_x4 elements=262144,1,1 gpu_ns=3280
VKPHASE pipeline=quantize_q8_1_x4 elements=262144,1,1 gpu_ns=3200
VKPHASE pipeline=quantize_q8_1_x4 elements=1376256,1,1 gpu_ns=12320
VKPHASE pipeline=quantize_q8_1_x4 elements=262144,1,1 gpu_ns=3200
VKPHASE pipeline=quantize_q8_1_x4 elements=262144,1,1 gpu_ns=1440
VKPHASE pipeline=quantize_q8_1_x4 elements=262144,1,1 gpu_ns=3240
VKPHASE pipeline=quantize_q8_1_x4 elements=1376256,1,1 gpu_ns=12280
VKPHASE pipeline=quantize_q8_1_x4 elements=262144,1,1 gpu_ns=3200
VKPHASE pipeline=quantize_q8_1_x4 elements=262144,1,1 gpu_ns=1440
VKPHASE pipeline=quantize_q8_1_x4 elements=262144,1,1 gpu_ns=1760
VKPHASE pipeline=quantize_q8_1_x4 elements=1376256,1,1 gpu_ns=12120
VKPHASE pipeline=quantize_q8_1_x4 elements=262144,1,1 gpu_ns=1480
VKPHASE pipeline=quantize_q8_1_x4 elements=262144,1,1 gpu_ns=3240
VKPHASE pipeline=quantize_q8_1_x4 elements=262144,1,1 gpu_ns=1440
VKPHASE pipeline=quantize_q8_1_x4 elements=1376256,1,1 gpu_ns=12680
VKPHASE pipeline=quantize_q8_1_x4 elements=262144,1,1 gpu_ns=1520
VKPHASE pipeline=quantize_q8_1_x4 elements=262144,1,1 gpu_ns=3120
VKPHASE pipeline=quantize_q8_1_x4 elements=262144,1,1 gpu_ns=3200
VKPHASE pipeline=quantize_q8_1_x4 elements=1376256,1,1 gpu_ns=12200
VKPHASE pipeline=quantize_q8_1_x4 elements=262144,1,1 gpu_ns=3200
VKPHASE pipeline=quantize_q8_1_x4 elements=262144,1,1 gpu_ns=1440
VKPHASE pipeline=quantize_q8_1_x4 elements=262144,1,1 gpu_ns=3160
VKPHASE pipeline=quantize_q8_1_x4 elements=1376256,1,1 gpu_ns=12120
VKPHASE pipeline=quantize_q8_1_x4 elements=262144,1,1 gpu_ns=3160
VKPHASE pipeline=quantize_q8_1_x4 elements=262144,1,1 gpu_ns=3200
VKPHASE pipeline=quantize_q8_1_x4 elements=262144,1,1 gpu_ns=3240
VKPHASE pipeline=quantize_q8_1_x4 elements=1376256,1,1 gpu_ns=12560
VKPHASE pipeline=quantize_q8_1_x4 elements=262144,1,1 gpu_ns=3160
VKPHASE pipeline=quantize_q8_1_x4 elements=262144,1,1 gpu_ns=4320
VKPHASE pipeline=quantize_q8_1_x4 elements=262144,1,1 gpu_ns=3240
VKPHASE pipeline=quantize_q8_1_x4 elements=1376256,1,1 gpu_ns=12320
VKPHASE pipeline=quantize_q8_1_x4 elements=262144,1,1 gpu_ns=1440
VKPHASE pipeline=quantize_q8_1_x4 elements=262144,1,1 gpu_ns=1480
----------------
Vulkan Timings:
ADD: 58 x 11.225 us = 651.08 us
CONCAT: 21 x 31.56 us = 662.76 us
CONCAT, CPY: 1 x 30.8 us = 30.8 us
CPY, SSM_CONV: 22 x 17.014 us = 374.32 us
FLASH_ATTN_EXT dst(64,32,128,1),  q(64,128,32,1),  k(64,5120,8,1),  v(64,5120,8,1),  m(5120,128,1,1), SCALE: 1 x 1321.64 us = 1321.64 us (4062.16 GFLOPS/s)
FLASH_ATTN_EXT dst(64,32,128,1),  q(64,128,32,1),  k(64,5120,8,1),  v(64,5120,8,1),  m(5120,128,1,1), SCALE, GET_ROWS, GET_ROWS, CPY: 7 x 1342.9 us = 9400.32 us (3997.84 GFLOPS/s)
GET_ROWS, GET_ROWS, CPY, MUL_MAT f32 m=64 n=4096 k=64: 1 x 17.12 us = 17.12 us (1944.64 GFLOPS/s)
GLU: 17 x 37.929 us = 644.8 us
GLU, SCALE, GET_ROWS, GET_ROWS: 12 x 40.506 us = 486.08 us
MUL: 43 x 10.892 us = 468.36 us
MUL, SCALE, GET_ROWS, GET_ROWS: 1 x 12.48 us = 12.48 us
MUL_MAT f32 m=64 n=1024 k=64: 8 x 2.97 us = 23.76 us (2802.38 GFLOPS/s)
MUL_MAT f32 m=64 n=1024 k=64, RMS_NORM_MUL_ROPE RMS_NORM(64,8,128,1): 8 x 30.955 us = 247.64 us (268.876 GFLOPS/s)
MUL_MAT f32 m=64 n=4096 k=64: 15 x 17.741 us = 266.12 us (1876.54 GFLOPS/s)
MUL_MAT q4_0_rocmfp4_fast m=10752 n=128 k=2048, MUL_MAT q4_0_rocmfp4_fast m=10752 n=128 k=2048: 29 x 794.975 us = 23054.3 us (14178.5 GFLOPS/s)
MUL_MAT q4_0_rocmfp4_fast m=2048 n=128 k=10752: 29 x 565.615 us = 16402.8 us (9965.93 GFLOPS/s)
MUL_MAT q4_0_rocmfp4_fast m=2048 n=128 k=2048: 29 x 98.844 us = 2866.48 us (10860.3 GFLOPS/s)
MUL_MAT q4_0_rocmfp4_fast m=2048 n=128 k=2048, MUL_MAT q4_0_rocmfp4_fast m=512 n=128 k=2048, MUL_MAT q4_0_rocmfp4_fast m=512 n=128 k=2048: 8 x 148.68 us = 1189.44 us (10830.1 GFLOPS/s)
MUL_MAT q4_0_rocmfp4_fast m=6144 n=128 k=2048: 10 x 242.324 us = 2423.24 us (13289.8 GFLOPS/s)
MUL_MAT q4_0_rocmfp4_fast m=6144 n=128 k=2048, CPY: 12 x 240.506 us = 2886.08 us (13390.2 GFLOPS/s)
RMS_NORM_MUL RMS_NORM(2048,128,1,1): 57 x 10.27 us = 585.44 us
RMS_NORM_MUL RMS_NORM(2048,128,1,1), GET_ROWS: 1 x 10.28 us = 10.28 us
RMS_NORM_MUL_ROPE RMS_NORM(64,32,128,1): 8 x 100.98 us = 807.84 us
SCALE, GET_ROWS, GET_ROWS, RMS_NORM_MUL RMS_NORM(2048,128,1,1), CPY: 1 x 14.28 us = 14.28 us
SET_ROWS, SET_ROWS: 8 x 5.33 us = 42.64 us
Total time: 64890.1 us.
VKPHASE pipeline=quantize_q8_1_x4 elements=262144,1,1 gpu_ns=3400
VKPHASE pipeline=quantize_q8_1_x4 elements=262144,1,1 gpu_ns=3320
VKPHASE pipeline=quantize_q8_1_x4 elements=262144,1,1 gpu_ns=3360
VKPHASE pipeline=quantize_q8_1_x4 elements=1376256,1,1 gpu_ns=11840
VKPHASE pipeline=quantize_q8_1_x4 elements=262144,1,1 gpu_ns=3240
VKPHASE pipeline=quantize_q8_1_x4 elements=262144,1,1 gpu_ns=3160
VKPHASE pipeline=quantize_q8_1_x4 elements=262144,1,1 gpu_ns=3200
VKPHASE pipeline=quantize_q8_1_x4 elements=1376256,1,1 gpu_ns=12360
VKPHASE pipeline=quantize_q8_1_x4 elements=262144,1,1 gpu_ns=3200
VKPHASE pipeline=quantize_q8_1_x4 elements=262144,1,1 gpu_ns=3200
VKPHASE pipeline=quantize_q8_1_x4 elements=262144,1,1 gpu_ns=3200
VKPHASE pipeline=quantize_q8_1_x4 elements=1376256,1,1 gpu_ns=12480
VKPHASE pipeline=quantize_q8_1_x4 elements=262144,1,1 gpu_ns=1600
VKPHASE pipeline=quantize_q8_1_x4 elements=262144,1,1 gpu_ns=3240
VKPHASE pipeline=quantize_q8_1_x4 elements=262144,1,1 gpu_ns=3200
VKPHASE pipeline=quantize_q8_1_x4 elements=1376256,1,1 gpu_ns=13400
VKPHASE pipeline=quantize_q8_1_x4 elements=262144,1,1 gpu_ns=3200
VKPHASE pipeline=quantize_q8_1_x4 elements=262144,1,1 gpu_ns=3120
VKPHASE pipeline=quantize_q8_1_x4 elements=262144,1,1 gpu_ns=1440
VKPHASE pipeline=quantize_q8_1_x4 elements=1376256,1,1 gpu_ns=12040
VKPHASE pipeline=quantize_q8_1_x4 elements=262144,1,1 gpu_ns=3240
VKPHASE pipeline=quantize_q8_1_x4 elements=262144,1,1 gpu_ns=2640
VKPHASE pipeline=quantize_q8_1_x4 elements=262144,1,1 gpu_ns=1520
VKPHASE pipeline=quantize_q8_1_x4 elements=1376256,1,1 gpu_ns=12200
VKPHASE pipeline=quantize_q8_1_x4 elements=262144,1,1 gpu_ns=1480
VKPHASE pipeline=quantize_q8_1_x4 elements=262144,1,1 gpu_ns=3240
VKPHASE pipeline=quantize_q8_1_x4 elements=262144,1,1 gpu_ns=1480
VKPHASE pipeline=quantize_q8_1_x4 elements=1376256,1,1 gpu_ns=12080
VKPHASE pipeline=quantize_q8_1_x4 elements=262144,1,1 gpu_ns=3240
VKPHASE pipeline=quantize_q8_1_x4 elements=262144,1,1 gpu_ns=3040
VKPHASE pipeline=quantize_q8_1_x4 elements=262144,1,1 gpu_ns=3160
VKPHASE pipeline=quantize_q8_1_x4 elements=1376256,1,1 gpu_ns=12160
VKPHASE pipeline=quantize_q8_1_x4 elements=262144,1,1 gpu_ns=3200
VKPHASE pipeline=quantize_q8_1_x4 elements=262144,1,1 gpu_ns=3120
VKPHASE pipeline=quantize_q8_1_x4 elements=262144,1,1 gpu_ns=3160
VKPHASE pipeline=quantize_q8_1_x4 elements=1376256,1,1 gpu_ns=12080
VKPHASE pipeline=quantize_q8_1_x4 elements=262144,1,1 gpu_ns=3120
VKPHASE pipeline=quantize_q8_1_x4 elements=262144,1,1 gpu_ns=3240
VKPHASE pipeline=quantize_q8_1_x4 elements=262144,1,1 gpu_ns=3200
VKPHASE pipeline=quantize_q8_1_x4 elements=1376256,1,1 gpu_ns=11760
VKPHASE pipeline=quantize_q8_1_x4 elements=262144,1,1 gpu_ns=3160
VKPHASE pipeline=quantize_q8_1_x4 elements=262144,1,1 gpu_ns=2000
VKPHASE pipeline=quantize_q8_1_x4 elements=262144,1,1 gpu_ns=3200
VKPHASE pipeline=quantize_q8_1_x4 elements=1376256,1,1 gpu_ns=12160
VKPHASE pipeline=quantize_q8_1_x4 elements=262144,1,1 gpu_ns=1600
VKPHASE pipeline=quantize_q8_1_x4 elements=262144,1,1 gpu_ns=4240
VKPHASE pipeline=quantize_q8_1_x4 elements=262144,1,1 gpu_ns=3200
VKPHASE pipeline=quantize_q8_1_x4 elements=1376256,1,1 gpu_ns=12360
VKPHASE pipeline=quantize_q8_1_x4 elements=262144,1,1 gpu_ns=3200
VKPHASE pipeline=quantize_q8_1_x4 elements=262144,1,1 gpu_ns=1440
VKPHASE pipeline=quantize_q8_1_x4 elements=262144,1,1 gpu_ns=3200
VKPHASE pipeline=quantize_q8_1_x4 elements=1376256,1,1 gpu_ns=12120
VKPHASE pipeline=quantize_q8_1_x4 elements=262144,1,1 gpu_ns=3280
VKPHASE pipeline=quantize_q8_1_x4 elements=262144,1,1 gpu_ns=2560
VKPHASE pipeline=quantize_q8_1_x4 elements=262144,1,1 gpu_ns=3160
VKPHASE pipeline=quantize_q8_1_x4 elements=1376256,1,1 gpu_ns=12200
VKPHASE pipeline=quantize_q8_1_x4 elements=262144,1,1 gpu_ns=1440
VKPHASE pipeline=quantize_q8_1_x4 elements=262144,1,1 gpu_ns=1480
VKPHASE pipeline=quantize_q8_1_x4 elements=262144,1,1 gpu_ns=3200
VKPHASE pipeline=quantize_q8_1_x4 elements=1376256,1,1 gpu_ns=12160
VKPHASE pipeline=quantize_q8_1_x4 elements=262144,1,1 gpu_ns=1520
VKPHASE pipeline=quantize_q8_1_x4 elements=262144,1,1 gpu_ns=1480
VKPHASE pipeline=quantize_q8_1_x4 elements=262144,1,1 gpu_ns=1480
VKPHASE pipeline=quantize_q8_1_x4 elements=1376256,1,1 gpu_ns=12280
VKPHASE pipeline=quantize_q8_1_x4 elements=262144,1,1 gpu_ns=1520
VKPHASE pipeline=quantize_q8_1_x4 elements=262144,1,1 gpu_ns=3240
VKPHASE pipeline=quantize_q8_1_x4 elements=262144,1,1 gpu_ns=3200
VKPHASE pipeline=quantize_q8_1_x4 elements=1376256,1,1 gpu_ns=12240
VKPHASE pipeline=quantize_q8_1_x4 elements=262144,1,1 gpu_ns=3200
VKPHASE pipeline=quantize_q8_1_x4 elements=262144,1,1 gpu_ns=3240
VKPHASE pipeline=quantize_q8_1_x4 elements=262144,1,1 gpu_ns=3240
VKPHASE pipeline=quantize_q8_1_x4 elements=1376256,1,1 gpu_ns=12520
VKPHASE pipeline=quantize_q8_1_x4 elements=262144,1,1 gpu_ns=3240
VKPHASE pipeline=quantize_q8_1_x4 elements=262144,1,1 gpu_ns=3160
VKPHASE pipeline=quantize_q8_1_x4 elements=262144,1,1 gpu_ns=3240
VKPHASE pipeline=quantize_q8_1_x4 elements=1376256,1,1 gpu_ns=12480
VKPHASE pipeline=quantize_q8_1_x4 elements=262144,1,1 gpu_ns=3160
VKPHASE pipeline=quantize_q8_1_x4 elements=262144,1,1 gpu_ns=1520
VKPHASE pipeline=quantize_q8_1_x4 elements=262144,1,1 gpu_ns=1480
VKPHASE pipeline=quantize_q8_1_x4 elements=1376256,1,1 gpu_ns=12160
VKPHASE pipeline=quantize_q8_1_x4 elements=262144,1,1 gpu_ns=3280
VKPHASE pipeline=quantize_q8_1_x4 elements=262144,1,1 gpu_ns=3720
VKPHASE pipeline=quantize_q8_1_x4 elements=262144,1,1 gpu_ns=3120
VKPHASE pipeline=quantize_q8_1_x4 elements=1376256,1,1 gpu_ns=12000
VKPHASE pipeline=quantize_q8_1_x4 elements=262144,1,1 gpu_ns=3280
VKPHASE pipeline=quantize_q8_1_x4 elements=262144,1,1 gpu_ns=3280
VKPHASE pipeline=quantize_q8_1_x4 elements=262144,1,1 gpu_ns=3240
VKPHASE pipeline=quantize_q8_1_x4 elements=1376256,1,1 gpu_ns=12240
VKPHASE pipeline=quantize_q8_1_x4 elements=262144,1,1 gpu_ns=3280
VKPHASE pipeline=quantize_q8_1_x4 elements=262144,1,1 gpu_ns=3240
VKPHASE pipeline=quantize_q8_1_x4 elements=262144,1,1 gpu_ns=3240
VKPHASE pipeline=quantize_q8_1_x4 elements=1376256,1,1 gpu_ns=12120
VKPHASE pipeline=quantize_q8_1_x4 elements=262144,1,1 gpu_ns=3280
VKPHASE pipeline=quantize_q8_1_x4 elements=262144,1,1 gpu_ns=1440
VKPHASE pipeline=quantize_q8_1_x4 elements=262144,1,1 gpu_ns=3200
VKPHASE pipeline=quantize_q8_1_x4 elements=1376256,1,1 gpu_ns=12120
VKPHASE pipeline=quantize_q8_1_x4 elements=262144,1,1 gpu_ns=3160
VKPHASE pipeline=quantize_q8_1_x4 elements=262144,1,1 gpu_ns=3240
VKPHASE pipeline=quantize_q8_1_x4 elements=262144,1,1 gpu_ns=1720
VKPHASE pipeline=quantize_q8_1_x4 elements=1376256,1,1 gpu_ns=12800
VKPHASE pipeline=quantize_q8_1_x4 elements=262144,1,1 gpu_ns=1480
VKPHASE pipeline=quantize_q8_1_x4 elements=262144,1,1 gpu_ns=3200
VKPHASE pipeline=quantize_q8_1_x4 elements=262144,1,1 gpu_ns=3160
VKPHASE pipeline=quantize_q8_1_x4 elements=1376256,1,1 gpu_ns=12200
VKPHASE pipeline=quantize_q8_1_x4 elements=262144,1,1 gpu_ns=3640
VKPHASE pipeline=quantize_q8_1_x4 elements=262144,1,1 gpu_ns=3200
VKPHASE pipeline=quantize_q8_1_x4 elements=262144,1,1 gpu_ns=3160
VKPHASE pipeline=quantize_q8_1_x4 elements=1376256,1,1 gpu_ns=12520
VKPHASE pipeline=quantize_q8_1_x4 elements=262144,1,1 gpu_ns=3160
VKPHASE pipeline=quantize_q8_1_x4 elements=262144,1,1 gpu_ns=1480
VKPHASE pipeline=quantize_q8_1_x4 elements=262144,1,1 gpu_ns=1480
VKPHASE pipeline=quantize_q8_1_x4 elements=1376256,1,1 gpu_ns=12160
VKPHASE pipeline=quantize_q8_1_x4 elements=262144,1,1 gpu_ns=3240
VKPHASE pipeline=quantize_q8_1_x4 elements=262144,1,1 gpu_ns=1480
VKPHASE pipeline=quantize_q8_1_x4 elements=262144,1,1 gpu_ns=3280
VKPHASE pipeline=quantize_q8_1_x4 elements=1376256,1,1 gpu_ns=12160
VKPHASE pipeline=quantize_q8_1_x4 elements=262144,1,1 gpu_ns=3240
VKPHASE pipeline=quantize_q8_1_x4 elements=262144,1,1 gpu_ns=3200
----------------
Vulkan Timings:
ADD: 58 x 10.728 us = 622.28 us
CONCAT: 21 x 32.013 us = 672.28 us
CONCAT, CPY: 1 x 32.56 us = 32.56 us
CPY, SSM_CONV: 22 x 17.35 us = 381.72 us
FLASH_ATTN_EXT dst(64,32,128,1),  q(64,128,32,1),  k(64,5376,8,1),  v(64,5376,8,1),  m(5376,128,1,1), SCALE: 1 x 1341.64 us = 1341.64 us (4201.68 GFLOPS/s)
FLASH_ATTN_EXT dst(64,32,128,1),  q(64,128,32,1),  k(64,5376,8,1),  v(64,5376,8,1),  m(5376,128,1,1), SCALE, GET_ROWS, GET_ROWS, CPY: 7 x 1454.91 us = 10184.4 us (3874.57 GFLOPS/s)
GET_ROWS, GET_ROWS, CPY, MUL_MAT f32 m=64 n=4096 k=64: 1 x 17.24 us = 17.24 us (1931.11 GFLOPS/s)
GLU: 17 x 40.075 us = 681.28 us
GLU, SCALE, GET_ROWS, GET_ROWS: 12 x 42.34 us = 508.08 us
MUL: 43 x 10.823 us = 465.4 us
MUL, SCALE, GET_ROWS, GET_ROWS: 1 x 13 us = 13 us
MUL_MAT f32 m=64 n=1024 k=64: 8 x 2.755 us = 22.04 us (3021.08 GFLOPS/s)
MUL_MAT f32 m=64 n=1024 k=64, RMS_NORM_MUL_ROPE RMS_NORM(64,8,128,1): 8 x 34.945 us = 279.56 us (238.176 GFLOPS/s)
MUL_MAT f32 m=64 n=4096 k=64: 15 x 18.384 us = 275.76 us (1810.94 GFLOPS/s)
MUL_MAT q4_0_rocmfp4_fast m=10752 n=128 k=2048, MUL_MAT q4_0_rocmfp4_fast m=10752 n=128 k=2048: 29 x 836.31 us = 24253 us (13477.7 GFLOPS/s)
MUL_MAT q4_0_rocmfp4_fast m=2048 n=128 k=10752: 29 x 589.402 us = 17092.7 us (9563.72 GFLOPS/s)
MUL_MAT q4_0_rocmfp4_fast m=2048 n=128 k=2048: 29 x 104.093 us = 3018.72 us (10312.6 GFLOPS/s)
MUL_MAT q4_0_rocmfp4_fast m=2048 n=128 k=2048, MUL_MAT q4_0_rocmfp4_fast m=512 n=128 k=2048, MUL_MAT q4_0_rocmfp4_fast m=512 n=128 k=2048: 8 x 159.725 us = 1277.8 us (10081.2 GFLOPS/s)
MUL_MAT q4_0_rocmfp4_fast m=6144 n=128 k=2048: 10 x 254.776 us = 2547.76 us (12640.3 GFLOPS/s)
MUL_MAT q4_0_rocmfp4_fast m=6144 n=128 k=2048, CPY: 12 x 243.633 us = 2923.6 us (13218.4 GFLOPS/s)
RMS_NORM_MUL RMS_NORM(2048,128,1,1): 57 x 10.637 us = 606.36 us
RMS_NORM_MUL RMS_NORM(2048,128,1,1), GET_ROWS: 1 x 10.72 us = 10.72 us
RMS_NORM_MUL_ROPE RMS_NORM(64,32,128,1): 8 x 110.31 us = 882.48 us
SCALE, GET_ROWS, GET_ROWS, RMS_NORM_MUL RMS_NORM(2048,128,1,1), CPY: 1 x 13.6 us = 13.6 us
SET_ROWS, SET_ROWS: 8 x 5.915 us = 47.32 us
Total time: 68171.2 us.
VKPHASE pipeline=quantize_q8_1_x4 elements=262144,1,1 gpu_ns=1520
VKPHASE pipeline=quantize_q8_1_x4 elements=262144,1,1 gpu_ns=3600
VKPHASE pipeline=quantize_q8_1_x4 elements=262144,1,1 gpu_ns=4040
VKPHASE pipeline=quantize_q8_1_x4 elements=1376256,1,1 gpu_ns=12760
VKPHASE pipeline=quantize_q8_1_x4 elements=262144,1,1 gpu_ns=3840
VKPHASE pipeline=quantize_q8_1_x4 elements=262144,1,1 gpu_ns=3920
VKPHASE pipeline=quantize_q8_1_x4 elements=262144,1,1 gpu_ns=3800
VKPHASE pipeline=quantize_q8_1_x4 elements=1376256,1,1 gpu_ns=12440
VKPHASE pipeline=quantize_q8_1_x4 elements=262144,1,1 gpu_ns=4120
VKPHASE pipeline=quantize_q8_1_x4 elements=262144,1,1 gpu_ns=3880
VKPHASE pipeline=quantize_q8_1_x4 elements=262144,1,1 gpu_ns=3800
VKPHASE pipeline=quantize_q8_1_x4 elements=1376256,1,1 gpu_ns=12640
VKPHASE pipeline=quantize_q8_1_x4 elements=262144,1,1 gpu_ns=3480
VKPHASE pipeline=quantize_q8_1_x4 elements=262144,1,1 gpu_ns=3480
VKPHASE pipeline=quantize_q8_1_x4 elements=262144,1,1 gpu_ns=3480
VKPHASE pipeline=quantize_q8_1_x4 elements=1376256,1,1 gpu_ns=12680
VKPHASE pipeline=quantize_q8_1_x4 elements=262144,1,1 gpu_ns=3240
VKPHASE pipeline=quantize_q8_1_x4 elements=262144,1,1 gpu_ns=1480
VKPHASE pipeline=quantize_q8_1_x4 elements=262144,1,1 gpu_ns=1480
VKPHASE pipeline=quantize_q8_1_x4 elements=1376256,1,1 gpu_ns=12040
VKPHASE pipeline=quantize_q8_1_x4 elements=262144,1,1 gpu_ns=1520
VKPHASE pipeline=quantize_q8_1_x4 elements=262144,1,1 gpu_ns=3360
VKPHASE pipeline=quantize_q8_1_x4 elements=262144,1,1 gpu_ns=3480
VKPHASE pipeline=quantize_q8_1_x4 elements=1376256,1,1 gpu_ns=12400
VKPHASE pipeline=quantize_q8_1_x4 elements=262144,1,1 gpu_ns=1520
VKPHASE pipeline=quantize_q8_1_x4 elements=262144,1,1 gpu_ns=1440
VKPHASE pipeline=quantize_q8_1_x4 elements=262144,1,1 gpu_ns=1480
VKPHASE pipeline=quantize_q8_1_x4 elements=1376256,1,1 gpu_ns=12320
VKPHASE pipeline=quantize_q8_1_x4 elements=262144,1,1 gpu_ns=3240
VKPHASE pipeline=quantize_q8_1_x4 elements=262144,1,1 gpu_ns=3200
VKPHASE pipeline=quantize_q8_1_x4 elements=262144,1,1 gpu_ns=3200
VKPHASE pipeline=quantize_q8_1_x4 elements=1376256,1,1 gpu_ns=12240
VKPHASE pipeline=quantize_q8_1_x4 elements=262144,1,1 gpu_ns=1480
VKPHASE pipeline=quantize_q8_1_x4 elements=262144,1,1 gpu_ns=4320
VKPHASE pipeline=quantize_q8_1_x4 elements=262144,1,1 gpu_ns=3200
VKPHASE pipeline=quantize_q8_1_x4 elements=1376256,1,1 gpu_ns=12360
VKPHASE pipeline=quantize_q8_1_x4 elements=262144,1,1 gpu_ns=1480
VKPHASE pipeline=quantize_q8_1_x4 elements=262144,1,1 gpu_ns=3280
VKPHASE pipeline=quantize_q8_1_x4 elements=262144,1,1 gpu_ns=3160
VKPHASE pipeline=quantize_q8_1_x4 elements=1376256,1,1 gpu_ns=12160
VKPHASE pipeline=quantize_q8_1_x4 elements=262144,1,1 gpu_ns=3200
VKPHASE pipeline=quantize_q8_1_x4 elements=262144,1,1 gpu_ns=1440
VKPHASE pipeline=quantize_q8_1_x4 elements=262144,1,1 gpu_ns=3160
VKPHASE pipeline=quantize_q8_1_x4 elements=1376256,1,1 gpu_ns=12440
VKPHASE pipeline=quantize_q8_1_x4 elements=262144,1,1 gpu_ns=3200
VKPHASE pipeline=quantize_q8_1_x4 elements=262144,1,1 gpu_ns=1440
VKPHASE pipeline=quantize_q8_1_x4 elements=262144,1,1 gpu_ns=1440
VKPHASE pipeline=quantize_q8_1_x4 elements=1376256,1,1 gpu_ns=11920
VKPHASE pipeline=quantize_q8_1_x4 elements=262144,1,1 gpu_ns=1480
VKPHASE pipeline=quantize_q8_1_x4 elements=262144,1,1 gpu_ns=1440
VKPHASE pipeline=quantize_q8_1_x4 elements=262144,1,1 gpu_ns=3240
VKPHASE pipeline=quantize_q8_1_x4 elements=1376256,1,1 gpu_ns=12200
VKPHASE pipeline=quantize_q8_1_x4 elements=262144,1,1 gpu_ns=3240
VKPHASE pipeline=quantize_q8_1_x4 elements=262144,1,1 gpu_ns=3240
VKPHASE pipeline=quantize_q8_1_x4 elements=262144,1,1 gpu_ns=3240
VKPHASE pipeline=quantize_q8_1_x4 elements=1376256,1,1 gpu_ns=12920
VKPHASE pipeline=quantize_q8_1_x4 elements=262144,1,1 gpu_ns=1520
VKPHASE pipeline=quantize_q8_1_x4 elements=262144,1,1 gpu_ns=1440
VKPHASE pipeline=quantize_q8_1_x4 elements=262144,1,1 gpu_ns=3200
VKPHASE pipeline=quantize_q8_1_x4 elements=1376256,1,1 gpu_ns=12360
VKPHASE pipeline=quantize_q8_1_x4 elements=262144,1,1 gpu_ns=1640
VKPHASE pipeline=quantize_q8_1_x4 elements=262144,1,1 gpu_ns=1440
VKPHASE pipeline=quantize_q8_1_x4 elements=262144,1,1 gpu_ns=1440
VKPHASE pipeline=quantize_q8_1_x4 elements=1376256,1,1 gpu_ns=12120
VKPHASE pipeline=quantize_q8_1_x4 elements=262144,1,1 gpu_ns=1480
VKPHASE pipeline=quantize_q8_1_x4 elements=262144,1,1 gpu_ns=3240
VKPHASE pipeline=quantize_q8_1_x4 elements=262144,1,1 gpu_ns=3240
VKPHASE pipeline=quantize_q8_1_x4 elements=1376256,1,1 gpu_ns=12280
VKPHASE pipeline=quantize_q8_1_x4 elements=262144,1,1 gpu_ns=1480
VKPHASE pipeline=quantize_q8_1_x4 elements=262144,1,1 gpu_ns=3240
VKPHASE pipeline=quantize_q8_1_x4 elements=262144,1,1 gpu_ns=3200
VKPHASE pipeline=quantize_q8_1_x4 elements=1376256,1,1 gpu_ns=12320
VKPHASE pipeline=quantize_q8_1_x4 elements=262144,1,1 gpu_ns=3200
VKPHASE pipeline=quantize_q8_1_x4 elements=262144,1,1 gpu_ns=3240
VKPHASE pipeline=quantize_q8_1_x4 elements=262144,1,1 gpu_ns=1520
VKPHASE pipeline=quantize_q8_1_x4 elements=1376256,1,1 gpu_ns=12160
VKPHASE pipeline=quantize_q8_1_x4 elements=262144,1,1 gpu_ns=3200
VKPHASE pipeline=quantize_q8_1_x4 elements=262144,1,1 gpu_ns=4600
VKPHASE pipeline=quantize_q8_1_x4 elements=262144,1,1 gpu_ns=3160
VKPHASE pipeline=quantize_q8_1_x4 elements=1376256,1,1 gpu_ns=12040
VKPHASE pipeline=quantize_q8_1_x4 elements=262144,1,1 gpu_ns=3200
VKPHASE pipeline=quantize_q8_1_x4 elements=262144,1,1 gpu_ns=1440
VKPHASE pipeline=quantize_q8_1_x4 elements=262144,1,1 gpu_ns=3240
VKPHASE pipeline=quantize_q8_1_x4 elements=1376256,1,1 gpu_ns=12080
VKPHASE pipeline=quantize_q8_1_x4 elements=262144,1,1 gpu_ns=3160
VKPHASE pipeline=quantize_q8_1_x4 elements=262144,1,1 gpu_ns=4680
VKPHASE pipeline=quantize_q8_1_x4 elements=262144,1,1 gpu_ns=3240
VKPHASE pipeline=quantize_q8_1_x4 elements=1376256,1,1 gpu_ns=12240
VKPHASE pipeline=quantize_q8_1_x4 elements=262144,1,1 gpu_ns=3200
VKPHASE pipeline=quantize_q8_1_x4 elements=262144,1,1 gpu_ns=3240
VKPHASE pipeline=quantize_q8_1_x4 elements=262144,1,1 gpu_ns=3160
VKPHASE pipeline=quantize_q8_1_x4 elements=1376256,1,1 gpu_ns=12200
VKPHASE pipeline=quantize_q8_1_x4 elements=262144,1,1 gpu_ns=3240
VKPHASE pipeline=quantize_q8_1_x4 elements=262144,1,1 gpu_ns=1480
VKPHASE pipeline=quantize_q8_1_x4 elements=262144,1,1 gpu_ns=3200
VKPHASE pipeline=quantize_q8_1_x4 elements=1376256,1,1 gpu_ns=12040
VKPHASE pipeline=quantize_q8_1_x4 elements=262144,1,1 gpu_ns=1480
VKPHASE pipeline=quantize_q8_1_x4 elements=262144,1,1 gpu_ns=1560
VKPHASE pipeline=quantize_q8_1_x4 elements=262144,1,1 gpu_ns=1440
VKPHASE pipeline=quantize_q8_1_x4 elements=1376256,1,1 gpu_ns=12600
VKPHASE pipeline=quantize_q8_1_x4 elements=262144,1,1 gpu_ns=1440
VKPHASE pipeline=quantize_q8_1_x4 elements=262144,1,1 gpu_ns=3200
VKPHASE pipeline=quantize_q8_1_x4 elements=262144,1,1 gpu_ns=3200
VKPHASE pipeline=quantize_q8_1_x4 elements=1376256,1,1 gpu_ns=12360
VKPHASE pipeline=quantize_q8_1_x4 elements=262144,1,1 gpu_ns=3200
VKPHASE pipeline=quantize_q8_1_x4 elements=262144,1,1 gpu_ns=4520
VKPHASE pipeline=quantize_q8_1_x4 elements=262144,1,1 gpu_ns=3160
VKPHASE pipeline=quantize_q8_1_x4 elements=1376256,1,1 gpu_ns=11960
VKPHASE pipeline=quantize_q8_1_x4 elements=262144,1,1 gpu_ns=3280
VKPHASE pipeline=quantize_q8_1_x4 elements=262144,1,1 gpu_ns=3200
VKPHASE pipeline=quantize_q8_1_x4 elements=262144,1,1 gpu_ns=3160
VKPHASE pipeline=quantize_q8_1_x4 elements=1376256,1,1 gpu_ns=12320
VKPHASE pipeline=quantize_q8_1_x4 elements=262144,1,1 gpu_ns=3160
VKPHASE pipeline=quantize_q8_1_x4 elements=262144,1,1 gpu_ns=3240
VKPHASE pipeline=quantize_q8_1_x4 elements=262144,1,1 gpu_ns=3200
VKPHASE pipeline=quantize_q8_1_x4 elements=1376256,1,1 gpu_ns=12800
VKPHASE pipeline=quantize_q8_1_x4 elements=262144,1,1 gpu_ns=3240
VKPHASE pipeline=quantize_q8_1_x4 elements=262144,1,1 gpu_ns=1480
----------------
Vulkan Timings:
ADD: 58 x 10.178 us = 590.36 us
CONCAT: 21 x 32.426 us = 680.96 us
CONCAT, CPY: 1 x 30.48 us = 30.48 us
CPY, SSM_CONV: 22 x 17.012 us = 374.28 us
FLASH_ATTN_EXT dst(64,32,128,1),  q(64,128,32,1),  k(64,5376,8,1),  v(64,5376,8,1),  m(5376,128,1,1), SCALE: 1 x 1383.24 us = 1383.24 us (4075.32 GFLOPS/s)
FLASH_ATTN_EXT dst(64,32,128,1),  q(64,128,32,1),  k(64,5376,8,1),  v(64,5376,8,1),  m(5376,128,1,1), SCALE, GET_ROWS, GET_ROWS, CPY: 7 x 1382.34 us = 9676.36 us (4077.98 GFLOPS/s)
GET_ROWS, GET_ROWS, CPY, MUL_MAT f32 m=64 n=4096 k=64: 1 x 17.12 us = 17.12 us (1944.64 GFLOPS/s)
GLU: 17 x 38.16 us = 648.72 us
GLU, SCALE, GET_ROWS, GET_ROWS: 12 x 42.553 us = 510.64 us
MUL: 43 x 10.258 us = 441.12 us
MUL, SCALE, GET_ROWS, GET_ROWS: 1 x 12.4 us = 12.4 us
MUL_MAT f32 m=64 n=1024 k=64: 8 x 2.645 us = 21.16 us (3146.72 GFLOPS/s)
MUL_MAT f32 m=64 n=1024 k=64, RMS_NORM_MUL_ROPE RMS_NORM(64,8,128,1): 8 x 33.74 us = 269.92 us (246.683 GFLOPS/s)
MUL_MAT f32 m=64 n=4096 k=64: 15 x 16.842 us = 252.64 us (1976.66 GFLOPS/s)
MUL_MAT q4_0_rocmfp4_fast m=10752 n=128 k=2048, MUL_MAT q4_0_rocmfp4_fast m=10752 n=128 k=2048: 29 x 796.286 us = 23092.3 us (14155.1 GFLOPS/s)
MUL_MAT q4_0_rocmfp4_fast m=2048 n=128 k=10752: 29 x 568.88 us = 16497.5 us (9908.74 GFLOPS/s)
MUL_MAT q4_0_rocmfp4_fast m=2048 n=128 k=2048: 29 x 98.555 us = 2858.12 us (10892.1 GFLOPS/s)
MUL_MAT q4_0_rocmfp4_fast m=2048 n=128 k=2048, MUL_MAT q4_0_rocmfp4_fast m=512 n=128 k=2048, MUL_MAT q4_0_rocmfp4_fast m=512 n=128 k=2048: 8 x 152.41 us = 1219.28 us (10565.1 GFLOPS/s)
MUL_MAT q4_0_rocmfp4_fast m=6144 n=128 k=2048: 10 x 240.636 us = 2406.36 us (13383 GFLOPS/s)
MUL_MAT q4_0_rocmfp4_fast m=6144 n=128 k=2048, CPY: 12 x 242.1 us = 2905.2 us (13302.1 GFLOPS/s)
RMS_NORM_MUL RMS_NORM(2048,128,1,1): 57 x 10.361 us = 590.6 us
RMS_NORM_MUL RMS_NORM(2048,128,1,1), GET_ROWS: 1 x 10.28 us = 10.28 us
RMS_NORM_MUL_ROPE RMS_NORM(64,32,128,1): 8 x 102.785 us = 822.28 us
SCALE, GET_ROWS, GET_ROWS, RMS_NORM_MUL RMS_NORM(2048,128,1,1), CPY: 1 x 13.2 us = 13.2 us
SET_ROWS, SET_ROWS: 8 x 5.705 us = 45.64 us
Total time: 65370.2 us.
VKPHASE pipeline=quantize_q8_1_x4 elements=262144,1,1 gpu_ns=1520
VKPHASE pipeline=quantize_q8_1_x4 elements=262144,1,1 gpu_ns=3320
VKPHASE pipeline=quantize_q8_1_x4 elements=262144,1,1 gpu_ns=3240
VKPHASE pipeline=quantize_q8_1_x4 elements=1376256,1,1 gpu_ns=12240
VKPHASE pipeline=quantize_q8_1_x4 elements=262144,1,1 gpu_ns=3160
VKPHASE pipeline=quantize_q8_1_x4 elements=262144,1,1 gpu_ns=1480
VKPHASE pipeline=quantize_q8_1_x4 elements=262144,1,1 gpu_ns=3200
VKPHASE pipeline=quantize_q8_1_x4 elements=1376256,1,1 gpu_ns=12360
VKPHASE pipeline=quantize_q8_1_x4 elements=262144,1,1 gpu_ns=3160
VKPHASE pipeline=quantize_q8_1_x4 elements=262144,1,1 gpu_ns=3160
VKPHASE pipeline=quantize_q8_1_x4 elements=262144,1,1 gpu_ns=3200
VKPHASE pipeline=quantize_q8_1_x4 elements=1376256,1,1 gpu_ns=12560
VKPHASE pipeline=quantize_q8_1_x4 elements=262144,1,1 gpu_ns=3240
VKPHASE pipeline=quantize_q8_1_x4 elements=262144,1,1 gpu_ns=3240
VKPHASE pipeline=quantize_q8_1_x4 elements=262144,1,1 gpu_ns=3200
VKPHASE pipeline=quantize_q8_1_x4 elements=1376256,1,1 gpu_ns=12440
VKPHASE pipeline=quantize_q8_1_x4 elements=262144,1,1 gpu_ns=3240
VKPHASE pipeline=quantize_q8_1_x4 elements=262144,1,1 gpu_ns=1480
VKPHASE pipeline=quantize_q8_1_x4 elements=262144,1,1 gpu_ns=3200
VKPHASE pipeline=quantize_q8_1_x4 elements=1376256,1,1 gpu_ns=12360
VKPHASE pipeline=quantize_q8_1_x4 elements=262144,1,1 gpu_ns=3200
VKPHASE pipeline=quantize_q8_1_x4 elements=262144,1,1 gpu_ns=3240
VKPHASE pipeline=quantize_q8_1_x4 elements=262144,1,1 gpu_ns=1480
VKPHASE pipeline=quantize_q8_1_x4 elements=1376256,1,1 gpu_ns=11880
VKPHASE pipeline=quantize_q8_1_x4 elements=262144,1,1 gpu_ns=1520
VKPHASE pipeline=quantize_q8_1_x4 elements=262144,1,1 gpu_ns=1520
VKPHASE pipeline=quantize_q8_1_x4 elements=262144,1,1 gpu_ns=1440
VKPHASE pipeline=quantize_q8_1_x4 elements=1376256,1,1 gpu_ns=12240
VKPHASE pipeline=quantize_q8_1_x4 elements=262144,1,1 gpu_ns=1520
VKPHASE pipeline=quantize_q8_1_x4 elements=262144,1,1 gpu_ns=1480
VKPHASE pipeline=quantize_q8_1_x4 elements=262144,1,1 gpu_ns=3200
VKPHASE pipeline=quantize_q8_1_x4 elements=1376256,1,1 gpu_ns=12080
VKPHASE pipeline=quantize_q8_1_x4 elements=262144,1,1 gpu_ns=1480
VKPHASE pipeline=quantize_q8_1_x4 elements=262144,1,1 gpu_ns=3160
VKPHASE pipeline=quantize_q8_1_x4 elements=262144,1,1 gpu_ns=3200
VKPHASE pipeline=quantize_q8_1_x4 elements=1376256,1,1 gpu_ns=12240
VKPHASE pipeline=quantize_q8_1_x4 elements=262144,1,1 gpu_ns=3200
VKPHASE pipeline=quantize_q8_1_x4 elements=262144,1,1 gpu_ns=3160
VKPHASE pipeline=quantize_q8_1_x4 elements=262144,1,1 gpu_ns=1440
VKPHASE pipeline=quantize_q8_1_x4 elements=1376256,1,1 gpu_ns=12080
VKPHASE pipeline=quantize_q8_1_x4 elements=262144,1,1 gpu_ns=3240
VKPHASE pipeline=quantize_q8_1_x4 elements=262144,1,1 gpu_ns=3200
VKPHASE pipeline=quantize_q8_1_x4 elements=262144,1,1 gpu_ns=3160
VKPHASE pipeline=quantize_q8_1_x4 elements=1376256,1,1 gpu_ns=12240
VKPHASE pipeline=quantize_q8_1_x4 elements=262144,1,1 gpu_ns=3240
VKPHASE pipeline=quantize_q8_1_x4 elements=262144,1,1 gpu_ns=3160
VKPHASE pipeline=quantize_q8_1_x4 elements=262144,1,1 gpu_ns=1440
VKPHASE pipeline=quantize_q8_1_x4 elements=1376256,1,1 gpu_ns=12040
VKPHASE pipeline=quantize_q8_1_x4 elements=262144,1,1 gpu_ns=3280
VKPHASE pipeline=quantize_q8_1_x4 elements=262144,1,1 gpu_ns=1440
VKPHASE pipeline=quantize_q8_1_x4 elements=262144,1,1 gpu_ns=3200
VKPHASE pipeline=quantize_q8_1_x4 elements=1376256,1,1 gpu_ns=12360
VKPHASE pipeline=quantize_q8_1_x4 elements=262144,1,1 gpu_ns=3200
VKPHASE pipeline=quantize_q8_1_x4 elements=262144,1,1 gpu_ns=3200
VKPHASE pipeline=quantize_q8_1_x4 elements=262144,1,1 gpu_ns=3200
VKPHASE pipeline=quantize_q8_1_x4 elements=1376256,1,1 gpu_ns=12400
VKPHASE pipeline=quantize_q8_1_x4 elements=262144,1,1 gpu_ns=1440
VKPHASE pipeline=quantize_q8_1_x4 elements=262144,1,1 gpu_ns=1480
VKPHASE pipeline=quantize_q8_1_x4 elements=262144,1,1 gpu_ns=1480
VKPHASE pipeline=quantize_q8_1_x4 elements=1376256,1,1 gpu_ns=12320
VKPHASE pipeline=quantize_q8_1_x4 elements=262144,1,1 gpu_ns=3240
VKPHASE pipeline=quantize_q8_1_x4 elements=262144,1,1 gpu_ns=1440
VKPHASE pipeline=quantize_q8_1_x4 elements=262144,1,1 gpu_ns=3200
VKPHASE pipeline=quantize_q8_1_x4 elements=1376256,1,1 gpu_ns=12160
VKPHASE pipeline=quantize_q8_1_x4 elements=262144,1,1 gpu_ns=1440
VKPHASE pipeline=quantize_q8_1_x4 elements=262144,1,1 gpu_ns=3160
VKPHASE pipeline=quantize_q8_1_x4 elements=262144,1,1 gpu_ns=1520
VKPHASE pipeline=quantize_q8_1_x4 elements=1376256,1,1 gpu_ns=12000
VKPHASE pipeline=quantize_q8_1_x4 elements=262144,1,1 gpu_ns=3160
VKPHASE pipeline=quantize_q8_1_x4 elements=262144,1,1 gpu_ns=3280
VKPHASE pipeline=quantize_q8_1_x4 elements=262144,1,1 gpu_ns=3240
VKPHASE pipeline=quantize_q8_1_x4 elements=1376256,1,1 gpu_ns=12600
VKPHASE pipeline=quantize_q8_1_x4 elements=262144,1,1 gpu_ns=3200
VKPHASE pipeline=quantize_q8_1_x4 elements=262144,1,1 gpu_ns=3200
VKPHASE pipeline=quantize_q8_1_x4 elements=262144,1,1 gpu_ns=3160
VKPHASE pipeline=quantize_q8_1_x4 elements=1376256,1,1 gpu_ns=12160
VKPHASE pipeline=quantize_q8_1_x4 elements=262144,1,1 gpu_ns=3200
VKPHASE pipeline=quantize_q8_1_x4 elements=262144,1,1 gpu_ns=1480
VKPHASE pipeline=quantize_q8_1_x4 elements=262144,1,1 gpu_ns=1440
VKPHASE pipeline=quantize_q8_1_x4 elements=1376256,1,1 gpu_ns=12680
VKPHASE pipeline=quantize_q8_1_x4 elements=262144,1,1 gpu_ns=3200
VKPHASE pipeline=quantize_q8_1_x4 elements=262144,1,1 gpu_ns=1440
VKPHASE pipeline=quantize_q8_1_x4 elements=262144,1,1 gpu_ns=3200
VKPHASE pipeline=quantize_q8_1_x4 elements=1376256,1,1 gpu_ns=12120
VKPHASE pipeline=quantize_q8_1_x4 elements=262144,1,1 gpu_ns=3280
VKPHASE pipeline=quantize_q8_1_x4 elements=262144,1,1 gpu_ns=3040
VKPHASE pipeline=quantize_q8_1_x4 elements=262144,1,1 gpu_ns=3240
VKPHASE pipeline=quantize_q8_1_x4 elements=1376256,1,1 gpu_ns=12160
VKPHASE pipeline=quantize_q8_1_x4 elements=262144,1,1 gpu_ns=3520
VKPHASE pipeline=quantize_q8_1_x4 elements=262144,1,1 gpu_ns=1440
VKPHASE pipeline=quantize_q8_1_x4 elements=262144,1,1 gpu_ns=3240
VKPHASE pipeline=quantize_q8_1_x4 elements=1376256,1,1 gpu_ns=12200
VKPHASE pipeline=quantize_q8_1_x4 elements=262144,1,1 gpu_ns=3280
VKPHASE pipeline=quantize_q8_1_x4 elements=262144,1,1 gpu_ns=1440
VKPHASE pipeline=quantize_q8_1_x4 elements=262144,1,1 gpu_ns=1480
VKPHASE pipeline=quantize_q8_1_x4 elements=1376256,1,1 gpu_ns=11720
VKPHASE pipeline=quantize_q8_1_x4 elements=262144,1,1 gpu_ns=1480
VKPHASE pipeline=quantize_q8_1_x4 elements=262144,1,1 gpu_ns=3200
VKPHASE pipeline=quantize_q8_1_x4 elements=262144,1,1 gpu_ns=3200
VKPHASE pipeline=quantize_q8_1_x4 elements=1376256,1,1 gpu_ns=12560
VKPHASE pipeline=quantize_q8_1_x4 elements=262144,1,1 gpu_ns=1760
VKPHASE pipeline=quantize_q8_1_x4 elements=262144,1,1 gpu_ns=3160
VKPHASE pipeline=quantize_q8_1_x4 elements=262144,1,1 gpu_ns=3160
VKPHASE pipeline=quantize_q8_1_x4 elements=1376256,1,1 gpu_ns=12200
VKPHASE pipeline=quantize_q8_1_x4 elements=262144,1,1 gpu_ns=3240
VKPHASE pipeline=quantize_q8_1_x4 elements=262144,1,1 gpu_ns=1600
VKPHASE pipeline=quantize_q8_1_x4 elements=262144,1,1 gpu_ns=3200
VKPHASE pipeline=quantize_q8_1_x4 elements=1376256,1,1 gpu_ns=11720
VKPHASE pipeline=quantize_q8_1_x4 elements=262144,1,1 gpu_ns=1600
VKPHASE pipeline=quantize_q8_1_x4 elements=262144,1,1 gpu_ns=3240
VKPHASE pipeline=quantize_q8_1_x4 elements=262144,1,1 gpu_ns=3200
VKPHASE pipeline=quantize_q8_1_x4 elements=1376256,1,1 gpu_ns=12120
VKPHASE pipeline=quantize_q8_1_x4 elements=262144,1,1 gpu_ns=3200
VKPHASE pipeline=quantize_q8_1_x4 elements=262144,1,1 gpu_ns=3560
VKPHASE pipeline=quantize_q8_1_x4 elements=262144,1,1 gpu_ns=3200
VKPHASE pipeline=quantize_q8_1_x4 elements=1376256,1,1 gpu_ns=12200
VKPHASE pipeline=quantize_q8_1_x4 elements=262144,1,1 gpu_ns=3160
VKPHASE pipeline=quantize_q8_1_x4 elements=262144,1,1 gpu_ns=1480
----------------
Vulkan Timings:
ADD: 58 x 10.418 us = 604.28 us
CONCAT: 21 x 30.217 us = 634.56 us
CONCAT, CPY: 1 x 31.8 us = 31.8 us
CPY, SSM_CONV: 22 x 17.101 us = 376.24 us
FLASH_ATTN_EXT dst(64,32,128,1),  q(64,128,32,1),  k(64,5632,8,1),  v(64,5632,8,1),  m(5632,128,1,1), SCALE: 1 x 1417.68 us = 1417.68 us (4165.67 GFLOPS/s)
FLASH_ATTN_EXT dst(64,32,128,1),  q(64,128,32,1),  k(64,5632,8,1),  v(64,5632,8,1),  m(5632,128,1,1), SCALE, GET_ROWS, GET_ROWS, CPY: 7 x 1451.63 us = 10161.4 us (4068.24 GFLOPS/s)
GET_ROWS, GET_ROWS, CPY, MUL_MAT f32 m=64 n=4096 k=64: 1 x 17.16 us = 17.16 us (1940.11 GFLOPS/s)
GLU: 17 x 39.87 us = 677.8 us
GLU, SCALE, GET_ROWS, GET_ROWS: 12 x 40.806 us = 489.68 us
MUL: 43 x 10.914 us = 469.32 us
MUL, SCALE, GET_ROWS, GET_ROWS: 1 x 12.72 us = 12.72 us
MUL_MAT f32 m=64 n=1024 k=64: 8 x 3.045 us = 24.36 us (2733.36 GFLOPS/s)
MUL_MAT f32 m=64 n=1024 k=64, RMS_NORM_MUL_ROPE RMS_NORM(64,8,128,1): 8 x 33.435 us = 267.48 us (248.933 GFLOPS/s)
MUL_MAT f32 m=64 n=4096 k=64: 15 x 17.013 us = 255.2 us (1956.84 GFLOPS/s)
MUL_MAT q4_0_rocmfp4_fast m=10752 n=128 k=2048, MUL_MAT q4_0_rocmfp4_fast m=10752 n=128 k=2048: 29 x 810.402 us = 23501.7 us (13908.6 GFLOPS/s)
MUL_MAT q4_0_rocmfp4_fast m=2048 n=128 k=10752: 29 x 574.215 us = 16652.2 us (9816.67 GFLOPS/s)
MUL_MAT q4_0_rocmfp4_fast m=2048 n=128 k=2048: 29 x 98.121 us = 2845.52 us (10940.3 GFLOPS/s)
MUL_MAT q4_0_rocmfp4_fast m=2048 n=128 k=2048, MUL_MAT q4_0_rocmfp4_fast m=512 n=128 k=2048, MUL_MAT q4_0_rocmfp4_fast m=512 n=128 k=2048: 8 x 160.105 us = 1280.84 us (10057.3 GFLOPS/s)
MUL_MAT q4_0_rocmfp4_fast m=6144 n=128 k=2048: 10 x 249.504 us = 2495.04 us (12907.4 GFLOPS/s)
MUL_MAT q4_0_rocmfp4_fast m=6144 n=128 k=2048, CPY: 12 x 243.423 us = 2921.08 us (13229.8 GFLOPS/s)
RMS_NORM_MUL RMS_NORM(2048,128,1,1): 57 x 10.472 us = 596.96 us
RMS_NORM_MUL RMS_NORM(2048,128,1,1), GET_ROWS: 1 x 10.12 us = 10.12 us
RMS_NORM_MUL_ROPE RMS_NORM(64,32,128,1): 8 x 104.805 us = 838.44 us
SCALE, GET_ROWS, GET_ROWS, RMS_NORM_MUL RMS_NORM(2048,128,1,1), CPY: 1 x 13.84 us = 13.84 us
SET_ROWS, SET_ROWS: 8 x 5.26 us = 42.08 us
Total time: 66637.5 us.
VKPHASE pipeline=quantize_q8_1_x4 elements=262144,1,1 gpu_ns=1440
VKPHASE pipeline=quantize_q8_1_x4 elements=262144,1,1 gpu_ns=3320
VKPHASE pipeline=quantize_q8_1_x4 elements=262144,1,1 gpu_ns=3320
VKPHASE pipeline=quantize_q8_1_x4 elements=1376256,1,1 gpu_ns=12120
VKPHASE pipeline=quantize_q8_1_x4 elements=262144,1,1 gpu_ns=1560
VKPHASE pipeline=quantize_q8_1_x4 elements=262144,1,1 gpu_ns=3480
VKPHASE pipeline=quantize_q8_1_x4 elements=262144,1,1 gpu_ns=3400
VKPHASE pipeline=quantize_q8_1_x4 elements=1376256,1,1 gpu_ns=12560
VKPHASE pipeline=quantize_q8_1_x4 elements=262144,1,1 gpu_ns=3440
VKPHASE pipeline=quantize_q8_1_x4 elements=262144,1,1 gpu_ns=1600
VKPHASE pipeline=quantize_q8_1_x4 elements=262144,1,1 gpu_ns=1480
VKPHASE pipeline=quantize_q8_1_x4 elements=1376256,1,1 gpu_ns=12760
VKPHASE pipeline=quantize_q8_1_x4 elements=262144,1,1 gpu_ns=1440
VKPHASE pipeline=quantize_q8_1_x4 elements=262144,1,1 gpu_ns=3200
VKPHASE pipeline=quantize_q8_1_x4 elements=262144,1,1 gpu_ns=3240
VKPHASE pipeline=quantize_q8_1_x4 elements=1376256,1,1 gpu_ns=12600
VKPHASE pipeline=quantize_q8_1_x4 elements=262144,1,1 gpu_ns=3200
VKPHASE pipeline=quantize_q8_1_x4 elements=262144,1,1 gpu_ns=1440
VKPHASE pipeline=quantize_q8_1_x4 elements=262144,1,1 gpu_ns=1480
VKPHASE pipeline=quantize_q8_1_x4 elements=1376256,1,1 gpu_ns=11960
VKPHASE pipeline=quantize_q8_1_x4 elements=262144,1,1 gpu_ns=3240
VKPHASE pipeline=quantize_q8_1_x4 elements=262144,1,1 gpu_ns=1560
VKPHASE pipeline=quantize_q8_1_x4 elements=262144,1,1 gpu_ns=1480
VKPHASE pipeline=quantize_q8_1_x4 elements=1376256,1,1 gpu_ns=12520
VKPHASE pipeline=quantize_q8_1_x4 elements=262144,1,1 gpu_ns=1480
VKPHASE pipeline=quantize_q8_1_x4 elements=262144,1,1 gpu_ns=1520
VKPHASE pipeline=quantize_q8_1_x4 elements=262144,1,1 gpu_ns=1400
VKPHASE pipeline=quantize_q8_1_x4 elements=1376256,1,1 gpu_ns=12120
VKPHASE pipeline=quantize_q8_1_x4 elements=262144,1,1 gpu_ns=3240
VKPHASE pipeline=quantize_q8_1_x4 elements=262144,1,1 gpu_ns=1480
VKPHASE pipeline=quantize_q8_1_x4 elements=262144,1,1 gpu_ns=3200
VKPHASE pipeline=quantize_q8_1_x4 elements=1376256,1,1 gpu_ns=12160
VKPHASE pipeline=quantize_q8_1_x4 elements=262144,1,1 gpu_ns=3240
VKPHASE pipeline=quantize_q8_1_x4 elements=262144,1,1 gpu_ns=3120
VKPHASE pipeline=quantize_q8_1_x4 elements=262144,1,1 gpu_ns=3160
VKPHASE pipeline=quantize_q8_1_x4 elements=1376256,1,1 gpu_ns=12440
VKPHASE pipeline=quantize_q8_1_x4 elements=262144,1,1 gpu_ns=13040
VKPHASE pipeline=quantize_q8_1_x4 elements=262144,1,1 gpu_ns=3200
VKPHASE pipeline=quantize_q8_1_x4 elements=262144,1,1 gpu_ns=3160
VKPHASE pipeline=quantize_q8_1_x4 elements=1376256,1,1 gpu_ns=11760
VKPHASE pipeline=quantize_q8_1_x4 elements=262144,1,1 gpu_ns=3240
VKPHASE pipeline=quantize_q8_1_x4 elements=262144,1,1 gpu_ns=1440
VKPHASE pipeline=quantize_q8_1_x4 elements=262144,1,1 gpu_ns=3200
VKPHASE pipeline=quantize_q8_1_x4 elements=1376256,1,1 gpu_ns=12840
VKPHASE pipeline=quantize_q8_1_x4 elements=262144,1,1 gpu_ns=3200
VKPHASE pipeline=quantize_q8_1_x4 elements=262144,1,1 gpu_ns=4280
VKPHASE pipeline=quantize_q8_1_x4 elements=262144,1,1 gpu_ns=3160
VKPHASE pipeline=quantize_q8_1_x4 elements=1376256,1,1 gpu_ns=12120
VKPHASE pipeline=quantize_q8_1_x4 elements=262144,1,1 gpu_ns=1520
VKPHASE pipeline=quantize_q8_1_x4 elements=262144,1,1 gpu_ns=1480
VKPHASE pipeline=quantize_q8_1_x4 elements=262144,1,1 gpu_ns=1480
VKPHASE pipeline=quantize_q8_1_x4 elements=1376256,1,1 gpu_ns=12000
VKPHASE pipeline=quantize_q8_1_x4 elements=262144,1,1 gpu_ns=1560
VKPHASE pipeline=quantize_q8_1_x4 elements=262144,1,1 gpu_ns=3240
VKPHASE pipeline=quantize_q8_1_x4 elements=262144,1,1 gpu_ns=3280
VKPHASE pipeline=quantize_q8_1_x4 elements=1376256,1,1 gpu_ns=12040
VKPHASE pipeline=quantize_q8_1_x4 elements=262144,1,1 gpu_ns=1480
VKPHASE pipeline=quantize_q8_1_x4 elements=262144,1,1 gpu_ns=1480
VKPHASE pipeline=quantize_q8_1_x4 elements=262144,1,1 gpu_ns=3160
VKPHASE pipeline=quantize_q8_1_x4 elements=1376256,1,1 gpu_ns=12200
VKPHASE pipeline=quantize_q8_1_x4 elements=262144,1,1 gpu_ns=1600
VKPHASE pipeline=quantize_q8_1_x4 elements=262144,1,1 gpu_ns=1480
VKPHASE pipeline=quantize_q8_1_x4 elements=262144,1,1 gpu_ns=1440
VKPHASE pipeline=quantize_q8_1_x4 elements=1376256,1,1 gpu_ns=12000
VKPHASE pipeline=quantize_q8_1_x4 elements=262144,1,1 gpu_ns=3160
VKPHASE pipeline=quantize_q8_1_x4 elements=262144,1,1 gpu_ns=1440
VKPHASE pipeline=quantize_q8_1_x4 elements=262144,1,1 gpu_ns=3200
VKPHASE pipeline=quantize_q8_1_x4 elements=1376256,1,1 gpu_ns=12600
VKPHASE pipeline=quantize_q8_1_x4 elements=262144,1,1 gpu_ns=3240
VKPHASE pipeline=quantize_q8_1_x4 elements=262144,1,1 gpu_ns=3240
VKPHASE pipeline=quantize_q8_1_x4 elements=262144,1,1 gpu_ns=3200
VKPHASE pipeline=quantize_q8_1_x4 elements=1376256,1,1 gpu_ns=12720
VKPHASE pipeline=quantize_q8_1_x4 elements=262144,1,1 gpu_ns=3280
VKPHASE pipeline=quantize_q8_1_x4 elements=262144,1,1 gpu_ns=1440
VKPHASE pipeline=quantize_q8_1_x4 elements=262144,1,1 gpu_ns=3200
VKPHASE pipeline=quantize_q8_1_x4 elements=1376256,1,1 gpu_ns=12240
VKPHASE pipeline=quantize_q8_1_x4 elements=262144,1,1 gpu_ns=3200
VKPHASE pipeline=quantize_q8_1_x4 elements=262144,1,1 gpu_ns=3160
VKPHASE pipeline=quantize_q8_1_x4 elements=262144,1,1 gpu_ns=3160
VKPHASE pipeline=quantize_q8_1_x4 elements=1376256,1,1 gpu_ns=12000
VKPHASE pipeline=quantize_q8_1_x4 elements=262144,1,1 gpu_ns=1520
VKPHASE pipeline=quantize_q8_1_x4 elements=262144,1,1 gpu_ns=3160
VKPHASE pipeline=quantize_q8_1_x4 elements=262144,1,1 gpu_ns=3240
VKPHASE pipeline=quantize_q8_1_x4 elements=1376256,1,1 gpu_ns=12040
VKPHASE pipeline=quantize_q8_1_x4 elements=262144,1,1 gpu_ns=3160
VKPHASE pipeline=quantize_q8_1_x4 elements=262144,1,1 gpu_ns=1440
VKPHASE pipeline=quantize_q8_1_x4 elements=262144,1,1 gpu_ns=3200
VKPHASE pipeline=quantize_q8_1_x4 elements=1376256,1,1 gpu_ns=12200
VKPHASE pipeline=quantize_q8_1_x4 elements=262144,1,1 gpu_ns=3240
VKPHASE pipeline=quantize_q8_1_x4 elements=262144,1,1 gpu_ns=1480
VKPHASE pipeline=quantize_q8_1_x4 elements=262144,1,1 gpu_ns=3160
VKPHASE pipeline=quantize_q8_1_x4 elements=1376256,1,1 gpu_ns=12160
VKPHASE pipeline=quantize_q8_1_x4 elements=262144,1,1 gpu_ns=3240
VKPHASE pipeline=quantize_q8_1_x4 elements=262144,1,1 gpu_ns=1440
VKPHASE pipeline=quantize_q8_1_x4 elements=262144,1,1 gpu_ns=1480
VKPHASE pipeline=quantize_q8_1_x4 elements=1376256,1,1 gpu_ns=12560
VKPHASE pipeline=quantize_q8_1_x4 elements=262144,1,1 gpu_ns=1520
VKPHASE pipeline=quantize_q8_1_x4 elements=262144,1,1 gpu_ns=1480
VKPHASE pipeline=quantize_q8_1_x4 elements=262144,1,1 gpu_ns=1440
VKPHASE pipeline=quantize_q8_1_x4 elements=1376256,1,1 gpu_ns=12400
VKPHASE pipeline=quantize_q8_1_x4 elements=262144,1,1 gpu_ns=1440
VKPHASE pipeline=quantize_q8_1_x4 elements=262144,1,1 gpu_ns=3240
VKPHASE pipeline=quantize_q8_1_x4 elements=262144,1,1 gpu_ns=3200
VKPHASE pipeline=quantize_q8_1_x4 elements=1376256,1,1 gpu_ns=12360
VKPHASE pipeline=quantize_q8_1_x4 elements=262144,1,1 gpu_ns=3240
VKPHASE pipeline=quantize_q8_1_x4 elements=262144,1,1 gpu_ns=3160
VKPHASE pipeline=quantize_q8_1_x4 elements=262144,1,1 gpu_ns=3160
VKPHASE pipeline=quantize_q8_1_x4 elements=1376256,1,1 gpu_ns=11960
VKPHASE pipeline=quantize_q8_1_x4 elements=262144,1,1 gpu_ns=3200
VKPHASE pipeline=quantize_q8_1_x4 elements=262144,1,1 gpu_ns=3200
VKPHASE pipeline=quantize_q8_1_x4 elements=262144,1,1 gpu_ns=3200
VKPHASE pipeline=quantize_q8_1_x4 elements=1376256,1,1 gpu_ns=12280
VKPHASE pipeline=quantize_q8_1_x4 elements=262144,1,1 gpu_ns=3160
VKPHASE pipeline=quantize_q8_1_x4 elements=262144,1,1 gpu_ns=1480
VKPHASE pipeline=quantize_q8_1_x4 elements=262144,1,1 gpu_ns=3200
VKPHASE pipeline=quantize_q8_1_x4 elements=1376256,1,1 gpu_ns=12120
VKPHASE pipeline=quantize_q8_1_x4 elements=262144,1,1 gpu_ns=3240
VKPHASE pipeline=quantize_q8_1_x4 elements=262144,1,1 gpu_ns=1440
----------------
Vulkan Timings:
ADD: 58 x 10.885 us = 631.36 us
CONCAT: 21 x 30.268 us = 635.64 us
CONCAT, CPY: 1 x 29.4 us = 29.4 us
CPY, SSM_CONV: 22 x 16.963 us = 373.2 us
FLASH_ATTN_EXT dst(64,32,128,1),  q(64,128,32,1),  k(64,5632,8,1),  v(64,5632,8,1),  m(5632,128,1,1), SCALE: 1 x 1449.56 us = 1449.56 us (4074.05 GFLOPS/s)
FLASH_ATTN_EXT dst(64,32,128,1),  q(64,128,32,1),  k(64,5632,8,1),  v(64,5632,8,1),  m(5632,128,1,1), SCALE, GET_ROWS, GET_ROWS, CPY: 7 x 1455.91 us = 10191.4 us (4056.28 GFLOPS/s)
GET_ROWS, GET_ROWS, CPY, MUL_MAT f32 m=64 n=4096 k=64: 1 x 18.92 us = 18.92 us (1759.63 GFLOPS/s)
GLU: 17 x 39.95 us = 679.16 us
GLU, SCALE, GET_ROWS, GET_ROWS: 12 x 40.696 us = 488.36 us
MUL: 43 x 10.913 us = 469.28 us
MUL, SCALE, GET_ROWS, GET_ROWS: 1 x 12.44 us = 12.44 us
MUL_MAT f32 m=64 n=1024 k=64: 8 x 2.585 us = 20.68 us (3219.76 GFLOPS/s)
MUL_MAT f32 m=64 n=1024 k=64, RMS_NORM_MUL_ROPE RMS_NORM(64,8,128,1): 8 x 36.485 us = 291.88 us (228.123 GFLOPS/s)
MUL_MAT f32 m=64 n=4096 k=64: 15 x 18.28 us = 274.2 us (1821.24 GFLOPS/s)
MUL_MAT q4_0_rocmfp4_fast m=10752 n=128 k=2048, MUL_MAT q4_0_rocmfp4_fast m=10752 n=128 k=2048: 29 x 799.997 us = 23199.9 us (14089.5 GFLOPS/s)
MUL_MAT q4_0_rocmfp4_fast m=2048 n=128 k=10752: 29 x 567.699 us = 16463.3 us (9929.35 GFLOPS/s)
MUL_MAT q4_0_rocmfp4_fast m=2048 n=128 k=2048: 29 x 96.015 us = 2784.44 us (11180.3 GFLOPS/s)
MUL_MAT q4_0_rocmfp4_fast m=2048 n=128 k=2048, MUL_MAT q4_0_rocmfp4_fast m=512 n=128 k=2048, MUL_MAT q4_0_rocmfp4_fast m=512 n=128 k=2048: 8 x 157.525 us = 1260.2 us (10222 GFLOPS/s)
MUL_MAT q4_0_rocmfp4_fast m=6144 n=128 k=2048: 10 x 244.692 us = 2446.92 us (13161.2 GFLOPS/s)
MUL_MAT q4_0_rocmfp4_fast m=6144 n=128 k=2048, CPY: 12 x 246.563 us = 2958.76 us (13061.3 GFLOPS/s)
RMS_NORM_MUL RMS_NORM(2048,128,1,1): 57 x 10.336 us = 589.2 us
RMS_NORM_MUL RMS_NORM(2048,128,1,1), GET_ROWS: 1 x 10.36 us = 10.36 us
RMS_NORM_MUL_ROPE RMS_NORM(64,32,128,1): 8 x 106.475 us = 851.8 us
SCALE, GET_ROWS, GET_ROWS, RMS_NORM_MUL RMS_NORM(2048,128,1,1), CPY: 1 x 14.16 us = 14.16 us
SET_ROWS, SET_ROWS: 8 x 5.485 us = 43.88 us
Total time: 66188.4 us.
VKPHASE pipeline=quantize_q8_1_x4 elements=262144,1,1 gpu_ns=3600
VKPHASE pipeline=quantize_q8_1_x4 elements=262144,1,1 gpu_ns=3160
VKPHASE pipeline=quantize_q8_1_x4 elements=262144,1,1 gpu_ns=3120
VKPHASE pipeline=quantize_q8_1_x4 elements=1376256,1,1 gpu_ns=12120
VKPHASE pipeline=quantize_q8_1_x4 elements=262144,1,1 gpu_ns=3160
VKPHASE pipeline=quantize_q8_1_x4 elements=262144,1,1 gpu_ns=1480
VKPHASE pipeline=quantize_q8_1_x4 elements=262144,1,1 gpu_ns=3200
VKPHASE pipeline=quantize_q8_1_x4 elements=1376256,1,1 gpu_ns=12360
VKPHASE pipeline=quantize_q8_1_x4 elements=262144,1,1 gpu_ns=1440
VKPHASE pipeline=quantize_q8_1_x4 elements=262144,1,1 gpu_ns=3280
VKPHASE pipeline=quantize_q8_1_x4 elements=262144,1,1 gpu_ns=3240
VKPHASE pipeline=quantize_q8_1_x4 elements=1376256,1,1 gpu_ns=12640
VKPHASE pipeline=quantize_q8_1_x4 elements=262144,1,1 gpu_ns=3200
VKPHASE pipeline=quantize_q8_1_x4 elements=262144,1,1 gpu_ns=3200
VKPHASE pipeline=quantize_q8_1_x4 elements=262144,1,1 gpu_ns=3240
VKPHASE pipeline=quantize_q8_1_x4 elements=1376256,1,1 gpu_ns=12520
VKPHASE pipeline=quantize_q8_1_x4 elements=262144,1,1 gpu_ns=3160
VKPHASE pipeline=quantize_q8_1_x4 elements=262144,1,1 gpu_ns=1440
VKPHASE pipeline=quantize_q8_1_x4 elements=262144,1,1 gpu_ns=1480
VKPHASE pipeline=quantize_q8_1_x4 elements=1376256,1,1 gpu_ns=12040
VKPHASE pipeline=quantize_q8_1_x4 elements=262144,1,1 gpu_ns=3240
VKPHASE pipeline=quantize_q8_1_x4 elements=262144,1,1 gpu_ns=1560
VKPHASE pipeline=quantize_q8_1_x4 elements=262144,1,1 gpu_ns=3200
VKPHASE pipeline=quantize_q8_1_x4 elements=1376256,1,1 gpu_ns=12320
VKPHASE pipeline=quantize_q8_1_x4 elements=262144,1,1 gpu_ns=1520
VKPHASE pipeline=quantize_q8_1_x4 elements=262144,1,1 gpu_ns=1520
VKPHASE pipeline=quantize_q8_1_x4 elements=262144,1,1 gpu_ns=1480
VKPHASE pipeline=quantize_q8_1_x4 elements=1376256,1,1 gpu_ns=12440
VKPHASE pipeline=quantize_q8_1_x4 elements=262144,1,1 gpu_ns=3240
VKPHASE pipeline=quantize_q8_1_x4 elements=262144,1,1 gpu_ns=3200
VKPHASE pipeline=quantize_q8_1_x4 elements=262144,1,1 gpu_ns=3200
VKPHASE pipeline=quantize_q8_1_x4 elements=1376256,1,1 gpu_ns=12120
VKPHASE pipeline=quantize_q8_1_x4 elements=262144,1,1 gpu_ns=3160
VKPHASE pipeline=quantize_q8_1_x4 elements=262144,1,1 gpu_ns=3200
VKPHASE pipeline=quantize_q8_1_x4 elements=262144,1,1 gpu_ns=3160
VKPHASE pipeline=quantize_q8_1_x4 elements=1376256,1,1 gpu_ns=12600
VKPHASE pipeline=quantize_q8_1_x4 elements=262144,1,1 gpu_ns=3200
VKPHASE pipeline=quantize_q8_1_x4 elements=262144,1,1 gpu_ns=3240
VKPHASE pipeline=quantize_q8_1_x4 elements=262144,1,1 gpu_ns=3160
VKPHASE pipeline=quantize_q8_1_x4 elements=1376256,1,1 gpu_ns=11840
VKPHASE pipeline=quantize_q8_1_x4 elements=262144,1,1 gpu_ns=1440
VKPHASE pipeline=quantize_q8_1_x4 elements=262144,1,1 gpu_ns=3200
VKPHASE pipeline=quantize_q8_1_x4 elements=262144,1,1 gpu_ns=3200
VKPHASE pipeline=quantize_q8_1_x4 elements=1376256,1,1 gpu_ns=12360
VKPHASE pipeline=quantize_q8_1_x4 elements=262144,1,1 gpu_ns=3200
VKPHASE pipeline=quantize_q8_1_x4 elements=262144,1,1 gpu_ns=3200
VKPHASE pipeline=quantize_q8_1_x4 elements=262144,1,1 gpu_ns=3200
VKPHASE pipeline=quantize_q8_1_x4 elements=1376256,1,1 gpu_ns=12000
VKPHASE pipeline=quantize_q8_1_x4 elements=262144,1,1 gpu_ns=1520
VKPHASE pipeline=quantize_q8_1_x4 elements=262144,1,1 gpu_ns=3200
VKPHASE pipeline=quantize_q8_1_x4 elements=262144,1,1 gpu_ns=3240
VKPHASE pipeline=quantize_q8_1_x4 elements=1376256,1,1 gpu_ns=12040
VKPHASE pipeline=quantize_q8_1_x4 elements=262144,1,1 gpu_ns=3240
VKPHASE pipeline=quantize_q8_1_x4 elements=262144,1,1 gpu_ns=3240
VKPHASE pipeline=quantize_q8_1_x4 elements=262144,1,1 gpu_ns=3200
VKPHASE pipeline=quantize_q8_1_x4 elements=1376256,1,1 gpu_ns=12680
VKPHASE pipeline=quantize_q8_1_x4 elements=262144,1,1 gpu_ns=1400
VKPHASE pipeline=quantize_q8_1_x4 elements=262144,1,1 gpu_ns=1520
VKPHASE pipeline=quantize_q8_1_x4 elements=262144,1,1 gpu_ns=3200
VKPHASE pipeline=quantize_q8_1_x4 elements=1376256,1,1 gpu_ns=12240
VKPHASE pipeline=quantize_q8_1_x4 elements=262144,1,1 gpu_ns=1480
VKPHASE pipeline=quantize_q8_1_x4 elements=262144,1,1 gpu_ns=1440
VKPHASE pipeline=quantize_q8_1_x4 elements=262144,1,1 gpu_ns=1480
VKPHASE pipeline=quantize_q8_1_x4 elements=1376256,1,1 gpu_ns=12000
VKPHASE pipeline=quantize_q8_1_x4 elements=262144,1,1 gpu_ns=1520
VKPHASE pipeline=quantize_q8_1_x4 elements=262144,1,1 gpu_ns=3160
VKPHASE pipeline=quantize_q8_1_x4 elements=262144,1,1 gpu_ns=1520
VKPHASE pipeline=quantize_q8_1_x4 elements=1376256,1,1 gpu_ns=12320
VKPHASE pipeline=quantize_q8_1_x4 elements=262144,1,1 gpu_ns=3200
VKPHASE pipeline=quantize_q8_1_x4 elements=262144,1,1 gpu_ns=3240
VKPHASE pipeline=quantize_q8_1_x4 elements=262144,1,1 gpu_ns=3240
VKPHASE pipeline=quantize_q8_1_x4 elements=1376256,1,1 gpu_ns=12440
VKPHASE pipeline=quantize_q8_1_x4 elements=262144,1,1 gpu_ns=3240
VKPHASE pipeline=quantize_q8_1_x4 elements=262144,1,1 gpu_ns=3120
VKPHASE pipeline=quantize_q8_1_x4 elements=262144,1,1 gpu_ns=3160
VKPHASE pipeline=quantize_q8_1_x4 elements=1376256,1,1 gpu_ns=12280
VKPHASE pipeline=quantize_q8_1_x4 elements=262144,1,1 gpu_ns=3200
VKPHASE pipeline=quantize_q8_1_x4 elements=262144,1,1 gpu_ns=3160
VKPHASE pipeline=quantize_q8_1_x4 elements=262144,1,1 gpu_ns=3200
VKPHASE pipeline=quantize_q8_1_x4 elements=1376256,1,1 gpu_ns=11920
VKPHASE pipeline=quantize_q8_1_x4 elements=262144,1,1 gpu_ns=3240
VKPHASE pipeline=quantize_q8_1_x4 elements=262144,1,1 gpu_ns=1480
VKPHASE pipeline=quantize_q8_1_x4 elements=262144,1,1 gpu_ns=3200
VKPHASE pipeline=quantize_q8_1_x4 elements=1376256,1,1 gpu_ns=12200
VKPHASE pipeline=quantize_q8_1_x4 elements=262144,1,1 gpu_ns=1480
VKPHASE pipeline=quantize_q8_1_x4 elements=262144,1,1 gpu_ns=3320
VKPHASE pipeline=quantize_q8_1_x4 elements=262144,1,1 gpu_ns=1480
VKPHASE pipeline=quantize_q8_1_x4 elements=1376256,1,1 gpu_ns=12520
VKPHASE pipeline=quantize_q8_1_x4 elements=262144,1,1 gpu_ns=3200
VKPHASE pipeline=quantize_q8_1_x4 elements=262144,1,1 gpu_ns=3240
VKPHASE pipeline=quantize_q8_1_x4 elements=262144,1,1 gpu_ns=3200
VKPHASE pipeline=quantize_q8_1_x4 elements=1376256,1,1 gpu_ns=12160
VKPHASE pipeline=quantize_q8_1_x4 elements=262144,1,1 gpu_ns=3160
VKPHASE pipeline=quantize_q8_1_x4 elements=262144,1,1 gpu_ns=1480
VKPHASE pipeline=quantize_q8_1_x4 elements=262144,1,1 gpu_ns=3240
VKPHASE pipeline=quantize_q8_1_x4 elements=1376256,1,1 gpu_ns=12240
VKPHASE pipeline=quantize_q8_1_x4 elements=262144,1,1 gpu_ns=1560
VKPHASE pipeline=quantize_q8_1_x4 elements=262144,1,1 gpu_ns=1520
VKPHASE pipeline=quantize_q8_1_x4 elements=262144,1,1 gpu_ns=1440
VKPHASE pipeline=quantize_q8_1_x4 elements=1376256,1,1 gpu_ns=12680
VKPHASE pipeline=quantize_q8_1_x4 elements=262144,1,1 gpu_ns=3200
VKPHASE pipeline=quantize_q8_1_x4 elements=262144,1,1 gpu_ns=3160
VKPHASE pipeline=quantize_q8_1_x4 elements=262144,1,1 gpu_ns=3200
VKPHASE pipeline=quantize_q8_1_x4 elements=1376256,1,1 gpu_ns=12080
VKPHASE pipeline=quantize_q8_1_x4 elements=262144,1,1 gpu_ns=3160
VKPHASE pipeline=quantize_q8_1_x4 elements=262144,1,1 gpu_ns=1480
VKPHASE pipeline=quantize_q8_1_x4 elements=262144,1,1 gpu_ns=3120
VKPHASE pipeline=quantize_q8_1_x4 elements=1376256,1,1 gpu_ns=11960
VKPHASE pipeline=quantize_q8_1_x4 elements=262144,1,1 gpu_ns=3200
VKPHASE pipeline=quantize_q8_1_x4 elements=262144,1,1 gpu_ns=3080
VKPHASE pipeline=quantize_q8_1_x4 elements=262144,1,1 gpu_ns=3160
VKPHASE pipeline=quantize_q8_1_x4 elements=1376256,1,1 gpu_ns=12120
VKPHASE pipeline=quantize_q8_1_x4 elements=262144,1,1 gpu_ns=1440
VKPHASE pipeline=quantize_q8_1_x4 elements=262144,1,1 gpu_ns=1480
VKPHASE pipeline=quantize_q8_1_x4 elements=262144,1,1 gpu_ns=3200
VKPHASE pipeline=quantize_q8_1_x4 elements=1376256,1,1 gpu_ns=12560
VKPHASE pipeline=quantize_q8_1_x4 elements=262144,1,1 gpu_ns=3280
VKPHASE pipeline=quantize_q8_1_x4 elements=262144,1,1 gpu_ns=1440
----------------
Vulkan Timings:
ADD: 58 x 11.217 us = 650.6 us
CONCAT: 21 x 30 us = 630 us
CONCAT, CPY: 1 x 30.28 us = 30.28 us
CPY, SSM_CONV: 22 x 17.023 us = 374.52 us
FLASH_ATTN_EXT dst(64,32,128,1),  q(64,128,32,1),  k(64,5888,8,1),  v(64,5888,8,1),  m(5888,128,1,1), SCALE: 1 x 1503.64 us = 1503.64 us (4106.05 GFLOPS/s)
FLASH_ATTN_EXT dst(64,32,128,1),  q(64,128,32,1),  k(64,5888,8,1),  v(64,5888,8,1),  m(5888,128,1,1), SCALE, GET_ROWS, GET_ROWS, CPY: 7 x 1476.45 us = 10335.2 us (4181.66 GFLOPS/s)
GET_ROWS, GET_ROWS, CPY, MUL_MAT f32 m=64 n=4096 k=64: 1 x 17.64 us = 17.64 us (1887.32 GFLOPS/s)
GLU: 17 x 39.797 us = 676.56 us
GLU, SCALE, GET_ROWS, GET_ROWS: 12 x 40.446 us = 485.36 us
MUL: 43 x 10.84 us = 466.16 us
MUL, SCALE, GET_ROWS, GET_ROWS: 1 x 12.28 us = 12.28 us
MUL_MAT f32 m=64 n=1024 k=64: 8 x 2.985 us = 23.88 us (2788.3 GFLOPS/s)
MUL_MAT f32 m=64 n=1024 k=64, RMS_NORM_MUL_ROPE RMS_NORM(64,8,128,1): 8 x 31.065 us = 248.52 us (267.924 GFLOPS/s)
MUL_MAT f32 m=64 n=4096 k=64: 15 x 17.386 us = 260.8 us (1914.82 GFLOPS/s)
MUL_MAT q4_0_rocmfp4_fast m=10752 n=128 k=2048, MUL_MAT q4_0_rocmfp4_fast m=10752 n=128 k=2048: 29 x 798.957 us = 23169.8 us (14107.8 GFLOPS/s)
MUL_MAT q4_0_rocmfp4_fast m=2048 n=128 k=10752: 29 x 567.748 us = 16464.7 us (9928.48 GFLOPS/s)
MUL_MAT q4_0_rocmfp4_fast m=2048 n=128 k=2048: 29 x 96.056 us = 2785.64 us (11175.5 GFLOPS/s)
MUL_MAT q4_0_rocmfp4_fast m=2048 n=128 k=2048, MUL_MAT q4_0_rocmfp4_fast m=512 n=128 k=2048, MUL_MAT q4_0_rocmfp4_fast m=512 n=128 k=2048: 8 x 148.275 us = 1186.2 us (10859.7 GFLOPS/s)
MUL_MAT q4_0_rocmfp4_fast m=6144 n=128 k=2048: 10 x 239.052 us = 2390.52 us (13471.7 GFLOPS/s)
MUL_MAT q4_0_rocmfp4_fast m=6144 n=128 k=2048, CPY: 12 x 246.903 us = 2962.84 us (13043.3 GFLOPS/s)
RMS_NORM_MUL RMS_NORM(2048,128,1,1): 57 x 10.389 us = 592.2 us
RMS_NORM_MUL RMS_NORM(2048,128,1,1), GET_ROWS: 1 x 10.48 us = 10.48 us
RMS_NORM_MUL_ROPE RMS_NORM(64,32,128,1): 8 x 105.815 us = 846.52 us
SCALE, GET_ROWS, GET_ROWS, RMS_NORM_MUL RMS_NORM(2048,128,1,1), CPY: 1 x 14.08 us = 14.08 us
SET_ROWS, SET_ROWS: 8 x 5.55 us = 44.4 us
Total time: 66182.8 us.
VKPHASE pipeline=quantize_q8_1_x4 elements=262144,1,1 gpu_ns=1440
VKPHASE pipeline=quantize_q8_1_x4 elements=262144,1,1 gpu_ns=3160
VKPHASE pipeline=quantize_q8_1_x4 elements=262144,1,1 gpu_ns=3320
VKPHASE pipeline=quantize_q8_1_x4 elements=1376256,1,1 gpu_ns=12240
VKPHASE pipeline=quantize_q8_1_x4 elements=262144,1,1 gpu_ns=1560
VKPHASE pipeline=quantize_q8_1_x4 elements=262144,1,1 gpu_ns=3160
VKPHASE pipeline=quantize_q8_1_x4 elements=262144,1,1 gpu_ns=3200
VKPHASE pipeline=quantize_q8_1_x4 elements=1376256,1,1 gpu_ns=12280
VKPHASE pipeline=quantize_q8_1_x4 elements=262144,1,1 gpu_ns=3440
VKPHASE pipeline=quantize_q8_1_x4 elements=262144,1,1 gpu_ns=3240
VKPHASE pipeline=quantize_q8_1_x4 elements=262144,1,1 gpu_ns=3240
VKPHASE pipeline=quantize_q8_1_x4 elements=1376256,1,1 gpu_ns=12520
VKPHASE pipeline=quantize_q8_1_x4 elements=262144,1,1 gpu_ns=3280
VKPHASE pipeline=quantize_q8_1_x4 elements=262144,1,1 gpu_ns=3120
VKPHASE pipeline=quantize_q8_1_x4 elements=262144,1,1 gpu_ns=1560
VKPHASE pipeline=quantize_q8_1_x4 elements=1376256,1,1 gpu_ns=13440
VKPHASE pipeline=quantize_q8_1_x4 elements=262144,1,1 gpu_ns=3240
VKPHASE pipeline=quantize_q8_1_x4 elements=262144,1,1 gpu_ns=1600
VKPHASE pipeline=quantize_q8_1_x4 elements=262144,1,1 gpu_ns=1480
VKPHASE pipeline=quantize_q8_1_x4 elements=1376256,1,1 gpu_ns=12040
VKPHASE pipeline=quantize_q8_1_x4 elements=262144,1,1 gpu_ns=1600
VKPHASE pipeline=quantize_q8_1_x4 elements=262144,1,1 gpu_ns=3200
VKPHASE pipeline=quantize_q8_1_x4 elements=262144,1,1 gpu_ns=1440
VKPHASE pipeline=quantize_q8_1_x4 elements=1376256,1,1 gpu_ns=12280
VKPHASE pipeline=quantize_q8_1_x4 elements=262144,1,1 gpu_ns=1480
VKPHASE pipeline=quantize_q8_1_x4 elements=262144,1,1 gpu_ns=1480
VKPHASE pipeline=quantize_q8_1_x4 elements=262144,1,1 gpu_ns=1440
VKPHASE pipeline=quantize_q8_1_x4 elements=1376256,1,1 gpu_ns=12120
VKPHASE pipeline=quantize_q8_1_x4 elements=262144,1,1 gpu_ns=3240
VKPHASE pipeline=quantize_q8_1_x4 elements=262144,1,1 gpu_ns=3120
VKPHASE pipeline=quantize_q8_1_x4 elements=262144,1,1 gpu_ns=3160
VKPHASE pipeline=quantize_q8_1_x4 elements=1376256,1,1 gpu_ns=12160
VKPHASE pipeline=quantize_q8_1_x4 elements=262144,1,1 gpu_ns=3240
VKPHASE pipeline=quantize_q8_1_x4 elements=262144,1,1 gpu_ns=3120
VKPHASE pipeline=quantize_q8_1_x4 elements=262144,1,1 gpu_ns=1440
VKPHASE pipeline=quantize_q8_1_x4 elements=1376256,1,1 gpu_ns=12040
VKPHASE pipeline=quantize_q8_1_x4 elements=262144,1,1 gpu_ns=4360
VKPHASE pipeline=quantize_q8_1_x4 elements=262144,1,1 gpu_ns=3160
VKPHASE pipeline=quantize_q8_1_x4 elements=262144,1,1 gpu_ns=3200
VKPHASE pipeline=quantize_q8_1_x4 elements=1376256,1,1 gpu_ns=12320
VKPHASE pipeline=quantize_q8_1_x4 elements=262144,1,1 gpu_ns=3240
VKPHASE pipeline=quantize_q8_1_x4 elements=262144,1,1 gpu_ns=1440
VKPHASE pipeline=quantize_q8_1_x4 elements=262144,1,1 gpu_ns=3200
VKPHASE pipeline=quantize_q8_1_x4 elements=1376256,1,1 gpu_ns=29800
VKPHASE pipeline=quantize_q8_1_x4 elements=262144,1,1 gpu_ns=2200
VKPHASE pipeline=quantize_q8_1_x4 elements=262144,1,1 gpu_ns=1440
VKPHASE pipeline=quantize_q8_1_x4 elements=262144,1,1 gpu_ns=3200
VKPHASE pipeline=quantize_q8_1_x4 elements=1376256,1,1 gpu_ns=12160
VKPHASE pipeline=quantize_q8_1_x4 elements=262144,1,1 gpu_ns=3160
VKPHASE pipeline=quantize_q8_1_x4 elements=262144,1,1 gpu_ns=3200
VKPHASE pipeline=quantize_q8_1_x4 elements=262144,1,1 gpu_ns=3160
VKPHASE pipeline=quantize_q8_1_x4 elements=1376256,1,1 gpu_ns=12080
VKPHASE pipeline=quantize_q8_1_x4 elements=262144,1,1 gpu_ns=1560
VKPHASE pipeline=quantize_q8_1_x4 elements=262144,1,1 gpu_ns=3320
VKPHASE pipeline=quantize_q8_1_x4 elements=262144,1,1 gpu_ns=3240
VKPHASE pipeline=quantize_q8_1_x4 elements=1376256,1,1 gpu_ns=12080
VKPHASE pipeline=quantize_q8_1_x4 elements=262144,1,1 gpu_ns=1480
VKPHASE pipeline=quantize_q8_1_x4 elements=262144,1,1 gpu_ns=1440
VKPHASE pipeline=quantize_q8_1_x4 elements=262144,1,1 gpu_ns=3160
VKPHASE pipeline=quantize_q8_1_x4 elements=1376256,1,1 gpu_ns=12120
VKPHASE pipeline=quantize_q8_1_x4 elements=262144,1,1 gpu_ns=3200
VKPHASE pipeline=quantize_q8_1_x4 elements=262144,1,1 gpu_ns=1440
VKPHASE pipeline=quantize_q8_1_x4 elements=262144,1,1 gpu_ns=1520
VKPHASE pipeline=quantize_q8_1_x4 elements=1376256,1,1 gpu_ns=12120
VKPHASE pipeline=quantize_q8_1_x4 elements=262144,1,1 gpu_ns=1520
VKPHASE pipeline=quantize_q8_1_x4 elements=262144,1,1 gpu_ns=3240
VKPHASE pipeline=quantize_q8_1_x4 elements=262144,1,1 gpu_ns=3160
VKPHASE pipeline=quantize_q8_1_x4 elements=1376256,1,1 gpu_ns=11920
VKPHASE pipeline=quantize_q8_1_x4 elements=262144,1,1 gpu_ns=3200
VKPHASE pipeline=quantize_q8_1_x4 elements=262144,1,1 gpu_ns=4400
VKPHASE pipeline=quantize_q8_1_x4 elements=262144,1,1 gpu_ns=3440
VKPHASE pipeline=quantize_q8_1_x4 elements=1376256,1,1 gpu_ns=12600
VKPHASE pipeline=quantize_q8_1_x4 elements=262144,1,1 gpu_ns=3200
VKPHASE pipeline=quantize_q8_1_x4 elements=262144,1,1 gpu_ns=3160
VKPHASE pipeline=quantize_q8_1_x4 elements=262144,1,1 gpu_ns=3160
VKPHASE pipeline=quantize_q8_1_x4 elements=1376256,1,1 gpu_ns=12320
VKPHASE pipeline=quantize_q8_1_x4 elements=262144,1,1 gpu_ns=3240
VKPHASE pipeline=quantize_q8_1_x4 elements=262144,1,1 gpu_ns=3480
VKPHASE pipeline=quantize_q8_1_x4 elements=262144,1,1 gpu_ns=3320
VKPHASE pipeline=quantize_q8_1_x4 elements=1376256,1,1 gpu_ns=12040
VKPHASE pipeline=quantize_q8_1_x4 elements=262144,1,1 gpu_ns=3200
VKPHASE pipeline=quantize_q8_1_x4 elements=262144,1,1 gpu_ns=3240
VKPHASE pipeline=quantize_q8_1_x4 elements=262144,1,1 gpu_ns=8320
VKPHASE pipeline=quantize_q8_1_x4 elements=1376256,1,1 gpu_ns=12160
VKPHASE pipeline=quantize_q8_1_x4 elements=262144,1,1 gpu_ns=3160
VKPHASE pipeline=quantize_q8_1_x4 elements=262144,1,1 gpu_ns=3280
VKPHASE pipeline=quantize_q8_1_x4 elements=262144,1,1 gpu_ns=3160
VKPHASE pipeline=quantize_q8_1_x4 elements=1376256,1,1 gpu_ns=12040
VKPHASE pipeline=quantize_q8_1_x4 elements=262144,1,1 gpu_ns=3160
VKPHASE pipeline=quantize_q8_1_x4 elements=262144,1,1 gpu_ns=3240
VKPHASE pipeline=quantize_q8_1_x4 elements=262144,1,1 gpu_ns=3200
VKPHASE pipeline=quantize_q8_1_x4 elements=1376256,1,1 gpu_ns=11920
VKPHASE pipeline=quantize_q8_1_x4 elements=262144,1,1 gpu_ns=3280
VKPHASE pipeline=quantize_q8_1_x4 elements=262144,1,1 gpu_ns=1440
VKPHASE pipeline=quantize_q8_1_x4 elements=262144,1,1 gpu_ns=1440
VKPHASE pipeline=quantize_q8_1_x4 elements=1376256,1,1 gpu_ns=11960
VKPHASE pipeline=quantize_q8_1_x4 elements=262144,1,1 gpu_ns=3200
VKPHASE pipeline=quantize_q8_1_x4 elements=262144,1,1 gpu_ns=3280
VKPHASE pipeline=quantize_q8_1_x4 elements=262144,1,1 gpu_ns=3200
VKPHASE pipeline=quantize_q8_1_x4 elements=1376256,1,1 gpu_ns=12680
VKPHASE pipeline=quantize_q8_1_x4 elements=262144,1,1 gpu_ns=1440
VKPHASE pipeline=quantize_q8_1_x4 elements=262144,1,1 gpu_ns=3360
VKPHASE pipeline=quantize_q8_1_x4 elements=262144,1,1 gpu_ns=1480
VKPHASE pipeline=quantize_q8_1_x4 elements=1376256,1,1 gpu_ns=12680
VKPHASE pipeline=quantize_q8_1_x4 elements=262144,1,1 gpu_ns=3200
VKPHASE pipeline=quantize_q8_1_x4 elements=262144,1,1 gpu_ns=1440
VKPHASE pipeline=quantize_q8_1_x4 elements=262144,1,1 gpu_ns=3200
VKPHASE pipeline=quantize_q8_1_x4 elements=1376256,1,1 gpu_ns=12360
VKPHASE pipeline=quantize_q8_1_x4 elements=262144,1,1 gpu_ns=4400
VKPHASE pipeline=quantize_q8_1_x4 elements=262144,1,1 gpu_ns=3160
VKPHASE pipeline=quantize_q8_1_x4 elements=262144,1,1 gpu_ns=3200
VKPHASE pipeline=quantize_q8_1_x4 elements=1376256,1,1 gpu_ns=12200
VKPHASE pipeline=quantize_q8_1_x4 elements=262144,1,1 gpu_ns=3240
VKPHASE pipeline=quantize_q8_1_x4 elements=262144,1,1 gpu_ns=1440
VKPHASE pipeline=quantize_q8_1_x4 elements=262144,1,1 gpu_ns=3200
VKPHASE pipeline=quantize_q8_1_x4 elements=1376256,1,1 gpu_ns=12200
VKPHASE pipeline=quantize_q8_1_x4 elements=262144,1,1 gpu_ns=3200
VKPHASE pipeline=quantize_q8_1_x4 elements=262144,1,1 gpu_ns=3240
----------------
Vulkan Timings:
ADD: 58 x 11.561 us = 670.56 us
CONCAT: 21 x 30.089 us = 631.88 us
CONCAT, CPY: 1 x 29.8 us = 29.8 us
CPY, SSM_CONV: 22 x 17.414 us = 383.12 us
FLASH_ATTN_EXT dst(64,32,128,1),  q(64,128,32,1),  k(64,5888,8,1),  v(64,5888,8,1),  m(5888,128,1,1), SCALE: 1 x 1501.76 us = 1501.76 us (4111.19 GFLOPS/s)
FLASH_ATTN_EXT dst(64,32,128,1),  q(64,128,32,1),  k(64,5888,8,1),  v(64,5888,8,1),  m(5888,128,1,1), SCALE, GET_ROWS, GET_ROWS, CPY: 7 x 1523.43 us = 10664 us (4052.7 GFLOPS/s)
GET_ROWS, GET_ROWS, CPY, MUL_MAT f32 m=64 n=4096 k=64: 1 x 17.04 us = 17.04 us (1953.77 GFLOPS/s)
GLU: 17 x 37.828 us = 643.08 us
GLU, SCALE, GET_ROWS, GET_ROWS: 12 x 40.356 us = 484.28 us
MUL: 43 x 11.26 us = 484.2 us
MUL, SCALE, GET_ROWS, GET_ROWS: 1 x 12.16 us = 12.16 us
MUL_MAT f32 m=64 n=1024 k=64: 8 x 3.04 us = 24.32 us (2737.85 GFLOPS/s)
MUL_MAT f32 m=64 n=1024 k=64, RMS_NORM_MUL_ROPE RMS_NORM(64,8,128,1): 8 x 30.885 us = 247.08 us (269.486 GFLOPS/s)
MUL_MAT f32 m=64 n=4096 k=64: 15 x 17.488 us = 262.32 us (1903.72 GFLOPS/s)
MUL_MAT q4_0_rocmfp4_fast m=10752 n=128 k=2048, MUL_MAT q4_0_rocmfp4_fast m=10752 n=128 k=2048: 29 x 791.211 us = 22945.1 us (14245.9 GFLOPS/s)
MUL_MAT q4_0_rocmfp4_fast m=2048 n=128 k=10752: 29 x 564.175 us = 16361.1 us (9991.37 GFLOPS/s)
MUL_MAT q4_0_rocmfp4_fast m=2048 n=128 k=2048: 29 x 96.466 us = 2797.52 us (11128 GFLOPS/s)
MUL_MAT q4_0_rocmfp4_fast m=2048 n=128 k=2048, MUL_MAT q4_0_rocmfp4_fast m=512 n=128 k=2048, MUL_MAT q4_0_rocmfp4_fast m=512 n=128 k=2048: 8 x 153.475 us = 1227.8 us (10491.7 GFLOPS/s)
MUL_MAT q4_0_rocmfp4_fast m=6144 n=128 k=2048: 10 x 240.008 us = 2400.08 us (13418 GFLOPS/s)
MUL_MAT q4_0_rocmfp4_fast m=6144 n=128 k=2048, CPY: 12 x 239.433 us = 2873.2 us (13450.3 GFLOPS/s)
RMS_NORM_MUL RMS_NORM(2048,128,1,1): 57 x 10.408 us = 593.28 us
RMS_NORM_MUL RMS_NORM(2048,128,1,1), GET_ROWS: 1 x 10.32 us = 10.32 us
RMS_NORM_MUL_ROPE RMS_NORM(64,32,128,1): 8 x 100.995 us = 807.96 us
SCALE, GET_ROWS, GET_ROWS, RMS_NORM_MUL RMS_NORM(2048,128,1,1), CPY: 1 x 14.04 us = 14.04 us
SET_ROWS, SET_ROWS: 8 x 5.52 us = 44.16 us
Total time: 66130.2 us.
VKPHASE pipeline=quantize_q8_1_x4 elements=262144,1,1 gpu_ns=3280
VKPHASE pipeline=quantize_q8_1_x4 elements=262144,1,1 gpu_ns=3240
VKPHASE pipeline=quantize_q8_1_x4 elements=262144,1,1 gpu_ns=1440
VKPHASE pipeline=quantize_q8_1_x4 elements=1376256,1,1 gpu_ns=12080
VKPHASE pipeline=quantize_q8_1_x4 elements=262144,1,1 gpu_ns=3120
VKPHASE pipeline=quantize_q8_1_x4 elements=262144,1,1 gpu_ns=1440
VKPHASE pipeline=quantize_q8_1_x4 elements=262144,1,1 gpu_ns=3160
VKPHASE pipeline=quantize_q8_1_x4 elements=1376256,1,1 gpu_ns=12000
VKPHASE pipeline=quantize_q8_1_x4 elements=262144,1,1 gpu_ns=3200
VKPHASE pipeline=quantize_q8_1_x4 elements=262144,1,1 gpu_ns=3440
VKPHASE pipeline=quantize_q8_1_x4 elements=262144,1,1 gpu_ns=3240
VKPHASE pipeline=quantize_q8_1_x4 elements=1376256,1,1 gpu_ns=12560
VKPHASE pipeline=quantize_q8_1_x4 elements=262144,1,1 gpu_ns=3200
VKPHASE pipeline=quantize_q8_1_x4 elements=262144,1,1 gpu_ns=3160
VKPHASE pipeline=quantize_q8_1_x4 elements=262144,1,1 gpu_ns=3280
VKPHASE pipeline=quantize_q8_1_x4 elements=1376256,1,1 gpu_ns=12560
VKPHASE pipeline=quantize_q8_1_x4 elements=262144,1,1 gpu_ns=3240
VKPHASE pipeline=quantize_q8_1_x4 elements=262144,1,1 gpu_ns=3320
VKPHASE pipeline=quantize_q8_1_x4 elements=262144,1,1 gpu_ns=3160
VKPHASE pipeline=quantize_q8_1_x4 elements=1376256,1,1 gpu_ns=11960
VKPHASE pipeline=quantize_q8_1_x4 elements=262144,1,1 gpu_ns=1440
VKPHASE pipeline=quantize_q8_1_x4 elements=262144,1,1 gpu_ns=3280
VKPHASE pipeline=quantize_q8_1_x4 elements=262144,1,1 gpu_ns=3160
VKPHASE pipeline=quantize_q8_1_x4 elements=1376256,1,1 gpu_ns=12160
VKPHASE pipeline=quantize_q8_1_x4 elements=262144,1,1 gpu_ns=1520
VKPHASE pipeline=quantize_q8_1_x4 elements=262144,1,1 gpu_ns=1440
VKPHASE pipeline=quantize_q8_1_x4 elements=262144,1,1 gpu_ns=1400
VKPHASE pipeline=quantize_q8_1_x4 elements=1376256,1,1 gpu_ns=12040
VKPHASE pipeline=quantize_q8_1_x4 elements=262144,1,1 gpu_ns=3200
VKPHASE pipeline=quantize_q8_1_x4 elements=262144,1,1 gpu_ns=3200
VKPHASE pipeline=quantize_q8_1_x4 elements=262144,1,1 gpu_ns=3160
VKPHASE pipeline=quantize_q8_1_x4 elements=1376256,1,1 gpu_ns=12160
VKPHASE pipeline=quantize_q8_1_x4 elements=262144,1,1 gpu_ns=3240
VKPHASE pipeline=quantize_q8_1_x4 elements=262144,1,1 gpu_ns=1440
VKPHASE pipeline=quantize_q8_1_x4 elements=262144,1,1 gpu_ns=1440
VKPHASE pipeline=quantize_q8_1_x4 elements=1376256,1,1 gpu_ns=12080
VKPHASE pipeline=quantize_q8_1_x4 elements=262144,1,1 gpu_ns=3240
VKPHASE pipeline=quantize_q8_1_x4 elements=262144,1,1 gpu_ns=3320
VKPHASE pipeline=quantize_q8_1_x4 elements=262144,1,1 gpu_ns=1440
VKPHASE pipeline=quantize_q8_1_x4 elements=1376256,1,1 gpu_ns=12120
VKPHASE pipeline=quantize_q8_1_x4 elements=262144,1,1 gpu_ns=3200
VKPHASE pipeline=quantize_q8_1_x4 elements=262144,1,1 gpu_ns=3120
VKPHASE pipeline=quantize_q8_1_x4 elements=262144,1,1 gpu_ns=3480
VKPHASE pipeline=quantize_q8_1_x4 elements=1376256,1,1 gpu_ns=12280
VKPHASE pipeline=quantize_q8_1_x4 elements=262144,1,1 gpu_ns=3200
VKPHASE pipeline=quantize_q8_1_x4 elements=262144,1,1 gpu_ns=1440
VKPHASE pipeline=quantize_q8_1_x4 elements=262144,1,1 gpu_ns=3880
VKPHASE pipeline=quantize_q8_1_x4 elements=1376256,1,1 gpu_ns=12280
VKPHASE pipeline=quantize_q8_1_x4 elements=262144,1,1 gpu_ns=3160
VKPHASE pipeline=quantize_q8_1_x4 elements=262144,1,1 gpu_ns=3160
VKPHASE pipeline=quantize_q8_1_x4 elements=262144,1,1 gpu_ns=3160
VKPHASE pipeline=quantize_q8_1_x4 elements=1376256,1,1 gpu_ns=12120
VKPHASE pipeline=quantize_q8_1_x4 elements=262144,1,1 gpu_ns=3200
VKPHASE pipeline=quantize_q8_1_x4 elements=262144,1,1 gpu_ns=3120
VKPHASE pipeline=quantize_q8_1_x4 elements=262144,1,1 gpu_ns=3200
VKPHASE pipeline=quantize_q8_1_x4 elements=1376256,1,1 gpu_ns=12040
VKPHASE pipeline=quantize_q8_1_x4 elements=262144,1,1 gpu_ns=1480
VKPHASE pipeline=quantize_q8_1_x4 elements=262144,1,1 gpu_ns=1440
VKPHASE pipeline=quantize_q8_1_x4 elements=262144,1,1 gpu_ns=3160
VKPHASE pipeline=quantize_q8_1_x4 elements=1376256,1,1 gpu_ns=12040
VKPHASE pipeline=quantize_q8_1_x4 elements=262144,1,1 gpu_ns=1560
VKPHASE pipeline=quantize_q8_1_x4 elements=262144,1,1 gpu_ns=1480
VKPHASE pipeline=quantize_q8_1_x4 elements=262144,1,1 gpu_ns=1440
VKPHASE pipeline=quantize_q8_1_x4 elements=1376256,1,1 gpu_ns=12080
VKPHASE pipeline=quantize_q8_1_x4 elements=262144,1,1 gpu_ns=1480
VKPHASE pipeline=quantize_q8_1_x4 elements=262144,1,1 gpu_ns=1520
VKPHASE pipeline=quantize_q8_1_x4 elements=262144,1,1 gpu_ns=3160
VKPHASE pipeline=quantize_q8_1_x4 elements=1376256,1,1 gpu_ns=12320
VKPHASE pipeline=quantize_q8_1_x4 elements=262144,1,1 gpu_ns=1520
VKPHASE pipeline=quantize_q8_1_x4 elements=262144,1,1 gpu_ns=4560
VKPHASE pipeline=quantize_q8_1_x4 elements=262144,1,1 gpu_ns=3240
VKPHASE pipeline=quantize_q8_1_x4 elements=1376256,1,1 gpu_ns=12560
VKPHASE pipeline=quantize_q8_1_x4 elements=262144,1,1 gpu_ns=3240
VKPHASE pipeline=quantize_q8_1_x4 elements=262144,1,1 gpu_ns=1520
VKPHASE pipeline=quantize_q8_1_x4 elements=262144,1,1 gpu_ns=3160
VKPHASE pipeline=quantize_q8_1_x4 elements=1376256,1,1 gpu_ns=12200
VKPHASE pipeline=quantize_q8_1_x4 elements=262144,1,1 gpu_ns=1440
VKPHASE pipeline=quantize_q8_1_x4 elements=262144,1,1 gpu_ns=3160
VKPHASE pipeline=quantize_q8_1_x4 elements=262144,1,1 gpu_ns=3200
VKPHASE pipeline=quantize_q8_1_x4 elements=1376256,1,1 gpu_ns=12120
VKPHASE pipeline=quantize_q8_1_x4 elements=262144,1,1 gpu_ns=3240
VKPHASE pipeline=quantize_q8_1_x4 elements=262144,1,1 gpu_ns=3200
VKPHASE pipeline=quantize_q8_1_x4 elements=262144,1,1 gpu_ns=3160
VKPHASE pipeline=quantize_q8_1_x4 elements=1376256,1,1 gpu_ns=12200
VKPHASE pipeline=quantize_q8_1_x4 elements=262144,1,1 gpu_ns=3240
VKPHASE pipeline=quantize_q8_1_x4 elements=262144,1,1 gpu_ns=1520
VKPHASE pipeline=quantize_q8_1_x4 elements=262144,1,1 gpu_ns=3160
VKPHASE pipeline=quantize_q8_1_x4 elements=1376256,1,1 gpu_ns=12240
VKPHASE pipeline=quantize_q8_1_x4 elements=262144,1,1 gpu_ns=3200
VKPHASE pipeline=quantize_q8_1_x4 elements=262144,1,1 gpu_ns=3200
VKPHASE pipeline=quantize_q8_1_x4 elements=262144,1,1 gpu_ns=3280
VKPHASE pipeline=quantize_q8_1_x4 elements=1376256,1,1 gpu_ns=12040
VKPHASE pipeline=quantize_q8_1_x4 elements=262144,1,1 gpu_ns=3280
VKPHASE pipeline=quantize_q8_1_x4 elements=262144,1,1 gpu_ns=1440
VKPHASE pipeline=quantize_q8_1_x4 elements=262144,1,1 gpu_ns=3200
VKPHASE pipeline=quantize_q8_1_x4 elements=1376256,1,1 gpu_ns=12000
VKPHASE pipeline=quantize_q8_1_x4 elements=262144,1,1 gpu_ns=1480
VKPHASE pipeline=quantize_q8_1_x4 elements=262144,1,1 gpu_ns=3440
VKPHASE pipeline=quantize_q8_1_x4 elements=262144,1,1 gpu_ns=1480
VKPHASE pipeline=quantize_q8_1_x4 elements=1376256,1,1 gpu_ns=12840
VKPHASE pipeline=quantize_q8_1_x4 elements=262144,1,1 gpu_ns=3200
VKPHASE pipeline=quantize_q8_1_x4 elements=262144,1,1 gpu_ns=3200
VKPHASE pipeline=quantize_q8_1_x4 elements=262144,1,1 gpu_ns=3240
VKPHASE pipeline=quantize_q8_1_x4 elements=1376256,1,1 gpu_ns=12280
VKPHASE pipeline=quantize_q8_1_x4 elements=262144,1,1 gpu_ns=3200
VKPHASE pipeline=quantize_q8_1_x4 elements=262144,1,1 gpu_ns=3160
VKPHASE pipeline=quantize_q8_1_x4 elements=262144,1,1 gpu_ns=3160
VKPHASE pipeline=quantize_q8_1_x4 elements=1376256,1,1 gpu_ns=12280
VKPHASE pipeline=quantize_q8_1_x4 elements=262144,1,1 gpu_ns=3240
VKPHASE pipeline=quantize_q8_1_x4 elements=262144,1,1 gpu_ns=3160
VKPHASE pipeline=quantize_q8_1_x4 elements=262144,1,1 gpu_ns=3160
VKPHASE pipeline=quantize_q8_1_x4 elements=1376256,1,1 gpu_ns=12400
VKPHASE pipeline=quantize_q8_1_x4 elements=262144,1,1 gpu_ns=1480
VKPHASE pipeline=quantize_q8_1_x4 elements=262144,1,1 gpu_ns=3200
VKPHASE pipeline=quantize_q8_1_x4 elements=262144,1,1 gpu_ns=3520
VKPHASE pipeline=quantize_q8_1_x4 elements=1376256,1,1 gpu_ns=12160
VKPHASE pipeline=quantize_q8_1_x4 elements=262144,1,1 gpu_ns=3200
VKPHASE pipeline=quantize_q8_1_x4 elements=262144,1,1 gpu_ns=3160
----------------
Vulkan Timings:
ADD: 58 x 9.943 us = 576.72 us
CONCAT: 21 x 29.942 us = 628.8 us
CONCAT, CPY: 1 x 30.28 us = 30.28 us
CPY, SSM_CONV: 22 x 16.889 us = 371.56 us
FLASH_ATTN_EXT dst(64,32,128,1),  q(64,128,32,1),  k(64,6144,8,1),  v(64,6144,8,1),  m(6144,128,1,1), SCALE: 1 x 1549.16 us = 1549.16 us (4158.67 GFLOPS/s)
FLASH_ATTN_EXT dst(64,32,128,1),  q(64,128,32,1),  k(64,6144,8,1),  v(64,6144,8,1),  m(6144,128,1,1), SCALE, GET_ROWS, GET_ROWS, CPY: 7 x 1555.55 us = 10888.8 us (4141.59 GFLOPS/s)
GET_ROWS, GET_ROWS, CPY, MUL_MAT f32 m=64 n=4096 k=64: 1 x 16.8 us = 16.8 us (1981.68 GFLOPS/s)
GLU: 17 x 39.025 us = 663.44 us
GLU, SCALE, GET_ROWS, GET_ROWS: 12 x 41.096 us = 493.16 us
MUL: 43 x 10.687 us = 459.56 us
MUL, SCALE, GET_ROWS, GET_ROWS: 1 x 12.08 us = 12.08 us
MUL_MAT f32 m=64 n=1024 k=64: 8 x 3.02 us = 24.16 us (2755.98 GFLOPS/s)
MUL_MAT f32 m=64 n=1024 k=64, RMS_NORM_MUL_ROPE RMS_NORM(64,8,128,1): 8 x 31.035 us = 248.28 us (268.183 GFLOPS/s)
MUL_MAT f32 m=64 n=4096 k=64: 15 x 14.528 us = 217.92 us (2291.59 GFLOPS/s)
MUL_MAT q4_0_rocmfp4_fast m=10752 n=128 k=2048, MUL_MAT q4_0_rocmfp4_fast m=10752 n=128 k=2048: 29 x 797.99 us = 23141.7 us (14124.9 GFLOPS/s)
MUL_MAT q4_0_rocmfp4_fast m=2048 n=128 k=10752: 29 x 569.204 us = 16506.9 us (9903.09 GFLOPS/s)
MUL_MAT q4_0_rocmfp4_fast m=2048 n=128 k=2048: 29 x 100.737 us = 2921.4 us (10656.2 GFLOPS/s)
MUL_MAT q4_0_rocmfp4_fast m=2048 n=128 k=2048, MUL_MAT q4_0_rocmfp4_fast m=512 n=128 k=2048, MUL_MAT q4_0_rocmfp4_fast m=512 n=128 k=2048: 8 x 154.5 us = 1236 us (10422.1 GFLOPS/s)
MUL_MAT q4_0_rocmfp4_fast m=6144 n=128 k=2048: 10 x 241.192 us = 2411.92 us (13352.2 GFLOPS/s)
MUL_MAT q4_0_rocmfp4_fast m=6144 n=128 k=2048, CPY: 12 x 241.52 us = 2898.24 us (13334 GFLOPS/s)
RMS_NORM_MUL RMS_NORM(2048,128,1,1): 57 x 10.998 us = 626.92 us
RMS_NORM_MUL RMS_NORM(2048,128,1,1), GET_ROWS: 1 x 10.96 us = 10.96 us
RMS_NORM_MUL_ROPE RMS_NORM(64,32,128,1): 8 x 101.21 us = 809.68 us
SCALE, GET_ROWS, GET_ROWS, RMS_NORM_MUL RMS_NORM(2048,128,1,1), CPY: 1 x 24.2 us = 24.2 us
SET_ROWS, SET_ROWS: 8 x 5.61 us = 44.88 us
Total time: 66813.6 us.
VKPHASE pipeline=quantize_q8_1_x4 elements=262144,1,1 gpu_ns=13600
VKPHASE pipeline=quantize_q8_1_x4 elements=262144,1,1 gpu_ns=1920
VKPHASE pipeline=quantize_q8_1_x4 elements=262144,1,1 gpu_ns=3320
VKPHASE pipeline=quantize_q8_1_x4 elements=1376256,1,1 gpu_ns=12160
VKPHASE pipeline=quantize_q8_1_x4 elements=262144,1,1 gpu_ns=3240
VKPHASE pipeline=quantize_q8_1_x4 elements=262144,1,1 gpu_ns=3200
VKPHASE pipeline=quantize_q8_1_x4 elements=262144,1,1 gpu_ns=3240
VKPHASE pipeline=quantize_q8_1_x4 elements=1376256,1,1 gpu_ns=12640
VKPHASE pipeline=quantize_q8_1_x4 elements=262144,1,1 gpu_ns=3200
VKPHASE pipeline=quantize_q8_1_x4 elements=262144,1,1 gpu_ns=3320
VKPHASE pipeline=quantize_q8_1_x4 elements=262144,1,1 gpu_ns=3160
VKPHASE pipeline=quantize_q8_1_x4 elements=1376256,1,1 gpu_ns=12600
VKPHASE pipeline=quantize_q8_1_x4 elements=262144,1,1 gpu_ns=3440
VKPHASE pipeline=quantize_q8_1_x4 elements=262144,1,1 gpu_ns=1440
VKPHASE pipeline=quantize_q8_1_x4 elements=262144,1,1 gpu_ns=3200
VKPHASE pipeline=quantize_q8_1_x4 elements=1376256,1,1 gpu_ns=12520
VKPHASE pipeline=quantize_q8_1_x4 elements=262144,1,1 gpu_ns=3280
VKPHASE pipeline=quantize_q8_1_x4 elements=262144,1,1 gpu_ns=3160
VKPHASE pipeline=quantize_q8_1_x4 elements=262144,1,1 gpu_ns=1440
VKPHASE pipeline=quantize_q8_1_x4 elements=1376256,1,1 gpu_ns=12040
VKPHASE pipeline=quantize_q8_1_x4 elements=262144,1,1 gpu_ns=2720
VKPHASE pipeline=quantize_q8_1_x4 elements=262144,1,1 gpu_ns=3280
VKPHASE pipeline=quantize_q8_1_x4 elements=262144,1,1 gpu_ns=1480
VKPHASE pipeline=quantize_q8_1_x4 elements=1376256,1,1 gpu_ns=12120
VKPHASE pipeline=quantize_q8_1_x4 elements=262144,1,1 gpu_ns=3200
VKPHASE pipeline=quantize_q8_1_x4 elements=262144,1,1 gpu_ns=1480
VKPHASE pipeline=quantize_q8_1_x4 elements=262144,1,1 gpu_ns=1600
VKPHASE pipeline=quantize_q8_1_x4 elements=1376256,1,1 gpu_ns=12160
VKPHASE pipeline=quantize_q8_1_x4 elements=262144,1,1 gpu_ns=3280
VKPHASE pipeline=quantize_q8_1_x4 elements=262144,1,1 gpu_ns=1480
VKPHASE pipeline=quantize_q8_1_x4 elements=262144,1,1 gpu_ns=3160
VKPHASE pipeline=quantize_q8_1_x4 elements=1376256,1,1 gpu_ns=11880
VKPHASE pipeline=quantize_q8_1_x4 elements=262144,1,1 gpu_ns=1480
VKPHASE pipeline=quantize_q8_1_x4 elements=262144,1,1 gpu_ns=1440
VKPHASE pipeline=quantize_q8_1_x4 elements=262144,1,1 gpu_ns=3200
VKPHASE pipeline=quantize_q8_1_x4 elements=1376256,1,1 gpu_ns=12240
VKPHASE pipeline=quantize_q8_1_x4 elements=262144,1,1 gpu_ns=3280
VKPHASE pipeline=quantize_q8_1_x4 elements=262144,1,1 gpu_ns=5120
VKPHASE pipeline=quantize_q8_1_x4 elements=262144,1,1 gpu_ns=3200
VKPHASE pipeline=quantize_q8_1_x4 elements=1376256,1,1 gpu_ns=12240
VKPHASE pipeline=quantize_q8_1_x4 elements=262144,1,1 gpu_ns=3200
VKPHASE pipeline=quantize_q8_1_x4 elements=262144,1,1 gpu_ns=1480
VKPHASE pipeline=quantize_q8_1_x4 elements=262144,1,1 gpu_ns=3160
VKPHASE pipeline=quantize_q8_1_x4 elements=1376256,1,1 gpu_ns=12280
VKPHASE pipeline=quantize_q8_1_x4 elements=262144,1,1 gpu_ns=3200
VKPHASE pipeline=quantize_q8_1_x4 elements=262144,1,1 gpu_ns=4280
VKPHASE pipeline=quantize_q8_1_x4 elements=262144,1,1 gpu_ns=3200
VKPHASE pipeline=quantize_q8_1_x4 elements=1376256,1,1 gpu_ns=11920
VKPHASE pipeline=quantize_q8_1_x4 elements=262144,1,1 gpu_ns=1560
VKPHASE pipeline=quantize_q8_1_x4 elements=262144,1,1 gpu_ns=1480
VKPHASE pipeline=quantize_q8_1_x4 elements=262144,1,1 gpu_ns=3160
VKPHASE pipeline=quantize_q8_1_x4 elements=1376256,1,1 gpu_ns=12120
VKPHASE pipeline=quantize_q8_1_x4 elements=262144,1,1 gpu_ns=1560
VKPHASE pipeline=quantize_q8_1_x4 elements=262144,1,1 gpu_ns=3200
VKPHASE pipeline=quantize_q8_1_x4 elements=262144,1,1 gpu_ns=1480
VKPHASE pipeline=quantize_q8_1_x4 elements=1376256,1,1 gpu_ns=12080
VKPHASE pipeline=quantize_q8_1_x4 elements=262144,1,1 gpu_ns=3200
VKPHASE pipeline=quantize_q8_1_x4 elements=262144,1,1 gpu_ns=1480
VKPHASE pipeline=quantize_q8_1_x4 elements=262144,1,1 gpu_ns=3160
VKPHASE pipeline=quantize_q8_1_x4 elements=1376256,1,1 gpu_ns=12440
VKPHASE pipeline=quantize_q8_1_x4 elements=262144,1,1 gpu_ns=1520
VKPHASE pipeline=quantize_q8_1_x4 elements=262144,1,1 gpu_ns=1480
VKPHASE pipeline=quantize_q8_1_x4 elements=262144,1,1 gpu_ns=1480
VKPHASE pipeline=quantize_q8_1_x4 elements=1376256,1,1 gpu_ns=12320
VKPHASE pipeline=quantize_q8_1_x4 elements=262144,1,1 gpu_ns=3600
VKPHASE pipeline=quantize_q8_1_x4 elements=262144,1,1 gpu_ns=1520
VKPHASE pipeline=quantize_q8_1_x4 elements=262144,1,1 gpu_ns=3200
VKPHASE pipeline=quantize_q8_1_x4 elements=1376256,1,1 gpu_ns=12000
VKPHASE pipeline=quantize_q8_1_x4 elements=262144,1,1 gpu_ns=3200
VKPHASE pipeline=quantize_q8_1_x4 elements=262144,1,1 gpu_ns=3280
VKPHASE pipeline=quantize_q8_1_x4 elements=262144,1,1 gpu_ns=1400
VKPHASE pipeline=quantize_q8_1_x4 elements=1376256,1,1 gpu_ns=12360
VKPHASE pipeline=quantize_q8_1_x4 elements=262144,1,1 gpu_ns=3200
VKPHASE pipeline=quantize_q8_1_x4 elements=262144,1,1 gpu_ns=3080
VKPHASE pipeline=quantize_q8_1_x4 elements=262144,1,1 gpu_ns=3200
VKPHASE pipeline=quantize_q8_1_x4 elements=1376256,1,1 gpu_ns=12120
VKPHASE pipeline=quantize_q8_1_x4 elements=262144,1,1 gpu_ns=3280
VKPHASE pipeline=quantize_q8_1_x4 elements=262144,1,1 gpu_ns=3160
VKPHASE pipeline=quantize_q8_1_x4 elements=262144,1,1 gpu_ns=3160
VKPHASE pipeline=quantize_q8_1_x4 elements=1376256,1,1 gpu_ns=11920
VKPHASE pipeline=quantize_q8_1_x4 elements=262144,1,1 gpu_ns=3280
VKPHASE pipeline=quantize_q8_1_x4 elements=262144,1,1 gpu_ns=3240
VKPHASE pipeline=quantize_q8_1_x4 elements=262144,1,1 gpu_ns=1440
VKPHASE pipeline=quantize_q8_1_x4 elements=1376256,1,1 gpu_ns=12240
VKPHASE pipeline=quantize_q8_1_x4 elements=262144,1,1 gpu_ns=3280
VKPHASE pipeline=quantize_q8_1_x4 elements=262144,1,1 gpu_ns=3200
VKPHASE pipeline=quantize_q8_1_x4 elements=262144,1,1 gpu_ns=3240
VKPHASE pipeline=quantize_q8_1_x4 elements=1376256,1,1 gpu_ns=12800
VKPHASE pipeline=quantize_q8_1_x4 elements=262144,1,1 gpu_ns=3280
VKPHASE pipeline=quantize_q8_1_x4 elements=262144,1,1 gpu_ns=3240
VKPHASE pipeline=quantize_q8_1_x4 elements=262144,1,1 gpu_ns=3280
VKPHASE pipeline=quantize_q8_1_x4 elements=1376256,1,1 gpu_ns=12160
VKPHASE pipeline=quantize_q8_1_x4 elements=262144,1,1 gpu_ns=3280
VKPHASE pipeline=quantize_q8_1_x4 elements=262144,1,1 gpu_ns=1480
VKPHASE pipeline=quantize_q8_1_x4 elements=262144,1,1 gpu_ns=1400
VKPHASE pipeline=quantize_q8_1_x4 elements=1376256,1,1 gpu_ns=12360
VKPHASE pipeline=quantize_q8_1_x4 elements=262144,1,1 gpu_ns=1520
VKPHASE pipeline=quantize_q8_1_x4 elements=262144,1,1 gpu_ns=3280
VKPHASE pipeline=quantize_q8_1_x4 elements=262144,1,1 gpu_ns=1440
VKPHASE pipeline=quantize_q8_1_x4 elements=1376256,1,1 gpu_ns=12640
VKPHASE pipeline=quantize_q8_1_x4 elements=262144,1,1 gpu_ns=3160
VKPHASE pipeline=quantize_q8_1_x4 elements=262144,1,1 gpu_ns=3160
VKPHASE pipeline=quantize_q8_1_x4 elements=262144,1,1 gpu_ns=3160
VKPHASE pipeline=quantize_q8_1_x4 elements=1376256,1,1 gpu_ns=12120
VKPHASE pipeline=quantize_q8_1_x4 elements=262144,1,1 gpu_ns=1480
VKPHASE pipeline=quantize_q8_1_x4 elements=262144,1,1 gpu_ns=3200
VKPHASE pipeline=quantize_q8_1_x4 elements=262144,1,1 gpu_ns=1440
VKPHASE pipeline=quantize_q8_1_x4 elements=1376256,1,1 gpu_ns=12200
VKPHASE pipeline=quantize_q8_1_x4 elements=262144,1,1 gpu_ns=3200
VKPHASE pipeline=quantize_q8_1_x4 elements=262144,1,1 gpu_ns=4320
VKPHASE pipeline=quantize_q8_1_x4 elements=262144,1,1 gpu_ns=3200
VKPHASE pipeline=quantize_q8_1_x4 elements=1376256,1,1 gpu_ns=12200
VKPHASE pipeline=quantize_q8_1_x4 elements=262144,1,1 gpu_ns=1440
VKPHASE pipeline=quantize_q8_1_x4 elements=262144,1,1 gpu_ns=1440
VKPHASE pipeline=quantize_q8_1_x4 elements=262144,1,1 gpu_ns=3160
VKPHASE pipeline=quantize_q8_1_x4 elements=1376256,1,1 gpu_ns=12520
VKPHASE pipeline=quantize_q8_1_x4 elements=262144,1,1 gpu_ns=3240
VKPHASE pipeline=quantize_q8_1_x4 elements=262144,1,1 gpu_ns=1440
----------------
Vulkan Timings:
ADD: 58 x 10.48 us = 607.88 us
CONCAT: 21 x 31.426 us = 659.96 us
CONCAT, CPY: 1 x 30.72 us = 30.72 us
CPY, SSM_CONV: 22 x 18.21 us = 400.64 us
FLASH_ATTN_EXT dst(64,32,128,1),  q(64,128,32,1),  k(64,6144,8,1),  v(64,6144,8,1),  m(6144,128,1,1), SCALE: 1 x 1580.8 us = 1580.8 us (4075.44 GFLOPS/s)
FLASH_ATTN_EXT dst(64,32,128,1),  q(64,128,32,1),  k(64,6144,8,1),  v(64,6144,8,1),  m(6144,128,1,1), SCALE, GET_ROWS, GET_ROWS, CPY: 7 x 1583.23 us = 11082.6 us (4069.19 GFLOPS/s)
GET_ROWS, GET_ROWS, CPY, MUL_MAT f32 m=64 n=4096 k=64: 1 x 17.32 us = 17.32 us (1922.19 GFLOPS/s)
GLU: 17 x 39.317 us = 668.4 us
GLU, SCALE, GET_ROWS, GET_ROWS: 12 x 39.456 us = 473.48 us
MUL: 43 x 9.474 us = 407.4 us
MUL, SCALE, GET_ROWS, GET_ROWS: 1 x 12.36 us = 12.36 us
MUL_MAT f32 m=64 n=1024 k=64: 8 x 2.995 us = 23.96 us (2778.99 GFLOPS/s)
MUL_MAT f32 m=64 n=1024 k=64, RMS_NORM_MUL_ROPE RMS_NORM(64,8,128,1): 8 x 30.94 us = 247.52 us (269.007 GFLOPS/s)
MUL_MAT f32 m=64 n=4096 k=64: 15 x 16.72 us = 250.8 us (1991.17 GFLOPS/s)
MUL_MAT q4_0_rocmfp4_fast m=10752 n=128 k=2048, MUL_MAT q4_0_rocmfp4_fast m=10752 n=128 k=2048: 29 x 798.136 us = 23146 us (14122.3 GFLOPS/s)
MUL_MAT q4_0_rocmfp4_fast m=2048 n=128 k=10752: 29 x 569.095 us = 16503.8 us (9904.99 GFLOPS/s)
MUL_MAT q4_0_rocmfp4_fast m=2048 n=128 k=2048: 29 x 98.884 us = 2867.64 us (10855.9 GFLOPS/s)
MUL_MAT q4_0_rocmfp4_fast m=2048 n=128 k=2048, MUL_MAT q4_0_rocmfp4_fast m=512 n=128 k=2048, MUL_MAT q4_0_rocmfp4_fast m=512 n=128 k=2048: 8 x 149.025 us = 1192.2 us (10805 GFLOPS/s)
MUL_MAT q4_0_rocmfp4_fast m=6144 n=128 k=2048: 10 x 249 us = 2490 us (12933.5 GFLOPS/s)
MUL_MAT q4_0_rocmfp4_fast m=6144 n=128 k=2048, CPY: 12 x 247.033 us = 2964.4 us (13036.5 GFLOPS/s)
RMS_NORM_MUL RMS_NORM(2048,128,1,1): 57 x 10.443 us = 595.28 us
RMS_NORM_MUL RMS_NORM(2048,128,1,1), GET_ROWS: 1 x 10.28 us = 10.28 us
RMS_NORM_MUL_ROPE RMS_NORM(64,32,128,1): 8 x 100.975 us = 807.8 us
SCALE, GET_ROWS, GET_ROWS, RMS_NORM_MUL RMS_NORM(2048,128,1,1), CPY: 1 x 14.64 us = 14.64 us
SET_ROWS, SET_ROWS: 8 x 5.335 us = 42.68 us
Total time: 67098.5 us.
VKPHASE pipeline=quantize_q8_1_x4 elements=262144,1,1 gpu_ns=3320
VKPHASE pipeline=quantize_q8_1_x4 elements=262144,1,1 gpu_ns=3400
VKPHASE pipeline=quantize_q8_1_x4 elements=262144,1,1 gpu_ns=3360
VKPHASE pipeline=quantize_q8_1_x4 elements=1376256,1,1 gpu_ns=12360
VKPHASE pipeline=quantize_q8_1_x4 elements=262144,1,1 gpu_ns=3200
VKPHASE pipeline=quantize_q8_1_x4 elements=262144,1,1 gpu_ns=3200
VKPHASE pipeline=quantize_q8_1_x4 elements=262144,1,1 gpu_ns=3240
VKPHASE pipeline=quantize_q8_1_x4 elements=1376256,1,1 gpu_ns=12400
VKPHASE pipeline=quantize_q8_1_x4 elements=262144,1,1 gpu_ns=3200
VKPHASE pipeline=quantize_q8_1_x4 elements=262144,1,1 gpu_ns=3320
VKPHASE pipeline=quantize_q8_1_x4 elements=262144,1,1 gpu_ns=3240
VKPHASE pipeline=quantize_q8_1_x4 elements=1376256,1,1 gpu_ns=12600
VKPHASE pipeline=quantize_q8_1_x4 elements=262144,1,1 gpu_ns=3240
VKPHASE pipeline=quantize_q8_1_x4 elements=262144,1,1 gpu_ns=3160
VKPHASE pipeline=quantize_q8_1_x4 elements=262144,1,1 gpu_ns=3120
VKPHASE pipeline=quantize_q8_1_x4 elements=1376256,1,1 gpu_ns=12520
VKPHASE pipeline=quantize_q8_1_x4 elements=262144,1,1 gpu_ns=3280
VKPHASE pipeline=quantize_q8_1_x4 elements=262144,1,1 gpu_ns=1480
VKPHASE pipeline=quantize_q8_1_x4 elements=262144,1,1 gpu_ns=1480
VKPHASE pipeline=quantize_q8_1_x4 elements=1376256,1,1 gpu_ns=12240
VKPHASE pipeline=quantize_q8_1_x4 elements=262144,1,1 gpu_ns=1600
VKPHASE pipeline=quantize_q8_1_x4 elements=262144,1,1 gpu_ns=3360
VKPHASE pipeline=quantize_q8_1_x4 elements=262144,1,1 gpu_ns=3240
VKPHASE pipeline=quantize_q8_1_x4 elements=1376256,1,1 gpu_ns=12360
VKPHASE pipeline=quantize_q8_1_x4 elements=262144,1,1 gpu_ns=3200
VKPHASE pipeline=quantize_q8_1_x4 elements=262144,1,1 gpu_ns=1520
VKPHASE pipeline=quantize_q8_1_x4 elements=262144,1,1 gpu_ns=1440
VKPHASE pipeline=quantize_q8_1_x4 elements=1376256,1,1 gpu_ns=12040
VKPHASE pipeline=quantize_q8_1_x4 elements=262144,1,1 gpu_ns=3200
VKPHASE pipeline=quantize_q8_1_x4 elements=262144,1,1 gpu_ns=3200
VKPHASE pipeline=quantize_q8_1_x4 elements=262144,1,1 gpu_ns=3160
VKPHASE pipeline=quantize_q8_1_x4 elements=1376256,1,1 gpu_ns=12160
VKPHASE pipeline=quantize_q8_1_x4 elements=262144,1,1 gpu_ns=3240
VKPHASE pipeline=quantize_q8_1_x4 elements=262144,1,1 gpu_ns=3160
VKPHASE pipeline=quantize_q8_1_x4 elements=262144,1,1 gpu_ns=3200
VKPHASE pipeline=quantize_q8_1_x4 elements=1376256,1,1 gpu_ns=12040
VKPHASE pipeline=quantize_q8_1_x4 elements=262144,1,1 gpu_ns=3240
VKPHASE pipeline=quantize_q8_1_x4 elements=262144,1,1 gpu_ns=3360
VKPHASE pipeline=quantize_q8_1_x4 elements=262144,1,1 gpu_ns=3240
VKPHASE pipeline=quantize_q8_1_x4 elements=1376256,1,1 gpu_ns=12280
VKPHASE pipeline=quantize_q8_1_x4 elements=262144,1,1 gpu_ns=3200
VKPHASE pipeline=quantize_q8_1_x4 elements=262144,1,1 gpu_ns=3080
VKPHASE pipeline=quantize_q8_1_x4 elements=262144,1,1 gpu_ns=1440
VKPHASE pipeline=quantize_q8_1_x4 elements=1376256,1,1 gpu_ns=12400
VKPHASE pipeline=quantize_q8_1_x4 elements=262144,1,1 gpu_ns=3240
VKPHASE pipeline=quantize_q8_1_x4 elements=262144,1,1 gpu_ns=3200
VKPHASE pipeline=quantize_q8_1_x4 elements=262144,1,1 gpu_ns=3200
VKPHASE pipeline=quantize_q8_1_x4 elements=1376256,1,1 gpu_ns=12080
VKPHASE pipeline=quantize_q8_1_x4 elements=262144,1,1 gpu_ns=7920
VKPHASE pipeline=quantize_q8_1_x4 elements=262144,1,1 gpu_ns=1440
VKPHASE pipeline=quantize_q8_1_x4 elements=262144,1,1 gpu_ns=3200
VKPHASE pipeline=quantize_q8_1_x4 elements=1376256,1,1 gpu_ns=12040
VKPHASE pipeline=quantize_q8_1_x4 elements=262144,1,1 gpu_ns=3240
VKPHASE pipeline=quantize_q8_1_x4 elements=262144,1,1 gpu_ns=3360
VKPHASE pipeline=quantize_q8_1_x4 elements=262144,1,1 gpu_ns=1520
VKPHASE pipeline=quantize_q8_1_x4 elements=1376256,1,1 gpu_ns=12000
VKPHASE pipeline=quantize_q8_1_x4 elements=262144,1,1 gpu_ns=1520
VKPHASE pipeline=quantize_q8_1_x4 elements=262144,1,1 gpu_ns=3160
VKPHASE pipeline=quantize_q8_1_x4 elements=262144,1,1 gpu_ns=1480
VKPHASE pipeline=quantize_q8_1_x4 elements=1376256,1,1 gpu_ns=12240
VKPHASE pipeline=quantize_q8_1_x4 elements=262144,1,1 gpu_ns=1600
VKPHASE pipeline=quantize_q8_1_x4 elements=262144,1,1 gpu_ns=1440
VKPHASE pipeline=quantize_q8_1_x4 elements=262144,1,1 gpu_ns=1480
VKPHASE pipeline=quantize_q8_1_x4 elements=1376256,1,1 gpu_ns=12000
VKPHASE pipeline=quantize_q8_1_x4 elements=262144,1,1 gpu_ns=1560
VKPHASE pipeline=quantize_q8_1_x4 elements=262144,1,1 gpu_ns=3160
VKPHASE pipeline=quantize_q8_1_x4 elements=262144,1,1 gpu_ns=3160
VKPHASE pipeline=quantize_q8_1_x4 elements=1376256,1,1 gpu_ns=12520
VKPHASE pipeline=quantize_q8_1_x4 elements=262144,1,1 gpu_ns=3200
VKPHASE pipeline=quantize_q8_1_x4 elements=262144,1,1 gpu_ns=3240
VKPHASE pipeline=quantize_q8_1_x4 elements=262144,1,1 gpu_ns=1440
VKPHASE pipeline=quantize_q8_1_x4 elements=1376256,1,1 gpu_ns=12360
VKPHASE pipeline=quantize_q8_1_x4 elements=262144,1,1 gpu_ns=3160
VKPHASE pipeline=quantize_q8_1_x4 elements=262144,1,1 gpu_ns=1440
VKPHASE pipeline=quantize_q8_1_x4 elements=262144,1,1 gpu_ns=3160
VKPHASE pipeline=quantize_q8_1_x4 elements=1376256,1,1 gpu_ns=12120
VKPHASE pipeline=quantize_q8_1_x4 elements=262144,1,1 gpu_ns=3320
VKPHASE pipeline=quantize_q8_1_x4 elements=262144,1,1 gpu_ns=3160
VKPHASE pipeline=quantize_q8_1_x4 elements=262144,1,1 gpu_ns=3160
VKPHASE pipeline=quantize_q8_1_x4 elements=1376256,1,1 gpu_ns=12560
VKPHASE pipeline=quantize_q8_1_x4 elements=262144,1,1 gpu_ns=3240
VKPHASE pipeline=quantize_q8_1_x4 elements=262144,1,1 gpu_ns=1480
VKPHASE pipeline=quantize_q8_1_x4 elements=262144,1,1 gpu_ns=3480
VKPHASE pipeline=quantize_q8_1_x4 elements=1376256,1,1 gpu_ns=12240
VKPHASE pipeline=quantize_q8_1_x4 elements=262144,1,1 gpu_ns=4440
VKPHASE pipeline=quantize_q8_1_x4 elements=262144,1,1 gpu_ns=3240
VKPHASE pipeline=quantize_q8_1_x4 elements=262144,1,1 gpu_ns=3240
VKPHASE pipeline=quantize_q8_1_x4 elements=1376256,1,1 gpu_ns=12400
VKPHASE pipeline=quantize_q8_1_x4 elements=262144,1,1 gpu_ns=1480
VKPHASE pipeline=quantize_q8_1_x4 elements=262144,1,1 gpu_ns=3200
VKPHASE pipeline=quantize_q8_1_x4 elements=262144,1,1 gpu_ns=3200
VKPHASE pipeline=quantize_q8_1_x4 elements=1376256,1,1 gpu_ns=12080
VKPHASE pipeline=quantize_q8_1_x4 elements=262144,1,1 gpu_ns=3200
VKPHASE pipeline=quantize_q8_1_x4 elements=262144,1,1 gpu_ns=1440
VKPHASE pipeline=quantize_q8_1_x4 elements=262144,1,1 gpu_ns=1440
VKPHASE pipeline=quantize_q8_1_x4 elements=1376256,1,1 gpu_ns=12000
VKPHASE pipeline=quantize_q8_1_x4 elements=262144,1,1 gpu_ns=1560
VKPHASE pipeline=quantize_q8_1_x4 elements=262144,1,1 gpu_ns=3320
VKPHASE pipeline=quantize_q8_1_x4 elements=262144,1,1 gpu_ns=3200
VKPHASE pipeline=quantize_q8_1_x4 elements=1376256,1,1 gpu_ns=12680
VKPHASE pipeline=quantize_q8_1_x4 elements=262144,1,1 gpu_ns=3160
VKPHASE pipeline=quantize_q8_1_x4 elements=262144,1,1 gpu_ns=3200
VKPHASE pipeline=quantize_q8_1_x4 elements=262144,1,1 gpu_ns=3160
VKPHASE pipeline=quantize_q8_1_x4 elements=1376256,1,1 gpu_ns=12120
VKPHASE pipeline=quantize_q8_1_x4 elements=262144,1,1 gpu_ns=3120
VKPHASE pipeline=quantize_q8_1_x4 elements=262144,1,1 gpu_ns=3160
VKPHASE pipeline=quantize_q8_1_x4 elements=262144,1,1 gpu_ns=3200
VKPHASE pipeline=quantize_q8_1_x4 elements=1376256,1,1 gpu_ns=12720
VKPHASE pipeline=quantize_q8_1_x4 elements=262144,1,1 gpu_ns=3160
VKPHASE pipeline=quantize_q8_1_x4 elements=262144,1,1 gpu_ns=3120
VKPHASE pipeline=quantize_q8_1_x4 elements=262144,1,1 gpu_ns=3160
VKPHASE pipeline=quantize_q8_1_x4 elements=1376256,1,1 gpu_ns=12360
VKPHASE pipeline=quantize_q8_1_x4 elements=262144,1,1 gpu_ns=3240
VKPHASE pipeline=quantize_q8_1_x4 elements=262144,1,1 gpu_ns=3280
VKPHASE pipeline=quantize_q8_1_x4 elements=262144,1,1 gpu_ns=3200
VKPHASE pipeline=quantize_q8_1_x4 elements=1376256,1,1 gpu_ns=12280
VKPHASE pipeline=quantize_q8_1_x4 elements=262144,1,1 gpu_ns=3200
VKPHASE pipeline=quantize_q8_1_x4 elements=262144,1,1 gpu_ns=3200
----------------
Vulkan Timings:
ADD: 58 x 10.562 us = 612.6 us
CONCAT: 21 x 31.666 us = 665 us
CONCAT, CPY: 1 x 31.8 us = 31.8 us
CPY, SSM_CONV: 22 x 17.178 us = 377.92 us
FLASH_ATTN_EXT dst(64,32,128,1),  q(64,128,32,1),  k(64,6400,8,1),  v(64,6400,8,1),  m(6400,128,1,1), SCALE: 1 x 1623.08 us = 1623.08 us (4134.66 GFLOPS/s)
FLASH_ATTN_EXT dst(64,32,128,1),  q(64,128,32,1),  k(64,6400,8,1),  v(64,6400,8,1),  m(6400,128,1,1), SCALE, GET_ROWS, GET_ROWS, CPY: 7 x 1648.38 us = 11538.7 us (4071.19 GFLOPS/s)
GET_ROWS, GET_ROWS, CPY, MUL_MAT f32 m=64 n=4096 k=64: 1 x 36.16 us = 36.16 us (920.694 GFLOPS/s)
GLU: 17 x 39.348 us = 668.92 us
GLU, SCALE, GET_ROWS, GET_ROWS: 12 x 39.576 us = 474.92 us
MUL: 43 x 10.615 us = 456.48 us
MUL, SCALE, GET_ROWS, GET_ROWS: 1 x 12.68 us = 12.68 us
MUL_MAT f32 m=64 n=1024 k=64: 8 x 2.69 us = 21.52 us (3094.08 GFLOPS/s)
MUL_MAT f32 m=64 n=1024 k=64, RMS_NORM_MUL_ROPE RMS_NORM(64,8,128,1): 8 x 33.42 us = 267.36 us (249.045 GFLOPS/s)
MUL_MAT f32 m=64 n=4096 k=64: 15 x 17.824 us = 267.36 us (1867.83 GFLOPS/s)
MUL_MAT q4_0_rocmfp4_fast m=10752 n=128 k=2048, MUL_MAT q4_0_rocmfp4_fast m=10752 n=128 k=2048: 29 x 804.093 us = 23318.7 us (14017.7 GFLOPS/s)
MUL_MAT q4_0_rocmfp4_fast m=2048 n=128 k=10752: 29 x 576.193 us = 16709.6 us (9782.97 GFLOPS/s)
MUL_MAT q4_0_rocmfp4_fast m=2048 n=128 k=2048: 29 x 98.176 us = 2847.12 us (10934.2 GFLOPS/s)
MUL_MAT q4_0_rocmfp4_fast m=2048 n=128 k=2048, MUL_MAT q4_0_rocmfp4_fast m=512 n=128 k=2048, MUL_MAT q4_0_rocmfp4_fast m=512 n=128 k=2048: 8 x 152.01 us = 1216.08 us (10592.9 GFLOPS/s)
MUL_MAT q4_0_rocmfp4_fast m=6144 n=128 k=2048: 10 x 259.924 us = 2599.24 us (12389.9 GFLOPS/s)
MUL_MAT q4_0_rocmfp4_fast m=6144 n=128 k=2048, CPY: 12 x 241.043 us = 2892.52 us (13360.4 GFLOPS/s)
RMS_NORM_MUL RMS_NORM(2048,128,1,1): 57 x 10.351 us = 590.04 us
RMS_NORM_MUL RMS_NORM(2048,128,1,1), GET_ROWS: 1 x 10.4 us = 10.4 us
RMS_NORM_MUL_ROPE RMS_NORM(64,32,128,1): 8 x 105.1 us = 840.8 us
SCALE, GET_ROWS, GET_ROWS, RMS_NORM_MUL RMS_NORM(2048,128,1,1), CPY: 1 x 13.84 us = 13.84 us
SET_ROWS, SET_ROWS: 8 x 5.4 us = 43.2 us
Total time: 68136 us.
VKPHASE pipeline=quantize_q8_1_x4 elements=262144,1,1 gpu_ns=3160
VKPHASE pipeline=quantize_q8_1_x4 elements=262144,1,1 gpu_ns=3320
VKPHASE pipeline=quantize_q8_1_x4 elements=262144,1,1 gpu_ns=3280
VKPHASE pipeline=quantize_q8_1_x4 elements=1376256,1,1 gpu_ns=12440
VKPHASE pipeline=quantize_q8_1_x4 elements=262144,1,1 gpu_ns=1560
VKPHASE pipeline=quantize_q8_1_x4 elements=262144,1,1 gpu_ns=3440
VKPHASE pipeline=quantize_q8_1_x4 elements=262144,1,1 gpu_ns=1560
VKPHASE pipeline=quantize_q8_1_x4 elements=1376256,1,1 gpu_ns=12200
VKPHASE pipeline=quantize_q8_1_x4 elements=262144,1,1 gpu_ns=3480
VKPHASE pipeline=quantize_q8_1_x4 elements=262144,1,1 gpu_ns=3440
VKPHASE pipeline=quantize_q8_1_x4 elements=262144,1,1 gpu_ns=3400
VKPHASE pipeline=quantize_q8_1_x4 elements=1376256,1,1 gpu_ns=12640
VKPHASE pipeline=quantize_q8_1_x4 elements=262144,1,1 gpu_ns=3200
VKPHASE pipeline=quantize_q8_1_x4 elements=262144,1,1 gpu_ns=3160
VKPHASE pipeline=quantize_q8_1_x4 elements=262144,1,1 gpu_ns=1440
VKPHASE pipeline=quantize_q8_1_x4 elements=1376256,1,1 gpu_ns=12400
VKPHASE pipeline=quantize_q8_1_x4 elements=262144,1,1 gpu_ns=3160
VKPHASE pipeline=quantize_q8_1_x4 elements=262144,1,1 gpu_ns=3240
VKPHASE pipeline=quantize_q8_1_x4 elements=262144,1,1 gpu_ns=1440
VKPHASE pipeline=quantize_q8_1_x4 elements=1376256,1,1 gpu_ns=12520
VKPHASE pipeline=quantize_q8_1_x4 elements=262144,1,1 gpu_ns=3240
VKPHASE pipeline=quantize_q8_1_x4 elements=262144,1,1 gpu_ns=3280
VKPHASE pipeline=quantize_q8_1_x4 elements=262144,1,1 gpu_ns=1480
VKPHASE pipeline=quantize_q8_1_x4 elements=1376256,1,1 gpu_ns=12160
VKPHASE pipeline=quantize_q8_1_x4 elements=262144,1,1 gpu_ns=3200
VKPHASE pipeline=quantize_q8_1_x4 elements=262144,1,1 gpu_ns=1480
VKPHASE pipeline=quantize_q8_1_x4 elements=262144,1,1 gpu_ns=1480
VKPHASE pipeline=quantize_q8_1_x4 elements=1376256,1,1 gpu_ns=12160
VKPHASE pipeline=quantize_q8_1_x4 elements=262144,1,1 gpu_ns=3200
VKPHASE pipeline=quantize_q8_1_x4 elements=262144,1,1 gpu_ns=3160
VKPHASE pipeline=quantize_q8_1_x4 elements=262144,1,1 gpu_ns=3240
VKPHASE pipeline=quantize_q8_1_x4 elements=1376256,1,1 gpu_ns=11960
VKPHASE pipeline=quantize_q8_1_x4 elements=262144,1,1 gpu_ns=3280
VKPHASE pipeline=quantize_q8_1_x4 elements=262144,1,1 gpu_ns=3160
VKPHASE pipeline=quantize_q8_1_x4 elements=262144,1,1 gpu_ns=3200
VKPHASE pipeline=quantize_q8_1_x4 elements=1376256,1,1 gpu_ns=12120
VKPHASE pipeline=quantize_q8_1_x4 elements=262144,1,1 gpu_ns=3200
VKPHASE pipeline=quantize_q8_1_x4 elements=262144,1,1 gpu_ns=3280
VKPHASE pipeline=quantize_q8_1_x4 elements=262144,1,1 gpu_ns=3200
VKPHASE pipeline=quantize_q8_1_x4 elements=1376256,1,1 gpu_ns=12160
VKPHASE pipeline=quantize_q8_1_x4 elements=262144,1,1 gpu_ns=3200
VKPHASE pipeline=quantize_q8_1_x4 elements=262144,1,1 gpu_ns=1440
VKPHASE pipeline=quantize_q8_1_x4 elements=262144,1,1 gpu_ns=3200
VKPHASE pipeline=quantize_q8_1_x4 elements=1376256,1,1 gpu_ns=12120
VKPHASE pipeline=quantize_q8_1_x4 elements=262144,1,1 gpu_ns=3200
VKPHASE pipeline=quantize_q8_1_x4 elements=262144,1,1 gpu_ns=3160
VKPHASE pipeline=quantize_q8_1_x4 elements=262144,1,1 gpu_ns=1440
VKPHASE pipeline=quantize_q8_1_x4 elements=1376256,1,1 gpu_ns=12040
VKPHASE pipeline=quantize_q8_1_x4 elements=262144,1,1 gpu_ns=3160
VKPHASE pipeline=quantize_q8_1_x4 elements=262144,1,1 gpu_ns=3160
VKPHASE pipeline=quantize_q8_1_x4 elements=262144,1,1 gpu_ns=3200
VKPHASE pipeline=quantize_q8_1_x4 elements=1376256,1,1 gpu_ns=12200
VKPHASE pipeline=quantize_q8_1_x4 elements=262144,1,1 gpu_ns=3240
VKPHASE pipeline=quantize_q8_1_x4 elements=262144,1,1 gpu_ns=3280
VKPHASE pipeline=quantize_q8_1_x4 elements=262144,1,1 gpu_ns=3200
VKPHASE pipeline=quantize_q8_1_x4 elements=1376256,1,1 gpu_ns=12080
VKPHASE pipeline=quantize_q8_1_x4 elements=262144,1,1 gpu_ns=1520
VKPHASE pipeline=quantize_q8_1_x4 elements=262144,1,1 gpu_ns=1400
VKPHASE pipeline=quantize_q8_1_x4 elements=262144,1,1 gpu_ns=3200
VKPHASE pipeline=quantize_q8_1_x4 elements=1376256,1,1 gpu_ns=12320
VKPHASE pipeline=quantize_q8_1_x4 elements=262144,1,1 gpu_ns=2240
VKPHASE pipeline=quantize_q8_1_x4 elements=262144,1,1 gpu_ns=1480
VKPHASE pipeline=quantize_q8_1_x4 elements=262144,1,1 gpu_ns=1480
VKPHASE pipeline=quantize_q8_1_x4 elements=1376256,1,1 gpu_ns=11960
VKPHASE pipeline=quantize_q8_1_x4 elements=262144,1,1 gpu_ns=3200
VKPHASE pipeline=quantize_q8_1_x4 elements=262144,1,1 gpu_ns=1480
VKPHASE pipeline=quantize_q8_1_x4 elements=262144,1,1 gpu_ns=3200
VKPHASE pipeline=quantize_q8_1_x4 elements=1376256,1,1 gpu_ns=12000
VKPHASE pipeline=quantize_q8_1_x4 elements=262144,1,1 gpu_ns=3200
VKPHASE pipeline=quantize_q8_1_x4 elements=262144,1,1 gpu_ns=3240
VKPHASE pipeline=quantize_q8_1_x4 elements=262144,1,1 gpu_ns=3200
VKPHASE pipeline=quantize_q8_1_x4 elements=1376256,1,1 gpu_ns=12440
VKPHASE pipeline=quantize_q8_1_x4 elements=262144,1,1 gpu_ns=3240
VKPHASE pipeline=quantize_q8_1_x4 elements=262144,1,1 gpu_ns=3200
VKPHASE pipeline=quantize_q8_1_x4 elements=262144,1,1 gpu_ns=3200
VKPHASE pipeline=quantize_q8_1_x4 elements=1376256,1,1 gpu_ns=12040
VKPHASE pipeline=quantize_q8_1_x4 elements=262144,1,1 gpu_ns=3240
VKPHASE pipeline=quantize_q8_1_x4 elements=262144,1,1 gpu_ns=1520
VKPHASE pipeline=quantize_q8_1_x4 elements=262144,1,1 gpu_ns=1520
VKPHASE pipeline=quantize_q8_1_x4 elements=1376256,1,1 gpu_ns=12160
VKPHASE pipeline=quantize_q8_1_x4 elements=262144,1,1 gpu_ns=3280
VKPHASE pipeline=quantize_q8_1_x4 elements=262144,1,1 gpu_ns=3200
VKPHASE pipeline=quantize_q8_1_x4 elements=262144,1,1 gpu_ns=3200
VKPHASE pipeline=quantize_q8_1_x4 elements=1376256,1,1 gpu_ns=12120
VKPHASE pipeline=quantize_q8_1_x4 elements=262144,1,1 gpu_ns=3160
VKPHASE pipeline=quantize_q8_1_x4 elements=262144,1,1 gpu_ns=3200
VKPHASE pipeline=quantize_q8_1_x4 elements=262144,1,1 gpu_ns=3240
VKPHASE pipeline=quantize_q8_1_x4 elements=1376256,1,1 gpu_ns=12320
VKPHASE pipeline=quantize_q8_1_x4 elements=262144,1,1 gpu_ns=3240
VKPHASE pipeline=quantize_q8_1_x4 elements=262144,1,1 gpu_ns=3280
VKPHASE pipeline=quantize_q8_1_x4 elements=262144,1,1 gpu_ns=3240
VKPHASE pipeline=quantize_q8_1_x4 elements=1376256,1,1 gpu_ns=12360
VKPHASE pipeline=quantize_q8_1_x4 elements=262144,1,1 gpu_ns=3280
VKPHASE pipeline=quantize_q8_1_x4 elements=262144,1,1 gpu_ns=3240
VKPHASE pipeline=quantize_q8_1_x4 elements=262144,1,1 gpu_ns=1440
VKPHASE pipeline=quantize_q8_1_x4 elements=1376256,1,1 gpu_ns=12320
VKPHASE pipeline=quantize_q8_1_x4 elements=262144,1,1 gpu_ns=1600
VKPHASE pipeline=quantize_q8_1_x4 elements=262144,1,1 gpu_ns=3160
VKPHASE pipeline=quantize_q8_1_x4 elements=262144,1,1 gpu_ns=1440
VKPHASE pipeline=quantize_q8_1_x4 elements=1376256,1,1 gpu_ns=12400
VKPHASE pipeline=quantize_q8_1_x4 elements=262144,1,1 gpu_ns=1560
VKPHASE pipeline=quantize_q8_1_x4 elements=262144,1,1 gpu_ns=3160
VKPHASE pipeline=quantize_q8_1_x4 elements=262144,1,1 gpu_ns=3200
VKPHASE pipeline=quantize_q8_1_x4 elements=1376256,1,1 gpu_ns=11920
VKPHASE pipeline=quantize_q8_1_x4 elements=262144,1,1 gpu_ns=3160
VKPHASE pipeline=quantize_q8_1_x4 elements=262144,1,1 gpu_ns=3200
VKPHASE pipeline=quantize_q8_1_x4 elements=262144,1,1 gpu_ns=3200
VKPHASE pipeline=quantize_q8_1_x4 elements=1376256,1,1 gpu_ns=12080
VKPHASE pipeline=quantize_q8_1_x4 elements=262144,1,1 gpu_ns=3200
VKPHASE pipeline=quantize_q8_1_x4 elements=262144,1,1 gpu_ns=1480
VKPHASE pipeline=quantize_q8_1_x4 elements=262144,1,1 gpu_ns=1480
VKPHASE pipeline=quantize_q8_1_x4 elements=1376256,1,1 gpu_ns=12080
VKPHASE pipeline=quantize_q8_1_x4 elements=262144,1,1 gpu_ns=3200
VKPHASE pipeline=quantize_q8_1_x4 elements=262144,1,1 gpu_ns=1480
VKPHASE pipeline=quantize_q8_1_x4 elements=262144,1,1 gpu_ns=3160
VKPHASE pipeline=quantize_q8_1_x4 elements=1376256,1,1 gpu_ns=12120
VKPHASE pipeline=quantize_q8_1_x4 elements=262144,1,1 gpu_ns=3160
VKPHASE pipeline=quantize_q8_1_x4 elements=262144,1,1 gpu_ns=3480
----------------
Vulkan Timings:
ADD: 58 x 10.498 us = 608.92 us
CONCAT: 21 x 30.274 us = 635.76 us
CONCAT, CPY: 1 x 29.76 us = 29.76 us
CPY, SSM_CONV: 22 x 17.08 us = 375.76 us
FLASH_ATTN_EXT dst(64,32,128,1),  q(64,128,32,1),  k(64,6400,8,1),  v(64,6400,8,1),  m(6400,128,1,1), SCALE: 1 x 1633.72 us = 1633.72 us (4107.73 GFLOPS/s)
FLASH_ATTN_EXT dst(64,32,128,1),  q(64,128,32,1),  k(64,6400,8,1),  v(64,6400,8,1),  m(6400,128,1,1), SCALE, GET_ROWS, GET_ROWS, CPY: 7 x 1645.25 us = 11516.8 us (4078.94 GFLOPS/s)
GET_ROWS, GET_ROWS, CPY, MUL_MAT f32 m=64 n=4096 k=64: 1 x 17.44 us = 17.44 us (1908.96 GFLOPS/s)
GLU: 17 x 38.376 us = 652.4 us
GLU, SCALE, GET_ROWS, GET_ROWS: 12 x 41.693 us = 500.32 us
MUL: 43 x 10.669 us = 458.8 us
MUL, SCALE, GET_ROWS, GET_ROWS: 1 x 12.48 us = 12.48 us
MUL_MAT f32 m=64 n=1024 k=64: 8 x 2.99 us = 23.92 us (2783.64 GFLOPS/s)
MUL_MAT f32 m=64 n=1024 k=64, RMS_NORM_MUL_ROPE RMS_NORM(64,8,128,1): 8 x 31.01 us = 248.08 us (268.4 GFLOPS/s)
MUL_MAT f32 m=64 n=4096 k=64: 15 x 16.818 us = 252.28 us (1979.48 GFLOPS/s)
MUL_MAT q4_0_rocmfp4_fast m=10752 n=128 k=2048, MUL_MAT q4_0_rocmfp4_fast m=10752 n=128 k=2048: 29 x 799.308 us = 23180 us (14101.6 GFLOPS/s)
MUL_MAT q4_0_rocmfp4_fast m=2048 n=128 k=10752: 29 x 568.791 us = 16495 us (9910.28 GFLOPS/s)
MUL_MAT q4_0_rocmfp4_fast m=2048 n=128 k=2048: 29 x 99.849 us = 2895.64 us (10751 GFLOPS/s)
MUL_MAT q4_0_rocmfp4_fast m=2048 n=128 k=2048, MUL_MAT q4_0_rocmfp4_fast m=512 n=128 k=2048, MUL_MAT q4_0_rocmfp4_fast m=512 n=128 k=2048: 8 x 156.93 us = 1255.44 us (10260.8 GFLOPS/s)
MUL_MAT q4_0_rocmfp4_fast m=6144 n=128 k=2048: 10 x 240.228 us = 2402.28 us (13405.8 GFLOPS/s)
MUL_MAT q4_0_rocmfp4_fast m=6144 n=128 k=2048, CPY: 12 x 241.933 us = 2903.2 us (13311.3 GFLOPS/s)
RMS_NORM_MUL RMS_NORM(2048,128,1,1): 57 x 10.357 us = 590.4 us
RMS_NORM_MUL RMS_NORM(2048,128,1,1), GET_ROWS: 1 x 11.64 us = 11.64 us
RMS_NORM_MUL_ROPE RMS_NORM(64,32,128,1): 8 x 101.2 us = 809.6 us
SCALE, GET_ROWS, GET_ROWS, RMS_NORM_MUL RMS_NORM(2048,128,1,1), CPY: 1 x 14.96 us = 14.96 us
SET_ROWS, SET_ROWS: 8 x 5.745 us = 45.96 us
Total time: 67570.4 us.
VKPHASE pipeline=quantize_q8_1_x4 elements=262144,1,1 gpu_ns=1640
VKPHASE pipeline=quantize_q8_1_x4 elements=262144,1,1 gpu_ns=3280
VKPHASE pipeline=quantize_q8_1_x4 elements=262144,1,1 gpu_ns=3280
VKPHASE pipeline=quantize_q8_1_x4 elements=1376256,1,1 gpu_ns=12120
VKPHASE pipeline=quantize_q8_1_x4 elements=262144,1,1 gpu_ns=3200
VKPHASE pipeline=quantize_q8_1_x4 elements=262144,1,1 gpu_ns=1400
VKPHASE pipeline=quantize_q8_1_x4 elements=262144,1,1 gpu_ns=3200
VKPHASE pipeline=quantize_q8_1_x4 elements=1376256,1,1 gpu_ns=12440
VKPHASE pipeline=quantize_q8_1_x4 elements=262144,1,1 gpu_ns=3240
VKPHASE pipeline=quantize_q8_1_x4 elements=262144,1,1 gpu_ns=3280
VKPHASE pipeline=quantize_q8_1_x4 elements=262144,1,1 gpu_ns=3160
VKPHASE pipeline=quantize_q8_1_x4 elements=1376256,1,1 gpu_ns=12520
VKPHASE pipeline=quantize_q8_1_x4 elements=262144,1,1 gpu_ns=3160
VKPHASE pipeline=quantize_q8_1_x4 elements=262144,1,1 gpu_ns=3200
VKPHASE pipeline=quantize_q8_1_x4 elements=262144,1,1 gpu_ns=3240
VKPHASE pipeline=quantize_q8_1_x4 elements=1376256,1,1 gpu_ns=12520
VKPHASE pipeline=quantize_q8_1_x4 elements=262144,1,1 gpu_ns=3200
VKPHASE pipeline=quantize_q8_1_x4 elements=262144,1,1 gpu_ns=3200
VKPHASE pipeline=quantize_q8_1_x4 elements=262144,1,1 gpu_ns=3200
VKPHASE pipeline=quantize_q8_1_x4 elements=1376256,1,1 gpu_ns=12160
VKPHASE pipeline=quantize_q8_1_x4 elements=262144,1,1 gpu_ns=1480
VKPHASE pipeline=quantize_q8_1_x4 elements=262144,1,1 gpu_ns=3360
VKPHASE pipeline=quantize_q8_1_x4 elements=262144,1,1 gpu_ns=3200
VKPHASE pipeline=quantize_q8_1_x4 elements=1376256,1,1 gpu_ns=12080
VKPHASE pipeline=quantize_q8_1_x4 elements=262144,1,1 gpu_ns=1520
VKPHASE pipeline=quantize_q8_1_x4 elements=262144,1,1 gpu_ns=3800
VKPHASE pipeline=quantize_q8_1_x4 elements=262144,1,1 gpu_ns=1480
VKPHASE pipeline=quantize_q8_1_x4 elements=1376256,1,1 gpu_ns=12000
VKPHASE pipeline=quantize_q8_1_x4 elements=262144,1,1 gpu_ns=3560
VKPHASE pipeline=quantize_q8_1_x4 elements=262144,1,1 gpu_ns=3160
VKPHASE pipeline=quantize_q8_1_x4 elements=262144,1,1 gpu_ns=3200
VKPHASE pipeline=quantize_q8_1_x4 elements=1376256,1,1 gpu_ns=12160
VKPHASE pipeline=quantize_q8_1_x4 elements=262144,1,1 gpu_ns=3200
VKPHASE pipeline=quantize_q8_1_x4 elements=262144,1,1 gpu_ns=3200
VKPHASE pipeline=quantize_q8_1_x4 elements=262144,1,1 gpu_ns=3200
VKPHASE pipeline=quantize_q8_1_x4 elements=1376256,1,1 gpu_ns=12120
VKPHASE pipeline=quantize_q8_1_x4 elements=262144,1,1 gpu_ns=3160
VKPHASE pipeline=quantize_q8_1_x4 elements=262144,1,1 gpu_ns=3200
VKPHASE pipeline=quantize_q8_1_x4 elements=262144,1,1 gpu_ns=3120
VKPHASE pipeline=quantize_q8_1_x4 elements=1376256,1,1 gpu_ns=12160
VKPHASE pipeline=quantize_q8_1_x4 elements=262144,1,1 gpu_ns=3240
VKPHASE pipeline=quantize_q8_1_x4 elements=262144,1,1 gpu_ns=1440
VKPHASE pipeline=quantize_q8_1_x4 elements=262144,1,1 gpu_ns=3240
VKPHASE pipeline=quantize_q8_1_x4 elements=1376256,1,1 gpu_ns=12240
VKPHASE pipeline=quantize_q8_1_x4 elements=262144,1,1 gpu_ns=3200
VKPHASE pipeline=quantize_q8_1_x4 elements=262144,1,1 gpu_ns=1440
VKPHASE pipeline=quantize_q8_1_x4 elements=262144,1,1 gpu_ns=1440
VKPHASE pipeline=quantize_q8_1_x4 elements=1376256,1,1 gpu_ns=12000
VKPHASE pipeline=quantize_q8_1_x4 elements=262144,1,1 gpu_ns=3160
VKPHASE pipeline=quantize_q8_1_x4 elements=262144,1,1 gpu_ns=1440
VKPHASE pipeline=quantize_q8_1_x4 elements=262144,1,1 gpu_ns=3320
VKPHASE pipeline=quantize_q8_1_x4 elements=1376256,1,1 gpu_ns=12680
VKPHASE pipeline=quantize_q8_1_x4 elements=262144,1,1 gpu_ns=4360
VKPHASE pipeline=quantize_q8_1_x4 elements=262144,1,1 gpu_ns=3240
VKPHASE pipeline=quantize_q8_1_x4 elements=262144,1,1 gpu_ns=3240
VKPHASE pipeline=quantize_q8_1_x4 elements=1376256,1,1 gpu_ns=12480
VKPHASE pipeline=quantize_q8_1_x4 elements=262144,1,1 gpu_ns=1480
VKPHASE pipeline=quantize_q8_1_x4 elements=262144,1,1 gpu_ns=1440
VKPHASE pipeline=quantize_q8_1_x4 elements=262144,1,1 gpu_ns=1440
VKPHASE pipeline=quantize_q8_1_x4 elements=1376256,1,1 gpu_ns=12240
VKPHASE pipeline=quantize_q8_1_x4 elements=262144,1,1 gpu_ns=1600
VKPHASE pipeline=quantize_q8_1_x4 elements=262144,1,1 gpu_ns=1480
VKPHASE pipeline=quantize_q8_1_x4 elements=262144,1,1 gpu_ns=1520
VKPHASE pipeline=quantize_q8_1_x4 elements=1376256,1,1 gpu_ns=12040
VKPHASE pipeline=quantize_q8_1_x4 elements=262144,1,1 gpu_ns=1600
VKPHASE pipeline=quantize_q8_1_x4 elements=262144,1,1 gpu_ns=3160
VKPHASE pipeline=quantize_q8_1_x4 elements=262144,1,1 gpu_ns=3200
VKPHASE pipeline=quantize_q8_1_x4 elements=1376256,1,1 gpu_ns=11960
VKPHASE pipeline=quantize_q8_1_x4 elements=262144,1,1 gpu_ns=3200
VKPHASE pipeline=quantize_q8_1_x4 elements=262144,1,1 gpu_ns=3240
VKPHASE pipeline=quantize_q8_1_x4 elements=262144,1,1 gpu_ns=3360
VKPHASE pipeline=quantize_q8_1_x4 elements=1376256,1,1 gpu_ns=12440
VKPHASE pipeline=quantize_q8_1_x4 elements=262144,1,1 gpu_ns=3280
VKPHASE pipeline=quantize_q8_1_x4 elements=262144,1,1 gpu_ns=3200
VKPHASE pipeline=quantize_q8_1_x4 elements=262144,1,1 gpu_ns=3200
VKPHASE pipeline=quantize_q8_1_x4 elements=1376256,1,1 gpu_ns=12200
VKPHASE pipeline=quantize_q8_1_x4 elements=262144,1,1 gpu_ns=3200
VKPHASE pipeline=quantize_q8_1_x4 elements=262144,1,1 gpu_ns=1440
VKPHASE pipeline=quantize_q8_1_x4 elements=262144,1,1 gpu_ns=1760
VKPHASE pipeline=quantize_q8_1_x4 elements=1376256,1,1 gpu_ns=12640
VKPHASE pipeline=quantize_q8_1_x4 elements=262144,1,1 gpu_ns=3240
VKPHASE pipeline=quantize_q8_1_x4 elements=262144,1,1 gpu_ns=1480
VKPHASE pipeline=quantize_q8_1_x4 elements=262144,1,1 gpu_ns=3200
VKPHASE pipeline=quantize_q8_1_x4 elements=1376256,1,1 gpu_ns=12000
VKPHASE pipeline=quantize_q8_1_x4 elements=262144,1,1 gpu_ns=3280
VKPHASE pipeline=quantize_q8_1_x4 elements=262144,1,1 gpu_ns=3200
VKPHASE pipeline=quantize_q8_1_x4 elements=262144,1,1 gpu_ns=1480
VKPHASE pipeline=quantize_q8_1_x4 elements=1376256,1,1 gpu_ns=12200
VKPHASE pipeline=quantize_q8_1_x4 elements=262144,1,1 gpu_ns=1520
VKPHASE pipeline=quantize_q8_1_x4 elements=262144,1,1 gpu_ns=3160
VKPHASE pipeline=quantize_q8_1_x4 elements=262144,1,1 gpu_ns=3160
VKPHASE pipeline=quantize_q8_1_x4 elements=1376256,1,1 gpu_ns=12160
VKPHASE pipeline=quantize_q8_1_x4 elements=262144,1,1 gpu_ns=3240
VKPHASE pipeline=quantize_q8_1_x4 elements=262144,1,1 gpu_ns=1600
VKPHASE pipeline=quantize_q8_1_x4 elements=262144,1,1 gpu_ns=1440
VKPHASE pipeline=quantize_q8_1_x4 elements=1376256,1,1 gpu_ns=12000
VKPHASE pipeline=quantize_q8_1_x4 elements=262144,1,1 gpu_ns=3160
VKPHASE pipeline=quantize_q8_1_x4 elements=262144,1,1 gpu_ns=3320
VKPHASE pipeline=quantize_q8_1_x4 elements=262144,1,1 gpu_ns=1480
VKPHASE pipeline=quantize_q8_1_x4 elements=1376256,1,1 gpu_ns=12600
VKPHASE pipeline=quantize_q8_1_x4 elements=262144,1,1 gpu_ns=1480
VKPHASE pipeline=quantize_q8_1_x4 elements=262144,1,1 gpu_ns=3160
VKPHASE pipeline=quantize_q8_1_x4 elements=262144,1,1 gpu_ns=3160
VKPHASE pipeline=quantize_q8_1_x4 elements=1376256,1,1 gpu_ns=12120
VKPHASE pipeline=quantize_q8_1_x4 elements=262144,1,1 gpu_ns=3200
VKPHASE pipeline=quantize_q8_1_x4 elements=262144,1,1 gpu_ns=3200
VKPHASE pipeline=quantize_q8_1_x4 elements=262144,1,1 gpu_ns=3160
VKPHASE pipeline=quantize_q8_1_x4 elements=1376256,1,1 gpu_ns=12360
VKPHASE pipeline=quantize_q8_1_x4 elements=262144,1,1 gpu_ns=3240
VKPHASE pipeline=quantize_q8_1_x4 elements=262144,1,1 gpu_ns=1520
VKPHASE pipeline=quantize_q8_1_x4 elements=262144,1,1 gpu_ns=3200
VKPHASE pipeline=quantize_q8_1_x4 elements=1376256,1,1 gpu_ns=11920
VKPHASE pipeline=quantize_q8_1_x4 elements=262144,1,1 gpu_ns=3280
VKPHASE pipeline=quantize_q8_1_x4 elements=262144,1,1 gpu_ns=3160
VKPHASE pipeline=quantize_q8_1_x4 elements=262144,1,1 gpu_ns=1440
VKPHASE pipeline=quantize_q8_1_x4 elements=1376256,1,1 gpu_ns=12120
VKPHASE pipeline=quantize_q8_1_x4 elements=262144,1,1 gpu_ns=1440
VKPHASE pipeline=quantize_q8_1_x4 elements=262144,1,1 gpu_ns=1440
----------------
Vulkan Timings:
ADD: 58 x 11.29 us = 654.84 us
CONCAT: 21 x 31.131 us = 653.76 us
CONCAT, CPY: 1 x 30.4 us = 30.4 us
CPY, SSM_CONV: 22 x 17.11 us = 376.44 us
FLASH_ATTN_EXT dst(64,32,128,1),  q(64,128,32,1),  k(64,6656,8,1),  v(64,6656,8,1),  m(6656,128,1,1), SCALE: 1 x 1685 us = 1685 us (4142.03 GFLOPS/s)
FLASH_ATTN_EXT dst(64,32,128,1),  q(64,128,32,1),  k(64,6656,8,1),  v(64,6656,8,1),  m(6656,128,1,1), SCALE, GET_ROWS, GET_ROWS, CPY: 7 x 1693.22 us = 11852.6 us (4121.92 GFLOPS/s)
GET_ROWS, GET_ROWS, CPY, MUL_MAT f32 m=64 n=4096 k=64: 1 x 17.4 us = 17.4 us (1913.35 GFLOPS/s)
GLU: 17 x 38.065 us = 647.12 us
GLU, SCALE, GET_ROWS, GET_ROWS: 12 x 40.463 us = 485.56 us
MUL: 43 x 10.901 us = 468.76 us
MUL, SCALE, GET_ROWS, GET_ROWS: 1 x 12.36 us = 12.36 us
MUL_MAT f32 m=64 n=1024 k=64: 8 x 3 us = 24 us (2774.36 GFLOPS/s)
MUL_MAT f32 m=64 n=1024 k=64, RMS_NORM_MUL_ROPE RMS_NORM(64,8,128,1): 8 x 30.94 us = 247.52 us (269.007 GFLOPS/s)
MUL_MAT f32 m=64 n=4096 k=64: 15 x 17.37 us = 260.56 us (1916.58 GFLOPS/s)
MUL_MAT q4_0_rocmfp4_fast m=10752 n=128 k=2048, MUL_MAT q4_0_rocmfp4_fast m=10752 n=128 k=2048: 29 x 792.535 us = 22983.5 us (14222.1 GFLOPS/s)
MUL_MAT q4_0_rocmfp4_fast m=2048 n=128 k=10752: 29 x 563.99 us = 16355.7 us (9994.64 GFLOPS/s)
MUL_MAT q4_0_rocmfp4_fast m=2048 n=128 k=2048: 29 x 97.845 us = 2837.52 us (10971.2 GFLOPS/s)
MUL_MAT q4_0_rocmfp4_fast m=2048 n=128 k=2048, MUL_MAT q4_0_rocmfp4_fast m=512 n=128 k=2048, MUL_MAT q4_0_rocmfp4_fast m=512 n=128 k=2048: 8 x 155.005 us = 1240.04 us (10388.2 GFLOPS/s)
MUL_MAT q4_0_rocmfp4_fast m=6144 n=128 k=2048: 10 x 247.62 us = 2476.2 us (13005.6 GFLOPS/s)
MUL_MAT q4_0_rocmfp4_fast m=6144 n=128 k=2048, CPY: 12 x 247.146 us = 2965.76 us (13030.5 GFLOPS/s)
RMS_NORM_MUL RMS_NORM(2048,128,1,1): 57 x 10.366 us = 590.88 us
RMS_NORM_MUL RMS_NORM(2048,128,1,1), GET_ROWS: 1 x 10.44 us = 10.44 us
RMS_NORM_MUL_ROPE RMS_NORM(64,32,128,1): 8 x 101.16 us = 809.28 us
SCALE, GET_ROWS, GET_ROWS, RMS_NORM_MUL RMS_NORM(2048,128,1,1), CPY: 1 x 14 us = 14 us
SET_ROWS, SET_ROWS: 8 x 5.33 us = 42.64 us
Total time: 67742.3 us.
VKPHASE pipeline=quantize_q8_1_x4 elements=262144,1,1 gpu_ns=3280
VKPHASE pipeline=quantize_q8_1_x4 elements=262144,1,1 gpu_ns=3280
VKPHASE pipeline=quantize_q8_1_x4 elements=262144,1,1 gpu_ns=3240
VKPHASE pipeline=quantize_q8_1_x4 elements=1376256,1,1 gpu_ns=12160
VKPHASE pipeline=quantize_q8_1_x4 elements=262144,1,1 gpu_ns=3240
VKPHASE pipeline=quantize_q8_1_x4 elements=262144,1,1 gpu_ns=3120
VKPHASE pipeline=quantize_q8_1_x4 elements=262144,1,1 gpu_ns=3160
VKPHASE pipeline=quantize_q8_1_x4 elements=1376256,1,1 gpu_ns=12360
VKPHASE pipeline=quantize_q8_1_x4 elements=262144,1,1 gpu_ns=3200
VKPHASE pipeline=quantize_q8_1_x4 elements=262144,1,1 gpu_ns=3240
VKPHASE pipeline=quantize_q8_1_x4 elements=262144,1,1 gpu_ns=3240
VKPHASE pipeline=quantize_q8_1_x4 elements=1376256,1,1 gpu_ns=12320
VKPHASE pipeline=quantize_q8_1_x4 elements=262144,1,1 gpu_ns=3120
VKPHASE pipeline=quantize_q8_1_x4 elements=262144,1,1 gpu_ns=4360
VKPHASE pipeline=quantize_q8_1_x4 elements=262144,1,1 gpu_ns=3160
VKPHASE pipeline=quantize_q8_1_x4 elements=1376256,1,1 gpu_ns=12520
VKPHASE pipeline=quantize_q8_1_x4 elements=262144,1,1 gpu_ns=1480
VKPHASE pipeline=quantize_q8_1_x4 elements=262144,1,1 gpu_ns=3280
VKPHASE pipeline=quantize_q8_1_x4 elements=262144,1,1 gpu_ns=3160
VKPHASE pipeline=quantize_q8_1_x4 elements=1376256,1,1 gpu_ns=12400
VKPHASE pipeline=quantize_q8_1_x4 elements=262144,1,1 gpu_ns=3240
VKPHASE pipeline=quantize_q8_1_x4 elements=262144,1,1 gpu_ns=1560
VKPHASE pipeline=quantize_q8_1_x4 elements=262144,1,1 gpu_ns=1480
VKPHASE pipeline=quantize_q8_1_x4 elements=1376256,1,1 gpu_ns=12360
VKPHASE pipeline=quantize_q8_1_x4 elements=262144,1,1 gpu_ns=1520
VKPHASE pipeline=quantize_q8_1_x4 elements=262144,1,1 gpu_ns=1600
VKPHASE pipeline=quantize_q8_1_x4 elements=262144,1,1 gpu_ns=1440
VKPHASE pipeline=quantize_q8_1_x4 elements=1376256,1,1 gpu_ns=11800
VKPHASE pipeline=quantize_q8_1_x4 elements=262144,1,1 gpu_ns=3200
VKPHASE pipeline=quantize_q8_1_x4 elements=262144,1,1 gpu_ns=3160
VKPHASE pipeline=quantize_q8_1_x4 elements=262144,1,1 gpu_ns=3160
VKPHASE pipeline=quantize_q8_1_x4 elements=1376256,1,1 gpu_ns=12200
VKPHASE pipeline=quantize_q8_1_x4 elements=262144,1,1 gpu_ns=3200
VKPHASE pipeline=quantize_q8_1_x4 elements=262144,1,1 gpu_ns=3120
VKPHASE pipeline=quantize_q8_1_x4 elements=262144,1,1 gpu_ns=3160
VKPHASE pipeline=quantize_q8_1_x4 elements=1376256,1,1 gpu_ns=12160
VKPHASE pipeline=quantize_q8_1_x4 elements=262144,1,1 gpu_ns=3160
VKPHASE pipeline=quantize_q8_1_x4 elements=262144,1,1 gpu_ns=4360
VKPHASE pipeline=quantize_q8_1_x4 elements=262144,1,1 gpu_ns=1440
VKPHASE pipeline=quantize_q8_1_x4 elements=1376256,1,1 gpu_ns=12080
VKPHASE pipeline=quantize_q8_1_x4 elements=262144,1,1 gpu_ns=3200
VKPHASE pipeline=quantize_q8_1_x4 elements=262144,1,1 gpu_ns=1440
VKPHASE pipeline=quantize_q8_1_x4 elements=262144,1,1 gpu_ns=1480
VKPHASE pipeline=quantize_q8_1_x4 elements=1376256,1,1 gpu_ns=12240
VKPHASE pipeline=quantize_q8_1_x4 elements=262144,1,1 gpu_ns=3200
VKPHASE pipeline=quantize_q8_1_x4 elements=262144,1,1 gpu_ns=3200
VKPHASE pipeline=quantize_q8_1_x4 elements=262144,1,1 gpu_ns=3120
VKPHASE pipeline=quantize_q8_1_x4 elements=1376256,1,1 gpu_ns=12240
VKPHASE pipeline=quantize_q8_1_x4 elements=262144,1,1 gpu_ns=3160
VKPHASE pipeline=quantize_q8_1_x4 elements=262144,1,1 gpu_ns=3160
VKPHASE pipeline=quantize_q8_1_x4 elements=262144,1,1 gpu_ns=3200
VKPHASE pipeline=quantize_q8_1_x4 elements=1376256,1,1 gpu_ns=12200
VKPHASE pipeline=quantize_q8_1_x4 elements=262144,1,1 gpu_ns=3240
VKPHASE pipeline=quantize_q8_1_x4 elements=262144,1,1 gpu_ns=3240
VKPHASE pipeline=quantize_q8_1_x4 elements=262144,1,1 gpu_ns=3280
VKPHASE pipeline=quantize_q8_1_x4 elements=1376256,1,1 gpu_ns=12400
VKPHASE pipeline=quantize_q8_1_x4 elements=262144,1,1 gpu_ns=1520
VKPHASE pipeline=quantize_q8_1_x4 elements=262144,1,1 gpu_ns=3120
VKPHASE pipeline=quantize_q8_1_x4 elements=262144,1,1 gpu_ns=3160
VKPHASE pipeline=quantize_q8_1_x4 elements=1376256,1,1 gpu_ns=12280
VKPHASE pipeline=quantize_q8_1_x4 elements=262144,1,1 gpu_ns=3240
VKPHASE pipeline=quantize_q8_1_x4 elements=262144,1,1 gpu_ns=1480
VKPHASE pipeline=quantize_q8_1_x4 elements=262144,1,1 gpu_ns=1480
VKPHASE pipeline=quantize_q8_1_x4 elements=1376256,1,1 gpu_ns=12200
VKPHASE pipeline=quantize_q8_1_x4 elements=262144,1,1 gpu_ns=3160
VKPHASE pipeline=quantize_q8_1_x4 elements=262144,1,1 gpu_ns=3120
VKPHASE pipeline=quantize_q8_1_x4 elements=262144,1,1 gpu_ns=3120
VKPHASE pipeline=quantize_q8_1_x4 elements=1376256,1,1 gpu_ns=12080
VKPHASE pipeline=quantize_q8_1_x4 elements=262144,1,1 gpu_ns=12080
VKPHASE pipeline=quantize_q8_1_x4 elements=262144,1,1 gpu_ns=3400
VKPHASE pipeline=quantize_q8_1_x4 elements=262144,1,1 gpu_ns=3240
VKPHASE pipeline=quantize_q8_1_x4 elements=1376256,1,1 gpu_ns=12320
VKPHASE pipeline=quantize_q8_1_x4 elements=262144,1,1 gpu_ns=1520
VKPHASE pipeline=quantize_q8_1_x4 elements=262144,1,1 gpu_ns=4560
VKPHASE pipeline=quantize_q8_1_x4 elements=262144,1,1 gpu_ns=3160
VKPHASE pipeline=quantize_q8_1_x4 elements=1376256,1,1 gpu_ns=12120
VKPHASE pipeline=quantize_q8_1_x4 elements=262144,1,1 gpu_ns=3240
VKPHASE pipeline=quantize_q8_1_x4 elements=262144,1,1 gpu_ns=3160
VKPHASE pipeline=quantize_q8_1_x4 elements=262144,1,1 gpu_ns=3520
VKPHASE pipeline=quantize_q8_1_x4 elements=1376256,1,1 gpu_ns=12160
VKPHASE pipeline=quantize_q8_1_x4 elements=262144,1,1 gpu_ns=3280
VKPHASE pipeline=quantize_q8_1_x4 elements=262144,1,1 gpu_ns=3240
VKPHASE pipeline=quantize_q8_1_x4 elements=262144,1,1 gpu_ns=1480
VKPHASE pipeline=quantize_q8_1_x4 elements=1376256,1,1 gpu_ns=12160
VKPHASE pipeline=quantize_q8_1_x4 elements=262144,1,1 gpu_ns=3240
VKPHASE pipeline=quantize_q8_1_x4 elements=262144,1,1 gpu_ns=3160
VKPHASE pipeline=quantize_q8_1_x4 elements=262144,1,1 gpu_ns=3240
VKPHASE pipeline=quantize_q8_1_x4 elements=1376256,1,1 gpu_ns=12520
VKPHASE pipeline=quantize_q8_1_x4 elements=262144,1,1 gpu_ns=1440
VKPHASE pipeline=quantize_q8_1_x4 elements=262144,1,1 gpu_ns=3240
VKPHASE pipeline=quantize_q8_1_x4 elements=262144,1,1 gpu_ns=3200
VKPHASE pipeline=quantize_q8_1_x4 elements=1376256,1,1 gpu_ns=12240
VKPHASE pipeline=quantize_q8_1_x4 elements=262144,1,1 gpu_ns=1560
VKPHASE pipeline=quantize_q8_1_x4 elements=262144,1,1 gpu_ns=1480
VKPHASE pipeline=quantize_q8_1_x4 elements=262144,1,1 gpu_ns=3200
VKPHASE pipeline=quantize_q8_1_x4 elements=1376256,1,1 gpu_ns=11800
VKPHASE pipeline=quantize_q8_1_x4 elements=262144,1,1 gpu_ns=1560
VKPHASE pipeline=quantize_q8_1_x4 elements=262144,1,1 gpu_ns=2360
VKPHASE pipeline=quantize_q8_1_x4 elements=262144,1,1 gpu_ns=1440
VKPHASE pipeline=quantize_q8_1_x4 elements=1376256,1,1 gpu_ns=12440
VKPHASE pipeline=quantize_q8_1_x4 elements=262144,1,1 gpu_ns=1480
VKPHASE pipeline=quantize_q8_1_x4 elements=262144,1,1 gpu_ns=3200
VKPHASE pipeline=quantize_q8_1_x4 elements=262144,1,1 gpu_ns=3160
VKPHASE pipeline=quantize_q8_1_x4 elements=1376256,1,1 gpu_ns=12520
VKPHASE pipeline=quantize_q8_1_x4 elements=262144,1,1 gpu_ns=1600
VKPHASE pipeline=quantize_q8_1_x4 elements=262144,1,1 gpu_ns=3080
VKPHASE pipeline=quantize_q8_1_x4 elements=262144,1,1 gpu_ns=3120
VKPHASE pipeline=quantize_q8_1_x4 elements=1376256,1,1 gpu_ns=12040
VKPHASE pipeline=quantize_q8_1_x4 elements=262144,1,1 gpu_ns=3160
VKPHASE pipeline=quantize_q8_1_x4 elements=262144,1,1 gpu_ns=3160
VKPHASE pipeline=quantize_q8_1_x4 elements=262144,1,1 gpu_ns=3160
VKPHASE pipeline=quantize_q8_1_x4 elements=1376256,1,1 gpu_ns=11800
VKPHASE pipeline=quantize_q8_1_x4 elements=262144,1,1 gpu_ns=3400
VKPHASE pipeline=quantize_q8_1_x4 elements=262144,1,1 gpu_ns=3160
VKPHASE pipeline=quantize_q8_1_x4 elements=262144,1,1 gpu_ns=3200
VKPHASE pipeline=quantize_q8_1_x4 elements=1376256,1,1 gpu_ns=12520
VKPHASE pipeline=quantize_q8_1_x4 elements=262144,1,1 gpu_ns=3280
VKPHASE pipeline=quantize_q8_1_x4 elements=262144,1,1 gpu_ns=3200
----------------
Vulkan Timings:
ADD: 58 x 11.03 us = 639.76 us
CONCAT: 21 x 30.139 us = 632.92 us
CONCAT, CPY: 1 x 29.64 us = 29.64 us
CPY, SSM_CONV: 22 x 16.943 us = 372.76 us
FLASH_ATTN_EXT dst(64,32,128,1),  q(64,128,32,1),  k(64,6656,8,1),  v(64,6656,8,1),  m(6656,128,1,1), SCALE: 1 x 1712.32 us = 1712.32 us (4075.94 GFLOPS/s)
FLASH_ATTN_EXT dst(64,32,128,1),  q(64,128,32,1),  k(64,6656,8,1),  v(64,6656,8,1),  m(6656,128,1,1), SCALE, GET_ROWS, GET_ROWS, CPY: 7 x 1732.64 us = 12128.5 us (4028.13 GFLOPS/s)
GET_ROWS, GET_ROWS, CPY, MUL_MAT f32 m=64 n=4096 k=64: 1 x 17.04 us = 17.04 us (1953.77 GFLOPS/s)
GLU: 17 x 38.112 us = 647.92 us
GLU, SCALE, GET_ROWS, GET_ROWS: 12 x 41.483 us = 497.8 us
MUL: 43 x 10.849 us = 466.52 us
MUL, SCALE, GET_ROWS, GET_ROWS: 1 x 12.24 us = 12.24 us
MUL_MAT f32 m=64 n=1024 k=64: 8 x 2.975 us = 23.8 us (2797.67 GFLOPS/s)
MUL_MAT f32 m=64 n=1024 k=64, RMS_NORM_MUL_ROPE RMS_NORM(64,8,128,1): 8 x 30.935 us = 247.48 us (269.05 GFLOPS/s)
MUL_MAT f32 m=64 n=4096 k=64: 15 x 17.405 us = 261.08 us (1912.76 GFLOPS/s)
MUL_MAT q4_0_rocmfp4_fast m=10752 n=128 k=2048, MUL_MAT q4_0_rocmfp4_fast m=10752 n=128 k=2048: 29 x 803.834 us = 23311.2 us (14022.2 GFLOPS/s)
MUL_MAT q4_0_rocmfp4_fast m=2048 n=128 k=10752: 29 x 565.675 us = 16404.6 us (9964.86 GFLOPS/s)
MUL_MAT q4_0_rocmfp4_fast m=2048 n=128 k=2048: 29 x 96.55 us = 2799.96 us (11118.3 GFLOPS/s)
MUL_MAT q4_0_rocmfp4_fast m=2048 n=128 k=2048, MUL_MAT q4_0_rocmfp4_fast m=512 n=128 k=2048, MUL_MAT q4_0_rocmfp4_fast m=512 n=128 k=2048: 8 x 148.36 us = 1186.88 us (10853.5 GFLOPS/s)
MUL_MAT q4_0_rocmfp4_fast m=6144 n=128 k=2048: 10 x 240.4 us = 2404 us (13396.2 GFLOPS/s)
MUL_MAT q4_0_rocmfp4_fast m=6144 n=128 k=2048, CPY: 12 x 245.506 us = 2946.08 us (13117.5 GFLOPS/s)
RMS_NORM_MUL RMS_NORM(2048,128,1,1): 57 x 10.328 us = 588.72 us
RMS_NORM_MUL RMS_NORM(2048,128,1,1), GET_ROWS: 1 x 10.48 us = 10.48 us
RMS_NORM_MUL_ROPE RMS_NORM(64,32,128,1): 8 x 101.27 us = 810.16 us
SCALE, GET_ROWS, GET_ROWS, RMS_NORM_MUL RMS_NORM(2048,128,1,1), CPY: 1 x 14.08 us = 14.08 us
SET_ROWS, SET_ROWS: 8 x 5.49 us = 43.92 us
Total time: 68209.9 us.
VKPHASE pipeline=quantize_q8_1_x4 elements=262144,1,1 gpu_ns=3600
VKPHASE pipeline=quantize_q8_1_x4 elements=262144,1,1 gpu_ns=3160
VKPHASE pipeline=quantize_q8_1_x4 elements=262144,1,1 gpu_ns=3200
VKPHASE pipeline=quantize_q8_1_x4 elements=1376256,1,1 gpu_ns=12160
VKPHASE pipeline=quantize_q8_1_x4 elements=262144,1,1 gpu_ns=3160
VKPHASE pipeline=quantize_q8_1_x4 elements=262144,1,1 gpu_ns=3200
VKPHASE pipeline=quantize_q8_1_x4 elements=262144,1,1 gpu_ns=3200
VKPHASE pipeline=quantize_q8_1_x4 elements=1376256,1,1 gpu_ns=12520
VKPHASE pipeline=quantize_q8_1_x4 elements=262144,1,1 gpu_ns=3240
VKPHASE pipeline=quantize_q8_1_x4 elements=262144,1,1 gpu_ns=3240
VKPHASE pipeline=quantize_q8_1_x4 elements=262144,1,1 gpu_ns=3240
VKPHASE pipeline=quantize_q8_1_x4 elements=1376256,1,1 gpu_ns=12560
VKPHASE pipeline=quantize_q8_1_x4 elements=262144,1,1 gpu_ns=3200
VKPHASE pipeline=quantize_q8_1_x4 elements=262144,1,1 gpu_ns=1600
VKPHASE pipeline=quantize_q8_1_x4 elements=262144,1,1 gpu_ns=3440
VKPHASE pipeline=quantize_q8_1_x4 elements=1376256,1,1 gpu_ns=12560
VKPHASE pipeline=quantize_q8_1_x4 elements=262144,1,1 gpu_ns=1600
VKPHASE pipeline=quantize_q8_1_x4 elements=262144,1,1 gpu_ns=3160
VKPHASE pipeline=quantize_q8_1_x4 elements=262144,1,1 gpu_ns=1480
VKPHASE pipeline=quantize_q8_1_x4 elements=1376256,1,1 gpu_ns=12040
VKPHASE pipeline=quantize_q8_1_x4 elements=262144,1,1 gpu_ns=1520
VKPHASE pipeline=quantize_q8_1_x4 elements=262144,1,1 gpu_ns=3240
VKPHASE pipeline=quantize_q8_1_x4 elements=262144,1,1 gpu_ns=1440
VKPHASE pipeline=quantize_q8_1_x4 elements=1376256,1,1 gpu_ns=12240
VKPHASE pipeline=quantize_q8_1_x4 elements=262144,1,1 gpu_ns=1480
VKPHASE pipeline=quantize_q8_1_x4 elements=262144,1,1 gpu_ns=3560
VKPHASE pipeline=quantize_q8_1_x4 elements=262144,1,1 gpu_ns=1480
VKPHASE pipeline=quantize_q8_1_x4 elements=1376256,1,1 gpu_ns=12840
VKPHASE pipeline=quantize_q8_1_x4 elements=262144,1,1 gpu_ns=3280
VKPHASE pipeline=quantize_q8_1_x4 elements=262144,1,1 gpu_ns=3160
VKPHASE pipeline=quantize_q8_1_x4 elements=262144,1,1 gpu_ns=3200
VKPHASE pipeline=quantize_q8_1_x4 elements=1376256,1,1 gpu_ns=12400
VKPHASE pipeline=quantize_q8_1_x4 elements=262144,1,1 gpu_ns=3200
VKPHASE pipeline=quantize_q8_1_x4 elements=262144,1,1 gpu_ns=3240
VKPHASE pipeline=quantize_q8_1_x4 elements=262144,1,1 gpu_ns=3440
VKPHASE pipeline=quantize_q8_1_x4 elements=1376256,1,1 gpu_ns=12360
VKPHASE pipeline=quantize_q8_1_x4 elements=262144,1,1 gpu_ns=3160
VKPHASE pipeline=quantize_q8_1_x4 elements=262144,1,1 gpu_ns=3240
VKPHASE pipeline=quantize_q8_1_x4 elements=262144,1,1 gpu_ns=3160
VKPHASE pipeline=quantize_q8_1_x4 elements=1376256,1,1 gpu_ns=12040
VKPHASE pipeline=quantize_q8_1_x4 elements=262144,1,1 gpu_ns=3200
VKPHASE pipeline=quantize_q8_1_x4 elements=262144,1,1 gpu_ns=1480
VKPHASE pipeline=quantize_q8_1_x4 elements=262144,1,1 gpu_ns=3160
VKPHASE pipeline=quantize_q8_1_x4 elements=1376256,1,1 gpu_ns=12200
VKPHASE pipeline=quantize_q8_1_x4 elements=262144,1,1 gpu_ns=3320
VKPHASE pipeline=quantize_q8_1_x4 elements=262144,1,1 gpu_ns=3160
VKPHASE pipeline=quantize_q8_1_x4 elements=262144,1,1 gpu_ns=3200
VKPHASE pipeline=quantize_q8_1_x4 elements=1376256,1,1 gpu_ns=11960
VKPHASE pipeline=quantize_q8_1_x4 elements=262144,1,1 gpu_ns=3200
VKPHASE pipeline=quantize_q8_1_x4 elements=262144,1,1 gpu_ns=1440
VKPHASE pipeline=quantize_q8_1_x4 elements=262144,1,1 gpu_ns=3200
VKPHASE pipeline=quantize_q8_1_x4 elements=1376256,1,1 gpu_ns=12160
VKPHASE pipeline=quantize_q8_1_x4 elements=262144,1,1 gpu_ns=3280
VKPHASE pipeline=quantize_q8_1_x4 elements=262144,1,1 gpu_ns=3240
VKPHASE pipeline=quantize_q8_1_x4 elements=262144,1,1 gpu_ns=3160
VKPHASE pipeline=quantize_q8_1_x4 elements=1376256,1,1 gpu_ns=12560
VKPHASE pipeline=quantize_q8_1_x4 elements=262144,1,1 gpu_ns=1480
VKPHASE pipeline=quantize_q8_1_x4 elements=262144,1,1 gpu_ns=1480
VKPHASE pipeline=quantize_q8_1_x4 elements=262144,1,1 gpu_ns=1480
VKPHASE pipeline=quantize_q8_1_x4 elements=1376256,1,1 gpu_ns=12280
VKPHASE pipeline=quantize_q8_1_x4 elements=262144,1,1 gpu_ns=1480
VKPHASE pipeline=quantize_q8_1_x4 elements=262144,1,1 gpu_ns=1480
VKPHASE pipeline=quantize_q8_1_x4 elements=262144,1,1 gpu_ns=3160
VKPHASE pipeline=quantize_q8_1_x4 elements=1376256,1,1 gpu_ns=12000
VKPHASE pipeline=quantize_q8_1_x4 elements=262144,1,1 gpu_ns=3240
VKPHASE pipeline=quantize_q8_1_x4 elements=262144,1,1 gpu_ns=3160
VKPHASE pipeline=quantize_q8_1_x4 elements=262144,1,1 gpu_ns=3320
VKPHASE pipeline=quantize_q8_1_x4 elements=1376256,1,1 gpu_ns=12000
VKPHASE pipeline=quantize_q8_1_x4 elements=262144,1,1 gpu_ns=3200
VKPHASE pipeline=quantize_q8_1_x4 elements=262144,1,1 gpu_ns=3240
VKPHASE pipeline=quantize_q8_1_x4 elements=262144,1,1 gpu_ns=3160
VKPHASE pipeline=quantize_q8_1_x4 elements=1376256,1,1 gpu_ns=12520
VKPHASE pipeline=quantize_q8_1_x4 elements=262144,1,1 gpu_ns=3240
VKPHASE pipeline=quantize_q8_1_x4 elements=262144,1,1 gpu_ns=1560
VKPHASE pipeline=quantize_q8_1_x4 elements=262144,1,1 gpu_ns=3200
VKPHASE pipeline=quantize_q8_1_x4 elements=1376256,1,1 gpu_ns=11920
VKPHASE pipeline=quantize_q8_1_x4 elements=262144,1,1 gpu_ns=1480
VKPHASE pipeline=quantize_q8_1_x4 elements=262144,1,1 gpu_ns=1400
VKPHASE pipeline=quantize_q8_1_x4 elements=262144,1,1 gpu_ns=3160
VKPHASE pipeline=quantize_q8_1_x4 elements=1376256,1,1 gpu_ns=12000
VKPHASE pipeline=quantize_q8_1_x4 elements=262144,1,1 gpu_ns=3200
VKPHASE pipeline=quantize_q8_1_x4 elements=262144,1,1 gpu_ns=3200
VKPHASE pipeline=quantize_q8_1_x4 elements=262144,1,1 gpu_ns=3160
VKPHASE pipeline=quantize_q8_1_x4 elements=1376256,1,1 gpu_ns=12200
VKPHASE pipeline=quantize_q8_1_x4 elements=262144,1,1 gpu_ns=3240
VKPHASE pipeline=quantize_q8_1_x4 elements=262144,1,1 gpu_ns=4280
VKPHASE pipeline=quantize_q8_1_x4 elements=262144,1,1 gpu_ns=3200
VKPHASE pipeline=quantize_q8_1_x4 elements=1376256,1,1 gpu_ns=11920
VKPHASE pipeline=quantize_q8_1_x4 elements=262144,1,1 gpu_ns=3200
VKPHASE pipeline=quantize_q8_1_x4 elements=262144,1,1 gpu_ns=3160
VKPHASE pipeline=quantize_q8_1_x4 elements=262144,1,1 gpu_ns=1440
VKPHASE pipeline=quantize_q8_1_x4 elements=1376256,1,1 gpu_ns=12560
VKPHASE pipeline=quantize_q8_1_x4 elements=262144,1,1 gpu_ns=3160
VKPHASE pipeline=quantize_q8_1_x4 elements=262144,1,1 gpu_ns=1480
VKPHASE pipeline=quantize_q8_1_x4 elements=262144,1,1 gpu_ns=1440
VKPHASE pipeline=quantize_q8_1_x4 elements=1376256,1,1 gpu_ns=12040
VKPHASE pipeline=quantize_q8_1_x4 elements=262144,1,1 gpu_ns=1560
VKPHASE pipeline=quantize_q8_1_x4 elements=262144,1,1 gpu_ns=3280
VKPHASE pipeline=quantize_q8_1_x4 elements=262144,1,1 gpu_ns=1480
VKPHASE pipeline=quantize_q8_1_x4 elements=1376256,1,1 gpu_ns=12640
VKPHASE pipeline=quantize_q8_1_x4 elements=262144,1,1 gpu_ns=1440
VKPHASE pipeline=quantize_q8_1_x4 elements=262144,1,1 gpu_ns=3200
VKPHASE pipeline=quantize_q8_1_x4 elements=262144,1,1 gpu_ns=3240
VKPHASE pipeline=quantize_q8_1_x4 elements=1376256,1,1 gpu_ns=12160
VKPHASE pipeline=quantize_q8_1_x4 elements=262144,1,1 gpu_ns=3280
VKPHASE pipeline=quantize_q8_1_x4 elements=262144,1,1 gpu_ns=1480
VKPHASE pipeline=quantize_q8_1_x4 elements=262144,1,1 gpu_ns=3200
VKPHASE pipeline=quantize_q8_1_x4 elements=1376256,1,1 gpu_ns=12200
VKPHASE pipeline=quantize_q8_1_x4 elements=262144,1,1 gpu_ns=3200
VKPHASE pipeline=quantize_q8_1_x4 elements=262144,1,1 gpu_ns=3160
VKPHASE pipeline=quantize_q8_1_x4 elements=262144,1,1 gpu_ns=3240
VKPHASE pipeline=quantize_q8_1_x4 elements=1376256,1,1 gpu_ns=12920
VKPHASE pipeline=quantize_q8_1_x4 elements=262144,1,1 gpu_ns=3240
VKPHASE pipeline=quantize_q8_1_x4 elements=262144,1,1 gpu_ns=1480
VKPHASE pipeline=quantize_q8_1_x4 elements=262144,1,1 gpu_ns=3280
VKPHASE pipeline=quantize_q8_1_x4 elements=1376256,1,1 gpu_ns=12000
VKPHASE pipeline=quantize_q8_1_x4 elements=262144,1,1 gpu_ns=3240
VKPHASE pipeline=quantize_q8_1_x4 elements=262144,1,1 gpu_ns=1440
----------------
Vulkan Timings:
ADD: 58 x 10.206 us = 592 us
CONCAT: 21 x 30.63 us = 643.24 us
CONCAT, CPY: 1 x 29.52 us = 29.52 us
CPY, SSM_CONV: 22 x 17.178 us = 377.92 us
FLASH_ATTN_EXT dst(64,32,128,1),  q(64,128,32,1),  k(64,6912,8,1),  v(64,6912,8,1),  m(6912,128,1,1), SCALE: 1 x 1731.56 us = 1731.56 us (4185.68 GFLOPS/s)
FLASH_ATTN_EXT dst(64,32,128,1),  q(64,128,32,1),  k(64,6912,8,1),  v(64,6912,8,1),  m(6912,128,1,1), SCALE, GET_ROWS, GET_ROWS, CPY: 7 x 1791.03 us = 12537.2 us (4046.7 GFLOPS/s)
GET_ROWS, GET_ROWS, CPY, MUL_MAT f32 m=64 n=4096 k=64: 1 x 17.24 us = 17.24 us (1931.11 GFLOPS/s)
GLU: 17 x 38.454 us = 653.72 us
GLU, SCALE, GET_ROWS, GET_ROWS: 12 x 39.696 us = 476.36 us
MUL: 43 x 10.59 us = 455.4 us
MUL, SCALE, GET_ROWS, GET_ROWS: 1 x 12.48 us = 12.48 us
MUL_MAT f32 m=64 n=1024 k=64: 8 x 3.035 us = 24.28 us (2742.36 GFLOPS/s)
MUL_MAT f32 m=64 n=1024 k=64, RMS_NORM_MUL_ROPE RMS_NORM(64,8,128,1): 8 x 33.665 us = 269.32 us (247.232 GFLOPS/s)
MUL_MAT f32 m=64 n=4096 k=64: 15 x 17.221 us = 258.32 us (1933.2 GFLOPS/s)
MUL_MAT q4_0_rocmfp4_fast m=10752 n=128 k=2048, MUL_MAT q4_0_rocmfp4_fast m=10752 n=128 k=2048: 29 x 810.299 us = 23498.7 us (13910.3 GFLOPS/s)
MUL_MAT q4_0_rocmfp4_fast m=2048 n=128 k=10752: 29 x 574.362 us = 16656.5 us (9814.15 GFLOPS/s)
MUL_MAT q4_0_rocmfp4_fast m=2048 n=128 k=2048: 29 x 99.628 us = 2889.24 us (10774.8 GFLOPS/s)
MUL_MAT q4_0_rocmfp4_fast m=2048 n=128 k=2048, MUL_MAT q4_0_rocmfp4_fast m=512 n=128 k=2048, MUL_MAT q4_0_rocmfp4_fast m=512 n=128 k=2048: 8 x 160.215 us = 1281.72 us (10050.4 GFLOPS/s)
MUL_MAT q4_0_rocmfp4_fast m=6144 n=128 k=2048: 10 x 246.784 us = 2467.84 us (13049.6 GFLOPS/s)
MUL_MAT q4_0_rocmfp4_fast m=6144 n=128 k=2048, CPY: 12 x 241.673 us = 2900.08 us (13325.6 GFLOPS/s)
RMS_NORM_MUL RMS_NORM(2048,128,1,1): 57 x 10.445 us = 595.4 us
RMS_NORM_MUL RMS_NORM(2048,128,1,1), GET_ROWS: 1 x 9.88 us = 9.88 us
RMS_NORM_MUL_ROPE RMS_NORM(64,32,128,1): 8 x 105.99 us = 847.92 us
SCALE, GET_ROWS, GET_ROWS, RMS_NORM_MUL RMS_NORM(2048,128,1,1), CPY: 1 x 13.12 us = 13.12 us
SET_ROWS, SET_ROWS: 8 x 5.715 us = 45.72 us
Total time: 69284.7 us.
VKPHASE pipeline=quantize_q8_1_x4 elements=262144,1,1 gpu_ns=3480
VKPHASE pipeline=quantize_q8_1_x4 elements=262144,1,1 gpu_ns=1480
VKPHASE pipeline=quantize_q8_1_x4 elements=262144,1,1 gpu_ns=3520
VKPHASE pipeline=quantize_q8_1_x4 elements=1376256,1,1 gpu_ns=12120
VKPHASE pipeline=quantize_q8_1_x4 elements=262144,1,1 gpu_ns=1680
VKPHASE pipeline=quantize_q8_1_x4 elements=262144,1,1 gpu_ns=3480
VKPHASE pipeline=quantize_q8_1_x4 elements=262144,1,1 gpu_ns=3520
VKPHASE pipeline=quantize_q8_1_x4 elements=1376256,1,1 gpu_ns=12120
VKPHASE pipeline=quantize_q8_1_x4 elements=262144,1,1 gpu_ns=3520
VKPHASE pipeline=quantize_q8_1_x4 elements=262144,1,1 gpu_ns=1680
VKPHASE pipeline=quantize_q8_1_x4 elements=262144,1,1 gpu_ns=3480
VKPHASE pipeline=quantize_q8_1_x4 elements=1376256,1,1 gpu_ns=12440
VKPHASE pipeline=quantize_q8_1_x4 elements=262144,1,1 gpu_ns=3200
VKPHASE pipeline=quantize_q8_1_x4 elements=262144,1,1 gpu_ns=3160
VKPHASE pipeline=quantize_q8_1_x4 elements=262144,1,1 gpu_ns=3480
VKPHASE pipeline=quantize_q8_1_x4 elements=1376256,1,1 gpu_ns=12680
VKPHASE pipeline=quantize_q8_1_x4 elements=262144,1,1 gpu_ns=1520
VKPHASE pipeline=quantize_q8_1_x4 elements=262144,1,1 gpu_ns=3160
VKPHASE pipeline=quantize_q8_1_x4 elements=262144,1,1 gpu_ns=3200
VKPHASE pipeline=quantize_q8_1_x4 elements=1376256,1,1 gpu_ns=12040
VKPHASE pipeline=quantize_q8_1_x4 elements=262144,1,1 gpu_ns=3160
VKPHASE pipeline=quantize_q8_1_x4 elements=262144,1,1 gpu_ns=3240
VKPHASE pipeline=quantize_q8_1_x4 elements=262144,1,1 gpu_ns=1480
VKPHASE pipeline=quantize_q8_1_x4 elements=1376256,1,1 gpu_ns=12200
VKPHASE pipeline=quantize_q8_1_x4 elements=262144,1,1 gpu_ns=1680
VKPHASE pipeline=quantize_q8_1_x4 elements=262144,1,1 gpu_ns=1520
VKPHASE pipeline=quantize_q8_1_x4 elements=262144,1,1 gpu_ns=1480
VKPHASE pipeline=quantize_q8_1_x4 elements=1376256,1,1 gpu_ns=12080
VKPHASE pipeline=quantize_q8_1_x4 elements=262144,1,1 gpu_ns=3160
VKPHASE pipeline=quantize_q8_1_x4 elements=262144,1,1 gpu_ns=3200
VKPHASE pipeline=quantize_q8_1_x4 elements=262144,1,1 gpu_ns=3160
VKPHASE pipeline=quantize_q8_1_x4 elements=1376256,1,1 gpu_ns=12080
VKPHASE pipeline=quantize_q8_1_x4 elements=262144,1,1 gpu_ns=3160
VKPHASE pipeline=quantize_q8_1_x4 elements=262144,1,1 gpu_ns=1480
VKPHASE pipeline=quantize_q8_1_x4 elements=262144,1,1 gpu_ns=3200
VKPHASE pipeline=quantize_q8_1_x4 elements=1376256,1,1 gpu_ns=12040
VKPHASE pipeline=quantize_q8_1_x4 elements=262144,1,1 gpu_ns=3200
VKPHASE pipeline=quantize_q8_1_x4 elements=262144,1,1 gpu_ns=3040
VKPHASE pipeline=quantize_q8_1_x4 elements=262144,1,1 gpu_ns=3160
VKPHASE pipeline=quantize_q8_1_x4 elements=1376256,1,1 gpu_ns=11880
VKPHASE pipeline=quantize_q8_1_x4 elements=262144,1,1 gpu_ns=3200
VKPHASE pipeline=quantize_q8_1_x4 elements=262144,1,1 gpu_ns=3200
VKPHASE pipeline=quantize_q8_1_x4 elements=262144,1,1 gpu_ns=3200
VKPHASE pipeline=quantize_q8_1_x4 elements=1376256,1,1 gpu_ns=12480
VKPHASE pipeline=quantize_q8_1_x4 elements=262144,1,1 gpu_ns=3480
VKPHASE pipeline=quantize_q8_1_x4 elements=262144,1,1 gpu_ns=3160
VKPHASE pipeline=quantize_q8_1_x4 elements=262144,1,1 gpu_ns=3160
VKPHASE pipeline=quantize_q8_1_x4 elements=1376256,1,1 gpu_ns=11920
VKPHASE pipeline=quantize_q8_1_x4 elements=262144,1,1 gpu_ns=3200
VKPHASE pipeline=quantize_q8_1_x4 elements=262144,1,1 gpu_ns=3280
VKPHASE pipeline=quantize_q8_1_x4 elements=262144,1,1 gpu_ns=3280
VKPHASE pipeline=quantize_q8_1_x4 elements=1376256,1,1 gpu_ns=12120
VKPHASE pipeline=quantize_q8_1_x4 elements=262144,1,1 gpu_ns=1600
VKPHASE pipeline=quantize_q8_1_x4 elements=262144,1,1 gpu_ns=3240
VKPHASE pipeline=quantize_q8_1_x4 elements=262144,1,1 gpu_ns=3200
VKPHASE pipeline=quantize_q8_1_x4 elements=1376256,1,1 gpu_ns=12240
VKPHASE pipeline=quantize_q8_1_x4 elements=262144,1,1 gpu_ns=3280
VKPHASE pipeline=quantize_q8_1_x4 elements=262144,1,1 gpu_ns=1480
VKPHASE pipeline=quantize_q8_1_x4 elements=262144,1,1 gpu_ns=1480
VKPHASE pipeline=quantize_q8_1_x4 elements=1376256,1,1 gpu_ns=12360
VKPHASE pipeline=quantize_q8_1_x4 elements=262144,1,1 gpu_ns=1520
VKPHASE pipeline=quantize_q8_1_x4 elements=262144,1,1 gpu_ns=1480
VKPHASE pipeline=quantize_q8_1_x4 elements=262144,1,1 gpu_ns=3240
VKPHASE pipeline=quantize_q8_1_x4 elements=1376256,1,1 gpu_ns=12080
VKPHASE pipeline=quantize_q8_1_x4 elements=262144,1,1 gpu_ns=1720
VKPHASE pipeline=quantize_q8_1_x4 elements=262144,1,1 gpu_ns=3200
VKPHASE pipeline=quantize_q8_1_x4 elements=262144,1,1 gpu_ns=1520
VKPHASE pipeline=quantize_q8_1_x4 elements=1376256,1,1 gpu_ns=12040
VKPHASE pipeline=quantize_q8_1_x4 elements=262144,1,1 gpu_ns=1480
VKPHASE pipeline=quantize_q8_1_x4 elements=262144,1,1 gpu_ns=3440
VKPHASE pipeline=quantize_q8_1_x4 elements=262144,1,1 gpu_ns=3200
VKPHASE pipeline=quantize_q8_1_x4 elements=1376256,1,1 gpu_ns=12480
VKPHASE pipeline=quantize_q8_1_x4 elements=262144,1,1 gpu_ns=3200
VKPHASE pipeline=quantize_q8_1_x4 elements=262144,1,1 gpu_ns=3160
VKPHASE pipeline=quantize_q8_1_x4 elements=262144,1,1 gpu_ns=3200
VKPHASE pipeline=quantize_q8_1_x4 elements=1376256,1,1 gpu_ns=12280
VKPHASE pipeline=quantize_q8_1_x4 elements=262144,1,1 gpu_ns=3120
VKPHASE pipeline=quantize_q8_1_x4 elements=262144,1,1 gpu_ns=1520
VKPHASE pipeline=quantize_q8_1_x4 elements=262144,1,1 gpu_ns=3160
VKPHASE pipeline=quantize_q8_1_x4 elements=1376256,1,1 gpu_ns=12160
VKPHASE pipeline=quantize_q8_1_x4 elements=262144,1,1 gpu_ns=3280
VKPHASE pipeline=quantize_q8_1_x4 elements=262144,1,1 gpu_ns=3200
VKPHASE pipeline=quantize_q8_1_x4 elements=262144,1,1 gpu_ns=3200
VKPHASE pipeline=quantize_q8_1_x4 elements=1376256,1,1 gpu_ns=12200
VKPHASE pipeline=quantize_q8_1_x4 elements=262144,1,1 gpu_ns=3240
VKPHASE pipeline=quantize_q8_1_x4 elements=262144,1,1 gpu_ns=3320
VKPHASE pipeline=quantize_q8_1_x4 elements=262144,1,1 gpu_ns=3160
VKPHASE pipeline=quantize_q8_1_x4 elements=1376256,1,1 gpu_ns=12520
VKPHASE pipeline=quantize_q8_1_x4 elements=262144,1,1 gpu_ns=3240
VKPHASE pipeline=quantize_q8_1_x4 elements=262144,1,1 gpu_ns=1480
VKPHASE pipeline=quantize_q8_1_x4 elements=262144,1,1 gpu_ns=1480
VKPHASE pipeline=quantize_q8_1_x4 elements=1376256,1,1 gpu_ns=12240
VKPHASE pipeline=quantize_q8_1_x4 elements=262144,1,1 gpu_ns=3480
VKPHASE pipeline=quantize_q8_1_x4 elements=262144,1,1 gpu_ns=1480
VKPHASE pipeline=quantize_q8_1_x4 elements=262144,1,1 gpu_ns=3240
VKPHASE pipeline=quantize_q8_1_x4 elements=1376256,1,1 gpu_ns=13000
VKPHASE pipeline=quantize_q8_1_x4 elements=262144,1,1 gpu_ns=3240
VKPHASE pipeline=quantize_q8_1_x4 elements=262144,1,1 gpu_ns=3200
VKPHASE pipeline=quantize_q8_1_x4 elements=262144,1,1 gpu_ns=1440
VKPHASE pipeline=quantize_q8_1_x4 elements=1376256,1,1 gpu_ns=12800
VKPHASE pipeline=quantize_q8_1_x4 elements=262144,1,1 gpu_ns=1480
VKPHASE pipeline=quantize_q8_1_x4 elements=262144,1,1 gpu_ns=1480
VKPHASE pipeline=quantize_q8_1_x4 elements=262144,1,1 gpu_ns=3160
VKPHASE pipeline=quantize_q8_1_x4 elements=1376256,1,1 gpu_ns=12280
VKPHASE pipeline=quantize_q8_1_x4 elements=262144,1,1 gpu_ns=3200
VKPHASE pipeline=quantize_q8_1_x4 elements=262144,1,1 gpu_ns=3240
VKPHASE pipeline=quantize_q8_1_x4 elements=262144,1,1 gpu_ns=3280
VKPHASE pipeline=quantize_q8_1_x4 elements=1376256,1,1 gpu_ns=12240
VKPHASE pipeline=quantize_q8_1_x4 elements=262144,1,1 gpu_ns=3160
VKPHASE pipeline=quantize_q8_1_x4 elements=262144,1,1 gpu_ns=3200
VKPHASE pipeline=quantize_q8_1_x4 elements=262144,1,1 gpu_ns=3200
VKPHASE pipeline=quantize_q8_1_x4 elements=1376256,1,1 gpu_ns=11920
VKPHASE pipeline=quantize_q8_1_x4 elements=262144,1,1 gpu_ns=1520
VKPHASE pipeline=quantize_q8_1_x4 elements=262144,1,1 gpu_ns=1440
VKPHASE pipeline=quantize_q8_1_x4 elements=262144,1,1 gpu_ns=3160
VKPHASE pipeline=quantize_q8_1_x4 elements=1376256,1,1 gpu_ns=12200
VKPHASE pipeline=quantize_q8_1_x4 elements=262144,1,1 gpu_ns=3240
VKPHASE pipeline=quantize_q8_1_x4 elements=262144,1,1 gpu_ns=1480
----------------
Vulkan Timings:
ADD: 58 x 10.144 us = 588.36 us
CONCAT: 21 x 31.906 us = 670.04 us
CONCAT, CPY: 1 x 29.88 us = 29.88 us
CPY, SSM_CONV: 22 x 17.161 us = 377.56 us
FLASH_ATTN_EXT dst(64,32,128,1),  q(64,128,32,1),  k(64,6912,8,1),  v(64,6912,8,1),  m(6912,128,1,1), SCALE: 1 x 1779.56 us = 1779.56 us (4072.78 GFLOPS/s)
FLASH_ATTN_EXT dst(64,32,128,1),  q(64,128,32,1),  k(64,6912,8,1),  v(64,6912,8,1),  m(6912,128,1,1), SCALE, GET_ROWS, GET_ROWS, CPY: 7 x 1768.64 us = 12380.5 us (4097.91 GFLOPS/s)
GET_ROWS, GET_ROWS, CPY, MUL_MAT f32 m=64 n=4096 k=64: 1 x 17.24 us = 17.24 us (1931.11 GFLOPS/s)
GLU: 17 x 37.905 us = 644.4 us
GLU, SCALE, GET_ROWS, GET_ROWS: 12 x 40.426 us = 485.12 us
MUL: 43 x 10.323 us = 443.92 us
MUL, SCALE, GET_ROWS, GET_ROWS: 1 x 12.36 us = 12.36 us
MUL_MAT f32 m=64 n=1024 k=64: 8 x 2.98 us = 23.84 us (2792.98 GFLOPS/s)
MUL_MAT f32 m=64 n=1024 k=64, RMS_NORM_MUL_ROPE RMS_NORM(64,8,128,1): 8 x 34.965 us = 279.72 us (238.04 GFLOPS/s)
MUL_MAT f32 m=64 n=4096 k=64: 15 x 16.05 us = 240.76 us (2074.2 GFLOPS/s)
MUL_MAT q4_0_rocmfp4_fast m=10752 n=128 k=2048, MUL_MAT q4_0_rocmfp4_fast m=10752 n=128 k=2048: 29 x 796.891 us = 23109.8 us (14144.4 GFLOPS/s)
MUL_MAT q4_0_rocmfp4_fast m=2048 n=128 k=10752: 29 x 567.35 us = 16453.2 us (9935.45 GFLOPS/s)
MUL_MAT q4_0_rocmfp4_fast m=2048 n=128 k=2048: 29 x 101.522 us = 2944.16 us (10573.8 GFLOPS/s)
MUL_MAT q4_0_rocmfp4_fast m=2048 n=128 k=2048, MUL_MAT q4_0_rocmfp4_fast m=512 n=128 k=2048, MUL_MAT q4_0_rocmfp4_fast m=512 n=128 k=2048: 8 x 150.33 us = 1202.64 us (10711.2 GFLOPS/s)
MUL_MAT q4_0_rocmfp4_fast m=6144 n=128 k=2048: 10 x 247.004 us = 2470.04 us (13038 GFLOPS/s)
MUL_MAT q4_0_rocmfp4_fast m=6144 n=128 k=2048, CPY: 12 x 253.096 us = 3037.16 us (12724.1 GFLOPS/s)
RMS_NORM_MUL RMS_NORM(2048,128,1,1): 57 x 10.432 us = 594.68 us
RMS_NORM_MUL RMS_NORM(2048,128,1,1), GET_ROWS: 1 x 10.72 us = 10.72 us
RMS_NORM_MUL_ROPE RMS_NORM(64,32,128,1): 8 x 100.94 us = 807.52 us
SCALE, GET_ROWS, GET_ROWS, RMS_NORM_MUL RMS_NORM(2048,128,1,1), CPY: 1 x 22.64 us = 22.64 us
SET_ROWS, SET_ROWS: 8 x 5.97 us = 47.76 us
Total time: 68673.6 us.
VKPHASE pipeline=quantize_q8_1_x4 elements=262144,1,1 gpu_ns=5360
VKPHASE pipeline=quantize_q8_1_x4 elements=262144,1,1 gpu_ns=1680
VKPHASE pipeline=quantize_q8_1_x4 elements=262144,1,1 gpu_ns=1680
VKPHASE pipeline=quantize_q8_1_x4 elements=1376256,1,1 gpu_ns=12320
VKPHASE pipeline=quantize_q8_1_x4 elements=262144,1,1 gpu_ns=3240
VKPHASE pipeline=quantize_q8_1_x4 elements=262144,1,1 gpu_ns=3160
VKPHASE pipeline=quantize_q8_1_x4 elements=262144,1,1 gpu_ns=3200
VKPHASE pipeline=quantize_q8_1_x4 elements=1376256,1,1 gpu_ns=12360
VKPHASE pipeline=quantize_q8_1_x4 elements=262144,1,1 gpu_ns=4560
VKPHASE pipeline=quantize_q8_1_x4 elements=262144,1,1 gpu_ns=3280
VKPHASE pipeline=quantize_q8_1_x4 elements=262144,1,1 gpu_ns=3160
VKPHASE pipeline=quantize_q8_1_x4 elements=1376256,1,1 gpu_ns=12600
VKPHASE pipeline=quantize_q8_1_x4 elements=262144,1,1 gpu_ns=3160
VKPHASE pipeline=quantize_q8_1_x4 elements=262144,1,1 gpu_ns=3240
VKPHASE pipeline=quantize_q8_1_x4 elements=262144,1,1 gpu_ns=3200
VKPHASE pipeline=quantize_q8_1_x4 elements=1376256,1,1 gpu_ns=12600
VKPHASE pipeline=quantize_q8_1_x4 elements=262144,1,1 gpu_ns=3200
VKPHASE pipeline=quantize_q8_1_x4 elements=262144,1,1 gpu_ns=3120
VKPHASE pipeline=quantize_q8_1_x4 elements=262144,1,1 gpu_ns=1480
VKPHASE pipeline=quantize_q8_1_x4 elements=1376256,1,1 gpu_ns=12040
VKPHASE pipeline=quantize_q8_1_x4 elements=262144,1,1 gpu_ns=1480
VKPHASE pipeline=quantize_q8_1_x4 elements=262144,1,1 gpu_ns=3240
VKPHASE pipeline=quantize_q8_1_x4 elements=262144,1,1 gpu_ns=1480
VKPHASE pipeline=quantize_q8_1_x4 elements=1376256,1,1 gpu_ns=12160
VKPHASE pipeline=quantize_q8_1_x4 elements=262144,1,1 gpu_ns=3240
VKPHASE pipeline=quantize_q8_1_x4 elements=262144,1,1 gpu_ns=1440
VKPHASE pipeline=quantize_q8_1_x4 elements=262144,1,1 gpu_ns=1480
VKPHASE pipeline=quantize_q8_1_x4 elements=1376256,1,1 gpu_ns=12240
VKPHASE pipeline=quantize_q8_1_x4 elements=262144,1,1 gpu_ns=3200
VKPHASE pipeline=quantize_q8_1_x4 elements=262144,1,1 gpu_ns=3160
VKPHASE pipeline=quantize_q8_1_x4 elements=262144,1,1 gpu_ns=3240
VKPHASE pipeline=quantize_q8_1_x4 elements=1376256,1,1 gpu_ns=12360
VKPHASE pipeline=quantize_q8_1_x4 elements=262144,1,1 gpu_ns=1480
VKPHASE pipeline=quantize_q8_1_x4 elements=262144,1,1 gpu_ns=3160
VKPHASE pipeline=quantize_q8_1_x4 elements=262144,1,1 gpu_ns=3160
VKPHASE pipeline=quantize_q8_1_x4 elements=1376256,1,1 gpu_ns=11720
VKPHASE pipeline=quantize_q8_1_x4 elements=262144,1,1 gpu_ns=3120
VKPHASE pipeline=quantize_q8_1_x4 elements=262144,1,1 gpu_ns=3280
VKPHASE pipeline=quantize_q8_1_x4 elements=262144,1,1 gpu_ns=3160
VKPHASE pipeline=quantize_q8_1_x4 elements=1376256,1,1 gpu_ns=12120
VKPHASE pipeline=quantize_q8_1_x4 elements=262144,1,1 gpu_ns=3440
VKPHASE pipeline=quantize_q8_1_x4 elements=262144,1,1 gpu_ns=3160
VKPHASE pipeline=quantize_q8_1_x4 elements=262144,1,1 gpu_ns=3160
VKPHASE pipeline=quantize_q8_1_x4 elements=1376256,1,1 gpu_ns=12080
VKPHASE pipeline=quantize_q8_1_x4 elements=262144,1,1 gpu_ns=1480
VKPHASE pipeline=quantize_q8_1_x4 elements=262144,1,1 gpu_ns=1440
VKPHASE pipeline=quantize_q8_1_x4 elements=262144,1,1 gpu_ns=3200
VKPHASE pipeline=quantize_q8_1_x4 elements=1376256,1,1 gpu_ns=12040
VKPHASE pipeline=quantize_q8_1_x4 elements=262144,1,1 gpu_ns=3200
VKPHASE pipeline=quantize_q8_1_x4 elements=262144,1,1 gpu_ns=2680
VKPHASE pipeline=quantize_q8_1_x4 elements=262144,1,1 gpu_ns=3160
VKPHASE pipeline=quantize_q8_1_x4 elements=1376256,1,1 gpu_ns=12280
VKPHASE pipeline=quantize_q8_1_x4 elements=262144,1,1 gpu_ns=3320
VKPHASE pipeline=quantize_q8_1_x4 elements=262144,1,1 gpu_ns=5160
VKPHASE pipeline=quantize_q8_1_x4 elements=262144,1,1 gpu_ns=3160
VKPHASE pipeline=quantize_q8_1_x4 elements=1376256,1,1 gpu_ns=12120
VKPHASE pipeline=quantize_q8_1_x4 elements=262144,1,1 gpu_ns=3240
VKPHASE pipeline=quantize_q8_1_x4 elements=262144,1,1 gpu_ns=1600
VKPHASE pipeline=quantize_q8_1_x4 elements=262144,1,1 gpu_ns=3200
VKPHASE pipeline=quantize_q8_1_x4 elements=1376256,1,1 gpu_ns=12200
VKPHASE pipeline=quantize_q8_1_x4 elements=262144,1,1 gpu_ns=1480
VKPHASE pipeline=quantize_q8_1_x4 elements=262144,1,1 gpu_ns=1480
VKPHASE pipeline=quantize_q8_1_x4 elements=262144,1,1 gpu_ns=3160
VKPHASE pipeline=quantize_q8_1_x4 elements=1376256,1,1 gpu_ns=12040
VKPHASE pipeline=quantize_q8_1_x4 elements=262144,1,1 gpu_ns=3240
VKPHASE pipeline=quantize_q8_1_x4 elements=262144,1,1 gpu_ns=1440
VKPHASE pipeline=quantize_q8_1_x4 elements=262144,1,1 gpu_ns=3160
VKPHASE pipeline=quantize_q8_1_x4 elements=1376256,1,1 gpu_ns=11960
VKPHASE pipeline=quantize_q8_1_x4 elements=262144,1,1 gpu_ns=3160
VKPHASE pipeline=quantize_q8_1_x4 elements=262144,1,1 gpu_ns=3200
VKPHASE pipeline=quantize_q8_1_x4 elements=262144,1,1 gpu_ns=3160
VKPHASE pipeline=quantize_q8_1_x4 elements=1376256,1,1 gpu_ns=12440
VKPHASE pipeline=quantize_q8_1_x4 elements=262144,1,1 gpu_ns=3240
VKPHASE pipeline=quantize_q8_1_x4 elements=262144,1,1 gpu_ns=3160
VKPHASE pipeline=quantize_q8_1_x4 elements=262144,1,1 gpu_ns=3200
VKPHASE pipeline=quantize_q8_1_x4 elements=1376256,1,1 gpu_ns=12240
VKPHASE pipeline=quantize_q8_1_x4 elements=262144,1,1 gpu_ns=3240
VKPHASE pipeline=quantize_q8_1_x4 elements=262144,1,1 gpu_ns=1520
VKPHASE pipeline=quantize_q8_1_x4 elements=262144,1,1 gpu_ns=1520
VKPHASE pipeline=quantize_q8_1_x4 elements=1376256,1,1 gpu_ns=11880
VKPHASE pipeline=quantize_q8_1_x4 elements=262144,1,1 gpu_ns=3520
VKPHASE pipeline=quantize_q8_1_x4 elements=262144,1,1 gpu_ns=3200
VKPHASE pipeline=quantize_q8_1_x4 elements=262144,1,1 gpu_ns=2120
VKPHASE pipeline=quantize_q8_1_x4 elements=1376256,1,1 gpu_ns=12160
VKPHASE pipeline=quantize_q8_1_x4 elements=262144,1,1 gpu_ns=3200
VKPHASE pipeline=quantize_q8_1_x4 elements=262144,1,1 gpu_ns=8120
VKPHASE pipeline=quantize_q8_1_x4 elements=262144,1,1 gpu_ns=3240
VKPHASE pipeline=quantize_q8_1_x4 elements=1376256,1,1 gpu_ns=12360
VKPHASE pipeline=quantize_q8_1_x4 elements=262144,1,1 gpu_ns=3240
VKPHASE pipeline=quantize_q8_1_x4 elements=262144,1,1 gpu_ns=1440
VKPHASE pipeline=quantize_q8_1_x4 elements=262144,1,1 gpu_ns=3200
VKPHASE pipeline=quantize_q8_1_x4 elements=1376256,1,1 gpu_ns=12160
VKPHASE pipeline=quantize_q8_1_x4 elements=262144,1,1 gpu_ns=3200
VKPHASE pipeline=quantize_q8_1_x4 elements=262144,1,1 gpu_ns=1440
VKPHASE pipeline=quantize_q8_1_x4 elements=262144,1,1 gpu_ns=1440
VKPHASE pipeline=quantize_q8_1_x4 elements=1376256,1,1 gpu_ns=12120
VKPHASE pipeline=quantize_q8_1_x4 elements=262144,1,1 gpu_ns=2720
VKPHASE pipeline=quantize_q8_1_x4 elements=262144,1,1 gpu_ns=3280
VKPHASE pipeline=quantize_q8_1_x4 elements=262144,1,1 gpu_ns=3160
VKPHASE pipeline=quantize_q8_1_x4 elements=1376256,1,1 gpu_ns=12680
VKPHASE pipeline=quantize_q8_1_x4 elements=262144,1,1 gpu_ns=1480
VKPHASE pipeline=quantize_q8_1_x4 elements=262144,1,1 gpu_ns=1440
VKPHASE pipeline=quantize_q8_1_x4 elements=262144,1,1 gpu_ns=3120
VKPHASE pipeline=quantize_q8_1_x4 elements=1376256,1,1 gpu_ns=12120
VKPHASE pipeline=quantize_q8_1_x4 elements=262144,1,1 gpu_ns=3200
VKPHASE pipeline=quantize_q8_1_x4 elements=262144,1,1 gpu_ns=3160
VKPHASE pipeline=quantize_q8_1_x4 elements=262144,1,1 gpu_ns=3200
VKPHASE pipeline=quantize_q8_1_x4 elements=1376256,1,1 gpu_ns=12160
VKPHASE pipeline=quantize_q8_1_x4 elements=262144,1,1 gpu_ns=3200
VKPHASE pipeline=quantize_q8_1_x4 elements=262144,1,1 gpu_ns=3240
VKPHASE pipeline=quantize_q8_1_x4 elements=262144,1,1 gpu_ns=3240
VKPHASE pipeline=quantize_q8_1_x4 elements=1376256,1,1 gpu_ns=12080
VKPHASE pipeline=quantize_q8_1_x4 elements=262144,1,1 gpu_ns=3160
VKPHASE pipeline=quantize_q8_1_x4 elements=262144,1,1 gpu_ns=3680
VKPHASE pipeline=quantize_q8_1_x4 elements=262144,1,1 gpu_ns=3200
VKPHASE pipeline=quantize_q8_1_x4 elements=1376256,1,1 gpu_ns=12080
VKPHASE pipeline=quantize_q8_1_x4 elements=262144,1,1 gpu_ns=3200
VKPHASE pipeline=quantize_q8_1_x4 elements=262144,1,1 gpu_ns=3240
----------------
Vulkan Timings:
ADD: 58 x 10.309 us = 597.96 us
CONCAT: 21 x 31.318 us = 657.68 us
CONCAT, CPY: 1 x 29.68 us = 29.68 us
CPY, SSM_CONV: 22 x 17.043 us = 374.96 us
FLASH_ATTN_EXT dst(64,32,128,1),  q(64,128,32,1),  k(64,7168,8,1),  v(64,7168,8,1),  m(7168,128,1,1), SCALE: 1 x 1813.72 us = 1813.72 us (4144.08 GFLOPS/s)
FLASH_ATTN_EXT dst(64,32,128,1),  q(64,128,32,1),  k(64,7168,8,1),  v(64,7168,8,1),  m(7168,128,1,1), SCALE, GET_ROWS, GET_ROWS, CPY: 7 x 1854.07 us = 12978.5 us (4053.89 GFLOPS/s)
GET_ROWS, GET_ROWS, CPY, MUL_MAT f32 m=64 n=4096 k=64: 1 x 17.4 us = 17.4 us (1913.35 GFLOPS/s)
GLU: 17 x 38.291 us = 650.96 us
GLU, SCALE, GET_ROWS, GET_ROWS: 12 x 39.076 us = 468.92 us
MUL: 43 x 9.988 us = 429.52 us
MUL, SCALE, GET_ROWS, GET_ROWS: 1 x 12.24 us = 12.24 us
MUL_MAT f32 m=64 n=1024 k=64: 8 x 3.005 us = 24.04 us (2769.74 GFLOPS/s)
MUL_MAT f32 m=64 n=1024 k=64, RMS_NORM_MUL_ROPE RMS_NORM(64,8,128,1): 8 x 31.6 us = 252.8 us (263.388 GFLOPS/s)
MUL_MAT f32 m=64 n=4096 k=64: 15 x 16.184 us = 242.76 us (2057.11 GFLOPS/s)
MUL_MAT q4_0_rocmfp4_fast m=10752 n=128 k=2048, MUL_MAT q4_0_rocmfp4_fast m=10752 n=128 k=2048: 29 x 805.695 us = 23365.2 us (13989.8 GFLOPS/s)
MUL_MAT q4_0_rocmfp4_fast m=2048 n=128 k=10752: 29 x 571.068 us = 16561 us (9870.76 GFLOPS/s)
MUL_MAT q4_0_rocmfp4_fast m=2048 n=128 k=2048: 29 x 100.398 us = 2911.56 us (10692.2 GFLOPS/s)
MUL_MAT q4_0_rocmfp4_fast m=2048 n=128 k=2048, MUL_MAT q4_0_rocmfp4_fast m=512 n=128 k=2048, MUL_MAT q4_0_rocmfp4_fast m=512 n=128 k=2048: 8 x 162.655 us = 1301.24 us (9899.6 GFLOPS/s)
MUL_MAT q4_0_rocmfp4_fast m=6144 n=128 k=2048: 10 x 249.364 us = 2493.64 us (12914.6 GFLOPS/s)
MUL_MAT q4_0_rocmfp4_fast m=6144 n=128 k=2048, CPY: 12 x 244.04 us = 2928.48 us (13196.4 GFLOPS/s)
RMS_NORM_MUL RMS_NORM(2048,128,1,1): 57 x 10.4 us = 592.84 us
RMS_NORM_MUL RMS_NORM(2048,128,1,1), GET_ROWS: 1 x 10.72 us = 10.72 us
RMS_NORM_MUL_ROPE RMS_NORM(64,32,128,1): 8 x 104.825 us = 838.6 us
SCALE, GET_ROWS, GET_ROWS, RMS_NORM_MUL RMS_NORM(2048,128,1,1), CPY: 1 x 13.88 us = 13.88 us
SET_ROWS, SET_ROWS: 8 x 5.525 us = 44.2 us
Total time: 69612.4 us.
VKPHASE pipeline=quantize_q8_1_x4 elements=262144,1,1 gpu_ns=3240
VKPHASE pipeline=quantize_q8_1_x4 elements=262144,1,1 gpu_ns=1520
VKPHASE pipeline=quantize_q8_1_x4 elements=262144,1,1 gpu_ns=3200
VKPHASE pipeline=quantize_q8_1_x4 elements=1376256,1,1 gpu_ns=12160
VKPHASE pipeline=quantize_q8_1_x4 elements=262144,1,1 gpu_ns=1560
VKPHASE pipeline=quantize_q8_1_x4 elements=262144,1,1 gpu_ns=3400
VKPHASE pipeline=quantize_q8_1_x4 elements=262144,1,1 gpu_ns=1480
VKPHASE pipeline=quantize_q8_1_x4 elements=1376256,1,1 gpu_ns=12800
VKPHASE pipeline=quantize_q8_1_x4 elements=262144,1,1 gpu_ns=1640
VKPHASE pipeline=quantize_q8_1_x4 elements=262144,1,1 gpu_ns=3320
VKPHASE pipeline=quantize_q8_1_x4 elements=262144,1,1 gpu_ns=1480
VKPHASE pipeline=quantize_q8_1_x4 elements=1376256,1,1 gpu_ns=12400
VKPHASE pipeline=quantize_q8_1_x4 elements=262144,1,1 gpu_ns=3200
VKPHASE pipeline=quantize_q8_1_x4 elements=262144,1,1 gpu_ns=3200
VKPHASE pipeline=quantize_q8_1_x4 elements=262144,1,1 gpu_ns=3200
VKPHASE pipeline=quantize_q8_1_x4 elements=1376256,1,1 gpu_ns=12480
VKPHASE pipeline=quantize_q8_1_x4 elements=262144,1,1 gpu_ns=3160
VKPHASE pipeline=quantize_q8_1_x4 elements=262144,1,1 gpu_ns=3280
VKPHASE pipeline=quantize_q8_1_x4 elements=262144,1,1 gpu_ns=1440
VKPHASE pipeline=quantize_q8_1_x4 elements=1376256,1,1 gpu_ns=12160
VKPHASE pipeline=quantize_q8_1_x4 elements=262144,1,1 gpu_ns=3200
VKPHASE pipeline=quantize_q8_1_x4 elements=262144,1,1 gpu_ns=2680
VKPHASE pipeline=quantize_q8_1_x4 elements=262144,1,1 gpu_ns=1480
VKPHASE pipeline=quantize_q8_1_x4 elements=1376256,1,1 gpu_ns=11960
VKPHASE pipeline=quantize_q8_1_x4 elements=262144,1,1 gpu_ns=1480
VKPHASE pipeline=quantize_q8_1_x4 elements=262144,1,1 gpu_ns=1480
VKPHASE pipeline=quantize_q8_1_x4 elements=262144,1,1 gpu_ns=1480
VKPHASE pipeline=quantize_q8_1_x4 elements=1376256,1,1 gpu_ns=12120
VKPHASE pipeline=quantize_q8_1_x4 elements=262144,1,1 gpu_ns=1600
VKPHASE pipeline=quantize_q8_1_x4 elements=262144,1,1 gpu_ns=1440
VKPHASE pipeline=quantize_q8_1_x4 elements=262144,1,1 gpu_ns=3200
VKPHASE pipeline=quantize_q8_1_x4 elements=1376256,1,1 gpu_ns=12080
VKPHASE pipeline=quantize_q8_1_x4 elements=262144,1,1 gpu_ns=3200
VKPHASE pipeline=quantize_q8_1_x4 elements=262144,1,1 gpu_ns=1640
VKPHASE pipeline=quantize_q8_1_x4 elements=262144,1,1 gpu_ns=7120
VKPHASE pipeline=quantize_q8_1_x4 elements=1376256,1,1 gpu_ns=12640
VKPHASE pipeline=quantize_q8_1_x4 elements=262144,1,1 gpu_ns=3160
VKPHASE pipeline=quantize_q8_1_x4 elements=262144,1,1 gpu_ns=3160
VKPHASE pipeline=quantize_q8_1_x4 elements=262144,1,1 gpu_ns=3160
VKPHASE pipeline=quantize_q8_1_x4 elements=1376256,1,1 gpu_ns=11960
VKPHASE pipeline=quantize_q8_1_x4 elements=262144,1,1 gpu_ns=3240
VKPHASE pipeline=quantize_q8_1_x4 elements=262144,1,1 gpu_ns=3160
VKPHASE pipeline=quantize_q8_1_x4 elements=262144,1,1 gpu_ns=3160
VKPHASE pipeline=quantize_q8_1_x4 elements=1376256,1,1 gpu_ns=12240
VKPHASE pipeline=quantize_q8_1_x4 elements=262144,1,1 gpu_ns=3240
VKPHASE pipeline=quantize_q8_1_x4 elements=262144,1,1 gpu_ns=1440
VKPHASE pipeline=quantize_q8_1_x4 elements=262144,1,1 gpu_ns=3200
VKPHASE pipeline=quantize_q8_1_x4 elements=1376256,1,1 gpu_ns=12080
VKPHASE pipeline=quantize_q8_1_x4 elements=262144,1,1 gpu_ns=1520
VKPHASE pipeline=quantize_q8_1_x4 elements=262144,1,1 gpu_ns=3200
VKPHASE pipeline=quantize_q8_1_x4 elements=262144,1,1 gpu_ns=3160
VKPHASE pipeline=quantize_q8_1_x4 elements=1376256,1,1 gpu_ns=12200
VKPHASE pipeline=quantize_q8_1_x4 elements=262144,1,1 gpu_ns=3200
VKPHASE pipeline=quantize_q8_1_x4 elements=262144,1,1 gpu_ns=3280
VKPHASE pipeline=quantize_q8_1_x4 elements=262144,1,1 gpu_ns=1480
VKPHASE pipeline=quantize_q8_1_x4 elements=1376256,1,1 gpu_ns=11920
VKPHASE pipeline=quantize_q8_1_x4 elements=262144,1,1 gpu_ns=3280
VKPHASE pipeline=quantize_q8_1_x4 elements=262144,1,1 gpu_ns=1440
VKPHASE pipeline=quantize_q8_1_x4 elements=262144,1,1 gpu_ns=3200
VKPHASE pipeline=quantize_q8_1_x4 elements=1376256,1,1 gpu_ns=12360
VKPHASE pipeline=quantize_q8_1_x4 elements=262144,1,1 gpu_ns=1600
VKPHASE pipeline=quantize_q8_1_x4 elements=262144,1,1 gpu_ns=1440
VKPHASE pipeline=quantize_q8_1_x4 elements=262144,1,1 gpu_ns=1480
VKPHASE pipeline=quantize_q8_1_x4 elements=1376256,1,1 gpu_ns=12600
VKPHASE pipeline=quantize_q8_1_x4 elements=262144,1,1 gpu_ns=3240
VKPHASE pipeline=quantize_q8_1_x4 elements=262144,1,1 gpu_ns=3200
VKPHASE pipeline=quantize_q8_1_x4 elements=262144,1,1 gpu_ns=3160
VKPHASE pipeline=quantize_q8_1_x4 elements=1376256,1,1 gpu_ns=12360
VKPHASE pipeline=quantize_q8_1_x4 elements=262144,1,1 gpu_ns=3240
VKPHASE pipeline=quantize_q8_1_x4 elements=262144,1,1 gpu_ns=3320
VKPHASE pipeline=quantize_q8_1_x4 elements=262144,1,1 gpu_ns=1520
VKPHASE pipeline=quantize_q8_1_x4 elements=1376256,1,1 gpu_ns=12480
VKPHASE pipeline=quantize_q8_1_x4 elements=262144,1,1 gpu_ns=3240
VKPHASE pipeline=quantize_q8_1_x4 elements=262144,1,1 gpu_ns=3200
VKPHASE pipeline=quantize_q8_1_x4 elements=262144,1,1 gpu_ns=3240
VKPHASE pipeline=quantize_q8_1_x4 elements=1376256,1,1 gpu_ns=12200
VKPHASE pipeline=quantize_q8_1_x4 elements=262144,1,1 gpu_ns=3280
VKPHASE pipeline=quantize_q8_1_x4 elements=262144,1,1 gpu_ns=1520
VKPHASE pipeline=quantize_q8_1_x4 elements=262144,1,1 gpu_ns=3200
VKPHASE pipeline=quantize_q8_1_x4 elements=1376256,1,1 gpu_ns=12040
VKPHASE pipeline=quantize_q8_1_x4 elements=262144,1,1 gpu_ns=3240
VKPHASE pipeline=quantize_q8_1_x4 elements=262144,1,1 gpu_ns=1440
VKPHASE pipeline=quantize_q8_1_x4 elements=262144,1,1 gpu_ns=1480
VKPHASE pipeline=quantize_q8_1_x4 elements=1376256,1,1 gpu_ns=12280
VKPHASE pipeline=quantize_q8_1_x4 elements=262144,1,1 gpu_ns=3240
VKPHASE pipeline=quantize_q8_1_x4 elements=262144,1,1 gpu_ns=3240
VKPHASE pipeline=quantize_q8_1_x4 elements=262144,1,1 gpu_ns=3200
VKPHASE pipeline=quantize_q8_1_x4 elements=1376256,1,1 gpu_ns=12440
VKPHASE pipeline=quantize_q8_1_x4 elements=262144,1,1 gpu_ns=3200
VKPHASE pipeline=quantize_q8_1_x4 elements=262144,1,1 gpu_ns=3160
VKPHASE pipeline=quantize_q8_1_x4 elements=262144,1,1 gpu_ns=3640
VKPHASE pipeline=quantize_q8_1_x4 elements=1376256,1,1 gpu_ns=12600
VKPHASE pipeline=quantize_q8_1_x4 elements=262144,1,1 gpu_ns=3240
VKPHASE pipeline=quantize_q8_1_x4 elements=262144,1,1 gpu_ns=1440
VKPHASE pipeline=quantize_q8_1_x4 elements=262144,1,1 gpu_ns=1480
VKPHASE pipeline=quantize_q8_1_x4 elements=1376256,1,1 gpu_ns=11680
VKPHASE pipeline=quantize_q8_1_x4 elements=262144,1,1 gpu_ns=4960
VKPHASE pipeline=quantize_q8_1_x4 elements=262144,1,1 gpu_ns=3240
VKPHASE pipeline=quantize_q8_1_x4 elements=262144,1,1 gpu_ns=3240
VKPHASE pipeline=quantize_q8_1_x4 elements=1376256,1,1 gpu_ns=12240
VKPHASE pipeline=quantize_q8_1_x4 elements=262144,1,1 gpu_ns=3280
VKPHASE pipeline=quantize_q8_1_x4 elements=262144,1,1 gpu_ns=3200
VKPHASE pipeline=quantize_q8_1_x4 elements=262144,1,1 gpu_ns=3120
VKPHASE pipeline=quantize_q8_1_x4 elements=1376256,1,1 gpu_ns=12120
VKPHASE pipeline=quantize_q8_1_x4 elements=262144,1,1 gpu_ns=3480
VKPHASE pipeline=quantize_q8_1_x4 elements=262144,1,1 gpu_ns=1440
VKPHASE pipeline=quantize_q8_1_x4 elements=262144,1,1 gpu_ns=1480
VKPHASE pipeline=quantize_q8_1_x4 elements=1376256,1,1 gpu_ns=12120
VKPHASE pipeline=quantize_q8_1_x4 elements=262144,1,1 gpu_ns=3160
VKPHASE pipeline=quantize_q8_1_x4 elements=262144,1,1 gpu_ns=3160
VKPHASE pipeline=quantize_q8_1_x4 elements=262144,1,1 gpu_ns=3160
VKPHASE pipeline=quantize_q8_1_x4 elements=1376256,1,1 gpu_ns=12240
VKPHASE pipeline=quantize_q8_1_x4 elements=262144,1,1 gpu_ns=3240
VKPHASE pipeline=quantize_q8_1_x4 elements=262144,1,1 gpu_ns=3200
VKPHASE pipeline=quantize_q8_1_x4 elements=262144,1,1 gpu_ns=3200
VKPHASE pipeline=quantize_q8_1_x4 elements=1376256,1,1 gpu_ns=12200
VKPHASE pipeline=quantize_q8_1_x4 elements=262144,1,1 gpu_ns=3600
VKPHASE pipeline=quantize_q8_1_x4 elements=262144,1,1 gpu_ns=3200
----------------
Vulkan Timings:
ADD: 58 x 11.2 us = 649.64 us
CONCAT: 21 x 29.969 us = 629.36 us
CONCAT, CPY: 1 x 29.36 us = 29.36 us
CPY, SSM_CONV: 22 x 16.94 us = 372.68 us
FLASH_ATTN_EXT dst(64,32,128,1),  q(64,128,32,1),  k(64,7168,8,1),  v(64,7168,8,1),  m(7168,128,1,1), SCALE: 1 x 1875.52 us = 1875.52 us (4007.52 GFLOPS/s)
FLASH_ATTN_EXT dst(64,32,128,1),  q(64,128,32,1),  k(64,7168,8,1),  v(64,7168,8,1),  m(7168,128,1,1), SCALE, GET_ROWS, GET_ROWS, CPY: 7 x 1847.34 us = 12931.4 us (4068.66 GFLOPS/s)
GET_ROWS, GET_ROWS, CPY, MUL_MAT f32 m=64 n=4096 k=64: 1 x 17.56 us = 17.56 us (1895.92 GFLOPS/s)
GLU: 17 x 37.863 us = 643.68 us
GLU, SCALE, GET_ROWS, GET_ROWS: 12 x 40.64 us = 487.68 us
MUL: 43 x 10.845 us = 466.36 us
MUL, SCALE, GET_ROWS, GET_ROWS: 1 x 12.32 us = 12.32 us
MUL_MAT f32 m=64 n=1024 k=64: 8 x 2.975 us = 23.8 us (2797.67 GFLOPS/s)
MUL_MAT f32 m=64 n=1024 k=64, RMS_NORM_MUL_ROPE RMS_NORM(64,8,128,1): 8 x 30.945 us = 247.56 us (268.963 GFLOPS/s)
MUL_MAT f32 m=64 n=4096 k=64: 15 x 17.445 us = 261.68 us (1908.38 GFLOPS/s)
MUL_MAT q4_0_rocmfp4_fast m=10752 n=128 k=2048, MUL_MAT q4_0_rocmfp4_fast m=10752 n=128 k=2048: 29 x 793.28 us = 23005.1 us (14208.8 GFLOPS/s)
MUL_MAT q4_0_rocmfp4_fast m=2048 n=128 k=10752: 29 x 569.714 us = 16521.7 us (9894.22 GFLOPS/s)
MUL_MAT q4_0_rocmfp4_fast m=2048 n=128 k=2048: 29 x 95.969 us = 2783.12 us (11185.6 GFLOPS/s)
MUL_MAT q4_0_rocmfp4_fast m=2048 n=128 k=2048, MUL_MAT q4_0_rocmfp4_fast m=512 n=128 k=2048, MUL_MAT q4_0_rocmfp4_fast m=512 n=128 k=2048: 8 x 150.24 us = 1201.92 us (10717.6 GFLOPS/s)
MUL_MAT q4_0_rocmfp4_fast m=6144 n=128 k=2048: 10 x 247.26 us = 2472.6 us (13024.5 GFLOPS/s)
MUL_MAT q4_0_rocmfp4_fast m=6144 n=128 k=2048, CPY: 12 x 244.106 us = 2929.28 us (13192.8 GFLOPS/s)
RMS_NORM_MUL RMS_NORM(2048,128,1,1): 57 x 10.345 us = 589.68 us
RMS_NORM_MUL RMS_NORM(2048,128,1,1), GET_ROWS: 1 x 10.28 us = 10.28 us
RMS_NORM_MUL_ROPE RMS_NORM(64,32,128,1): 8 x 101.015 us = 808.12 us
SCALE, GET_ROWS, GET_ROWS, RMS_NORM_MUL RMS_NORM(2048,128,1,1), CPY: 1 x 14.24 us = 14.24 us
SET_ROWS, SET_ROWS: 8 x 5.48 us = 43.84 us
Total time: 69028.5 us.
VKPHASE pipeline=quantize_q8_1_x4 elements=262144,1,1 gpu_ns=1480
VKPHASE pipeline=quantize_q8_1_x4 elements=262144,1,1 gpu_ns=1480
VKPHASE pipeline=quantize_q8_1_x4 elements=262144,1,1 gpu_ns=3520
VKPHASE pipeline=quantize_q8_1_x4 elements=1376256,1,1 gpu_ns=11960
VKPHASE pipeline=quantize_q8_1_x4 elements=262144,1,1 gpu_ns=1440
VKPHASE pipeline=quantize_q8_1_x4 elements=262144,1,1 gpu_ns=3160
VKPHASE pipeline=quantize_q8_1_x4 elements=262144,1,1 gpu_ns=3160
VKPHASE pipeline=quantize_q8_1_x4 elements=1376256,1,1 gpu_ns=12440
VKPHASE pipeline=quantize_q8_1_x4 elements=262144,1,1 gpu_ns=3200
VKPHASE pipeline=quantize_q8_1_x4 elements=262144,1,1 gpu_ns=3320
VKPHASE pipeline=quantize_q8_1_x4 elements=262144,1,1 gpu_ns=3200
VKPHASE pipeline=quantize_q8_1_x4 elements=1376256,1,1 gpu_ns=12560
VKPHASE pipeline=quantize_q8_1_x4 elements=262144,1,1 gpu_ns=3200
VKPHASE pipeline=quantize_q8_1_x4 elements=262144,1,1 gpu_ns=1400
VKPHASE pipeline=quantize_q8_1_x4 elements=262144,1,1 gpu_ns=3200
VKPHASE pipeline=quantize_q8_1_x4 elements=1376256,1,1 gpu_ns=12280
VKPHASE pipeline=quantize_q8_1_x4 elements=262144,1,1 gpu_ns=3240
VKPHASE pipeline=quantize_q8_1_x4 elements=262144,1,1 gpu_ns=4640
VKPHASE pipeline=quantize_q8_1_x4 elements=262144,1,1 gpu_ns=1480
VKPHASE pipeline=quantize_q8_1_x4 elements=1376256,1,1 gpu_ns=12040
VKPHASE pipeline=quantize_q8_1_x4 elements=262144,1,1 gpu_ns=3200
VKPHASE pipeline=quantize_q8_1_x4 elements=262144,1,1 gpu_ns=3240
VKPHASE pipeline=quantize_q8_1_x4 elements=262144,1,1 gpu_ns=1440
VKPHASE pipeline=quantize_q8_1_x4 elements=1376256,1,1 gpu_ns=12080
VKPHASE pipeline=quantize_q8_1_x4 elements=262144,1,1 gpu_ns=1600
VKPHASE pipeline=quantize_q8_1_x4 elements=262144,1,1 gpu_ns=1480
VKPHASE pipeline=quantize_q8_1_x4 elements=262144,1,1 gpu_ns=1440
VKPHASE pipeline=quantize_q8_1_x4 elements=1376256,1,1 gpu_ns=12280
VKPHASE pipeline=quantize_q8_1_x4 elements=262144,1,1 gpu_ns=3200
VKPHASE pipeline=quantize_q8_1_x4 elements=262144,1,1 gpu_ns=3160
VKPHASE pipeline=quantize_q8_1_x4 elements=262144,1,1 gpu_ns=3200
VKPHASE pipeline=quantize_q8_1_x4 elements=1376256,1,1 gpu_ns=12200
VKPHASE pipeline=quantize_q8_1_x4 elements=262144,1,1 gpu_ns=3160
VKPHASE pipeline=quantize_q8_1_x4 elements=262144,1,1 gpu_ns=1440
VKPHASE pipeline=quantize_q8_1_x4 elements=262144,1,1 gpu_ns=3160
VKPHASE pipeline=quantize_q8_1_x4 elements=1376256,1,1 gpu_ns=11960
VKPHASE pipeline=quantize_q8_1_x4 elements=262144,1,1 gpu_ns=3200
VKPHASE pipeline=quantize_q8_1_x4 elements=262144,1,1 gpu_ns=3160
VKPHASE pipeline=quantize_q8_1_x4 elements=262144,1,1 gpu_ns=3160
VKPHASE pipeline=quantize_q8_1_x4 elements=1376256,1,1 gpu_ns=12040
VKPHASE pipeline=quantize_q8_1_x4 elements=262144,1,1 gpu_ns=3160
VKPHASE pipeline=quantize_q8_1_x4 elements=262144,1,1 gpu_ns=3160
VKPHASE pipeline=quantize_q8_1_x4 elements=262144,1,1 gpu_ns=3200
VKPHASE pipeline=quantize_q8_1_x4 elements=1376256,1,1 gpu_ns=12400
VKPHASE pipeline=quantize_q8_1_x4 elements=262144,1,1 gpu_ns=3240
VKPHASE pipeline=quantize_q8_1_x4 elements=262144,1,1 gpu_ns=1440
VKPHASE pipeline=quantize_q8_1_x4 elements=262144,1,1 gpu_ns=3120
VKPHASE pipeline=quantize_q8_1_x4 elements=1376256,1,1 gpu_ns=12040
VKPHASE pipeline=quantize_q8_1_x4 elements=262144,1,1 gpu_ns=3400
VKPHASE pipeline=quantize_q8_1_x4 elements=262144,1,1 gpu_ns=3200
VKPHASE pipeline=quantize_q8_1_x4 elements=262144,1,1 gpu_ns=3200
VKPHASE pipeline=quantize_q8_1_x4 elements=1376256,1,1 gpu_ns=12200
VKPHASE pipeline=quantize_q8_1_x4 elements=262144,1,1 gpu_ns=3240
VKPHASE pipeline=quantize_q8_1_x4 elements=262144,1,1 gpu_ns=3320
VKPHASE pipeline=quantize_q8_1_x4 elements=262144,1,1 gpu_ns=3200
VKPHASE pipeline=quantize_q8_1_x4 elements=1376256,1,1 gpu_ns=12000
VKPHASE pipeline=quantize_q8_1_x4 elements=262144,1,1 gpu_ns=3280
VKPHASE pipeline=quantize_q8_1_x4 elements=262144,1,1 gpu_ns=3160
VKPHASE pipeline=quantize_q8_1_x4 elements=262144,1,1 gpu_ns=3200
VKPHASE pipeline=quantize_q8_1_x4 elements=1376256,1,1 gpu_ns=12160
VKPHASE pipeline=quantize_q8_1_x4 elements=262144,1,1 gpu_ns=1600
VKPHASE pipeline=quantize_q8_1_x4 elements=262144,1,1 gpu_ns=1480
VKPHASE pipeline=quantize_q8_1_x4 elements=262144,1,1 gpu_ns=1440
VKPHASE pipeline=quantize_q8_1_x4 elements=1376256,1,1 gpu_ns=12000
VKPHASE pipeline=quantize_q8_1_x4 elements=262144,1,1 gpu_ns=1480
VKPHASE pipeline=quantize_q8_1_x4 elements=262144,1,1 gpu_ns=1440
VKPHASE pipeline=quantize_q8_1_x4 elements=262144,1,1 gpu_ns=3240
VKPHASE pipeline=quantize_q8_1_x4 elements=1376256,1,1 gpu_ns=11960
VKPHASE pipeline=quantize_q8_1_x4 elements=262144,1,1 gpu_ns=3240
VKPHASE pipeline=quantize_q8_1_x4 elements=262144,1,1 gpu_ns=3280
VKPHASE pipeline=quantize_q8_1_x4 elements=262144,1,1 gpu_ns=1480
VKPHASE pipeline=quantize_q8_1_x4 elements=1376256,1,1 gpu_ns=12400
VKPHASE pipeline=quantize_q8_1_x4 elements=262144,1,1 gpu_ns=3200
VKPHASE pipeline=quantize_q8_1_x4 elements=262144,1,1 gpu_ns=3240
VKPHASE pipeline=quantize_q8_1_x4 elements=262144,1,1 gpu_ns=3200
VKPHASE pipeline=quantize_q8_1_x4 elements=1376256,1,1 gpu_ns=12400
VKPHASE pipeline=quantize_q8_1_x4 elements=262144,1,1 gpu_ns=3200
VKPHASE pipeline=quantize_q8_1_x4 elements=262144,1,1 gpu_ns=3200
VKPHASE pipeline=quantize_q8_1_x4 elements=262144,1,1 gpu_ns=3200
VKPHASE pipeline=quantize_q8_1_x4 elements=1376256,1,1 gpu_ns=12200
VKPHASE pipeline=quantize_q8_1_x4 elements=262144,1,1 gpu_ns=3240
VKPHASE pipeline=quantize_q8_1_x4 elements=262144,1,1 gpu_ns=3240
VKPHASE pipeline=quantize_q8_1_x4 elements=262144,1,1 gpu_ns=3240
VKPHASE pipeline=quantize_q8_1_x4 elements=1376256,1,1 gpu_ns=11920
VKPHASE pipeline=quantize_q8_1_x4 elements=262144,1,1 gpu_ns=3240
VKPHASE pipeline=quantize_q8_1_x4 elements=262144,1,1 gpu_ns=3200
VKPHASE pipeline=quantize_q8_1_x4 elements=262144,1,1 gpu_ns=3160
VKPHASE pipeline=quantize_q8_1_x4 elements=1376256,1,1 gpu_ns=12520
VKPHASE pipeline=quantize_q8_1_x4 elements=262144,1,1 gpu_ns=1480
VKPHASE pipeline=quantize_q8_1_x4 elements=262144,1,1 gpu_ns=4680
VKPHASE pipeline=quantize_q8_1_x4 elements=262144,1,1 gpu_ns=3240
VKPHASE pipeline=quantize_q8_1_x4 elements=1376256,1,1 gpu_ns=11960
VKPHASE pipeline=quantize_q8_1_x4 elements=262144,1,1 gpu_ns=3160
VKPHASE pipeline=quantize_q8_1_x4 elements=262144,1,1 gpu_ns=1440
VKPHASE pipeline=quantize_q8_1_x4 elements=262144,1,1 gpu_ns=1480
VKPHASE pipeline=quantize_q8_1_x4 elements=1376256,1,1 gpu_ns=12080
VKPHASE pipeline=quantize_q8_1_x4 elements=262144,1,1 gpu_ns=3240
VKPHASE pipeline=quantize_q8_1_x4 elements=262144,1,1 gpu_ns=3680
VKPHASE pipeline=quantize_q8_1_x4 elements=262144,1,1 gpu_ns=3160
VKPHASE pipeline=quantize_q8_1_x4 elements=1376256,1,1 gpu_ns=12320
VKPHASE pipeline=quantize_q8_1_x4 elements=262144,1,1 gpu_ns=3160
VKPHASE pipeline=quantize_q8_1_x4 elements=262144,1,1 gpu_ns=1480
VKPHASE pipeline=quantize_q8_1_x4 elements=262144,1,1 gpu_ns=3280
VKPHASE pipeline=quantize_q8_1_x4 elements=1376256,1,1 gpu_ns=12520
VKPHASE pipeline=quantize_q8_1_x4 elements=262144,1,1 gpu_ns=1560
VKPHASE pipeline=quantize_q8_1_x4 elements=262144,1,1 gpu_ns=3200
VKPHASE pipeline=quantize_q8_1_x4 elements=262144,1,1 gpu_ns=3240
VKPHASE pipeline=quantize_q8_1_x4 elements=1376256,1,1 gpu_ns=12120
VKPHASE pipeline=quantize_q8_1_x4 elements=262144,1,1 gpu_ns=1560
VKPHASE pipeline=quantize_q8_1_x4 elements=262144,1,1 gpu_ns=3440
VKPHASE pipeline=quantize_q8_1_x4 elements=262144,1,1 gpu_ns=3200
VKPHASE pipeline=quantize_q8_1_x4 elements=1376256,1,1 gpu_ns=12480
VKPHASE pipeline=quantize_q8_1_x4 elements=262144,1,1 gpu_ns=3240
VKPHASE pipeline=quantize_q8_1_x4 elements=262144,1,1 gpu_ns=2600
VKPHASE pipeline=quantize_q8_1_x4 elements=262144,1,1 gpu_ns=3200
VKPHASE pipeline=quantize_q8_1_x4 elements=1376256,1,1 gpu_ns=12360
VKPHASE pipeline=quantize_q8_1_x4 elements=262144,1,1 gpu_ns=3200
VKPHASE pipeline=quantize_q8_1_x4 elements=262144,1,1 gpu_ns=3200
----------------
Vulkan Timings:
ADD: 58 x 11.445 us = 663.84 us
CONCAT: 21 x 30.744 us = 645.64 us
CONCAT, CPY: 1 x 31.6 us = 31.6 us
CPY, SSM_CONV: 22 x 17.323 us = 381.12 us
FLASH_ATTN_EXT dst(64,32,128,1),  q(64,128,32,1),  k(64,7424,8,1),  v(64,7424,8,1),  m(7424,128,1,1), SCALE: 1 x 1908.64 us = 1908.64 us (4078.63 GFLOPS/s)
FLASH_ATTN_EXT dst(64,32,128,1),  q(64,128,32,1),  k(64,7424,8,1),  v(64,7424,8,1),  m(7424,128,1,1), SCALE, GET_ROWS, GET_ROWS, CPY: 7 x 1969.12 us = 13783.9 us (3953.34 GFLOPS/s)
GET_ROWS, GET_ROWS, CPY, MUL_MAT f32 m=64 n=4096 k=64: 1 x 17.48 us = 17.48 us (1904.59 GFLOPS/s)
GLU: 17 x 40.814 us = 693.84 us
GLU, SCALE, GET_ROWS, GET_ROWS: 12 x 41.173 us = 494.08 us
MUL: 43 x 11.018 us = 473.8 us
MUL, SCALE, GET_ROWS, GET_ROWS: 1 x 12.88 us = 12.88 us
MUL_MAT f32 m=64 n=1024 k=64: 8 x 3.075 us = 24.6 us (2706.69 GFLOPS/s)
MUL_MAT f32 m=64 n=1024 k=64, RMS_NORM_MUL_ROPE RMS_NORM(64,8,128,1): 8 x 32.605 us = 260.84 us (255.27 GFLOPS/s)
MUL_MAT f32 m=64 n=4096 k=64: 15 x 18.194 us = 272.92 us (1829.78 GFLOPS/s)
MUL_MAT q4_0_rocmfp4_fast m=10752 n=128 k=2048, MUL_MAT q4_0_rocmfp4_fast m=10752 n=128 k=2048: 29 x 820.776 us = 23802.5 us (13732.8 GFLOPS/s)
MUL_MAT q4_0_rocmfp4_fast m=2048 n=128 k=10752: 29 x 580.953 us = 16847.6 us (9702.82 GFLOPS/s)
MUL_MAT q4_0_rocmfp4_fast m=2048 n=128 k=2048: 29 x 100.006 us = 2900.2 us (10734.1 GFLOPS/s)
MUL_MAT q4_0_rocmfp4_fast m=2048 n=128 k=2048, MUL_MAT q4_0_rocmfp4_fast m=512 n=128 k=2048, MUL_MAT q4_0_rocmfp4_fast m=512 n=128 k=2048: 8 x 157 us = 1256 us (10256.2 GFLOPS/s)
MUL_MAT q4_0_rocmfp4_fast m=6144 n=128 k=2048: 10 x 254.936 us = 2549.36 us (12632.3 GFLOPS/s)
MUL_MAT q4_0_rocmfp4_fast m=6144 n=128 k=2048, CPY: 12 x 240.493 us = 2885.92 us (13391 GFLOPS/s)
RMS_NORM_MUL RMS_NORM(2048,128,1,1): 57 x 10.584 us = 603.32 us
RMS_NORM_MUL RMS_NORM(2048,128,1,1), GET_ROWS: 1 x 11.24 us = 11.24 us
RMS_NORM_MUL_ROPE RMS_NORM(64,32,128,1): 8 x 110.2 us = 881.6 us
SCALE, GET_ROWS, GET_ROWS, RMS_NORM_MUL RMS_NORM(2048,128,1,1), CPY: 1 x 14.24 us = 14.24 us
SET_ROWS, SET_ROWS: 8 x 6.04 us = 48.32 us
Total time: 71465.5 us.
VKPHASE pipeline=quantize_q8_1_x4 elements=262144,1,1 gpu_ns=3320
VKPHASE pipeline=quantize_q8_1_x4 elements=262144,1,1 gpu_ns=3280
VKPHASE pipeline=quantize_q8_1_x4 elements=262144,1,1 gpu_ns=3440
VKPHASE pipeline=quantize_q8_1_x4 elements=1376256,1,1 gpu_ns=12280
VKPHASE pipeline=quantize_q8_1_x4 elements=262144,1,1 gpu_ns=1640
VKPHASE pipeline=quantize_q8_1_x4 elements=262144,1,1 gpu_ns=3880
VKPHASE pipeline=quantize_q8_1_x4 elements=262144,1,1 gpu_ns=3800
VKPHASE pipeline=quantize_q8_1_x4 elements=1376256,1,1 gpu_ns=12400
VKPHASE pipeline=quantize_q8_1_x4 elements=262144,1,1 gpu_ns=3840
VKPHASE pipeline=quantize_q8_1_x4 elements=262144,1,1 gpu_ns=3640
VKPHASE pipeline=quantize_q8_1_x4 elements=262144,1,1 gpu_ns=1640
VKPHASE pipeline=quantize_q8_1_x4 elements=1376256,1,1 gpu_ns=12760
VKPHASE pipeline=quantize_q8_1_x4 elements=262144,1,1 gpu_ns=3280
VKPHASE pipeline=quantize_q8_1_x4 elements=262144,1,1 gpu_ns=3320
VKPHASE pipeline=quantize_q8_1_x4 elements=262144,1,1 gpu_ns=1520
VKPHASE pipeline=quantize_q8_1_x4 elements=1376256,1,1 gpu_ns=12720
VKPHASE pipeline=quantize_q8_1_x4 elements=262144,1,1 gpu_ns=3240
VKPHASE pipeline=quantize_q8_1_x4 elements=262144,1,1 gpu_ns=1520
VKPHASE pipeline=quantize_q8_1_x4 elements=262144,1,1 gpu_ns=1480
VKPHASE pipeline=quantize_q8_1_x4 elements=1376256,1,1 gpu_ns=12080
VKPHASE pipeline=quantize_q8_1_x4 elements=262144,1,1 gpu_ns=1600
VKPHASE pipeline=quantize_q8_1_x4 elements=262144,1,1 gpu_ns=3360
VKPHASE pipeline=quantize_q8_1_x4 elements=262144,1,1 gpu_ns=9920
VKPHASE pipeline=quantize_q8_1_x4 elements=1376256,1,1 gpu_ns=12840
VKPHASE pipeline=quantize_q8_1_x4 elements=262144,1,1 gpu_ns=1520
VKPHASE pipeline=quantize_q8_1_x4 elements=262144,1,1 gpu_ns=1560
VKPHASE pipeline=quantize_q8_1_x4 elements=262144,1,1 gpu_ns=3200
VKPHASE pipeline=quantize_q8_1_x4 elements=1376256,1,1 gpu_ns=12280
VKPHASE pipeline=quantize_q8_1_x4 elements=262144,1,1 gpu_ns=3320
VKPHASE pipeline=quantize_q8_1_x4 elements=262144,1,1 gpu_ns=1440
VKPHASE pipeline=quantize_q8_1_x4 elements=262144,1,1 gpu_ns=1480
VKPHASE pipeline=quantize_q8_1_x4 elements=1376256,1,1 gpu_ns=12600
VKPHASE pipeline=quantize_q8_1_x4 elements=262144,1,1 gpu_ns=3160
VKPHASE pipeline=quantize_q8_1_x4 elements=262144,1,1 gpu_ns=1440
VKPHASE pipeline=quantize_q8_1_x4 elements=262144,1,1 gpu_ns=3160
VKPHASE pipeline=quantize_q8_1_x4 elements=1376256,1,1 gpu_ns=12040
VKPHASE pipeline=quantize_q8_1_x4 elements=262144,1,1 gpu_ns=3200
VKPHASE pipeline=quantize_q8_1_x4 elements=262144,1,1 gpu_ns=3200
VKPHASE pipeline=quantize_q8_1_x4 elements=262144,1,1 gpu_ns=3120
VKPHASE pipeline=quantize_q8_1_x4 elements=1376256,1,1 gpu_ns=12080
VKPHASE pipeline=quantize_q8_1_x4 elements=262144,1,1 gpu_ns=1480
VKPHASE pipeline=quantize_q8_1_x4 elements=262144,1,1 gpu_ns=3280
VKPHASE pipeline=quantize_q8_1_x4 elements=262144,1,1 gpu_ns=3200
VKPHASE pipeline=quantize_q8_1_x4 elements=1376256,1,1 gpu_ns=12280
VKPHASE pipeline=quantize_q8_1_x4 elements=262144,1,1 gpu_ns=3200
VKPHASE pipeline=quantize_q8_1_x4 elements=262144,1,1 gpu_ns=3200
VKPHASE pipeline=quantize_q8_1_x4 elements=262144,1,1 gpu_ns=3480
VKPHASE pipeline=quantize_q8_1_x4 elements=1376256,1,1 gpu_ns=11960
VKPHASE pipeline=quantize_q8_1_x4 elements=262144,1,1 gpu_ns=3160
VKPHASE pipeline=quantize_q8_1_x4 elements=262144,1,1 gpu_ns=1480
VKPHASE pipeline=quantize_q8_1_x4 elements=262144,1,1 gpu_ns=1480
VKPHASE pipeline=quantize_q8_1_x4 elements=1376256,1,1 gpu_ns=12080
VKPHASE pipeline=quantize_q8_1_x4 elements=262144,1,1 gpu_ns=3240
VKPHASE pipeline=quantize_q8_1_x4 elements=262144,1,1 gpu_ns=5200
VKPHASE pipeline=quantize_q8_1_x4 elements=262144,1,1 gpu_ns=3240
VKPHASE pipeline=quantize_q8_1_x4 elements=1376256,1,1 gpu_ns=11600
VKPHASE pipeline=quantize_q8_1_x4 elements=262144,1,1 gpu_ns=3160
VKPHASE pipeline=quantize_q8_1_x4 elements=262144,1,1 gpu_ns=1520
VKPHASE pipeline=quantize_q8_1_x4 elements=262144,1,1 gpu_ns=1440
VKPHASE pipeline=quantize_q8_1_x4 elements=1376256,1,1 gpu_ns=12080
VKPHASE pipeline=quantize_q8_1_x4 elements=262144,1,1 gpu_ns=1640
VKPHASE pipeline=quantize_q8_1_x4 elements=262144,1,1 gpu_ns=1440
VKPHASE pipeline=quantize_q8_1_x4 elements=262144,1,1 gpu_ns=1480
VKPHASE pipeline=quantize_q8_1_x4 elements=1376256,1,1 gpu_ns=12280
VKPHASE pipeline=quantize_q8_1_x4 elements=262144,1,1 gpu_ns=3240
VKPHASE pipeline=quantize_q8_1_x4 elements=262144,1,1 gpu_ns=1520
VKPHASE pipeline=quantize_q8_1_x4 elements=262144,1,1 gpu_ns=3240
VKPHASE pipeline=quantize_q8_1_x4 elements=1376256,1,1 gpu_ns=12080
VKPHASE pipeline=quantize_q8_1_x4 elements=262144,1,1 gpu_ns=3160
VKPHASE pipeline=quantize_q8_1_x4 elements=262144,1,1 gpu_ns=3360
VKPHASE pipeline=quantize_q8_1_x4 elements=262144,1,1 gpu_ns=3160
VKPHASE pipeline=quantize_q8_1_x4 elements=1376256,1,1 gpu_ns=12520
VKPHASE pipeline=quantize_q8_1_x4 elements=262144,1,1 gpu_ns=1520
VKPHASE pipeline=quantize_q8_1_x4 elements=262144,1,1 gpu_ns=1520
VKPHASE pipeline=quantize_q8_1_x4 elements=262144,1,1 gpu_ns=3240
VKPHASE pipeline=quantize_q8_1_x4 elements=1376256,1,1 gpu_ns=11880
VKPHASE pipeline=quantize_q8_1_x4 elements=262144,1,1 gpu_ns=3200
VKPHASE pipeline=quantize_q8_1_x4 elements=262144,1,1 gpu_ns=3200
VKPHASE pipeline=quantize_q8_1_x4 elements=262144,1,1 gpu_ns=1520
VKPHASE pipeline=quantize_q8_1_x4 elements=1376256,1,1 gpu_ns=12040
VKPHASE pipeline=quantize_q8_1_x4 elements=262144,1,1 gpu_ns=3280
VKPHASE pipeline=quantize_q8_1_x4 elements=262144,1,1 gpu_ns=1440
VKPHASE pipeline=quantize_q8_1_x4 elements=262144,1,1 gpu_ns=3200
VKPHASE pipeline=quantize_q8_1_x4 elements=1376256,1,1 gpu_ns=12720
VKPHASE pipeline=quantize_q8_1_x4 elements=262144,1,1 gpu_ns=1480
VKPHASE pipeline=quantize_q8_1_x4 elements=262144,1,1 gpu_ns=3360
VKPHASE pipeline=quantize_q8_1_x4 elements=262144,1,1 gpu_ns=3480
VKPHASE pipeline=quantize_q8_1_x4 elements=1376256,1,1 gpu_ns=12560
VKPHASE pipeline=quantize_q8_1_x4 elements=262144,1,1 gpu_ns=3480
VKPHASE pipeline=quantize_q8_1_x4 elements=262144,1,1 gpu_ns=1480
VKPHASE pipeline=quantize_q8_1_x4 elements=262144,1,1 gpu_ns=3200
VKPHASE pipeline=quantize_q8_1_x4 elements=1376256,1,1 gpu_ns=12640
VKPHASE pipeline=quantize_q8_1_x4 elements=262144,1,1 gpu_ns=3160
VKPHASE pipeline=quantize_q8_1_x4 elements=262144,1,1 gpu_ns=1560
VKPHASE pipeline=quantize_q8_1_x4 elements=262144,1,1 gpu_ns=3200
VKPHASE pipeline=quantize_q8_1_x4 elements=1376256,1,1 gpu_ns=12320
VKPHASE pipeline=quantize_q8_1_x4 elements=262144,1,1 gpu_ns=1480
VKPHASE pipeline=quantize_q8_1_x4 elements=262144,1,1 gpu_ns=3320
VKPHASE pipeline=quantize_q8_1_x4 elements=262144,1,1 gpu_ns=1440
VKPHASE pipeline=quantize_q8_1_x4 elements=1376256,1,1 gpu_ns=12080
VKPHASE pipeline=quantize_q8_1_x4 elements=262144,1,1 gpu_ns=1440
VKPHASE pipeline=quantize_q8_1_x4 elements=262144,1,1 gpu_ns=3160
VKPHASE pipeline=quantize_q8_1_x4 elements=262144,1,1 gpu_ns=3160
VKPHASE pipeline=quantize_q8_1_x4 elements=1376256,1,1 gpu_ns=11960
VKPHASE pipeline=quantize_q8_1_x4 elements=262144,1,1 gpu_ns=3240
VKPHASE pipeline=quantize_q8_1_x4 elements=262144,1,1 gpu_ns=3160
VKPHASE pipeline=quantize_q8_1_x4 elements=262144,1,1 gpu_ns=3160
VKPHASE pipeline=quantize_q8_1_x4 elements=1376256,1,1 gpu_ns=12080
VKPHASE pipeline=quantize_q8_1_x4 elements=262144,1,1 gpu_ns=3240
VKPHASE pipeline=quantize_q8_1_x4 elements=262144,1,1 gpu_ns=4080
VKPHASE pipeline=quantize_q8_1_x4 elements=262144,1,1 gpu_ns=3240
VKPHASE pipeline=quantize_q8_1_x4 elements=1376256,1,1 gpu_ns=12240
VKPHASE pipeline=quantize_q8_1_x4 elements=262144,1,1 gpu_ns=3200
VKPHASE pipeline=quantize_q8_1_x4 elements=262144,1,1 gpu_ns=1440
VKPHASE pipeline=quantize_q8_1_x4 elements=262144,1,1 gpu_ns=3160
VKPHASE pipeline=quantize_q8_1_x4 elements=1376256,1,1 gpu_ns=12240
VKPHASE pipeline=quantize_q8_1_x4 elements=262144,1,1 gpu_ns=3320
VKPHASE pipeline=quantize_q8_1_x4 elements=262144,1,1 gpu_ns=3160
----------------
Vulkan Timings:
ADD: 58 x 9.951 us = 577.16 us
CONCAT: 21 x 31.209 us = 655.4 us
CONCAT, CPY: 1 x 30.36 us = 30.36 us
CPY, SSM_CONV: 22 x 16.914 us = 372.12 us
FLASH_ATTN_EXT dst(64,32,128,1),  q(64,128,32,1),  k(64,7424,8,1),  v(64,7424,8,1),  m(7424,128,1,1), SCALE: 1 x 1892.12 us = 1892.12 us (4114.24 GFLOPS/s)
FLASH_ATTN_EXT dst(64,32,128,1),  q(64,128,32,1),  k(64,7424,8,1),  v(64,7424,8,1),  m(7424,128,1,1), SCALE, GET_ROWS, GET_ROWS, CPY: 7 x 1907.94 us = 13355.6 us (4080.12 GFLOPS/s)
GET_ROWS, GET_ROWS, CPY, MUL_MAT f32 m=64 n=4096 k=64: 1 x 17.08 us = 17.08 us (1949.2 GFLOPS/s)
GLU: 17 x 39.352 us = 669 us
GLU, SCALE, GET_ROWS, GET_ROWS: 12 x 40.34 us = 484.08 us
MUL: 43 x 10.07 us = 433.04 us
MUL, SCALE, GET_ROWS, GET_ROWS: 1 x 11.88 us = 11.88 us
MUL_MAT f32 m=64 n=1024 k=64: 8 x 2.645 us = 21.16 us (3146.72 GFLOPS/s)
MUL_MAT f32 m=64 n=1024 k=64, RMS_NORM_MUL_ROPE RMS_NORM(64,8,128,1): 8 x 32.85 us = 262.8 us (253.366 GFLOPS/s)
MUL_MAT f32 m=64 n=4096 k=64: 15 x 18.208 us = 273.12 us (1828.44 GFLOPS/s)
MUL_MAT q4_0_rocmfp4_fast m=10752 n=128 k=2048, MUL_MAT q4_0_rocmfp4_fast m=10752 n=128 k=2048: 29 x 798.958 us = 23169.8 us (14107.8 GFLOPS/s)
MUL_MAT q4_0_rocmfp4_fast m=2048 n=128 k=10752: 29 x 566.106 us = 16417.1 us (9957.29 GFLOPS/s)
MUL_MAT q4_0_rocmfp4_fast m=2048 n=128 k=2048: 29 x 100.7 us = 2920.32 us (10660.1 GFLOPS/s)
MUL_MAT q4_0_rocmfp4_fast m=2048 n=128 k=2048, MUL_MAT q4_0_rocmfp4_fast m=512 n=128 k=2048, MUL_MAT q4_0_rocmfp4_fast m=512 n=128 k=2048: 8 x 155.08 us = 1240.64 us (10383.2 GFLOPS/s)
MUL_MAT q4_0_rocmfp4_fast m=6144 n=128 k=2048: 10 x 240.18 us = 2401.8 us (13408.4 GFLOPS/s)
MUL_MAT q4_0_rocmfp4_fast m=6144 n=128 k=2048, CPY: 12 x 242.85 us = 2914.2 us (13261 GFLOPS/s)
RMS_NORM_MUL RMS_NORM(2048,128,1,1): 57 x 10.332 us = 588.96 us
RMS_NORM_MUL RMS_NORM(2048,128,1,1), GET_ROWS: 1 x 10.24 us = 10.24 us
RMS_NORM_MUL_ROPE RMS_NORM(64,32,128,1): 8 x 102.745 us = 821.96 us
SCALE, GET_ROWS, GET_ROWS, RMS_NORM_MUL RMS_NORM(2048,128,1,1), CPY: 1 x 15.36 us = 15.36 us
SET_ROWS, SET_ROWS: 8 x 5.655 us = 45.24 us
Total time: 69600.5 us.
VKPHASE pipeline=quantize_q8_1_x4 elements=262144,1,1 gpu_ns=1520
VKPHASE pipeline=quantize_q8_1_x4 elements=262144,1,1 gpu_ns=1440
VKPHASE pipeline=quantize_q8_1_x4 elements=262144,1,1 gpu_ns=3280
VKPHASE pipeline=quantize_q8_1_x4 elements=1376256,1,1 gpu_ns=12240
VKPHASE pipeline=quantize_q8_1_x4 elements=262144,1,1 gpu_ns=1480
VKPHASE pipeline=quantize_q8_1_x4 elements=262144,1,1 gpu_ns=3240
VKPHASE pipeline=quantize_q8_1_x4 elements=262144,1,1 gpu_ns=3200
VKPHASE pipeline=quantize_q8_1_x4 elements=1376256,1,1 gpu_ns=12400
VKPHASE pipeline=quantize_q8_1_x4 elements=262144,1,1 gpu_ns=3120
VKPHASE pipeline=quantize_q8_1_x4 elements=262144,1,1 gpu_ns=3560
VKPHASE pipeline=quantize_q8_1_x4 elements=262144,1,1 gpu_ns=3200
VKPHASE pipeline=quantize_q8_1_x4 elements=1376256,1,1 gpu_ns=12320
VKPHASE pipeline=quantize_q8_1_x4 elements=262144,1,1 gpu_ns=3200
VKPHASE pipeline=quantize_q8_1_x4 elements=262144,1,1 gpu_ns=1440
VKPHASE pipeline=quantize_q8_1_x4 elements=262144,1,1 gpu_ns=3520
VKPHASE pipeline=quantize_q8_1_x4 elements=1376256,1,1 gpu_ns=12400
VKPHASE pipeline=quantize_q8_1_x4 elements=262144,1,1 gpu_ns=3200
VKPHASE pipeline=quantize_q8_1_x4 elements=262144,1,1 gpu_ns=1440
VKPHASE pipeline=quantize_q8_1_x4 elements=262144,1,1 gpu_ns=1440
VKPHASE pipeline=quantize_q8_1_x4 elements=1376256,1,1 gpu_ns=12440
VKPHASE pipeline=quantize_q8_1_x4 elements=262144,1,1 gpu_ns=1520
VKPHASE pipeline=quantize_q8_1_x4 elements=262144,1,1 gpu_ns=3200
VKPHASE pipeline=quantize_q8_1_x4 elements=262144,1,1 gpu_ns=1480
VKPHASE pipeline=quantize_q8_1_x4 elements=1376256,1,1 gpu_ns=12040
VKPHASE pipeline=quantize_q8_1_x4 elements=262144,1,1 gpu_ns=1520
VKPHASE pipeline=quantize_q8_1_x4 elements=262144,1,1 gpu_ns=1480
VKPHASE pipeline=quantize_q8_1_x4 elements=262144,1,1 gpu_ns=3120
VKPHASE pipeline=quantize_q8_1_x4 elements=1376256,1,1 gpu_ns=12040
VKPHASE pipeline=quantize_q8_1_x4 elements=262144,1,1 gpu_ns=3280
VKPHASE pipeline=quantize_q8_1_x4 elements=262144,1,1 gpu_ns=3160
VKPHASE pipeline=quantize_q8_1_x4 elements=262144,1,1 gpu_ns=3200
VKPHASE pipeline=quantize_q8_1_x4 elements=1376256,1,1 gpu_ns=12120
VKPHASE pipeline=quantize_q8_1_x4 elements=262144,1,1 gpu_ns=3200
VKPHASE pipeline=quantize_q8_1_x4 elements=262144,1,1 gpu_ns=4360
VKPHASE pipeline=quantize_q8_1_x4 elements=262144,1,1 gpu_ns=3160
VKPHASE pipeline=quantize_q8_1_x4 elements=1376256,1,1 gpu_ns=12040
VKPHASE pipeline=quantize_q8_1_x4 elements=262144,1,1 gpu_ns=3120
VKPHASE pipeline=quantize_q8_1_x4 elements=262144,1,1 gpu_ns=4560
VKPHASE pipeline=quantize_q8_1_x4 elements=262144,1,1 gpu_ns=3160
VKPHASE pipeline=quantize_q8_1_x4 elements=1376256,1,1 gpu_ns=12000
VKPHASE pipeline=quantize_q8_1_x4 elements=262144,1,1 gpu_ns=3200
VKPHASE pipeline=quantize_q8_1_x4 elements=262144,1,1 gpu_ns=3160
VKPHASE pipeline=quantize_q8_1_x4 elements=262144,1,1 gpu_ns=3200
VKPHASE pipeline=quantize_q8_1_x4 elements=1376256,1,1 gpu_ns=12360
VKPHASE pipeline=quantize_q8_1_x4 elements=262144,1,1 gpu_ns=3200
VKPHASE pipeline=quantize_q8_1_x4 elements=262144,1,1 gpu_ns=1480
VKPHASE pipeline=quantize_q8_1_x4 elements=262144,1,1 gpu_ns=3160
VKPHASE pipeline=quantize_q8_1_x4 elements=1376256,1,1 gpu_ns=11920
VKPHASE pipeline=quantize_q8_1_x4 elements=262144,1,1 gpu_ns=3200
VKPHASE pipeline=quantize_q8_1_x4 elements=262144,1,1 gpu_ns=3200
VKPHASE pipeline=quantize_q8_1_x4 elements=262144,1,1 gpu_ns=3280
VKPHASE pipeline=quantize_q8_1_x4 elements=1376256,1,1 gpu_ns=12040
VKPHASE pipeline=quantize_q8_1_x4 elements=262144,1,1 gpu_ns=3200
VKPHASE pipeline=quantize_q8_1_x4 elements=262144,1,1 gpu_ns=3360
VKPHASE pipeline=quantize_q8_1_x4 elements=262144,1,1 gpu_ns=3160
VKPHASE pipeline=quantize_q8_1_x4 elements=1376256,1,1 gpu_ns=12200
VKPHASE pipeline=quantize_q8_1_x4 elements=262144,1,1 gpu_ns=3160
VKPHASE pipeline=quantize_q8_1_x4 elements=262144,1,1 gpu_ns=1440
VKPHASE pipeline=quantize_q8_1_x4 elements=262144,1,1 gpu_ns=3200
VKPHASE pipeline=quantize_q8_1_x4 elements=1376256,1,1 gpu_ns=12400
VKPHASE pipeline=quantize_q8_1_x4 elements=262144,1,1 gpu_ns=1520
VKPHASE pipeline=quantize_q8_1_x4 elements=262144,1,1 gpu_ns=1440
VKPHASE pipeline=quantize_q8_1_x4 elements=262144,1,1 gpu_ns=1480
VKPHASE pipeline=quantize_q8_1_x4 elements=1376256,1,1 gpu_ns=12120
VKPHASE pipeline=quantize_q8_1_x4 elements=262144,1,1 gpu_ns=1440
VKPHASE pipeline=quantize_q8_1_x4 elements=262144,1,1 gpu_ns=1440
VKPHASE pipeline=quantize_q8_1_x4 elements=262144,1,1 gpu_ns=3200
VKPHASE pipeline=quantize_q8_1_x4 elements=1376256,1,1 gpu_ns=25840
VKPHASE pipeline=quantize_q8_1_x4 elements=262144,1,1 gpu_ns=3160
VKPHASE pipeline=quantize_q8_1_x4 elements=262144,1,1 gpu_ns=3280
VKPHASE pipeline=quantize_q8_1_x4 elements=262144,1,1 gpu_ns=3240
VKPHASE pipeline=quantize_q8_1_x4 elements=1376256,1,1 gpu_ns=13000
VKPHASE pipeline=quantize_q8_1_x4 elements=262144,1,1 gpu_ns=3160
VKPHASE pipeline=quantize_q8_1_x4 elements=262144,1,1 gpu_ns=3120
VKPHASE pipeline=quantize_q8_1_x4 elements=262144,1,1 gpu_ns=3240
VKPHASE pipeline=quantize_q8_1_x4 elements=1376256,1,1 gpu_ns=12280
VKPHASE pipeline=quantize_q8_1_x4 elements=262144,1,1 gpu_ns=3240
VKPHASE pipeline=quantize_q8_1_x4 elements=262144,1,1 gpu_ns=1520
VKPHASE pipeline=quantize_q8_1_x4 elements=262144,1,1 gpu_ns=3200
VKPHASE pipeline=quantize_q8_1_x4 elements=1376256,1,1 gpu_ns=12200
VKPHASE pipeline=quantize_q8_1_x4 elements=262144,1,1 gpu_ns=3280
VKPHASE pipeline=quantize_q8_1_x4 elements=262144,1,1 gpu_ns=3160
VKPHASE pipeline=quantize_q8_1_x4 elements=262144,1,1 gpu_ns=3160
VKPHASE pipeline=quantize_q8_1_x4 elements=1376256,1,1 gpu_ns=12240
VKPHASE pipeline=quantize_q8_1_x4 elements=262144,1,1 gpu_ns=3200
VKPHASE pipeline=quantize_q8_1_x4 elements=262144,1,1 gpu_ns=3200
VKPHASE pipeline=quantize_q8_1_x4 elements=262144,1,1 gpu_ns=3240
VKPHASE pipeline=quantize_q8_1_x4 elements=1376256,1,1 gpu_ns=12640
VKPHASE pipeline=quantize_q8_1_x4 elements=262144,1,1 gpu_ns=3200
VKPHASE pipeline=quantize_q8_1_x4 elements=262144,1,1 gpu_ns=3280
VKPHASE pipeline=quantize_q8_1_x4 elements=262144,1,1 gpu_ns=3200
VKPHASE pipeline=quantize_q8_1_x4 elements=1376256,1,1 gpu_ns=11920
VKPHASE pipeline=quantize_q8_1_x4 elements=262144,1,1 gpu_ns=3240
VKPHASE pipeline=quantize_q8_1_x4 elements=262144,1,1 gpu_ns=1480
VKPHASE pipeline=quantize_q8_1_x4 elements=262144,1,1 gpu_ns=1440
VKPHASE pipeline=quantize_q8_1_x4 elements=1376256,1,1 gpu_ns=12360
VKPHASE pipeline=quantize_q8_1_x4 elements=262144,1,1 gpu_ns=1800
VKPHASE pipeline=quantize_q8_1_x4 elements=262144,1,1 gpu_ns=3320
VKPHASE pipeline=quantize_q8_1_x4 elements=262144,1,1 gpu_ns=4120
VKPHASE pipeline=quantize_q8_1_x4 elements=1376256,1,1 gpu_ns=12000
VKPHASE pipeline=quantize_q8_1_x4 elements=262144,1,1 gpu_ns=1520
VKPHASE pipeline=quantize_q8_1_x4 elements=262144,1,1 gpu_ns=3160
VKPHASE pipeline=quantize_q8_1_x4 elements=262144,1,1 gpu_ns=3160
VKPHASE pipeline=quantize_q8_1_x4 elements=1376256,1,1 gpu_ns=12160
VKPHASE pipeline=quantize_q8_1_x4 elements=262144,1,1 gpu_ns=3200
VKPHASE pipeline=quantize_q8_1_x4 elements=262144,1,1 gpu_ns=3160
VKPHASE pipeline=quantize_q8_1_x4 elements=262144,1,1 gpu_ns=3200
VKPHASE pipeline=quantize_q8_1_x4 elements=1376256,1,1 gpu_ns=12080
VKPHASE pipeline=quantize_q8_1_x4 elements=262144,1,1 gpu_ns=3200
VKPHASE pipeline=quantize_q8_1_x4 elements=262144,1,1 gpu_ns=3240
VKPHASE pipeline=quantize_q8_1_x4 elements=262144,1,1 gpu_ns=3240
VKPHASE pipeline=quantize_q8_1_x4 elements=1376256,1,1 gpu_ns=12080
VKPHASE pipeline=quantize_q8_1_x4 elements=262144,1,1 gpu_ns=3200
VKPHASE pipeline=quantize_q8_1_x4 elements=262144,1,1 gpu_ns=1480
VKPHASE pipeline=quantize_q8_1_x4 elements=262144,1,1 gpu_ns=3160
VKPHASE pipeline=quantize_q8_1_x4 elements=1376256,1,1 gpu_ns=12560
VKPHASE pipeline=quantize_q8_1_x4 elements=262144,1,1 gpu_ns=3240
VKPHASE pipeline=quantize_q8_1_x4 elements=262144,1,1 gpu_ns=1440
----------------
Vulkan Timings:
ADD: 58 x 9.64 us = 559.12 us
CONCAT: 21 x 31.579 us = 663.16 us
CONCAT, CPY: 1 x 30 us = 30 us
CPY, SSM_CONV: 22 x 17.121 us = 376.68 us
FLASH_ATTN_EXT dst(64,32,128,1),  q(64,128,32,1),  k(64,7680,8,1),  v(64,7680,8,1),  m(7680,128,1,1), SCALE: 1 x 1942.64 us = 1942.64 us (4145.42 GFLOPS/s)
FLASH_ATTN_EXT dst(64,32,128,1),  q(64,128,32,1),  k(64,7680,8,1),  v(64,7680,8,1),  m(7680,128,1,1), SCALE, GET_ROWS, GET_ROWS, CPY: 7 x 2014.63 us = 14102.4 us (3997.28 GFLOPS/s)
GET_ROWS, GET_ROWS, CPY, MUL_MAT f32 m=64 n=4096 k=64: 1 x 17.36 us = 17.36 us (1917.76 GFLOPS/s)
GLU: 17 x 38.708 us = 658.04 us
GLU, SCALE, GET_ROWS, GET_ROWS: 12 x 40.113 us = 481.36 us
MUL: 43 x 9.769 us = 420.08 us
MUL, SCALE, GET_ROWS, GET_ROWS: 1 x 12.56 us = 12.56 us
MUL_MAT f32 m=64 n=1024 k=64: 8 x 3.035 us = 24.28 us (2742.36 GFLOPS/s)
MUL_MAT f32 m=64 n=1024 k=64, RMS_NORM_MUL_ROPE RMS_NORM(64,8,128,1): 8 x 31.82 us = 254.56 us (261.567 GFLOPS/s)
MUL_MAT f32 m=64 n=4096 k=64: 15 x 17.73 us = 265.96 us (1877.67 GFLOPS/s)
MUL_MAT q4_0_rocmfp4_fast m=10752 n=128 k=2048, MUL_MAT q4_0_rocmfp4_fast m=10752 n=128 k=2048: 29 x 813.477 us = 23590.8 us (13856 GFLOPS/s)
MUL_MAT q4_0_rocmfp4_fast m=2048 n=128 k=10752: 29 x 579.823 us = 16814.9 us (9721.72 GFLOPS/s)
MUL_MAT q4_0_rocmfp4_fast m=2048 n=128 k=2048: 29 x 100.722 us = 2920.96 us (10657.8 GFLOPS/s)
MUL_MAT q4_0_rocmfp4_fast m=2048 n=128 k=2048, MUL_MAT q4_0_rocmfp4_fast m=512 n=128 k=2048, MUL_MAT q4_0_rocmfp4_fast m=512 n=128 k=2048: 8 x 166.845 us = 1334.76 us (9650.99 GFLOPS/s)
MUL_MAT q4_0_rocmfp4_fast m=6144 n=128 k=2048: 10 x 254.548 us = 2545.48 us (12651.6 GFLOPS/s)
MUL_MAT q4_0_rocmfp4_fast m=6144 n=128 k=2048, CPY: 12 x 243.85 us = 2926.2 us (13206.6 GFLOPS/s)
RMS_NORM_MUL RMS_NORM(2048,128,1,1): 57 x 10.477 us = 597.24 us
RMS_NORM_MUL RMS_NORM(2048,128,1,1), GET_ROWS: 1 x 10.44 us = 10.44 us
RMS_NORM_MUL_ROPE RMS_NORM(64,32,128,1): 8 x 105.025 us = 840.2 us
SCALE, GET_ROWS, GET_ROWS, RMS_NORM_MUL RMS_NORM(2048,128,1,1), CPY: 1 x 13.96 us = 13.96 us
SET_ROWS, SET_ROWS: 8 x 5.56 us = 44.48 us
Total time: 71447.7 us.
VKPHASE pipeline=quantize_q8_1_x4 elements=262144,1,1 gpu_ns=3440
VKPHASE pipeline=quantize_q8_1_x4 elements=262144,1,1 gpu_ns=3400
VKPHASE pipeline=quantize_q8_1_x4 elements=262144,1,1 gpu_ns=3480
VKPHASE pipeline=quantize_q8_1_x4 elements=1376256,1,1 gpu_ns=12240
VKPHASE pipeline=quantize_q8_1_x4 elements=262144,1,1 gpu_ns=3440
VKPHASE pipeline=quantize_q8_1_x4 elements=262144,1,1 gpu_ns=3600
VKPHASE pipeline=quantize_q8_1_x4 elements=262144,1,1 gpu_ns=3600
VKPHASE pipeline=quantize_q8_1_x4 elements=1376256,1,1 gpu_ns=12160
VKPHASE pipeline=quantize_q8_1_x4 elements=262144,1,1 gpu_ns=3560
VKPHASE pipeline=quantize_q8_1_x4 elements=262144,1,1 gpu_ns=3400
VKPHASE pipeline=quantize_q8_1_x4 elements=262144,1,1 gpu_ns=3640
VKPHASE pipeline=quantize_q8_1_x4 elements=1376256,1,1 gpu_ns=12600
VKPHASE pipeline=quantize_q8_1_x4 elements=262144,1,1 gpu_ns=1440
VKPHASE pipeline=quantize_q8_1_x4 elements=262144,1,1 gpu_ns=3120
VKPHASE pipeline=quantize_q8_1_x4 elements=262144,1,1 gpu_ns=3240
VKPHASE pipeline=quantize_q8_1_x4 elements=1376256,1,1 gpu_ns=12280
VKPHASE pipeline=quantize_q8_1_x4 elements=262144,1,1 gpu_ns=4120
VKPHASE pipeline=quantize_q8_1_x4 elements=262144,1,1 gpu_ns=2720
VKPHASE pipeline=quantize_q8_1_x4 elements=262144,1,1 gpu_ns=1480
VKPHASE pipeline=quantize_q8_1_x4 elements=1376256,1,1 gpu_ns=11760
VKPHASE pipeline=quantize_q8_1_x4 elements=262144,1,1 gpu_ns=3200
VKPHASE pipeline=quantize_q8_1_x4 elements=262144,1,1 gpu_ns=3320
VKPHASE pipeline=quantize_q8_1_x4 elements=262144,1,1 gpu_ns=1480
VKPHASE pipeline=quantize_q8_1_x4 elements=1376256,1,1 gpu_ns=12080
VKPHASE pipeline=quantize_q8_1_x4 elements=262144,1,1 gpu_ns=1520
VKPHASE pipeline=quantize_q8_1_x4 elements=262144,1,1 gpu_ns=1480
VKPHASE pipeline=quantize_q8_1_x4 elements=262144,1,1 gpu_ns=1480
VKPHASE pipeline=quantize_q8_1_x4 elements=1376256,1,1 gpu_ns=11960
VKPHASE pipeline=quantize_q8_1_x4 elements=262144,1,1 gpu_ns=3240
VKPHASE pipeline=quantize_q8_1_x4 elements=262144,1,1 gpu_ns=3160
VKPHASE pipeline=quantize_q8_1_x4 elements=262144,1,1 gpu_ns=3200
VKPHASE pipeline=quantize_q8_1_x4 elements=1376256,1,1 gpu_ns=12120
VKPHASE pipeline=quantize_q8_1_x4 elements=262144,1,1 gpu_ns=3440
VKPHASE pipeline=quantize_q8_1_x4 elements=262144,1,1 gpu_ns=3200
VKPHASE pipeline=quantize_q8_1_x4 elements=262144,1,1 gpu_ns=3200
VKPHASE pipeline=quantize_q8_1_x4 elements=1376256,1,1 gpu_ns=11960
VKPHASE pipeline=quantize_q8_1_x4 elements=262144,1,1 gpu_ns=3240
VKPHASE pipeline=quantize_q8_1_x4 elements=262144,1,1 gpu_ns=3200
VKPHASE pipeline=quantize_q8_1_x4 elements=262144,1,1 gpu_ns=3160
VKPHASE pipeline=quantize_q8_1_x4 elements=1376256,1,1 gpu_ns=11960
VKPHASE pipeline=quantize_q8_1_x4 elements=262144,1,1 gpu_ns=3240
VKPHASE pipeline=quantize_q8_1_x4 elements=262144,1,1 gpu_ns=3160
VKPHASE pipeline=quantize_q8_1_x4 elements=262144,1,1 gpu_ns=1480
VKPHASE pipeline=quantize_q8_1_x4 elements=1376256,1,1 gpu_ns=12600
VKPHASE pipeline=quantize_q8_1_x4 elements=262144,1,1 gpu_ns=3200
VKPHASE pipeline=quantize_q8_1_x4 elements=262144,1,1 gpu_ns=3200
VKPHASE pipeline=quantize_q8_1_x4 elements=262144,1,1 gpu_ns=3200
VKPHASE pipeline=quantize_q8_1_x4 elements=1376256,1,1 gpu_ns=12160
VKPHASE pipeline=quantize_q8_1_x4 elements=262144,1,1 gpu_ns=3200
VKPHASE pipeline=quantize_q8_1_x4 elements=262144,1,1 gpu_ns=3200
VKPHASE pipeline=quantize_q8_1_x4 elements=262144,1,1 gpu_ns=3280
VKPHASE pipeline=quantize_q8_1_x4 elements=1376256,1,1 gpu_ns=12360
VKPHASE pipeline=quantize_q8_1_x4 elements=262144,1,1 gpu_ns=3200
VKPHASE pipeline=quantize_q8_1_x4 elements=262144,1,1 gpu_ns=3280
VKPHASE pipeline=quantize_q8_1_x4 elements=262144,1,1 gpu_ns=3200
VKPHASE pipeline=quantize_q8_1_x4 elements=1376256,1,1 gpu_ns=12280
VKPHASE pipeline=quantize_q8_1_x4 elements=262144,1,1 gpu_ns=1600
VKPHASE pipeline=quantize_q8_1_x4 elements=262144,1,1 gpu_ns=1480
VKPHASE pipeline=quantize_q8_1_x4 elements=262144,1,1 gpu_ns=3200
VKPHASE pipeline=quantize_q8_1_x4 elements=1376256,1,1 gpu_ns=12200
VKPHASE pipeline=quantize_q8_1_x4 elements=262144,1,1 gpu_ns=1600
VKPHASE pipeline=quantize_q8_1_x4 elements=262144,1,1 gpu_ns=1480
VKPHASE pipeline=quantize_q8_1_x4 elements=262144,1,1 gpu_ns=1480
VKPHASE pipeline=quantize_q8_1_x4 elements=1376256,1,1 gpu_ns=12120
VKPHASE pipeline=quantize_q8_1_x4 elements=262144,1,1 gpu_ns=3200
VKPHASE pipeline=quantize_q8_1_x4 elements=262144,1,1 gpu_ns=3200
VKPHASE pipeline=quantize_q8_1_x4 elements=262144,1,1 gpu_ns=3160
VKPHASE pipeline=quantize_q8_1_x4 elements=1376256,1,1 gpu_ns=12240
VKPHASE pipeline=quantize_q8_1_x4 elements=262144,1,1 gpu_ns=3200
VKPHASE pipeline=quantize_q8_1_x4 elements=262144,1,1 gpu_ns=3280
VKPHASE pipeline=quantize_q8_1_x4 elements=262144,1,1 gpu_ns=3240
VKPHASE pipeline=quantize_q8_1_x4 elements=1376256,1,1 gpu_ns=23240
VKPHASE pipeline=quantize_q8_1_x4 elements=262144,1,1 gpu_ns=3240
VKPHASE pipeline=quantize_q8_1_x4 elements=262144,1,1 gpu_ns=3240
VKPHASE pipeline=quantize_q8_1_x4 elements=262144,1,1 gpu_ns=3200
VKPHASE pipeline=quantize_q8_1_x4 elements=1376256,1,1 gpu_ns=12320
VKPHASE pipeline=quantize_q8_1_x4 elements=262144,1,1 gpu_ns=3200
VKPHASE pipeline=quantize_q8_1_x4 elements=262144,1,1 gpu_ns=1520
VKPHASE pipeline=quantize_q8_1_x4 elements=262144,1,1 gpu_ns=3240
VKPHASE pipeline=quantize_q8_1_x4 elements=1376256,1,1 gpu_ns=12480
VKPHASE pipeline=quantize_q8_1_x4 elements=262144,1,1 gpu_ns=3200
VKPHASE pipeline=quantize_q8_1_x4 elements=262144,1,1 gpu_ns=1480
VKPHASE pipeline=quantize_q8_1_x4 elements=262144,1,1 gpu_ns=3160
VKPHASE pipeline=quantize_q8_1_x4 elements=1376256,1,1 gpu_ns=12040
VKPHASE pipeline=quantize_q8_1_x4 elements=262144,1,1 gpu_ns=1520
VKPHASE pipeline=quantize_q8_1_x4 elements=262144,1,1 gpu_ns=3280
VKPHASE pipeline=quantize_q8_1_x4 elements=262144,1,1 gpu_ns=1440
VKPHASE pipeline=quantize_q8_1_x4 elements=1376256,1,1 gpu_ns=12360
VKPHASE pipeline=quantize_q8_1_x4 elements=262144,1,1 gpu_ns=3200
VKPHASE pipeline=quantize_q8_1_x4 elements=262144,1,1 gpu_ns=3200
VKPHASE pipeline=quantize_q8_1_x4 elements=262144,1,1 gpu_ns=3200
VKPHASE pipeline=quantize_q8_1_x4 elements=1376256,1,1 gpu_ns=12200
VKPHASE pipeline=quantize_q8_1_x4 elements=262144,1,1 gpu_ns=3240
VKPHASE pipeline=quantize_q8_1_x4 elements=262144,1,1 gpu_ns=1440
VKPHASE pipeline=quantize_q8_1_x4 elements=262144,1,1 gpu_ns=1480
VKPHASE pipeline=quantize_q8_1_x4 elements=1376256,1,1 gpu_ns=12040
VKPHASE pipeline=quantize_q8_1_x4 elements=262144,1,1 gpu_ns=1480
VKPHASE pipeline=quantize_q8_1_x4 elements=262144,1,1 gpu_ns=3600
VKPHASE pipeline=quantize_q8_1_x4 elements=262144,1,1 gpu_ns=1440
VKPHASE pipeline=quantize_q8_1_x4 elements=1376256,1,1 gpu_ns=12760
VKPHASE pipeline=quantize_q8_1_x4 elements=262144,1,1 gpu_ns=1520
VKPHASE pipeline=quantize_q8_1_x4 elements=262144,1,1 gpu_ns=3160
VKPHASE pipeline=quantize_q8_1_x4 elements=262144,1,1 gpu_ns=3160
VKPHASE pipeline=quantize_q8_1_x4 elements=1376256,1,1 gpu_ns=12160
VKPHASE pipeline=quantize_q8_1_x4 elements=262144,1,1 gpu_ns=3240
VKPHASE pipeline=quantize_q8_1_x4 elements=262144,1,1 gpu_ns=3200
VKPHASE pipeline=quantize_q8_1_x4 elements=262144,1,1 gpu_ns=3120
VKPHASE pipeline=quantize_q8_1_x4 elements=1376256,1,1 gpu_ns=12440
VKPHASE pipeline=quantize_q8_1_x4 elements=262144,1,1 gpu_ns=1520
VKPHASE pipeline=quantize_q8_1_x4 elements=262144,1,1 gpu_ns=3200
VKPHASE pipeline=quantize_q8_1_x4 elements=262144,1,1 gpu_ns=3160
VKPHASE pipeline=quantize_q8_1_x4 elements=1376256,1,1 gpu_ns=12240
VKPHASE pipeline=quantize_q8_1_x4 elements=262144,1,1 gpu_ns=1480
VKPHASE pipeline=quantize_q8_1_x4 elements=262144,1,1 gpu_ns=1560
VKPHASE pipeline=quantize_q8_1_x4 elements=262144,1,1 gpu_ns=3240
VKPHASE pipeline=quantize_q8_1_x4 elements=1376256,1,1 gpu_ns=12440
VKPHASE pipeline=quantize_q8_1_x4 elements=262144,1,1 gpu_ns=3200
VKPHASE pipeline=quantize_q8_1_x4 elements=262144,1,1 gpu_ns=3120
----------------
Vulkan Timings:
ADD: 58 x 10.195 us = 591.36 us
CONCAT: 21 x 30.466 us = 639.8 us
CONCAT, CPY: 1 x 30.96 us = 30.96 us
CPY, SSM_CONV: 22 x 18.205 us = 400.52 us
FLASH_ATTN_EXT dst(64,32,128,1),  q(64,128,32,1),  k(64,7680,8,1),  v(64,7680,8,1),  m(7680,128,1,1), SCALE: 1 x 2098.8 us = 2098.8 us (3836.98 GFLOPS/s)
FLASH_ATTN_EXT dst(64,32,128,1),  q(64,128,32,1),  k(64,7680,8,1),  v(64,7680,8,1),  m(7680,128,1,1), SCALE, GET_ROWS, GET_ROWS, CPY: 7 x 1992.46 us = 13947.2 us (4041.76 GFLOPS/s)
GET_ROWS, GET_ROWS, CPY, MUL_MAT f32 m=64 n=4096 k=64: 1 x 17.72 us = 17.72 us (1878.8 GFLOPS/s)
GLU: 17 x 37.536 us = 638.12 us
GLU, SCALE, GET_ROWS, GET_ROWS: 12 x 40.526 us = 486.32 us
MUL: 43 x 10.094 us = 434.08 us
MUL, SCALE, GET_ROWS, GET_ROWS: 1 x 12.28 us = 12.28 us
MUL_MAT f32 m=64 n=1024 k=64: 8 x 2.975 us = 23.8 us (2797.67 GFLOPS/s)
MUL_MAT f32 m=64 n=1024 k=64, RMS_NORM_MUL_ROPE RMS_NORM(64,8,128,1): 8 x 31.265 us = 250.12 us (266.211 GFLOPS/s)
MUL_MAT f32 m=64 n=4096 k=64: 15 x 17.349 us = 260.24 us (1918.94 GFLOPS/s)
MUL_MAT q4_0_rocmfp4_fast m=10752 n=128 k=2048, MUL_MAT q4_0_rocmfp4_fast m=10752 n=128 k=2048: 29 x 800.224 us = 23206.5 us (14085.5 GFLOPS/s)
MUL_MAT q4_0_rocmfp4_fast m=2048 n=128 k=10752: 29 x 567.493 us = 16457.3 us (9932.94 GFLOPS/s)
MUL_MAT q4_0_rocmfp4_fast m=2048 n=128 k=2048: 29 x 97.619 us = 2830.96 us (10996.6 GFLOPS/s)
MUL_MAT q4_0_rocmfp4_fast m=2048 n=128 k=2048, MUL_MAT q4_0_rocmfp4_fast m=512 n=128 k=2048, MUL_MAT q4_0_rocmfp4_fast m=512 n=128 k=2048: 8 x 151.985 us = 1215.88 us (10594.6 GFLOPS/s)
MUL_MAT q4_0_rocmfp4_fast m=6144 n=128 k=2048: 10 x 249.32 us = 2493.2 us (12916.9 GFLOPS/s)
MUL_MAT q4_0_rocmfp4_fast m=6144 n=128 k=2048, CPY: 12 x 252.246 us = 3026.96 us (12767 GFLOPS/s)
RMS_NORM_MUL RMS_NORM(2048,128,1,1): 57 x 10.485 us = 597.68 us
RMS_NORM_MUL RMS_NORM(2048,128,1,1), GET_ROWS: 1 x 11.28 us = 11.28 us
RMS_NORM_MUL_ROPE RMS_NORM(64,32,128,1): 8 x 108.215 us = 865.72 us
SCALE, GET_ROWS, GET_ROWS, RMS_NORM_MUL RMS_NORM(2048,128,1,1), CPY: 1 x 15.04 us = 15.04 us
SET_ROWS, SET_ROWS: 8 x 5.65 us = 45.2 us
Total time: 70597.1 us.
VKPHASE pipeline=quantize_q8_1_x4 elements=262144,1,1 gpu_ns=3720
VKPHASE pipeline=quantize_q8_1_x4 elements=262144,1,1 gpu_ns=3320
VKPHASE pipeline=quantize_q8_1_x4 elements=262144,1,1 gpu_ns=3320
VKPHASE pipeline=quantize_q8_1_x4 elements=1376256,1,1 gpu_ns=12280
VKPHASE pipeline=quantize_q8_1_x4 elements=262144,1,1 gpu_ns=3160
VKPHASE pipeline=quantize_q8_1_x4 elements=262144,1,1 gpu_ns=1440
VKPHASE pipeline=quantize_q8_1_x4 elements=262144,1,1 gpu_ns=3280
VKPHASE pipeline=quantize_q8_1_x4 elements=1376256,1,1 gpu_ns=12320
VKPHASE pipeline=quantize_q8_1_x4 elements=262144,1,1 gpu_ns=1480
VKPHASE pipeline=quantize_q8_1_x4 elements=262144,1,1 gpu_ns=3360
VKPHASE pipeline=quantize_q8_1_x4 elements=262144,1,1 gpu_ns=3200
VKPHASE pipeline=quantize_q8_1_x4 elements=1376256,1,1 gpu_ns=12480
VKPHASE pipeline=quantize_q8_1_x4 elements=262144,1,1 gpu_ns=3240
VKPHASE pipeline=quantize_q8_1_x4 elements=262144,1,1 gpu_ns=3160
VKPHASE pipeline=quantize_q8_1_x4 elements=262144,1,1 gpu_ns=1480
VKPHASE pipeline=quantize_q8_1_x4 elements=1376256,1,1 gpu_ns=12640
VKPHASE pipeline=quantize_q8_1_x4 elements=262144,1,1 gpu_ns=3200
VKPHASE pipeline=quantize_q8_1_x4 elements=262144,1,1 gpu_ns=1480
VKPHASE pipeline=quantize_q8_1_x4 elements=262144,1,1 gpu_ns=1440
VKPHASE pipeline=quantize_q8_1_x4 elements=1376256,1,1 gpu_ns=12240
VKPHASE pipeline=quantize_q8_1_x4 elements=262144,1,1 gpu_ns=1440
VKPHASE pipeline=quantize_q8_1_x4 elements=262144,1,1 gpu_ns=1600
VKPHASE pipeline=quantize_q8_1_x4 elements=262144,1,1 gpu_ns=1480
VKPHASE pipeline=quantize_q8_1_x4 elements=1376256,1,1 gpu_ns=12160
VKPHASE pipeline=quantize_q8_1_x4 elements=262144,1,1 gpu_ns=3240
VKPHASE pipeline=quantize_q8_1_x4 elements=262144,1,1 gpu_ns=1480
VKPHASE pipeline=quantize_q8_1_x4 elements=262144,1,1 gpu_ns=1480
VKPHASE pipeline=quantize_q8_1_x4 elements=1376256,1,1 gpu_ns=12600
VKPHASE pipeline=quantize_q8_1_x4 elements=262144,1,1 gpu_ns=3560
VKPHASE pipeline=quantize_q8_1_x4 elements=262144,1,1 gpu_ns=1440
VKPHASE pipeline=quantize_q8_1_x4 elements=262144,1,1 gpu_ns=3200
VKPHASE pipeline=quantize_q8_1_x4 elements=1376256,1,1 gpu_ns=12160
VKPHASE pipeline=quantize_q8_1_x4 elements=262144,1,1 gpu_ns=3200
VKPHASE pipeline=quantize_q8_1_x4 elements=262144,1,1 gpu_ns=3240
VKPHASE pipeline=quantize_q8_1_x4 elements=262144,1,1 gpu_ns=3160
VKPHASE pipeline=quantize_q8_1_x4 elements=1376256,1,1 gpu_ns=11920
VKPHASE pipeline=quantize_q8_1_x4 elements=262144,1,1 gpu_ns=3240
VKPHASE pipeline=quantize_q8_1_x4 elements=262144,1,1 gpu_ns=3200
VKPHASE pipeline=quantize_q8_1_x4 elements=262144,1,1 gpu_ns=3200
VKPHASE pipeline=quantize_q8_1_x4 elements=1376256,1,1 gpu_ns=12000
VKPHASE pipeline=quantize_q8_1_x4 elements=262144,1,1 gpu_ns=3200
VKPHASE pipeline=quantize_q8_1_x4 elements=262144,1,1 gpu_ns=1440
VKPHASE pipeline=quantize_q8_1_x4 elements=262144,1,1 gpu_ns=3200
VKPHASE pipeline=quantize_q8_1_x4 elements=1376256,1,1 gpu_ns=12160
VKPHASE pipeline=quantize_q8_1_x4 elements=262144,1,1 gpu_ns=3240
VKPHASE pipeline=quantize_q8_1_x4 elements=262144,1,1 gpu_ns=3200
VKPHASE pipeline=quantize_q8_1_x4 elements=262144,1,1 gpu_ns=3160
VKPHASE pipeline=quantize_q8_1_x4 elements=1376256,1,1 gpu_ns=12160
VKPHASE pipeline=quantize_q8_1_x4 elements=262144,1,1 gpu_ns=3200
VKPHASE pipeline=quantize_q8_1_x4 elements=262144,1,1 gpu_ns=1480
VKPHASE pipeline=quantize_q8_1_x4 elements=262144,1,1 gpu_ns=1440
VKPHASE pipeline=quantize_q8_1_x4 elements=1376256,1,1 gpu_ns=12080
VKPHASE pipeline=quantize_q8_1_x4 elements=262144,1,1 gpu_ns=3280
VKPHASE pipeline=quantize_q8_1_x4 elements=262144,1,1 gpu_ns=3560
VKPHASE pipeline=quantize_q8_1_x4 elements=262144,1,1 gpu_ns=3200
VKPHASE pipeline=quantize_q8_1_x4 elements=1376256,1,1 gpu_ns=12720
VKPHASE pipeline=quantize_q8_1_x4 elements=262144,1,1 gpu_ns=1520
VKPHASE pipeline=quantize_q8_1_x4 elements=262144,1,1 gpu_ns=1480
VKPHASE pipeline=quantize_q8_1_x4 elements=262144,1,1 gpu_ns=3200
VKPHASE pipeline=quantize_q8_1_x4 elements=1376256,1,1 gpu_ns=12320
VKPHASE pipeline=quantize_q8_1_x4 elements=262144,1,1 gpu_ns=1560
VKPHASE pipeline=quantize_q8_1_x4 elements=262144,1,1 gpu_ns=1480
VKPHASE pipeline=quantize_q8_1_x4 elements=262144,1,1 gpu_ns=1480
VKPHASE pipeline=quantize_q8_1_x4 elements=1376256,1,1 gpu_ns=12320
VKPHASE pipeline=quantize_q8_1_x4 elements=262144,1,1 gpu_ns=1440
VKPHASE pipeline=quantize_q8_1_x4 elements=262144,1,1 gpu_ns=3160
VKPHASE pipeline=quantize_q8_1_x4 elements=262144,1,1 gpu_ns=3200
VKPHASE pipeline=quantize_q8_1_x4 elements=1376256,1,1 gpu_ns=12280
VKPHASE pipeline=quantize_q8_1_x4 elements=262144,1,1 gpu_ns=1560
VKPHASE pipeline=quantize_q8_1_x4 elements=262144,1,1 gpu_ns=3400
VKPHASE pipeline=quantize_q8_1_x4 elements=262144,1,1 gpu_ns=3480
VKPHASE pipeline=quantize_q8_1_x4 elements=1376256,1,1 gpu_ns=12520
VKPHASE pipeline=quantize_q8_1_x4 elements=262144,1,1 gpu_ns=3280
VKPHASE pipeline=quantize_q8_1_x4 elements=262144,1,1 gpu_ns=3200
VKPHASE pipeline=quantize_q8_1_x4 elements=262144,1,1 gpu_ns=3200
VKPHASE pipeline=quantize_q8_1_x4 elements=1376256,1,1 gpu_ns=12240
VKPHASE pipeline=quantize_q8_1_x4 elements=262144,1,1 gpu_ns=3240
VKPHASE pipeline=quantize_q8_1_x4 elements=262144,1,1 gpu_ns=3200
VKPHASE pipeline=quantize_q8_1_x4 elements=262144,1,1 gpu_ns=3200
VKPHASE pipeline=quantize_q8_1_x4 elements=1376256,1,1 gpu_ns=11960
VKPHASE pipeline=quantize_q8_1_x4 elements=262144,1,1 gpu_ns=3240
VKPHASE pipeline=quantize_q8_1_x4 elements=262144,1,1 gpu_ns=1480
VKPHASE pipeline=quantize_q8_1_x4 elements=262144,1,1 gpu_ns=3200
VKPHASE pipeline=quantize_q8_1_x4 elements=1376256,1,1 gpu_ns=11920
VKPHASE pipeline=quantize_q8_1_x4 elements=262144,1,1 gpu_ns=1800
VKPHASE pipeline=quantize_q8_1_x4 elements=262144,1,1 gpu_ns=3240
VKPHASE pipeline=quantize_q8_1_x4 elements=262144,1,1 gpu_ns=1440
VKPHASE pipeline=quantize_q8_1_x4 elements=1376256,1,1 gpu_ns=12000
VKPHASE pipeline=quantize_q8_1_x4 elements=262144,1,1 gpu_ns=3200
VKPHASE pipeline=quantize_q8_1_x4 elements=262144,1,1 gpu_ns=3160
VKPHASE pipeline=quantize_q8_1_x4 elements=262144,1,1 gpu_ns=3440
VKPHASE pipeline=quantize_q8_1_x4 elements=1376256,1,1 gpu_ns=12440
VKPHASE pipeline=quantize_q8_1_x4 elements=262144,1,1 gpu_ns=1600
VKPHASE pipeline=quantize_q8_1_x4 elements=262144,1,1 gpu_ns=1480
VKPHASE pipeline=quantize_q8_1_x4 elements=262144,1,1 gpu_ns=1480
VKPHASE pipeline=quantize_q8_1_x4 elements=1376256,1,1 gpu_ns=12280
VKPHASE pipeline=quantize_q8_1_x4 elements=262144,1,1 gpu_ns=1480
VKPHASE pipeline=quantize_q8_1_x4 elements=262144,1,1 gpu_ns=3320
VKPHASE pipeline=quantize_q8_1_x4 elements=262144,1,1 gpu_ns=1480
VKPHASE pipeline=quantize_q8_1_x4 elements=1376256,1,1 gpu_ns=12680
VKPHASE pipeline=quantize_q8_1_x4 elements=262144,1,1 gpu_ns=1440
VKPHASE pipeline=quantize_q8_1_x4 elements=262144,1,1 gpu_ns=3200
VKPHASE pipeline=quantize_q8_1_x4 elements=262144,1,1 gpu_ns=3160
VKPHASE pipeline=quantize_q8_1_x4 elements=1376256,1,1 gpu_ns=12000
VKPHASE pipeline=quantize_q8_1_x4 elements=262144,1,1 gpu_ns=3240
VKPHASE pipeline=quantize_q8_1_x4 elements=262144,1,1 gpu_ns=3160
VKPHASE pipeline=quantize_q8_1_x4 elements=262144,1,1 gpu_ns=3160
VKPHASE pipeline=quantize_q8_1_x4 elements=1376256,1,1 gpu_ns=12240
VKPHASE pipeline=quantize_q8_1_x4 elements=262144,1,1 gpu_ns=3160
VKPHASE pipeline=quantize_q8_1_x4 elements=262144,1,1 gpu_ns=1520
VKPHASE pipeline=quantize_q8_1_x4 elements=262144,1,1 gpu_ns=3480
VKPHASE pipeline=quantize_q8_1_x4 elements=1376256,1,1 gpu_ns=11960
VKPHASE pipeline=quantize_q8_1_x4 elements=262144,1,1 gpu_ns=3240
VKPHASE pipeline=quantize_q8_1_x4 elements=262144,1,1 gpu_ns=1440
VKPHASE pipeline=quantize_q8_1_x4 elements=262144,1,1 gpu_ns=3240
VKPHASE pipeline=quantize_q8_1_x4 elements=1376256,1,1 gpu_ns=12680
VKPHASE pipeline=quantize_q8_1_x4 elements=262144,1,1 gpu_ns=1480
VKPHASE pipeline=quantize_q8_1_x4 elements=262144,1,1 gpu_ns=1440
----------------
Vulkan Timings:
ADD: 58 x 11.116 us = 644.76 us
CONCAT: 21 x 30.177 us = 633.72 us
CONCAT, CPY: 1 x 32.08 us = 32.08 us
CPY, SSM_CONV: 22 x 17.169 us = 377.72 us
FLASH_ATTN_EXT dst(64,32,128,1),  q(64,128,32,1),  k(64,7936,8,1),  v(64,7936,8,1),  m(7936,128,1,1), SCALE: 1 x 1990.24 us = 1990.24 us (4181.15 GFLOPS/s)
FLASH_ATTN_EXT dst(64,32,128,1),  q(64,128,32,1),  k(64,7936,8,1),  v(64,7936,8,1),  m(7936,128,1,1), SCALE, GET_ROWS, GET_ROWS, CPY: 7 x 2073.6 us = 14515.2 us (4013.07 GFLOPS/s)
GET_ROWS, GET_ROWS, CPY, MUL_MAT f32 m=64 n=4096 k=64: 1 x 17.56 us = 17.56 us (1895.92 GFLOPS/s)
GLU: 17 x 39.152 us = 665.6 us
GLU, SCALE, GET_ROWS, GET_ROWS: 12 x 42.993 us = 515.92 us
MUL: 43 x 10.736 us = 461.68 us
MUL, SCALE, GET_ROWS, GET_ROWS: 1 x 12.96 us = 12.96 us
MUL_MAT f32 m=64 n=1024 k=64: 8 x 3.025 us = 24.2 us (2751.43 GFLOPS/s)
MUL_MAT f32 m=64 n=1024 k=64, RMS_NORM_MUL_ROPE RMS_NORM(64,8,128,1): 8 x 33.83 us = 270.64 us (246.026 GFLOPS/s)
MUL_MAT f32 m=64 n=4096 k=64: 15 x 17.288 us = 259.32 us (1925.75 GFLOPS/s)
MUL_MAT q4_0_rocmfp4_fast m=10752 n=128 k=2048, MUL_MAT q4_0_rocmfp4_fast m=10752 n=128 k=2048: 29 x 810.361 us = 23500.5 us (13909.3 GFLOPS/s)
MUL_MAT q4_0_rocmfp4_fast m=2048 n=128 k=10752: 29 x 576.095 us = 16706.8 us (9784.64 GFLOPS/s)
MUL_MAT q4_0_rocmfp4_fast m=2048 n=128 k=2048: 29 x 97.398 us = 2824.56 us (11021.5 GFLOPS/s)
MUL_MAT q4_0_rocmfp4_fast m=2048 n=128 k=2048, MUL_MAT q4_0_rocmfp4_fast m=512 n=128 k=2048, MUL_MAT q4_0_rocmfp4_fast m=512 n=128 k=2048: 8 x 157.07 us = 1256.56 us (10251.6 GFLOPS/s)
MUL_MAT q4_0_rocmfp4_fast m=6144 n=128 k=2048: 10 x 248.116 us = 2481.16 us (12979.6 GFLOPS/s)
MUL_MAT q4_0_rocmfp4_fast m=6144 n=128 k=2048, CPY: 12 x 243.496 us = 2921.96 us (13225.8 GFLOPS/s)
RMS_NORM_MUL RMS_NORM(2048,128,1,1): 57 x 10.461 us = 596.32 us
RMS_NORM_MUL RMS_NORM(2048,128,1,1), GET_ROWS: 1 x 10.84 us = 10.84 us
RMS_NORM_MUL_ROPE RMS_NORM(64,32,128,1): 8 x 104.675 us = 837.4 us
SCALE, GET_ROWS, GET_ROWS, RMS_NORM_MUL RMS_NORM(2048,128,1,1), CPY: 1 x 14.32 us = 14.32 us
SET_ROWS, SET_ROWS: 8 x 6.11 us = 48.88 us
Total time: 71620.8 us.
VKPHASE pipeline=quantize_q8_1_x4 elements=262144,1,1 gpu_ns=3360
VKPHASE pipeline=quantize_q8_1_x4 elements=262144,1,1 gpu_ns=1640
VKPHASE pipeline=quantize_q8_1_x4 elements=262144,1,1 gpu_ns=3360
VKPHASE pipeline=quantize_q8_1_x4 elements=1376256,1,1 gpu_ns=12160
VKPHASE pipeline=quantize_q8_1_x4 elements=262144,1,1 gpu_ns=3520
VKPHASE pipeline=quantize_q8_1_x4 elements=262144,1,1 gpu_ns=1600
VKPHASE pipeline=quantize_q8_1_x4 elements=262144,1,1 gpu_ns=1560
VKPHASE pipeline=quantize_q8_1_x4 elements=1376256,1,1 gpu_ns=12200
VKPHASE pipeline=quantize_q8_1_x4 elements=262144,1,1 gpu_ns=1800
VKPHASE pipeline=quantize_q8_1_x4 elements=262144,1,1 gpu_ns=4880
VKPHASE pipeline=quantize_q8_1_x4 elements=262144,1,1 gpu_ns=3360
VKPHASE pipeline=quantize_q8_1_x4 elements=1376256,1,1 gpu_ns=12160
VKPHASE pipeline=quantize_q8_1_x4 elements=262144,1,1 gpu_ns=3280
VKPHASE pipeline=quantize_q8_1_x4 elements=262144,1,1 gpu_ns=1440
VKPHASE pipeline=quantize_q8_1_x4 elements=262144,1,1 gpu_ns=3200
VKPHASE pipeline=quantize_q8_1_x4 elements=1376256,1,1 gpu_ns=12480
VKPHASE pipeline=quantize_q8_1_x4 elements=262144,1,1 gpu_ns=1520
VKPHASE pipeline=quantize_q8_1_x4 elements=262144,1,1 gpu_ns=3280
VKPHASE pipeline=quantize_q8_1_x4 elements=262144,1,1 gpu_ns=3160
VKPHASE pipeline=quantize_q8_1_x4 elements=1376256,1,1 gpu_ns=12200
VKPHASE pipeline=quantize_q8_1_x4 elements=262144,1,1 gpu_ns=1520
VKPHASE pipeline=quantize_q8_1_x4 elements=262144,1,1 gpu_ns=1720
VKPHASE pipeline=quantize_q8_1_x4 elements=262144,1,1 gpu_ns=1480
VKPHASE pipeline=quantize_q8_1_x4 elements=1376256,1,1 gpu_ns=12200
VKPHASE pipeline=quantize_q8_1_x4 elements=262144,1,1 gpu_ns=1440
VKPHASE pipeline=quantize_q8_1_x4 elements=262144,1,1 gpu_ns=1480
VKPHASE pipeline=quantize_q8_1_x4 elements=262144,1,1 gpu_ns=1440
VKPHASE pipeline=quantize_q8_1_x4 elements=1376256,1,1 gpu_ns=11960
VKPHASE pipeline=quantize_q8_1_x4 elements=262144,1,1 gpu_ns=3240
VKPHASE pipeline=quantize_q8_1_x4 elements=262144,1,1 gpu_ns=1480
VKPHASE pipeline=quantize_q8_1_x4 elements=262144,1,1 gpu_ns=3200
VKPHASE pipeline=quantize_q8_1_x4 elements=1376256,1,1 gpu_ns=11960
VKPHASE pipeline=quantize_q8_1_x4 elements=262144,1,1 gpu_ns=1600
VKPHASE pipeline=quantize_q8_1_x4 elements=262144,1,1 gpu_ns=1480
VKPHASE pipeline=quantize_q8_1_x4 elements=262144,1,1 gpu_ns=3160
VKPHASE pipeline=quantize_q8_1_x4 elements=1376256,1,1 gpu_ns=12280
VKPHASE pipeline=quantize_q8_1_x4 elements=262144,1,1 gpu_ns=3160
VKPHASE pipeline=quantize_q8_1_x4 elements=262144,1,1 gpu_ns=1600
VKPHASE pipeline=quantize_q8_1_x4 elements=262144,1,1 gpu_ns=3200
VKPHASE pipeline=quantize_q8_1_x4 elements=1376256,1,1 gpu_ns=12040
VKPHASE pipeline=quantize_q8_1_x4 elements=262144,1,1 gpu_ns=3240
VKPHASE pipeline=quantize_q8_1_x4 elements=262144,1,1 gpu_ns=3160
VKPHASE pipeline=quantize_q8_1_x4 elements=262144,1,1 gpu_ns=3200
VKPHASE pipeline=quantize_q8_1_x4 elements=1376256,1,1 gpu_ns=12080
VKPHASE pipeline=quantize_q8_1_x4 elements=262144,1,1 gpu_ns=3200
VKPHASE pipeline=quantize_q8_1_x4 elements=262144,1,1 gpu_ns=3080
VKPHASE pipeline=quantize_q8_1_x4 elements=262144,1,1 gpu_ns=3120
VKPHASE pipeline=quantize_q8_1_x4 elements=1376256,1,1 gpu_ns=12040
VKPHASE pipeline=quantize_q8_1_x4 elements=262144,1,1 gpu_ns=3120
VKPHASE pipeline=quantize_q8_1_x4 elements=262144,1,1 gpu_ns=1560
VKPHASE pipeline=quantize_q8_1_x4 elements=262144,1,1 gpu_ns=3440
VKPHASE pipeline=quantize_q8_1_x4 elements=1376256,1,1 gpu_ns=12240
VKPHASE pipeline=quantize_q8_1_x4 elements=262144,1,1 gpu_ns=4440
VKPHASE pipeline=quantize_q8_1_x4 elements=262144,1,1 gpu_ns=3280
VKPHASE pipeline=quantize_q8_1_x4 elements=262144,1,1 gpu_ns=3240
VKPHASE pipeline=quantize_q8_1_x4 elements=1376256,1,1 gpu_ns=12280
VKPHASE pipeline=quantize_q8_1_x4 elements=262144,1,1 gpu_ns=3160
VKPHASE pipeline=quantize_q8_1_x4 elements=262144,1,1 gpu_ns=3200
VKPHASE pipeline=quantize_q8_1_x4 elements=262144,1,1 gpu_ns=1480
VKPHASE pipeline=quantize_q8_1_x4 elements=1376256,1,1 gpu_ns=12640
VKPHASE pipeline=quantize_q8_1_x4 elements=262144,1,1 gpu_ns=1600
VKPHASE pipeline=quantize_q8_1_x4 elements=262144,1,1 gpu_ns=1480
VKPHASE pipeline=quantize_q8_1_x4 elements=262144,1,1 gpu_ns=1480
VKPHASE pipeline=quantize_q8_1_x4 elements=1376256,1,1 gpu_ns=12160
VKPHASE pipeline=quantize_q8_1_x4 elements=262144,1,1 gpu_ns=1520
VKPHASE pipeline=quantize_q8_1_x4 elements=262144,1,1 gpu_ns=3240
VKPHASE pipeline=quantize_q8_1_x4 elements=262144,1,1 gpu_ns=3280
VKPHASE pipeline=quantize_q8_1_x4 elements=1376256,1,1 gpu_ns=12000
VKPHASE pipeline=quantize_q8_1_x4 elements=262144,1,1 gpu_ns=3240
VKPHASE pipeline=quantize_q8_1_x4 elements=262144,1,1 gpu_ns=3280
VKPHASE pipeline=quantize_q8_1_x4 elements=262144,1,1 gpu_ns=3280
VKPHASE pipeline=quantize_q8_1_x4 elements=1376256,1,1 gpu_ns=12280
VKPHASE pipeline=quantize_q8_1_x4 elements=262144,1,1 gpu_ns=3200
VKPHASE pipeline=quantize_q8_1_x4 elements=262144,1,1 gpu_ns=1440
VKPHASE pipeline=quantize_q8_1_x4 elements=262144,1,1 gpu_ns=3160
VKPHASE pipeline=quantize_q8_1_x4 elements=1376256,1,1 gpu_ns=12120
VKPHASE pipeline=quantize_q8_1_x4 elements=262144,1,1 gpu_ns=1520
VKPHASE pipeline=quantize_q8_1_x4 elements=262144,1,1 gpu_ns=1520
VKPHASE pipeline=quantize_q8_1_x4 elements=262144,1,1 gpu_ns=1440
VKPHASE pipeline=quantize_q8_1_x4 elements=1376256,1,1 gpu_ns=12120
VKPHASE pipeline=quantize_q8_1_x4 elements=262144,1,1 gpu_ns=3200
VKPHASE pipeline=quantize_q8_1_x4 elements=262144,1,1 gpu_ns=1480
VKPHASE pipeline=quantize_q8_1_x4 elements=262144,1,1 gpu_ns=3200
VKPHASE pipeline=quantize_q8_1_x4 elements=1376256,1,1 gpu_ns=11920
VKPHASE pipeline=quantize_q8_1_x4 elements=262144,1,1 gpu_ns=3240
VKPHASE pipeline=quantize_q8_1_x4 elements=262144,1,1 gpu_ns=3240
VKPHASE pipeline=quantize_q8_1_x4 elements=262144,1,1 gpu_ns=3240
VKPHASE pipeline=quantize_q8_1_x4 elements=1376256,1,1 gpu_ns=13080
VKPHASE pipeline=quantize_q8_1_x4 elements=262144,1,1 gpu_ns=3240
VKPHASE pipeline=quantize_q8_1_x4 elements=262144,1,1 gpu_ns=1440
VKPHASE pipeline=quantize_q8_1_x4 elements=262144,1,1 gpu_ns=1440
VKPHASE pipeline=quantize_q8_1_x4 elements=1376256,1,1 gpu_ns=12360
VKPHASE pipeline=quantize_q8_1_x4 elements=262144,1,1 gpu_ns=1560
VKPHASE pipeline=quantize_q8_1_x4 elements=262144,1,1 gpu_ns=1440
VKPHASE pipeline=quantize_q8_1_x4 elements=262144,1,1 gpu_ns=1440
VKPHASE pipeline=quantize_q8_1_x4 elements=1376256,1,1 gpu_ns=12600
VKPHASE pipeline=quantize_q8_1_x4 elements=262144,1,1 gpu_ns=1560
VKPHASE pipeline=quantize_q8_1_x4 elements=262144,1,1 gpu_ns=3280
VKPHASE pipeline=quantize_q8_1_x4 elements=262144,1,1 gpu_ns=1440
VKPHASE pipeline=quantize_q8_1_x4 elements=1376256,1,1 gpu_ns=12120
VKPHASE pipeline=quantize_q8_1_x4 elements=262144,1,1 gpu_ns=1440
VKPHASE pipeline=quantize_q8_1_x4 elements=262144,1,1 gpu_ns=3160
VKPHASE pipeline=quantize_q8_1_x4 elements=262144,1,1 gpu_ns=3120
VKPHASE pipeline=quantize_q8_1_x4 elements=1376256,1,1 gpu_ns=11960
VKPHASE pipeline=quantize_q8_1_x4 elements=262144,1,1 gpu_ns=3200
VKPHASE pipeline=quantize_q8_1_x4 elements=262144,1,1 gpu_ns=1560
VKPHASE pipeline=quantize_q8_1_x4 elements=262144,1,1 gpu_ns=3120
VKPHASE pipeline=quantize_q8_1_x4 elements=1376256,1,1 gpu_ns=11920
VKPHASE pipeline=quantize_q8_1_x4 elements=262144,1,1 gpu_ns=3280
VKPHASE pipeline=quantize_q8_1_x4 elements=262144,1,1 gpu_ns=3200
VKPHASE pipeline=quantize_q8_1_x4 elements=262144,1,1 gpu_ns=1440
VKPHASE pipeline=quantize_q8_1_x4 elements=1376256,1,1 gpu_ns=12160
VKPHASE pipeline=quantize_q8_1_x4 elements=262144,1,1 gpu_ns=2640
VKPHASE pipeline=quantize_q8_1_x4 elements=262144,1,1 gpu_ns=3160
VKPHASE pipeline=quantize_q8_1_x4 elements=262144,1,1 gpu_ns=3200
VKPHASE pipeline=quantize_q8_1_x4 elements=1376256,1,1 gpu_ns=12800
VKPHASE pipeline=quantize_q8_1_x4 elements=262144,1,1 gpu_ns=3160
VKPHASE pipeline=quantize_q8_1_x4 elements=262144,1,1 gpu_ns=1440
----------------
Vulkan Timings:
ADD: 58 x 11.395 us = 660.92 us
CONCAT: 21 x 30.04 us = 630.84 us
CONCAT, CPY: 1 x 30.48 us = 30.48 us
CPY, SSM_CONV: 22 x 16.936 us = 372.6 us
FLASH_ATTN_EXT dst(64,32,128,1),  q(64,128,32,1),  k(64,7936,8,1),  v(64,7936,8,1),  m(7936,128,1,1), SCALE: 1 x 2023.04 us = 2023.04 us (4113.36 GFLOPS/s)
FLASH_ATTN_EXT dst(64,32,128,1),  q(64,128,32,1),  k(64,7936,8,1),  v(64,7936,8,1),  m(7936,128,1,1), SCALE, GET_ROWS, GET_ROWS, CPY: 7 x 2048.61 us = 14340.3 us (4062.02 GFLOPS/s)
GET_ROWS, GET_ROWS, CPY, MUL_MAT f32 m=64 n=4096 k=64: 1 x 17.44 us = 17.44 us (1908.96 GFLOPS/s)
GLU: 17 x 38.07 us = 647.2 us
GLU, SCALE, GET_ROWS, GET_ROWS: 12 x 40.713 us = 488.56 us
MUL: 43 x 10.8 us = 464.4 us
MUL, SCALE, GET_ROWS, GET_ROWS: 1 x 12.24 us = 12.24 us
MUL_MAT f32 m=64 n=1024 k=64: 8 x 2.975 us = 23.8 us (2797.67 GFLOPS/s)
MUL_MAT f32 m=64 n=1024 k=64, RMS_NORM_MUL_ROPE RMS_NORM(64,8,128,1): 8 x 30.915 us = 247.32 us (269.224 GFLOPS/s)
MUL_MAT f32 m=64 n=4096 k=64: 15 x 17.381 us = 260.72 us (1915.4 GFLOPS/s)
MUL_MAT q4_0_rocmfp4_fast m=10752 n=128 k=2048, MUL_MAT q4_0_rocmfp4_fast m=10752 n=128 k=2048: 29 x 794.973 us = 23054.2 us (14178.5 GFLOPS/s)
MUL_MAT q4_0_rocmfp4_fast m=2048 n=128 k=10752: 29 x 565.573 us = 16401.6 us (9966.66 GFLOPS/s)
MUL_MAT q4_0_rocmfp4_fast m=2048 n=128 k=2048: 29 x 98.042 us = 2843.24 us (10949.1 GFLOPS/s)
MUL_MAT q4_0_rocmfp4_fast m=2048 n=128 k=2048, MUL_MAT q4_0_rocmfp4_fast m=512 n=128 k=2048, MUL_MAT q4_0_rocmfp4_fast m=512 n=128 k=2048: 8 x 148.325 us = 1186.6 us (10856 GFLOPS/s)
MUL_MAT q4_0_rocmfp4_fast m=6144 n=128 k=2048: 10 x 239.704 us = 2397.04 us (13435.1 GFLOPS/s)
MUL_MAT q4_0_rocmfp4_fast m=6144 n=128 k=2048, CPY: 12 x 239.22 us = 2870.64 us (13462.2 GFLOPS/s)
RMS_NORM_MUL RMS_NORM(2048,128,1,1): 57 x 10.397 us = 592.64 us
RMS_NORM_MUL RMS_NORM(2048,128,1,1), GET_ROWS: 1 x 10.24 us = 10.24 us
RMS_NORM_MUL_ROPE RMS_NORM(64,32,128,1): 8 x 100.945 us = 807.56 us
SCALE, GET_ROWS, GET_ROWS, RMS_NORM_MUL RMS_NORM(2048,128,1,1), CPY: 1 x 14.2 us = 14.2 us
SET_ROWS, SET_ROWS: 8 x 5.705 us = 45.64 us
Total time: 70443.5 us.
VKPHASE pipeline=quantize_q8_1_x4 elements=262144,1,1 gpu_ns=1600
VKPHASE pipeline=quantize_q8_1_x4 elements=262144,1,1 gpu_ns=1480
VKPHASE pipeline=quantize_q8_1_x4 elements=262144,1,1 gpu_ns=3200
VKPHASE pipeline=quantize_q8_1_x4 elements=1376256,1,1 gpu_ns=12320
VKPHASE pipeline=quantize_q8_1_x4 elements=262144,1,1 gpu_ns=3160
VKPHASE pipeline=quantize_q8_1_x4 elements=262144,1,1 gpu_ns=1480
VKPHASE pipeline=quantize_q8_1_x4 elements=262144,1,1 gpu_ns=3160
VKPHASE pipeline=quantize_q8_1_x4 elements=1376256,1,1 gpu_ns=12400
VKPHASE pipeline=quantize_q8_1_x4 elements=262144,1,1 gpu_ns=3240
VKPHASE pipeline=quantize_q8_1_x4 elements=262144,1,1 gpu_ns=3280
VKPHASE pipeline=quantize_q8_1_x4 elements=262144,1,1 gpu_ns=1400
VKPHASE pipeline=quantize_q8_1_x4 elements=1376256,1,1 gpu_ns=12320
VKPHASE pipeline=quantize_q8_1_x4 elements=262144,1,1 gpu_ns=3240
VKPHASE pipeline=quantize_q8_1_x4 elements=262144,1,1 gpu_ns=1600
VKPHASE pipeline=quantize_q8_1_x4 elements=262144,1,1 gpu_ns=3160
VKPHASE pipeline=quantize_q8_1_x4 elements=1376256,1,1 gpu_ns=12760
VKPHASE pipeline=quantize_q8_1_x4 elements=262144,1,1 gpu_ns=4040
VKPHASE pipeline=quantize_q8_1_x4 elements=262144,1,1 gpu_ns=1480
VKPHASE pipeline=quantize_q8_1_x4 elements=262144,1,1 gpu_ns=3160
VKPHASE pipeline=quantize_q8_1_x4 elements=1376256,1,1 gpu_ns=12400
VKPHASE pipeline=quantize_q8_1_x4 elements=262144,1,1 gpu_ns=1920
VKPHASE pipeline=quantize_q8_1_x4 elements=262144,1,1 gpu_ns=3280
VKPHASE pipeline=quantize_q8_1_x4 elements=262144,1,1 gpu_ns=1480
VKPHASE pipeline=quantize_q8_1_x4 elements=1376256,1,1 gpu_ns=12160
VKPHASE pipeline=quantize_q8_1_x4 elements=262144,1,1 gpu_ns=3160
VKPHASE pipeline=quantize_q8_1_x4 elements=262144,1,1 gpu_ns=3160
VKPHASE pipeline=quantize_q8_1_x4 elements=262144,1,1 gpu_ns=1480
VKPHASE pipeline=quantize_q8_1_x4 elements=1376256,1,1 gpu_ns=12040
VKPHASE pipeline=quantize_q8_1_x4 elements=262144,1,1 gpu_ns=3280
VKPHASE pipeline=quantize_q8_1_x4 elements=262144,1,1 gpu_ns=3160
VKPHASE pipeline=quantize_q8_1_x4 elements=262144,1,1 gpu_ns=3160
VKPHASE pipeline=quantize_q8_1_x4 elements=1376256,1,1 gpu_ns=12040
VKPHASE pipeline=quantize_q8_1_x4 elements=262144,1,1 gpu_ns=3200
VKPHASE pipeline=quantize_q8_1_x4 elements=262144,1,1 gpu_ns=3200
VKPHASE pipeline=quantize_q8_1_x4 elements=262144,1,1 gpu_ns=3160
VKPHASE pipeline=quantize_q8_1_x4 elements=1376256,1,1 gpu_ns=12080
VKPHASE pipeline=quantize_q8_1_x4 elements=262144,1,1 gpu_ns=3160
VKPHASE pipeline=quantize_q8_1_x4 elements=262144,1,1 gpu_ns=3240
VKPHASE pipeline=quantize_q8_1_x4 elements=262144,1,1 gpu_ns=3160
VKPHASE pipeline=quantize_q8_1_x4 elements=1376256,1,1 gpu_ns=12120
VKPHASE pipeline=quantize_q8_1_x4 elements=262144,1,1 gpu_ns=3200
VKPHASE pipeline=quantize_q8_1_x4 elements=262144,1,1 gpu_ns=1480
VKPHASE pipeline=quantize_q8_1_x4 elements=262144,1,1 gpu_ns=1720
VKPHASE pipeline=quantize_q8_1_x4 elements=1376256,1,1 gpu_ns=12760
VKPHASE pipeline=quantize_q8_1_x4 elements=262144,1,1 gpu_ns=1480
VKPHASE pipeline=quantize_q8_1_x4 elements=262144,1,1 gpu_ns=1480
VKPHASE pipeline=quantize_q8_1_x4 elements=262144,1,1 gpu_ns=3200
VKPHASE pipeline=quantize_q8_1_x4 elements=1376256,1,1 gpu_ns=12040
VKPHASE pipeline=quantize_q8_1_x4 elements=262144,1,1 gpu_ns=3240
VKPHASE pipeline=quantize_q8_1_x4 elements=262144,1,1 gpu_ns=1480
VKPHASE pipeline=quantize_q8_1_x4 elements=262144,1,1 gpu_ns=3720
VKPHASE pipeline=quantize_q8_1_x4 elements=1376256,1,1 gpu_ns=11920
VKPHASE pipeline=quantize_q8_1_x4 elements=262144,1,1 gpu_ns=3360
VKPHASE pipeline=quantize_q8_1_x4 elements=262144,1,1 gpu_ns=3200
VKPHASE pipeline=quantize_q8_1_x4 elements=262144,1,1 gpu_ns=3200
VKPHASE pipeline=quantize_q8_1_x4 elements=1376256,1,1 gpu_ns=12200
VKPHASE pipeline=quantize_q8_1_x4 elements=262144,1,1 gpu_ns=1480
VKPHASE pipeline=quantize_q8_1_x4 elements=262144,1,1 gpu_ns=1480
VKPHASE pipeline=quantize_q8_1_x4 elements=262144,1,1 gpu_ns=1520
VKPHASE pipeline=quantize_q8_1_x4 elements=1376256,1,1 gpu_ns=12240
VKPHASE pipeline=quantize_q8_1_x4 elements=262144,1,1 gpu_ns=3200
VKPHASE pipeline=quantize_q8_1_x4 elements=262144,1,1 gpu_ns=1440
VKPHASE pipeline=quantize_q8_1_x4 elements=262144,1,1 gpu_ns=3240
VKPHASE pipeline=quantize_q8_1_x4 elements=1376256,1,1 gpu_ns=12080
VKPHASE pipeline=quantize_q8_1_x4 elements=262144,1,1 gpu_ns=3160
VKPHASE pipeline=quantize_q8_1_x4 elements=262144,1,1 gpu_ns=3200
VKPHASE pipeline=quantize_q8_1_x4 elements=262144,1,1 gpu_ns=3160
VKPHASE pipeline=quantize_q8_1_x4 elements=1376256,1,1 gpu_ns=12040
VKPHASE pipeline=quantize_q8_1_x4 elements=262144,1,1 gpu_ns=1480
VKPHASE pipeline=quantize_q8_1_x4 elements=262144,1,1 gpu_ns=3320
VKPHASE pipeline=quantize_q8_1_x4 elements=262144,1,1 gpu_ns=3360
VKPHASE pipeline=quantize_q8_1_x4 elements=1376256,1,1 gpu_ns=12880
VKPHASE pipeline=quantize_q8_1_x4 elements=262144,1,1 gpu_ns=1480
VKPHASE pipeline=quantize_q8_1_x4 elements=262144,1,1 gpu_ns=1520
VKPHASE pipeline=quantize_q8_1_x4 elements=262144,1,1 gpu_ns=3240
VKPHASE pipeline=quantize_q8_1_x4 elements=1376256,1,1 gpu_ns=12440
VKPHASE pipeline=quantize_q8_1_x4 elements=262144,1,1 gpu_ns=3200
VKPHASE pipeline=quantize_q8_1_x4 elements=262144,1,1 gpu_ns=3120
VKPHASE pipeline=quantize_q8_1_x4 elements=262144,1,1 gpu_ns=1480
VKPHASE pipeline=quantize_q8_1_x4 elements=1376256,1,1 gpu_ns=12440
VKPHASE pipeline=quantize_q8_1_x4 elements=262144,1,1 gpu_ns=3240
VKPHASE pipeline=quantize_q8_1_x4 elements=262144,1,1 gpu_ns=1520
VKPHASE pipeline=quantize_q8_1_x4 elements=262144,1,1 gpu_ns=3160
VKPHASE pipeline=quantize_q8_1_x4 elements=1376256,1,1 gpu_ns=12040
VKPHASE pipeline=quantize_q8_1_x4 elements=262144,1,1 gpu_ns=3200
VKPHASE pipeline=quantize_q8_1_x4 elements=262144,1,1 gpu_ns=3240
VKPHASE pipeline=quantize_q8_1_x4 elements=262144,1,1 gpu_ns=3160
VKPHASE pipeline=quantize_q8_1_x4 elements=1376256,1,1 gpu_ns=12440
VKPHASE pipeline=quantize_q8_1_x4 elements=262144,1,1 gpu_ns=3200
VKPHASE pipeline=quantize_q8_1_x4 elements=262144,1,1 gpu_ns=3240
VKPHASE pipeline=quantize_q8_1_x4 elements=262144,1,1 gpu_ns=3200
VKPHASE pipeline=quantize_q8_1_x4 elements=1376256,1,1 gpu_ns=12160
VKPHASE pipeline=quantize_q8_1_x4 elements=262144,1,1 gpu_ns=3240
VKPHASE pipeline=quantize_q8_1_x4 elements=262144,1,1 gpu_ns=1440
VKPHASE pipeline=quantize_q8_1_x4 elements=262144,1,1 gpu_ns=3200
VKPHASE pipeline=quantize_q8_1_x4 elements=1376256,1,1 gpu_ns=12160
VKPHASE pipeline=quantize_q8_1_x4 elements=262144,1,1 gpu_ns=1560
VKPHASE pipeline=quantize_q8_1_x4 elements=262144,1,1 gpu_ns=2320
VKPHASE pipeline=quantize_q8_1_x4 elements=262144,1,1 gpu_ns=3160
VKPHASE pipeline=quantize_q8_1_x4 elements=1376256,1,1 gpu_ns=12240
VKPHASE pipeline=quantize_q8_1_x4 elements=262144,1,1 gpu_ns=1600
VKPHASE pipeline=quantize_q8_1_x4 elements=262144,1,1 gpu_ns=3160
VKPHASE pipeline=quantize_q8_1_x4 elements=262144,1,1 gpu_ns=3200
VKPHASE pipeline=quantize_q8_1_x4 elements=1376256,1,1 gpu_ns=12160
VKPHASE pipeline=quantize_q8_1_x4 elements=262144,1,1 gpu_ns=3200
VKPHASE pipeline=quantize_q8_1_x4 elements=262144,1,1 gpu_ns=4480
VKPHASE pipeline=quantize_q8_1_x4 elements=262144,1,1 gpu_ns=3160
VKPHASE pipeline=quantize_q8_1_x4 elements=1376256,1,1 gpu_ns=12360
VKPHASE pipeline=quantize_q8_1_x4 elements=262144,1,1 gpu_ns=3200
VKPHASE pipeline=quantize_q8_1_x4 elements=262144,1,1 gpu_ns=1480
VKPHASE pipeline=quantize_q8_1_x4 elements=262144,1,1 gpu_ns=3240
VKPHASE pipeline=quantize_q8_1_x4 elements=1376256,1,1 gpu_ns=12200
VKPHASE pipeline=quantize_q8_1_x4 elements=262144,1,1 gpu_ns=3240
VKPHASE pipeline=quantize_q8_1_x4 elements=262144,1,1 gpu_ns=3160
VKPHASE pipeline=quantize_q8_1_x4 elements=262144,1,1 gpu_ns=3440
VKPHASE pipeline=quantize_q8_1_x4 elements=1376256,1,1 gpu_ns=12240
VKPHASE pipeline=quantize_q8_1_x4 elements=262144,1,1 gpu_ns=1480
VKPHASE pipeline=quantize_q8_1_x4 elements=262144,1,1 gpu_ns=3200
----------------
Vulkan Timings:
ADD: 58 x 10.461 us = 606.76 us
CONCAT: 21 x 28.038 us = 588.8 us
CONCAT, CPY: 1 x 32.56 us = 32.56 us
CPY, SSM_CONV: 22 x 17.543 us = 385.96 us
FLASH_ATTN_EXT dst(64,32,124,1),  q(64,124,32,1),  k(64,8192,8,1),  v(64,8192,8,1),  m(8192,124,1,1), SCALE: 1 x 2069.92 us = 2069.92 us (4020.2 GFLOPS/s)
FLASH_ATTN_EXT dst(64,32,124,1),  q(64,124,32,1),  k(64,8192,8,1),  v(64,8192,8,1),  m(8192,124,1,1), SCALE, GET_ROWS, GET_ROWS, CPY: 7 x 2280.18 us = 15961.2 us (3649.5 GFLOPS/s)
GET_ROWS, GET_ROWS, CPY, MUL_MAT f32 m=64 n=3968 k=64: 1 x 17 us = 17 us (1897.17 GFLOPS/s)
GLU: 17 x 40.211 us = 683.6 us
GLU, SCALE, GET_ROWS, GET_ROWS: 12 x 40.393 us = 484.72 us
MUL: 43 x 10.573 us = 454.64 us
MUL, SCALE, GET_ROWS, GET_ROWS: 1 x 14.44 us = 14.44 us
MUL_MAT f32 m=64 n=3968 k=64: 15 x 18.624 us = 279.36 us (1731.74 GFLOPS/s)
MUL_MAT f32 m=64 n=992 k=64: 8 x 3.15 us = 25.2 us (2559.67 GFLOPS/s)
MUL_MAT f32 m=64 n=992 k=64, RMS_NORM_MUL_ROPE RMS_NORM(64,8,124,1): 8 x 33.25 us = 266 us (242.496 GFLOPS/s)
MUL_MAT q4_0_rocmfp4_fast m=10752 n=124 k=2048, MUL_MAT q4_0_rocmfp4_fast m=10752 n=124 k=2048: 29 x 829.83 us = 24065.1 us (13158.5 GFLOPS/s)
MUL_MAT q4_0_rocmfp4_fast m=2048 n=124 k=10752: 29 x 590.463 us = 17123.4 us (9248.21 GFLOPS/s)
MUL_MAT q4_0_rocmfp4_fast m=2048 n=124 k=2048: 29 x 100.419 us = 2912.16 us (10355.9 GFLOPS/s)
MUL_MAT q4_0_rocmfp4_fast m=2048 n=124 k=2048, MUL_MAT q4_0_rocmfp4_fast m=512 n=124 k=2048, MUL_MAT q4_0_rocmfp4_fast m=512 n=124 k=2048: 8 x 169.35 us = 1354.8 us (9211.1 GFLOPS/s)
MUL_MAT q4_0_rocmfp4_fast m=6144 n=124 k=2048: 10 x 258.568 us = 2585.68 us (12065.7 GFLOPS/s)
MUL_MAT q4_0_rocmfp4_fast m=6144 n=124 k=2048, CPY: 12 x 251.093 us = 3013.12 us (12424.9 GFLOPS/s)
RMS_NORM_MUL RMS_NORM(2048,124,1,1): 57 x 9.555 us = 544.68 us
RMS_NORM_MUL RMS_NORM(2048,124,1,1), GET_ROWS: 1 x 9.16 us = 9.16 us
RMS_NORM_MUL_ROPE RMS_NORM(64,32,124,1): 8 x 109.99 us = 879.92 us
SCALE, GET_ROWS, GET_ROWS, RMS_NORM_MUL RMS_NORM(2048,124,1,1), CPY: 1 x 14.52 us = 14.52 us
SET_ROWS, SET_ROWS: 8 x 6.02 us = 48.16 us
Total time: 74420.9 us.
VKPHASE pipeline=quantize_q8_1_x4 elements=253952,1,1 gpu_ns=4120
VKPHASE pipeline=quantize_q8_1_x4 elements=253952,1,1 gpu_ns=1680
VKPHASE pipeline=quantize_q8_1_x4 elements=253952,1,1 gpu_ns=1600
VKPHASE pipeline=quantize_q8_1_x4 elements=1333248,1,1 gpu_ns=11840
VKPHASE pipeline=quantize_q8_1_x4 elements=253952,1,1 gpu_ns=1880
VKPHASE pipeline=quantize_q8_1_x4 elements=253952,1,1 gpu_ns=4040
VKPHASE pipeline=quantize_q8_1_x4 elements=253952,1,1 gpu_ns=4040
VKPHASE pipeline=quantize_q8_1_x4 elements=1333248,1,1 gpu_ns=12960
VKPHASE pipeline=quantize_q8_1_x4 elements=253952,1,1 gpu_ns=4280
VKPHASE pipeline=quantize_q8_1_x4 elements=253952,1,1 gpu_ns=1680
VKPHASE pipeline=quantize_q8_1_x4 elements=253952,1,1 gpu_ns=1760
VKPHASE pipeline=quantize_q8_1_x4 elements=1333248,1,1 gpu_ns=12040
VKPHASE pipeline=quantize_q8_1_x4 elements=253952,1,1 gpu_ns=1560
VKPHASE pipeline=quantize_q8_1_x4 elements=253952,1,1 gpu_ns=1480
VKPHASE pipeline=quantize_q8_1_x4 elements=253952,1,1 gpu_ns=3400
VKPHASE pipeline=quantize_q8_1_x4 elements=1333248,1,1 gpu_ns=13200
VKPHASE pipeline=quantize_q8_1_x4 elements=253952,1,1 gpu_ns=3480
VKPHASE pipeline=quantize_q8_1_x4 elements=253952,1,1 gpu_ns=3160
VKPHASE pipeline=quantize_q8_1_x4 elements=253952,1,1 gpu_ns=1440
VKPHASE pipeline=quantize_q8_1_x4 elements=1333248,1,1 gpu_ns=11640
VKPHASE pipeline=quantize_q8_1_x4 elements=253952,1,1 gpu_ns=1480
VKPHASE pipeline=quantize_q8_1_x4 elements=253952,1,1 gpu_ns=3160
VKPHASE pipeline=quantize_q8_1_x4 elements=253952,1,1 gpu_ns=1440
VKPHASE pipeline=quantize_q8_1_x4 elements=1333248,1,1 gpu_ns=11600
VKPHASE pipeline=quantize_q8_1_x4 elements=253952,1,1 gpu_ns=1440
VKPHASE pipeline=quantize_q8_1_x4 elements=253952,1,1 gpu_ns=1480
VKPHASE pipeline=quantize_q8_1_x4 elements=253952,1,1 gpu_ns=1440
VKPHASE pipeline=quantize_q8_1_x4 elements=1333248,1,1 gpu_ns=11560
VKPHASE pipeline=quantize_q8_1_x4 elements=253952,1,1 gpu_ns=1480
VKPHASE pipeline=quantize_q8_1_x4 elements=253952,1,1 gpu_ns=3160
VKPHASE pipeline=quantize_q8_1_x4 elements=253952,1,1 gpu_ns=3200
VKPHASE pipeline=quantize_q8_1_x4 elements=1333248,1,1 gpu_ns=11760
VKPHASE pipeline=quantize_q8_1_x4 elements=253952,1,1 gpu_ns=3440
VKPHASE pipeline=quantize_q8_1_x4 elements=253952,1,1 gpu_ns=1440
VKPHASE pipeline=quantize_q8_1_x4 elements=253952,1,1 gpu_ns=3160
VKPHASE pipeline=quantize_q8_1_x4 elements=1333248,1,1 gpu_ns=11560
VKPHASE pipeline=quantize_q8_1_x4 elements=253952,1,1 gpu_ns=3160
VKPHASE pipeline=quantize_q8_1_x4 elements=253952,1,1 gpu_ns=3280
VKPHASE pipeline=quantize_q8_1_x4 elements=253952,1,1 gpu_ns=3240
VKPHASE pipeline=quantize_q8_1_x4 elements=1333248,1,1 gpu_ns=11560
VKPHASE pipeline=quantize_q8_1_x4 elements=253952,1,1 gpu_ns=3200
VKPHASE pipeline=quantize_q8_1_x4 elements=253952,1,1 gpu_ns=3200
VKPHASE pipeline=quantize_q8_1_x4 elements=253952,1,1 gpu_ns=3200
VKPHASE pipeline=quantize_q8_1_x4 elements=1333248,1,1 gpu_ns=12120
VKPHASE pipeline=quantize_q8_1_x4 elements=253952,1,1 gpu_ns=3200
VKPHASE pipeline=quantize_q8_1_x4 elements=253952,1,1 gpu_ns=1440
VKPHASE pipeline=quantize_q8_1_x4 elements=253952,1,1 gpu_ns=3160
VKPHASE pipeline=quantize_q8_1_x4 elements=1333248,1,1 gpu_ns=11760
VKPHASE pipeline=quantize_q8_1_x4 elements=253952,1,1 gpu_ns=3200
VKPHASE pipeline=quantize_q8_1_x4 elements=253952,1,1 gpu_ns=1440
VKPHASE pipeline=quantize_q8_1_x4 elements=253952,1,1 gpu_ns=3200
VKPHASE pipeline=quantize_q8_1_x4 elements=1333248,1,1 gpu_ns=11840
VKPHASE pipeline=quantize_q8_1_x4 elements=253952,1,1 gpu_ns=3200
VKPHASE pipeline=quantize_q8_1_x4 elements=253952,1,1 gpu_ns=3200
VKPHASE pipeline=quantize_q8_1_x4 elements=253952,1,1 gpu_ns=1440
VKPHASE pipeline=quantize_q8_1_x4 elements=1333248,1,1 gpu_ns=11840
VKPHASE pipeline=quantize_q8_1_x4 elements=253952,1,1 gpu_ns=3160
VKPHASE pipeline=quantize_q8_1_x4 elements=253952,1,1 gpu_ns=1480
VKPHASE pipeline=quantize_q8_1_x4 elements=253952,1,1 gpu_ns=1440
VKPHASE pipeline=quantize_q8_1_x4 elements=1333248,1,1 gpu_ns=11800
VKPHASE pipeline=quantize_q8_1_x4 elements=253952,1,1 gpu_ns=1520
VKPHASE pipeline=quantize_q8_1_x4 elements=253952,1,1 gpu_ns=1480
VKPHASE pipeline=quantize_q8_1_x4 elements=253952,1,1 gpu_ns=3160
VKPHASE pipeline=quantize_q8_1_x4 elements=1333248,1,1 gpu_ns=11480
VKPHASE pipeline=quantize_q8_1_x4 elements=253952,1,1 gpu_ns=1480
VKPHASE pipeline=quantize_q8_1_x4 elements=253952,1,1 gpu_ns=1440
VKPHASE pipeline=quantize_q8_1_x4 elements=253952,1,1 gpu_ns=3160
VKPHASE pipeline=quantize_q8_1_x4 elements=1333248,1,1 gpu_ns=11760
VKPHASE pipeline=quantize_q8_1_x4 elements=253952,1,1 gpu_ns=3240
VKPHASE pipeline=quantize_q8_1_x4 elements=253952,1,1 gpu_ns=2640
VKPHASE pipeline=quantize_q8_1_x4 elements=253952,1,1 gpu_ns=3240
VKPHASE pipeline=quantize_q8_1_x4 elements=1333248,1,1 gpu_ns=11920
VKPHASE pipeline=quantize_q8_1_x4 elements=253952,1,1 gpu_ns=3200
VKPHASE pipeline=quantize_q8_1_x4 elements=253952,1,1 gpu_ns=3160
VKPHASE pipeline=quantize_q8_1_x4 elements=253952,1,1 gpu_ns=3160
VKPHASE pipeline=quantize_q8_1_x4 elements=1333248,1,1 gpu_ns=12000
VKPHASE pipeline=quantize_q8_1_x4 elements=253952,1,1 gpu_ns=3160
VKPHASE pipeline=quantize_q8_1_x4 elements=253952,1,1 gpu_ns=3120
VKPHASE pipeline=quantize_q8_1_x4 elements=253952,1,1 gpu_ns=3120
VKPHASE pipeline=quantize_q8_1_x4 elements=1333248,1,1 gpu_ns=12000
VKPHASE pipeline=quantize_q8_1_x4 elements=253952,1,1 gpu_ns=3200
VKPHASE pipeline=quantize_q8_1_x4 elements=253952,1,1 gpu_ns=1440
VKPHASE pipeline=quantize_q8_1_x4 elements=253952,1,1 gpu_ns=3160
VKPHASE pipeline=quantize_q8_1_x4 elements=1333248,1,1 gpu_ns=11640
VKPHASE pipeline=quantize_q8_1_x4 elements=253952,1,1 gpu_ns=3240
VKPHASE pipeline=quantize_q8_1_x4 elements=253952,1,1 gpu_ns=3240
VKPHASE pipeline=quantize_q8_1_x4 elements=253952,1,1 gpu_ns=3200
VKPHASE pipeline=quantize_q8_1_x4 elements=1333248,1,1 gpu_ns=11800
VKPHASE pipeline=quantize_q8_1_x4 elements=253952,1,1 gpu_ns=3200
VKPHASE pipeline=quantize_q8_1_x4 elements=253952,1,1 gpu_ns=3200
VKPHASE pipeline=quantize_q8_1_x4 elements=253952,1,1 gpu_ns=3160
VKPHASE pipeline=quantize_q8_1_x4 elements=1333248,1,1 gpu_ns=11600
VKPHASE pipeline=quantize_q8_1_x4 elements=253952,1,1 gpu_ns=3200
VKPHASE pipeline=quantize_q8_1_x4 elements=253952,1,1 gpu_ns=1440
VKPHASE pipeline=quantize_q8_1_x4 elements=253952,1,1 gpu_ns=1440
VKPHASE pipeline=quantize_q8_1_x4 elements=1333248,1,1 gpu_ns=11560
VKPHASE pipeline=quantize_q8_1_x4 elements=253952,1,1 gpu_ns=3200
VKPHASE pipeline=quantize_q8_1_x4 elements=253952,1,1 gpu_ns=1680
VKPHASE pipeline=quantize_q8_1_x4 elements=253952,1,1 gpu_ns=1480
VKPHASE pipeline=quantize_q8_1_x4 elements=1333248,1,1 gpu_ns=11640
VKPHASE pipeline=quantize_q8_1_x4 elements=253952,1,1 gpu_ns=1480
VKPHASE pipeline=quantize_q8_1_x4 elements=253952,1,1 gpu_ns=4280
VKPHASE pipeline=quantize_q8_1_x4 elements=253952,1,1 gpu_ns=3160
VKPHASE pipeline=quantize_q8_1_x4 elements=1333248,1,1 gpu_ns=12080
VKPHASE pipeline=quantize_q8_1_x4 elements=253952,1,1 gpu_ns=3440
VKPHASE pipeline=quantize_q8_1_x4 elements=253952,1,1 gpu_ns=3200
VKPHASE pipeline=quantize_q8_1_x4 elements=253952,1,1 gpu_ns=3160
VKPHASE pipeline=quantize_q8_1_x4 elements=1333248,1,1 gpu_ns=11640
VKPHASE pipeline=quantize_q8_1_x4 elements=253952,1,1 gpu_ns=3240
VKPHASE pipeline=quantize_q8_1_x4 elements=253952,1,1 gpu_ns=4240
VKPHASE pipeline=quantize_q8_1_x4 elements=253952,1,1 gpu_ns=3200
VKPHASE pipeline=quantize_q8_1_x4 elements=1333248,1,1 gpu_ns=11720
VKPHASE pipeline=quantize_q8_1_x4 elements=253952,1,1 gpu_ns=3240
VKPHASE pipeline=quantize_q8_1_x4 elements=253952,1,1 gpu_ns=3200
VKPHASE pipeline=quantize_q8_1_x4 elements=253952,1,1 gpu_ns=3160
VKPHASE pipeline=quantize_q8_1_x4 elements=1333248,1,1 gpu_ns=11880
VKPHASE pipeline=quantize_q8_1_x4 elements=253952,1,1 gpu_ns=3240
VKPHASE pipeline=quantize_q8_1_x4 elements=253952,1,1 gpu_ns=4320
0.14.896.723 I slot print_timing: id  0 | task 1 | prompt processing, n_tokens =   8060, progress = 0.98, t =   4.52 s / 1784.07 tokens per second
----------------
Vulkan Timings:
ADD: 58 x 12.493 us = 724.64 us
CONCAT: 21 x 33.918 us = 712.28 us
CONCAT, CPY: 1 x 104.76 us = 104.76 us
CPY, SSM_CONV: 22 x 20.034 us = 440.76 us
FLASH_ATTN_EXT dst(64,32,128,1),  q(64,128,32,1),  k(64,8192,8,1),  v(64,8192,8,1),  m(8192,128,1,1), SCALE: 1 x 2110.24 us = 2110.24 us (4070.6 GFLOPS/s)
FLASH_ATTN_EXT dst(64,32,128,1),  q(64,128,32,1),  k(64,8192,8,1),  v(64,8192,8,1),  m(8192,128,1,1), SCALE, GET_ROWS, GET_ROWS, CPY: 7 x 2371.16 us = 16598.1 us (3622.67 GFLOPS/s)
GET_ROWS, GET_ROWS, CPY, MUL_MAT f32 m=64 n=4096 k=64: 1 x 17.72 us = 17.72 us (1878.8 GFLOPS/s)
GLU: 17 x 49.023 us = 833.4 us
GLU, SCALE, GET_ROWS, GET_ROWS: 12 x 42.786 us = 513.44 us
MUL: 43 x 12.822 us = 551.36 us
MUL, SCALE, GET_ROWS, GET_ROWS: 1 x 37.16 us = 37.16 us
MUL_MAT f32 m=64 n=1024 k=64: 8 x 3.02 us = 24.16 us (2755.98 GFLOPS/s)
MUL_MAT f32 m=64 n=1024 k=64, RMS_NORM_MUL_ROPE RMS_NORM(64,8,128,1): 8 x 37.465 us = 299.72 us (222.156 GFLOPS/s)
MUL_MAT f32 m=64 n=4096 k=64: 15 x 19.728 us = 295.92 us (1687.57 GFLOPS/s)
MUL_MAT q4_0_rocmfp4_fast m=10752 n=128 k=2048, MUL_MAT q4_0_rocmfp4_fast m=10752 n=128 k=2048: 29 x 947.26 us = 27470.6 us (11899.1 GFLOPS/s)
MUL_MAT q4_0_rocmfp4_fast m=2048 n=128 k=10752: 29 x 661.139 us = 19173 us (8526.01 GFLOPS/s)
MUL_MAT q4_0_rocmfp4_fast m=2048 n=128 k=2048: 29 x 115.715 us = 3355.76 us (9276.86 GFLOPS/s)
MUL_MAT q4_0_rocmfp4_fast m=2048 n=128 k=2048, MUL_MAT q4_0_rocmfp4_fast m=512 n=128 k=2048, MUL_MAT q4_0_rocmfp4_fast m=512 n=128 k=2048: 8 x 187.5 us = 1500 us (8587.84 GFLOPS/s)
MUL_MAT q4_0_rocmfp4_fast m=6144 n=128 k=2048: 10 x 383.768 us = 3837.68 us (8391.63 GFLOPS/s)
MUL_MAT q4_0_rocmfp4_fast m=6144 n=128 k=2048, CPY: 12 x 247.413 us = 2968.96 us (13016.4 GFLOPS/s)
RMS_NORM_MUL RMS_NORM(2048,128,1,1): 57 x 11.805 us = 672.92 us
RMS_NORM_MUL RMS_NORM(2048,128,1,1), GET_ROWS: 1 x 10.52 us = 10.52 us
RMS_NORM_MUL_ROPE RMS_NORM(64,32,128,1): 8 x 124.24 us = 993.92 us
SCALE, GET_ROWS, GET_ROWS, RMS_NORM_MUL RMS_NORM(2048,128,1,1), CPY: 1 x 36.44 us = 36.44 us
SET_ROWS, SET_ROWS: 8 x 6.465 us = 51.72 us
Total time: 83335.2 us.
VKPHASE pipeline=quantize_q8_1_x4 elements=262144,1,1 gpu_ns=8760
VKPHASE pipeline=quantize_q8_1_x4 elements=262144,1,1 gpu_ns=10200
VKPHASE pipeline=quantize_q8_1_x4 elements=262144,1,1 gpu_ns=8720
VKPHASE pipeline=quantize_q8_1_x4 elements=1376256,1,1 gpu_ns=26720
VKPHASE pipeline=quantize_q8_1_x4 elements=262144,1,1 gpu_ns=10120
VKPHASE pipeline=quantize_q8_1_x4 elements=262144,1,1 gpu_ns=9240
VKPHASE pipeline=quantize_q8_1_x4 elements=262144,1,1 gpu_ns=10120
VKPHASE pipeline=quantize_q8_1_x4 elements=1376256,1,1 gpu_ns=26920
VKPHASE pipeline=quantize_q8_1_x4 elements=262144,1,1 gpu_ns=6320
VKPHASE pipeline=quantize_q8_1_x4 elements=262144,1,1 gpu_ns=4720
VKPHASE pipeline=quantize_q8_1_x4 elements=262144,1,1 gpu_ns=4160
VKPHASE pipeline=quantize_q8_1_x4 elements=1376256,1,1 gpu_ns=15120
VKPHASE pipeline=quantize_q8_1_x4 elements=262144,1,1 gpu_ns=5560
VKPHASE pipeline=quantize_q8_1_x4 elements=262144,1,1 gpu_ns=3400
VKPHASE pipeline=quantize_q8_1_x4 elements=262144,1,1 gpu_ns=3640
VKPHASE pipeline=quantize_q8_1_x4 elements=1376256,1,1 gpu_ns=15040
VKPHASE pipeline=quantize_q8_1_x4 elements=262144,1,1 gpu_ns=3800
VKPHASE pipeline=quantize_q8_1_x4 elements=262144,1,1 gpu_ns=3400
VKPHASE pipeline=quantize_q8_1_x4 elements=262144,1,1 gpu_ns=3720
VKPHASE pipeline=quantize_q8_1_x4 elements=1376256,1,1 gpu_ns=14880
VKPHASE pipeline=quantize_q8_1_x4 elements=262144,1,1 gpu_ns=3720
VKPHASE pipeline=quantize_q8_1_x4 elements=262144,1,1 gpu_ns=6120
VKPHASE pipeline=quantize_q8_1_x4 elements=262144,1,1 gpu_ns=3760
VKPHASE pipeline=quantize_q8_1_x4 elements=1376256,1,1 gpu_ns=14840
VKPHASE pipeline=quantize_q8_1_x4 elements=262144,1,1 gpu_ns=3880
VKPHASE pipeline=quantize_q8_1_x4 elements=262144,1,1 gpu_ns=3320
VKPHASE pipeline=quantize_q8_1_x4 elements=262144,1,1 gpu_ns=3800
VKPHASE pipeline=quantize_q8_1_x4 elements=1376256,1,1 gpu_ns=15400
VKPHASE pipeline=quantize_q8_1_x4 elements=262144,1,1 gpu_ns=3880
VKPHASE pipeline=quantize_q8_1_x4 elements=262144,1,1 gpu_ns=3320
VKPHASE pipeline=quantize_q8_1_x4 elements=262144,1,1 gpu_ns=3720
VKPHASE pipeline=quantize_q8_1_x4 elements=1376256,1,1 gpu_ns=15000
VKPHASE pipeline=quantize_q8_1_x4 elements=262144,1,1 gpu_ns=3800
VKPHASE pipeline=quantize_q8_1_x4 elements=262144,1,1 gpu_ns=3320
VKPHASE pipeline=quantize_q8_1_x4 elements=262144,1,1 gpu_ns=5640
VKPHASE pipeline=quantize_q8_1_x4 elements=1376256,1,1 gpu_ns=14560
VKPHASE pipeline=quantize_q8_1_x4 elements=262144,1,1 gpu_ns=3760
VKPHASE pipeline=quantize_q8_1_x4 elements=262144,1,1 gpu_ns=5520
VKPHASE pipeline=quantize_q8_1_x4 elements=262144,1,1 gpu_ns=3640
VKPHASE pipeline=quantize_q8_1_x4 elements=1376256,1,1 gpu_ns=14840
VKPHASE pipeline=quantize_q8_1_x4 elements=262144,1,1 gpu_ns=5360
VKPHASE pipeline=quantize_q8_1_x4 elements=262144,1,1 gpu_ns=3360
VKPHASE pipeline=quantize_q8_1_x4 elements=262144,1,1 gpu_ns=3720
VKPHASE pipeline=quantize_q8_1_x4 elements=1376256,1,1 gpu_ns=232760
VKPHASE pipeline=quantize_q8_1_x4 elements=262144,1,1 gpu_ns=3160
VKPHASE pipeline=quantize_q8_1_x4 elements=262144,1,1 gpu_ns=3200
VKPHASE pipeline=quantize_q8_1_x4 elements=262144,1,1 gpu_ns=1440
VKPHASE pipeline=quantize_q8_1_x4 elements=1376256,1,1 gpu_ns=12640
VKPHASE pipeline=quantize_q8_1_x4 elements=262144,1,1 gpu_ns=3200
VKPHASE pipeline=quantize_q8_1_x4 elements=262144,1,1 gpu_ns=1440
VKPHASE pipeline=quantize_q8_1_x4 elements=262144,1,1 gpu_ns=3200
VKPHASE pipeline=quantize_q8_1_x4 elements=1376256,1,1 gpu_ns=12040
VKPHASE pipeline=quantize_q8_1_x4 elements=262144,1,1 gpu_ns=3200
VKPHASE pipeline=quantize_q8_1_x4 elements=262144,1,1 gpu_ns=3200
VKPHASE pipeline=quantize_q8_1_x4 elements=262144,1,1 gpu_ns=1480
VKPHASE pipeline=quantize_q8_1_x4 elements=1376256,1,1 gpu_ns=12080
VKPHASE pipeline=quantize_q8_1_x4 elements=262144,1,1 gpu_ns=3200
VKPHASE pipeline=quantize_q8_1_x4 elements=262144,1,1 gpu_ns=1520
VKPHASE pipeline=quantize_q8_1_x4 elements=262144,1,1 gpu_ns=3120
VKPHASE pipeline=quantize_q8_1_x4 elements=1376256,1,1 gpu_ns=12120
VKPHASE pipeline=quantize_q8_1_x4 elements=262144,1,1 gpu_ns=3200
VKPHASE pipeline=quantize_q8_1_x4 elements=262144,1,1 gpu_ns=1440
VKPHASE pipeline=quantize_q8_1_x4 elements=262144,1,1 gpu_ns=3160
VKPHASE pipeline=quantize_q8_1_x4 elements=1376256,1,1 gpu_ns=12160
VKPHASE pipeline=quantize_q8_1_x4 elements=262144,1,1 gpu_ns=3280
VKPHASE pipeline=quantize_q8_1_x4 elements=262144,1,1 gpu_ns=1560
VKPHASE pipeline=quantize_q8_1_x4 elements=262144,1,1 gpu_ns=3120
VKPHASE pipeline=quantize_q8_1_x4 elements=1376256,1,1 gpu_ns=11800
VKPHASE pipeline=quantize_q8_1_x4 elements=262144,1,1 gpu_ns=3200
VKPHASE pipeline=quantize_q8_1_x4 elements=262144,1,1 gpu_ns=3200
VKPHASE pipeline=quantize_q8_1_x4 elements=262144,1,1 gpu_ns=1520
VKPHASE pipeline=quantize_q8_1_x4 elements=1376256,1,1 gpu_ns=12440
VKPHASE pipeline=quantize_q8_1_x4 elements=262144,1,1 gpu_ns=3200
VKPHASE pipeline=quantize_q8_1_x4 elements=262144,1,1 gpu_ns=3440
VKPHASE pipeline=quantize_q8_1_x4 elements=262144,1,1 gpu_ns=1520
VKPHASE pipeline=quantize_q8_1_x4 elements=1376256,1,1 gpu_ns=12640
VKPHASE pipeline=quantize_q8_1_x4 elements=262144,1,1 gpu_ns=3240
VKPHASE pipeline=quantize_q8_1_x4 elements=262144,1,1 gpu_ns=4280
VKPHASE pipeline=quantize_q8_1_x4 elements=262144,1,1 gpu_ns=3160
VKPHASE pipeline=quantize_q8_1_x4 elements=1376256,1,1 gpu_ns=12120
VKPHASE pipeline=quantize_q8_1_x4 elements=262144,1,1 gpu_ns=1480
VKPHASE pipeline=quantize_q8_1_x4 elements=262144,1,1 gpu_ns=1480
VKPHASE pipeline=quantize_q8_1_x4 elements=262144,1,1 gpu_ns=3240
VKPHASE pipeline=quantize_q8_1_x4 elements=1376256,1,1 gpu_ns=12520
VKPHASE pipeline=quantize_q8_1_x4 elements=262144,1,1 gpu_ns=3240
VKPHASE pipeline=quantize_q8_1_x4 elements=262144,1,1 gpu_ns=3200
VKPHASE pipeline=quantize_q8_1_x4 elements=262144,1,1 gpu_ns=3200
VKPHASE pipeline=quantize_q8_1_x4 elements=1376256,1,1 gpu_ns=12520
VKPHASE pipeline=quantize_q8_1_x4 elements=262144,1,1 gpu_ns=1480
VKPHASE pipeline=quantize_q8_1_x4 elements=262144,1,1 gpu_ns=3240
VKPHASE pipeline=quantize_q8_1_x4 elements=262144,1,1 gpu_ns=3200
VKPHASE pipeline=quantize_q8_1_x4 elements=1376256,1,1 gpu_ns=12240
VKPHASE pipeline=quantize_q8_1_x4 elements=262144,1,1 gpu_ns=3240
VKPHASE pipeline=quantize_q8_1_x4 elements=262144,1,1 gpu_ns=1480
VKPHASE pipeline=quantize_q8_1_x4 elements=262144,1,1 gpu_ns=1440
VKPHASE pipeline=quantize_q8_1_x4 elements=1376256,1,1 gpu_ns=12080
VKPHASE pipeline=quantize_q8_1_x4 elements=262144,1,1 gpu_ns=1480
VKPHASE pipeline=quantize_q8_1_x4 elements=262144,1,1 gpu_ns=1520
VKPHASE pipeline=quantize_q8_1_x4 elements=262144,1,1 gpu_ns=3160
VKPHASE pipeline=quantize_q8_1_x4 elements=1376256,1,1 gpu_ns=12560
VKPHASE pipeline=quantize_q8_1_x4 elements=262144,1,1 gpu_ns=1480
VKPHASE pipeline=quantize_q8_1_x4 elements=262144,1,1 gpu_ns=3200
VKPHASE pipeline=quantize_q8_1_x4 elements=262144,1,1 gpu_ns=1440
VKPHASE pipeline=quantize_q8_1_x4 elements=1376256,1,1 gpu_ns=12600
VKPHASE pipeline=quantize_q8_1_x4 elements=262144,1,1 gpu_ns=3120
VKPHASE pipeline=quantize_q8_1_x4 elements=262144,1,1 gpu_ns=1520
VKPHASE pipeline=quantize_q8_1_x4 elements=262144,1,1 gpu_ns=3120
VKPHASE pipeline=quantize_q8_1_x4 elements=1376256,1,1 gpu_ns=12160
VKPHASE pipeline=quantize_q8_1_x4 elements=262144,1,1 gpu_ns=3200
VKPHASE pipeline=quantize_q8_1_x4 elements=262144,1,1 gpu_ns=4400
VKPHASE pipeline=quantize_q8_1_x4 elements=262144,1,1 gpu_ns=1440
VKPHASE pipeline=quantize_q8_1_x4 elements=1376256,1,1 gpu_ns=11960
VKPHASE pipeline=quantize_q8_1_x4 elements=262144,1,1 gpu_ns=3440
VKPHASE pipeline=quantize_q8_1_x4 elements=262144,1,1 gpu_ns=3120
VKPHASE pipeline=quantize_q8_1_x4 elements=262144,1,1 gpu_ns=3160
VKPHASE pipeline=quantize_q8_1_x4 elements=1376256,1,1 gpu_ns=12160
VKPHASE pipeline=quantize_q8_1_x4 elements=262144,1,1 gpu_ns=3160
VKPHASE pipeline=quantize_q8_1_x4 elements=262144,1,1 gpu_ns=3200
0.14.993.503 I slot print_timing: id  0 | task 1 | prompt processing, n_tokens =   8188, progress = 1.00, t =   4.61 s / 1774.39 tokens per second
----------------
Vulkan Timings:
ADD: 59 x 5.819 us = 343.36 us
CONCAT: 21 x 4.727 us = 99.28 us
CONCAT, CPY: 1 x 7.88 us = 7.88 us
CPY, SSM_CONV: 22 x 8.929 us = 196.44 us
FLASH_ATTN_EXT dst(64,32,4,1),  q(64,4,32,1),  k(64,8192,8,1),  v(64,8192,8,1),  m(8192,4,1,1), SCALE: 1 x 222.48 us = 222.48 us (1206.56 GFLOPS/s)
FLASH_ATTN_EXT dst(64,32,4,1),  q(64,4,32,1),  k(64,8192,8,1),  v(64,8192,8,1),  m(8192,4,1,1), SCALE, GET_ROWS, GET_ROWS, CPY: 7 x 437.691 us = 3063.84 us (613.298 GFLOPS/s)
GET_ROWS: 1 x 2.36 us = 2.36 us
GET_ROWS, GET_ROWS, CPY, MUL_MAT f32 m=64 n=128 k=64: 1 x 8.16 us = 8.16 us (127.498 GFLOPS/s)
GLU: 18 x 8.266 us = 148.8 us
GLU, SCALE, GET_ROWS, GET_ROWS: 12 x 13.74 us = 164.88 us
MUL: 43 x 6.044 us = 259.92 us
MUL, SCALE, GET_ROWS, GET_ROWS: 1 x 17.88 us = 17.88 us
MUL_MAT f32 m=64 n=128 k=64: 7 x 12.845 us = 89.92 us (80.9907 GFLOPS/s)
MUL_MAT f32 m=64 n=32 k=64: 8 x 10.09 us = 80.72 us (25.7776 GFLOPS/s)
MUL_MAT f32 m=64 n=32 k=64, RMS_NORM_MUL_ROPE RMS_NORM(64,8,4,1), MUL_MAT f32 m=64 n=128 k=64: 8 x 28.452 us = 227.62 us (45.7071 GFLOPS/s)
MUL_MAT_ADD MUL_MAT_VEC q4_0_rocmfp4_fast m=2048 n=1 k=10752: 1 x 59.4 us = 59.4 us (741.383 GFLOPS/s)
MUL_MAT_VEC q4_0_rocmfp4_fast m=10752 n=1 k=2048, MUL_MAT_VEC q4_0_rocmfp4_fast m=10752 n=1 k=2048: 1 x 103.72 us = 103.72 us (849.006 GFLOPS/s)
MUL_MAT_VEC q4_0_rocmfp4_fast m=10752 n=4 k=2048, MUL_MAT_VEC q4_0_rocmfp4_fast m=10752 n=4 k=2048: 29 x 275.238 us = 7981.92 us (1279.75 GFLOPS/s)
MUL_MAT_VEC q4_0_rocmfp4_fast m=2048 n=4 k=10752: 29 x 128.743 us = 3733.56 us (1368.24 GFLOPS/s)
MUL_MAT_VEC q4_0_rocmfp4_fast m=2048 n=4 k=2048: 30 x 36.622 us = 1098.68 us (915.997 GFLOPS/s)
MUL_MAT_VEC q4_0_rocmfp4_fast m=2048 n=4 k=2048, MUL_MAT_VEC q4_0_rocmfp4_fast m=512 n=4 k=2048, MUL_MAT_VEC q4_0_rocmfp4_fast m=512 n=4 k=2048: 8 x 51.325 us = 410.6 us (980.406 GFLOPS/s)
MUL_MAT_VEC q4_0_rocmfp4_fast m=6144 n=4 k=2048: 10 x 88.016 us = 880.16 us (1143.41 GFLOPS/s)
MUL_MAT_VEC q4_0_rocmfp4_fast m=6144 n=4 k=2048, CPY: 12 x 86.04 us = 1032.48 us (1169.67 GFLOPS/s)
RMS_NORM_MUL RMS_NORM(2048,1,1,1): 2 x 4.12 us = 8.24 us
RMS_NORM_MUL RMS_NORM(2048,4,1,1): 57 x 8.683 us = 494.96 us
RMS_NORM_MUL RMS_NORM(2048,4,1,1), GET_ROWS: 1 x 5.6 us = 5.6 us
RMS_NORM_MUL_ROPE RMS_NORM(64,32,4,1): 8 x 15.385 us = 123.08 us
SCALE, GET_ROWS, GET_ROWS, RMS_NORM_MUL RMS_NORM(2048,4,1,1), CPY: 1 x 20.96 us = 20.96 us
SET_ROWS, SET_ROWS: 8 x 8.76 us = 70.08 us
Total time: 20957 us.
VKPHASE pipeline=quantize_q8_1_x4 elements=8192,1,1 gpu_ns=8280
VKPHASE pipeline=mul_mat_vec_rocmfp4_fast_q8_1_f32 elements=6144,1,1 gpu_ns=119360
VKPHASE pipeline=quantize_q8_1_x4 elements=8192,1,1 gpu_ns=7440
VKPHASE pipeline=mul_mat_vec_rocmfp4_fast_q8_1_f32 elements=2048,1,1 gpu_ns=43760
VKPHASE pipeline=quantize_q8_1_x4 elements=8192,1,1 gpu_ns=7600
VKPHASE pipeline=mul_mat_vec_rocmfp4_fast_q8_1_f32 elements=10752,1,1 gpu_ns=199640
VKPHASE pipeline=mul_mat_vec_rocmfp4_fast_q8_1_f32 elements=10752,1,1 gpu_ns=188480
VKPHASE pipeline=quantize_q8_1_x4 elements=43008,1,1 gpu_ns=8080
VKPHASE pipeline=mul_mat_vec_rocmfp4_fast_q8_1_f32 elements=2048,1,1 gpu_ns=178400
VKPHASE pipeline=quantize_q8_1_x4 elements=8192,1,1 gpu_ns=7400
VKPHASE pipeline=mul_mat_vec_rocmfp4_fast_q8_1_f32 elements=6144,1,1 gpu_ns=116840
VKPHASE pipeline=quantize_q8_1_x4 elements=8192,1,1 gpu_ns=7400
VKPHASE pipeline=mul_mat_vec_rocmfp4_fast_q8_1_f32 elements=2048,1,1 gpu_ns=43640
VKPHASE pipeline=quantize_q8_1_x4 elements=8192,1,1 gpu_ns=7720
VKPHASE pipeline=mul_mat_vec_rocmfp4_fast_q8_1_f32 elements=10752,1,1 gpu_ns=198680
VKPHASE pipeline=mul_mat_vec_rocmfp4_fast_q8_1_f32 elements=10752,1,1 gpu_ns=188720
VKPHASE pipeline=quantize_q8_1_x4 elements=43008,1,1 gpu_ns=7560
VKPHASE pipeline=mul_mat_vec_rocmfp4_fast_q8_1_f32 elements=2048,1,1 gpu_ns=177720
VKPHASE pipeline=quantize_q8_1_x4 elements=8192,1,1 gpu_ns=7760
VKPHASE pipeline=mul_mat_vec_rocmfp4_fast_q8_1_f32 elements=2048,1,1 gpu_ns=59200
VKPHASE pipeline=mul_mat_vec_rocmfp4_fast_q8_1_f32 elements=512,1,1 gpu_ns=1000
VKPHASE pipeline=mul_mat_vec_rocmfp4_fast_q8_1_f32 elements=512,1,1 gpu_ns=960
VKPHASE pipeline=quantize_q8_1_x4 elements=8192,1,1 gpu_ns=7480
VKPHASE pipeline=mul_mat_vec_rocmfp4_fast_q8_1_f32 elements=2048,1,1 gpu_ns=43840
VKPHASE pipeline=quantize_q8_1_x4 elements=8192,1,1 gpu_ns=7800
VKPHASE pipeline=mul_mat_vec_rocmfp4_fast_q8_1_f32 elements=10752,1,1 gpu_ns=422040
VKPHASE pipeline=mul_mat_vec_rocmfp4_fast_q8_1_f32 elements=10752,1,1 gpu_ns=187360
VKPHASE pipeline=quantize_q8_1_x4 elements=43008,1,1 gpu_ns=7920
VKPHASE pipeline=mul_mat_vec_rocmfp4_fast_q8_1_f32 elements=2048,1,1 gpu_ns=178360
VKPHASE pipeline=quantize_q8_1_x4 elements=8192,1,1 gpu_ns=7800
VKPHASE pipeline=mul_mat_vec_rocmfp4_fast_q8_1_f32 elements=6144,1,1 gpu_ns=115960
VKPHASE pipeline=quantize_q8_1_x4 elements=8192,1,1 gpu_ns=7800
VKPHASE pipeline=mul_mat_vec_rocmfp4_fast_q8_1_f32 elements=2048,1,1 gpu_ns=43680
VKPHASE pipeline=quantize_q8_1_x4 elements=8192,1,1 gpu_ns=7320
VKPHASE pipeline=mul_mat_vec_rocmfp4_fast_q8_1_f32 elements=10752,1,1 gpu_ns=198400
VKPHASE pipeline=mul_mat_vec_rocmfp4_fast_q8_1_f32 elements=10752,1,1 gpu_ns=188480
VKPHASE pipeline=quantize_q8_1_x4 elements=43008,1,1 gpu_ns=7960
VKPHASE pipeline=mul_mat_vec_rocmfp4_fast_q8_1_f32 elements=2048,1,1 gpu_ns=175960
VKPHASE pipeline=quantize_q8_1_x4 elements=8192,1,1 gpu_ns=7800
VKPHASE pipeline=mul_mat_vec_rocmfp4_fast_q8_1_f32 elements=6144,1,1 gpu_ns=115960
VKPHASE pipeline=quantize_q8_1_x4 elements=8192,1,1 gpu_ns=7800
VKPHASE pipeline=mul_mat_vec_rocmfp4_fast_q8_1_f32 elements=2048,1,1 gpu_ns=42080
VKPHASE pipeline=quantize_q8_1_x4 elements=8192,1,1 gpu_ns=7760
VKPHASE pipeline=mul_mat_vec_rocmfp4_fast_q8_1_f32 elements=10752,1,1 gpu_ns=198640
VKPHASE pipeline=mul_mat_vec_rocmfp4_fast_q8_1_f32 elements=10752,1,1 gpu_ns=189800
VKPHASE pipeline=quantize_q8_1_x4 elements=43008,1,1 gpu_ns=7880
VKPHASE pipeline=mul_mat_vec_rocmfp4_fast_q8_1_f32 elements=2048,1,1 gpu_ns=177280
VKPHASE pipeline=quantize_q8_1_x4 elements=8192,1,1 gpu_ns=7840
VKPHASE pipeline=mul_mat_vec_rocmfp4_fast_q8_1_f32 elements=2048,1,1 gpu_ns=60640
VKPHASE pipeline=mul_mat_vec_rocmfp4_fast_q8_1_f32 elements=512,1,1 gpu_ns=960
VKPHASE pipeline=mul_mat_vec_rocmfp4_fast_q8_1_f32 elements=512,1,1 gpu_ns=960
VKPHASE pipeline=quantize_q8_1_x4 elements=8192,1,1 gpu_ns=7280
VKPHASE pipeline=mul_mat_vec_rocmfp4_fast_q8_1_f32 elements=2048,1,1 gpu_ns=43840
VKPHASE pipeline=quantize_q8_1_x4 elements=8192,1,1 gpu_ns=7760
VKPHASE pipeline=mul_mat_vec_rocmfp4_fast_q8_1_f32 elements=10752,1,1 gpu_ns=198560
VKPHASE pipeline=mul_mat_vec_rocmfp4_fast_q8_1_f32 elements=10752,1,1 gpu_ns=188320
VKPHASE pipeline=quantize_q8_1_x4 elements=43008,1,1 gpu_ns=8040
VKPHASE pipeline=mul_mat_vec_rocmfp4_fast_q8_1_f32 elements=2048,1,1 gpu_ns=177000
VKPHASE pipeline=quantize_q8_1_x4 elements=8192,1,1 gpu_ns=7680
VKPHASE pipeline=mul_mat_vec_rocmfp4_fast_q8_1_f32 elements=6144,1,1 gpu_ns=115960
VKPHASE pipeline=quantize_q8_1_x4 elements=8192,1,1 gpu_ns=7360
VKPHASE pipeline=mul_mat_vec_rocmfp4_fast_q8_1_f32 elements=2048,1,1 gpu_ns=43840
VKPHASE pipeline=quantize_q8_1_x4 elements=8192,1,1 gpu_ns=7320
VKPHASE pipeline=mul_mat_vec_rocmfp4_fast_q8_1_f32 elements=10752,1,1 gpu_ns=198440
VKPHASE pipeline=mul_mat_vec_rocmfp4_fast_q8_1_f32 elements=10752,1,1 gpu_ns=219760
VKPHASE pipeline=quantize_q8_1_x4 elements=43008,1,1 gpu_ns=7920
VKPHASE pipeline=mul_mat_vec_rocmfp4_fast_q8_1_f32 elements=2048,1,1 gpu_ns=177440
VKPHASE pipeline=quantize_q8_1_x4 elements=8192,1,1 gpu_ns=7800
VKPHASE pipeline=mul_mat_vec_rocmfp4_fast_q8_1_f32 elements=6144,1,1 gpu_ns=130960
VKPHASE pipeline=quantize_q8_1_x4 elements=8192,1,1 gpu_ns=7640
VKPHASE pipeline=mul_mat_vec_rocmfp4_fast_q8_1_f32 elements=2048,1,1 gpu_ns=43640
VKPHASE pipeline=quantize_q8_1_x4 elements=8192,1,1 gpu_ns=7720
VKPHASE pipeline=mul_mat_vec_rocmfp4_fast_q8_1_f32 elements=10752,1,1 gpu_ns=230560
VKPHASE pipeline=mul_mat_vec_rocmfp4_fast_q8_1_f32 elements=10752,1,1 gpu_ns=195920
VKPHASE pipeline=quantize_q8_1_x4 elements=43008,1,1 gpu_ns=7960
VKPHASE pipeline=mul_mat_vec_rocmfp4_fast_q8_1_f32 elements=2048,1,1 gpu_ns=177400
VKPHASE pipeline=quantize_q8_1_x4 elements=8192,1,1 gpu_ns=7640
VKPHASE pipeline=mul_mat_vec_rocmfp4_fast_q8_1_f32 elements=6144,1,1 gpu_ns=116280
VKPHASE pipeline=quantize_q8_1_x4 elements=8192,1,1 gpu_ns=7680
VKPHASE pipeline=mul_mat_vec_rocmfp4_fast_q8_1_f32 elements=2048,1,1 gpu_ns=43840
VKPHASE pipeline=quantize_q8_1_x4 elements=8192,1,1 gpu_ns=7760
VKPHASE pipeline=mul_mat_vec_rocmfp4_fast_q8_1_f32 elements=10752,1,1 gpu_ns=198680
VKPHASE pipeline=mul_mat_vec_rocmfp4_fast_q8_1_f32 elements=10752,1,1 gpu_ns=187960
VKPHASE pipeline=quantize_q8_1_x4 elements=43008,1,1 gpu_ns=8040
VKPHASE pipeline=mul_mat_vec_rocmfp4_fast_q8_1_f32 elements=2048,1,1 gpu_ns=177120
VKPHASE pipeline=quantize_q8_1_x4 elements=8192,1,1 gpu_ns=7680
VKPHASE pipeline=mul_mat_vec_rocmfp4_fast_q8_1_f32 elements=2048,1,1 gpu_ns=60560
VKPHASE pipeline=mul_mat_vec_rocmfp4_fast_q8_1_f32 elements=512,1,1 gpu_ns=960
VKPHASE pipeline=mul_mat_vec_rocmfp4_fast_q8_1_f32 elements=512,1,1 gpu_ns=920
VKPHASE pipeline=quantize_q8_1_x4 elements=8192,1,1 gpu_ns=7800
VKPHASE pipeline=mul_mat_vec_rocmfp4_fast_q8_1_f32 elements=2048,1,1 gpu_ns=43520
VKPHASE pipeline=quantize_q8_1_x4 elements=8192,1,1 gpu_ns=7720
VKPHASE pipeline=mul_mat_vec_rocmfp4_fast_q8_1_f32 elements=10752,1,1 gpu_ns=198560
VKPHASE pipeline=mul_mat_vec_rocmfp4_fast_q8_1_f32 elements=10752,1,1 gpu_ns=188280
VKPHASE pipeline=quantize_q8_1_x4 elements=43008,1,1 gpu_ns=7920
VKPHASE pipeline=mul_mat_vec_rocmfp4_fast_q8_1_f32 elements=2048,1,1 gpu_ns=175000
VKPHASE pipeline=quantize_q8_1_x4 elements=8192,1,1 gpu_ns=7600
VKPHASE pipeline=mul_mat_vec_rocmfp4_fast_q8_1_f32 elements=6144,1,1 gpu_ns=114200
VKPHASE pipeline=quantize_q8_1_x4 elements=8192,1,1 gpu_ns=7640
VKPHASE pipeline=mul_mat_vec_rocmfp4_fast_q8_1_f32 elements=2048,1,1 gpu_ns=43160
VKPHASE pipeline=quantize_q8_1_x4 elements=8192,1,1 gpu_ns=7240
VKPHASE pipeline=mul_mat_vec_rocmfp4_fast_q8_1_f32 elements=10752,1,1 gpu_ns=195400
VKPHASE pipeline=mul_mat_vec_rocmfp4_fast_q8_1_f32 elements=10752,1,1 gpu_ns=187920
VKPHASE pipeline=quantize_q8_1_x4 elements=43008,1,1 gpu_ns=18720
VKPHASE pipeline=mul_mat_vec_rocmfp4_fast_q8_1_f32 elements=2048,1,1 gpu_ns=220240
VKPHASE pipeline=quantize_q8_1_x4 elements=8192,1,1 gpu_ns=6640
VKPHASE pipeline=mul_mat_vec_rocmfp4_fast_q8_1_f32 elements=6144,1,1 gpu_ns=106680
VKPHASE pipeline=quantize_q8_1_x4 elements=8192,1,1 gpu_ns=6880
VKPHASE pipeline=mul_mat_vec_rocmfp4_fast_q8_1_f32 elements=2048,1,1 gpu_ns=39560
VKPHASE pipeline=quantize_q8_1_x4 elements=8192,1,1 gpu_ns=6640
VKPHASE pipeline=mul_mat_vec_rocmfp4_fast_q8_1_f32 elements=10752,1,1 gpu_ns=178000
VKPHASE pipeline=mul_mat_vec_rocmfp4_fast_q8_1_f32 elements=10752,1,1 gpu_ns=170480
VKPHASE pipeline=quantize_q8_1_x4 elements=43008,1,1 gpu_ns=6720
VKPHASE pipeline=mul_mat_vec_rocmfp4_fast_q8_1_f32 elements=2048,1,1 gpu_ns=158960
VKPHASE pipeline=quantize_q8_1_x4 elements=8192,1,1 gpu_ns=6960
VKPHASE pipeline=mul_mat_vec_rocmfp4_fast_q8_1_f32 elements=6144,1,1 gpu_ns=97760
VKPHASE pipeline=quantize_q8_1_x4 elements=8192,1,1 gpu_ns=5760
VKPHASE pipeline=mul_mat_vec_rocmfp4_fast_q8_1_f32 elements=2048,1,1 gpu_ns=35440
VKPHASE pipeline=quantize_q8_1_x4 elements=8192,1,1 gpu_ns=5760
VKPHASE pipeline=mul_mat_vec_rocmfp4_fast_q8_1_f32 elements=10752,1,1 gpu_ns=155960
VKPHASE pipeline=mul_mat_vec_rocmfp4_fast_q8_1_f32 elements=10752,1,1 gpu_ns=148320
VKPHASE pipeline=quantize_q8_1_x4 elements=43008,1,1 gpu_ns=6080
VKPHASE pipeline=mul_mat_vec_rocmfp4_fast_q8_1_f32 elements=2048,1,1 gpu_ns=139120
VKPHASE pipeline=quantize_q8_1_x4 elements=8192,1,1 gpu_ns=5800
VKPHASE pipeline=mul_mat_vec_rocmfp4_fast_q8_1_f32 elements=2048,1,1 gpu_ns=46680
VKPHASE pipeline=mul_mat_vec_rocmfp4_fast_q8_1_f32 elements=512,1,1 gpu_ns=720
VKPHASE pipeline=mul_mat_vec_rocmfp4_fast_q8_1_f32 elements=512,1,1 gpu_ns=760
VKPHASE pipeline=quantize_q8_1_x4 elements=8192,1,1 gpu_ns=2280
VKPHASE pipeline=mul_mat_vec_rocmfp4_fast_q8_1_f32 elements=2048,1,1 gpu_ns=30120
VKPHASE pipeline=quantize_q8_1_x4 elements=8192,1,1 gpu_ns=2320
VKPHASE pipeline=mul_mat_vec_rocmfp4_fast_q8_1_f32 elements=10752,1,1 gpu_ns=133160
VKPHASE pipeline=mul_mat_vec_rocmfp4_fast_q8_1_f32 elements=10752,1,1 gpu_ns=126440
VKPHASE pipeline=quantize_q8_1_x4 elements=43008,1,1 gpu_ns=5080
VKPHASE pipeline=mul_mat_vec_rocmfp4_fast_q8_1_f32 elements=2048,1,1 gpu_ns=118920
VKPHASE pipeline=quantize_q8_1_x4 elements=8192,1,1 gpu_ns=2320
VKPHASE pipeline=mul_mat_vec_rocmfp4_fast_q8_1_f32 elements=6144,1,1 gpu_ns=77280
VKPHASE pipeline=quantize_q8_1_x4 elements=8192,1,1 gpu_ns=2320
VKPHASE pipeline=mul_mat_vec_rocmfp4_fast_q8_1_f32 elements=2048,1,1 gpu_ns=29840
VKPHASE pipeline=quantize_q8_1_x4 elements=8192,1,1 gpu_ns=2320
VKPHASE pipeline=mul_mat_vec_rocmfp4_fast_q8_1_f32 elements=10752,1,1 gpu_ns=147120
VKPHASE pipeline=mul_mat_vec_rocmfp4_fast_q8_1_f32 elements=10752,1,1 gpu_ns=90040
VKPHASE pipeline=quantize_q8_1_x4 elements=43008,1,1 gpu_ns=4280
VKPHASE pipeline=mul_mat_vec_rocmfp4_fast_q8_1_f32 elements=2048,1,1 gpu_ns=99080
VKPHASE pipeline=quantize_q8_1_x4 elements=8192,1,1 gpu_ns=2080
VKPHASE pipeline=mul_mat_vec_rocmfp4_fast_q8_1_f32 elements=6144,1,1 gpu_ns=64600
VKPHASE pipeline=quantize_q8_1_x4 elements=8192,1,1 gpu_ns=2080
VKPHASE pipeline=mul_mat_vec_rocmfp4_fast_q8_1_f32 elements=2048,1,1 gpu_ns=24080
VKPHASE pipeline=quantize_q8_1_x4 elements=8192,1,1 gpu_ns=2120
VKPHASE pipeline=mul_mat_vec_rocmfp4_fast_q8_1_f32 elements=10752,1,1 gpu_ns=110920
VKPHASE pipeline=mul_mat_vec_rocmfp4_fast_q8_1_f32 elements=10752,1,1 gpu_ns=105160
VKPHASE pipeline=quantize_q8_1_x4 elements=43008,1,1 gpu_ns=2120
VKPHASE pipeline=mul_mat_vec_rocmfp4_fast_q8_1_f32 elements=2048,1,1 gpu_ns=98960
VKPHASE pipeline=quantize_q8_1_x4 elements=8192,1,1 gpu_ns=2080
VKPHASE pipeline=mul_mat_vec_rocmfp4_fast_q8_1_f32 elements=6144,1,1 gpu_ns=64400
VKPHASE pipeline=quantize_q8_1_x4 elements=8192,1,1 gpu_ns=2320
VKPHASE pipeline=mul_mat_vec_rocmfp4_fast_q8_1_f32 elements=2048,1,1 gpu_ns=23600
VKPHASE pipeline=quantize_q8_1_x4 elements=8192,1,1 gpu_ns=2080
VKPHASE pipeline=mul_mat_vec_rocmfp4_fast_q8_1_f32 elements=10752,1,1 gpu_ns=113600
VKPHASE pipeline=mul_mat_vec_rocmfp4_fast_q8_1_f32 elements=10752,1,1 gpu_ns=104440
VKPHASE pipeline=quantize_q8_1_x4 elements=43008,1,1 gpu_ns=2040
VKPHASE pipeline=mul_mat_vec_rocmfp4_fast_q8_1_f32 elements=2048,1,1 gpu_ns=82840
VKPHASE pipeline=quantize_q8_1_x4 elements=8192,1,1 gpu_ns=2040
VKPHASE pipeline=mul_mat_vec_rocmfp4_fast_q8_1_f32 elements=2048,1,1 gpu_ns=27240
VKPHASE pipeline=mul_mat_vec_rocmfp4_fast_q8_1_f32 elements=512,1,1 gpu_ns=440
VKPHASE pipeline=mul_mat_vec_rocmfp4_fast_q8_1_f32 elements=512,1,1 gpu_ns=440
VKPHASE pipeline=quantize_q8_1_x4 elements=8192,1,1 gpu_ns=2040
VKPHASE pipeline=mul_mat_vec_rocmfp4_fast_q8_1_f32 elements=2048,1,1 gpu_ns=20760
VKPHASE pipeline=quantize_q8_1_x4 elements=8192,1,1 gpu_ns=2040
VKPHASE pipeline=mul_mat_vec_rocmfp4_fast_q8_1_f32 elements=10752,1,1 gpu_ns=92600
VKPHASE pipeline=mul_mat_vec_rocmfp4_fast_q8_1_f32 elements=10752,1,1 gpu_ns=88320
VKPHASE pipeline=quantize_q8_1_x4 elements=43008,1,1 gpu_ns=2040
VKPHASE pipeline=mul_mat_vec_rocmfp4_fast_q8_1_f32 elements=2048,1,1 gpu_ns=84200
VKPHASE pipeline=quantize_q8_1_x4 elements=8192,1,1 gpu_ns=2000
VKPHASE pipeline=mul_mat_vec_rocmfp4_fast_q8_1_f32 elements=6144,1,1 gpu_ns=53640
VKPHASE pipeline=quantize_q8_1_x4 elements=8192,1,1 gpu_ns=2000
VKPHASE pipeline=mul_mat_vec_rocmfp4_fast_q8_1_f32 elements=2048,1,1 gpu_ns=22280
VKPHASE pipeline=quantize_q8_1_x4 elements=8192,1,1 gpu_ns=1760
VKPHASE pipeline=mul_mat_vec_rocmfp4_fast_q8_1_f32 elements=10752,1,1 gpu_ns=78000
VKPHASE pipeline=mul_mat_vec_rocmfp4_fast_q8_1_f32 elements=10752,1,1 gpu_ns=73480
VKPHASE pipeline=quantize_q8_1_x4 elements=43008,1,1 gpu_ns=1760
VKPHASE pipeline=mul_mat_vec_rocmfp4_fast_q8_1_f32 elements=2048,1,1 gpu_ns=69800
VKPHASE pipeline=quantize_q8_1_x4 elements=8192,1,1 gpu_ns=1760
VKPHASE pipeline=mul_mat_vec_rocmfp4_fast_q8_1_f32 elements=6144,1,1 gpu_ns=44840
VKPHASE pipeline=quantize_q8_1_x4 elements=8192,1,1 gpu_ns=1720
VKPHASE pipeline=mul_mat_vec_rocmfp4_fast_q8_1_f32 elements=2048,1,1 gpu_ns=16480
VKPHASE pipeline=quantize_q8_1_x4 elements=8192,1,1 gpu_ns=1720
VKPHASE pipeline=mul_mat_vec_rocmfp4_fast_q8_1_f32 elements=10752,1,1 gpu_ns=77320
VKPHASE pipeline=mul_mat_vec_rocmfp4_fast_q8_1_f32 elements=10752,1,1 gpu_ns=73960
VKPHASE pipeline=quantize_q8_1_x4 elements=43008,1,1 gpu_ns=1760
VKPHASE pipeline=mul_mat_vec_rocmfp4_fast_q8_1_f32 elements=2048,1,1 gpu_ns=69680
VKPHASE pipeline=quantize_q8_1_x4 elements=8192,1,1 gpu_ns=1720
VKPHASE pipeline=mul_mat_vec_rocmfp4_fast_q8_1_f32 elements=6144,1,1 gpu_ns=44760
VKPHASE pipeline=quantize_q8_1_x4 elements=8192,1,1 gpu_ns=1720
VKPHASE pipeline=mul_mat_vec_rocmfp4_fast_q8_1_f32 elements=2048,1,1 gpu_ns=16480
VKPHASE pipeline=quantize_q8_1_x4 elements=8192,1,1 gpu_ns=1760
VKPHASE pipeline=mul_mat_vec_rocmfp4_fast_q8_1_f32 elements=10752,1,1 gpu_ns=77840
VKPHASE pipeline=mul_mat_vec_rocmfp4_fast_q8_1_f32 elements=10752,1,1 gpu_ns=79400
VKPHASE pipeline=quantize_q8_1_x4 elements=43008,1,1 gpu_ns=1760
VKPHASE pipeline=mul_mat_vec_rocmfp4_fast_q8_1_f32 elements=2048,1,1 gpu_ns=79440
VKPHASE pipeline=quantize_q8_1_x4 elements=8192,1,1 gpu_ns=1720
VKPHASE pipeline=mul_mat_vec_rocmfp4_fast_q8_1_f32 elements=2048,1,1 gpu_ns=23400
VKPHASE pipeline=mul_mat_vec_rocmfp4_fast_q8_1_f32 elements=512,1,1 gpu_ns=400
VKPHASE pipeline=mul_mat_vec_rocmfp4_fast_q8_1_f32 elements=512,1,1 gpu_ns=440
VKPHASE pipeline=quantize_q8_1_x4 elements=8192,1,1 gpu_ns=1600
VKPHASE pipeline=mul_mat_vec_rocmfp4_fast_q8_1_f32 elements=2048,1,1 gpu_ns=16000
VKPHASE pipeline=quantize_q8_1_x4 elements=8192,1,1 gpu_ns=1600
VKPHASE pipeline=mul_mat_vec_rocmfp4_fast_q8_1_f32 elements=10752,1,1 gpu_ns=66320
VKPHASE pipeline=mul_mat_vec_rocmfp4_fast_q8_1_f32 elements=10752,1,1 gpu_ns=62160
VKPHASE pipeline=quantize_q8_1_x4 elements=43008,1,1 gpu_ns=1560
VKPHASE pipeline=mul_mat_vec_rocmfp4_fast_q8_1_f32 elements=2048,1,1 gpu_ns=60800
VKPHASE pipeline=quantize_q8_1_x4 elements=8192,1,1 gpu_ns=1600
VKPHASE pipeline=mul_mat_vec_rocmfp4_fast_q8_1_f32 elements=6144,1,1 gpu_ns=38720
VKPHASE pipeline=quantize_q8_1_x4 elements=8192,1,1 gpu_ns=1600
VKPHASE pipeline=mul_mat_vec_rocmfp4_fast_q8_1_f32 elements=2048,1,1 gpu_ns=14800
VKPHASE pipeline=quantize_q8_1_x4 elements=8192,1,1 gpu_ns=1600
VKPHASE pipeline=mul_mat_vec_rocmfp4_fast_q8_1_f32 elements=10752,1,1 gpu_ns=66200
VKPHASE pipeline=mul_mat_vec_rocmfp4_fast_q8_1_f32 elements=10752,1,1 gpu_ns=62080
VKPHASE pipeline=quantize_q8_1_x4 elements=43008,1,1 gpu_ns=1560
VKPHASE pipeline=mul_mat_vec_rocmfp4_fast_q8_1_f32 elements=2048,1,1 gpu_ns=59880
VKPHASE pipeline=quantize_q8_1_x4 elements=8192,1,1 gpu_ns=1600
VKPHASE pipeline=mul_mat_vec_rocmfp4_fast_q8_1_f32 elements=6144,1,1 gpu_ns=47000
VKPHASE pipeline=quantize_q8_1_x4 elements=8192,1,1 gpu_ns=1600
VKPHASE pipeline=mul_mat_vec_rocmfp4_fast_q8_1_f32 elements=2048,1,1 gpu_ns=14840
VKPHASE pipeline=quantize_q8_1_x4 elements=8192,1,1 gpu_ns=1600
VKPHASE pipeline=mul_mat_vec_rocmfp4_fast_q8_1_f32 elements=10752,1,1 gpu_ns=76640
VKPHASE pipeline=mul_mat_vec_rocmfp4_fast_q8_1_f32 elements=10752,1,1 gpu_ns=67680
VKPHASE pipeline=quantize_q8_1_x4 elements=43008,1,1 gpu_ns=1400
VKPHASE pipeline=mul_mat_vec_rocmfp4_fast_q8_1_f32 elements=2048,1,1 gpu_ns=57120
VKPHASE pipeline=quantize_q8_1_x4 elements=8192,1,1 gpu_ns=1400
VKPHASE pipeline=mul_mat_vec_rocmfp4_fast_q8_1_f32 elements=2048,1,1 gpu_ns=21080
VKPHASE pipeline=mul_mat_vec_rocmfp4_fast_q8_1_f32 elements=512,1,1 gpu_ns=280
VKPHASE pipeline=mul_mat_vec_rocmfp4_fast_q8_1_f32 elements=512,1,1 gpu_ns=280
VKPHASE pipeline=quantize_q8_1_x4 elements=8192,1,1 gpu_ns=1440
VKPHASE pipeline=mul_mat_vec_rocmfp4_fast_q8_1_f32 elements=2048,1,1 gpu_ns=18640
VKPHASE pipeline=quantize_q8_1_x4 elements=8192,1,1 gpu_ns=1400
VKPHASE pipeline=mul_mat_vec_rocmfp4_fast_q8_1_f32 elements=10752,1,1 gpu_ns=57600
VKPHASE pipeline=mul_mat_vec_rocmfp4_fast_q8_1_f32 elements=10752,1,1 gpu_ns=52720
VKPHASE pipeline=quantize_q8_1_x4 elements=43008,1,1 gpu_ns=1440
VKPHASE pipeline=mul_mat_vec_rocmfp4_fast_q8_1_f32 elements=2048,1,1 gpu_ns=57440
VKPHASE pipeline=quantize_q8_1_x4 elements=8192,1,1 gpu_ns=1440
VKPHASE pipeline=mul_mat_vec_rocmfp4_fast_q8_1_f32 elements=6144,1,1 gpu_ns=35080
VKPHASE pipeline=quantize_q8_1_x4 elements=8192,1,1 gpu_ns=1440
VKPHASE pipeline=mul_mat_vec_rocmfp4_fast_q8_1_f32 elements=2048,1,1 gpu_ns=14200
VKPHASE pipeline=quantize_q8_1_x4 elements=8192,1,1 gpu_ns=1440
VKPHASE pipeline=mul_mat_vec_rocmfp4_fast_q8_1_f32 elements=10752,1,1 gpu_ns=57680
VKPHASE pipeline=mul_mat_vec_rocmfp4_fast_q8_1_f32 elements=10752,1,1 gpu_ns=52320
VKPHASE pipeline=quantize_q8_1_x4 elements=43008,1,1 gpu_ns=1440
VKPHASE pipeline=mul_mat_vec_rocmfp4_fast_q8_1_f32 elements=2048,1,1 gpu_ns=57040
VKPHASE pipeline=quantize_q8_1_x4 elements=8192,1,1 gpu_ns=1440
VKPHASE pipeline=mul_mat_vec_rocmfp4_fast_q8_1_f32 elements=6144,1,1 gpu_ns=34520
VKPHASE pipeline=quantize_q8_1_x4 elements=8192,1,1 gpu_ns=1440
VKPHASE pipeline=mul_mat_vec_rocmfp4_fast_q8_1_f32 elements=2048,1,1 gpu_ns=14400
VKPHASE pipeline=quantize_q8_1_x4 elements=8192,1,1 gpu_ns=1400
VKPHASE pipeline=mul_mat_vec_rocmfp4_fast_q8_1_f32 elements=10752,1,1 gpu_ns=56800
VKPHASE pipeline=mul_mat_vec_rocmfp4_fast_q8_1_f32 elements=10752,1,1 gpu_ns=50480
VKPHASE pipeline=quantize_q8_1_x4 elements=43008,1,1 gpu_ns=1400
VKPHASE pipeline=mul_mat_vec_rocmfp4_fast_q8_1_f32 elements=2048,1,1 gpu_ns=57400
VKPHASE pipeline=quantize_q8_1_x4 elements=8192,1,1 gpu_ns=1400
VKPHASE pipeline=mul_mat_vec_rocmfp4_fast_q8_1_f32 elements=2048,1,1 gpu_ns=16960
VKPHASE pipeline=mul_mat_vec_rocmfp4_fast_q8_1_f32 elements=512,1,1 gpu_ns=240
VKPHASE pipeline=mul_mat_vec_rocmfp4_fast_q8_1_f32 elements=512,1,1 gpu_ns=240
VKPHASE pipeline=quantize_q8_1_x4 elements=8192,1,1 gpu_ns=1760
VKPHASE pipeline=mul_mat_vec_rocmfp4_fast_q8_1_f32 elements=2048,1,1 gpu_ns=15800
VKPHASE pipeline=quantize_q8_1_x4 elements=8192,1,1 gpu_ns=1400
VKPHASE pipeline=mul_mat_vec_rocmfp4_fast_q8_1_f32 elements=10752,1,1 gpu_ns=56400
VKPHASE pipeline=mul_mat_vec_rocmfp4_fast_q8_1_f32 elements=10752,1,1 gpu_ns=50200
VKPHASE pipeline=quantize_q8_1_x4 elements=43008,1,1 gpu_ns=1400
VKPHASE pipeline=mul_mat_vec_rocmfp4_fast_q8_1_f32 elements=2048,1,1 gpu_ns=57400
VKPHASE pipeline=quantize_q8_1_x4 elements=8192,1,1 gpu_ns=1440
VKPHASE pipeline=mul_mat_vec_rocmfp4_fast_q8_1_f32 elements=6144,1,1 gpu_ns=33800
VKPHASE pipeline=quantize_q8_1_x4 elements=8192,1,1 gpu_ns=1400
VKPHASE pipeline=mul_mat_vec_rocmfp4_fast_q8_1_f32 elements=2048,1,1 gpu_ns=13160
VKPHASE pipeline=quantize_q8_1_x4 elements=8192,1,1 gpu_ns=1400
VKPHASE pipeline=mul_mat_vec_rocmfp4_fast_q8_1_f32 elements=10752,1,1 gpu_ns=65520
VKPHASE pipeline=mul_mat_vec_rocmfp4_fast_q8_1_f32 elements=10752,1,1 gpu_ns=63920
VKPHASE pipeline=quantize_q8_1_x4 elements=43008,1,1 gpu_ns=1400
VKPHASE pipeline=mul_mat_vec_rocmfp4_fast_q8_1_f32 elements=2048,1,1 gpu_ns=72360
VKPHASE pipeline=quantize_q8_1_x4 elements=8192,1,1 gpu_ns=1400
VKPHASE pipeline=mul_mat_vec_rocmfp4_fast_q8_1_f32 elements=6144,1,1 gpu_ns=42960
VKPHASE pipeline=quantize_q8_1_x4 elements=8192,1,1 gpu_ns=1400
VKPHASE pipeline=mul_mat_vec_rocmfp4_fast_q8_1_f32 elements=2048,1,1 gpu_ns=14680
VKPHASE pipeline=quantize_q8_1_x4 elements=2048,1,1 gpu_ns=1400
VKPHASE pipeline=mul_mat_vec_rocmfp4_fast_q8_1_f32 elements=10752,1,1 gpu_ns=52320
VKPHASE pipeline=mul_mat_vec_rocmfp4_fast_q8_1_f32 elements=10752,1,1 gpu_ns=48280
VKPHASE pipeline=quantize_q8_1_x4 elements=10752,1,1 gpu_ns=1400
VKPHASE pipeline=mul_mat_vec_rocmfp4_fast_q8_1_f32 elements=2048,1,1 gpu_ns=49440
VKPHASE pipeline=quantize_q8_1_x4 elements=2048,1,1 gpu_ns=1440
VKPHASE pipeline=mul_mat_vec_rocmfp4_fast_q8_1_f32 elements=128000,1,1 gpu_ns=565760
0.15.034.463 I slot print_timing: id  0 | task 1 | prompt eval time =    4655.51 ms /  8192 tokens (    0.57 ms per token,  1759.63 tokens per second)
0.15.034.469 I slot print_timing: id  0 | task 1 |        eval time =       0.00 ms /     1 tokens (    0.00 ms per token,     0.00 tokens per second)
0.15.034.471 I slot print_timing: id  0 | task 1 |       total time =    4655.51 ms /  8193 tokens
0.15.034.477 I slot print_timing: id  0 | task 1 |    graphs reused =         31
0.15.035.426 I slot      release: id  0 | task 1 | stop processing: n_tokens = 8192, truncated = 0
0.15.041.970 I slot get_availabl: id  0 | task -1 | selected slot by id (0)
0.15.042.016 I slot launch_slot_: id  0 | task 6 | processing task, is_child = 0
----------------
Vulkan Timings:
ADD: 59 x 6.67 us = 393.56 us
CONCAT: 21 x 5.651 us = 118.68 us
CONCAT, CPY: 1 x 7.92 us = 7.92 us
CPY, SSM_CONV: 22 x 9.845 us = 216.6 us
FLASH_ATTN_EXT dst(64,32,4,1),  q(64,4,32,1),  k(64,8192,8,1),  v(64,8192,8,1),  m(8192,4,1,1), SCALE: 1 x 255.84 us = 255.84 us (1049.23 GFLOPS/s)
FLASH_ATTN_EXT dst(64,32,4,1),  q(64,4,32,1),  k(64,8192,8,1),  v(64,8192,8,1),  m(8192,4,1,1), SCALE, GET_ROWS, GET_ROWS, CPY: 7 x 513.874 us = 3597.12 us (522.376 GFLOPS/s)
GET_ROWS: 1 x 2.44 us = 2.44 us
GET_ROWS, GET_ROWS, CPY, MUL_MAT f32 m=64 n=128 k=64: 1 x 8.04 us = 8.04 us (129.401 GFLOPS/s)
GLU: 18 x 8.822 us = 158.8 us
GLU, SCALE, GET_ROWS, GET_ROWS: 12 x 14.323 us = 171.88 us
MUL: 43 x 6.176 us = 265.6 us
MUL, SCALE, GET_ROWS, GET_ROWS: 1 x 17.76 us = 17.76 us
MUL_MAT f32 m=64 n=128 k=64: 7 x 18.965 us = 132.76 us (54.856 GFLOPS/s)
MUL_MAT f32 m=64 n=32 k=64: 8 x 10.485 us = 83.88 us (24.8065 GFLOPS/s)
MUL_MAT f32 m=64 n=32 k=64, RMS_NORM_MUL_ROPE RMS_NORM(64,8,4,1), MUL_MAT f32 m=64 n=128 k=64: 8 x 31.575 us = 252.6 us (41.187 GFLOPS/s)
MUL_MAT_ADD MUL_MAT_VEC q4_0_rocmfp4_fast m=2048 n=1 k=10752: 1 x 59.2 us = 59.2 us (743.888 GFLOPS/s)
MUL_MAT_VEC q4_0_rocmfp4_fast m=10752 n=1 k=2048, MUL_MAT_VEC q4_0_rocmfp4_fast m=10752 n=1 k=2048: 1 x 102.76 us = 102.76 us (856.937 GFLOPS/s)
MUL_MAT_VEC q4_0_rocmfp4_fast m=10752 n=4 k=2048, MUL_MAT_VEC q4_0_rocmfp4_fast m=10752 n=4 k=2048: 29 x 293.324 us = 8506.4 us (1200.84 GFLOPS/s)
MUL_MAT_VEC q4_0_rocmfp4_fast m=2048 n=4 k=10752: 29 x 138.976 us = 4030.32 us (1267.5 GFLOPS/s)
MUL_MAT_VEC q4_0_rocmfp4_fast m=2048 n=4 k=2048: 30 x 41.854 us = 1255.64 us (801.493 GFLOPS/s)
MUL_MAT_VEC q4_0_rocmfp4_fast m=2048 n=4 k=2048, MUL_MAT_VEC q4_0_rocmfp4_fast m=512 n=4 k=2048, MUL_MAT_VEC q4_0_rocmfp4_fast m=512 n=4 k=2048: 8 x 57.115 us = 456.92 us (881.018 GFLOPS/s)
MUL_MAT_VEC q4_0_rocmfp4_fast m=6144 n=4 k=2048: 10 x 93.124 us = 931.24 us (1080.7 GFLOPS/s)
MUL_MAT_VEC q4_0_rocmfp4_fast m=6144 n=4 k=2048, CPY: 12 x 96.73 us = 1160.76 us (1040.41 GFLOPS/s)
RMS_NORM_MUL RMS_NORM(2048,1,1,1): 2 x 4.14 us = 8.28 us
RMS_NORM_MUL RMS_NORM(2048,4,1,1): 57 x 9.76 us = 556.32 us
RMS_NORM_MUL RMS_NORM(2048,4,1,1), GET_ROWS: 1 x 5.64 us = 5.64 us
RMS_NORM_MUL_ROPE RMS_NORM(64,32,4,1): 8 x 18.895 us = 151.16 us
SCALE, GET_ROWS, GET_ROWS, RMS_NORM_MUL RMS_NORM(2048,4,1,1), CPY: 1 x 21.04 us = 21.04 us
SET_ROWS, SET_ROWS: 8 x 9.535 us = 76.28 us
Total time: 23005.4 us.
VKPHASE pipeline=quantize_q8_1_x4 elements=8192,1,1 gpu_ns=8360
VKPHASE pipeline=mul_mat_vec_rocmfp4_fast_q8_1_f32 elements=6144,1,1 gpu_ns=118160
VKPHASE pipeline=quantize_q8_1_x4 elements=8192,1,1 gpu_ns=7720
VKPHASE pipeline=mul_mat_vec_rocmfp4_fast_q8_1_f32 elements=2048,1,1 gpu_ns=43880
VKPHASE pipeline=quantize_q8_1_x4 elements=8192,1,1 gpu_ns=7680
VKPHASE pipeline=mul_mat_vec_rocmfp4_fast_q8_1_f32 elements=10752,1,1 gpu_ns=198760
VKPHASE pipeline=mul_mat_vec_rocmfp4_fast_q8_1_f32 elements=10752,1,1 gpu_ns=188640
VKPHASE pipeline=quantize_q8_1_x4 elements=43008,1,1 gpu_ns=7600
VKPHASE pipeline=mul_mat_vec_rocmfp4_fast_q8_1_f32 elements=2048,1,1 gpu_ns=178800
VKPHASE pipeline=quantize_q8_1_x4 elements=8192,1,1 gpu_ns=7640
VKPHASE pipeline=mul_mat_vec_rocmfp4_fast_q8_1_f32 elements=6144,1,1 gpu_ns=116480
VKPHASE pipeline=quantize_q8_1_x4 elements=8192,1,1 gpu_ns=7680
VKPHASE pipeline=mul_mat_vec_rocmfp4_fast_q8_1_f32 elements=2048,1,1 gpu_ns=43680
VKPHASE pipeline=quantize_q8_1_x4 elements=8192,1,1 gpu_ns=7320
VKPHASE pipeline=mul_mat_vec_rocmfp4_fast_q8_1_f32 elements=10752,1,1 gpu_ns=198720
VKPHASE pipeline=mul_mat_vec_rocmfp4_fast_q8_1_f32 elements=10752,1,1 gpu_ns=188480
VKPHASE pipeline=quantize_q8_1_x4 elements=43008,1,1 gpu_ns=7640
VKPHASE pipeline=mul_mat_vec_rocmfp4_fast_q8_1_f32 elements=2048,1,1 gpu_ns=177400
VKPHASE pipeline=quantize_q8_1_x4 elements=8192,1,1 gpu_ns=7640
VKPHASE pipeline=mul_mat_vec_rocmfp4_fast_q8_1_f32 elements=2048,1,1 gpu_ns=60640
VKPHASE pipeline=mul_mat_vec_rocmfp4_fast_q8_1_f32 elements=512,1,1 gpu_ns=960
VKPHASE pipeline=mul_mat_vec_rocmfp4_fast_q8_1_f32 elements=512,1,1 gpu_ns=920
VKPHASE pipeline=quantize_q8_1_x4 elements=8192,1,1 gpu_ns=7360
VKPHASE pipeline=mul_mat_vec_rocmfp4_fast_q8_1_f32 elements=2048,1,1 gpu_ns=43760
VKPHASE pipeline=quantize_q8_1_x4 elements=8192,1,1 gpu_ns=7760
VKPHASE pipeline=mul_mat_vec_rocmfp4_fast_q8_1_f32 elements=10752,1,1 gpu_ns=198600
VKPHASE pipeline=mul_mat_vec_rocmfp4_fast_q8_1_f32 elements=10752,1,1 gpu_ns=189120
VKPHASE pipeline=quantize_q8_1_x4 elements=43008,1,1 gpu_ns=8040
VKPHASE pipeline=mul_mat_vec_rocmfp4_fast_q8_1_f32 elements=2048,1,1 gpu_ns=189640
VKPHASE pipeline=quantize_q8_1_x4 elements=8192,1,1 gpu_ns=7880
VKPHASE pipeline=mul_mat_vec_rocmfp4_fast_q8_1_f32 elements=6144,1,1 gpu_ns=119680
VKPHASE pipeline=quantize_q8_1_x4 elements=8192,1,1 gpu_ns=3400
VKPHASE pipeline=mul_mat_vec_rocmfp4_fast_q8_1_f32 elements=2048,1,1 gpu_ns=45920
VKPHASE pipeline=quantize_q8_1_x4 elements=8192,1,1 gpu_ns=7400
VKPHASE pipeline=mul_mat_vec_rocmfp4_fast_q8_1_f32 elements=10752,1,1 gpu_ns=198520
VKPHASE pipeline=mul_mat_vec_rocmfp4_fast_q8_1_f32 elements=10752,1,1 gpu_ns=188640
VKPHASE pipeline=quantize_q8_1_x4 elements=43008,1,1 gpu_ns=7480
VKPHASE pipeline=mul_mat_vec_rocmfp4_fast_q8_1_f32 elements=2048,1,1 gpu_ns=177680
VKPHASE pipeline=quantize_q8_1_x4 elements=8192,1,1 gpu_ns=7760
VKPHASE pipeline=mul_mat_vec_rocmfp4_fast_q8_1_f32 elements=6144,1,1 gpu_ns=127200
VKPHASE pipeline=quantize_q8_1_x4 elements=8192,1,1 gpu_ns=7400
VKPHASE pipeline=mul_mat_vec_rocmfp4_fast_q8_1_f32 elements=2048,1,1 gpu_ns=43760
VKPHASE pipeline=quantize_q8_1_x4 elements=8192,1,1 gpu_ns=7640
VKPHASE pipeline=mul_mat_vec_rocmfp4_fast_q8_1_f32 elements=10752,1,1 gpu_ns=198960
VKPHASE pipeline=mul_mat_vec_rocmfp4_fast_q8_1_f32 elements=10752,1,1 gpu_ns=187920
VKPHASE pipeline=quantize_q8_1_x4 elements=43008,1,1 gpu_ns=7960
VKPHASE pipeline=mul_mat_vec_rocmfp4_fast_q8_1_f32 elements=2048,1,1 gpu_ns=177520
VKPHASE pipeline=quantize_q8_1_x4 elements=8192,1,1 gpu_ns=7720
VKPHASE pipeline=mul_mat_vec_rocmfp4_fast_q8_1_f32 elements=2048,1,1 gpu_ns=60960
VKPHASE pipeline=mul_mat_vec_rocmfp4_fast_q8_1_f32 elements=512,1,1 gpu_ns=960
VKPHASE pipeline=mul_mat_vec_rocmfp4_fast_q8_1_f32 elements=512,1,1 gpu_ns=960
VKPHASE pipeline=quantize_q8_1_x4 elements=8192,1,1 gpu_ns=3480
VKPHASE pipeline=mul_mat_vec_rocmfp4_fast_q8_1_f32 elements=2048,1,1 gpu_ns=64280
VKPHASE pipeline=quantize_q8_1_x4 elements=8192,1,1 gpu_ns=7800
VKPHASE pipeline=mul_mat_vec_rocmfp4_fast_q8_1_f32 elements=10752,1,1 gpu_ns=197000
VKPHASE pipeline=mul_mat_vec_rocmfp4_fast_q8_1_f32 elements=10752,1,1 gpu_ns=188320
VKPHASE pipeline=quantize_q8_1_x4 elements=43008,1,1 gpu_ns=8000
VKPHASE pipeline=mul_mat_vec_rocmfp4_fast_q8_1_f32 elements=2048,1,1 gpu_ns=177280
VKPHASE pipeline=quantize_q8_1_x4 elements=8192,1,1 gpu_ns=7680
VKPHASE pipeline=mul_mat_vec_rocmfp4_fast_q8_1_f32 elements=6144,1,1 gpu_ns=115840
VKPHASE pipeline=quantize_q8_1_x4 elements=8192,1,1 gpu_ns=7800
VKPHASE pipeline=mul_mat_vec_rocmfp4_fast_q8_1_f32 elements=2048,1,1 gpu_ns=42520
VKPHASE pipeline=quantize_q8_1_x4 elements=8192,1,1 gpu_ns=7720
VKPHASE pipeline=mul_mat_vec_rocmfp4_fast_q8_1_f32 elements=10752,1,1 gpu_ns=198160
VKPHASE pipeline=mul_mat_vec_rocmfp4_fast_q8_1_f32 elements=10752,1,1 gpu_ns=188040
VKPHASE pipeline=quantize_q8_1_x4 elements=43008,1,1 gpu_ns=7560
VKPHASE pipeline=mul_mat_vec_rocmfp4_fast_q8_1_f32 elements=2048,1,1 gpu_ns=177320
VKPHASE pipeline=quantize_q8_1_x4 elements=8192,1,1 gpu_ns=7360
VKPHASE pipeline=mul_mat_vec_rocmfp4_fast_q8_1_f32 elements=6144,1,1 gpu_ns=116040
VKPHASE pipeline=quantize_q8_1_x4 elements=8192,1,1 gpu_ns=7760
VKPHASE pipeline=mul_mat_vec_rocmfp4_fast_q8_1_f32 elements=2048,1,1 gpu_ns=43520
VKPHASE pipeline=quantize_q8_1_x4 elements=8192,1,1 gpu_ns=7680
VKPHASE pipeline=mul_mat_vec_rocmfp4_fast_q8_1_f32 elements=10752,1,1 gpu_ns=198400
VKPHASE pipeline=mul_mat_vec_rocmfp4_fast_q8_1_f32 elements=10752,1,1 gpu_ns=188840
VKPHASE pipeline=quantize_q8_1_x4 elements=43008,1,1 gpu_ns=7920
VKPHASE pipeline=mul_mat_vec_rocmfp4_fast_q8_1_f32 elements=2048,1,1 gpu_ns=177160
VKPHASE pipeline=quantize_q8_1_x4 elements=8192,1,1 gpu_ns=7800
VKPHASE pipeline=mul_mat_vec_rocmfp4_fast_q8_1_f32 elements=6144,1,1 gpu_ns=116040
VKPHASE pipeline=quantize_q8_1_x4 elements=8192,1,1 gpu_ns=7760
VKPHASE pipeline=mul_mat_vec_rocmfp4_fast_q8_1_f32 elements=2048,1,1 gpu_ns=43840
VKPHASE pipeline=quantize_q8_1_x4 elements=8192,1,1 gpu_ns=7720
VKPHASE pipeline=mul_mat_vec_rocmfp4_fast_q8_1_f32 elements=10752,1,1 gpu_ns=213200
VKPHASE pipeline=mul_mat_vec_rocmfp4_fast_q8_1_f32 elements=10752,1,1 gpu_ns=190080
VKPHASE pipeline=quantize_q8_1_x4 elements=43008,1,1 gpu_ns=8080
VKPHASE pipeline=mul_mat_vec_rocmfp4_fast_q8_1_f32 elements=2048,1,1 gpu_ns=177320
VKPHASE pipeline=quantize_q8_1_x4 elements=8192,1,1 gpu_ns=7760
VKPHASE pipeline=mul_mat_vec_rocmfp4_fast_q8_1_f32 elements=2048,1,1 gpu_ns=60680
VKPHASE pipeline=mul_mat_vec_rocmfp4_fast_q8_1_f32 elements=512,1,1 gpu_ns=960
VKPHASE pipeline=mul_mat_vec_rocmfp4_fast_q8_1_f32 elements=512,1,1 gpu_ns=960
VKPHASE pipeline=quantize_q8_1_x4 elements=8192,1,1 gpu_ns=3360
VKPHASE pipeline=mul_mat_vec_rocmfp4_fast_q8_1_f32 elements=2048,1,1 gpu_ns=63760
VKPHASE pipeline=quantize_q8_1_x4 elements=8192,1,1 gpu_ns=7760
VKPHASE pipeline=mul_mat_vec_rocmfp4_fast_q8_1_f32 elements=10752,1,1 gpu_ns=198280
VKPHASE pipeline=mul_mat_vec_rocmfp4_fast_q8_1_f32 elements=10752,1,1 gpu_ns=188240
VKPHASE pipeline=quantize_q8_1_x4 elements=43008,1,1 gpu_ns=8000
VKPHASE pipeline=mul_mat_vec_rocmfp4_fast_q8_1_f32 elements=2048,1,1 gpu_ns=177440
VKPHASE pipeline=quantize_q8_1_x4 elements=8192,1,1 gpu_ns=7800
VKPHASE pipeline=mul_mat_vec_rocmfp4_fast_q8_1_f32 elements=6144,1,1 gpu_ns=116120
VKPHASE pipeline=quantize_q8_1_x4 elements=8192,1,1 gpu_ns=7800
VKPHASE pipeline=mul_mat_vec_rocmfp4_fast_q8_1_f32 elements=2048,1,1 gpu_ns=43600
VKPHASE pipeline=quantize_q8_1_x4 elements=8192,1,1 gpu_ns=7760
VKPHASE pipeline=mul_mat_vec_rocmfp4_fast_q8_1_f32 elements=10752,1,1 gpu_ns=198280
VKPHASE pipeline=mul_mat_vec_rocmfp4_fast_q8_1_f32 elements=10752,1,1 gpu_ns=188040
VKPHASE pipeline=quantize_q8_1_x4 elements=43008,1,1 gpu_ns=8040
VKPHASE pipeline=mul_mat_vec_rocmfp4_fast_q8_1_f32 elements=2048,1,1 gpu_ns=177040
VKPHASE pipeline=quantize_q8_1_x4 elements=8192,1,1 gpu_ns=7800
VKPHASE pipeline=mul_mat_vec_rocmfp4_fast_q8_1_f32 elements=6144,1,1 gpu_ns=116040
VKPHASE pipeline=quantize_q8_1_x4 elements=8192,1,1 gpu_ns=7800
VKPHASE pipeline=mul_mat_vec_rocmfp4_fast_q8_1_f32 elements=2048,1,1 gpu_ns=60560
VKPHASE pipeline=quantize_q8_1_x4 elements=8192,1,1 gpu_ns=7680
VKPHASE pipeline=mul_mat_vec_rocmfp4_fast_q8_1_f32 elements=10752,1,1 gpu_ns=197400
VKPHASE pipeline=mul_mat_vec_rocmfp4_fast_q8_1_f32 elements=10752,1,1 gpu_ns=188160
VKPHASE pipeline=quantize_q8_1_x4 elements=43008,1,1 gpu_ns=8200
VKPHASE pipeline=mul_mat_vec_rocmfp4_fast_q8_1_f32 elements=2048,1,1 gpu_ns=177240
VKPHASE pipeline=quantize_q8_1_x4 elements=8192,1,1 gpu_ns=7720
VKPHASE pipeline=mul_mat_vec_rocmfp4_fast_q8_1_f32 elements=6144,1,1 gpu_ns=116080
VKPHASE pipeline=quantize_q8_1_x4 elements=8192,1,1 gpu_ns=7680
VKPHASE pipeline=mul_mat_vec_rocmfp4_fast_q8_1_f32 elements=2048,1,1 gpu_ns=45760
VKPHASE pipeline=quantize_q8_1_x4 elements=8192,1,1 gpu_ns=7760
VKPHASE pipeline=mul_mat_vec_rocmfp4_fast_q8_1_f32 elements=10752,1,1 gpu_ns=198480
VKPHASE pipeline=mul_mat_vec_rocmfp4_fast_q8_1_f32 elements=10752,1,1 gpu_ns=187760
VKPHASE pipeline=quantize_q8_1_x4 elements=43008,1,1 gpu_ns=7960
VKPHASE pipeline=mul_mat_vec_rocmfp4_fast_q8_1_f32 elements=2048,1,1 gpu_ns=177160
VKPHASE pipeline=quantize_q8_1_x4 elements=8192,1,1 gpu_ns=7680
VKPHASE pipeline=mul_mat_vec_rocmfp4_fast_q8_1_f32 elements=2048,1,1 gpu_ns=60520
VKPHASE pipeline=mul_mat_vec_rocmfp4_fast_q8_1_f32 elements=512,1,1 gpu_ns=960
VKPHASE pipeline=mul_mat_vec_rocmfp4_fast_q8_1_f32 elements=512,1,1 gpu_ns=960
VKPHASE pipeline=quantize_q8_1_x4 elements=8192,1,1 gpu_ns=7400
VKPHASE pipeline=mul_mat_vec_rocmfp4_fast_q8_1_f32 elements=2048,1,1 gpu_ns=42320
VKPHASE pipeline=quantize_q8_1_x4 elements=8192,1,1 gpu_ns=7400
VKPHASE pipeline=mul_mat_vec_rocmfp4_fast_q8_1_f32 elements=10752,1,1 gpu_ns=187800
VKPHASE pipeline=mul_mat_vec_rocmfp4_fast_q8_1_f32 elements=10752,1,1 gpu_ns=179240
VKPHASE pipeline=quantize_q8_1_x4 elements=43008,1,1 gpu_ns=7640
VKPHASE pipeline=mul_mat_vec_rocmfp4_fast_q8_1_f32 elements=2048,1,1 gpu_ns=168960
VKPHASE pipeline=quantize_q8_1_x4 elements=8192,1,1 gpu_ns=7440
VKPHASE pipeline=mul_mat_vec_rocmfp4_fast_q8_1_f32 elements=6144,1,1 gpu_ns=110520
VKPHASE pipeline=quantize_q8_1_x4 elements=8192,1,1 gpu_ns=7040
VKPHASE pipeline=mul_mat_vec_rocmfp4_fast_q8_1_f32 elements=2048,1,1 gpu_ns=37840
VKPHASE pipeline=quantize_q8_1_x4 elements=8192,1,1 gpu_ns=6240
VKPHASE pipeline=mul_mat_vec_rocmfp4_fast_q8_1_f32 elements=10752,1,1 gpu_ns=193160
VKPHASE pipeline=mul_mat_vec_rocmfp4_fast_q8_1_f32 elements=10752,1,1 gpu_ns=157800
VKPHASE pipeline=quantize_q8_1_x4 elements=43008,1,1 gpu_ns=6360
VKPHASE pipeline=mul_mat_vec_rocmfp4_fast_q8_1_f32 elements=2048,1,1 gpu_ns=159640
VKPHASE pipeline=quantize_q8_1_x4 elements=8192,1,1 gpu_ns=6240
VKPHASE pipeline=mul_mat_vec_rocmfp4_fast_q8_1_f32 elements=6144,1,1 gpu_ns=97600
VKPHASE pipeline=quantize_q8_1_x4 elements=8192,1,1 gpu_ns=6240
VKPHASE pipeline=mul_mat_vec_rocmfp4_fast_q8_1_f32 elements=2048,1,1 gpu_ns=36000
VKPHASE pipeline=quantize_q8_1_x4 elements=8192,1,1 gpu_ns=6280
VKPHASE pipeline=mul_mat_vec_rocmfp4_fast_q8_1_f32 elements=10752,1,1 gpu_ns=165960
VKPHASE pipeline=mul_mat_vec_rocmfp4_fast_q8_1_f32 elements=10752,1,1 gpu_ns=137160
VKPHASE pipeline=quantize_q8_1_x4 elements=43008,1,1 gpu_ns=5480
VKPHASE pipeline=mul_mat_vec_rocmfp4_fast_q8_1_f32 elements=2048,1,1 gpu_ns=128920
VKPHASE pipeline=quantize_q8_1_x4 elements=8192,1,1 gpu_ns=5360
VKPHASE pipeline=mul_mat_vec_rocmfp4_fast_q8_1_f32 elements=6144,1,1 gpu_ns=83760
VKPHASE pipeline=quantize_q8_1_x4 elements=8192,1,1 gpu_ns=5360
VKPHASE pipeline=mul_mat_vec_rocmfp4_fast_q8_1_f32 elements=2048,1,1 gpu_ns=31000
VKPHASE pipeline=quantize_q8_1_x4 elements=8192,1,1 gpu_ns=5320
VKPHASE pipeline=mul_mat_vec_rocmfp4_fast_q8_1_f32 elements=10752,1,1 gpu_ns=162480
VKPHASE pipeline=mul_mat_vec_rocmfp4_fast_q8_1_f32 elements=10752,1,1 gpu_ns=146240
VKPHASE pipeline=quantize_q8_1_x4 elements=43008,1,1 gpu_ns=5640
VKPHASE pipeline=mul_mat_vec_rocmfp4_fast_q8_1_f32 elements=2048,1,1 gpu_ns=128840
VKPHASE pipeline=quantize_q8_1_x4 elements=8192,1,1 gpu_ns=5320
VKPHASE pipeline=mul_mat_vec_rocmfp4_fast_q8_1_f32 elements=2048,1,1 gpu_ns=43080
VKPHASE pipeline=mul_mat_vec_rocmfp4_fast_q8_1_f32 elements=512,1,1 gpu_ns=600
VKPHASE pipeline=mul_mat_vec_rocmfp4_fast_q8_1_f32 elements=512,1,1 gpu_ns=600
VKPHASE pipeline=quantize_q8_1_x4 elements=8192,1,1 gpu_ns=2200
VKPHASE pipeline=mul_mat_vec_rocmfp4_fast_q8_1_f32 elements=2048,1,1 gpu_ns=26440
VKPHASE pipeline=quantize_q8_1_x4 elements=8192,1,1 gpu_ns=2200
VKPHASE pipeline=mul_mat_vec_rocmfp4_fast_q8_1_f32 elements=10752,1,1 gpu_ns=121760
VKPHASE pipeline=mul_mat_vec_rocmfp4_fast_q8_1_f32 elements=10752,1,1 gpu_ns=115680
VKPHASE pipeline=quantize_q8_1_x4 elements=43008,1,1 gpu_ns=2240
VKPHASE pipeline=mul_mat_vec_rocmfp4_fast_q8_1_f32 elements=2048,1,1 gpu_ns=109960
VKPHASE pipeline=quantize_q8_1_x4 elements=8192,1,1 gpu_ns=2160
VKPHASE pipeline=mul_mat_vec_rocmfp4_fast_q8_1_f32 elements=6144,1,1 gpu_ns=70800
VKPHASE pipeline=quantize_q8_1_x4 elements=8192,1,1 gpu_ns=2000
VKPHASE pipeline=mul_mat_vec_rocmfp4_fast_q8_1_f32 elements=2048,1,1 gpu_ns=21880
VKPHASE pipeline=quantize_q8_1_x4 elements=8192,1,1 gpu_ns=2000
VKPHASE pipeline=mul_mat_vec_rocmfp4_fast_q8_1_f32 elements=10752,1,1 gpu_ns=101520
VKPHASE pipeline=mul_mat_vec_rocmfp4_fast_q8_1_f32 elements=10752,1,1 gpu_ns=96120
VKPHASE pipeline=quantize_q8_1_x4 elements=43008,1,1 gpu_ns=1960
VKPHASE pipeline=mul_mat_vec_rocmfp4_fast_q8_1_f32 elements=2048,1,1 gpu_ns=91160
VKPHASE pipeline=quantize_q8_1_x4 elements=8192,1,1 gpu_ns=2160
VKPHASE pipeline=mul_mat_vec_rocmfp4_fast_q8_1_f32 elements=6144,1,1 gpu_ns=58560
VKPHASE pipeline=quantize_q8_1_x4 elements=8192,1,1 gpu_ns=2000
VKPHASE pipeline=mul_mat_vec_rocmfp4_fast_q8_1_f32 elements=2048,1,1 gpu_ns=22040
VKPHASE pipeline=quantize_q8_1_x4 elements=8192,1,1 gpu_ns=2200
VKPHASE pipeline=mul_mat_vec_rocmfp4_fast_q8_1_f32 elements=10752,1,1 gpu_ns=101040
VKPHASE pipeline=mul_mat_vec_rocmfp4_fast_q8_1_f32 elements=10752,1,1 gpu_ns=96240
VKPHASE pipeline=quantize_q8_1_x4 elements=43008,1,1 gpu_ns=2000
VKPHASE pipeline=mul_mat_vec_rocmfp4_fast_q8_1_f32 elements=2048,1,1 gpu_ns=90880
VKPHASE pipeline=quantize_q8_1_x4 elements=8192,1,1 gpu_ns=2000
VKPHASE pipeline=mul_mat_vec_rocmfp4_fast_q8_1_f32 elements=6144,1,1 gpu_ns=58800
VKPHASE pipeline=quantize_q8_1_x4 elements=8192,1,1 gpu_ns=1960
VKPHASE pipeline=mul_mat_vec_rocmfp4_fast_q8_1_f32 elements=2048,1,1 gpu_ns=22360
VKPHASE pipeline=quantize_q8_1_x4 elements=8192,1,1 gpu_ns=1960
VKPHASE pipeline=mul_mat_vec_rocmfp4_fast_q8_1_f32 elements=10752,1,1 gpu_ns=104040
VKPHASE pipeline=mul_mat_vec_rocmfp4_fast_q8_1_f32 elements=10752,1,1 gpu_ns=81840
VKPHASE pipeline=quantize_q8_1_x4 elements=43008,1,1 gpu_ns=1920
VKPHASE pipeline=mul_mat_vec_rocmfp4_fast_q8_1_f32 elements=2048,1,1 gpu_ns=76600
VKPHASE pipeline=quantize_q8_1_x4 elements=8192,1,1 gpu_ns=1880
VKPHASE pipeline=mul_mat_vec_rocmfp4_fast_q8_1_f32 elements=2048,1,1 gpu_ns=24840
VKPHASE pipeline=mul_mat_vec_rocmfp4_fast_q8_1_f32 elements=512,1,1 gpu_ns=400
VKPHASE pipeline=mul_mat_vec_rocmfp4_fast_q8_1_f32 elements=512,1,1 gpu_ns=400
VKPHASE pipeline=quantize_q8_1_x4 elements=8192,1,1 gpu_ns=1880
VKPHASE pipeline=mul_mat_vec_rocmfp4_fast_q8_1_f32 elements=2048,1,1 gpu_ns=19760
VKPHASE pipeline=quantize_q8_1_x4 elements=8192,1,1 gpu_ns=1920
VKPHASE pipeline=mul_mat_vec_rocmfp4_fast_q8_1_f32 elements=10752,1,1 gpu_ns=85240
VKPHASE pipeline=mul_mat_vec_rocmfp4_fast_q8_1_f32 elements=10752,1,1 gpu_ns=80960
VKPHASE pipeline=quantize_q8_1_x4 elements=43008,1,1 gpu_ns=1920
VKPHASE pipeline=mul_mat_vec_rocmfp4_fast_q8_1_f32 elements=2048,1,1 gpu_ns=76640
VKPHASE pipeline=quantize_q8_1_x4 elements=8192,1,1 gpu_ns=1880
VKPHASE pipeline=mul_mat_vec_rocmfp4_fast_q8_1_f32 elements=6144,1,1 gpu_ns=49440
VKPHASE pipeline=quantize_q8_1_x4 elements=8192,1,1 gpu_ns=1920
VKPHASE pipeline=mul_mat_vec_rocmfp4_fast_q8_1_f32 elements=2048,1,1 gpu_ns=20480
VKPHASE pipeline=quantize_q8_1_x4 elements=8192,1,1 gpu_ns=1640
VKPHASE pipeline=mul_mat_vec_rocmfp4_fast_q8_1_f32 elements=10752,1,1 gpu_ns=72040
VKPHASE pipeline=mul_mat_vec_rocmfp4_fast_q8_1_f32 elements=10752,1,1 gpu_ns=68160
VKPHASE pipeline=quantize_q8_1_x4 elements=43008,1,1 gpu_ns=1600
VKPHASE pipeline=mul_mat_vec_rocmfp4_fast_q8_1_f32 elements=2048,1,1 gpu_ns=64800
VKPHASE pipeline=quantize_q8_1_x4 elements=8192,1,1 gpu_ns=1640
VKPHASE pipeline=mul_mat_vec_rocmfp4_fast_q8_1_f32 elements=6144,1,1 gpu_ns=42080
VKPHASE pipeline=quantize_q8_1_x4 elements=8192,1,1 gpu_ns=1600
VKPHASE pipeline=mul_mat_vec_rocmfp4_fast_q8_1_f32 elements=2048,1,1 gpu_ns=15600
VKPHASE pipeline=quantize_q8_1_x4 elements=8192,1,1 gpu_ns=1600
VKPHASE pipeline=mul_mat_vec_rocmfp4_fast_q8_1_f32 elements=10752,1,1 gpu_ns=71800
VKPHASE pipeline=mul_mat_vec_rocmfp4_fast_q8_1_f32 elements=10752,1,1 gpu_ns=67800
VKPHASE pipeline=quantize_q8_1_x4 elements=43008,1,1 gpu_ns=1600
VKPHASE pipeline=mul_mat_vec_rocmfp4_fast_q8_1_f32 elements=2048,1,1 gpu_ns=65320
VKPHASE pipeline=quantize_q8_1_x4 elements=8192,1,1 gpu_ns=1600
VKPHASE pipeline=mul_mat_vec_rocmfp4_fast_q8_1_f32 elements=2048,1,1 gpu_ns=24320
VKPHASE pipeline=mul_mat_vec_rocmfp4_fast_q8_1_f32 elements=512,1,1 gpu_ns=360
VKPHASE pipeline=mul_mat_vec_rocmfp4_fast_q8_1_f32 elements=512,1,1 gpu_ns=320
VKPHASE pipeline=quantize_q8_1_x4 elements=8192,1,1 gpu_ns=1640
VKPHASE pipeline=mul_mat_vec_rocmfp4_fast_q8_1_f32 elements=2048,1,1 gpu_ns=19560
VKPHASE pipeline=quantize_q8_1_x4 elements=8192,1,1 gpu_ns=1640
VKPHASE pipeline=mul_mat_vec_rocmfp4_fast_q8_1_f32 elements=10752,1,1 gpu_ns=72080
VKPHASE pipeline=mul_mat_vec_rocmfp4_fast_q8_1_f32 elements=10752,1,1 gpu_ns=72280
VKPHASE pipeline=quantize_q8_1_x4 elements=43008,1,1 gpu_ns=1600
VKPHASE pipeline=mul_mat_vec_rocmfp4_fast_q8_1_f32 elements=2048,1,1 gpu_ns=56600
VKPHASE pipeline=quantize_q8_1_x4 elements=8192,1,1 gpu_ns=1480
VKPHASE pipeline=mul_mat_vec_rocmfp4_fast_q8_1_f32 elements=6144,1,1 gpu_ns=35920
VKPHASE pipeline=quantize_q8_1_x4 elements=8192,1,1 gpu_ns=1480
VKPHASE pipeline=mul_mat_vec_rocmfp4_fast_q8_1_f32 elements=2048,1,1 gpu_ns=14120
VKPHASE pipeline=quantize_q8_1_x4 elements=8192,1,1 gpu_ns=1480
VKPHASE pipeline=mul_mat_vec_rocmfp4_fast_q8_1_f32 elements=10752,1,1 gpu_ns=62040
VKPHASE pipeline=mul_mat_vec_rocmfp4_fast_q8_1_f32 elements=10752,1,1 gpu_ns=57160
VKPHASE pipeline=quantize_q8_1_x4 elements=43008,1,1 gpu_ns=1520
VKPHASE pipeline=mul_mat_vec_rocmfp4_fast_q8_1_f32 elements=2048,1,1 gpu_ns=56360
VKPHASE pipeline=quantize_q8_1_x4 elements=8192,1,1 gpu_ns=1480
VKPHASE pipeline=mul_mat_vec_rocmfp4_fast_q8_1_f32 elements=6144,1,1 gpu_ns=35920
VKPHASE pipeline=quantize_q8_1_x4 elements=8192,1,1 gpu_ns=1480
VKPHASE pipeline=mul_mat_vec_rocmfp4_fast_q8_1_f32 elements=2048,1,1 gpu_ns=15080
VKPHASE pipeline=quantize_q8_1_x4 elements=8192,1,1 gpu_ns=1480
VKPHASE pipeline=mul_mat_vec_rocmfp4_fast_q8_1_f32 elements=10752,1,1 gpu_ns=61840
VKPHASE pipeline=mul_mat_vec_rocmfp4_fast_q8_1_f32 elements=10752,1,1 gpu_ns=57200
VKPHASE pipeline=quantize_q8_1_x4 elements=43008,1,1 gpu_ns=1480
VKPHASE pipeline=mul_mat_vec_rocmfp4_fast_q8_1_f32 elements=2048,1,1 gpu_ns=55840
VKPHASE pipeline=quantize_q8_1_x4 elements=8192,1,1 gpu_ns=1480
VKPHASE pipeline=mul_mat_vec_rocmfp4_fast_q8_1_f32 elements=2048,1,1 gpu_ns=18480
VKPHASE pipeline=mul_mat_vec_rocmfp4_fast_q8_1_f32 elements=512,1,1 gpu_ns=280
VKPHASE pipeline=mul_mat_vec_rocmfp4_fast_q8_1_f32 elements=512,1,1 gpu_ns=320
VKPHASE pipeline=quantize_q8_1_x4 elements=8192,1,1 gpu_ns=1400
VKPHASE pipeline=mul_mat_vec_rocmfp4_fast_q8_1_f32 elements=2048,1,1 gpu_ns=15600
VKPHASE pipeline=quantize_q8_1_x4 elements=8192,1,1 gpu_ns=1360
VKPHASE pipeline=mul_mat_vec_rocmfp4_fast_q8_1_f32 elements=10752,1,1 gpu_ns=57200
VKPHASE pipeline=mul_mat_vec_rocmfp4_fast_q8_1_f32 elements=10752,1,1 gpu_ns=50000
VKPHASE pipeline=quantize_q8_1_x4 elements=43008,1,1 gpu_ns=1400
VKPHASE pipeline=mul_mat_vec_rocmfp4_fast_q8_1_f32 elements=2048,1,1 gpu_ns=57600
VKPHASE pipeline=quantize_q8_1_x4 elements=8192,1,1 gpu_ns=1400
VKPHASE pipeline=mul_mat_vec_rocmfp4_fast_q8_1_f32 elements=6144,1,1 gpu_ns=34000
VKPHASE pipeline=quantize_q8_1_x4 elements=8192,1,1 gpu_ns=1400
VKPHASE pipeline=mul_mat_vec_rocmfp4_fast_q8_1_f32 elements=2048,1,1 gpu_ns=13160
VKPHASE pipeline=quantize_q8_1_x4 elements=8192,1,1 gpu_ns=1400
VKPHASE pipeline=mul_mat_vec_rocmfp4_fast_q8_1_f32 elements=10752,1,1 gpu_ns=56520
VKPHASE pipeline=mul_mat_vec_rocmfp4_fast_q8_1_f32 elements=10752,1,1 gpu_ns=50640
VKPHASE pipeline=quantize_q8_1_x4 elements=43008,1,1 gpu_ns=1400
VKPHASE pipeline=mul_mat_vec_rocmfp4_fast_q8_1_f32 elements=2048,1,1 gpu_ns=55720
VKPHASE pipeline=quantize_q8_1_x4 elements=8192,1,1 gpu_ns=1400
VKPHASE pipeline=mul_mat_vec_rocmfp4_fast_q8_1_f32 elements=6144,1,1 gpu_ns=34120
VKPHASE pipeline=quantize_q8_1_x4 elements=8192,1,1 gpu_ns=1400
VKPHASE pipeline=mul_mat_vec_rocmfp4_fast_q8_1_f32 elements=2048,1,1 gpu_ns=14480
VKPHASE pipeline=quantize_q8_1_x4 elements=2048,1,1 gpu_ns=1400
VKPHASE pipeline=mul_mat_vec_rocmfp4_fast_q8_1_f32 elements=10752,1,1 gpu_ns=54400
VKPHASE pipeline=mul_mat_vec_rocmfp4_fast_q8_1_f32 elements=10752,1,1 gpu_ns=45280
VKPHASE pipeline=quantize_q8_1_x4 elements=10752,1,1 gpu_ns=1360
VKPHASE pipeline=mul_mat_vec_rocmfp4_fast_q8_1_f32 elements=2048,1,1 gpu_ns=48960
VKPHASE pipeline=quantize_q8_1_x4 elements=2048,1,1 gpu_ns=1400
VKPHASE pipeline=mul_mat_vec_rocmfp4_fast_q8_1_f32 elements=128000,1,1 gpu_ns=566200
----------------
Vulkan Timings:
ADD: 22 x 9.99 us = 219.8 us
CONCAT: 21 x 7.94 us = 166.76 us
CONCAT, CPY: 1 x 2.52 us = 2.52 us
CPY, SSM_CONV: 22 x 11.896 us = 261.72 us
FLASH_ATTN_EXT dst(64,32,1,1),  q(64,1,32,1),  k(64,8448,8,1),  v(64,8448,8,1),  m(8448,1,1,1), SCALE: 1 x 171.6 us = 171.6 us (403.298 GFLOPS/s)
FLASH_ATTN_EXT dst(64,32,1,1),  q(64,1,32,1),  k(64,8448,8,1),  v(64,8448,8,1),  m(8448,1,1,1), SCALE, GET_ROWS, GET_ROWS, CPY: 7 x 180.817 us = 1265.72 us (382.74 GFLOPS/s)
GET_ROWS: 1 x 11.68 us = 11.68 us
GET_ROWS, GET_ROWS, CPY, MUL_MAT f32 m=64 n=32 k=64: 1 x 20.6 us = 20.6 us (12.626 GFLOPS/s)
GLU: 18 x 14.015 us = 252.28 us
GLU, SCALE, GET_ROWS, GET_ROWS: 12 x 12.983 us = 155.8 us
MUL: 43 x 8.346 us = 358.92 us
MUL, SCALE, GET_ROWS, GET_ROWS: 1 x 4.36 us = 4.36 us
MUL_MAT f32 m=64 n=32 k=64: 7 x 12.811 us = 89.68 us (20.3019 GFLOPS/s)
MUL_MAT_ADD MUL_MAT_VEC q4_0_rocmfp4_fast m=2048 n=1 k=10752: 30 x 1294.75 us = 38842.5 us (34.0128 GFLOPS/s)
MUL_MAT_ADD MUL_MAT_VEC q4_0_rocmfp4_fast m=2048 n=1 k=2048: 8 x 38.29 us = 306.32 us (219.027 GFLOPS/s)
MUL_MAT_VEC f32 m=64 n=8 k=64: 8 x 11.37 us = 90.96 us (5.71891 GFLOPS/s)
MUL_MAT_VEC f32 m=64 n=8 k=64, RMS_NORM_MUL_ROPE RMS_NORM(64,8,1,1), MUL_MAT f32 m=64 n=32 k=64: 8 x 28.95 us = 231.6 us (11.2304 GFLOPS/s)
MUL_MAT_VEC q4_0_rocmfp4_fast m=10752 n=1 k=2048, MUL_MAT_VEC q4_0_rocmfp4_fast m=10752 n=1 k=2048: 30 x 270.932 us = 8127.96 us (325.022 GFLOPS/s)
MUL_MAT_VEC q4_0_rocmfp4_fast m=2048 n=1 k=2048: 22 x 40.409 us = 889 us (207.541 GFLOPS/s)
MUL_MAT_VEC q4_0_rocmfp4_fast m=2048 n=1 k=2048, MUL_MAT_VEC q4_0_rocmfp4_fast m=512 n=1 k=2048, MUL_MAT_VEC q4_0_rocmfp4_fast m=512 n=1 k=2048: 8 x 58.3 us = 466.4 us (215.778 GFLOPS/s)
MUL_MAT_VEC q4_0_rocmfp4_fast m=6144 n=1 k=2048: 10 x 100.988 us = 1009.88 us (249.135 GFLOPS/s)
MUL_MAT_VEC q4_0_rocmfp4_fast m=6144 n=1 k=2048, CPY: 12 x 77.796 us = 933.56 us (323.403 GFLOPS/s)
RMS_NORM_MUL RMS_NORM(2048,1,1,1): 59 x 13.096 us = 772.68 us
RMS_NORM_MUL RMS_NORM(2048,1,1,1), GET_ROWS: 1 x 14.6 us = 14.6 us
RMS_NORM_MUL_ROPE RMS_NORM(64,32,1,1): 8 x 10.34 us = 82.72 us
SCALE, GET_ROWS, GET_ROWS, RMS_NORM_MUL RMS_NORM(2048,1,1,1), CPY: 1 x 8.48 us = 8.48 us
SET_ROWS, SET_ROWS: 8 x 12.175 us = 97.4 us
Total time: 54855.5 us.
VKPHASE pipeline=quantize_q8_1_x4 elements=2048,1,1 gpu_ns=1400
VKPHASE pipeline=mul_mat_vec_rocmfp4_fast_q8_1_f32 elements=6144,1,1 gpu_ns=31800
VKPHASE pipeline=quantize_q8_1_x4 elements=2048,1,1 gpu_ns=1440
VKPHASE pipeline=mul_mat_vec_rocmfp4_fast_q8_1_f32 elements=2048,1,1 gpu_ns=10240
VKPHASE pipeline=quantize_q8_1_x4 elements=2048,1,1 gpu_ns=1400
VKPHASE pipeline=mul_mat_vec_rocmfp4_fast_q8_1_f32 elements=10752,1,1 gpu_ns=52960
VKPHASE pipeline=mul_mat_vec_rocmfp4_fast_q8_1_f32 elements=10752,1,1 gpu_ns=43240
VKPHASE pipeline=quantize_q8_1_x4 elements=10752,1,1 gpu_ns=1440
VKPHASE pipeline=mul_mat_vec_rocmfp4_fast_q8_1_f32 elements=2048,1,1 gpu_ns=49320
VKPHASE pipeline=quantize_q8_1_x4 elements=2048,1,1 gpu_ns=8520
VKPHASE pipeline=mul_mat_vec_rocmfp4_fast_q8_1_f32 elements=6144,1,1 gpu_ns=379200
VKPHASE pipeline=quantize_q8_1_x4 elements=2048,1,1 gpu_ns=7280
VKPHASE pipeline=mul_mat_vec_rocmfp4_fast_q8_1_f32 elements=2048,1,1 gpu_ns=132560
VKPHASE pipeline=quantize_q8_1_x4 elements=2048,1,1 gpu_ns=7640
VKPHASE pipeline=mul_mat_vec_rocmfp4_fast_q8_1_f32 elements=10752,1,1 gpu_ns=730240
VKPHASE pipeline=mul_mat_vec_rocmfp4_fast_q8_1_f32 elements=10752,1,1 gpu_ns=763480
VKPHASE pipeline=quantize_q8_1_x4 elements=10752,1,1 gpu_ns=7600
VKPHASE pipeline=mul_mat_vec_rocmfp4_fast_q8_1_f32 elements=2048,1,1 gpu_ns=839360
VKPHASE pipeline=quantize_q8_1_x4 elements=2048,1,1 gpu_ns=47920
VKPHASE pipeline=mul_mat_vec_rocmfp4_fast_q8_1_f32 elements=2048,1,1 gpu_ns=35360
VKPHASE pipeline=mul_mat_vec_rocmfp4_fast_q8_1_f32 elements=512,1,1 gpu_ns=1000
VKPHASE pipeline=mul_mat_vec_rocmfp4_fast_q8_1_f32 elements=512,1,1 gpu_ns=960
VKPHASE pipeline=quantize_q8_1_x4 elements=2048,1,1 gpu_ns=7320
VKPHASE pipeline=mul_mat_vec_rocmfp4_fast_q8_1_f32 elements=2048,1,1 gpu_ns=26240
VKPHASE pipeline=quantize_q8_1_x4 elements=2048,1,1 gpu_ns=7760
VKPHASE pipeline=mul_mat_vec_rocmfp4_fast_q8_1_f32 elements=10752,1,1 gpu_ns=106960
VKPHASE pipeline=mul_mat_vec_rocmfp4_fast_q8_1_f32 elements=10752,1,1 gpu_ns=95600
VKPHASE pipeline=quantize_q8_1_x4 elements=10752,1,1 gpu_ns=7720
VKPHASE pipeline=mul_mat_vec_rocmfp4_fast_q8_1_f32 elements=2048,1,1 gpu_ns=107680
VKPHASE pipeline=quantize_q8_1_x4 elements=2048,1,1 gpu_ns=7760
VKPHASE pipeline=mul_mat_vec_rocmfp4_fast_q8_1_f32 elements=6144,1,1 gpu_ns=63840
VKPHASE pipeline=quantize_q8_1_x4 elements=2048,1,1 gpu_ns=7720
VKPHASE pipeline=mul_mat_vec_rocmfp4_fast_q8_1_f32 elements=2048,1,1 gpu_ns=26520
VKPHASE pipeline=quantize_q8_1_x4 elements=2048,1,1 gpu_ns=7320
VKPHASE pipeline=mul_mat_vec_rocmfp4_fast_q8_1_f32 elements=10752,1,1 gpu_ns=107680
VKPHASE pipeline=mul_mat_vec_rocmfp4_fast_q8_1_f32 elements=10752,1,1 gpu_ns=94400
VKPHASE pipeline=quantize_q8_1_x4 elements=10752,1,1 gpu_ns=7720
VKPHASE pipeline=mul_mat_vec_rocmfp4_fast_q8_1_f32 elements=2048,1,1 gpu_ns=105200
VKPHASE pipeline=quantize_q8_1_x4 elements=2048,1,1 gpu_ns=7360
VKPHASE pipeline=mul_mat_vec_rocmfp4_fast_q8_1_f32 elements=6144,1,1 gpu_ns=64200
VKPHASE pipeline=quantize_q8_1_x4 elements=2048,1,1 gpu_ns=7640
VKPHASE pipeline=mul_mat_vec_rocmfp4_fast_q8_1_f32 elements=2048,1,1 gpu_ns=26280
VKPHASE pipeline=quantize_q8_1_x4 elements=2048,1,1 gpu_ns=7720
VKPHASE pipeline=mul_mat_vec_rocmfp4_fast_q8_1_f32 elements=10752,1,1 gpu_ns=108240
VKPHASE pipeline=mul_mat_vec_rocmfp4_fast_q8_1_f32 elements=10752,1,1 gpu_ns=381600
VKPHASE pipeline=quantize_q8_1_x4 elements=10752,1,1 gpu_ns=7320
VKPHASE pipeline=mul_mat_vec_rocmfp4_fast_q8_1_f32 elements=2048,1,1 gpu_ns=96480
VKPHASE pipeline=quantize_q8_1_x4 elements=2048,1,1 gpu_ns=7360
VKPHASE pipeline=mul_mat_vec_rocmfp4_fast_q8_1_f32 elements=2048,1,1 gpu_ns=34200
VKPHASE pipeline=mul_mat_vec_rocmfp4_fast_q8_1_f32 elements=512,1,1 gpu_ns=920
VKPHASE pipeline=mul_mat_vec_rocmfp4_fast_q8_1_f32 elements=512,1,1 gpu_ns=960
VKPHASE pipeline=quantize_q8_1_x4 elements=2048,1,1 gpu_ns=7440
VKPHASE pipeline=mul_mat_vec_rocmfp4_fast_q8_1_f32 elements=2048,1,1 gpu_ns=35240
VKPHASE pipeline=quantize_q8_1_x4 elements=2048,1,1 gpu_ns=3440
VKPHASE pipeline=mul_mat_vec_rocmfp4_fast_q8_1_f32 elements=10752,1,1 gpu_ns=135880
VKPHASE pipeline=mul_mat_vec_rocmfp4_fast_q8_1_f32 elements=10752,1,1 gpu_ns=95520
VKPHASE pipeline=quantize_q8_1_x4 elements=10752,1,1 gpu_ns=7320
VKPHASE pipeline=mul_mat_vec_rocmfp4_fast_q8_1_f32 elements=2048,1,1 gpu_ns=101680
VKPHASE pipeline=quantize_q8_1_x4 elements=2048,1,1 gpu_ns=7720
VKPHASE pipeline=mul_mat_vec_rocmfp4_fast_q8_1_f32 elements=6144,1,1 gpu_ns=63640
VKPHASE pipeline=quantize_q8_1_x4 elements=2048,1,1 gpu_ns=7800
VKPHASE pipeline=mul_mat_vec_rocmfp4_fast_q8_1_f32 elements=2048,1,1 gpu_ns=25920
VKPHASE pipeline=quantize_q8_1_x4 elements=2048,1,1 gpu_ns=7640
VKPHASE pipeline=mul_mat_vec_rocmfp4_fast_q8_1_f32 elements=10752,1,1 gpu_ns=105600
VKPHASE pipeline=mul_mat_vec_rocmfp4_fast_q8_1_f32 elements=10752,1,1 gpu_ns=94520
VKPHASE pipeline=quantize_q8_1_x4 elements=10752,1,1 gpu_ns=7600
VKPHASE pipeline=mul_mat_vec_rocmfp4_fast_q8_1_f32 elements=2048,1,1 gpu_ns=96640
VKPHASE pipeline=quantize_q8_1_x4 elements=2048,1,1 gpu_ns=7680
VKPHASE pipeline=mul_mat_vec_rocmfp4_fast_q8_1_f32 elements=6144,1,1 gpu_ns=62360
VKPHASE pipeline=quantize_q8_1_x4 elements=2048,1,1 gpu_ns=7240
VKPHASE pipeline=mul_mat_vec_rocmfp4_fast_q8_1_f32 elements=2048,1,1 gpu_ns=25240
VKPHASE pipeline=quantize_q8_1_x4 elements=2048,1,1 gpu_ns=7680
VKPHASE pipeline=mul_mat_vec_rocmfp4_fast_q8_1_f32 elements=10752,1,1 gpu_ns=327120
VKPHASE pipeline=mul_mat_vec_rocmfp4_fast_q8_1_f32 elements=10752,1,1 gpu_ns=93640
VKPHASE pipeline=quantize_q8_1_x4 elements=10752,1,1 gpu_ns=7680
VKPHASE pipeline=mul_mat_vec_rocmfp4_fast_q8_1_f32 elements=2048,1,1 gpu_ns=96360
VKPHASE pipeline=quantize_q8_1_x4 elements=2048,1,1 gpu_ns=7720
VKPHASE pipeline=mul_mat_vec_rocmfp4_fast_q8_1_f32 elements=6144,1,1 gpu_ns=61880
VKPHASE pipeline=quantize_q8_1_x4 elements=2048,1,1 gpu_ns=7640
VKPHASE pipeline=mul_mat_vec_rocmfp4_fast_q8_1_f32 elements=2048,1,1 gpu_ns=25160
VKPHASE pipeline=quantize_q8_1_x4 elements=2048,1,1 gpu_ns=7760
VKPHASE pipeline=mul_mat_vec_rocmfp4_fast_q8_1_f32 elements=10752,1,1 gpu_ns=104480
VKPHASE pipeline=mul_mat_vec_rocmfp4_fast_q8_1_f32 elements=10752,1,1 gpu_ns=94800
VKPHASE pipeline=quantize_q8_1_x4 elements=10752,1,1 gpu_ns=7680
VKPHASE pipeline=mul_mat_vec_rocmfp4_fast_q8_1_f32 elements=2048,1,1 gpu_ns=94440
VKPHASE pipeline=quantize_q8_1_x4 elements=2048,1,1 gpu_ns=7640
VKPHASE pipeline=mul_mat_vec_rocmfp4_fast_q8_1_f32 elements=2048,1,1 gpu_ns=34120
VKPHASE pipeline=mul_mat_vec_rocmfp4_fast_q8_1_f32 elements=512,1,1 gpu_ns=960
VKPHASE pipeline=mul_mat_vec_rocmfp4_fast_q8_1_f32 elements=512,1,1 gpu_ns=920
VKPHASE pipeline=quantize_q8_1_x4 elements=2048,1,1 gpu_ns=7680
VKPHASE pipeline=mul_mat_vec_rocmfp4_fast_q8_1_f32 elements=2048,1,1 gpu_ns=25600
VKPHASE pipeline=quantize_q8_1_x4 elements=2048,1,1 gpu_ns=7800
VKPHASE pipeline=mul_mat_vec_rocmfp4_fast_q8_1_f32 elements=10752,1,1 gpu_ns=104320
VKPHASE pipeline=mul_mat_vec_rocmfp4_fast_q8_1_f32 elements=10752,1,1 gpu_ns=94960
VKPHASE pipeline=quantize_q8_1_x4 elements=10752,1,1 gpu_ns=7800
VKPHASE pipeline=mul_mat_vec_rocmfp4_fast_q8_1_f32 elements=2048,1,1 gpu_ns=96400
VKPHASE pipeline=quantize_q8_1_x4 elements=2048,1,1 gpu_ns=7680
VKPHASE pipeline=mul_mat_vec_rocmfp4_fast_q8_1_f32 elements=6144,1,1 gpu_ns=62800
VKPHASE pipeline=quantize_q8_1_x4 elements=2048,1,1 gpu_ns=7840
VKPHASE pipeline=mul_mat_vec_rocmfp4_fast_q8_1_f32 elements=2048,1,1 gpu_ns=25200
VKPHASE pipeline=quantize_q8_1_x4 elements=2048,1,1 gpu_ns=7720
VKPHASE pipeline=mul_mat_vec_rocmfp4_fast_q8_1_f32 elements=10752,1,1 gpu_ns=105320
VKPHASE pipeline=mul_mat_vec_rocmfp4_fast_q8_1_f32 elements=10752,1,1 gpu_ns=94000
VKPHASE pipeline=quantize_q8_1_x4 elements=10752,1,1 gpu_ns=7680
VKPHASE pipeline=mul_mat_vec_rocmfp4_fast_q8_1_f32 elements=2048,1,1 gpu_ns=95840
VKPHASE pipeline=quantize_q8_1_x4 elements=2048,1,1 gpu_ns=7800
VKPHASE pipeline=mul_mat_vec_rocmfp4_fast_q8_1_f32 elements=6144,1,1 gpu_ns=62040
VKPHASE pipeline=quantize_q8_1_x4 elements=2048,1,1 gpu_ns=7680
VKPHASE pipeline=mul_mat_vec_rocmfp4_fast_q8_1_f32 elements=2048,1,1 gpu_ns=25080
VKPHASE pipeline=quantize_q8_1_x4 elements=2048,1,1 gpu_ns=7800
VKPHASE pipeline=mul_mat_vec_rocmfp4_fast_q8_1_f32 elements=10752,1,1 gpu_ns=104680
VKPHASE pipeline=mul_mat_vec_rocmfp4_fast_q8_1_f32 elements=10752,1,1 gpu_ns=94800
VKPHASE pipeline=quantize_q8_1_x4 elements=10752,1,1 gpu_ns=7680
VKPHASE pipeline=mul_mat_vec_rocmfp4_fast_q8_1_f32 elements=2048,1,1 gpu_ns=94480
VKPHASE pipeline=quantize_q8_1_x4 elements=2048,1,1 gpu_ns=7640
VKPHASE pipeline=mul_mat_vec_rocmfp4_fast_q8_1_f32 elements=6144,1,1 gpu_ns=62040
VKPHASE pipeline=quantize_q8_1_x4 elements=2048,1,1 gpu_ns=7640
VKPHASE pipeline=mul_mat_vec_rocmfp4_fast_q8_1_f32 elements=2048,1,1 gpu_ns=25240
VKPHASE pipeline=quantize_q8_1_x4 elements=2048,1,1 gpu_ns=7640
VKPHASE pipeline=mul_mat_vec_rocmfp4_fast_q8_1_f32 elements=10752,1,1 gpu_ns=105440
VKPHASE pipeline=mul_mat_vec_rocmfp4_fast_q8_1_f32 elements=10752,1,1 gpu_ns=94360
VKPHASE pipeline=quantize_q8_1_x4 elements=10752,1,1 gpu_ns=7720
VKPHASE pipeline=mul_mat_vec_rocmfp4_fast_q8_1_f32 elements=2048,1,1 gpu_ns=96040
VKPHASE pipeline=quantize_q8_1_x4 elements=2048,1,1 gpu_ns=7720
VKPHASE pipeline=mul_mat_vec_rocmfp4_fast_q8_1_f32 elements=2048,1,1 gpu_ns=34120
VKPHASE pipeline=mul_mat_vec_rocmfp4_fast_q8_1_f32 elements=512,1,1 gpu_ns=960
VKPHASE pipeline=mul_mat_vec_rocmfp4_fast_q8_1_f32 elements=512,1,1 gpu_ns=920
VKPHASE pipeline=quantize_q8_1_x4 elements=2048,1,1 gpu_ns=7800
VKPHASE pipeline=mul_mat_vec_rocmfp4_fast_q8_1_f32 elements=2048,1,1 gpu_ns=25680
VKPHASE pipeline=quantize_q8_1_x4 elements=2048,1,1 gpu_ns=7680
VKPHASE pipeline=mul_mat_vec_rocmfp4_fast_q8_1_f32 elements=10752,1,1 gpu_ns=104400
VKPHASE pipeline=mul_mat_vec_rocmfp4_fast_q8_1_f32 elements=10752,1,1 gpu_ns=94960
VKPHASE pipeline=quantize_q8_1_x4 elements=10752,1,1 gpu_ns=7640
VKPHASE pipeline=mul_mat_vec_rocmfp4_fast_q8_1_f32 elements=2048,1,1 gpu_ns=96240
VKPHASE pipeline=quantize_q8_1_x4 elements=2048,1,1 gpu_ns=7760
VKPHASE pipeline=mul_mat_vec_rocmfp4_fast_q8_1_f32 elements=6144,1,1 gpu_ns=63000
VKPHASE pipeline=quantize_q8_1_x4 elements=2048,1,1 gpu_ns=7640
VKPHASE pipeline=mul_mat_vec_rocmfp4_fast_q8_1_f32 elements=2048,1,1 gpu_ns=25560
VKPHASE pipeline=quantize_q8_1_x4 elements=2048,1,1 gpu_ns=7760
VKPHASE pipeline=mul_mat_vec_rocmfp4_fast_q8_1_f32 elements=10752,1,1 gpu_ns=104320
VKPHASE pipeline=mul_mat_vec_rocmfp4_fast_q8_1_f32 elements=10752,1,1 gpu_ns=95240
VKPHASE pipeline=quantize_q8_1_x4 elements=10752,1,1 gpu_ns=7800
VKPHASE pipeline=mul_mat_vec_rocmfp4_fast_q8_1_f32 elements=2048,1,1 gpu_ns=96000
VKPHASE pipeline=quantize_q8_1_x4 elements=2048,1,1 gpu_ns=7640
VKPHASE pipeline=mul_mat_vec_rocmfp4_fast_q8_1_f32 elements=6144,1,1 gpu_ns=61760
VKPHASE pipeline=quantize_q8_1_x4 elements=2048,1,1 gpu_ns=7360
VKPHASE pipeline=mul_mat_vec_rocmfp4_fast_q8_1_f32 elements=2048,1,1 gpu_ns=25680
VKPHASE pipeline=quantize_q8_1_x4 elements=2048,1,1 gpu_ns=7680
VKPHASE pipeline=mul_mat_vec_rocmfp4_fast_q8_1_f32 elements=10752,1,1 gpu_ns=104360
VKPHASE pipeline=mul_mat_vec_rocmfp4_fast_q8_1_f32 elements=10752,1,1 gpu_ns=95040
VKPHASE pipeline=quantize_q8_1_x4 elements=10752,1,1 gpu_ns=7760
VKPHASE pipeline=mul_mat_vec_rocmfp4_fast_q8_1_f32 elements=2048,1,1 gpu_ns=96160
VKPHASE pipeline=quantize_q8_1_x4 elements=2048,1,1 gpu_ns=7800
VKPHASE pipeline=mul_mat_vec_rocmfp4_fast_q8_1_f32 elements=6144,1,1 gpu_ns=62640
VKPHASE pipeline=quantize_q8_1_x4 elements=2048,1,1 gpu_ns=7720
VKPHASE pipeline=mul_mat_vec_rocmfp4_fast_q8_1_f32 elements=2048,1,1 gpu_ns=25720
VKPHASE pipeline=quantize_q8_1_x4 elements=2048,1,1 gpu_ns=7800
VKPHASE pipeline=mul_mat_vec_rocmfp4_fast_q8_1_f32 elements=10752,1,1 gpu_ns=104560
VKPHASE pipeline=mul_mat_vec_rocmfp4_fast_q8_1_f32 elements=10752,1,1 gpu_ns=95000
VKPHASE pipeline=quantize_q8_1_x4 elements=10752,1,1 gpu_ns=7640
VKPHASE pipeline=mul_mat_vec_rocmfp4_fast_q8_1_f32 elements=2048,1,1 gpu_ns=94520
VKPHASE pipeline=quantize_q8_1_x4 elements=2048,1,1 gpu_ns=7760
VKPHASE pipeline=mul_mat_vec_rocmfp4_fast_q8_1_f32 elements=2048,1,1 gpu_ns=34240
VKPHASE pipeline=mul_mat_vec_rocmfp4_fast_q8_1_f32 elements=512,1,1 gpu_ns=960
VKPHASE pipeline=mul_mat_vec_rocmfp4_fast_q8_1_f32 elements=512,1,1 gpu_ns=960
VKPHASE pipeline=quantize_q8_1_x4 elements=2048,1,1 gpu_ns=7680
VKPHASE pipeline=mul_mat_vec_rocmfp4_fast_q8_1_f32 elements=2048,1,1 gpu_ns=25560
VKPHASE pipeline=quantize_q8_1_x4 elements=2048,1,1 gpu_ns=7400
VKPHASE pipeline=mul_mat_vec_rocmfp4_fast_q8_1_f32 elements=10752,1,1 gpu_ns=104400
VKPHASE pipeline=mul_mat_vec_rocmfp4_fast_q8_1_f32 elements=10752,1,1 gpu_ns=94840
VKPHASE pipeline=quantize_q8_1_x4 elements=10752,1,1 gpu_ns=7680
VKPHASE pipeline=mul_mat_vec_rocmfp4_fast_q8_1_f32 elements=2048,1,1 gpu_ns=96200
VKPHASE pipeline=quantize_q8_1_x4 elements=2048,1,1 gpu_ns=7720
VKPHASE pipeline=mul_mat_vec_rocmfp4_fast_q8_1_f32 elements=6144,1,1 gpu_ns=62160
VKPHASE pipeline=quantize_q8_1_x4 elements=2048,1,1 gpu_ns=7600
VKPHASE pipeline=mul_mat_vec_rocmfp4_fast_q8_1_f32 elements=2048,1,1 gpu_ns=25400
VKPHASE pipeline=quantize_q8_1_x4 elements=2048,1,1 gpu_ns=7760
VKPHASE pipeline=mul_mat_vec_rocmfp4_fast_q8_1_f32 elements=10752,1,1 gpu_ns=105240
VKPHASE pipeline=mul_mat_vec_rocmfp4_fast_q8_1_f32 elements=10752,1,1 gpu_ns=95360
VKPHASE pipeline=quantize_q8_1_x4 elements=10752,1,1 gpu_ns=7680
VKPHASE pipeline=mul_mat_vec_rocmfp4_fast_q8_1_f32 elements=2048,1,1 gpu_ns=96440
VKPHASE pipeline=quantize_q8_1_x4 elements=2048,1,1 gpu_ns=7840
VKPHASE pipeline=mul_mat_vec_rocmfp4_fast_q8_1_f32 elements=6144,1,1 gpu_ns=61960
VKPHASE pipeline=quantize_q8_1_x4 elements=2048,1,1 gpu_ns=7640
VKPHASE pipeline=mul_mat_vec_rocmfp4_fast_q8_1_f32 elements=2048,1,1 gpu_ns=25360
VKPHASE pipeline=quantize_q8_1_x4 elements=2048,1,1 gpu_ns=7800
VKPHASE pipeline=mul_mat_vec_rocmfp4_fast_q8_1_f32 elements=10752,1,1 gpu_ns=105760
VKPHASE pipeline=mul_mat_vec_rocmfp4_fast_q8_1_f32 elements=10752,1,1 gpu_ns=93800
VKPHASE pipeline=quantize_q8_1_x4 elements=10752,1,1 gpu_ns=7720
VKPHASE pipeline=mul_mat_vec_rocmfp4_fast_q8_1_f32 elements=2048,1,1 gpu_ns=96000
VKPHASE pipeline=quantize_q8_1_x4 elements=2048,1,1 gpu_ns=7640
VKPHASE pipeline=mul_mat_vec_rocmfp4_fast_q8_1_f32 elements=6144,1,1 gpu_ns=61960
VKPHASE pipeline=quantize_q8_1_x4 elements=2048,1,1 gpu_ns=7680
VKPHASE pipeline=mul_mat_vec_rocmfp4_fast_q8_1_f32 elements=2048,1,1 gpu_ns=25200
VKPHASE pipeline=quantize_q8_1_x4 elements=2048,1,1 gpu_ns=7640
VKPHASE pipeline=mul_mat_vec_rocmfp4_fast_q8_1_f32 elements=10752,1,1 gpu_ns=105040
VKPHASE pipeline=mul_mat_vec_rocmfp4_fast_q8_1_f32 elements=10752,1,1 gpu_ns=94320
VKPHASE pipeline=quantize_q8_1_x4 elements=10752,1,1 gpu_ns=7720
VKPHASE pipeline=mul_mat_vec_rocmfp4_fast_q8_1_f32 elements=2048,1,1 gpu_ns=96000
VKPHASE pipeline=quantize_q8_1_x4 elements=2048,1,1 gpu_ns=7680
VKPHASE pipeline=mul_mat_vec_rocmfp4_fast_q8_1_f32 elements=2048,1,1 gpu_ns=34000
VKPHASE pipeline=mul_mat_vec_rocmfp4_fast_q8_1_f32 elements=512,1,1 gpu_ns=960
VKPHASE pipeline=mul_mat_vec_rocmfp4_fast_q8_1_f32 elements=512,1,1 gpu_ns=1000
VKPHASE pipeline=quantize_q8_1_x4 elements=2048,1,1 gpu_ns=7760
VKPHASE pipeline=mul_mat_vec_rocmfp4_fast_q8_1_f32 elements=2048,1,1 gpu_ns=25560
VKPHASE pipeline=quantize_q8_1_x4 elements=2048,1,1 gpu_ns=7640
VKPHASE pipeline=mul_mat_vec_rocmfp4_fast_q8_1_f32 elements=10752,1,1 gpu_ns=104640
VKPHASE pipeline=mul_mat_vec_rocmfp4_fast_q8_1_f32 elements=10752,1,1 gpu_ns=95200
VKPHASE pipeline=quantize_q8_1_x4 elements=10752,1,1 gpu_ns=7760
VKPHASE pipeline=mul_mat_vec_rocmfp4_fast_q8_1_f32 elements=2048,1,1 gpu_ns=96120
VKPHASE pipeline=quantize_q8_1_x4 elements=2048,1,1 gpu_ns=7800
VKPHASE pipeline=mul_mat_vec_rocmfp4_fast_q8_1_f32 elements=6144,1,1 gpu_ns=61960
VKPHASE pipeline=quantize_q8_1_x4 elements=2048,1,1 gpu_ns=7760
VKPHASE pipeline=mul_mat_vec_rocmfp4_fast_q8_1_f32 elements=2048,1,1 gpu_ns=25320
VKPHASE pipeline=quantize_q8_1_x4 elements=2048,1,1 gpu_ns=7800
VKPHASE pipeline=mul_mat_vec_rocmfp4_fast_q8_1_f32 elements=10752,1,1 gpu_ns=104440
VKPHASE pipeline=mul_mat_vec_rocmfp4_fast_q8_1_f32 elements=10752,1,1 gpu_ns=95080
VKPHASE pipeline=quantize_q8_1_x4 elements=10752,1,1 gpu_ns=7280
VKPHASE pipeline=mul_mat_vec_rocmfp4_fast_q8_1_f32 elements=2048,1,1 gpu_ns=95880
VKPHASE pipeline=quantize_q8_1_x4 elements=2048,1,1 gpu_ns=7800
VKPHASE pipeline=mul_mat_vec_rocmfp4_fast_q8_1_f32 elements=6144,1,1 gpu_ns=62520
VKPHASE pipeline=quantize_q8_1_x4 elements=2048,1,1 gpu_ns=7680
VKPHASE pipeline=mul_mat_vec_rocmfp4_fast_q8_1_f32 elements=2048,1,1 gpu_ns=25200
VKPHASE pipeline=quantize_q8_1_x4 elements=2048,1,1 gpu_ns=7800
VKPHASE pipeline=mul_mat_vec_rocmfp4_fast_q8_1_f32 elements=10752,1,1 gpu_ns=104360
VKPHASE pipeline=mul_mat_vec_rocmfp4_fast_q8_1_f32 elements=10752,1,1 gpu_ns=95000
VKPHASE pipeline=quantize_q8_1_x4 elements=10752,1,1 gpu_ns=7720
VKPHASE pipeline=mul_mat_vec_rocmfp4_fast_q8_1_f32 elements=2048,1,1 gpu_ns=96560
VKPHASE pipeline=quantize_q8_1_x4 elements=2048,1,1 gpu_ns=7640
VKPHASE pipeline=mul_mat_vec_rocmfp4_fast_q8_1_f32 elements=2048,1,1 gpu_ns=34160
VKPHASE pipeline=mul_mat_vec_rocmfp4_fast_q8_1_f32 elements=512,1,1 gpu_ns=960
VKPHASE pipeline=mul_mat_vec_rocmfp4_fast_q8_1_f32 elements=512,1,1 gpu_ns=960
VKPHASE pipeline=quantize_q8_1_x4 elements=2048,1,1 gpu_ns=7840
VKPHASE pipeline=mul_mat_vec_rocmfp4_fast_q8_1_f32 elements=2048,1,1 gpu_ns=25760
VKPHASE pipeline=quantize_q8_1_x4 elements=2048,1,1 gpu_ns=7680
VKPHASE pipeline=mul_mat_vec_rocmfp4_fast_q8_1_f32 elements=10752,1,1 gpu_ns=104640
VKPHASE pipeline=mul_mat_vec_rocmfp4_fast_q8_1_f32 elements=10752,1,1 gpu_ns=95040
VKPHASE pipeline=quantize_q8_1_x4 elements=10752,1,1 gpu_ns=7720
VKPHASE pipeline=mul_mat_vec_rocmfp4_fast_q8_1_f32 elements=2048,1,1 gpu_ns=96000
VKPHASE pipeline=quantize_q8_1_x4 elements=2048,1,1 gpu_ns=7800
VKPHASE pipeline=mul_mat_vec_rocmfp4_fast_q8_1_f32 elements=6144,1,1 gpu_ns=62040
VKPHASE pipeline=quantize_q8_1_x4 elements=2048,1,1 gpu_ns=7600
VKPHASE pipeline=mul_mat_vec_rocmfp4_fast_q8_1_f32 elements=2048,1,1 gpu_ns=25200
VKPHASE pipeline=quantize_q8_1_x4 elements=2048,1,1 gpu_ns=7760
VKPHASE pipeline=mul_mat_vec_rocmfp4_fast_q8_1_f32 elements=10752,1,1 gpu_ns=104280
VKPHASE pipeline=mul_mat_vec_rocmfp4_fast_q8_1_f32 elements=10752,1,1 gpu_ns=95080
VKPHASE pipeline=quantize_q8_1_x4 elements=10752,1,1 gpu_ns=7720
VKPHASE pipeline=mul_mat_vec_rocmfp4_fast_q8_1_f32 elements=2048,1,1 gpu_ns=95920
VKPHASE pipeline=quantize_q8_1_x4 elements=2048,1,1 gpu_ns=7640
VKPHASE pipeline=mul_mat_vec_rocmfp4_fast_q8_1_f32 elements=6144,1,1 gpu_ns=61920
VKPHASE pipeline=quantize_q8_1_x4 elements=2048,1,1 gpu_ns=7240
VKPHASE pipeline=mul_mat_vec_rocmfp4_fast_q8_1_f32 elements=2048,1,1 gpu_ns=25160
VKPHASE pipeline=quantize_q8_1_x4 elements=2048,1,1 gpu_ns=7680
VKPHASE pipeline=mul_mat_vec_rocmfp4_fast_q8_1_f32 elements=10752,1,1 gpu_ns=104360
VKPHASE pipeline=mul_mat_vec_rocmfp4_fast_q8_1_f32 elements=10752,1,1 gpu_ns=94800
VKPHASE pipeline=quantize_q8_1_x4 elements=10752,1,1 gpu_ns=7800
VKPHASE pipeline=mul_mat_vec_rocmfp4_fast_q8_1_f32 elements=2048,1,1 gpu_ns=136760
VKPHASE pipeline=quantize_q8_1_x4 elements=2048,1,1 gpu_ns=7800
VKPHASE pipeline=mul_mat_vec_rocmfp4_fast_q8_1_f32 elements=2048,1,1 gpu_ns=34080
VKPHASE pipeline=mul_mat_vec_rocmfp4_fast_q8_1_f32 elements=512,1,1 gpu_ns=960
VKPHASE pipeline=mul_mat_vec_rocmfp4_fast_q8_1_f32 elements=512,1,1 gpu_ns=1000
VKPHASE pipeline=quantize_q8_1_x4 elements=2048,1,1 gpu_ns=7720
VKPHASE pipeline=mul_mat_vec_rocmfp4_fast_q8_1_f32 elements=2048,1,1 gpu_ns=25800
VKPHASE pipeline=quantize_q8_1_x4 elements=2048,1,1 gpu_ns=7720
VKPHASE pipeline=mul_mat_vec_rocmfp4_fast_q8_1_f32 elements=10752,1,1 gpu_ns=135480
VKPHASE pipeline=mul_mat_vec_rocmfp4_fast_q8_1_f32 elements=10752,1,1 gpu_ns=94320
VKPHASE pipeline=quantize_q8_1_x4 elements=10752,1,1 gpu_ns=7640
VKPHASE pipeline=mul_mat_vec_rocmfp4_fast_q8_1_f32 elements=2048,1,1 gpu_ns=101760
VKPHASE pipeline=quantize_q8_1_x4 elements=2048,1,1 gpu_ns=42440
VKPHASE pipeline=mul_mat_vec_rocmfp4_fast_q8_1_f32 elements=6144,1,1 gpu_ns=57800
VKPHASE pipeline=quantize_q8_1_x4 elements=2048,1,1 gpu_ns=6680
VKPHASE pipeline=mul_mat_vec_rocmfp4_fast_q8_1_f32 elements=2048,1,1 gpu_ns=23640
VKPHASE pipeline=quantize_q8_1_x4 elements=2048,1,1 gpu_ns=7120
VKPHASE pipeline=mul_mat_vec_rocmfp4_fast_q8_1_f32 elements=10752,1,1 gpu_ns=97000
VKPHASE pipeline=mul_mat_vec_rocmfp4_fast_q8_1_f32 elements=10752,1,1 gpu_ns=87040
VKPHASE pipeline=quantize_q8_1_x4 elements=10752,1,1 gpu_ns=7120
VKPHASE pipeline=mul_mat_vec_rocmfp4_fast_q8_1_f32 elements=2048,1,1 gpu_ns=88440
VKPHASE pipeline=quantize_q8_1_x4 elements=2048,1,1 gpu_ns=7000
VKPHASE pipeline=mul_mat_vec_rocmfp4_fast_q8_1_f32 elements=6144,1,1 gpu_ns=56080
VKPHASE pipeline=quantize_q8_1_x4 elements=2048,1,1 gpu_ns=7000
VKPHASE pipeline=mul_mat_vec_rocmfp4_fast_q8_1_f32 elements=2048,1,1 gpu_ns=22400
VKPHASE pipeline=quantize_q8_1_x4 elements=2048,1,1 gpu_ns=6800
VKPHASE pipeline=mul_mat_vec_rocmfp4_fast_q8_1_f32 elements=10752,1,1 gpu_ns=96400
VKPHASE pipeline=mul_mat_vec_rocmfp4_fast_q8_1_f32 elements=10752,1,1 gpu_ns=87360
VKPHASE pipeline=quantize_q8_1_x4 elements=10752,1,1 gpu_ns=6760
VKPHASE pipeline=mul_mat_vec_rocmfp4_fast_q8_1_f32 elements=2048,1,1 gpu_ns=84600
VKPHASE pipeline=quantize_q8_1_x4 elements=2048,1,1 gpu_ns=5880
VKPHASE pipeline=mul_mat_vec_rocmfp4_fast_q8_1_f32 elements=128000,1,1 gpu_ns=935960
----------------
Vulkan Timings:
ADD: 22 x 9.561 us = 210.36 us
CONCAT: 21 x 7.312 us = 153.56 us
CONCAT, CPY: 1 x 7.84 us = 7.84 us
CPY, SSM_CONV: 22 x 10.627 us = 233.8 us
FLASH_ATTN_EXT dst(64,32,1,1),  q(64,1,32,1),  k(64,8448,8,1),  v(64,8448,8,1),  m(8448,1,1,1), SCALE: 1 x 102 us = 102 us (678.49 GFLOPS/s)
FLASH_ATTN_EXT dst(64,32,1,1),  q(64,1,32,1),  k(64,8448,8,1),  v(64,8448,8,1),  m(8448,1,1,1), SCALE, GET_ROWS, GET_ROWS, CPY: 7 x 166.308 us = 1164.16 us (416.13 GFLOPS/s)
GET_ROWS: 1 x 6.08 us = 6.08 us
GET_ROWS, GET_ROWS, CPY, MUL_MAT f32 m=64 n=32 k=64: 1 x 10.88 us = 10.88 us (23.9059 GFLOPS/s)
GLU: 18 x 8.182 us = 147.28 us
GLU, SCALE, GET_ROWS, GET_ROWS: 12 x 14.563 us = 174.76 us
MUL: 43 x 7.347 us = 315.96 us
MUL, SCALE, GET_ROWS, GET_ROWS: 1 x 17.68 us = 17.68 us
MUL_MAT f32 m=64 n=32 k=64: 7 x 11.897 us = 83.28 us (21.8621 GFLOPS/s)
MUL_MAT_ADD MUL_MAT_VEC q4_0_rocmfp4_fast m=2048 n=1 k=10752: 30 x 94.376 us = 2831.28 us (466.624 GFLOPS/s)
MUL_MAT_ADD MUL_MAT_VEC q4_0_rocmfp4_fast m=2048 n=1 k=2048: 8 x 31.725 us = 253.8 us (264.352 GFLOPS/s)
MUL_MAT_VEC f32 m=64 n=8 k=64: 8 x 8.94 us = 71.52 us (7.27338 GFLOPS/s)
MUL_MAT_VEC f32 m=64 n=8 k=64, RMS_NORM_MUL_ROPE RMS_NORM(64,8,1,1), MUL_MAT f32 m=64 n=32 k=64: 8 x 31.35 us = 250.8 us (10.3707 GFLOPS/s)
MUL_MAT_VEC q4_0_rocmfp4_fast m=10752 n=1 k=2048, MUL_MAT_VEC q4_0_rocmfp4_fast m=10752 n=1 k=2048: 30 x 187.752 us = 5632.56 us (469.017 GFLOPS/s)
MUL_MAT_VEC q4_0_rocmfp4_fast m=2048 n=1 k=2048: 22 x 32.134 us = 706.96 us (260.983 GFLOPS/s)
MUL_MAT_VEC q4_0_rocmfp4_fast m=2048 n=1 k=2048, MUL_MAT_VEC q4_0_rocmfp4_fast m=512 n=1 k=2048, MUL_MAT_VEC q4_0_rocmfp4_fast m=512 n=1 k=2048: 8 x 51.73 us = 413.84 us (243.183 GFLOPS/s)
MUL_MAT_VEC q4_0_rocmfp4_fast m=6144 n=1 k=2048: 10 x 63.52 us = 635.2 us (396.091 GFLOPS/s)
MUL_MAT_VEC q4_0_rocmfp4_fast m=6144 n=1 k=2048, CPY: 12 x 66.843 us = 802.12 us (376.398 GFLOPS/s)
RMS_NORM_MUL RMS_NORM(2048,1,1,1): 59 x 11.301 us = 666.76 us
RMS_NORM_MUL RMS_NORM(2048,1,1,1), GET_ROWS: 1 x 8.48 us = 8.48 us
RMS_NORM_MUL_ROPE RMS_NORM(64,32,1,1): 8 x 9.685 us = 77.48 us
SCALE, GET_ROWS, GET_ROWS, RMS_NORM_MUL RMS_NORM(2048,1,1,1), CPY: 1 x 20.64 us = 20.64 us
SET_ROWS, SET_ROWS: 8 x 11.23 us = 89.84 us
Total time: 15088.9 us.
VKPHASE pipeline=quantize_q8_1_x4 elements=2048,1,1 gpu_ns=7720
VKPHASE pipeline=mul_mat_vec_rocmfp4_fast_q8_1_f32 elements=6144,1,1 gpu_ns=63080
VKPHASE pipeline=quantize_q8_1_x4 elements=2048,1,1 gpu_ns=7640
VKPHASE pipeline=mul_mat_vec_rocmfp4_fast_q8_1_f32 elements=2048,1,1 gpu_ns=25240
VKPHASE pipeline=quantize_q8_1_x4 elements=2048,1,1 gpu_ns=7800
VKPHASE pipeline=mul_mat_vec_rocmfp4_fast_q8_1_f32 elements=10752,1,1 gpu_ns=104720
VKPHASE pipeline=mul_mat_vec_rocmfp4_fast_q8_1_f32 elements=10752,1,1 gpu_ns=95520
VKPHASE pipeline=quantize_q8_1_x4 elements=10752,1,1 gpu_ns=7720
VKPHASE pipeline=mul_mat_vec_rocmfp4_fast_q8_1_f32 elements=2048,1,1 gpu_ns=96800
VKPHASE pipeline=quantize_q8_1_x4 elements=2048,1,1 gpu_ns=7680
VKPHASE pipeline=mul_mat_vec_rocmfp4_fast_q8_1_f32 elements=6144,1,1 gpu_ns=62600
VKPHASE pipeline=quantize_q8_1_x4 elements=2048,1,1 gpu_ns=7800
VKPHASE pipeline=mul_mat_vec_rocmfp4_fast_q8_1_f32 elements=2048,1,1 gpu_ns=25000
VKPHASE pipeline=quantize_q8_1_x4 elements=2048,1,1 gpu_ns=7680
VKPHASE pipeline=mul_mat_vec_rocmfp4_fast_q8_1_f32 elements=10752,1,1 gpu_ns=104200
VKPHASE pipeline=mul_mat_vec_rocmfp4_fast_q8_1_f32 elements=10752,1,1 gpu_ns=95320
VKPHASE pipeline=quantize_q8_1_x4 elements=10752,1,1 gpu_ns=7680
VKPHASE pipeline=mul_mat_vec_rocmfp4_fast_q8_1_f32 elements=2048,1,1 gpu_ns=96200
VKPHASE pipeline=quantize_q8_1_x4 elements=2048,1,1 gpu_ns=7800
VKPHASE pipeline=mul_mat_vec_rocmfp4_fast_q8_1_f32 elements=2048,1,1 gpu_ns=34200
VKPHASE pipeline=mul_mat_vec_rocmfp4_fast_q8_1_f32 elements=512,1,1 gpu_ns=960
VKPHASE pipeline=mul_mat_vec_rocmfp4_fast_q8_1_f32 elements=512,1,1 gpu_ns=960
VKPHASE pipeline=quantize_q8_1_x4 elements=2048,1,1 gpu_ns=7720
VKPHASE pipeline=mul_mat_vec_rocmfp4_fast_q8_1_f32 elements=2048,1,1 gpu_ns=25600
VKPHASE pipeline=quantize_q8_1_x4 elements=2048,1,1 gpu_ns=7760
VKPHASE pipeline=mul_mat_vec_rocmfp4_fast_q8_1_f32 elements=10752,1,1 gpu_ns=104200
VKPHASE pipeline=mul_mat_vec_rocmfp4_fast_q8_1_f32 elements=10752,1,1 gpu_ns=95680
VKPHASE pipeline=quantize_q8_1_x4 elements=10752,1,1 gpu_ns=7800
VKPHASE pipeline=mul_mat_vec_rocmfp4_fast_q8_1_f32 elements=2048,1,1 gpu_ns=96280
VKPHASE pipeline=quantize_q8_1_x4 elements=2048,1,1 gpu_ns=7760
VKPHASE pipeline=mul_mat_vec_rocmfp4_fast_q8_1_f32 elements=6144,1,1 gpu_ns=61960
VKPHASE pipeline=quantize_q8_1_x4 elements=2048,1,1 gpu_ns=7840
VKPHASE pipeline=mul_mat_vec_rocmfp4_fast_q8_1_f32 elements=2048,1,1 gpu_ns=25280
VKPHASE pipeline=quantize_q8_1_x4 elements=2048,1,1 gpu_ns=7680
VKPHASE pipeline=mul_mat_vec_rocmfp4_fast_q8_1_f32 elements=10752,1,1 gpu_ns=104080
VKPHASE pipeline=mul_mat_vec_rocmfp4_fast_q8_1_f32 elements=10752,1,1 gpu_ns=95120
VKPHASE pipeline=quantize_q8_1_x4 elements=10752,1,1 gpu_ns=7680
VKPHASE pipeline=mul_mat_vec_rocmfp4_fast_q8_1_f32 elements=2048,1,1 gpu_ns=95920
VKPHASE pipeline=quantize_q8_1_x4 elements=2048,1,1 gpu_ns=7800
VKPHASE pipeline=mul_mat_vec_rocmfp4_fast_q8_1_f32 elements=6144,1,1 gpu_ns=62080
VKPHASE pipeline=quantize_q8_1_x4 elements=2048,1,1 gpu_ns=7640
VKPHASE pipeline=mul_mat_vec_rocmfp4_fast_q8_1_f32 elements=2048,1,1 gpu_ns=25160
VKPHASE pipeline=quantize_q8_1_x4 elements=2048,1,1 gpu_ns=7760
VKPHASE pipeline=mul_mat_vec_rocmfp4_fast_q8_1_f32 elements=10752,1,1 gpu_ns=104240
VKPHASE pipeline=mul_mat_vec_rocmfp4_fast_q8_1_f32 elements=10752,1,1 gpu_ns=95160
VKPHASE pipeline=quantize_q8_1_x4 elements=10752,1,1 gpu_ns=7680
VKPHASE pipeline=mul_mat_vec_rocmfp4_fast_q8_1_f32 elements=2048,1,1 gpu_ns=95960
VKPHASE pipeline=quantize_q8_1_x4 elements=2048,1,1 gpu_ns=7720
VKPHASE pipeline=mul_mat_vec_rocmfp4_fast_q8_1_f32 elements=2048,1,1 gpu_ns=34120
VKPHASE pipeline=mul_mat_vec_rocmfp4_fast_q8_1_f32 elements=512,1,1 gpu_ns=960
VKPHASE pipeline=mul_mat_vec_rocmfp4_fast_q8_1_f32 elements=512,1,1 gpu_ns=960
VKPHASE pipeline=quantize_q8_1_x4 elements=2048,1,1 gpu_ns=7680
VKPHASE pipeline=mul_mat_vec_rocmfp4_fast_q8_1_f32 elements=2048,1,1 gpu_ns=25560
VKPHASE pipeline=quantize_q8_1_x4 elements=2048,1,1 gpu_ns=7800
VKPHASE pipeline=mul_mat_vec_rocmfp4_fast_q8_1_f32 elements=10752,1,1 gpu_ns=104200
VKPHASE pipeline=mul_mat_vec_rocmfp4_fast_q8_1_f32 elements=10752,1,1 gpu_ns=95080
VKPHASE pipeline=quantize_q8_1_x4 elements=10752,1,1 gpu_ns=7720
VKPHASE pipeline=mul_mat_vec_rocmfp4_fast_q8_1_f32 elements=2048,1,1 gpu_ns=95920
VKPHASE pipeline=quantize_q8_1_x4 elements=2048,1,1 gpu_ns=7680
VKPHASE pipeline=mul_mat_vec_rocmfp4_fast_q8_1_f32 elements=6144,1,1 gpu_ns=62800
VKPHASE pipeline=quantize_q8_1_x4 elements=2048,1,1 gpu_ns=7800
VKPHASE pipeline=mul_mat_vec_rocmfp4_fast_q8_1_f32 elements=2048,1,1 gpu_ns=25480
VKPHASE pipeline=quantize_q8_1_x4 elements=2048,1,1 gpu_ns=7720
VKPHASE pipeline=mul_mat_vec_rocmfp4_fast_q8_1_f32 elements=10752,1,1 gpu_ns=104080
VKPHASE pipeline=mul_mat_vec_rocmfp4_fast_q8_1_f32 elements=10752,1,1 gpu_ns=95120
VKPHASE pipeline=quantize_q8_1_x4 elements=10752,1,1 gpu_ns=7600
VKPHASE pipeline=mul_mat_vec_rocmfp4_fast_q8_1_f32 elements=2048,1,1 gpu_ns=96040
VKPHASE pipeline=quantize_q8_1_x4 elements=2048,1,1 gpu_ns=7720
VKPHASE pipeline=mul_mat_vec_rocmfp4_fast_q8_1_f32 elements=6144,1,1 gpu_ns=62080
VKPHASE pipeline=quantize_q8_1_x4 elements=2048,1,1 gpu_ns=7600
VKPHASE pipeline=mul_mat_vec_rocmfp4_fast_q8_1_f32 elements=2048,1,1 gpu_ns=25360
VKPHASE pipeline=quantize_q8_1_x4 elements=2048,1,1 gpu_ns=7720
VKPHASE pipeline=mul_mat_vec_rocmfp4_fast_q8_1_f32 elements=10752,1,1 gpu_ns=103920
VKPHASE pipeline=mul_mat_vec_rocmfp4_fast_q8_1_f32 elements=10752,1,1 gpu_ns=95440
VKPHASE pipeline=quantize_q8_1_x4 elements=10752,1,1 gpu_ns=7760
VKPHASE pipeline=mul_mat_vec_rocmfp4_fast_q8_1_f32 elements=2048,1,1 gpu_ns=95880
VKPHASE pipeline=quantize_q8_1_x4 elements=2048,1,1 gpu_ns=7680
VKPHASE pipeline=mul_mat_vec_rocmfp4_fast_q8_1_f32 elements=6144,1,1 gpu_ns=62080
VKPHASE pipeline=quantize_q8_1_x4 elements=2048,1,1 gpu_ns=7720
VKPHASE pipeline=mul_mat_vec_rocmfp4_fast_q8_1_f32 elements=2048,1,1 gpu_ns=25160
VKPHASE pipeline=quantize_q8_1_x4 elements=2048,1,1 gpu_ns=7680
VKPHASE pipeline=mul_mat_vec_rocmfp4_fast_q8_1_f32 elements=10752,1,1 gpu_ns=104120
VKPHASE pipeline=mul_mat_vec_rocmfp4_fast_q8_1_f32 elements=10752,1,1 gpu_ns=95760
VKPHASE pipeline=quantize_q8_1_x4 elements=10752,1,1 gpu_ns=7800
VKPHASE pipeline=mul_mat_vec_rocmfp4_fast_q8_1_f32 elements=2048,1,1 gpu_ns=95920
VKPHASE pipeline=quantize_q8_1_x4 elements=2048,1,1 gpu_ns=7720
VKPHASE pipeline=mul_mat_vec_rocmfp4_fast_q8_1_f32 elements=2048,1,1 gpu_ns=34200
VKPHASE pipeline=mul_mat_vec_rocmfp4_fast_q8_1_f32 elements=512,1,1 gpu_ns=960
VKPHASE pipeline=mul_mat_vec_rocmfp4_fast_q8_1_f32 elements=512,1,1 gpu_ns=960
VKPHASE pipeline=quantize_q8_1_x4 elements=2048,1,1 gpu_ns=7720
VKPHASE pipeline=mul_mat_vec_rocmfp4_fast_q8_1_f32 elements=2048,1,1 gpu_ns=25480
VKPHASE pipeline=quantize_q8_1_x4 elements=2048,1,1 gpu_ns=7720
VKPHASE pipeline=mul_mat_vec_rocmfp4_fast_q8_1_f32 elements=10752,1,1 gpu_ns=104200
VKPHASE pipeline=mul_mat_vec_rocmfp4_fast_q8_1_f32 elements=10752,1,1 gpu_ns=97600
VKPHASE pipeline=quantize_q8_1_x4 elements=10752,1,1 gpu_ns=7640
VKPHASE pipeline=mul_mat_vec_rocmfp4_fast_q8_1_f32 elements=2048,1,1 gpu_ns=95880
VKPHASE pipeline=quantize_q8_1_x4 elements=2048,1,1 gpu_ns=7720
VKPHASE pipeline=mul_mat_vec_rocmfp4_fast_q8_1_f32 elements=6144,1,1 gpu_ns=62040
VKPHASE pipeline=quantize_q8_1_x4 elements=2048,1,1 gpu_ns=7680
VKPHASE pipeline=mul_mat_vec_rocmfp4_fast_q8_1_f32 elements=2048,1,1 gpu_ns=27160
VKPHASE pipeline=quantize_q8_1_x4 elements=2048,1,1 gpu_ns=7840
VKPHASE pipeline=mul_mat_vec_rocmfp4_fast_q8_1_f32 elements=10752,1,1 gpu_ns=139760
VKPHASE pipeline=mul_mat_vec_rocmfp4_fast_q8_1_f32 elements=10752,1,1 gpu_ns=94880
VKPHASE pipeline=quantize_q8_1_x4 elements=10752,1,1 gpu_ns=7720
VKPHASE pipeline=mul_mat_vec_rocmfp4_fast_q8_1_f32 elements=2048,1,1 gpu_ns=95800
VKPHASE pipeline=quantize_q8_1_x4 elements=2048,1,1 gpu_ns=7680
VKPHASE pipeline=mul_mat_vec_rocmfp4_fast_q8_1_f32 elements=6144,1,1 gpu_ns=62040
VKPHASE pipeline=quantize_q8_1_x4 elements=2048,1,1 gpu_ns=7680
VKPHASE pipeline=mul_mat_vec_rocmfp4_fast_q8_1_f32 elements=2048,1,1 gpu_ns=25080
VKPHASE pipeline=quantize_q8_1_x4 elements=2048,1,1 gpu_ns=7680
VKPHASE pipeline=mul_mat_vec_rocmfp4_fast_q8_1_f32 elements=10752,1,1 gpu_ns=104200
VKPHASE pipeline=mul_mat_vec_rocmfp4_fast_q8_1_f32 elements=10752,1,1 gpu_ns=95200
VKPHASE pipeline=quantize_q8_1_x4 elements=10752,1,1 gpu_ns=7800
VKPHASE pipeline=mul_mat_vec_rocmfp4_fast_q8_1_f32 elements=2048,1,1 gpu_ns=95760
VKPHASE pipeline=quantize_q8_1_x4 elements=2048,1,1 gpu_ns=7640
VKPHASE pipeline=mul_mat_vec_rocmfp4_fast_q8_1_f32 elements=6144,1,1 gpu_ns=61920
VKPHASE pipeline=quantize_q8_1_x4 elements=2048,1,1 gpu_ns=7760
VKPHASE pipeline=mul_mat_vec_rocmfp4_fast_q8_1_f32 elements=2048,1,1 gpu_ns=25080
VKPHASE pipeline=quantize_q8_1_x4 elements=2048,1,1 gpu_ns=7800
VKPHASE pipeline=mul_mat_vec_rocmfp4_fast_q8_1_f32 elements=10752,1,1 gpu_ns=104480
VKPHASE pipeline=mul_mat_vec_rocmfp4_fast_q8_1_f32 elements=10752,1,1 gpu_ns=95080
VKPHASE pipeline=quantize_q8_1_x4 elements=10752,1,1 gpu_ns=7640
VKPHASE pipeline=mul_mat_vec_rocmfp4_fast_q8_1_f32 elements=2048,1,1 gpu_ns=95880
VKPHASE pipeline=quantize_q8_1_x4 elements=2048,1,1 gpu_ns=7720
VKPHASE pipeline=mul_mat_vec_rocmfp4_fast_q8_1_f32 elements=2048,1,1 gpu_ns=34160
VKPHASE pipeline=mul_mat_vec_rocmfp4_fast_q8_1_f32 elements=512,1,1 gpu_ns=960
VKPHASE pipeline=mul_mat_vec_rocmfp4_fast_q8_1_f32 elements=512,1,1 gpu_ns=920
VKPHASE pipeline=quantize_q8_1_x4 elements=2048,1,1 gpu_ns=7720
VKPHASE pipeline=mul_mat_vec_rocmfp4_fast_q8_1_f32 elements=2048,1,1 gpu_ns=25800
VKPHASE pipeline=quantize_q8_1_x4 elements=2048,1,1 gpu_ns=7760
VKPHASE pipeline=mul_mat_vec_rocmfp4_fast_q8_1_f32 elements=10752,1,1 gpu_ns=104560
VKPHASE pipeline=mul_mat_vec_rocmfp4_fast_q8_1_f32 elements=10752,1,1 gpu_ns=94800
VKPHASE pipeline=quantize_q8_1_x4 elements=10752,1,1 gpu_ns=7680
VKPHASE pipeline=mul_mat_vec_rocmfp4_fast_q8_1_f32 elements=2048,1,1 gpu_ns=95880
VKPHASE pipeline=quantize_q8_1_x4 elements=2048,1,1 gpu_ns=7680
VKPHASE pipeline=mul_mat_vec_rocmfp4_fast_q8_1_f32 elements=6144,1,1 gpu_ns=62160
VKPHASE pipeline=quantize_q8_1_x4 elements=2048,1,1 gpu_ns=7680
VKPHASE pipeline=mul_mat_vec_rocmfp4_fast_q8_1_f32 elements=2048,1,1 gpu_ns=25320
VKPHASE pipeline=quantize_q8_1_x4 elements=2048,1,1 gpu_ns=7760
VKPHASE pipeline=mul_mat_vec_rocmfp4_fast_q8_1_f32 elements=10752,1,1 gpu_ns=104320
VKPHASE pipeline=mul_mat_vec_rocmfp4_fast_q8_1_f32 elements=10752,1,1 gpu_ns=95000
VKPHASE pipeline=quantize_q8_1_x4 elements=10752,1,1 gpu_ns=7840
VKPHASE pipeline=mul_mat_vec_rocmfp4_fast_q8_1_f32 elements=2048,1,1 gpu_ns=96040
VKPHASE pipeline=quantize_q8_1_x4 elements=2048,1,1 gpu_ns=7720
VKPHASE pipeline=mul_mat_vec_rocmfp4_fast_q8_1_f32 elements=6144,1,1 gpu_ns=61840
VKPHASE pipeline=quantize_q8_1_x4 elements=2048,1,1 gpu_ns=7800
VKPHASE pipeline=mul_mat_vec_rocmfp4_fast_q8_1_f32 elements=2048,1,1 gpu_ns=25080
VKPHASE pipeline=quantize_q8_1_x4 elements=2048,1,1 gpu_ns=7720
VKPHASE pipeline=mul_mat_vec_rocmfp4_fast_q8_1_f32 elements=10752,1,1 gpu_ns=104200
VKPHASE pipeline=mul_mat_vec_rocmfp4_fast_q8_1_f32 elements=10752,1,1 gpu_ns=95120
VKPHASE pipeline=quantize_q8_1_x4 elements=10752,1,1 gpu_ns=7680
VKPHASE pipeline=mul_mat_vec_rocmfp4_fast_q8_1_f32 elements=2048,1,1 gpu_ns=95680
VKPHASE pipeline=quantize_q8_1_x4 elements=2048,1,1 gpu_ns=7760
VKPHASE pipeline=mul_mat_vec_rocmfp4_fast_q8_1_f32 elements=6144,1,1 gpu_ns=61800
VKPHASE pipeline=quantize_q8_1_x4 elements=2048,1,1 gpu_ns=7680
VKPHASE pipeline=mul_mat_vec_rocmfp4_fast_q8_1_f32 elements=2048,1,1 gpu_ns=25120
VKPHASE pipeline=quantize_q8_1_x4 elements=2048,1,1 gpu_ns=7800
VKPHASE pipeline=mul_mat_vec_rocmfp4_fast_q8_1_f32 elements=10752,1,1 gpu_ns=104320
VKPHASE pipeline=mul_mat_vec_rocmfp4_fast_q8_1_f32 elements=10752,1,1 gpu_ns=95120
VKPHASE pipeline=quantize_q8_1_x4 elements=10752,1,1 gpu_ns=7640
VKPHASE pipeline=mul_mat_vec_rocmfp4_fast_q8_1_f32 elements=2048,1,1 gpu_ns=101600
VKPHASE pipeline=quantize_q8_1_x4 elements=2048,1,1 gpu_ns=7800
VKPHASE pipeline=mul_mat_vec_rocmfp4_fast_q8_1_f32 elements=2048,1,1 gpu_ns=45800
VKPHASE pipeline=mul_mat_vec_rocmfp4_fast_q8_1_f32 elements=512,1,1 gpu_ns=25520
VKPHASE pipeline=mul_mat_vec_rocmfp4_fast_q8_1_f32 elements=512,1,1 gpu_ns=1000
VKPHASE pipeline=quantize_q8_1_x4 elements=2048,1,1 gpu_ns=7760
VKPHASE pipeline=mul_mat_vec_rocmfp4_fast_q8_1_f32 elements=2048,1,1 gpu_ns=25640
VKPHASE pipeline=quantize_q8_1_x4 elements=2048,1,1 gpu_ns=7640
VKPHASE pipeline=mul_mat_vec_rocmfp4_fast_q8_1_f32 elements=10752,1,1 gpu_ns=104120
VKPHASE pipeline=mul_mat_vec_rocmfp4_fast_q8_1_f32 elements=10752,1,1 gpu_ns=92240
VKPHASE pipeline=quantize_q8_1_x4 elements=10752,1,1 gpu_ns=7280
VKPHASE pipeline=mul_mat_vec_rocmfp4_fast_q8_1_f32 elements=2048,1,1 gpu_ns=91080
VKPHASE pipeline=quantize_q8_1_x4 elements=2048,1,1 gpu_ns=7160
VKPHASE pipeline=mul_mat_vec_rocmfp4_fast_q8_1_f32 elements=6144,1,1 gpu_ns=58840
VKPHASE pipeline=quantize_q8_1_x4 elements=2048,1,1 gpu_ns=6920
VKPHASE pipeline=mul_mat_vec_rocmfp4_fast_q8_1_f32 elements=2048,1,1 gpu_ns=23960
VKPHASE pipeline=quantize_q8_1_x4 elements=2048,1,1 gpu_ns=7240
VKPHASE pipeline=mul_mat_vec_rocmfp4_fast_q8_1_f32 elements=10752,1,1 gpu_ns=98960
VKPHASE pipeline=mul_mat_vec_rocmfp4_fast_q8_1_f32 elements=10752,1,1 gpu_ns=90200
VKPHASE pipeline=quantize_q8_1_x4 elements=10752,1,1 gpu_ns=7360
VKPHASE pipeline=mul_mat_vec_rocmfp4_fast_q8_1_f32 elements=2048,1,1 gpu_ns=91120
VKPHASE pipeline=quantize_q8_1_x4 elements=2048,1,1 gpu_ns=7160
VKPHASE pipeline=mul_mat_vec_rocmfp4_fast_q8_1_f32 elements=6144,1,1 gpu_ns=58920
VKPHASE pipeline=quantize_q8_1_x4 elements=2048,1,1 gpu_ns=6960
VKPHASE pipeline=mul_mat_vec_rocmfp4_fast_q8_1_f32 elements=2048,1,1 gpu_ns=23800
VKPHASE pipeline=quantize_q8_1_x4 elements=2048,1,1 gpu_ns=7280
VKPHASE pipeline=mul_mat_vec_rocmfp4_fast_q8_1_f32 elements=10752,1,1 gpu_ns=98680
VKPHASE pipeline=mul_mat_vec_rocmfp4_fast_q8_1_f32 elements=10752,1,1 gpu_ns=86240
VKPHASE pipeline=quantize_q8_1_x4 elements=10752,1,1 gpu_ns=6160
VKPHASE pipeline=mul_mat_vec_rocmfp4_fast_q8_1_f32 elements=2048,1,1 gpu_ns=79640
VKPHASE pipeline=quantize_q8_1_x4 elements=2048,1,1 gpu_ns=6120
VKPHASE pipeline=mul_mat_vec_rocmfp4_fast_q8_1_f32 elements=6144,1,1 gpu_ns=51000
VKPHASE pipeline=quantize_q8_1_x4 elements=2048,1,1 gpu_ns=6160
VKPHASE pipeline=mul_mat_vec_rocmfp4_fast_q8_1_f32 elements=2048,1,1 gpu_ns=20120
VKPHASE pipeline=quantize_q8_1_x4 elements=2048,1,1 gpu_ns=6080
VKPHASE pipeline=mul_mat_vec_rocmfp4_fast_q8_1_f32 elements=10752,1,1 gpu_ns=86840
VKPHASE pipeline=mul_mat_vec_rocmfp4_fast_q8_1_f32 elements=10752,1,1 gpu_ns=79920
VKPHASE pipeline=quantize_q8_1_x4 elements=10752,1,1 gpu_ns=6200
VKPHASE pipeline=mul_mat_vec_rocmfp4_fast_q8_1_f32 elements=2048,1,1 gpu_ns=79600
VKPHASE pipeline=quantize_q8_1_x4 elements=2048,1,1 gpu_ns=6120
VKPHASE pipeline=mul_mat_vec_rocmfp4_fast_q8_1_f32 elements=2048,1,1 gpu_ns=27440
VKPHASE pipeline=mul_mat_vec_rocmfp4_fast_q8_1_f32 elements=512,1,1 gpu_ns=800
VKPHASE pipeline=mul_mat_vec_rocmfp4_fast_q8_1_f32 elements=512,1,1 gpu_ns=800
VKPHASE pipeline=quantize_q8_1_x4 elements=2048,1,1 gpu_ns=6160
VKPHASE pipeline=mul_mat_vec_rocmfp4_fast_q8_1_f32 elements=2048,1,1 gpu_ns=20440
VKPHASE pipeline=quantize_q8_1_x4 elements=2048,1,1 gpu_ns=6160
VKPHASE pipeline=mul_mat_vec_rocmfp4_fast_q8_1_f32 elements=10752,1,1 gpu_ns=86520
VKPHASE pipeline=mul_mat_vec_rocmfp4_fast_q8_1_f32 elements=10752,1,1 gpu_ns=71960
VKPHASE pipeline=quantize_q8_1_x4 elements=10752,1,1 gpu_ns=5240
VKPHASE pipeline=mul_mat_vec_rocmfp4_fast_q8_1_f32 elements=2048,1,1 gpu_ns=68520
VKPHASE pipeline=quantize_q8_1_x4 elements=2048,1,1 gpu_ns=5280
VKPHASE pipeline=mul_mat_vec_rocmfp4_fast_q8_1_f32 elements=6144,1,1 gpu_ns=43440
VKPHASE pipeline=quantize_q8_1_x4 elements=2048,1,1 gpu_ns=5240
VKPHASE pipeline=mul_mat_vec_rocmfp4_fast_q8_1_f32 elements=2048,1,1 gpu_ns=17080
VKPHASE pipeline=quantize_q8_1_x4 elements=2048,1,1 gpu_ns=5280
VKPHASE pipeline=mul_mat_vec_rocmfp4_fast_q8_1_f32 elements=10752,1,1 gpu_ns=74080
VKPHASE pipeline=mul_mat_vec_rocmfp4_fast_q8_1_f32 elements=10752,1,1 gpu_ns=67960
VKPHASE pipeline=quantize_q8_1_x4 elements=10752,1,1 gpu_ns=2480
VKPHASE pipeline=mul_mat_vec_rocmfp4_fast_q8_1_f32 elements=2048,1,1 gpu_ns=68480
VKPHASE pipeline=quantize_q8_1_x4 elements=2048,1,1 gpu_ns=5280
VKPHASE pipeline=mul_mat_vec_rocmfp4_fast_q8_1_f32 elements=6144,1,1 gpu_ns=43320
VKPHASE pipeline=quantize_q8_1_x4 elements=2048,1,1 gpu_ns=5200
VKPHASE pipeline=mul_mat_vec_rocmfp4_fast_q8_1_f32 elements=2048,1,1 gpu_ns=17000
VKPHASE pipeline=quantize_q8_1_x4 elements=2048,1,1 gpu_ns=5240
VKPHASE pipeline=mul_mat_vec_rocmfp4_fast_q8_1_f32 elements=10752,1,1 gpu_ns=74000
VKPHASE pipeline=mul_mat_vec_rocmfp4_fast_q8_1_f32 elements=10752,1,1 gpu_ns=67920
VKPHASE pipeline=quantize_q8_1_x4 elements=10752,1,1 gpu_ns=5240
VKPHASE pipeline=mul_mat_vec_rocmfp4_fast_q8_1_f32 elements=2048,1,1 gpu_ns=68160
VKPHASE pipeline=quantize_q8_1_x4 elements=2048,1,1 gpu_ns=5280
VKPHASE pipeline=mul_mat_vec_rocmfp4_fast_q8_1_f32 elements=2048,1,1 gpu_ns=23440
VKPHASE pipeline=mul_mat_vec_rocmfp4_fast_q8_1_f32 elements=512,1,1 gpu_ns=680
VKPHASE pipeline=mul_mat_vec_rocmfp4_fast_q8_1_f32 elements=512,1,1 gpu_ns=680
VKPHASE pipeline=quantize_q8_1_x4 elements=2048,1,1 gpu_ns=2160
VKPHASE pipeline=mul_mat_vec_rocmfp4_fast_q8_1_f32 elements=2048,1,1 gpu_ns=15800
VKPHASE pipeline=quantize_q8_1_x4 elements=2048,1,1 gpu_ns=2200
VKPHASE pipeline=mul_mat_vec_rocmfp4_fast_q8_1_f32 elements=10752,1,1 gpu_ns=62360
VKPHASE pipeline=mul_mat_vec_rocmfp4_fast_q8_1_f32 elements=10752,1,1 gpu_ns=57560
VKPHASE pipeline=quantize_q8_1_x4 elements=10752,1,1 gpu_ns=2200
VKPHASE pipeline=mul_mat_vec_rocmfp4_fast_q8_1_f32 elements=2048,1,1 gpu_ns=58880
VKPHASE pipeline=quantize_q8_1_x4 elements=2048,1,1 gpu_ns=2160
VKPHASE pipeline=mul_mat_vec_rocmfp4_fast_q8_1_f32 elements=6144,1,1 gpu_ns=37360
VKPHASE pipeline=quantize_q8_1_x4 elements=2048,1,1 gpu_ns=2160
VKPHASE pipeline=mul_mat_vec_rocmfp4_fast_q8_1_f32 elements=2048,1,1 gpu_ns=14760
VKPHASE pipeline=quantize_q8_1_x4 elements=2048,1,1 gpu_ns=2400
VKPHASE pipeline=mul_mat_vec_rocmfp4_fast_q8_1_f32 elements=10752,1,1 gpu_ns=62560
VKPHASE pipeline=mul_mat_vec_rocmfp4_fast_q8_1_f32 elements=10752,1,1 gpu_ns=57160
VKPHASE pipeline=quantize_q8_1_x4 elements=10752,1,1 gpu_ns=2200
VKPHASE pipeline=mul_mat_vec_rocmfp4_fast_q8_1_f32 elements=2048,1,1 gpu_ns=58720
VKPHASE pipeline=quantize_q8_1_x4 elements=2048,1,1 gpu_ns=2200
VKPHASE pipeline=mul_mat_vec_rocmfp4_fast_q8_1_f32 elements=6144,1,1 gpu_ns=37080
VKPHASE pipeline=quantize_q8_1_x4 elements=2048,1,1 gpu_ns=2160
VKPHASE pipeline=mul_mat_vec_rocmfp4_fast_q8_1_f32 elements=2048,1,1 gpu_ns=14640
VKPHASE pipeline=quantize_q8_1_x4 elements=2048,1,1 gpu_ns=2200
VKPHASE pipeline=mul_mat_vec_rocmfp4_fast_q8_1_f32 elements=10752,1,1 gpu_ns=62880
VKPHASE pipeline=mul_mat_vec_rocmfp4_fast_q8_1_f32 elements=10752,1,1 gpu_ns=57440
VKPHASE pipeline=quantize_q8_1_x4 elements=10752,1,1 gpu_ns=2200
VKPHASE pipeline=mul_mat_vec_rocmfp4_fast_q8_1_f32 elements=2048,1,1 gpu_ns=59440
VKPHASE pipeline=quantize_q8_1_x4 elements=2048,1,1 gpu_ns=2200
VKPHASE pipeline=mul_mat_vec_rocmfp4_fast_q8_1_f32 elements=2048,1,1 gpu_ns=19400
VKPHASE pipeline=mul_mat_vec_rocmfp4_fast_q8_1_f32 elements=512,1,1 gpu_ns=560
VKPHASE pipeline=mul_mat_vec_rocmfp4_fast_q8_1_f32 elements=512,1,1 gpu_ns=600
VKPHASE pipeline=quantize_q8_1_x4 elements=2048,1,1 gpu_ns=2080
VKPHASE pipeline=mul_mat_vec_rocmfp4_fast_q8_1_f32 elements=2048,1,1 gpu_ns=13440
VKPHASE pipeline=quantize_q8_1_x4 elements=2048,1,1 gpu_ns=2040
VKPHASE pipeline=mul_mat_vec_rocmfp4_fast_q8_1_f32 elements=10752,1,1 gpu_ns=53080
VKPHASE pipeline=mul_mat_vec_rocmfp4_fast_q8_1_f32 elements=10752,1,1 gpu_ns=47800
VKPHASE pipeline=quantize_q8_1_x4 elements=10752,1,1 gpu_ns=1960
VKPHASE pipeline=mul_mat_vec_rocmfp4_fast_q8_1_f32 elements=2048,1,1 gpu_ns=54520
VKPHASE pipeline=quantize_q8_1_x4 elements=2048,1,1 gpu_ns=2080
VKPHASE pipeline=mul_mat_vec_rocmfp4_fast_q8_1_f32 elements=6144,1,1 gpu_ns=31720
VKPHASE pipeline=quantize_q8_1_x4 elements=2048,1,1 gpu_ns=2080
VKPHASE pipeline=mul_mat_vec_rocmfp4_fast_q8_1_f32 elements=2048,1,1 gpu_ns=12720
VKPHASE pipeline=quantize_q8_1_x4 elements=2048,1,1 gpu_ns=2080
VKPHASE pipeline=mul_mat_vec_rocmfp4_fast_q8_1_f32 elements=10752,1,1 gpu_ns=53000
VKPHASE pipeline=mul_mat_vec_rocmfp4_fast_q8_1_f32 elements=10752,1,1 gpu_ns=47720
VKPHASE pipeline=quantize_q8_1_x4 elements=10752,1,1 gpu_ns=2000
VKPHASE pipeline=mul_mat_vec_rocmfp4_fast_q8_1_f32 elements=2048,1,1 gpu_ns=54680
VKPHASE pipeline=quantize_q8_1_x4 elements=2048,1,1 gpu_ns=2080
VKPHASE pipeline=mul_mat_vec_rocmfp4_fast_q8_1_f32 elements=6144,1,1 gpu_ns=31520
VKPHASE pipeline=quantize_q8_1_x4 elements=2048,1,1 gpu_ns=2080
VKPHASE pipeline=mul_mat_vec_rocmfp4_fast_q8_1_f32 elements=2048,1,1 gpu_ns=13160
VKPHASE pipeline=quantize_q8_1_x4 elements=2048,1,1 gpu_ns=2120
VKPHASE pipeline=mul_mat_vec_rocmfp4_fast_q8_1_f32 elements=10752,1,1 gpu_ns=53000
VKPHASE pipeline=mul_mat_vec_rocmfp4_fast_q8_1_f32 elements=10752,1,1 gpu_ns=47720
VKPHASE pipeline=quantize_q8_1_x4 elements=10752,1,1 gpu_ns=1960
VKPHASE pipeline=mul_mat_vec_rocmfp4_fast_q8_1_f32 elements=2048,1,1 gpu_ns=54440
VKPHASE pipeline=quantize_q8_1_x4 elements=2048,1,1 gpu_ns=2080
VKPHASE pipeline=mul_mat_vec_rocmfp4_fast_q8_1_f32 elements=128000,1,1 gpu_ns=578160
----------------
Vulkan Timings:
ADD: 22 x 9.605 us = 211.32 us
CONCAT: 21 x 6.339 us = 133.12 us
CONCAT, CPY: 1 x 3.96 us = 3.96 us
CPY, SSM_CONV: 22 x 11.301 us = 248.64 us
FLASH_ATTN_EXT dst(64,32,1,1),  q(64,1,32,1),  k(64,8448,8,1),  v(64,8448,8,1),  m(8448,1,1,1), SCALE: 1 x 123.16 us = 123.16 us (561.92 GFLOPS/s)
FLASH_ATTN_EXT dst(64,32,1,1),  q(64,1,32,1),  k(64,8448,8,1),  v(64,8448,8,1),  m(8448,1,1,1), SCALE, GET_ROWS, GET_ROWS, CPY: 7 x 166.222 us = 1163.56 us (416.345 GFLOPS/s)
GET_ROWS: 1 x 6.08 us = 6.08 us
GET_ROWS, GET_ROWS, CPY, MUL_MAT f32 m=64 n=32 k=64: 1 x 10.72 us = 10.72 us (24.2627 GFLOPS/s)
GLU: 18 x 8.288 us = 149.2 us
GLU, SCALE, GET_ROWS, GET_ROWS: 12 x 11.796 us = 141.56 us
MUL: 43 x 7.521 us = 323.44 us
MUL, SCALE, GET_ROWS, GET_ROWS: 1 x 17.68 us = 17.68 us
MUL_MAT f32 m=64 n=32 k=64: 7 x 12.222 us = 85.56 us (21.2795 GFLOPS/s)
MUL_MAT_ADD MUL_MAT_VEC q4_0_rocmfp4_fast m=2048 n=1 k=10752: 30 x 96.2 us = 2886 us (457.777 GFLOPS/s)
MUL_MAT_ADD MUL_MAT_VEC q4_0_rocmfp4_fast m=2048 n=1 k=2048: 8 x 32.19 us = 257.52 us (260.533 GFLOPS/s)
MUL_MAT_VEC f32 m=64 n=8 k=64: 8 x 10.015 us = 80.12 us (6.49266 GFLOPS/s)
MUL_MAT_VEC f32 m=64 n=8 k=64, RMS_NORM_MUL_ROPE RMS_NORM(64,8,1,1), MUL_MAT f32 m=64 n=32 k=64: 8 x 25.5 us = 204 us (12.7498 GFLOPS/s)
MUL_MAT_VEC q4_0_rocmfp4_fast m=10752 n=1 k=2048, MUL_MAT_VEC q4_0_rocmfp4_fast m=10752 n=1 k=2048: 30 x 186.997 us = 5609.92 us (470.91 GFLOPS/s)
MUL_MAT_VEC q4_0_rocmfp4_fast m=2048 n=1 k=2048: 22 x 31.989 us = 703.76 us (262.169 GFLOPS/s)
MUL_MAT_VEC q4_0_rocmfp4_fast m=2048 n=1 k=2048, MUL_MAT_VEC q4_0_rocmfp4_fast m=512 n=1 k=2048, MUL_MAT_VEC q4_0_rocmfp4_fast m=512 n=1 k=2048: 8 x 46.125 us = 369 us (272.734 GFLOPS/s)
MUL_MAT_VEC q4_0_rocmfp4_fast m=6144 n=1 k=2048: 10 x 63.548 us = 635.48 us (395.916 GFLOPS/s)
MUL_MAT_VEC q4_0_rocmfp4_fast m=6144 n=1 k=2048, CPY: 12 x 66.536 us = 798.44 us (378.133 GFLOPS/s)
RMS_NORM_MUL RMS_NORM(2048,1,1,1): 59 x 10.979 us = 647.8 us
RMS_NORM_MUL RMS_NORM(2048,1,1,1), GET_ROWS: 1 x 9.64 us = 9.64 us
RMS_NORM_MUL_ROPE RMS_NORM(64,32,1,1): 8 x 9.735 us = 77.88 us
SCALE, GET_ROWS, GET_ROWS, RMS_NORM_MUL RMS_NORM(2048,1,1,1), CPY: 1 x 20.04 us = 20.04 us
SET_ROWS, SET_ROWS: 8 x 10.095 us = 80.76 us
Total time: 14998.4 us.
VKPHASE pipeline=quantize_q8_1_x4 elements=2048,1,1 gpu_ns=8160
VKPHASE pipeline=mul_mat_vec_rocmfp4_fast_q8_1_f32 elements=6144,1,1 gpu_ns=63040
VKPHASE pipeline=quantize_q8_1_x4 elements=2048,1,1 gpu_ns=7800
VKPHASE pipeline=mul_mat_vec_rocmfp4_fast_q8_1_f32 elements=2048,1,1 gpu_ns=25080
VKPHASE pipeline=quantize_q8_1_x4 elements=2048,1,1 gpu_ns=7640
VKPHASE pipeline=mul_mat_vec_rocmfp4_fast_q8_1_f32 elements=10752,1,1 gpu_ns=104280
VKPHASE pipeline=mul_mat_vec_rocmfp4_fast_q8_1_f32 elements=10752,1,1 gpu_ns=95400
VKPHASE pipeline=quantize_q8_1_x4 elements=10752,1,1 gpu_ns=7760
VKPHASE pipeline=mul_mat_vec_rocmfp4_fast_q8_1_f32 elements=2048,1,1 gpu_ns=96760
VKPHASE pipeline=quantize_q8_1_x4 elements=2048,1,1 gpu_ns=7640
VKPHASE pipeline=mul_mat_vec_rocmfp4_fast_q8_1_f32 elements=6144,1,1 gpu_ns=62320
VKPHASE pipeline=quantize_q8_1_x4 elements=2048,1,1 gpu_ns=7760
VKPHASE pipeline=mul_mat_vec_rocmfp4_fast_q8_1_f32 elements=2048,1,1 gpu_ns=25160
VKPHASE pipeline=quantize_q8_1_x4 elements=2048,1,1 gpu_ns=7640
VKPHASE pipeline=mul_mat_vec_rocmfp4_fast_q8_1_f32 elements=10752,1,1 gpu_ns=104080
VKPHASE pipeline=mul_mat_vec_rocmfp4_fast_q8_1_f32 elements=10752,1,1 gpu_ns=94960
VKPHASE pipeline=quantize_q8_1_x4 elements=10752,1,1 gpu_ns=7800
VKPHASE pipeline=mul_mat_vec_rocmfp4_fast_q8_1_f32 elements=2048,1,1 gpu_ns=95960
VKPHASE pipeline=quantize_q8_1_x4 elements=2048,1,1 gpu_ns=7680
VKPHASE pipeline=mul_mat_vec_rocmfp4_fast_q8_1_f32 elements=2048,1,1 gpu_ns=33240
VKPHASE pipeline=mul_mat_vec_rocmfp4_fast_q8_1_f32 elements=512,1,1 gpu_ns=960
VKPHASE pipeline=mul_mat_vec_rocmfp4_fast_q8_1_f32 elements=512,1,1 gpu_ns=960
VKPHASE pipeline=quantize_q8_1_x4 elements=2048,1,1 gpu_ns=7400
VKPHASE pipeline=mul_mat_vec_rocmfp4_fast_q8_1_f32 elements=2048,1,1 gpu_ns=25600
VKPHASE pipeline=quantize_q8_1_x4 elements=2048,1,1 gpu_ns=7720
VKPHASE pipeline=mul_mat_vec_rocmfp4_fast_q8_1_f32 elements=10752,1,1 gpu_ns=104040
VKPHASE pipeline=mul_mat_vec_rocmfp4_fast_q8_1_f32 elements=10752,1,1 gpu_ns=95960
VKPHASE pipeline=quantize_q8_1_x4 elements=10752,1,1 gpu_ns=7680
VKPHASE pipeline=mul_mat_vec_rocmfp4_fast_q8_1_f32 elements=2048,1,1 gpu_ns=96240
VKPHASE pipeline=quantize_q8_1_x4 elements=2048,1,1 gpu_ns=7360
VKPHASE pipeline=mul_mat_vec_rocmfp4_fast_q8_1_f32 elements=6144,1,1 gpu_ns=62000
VKPHASE pipeline=quantize_q8_1_x4 elements=2048,1,1 gpu_ns=7680
VKPHASE pipeline=mul_mat_vec_rocmfp4_fast_q8_1_f32 elements=2048,1,1 gpu_ns=25240
VKPHASE pipeline=quantize_q8_1_x4 elements=2048,1,1 gpu_ns=7800
VKPHASE pipeline=mul_mat_vec_rocmfp4_fast_q8_1_f32 elements=10752,1,1 gpu_ns=104200
VKPHASE pipeline=mul_mat_vec_rocmfp4_fast_q8_1_f32 elements=10752,1,1 gpu_ns=99320
VKPHASE pipeline=quantize_q8_1_x4 elements=10752,1,1 gpu_ns=3400
VKPHASE pipeline=mul_mat_vec_rocmfp4_fast_q8_1_f32 elements=2048,1,1 gpu_ns=128800
VKPHASE pipeline=quantize_q8_1_x4 elements=2048,1,1 gpu_ns=7640
VKPHASE pipeline=mul_mat_vec_rocmfp4_fast_q8_1_f32 elements=6144,1,1 gpu_ns=64160
VKPHASE pipeline=quantize_q8_1_x4 elements=2048,1,1 gpu_ns=7720
VKPHASE pipeline=mul_mat_vec_rocmfp4_fast_q8_1_f32 elements=2048,1,1 gpu_ns=25800
VKPHASE pipeline=quantize_q8_1_x4 elements=2048,1,1 gpu_ns=7760
VKPHASE pipeline=mul_mat_vec_rocmfp4_fast_q8_1_f32 elements=10752,1,1 gpu_ns=104240
VKPHASE pipeline=mul_mat_vec_rocmfp4_fast_q8_1_f32 elements=10752,1,1 gpu_ns=95000
VKPHASE pipeline=quantize_q8_1_x4 elements=10752,1,1 gpu_ns=7680
VKPHASE pipeline=mul_mat_vec_rocmfp4_fast_q8_1_f32 elements=2048,1,1 gpu_ns=95840
VKPHASE pipeline=quantize_q8_1_x4 elements=2048,1,1 gpu_ns=7800
VKPHASE pipeline=mul_mat_vec_rocmfp4_fast_q8_1_f32 elements=2048,1,1 gpu_ns=34080
VKPHASE pipeline=mul_mat_vec_rocmfp4_fast_q8_1_f32 elements=512,1,1 gpu_ns=960
VKPHASE pipeline=mul_mat_vec_rocmfp4_fast_q8_1_f32 elements=512,1,1 gpu_ns=960
VKPHASE pipeline=quantize_q8_1_x4 elements=2048,1,1 gpu_ns=7800
VKPHASE pipeline=mul_mat_vec_rocmfp4_fast_q8_1_f32 elements=2048,1,1 gpu_ns=25440
VKPHASE pipeline=quantize_q8_1_x4 elements=2048,1,1 gpu_ns=7680
VKPHASE pipeline=mul_mat_vec_rocmfp4_fast_q8_1_f32 elements=10752,1,1 gpu_ns=104120
VKPHASE pipeline=mul_mat_vec_rocmfp4_fast_q8_1_f32 elements=10752,1,1 gpu_ns=95000
VKPHASE pipeline=quantize_q8_1_x4 elements=10752,1,1 gpu_ns=7640
VKPHASE pipeline=mul_mat_vec_rocmfp4_fast_q8_1_f32 elements=2048,1,1 gpu_ns=96200
VKPHASE pipeline=quantize_q8_1_x4 elements=2048,1,1 gpu_ns=7800
VKPHASE pipeline=mul_mat_vec_rocmfp4_fast_q8_1_f32 elements=6144,1,1 gpu_ns=60200
VKPHASE pipeline=quantize_q8_1_x4 elements=2048,1,1 gpu_ns=7720
VKPHASE pipeline=mul_mat_vec_rocmfp4_fast_q8_1_f32 elements=2048,1,1 gpu_ns=25400
VKPHASE pipeline=quantize_q8_1_x4 elements=2048,1,1 gpu_ns=7720
VKPHASE pipeline=mul_mat_vec_rocmfp4_fast_q8_1_f32 elements=10752,1,1 gpu_ns=104000
VKPHASE pipeline=mul_mat_vec_rocmfp4_fast_q8_1_f32 elements=10752,1,1 gpu_ns=95600
VKPHASE pipeline=quantize_q8_1_x4 elements=10752,1,1 gpu_ns=7760
VKPHASE pipeline=mul_mat_vec_rocmfp4_fast_q8_1_f32 elements=2048,1,1 gpu_ns=95720
VKPHASE pipeline=quantize_q8_1_x4 elements=2048,1,1 gpu_ns=7640
VKPHASE pipeline=mul_mat_vec_rocmfp4_fast_q8_1_f32 elements=6144,1,1 gpu_ns=62480
VKPHASE pipeline=quantize_q8_1_x4 elements=2048,1,1 gpu_ns=7760
VKPHASE pipeline=mul_mat_vec_rocmfp4_fast_q8_1_f32 elements=2048,1,1 gpu_ns=25160
VKPHASE pipeline=quantize_q8_1_x4 elements=2048,1,1 gpu_ns=7640
VKPHASE pipeline=mul_mat_vec_rocmfp4_fast_q8_1_f32 elements=10752,1,1 gpu_ns=104360
VKPHASE pipeline=mul_mat_vec_rocmfp4_fast_q8_1_f32 elements=10752,1,1 gpu_ns=94840
VKPHASE pipeline=quantize_q8_1_x4 elements=10752,1,1 gpu_ns=7680
VKPHASE pipeline=mul_mat_vec_rocmfp4_fast_q8_1_f32 elements=2048,1,1 gpu_ns=96520
VKPHASE pipeline=quantize_q8_1_x4 elements=2048,1,1 gpu_ns=7800
VKPHASE pipeline=mul_mat_vec_rocmfp4_fast_q8_1_f32 elements=6144,1,1 gpu_ns=62000
VKPHASE pipeline=quantize_q8_1_x4 elements=2048,1,1 gpu_ns=7680
VKPHASE pipeline=mul_mat_vec_rocmfp4_fast_q8_1_f32 elements=2048,1,1 gpu_ns=25280
VKPHASE pipeline=quantize_q8_1_x4 elements=2048,1,1 gpu_ns=7800
VKPHASE pipeline=mul_mat_vec_rocmfp4_fast_q8_1_f32 elements=10752,1,1 gpu_ns=104240
VKPHASE pipeline=mul_mat_vec_rocmfp4_fast_q8_1_f32 elements=10752,1,1 gpu_ns=95040
VKPHASE pipeline=quantize_q8_1_x4 elements=10752,1,1 gpu_ns=7640
VKPHASE pipeline=mul_mat_vec_rocmfp4_fast_q8_1_f32 elements=2048,1,1 gpu_ns=94480
VKPHASE pipeline=quantize_q8_1_x4 elements=2048,1,1 gpu_ns=7800
VKPHASE pipeline=mul_mat_vec_rocmfp4_fast_q8_1_f32 elements=2048,1,1 gpu_ns=34080
VKPHASE pipeline=mul_mat_vec_rocmfp4_fast_q8_1_f32 elements=512,1,1 gpu_ns=920
VKPHASE pipeline=mul_mat_vec_rocmfp4_fast_q8_1_f32 elements=512,1,1 gpu_ns=960
VKPHASE pipeline=quantize_q8_1_x4 elements=2048,1,1 gpu_ns=7680
VKPHASE pipeline=mul_mat_vec_rocmfp4_fast_q8_1_f32 elements=2048,1,1 gpu_ns=25600
VKPHASE pipeline=quantize_q8_1_x4 elements=2048,1,1 gpu_ns=7800
VKPHASE pipeline=mul_mat_vec_rocmfp4_fast_q8_1_f32 elements=10752,1,1 gpu_ns=104360
VKPHASE pipeline=mul_mat_vec_rocmfp4_fast_q8_1_f32 elements=10752,1,1 gpu_ns=94840
VKPHASE pipeline=quantize_q8_1_x4 elements=10752,1,1 gpu_ns=7680
VKPHASE pipeline=mul_mat_vec_rocmfp4_fast_q8_1_f32 elements=2048,1,1 gpu_ns=96000
VKPHASE pipeline=quantize_q8_1_x4 elements=2048,1,1 gpu_ns=7720
VKPHASE pipeline=mul_mat_vec_rocmfp4_fast_q8_1_f32 elements=6144,1,1 gpu_ns=61960
VKPHASE pipeline=quantize_q8_1_x4 elements=2048,1,1 gpu_ns=7680
VKPHASE pipeline=mul_mat_vec_rocmfp4_fast_q8_1_f32 elements=2048,1,1 gpu_ns=25400
VKPHASE pipeline=quantize_q8_1_x4 elements=2048,1,1 gpu_ns=7720
VKPHASE pipeline=mul_mat_vec_rocmfp4_fast_q8_1_f32 elements=10752,1,1 gpu_ns=104120
VKPHASE pipeline=mul_mat_vec_rocmfp4_fast_q8_1_f32 elements=10752,1,1 gpu_ns=95200
VKPHASE pipeline=quantize_q8_1_x4 elements=10752,1,1 gpu_ns=7800
VKPHASE pipeline=mul_mat_vec_rocmfp4_fast_q8_1_f32 elements=2048,1,1 gpu_ns=96200
VKPHASE pipeline=quantize_q8_1_x4 elements=2048,1,1 gpu_ns=7760
VKPHASE pipeline=mul_mat_vec_rocmfp4_fast_q8_1_f32 elements=6144,1,1 gpu_ns=61880
VKPHASE pipeline=quantize_q8_1_x4 elements=2048,1,1 gpu_ns=7800
VKPHASE pipeline=mul_mat_vec_rocmfp4_fast_q8_1_f32 elements=2048,1,1 gpu_ns=25120
VKPHASE pipeline=quantize_q8_1_x4 elements=2048,1,1 gpu_ns=7760
VKPHASE pipeline=mul_mat_vec_rocmfp4_fast_q8_1_f32 elements=10752,1,1 gpu_ns=104360
VKPHASE pipeline=mul_mat_vec_rocmfp4_fast_q8_1_f32 elements=10752,1,1 gpu_ns=95720
VKPHASE pipeline=quantize_q8_1_x4 elements=10752,1,1 gpu_ns=7640
VKPHASE pipeline=mul_mat_vec_rocmfp4_fast_q8_1_f32 elements=2048,1,1 gpu_ns=96240
VKPHASE pipeline=quantize_q8_1_x4 elements=2048,1,1 gpu_ns=7800
VKPHASE pipeline=mul_mat_vec_rocmfp4_fast_q8_1_f32 elements=6144,1,1 gpu_ns=61960
VKPHASE pipeline=quantize_q8_1_x4 elements=2048,1,1 gpu_ns=7680
VKPHASE pipeline=mul_mat_vec_rocmfp4_fast_q8_1_f32 elements=2048,1,1 gpu_ns=23680
VKPHASE pipeline=quantize_q8_1_x4 elements=2048,1,1 gpu_ns=7320
VKPHASE pipeline=mul_mat_vec_rocmfp4_fast_q8_1_f32 elements=10752,1,1 gpu_ns=104640
VKPHASE pipeline=mul_mat_vec_rocmfp4_fast_q8_1_f32 elements=10752,1,1 gpu_ns=95080
VKPHASE pipeline=quantize_q8_1_x4 elements=10752,1,1 gpu_ns=7800
VKPHASE pipeline=mul_mat_vec_rocmfp4_fast_q8_1_f32 elements=2048,1,1 gpu_ns=95800
VKPHASE pipeline=quantize_q8_1_x4 elements=2048,1,1 gpu_ns=7280
VKPHASE pipeline=mul_mat_vec_rocmfp4_fast_q8_1_f32 elements=2048,1,1 gpu_ns=34080
VKPHASE pipeline=mul_mat_vec_rocmfp4_fast_q8_1_f32 elements=512,1,1 gpu_ns=960
VKPHASE pipeline=mul_mat_vec_rocmfp4_fast_q8_1_f32 elements=512,1,1 gpu_ns=960
VKPHASE pipeline=quantize_q8_1_x4 elements=2048,1,1 gpu_ns=7640
VKPHASE pipeline=mul_mat_vec_rocmfp4_fast_q8_1_f32 elements=2048,1,1 gpu_ns=25720
VKPHASE pipeline=quantize_q8_1_x4 elements=2048,1,1 gpu_ns=7720
VKPHASE pipeline=mul_mat_vec_rocmfp4_fast_q8_1_f32 elements=10752,1,1 gpu_ns=104200
VKPHASE pipeline=mul_mat_vec_rocmfp4_fast_q8_1_f32 elements=10752,1,1 gpu_ns=95280
VKPHASE pipeline=quantize_q8_1_x4 elements=10752,1,1 gpu_ns=7800
VKPHASE pipeline=mul_mat_vec_rocmfp4_fast_q8_1_f32 elements=2048,1,1 gpu_ns=95960
VKPHASE pipeline=quantize_q8_1_x4 elements=2048,1,1 gpu_ns=7680
VKPHASE pipeline=mul_mat_vec_rocmfp4_fast_q8_1_f32 elements=6144,1,1 gpu_ns=62080
VKPHASE pipeline=quantize_q8_1_x4 elements=2048,1,1 gpu_ns=7800
VKPHASE pipeline=mul_mat_vec_rocmfp4_fast_q8_1_f32 elements=2048,1,1 gpu_ns=25120
VKPHASE pipeline=quantize_q8_1_x4 elements=2048,1,1 gpu_ns=7720
VKPHASE pipeline=mul_mat_vec_rocmfp4_fast_q8_1_f32 elements=10752,1,1 gpu_ns=104120
VKPHASE pipeline=mul_mat_vec_rocmfp4_fast_q8_1_f32 elements=10752,1,1 gpu_ns=94920
VKPHASE pipeline=quantize_q8_1_x4 elements=10752,1,1 gpu_ns=7640
VKPHASE pipeline=mul_mat_vec_rocmfp4_fast_q8_1_f32 elements=2048,1,1 gpu_ns=96040
VKPHASE pipeline=quantize_q8_1_x4 elements=2048,1,1 gpu_ns=7800
VKPHASE pipeline=mul_mat_vec_rocmfp4_fast_q8_1_f32 elements=6144,1,1 gpu_ns=61880
VKPHASE pipeline=quantize_q8_1_x4 elements=2048,1,1 gpu_ns=7680
VKPHASE pipeline=mul_mat_vec_rocmfp4_fast_q8_1_f32 elements=2048,1,1 gpu_ns=25240
VKPHASE pipeline=quantize_q8_1_x4 elements=2048,1,1 gpu_ns=7800
VKPHASE pipeline=mul_mat_vec_rocmfp4_fast_q8_1_f32 elements=10752,1,1 gpu_ns=104080
VKPHASE pipeline=mul_mat_vec_rocmfp4_fast_q8_1_f32 elements=10752,1,1 gpu_ns=96080
VKPHASE pipeline=quantize_q8_1_x4 elements=10752,1,1 gpu_ns=7680
VKPHASE pipeline=mul_mat_vec_rocmfp4_fast_q8_1_f32 elements=2048,1,1 gpu_ns=94280
VKPHASE pipeline=quantize_q8_1_x4 elements=2048,1,1 gpu_ns=7680
VKPHASE pipeline=mul_mat_vec_rocmfp4_fast_q8_1_f32 elements=6144,1,1 gpu_ns=62160
VKPHASE pipeline=quantize_q8_1_x4 elements=2048,1,1 gpu_ns=7680
VKPHASE pipeline=mul_mat_vec_rocmfp4_fast_q8_1_f32 elements=2048,1,1 gpu_ns=25360
VKPHASE pipeline=quantize_q8_1_x4 elements=2048,1,1 gpu_ns=7720
VKPHASE pipeline=mul_mat_vec_rocmfp4_fast_q8_1_f32 elements=10752,1,1 gpu_ns=104160
VKPHASE pipeline=mul_mat_vec_rocmfp4_fast_q8_1_f32 elements=10752,1,1 gpu_ns=95240
VKPHASE pipeline=quantize_q8_1_x4 elements=10752,1,1 gpu_ns=7800
VKPHASE pipeline=mul_mat_vec_rocmfp4_fast_q8_1_f32 elements=2048,1,1 gpu_ns=95840
VKPHASE pipeline=quantize_q8_1_x4 elements=2048,1,1 gpu_ns=7680
VKPHASE pipeline=mul_mat_vec_rocmfp4_fast_q8_1_f32 elements=2048,1,1 gpu_ns=34320
VKPHASE pipeline=mul_mat_vec_rocmfp4_fast_q8_1_f32 elements=512,1,1 gpu_ns=960
VKPHASE pipeline=mul_mat_vec_rocmfp4_fast_q8_1_f32 elements=512,1,1 gpu_ns=960
VKPHASE pipeline=quantize_q8_1_x4 elements=2048,1,1 gpu_ns=7640
VKPHASE pipeline=mul_mat_vec_rocmfp4_fast_q8_1_f32 elements=2048,1,1 gpu_ns=25720
VKPHASE pipeline=quantize_q8_1_x4 elements=2048,1,1 gpu_ns=7800
VKPHASE pipeline=mul_mat_vec_rocmfp4_fast_q8_1_f32 elements=10752,1,1 gpu_ns=104200
VKPHASE pipeline=mul_mat_vec_rocmfp4_fast_q8_1_f32 elements=10752,1,1 gpu_ns=95160
VKPHASE pipeline=quantize_q8_1_x4 elements=10752,1,1 gpu_ns=7760
VKPHASE pipeline=mul_mat_vec_rocmfp4_fast_q8_1_f32 elements=2048,1,1 gpu_ns=93040
VKPHASE pipeline=quantize_q8_1_x4 elements=2048,1,1 gpu_ns=6840
VKPHASE pipeline=mul_mat_vec_rocmfp4_fast_q8_1_f32 elements=6144,1,1 gpu_ns=58440
VKPHASE pipeline=quantize_q8_1_x4 elements=2048,1,1 gpu_ns=7120
VKPHASE pipeline=mul_mat_vec_rocmfp4_fast_q8_1_f32 elements=2048,1,1 gpu_ns=23800
VKPHASE pipeline=quantize_q8_1_x4 elements=2048,1,1 gpu_ns=6960
VKPHASE pipeline=mul_mat_vec_rocmfp4_fast_q8_1_f32 elements=10752,1,1 gpu_ns=97960
VKPHASE pipeline=mul_mat_vec_rocmfp4_fast_q8_1_f32 elements=10752,1,1 gpu_ns=89920
VKPHASE pipeline=quantize_q8_1_x4 elements=10752,1,1 gpu_ns=6960
VKPHASE pipeline=mul_mat_vec_rocmfp4_fast_q8_1_f32 elements=2048,1,1 gpu_ns=90520
VKPHASE pipeline=quantize_q8_1_x4 elements=2048,1,1 gpu_ns=6880
VKPHASE pipeline=mul_mat_vec_rocmfp4_fast_q8_1_f32 elements=6144,1,1 gpu_ns=58120
VKPHASE pipeline=quantize_q8_1_x4 elements=2048,1,1 gpu_ns=7160
VKPHASE pipeline=mul_mat_vec_rocmfp4_fast_q8_1_f32 elements=2048,1,1 gpu_ns=23800
VKPHASE pipeline=quantize_q8_1_x4 elements=2048,1,1 gpu_ns=6920
VKPHASE pipeline=mul_mat_vec_rocmfp4_fast_q8_1_f32 elements=10752,1,1 gpu_ns=98120
VKPHASE pipeline=mul_mat_vec_rocmfp4_fast_q8_1_f32 elements=10752,1,1 gpu_ns=88640
VKPHASE pipeline=quantize_q8_1_x4 elements=10752,1,1 gpu_ns=7240
VKPHASE pipeline=mul_mat_vec_rocmfp4_fast_q8_1_f32 elements=2048,1,1 gpu_ns=86640
VKPHASE pipeline=quantize_q8_1_x4 elements=2048,1,1 gpu_ns=6080
VKPHASE pipeline=mul_mat_vec_rocmfp4_fast_q8_1_f32 elements=6144,1,1 gpu_ns=50520
VKPHASE pipeline=quantize_q8_1_x4 elements=2048,1,1 gpu_ns=6080
VKPHASE pipeline=mul_mat_vec_rocmfp4_fast_q8_1_f32 elements=2048,1,1 gpu_ns=19840
VKPHASE pipeline=quantize_q8_1_x4 elements=2048,1,1 gpu_ns=6040
VKPHASE pipeline=mul_mat_vec_rocmfp4_fast_q8_1_f32 elements=10752,1,1 gpu_ns=85840
VKPHASE pipeline=mul_mat_vec_rocmfp4_fast_q8_1_f32 elements=10752,1,1 gpu_ns=78680
VKPHASE pipeline=quantize_q8_1_x4 elements=10752,1,1 gpu_ns=6160
VKPHASE pipeline=mul_mat_vec_rocmfp4_fast_q8_1_f32 elements=2048,1,1 gpu_ns=78680
VKPHASE pipeline=quantize_q8_1_x4 elements=2048,1,1 gpu_ns=6120
VKPHASE pipeline=mul_mat_vec_rocmfp4_fast_q8_1_f32 elements=2048,1,1 gpu_ns=27120
VKPHASE pipeline=mul_mat_vec_rocmfp4_fast_q8_1_f32 elements=512,1,1 gpu_ns=760
VKPHASE pipeline=mul_mat_vec_rocmfp4_fast_q8_1_f32 elements=512,1,1 gpu_ns=800
VKPHASE pipeline=quantize_q8_1_x4 elements=2048,1,1 gpu_ns=6000
VKPHASE pipeline=mul_mat_vec_rocmfp4_fast_q8_1_f32 elements=2048,1,1 gpu_ns=20240
VKPHASE pipeline=quantize_q8_1_x4 elements=2048,1,1 gpu_ns=6080
VKPHASE pipeline=mul_mat_vec_rocmfp4_fast_q8_1_f32 elements=10752,1,1 gpu_ns=85640
VKPHASE pipeline=mul_mat_vec_rocmfp4_fast_q8_1_f32 elements=10752,1,1 gpu_ns=79040
VKPHASE pipeline=quantize_q8_1_x4 elements=10752,1,1 gpu_ns=6040
VKPHASE pipeline=mul_mat_vec_rocmfp4_fast_q8_1_f32 elements=2048,1,1 gpu_ns=76920
VKPHASE pipeline=quantize_q8_1_x4 elements=2048,1,1 gpu_ns=5160
VKPHASE pipeline=mul_mat_vec_rocmfp4_fast_q8_1_f32 elements=6144,1,1 gpu_ns=43120
VKPHASE pipeline=quantize_q8_1_x4 elements=2048,1,1 gpu_ns=5240
VKPHASE pipeline=mul_mat_vec_rocmfp4_fast_q8_1_f32 elements=2048,1,1 gpu_ns=17400
VKPHASE pipeline=quantize_q8_1_x4 elements=2048,1,1 gpu_ns=5240
VKPHASE pipeline=mul_mat_vec_rocmfp4_fast_q8_1_f32 elements=10752,1,1 gpu_ns=73960
VKPHASE pipeline=mul_mat_vec_rocmfp4_fast_q8_1_f32 elements=10752,1,1 gpu_ns=66720
VKPHASE pipeline=quantize_q8_1_x4 elements=10752,1,1 gpu_ns=5160
VKPHASE pipeline=mul_mat_vec_rocmfp4_fast_q8_1_f32 elements=2048,1,1 gpu_ns=67920
VKPHASE pipeline=quantize_q8_1_x4 elements=2048,1,1 gpu_ns=5160
VKPHASE pipeline=mul_mat_vec_rocmfp4_fast_q8_1_f32 elements=6144,1,1 gpu_ns=43040
VKPHASE pipeline=quantize_q8_1_x4 elements=2048,1,1 gpu_ns=2400
VKPHASE pipeline=mul_mat_vec_rocmfp4_fast_q8_1_f32 elements=2048,1,1 gpu_ns=17000
VKPHASE pipeline=quantize_q8_1_x4 elements=2048,1,1 gpu_ns=5200
VKPHASE pipeline=mul_mat_vec_rocmfp4_fast_q8_1_f32 elements=10752,1,1 gpu_ns=73240
VKPHASE pipeline=mul_mat_vec_rocmfp4_fast_q8_1_f32 elements=10752,1,1 gpu_ns=67160
VKPHASE pipeline=quantize_q8_1_x4 elements=10752,1,1 gpu_ns=2400
VKPHASE pipeline=mul_mat_vec_rocmfp4_fast_q8_1_f32 elements=2048,1,1 gpu_ns=67680
VKPHASE pipeline=quantize_q8_1_x4 elements=2048,1,1 gpu_ns=2400
VKPHASE pipeline=mul_mat_vec_rocmfp4_fast_q8_1_f32 elements=2048,1,1 gpu_ns=22640
VKPHASE pipeline=mul_mat_vec_rocmfp4_fast_q8_1_f32 elements=512,1,1 gpu_ns=680
VKPHASE pipeline=mul_mat_vec_rocmfp4_fast_q8_1_f32 elements=512,1,1 gpu_ns=680
VKPHASE pipeline=quantize_q8_1_x4 elements=2048,1,1 gpu_ns=5200
VKPHASE pipeline=mul_mat_vec_rocmfp4_fast_q8_1_f32 elements=2048,1,1 gpu_ns=17560
VKPHASE pipeline=quantize_q8_1_x4 elements=2048,1,1 gpu_ns=5240
VKPHASE pipeline=mul_mat_vec_rocmfp4_fast_q8_1_f32 elements=10752,1,1 gpu_ns=66640
VKPHASE pipeline=mul_mat_vec_rocmfp4_fast_q8_1_f32 elements=10752,1,1 gpu_ns=56320
VKPHASE pipeline=quantize_q8_1_x4 elements=10752,1,1 gpu_ns=2160
VKPHASE pipeline=mul_mat_vec_rocmfp4_fast_q8_1_f32 elements=2048,1,1 gpu_ns=67560
VKPHASE pipeline=quantize_q8_1_x4 elements=2048,1,1 gpu_ns=2160
VKPHASE pipeline=mul_mat_vec_rocmfp4_fast_q8_1_f32 elements=6144,1,1 gpu_ns=36640
VKPHASE pipeline=quantize_q8_1_x4 elements=2048,1,1 gpu_ns=2160
VKPHASE pipeline=mul_mat_vec_rocmfp4_fast_q8_1_f32 elements=2048,1,1 gpu_ns=14520
VKPHASE pipeline=quantize_q8_1_x4 elements=2048,1,1 gpu_ns=2160
VKPHASE pipeline=mul_mat_vec_rocmfp4_fast_q8_1_f32 elements=10752,1,1 gpu_ns=61800
VKPHASE pipeline=mul_mat_vec_rocmfp4_fast_q8_1_f32 elements=10752,1,1 gpu_ns=56280
VKPHASE pipeline=quantize_q8_1_x4 elements=10752,1,1 gpu_ns=2160
VKPHASE pipeline=mul_mat_vec_rocmfp4_fast_q8_1_f32 elements=2048,1,1 gpu_ns=58240
VKPHASE pipeline=quantize_q8_1_x4 elements=2048,1,1 gpu_ns=2160
VKPHASE pipeline=mul_mat_vec_rocmfp4_fast_q8_1_f32 elements=6144,1,1 gpu_ns=36480
VKPHASE pipeline=quantize_q8_1_x4 elements=2048,1,1 gpu_ns=2120
VKPHASE pipeline=mul_mat_vec_rocmfp4_fast_q8_1_f32 elements=2048,1,1 gpu_ns=14440
VKPHASE pipeline=quantize_q8_1_x4 elements=2048,1,1 gpu_ns=2120
VKPHASE pipeline=mul_mat_vec_rocmfp4_fast_q8_1_f32 elements=10752,1,1 gpu_ns=76040
VKPHASE pipeline=mul_mat_vec_rocmfp4_fast_q8_1_f32 elements=10752,1,1 gpu_ns=57200
VKPHASE pipeline=quantize_q8_1_x4 elements=10752,1,1 gpu_ns=2200
VKPHASE pipeline=mul_mat_vec_rocmfp4_fast_q8_1_f32 elements=2048,1,1 gpu_ns=58440
VKPHASE pipeline=quantize_q8_1_x4 elements=2048,1,1 gpu_ns=2160
VKPHASE pipeline=mul_mat_vec_rocmfp4_fast_q8_1_f32 elements=2048,1,1 gpu_ns=19040
VKPHASE pipeline=mul_mat_vec_rocmfp4_fast_q8_1_f32 elements=512,1,1 gpu_ns=560
VKPHASE pipeline=mul_mat_vec_rocmfp4_fast_q8_1_f32 elements=512,1,1 gpu_ns=560
VKPHASE pipeline=quantize_q8_1_x4 elements=2048,1,1 gpu_ns=2080
VKPHASE pipeline=mul_mat_vec_rocmfp4_fast_q8_1_f32 elements=2048,1,1 gpu_ns=12880
VKPHASE pipeline=quantize_q8_1_x4 elements=2048,1,1 gpu_ns=2000
VKPHASE pipeline=mul_mat_vec_rocmfp4_fast_q8_1_f32 elements=10752,1,1 gpu_ns=52360
VKPHASE pipeline=mul_mat_vec_rocmfp4_fast_q8_1_f32 elements=10752,1,1 gpu_ns=47240
VKPHASE pipeline=quantize_q8_1_x4 elements=10752,1,1 gpu_ns=2080
VKPHASE pipeline=mul_mat_vec_rocmfp4_fast_q8_1_f32 elements=2048,1,1 gpu_ns=54240
VKPHASE pipeline=quantize_q8_1_x4 elements=2048,1,1 gpu_ns=2040
VKPHASE pipeline=mul_mat_vec_rocmfp4_fast_q8_1_f32 elements=6144,1,1 gpu_ns=31400
VKPHASE pipeline=quantize_q8_1_x4 elements=2048,1,1 gpu_ns=2040
VKPHASE pipeline=mul_mat_vec_rocmfp4_fast_q8_1_f32 elements=2048,1,1 gpu_ns=13040
VKPHASE pipeline=quantize_q8_1_x4 elements=2048,1,1 gpu_ns=2040
VKPHASE pipeline=mul_mat_vec_rocmfp4_fast_q8_1_f32 elements=10752,1,1 gpu_ns=53040
VKPHASE pipeline=mul_mat_vec_rocmfp4_fast_q8_1_f32 elements=10752,1,1 gpu_ns=46760
VKPHASE pipeline=quantize_q8_1_x4 elements=10752,1,1 gpu_ns=2160
VKPHASE pipeline=mul_mat_vec_rocmfp4_fast_q8_1_f32 elements=2048,1,1 gpu_ns=53680
VKPHASE pipeline=quantize_q8_1_x4 elements=2048,1,1 gpu_ns=2080
VKPHASE pipeline=mul_mat_vec_rocmfp4_fast_q8_1_f32 elements=6144,1,1 gpu_ns=31240
VKPHASE pipeline=quantize_q8_1_x4 elements=2048,1,1 gpu_ns=2080
VKPHASE pipeline=mul_mat_vec_rocmfp4_fast_q8_1_f32 elements=2048,1,1 gpu_ns=12880
VKPHASE pipeline=quantize_q8_1_x4 elements=2048,1,1 gpu_ns=2080
VKPHASE pipeline=mul_mat_vec_rocmfp4_fast_q8_1_f32 elements=10752,1,1 gpu_ns=52360
VKPHASE pipeline=mul_mat_vec_rocmfp4_fast_q8_1_f32 elements=10752,1,1 gpu_ns=46920
VKPHASE pipeline=quantize_q8_1_x4 elements=10752,1,1 gpu_ns=1960
VKPHASE pipeline=mul_mat_vec_rocmfp4_fast_q8_1_f32 elements=2048,1,1 gpu_ns=54000
VKPHASE pipeline=quantize_q8_1_x4 elements=2048,1,1 gpu_ns=2040
VKPHASE pipeline=mul_mat_vec_rocmfp4_fast_q8_1_f32 elements=128000,1,1 gpu_ns=577840
----------------
Vulkan Timings:
ADD: 22 x 9.012 us = 198.28 us
CONCAT: 21 x 7.238 us = 152 us
CONCAT, CPY: 1 x 11.84 us = 11.84 us
CPY, SSM_CONV: 22 x 10.507 us = 231.16 us
FLASH_ATTN_EXT dst(64,32,1,1),  q(64,1,32,1),  k(64,8448,8,1),  v(64,8448,8,1),  m(8448,1,1,1), SCALE: 1 x 102.88 us = 102.88 us (672.687 GFLOPS/s)
FLASH_ATTN_EXT dst(64,32,1,1),  q(64,1,32,1),  k(64,8448,8,1),  v(64,8448,8,1),  m(8448,1,1,1), SCALE, GET_ROWS, GET_ROWS, CPY: 7 x 161.982 us = 1133.88 us (427.243 GFLOPS/s)
GET_ROWS: 1 x 5.44 us = 5.44 us
GET_ROWS, GET_ROWS, CPY, MUL_MAT f32 m=64 n=32 k=64: 1 x 11.12 us = 11.12 us (23.3899 GFLOPS/s)
GLU: 18 x 7.942 us = 142.96 us
GLU, SCALE, GET_ROWS, GET_ROWS: 12 x 11.93 us = 143.16 us
MUL: 43 x 7.303 us = 314.04 us
MUL, SCALE, GET_ROWS, GET_ROWS: 1 x 13.76 us = 13.76 us
MUL_MAT f32 m=64 n=32 k=64: 7 x 11.257 us = 78.8 us (23.105 GFLOPS/s)
MUL_MAT_ADD MUL_MAT_VEC q4_0_rocmfp4_fast m=2048 n=1 k=10752: 30 x 92.641 us = 2779.24 us (475.362 GFLOPS/s)
MUL_MAT_ADD MUL_MAT_VEC q4_0_rocmfp4_fast m=2048 n=1 k=2048: 8 x 31.31 us = 250.48 us (267.856 GFLOPS/s)
MUL_MAT_VEC f32 m=64 n=8 k=64: 8 x 9.82 us = 78.56 us (6.62159 GFLOPS/s)
MUL_MAT_VEC f32 m=64 n=8 k=64, RMS_NORM_MUL_ROPE RMS_NORM(64,8,1,1), MUL_MAT f32 m=64 n=32 k=64: 8 x 24.625 us = 197 us (13.2028 GFLOPS/s)
MUL_MAT_VEC q4_0_rocmfp4_fast m=10752 n=1 k=2048, MUL_MAT_VEC q4_0_rocmfp4_fast m=10752 n=1 k=2048: 30 x 188.08 us = 5642.4 us (468.199 GFLOPS/s)
MUL_MAT_VEC q4_0_rocmfp4_fast m=2048 n=1 k=2048: 22 x 31.505 us = 693.12 us (266.194 GFLOPS/s)
MUL_MAT_VEC q4_0_rocmfp4_fast m=2048 n=1 k=2048, MUL_MAT_VEC q4_0_rocmfp4_fast m=512 n=1 k=2048, MUL_MAT_VEC q4_0_rocmfp4_fast m=512 n=1 k=2048: 8 x 44.55 us = 356.4 us (282.376 GFLOPS/s)
MUL_MAT_VEC q4_0_rocmfp4_fast m=6144 n=1 k=2048: 10 x 62.5 us = 625 us (402.555 GFLOPS/s)
MUL_MAT_VEC q4_0_rocmfp4_fast m=6144 n=1 k=2048, CPY: 12 x 66.346 us = 796.16 us (379.215 GFLOPS/s)
RMS_NORM_MUL RMS_NORM(2048,1,1,1): 59 x 11.253 us = 663.96 us
RMS_NORM_MUL RMS_NORM(2048,1,1,1), GET_ROWS: 1 x 9.96 us = 9.96 us
RMS_NORM_MUL_ROPE RMS_NORM(64,32,1,1): 8 x 8.995 us = 71.96 us
SCALE, GET_ROWS, GET_ROWS, RMS_NORM_MUL RMS_NORM(2048,1,1,1), CPY: 1 x 20.48 us = 20.48 us
SET_ROWS, SET_ROWS: 8 x 8.755 us = 70.04 us
Total time: 14794.1 us.
VKPHASE pipeline=quantize_q8_1_x4 elements=2048,1,1 gpu_ns=7640
VKPHASE pipeline=mul_mat_vec_rocmfp4_fast_q8_1_f32 elements=6144,1,1 gpu_ns=62880
VKPHASE pipeline=quantize_q8_1_x4 elements=2048,1,1 gpu_ns=7760
VKPHASE pipeline=mul_mat_vec_rocmfp4_fast_q8_1_f32 elements=2048,1,1 gpu_ns=25160
VKPHASE pipeline=quantize_q8_1_x4 elements=2048,1,1 gpu_ns=7720
VKPHASE pipeline=mul_mat_vec_rocmfp4_fast_q8_1_f32 elements=10752,1,1 gpu_ns=104600
VKPHASE pipeline=mul_mat_vec_rocmfp4_fast_q8_1_f32 elements=10752,1,1 gpu_ns=95040
VKPHASE pipeline=quantize_q8_1_x4 elements=10752,1,1 gpu_ns=7680
VKPHASE pipeline=mul_mat_vec_rocmfp4_fast_q8_1_f32 elements=2048,1,1 gpu_ns=97000
VKPHASE pipeline=quantize_q8_1_x4 elements=2048,1,1 gpu_ns=7640
VKPHASE pipeline=mul_mat_vec_rocmfp4_fast_q8_1_f32 elements=6144,1,1 gpu_ns=62320
VKPHASE pipeline=quantize_q8_1_x4 elements=2048,1,1 gpu_ns=7720
VKPHASE pipeline=mul_mat_vec_rocmfp4_fast_q8_1_f32 elements=2048,1,1 gpu_ns=25200
VKPHASE pipeline=quantize_q8_1_x4 elements=2048,1,1 gpu_ns=7720
VKPHASE pipeline=mul_mat_vec_rocmfp4_fast_q8_1_f32 elements=10752,1,1 gpu_ns=104200
VKPHASE pipeline=mul_mat_vec_rocmfp4_fast_q8_1_f32 elements=10752,1,1 gpu_ns=95160
VKPHASE pipeline=quantize_q8_1_x4 elements=10752,1,1 gpu_ns=7800
VKPHASE pipeline=mul_mat_vec_rocmfp4_fast_q8_1_f32 elements=2048,1,1 gpu_ns=95560
VKPHASE pipeline=quantize_q8_1_x4 elements=2048,1,1 gpu_ns=7720
VKPHASE pipeline=mul_mat_vec_rocmfp4_fast_q8_1_f32 elements=2048,1,1 gpu_ns=33280
VKPHASE pipeline=mul_mat_vec_rocmfp4_fast_q8_1_f32 elements=512,1,1 gpu_ns=960
VKPHASE pipeline=mul_mat_vec_rocmfp4_fast_q8_1_f32 elements=512,1,1 gpu_ns=960
VKPHASE pipeline=quantize_q8_1_x4 elements=2048,1,1 gpu_ns=7760
VKPHASE pipeline=mul_mat_vec_rocmfp4_fast_q8_1_f32 elements=2048,1,1 gpu_ns=25280
VKPHASE pipeline=quantize_q8_1_x4 elements=2048,1,1 gpu_ns=3360
VKPHASE pipeline=mul_mat_vec_rocmfp4_fast_q8_1_f32 elements=10752,1,1 gpu_ns=104640
VKPHASE pipeline=mul_mat_vec_rocmfp4_fast_q8_1_f32 elements=10752,1,1 gpu_ns=95320
VKPHASE pipeline=quantize_q8_1_x4 elements=10752,1,1 gpu_ns=7680
VKPHASE pipeline=mul_mat_vec_rocmfp4_fast_q8_1_f32 elements=2048,1,1 gpu_ns=96240
VKPHASE pipeline=quantize_q8_1_x4 elements=2048,1,1 gpu_ns=7760
VKPHASE pipeline=mul_mat_vec_rocmfp4_fast_q8_1_f32 elements=6144,1,1 gpu_ns=61960
VKPHASE pipeline=quantize_q8_1_x4 elements=2048,1,1 gpu_ns=7680
VKPHASE pipeline=mul_mat_vec_rocmfp4_fast_q8_1_f32 elements=2048,1,1 gpu_ns=25320
VKPHASE pipeline=quantize_q8_1_x4 elements=2048,1,1 gpu_ns=7760
VKPHASE pipeline=mul_mat_vec_rocmfp4_fast_q8_1_f32 elements=10752,1,1 gpu_ns=104120
VKPHASE pipeline=mul_mat_vec_rocmfp4_fast_q8_1_f32 elements=10752,1,1 gpu_ns=95000
VKPHASE pipeline=quantize_q8_1_x4 elements=10752,1,1 gpu_ns=7680
VKPHASE pipeline=mul_mat_vec_rocmfp4_fast_q8_1_f32 elements=2048,1,1 gpu_ns=95720
VKPHASE pipeline=quantize_q8_1_x4 elements=2048,1,1 gpu_ns=7680
VKPHASE pipeline=mul_mat_vec_rocmfp4_fast_q8_1_f32 elements=6144,1,1 gpu_ns=62000
VKPHASE pipeline=quantize_q8_1_x4 elements=2048,1,1 gpu_ns=7680
VKPHASE pipeline=mul_mat_vec_rocmfp4_fast_q8_1_f32 elements=2048,1,1 gpu_ns=25040
VKPHASE pipeline=quantize_q8_1_x4 elements=2048,1,1 gpu_ns=7680
VKPHASE pipeline=mul_mat_vec_rocmfp4_fast_q8_1_f32 elements=10752,1,1 gpu_ns=104240
VKPHASE pipeline=mul_mat_vec_rocmfp4_fast_q8_1_f32 elements=10752,1,1 gpu_ns=95040
VKPHASE pipeline=quantize_q8_1_x4 elements=10752,1,1 gpu_ns=7720
VKPHASE pipeline=mul_mat_vec_rocmfp4_fast_q8_1_f32 elements=2048,1,1 gpu_ns=94240
VKPHASE pipeline=quantize_q8_1_x4 elements=2048,1,1 gpu_ns=7600
VKPHASE pipeline=mul_mat_vec_rocmfp4_fast_q8_1_f32 elements=2048,1,1 gpu_ns=34240
VKPHASE pipeline=mul_mat_vec_rocmfp4_fast_q8_1_f32 elements=512,1,1 gpu_ns=1000
VKPHASE pipeline=mul_mat_vec_rocmfp4_fast_q8_1_f32 elements=512,1,1 gpu_ns=960
VKPHASE pipeline=quantize_q8_1_x4 elements=2048,1,1 gpu_ns=7760
VKPHASE pipeline=mul_mat_vec_rocmfp4_fast_q8_1_f32 elements=2048,1,1 gpu_ns=25520
VKPHASE pipeline=quantize_q8_1_x4 elements=2048,1,1 gpu_ns=7760
VKPHASE pipeline=mul_mat_vec_rocmfp4_fast_q8_1_f32 elements=10752,1,1 gpu_ns=104200
VKPHASE pipeline=mul_mat_vec_rocmfp4_fast_q8_1_f32 elements=10752,1,1 gpu_ns=94960
VKPHASE pipeline=quantize_q8_1_x4 elements=10752,1,1 gpu_ns=7800
VKPHASE pipeline=mul_mat_vec_rocmfp4_fast_q8_1_f32 elements=2048,1,1 gpu_ns=94320
VKPHASE pipeline=quantize_q8_1_x4 elements=2048,1,1 gpu_ns=7680
VKPHASE pipeline=mul_mat_vec_rocmfp4_fast_q8_1_f32 elements=6144,1,1 gpu_ns=62720
VKPHASE pipeline=quantize_q8_1_x4 elements=2048,1,1 gpu_ns=7720
VKPHASE pipeline=mul_mat_vec_rocmfp4_fast_q8_1_f32 elements=2048,1,1 gpu_ns=25480
VKPHASE pipeline=quantize_q8_1_x4 elements=2048,1,1 gpu_ns=7720
VKPHASE pipeline=mul_mat_vec_rocmfp4_fast_q8_1_f32 elements=10752,1,1 gpu_ns=104520
VKPHASE pipeline=mul_mat_vec_rocmfp4_fast_q8_1_f32 elements=10752,1,1 gpu_ns=94560
VKPHASE pipeline=quantize_q8_1_x4 elements=10752,1,1 gpu_ns=7680
VKPHASE pipeline=mul_mat_vec_rocmfp4_fast_q8_1_f32 elements=2048,1,1 gpu_ns=95560
VKPHASE pipeline=quantize_q8_1_x4 elements=2048,1,1 gpu_ns=7600
VKPHASE pipeline=mul_mat_vec_rocmfp4_fast_q8_1_f32 elements=6144,1,1 gpu_ns=61800
VKPHASE pipeline=quantize_q8_1_x4 elements=2048,1,1 gpu_ns=7640
VKPHASE pipeline=mul_mat_vec_rocmfp4_fast_q8_1_f32 elements=2048,1,1 gpu_ns=25240
VKPHASE pipeline=quantize_q8_1_x4 elements=2048,1,1 gpu_ns=7640
VKPHASE pipeline=mul_mat_vec_rocmfp4_fast_q8_1_f32 elements=10752,1,1 gpu_ns=104200
VKPHASE pipeline=mul_mat_vec_rocmfp4_fast_q8_1_f32 elements=10752,1,1 gpu_ns=95120
VKPHASE pipeline=quantize_q8_1_x4 elements=10752,1,1 gpu_ns=7800
VKPHASE pipeline=mul_mat_vec_rocmfp4_fast_q8_1_f32 elements=2048,1,1 gpu_ns=95600
VKPHASE pipeline=quantize_q8_1_x4 elements=2048,1,1 gpu_ns=7680
VKPHASE pipeline=mul_mat_vec_rocmfp4_fast_q8_1_f32 elements=6144,1,1 gpu_ns=61920
VKPHASE pipeline=quantize_q8_1_x4 elements=2048,1,1 gpu_ns=7360
VKPHASE pipeline=mul_mat_vec_rocmfp4_fast_q8_1_f32 elements=2048,1,1 gpu_ns=25120
VKPHASE pipeline=quantize_q8_1_x4 elements=2048,1,1 gpu_ns=7680
VKPHASE pipeline=mul_mat_vec_rocmfp4_fast_q8_1_f32 elements=10752,1,1 gpu_ns=104320
VKPHASE pipeline=mul_mat_vec_rocmfp4_fast_q8_1_f32 elements=10752,1,1 gpu_ns=95120
VKPHASE pipeline=quantize_q8_1_x4 elements=10752,1,1 gpu_ns=7720
VKPHASE pipeline=mul_mat_vec_rocmfp4_fast_q8_1_f32 elements=2048,1,1 gpu_ns=95680
VKPHASE pipeline=quantize_q8_1_x4 elements=2048,1,1 gpu_ns=7400
VKPHASE pipeline=mul_mat_vec_rocmfp4_fast_q8_1_f32 elements=2048,1,1 gpu_ns=34160
VKPHASE pipeline=mul_mat_vec_rocmfp4_fast_q8_1_f32 elements=512,1,1 gpu_ns=1000
VKPHASE pipeline=mul_mat_vec_rocmfp4_fast_q8_1_f32 elements=512,1,1 gpu_ns=920
VKPHASE pipeline=quantize_q8_1_x4 elements=2048,1,1 gpu_ns=7800
VKPHASE pipeline=mul_mat_vec_rocmfp4_fast_q8_1_f32 elements=2048,1,1 gpu_ns=25520
VKPHASE pipeline=quantize_q8_1_x4 elements=2048,1,1 gpu_ns=7680
VKPHASE pipeline=mul_mat_vec_rocmfp4_fast_q8_1_f32 elements=10752,1,1 gpu_ns=112800
VKPHASE pipeline=mul_mat_vec_rocmfp4_fast_q8_1_f32 elements=10752,1,1 gpu_ns=116600
VKPHASE pipeline=quantize_q8_1_x4 elements=10752,1,1 gpu_ns=7760
VKPHASE pipeline=mul_mat_vec_rocmfp4_fast_q8_1_f32 elements=2048,1,1 gpu_ns=95760
VKPHASE pipeline=quantize_q8_1_x4 elements=2048,1,1 gpu_ns=7760
VKPHASE pipeline=mul_mat_vec_rocmfp4_fast_q8_1_f32 elements=6144,1,1 gpu_ns=61920
VKPHASE pipeline=quantize_q8_1_x4 elements=2048,1,1 gpu_ns=7800
VKPHASE pipeline=mul_mat_vec_rocmfp4_fast_q8_1_f32 elements=2048,1,1 gpu_ns=23640
VKPHASE pipeline=quantize_q8_1_x4 elements=2048,1,1 gpu_ns=7720
VKPHASE pipeline=mul_mat_vec_rocmfp4_fast_q8_1_f32 elements=10752,1,1 gpu_ns=119200
VKPHASE pipeline=mul_mat_vec_rocmfp4_fast_q8_1_f32 elements=10752,1,1 gpu_ns=102600
VKPHASE pipeline=quantize_q8_1_x4 elements=10752,1,1 gpu_ns=7760
VKPHASE pipeline=mul_mat_vec_rocmfp4_fast_q8_1_f32 elements=2048,1,1 gpu_ns=96080
VKPHASE pipeline=quantize_q8_1_x4 elements=2048,1,1 gpu_ns=7760
VKPHASE pipeline=mul_mat_vec_rocmfp4_fast_q8_1_f32 elements=6144,1,1 gpu_ns=62000
VKPHASE pipeline=quantize_q8_1_x4 elements=2048,1,1 gpu_ns=7760
VKPHASE pipeline=mul_mat_vec_rocmfp4_fast_q8_1_f32 elements=2048,1,1 gpu_ns=25040
VKPHASE pipeline=quantize_q8_1_x4 elements=2048,1,1 gpu_ns=27720
VKPHASE pipeline=mul_mat_vec_rocmfp4_fast_q8_1_f32 elements=10752,1,1 gpu_ns=143440
VKPHASE pipeline=mul_mat_vec_rocmfp4_fast_q8_1_f32 elements=10752,1,1 gpu_ns=95320
VKPHASE pipeline=quantize_q8_1_x4 elements=10752,1,1 gpu_ns=7600
VKPHASE pipeline=mul_mat_vec_rocmfp4_fast_q8_1_f32 elements=2048,1,1 gpu_ns=95960
VKPHASE pipeline=quantize_q8_1_x4 elements=2048,1,1 gpu_ns=7720
VKPHASE pipeline=mul_mat_vec_rocmfp4_fast_q8_1_f32 elements=6144,1,1 gpu_ns=61960
VKPHASE pipeline=quantize_q8_1_x4 elements=2048,1,1 gpu_ns=7240
VKPHASE pipeline=mul_mat_vec_rocmfp4_fast_q8_1_f32 elements=2048,1,1 gpu_ns=25080
VKPHASE pipeline=quantize_q8_1_x4 elements=2048,1,1 gpu_ns=7600
VKPHASE pipeline=mul_mat_vec_rocmfp4_fast_q8_1_f32 elements=10752,1,1 gpu_ns=104440
VKPHASE pipeline=mul_mat_vec_rocmfp4_fast_q8_1_f32 elements=10752,1,1 gpu_ns=95040
VKPHASE pipeline=quantize_q8_1_x4 elements=10752,1,1 gpu_ns=7760
VKPHASE pipeline=mul_mat_vec_rocmfp4_fast_q8_1_f32 elements=2048,1,1 gpu_ns=95800
VKPHASE pipeline=quantize_q8_1_x4 elements=2048,1,1 gpu_ns=7720
VKPHASE pipeline=mul_mat_vec_rocmfp4_fast_q8_1_f32 elements=2048,1,1 gpu_ns=34120
VKPHASE pipeline=mul_mat_vec_rocmfp4_fast_q8_1_f32 elements=512,1,1 gpu_ns=960
VKPHASE pipeline=mul_mat_vec_rocmfp4_fast_q8_1_f32 elements=512,1,1 gpu_ns=960
VKPHASE pipeline=quantize_q8_1_x4 elements=2048,1,1 gpu_ns=7800
VKPHASE pipeline=mul_mat_vec_rocmfp4_fast_q8_1_f32 elements=2048,1,1 gpu_ns=25520
VKPHASE pipeline=quantize_q8_1_x4 elements=2048,1,1 gpu_ns=7680
VKPHASE pipeline=mul_mat_vec_rocmfp4_fast_q8_1_f32 elements=10752,1,1 gpu_ns=102560
VKPHASE pipeline=mul_mat_vec_rocmfp4_fast_q8_1_f32 elements=10752,1,1 gpu_ns=94920
VKPHASE pipeline=quantize_q8_1_x4 elements=10752,1,1 gpu_ns=7720
VKPHASE pipeline=mul_mat_vec_rocmfp4_fast_q8_1_f32 elements=2048,1,1 gpu_ns=95840
VKPHASE pipeline=quantize_q8_1_x4 elements=2048,1,1 gpu_ns=7800
VKPHASE pipeline=mul_mat_vec_rocmfp4_fast_q8_1_f32 elements=6144,1,1 gpu_ns=61960
VKPHASE pipeline=quantize_q8_1_x4 elements=2048,1,1 gpu_ns=7720
VKPHASE pipeline=mul_mat_vec_rocmfp4_fast_q8_1_f32 elements=2048,1,1 gpu_ns=25240
VKPHASE pipeline=quantize_q8_1_x4 elements=2048,1,1 gpu_ns=7800
VKPHASE pipeline=mul_mat_vec_rocmfp4_fast_q8_1_f32 elements=10752,1,1 gpu_ns=104160
VKPHASE pipeline=mul_mat_vec_rocmfp4_fast_q8_1_f32 elements=10752,1,1 gpu_ns=95160
VKPHASE pipeline=quantize_q8_1_x4 elements=10752,1,1 gpu_ns=7680
VKPHASE pipeline=mul_mat_vec_rocmfp4_fast_q8_1_f32 elements=2048,1,1 gpu_ns=95920
VKPHASE pipeline=quantize_q8_1_x4 elements=2048,1,1 gpu_ns=7560
VKPHASE pipeline=mul_mat_vec_rocmfp4_fast_q8_1_f32 elements=6144,1,1 gpu_ns=62000
VKPHASE pipeline=quantize_q8_1_x4 elements=2048,1,1 gpu_ns=7600
VKPHASE pipeline=mul_mat_vec_rocmfp4_fast_q8_1_f32 elements=2048,1,1 gpu_ns=25200
VKPHASE pipeline=quantize_q8_1_x4 elements=2048,1,1 gpu_ns=7720
VKPHASE pipeline=mul_mat_vec_rocmfp4_fast_q8_1_f32 elements=10752,1,1 gpu_ns=104160
VKPHASE pipeline=mul_mat_vec_rocmfp4_fast_q8_1_f32 elements=10752,1,1 gpu_ns=95280
VKPHASE pipeline=quantize_q8_1_x4 elements=10752,1,1 gpu_ns=7800
VKPHASE pipeline=mul_mat_vec_rocmfp4_fast_q8_1_f32 elements=2048,1,1 gpu_ns=95800
VKPHASE pipeline=quantize_q8_1_x4 elements=2048,1,1 gpu_ns=7680
VKPHASE pipeline=mul_mat_vec_rocmfp4_fast_q8_1_f32 elements=6144,1,1 gpu_ns=61920
VKPHASE pipeline=quantize_q8_1_x4 elements=2048,1,1 gpu_ns=7800
VKPHASE pipeline=mul_mat_vec_rocmfp4_fast_q8_1_f32 elements=2048,1,1 gpu_ns=25160
VKPHASE pipeline=quantize_q8_1_x4 elements=2048,1,1 gpu_ns=7680
VKPHASE pipeline=mul_mat_vec_rocmfp4_fast_q8_1_f32 elements=10752,1,1 gpu_ns=103920
VKPHASE pipeline=mul_mat_vec_rocmfp4_fast_q8_1_f32 elements=10752,1,1 gpu_ns=95240
VKPHASE pipeline=quantize_q8_1_x4 elements=10752,1,1 gpu_ns=7760
VKPHASE pipeline=mul_mat_vec_rocmfp4_fast_q8_1_f32 elements=2048,1,1 gpu_ns=92720
VKPHASE pipeline=quantize_q8_1_x4 elements=2048,1,1 gpu_ns=7000
VKPHASE pipeline=mul_mat_vec_rocmfp4_fast_q8_1_f32 elements=2048,1,1 gpu_ns=32560
VKPHASE pipeline=mul_mat_vec_rocmfp4_fast_q8_1_f32 elements=512,1,1 gpu_ns=920
VKPHASE pipeline=mul_mat_vec_rocmfp4_fast_q8_1_f32 elements=512,1,1 gpu_ns=920
VKPHASE pipeline=quantize_q8_1_x4 elements=2048,1,1 gpu_ns=7240
VKPHASE pipeline=mul_mat_vec_rocmfp4_fast_q8_1_f32 elements=2048,1,1 gpu_ns=24360
VKPHASE pipeline=quantize_q8_1_x4 elements=2048,1,1 gpu_ns=7400
VKPHASE pipeline=mul_mat_vec_rocmfp4_fast_q8_1_f32 elements=10752,1,1 gpu_ns=99240
VKPHASE pipeline=mul_mat_vec_rocmfp4_fast_q8_1_f32 elements=10752,1,1 gpu_ns=91120
VKPHASE pipeline=quantize_q8_1_x4 elements=10752,1,1 gpu_ns=7280
VKPHASE pipeline=mul_mat_vec_rocmfp4_fast_q8_1_f32 elements=2048,1,1 gpu_ns=91520
VKPHASE pipeline=quantize_q8_1_x4 elements=2048,1,1 gpu_ns=7040
VKPHASE pipeline=mul_mat_vec_rocmfp4_fast_q8_1_f32 elements=6144,1,1 gpu_ns=59000
VKPHASE pipeline=quantize_q8_1_x4 elements=2048,1,1 gpu_ns=7360
VKPHASE pipeline=mul_mat_vec_rocmfp4_fast_q8_1_f32 elements=2048,1,1 gpu_ns=23920
VKPHASE pipeline=quantize_q8_1_x4 elements=2048,1,1 gpu_ns=7280
VKPHASE pipeline=mul_mat_vec_rocmfp4_fast_q8_1_f32 elements=10752,1,1 gpu_ns=99360
VKPHASE pipeline=mul_mat_vec_rocmfp4_fast_q8_1_f32 elements=10752,1,1 gpu_ns=81800
VKPHASE pipeline=quantize_q8_1_x4 elements=10752,1,1 gpu_ns=6240
VKPHASE pipeline=mul_mat_vec_rocmfp4_fast_q8_1_f32 elements=2048,1,1 gpu_ns=80840
VKPHASE pipeline=quantize_q8_1_x4 elements=2048,1,1 gpu_ns=6280
VKPHASE pipeline=mul_mat_vec_rocmfp4_fast_q8_1_f32 elements=6144,1,1 gpu_ns=51400
VKPHASE pipeline=quantize_q8_1_x4 elements=2048,1,1 gpu_ns=6280
VKPHASE pipeline=mul_mat_vec_rocmfp4_fast_q8_1_f32 elements=2048,1,1 gpu_ns=20360
VKPHASE pipeline=quantize_q8_1_x4 elements=2048,1,1 gpu_ns=6240
VKPHASE pipeline=mul_mat_vec_rocmfp4_fast_q8_1_f32 elements=10752,1,1 gpu_ns=87400
VKPHASE pipeline=mul_mat_vec_rocmfp4_fast_q8_1_f32 elements=10752,1,1 gpu_ns=80920
VKPHASE pipeline=quantize_q8_1_x4 elements=10752,1,1 gpu_ns=6280
VKPHASE pipeline=mul_mat_vec_rocmfp4_fast_q8_1_f32 elements=2048,1,1 gpu_ns=80440
VKPHASE pipeline=quantize_q8_1_x4 elements=2048,1,1 gpu_ns=2840
VKPHASE pipeline=mul_mat_vec_rocmfp4_fast_q8_1_f32 elements=6144,1,1 gpu_ns=51160
VKPHASE pipeline=quantize_q8_1_x4 elements=2048,1,1 gpu_ns=6160
VKPHASE pipeline=mul_mat_vec_rocmfp4_fast_q8_1_f32 elements=2048,1,1 gpu_ns=21040
VKPHASE pipeline=quantize_q8_1_x4 elements=2048,1,1 gpu_ns=6120
VKPHASE pipeline=mul_mat_vec_rocmfp4_fast_q8_1_f32 elements=10752,1,1 gpu_ns=112440
VKPHASE pipeline=mul_mat_vec_rocmfp4_fast_q8_1_f32 elements=10752,1,1 gpu_ns=82600
VKPHASE pipeline=quantize_q8_1_x4 elements=10752,1,1 gpu_ns=6720
VKPHASE pipeline=mul_mat_vec_rocmfp4_fast_q8_1_f32 elements=2048,1,1 gpu_ns=72680
VKPHASE pipeline=quantize_q8_1_x4 elements=2048,1,1 gpu_ns=2400
VKPHASE pipeline=mul_mat_vec_rocmfp4_fast_q8_1_f32 elements=2048,1,1 gpu_ns=23920
VKPHASE pipeline=mul_mat_vec_rocmfp4_fast_q8_1_f32 elements=512,1,1 gpu_ns=680
VKPHASE pipeline=mul_mat_vec_rocmfp4_fast_q8_1_f32 elements=512,1,1 gpu_ns=680
VKPHASE pipeline=quantize_q8_1_x4 elements=2048,1,1 gpu_ns=5280
VKPHASE pipeline=mul_mat_vec_rocmfp4_fast_q8_1_f32 elements=2048,1,1 gpu_ns=17920
VKPHASE pipeline=quantize_q8_1_x4 elements=2048,1,1 gpu_ns=5280
VKPHASE pipeline=mul_mat_vec_rocmfp4_fast_q8_1_f32 elements=10752,1,1 gpu_ns=75400
VKPHASE pipeline=mul_mat_vec_rocmfp4_fast_q8_1_f32 elements=10752,1,1 gpu_ns=69200
VKPHASE pipeline=quantize_q8_1_x4 elements=10752,1,1 gpu_ns=5320
VKPHASE pipeline=mul_mat_vec_rocmfp4_fast_q8_1_f32 elements=2048,1,1 gpu_ns=69400
VKPHASE pipeline=quantize_q8_1_x4 elements=2048,1,1 gpu_ns=5400
VKPHASE pipeline=mul_mat_vec_rocmfp4_fast_q8_1_f32 elements=6144,1,1 gpu_ns=44280
VKPHASE pipeline=quantize_q8_1_x4 elements=2048,1,1 gpu_ns=5320
VKPHASE pipeline=mul_mat_vec_rocmfp4_fast_q8_1_f32 elements=2048,1,1 gpu_ns=17440
VKPHASE pipeline=quantize_q8_1_x4 elements=2048,1,1 gpu_ns=5360
VKPHASE pipeline=mul_mat_vec_rocmfp4_fast_q8_1_f32 elements=10752,1,1 gpu_ns=75640
VKPHASE pipeline=mul_mat_vec_rocmfp4_fast_q8_1_f32 elements=10752,1,1 gpu_ns=69360
VKPHASE pipeline=quantize_q8_1_x4 elements=10752,1,1 gpu_ns=5320
VKPHASE pipeline=mul_mat_vec_rocmfp4_fast_q8_1_f32 elements=2048,1,1 gpu_ns=69600
VKPHASE pipeline=quantize_q8_1_x4 elements=2048,1,1 gpu_ns=2480
VKPHASE pipeline=mul_mat_vec_rocmfp4_fast_q8_1_f32 elements=6144,1,1 gpu_ns=40560
VKPHASE pipeline=quantize_q8_1_x4 elements=2048,1,1 gpu_ns=2200
VKPHASE pipeline=mul_mat_vec_rocmfp4_fast_q8_1_f32 elements=2048,1,1 gpu_ns=15080
VKPHASE pipeline=quantize_q8_1_x4 elements=2048,1,1 gpu_ns=2200
VKPHASE pipeline=mul_mat_vec_rocmfp4_fast_q8_1_f32 elements=10752,1,1 gpu_ns=63880
VKPHASE pipeline=mul_mat_vec_rocmfp4_fast_q8_1_f32 elements=10752,1,1 gpu_ns=58320
VKPHASE pipeline=quantize_q8_1_x4 elements=10752,1,1 gpu_ns=2200
VKPHASE pipeline=mul_mat_vec_rocmfp4_fast_q8_1_f32 elements=2048,1,1 gpu_ns=59240
VKPHASE pipeline=quantize_q8_1_x4 elements=2048,1,1 gpu_ns=2200
VKPHASE pipeline=mul_mat_vec_rocmfp4_fast_q8_1_f32 elements=2048,1,1 gpu_ns=19840
VKPHASE pipeline=mul_mat_vec_rocmfp4_fast_q8_1_f32 elements=512,1,1 gpu_ns=600
VKPHASE pipeline=mul_mat_vec_rocmfp4_fast_q8_1_f32 elements=512,1,1 gpu_ns=560
VKPHASE pipeline=quantize_q8_1_x4 elements=2048,1,1 gpu_ns=2200
VKPHASE pipeline=mul_mat_vec_rocmfp4_fast_q8_1_f32 elements=2048,1,1 gpu_ns=16160
VKPHASE pipeline=quantize_q8_1_x4 elements=2048,1,1 gpu_ns=2200
VKPHASE pipeline=mul_mat_vec_rocmfp4_fast_q8_1_f32 elements=10752,1,1 gpu_ns=64040
VKPHASE pipeline=mul_mat_vec_rocmfp4_fast_q8_1_f32 elements=10752,1,1 gpu_ns=58560
VKPHASE pipeline=quantize_q8_1_x4 elements=10752,1,1 gpu_ns=2200
VKPHASE pipeline=mul_mat_vec_rocmfp4_fast_q8_1_f32 elements=2048,1,1 gpu_ns=59560
VKPHASE pipeline=quantize_q8_1_x4 elements=2048,1,1 gpu_ns=2200
VKPHASE pipeline=mul_mat_vec_rocmfp4_fast_q8_1_f32 elements=6144,1,1 gpu_ns=37960
VKPHASE pipeline=quantize_q8_1_x4 elements=2048,1,1 gpu_ns=2200
VKPHASE pipeline=mul_mat_vec_rocmfp4_fast_q8_1_f32 elements=2048,1,1 gpu_ns=15080
VKPHASE pipeline=quantize_q8_1_x4 elements=2048,1,1 gpu_ns=2200
VKPHASE pipeline=mul_mat_vec_rocmfp4_fast_q8_1_f32 elements=10752,1,1 gpu_ns=63760
VKPHASE pipeline=mul_mat_vec_rocmfp4_fast_q8_1_f32 elements=10752,1,1 gpu_ns=58480
VKPHASE pipeline=quantize_q8_1_x4 elements=10752,1,1 gpu_ns=2440
VKPHASE pipeline=mul_mat_vec_rocmfp4_fast_q8_1_f32 elements=2048,1,1 gpu_ns=53040
VKPHASE pipeline=quantize_q8_1_x4 elements=2048,1,1 gpu_ns=2080
VKPHASE pipeline=mul_mat_vec_rocmfp4_fast_q8_1_f32 elements=6144,1,1 gpu_ns=31680
VKPHASE pipeline=quantize_q8_1_x4 elements=2048,1,1 gpu_ns=2080
VKPHASE pipeline=mul_mat_vec_rocmfp4_fast_q8_1_f32 elements=2048,1,1 gpu_ns=12600
VKPHASE pipeline=quantize_q8_1_x4 elements=2048,1,1 gpu_ns=2120
VKPHASE pipeline=mul_mat_vec_rocmfp4_fast_q8_1_f32 elements=10752,1,1 gpu_ns=53960
VKPHASE pipeline=mul_mat_vec_rocmfp4_fast_q8_1_f32 elements=10752,1,1 gpu_ns=48360
VKPHASE pipeline=quantize_q8_1_x4 elements=10752,1,1 gpu_ns=2160
VKPHASE pipeline=mul_mat_vec_rocmfp4_fast_q8_1_f32 elements=2048,1,1 gpu_ns=54360
VKPHASE pipeline=quantize_q8_1_x4 elements=2048,1,1 gpu_ns=2120
VKPHASE pipeline=mul_mat_vec_rocmfp4_fast_q8_1_f32 elements=2048,1,1 gpu_ns=17200
VKPHASE pipeline=mul_mat_vec_rocmfp4_fast_q8_1_f32 elements=512,1,1 gpu_ns=480
VKPHASE pipeline=mul_mat_vec_rocmfp4_fast_q8_1_f32 elements=512,1,1 gpu_ns=480
VKPHASE pipeline=quantize_q8_1_x4 elements=2048,1,1 gpu_ns=2080
VKPHASE pipeline=mul_mat_vec_rocmfp4_fast_q8_1_f32 elements=2048,1,1 gpu_ns=13160
VKPHASE pipeline=quantize_q8_1_x4 elements=2048,1,1 gpu_ns=2080
VKPHASE pipeline=mul_mat_vec_rocmfp4_fast_q8_1_f32 elements=10752,1,1 gpu_ns=54240
VKPHASE pipeline=mul_mat_vec_rocmfp4_fast_q8_1_f32 elements=10752,1,1 gpu_ns=48360
VKPHASE pipeline=quantize_q8_1_x4 elements=10752,1,1 gpu_ns=1960
VKPHASE pipeline=mul_mat_vec_rocmfp4_fast_q8_1_f32 elements=2048,1,1 gpu_ns=54480
VKPHASE pipeline=quantize_q8_1_x4 elements=2048,1,1 gpu_ns=2080
VKPHASE pipeline=mul_mat_vec_rocmfp4_fast_q8_1_f32 elements=6144,1,1 gpu_ns=31960
VKPHASE pipeline=quantize_q8_1_x4 elements=2048,1,1 gpu_ns=2080
VKPHASE pipeline=mul_mat_vec_rocmfp4_fast_q8_1_f32 elements=2048,1,1 gpu_ns=12680
VKPHASE pipeline=quantize_q8_1_x4 elements=2048,1,1 gpu_ns=2120
VKPHASE pipeline=mul_mat_vec_rocmfp4_fast_q8_1_f32 elements=10752,1,1 gpu_ns=53400
VKPHASE pipeline=mul_mat_vec_rocmfp4_fast_q8_1_f32 elements=10752,1,1 gpu_ns=48720
VKPHASE pipeline=quantize_q8_1_x4 elements=10752,1,1 gpu_ns=1960
VKPHASE pipeline=mul_mat_vec_rocmfp4_fast_q8_1_f32 elements=2048,1,1 gpu_ns=54400
VKPHASE pipeline=quantize_q8_1_x4 elements=2048,1,1 gpu_ns=2080
VKPHASE pipeline=mul_mat_vec_rocmfp4_fast_q8_1_f32 elements=6144,1,1 gpu_ns=32040
VKPHASE pipeline=quantize_q8_1_x4 elements=2048,1,1 gpu_ns=2040
VKPHASE pipeline=mul_mat_vec_rocmfp4_fast_q8_1_f32 elements=2048,1,1 gpu_ns=12640
VKPHASE pipeline=quantize_q8_1_x4 elements=2048,1,1 gpu_ns=1880
VKPHASE pipeline=mul_mat_vec_rocmfp4_fast_q8_1_f32 elements=10752,1,1 gpu_ns=51480
VKPHASE pipeline=mul_mat_vec_rocmfp4_fast_q8_1_f32 elements=10752,1,1 gpu_ns=45920
VKPHASE pipeline=quantize_q8_1_x4 elements=10752,1,1 gpu_ns=1920
VKPHASE pipeline=mul_mat_vec_rocmfp4_fast_q8_1_f32 elements=2048,1,1 gpu_ns=52240
VKPHASE pipeline=quantize_q8_1_x4 elements=2048,1,1 gpu_ns=1840
VKPHASE pipeline=mul_mat_vec_rocmfp4_fast_q8_1_f32 elements=128000,1,1 gpu_ns=571520
----------------
Vulkan Timings:
ADD: 22 x 9 us = 198 us
CONCAT: 21 x 6.52 us = 136.92 us
CONCAT, CPY: 1 x 7.84 us = 7.84 us
CPY, SSM_CONV: 22 x 10.843 us = 238.56 us
FLASH_ATTN_EXT dst(64,32,1,1),  q(64,1,32,1),  k(64,8448,8,1),  v(64,8448,8,1),  m(8448,1,1,1), SCALE: 1 x 108.16 us = 108.16 us (639.849 GFLOPS/s)
FLASH_ATTN_EXT dst(64,32,1,1),  q(64,1,32,1),  k(64,8448,8,1),  v(64,8448,8,1),  m(8448,1,1,1), SCALE, GET_ROWS, GET_ROWS, CPY: 7 x 163.8 us = 1146.6 us (422.503 GFLOPS/s)
GET_ROWS: 1 x 5.6 us = 5.6 us
GET_ROWS, GET_ROWS, CPY, MUL_MAT f32 m=64 n=32 k=64: 1 x 11.72 us = 11.72 us (22.1925 GFLOPS/s)
GLU: 18 x 7.824 us = 140.84 us
GLU, SCALE, GET_ROWS, GET_ROWS: 12 x 12.103 us = 145.24 us
MUL: 43 x 7.172 us = 308.4 us
MUL, SCALE, GET_ROWS, GET_ROWS: 1 x 17.64 us = 17.64 us
MUL_MAT f32 m=64 n=32 k=64: 7 x 12.08 us = 84.56 us (21.5311 GFLOPS/s)
MUL_MAT_ADD MUL_MAT_VEC q4_0_rocmfp4_fast m=2048 n=1 k=10752: 30 x 92.913 us = 2787.4 us (473.97 GFLOPS/s)
MUL_MAT_ADD MUL_MAT_VEC q4_0_rocmfp4_fast m=2048 n=1 k=2048: 8 x 31.61 us = 252.88 us (265.314 GFLOPS/s)
MUL_MAT_VEC f32 m=64 n=8 k=64: 8 x 9.78 us = 78.24 us (6.64867 GFLOPS/s)
MUL_MAT_VEC f32 m=64 n=8 k=64, RMS_NORM_MUL_ROPE RMS_NORM(64,8,1,1), MUL_MAT f32 m=64 n=32 k=64: 8 x 24.665 us = 197.32 us (13.1814 GFLOPS/s)
MUL_MAT_VEC q4_0_rocmfp4_fast m=10752 n=1 k=2048, MUL_MAT_VEC q4_0_rocmfp4_fast m=10752 n=1 k=2048: 30 x 183.749 us = 5512.48 us (479.234 GFLOPS/s)
MUL_MAT_VEC q4_0_rocmfp4_fast m=2048 n=1 k=2048: 22 x 31.138 us = 685.04 us (269.334 GFLOPS/s)
MUL_MAT_VEC q4_0_rocmfp4_fast m=2048 n=1 k=2048, MUL_MAT_VEC q4_0_rocmfp4_fast m=512 n=1 k=2048, MUL_MAT_VEC q4_0_rocmfp4_fast m=512 n=1 k=2048: 8 x 47.455 us = 379.64 us (265.09 GFLOPS/s)
MUL_MAT_VEC q4_0_rocmfp4_fast m=6144 n=1 k=2048: 10 x 61.648 us = 616.48 us (408.118 GFLOPS/s)
MUL_MAT_VEC q4_0_rocmfp4_fast m=6144 n=1 k=2048, CPY: 12 x 65.686 us = 788.24 us (383.026 GFLOPS/s)
RMS_NORM_MUL RMS_NORM(2048,1,1,1): 59 x 11.392 us = 672.16 us
RMS_NORM_MUL RMS_NORM(2048,1,1,1), GET_ROWS: 1 x 9.4 us = 9.4 us
RMS_NORM_MUL_ROPE RMS_NORM(64,32,1,1): 8 x 11.48 us = 91.84 us
SCALE, GET_ROWS, GET_ROWS, RMS_NORM_MUL RMS_NORM(2048,1,1,1), CPY: 1 x 20.84 us = 20.84 us
SET_ROWS, SET_ROWS: 8 x 10.38 us = 83.04 us
Total time: 14725.1 us.
VKPHASE pipeline=quantize_q8_1_x4 elements=2048,1,1 gpu_ns=8240
VKPHASE pipeline=mul_mat_vec_rocmfp4_fast_q8_1_f32 elements=6144,1,1 gpu_ns=63080
VKPHASE pipeline=quantize_q8_1_x4 elements=2048,1,1 gpu_ns=7640
VKPHASE pipeline=mul_mat_vec_rocmfp4_fast_q8_1_f32 elements=2048,1,1 gpu_ns=25240
VKPHASE pipeline=quantize_q8_1_x4 elements=2048,1,1 gpu_ns=7800
VKPHASE pipeline=mul_mat_vec_rocmfp4_fast_q8_1_f32 elements=10752,1,1 gpu_ns=104760
VKPHASE pipeline=mul_mat_vec_rocmfp4_fast_q8_1_f32 elements=10752,1,1 gpu_ns=94960
VKPHASE pipeline=quantize_q8_1_x4 elements=10752,1,1 gpu_ns=7280
VKPHASE pipeline=mul_mat_vec_rocmfp4_fast_q8_1_f32 elements=2048,1,1 gpu_ns=96680
VKPHASE pipeline=quantize_q8_1_x4 elements=2048,1,1 gpu_ns=7360
VKPHASE pipeline=mul_mat_vec_rocmfp4_fast_q8_1_f32 elements=6144,1,1 gpu_ns=62360
VKPHASE pipeline=quantize_q8_1_x4 elements=2048,1,1 gpu_ns=7760
VKPHASE pipeline=mul_mat_vec_rocmfp4_fast_q8_1_f32 elements=2048,1,1 gpu_ns=25120
VKPHASE pipeline=quantize_q8_1_x4 elements=2048,1,1 gpu_ns=7760
VKPHASE pipeline=mul_mat_vec_rocmfp4_fast_q8_1_f32 elements=10752,1,1 gpu_ns=105280
VKPHASE pipeline=mul_mat_vec_rocmfp4_fast_q8_1_f32 elements=10752,1,1 gpu_ns=94240
VKPHASE pipeline=quantize_q8_1_x4 elements=10752,1,1 gpu_ns=7640
VKPHASE pipeline=mul_mat_vec_rocmfp4_fast_q8_1_f32 elements=2048,1,1 gpu_ns=95920
VKPHASE pipeline=quantize_q8_1_x4 elements=2048,1,1 gpu_ns=7760
VKPHASE pipeline=mul_mat_vec_rocmfp4_fast_q8_1_f32 elements=2048,1,1 gpu_ns=33840
VKPHASE pipeline=mul_mat_vec_rocmfp4_fast_q8_1_f32 elements=512,1,1 gpu_ns=920
VKPHASE pipeline=mul_mat_vec_rocmfp4_fast_q8_1_f32 elements=512,1,1 gpu_ns=960
VKPHASE pipeline=quantize_q8_1_x4 elements=2048,1,1 gpu_ns=7720
VKPHASE pipeline=mul_mat_vec_rocmfp4_fast_q8_1_f32 elements=2048,1,1 gpu_ns=24000
VKPHASE pipeline=quantize_q8_1_x4 elements=2048,1,1 gpu_ns=7840
VKPHASE pipeline=mul_mat_vec_rocmfp4_fast_q8_1_f32 elements=10752,1,1 gpu_ns=105040
VKPHASE pipeline=mul_mat_vec_rocmfp4_fast_q8_1_f32 elements=10752,1,1 gpu_ns=94840
VKPHASE pipeline=quantize_q8_1_x4 elements=10752,1,1 gpu_ns=7800
VKPHASE pipeline=mul_mat_vec_rocmfp4_fast_q8_1_f32 elements=2048,1,1 gpu_ns=96400
VKPHASE pipeline=quantize_q8_1_x4 elements=2048,1,1 gpu_ns=7800
VKPHASE pipeline=mul_mat_vec_rocmfp4_fast_q8_1_f32 elements=6144,1,1 gpu_ns=62040
VKPHASE pipeline=quantize_q8_1_x4 elements=2048,1,1 gpu_ns=7800
VKPHASE pipeline=mul_mat_vec_rocmfp4_fast_q8_1_f32 elements=2048,1,1 gpu_ns=25320
VKPHASE pipeline=quantize_q8_1_x4 elements=2048,1,1 gpu_ns=7800
VKPHASE pipeline=mul_mat_vec_rocmfp4_fast_q8_1_f32 elements=10752,1,1 gpu_ns=104640
VKPHASE pipeline=mul_mat_vec_rocmfp4_fast_q8_1_f32 elements=10752,1,1 gpu_ns=94480
VKPHASE pipeline=quantize_q8_1_x4 elements=10752,1,1 gpu_ns=7680
VKPHASE pipeline=mul_mat_vec_rocmfp4_fast_q8_1_f32 elements=2048,1,1 gpu_ns=95920
VKPHASE pipeline=quantize_q8_1_x4 elements=2048,1,1 gpu_ns=7760
VKPHASE pipeline=mul_mat_vec_rocmfp4_fast_q8_1_f32 elements=6144,1,1 gpu_ns=62760
VKPHASE pipeline=quantize_q8_1_x4 elements=2048,1,1 gpu_ns=7600
VKPHASE pipeline=mul_mat_vec_rocmfp4_fast_q8_1_f32 elements=2048,1,1 gpu_ns=25200
VKPHASE pipeline=quantize_q8_1_x4 elements=2048,1,1 gpu_ns=7760
VKPHASE pipeline=mul_mat_vec_rocmfp4_fast_q8_1_f32 elements=10752,1,1 gpu_ns=104360
VKPHASE pipeline=mul_mat_vec_rocmfp4_fast_q8_1_f32 elements=10752,1,1 gpu_ns=94680
VKPHASE pipeline=quantize_q8_1_x4 elements=10752,1,1 gpu_ns=7720
VKPHASE pipeline=mul_mat_vec_rocmfp4_fast_q8_1_f32 elements=2048,1,1 gpu_ns=96800
VKPHASE pipeline=quantize_q8_1_x4 elements=2048,1,1 gpu_ns=7600
VKPHASE pipeline=mul_mat_vec_rocmfp4_fast_q8_1_f32 elements=2048,1,1 gpu_ns=31120
VKPHASE pipeline=mul_mat_vec_rocmfp4_fast_q8_1_f32 elements=512,1,1 gpu_ns=14760
VKPHASE pipeline=mul_mat_vec_rocmfp4_fast_q8_1_f32 elements=512,1,1 gpu_ns=12760
VKPHASE pipeline=quantize_q8_1_x4 elements=2048,1,1 gpu_ns=7800
VKPHASE pipeline=mul_mat_vec_rocmfp4_fast_q8_1_f32 elements=2048,1,1 gpu_ns=25600
VKPHASE pipeline=quantize_q8_1_x4 elements=2048,1,1 gpu_ns=7680
VKPHASE pipeline=mul_mat_vec_rocmfp4_fast_q8_1_f32 elements=10752,1,1 gpu_ns=104600
VKPHASE pipeline=mul_mat_vec_rocmfp4_fast_q8_1_f32 elements=10752,1,1 gpu_ns=94400
VKPHASE pipeline=quantize_q8_1_x4 elements=10752,1,1 gpu_ns=7760
VKPHASE pipeline=mul_mat_vec_rocmfp4_fast_q8_1_f32 elements=2048,1,1 gpu_ns=95640
VKPHASE pipeline=quantize_q8_1_x4 elements=2048,1,1 gpu_ns=7800
VKPHASE pipeline=mul_mat_vec_rocmfp4_fast_q8_1_f32 elements=6144,1,1 gpu_ns=62440
VKPHASE pipeline=quantize_q8_1_x4 elements=2048,1,1 gpu_ns=7680
VKPHASE pipeline=mul_mat_vec_rocmfp4_fast_q8_1_f32 elements=2048,1,1 gpu_ns=25560
VKPHASE pipeline=quantize_q8_1_x4 elements=2048,1,1 gpu_ns=7720
VKPHASE pipeline=mul_mat_vec_rocmfp4_fast_q8_1_f32 elements=10752,1,1 gpu_ns=104480
VKPHASE pipeline=mul_mat_vec_rocmfp4_fast_q8_1_f32 elements=10752,1,1 gpu_ns=94760
VKPHASE pipeline=quantize_q8_1_x4 elements=10752,1,1 gpu_ns=7720
VKPHASE pipeline=mul_mat_vec_rocmfp4_fast_q8_1_f32 elements=2048,1,1 gpu_ns=95960
VKPHASE pipeline=quantize_q8_1_x4 elements=2048,1,1 gpu_ns=7640
VKPHASE pipeline=mul_mat_vec_rocmfp4_fast_q8_1_f32 elements=6144,1,1 gpu_ns=61800
VKPHASE pipeline=quantize_q8_1_x4 elements=2048,1,1 gpu_ns=7760
VKPHASE pipeline=mul_mat_vec_rocmfp4_fast_q8_1_f32 elements=2048,1,1 gpu_ns=25160
VKPHASE pipeline=quantize_q8_1_x4 elements=2048,1,1 gpu_ns=7640
VKPHASE pipeline=mul_mat_vec_rocmfp4_fast_q8_1_f32 elements=10752,1,1 gpu_ns=104280
VKPHASE pipeline=mul_mat_vec_rocmfp4_fast_q8_1_f32 elements=10752,1,1 gpu_ns=95160
VKPHASE pipeline=quantize_q8_1_x4 elements=10752,1,1 gpu_ns=7680
VKPHASE pipeline=mul_mat_vec_rocmfp4_fast_q8_1_f32 elements=2048,1,1 gpu_ns=95880
VKPHASE pipeline=quantize_q8_1_x4 elements=2048,1,1 gpu_ns=7800
VKPHASE pipeline=mul_mat_vec_rocmfp4_fast_q8_1_f32 elements=6144,1,1 gpu_ns=61800
VKPHASE pipeline=quantize_q8_1_x4 elements=2048,1,1 gpu_ns=7720
VKPHASE pipeline=mul_mat_vec_rocmfp4_fast_q8_1_f32 elements=2048,1,1 gpu_ns=25120
VKPHASE pipeline=quantize_q8_1_x4 elements=2048,1,1 gpu_ns=7800
VKPHASE pipeline=mul_mat_vec_rocmfp4_fast_q8_1_f32 elements=10752,1,1 gpu_ns=104400
VKPHASE pipeline=mul_mat_vec_rocmfp4_fast_q8_1_f32 elements=10752,1,1 gpu_ns=94600
VKPHASE pipeline=quantize_q8_1_x4 elements=10752,1,1 gpu_ns=7640
VKPHASE pipeline=mul_mat_vec_rocmfp4_fast_q8_1_f32 elements=2048,1,1 gpu_ns=95640
VKPHASE pipeline=quantize_q8_1_x4 elements=2048,1,1 gpu_ns=7760
VKPHASE pipeline=mul_mat_vec_rocmfp4_fast_q8_1_f32 elements=2048,1,1 gpu_ns=34080
VKPHASE pipeline=mul_mat_vec_rocmfp4_fast_q8_1_f32 elements=512,1,1 gpu_ns=960
VKPHASE pipeline=mul_mat_vec_rocmfp4_fast_q8_1_f32 elements=512,1,1 gpu_ns=960
VKPHASE pipeline=quantize_q8_1_x4 elements=2048,1,1 gpu_ns=7720
VKPHASE pipeline=mul_mat_vec_rocmfp4_fast_q8_1_f32 elements=2048,1,1 gpu_ns=24080
VKPHASE pipeline=quantize_q8_1_x4 elements=2048,1,1 gpu_ns=7800
VKPHASE pipeline=mul_mat_vec_rocmfp4_fast_q8_1_f32 elements=10752,1,1 gpu_ns=104480
VKPHASE pipeline=mul_mat_vec_rocmfp4_fast_q8_1_f32 elements=10752,1,1 gpu_ns=94640
VKPHASE pipeline=quantize_q8_1_x4 elements=10752,1,1 gpu_ns=7680
VKPHASE pipeline=mul_mat_vec_rocmfp4_fast_q8_1_f32 elements=2048,1,1 gpu_ns=95720
VKPHASE pipeline=quantize_q8_1_x4 elements=2048,1,1 gpu_ns=7680
VKPHASE pipeline=mul_mat_vec_rocmfp4_fast_q8_1_f32 elements=6144,1,1 gpu_ns=61920
VKPHASE pipeline=quantize_q8_1_x4 elements=2048,1,1 gpu_ns=7680
VKPHASE pipeline=mul_mat_vec_rocmfp4_fast_q8_1_f32 elements=2048,1,1 gpu_ns=25440
VKPHASE pipeline=quantize_q8_1_x4 elements=2048,1,1 gpu_ns=7720
VKPHASE pipeline=mul_mat_vec_rocmfp4_fast_q8_1_f32 elements=10752,1,1 gpu_ns=104640
VKPHASE pipeline=mul_mat_vec_rocmfp4_fast_q8_1_f32 elements=10752,1,1 gpu_ns=94520
VKPHASE pipeline=quantize_q8_1_x4 elements=10752,1,1 gpu_ns=7800
VKPHASE pipeline=mul_mat_vec_rocmfp4_fast_q8_1_f32 elements=2048,1,1 gpu_ns=95760
VKPHASE pipeline=quantize_q8_1_x4 elements=2048,1,1 gpu_ns=7720
VKPHASE pipeline=mul_mat_vec_rocmfp4_fast_q8_1_f32 elements=6144,1,1 gpu_ns=60680
VKPHASE pipeline=quantize_q8_1_x4 elements=2048,1,1 gpu_ns=7840
VKPHASE pipeline=mul_mat_vec_rocmfp4_fast_q8_1_f32 elements=2048,1,1 gpu_ns=25280
VKPHASE pipeline=quantize_q8_1_x4 elements=2048,1,1 gpu_ns=7720
VKPHASE pipeline=mul_mat_vec_rocmfp4_fast_q8_1_f32 elements=10752,1,1 gpu_ns=104840
VKPHASE pipeline=mul_mat_vec_rocmfp4_fast_q8_1_f32 elements=10752,1,1 gpu_ns=94200
VKPHASE pipeline=quantize_q8_1_x4 elements=10752,1,1 gpu_ns=7680
VKPHASE pipeline=mul_mat_vec_rocmfp4_fast_q8_1_f32 elements=2048,1,1 gpu_ns=95600
VKPHASE pipeline=quantize_q8_1_x4 elements=2048,1,1 gpu_ns=7360
VKPHASE pipeline=mul_mat_vec_rocmfp4_fast_q8_1_f32 elements=6144,1,1 gpu_ns=61920
VKPHASE pipeline=quantize_q8_1_x4 elements=2048,1,1 gpu_ns=7680
VKPHASE pipeline=mul_mat_vec_rocmfp4_fast_q8_1_f32 elements=2048,1,1 gpu_ns=25120
VKPHASE pipeline=quantize_q8_1_x4 elements=2048,1,1 gpu_ns=7720
VKPHASE pipeline=mul_mat_vec_rocmfp4_fast_q8_1_f32 elements=10752,1,1 gpu_ns=104840
VKPHASE pipeline=mul_mat_vec_rocmfp4_fast_q8_1_f32 elements=10752,1,1 gpu_ns=94880
VKPHASE pipeline=quantize_q8_1_x4 elements=10752,1,1 gpu_ns=7800
VKPHASE pipeline=mul_mat_vec_rocmfp4_fast_q8_1_f32 elements=2048,1,1 gpu_ns=94480
VKPHASE pipeline=quantize_q8_1_x4 elements=2048,1,1 gpu_ns=7640
VKPHASE pipeline=mul_mat_vec_rocmfp4_fast_q8_1_f32 elements=2048,1,1 gpu_ns=34160
VKPHASE pipeline=mul_mat_vec_rocmfp4_fast_q8_1_f32 elements=512,1,1 gpu_ns=960
VKPHASE pipeline=mul_mat_vec_rocmfp4_fast_q8_1_f32 elements=512,1,1 gpu_ns=960
VKPHASE pipeline=quantize_q8_1_x4 elements=2048,1,1 gpu_ns=7720
VKPHASE pipeline=mul_mat_vec_rocmfp4_fast_q8_1_f32 elements=2048,1,1 gpu_ns=25920
VKPHASE pipeline=quantize_q8_1_x4 elements=2048,1,1 gpu_ns=7720
VKPHASE pipeline=mul_mat_vec_rocmfp4_fast_q8_1_f32 elements=10752,1,1 gpu_ns=104360
VKPHASE pipeline=mul_mat_vec_rocmfp4_fast_q8_1_f32 elements=10752,1,1 gpu_ns=95000
VKPHASE pipeline=quantize_q8_1_x4 elements=10752,1,1 gpu_ns=7760
VKPHASE pipeline=mul_mat_vec_rocmfp4_fast_q8_1_f32 elements=2048,1,1 gpu_ns=95480
VKPHASE pipeline=quantize_q8_1_x4 elements=2048,1,1 gpu_ns=7720
VKPHASE pipeline=mul_mat_vec_rocmfp4_fast_q8_1_f32 elements=6144,1,1 gpu_ns=61160
VKPHASE pipeline=quantize_q8_1_x4 elements=2048,1,1 gpu_ns=7360
VKPHASE pipeline=mul_mat_vec_rocmfp4_fast_q8_1_f32 elements=2048,1,1 gpu_ns=25560
VKPHASE pipeline=quantize_q8_1_x4 elements=2048,1,1 gpu_ns=7640
VKPHASE pipeline=mul_mat_vec_rocmfp4_fast_q8_1_f32 elements=10752,1,1 gpu_ns=104280
VKPHASE pipeline=mul_mat_vec_rocmfp4_fast_q8_1_f32 elements=10752,1,1 gpu_ns=95400
VKPHASE pipeline=quantize_q8_1_x4 elements=10752,1,1 gpu_ns=7280
VKPHASE pipeline=mul_mat_vec_rocmfp4_fast_q8_1_f32 elements=2048,1,1 gpu_ns=95760
VKPHASE pipeline=quantize_q8_1_x4 elements=2048,1,1 gpu_ns=7800
VKPHASE pipeline=mul_mat_vec_rocmfp4_fast_q8_1_f32 elements=6144,1,1 gpu_ns=62040
VKPHASE pipeline=quantize_q8_1_x4 elements=2048,1,1 gpu_ns=7680
VKPHASE pipeline=mul_mat_vec_rocmfp4_fast_q8_1_f32 elements=2048,1,1 gpu_ns=25680
VKPHASE pipeline=quantize_q8_1_x4 elements=2048,1,1 gpu_ns=7800
VKPHASE pipeline=mul_mat_vec_rocmfp4_fast_q8_1_f32 elements=10752,1,1 gpu_ns=104240
VKPHASE pipeline=mul_mat_vec_rocmfp4_fast_q8_1_f32 elements=10752,1,1 gpu_ns=95360
VKPHASE pipeline=quantize_q8_1_x4 elements=10752,1,1 gpu_ns=7760
VKPHASE pipeline=mul_mat_vec_rocmfp4_fast_q8_1_f32 elements=2048,1,1 gpu_ns=95880
VKPHASE pipeline=quantize_q8_1_x4 elements=2048,1,1 gpu_ns=7640
VKPHASE pipeline=mul_mat_vec_rocmfp4_fast_q8_1_f32 elements=6144,1,1 gpu_ns=62280
VKPHASE pipeline=quantize_q8_1_x4 elements=2048,1,1 gpu_ns=7480
VKPHASE pipeline=mul_mat_vec_rocmfp4_fast_q8_1_f32 elements=2048,1,1 gpu_ns=24880
VKPHASE pipeline=quantize_q8_1_x4 elements=2048,1,1 gpu_ns=7480
VKPHASE pipeline=mul_mat_vec_rocmfp4_fast_q8_1_f32 elements=10752,1,1 gpu_ns=102280
VKPHASE pipeline=mul_mat_vec_rocmfp4_fast_q8_1_f32 elements=10752,1,1 gpu_ns=92120
VKPHASE pipeline=quantize_q8_1_x4 elements=10752,1,1 gpu_ns=7440
VKPHASE pipeline=mul_mat_vec_rocmfp4_fast_q8_1_f32 elements=2048,1,1 gpu_ns=93360
VKPHASE pipeline=quantize_q8_1_x4 elements=2048,1,1 gpu_ns=7360
VKPHASE pipeline=mul_mat_vec_rocmfp4_fast_q8_1_f32 elements=2048,1,1 gpu_ns=33480
VKPHASE pipeline=mul_mat_vec_rocmfp4_fast_q8_1_f32 elements=512,1,1 gpu_ns=920
VKPHASE pipeline=mul_mat_vec_rocmfp4_fast_q8_1_f32 elements=512,1,1 gpu_ns=920
VKPHASE pipeline=quantize_q8_1_x4 elements=2048,1,1 gpu_ns=7520
VKPHASE pipeline=mul_mat_vec_rocmfp4_fast_q8_1_f32 elements=2048,1,1 gpu_ns=24640
VKPHASE pipeline=quantize_q8_1_x4 elements=2048,1,1 gpu_ns=7480
VKPHASE pipeline=mul_mat_vec_rocmfp4_fast_q8_1_f32 elements=10752,1,1 gpu_ns=101680
VKPHASE pipeline=mul_mat_vec_rocmfp4_fast_q8_1_f32 elements=10752,1,1 gpu_ns=92320
VKPHASE pipeline=quantize_q8_1_x4 elements=10752,1,1 gpu_ns=6520
VKPHASE pipeline=mul_mat_vec_rocmfp4_fast_q8_1_f32 elements=2048,1,1 gpu_ns=83840
VKPHASE pipeline=quantize_q8_1_x4 elements=2048,1,1 gpu_ns=6440
VKPHASE pipeline=mul_mat_vec_rocmfp4_fast_q8_1_f32 elements=6144,1,1 gpu_ns=53760
VKPHASE pipeline=quantize_q8_1_x4 elements=2048,1,1 gpu_ns=6400
VKPHASE pipeline=mul_mat_vec_rocmfp4_fast_q8_1_f32 elements=2048,1,1 gpu_ns=21200
VKPHASE pipeline=quantize_q8_1_x4 elements=2048,1,1 gpu_ns=6560
VKPHASE pipeline=mul_mat_vec_rocmfp4_fast_q8_1_f32 elements=10752,1,1 gpu_ns=92040
VKPHASE pipeline=mul_mat_vec_rocmfp4_fast_q8_1_f32 elements=10752,1,1 gpu_ns=84160
VKPHASE pipeline=quantize_q8_1_x4 elements=10752,1,1 gpu_ns=6520
VKPHASE pipeline=mul_mat_vec_rocmfp4_fast_q8_1_f32 elements=2048,1,1 gpu_ns=84040
VKPHASE pipeline=quantize_q8_1_x4 elements=2048,1,1 gpu_ns=6480
VKPHASE pipeline=mul_mat_vec_rocmfp4_fast_q8_1_f32 elements=6144,1,1 gpu_ns=53640
VKPHASE pipeline=quantize_q8_1_x4 elements=2048,1,1 gpu_ns=6600
VKPHASE pipeline=mul_mat_vec_rocmfp4_fast_q8_1_f32 elements=2048,1,1 gpu_ns=22400
VKPHASE pipeline=quantize_q8_1_x4 elements=2048,1,1 gpu_ns=6520
VKPHASE pipeline=mul_mat_vec_rocmfp4_fast_q8_1_f32 elements=10752,1,1 gpu_ns=92760
VKPHASE pipeline=mul_mat_vec_rocmfp4_fast_q8_1_f32 elements=10752,1,1 gpu_ns=82360
VKPHASE pipeline=quantize_q8_1_x4 elements=10752,1,1 gpu_ns=6480
VKPHASE pipeline=mul_mat_vec_rocmfp4_fast_q8_1_f32 elements=2048,1,1 gpu_ns=83800
VKPHASE pipeline=quantize_q8_1_x4 elements=2048,1,1 gpu_ns=2720
VKPHASE pipeline=mul_mat_vec_rocmfp4_fast_q8_1_f32 elements=6144,1,1 gpu_ns=46240
VKPHASE pipeline=quantize_q8_1_x4 elements=2048,1,1 gpu_ns=5520
VKPHASE pipeline=mul_mat_vec_rocmfp4_fast_q8_1_f32 elements=2048,1,1 gpu_ns=18360
VKPHASE pipeline=quantize_q8_1_x4 elements=2048,1,1 gpu_ns=5560
VKPHASE pipeline=mul_mat_vec_rocmfp4_fast_q8_1_f32 elements=10752,1,1 gpu_ns=79840
VKPHASE pipeline=mul_mat_vec_rocmfp4_fast_q8_1_f32 elements=10752,1,1 gpu_ns=71320
VKPHASE pipeline=quantize_q8_1_x4 elements=10752,1,1 gpu_ns=5520
VKPHASE pipeline=mul_mat_vec_rocmfp4_fast_q8_1_f32 elements=2048,1,1 gpu_ns=72600
VKPHASE pipeline=quantize_q8_1_x4 elements=2048,1,1 gpu_ns=5560
VKPHASE pipeline=mul_mat_vec_rocmfp4_fast_q8_1_f32 elements=2048,1,1 gpu_ns=25080
VKPHASE pipeline=mul_mat_vec_rocmfp4_fast_q8_1_f32 elements=512,1,1 gpu_ns=720
VKPHASE pipeline=mul_mat_vec_rocmfp4_fast_q8_1_f32 elements=512,1,1 gpu_ns=720
VKPHASE pipeline=quantize_q8_1_x4 elements=2048,1,1 gpu_ns=5560
VKPHASE pipeline=mul_mat_vec_rocmfp4_fast_q8_1_f32 elements=2048,1,1 gpu_ns=18760
VKPHASE pipeline=quantize_q8_1_x4 elements=2048,1,1 gpu_ns=2640
VKPHASE pipeline=mul_mat_vec_rocmfp4_fast_q8_1_f32 elements=10752,1,1 gpu_ns=79400
VKPHASE pipeline=mul_mat_vec_rocmfp4_fast_q8_1_f32 elements=10752,1,1 gpu_ns=72040
VKPHASE pipeline=quantize_q8_1_x4 elements=10752,1,1 gpu_ns=5600
VKPHASE pipeline=mul_mat_vec_rocmfp4_fast_q8_1_f32 elements=2048,1,1 gpu_ns=72680
VKPHASE pipeline=quantize_q8_1_x4 elements=2048,1,1 gpu_ns=5600
VKPHASE pipeline=mul_mat_vec_rocmfp4_fast_q8_1_f32 elements=6144,1,1 gpu_ns=46600
VKPHASE pipeline=quantize_q8_1_x4 elements=2048,1,1 gpu_ns=2240
VKPHASE pipeline=mul_mat_vec_rocmfp4_fast_q8_1_f32 elements=2048,1,1 gpu_ns=15280
VKPHASE pipeline=quantize_q8_1_x4 elements=2048,1,1 gpu_ns=2280
VKPHASE pipeline=mul_mat_vec_rocmfp4_fast_q8_1_f32 elements=10752,1,1 gpu_ns=67320
VKPHASE pipeline=mul_mat_vec_rocmfp4_fast_q8_1_f32 elements=10752,1,1 gpu_ns=61240
VKPHASE pipeline=quantize_q8_1_x4 elements=10752,1,1 gpu_ns=2280
VKPHASE pipeline=mul_mat_vec_rocmfp4_fast_q8_1_f32 elements=2048,1,1 gpu_ns=62560
VKPHASE pipeline=quantize_q8_1_x4 elements=2048,1,1 gpu_ns=2240
VKPHASE pipeline=mul_mat_vec_rocmfp4_fast_q8_1_f32 elements=6144,1,1 gpu_ns=39960
VKPHASE pipeline=quantize_q8_1_x4 elements=2048,1,1 gpu_ns=2280
VKPHASE pipeline=mul_mat_vec_rocmfp4_fast_q8_1_f32 elements=2048,1,1 gpu_ns=15560
VKPHASE pipeline=quantize_q8_1_x4 elements=2048,1,1 gpu_ns=2240
VKPHASE pipeline=mul_mat_vec_rocmfp4_fast_q8_1_f32 elements=10752,1,1 gpu_ns=67600
VKPHASE pipeline=mul_mat_vec_rocmfp4_fast_q8_1_f32 elements=10752,1,1 gpu_ns=61240
VKPHASE pipeline=quantize_q8_1_x4 elements=10752,1,1 gpu_ns=2280
VKPHASE pipeline=mul_mat_vec_rocmfp4_fast_q8_1_f32 elements=2048,1,1 gpu_ns=62680
VKPHASE pipeline=quantize_q8_1_x4 elements=2048,1,1 gpu_ns=2280
VKPHASE pipeline=mul_mat_vec_rocmfp4_fast_q8_1_f32 elements=2048,1,1 gpu_ns=21440
VKPHASE pipeline=mul_mat_vec_rocmfp4_fast_q8_1_f32 elements=512,1,1 gpu_ns=600
VKPHASE pipeline=mul_mat_vec_rocmfp4_fast_q8_1_f32 elements=512,1,1 gpu_ns=600
VKPHASE pipeline=quantize_q8_1_x4 elements=2048,1,1 gpu_ns=2240
VKPHASE pipeline=mul_mat_vec_rocmfp4_fast_q8_1_f32 elements=2048,1,1 gpu_ns=16720
VKPHASE pipeline=quantize_q8_1_x4 elements=2048,1,1 gpu_ns=2280
VKPHASE pipeline=mul_mat_vec_rocmfp4_fast_q8_1_f32 elements=10752,1,1 gpu_ns=67320
VKPHASE pipeline=mul_mat_vec_rocmfp4_fast_q8_1_f32 elements=10752,1,1 gpu_ns=61360
VKPHASE pipeline=quantize_q8_1_x4 elements=10752,1,1 gpu_ns=2080
VKPHASE pipeline=mul_mat_vec_rocmfp4_fast_q8_1_f32 elements=2048,1,1 gpu_ns=57080
VKPHASE pipeline=quantize_q8_1_x4 elements=2048,1,1 gpu_ns=2040
VKPHASE pipeline=mul_mat_vec_rocmfp4_fast_q8_1_f32 elements=6144,1,1 gpu_ns=33720
VKPHASE pipeline=quantize_q8_1_x4 elements=2048,1,1 gpu_ns=2040
VKPHASE pipeline=mul_mat_vec_rocmfp4_fast_q8_1_f32 elements=2048,1,1 gpu_ns=13760
VKPHASE pipeline=quantize_q8_1_x4 elements=2048,1,1 gpu_ns=2040
VKPHASE pipeline=mul_mat_vec_rocmfp4_fast_q8_1_f32 elements=10752,1,1 gpu_ns=57240
VKPHASE pipeline=mul_mat_vec_rocmfp4_fast_q8_1_f32 elements=10752,1,1 gpu_ns=51240
VKPHASE pipeline=quantize_q8_1_x4 elements=10752,1,1 gpu_ns=2040
VKPHASE pipeline=mul_mat_vec_rocmfp4_fast_q8_1_f32 elements=2048,1,1 gpu_ns=56160
VKPHASE pipeline=quantize_q8_1_x4 elements=2048,1,1 gpu_ns=2200
VKPHASE pipeline=mul_mat_vec_rocmfp4_fast_q8_1_f32 elements=6144,1,1 gpu_ns=33080
VKPHASE pipeline=quantize_q8_1_x4 elements=2048,1,1 gpu_ns=2200
VKPHASE pipeline=mul_mat_vec_rocmfp4_fast_q8_1_f32 elements=2048,1,1 gpu_ns=13280
VKPHASE pipeline=quantize_q8_1_x4 elements=2048,1,1 gpu_ns=2160
VKPHASE pipeline=mul_mat_vec_rocmfp4_fast_q8_1_f32 elements=10752,1,1 gpu_ns=56680
VKPHASE pipeline=mul_mat_vec_rocmfp4_fast_q8_1_f32 elements=10752,1,1 gpu_ns=50920
VKPHASE pipeline=quantize_q8_1_x4 elements=10752,1,1 gpu_ns=2040
VKPHASE pipeline=mul_mat_vec_rocmfp4_fast_q8_1_f32 elements=2048,1,1 gpu_ns=56400
VKPHASE pipeline=quantize_q8_1_x4 elements=2048,1,1 gpu_ns=2200
VKPHASE pipeline=mul_mat_vec_rocmfp4_fast_q8_1_f32 elements=2048,1,1 gpu_ns=17480
VKPHASE pipeline=mul_mat_vec_rocmfp4_fast_q8_1_f32 elements=512,1,1 gpu_ns=520
VKPHASE pipeline=mul_mat_vec_rocmfp4_fast_q8_1_f32 elements=512,1,1 gpu_ns=480
VKPHASE pipeline=quantize_q8_1_x4 elements=2048,1,1 gpu_ns=2360
VKPHASE pipeline=mul_mat_vec_rocmfp4_fast_q8_1_f32 elements=2048,1,1 gpu_ns=14120
VKPHASE pipeline=quantize_q8_1_x4 elements=2048,1,1 gpu_ns=2200
VKPHASE pipeline=mul_mat_vec_rocmfp4_fast_q8_1_f32 elements=10752,1,1 gpu_ns=57560
VKPHASE pipeline=mul_mat_vec_rocmfp4_fast_q8_1_f32 elements=10752,1,1 gpu_ns=50400
VKPHASE pipeline=quantize_q8_1_x4 elements=10752,1,1 gpu_ns=2080
VKPHASE pipeline=mul_mat_vec_rocmfp4_fast_q8_1_f32 elements=2048,1,1 gpu_ns=57360
VKPHASE pipeline=quantize_q8_1_x4 elements=2048,1,1 gpu_ns=1880
VKPHASE pipeline=mul_mat_vec_rocmfp4_fast_q8_1_f32 elements=6144,1,1 gpu_ns=31080
VKPHASE pipeline=quantize_q8_1_x4 elements=2048,1,1 gpu_ns=1880
VKPHASE pipeline=mul_mat_vec_rocmfp4_fast_q8_1_f32 elements=2048,1,1 gpu_ns=12560
VKPHASE pipeline=quantize_q8_1_x4 elements=2048,1,1 gpu_ns=1880
VKPHASE pipeline=mul_mat_vec_rocmfp4_fast_q8_1_f32 elements=10752,1,1 gpu_ns=54680
VKPHASE pipeline=mul_mat_vec_rocmfp4_fast_q8_1_f32 elements=10752,1,1 gpu_ns=69920
VKPHASE pipeline=quantize_q8_1_x4 elements=10752,1,1 gpu_ns=2240
VKPHASE pipeline=mul_mat_vec_rocmfp4_fast_q8_1_f32 elements=2048,1,1 gpu_ns=53400
VKPHASE pipeline=quantize_q8_1_x4 elements=2048,1,1 gpu_ns=1920
VKPHASE pipeline=mul_mat_vec_rocmfp4_fast_q8_1_f32 elements=6144,1,1 gpu_ns=30400
VKPHASE pipeline=quantize_q8_1_x4 elements=2048,1,1 gpu_ns=1920
VKPHASE pipeline=mul_mat_vec_rocmfp4_fast_q8_1_f32 elements=2048,1,1 gpu_ns=12920
VKPHASE pipeline=quantize_q8_1_x4 elements=2048,1,1 gpu_ns=1920
VKPHASE pipeline=mul_mat_vec_rocmfp4_fast_q8_1_f32 elements=10752,1,1 gpu_ns=54960
VKPHASE pipeline=mul_mat_vec_rocmfp4_fast_q8_1_f32 elements=10752,1,1 gpu_ns=43720
VKPHASE pipeline=quantize_q8_1_x4 elements=10752,1,1 gpu_ns=1960
VKPHASE pipeline=mul_mat_vec_rocmfp4_fast_q8_1_f32 elements=2048,1,1 gpu_ns=52640
VKPHASE pipeline=quantize_q8_1_x4 elements=2048,1,1 gpu_ns=1920
VKPHASE pipeline=mul_mat_vec_rocmfp4_fast_q8_1_f32 elements=128000,1,1 gpu_ns=607760
----------------
Vulkan Timings:
ADD: 22 x 9.289 us = 204.36 us
CONCAT: 21 x 7.057 us = 148.2 us
CONCAT, CPY: 1 x 7.8 us = 7.8 us
CPY, SSM_CONV: 22 x 10.518 us = 231.4 us
FLASH_ATTN_EXT dst(64,32,1,1),  q(64,1,32,1),  k(64,8448,8,1),  v(64,8448,8,1),  m(8448,1,1,1), SCALE: 1 x 102.32 us = 102.32 us (676.368 GFLOPS/s)
FLASH_ATTN_EXT dst(64,32,1,1),  q(64,1,32,1),  k(64,8448,8,1),  v(64,8448,8,1),  m(8448,1,1,1), SCALE, GET_ROWS, GET_ROWS, CPY: 7 x 161.354 us = 1129.48 us (428.907 GFLOPS/s)
GET_ROWS: 1 x 6.2 us = 6.2 us
GET_ROWS, GET_ROWS, CPY, MUL_MAT f32 m=64 n=32 k=64: 1 x 10.8 us = 10.8 us (24.083 GFLOPS/s)
GLU: 18 x 7.986 us = 143.76 us
GLU, SCALE, GET_ROWS, GET_ROWS: 12 x 11.886 us = 142.64 us
MUL: 43 x 7.425 us = 319.28 us
MUL, SCALE, GET_ROWS, GET_ROWS: 1 x 17.68 us = 17.68 us
MUL_MAT f32 m=64 n=32 k=64: 7 x 11.205 us = 78.44 us (23.211 GFLOPS/s)
MUL_MAT_ADD MUL_MAT_VEC q4_0_rocmfp4_fast m=2048 n=1 k=10752: 30 x 93.277 us = 2798.32 us (472.121 GFLOPS/s)
MUL_MAT_ADD MUL_MAT_VEC q4_0_rocmfp4_fast m=2048 n=1 k=2048: 8 x 31.365 us = 250.92 us (267.386 GFLOPS/s)
MUL_MAT_VEC f32 m=64 n=8 k=64: 8 x 9.05 us = 72.4 us (7.18497 GFLOPS/s)
MUL_MAT_VEC f32 m=64 n=8 k=64, RMS_NORM_MUL_ROPE RMS_NORM(64,8,1,1), MUL_MAT f32 m=64 n=32 k=64: 8 x 24.15 us = 193.2 us (13.4625 GFLOPS/s)
MUL_MAT_VEC q4_0_rocmfp4_fast m=10752 n=1 k=2048, MUL_MAT_VEC q4_0_rocmfp4_fast m=10752 n=1 k=2048: 30 x 186.212 us = 5586.36 us (472.896 GFLOPS/s)
MUL_MAT_VEC q4_0_rocmfp4_fast m=2048 n=1 k=2048: 22 x 31.645 us = 696.2 us (265.016 GFLOPS/s)
MUL_MAT_VEC q4_0_rocmfp4_fast m=2048 n=1 k=2048, MUL_MAT_VEC q4_0_rocmfp4_fast m=512 n=1 k=2048, MUL_MAT_VEC q4_0_rocmfp4_fast m=512 n=1 k=2048: 8 x 45.2 us = 361.6 us (278.315 GFLOPS/s)
MUL_MAT_VEC q4_0_rocmfp4_fast m=6144 n=1 k=2048: 10 x 63.048 us = 630.48 us (399.056 GFLOPS/s)
MUL_MAT_VEC q4_0_rocmfp4_fast m=6144 n=1 k=2048, CPY: 12 x 69.316 us = 831.8 us (362.967 GFLOPS/s)
RMS_NORM_MUL RMS_NORM(2048,1,1,1): 59 x 11.519 us = 679.64 us
RMS_NORM_MUL RMS_NORM(2048,1,1,1), GET_ROWS: 1 x 9.68 us = 9.68 us
RMS_NORM_MUL_ROPE RMS_NORM(64,32,1,1): 8 x 8.775 us = 70.2 us
SCALE, GET_ROWS, GET_ROWS, RMS_NORM_MUL RMS_NORM(2048,1,1,1), CPY: 1 x 20.44 us = 20.44 us
SET_ROWS, SET_ROWS: 8 x 10.14 us = 81.12 us
Total time: 14824.7 us.
VKPHASE pipeline=quantize_q8_1_x4 elements=2048,1,1 gpu_ns=7800
VKPHASE pipeline=mul_mat_vec_rocmfp4_fast_q8_1_f32 elements=6144,1,1 gpu_ns=63280
VKPHASE pipeline=quantize_q8_1_x4 elements=2048,1,1 gpu_ns=7640
VKPHASE pipeline=mul_mat_vec_rocmfp4_fast_q8_1_f32 elements=2048,1,1 gpu_ns=25240
VKPHASE pipeline=quantize_q8_1_x4 elements=2048,1,1 gpu_ns=7840
VKPHASE pipeline=mul_mat_vec_rocmfp4_fast_q8_1_f32 elements=10752,1,1 gpu_ns=104600
VKPHASE pipeline=mul_mat_vec_rocmfp4_fast_q8_1_f32 elements=10752,1,1 gpu_ns=95440
VKPHASE pipeline=quantize_q8_1_x4 elements=10752,1,1 gpu_ns=7680
VKPHASE pipeline=mul_mat_vec_rocmfp4_fast_q8_1_f32 elements=2048,1,1 gpu_ns=95520
VKPHASE pipeline=quantize_q8_1_x4 elements=2048,1,1 gpu_ns=7680
VKPHASE pipeline=mul_mat_vec_rocmfp4_fast_q8_1_f32 elements=6144,1,1 gpu_ns=60880
VKPHASE pipeline=quantize_q8_1_x4 elements=2048,1,1 gpu_ns=7760
VKPHASE pipeline=mul_mat_vec_rocmfp4_fast_q8_1_f32 elements=2048,1,1 gpu_ns=25320
VKPHASE pipeline=quantize_q8_1_x4 elements=2048,1,1 gpu_ns=7720
VKPHASE pipeline=mul_mat_vec_rocmfp4_fast_q8_1_f32 elements=10752,1,1 gpu_ns=104240
VKPHASE pipeline=mul_mat_vec_rocmfp4_fast_q8_1_f32 elements=10752,1,1 gpu_ns=95080
VKPHASE pipeline=quantize_q8_1_x4 elements=10752,1,1 gpu_ns=7760
VKPHASE pipeline=mul_mat_vec_rocmfp4_fast_q8_1_f32 elements=2048,1,1 gpu_ns=96200
VKPHASE pipeline=quantize_q8_1_x4 elements=2048,1,1 gpu_ns=7800
VKPHASE pipeline=mul_mat_vec_rocmfp4_fast_q8_1_f32 elements=2048,1,1 gpu_ns=34080
VKPHASE pipeline=mul_mat_vec_rocmfp4_fast_q8_1_f32 elements=512,1,1 gpu_ns=960
VKPHASE pipeline=mul_mat_vec_rocmfp4_fast_q8_1_f32 elements=512,1,1 gpu_ns=1000
VKPHASE pipeline=quantize_q8_1_x4 elements=2048,1,1 gpu_ns=7800
VKPHASE pipeline=mul_mat_vec_rocmfp4_fast_q8_1_f32 elements=2048,1,1 gpu_ns=25440
VKPHASE pipeline=quantize_q8_1_x4 elements=2048,1,1 gpu_ns=7680
VKPHASE pipeline=mul_mat_vec_rocmfp4_fast_q8_1_f32 elements=10752,1,1 gpu_ns=104160
VKPHASE pipeline=mul_mat_vec_rocmfp4_fast_q8_1_f32 elements=10752,1,1 gpu_ns=95840
VKPHASE pipeline=quantize_q8_1_x4 elements=10752,1,1 gpu_ns=7760
VKPHASE pipeline=mul_mat_vec_rocmfp4_fast_q8_1_f32 elements=2048,1,1 gpu_ns=96040
VKPHASE pipeline=quantize_q8_1_x4 elements=2048,1,1 gpu_ns=7680
VKPHASE pipeline=mul_mat_vec_rocmfp4_fast_q8_1_f32 elements=6144,1,1 gpu_ns=62000
VKPHASE pipeline=quantize_q8_1_x4 elements=2048,1,1 gpu_ns=7760
VKPHASE pipeline=mul_mat_vec_rocmfp4_fast_q8_1_f32 elements=2048,1,1 gpu_ns=25200
VKPHASE pipeline=quantize_q8_1_x4 elements=2048,1,1 gpu_ns=7640
VKPHASE pipeline=mul_mat_vec_rocmfp4_fast_q8_1_f32 elements=10752,1,1 gpu_ns=104520
VKPHASE pipeline=mul_mat_vec_rocmfp4_fast_q8_1_f32 elements=10752,1,1 gpu_ns=94800
VKPHASE pipeline=quantize_q8_1_x4 elements=10752,1,1 gpu_ns=7800
VKPHASE pipeline=mul_mat_vec_rocmfp4_fast_q8_1_f32 elements=2048,1,1 gpu_ns=95840
VKPHASE pipeline=quantize_q8_1_x4 elements=2048,1,1 gpu_ns=7640
VKPHASE pipeline=mul_mat_vec_rocmfp4_fast_q8_1_f32 elements=6144,1,1 gpu_ns=62040
VKPHASE pipeline=quantize_q8_1_x4 elements=2048,1,1 gpu_ns=7800
VKPHASE pipeline=mul_mat_vec_rocmfp4_fast_q8_1_f32 elements=2048,1,1 gpu_ns=25040
VKPHASE pipeline=quantize_q8_1_x4 elements=2048,1,1 gpu_ns=7680
VKPHASE pipeline=mul_mat_vec_rocmfp4_fast_q8_1_f32 elements=10752,1,1 gpu_ns=104120
VKPHASE pipeline=mul_mat_vec_rocmfp4_fast_q8_1_f32 elements=10752,1,1 gpu_ns=95800
VKPHASE pipeline=quantize_q8_1_x4 elements=10752,1,1 gpu_ns=7280
VKPHASE pipeline=mul_mat_vec_rocmfp4_fast_q8_1_f32 elements=2048,1,1 gpu_ns=96080
VKPHASE pipeline=quantize_q8_1_x4 elements=2048,1,1 gpu_ns=7760
VKPHASE pipeline=mul_mat_vec_rocmfp4_fast_q8_1_f32 elements=2048,1,1 gpu_ns=34240
VKPHASE pipeline=mul_mat_vec_rocmfp4_fast_q8_1_f32 elements=512,1,1 gpu_ns=960
VKPHASE pipeline=mul_mat_vec_rocmfp4_fast_q8_1_f32 elements=512,1,1 gpu_ns=960
VKPHASE pipeline=quantize_q8_1_x4 elements=2048,1,1 gpu_ns=7800
VKPHASE pipeline=mul_mat_vec_rocmfp4_fast_q8_1_f32 elements=2048,1,1 gpu_ns=25360
VKPHASE pipeline=quantize_q8_1_x4 elements=2048,1,1 gpu_ns=7720
VKPHASE pipeline=mul_mat_vec_rocmfp4_fast_q8_1_f32 elements=10752,1,1 gpu_ns=104160
VKPHASE pipeline=mul_mat_vec_rocmfp4_fast_q8_1_f32 elements=10752,1,1 gpu_ns=95160
VKPHASE pipeline=quantize_q8_1_x4 elements=10752,1,1 gpu_ns=7680
VKPHASE pipeline=mul_mat_vec_rocmfp4_fast_q8_1_f32 elements=2048,1,1 gpu_ns=95880
VKPHASE pipeline=quantize_q8_1_x4 elements=2048,1,1 gpu_ns=7800
VKPHASE pipeline=mul_mat_vec_rocmfp4_fast_q8_1_f32 elements=6144,1,1 gpu_ns=60440
VKPHASE pipeline=quantize_q8_1_x4 elements=2048,1,1 gpu_ns=7760
VKPHASE pipeline=mul_mat_vec_rocmfp4_fast_q8_1_f32 elements=2048,1,1 gpu_ns=25320
VKPHASE pipeline=quantize_q8_1_x4 elements=2048,1,1 gpu_ns=7680
VKPHASE pipeline=mul_mat_vec_rocmfp4_fast_q8_1_f32 elements=10752,1,1 gpu_ns=104200
VKPHASE pipeline=mul_mat_vec_rocmfp4_fast_q8_1_f32 elements=10752,1,1 gpu_ns=95000
VKPHASE pipeline=quantize_q8_1_x4 elements=10752,1,1 gpu_ns=7760
VKPHASE pipeline=mul_mat_vec_rocmfp4_fast_q8_1_f32 elements=2048,1,1 gpu_ns=95720
VKPHASE pipeline=quantize_q8_1_x4 elements=2048,1,1 gpu_ns=7720
VKPHASE pipeline=mul_mat_vec_rocmfp4_fast_q8_1_f32 elements=6144,1,1 gpu_ns=62120
VKPHASE pipeline=quantize_q8_1_x4 elements=2048,1,1 gpu_ns=7680
VKPHASE pipeline=mul_mat_vec_rocmfp4_fast_q8_1_f32 elements=2048,1,1 gpu_ns=25000
VKPHASE pipeline=quantize_q8_1_x4 elements=2048,1,1 gpu_ns=7720
VKPHASE pipeline=mul_mat_vec_rocmfp4_fast_q8_1_f32 elements=10752,1,1 gpu_ns=104520
VKPHASE pipeline=mul_mat_vec_rocmfp4_fast_q8_1_f32 elements=10752,1,1 gpu_ns=95400
VKPHASE pipeline=quantize_q8_1_x4 elements=10752,1,1 gpu_ns=7640
VKPHASE pipeline=mul_mat_vec_rocmfp4_fast_q8_1_f32 elements=2048,1,1 gpu_ns=95720
VKPHASE pipeline=quantize_q8_1_x4 elements=2048,1,1 gpu_ns=7800
VKPHASE pipeline=mul_mat_vec_rocmfp4_fast_q8_1_f32 elements=6144,1,1 gpu_ns=62040
VKPHASE pipeline=quantize_q8_1_x4 elements=2048,1,1 gpu_ns=7680
VKPHASE pipeline=mul_mat_vec_rocmfp4_fast_q8_1_f32 elements=2048,1,1 gpu_ns=25280
VKPHASE pipeline=quantize_q8_1_x4 elements=2048,1,1 gpu_ns=7840
VKPHASE pipeline=mul_mat_vec_rocmfp4_fast_q8_1_f32 elements=10752,1,1 gpu_ns=104400
VKPHASE pipeline=mul_mat_vec_rocmfp4_fast_q8_1_f32 elements=10752,1,1 gpu_ns=94880
VKPHASE pipeline=quantize_q8_1_x4 elements=10752,1,1 gpu_ns=7680
VKPHASE pipeline=mul_mat_vec_rocmfp4_fast_q8_1_f32 elements=2048,1,1 gpu_ns=95760
VKPHASE pipeline=quantize_q8_1_x4 elements=2048,1,1 gpu_ns=7720
VKPHASE pipeline=mul_mat_vec_rocmfp4_fast_q8_1_f32 elements=2048,1,1 gpu_ns=34240
VKPHASE pipeline=mul_mat_vec_rocmfp4_fast_q8_1_f32 elements=512,1,1 gpu_ns=960
VKPHASE pipeline=mul_mat_vec_rocmfp4_fast_q8_1_f32 elements=512,1,1 gpu_ns=960
VKPHASE pipeline=quantize_q8_1_x4 elements=2048,1,1 gpu_ns=7600
VKPHASE pipeline=mul_mat_vec_rocmfp4_fast_q8_1_f32 elements=2048,1,1 gpu_ns=25720
VKPHASE pipeline=quantize_q8_1_x4 elements=2048,1,1 gpu_ns=7800
VKPHASE pipeline=mul_mat_vec_rocmfp4_fast_q8_1_f32 elements=10752,1,1 gpu_ns=104240
VKPHASE pipeline=mul_mat_vec_rocmfp4_fast_q8_1_f32 elements=10752,1,1 gpu_ns=95160
VKPHASE pipeline=quantize_q8_1_x4 elements=10752,1,1 gpu_ns=7760
VKPHASE pipeline=mul_mat_vec_rocmfp4_fast_q8_1_f32 elements=2048,1,1 gpu_ns=95960
VKPHASE pipeline=quantize_q8_1_x4 elements=2048,1,1 gpu_ns=7680
VKPHASE pipeline=mul_mat_vec_rocmfp4_fast_q8_1_f32 elements=6144,1,1 gpu_ns=62160
VKPHASE pipeline=quantize_q8_1_x4 elements=2048,1,1 gpu_ns=7800
VKPHASE pipeline=mul_mat_vec_rocmfp4_fast_q8_1_f32 elements=2048,1,1 gpu_ns=25200
VKPHASE pipeline=quantize_q8_1_x4 elements=2048,1,1 gpu_ns=7680
VKPHASE pipeline=mul_mat_vec_rocmfp4_fast_q8_1_f32 elements=10752,1,1 gpu_ns=104040
VKPHASE pipeline=mul_mat_vec_rocmfp4_fast_q8_1_f32 elements=10752,1,1 gpu_ns=95200
VKPHASE pipeline=quantize_q8_1_x4 elements=10752,1,1 gpu_ns=7720
VKPHASE pipeline=mul_mat_vec_rocmfp4_fast_q8_1_f32 elements=2048,1,1 gpu_ns=95800
VKPHASE pipeline=quantize_q8_1_x4 elements=2048,1,1 gpu_ns=7760
VKPHASE pipeline=mul_mat_vec_rocmfp4_fast_q8_1_f32 elements=6144,1,1 gpu_ns=62040
VKPHASE pipeline=quantize_q8_1_x4 elements=2048,1,1 gpu_ns=7760
VKPHASE pipeline=mul_mat_vec_rocmfp4_fast_q8_1_f32 elements=2048,1,1 gpu_ns=25000
VKPHASE pipeline=quantize_q8_1_x4 elements=2048,1,1 gpu_ns=7760
VKPHASE pipeline=mul_mat_vec_rocmfp4_fast_q8_1_f32 elements=10752,1,1 gpu_ns=104320
VKPHASE pipeline=mul_mat_vec_rocmfp4_fast_q8_1_f32 elements=10752,1,1 gpu_ns=123960
VKPHASE pipeline=quantize_q8_1_x4 elements=10752,1,1 gpu_ns=7680
VKPHASE pipeline=mul_mat_vec_rocmfp4_fast_q8_1_f32 elements=2048,1,1 gpu_ns=96240
VKPHASE pipeline=quantize_q8_1_x4 elements=2048,1,1 gpu_ns=7800
VKPHASE pipeline=mul_mat_vec_rocmfp4_fast_q8_1_f32 elements=6144,1,1 gpu_ns=61920
VKPHASE pipeline=quantize_q8_1_x4 elements=2048,1,1 gpu_ns=7640
VKPHASE pipeline=mul_mat_vec_rocmfp4_fast_q8_1_f32 elements=2048,1,1 gpu_ns=25240
VKPHASE pipeline=quantize_q8_1_x4 elements=2048,1,1 gpu_ns=7680
VKPHASE pipeline=mul_mat_vec_rocmfp4_fast_q8_1_f32 elements=10752,1,1 gpu_ns=104480
VKPHASE pipeline=mul_mat_vec_rocmfp4_fast_q8_1_f32 elements=10752,1,1 gpu_ns=115960
VKPHASE pipeline=quantize_q8_1_x4 elements=10752,1,1 gpu_ns=7640
VKPHASE pipeline=mul_mat_vec_rocmfp4_fast_q8_1_f32 elements=2048,1,1 gpu_ns=95840
VKPHASE pipeline=quantize_q8_1_x4 elements=2048,1,1 gpu_ns=7680
VKPHASE pipeline=mul_mat_vec_rocmfp4_fast_q8_1_f32 elements=2048,1,1 gpu_ns=34120
VKPHASE pipeline=mul_mat_vec_rocmfp4_fast_q8_1_f32 elements=512,1,1 gpu_ns=920
VKPHASE pipeline=mul_mat_vec_rocmfp4_fast_q8_1_f32 elements=512,1,1 gpu_ns=960
VKPHASE pipeline=quantize_q8_1_x4 elements=2048,1,1 gpu_ns=7680
VKPHASE pipeline=mul_mat_vec_rocmfp4_fast_q8_1_f32 elements=2048,1,1 gpu_ns=25560
VKPHASE pipeline=quantize_q8_1_x4 elements=2048,1,1 gpu_ns=7800
VKPHASE pipeline=mul_mat_vec_rocmfp4_fast_q8_1_f32 elements=10752,1,1 gpu_ns=104080
VKPHASE pipeline=mul_mat_vec_rocmfp4_fast_q8_1_f32 elements=10752,1,1 gpu_ns=95120
VKPHASE pipeline=quantize_q8_1_x4 elements=10752,1,1 gpu_ns=7720
VKPHASE pipeline=mul_mat_vec_rocmfp4_fast_q8_1_f32 elements=2048,1,1 gpu_ns=97480
VKPHASE pipeline=quantize_q8_1_x4 elements=2048,1,1 gpu_ns=44240
VKPHASE pipeline=mul_mat_vec_rocmfp4_fast_q8_1_f32 elements=6144,1,1 gpu_ns=62120
VKPHASE pipeline=quantize_q8_1_x4 elements=2048,1,1 gpu_ns=7800
VKPHASE pipeline=mul_mat_vec_rocmfp4_fast_q8_1_f32 elements=2048,1,1 gpu_ns=25200
VKPHASE pipeline=quantize_q8_1_x4 elements=2048,1,1 gpu_ns=7680
VKPHASE pipeline=mul_mat_vec_rocmfp4_fast_q8_1_f32 elements=10752,1,1 gpu_ns=104440
VKPHASE pipeline=mul_mat_vec_rocmfp4_fast_q8_1_f32 elements=10752,1,1 gpu_ns=94880
VKPHASE pipeline=quantize_q8_1_x4 elements=10752,1,1 gpu_ns=7320
VKPHASE pipeline=mul_mat_vec_rocmfp4_fast_q8_1_f32 elements=2048,1,1 gpu_ns=95840
VKPHASE pipeline=quantize_q8_1_x4 elements=2048,1,1 gpu_ns=7800
VKPHASE pipeline=mul_mat_vec_rocmfp4_fast_q8_1_f32 elements=6144,1,1 gpu_ns=62280
VKPHASE pipeline=quantize_q8_1_x4 elements=2048,1,1 gpu_ns=7680
VKPHASE pipeline=mul_mat_vec_rocmfp4_fast_q8_1_f32 elements=2048,1,1 gpu_ns=25440
VKPHASE pipeline=quantize_q8_1_x4 elements=2048,1,1 gpu_ns=7800
VKPHASE pipeline=mul_mat_vec_rocmfp4_fast_q8_1_f32 elements=10752,1,1 gpu_ns=104320
VKPHASE pipeline=mul_mat_vec_rocmfp4_fast_q8_1_f32 elements=10752,1,1 gpu_ns=95120
VKPHASE pipeline=quantize_q8_1_x4 elements=10752,1,1 gpu_ns=7680
VKPHASE pipeline=mul_mat_vec_rocmfp4_fast_q8_1_f32 elements=2048,1,1 gpu_ns=95760
VKPHASE pipeline=quantize_q8_1_x4 elements=2048,1,1 gpu_ns=7280
VKPHASE pipeline=mul_mat_vec_rocmfp4_fast_q8_1_f32 elements=6144,1,1 gpu_ns=62080
VKPHASE pipeline=quantize_q8_1_x4 elements=2048,1,1 gpu_ns=7680
VKPHASE pipeline=mul_mat_vec_rocmfp4_fast_q8_1_f32 elements=2048,1,1 gpu_ns=25240
VKPHASE pipeline=quantize_q8_1_x4 elements=2048,1,1 gpu_ns=7720
VKPHASE pipeline=mul_mat_vec_rocmfp4_fast_q8_1_f32 elements=10752,1,1 gpu_ns=104200
VKPHASE pipeline=mul_mat_vec_rocmfp4_fast_q8_1_f32 elements=10752,1,1 gpu_ns=95360
VKPHASE pipeline=quantize_q8_1_x4 elements=10752,1,1 gpu_ns=7800
VKPHASE pipeline=mul_mat_vec_rocmfp4_fast_q8_1_f32 elements=2048,1,1 gpu_ns=96000
VKPHASE pipeline=quantize_q8_1_x4 elements=2048,1,1 gpu_ns=7680
VKPHASE pipeline=mul_mat_vec_rocmfp4_fast_q8_1_f32 elements=2048,1,1 gpu_ns=34240
VKPHASE pipeline=mul_mat_vec_rocmfp4_fast_q8_1_f32 elements=512,1,1 gpu_ns=960
VKPHASE pipeline=mul_mat_vec_rocmfp4_fast_q8_1_f32 elements=512,1,1 gpu_ns=960
VKPHASE pipeline=quantize_q8_1_x4 elements=2048,1,1 gpu_ns=7200
VKPHASE pipeline=mul_mat_vec_rocmfp4_fast_q8_1_f32 elements=2048,1,1 gpu_ns=24160
VKPHASE pipeline=quantize_q8_1_x4 elements=2048,1,1 gpu_ns=6960
VKPHASE pipeline=mul_mat_vec_rocmfp4_fast_q8_1_f32 elements=10752,1,1 gpu_ns=99040
VKPHASE pipeline=mul_mat_vec_rocmfp4_fast_q8_1_f32 elements=10752,1,1 gpu_ns=89400
VKPHASE pipeline=quantize_q8_1_x4 elements=10752,1,1 gpu_ns=7240
VKPHASE pipeline=mul_mat_vec_rocmfp4_fast_q8_1_f32 elements=2048,1,1 gpu_ns=90960
VKPHASE pipeline=quantize_q8_1_x4 elements=2048,1,1 gpu_ns=6840
VKPHASE pipeline=mul_mat_vec_rocmfp4_fast_q8_1_f32 elements=6144,1,1 gpu_ns=59080
VKPHASE pipeline=quantize_q8_1_x4 elements=2048,1,1 gpu_ns=6960
VKPHASE pipeline=mul_mat_vec_rocmfp4_fast_q8_1_f32 elements=2048,1,1 gpu_ns=24000
VKPHASE pipeline=quantize_q8_1_x4 elements=2048,1,1 gpu_ns=7240
VKPHASE pipeline=mul_mat_vec_rocmfp4_fast_q8_1_f32 elements=10752,1,1 gpu_ns=129160
VKPHASE pipeline=mul_mat_vec_rocmfp4_fast_q8_1_f32 elements=10752,1,1 gpu_ns=89520
VKPHASE pipeline=quantize_q8_1_x4 elements=10752,1,1 gpu_ns=6160
VKPHASE pipeline=mul_mat_vec_rocmfp4_fast_q8_1_f32 elements=2048,1,1 gpu_ns=84040
VKPHASE pipeline=quantize_q8_1_x4 elements=2048,1,1 gpu_ns=6240
VKPHASE pipeline=mul_mat_vec_rocmfp4_fast_q8_1_f32 elements=6144,1,1 gpu_ns=51240
VKPHASE pipeline=quantize_q8_1_x4 elements=2048,1,1 gpu_ns=6240
VKPHASE pipeline=mul_mat_vec_rocmfp4_fast_q8_1_f32 elements=2048,1,1 gpu_ns=20080
VKPHASE pipeline=quantize_q8_1_x4 elements=2048,1,1 gpu_ns=6160
VKPHASE pipeline=mul_mat_vec_rocmfp4_fast_q8_1_f32 elements=10752,1,1 gpu_ns=86800
VKPHASE pipeline=mul_mat_vec_rocmfp4_fast_q8_1_f32 elements=10752,1,1 gpu_ns=80240
VKPHASE pipeline=quantize_q8_1_x4 elements=10752,1,1 gpu_ns=6240
VKPHASE pipeline=mul_mat_vec_rocmfp4_fast_q8_1_f32 elements=2048,1,1 gpu_ns=80160
VKPHASE pipeline=quantize_q8_1_x4 elements=2048,1,1 gpu_ns=6200
VKPHASE pipeline=mul_mat_vec_rocmfp4_fast_q8_1_f32 elements=6144,1,1 gpu_ns=51160
VKPHASE pipeline=quantize_q8_1_x4 elements=2048,1,1 gpu_ns=2800
VKPHASE pipeline=mul_mat_vec_rocmfp4_fast_q8_1_f32 elements=2048,1,1 gpu_ns=20080
VKPHASE pipeline=quantize_q8_1_x4 elements=2048,1,1 gpu_ns=6160
VKPHASE pipeline=mul_mat_vec_rocmfp4_fast_q8_1_f32 elements=10752,1,1 gpu_ns=87000
VKPHASE pipeline=mul_mat_vec_rocmfp4_fast_q8_1_f32 elements=10752,1,1 gpu_ns=80040
VKPHASE pipeline=quantize_q8_1_x4 elements=10752,1,1 gpu_ns=6160
VKPHASE pipeline=mul_mat_vec_rocmfp4_fast_q8_1_f32 elements=2048,1,1 gpu_ns=78440
VKPHASE pipeline=quantize_q8_1_x4 elements=2048,1,1 gpu_ns=5640
VKPHASE pipeline=mul_mat_vec_rocmfp4_fast_q8_1_f32 elements=2048,1,1 gpu_ns=23040
VKPHASE pipeline=mul_mat_vec_rocmfp4_fast_q8_1_f32 elements=512,1,1 gpu_ns=640
VKPHASE pipeline=mul_mat_vec_rocmfp4_fast_q8_1_f32 elements=512,1,1 gpu_ns=680
VKPHASE pipeline=quantize_q8_1_x4 elements=2048,1,1 gpu_ns=5240
VKPHASE pipeline=mul_mat_vec_rocmfp4_fast_q8_1_f32 elements=2048,1,1 gpu_ns=17880
VKPHASE pipeline=quantize_q8_1_x4 elements=2048,1,1 gpu_ns=5280
VKPHASE pipeline=mul_mat_vec_rocmfp4_fast_q8_1_f32 elements=10752,1,1 gpu_ns=75040
VKPHASE pipeline=mul_mat_vec_rocmfp4_fast_q8_1_f32 elements=10752,1,1 gpu_ns=68680
VKPHASE pipeline=quantize_q8_1_x4 elements=10752,1,1 gpu_ns=5320
VKPHASE pipeline=mul_mat_vec_rocmfp4_fast_q8_1_f32 elements=2048,1,1 gpu_ns=69160
VKPHASE pipeline=quantize_q8_1_x4 elements=2048,1,1 gpu_ns=5320
VKPHASE pipeline=mul_mat_vec_rocmfp4_fast_q8_1_f32 elements=6144,1,1 gpu_ns=44040
VKPHASE pipeline=quantize_q8_1_x4 elements=2048,1,1 gpu_ns=5640
VKPHASE pipeline=mul_mat_vec_rocmfp4_fast_q8_1_f32 elements=2048,1,1 gpu_ns=16600
VKPHASE pipeline=quantize_q8_1_x4 elements=2048,1,1 gpu_ns=5320
VKPHASE pipeline=mul_mat_vec_rocmfp4_fast_q8_1_f32 elements=10752,1,1 gpu_ns=74720
VKPHASE pipeline=mul_mat_vec_rocmfp4_fast_q8_1_f32 elements=10752,1,1 gpu_ns=68560
VKPHASE pipeline=quantize_q8_1_x4 elements=10752,1,1 gpu_ns=5280
VKPHASE pipeline=mul_mat_vec_rocmfp4_fast_q8_1_f32 elements=2048,1,1 gpu_ns=68880
VKPHASE pipeline=quantize_q8_1_x4 elements=2048,1,1 gpu_ns=5320
VKPHASE pipeline=mul_mat_vec_rocmfp4_fast_q8_1_f32 elements=6144,1,1 gpu_ns=43920
VKPHASE pipeline=quantize_q8_1_x4 elements=2048,1,1 gpu_ns=5280
VKPHASE pipeline=mul_mat_vec_rocmfp4_fast_q8_1_f32 elements=2048,1,1 gpu_ns=17320
VKPHASE pipeline=quantize_q8_1_x4 elements=2048,1,1 gpu_ns=2200
VKPHASE pipeline=mul_mat_vec_rocmfp4_fast_q8_1_f32 elements=10752,1,1 gpu_ns=62920
VKPHASE pipeline=mul_mat_vec_rocmfp4_fast_q8_1_f32 elements=10752,1,1 gpu_ns=57640
VKPHASE pipeline=quantize_q8_1_x4 elements=10752,1,1 gpu_ns=2200
VKPHASE pipeline=mul_mat_vec_rocmfp4_fast_q8_1_f32 elements=2048,1,1 gpu_ns=58600
VKPHASE pipeline=quantize_q8_1_x4 elements=2048,1,1 gpu_ns=2160
VKPHASE pipeline=mul_mat_vec_rocmfp4_fast_q8_1_f32 elements=2048,1,1 gpu_ns=19600
VKPHASE pipeline=mul_mat_vec_rocmfp4_fast_q8_1_f32 elements=512,1,1 gpu_ns=600
VKPHASE pipeline=mul_mat_vec_rocmfp4_fast_q8_1_f32 elements=512,1,1 gpu_ns=560
VKPHASE pipeline=quantize_q8_1_x4 elements=2048,1,1 gpu_ns=2160
VKPHASE pipeline=mul_mat_vec_rocmfp4_fast_q8_1_f32 elements=2048,1,1 gpu_ns=15640
VKPHASE pipeline=quantize_q8_1_x4 elements=2048,1,1 gpu_ns=2200
VKPHASE pipeline=mul_mat_vec_rocmfp4_fast_q8_1_f32 elements=10752,1,1 gpu_ns=63240
VKPHASE pipeline=mul_mat_vec_rocmfp4_fast_q8_1_f32 elements=10752,1,1 gpu_ns=57880
VKPHASE pipeline=quantize_q8_1_x4 elements=10752,1,1 gpu_ns=2160
VKPHASE pipeline=mul_mat_vec_rocmfp4_fast_q8_1_f32 elements=2048,1,1 gpu_ns=59320
VKPHASE pipeline=quantize_q8_1_x4 elements=2048,1,1 gpu_ns=2200
VKPHASE pipeline=mul_mat_vec_rocmfp4_fast_q8_1_f32 elements=6144,1,1 gpu_ns=37720
VKPHASE pipeline=quantize_q8_1_x4 elements=2048,1,1 gpu_ns=2200
VKPHASE pipeline=mul_mat_vec_rocmfp4_fast_q8_1_f32 elements=2048,1,1 gpu_ns=14800
VKPHASE pipeline=quantize_q8_1_x4 elements=2048,1,1 gpu_ns=2440
VKPHASE pipeline=mul_mat_vec_rocmfp4_fast_q8_1_f32 elements=10752,1,1 gpu_ns=62680
VKPHASE pipeline=mul_mat_vec_rocmfp4_fast_q8_1_f32 elements=10752,1,1 gpu_ns=57640
VKPHASE pipeline=quantize_q8_1_x4 elements=10752,1,1 gpu_ns=2200
VKPHASE pipeline=mul_mat_vec_rocmfp4_fast_q8_1_f32 elements=2048,1,1 gpu_ns=59080
VKPHASE pipeline=quantize_q8_1_x4 elements=2048,1,1 gpu_ns=2200
VKPHASE pipeline=mul_mat_vec_rocmfp4_fast_q8_1_f32 elements=6144,1,1 gpu_ns=32480
VKPHASE pipeline=quantize_q8_1_x4 elements=2048,1,1 gpu_ns=2080
VKPHASE pipeline=mul_mat_vec_rocmfp4_fast_q8_1_f32 elements=2048,1,1 gpu_ns=12760
VKPHASE pipeline=quantize_q8_1_x4 elements=2048,1,1 gpu_ns=2080
VKPHASE pipeline=mul_mat_vec_rocmfp4_fast_q8_1_f32 elements=10752,1,1 gpu_ns=53760
VKPHASE pipeline=mul_mat_vec_rocmfp4_fast_q8_1_f32 elements=10752,1,1 gpu_ns=48120
VKPHASE pipeline=quantize_q8_1_x4 elements=10752,1,1 gpu_ns=2160
VKPHASE pipeline=mul_mat_vec_rocmfp4_fast_q8_1_f32 elements=2048,1,1 gpu_ns=54360
VKPHASE pipeline=quantize_q8_1_x4 elements=2048,1,1 gpu_ns=2040
VKPHASE pipeline=mul_mat_vec_rocmfp4_fast_q8_1_f32 elements=2048,1,1 gpu_ns=17360
VKPHASE pipeline=mul_mat_vec_rocmfp4_fast_q8_1_f32 elements=512,1,1 gpu_ns=480
VKPHASE pipeline=mul_mat_vec_rocmfp4_fast_q8_1_f32 elements=512,1,1 gpu_ns=480
VKPHASE pipeline=quantize_q8_1_x4 elements=2048,1,1 gpu_ns=2080
VKPHASE pipeline=mul_mat_vec_rocmfp4_fast_q8_1_f32 elements=2048,1,1 gpu_ns=13160
VKPHASE pipeline=quantize_q8_1_x4 elements=2048,1,1 gpu_ns=2040
VKPHASE pipeline=mul_mat_vec_rocmfp4_fast_q8_1_f32 elements=10752,1,1 gpu_ns=53240
VKPHASE pipeline=mul_mat_vec_rocmfp4_fast_q8_1_f32 elements=10752,1,1 gpu_ns=48440
VKPHASE pipeline=quantize_q8_1_x4 elements=10752,1,1 gpu_ns=1960
VKPHASE pipeline=mul_mat_vec_rocmfp4_fast_q8_1_f32 elements=2048,1,1 gpu_ns=55080
VKPHASE pipeline=quantize_q8_1_x4 elements=2048,1,1 gpu_ns=2040
VKPHASE pipeline=mul_mat_vec_rocmfp4_fast_q8_1_f32 elements=6144,1,1 gpu_ns=31760
VKPHASE pipeline=quantize_q8_1_x4 elements=2048,1,1 gpu_ns=2080
VKPHASE pipeline=mul_mat_vec_rocmfp4_fast_q8_1_f32 elements=2048,1,1 gpu_ns=13400
VKPHASE pipeline=quantize_q8_1_x4 elements=2048,1,1 gpu_ns=2120
VKPHASE pipeline=mul_mat_vec_rocmfp4_fast_q8_1_f32 elements=10752,1,1 gpu_ns=53600
VKPHASE pipeline=mul_mat_vec_rocmfp4_fast_q8_1_f32 elements=10752,1,1 gpu_ns=47920
VKPHASE pipeline=quantize_q8_1_x4 elements=10752,1,1 gpu_ns=1960
VKPHASE pipeline=mul_mat_vec_rocmfp4_fast_q8_1_f32 elements=2048,1,1 gpu_ns=54480
VKPHASE pipeline=quantize_q8_1_x4 elements=2048,1,1 gpu_ns=2120
VKPHASE pipeline=mul_mat_vec_rocmfp4_fast_q8_1_f32 elements=6144,1,1 gpu_ns=31520
VKPHASE pipeline=quantize_q8_1_x4 elements=2048,1,1 gpu_ns=2080
VKPHASE pipeline=mul_mat_vec_rocmfp4_fast_q8_1_f32 elements=2048,1,1 gpu_ns=13120
VKPHASE pipeline=quantize_q8_1_x4 elements=2048,1,1 gpu_ns=2120
VKPHASE pipeline=mul_mat_vec_rocmfp4_fast_q8_1_f32 elements=10752,1,1 gpu_ns=56880
VKPHASE pipeline=mul_mat_vec_rocmfp4_fast_q8_1_f32 elements=10752,1,1 gpu_ns=45680
VKPHASE pipeline=quantize_q8_1_x4 elements=10752,1,1 gpu_ns=2040
VKPHASE pipeline=mul_mat_vec_rocmfp4_fast_q8_1_f32 elements=2048,1,1 gpu_ns=52120
VKPHASE pipeline=quantize_q8_1_x4 elements=2048,1,1 gpu_ns=1840
VKPHASE pipeline=mul_mat_vec_rocmfp4_fast_q8_1_f32 elements=128000,1,1 gpu_ns=567520
----------------
Vulkan Timings:
ADD: 22 x 3.678 us = 80.92 us
CONCAT: 21 x 3.432 us = 72.08 us
CONCAT, CPY: 1 x 3.16 us = 3.16 us
CPY, SSM_CONV: 22 x 5.461 us = 120.16 us
FLASH_ATTN_EXT dst(64,32,1,1),  q(64,1,32,1),  k(64,8448,8,1),  v(64,8448,8,1),  m(8448,1,1,1), SCALE: 1 x 79.52 us = 79.52 us (870.297 GFLOPS/s)
FLASH_ATTN_EXT dst(64,32,1,1),  q(64,1,32,1),  k(64,8448,8,1),  v(64,8448,8,1),  m(8448,1,1,1), SCALE, GET_ROWS, GET_ROWS, CPY: 7 x 89.32 us = 625.24 us (774.81 GFLOPS/s)
GET_ROWS: 1 x 2.84 us = 2.84 us
GET_ROWS, GET_ROWS, CPY, MUL_MAT f32 m=64 n=32 k=64: 1 x 7.96 us = 7.96 us (32.6754 GFLOPS/s)
GLU: 18 x 3.92 us = 70.56 us
GLU, SCALE, GET_ROWS, GET_ROWS: 12 x 6.233 us = 74.8 us
MUL: 43 x 3.652 us = 157.04 us
MUL, SCALE, GET_ROWS, GET_ROWS: 1 x 5.24 us = 5.24 us
MUL_MAT f32 m=64 n=32 k=64: 7 x 7.097 us = 49.68 us (36.648 GFLOPS/s)
MUL_MAT_ADD MUL_MAT_VEC q4_0_rocmfp4_fast m=2048 n=1 k=10752: 30 x 57.718 us = 1731.56 us (762.979 GFLOPS/s)
MUL_MAT_ADD MUL_MAT_VEC q4_0_rocmfp4_fast m=2048 n=1 k=2048: 8 x 16.255 us = 130.04 us (515.937 GFLOPS/s)
MUL_MAT_VEC f32 m=64 n=8 k=64: 8 x 4.61 us = 36.88 us (14.105 GFLOPS/s)
MUL_MAT_VEC f32 m=64 n=8 k=64, RMS_NORM_MUL_ROPE RMS_NORM(64,8,1,1), MUL_MAT f32 m=64 n=32 k=64: 8 x 12.72 us = 101.76 us (25.5597 GFLOPS/s)
MUL_MAT_VEC q4_0_rocmfp4_fast m=10752 n=1 k=2048, MUL_MAT_VEC q4_0_rocmfp4_fast m=10752 n=1 k=2048: 30 x 104.596 us = 3137.88 us (841.895 GFLOPS/s)
MUL_MAT_VEC q4_0_rocmfp4_fast m=2048 n=1 k=2048: 22 x 16.683 us = 367.04 us (502.682 GFLOPS/s)
MUL_MAT_VEC q4_0_rocmfp4_fast m=2048 n=1 k=2048, MUL_MAT_VEC q4_0_rocmfp4_fast m=512 n=1 k=2048, MUL_MAT_VEC q4_0_rocmfp4_fast m=512 n=1 k=2048: 8 x 23.18 us = 185.44 us (542.702 GFLOPS/s)
MUL_MAT_VEC q4_0_rocmfp4_fast m=6144 n=1 k=2048: 10 x 35.144 us = 351.44 us (715.903 GFLOPS/s)
MUL_MAT_VEC q4_0_rocmfp4_fast m=6144 n=1 k=2048, CPY: 12 x 37.743 us = 452.92 us (666.599 GFLOPS/s)
RMS_NORM_MUL RMS_NORM(2048,1,1,1): 59 x 6.406 us = 377.96 us
RMS_NORM_MUL RMS_NORM(2048,1,1,1), GET_ROWS: 1 x 6.04 us = 6.04 us
RMS_NORM_MUL_ROPE RMS_NORM(64,32,1,1): 8 x 5.125 us = 41 us
SCALE, GET_ROWS, GET_ROWS, RMS_NORM_MUL RMS_NORM(2048,1,1,1), CPY: 1 x 10.44 us = 10.44 us
SET_ROWS, SET_ROWS: 8 x 4.445 us = 35.56 us
Total time: 8315.16 us.
VKPHASE pipeline=quantize_q8_1_x4 elements=2048,1,1 gpu_ns=1680
VKPHASE pipeline=mul_mat_vec_rocmfp4_fast_q8_1_f32 elements=6144,1,1 gpu_ns=31800
VKPHASE pipeline=quantize_q8_1_x4 elements=2048,1,1 gpu_ns=1680
VKPHASE pipeline=mul_mat_vec_rocmfp4_fast_q8_1_f32 elements=2048,1,1 gpu_ns=10520
VKPHASE pipeline=quantize_q8_1_x4 elements=2048,1,1 gpu_ns=1680
VKPHASE pipeline=mul_mat_vec_rocmfp4_fast_q8_1_f32 elements=10752,1,1 gpu_ns=51840
VKPHASE pipeline=mul_mat_vec_rocmfp4_fast_q8_1_f32 elements=10752,1,1 gpu_ns=44760
VKPHASE pipeline=quantize_q8_1_x4 elements=10752,1,1 gpu_ns=1680
VKPHASE pipeline=mul_mat_vec_rocmfp4_fast_q8_1_f32 elements=2048,1,1 gpu_ns=49680
VKPHASE pipeline=quantize_q8_1_x4 elements=2048,1,1 gpu_ns=1680
VKPHASE pipeline=mul_mat_vec_rocmfp4_fast_q8_1_f32 elements=6144,1,1 gpu_ns=31640
VKPHASE pipeline=quantize_q8_1_x4 elements=2048,1,1 gpu_ns=1640
VKPHASE pipeline=mul_mat_vec_rocmfp4_fast_q8_1_f32 elements=2048,1,1 gpu_ns=9280
VKPHASE pipeline=quantize_q8_1_x4 elements=2048,1,1 gpu_ns=1640
VKPHASE pipeline=mul_mat_vec_rocmfp4_fast_q8_1_f32 elements=10752,1,1 gpu_ns=52120
VKPHASE pipeline=mul_mat_vec_rocmfp4_fast_q8_1_f32 elements=10752,1,1 gpu_ns=44880
VKPHASE pipeline=quantize_q8_1_x4 elements=10752,1,1 gpu_ns=1680
VKPHASE pipeline=mul_mat_vec_rocmfp4_fast_q8_1_f32 elements=2048,1,1 gpu_ns=49360
VKPHASE pipeline=quantize_q8_1_x4 elements=2048,1,1 gpu_ns=1640
VKPHASE pipeline=mul_mat_vec_rocmfp4_fast_q8_1_f32 elements=2048,1,1 gpu_ns=13960
VKPHASE pipeline=mul_mat_vec_rocmfp4_fast_q8_1_f32 elements=512,1,1 gpu_ns=360
VKPHASE pipeline=mul_mat_vec_rocmfp4_fast_q8_1_f32 elements=512,1,1 gpu_ns=360
VKPHASE pipeline=quantize_q8_1_x4 elements=2048,1,1 gpu_ns=1720
VKPHASE pipeline=mul_mat_vec_rocmfp4_fast_q8_1_f32 elements=2048,1,1 gpu_ns=10760
VKPHASE pipeline=quantize_q8_1_x4 elements=2048,1,1 gpu_ns=1640
VKPHASE pipeline=mul_mat_vec_rocmfp4_fast_q8_1_f32 elements=10752,1,1 gpu_ns=52920
VKPHASE pipeline=mul_mat_vec_rocmfp4_fast_q8_1_f32 elements=10752,1,1 gpu_ns=44480
VKPHASE pipeline=quantize_q8_1_x4 elements=10752,1,1 gpu_ns=1640
VKPHASE pipeline=mul_mat_vec_rocmfp4_fast_q8_1_f32 elements=2048,1,1 gpu_ns=49680
VKPHASE pipeline=quantize_q8_1_x4 elements=2048,1,1 gpu_ns=1680
VKPHASE pipeline=mul_mat_vec_rocmfp4_fast_q8_1_f32 elements=6144,1,1 gpu_ns=29720
VKPHASE pipeline=quantize_q8_1_x4 elements=2048,1,1 gpu_ns=1640
VKPHASE pipeline=mul_mat_vec_rocmfp4_fast_q8_1_f32 elements=2048,1,1 gpu_ns=9280
VKPHASE pipeline=quantize_q8_1_x4 elements=2048,1,1 gpu_ns=1680
VKPHASE pipeline=mul_mat_vec_rocmfp4_fast_q8_1_f32 elements=10752,1,1 gpu_ns=52400
VKPHASE pipeline=mul_mat_vec_rocmfp4_fast_q8_1_f32 elements=10752,1,1 gpu_ns=44200
VKPHASE pipeline=quantize_q8_1_x4 elements=10752,1,1 gpu_ns=1800
VKPHASE pipeline=mul_mat_vec_rocmfp4_fast_q8_1_f32 elements=2048,1,1 gpu_ns=51600
VKPHASE pipeline=quantize_q8_1_x4 elements=2048,1,1 gpu_ns=1800
VKPHASE pipeline=mul_mat_vec_rocmfp4_fast_q8_1_f32 elements=6144,1,1 gpu_ns=30400
VKPHASE pipeline=quantize_q8_1_x4 elements=2048,1,1 gpu_ns=1840
VKPHASE pipeline=mul_mat_vec_rocmfp4_fast_q8_1_f32 elements=2048,1,1 gpu_ns=11560
VKPHASE pipeline=quantize_q8_1_x4 elements=2048,1,1 gpu_ns=1880
VKPHASE pipeline=mul_mat_vec_rocmfp4_fast_q8_1_f32 elements=10752,1,1 gpu_ns=52960
VKPHASE pipeline=mul_mat_vec_rocmfp4_fast_q8_1_f32 elements=10752,1,1 gpu_ns=44320
VKPHASE pipeline=quantize_q8_1_x4 elements=10752,1,1 gpu_ns=2040
VKPHASE pipeline=mul_mat_vec_rocmfp4_fast_q8_1_f32 elements=2048,1,1 gpu_ns=51800
VKPHASE pipeline=quantize_q8_1_x4 elements=2048,1,1 gpu_ns=1880
VKPHASE pipeline=mul_mat_vec_rocmfp4_fast_q8_1_f32 elements=2048,1,1 gpu_ns=16560
VKPHASE pipeline=mul_mat_vec_rocmfp4_fast_q8_1_f32 elements=512,1,1 gpu_ns=360
VKPHASE pipeline=mul_mat_vec_rocmfp4_fast_q8_1_f32 elements=512,1,1 gpu_ns=360
VKPHASE pipeline=quantize_q8_1_x4 elements=2048,1,1 gpu_ns=1800
VKPHASE pipeline=mul_mat_vec_rocmfp4_fast_q8_1_f32 elements=2048,1,1 gpu_ns=12560
VKPHASE pipeline=quantize_q8_1_x4 elements=2048,1,1 gpu_ns=1800
VKPHASE pipeline=mul_mat_vec_rocmfp4_fast_q8_1_f32 elements=10752,1,1 gpu_ns=53240
VKPHASE pipeline=mul_mat_vec_rocmfp4_fast_q8_1_f32 elements=10752,1,1 gpu_ns=43840
VKPHASE pipeline=quantize_q8_1_x4 elements=10752,1,1 gpu_ns=1840
VKPHASE pipeline=mul_mat_vec_rocmfp4_fast_q8_1_f32 elements=2048,1,1 gpu_ns=50760
VKPHASE pipeline=quantize_q8_1_x4 elements=2048,1,1 gpu_ns=2000
VKPHASE pipeline=mul_mat_vec_rocmfp4_fast_q8_1_f32 elements=6144,1,1 gpu_ns=30560
VKPHASE pipeline=quantize_q8_1_x4 elements=2048,1,1 gpu_ns=1800
VKPHASE pipeline=mul_mat_vec_rocmfp4_fast_q8_1_f32 elements=2048,1,1 gpu_ns=12440
VKPHASE pipeline=quantize_q8_1_x4 elements=2048,1,1 gpu_ns=1800
VKPHASE pipeline=mul_mat_vec_rocmfp4_fast_q8_1_f32 elements=10752,1,1 gpu_ns=52560
VKPHASE pipeline=mul_mat_vec_rocmfp4_fast_q8_1_f32 elements=10752,1,1 gpu_ns=44240
VKPHASE pipeline=quantize_q8_1_x4 elements=10752,1,1 gpu_ns=1800
VKPHASE pipeline=mul_mat_vec_rocmfp4_fast_q8_1_f32 elements=2048,1,1 gpu_ns=51640
VKPHASE pipeline=quantize_q8_1_x4 elements=2048,1,1 gpu_ns=1800
VKPHASE pipeline=mul_mat_vec_rocmfp4_fast_q8_1_f32 elements=6144,1,1 gpu_ns=29880
VKPHASE pipeline=quantize_q8_1_x4 elements=2048,1,1 gpu_ns=1880
VKPHASE pipeline=mul_mat_vec_rocmfp4_fast_q8_1_f32 elements=2048,1,1 gpu_ns=12080
VKPHASE pipeline=quantize_q8_1_x4 elements=2048,1,1 gpu_ns=1880
VKPHASE pipeline=mul_mat_vec_rocmfp4_fast_q8_1_f32 elements=10752,1,1 gpu_ns=51600
VKPHASE pipeline=mul_mat_vec_rocmfp4_fast_q8_1_f32 elements=10752,1,1 gpu_ns=45760
VKPHASE pipeline=quantize_q8_1_x4 elements=10752,1,1 gpu_ns=1920
VKPHASE pipeline=mul_mat_vec_rocmfp4_fast_q8_1_f32 elements=2048,1,1 gpu_ns=52160
VKPHASE pipeline=quantize_q8_1_x4 elements=2048,1,1 gpu_ns=1920
VKPHASE pipeline=mul_mat_vec_rocmfp4_fast_q8_1_f32 elements=6144,1,1 gpu_ns=30440
VKPHASE pipeline=quantize_q8_1_x4 elements=2048,1,1 gpu_ns=1920
VKPHASE pipeline=mul_mat_vec_rocmfp4_fast_q8_1_f32 elements=2048,1,1 gpu_ns=11880
VKPHASE pipeline=quantize_q8_1_x4 elements=2048,1,1 gpu_ns=1920
VKPHASE pipeline=mul_mat_vec_rocmfp4_fast_q8_1_f32 elements=10752,1,1 gpu_ns=52280
VKPHASE pipeline=mul_mat_vec_rocmfp4_fast_q8_1_f32 elements=10752,1,1 gpu_ns=44800
VKPHASE pipeline=quantize_q8_1_x4 elements=10752,1,1 gpu_ns=1920
VKPHASE pipeline=mul_mat_vec_rocmfp4_fast_q8_1_f32 elements=2048,1,1 gpu_ns=52560
VKPHASE pipeline=quantize_q8_1_x4 elements=2048,1,1 gpu_ns=1920
VKPHASE pipeline=mul_mat_vec_rocmfp4_fast_q8_1_f32 elements=2048,1,1 gpu_ns=16000
VKPHASE pipeline=mul_mat_vec_rocmfp4_fast_q8_1_f32 elements=512,1,1 gpu_ns=400
VKPHASE pipeline=mul_mat_vec_rocmfp4_fast_q8_1_f32 elements=512,1,1 gpu_ns=400
VKPHASE pipeline=quantize_q8_1_x4 elements=2048,1,1 gpu_ns=1920
VKPHASE pipeline=mul_mat_vec_rocmfp4_fast_q8_1_f32 elements=2048,1,1 gpu_ns=12320
VKPHASE pipeline=quantize_q8_1_x4 elements=2048,1,1 gpu_ns=1920
VKPHASE pipeline=mul_mat_vec_rocmfp4_fast_q8_1_f32 elements=10752,1,1 gpu_ns=51600
VKPHASE pipeline=mul_mat_vec_rocmfp4_fast_q8_1_f32 elements=10752,1,1 gpu_ns=45600
VKPHASE pipeline=quantize_q8_1_x4 elements=10752,1,1 gpu_ns=1920
VKPHASE pipeline=mul_mat_vec_rocmfp4_fast_q8_1_f32 elements=2048,1,1 gpu_ns=52080
VKPHASE pipeline=quantize_q8_1_x4 elements=2048,1,1 gpu_ns=1920
VKPHASE pipeline=mul_mat_vec_rocmfp4_fast_q8_1_f32 elements=6144,1,1 gpu_ns=30120
VKPHASE pipeline=quantize_q8_1_x4 elements=2048,1,1 gpu_ns=1880
VKPHASE pipeline=mul_mat_vec_rocmfp4_fast_q8_1_f32 elements=2048,1,1 gpu_ns=11640
VKPHASE pipeline=quantize_q8_1_x4 elements=2048,1,1 gpu_ns=1880
VKPHASE pipeline=mul_mat_vec_rocmfp4_fast_q8_1_f32 elements=10752,1,1 gpu_ns=53080
VKPHASE pipeline=mul_mat_vec_rocmfp4_fast_q8_1_f32 elements=10752,1,1 gpu_ns=44360
VKPHASE pipeline=quantize_q8_1_x4 elements=10752,1,1 gpu_ns=1920
VKPHASE pipeline=mul_mat_vec_rocmfp4_fast_q8_1_f32 elements=2048,1,1 gpu_ns=53520
VKPHASE pipeline=quantize_q8_1_x4 elements=2048,1,1 gpu_ns=1880
VKPHASE pipeline=mul_mat_vec_rocmfp4_fast_q8_1_f32 elements=6144,1,1 gpu_ns=30440
VKPHASE pipeline=quantize_q8_1_x4 elements=2048,1,1 gpu_ns=1920
VKPHASE pipeline=mul_mat_vec_rocmfp4_fast_q8_1_f32 elements=2048,1,1 gpu_ns=11960
VKPHASE pipeline=quantize_q8_1_x4 elements=2048,1,1 gpu_ns=1920
VKPHASE pipeline=mul_mat_vec_rocmfp4_fast_q8_1_f32 elements=10752,1,1 gpu_ns=52640
VKPHASE pipeline=mul_mat_vec_rocmfp4_fast_q8_1_f32 elements=10752,1,1 gpu_ns=45360
VKPHASE pipeline=quantize_q8_1_x4 elements=10752,1,1 gpu_ns=1920
VKPHASE pipeline=mul_mat_vec_rocmfp4_fast_q8_1_f32 elements=2048,1,1 gpu_ns=52520
VKPHASE pipeline=quantize_q8_1_x4 elements=2048,1,1 gpu_ns=1880
VKPHASE pipeline=mul_mat_vec_rocmfp4_fast_q8_1_f32 elements=6144,1,1 gpu_ns=30480
VKPHASE pipeline=quantize_q8_1_x4 elements=2048,1,1 gpu_ns=1880
VKPHASE pipeline=mul_mat_vec_rocmfp4_fast_q8_1_f32 elements=2048,1,1 gpu_ns=11920
VKPHASE pipeline=quantize_q8_1_x4 elements=2048,1,1 gpu_ns=1920
VKPHASE pipeline=mul_mat_vec_rocmfp4_fast_q8_1_f32 elements=10752,1,1 gpu_ns=55960
VKPHASE pipeline=mul_mat_vec_rocmfp4_fast_q8_1_f32 elements=10752,1,1 gpu_ns=68960
VKPHASE pipeline=quantize_q8_1_x4 elements=10752,1,1 gpu_ns=1880
VKPHASE pipeline=mul_mat_vec_rocmfp4_fast_q8_1_f32 elements=2048,1,1 gpu_ns=52560
VKPHASE pipeline=quantize_q8_1_x4 elements=2048,1,1 gpu_ns=1960
VKPHASE pipeline=mul_mat_vec_rocmfp4_fast_q8_1_f32 elements=2048,1,1 gpu_ns=16120
VKPHASE pipeline=mul_mat_vec_rocmfp4_fast_q8_1_f32 elements=512,1,1 gpu_ns=400
VKPHASE pipeline=mul_mat_vec_rocmfp4_fast_q8_1_f32 elements=512,1,1 gpu_ns=400
VKPHASE pipeline=quantize_q8_1_x4 elements=2048,1,1 gpu_ns=1920
VKPHASE pipeline=mul_mat_vec_rocmfp4_fast_q8_1_f32 elements=2048,1,1 gpu_ns=12480
VKPHASE pipeline=quantize_q8_1_x4 elements=2048,1,1 gpu_ns=1920
VKPHASE pipeline=mul_mat_vec_rocmfp4_fast_q8_1_f32 elements=10752,1,1 gpu_ns=52480
VKPHASE pipeline=mul_mat_vec_rocmfp4_fast_q8_1_f32 elements=10752,1,1 gpu_ns=45520
VKPHASE pipeline=quantize_q8_1_x4 elements=10752,1,1 gpu_ns=1920
VKPHASE pipeline=mul_mat_vec_rocmfp4_fast_q8_1_f32 elements=2048,1,1 gpu_ns=57840
VKPHASE pipeline=quantize_q8_1_x4 elements=2048,1,1 gpu_ns=1920
VKPHASE pipeline=mul_mat_vec_rocmfp4_fast_q8_1_f32 elements=6144,1,1 gpu_ns=30280
VKPHASE pipeline=quantize_q8_1_x4 elements=2048,1,1 gpu_ns=1960
VKPHASE pipeline=mul_mat_vec_rocmfp4_fast_q8_1_f32 elements=2048,1,1 gpu_ns=12120
VKPHASE pipeline=quantize_q8_1_x4 elements=2048,1,1 gpu_ns=1880
VKPHASE pipeline=mul_mat_vec_rocmfp4_fast_q8_1_f32 elements=10752,1,1 gpu_ns=52640
VKPHASE pipeline=mul_mat_vec_rocmfp4_fast_q8_1_f32 elements=10752,1,1 gpu_ns=45560
VKPHASE pipeline=quantize_q8_1_x4 elements=10752,1,1 gpu_ns=1920
VKPHASE pipeline=mul_mat_vec_rocmfp4_fast_q8_1_f32 elements=2048,1,1 gpu_ns=57120
VKPHASE pipeline=quantize_q8_1_x4 elements=2048,1,1 gpu_ns=1960
VKPHASE pipeline=mul_mat_vec_rocmfp4_fast_q8_1_f32 elements=6144,1,1 gpu_ns=44160
VKPHASE pipeline=quantize_q8_1_x4 elements=2048,1,1 gpu_ns=1920
VKPHASE pipeline=mul_mat_vec_rocmfp4_fast_q8_1_f32 elements=2048,1,1 gpu_ns=12480
VKPHASE pipeline=quantize_q8_1_x4 elements=2048,1,1 gpu_ns=1920
VKPHASE pipeline=mul_mat_vec_rocmfp4_fast_q8_1_f32 elements=10752,1,1 gpu_ns=52680
VKPHASE pipeline=mul_mat_vec_rocmfp4_fast_q8_1_f32 elements=10752,1,1 gpu_ns=45880
VKPHASE pipeline=quantize_q8_1_x4 elements=10752,1,1 gpu_ns=1880
VKPHASE pipeline=mul_mat_vec_rocmfp4_fast_q8_1_f32 elements=2048,1,1 gpu_ns=52720
VKPHASE pipeline=quantize_q8_1_x4 elements=2048,1,1 gpu_ns=1920
VKPHASE pipeline=mul_mat_vec_rocmfp4_fast_q8_1_f32 elements=6144,1,1 gpu_ns=30560
VKPHASE pipeline=quantize_q8_1_x4 elements=2048,1,1 gpu_ns=1920
VKPHASE pipeline=mul_mat_vec_rocmfp4_fast_q8_1_f32 elements=2048,1,1 gpu_ns=12160
VKPHASE pipeline=quantize_q8_1_x4 elements=2048,1,1 gpu_ns=1920
VKPHASE pipeline=mul_mat_vec_rocmfp4_fast_q8_1_f32 elements=10752,1,1 gpu_ns=52200
VKPHASE pipeline=mul_mat_vec_rocmfp4_fast_q8_1_f32 elements=10752,1,1 gpu_ns=45160
VKPHASE pipeline=quantize_q8_1_x4 elements=10752,1,1 gpu_ns=1920
VKPHASE pipeline=mul_mat_vec_rocmfp4_fast_q8_1_f32 elements=2048,1,1 gpu_ns=52440
VKPHASE pipeline=quantize_q8_1_x4 elements=2048,1,1 gpu_ns=1880
VKPHASE pipeline=mul_mat_vec_rocmfp4_fast_q8_1_f32 elements=2048,1,1 gpu_ns=17200
VKPHASE pipeline=mul_mat_vec_rocmfp4_fast_q8_1_f32 elements=512,1,1 gpu_ns=400
VKPHASE pipeline=mul_mat_vec_rocmfp4_fast_q8_1_f32 elements=512,1,1 gpu_ns=440
VKPHASE pipeline=quantize_q8_1_x4 elements=2048,1,1 gpu_ns=2200
VKPHASE pipeline=mul_mat_vec_rocmfp4_fast_q8_1_f32 elements=2048,1,1 gpu_ns=12200
VKPHASE pipeline=quantize_q8_1_x4 elements=2048,1,1 gpu_ns=1920
VKPHASE pipeline=mul_mat_vec_rocmfp4_fast_q8_1_f32 elements=10752,1,1 gpu_ns=53960
VKPHASE pipeline=mul_mat_vec_rocmfp4_fast_q8_1_f32 elements=10752,1,1 gpu_ns=43400
VKPHASE pipeline=quantize_q8_1_x4 elements=10752,1,1 gpu_ns=1920
VKPHASE pipeline=mul_mat_vec_rocmfp4_fast_q8_1_f32 elements=2048,1,1 gpu_ns=51480
VKPHASE pipeline=quantize_q8_1_x4 elements=2048,1,1 gpu_ns=1760
VKPHASE pipeline=mul_mat_vec_rocmfp4_fast_q8_1_f32 elements=6144,1,1 gpu_ns=29920
VKPHASE pipeline=quantize_q8_1_x4 elements=2048,1,1 gpu_ns=1840
VKPHASE pipeline=mul_mat_vec_rocmfp4_fast_q8_1_f32 elements=2048,1,1 gpu_ns=11800
VKPHASE pipeline=quantize_q8_1_x4 elements=2048,1,1 gpu_ns=1840
VKPHASE pipeline=mul_mat_vec_rocmfp4_fast_q8_1_f32 elements=10752,1,1 gpu_ns=51440
VKPHASE pipeline=mul_mat_vec_rocmfp4_fast_q8_1_f32 elements=10752,1,1 gpu_ns=45600
VKPHASE pipeline=quantize_q8_1_x4 elements=10752,1,1 gpu_ns=1800
VKPHASE pipeline=mul_mat_vec_rocmfp4_fast_q8_1_f32 elements=2048,1,1 gpu_ns=52960
VKPHASE pipeline=quantize_q8_1_x4 elements=2048,1,1 gpu_ns=1840
VKPHASE pipeline=mul_mat_vec_rocmfp4_fast_q8_1_f32 elements=6144,1,1 gpu_ns=30120
VKPHASE pipeline=quantize_q8_1_x4 elements=2048,1,1 gpu_ns=1840
VKPHASE pipeline=mul_mat_vec_rocmfp4_fast_q8_1_f32 elements=2048,1,1 gpu_ns=11680
VKPHASE pipeline=quantize_q8_1_x4 elements=2048,1,1 gpu_ns=1840
VKPHASE pipeline=mul_mat_vec_rocmfp4_fast_q8_1_f32 elements=10752,1,1 gpu_ns=53360
VKPHASE pipeline=mul_mat_vec_rocmfp4_fast_q8_1_f32 elements=10752,1,1 gpu_ns=43720
VKPHASE pipeline=quantize_q8_1_x4 elements=10752,1,1 gpu_ns=1840
VKPHASE pipeline=mul_mat_vec_rocmfp4_fast_q8_1_f32 elements=2048,1,1 gpu_ns=52520
VKPHASE pipeline=quantize_q8_1_x4 elements=2048,1,1 gpu_ns=1840
VKPHASE pipeline=mul_mat_vec_rocmfp4_fast_q8_1_f32 elements=6144,1,1 gpu_ns=29720
VKPHASE pipeline=quantize_q8_1_x4 elements=2048,1,1 gpu_ns=1840
VKPHASE pipeline=mul_mat_vec_rocmfp4_fast_q8_1_f32 elements=2048,1,1 gpu_ns=11840
VKPHASE pipeline=quantize_q8_1_x4 elements=2048,1,1 gpu_ns=1840
VKPHASE pipeline=mul_mat_vec_rocmfp4_fast_q8_1_f32 elements=10752,1,1 gpu_ns=53680
VKPHASE pipeline=mul_mat_vec_rocmfp4_fast_q8_1_f32 elements=10752,1,1 gpu_ns=43400
VKPHASE pipeline=quantize_q8_1_x4 elements=10752,1,1 gpu_ns=1840
VKPHASE pipeline=mul_mat_vec_rocmfp4_fast_q8_1_f32 elements=2048,1,1 gpu_ns=51840
VKPHASE pipeline=quantize_q8_1_x4 elements=2048,1,1 gpu_ns=1840
VKPHASE pipeline=mul_mat_vec_rocmfp4_fast_q8_1_f32 elements=2048,1,1 gpu_ns=16800
VKPHASE pipeline=mul_mat_vec_rocmfp4_fast_q8_1_f32 elements=512,1,1 gpu_ns=400
VKPHASE pipeline=mul_mat_vec_rocmfp4_fast_q8_1_f32 elements=512,1,1 gpu_ns=400
VKPHASE pipeline=quantize_q8_1_x4 elements=2048,1,1 gpu_ns=1880
VKPHASE pipeline=mul_mat_vec_rocmfp4_fast_q8_1_f32 elements=2048,1,1 gpu_ns=12280
VKPHASE pipeline=quantize_q8_1_x4 elements=2048,1,1 gpu_ns=1880
VKPHASE pipeline=mul_mat_vec_rocmfp4_fast_q8_1_f32 elements=10752,1,1 gpu_ns=53600
VKPHASE pipeline=mul_mat_vec_rocmfp4_fast_q8_1_f32 elements=10752,1,1 gpu_ns=43720
VKPHASE pipeline=quantize_q8_1_x4 elements=10752,1,1 gpu_ns=1720
VKPHASE pipeline=mul_mat_vec_rocmfp4_fast_q8_1_f32 elements=2048,1,1 gpu_ns=51560
VKPHASE pipeline=quantize_q8_1_x4 elements=2048,1,1 gpu_ns=1720
VKPHASE pipeline=mul_mat_vec_rocmfp4_fast_q8_1_f32 elements=6144,1,1 gpu_ns=29520
VKPHASE pipeline=quantize_q8_1_x4 elements=2048,1,1 gpu_ns=1720
VKPHASE pipeline=mul_mat_vec_rocmfp4_fast_q8_1_f32 elements=2048,1,1 gpu_ns=11800
VKPHASE pipeline=quantize_q8_1_x4 elements=2048,1,1 gpu_ns=1720
VKPHASE pipeline=mul_mat_vec_rocmfp4_fast_q8_1_f32 elements=10752,1,1 gpu_ns=52800
VKPHASE pipeline=mul_mat_vec_rocmfp4_fast_q8_1_f32 elements=10752,1,1 gpu_ns=43440
VKPHASE pipeline=quantize_q8_1_x4 elements=10752,1,1 gpu_ns=1720
VKPHASE pipeline=mul_mat_vec_rocmfp4_fast_q8_1_f32 elements=2048,1,1 gpu_ns=48760
VKPHASE pipeline=quantize_q8_1_x4 elements=2048,1,1 gpu_ns=1720
VKPHASE pipeline=mul_mat_vec_rocmfp4_fast_q8_1_f32 elements=6144,1,1 gpu_ns=30160
VKPHASE pipeline=quantize_q8_1_x4 elements=2048,1,1 gpu_ns=1720
VKPHASE pipeline=mul_mat_vec_rocmfp4_fast_q8_1_f32 elements=2048,1,1 gpu_ns=10560
VKPHASE pipeline=quantize_q8_1_x4 elements=2048,1,1 gpu_ns=1720
VKPHASE pipeline=mul_mat_vec_rocmfp4_fast_q8_1_f32 elements=10752,1,1 gpu_ns=53320
VKPHASE pipeline=mul_mat_vec_rocmfp4_fast_q8_1_f32 elements=10752,1,1 gpu_ns=43760
VKPHASE pipeline=quantize_q8_1_x4 elements=10752,1,1 gpu_ns=1760
VKPHASE pipeline=mul_mat_vec_rocmfp4_fast_q8_1_f32 elements=2048,1,1 gpu_ns=52080
VKPHASE pipeline=quantize_q8_1_x4 elements=2048,1,1 gpu_ns=1720
VKPHASE pipeline=mul_mat_vec_rocmfp4_fast_q8_1_f32 elements=2048,1,1 gpu_ns=15160
VKPHASE pipeline=mul_mat_vec_rocmfp4_fast_q8_1_f32 elements=512,1,1 gpu_ns=360
VKPHASE pipeline=mul_mat_vec_rocmfp4_fast_q8_1_f32 elements=512,1,1 gpu_ns=360
VKPHASE pipeline=quantize_q8_1_x4 elements=2048,1,1 gpu_ns=1720
VKPHASE pipeline=mul_mat_vec_rocmfp4_fast_q8_1_f32 elements=2048,1,1 gpu_ns=10160
VKPHASE pipeline=quantize_q8_1_x4 elements=2048,1,1 gpu_ns=1720
VKPHASE pipeline=mul_mat_vec_rocmfp4_fast_q8_1_f32 elements=10752,1,1 gpu_ns=53840
VKPHASE pipeline=mul_mat_vec_rocmfp4_fast_q8_1_f32 elements=10752,1,1 gpu_ns=48240
VKPHASE pipeline=quantize_q8_1_x4 elements=10752,1,1 gpu_ns=1800
VKPHASE pipeline=mul_mat_vec_rocmfp4_fast_q8_1_f32 elements=2048,1,1 gpu_ns=70480
VKPHASE pipeline=quantize_q8_1_x4 elements=2048,1,1 gpu_ns=1560
VKPHASE pipeline=mul_mat_vec_rocmfp4_fast_q8_1_f32 elements=6144,1,1 gpu_ns=29760
VKPHASE pipeline=quantize_q8_1_x4 elements=2048,1,1 gpu_ns=1600
VKPHASE pipeline=mul_mat_vec_rocmfp4_fast_q8_1_f32 elements=2048,1,1 gpu_ns=12120
VKPHASE pipeline=quantize_q8_1_x4 elements=2048,1,1 gpu_ns=1560
VKPHASE pipeline=mul_mat_vec_rocmfp4_fast_q8_1_f32 elements=10752,1,1 gpu_ns=53120
VKPHASE pipeline=mul_mat_vec_rocmfp4_fast_q8_1_f32 elements=10752,1,1 gpu_ns=44680
VKPHASE pipeline=quantize_q8_1_x4 elements=10752,1,1 gpu_ns=1600
VKPHASE pipeline=mul_mat_vec_rocmfp4_fast_q8_1_f32 elements=2048,1,1 gpu_ns=49600
VKPHASE pipeline=quantize_q8_1_x4 elements=2048,1,1 gpu_ns=1640
VKPHASE pipeline=mul_mat_vec_rocmfp4_fast_q8_1_f32 elements=6144,1,1 gpu_ns=29560
VKPHASE pipeline=quantize_q8_1_x4 elements=2048,1,1 gpu_ns=1640
VKPHASE pipeline=mul_mat_vec_rocmfp4_fast_q8_1_f32 elements=2048,1,1 gpu_ns=9080
VKPHASE pipeline=quantize_q8_1_x4 elements=2048,1,1 gpu_ns=1640
VKPHASE pipeline=mul_mat_vec_rocmfp4_fast_q8_1_f32 elements=10752,1,1 gpu_ns=53760
VKPHASE pipeline=mul_mat_vec_rocmfp4_fast_q8_1_f32 elements=10752,1,1 gpu_ns=44200
VKPHASE pipeline=quantize_q8_1_x4 elements=10752,1,1 gpu_ns=1640
VKPHASE pipeline=mul_mat_vec_rocmfp4_fast_q8_1_f32 elements=2048,1,1 gpu_ns=49040
VKPHASE pipeline=quantize_q8_1_x4 elements=2048,1,1 gpu_ns=1640
VKPHASE pipeline=mul_mat_vec_rocmfp4_fast_q8_1_f32 elements=2048,1,1 gpu_ns=14880
VKPHASE pipeline=mul_mat_vec_rocmfp4_fast_q8_1_f32 elements=512,1,1 gpu_ns=320
VKPHASE pipeline=mul_mat_vec_rocmfp4_fast_q8_1_f32 elements=512,1,1 gpu_ns=360
VKPHASE pipeline=quantize_q8_1_x4 elements=2048,1,1 gpu_ns=1640
VKPHASE pipeline=mul_mat_vec_rocmfp4_fast_q8_1_f32 elements=2048,1,1 gpu_ns=9720
VKPHASE pipeline=quantize_q8_1_x4 elements=2048,1,1 gpu_ns=1640
VKPHASE pipeline=mul_mat_vec_rocmfp4_fast_q8_1_f32 elements=10752,1,1 gpu_ns=52840
VKPHASE pipeline=mul_mat_vec_rocmfp4_fast_q8_1_f32 elements=10752,1,1 gpu_ns=43920
VKPHASE pipeline=quantize_q8_1_x4 elements=10752,1,1 gpu_ns=1640
VKPHASE pipeline=mul_mat_vec_rocmfp4_fast_q8_1_f32 elements=2048,1,1 gpu_ns=67360
VKPHASE pipeline=quantize_q8_1_x4 elements=2048,1,1 gpu_ns=1640
VKPHASE pipeline=mul_mat_vec_rocmfp4_fast_q8_1_f32 elements=6144,1,1 gpu_ns=39040
VKPHASE pipeline=quantize_q8_1_x4 elements=2048,1,1 gpu_ns=1680
VKPHASE pipeline=mul_mat_vec_rocmfp4_fast_q8_1_f32 elements=2048,1,1 gpu_ns=9520
VKPHASE pipeline=quantize_q8_1_x4 elements=2048,1,1 gpu_ns=1600
VKPHASE pipeline=mul_mat_vec_rocmfp4_fast_q8_1_f32 elements=10752,1,1 gpu_ns=52360
VKPHASE pipeline=mul_mat_vec_rocmfp4_fast_q8_1_f32 elements=10752,1,1 gpu_ns=54560
VKPHASE pipeline=quantize_q8_1_x4 elements=10752,1,1 gpu_ns=1600
VKPHASE pipeline=mul_mat_vec_rocmfp4_fast_q8_1_f32 elements=2048,1,1 gpu_ns=49440
VKPHASE pipeline=quantize_q8_1_x4 elements=2048,1,1 gpu_ns=1600
VKPHASE pipeline=mul_mat_vec_rocmfp4_fast_q8_1_f32 elements=6144,1,1 gpu_ns=30280
VKPHASE pipeline=quantize_q8_1_x4 elements=2048,1,1 gpu_ns=1600
VKPHASE pipeline=mul_mat_vec_rocmfp4_fast_q8_1_f32 elements=2048,1,1 gpu_ns=9400
VKPHASE pipeline=quantize_q8_1_x4 elements=2048,1,1 gpu_ns=1600
VKPHASE pipeline=mul_mat_vec_rocmfp4_fast_q8_1_f32 elements=10752,1,1 gpu_ns=53400
VKPHASE pipeline=mul_mat_vec_rocmfp4_fast_q8_1_f32 elements=10752,1,1 gpu_ns=42720
VKPHASE pipeline=quantize_q8_1_x4 elements=10752,1,1 gpu_ns=1560
VKPHASE pipeline=mul_mat_vec_rocmfp4_fast_q8_1_f32 elements=2048,1,1 gpu_ns=49320
VKPHASE pipeline=quantize_q8_1_x4 elements=2048,1,1 gpu_ns=1600
VKPHASE pipeline=mul_mat_vec_rocmfp4_fast_q8_1_f32 elements=128000,1,1 gpu_ns=584520
0.15.271.836 I slot print_timing: id  0 | task 6 | prompt eval time =      32.10 ms /     4 tokens (    8.03 ms per token,   124.60 tokens per second)
0.15.271.843 I slot print_timing: id  0 | task 6 |        eval time =     197.69 ms /     8 tokens (   28.24 ms per token,    35.41 tokens per second)
0.15.271.844 I slot print_timing: id  0 | task 6 |       total time =     229.80 ms /    12 tokens
0.15.271.845 I slot print_timing: id  0 | task 6 |    graphs reused =         38
0.15.272.355 I slot      release: id  0 | task 6 | stop processing: n_tokens = 8199, truncated = 0
0.20.893.116 I srv    operator(): operator(): cleaning up before exit...
